ref_area,sex,classif1,classif2,time,emp_pifl_sex_age_mts_nb
bol,sex_f,age_10yrbands_total,mts_aggregate_1,1999,422.667
bol,sex_f,age_10yrbands_total,mts_aggregate_1,2000,838.303
bol,sex_f,age_10yrbands_total,mts_aggregate_1,2001,490.112
bol,sex_f,age_10yrbands_total,mts_aggregate_1,2002,466.031
bol,sex_f,age_10yrbands_total,mts_aggregate_1,2004,629.07
bol,sex_f,age_10yrbands_total,mts_aggregate_1,2005,520.397
bol,sex_f,age_10yrbands_total,mts_aggregate_1,2006,511.87
bol,sex_f,age_10yrbands_total,mts_aggregate_1,2007,614.685
bol,sex_f,age_10yrbands_total,mts_aggregate_1,2008,581.958
bol,sex_f,age_10yrbands_total,mts_aggregate_1,2009,565.159
bol,sex_f,age_10yrbands_total,mts_aggregate_1,2011,589.681
bol,sex_f,age_10yrbands_total,mts_aggregate_1,2012,578.271
bol,sex_f,age_10yrbands_total,mts_aggregate_1,2013,712.144
bol,sex_f,age_10yrbands_total,mts_aggregate_1,2014,712.146
bol,sex_f,age_10yrbands_total,mts_aggregate_1,2015,614.532
bol,sex_f,age_10yrbands_total,mts_aggregate_1,2016,540.725
bol,sex_f,age_10yrbands_total,mts_aggregate_1,2017,603.106
bol,sex_f,age_10yrbands_total,mts_aggregate_1,2018,663.388
bol,sex_f,age_10yrbands_total,mts_aggregate_1,2019,692.01
bol,sex_f,age_10yrbands_total,mts_aggregate_1,2022,981.975
bol,sex_f,age_10yrbands_total,mts_aggregate_1,2023,994.781
bol,sex_f,age_10yrbands_total,mts_aggregate_1,2024,1065.678
bol,sex_f,age_10yrbands_total,mts_aggregate_2,1999,738.505
bol,sex_f,age_10yrbands_total,mts_aggregate_2,2000,199.076
bol,sex_f,age_10yrbands_total,mts_aggregate_2,2001,681.918
bol,sex_f,age_10yrbands_total,mts_aggregate_2,2002,682.563
bol,sex_f,age_10yrbands_total,mts_aggregate_2,2004,930.386
bol,sex_f,age_10yrbands_total,mts_aggregate_2,2005,845.124
bol,sex_f,age_10yrbands_total,mts_aggregate_2,2006,894.985
bol,sex_f,age_10yrbands_total,mts_aggregate_2,2007,889.712
bol,sex_f,age_10yrbands_total,mts_aggregate_2,2008,966.29
bol,sex_f,age_10yrbands_total,mts_aggregate_2,2009,984.326
bol,sex_f,age_10yrbands_total,mts_aggregate_2,2011,997.456
bol,sex_f,age_10yrbands_total,mts_aggregate_2,2012,921.534
bol,sex_f,age_10yrbands_total,mts_aggregate_2,2013,997.701
bol,sex_f,age_10yrbands_total,mts_aggregate_2,2014,1097.281
bol,sex_f,age_10yrbands_total,mts_aggregate_2,2015,921.329
bol,sex_f,age_10yrbands_total,mts_aggregate_2,2016,845.379
bol,sex_f,age_10yrbands_total,mts_aggregate_2,2017,930.004
bol,sex_f,age_10yrbands_total,mts_aggregate_2,2018,1093.894
bol,sex_f,age_10yrbands_total,mts_aggregate_2,2019,1151.119
bol,sex_f,age_10yrbands_total,mts_aggregate_2,2022,1389.521
bol,sex_f,age_10yrbands_total,mts_aggregate_2,2023,1440.665
bol,sex_f,age_10yrbands_total,mts_aggregate_2,2024,1477.421
bol,sex_f,age_10yrbands_total,mts_aggregate_total,1999,1161.172
bol,sex_f,age_10yrbands_total,mts_aggregate_total,2000,1037.379
bol,sex_f,age_10yrbands_total,mts_aggregate_total,2001,1172.03
bol,sex_f,age_10yrbands_total,mts_aggregate_total,2002,1148.594
bol,sex_f,age_10yrbands_total,mts_aggregate_total,2004,1559.456
bol,sex_f,age_10yrbands_total,mts_aggregate_total,2005,1365.521
bol,sex_f,age_10yrbands_total,mts_aggregate_total,2006,1406.855
bol,sex_f,age_10yrbands_total,mts_aggregate_total,2007,1504.397
bol,sex_f,age_10yrbands_total,mts_aggregate_total,2008,1548.248
bol,sex_f,age_10yrbands_total,mts_aggregate_total,2009,1549.971
bol,sex_f,age_10yrbands_total,mts_aggregate_total,2011,1587.137
bol,sex_f,age_10yrbands_total,mts_aggregate_total,2012,1499.805
bol,sex_f,age_10yrbands_total,mts_aggregate_total,2013,1709.845
bol,sex_f,age_10yrbands_total,mts_aggregate_total,2014,1810.083
bol,sex_f,age_10yrbands_total,mts_aggregate_total,2015,1535.861
bol,sex_f,age_10yrbands_total,mts_aggregate_total,2016,1386.104
bol,sex_f,age_10yrbands_total,mts_aggregate_total,2017,1533.109
bol,sex_f,age_10yrbands_total,mts_aggregate_total,2018,1757.282
bol,sex_f,age_10yrbands_total,mts_aggregate_total,2019,1843.129
bol,sex_f,age_10yrbands_total,mts_aggregate_total,2022,2371.496
bol,sex_f,age_10yrbands_total,mts_aggregate_total,2023,2435.445
bol,sex_f,age_10yrbands_total,mts_aggregate_total,2024,2543.099
bol,sex_f,age_10yrbands_total,mts_details_mrd,1999,599.239
bol,sex_f,age_10yrbands_total,mts_details_mrd,2000,122.629
bol,sex_f,age_10yrbands_total,mts_details_mrd,2001,512.004
bol,sex_f,age_10yrbands_total,mts_details_mrd,2002,534.881
bol,sex_f,age_10yrbands_total,mts_details_mrd,2004,676.656
bol,sex_f,age_10yrbands_total,mts_details_mrd,2005,659.119
bol,sex_f,age_10yrbands_total,mts_details_mrd,2006,693.444
bol,sex_f,age_10yrbands_total,mts_details_mrd,2007,676.274
bol,sex_f,age_10yrbands_total,mts_details_mrd,2008,742.795
bol,sex_f,age_10yrbands_total,mts_details_mrd,2009,690.159
bol,sex_f,age_10yrbands_total,mts_details_mrd,2011,701.784
bol,sex_f,age_10yrbands_total,mts_details_mrd,2012,642.481
bol,sex_f,age_10yrbands_total,mts_details_mrd,2013,742.348
bol,sex_f,age_10yrbands_total,mts_details_mrd,2014,769.164
bol,sex_f,age_10yrbands_total,mts_details_mrd,2015,644.028
bol,sex_f,age_10yrbands_total,mts_details_mrd,2016,579.741
bol,sex_f,age_10yrbands_total,mts_details_mrd,2017,648.549
bol,sex_f,age_10yrbands_total,mts_details_mrd,2018,741.94
bol,sex_f,age_10yrbands_total,mts_details_mrd,2019,753.374
bol,sex_f,age_10yrbands_total,mts_details_mrd,2022,832.301
bol,sex_f,age_10yrbands_total,mts_details_mrd,2023,886.515
bol,sex_f,age_10yrbands_total,mts_details_mrd,2024,877.357
bol,sex_f,age_10yrbands_total,mts_details_sep,1999,62.107
bol,sex_f,age_10yrbands_total,mts_details_sep,2000,49.877
bol,sex_f,age_10yrbands_total,mts_details_sep,2001,50.425
bol,sex_f,age_10yrbands_total,mts_details_sep,2002,48.667
bol,sex_f,age_10yrbands_total,mts_details_sep,2004,102.848
bol,sex_f,age_10yrbands_total,mts_details_sep,2005,67.436
bol,sex_f,age_10yrbands_total,mts_details_sep,2006,74.801
bol,sex_f,age_10yrbands_total,mts_details_sep,2007,95.827
bol,sex_f,age_10yrbands_total,mts_details_sep,2008,100.37
bol,sex_f,age_10yrbands_total,mts_details_sep,2009,99.299
bol,sex_f,age_10yrbands_total,mts_details_sep,2011,83.32
bol,sex_f,age_10yrbands_total,mts_details_sep,2012,101.162
bol,sex_f,age_10yrbands_total,mts_details_sep,2013,117.798
bol,sex_f,age_10yrbands_total,mts_details_sep,2014,123.439
bol,sex_f,age_10yrbands_total,mts_details_sep,2015,111.669
bol,sex_f,age_10yrbands_total,mts_details_sep,2016,108.927
bol,sex_f,age_10yrbands_total,mts_details_sep,2017,124.562
bol,sex_f,age_10yrbands_total,mts_details_sep,2018,122.962
bol,sex_f,age_10yrbands_total,mts_details_sep,2019,124.971
bol,sex_f,age_10yrbands_total,mts_details_sep,2022,149.764
bol,sex_f,age_10yrbands_total,mts_details_sep,2023,152.428
bol,sex_f,age_10yrbands_total,mts_details_sep,2024,148.659
bol,sex_f,age_10yrbands_total,mts_details_sgle,1999,237.265
bol,sex_f,age_10yrbands_total,mts_details_sgle,2000,477.281
bol,sex_f,age_10yrbands_total,mts_details_sgle,2001,350.278
bol,sex_f,age_10yrbands_total,mts_details_sgle,2002,339.604
bol,sex_f,age_10yrbands_total,mts_details_sgle,2004,386.278
bol,sex_f,age_10yrbands_total,mts_details_sgle,2005,319.183
bol,sex_f,age_10yrbands_total,mts_details_sgle,2006,346.059
bol,sex_f,age_10yrbands_total,mts_details_sgle,2007,372.299
bol,sex_f,age_10yrbands_total,mts_details_sgle,2008,364.288
bol,sex_f,age_10yrbands_total,mts_details_sgle,2009,345.389
bol,sex_f,age_10yrbands_total,mts_details_sgle,2011,394.901
bol,sex_f,age_10yrbands_total,mts_details_sgle,2012,365.639
bol,sex_f,age_10yrbands_total,mts_details_sgle,2013,450.067
bol,sex_f,age_10yrbands_total,mts_details_sgle,2014,458.2
bol,sex_f,age_10yrbands_total,mts_details_sgle,2015,383.341
bol,sex_f,age_10yrbands_total,mts_details_sgle,2016,322.672
bol,sex_f,age_10yrbands_total,mts_details_sgle,2017,353.177
bol,sex_f,age_10yrbands_total,mts_details_sgle,2018,400.775
bol,sex_f,age_10yrbands_total,mts_details_sgle,2019,429.638
bol,sex_f,age_10yrbands_total,mts_details_sgle,2022,676.326
bol,sex_f,age_10yrbands_total,mts_details_sgle,2023,679.82
bol,sex_f,age_10yrbands_total,mts_details_sgle,2024,739.433
bol,sex_f,age_10yrbands_total,mts_details_total,1999,1161.172
bol,sex_f,age_10yrbands_total,mts_details_total,2000,1037.379
bol,sex_f,age_10yrbands_total,mts_details_total,2001,1172.03
bol,sex_f,age_10yrbands_total,mts_details_total,2002,1148.594
bol,sex_f,age_10yrbands_total,mts_details_total,2004,1559.456
bol,sex_f,age_10yrbands_total,mts_details_total,2005,1365.521
bol,sex_f,age_10yrbands_total,mts_details_total,2006,1406.855
bol,sex_f,age_10yrbands_total,mts_details_total,2007,1504.397
bol,sex_f,age_10yrbands_total,mts_details_total,2008,1548.248
bol,sex_f,age_10yrbands_total,mts_details_total,2009,1549.971
bol,sex_f,age_10yrbands_total,mts_details_total,2011,1587.137
bol,sex_f,age_10yrbands_total,mts_details_total,2012,1499.805
bol,sex_f,age_10yrbands_total,mts_details_total,2013,1709.845
bol,sex_f,age_10yrbands_total,mts_details_total,2014,1810.083
bol,sex_f,age_10yrbands_total,mts_details_total,2015,1535.861
bol,sex_f,age_10yrbands_total,mts_details_total,2016,1386.104
bol,sex_f,age_10yrbands_total,mts_details_total,2017,1533.109
bol,sex_f,age_10yrbands_total,mts_details_total,2018,1757.282
bol,sex_f,age_10yrbands_total,mts_details_total,2019,1843.129
bol,sex_f,age_10yrbands_total,mts_details_total,2022,2371.496
bol,sex_f,age_10yrbands_total,mts_details_total,2023,2435.445
bol,sex_f,age_10yrbands_total,mts_details_total,2024,2543.099
bol,sex_f,age_10yrbands_total,mts_details_union,1999,139.266
bol,sex_f,age_10yrbands_total,mts_details_union,2000,76.447
bol,sex_f,age_10yrbands_total,mts_details_union,2001,169.914
bol,sex_f,age_10yrbands_total,mts_details_union,2002,147.682
bol,sex_f,age_10yrbands_total,mts_details_union,2004,253.73
bol,sex_f,age_10yrbands_total,mts_details_union,2005,186.005
bol,sex_f,age_10yrbands_total,mts_details_union,2006,201.541
bol,sex_f,age_10yrbands_total,mts_details_union,2007,213.438
bol,sex_f,age_10yrbands_total,mts_details_union,2008,223.495
bol,sex_f,age_10yrbands_total,mts_details_union,2009,294.167
bol,sex_f,age_10yrbands_total,mts_details_union,2011,295.672
bol,sex_f,age_10yrbands_total,mts_details_union,2012,279.053
bol,sex_f,age_10yrbands_total,mts_details_union,2013,255.353
bol,sex_f,age_10yrbands_total,mts_details_union,2014,328.117
bol,sex_f,age_10yrbands_total,mts_details_union,2015,277.301
bol,sex_f,age_10yrbands_total,mts_details_union,2016,265.638
bol,sex_f,age_10yrbands_total,mts_details_union,2017,281.454
bol,sex_f,age_10yrbands_total,mts_details_union,2018,351.954
bol,sex_f,age_10yrbands_total,mts_details_union,2019,397.746
bol,sex_f,age_10yrbands_total,mts_details_union,2022,557.22
bol,sex_f,age_10yrbands_total,mts_details_union,2023,554.15
bol,sex_f,age_10yrbands_total,mts_details_union,2024,600.064
bol,sex_f,age_10yrbands_total,mts_details_wid,1999,123.295
bol,sex_f,age_10yrbands_total,mts_details_wid,2000,311.145
bol,sex_f,age_10yrbands_total,mts_details_wid,2001,89.409
bol,sex_f,age_10yrbands_total,mts_details_wid,2002,77.76
bol,sex_f,age_10yrbands_total,mts_details_wid,2004,139.944
bol,sex_f,age_10yrbands_total,mts_details_wid,2005,133.778
bol,sex_f,age_10yrbands_total,mts_details_wid,2006,91.01
bol,sex_f,age_10yrbands_total,mts_details_wid,2007,146.559
bol,sex_f,age_10yrbands_total,mts_details_wid,2008,117.3
bol,sex_f,age_10yrbands_total,mts_details_wid,2009,120.471
bol,sex_f,age_10yrbands_total,mts_details_wid,2011,111.46
bol,sex_f,age_10yrbands_total,mts_details_wid,2012,111.47
bol,sex_f,age_10yrbands_total,mts_details_wid,2013,144.279
bol,sex_f,age_10yrbands_total,mts_details_wid,2014,130.507
bol,sex_f,age_10yrbands_total,mts_details_wid,2015,119.522
bol,sex_f,age_10yrbands_total,mts_details_wid,2016,109.126
bol,sex_f,age_10yrbands_total,mts_details_wid,2017,125.366
bol,sex_f,age_10yrbands_total,mts_details_wid,2018,139.652
bol,sex_f,age_10yrbands_total,mts_details_wid,2019,137.401
bol,sex_f,age_10yrbands_total,mts_details_wid,2022,155.885
bol,sex_f,age_10yrbands_total,mts_details_wid,2023,162.533
bol,sex_f,age_10yrbands_total,mts_details_wid,2024,177.586
bol,sex_f,age_10yrbands_y15_24,mts_aggregate_1,1999,150.404
bol,sex_f,age_10yrbands_y15_24,mts_aggregate_1,2000,249.093
bol,sex_f,age_10yrbands_y15_24,mts_aggregate_1,2001,256.034
bol,sex_f,age_10yrbands_y15_24,mts_aggregate_1,2002,247.214
bol,sex_f,age_10yrbands_y15_24,mts_aggregate_1,2004,268.889
bol,sex_f,age_10yrbands_y15_24,mts_aggregate_1,2005,208.487
bol,sex_f,age_10yrbands_y15_24,mts_aggregate_1,2006,218.143
bol,sex_f,age_10yrbands_y15_24,mts_aggregate_1,2007,245.772
bol,sex_f,age_10yrbands_y15_24,mts_aggregate_1,2008,233.896
bol,sex_f,age_10yrbands_y15_24,mts_aggregate_1,2009,227.926
bol,sex_f,age_10yrbands_y15_24,mts_aggregate_1,2011,240.39
bol,sex_f,age_10yrbands_y15_24,mts_aggregate_1,2012,200.173
bol,sex_f,age_10yrbands_y15_24,mts_aggregate_1,2013,242.395
bol,sex_f,age_10yrbands_y15_24,mts_aggregate_1,2014,252.43
bol,sex_f,age_10yrbands_y15_24,mts_aggregate_1,2015,200.095
bol,sex_f,age_10yrbands_y15_24,mts_aggregate_1,2016,187.275
bol,sex_f,age_10yrbands_y15_24,mts_aggregate_1,2017,212.186
bol,sex_f,age_10yrbands_y15_24,mts_aggregate_1,2018,239.74
bol,sex_f,age_10yrbands_y15_24,mts_aggregate_1,2019,250.417
bol,sex_f,age_10yrbands_y15_24,mts_aggregate_1,2022,375.36
bol,sex_f,age_10yrbands_y15_24,mts_aggregate_1,2023,375.206
bol,sex_f,age_10yrbands_y15_24,mts_aggregate_1,2024,395.035
bol,sex_f,age_10yrbands_y15_24,mts_aggregate_2,1999,81.765
bol,sex_f,age_10yrbands_y15_24,mts_aggregate_2,2000,38.409
bol,sex_f,age_10yrbands_y15_24,mts_aggregate_2,2001,97.363
bol,sex_f,age_10yrbands_y15_24,mts_aggregate_2,2002,75.254
bol,sex_f,age_10yrbands_y15_24,mts_aggregate_2,2004,102.619
bol,sex_f,age_10yrbands_y15_24,mts_aggregate_2,2005,67.388
bol,sex_f,age_10yrbands_y15_24,mts_aggregate_2,2006,88.258
bol,sex_f,age_10yrbands_y15_24,mts_aggregate_2,2007,70.706
bol,sex_f,age_10yrbands_y15_24,mts_aggregate_2,2008,91.256
bol,sex_f,age_10yrbands_y15_24,mts_aggregate_2,2009,108.507
bol,sex_f,age_10yrbands_y15_24,mts_aggregate_2,2011,94.631
bol,sex_f,age_10yrbands_y15_24,mts_aggregate_2,2012,74.538
bol,sex_f,age_10yrbands_y15_24,mts_aggregate_2,2013,72.017
bol,sex_f,age_10yrbands_y15_24,mts_aggregate_2,2014,101.964
bol,sex_f,age_10yrbands_y15_24,mts_aggregate_2,2015,72.812
bol,sex_f,age_10yrbands_y15_24,mts_aggregate_2,2016,64.086
bol,sex_f,age_10yrbands_y15_24,mts_aggregate_2,2017,62.381
bol,sex_f,age_10yrbands_y15_24,mts_aggregate_2,2018,81.485
bol,sex_f,age_10yrbands_y15_24,mts_aggregate_2,2019,85.555
bol,sex_f,age_10yrbands_y15_24,mts_aggregate_2,2022,113.091
bol,sex_f,age_10yrbands_y15_24,mts_aggregate_2,2023,96.833
bol,sex_f,age_10yrbands_y15_24,mts_aggregate_2,2024,100.324
bol,sex_f,age_10yrbands_y15_24,mts_aggregate_total,1999,232.169
bol,sex_f,age_10yrbands_y15_24,mts_aggregate_total,2000,287.502
bol,sex_f,age_10yrbands_y15_24,mts_aggregate_total,2001,353.397
bol,sex_f,age_10yrbands_y15_24,mts_aggregate_total,2002,322.468
bol,sex_f,age_10yrbands_y15_24,mts_aggregate_total,2004,371.508
bol,sex_f,age_10yrbands_y15_24,mts_aggregate_total,2005,275.875
bol,sex_f,age_10yrbands_y15_24,mts_aggregate_total,2006,306.401
bol,sex_f,age_10yrbands_y15_24,mts_aggregate_total,2007,316.478
bol,sex_f,age_10yrbands_y15_24,mts_aggregate_total,2008,325.152
bol,sex_f,age_10yrbands_y15_24,mts_aggregate_total,2009,336.433
bol,sex_f,age_10yrbands_y15_24,mts_aggregate_total,2011,335.021
bol,sex_f,age_10yrbands_y15_24,mts_aggregate_total,2012,274.711
bol,sex_f,age_10yrbands_y15_24,mts_aggregate_total,2013,314.412
bol,sex_f,age_10yrbands_y15_24,mts_aggregate_total,2014,354.394
bol,sex_f,age_10yrbands_y15_24,mts_aggregate_total,2015,272.907
bol,sex_f,age_10yrbands_y15_24,mts_aggregate_total,2016,251.361
bol,sex_f,age_10yrbands_y15_24,mts_aggregate_total,2017,274.567
bol,sex_f,age_10yrbands_y15_24,mts_aggregate_total,2018,321.225
bol,sex_f,age_10yrbands_y15_24,mts_aggregate_total,2019,335.972
bol,sex_f,age_10yrbands_y15_24,mts_aggregate_total,2022,488.45
bol,sex_f,age_10yrbands_y15_24,mts_aggregate_total,2023,472.039
bol,sex_f,age_10yrbands_y15_24,mts_aggregate_total,2024,495.358
bol,sex_f,age_10yrbands_y15_24,mts_details_mrd,1999,35.556
bol,sex_f,age_10yrbands_y15_24,mts_details_mrd,2000,37.022
bol,sex_f,age_10yrbands_y15_24,mts_details_mrd,2001,41.713
bol,sex_f,age_10yrbands_y15_24,mts_details_mrd,2002,36.929
bol,sex_f,age_10yrbands_y15_24,mts_details_mrd,2004,36.511
bol,sex_f,age_10yrbands_y15_24,mts_details_mrd,2005,26.818
bol,sex_f,age_10yrbands_y15_24,mts_details_mrd,2006,29.729
bol,sex_f,age_10yrbands_y15_24,mts_details_mrd,2007,21.021
bol,sex_f,age_10yrbands_y15_24,mts_details_mrd,2008,26.88
bol,sex_f,age_10yrbands_y15_24,mts_details_mrd,2009,33.116
bol,sex_f,age_10yrbands_y15_24,mts_details_mrd,2011,26.866
bol,sex_f,age_10yrbands_y15_24,mts_details_mrd,2012,20.821
bol,sex_f,age_10yrbands_y15_24,mts_details_mrd,2013,22.512
bol,sex_f,age_10yrbands_y15_24,mts_details_mrd,2014,26.634
bol,sex_f,age_10yrbands_y15_24,mts_details_mrd,2015,16.645
bol,sex_f,age_10yrbands_y15_24,mts_details_mrd,2016,13.51
bol,sex_f,age_10yrbands_y15_24,mts_details_mrd,2017,13.123
bol,sex_f,age_10yrbands_y15_24,mts_details_mrd,2018,14.604
bol,sex_f,age_10yrbands_y15_24,mts_details_mrd,2019,14.261
bol,sex_f,age_10yrbands_y15_24,mts_details_mrd,2022,13.831
bol,sex_f,age_10yrbands_y15_24,mts_details_mrd,2023,12.895
bol,sex_f,age_10yrbands_y15_24,mts_details_mrd,2024,13.926
bol,sex_f,age_10yrbands_y15_24,mts_details_sep,2000,2.577
bol,sex_f,age_10yrbands_y15_24,mts_details_sep,2001,7.019
bol,sex_f,age_10yrbands_y15_24,mts_details_sep,2002,3.117
bol,sex_f,age_10yrbands_y15_24,mts_details_sep,2004,6.719
bol,sex_f,age_10yrbands_y15_24,mts_details_sep,2006,4.868
bol,sex_f,age_10yrbands_y15_24,mts_details_sep,2007,5.982
bol,sex_f,age_10yrbands_y15_24,mts_details_sep,2008,8.074
bol,sex_f,age_10yrbands_y15_24,mts_details_sep,2009,9.749
bol,sex_f,age_10yrbands_y15_24,mts_details_sep,2011,2.53
bol,sex_f,age_10yrbands_y15_24,mts_details_sep,2012,9.468
bol,sex_f,age_10yrbands_y15_24,mts_details_sep,2013,4.498
bol,sex_f,age_10yrbands_y15_24,mts_details_sep,2014,6.634
bol,sex_f,age_10yrbands_y15_24,mts_details_sep,2015,6.12
bol,sex_f,age_10yrbands_y15_24,mts_details_sep,2016,3.673
bol,sex_f,age_10yrbands_y15_24,mts_details_sep,2017,4.83
bol,sex_f,age_10yrbands_y15_24,mts_details_sep,2018,4.431
bol,sex_f,age_10yrbands_y15_24,mts_details_sep,2019,3.353
bol,sex_f,age_10yrbands_y15_24,mts_details_sep,2022,2.863
bol,sex_f,age_10yrbands_y15_24,mts_details_sep,2023,3.178
bol,sex_f,age_10yrbands_y15_24,mts_details_sep,2024,1.492
bol,sex_f,age_10yrbands_y15_24,mts_details_sgle,1999,146.888
bol,sex_f,age_10yrbands_y15_24,mts_details_sgle,2000,34.438
bol,sex_f,age_10yrbands_y15_24,mts_details_sgle,2001,248.858
bol,sex_f,age_10yrbands_y15_24,mts_details_sgle,2002,243.561
bol,sex_f,age_10yrbands_y15_24,mts_details_sgle,2004,260.864
bol,sex_f,age_10yrbands_y15_24,mts_details_sgle,2005,206.921
bol,sex_f,age_10yrbands_y15_24,mts_details_sgle,2006,213.275
bol,sex_f,age_10yrbands_y15_24,mts_details_sgle,2007,236.673
bol,sex_f,age_10yrbands_y15_24,mts_details_sgle,2008,225.127
bol,sex_f,age_10yrbands_y15_24,mts_details_sgle,2009,217.398
bol,sex_f,age_10yrbands_y15_24,mts_details_sgle,2011,237.558
bol,sex_f,age_10yrbands_y15_24,mts_details_sgle,2012,190.705
bol,sex_f,age_10yrbands_y15_24,mts_details_sgle,2013,236.97
bol,sex_f,age_10yrbands_y15_24,mts_details_sgle,2014,244.152
bol,sex_f,age_10yrbands_y15_24,mts_details_sgle,2015,193.756
bol,sex_f,age_10yrbands_y15_24,mts_details_sgle,2016,183.378
bol,sex_f,age_10yrbands_y15_24,mts_details_sgle,2017,207.039
bol,sex_f,age_10yrbands_y15_24,mts_details_sgle,2018,234.855
bol,sex_f,age_10yrbands_y15_24,mts_details_sgle,2019,246.598
bol,sex_f,age_10yrbands_y15_24,mts_details_sgle,2022,372.207
bol,sex_f,age_10yrbands_y15_24,mts_details_sgle,2023,371.686
bol,sex_f,age_10yrbands_y15_24,mts_details_sgle,2024,393.338
bol,sex_f,age_10yrbands_y15_24,mts_details_total,1999,232.169
bol,sex_f,age_10yrbands_y15_24,mts_details_total,2000,287.502
bol,sex_f,age_10yrbands_y15_24,mts_details_total,2001,353.397
bol,sex_f,age_10yrbands_y15_24,mts_details_total,2002,322.468
bol,sex_f,age_10yrbands_y15_24,mts_details_total,2004,371.508
bol,sex_f,age_10yrbands_y15_24,mts_details_total,2005,275.875
bol,sex_f,age_10yrbands_y15_24,mts_details_total,2006,306.401
bol,sex_f,age_10yrbands_y15_24,mts_details_total,2007,316.478
bol,sex_f,age_10yrbands_y15_24,mts_details_total,2008,325.152
bol,sex_f,age_10yrbands_y15_24,mts_details_total,2009,336.433
bol,sex_f,age_10yrbands_y15_24,mts_details_total,2011,335.021
bol,sex_f,age_10yrbands_y15_24,mts_details_total,2012,274.711
bol,sex_f,age_10yrbands_y15_24,mts_details_total,2013,314.412
bol,sex_f,age_10yrbands_y15_24,mts_details_total,2014,354.394
bol,sex_f,age_10yrbands_y15_24,mts_details_total,2015,272.907
bol,sex_f,age_10yrbands_y15_24,mts_details_total,2016,251.361
bol,sex_f,age_10yrbands_y15_24,mts_details_total,2017,274.567
bol,sex_f,age_10yrbands_y15_24,mts_details_total,2018,321.225
bol,sex_f,age_10yrbands_y15_24,mts_details_total,2019,335.972
bol,sex_f,age_10yrbands_y15_24,mts_details_total,2022,488.45
bol,sex_f,age_10yrbands_y15_24,mts_details_total,2023,472.039
bol,sex_f,age_10yrbands_y15_24,mts_details_total,2024,495.358
bol,sex_f,age_10yrbands_y15_24,mts_details_union,1999,46.209
bol,sex_f,age_10yrbands_y15_24,mts_details_union,2000,1.387
bol,sex_f,age_10yrbands_y15_24,mts_details_union,2001,55.65
bol,sex_f,age_10yrbands_y15_24,mts_details_union,2002,38.325
bol,sex_f,age_10yrbands_y15_24,mts_details_union,2004,66.108
bol,sex_f,age_10yrbands_y15_24,mts_details_union,2005,40.57
bol,sex_f,age_10yrbands_y15_24,mts_details_union,2006,58.529
bol,sex_f,age_10yrbands_y15_24,mts_details_union,2007,49.685
bol,sex_f,age_10yrbands_y15_24,mts_details_union,2008,64.376
bol,sex_f,age_10yrbands_y15_24,mts_details_union,2009,75.391
bol,sex_f,age_10yrbands_y15_24,mts_details_union,2011,67.765
bol,sex_f,age_10yrbands_y15_24,mts_details_union,2012,53.717
bol,sex_f,age_10yrbands_y15_24,mts_details_union,2013,49.505
bol,sex_f,age_10yrbands_y15_24,mts_details_union,2014,75.33
bol,sex_f,age_10yrbands_y15_24,mts_details_union,2015,56.167
bol,sex_f,age_10yrbands_y15_24,mts_details_union,2016,50.577
bol,sex_f,age_10yrbands_y15_24,mts_details_union,2017,49.258
bol,sex_f,age_10yrbands_y15_24,mts_details_union,2018,66.881
bol,sex_f,age_10yrbands_y15_24,mts_details_union,2019,71.294
bol,sex_f,age_10yrbands_y15_24,mts_details_union,2022,99.259
bol,sex_f,age_10yrbands_y15_24,mts_details_union,2023,83.938
bol,sex_f,age_10yrbands_y15_24,mts_details_union,2024,86.397
bol,sex_f,age_10yrbands_y15_24,mts_details_wid,2000,212.078
bol,sex_f,age_10yrbands_y15_24,mts_details_wid,2014,1.644
bol,sex_f,age_10yrbands_y15_24,mts_details_wid,2017,0.316
bol,sex_f,age_10yrbands_y15_24,mts_details_wid,2018,0.454
bol,sex_f,age_10yrbands_y15_24,mts_details_wid,2019,0.466
bol,sex_f,age_10yrbands_y15_24,mts_details_wid,2023,0.342
bol,sex_f,age_10yrbands_y15_24,mts_details_wid,2024,0.204
bol,sex_f,age_10yrbands_y25_34,mts_aggregate_1,1999,69.161
bol,sex_f,age_10yrbands_y25_34,mts_aggregate_1,2000,196.475
bol,sex_f,age_10yrbands_y25_34,mts_aggregate_1,2001,71.537
bol,sex_f,age_10yrbands_y25_34,mts_aggregate_1,2002,68.501
bol,sex_f,age_10yrbands_y25_34,mts_aggregate_1,2004,90.914
bol,sex_f,age_10yrbands_y25_34,mts_aggregate_1,2005,69.908
bol,sex_f,age_10yrbands_y25_34,mts_aggregate_1,2006,84.491
bol,sex_f,age_10yrbands_y25_34,mts_aggregate_1,2007,85.996
bol,sex_f,age_10yrbands_y25_34,mts_aggregate_1,2008,75.709
bol,sex_f,age_10yrbands_y25_34,mts_aggregate_1,2009,87.176
bol,sex_f,age_10yrbands_y25_34,mts_aggregate_1,2011,87.083
bol,sex_f,age_10yrbands_y25_34,mts_aggregate_1,2012,105.816
bol,sex_f,age_10yrbands_y25_34,mts_aggregate_1,2013,134.112
bol,sex_f,age_10yrbands_y25_34,mts_aggregate_1,2014,125.491
bol,sex_f,age_10yrbands_y25_34,mts_aggregate_1,2015,104.091
bol,sex_f,age_10yrbands_y25_34,mts_aggregate_1,2016,77.654
bol,sex_f,age_10yrbands_y25_34,mts_aggregate_1,2017,84.263
bol,sex_f,age_10yrbands_y25_34,mts_aggregate_1,2018,90.103
bol,sex_f,age_10yrbands_y25_34,mts_aggregate_1,2019,91.428
bol,sex_f,age_10yrbands_y25_34,mts_aggregate_1,2022,151.155
bol,sex_f,age_10yrbands_y25_34,mts_aggregate_1,2023,166.426
bol,sex_f,age_10yrbands_y25_34,mts_aggregate_1,2024,171.767
bol,sex_f,age_10yrbands_y25_34,mts_aggregate_2,1999,174.593
bol,sex_f,age_10yrbands_y25_34,mts_aggregate_2,2000,39.392
bol,sex_f,age_10yrbands_y25_34,mts_aggregate_2,2001,177.436
bol,sex_f,age_10yrbands_y25_34,mts_aggregate_2,2002,199.913
bol,sex_f,age_10yrbands_y25_34,mts_aggregate_2,2004,244.879
bol,sex_f,age_10yrbands_y25_34,mts_aggregate_2,2005,187.158
bol,sex_f,age_10yrbands_y25_34,mts_aggregate_2,2006,196.506
bol,sex_f,age_10yrbands_y25_34,mts_aggregate_2,2007,205.27
bol,sex_f,age_10yrbands_y25_34,mts_aggregate_2,2008,219.321
bol,sex_f,age_10yrbands_y25_34,mts_aggregate_2,2009,238.028
bol,sex_f,age_10yrbands_y25_34,mts_aggregate_2,2011,246.276
bol,sex_f,age_10yrbands_y25_34,mts_aggregate_2,2012,214.582
bol,sex_f,age_10yrbands_y25_34,mts_aggregate_2,2013,211.786
bol,sex_f,age_10yrbands_y25_34,mts_aggregate_2,2014,258.323
bol,sex_f,age_10yrbands_y25_34,mts_aggregate_2,2015,196.831
bol,sex_f,age_10yrbands_y25_34,mts_aggregate_2,2016,175.562
bol,sex_f,age_10yrbands_y25_34,mts_aggregate_2,2017,183.642
bol,sex_f,age_10yrbands_y25_34,mts_aggregate_2,2018,222.12
bol,sex_f,age_10yrbands_y25_34,mts_aggregate_2,2019,255.911
bol,sex_f,age_10yrbands_y25_34,mts_aggregate_2,2022,344.832
bol,sex_f,age_10yrbands_y25_34,mts_aggregate_2,2023,347.747
bol,sex_f,age_10yrbands_y25_34,mts_aggregate_2,2024,353.208
bol,sex_f,age_10yrbands_y25_34,mts_aggregate_total,1999,243.754
bol,sex_f,age_10yrbands_y25_34,mts_aggregate_total,2000,235.867
bol,sex_f,age_10yrbands_y25_34,mts_aggregate_total,2001,248.973
bol,sex_f,age_10yrbands_y25_34,mts_aggregate_total,2002,268.414
bol,sex_f,age_10yrbands_y25_34,mts_aggregate_total,2004,335.793
bol,sex_f,age_10yrbands_y25_34,mts_aggregate_total,2005,257.066
bol,sex_f,age_10yrbands_y25_34,mts_aggregate_total,2006,280.997
bol,sex_f,age_10yrbands_y25_34,mts_aggregate_total,2007,291.266
bol,sex_f,age_10yrbands_y25_34,mts_aggregate_total,2008,295.03
bol,sex_f,age_10yrbands_y25_34,mts_aggregate_total,2009,325.204
bol,sex_f,age_10yrbands_y25_34,mts_aggregate_total,2011,333.359
bol,sex_f,age_10yrbands_y25_34,mts_aggregate_total,2012,320.398
bol,sex_f,age_10yrbands_y25_34,mts_aggregate_total,2013,345.898
bol,sex_f,age_10yrbands_y25_34,mts_aggregate_total,2014,383.814
bol,sex_f,age_10yrbands_y25_34,mts_aggregate_total,2015,300.922
bol,sex_f,age_10yrbands_y25_34,mts_aggregate_total,2016,253.216
bol,sex_f,age_10yrbands_y25_34,mts_aggregate_total,2017,267.905
bol,sex_f,age_10yrbands_y25_34,mts_aggregate_total,2018,312.222
bol,sex_f,age_10yrbands_y25_34,mts_aggregate_total,2019,347.338
bol,sex_f,age_10yrbands_y25_34,mts_aggregate_total,2022,495.986
bol,sex_f,age_10yrbands_y25_34,mts_aggregate_total,2023,514.173
bol,sex_f,age_10yrbands_y25_34,mts_aggregate_total,2024,524.976
bol,sex_f,age_10yrbands_y25_34,mts_details_mrd,1999,129.058
bol,sex_f,age_10yrbands_y25_34,mts_details_mrd,2000,37.916
bol,sex_f,age_10yrbands_y25_34,mts_details_mrd,2001,122.253
bol,sex_f,age_10yrbands_y25_34,mts_details_mrd,2002,137.459
bol,sex_f,age_10yrbands_y25_34,mts_details_mrd,2004,156.011
bol,sex_f,age_10yrbands_y25_34,mts_details_mrd,2005,128.68
bol,sex_f,age_10yrbands_y25_34,mts_details_mrd,2006,140.107
bol,sex_f,age_10yrbands_y25_34,mts_details_mrd,2007,128.416
bol,sex_f,age_10yrbands_y25_34,mts_details_mrd,2008,141.825
bol,sex_f,age_10yrbands_y25_34,mts_details_mrd,2009,129.614
bol,sex_f,age_10yrbands_y25_34,mts_details_mrd,2011,136.133
bol,sex_f,age_10yrbands_y25_34,mts_details_mrd,2012,113.574
bol,sex_f,age_10yrbands_y25_34,mts_details_mrd,2013,122.625
bol,sex_f,age_10yrbands_y25_34,mts_details_mrd,2014,141.072
bol,sex_f,age_10yrbands_y25_34,mts_details_mrd,2015,106.665
bol,sex_f,age_10yrbands_y25_34,mts_details_mrd,2016,85.187
bol,sex_f,age_10yrbands_y25_34,mts_details_mrd,2017,85.07
bol,sex_f,age_10yrbands_y25_34,mts_details_mrd,2018,97.391
bol,sex_f,age_10yrbands_y25_34,mts_details_mrd,2019,108.201
bol,sex_f,age_10yrbands_y25_34,mts_details_mrd,2022,126.146
bol,sex_f,age_10yrbands_y25_34,mts_details_mrd,2023,126.156
bol,sex_f,age_10yrbands_y25_34,mts_details_mrd,2024,118.736
bol,sex_f,age_10yrbands_y25_34,mts_details_sep,1999,18.068
bol,sex_f,age_10yrbands_y25_34,mts_details_sep,2000,14.032
bol,sex_f,age_10yrbands_y25_34,mts_details_sep,2001,10.709
bol,sex_f,age_10yrbands_y25_34,mts_details_sep,2002,15.554
bol,sex_f,age_10yrbands_y25_34,mts_details_sep,2004,22.341
bol,sex_f,age_10yrbands_y25_34,mts_details_sep,2005,13.271
bol,sex_f,age_10yrbands_y25_34,mts_details_sep,2006,12.435
bol,sex_f,age_10yrbands_y25_34,mts_details_sep,2007,21.026
bol,sex_f,age_10yrbands_y25_34,mts_details_sep,2008,16.937
bol,sex_f,age_10yrbands_y25_34,mts_details_sep,2009,20.543
bol,sex_f,age_10yrbands_y25_34,mts_details_sep,2011,11.968
bol,sex_f,age_10yrbands_y25_34,mts_details_sep,2012,15.256
bol,sex_f,age_10yrbands_y25_34,mts_details_sep,2013,25.504
bol,sex_f,age_10yrbands_y25_34,mts_details_sep,2014,21.172
bol,sex_f,age_10yrbands_y25_34,mts_details_sep,2015,17.26
bol,sex_f,age_10yrbands_y25_34,mts_details_sep,2016,13.671
bol,sex_f,age_10yrbands_y25_34,mts_details_sep,2017,20.637
bol,sex_f,age_10yrbands_y25_34,mts_details_sep,2018,16.769
bol,sex_f,age_10yrbands_y25_34,mts_details_sep,2019,16.634
bol,sex_f,age_10yrbands_y25_34,mts_details_sep,2022,18.445
bol,sex_f,age_10yrbands_y25_34,mts_details_sep,2023,20.192
bol,sex_f,age_10yrbands_y25_34,mts_details_sep,2024,17.65
bol,sex_f,age_10yrbands_y25_34,mts_details_sgle,1999,47.347
bol,sex_f,age_10yrbands_y25_34,mts_details_sgle,2000,124.455
bol,sex_f,age_10yrbands_y25_34,mts_details_sgle,2001,56.744
bol,sex_f,age_10yrbands_y25_34,mts_details_sgle,2002,49.848
bol,sex_f,age_10yrbands_y25_34,mts_details_sgle,2004,65.222
bol,sex_f,age_10yrbands_y25_34,mts_details_sgle,2005,54.521
bol,sex_f,age_10yrbands_y25_34,mts_details_sgle,2006,68.005
bol,sex_f,age_10yrbands_y25_34,mts_details_sgle,2007,62.284
bol,sex_f,age_10yrbands_y25_34,mts_details_sgle,2008,54.897
bol,sex_f,age_10yrbands_y25_34,mts_details_sgle,2009,60.989
bol,sex_f,age_10yrbands_y25_34,mts_details_sgle,2011,71.372
bol,sex_f,age_10yrbands_y25_34,mts_details_sgle,2012,86.888
bol,sex_f,age_10yrbands_y25_34,mts_details_sgle,2013,105.818
bol,sex_f,age_10yrbands_y25_34,mts_details_sgle,2014,102.079
bol,sex_f,age_10yrbands_y25_34,mts_details_sgle,2015,83.628
bol,sex_f,age_10yrbands_y25_34,mts_details_sgle,2016,61.882
bol,sex_f,age_10yrbands_y25_34,mts_details_sgle,2017,61.297
bol,sex_f,age_10yrbands_y25_34,mts_details_sgle,2018,71.167
bol,sex_f,age_10yrbands_y25_34,mts_details_sgle,2019,72.866
bol,sex_f,age_10yrbands_y25_34,mts_details_sgle,2022,130.871
bol,sex_f,age_10yrbands_y25_34,mts_details_sgle,2023,143.446
bol,sex_f,age_10yrbands_y25_34,mts_details_sgle,2024,152.54
bol,sex_f,age_10yrbands_y25_34,mts_details_total,1999,243.754
bol,sex_f,age_10yrbands_y25_34,mts_details_total,2000,235.867
bol,sex_f,age_10yrbands_y25_34,mts_details_total,2001,248.973
bol,sex_f,age_10yrbands_y25_34,mts_details_total,2002,268.414
bol,sex_f,age_10yrbands_y25_34,mts_details_total,2004,335.793
bol,sex_f,age_10yrbands_y25_34,mts_details_total,2005,257.066
bol,sex_f,age_10yrbands_y25_34,mts_details_total,2006,280.997
bol,sex_f,age_10yrbands_y25_34,mts_details_total,2007,291.266
bol,sex_f,age_10yrbands_y25_34,mts_details_total,2008,295.03
bol,sex_f,age_10yrbands_y25_34,mts_details_total,2009,325.204
bol,sex_f,age_10yrbands_y25_34,mts_details_total,2011,333.359
bol,sex_f,age_10yrbands_y25_34,mts_details_total,2012,320.398
bol,sex_f,age_10yrbands_y25_34,mts_details_total,2013,345.898
bol,sex_f,age_10yrbands_y25_34,mts_details_total,2014,383.814
bol,sex_f,age_10yrbands_y25_34,mts_details_total,2015,300.922
bol,sex_f,age_10yrbands_y25_34,mts_details_total,2016,253.216
bol,sex_f,age_10yrbands_y25_34,mts_details_total,2017,267.905
bol,sex_f,age_10yrbands_y25_34,mts_details_total,2018,312.222
bol,sex_f,age_10yrbands_y25_34,mts_details_total,2019,347.338
bol,sex_f,age_10yrbands_y25_34,mts_details_total,2022,495.986
bol,sex_f,age_10yrbands_y25_34,mts_details_total,2023,514.173
bol,sex_f,age_10yrbands_y25_34,mts_details_total,2024,524.976
bol,sex_f,age_10yrbands_y25_34,mts_details_union,1999,45.535
bol,sex_f,age_10yrbands_y25_34,mts_details_union,2000,1.476
bol,sex_f,age_10yrbands_y25_34,mts_details_union,2001,55.183
bol,sex_f,age_10yrbands_y25_34,mts_details_union,2002,62.454
bol,sex_f,age_10yrbands_y25_34,mts_details_union,2004,88.868
bol,sex_f,age_10yrbands_y25_34,mts_details_union,2005,58.478
bol,sex_f,age_10yrbands_y25_34,mts_details_union,2006,56.399
bol,sex_f,age_10yrbands_y25_34,mts_details_union,2007,76.854
bol,sex_f,age_10yrbands_y25_34,mts_details_union,2008,77.496
bol,sex_f,age_10yrbands_y25_34,mts_details_union,2009,108.414
bol,sex_f,age_10yrbands_y25_34,mts_details_union,2011,110.143
bol,sex_f,age_10yrbands_y25_34,mts_details_union,2012,101.008
bol,sex_f,age_10yrbands_y25_34,mts_details_union,2013,89.161
bol,sex_f,age_10yrbands_y25_34,mts_details_union,2014,117.251
bol,sex_f,age_10yrbands_y25_34,mts_details_union,2015,90.166
bol,sex_f,age_10yrbands_y25_34,mts_details_union,2016,90.375
bol,sex_f,age_10yrbands_y25_34,mts_details_union,2017,98.572
bol,sex_f,age_10yrbands_y25_34,mts_details_union,2018,124.729
bol,sex_f,age_10yrbands_y25_34,mts_details_union,2019,147.71
bol,sex_f,age_10yrbands_y25_34,mts_details_union,2022,218.686
bol,sex_f,age_10yrbands_y25_34,mts_details_union,2023,221.591
bol,sex_f,age_10yrbands_y25_34,mts_details_union,2024,234.472
bol,sex_f,age_10yrbands_y25_34,mts_details_wid,2000,57.988
bol,sex_f,age_10yrbands_y25_34,mts_details_wid,2001,4.084
bol,sex_f,age_10yrbands_y25_34,mts_details_wid,2002,3.099
bol,sex_f,age_10yrbands_y25_34,mts_details_wid,2004,3.351
bol,sex_f,age_10yrbands_y25_34,mts_details_wid,2005,2.116
bol,sex_f,age_10yrbands_y25_34,mts_details_wid,2006,4.051
bol,sex_f,age_10yrbands_y25_34,mts_details_wid,2007,2.686
bol,sex_f,age_10yrbands_y25_34,mts_details_wid,2008,3.875
bol,sex_f,age_10yrbands_y25_34,mts_details_wid,2009,5.644
bol,sex_f,age_10yrbands_y25_34,mts_details_wid,2011,3.743
bol,sex_f,age_10yrbands_y25_34,mts_details_wid,2012,3.672
bol,sex_f,age_10yrbands_y25_34,mts_details_wid,2013,2.79
bol,sex_f,age_10yrbands_y25_34,mts_details_wid,2014,2.24
bol,sex_f,age_10yrbands_y25_34,mts_details_wid,2015,3.203
bol,sex_f,age_10yrbands_y25_34,mts_details_wid,2016,2.102
bol,sex_f,age_10yrbands_y25_34,mts_details_wid,2017,2.329
bol,sex_f,age_10yrbands_y25_34,mts_details_wid,2018,2.166
bol,sex_f,age_10yrbands_y25_34,mts_details_wid,2019,1.928
bol,sex_f,age_10yrbands_y25_34,mts_details_wid,2022,1.839
bol,sex_f,age_10yrbands_y25_34,mts_details_wid,2023,2.788
bol,sex_f,age_10yrbands_y25_34,mts_details_wid,2024,1.577
bol,sex_f,age_10yrbands_y35_44,mts_aggregate_1,1999,55.729
bol,sex_f,age_10yrbands_y35_44,mts_aggregate_1,2000,165.48
bol,sex_f,age_10yrbands_y35_44,mts_aggregate_1,2001,43.87
bol,sex_f,age_10yrbands_y35_44,mts_aggregate_1,2002,55.686
bol,sex_f,age_10yrbands_y35_44,mts_aggregate_1,2004,74.026
bol,sex_f,age_10yrbands_y35_44,mts_aggregate_1,2005,64.748
bol,sex_f,age_10yrbands_y35_44,mts_aggregate_1,2006,46.575
bol,sex_f,age_10yrbands_y35_44,mts_aggregate_1,2007,87.14
bol,sex_f,age_10yrbands_y35_44,mts_aggregate_1,2008,77.255
bol,sex_f,age_10yrbands_y35_44,mts_aggregate_1,2009,59.549
bol,sex_f,age_10yrbands_y35_44,mts_aggregate_1,2011,70.812
bol,sex_f,age_10yrbands_y35_44,mts_aggregate_1,2012,75.999
bol,sex_f,age_10yrbands_y35_44,mts_aggregate_1,2013,84.112
bol,sex_f,age_10yrbands_y35_44,mts_aggregate_1,2014,96.263
bol,sex_f,age_10yrbands_y35_44,mts_aggregate_1,2015,83.877
bol,sex_f,age_10yrbands_y35_44,mts_aggregate_1,2016,68.874
bol,sex_f,age_10yrbands_y35_44,mts_aggregate_1,2017,72.517
bol,sex_f,age_10yrbands_y35_44,mts_aggregate_1,2018,79.58
bol,sex_f,age_10yrbands_y35_44,mts_aggregate_1,2019,82.6
bol,sex_f,age_10yrbands_y35_44,mts_aggregate_1,2022,119.219
bol,sex_f,age_10yrbands_y35_44,mts_aggregate_1,2023,112.958
bol,sex_f,age_10yrbands_y35_44,mts_aggregate_1,2024,125.163
bol,sex_f,age_10yrbands_y35_44,mts_aggregate_2,1999,195.205
bol,sex_f,age_10yrbands_y35_44,mts_aggregate_2,2000,38.548
bol,sex_f,age_10yrbands_y35_44,mts_aggregate_2,2001,173.362
bol,sex_f,age_10yrbands_y35_44,mts_aggregate_2,2002,172.93
bol,sex_f,age_10yrbands_y35_44,mts_aggregate_2,2004,259.077
bol,sex_f,age_10yrbands_y35_44,mts_aggregate_2,2005,247.53
bol,sex_f,age_10yrbands_y35_44,mts_aggregate_2,2006,261.013
bol,sex_f,age_10yrbands_y35_44,mts_aggregate_2,2007,253.473
bol,sex_f,age_10yrbands_y35_44,mts_aggregate_2,2008,278.636
bol,sex_f,age_10yrbands_y35_44,mts_aggregate_2,2009,241.139
bol,sex_f,age_10yrbands_y35_44,mts_aggregate_2,2011,250.455
bol,sex_f,age_10yrbands_y35_44,mts_aggregate_2,2012,253.387
bol,sex_f,age_10yrbands_y35_44,mts_aggregate_2,2013,274.634
bol,sex_f,age_10yrbands_y35_44,mts_aggregate_2,2014,266.312
bol,sex_f,age_10yrbands_y35_44,mts_aggregate_2,2015,235.478
bol,sex_f,age_10yrbands_y35_44,mts_aggregate_2,2016,212.553
bol,sex_f,age_10yrbands_y35_44,mts_aggregate_2,2017,234.491
bol,sex_f,age_10yrbands_y35_44,mts_aggregate_2,2018,264.982
bol,sex_f,age_10yrbands_y35_44,mts_aggregate_2,2019,288.192
bol,sex_f,age_10yrbands_y35_44,mts_aggregate_2,2022,357.318
bol,sex_f,age_10yrbands_y35_44,mts_aggregate_2,2023,364.533
bol,sex_f,age_10yrbands_y35_44,mts_aggregate_2,2024,367.054
bol,sex_f,age_10yrbands_y35_44,mts_aggregate_total,1999,250.934
bol,sex_f,age_10yrbands_y35_44,mts_aggregate_total,2000,204.028
bol,sex_f,age_10yrbands_y35_44,mts_aggregate_total,2001,217.232
bol,sex_f,age_10yrbands_y35_44,mts_aggregate_total,2002,228.616
bol,sex_f,age_10yrbands_y35_44,mts_aggregate_total,2004,333.103
bol,sex_f,age_10yrbands_y35_44,mts_aggregate_total,2005,312.278
bol,sex_f,age_10yrbands_y35_44,mts_aggregate_total,2006,307.588
bol,sex_f,age_10yrbands_y35_44,mts_aggregate_total,2007,340.613
bol,sex_f,age_10yrbands_y35_44,mts_aggregate_total,2008,355.891
bol,sex_f,age_10yrbands_y35_44,mts_aggregate_total,2009,300.688
bol,sex_f,age_10yrbands_y35_44,mts_aggregate_total,2011,321.267
bol,sex_f,age_10yrbands_y35_44,mts_aggregate_total,2012,329.386
bol,sex_f,age_10yrbands_y35_44,mts_aggregate_total,2013,358.746
bol,sex_f,age_10yrbands_y35_44,mts_aggregate_total,2014,362.575
bol,sex_f,age_10yrbands_y35_44,mts_aggregate_total,2015,319.355
bol,sex_f,age_10yrbands_y35_44,mts_aggregate_total,2016,281.427
bol,sex_f,age_10yrbands_y35_44,mts_aggregate_total,2017,307.008
bol,sex_f,age_10yrbands_y35_44,mts_aggregate_total,2018,344.562
bol,sex_f,age_10yrbands_y35_44,mts_aggregate_total,2019,370.792
bol,sex_f,age_10yrbands_y35_44,mts_aggregate_total,2022,476.537
bol,sex_f,age_10yrbands_y35_44,mts_aggregate_total,2023,477.491
bol,sex_f,age_10yrbands_y35_44,mts_aggregate_total,2024,492.217
bol,sex_f,age_10yrbands_y35_44,mts_details_mrd,1999,168.873
bol,sex_f,age_10yrbands_y35_44,mts_details_mrd,2000,33.024
bol,sex_f,age_10yrbands_y35_44,mts_details_mrd,2001,139.336
bol,sex_f,age_10yrbands_y35_44,mts_details_mrd,2002,144.625
bol,sex_f,age_10yrbands_y35_44,mts_details_mrd,2004,197.695
bol,sex_f,age_10yrbands_y35_44,mts_details_mrd,2005,193.183
bol,sex_f,age_10yrbands_y35_44,mts_details_mrd,2006,209.441
bol,sex_f,age_10yrbands_y35_44,mts_details_mrd,2007,202.892
bol,sex_f,age_10yrbands_y35_44,mts_details_mrd,2008,233.314
bol,sex_f,age_10yrbands_y35_44,mts_details_mrd,2009,181.309
bol,sex_f,age_10yrbands_y35_44,mts_details_mrd,2011,180.044
bol,sex_f,age_10yrbands_y35_44,mts_details_mrd,2012,175.757
bol,sex_f,age_10yrbands_y35_44,mts_details_mrd,2013,205.506
bol,sex_f,age_10yrbands_y35_44,mts_details_mrd,2014,194.875
bol,sex_f,age_10yrbands_y35_44,mts_details_mrd,2015,158.571
bol,sex_f,age_10yrbands_y35_44,mts_details_mrd,2016,144.04
bol,sex_f,age_10yrbands_y35_44,mts_details_mrd,2017,161.01
bol,sex_f,age_10yrbands_y35_44,mts_details_mrd,2018,177.755
bol,sex_f,age_10yrbands_y35_44,mts_details_mrd,2019,188.704
bol,sex_f,age_10yrbands_y35_44,mts_details_mrd,2022,215.515
bol,sex_f,age_10yrbands_y35_44,mts_details_mrd,2023,224.144
bol,sex_f,age_10yrbands_y35_44,mts_details_mrd,2024,212.241
bol,sex_f,age_10yrbands_y35_44,mts_details_sep,1999,16.626
bol,sex_f,age_10yrbands_y35_44,mts_details_sep,2000,14.76
bol,sex_f,age_10yrbands_y35_44,mts_details_sep,2001,14.881
bol,sex_f,age_10yrbands_y35_44,mts_details_sep,2002,15.936
bol,sex_f,age_10yrbands_y35_44,mts_details_sep,2004,30.638
bol,sex_f,age_10yrbands_y35_44,mts_details_sep,2005,19.527
bol,sex_f,age_10yrbands_y35_44,mts_details_sep,2006,17.216
bol,sex_f,age_10yrbands_y35_44,mts_details_sep,2007,33.376
bol,sex_f,age_10yrbands_y35_44,mts_details_sep,2008,34.421
bol,sex_f,age_10yrbands_y35_44,mts_details_sep,2009,22.503
bol,sex_f,age_10yrbands_y35_44,mts_details_sep,2011,23.334
bol,sex_f,age_10yrbands_y35_44,mts_details_sep,2012,29.805
bol,sex_f,age_10yrbands_y35_44,mts_details_sep,2013,32.196
bol,sex_f,age_10yrbands_y35_44,mts_details_sep,2014,34.816
bol,sex_f,age_10yrbands_y35_44,mts_details_sep,2015,32.525
bol,sex_f,age_10yrbands_y35_44,mts_details_sep,2016,30.71
bol,sex_f,age_10yrbands_y35_44,mts_details_sep,2017,32.901
bol,sex_f,age_10yrbands_y35_44,mts_details_sep,2018,32.936
bol,sex_f,age_10yrbands_y35_44,mts_details_sep,2019,30.701
bol,sex_f,age_10yrbands_y35_44,mts_details_sep,2022,40.85
bol,sex_f,age_10yrbands_y35_44,mts_details_sep,2023,38.595
bol,sex_f,age_10yrbands_y35_44,mts_details_sep,2024,34.61
bol,sex_f,age_10yrbands_y35_44,mts_details_sgle,1999,21.918
bol,sex_f,age_10yrbands_y35_44,mts_details_sgle,2000,132.756
bol,sex_f,age_10yrbands_y35_44,mts_details_sgle,2001,18.406
bol,sex_f,age_10yrbands_y35_44,mts_details_sgle,2002,29.514
bol,sex_f,age_10yrbands_y35_44,mts_details_sgle,2004,28.089
bol,sex_f,age_10yrbands_y35_44,mts_details_sgle,2005,31.734
bol,sex_f,age_10yrbands_y35_44,mts_details_sgle,2006,21.726
bol,sex_f,age_10yrbands_y35_44,mts_details_sgle,2007,41.511
bol,sex_f,age_10yrbands_y35_44,mts_details_sgle,2008,34.889
bol,sex_f,age_10yrbands_y35_44,mts_details_sgle,2009,27.261
bol,sex_f,age_10yrbands_y35_44,mts_details_sgle,2011,37.408
bol,sex_f,age_10yrbands_y35_44,mts_details_sgle,2012,35.988
bol,sex_f,age_10yrbands_y35_44,mts_details_sgle,2013,44.487
bol,sex_f,age_10yrbands_y35_44,mts_details_sgle,2014,55.45
bol,sex_f,age_10yrbands_y35_44,mts_details_sgle,2015,44.754
bol,sex_f,age_10yrbands_y35_44,mts_details_sgle,2016,31.385
bol,sex_f,age_10yrbands_y35_44,mts_details_sgle,2017,31.477
bol,sex_f,age_10yrbands_y35_44,mts_details_sgle,2018,37.346
bol,sex_f,age_10yrbands_y35_44,mts_details_sgle,2019,42.883
bol,sex_f,age_10yrbands_y35_44,mts_details_sgle,2022,70.243
bol,sex_f,age_10yrbands_y35_44,mts_details_sgle,2023,68.366
bol,sex_f,age_10yrbands_y35_44,mts_details_sgle,2024,82.812
bol,sex_f,age_10yrbands_y35_44,mts_details_total,1999,250.934
bol,sex_f,age_10yrbands_y35_44,mts_details_total,2000,204.028
bol,sex_f,age_10yrbands_y35_44,mts_details_total,2001,217.232
bol,sex_f,age_10yrbands_y35_44,mts_details_total,2002,228.616
bol,sex_f,age_10yrbands_y35_44,mts_details_total,2004,333.103
bol,sex_f,age_10yrbands_y35_44,mts_details_total,2005,312.278
bol,sex_f,age_10yrbands_y35_44,mts_details_total,2006,307.588
bol,sex_f,age_10yrbands_y35_44,mts_details_total,2007,340.613
bol,sex_f,age_10yrbands_y35_44,mts_details_total,2008,355.891
bol,sex_f,age_10yrbands_y35_44,mts_details_total,2009,300.688
bol,sex_f,age_10yrbands_y35_44,mts_details_total,2011,321.267
bol,sex_f,age_10yrbands_y35_44,mts_details_total,2012,329.386
bol,sex_f,age_10yrbands_y35_44,mts_details_total,2013,358.746
bol,sex_f,age_10yrbands_y35_44,mts_details_total,2014,362.575
bol,sex_f,age_10yrbands_y35_44,mts_details_total,2015,319.355
bol,sex_f,age_10yrbands_y35_44,mts_details_total,2016,281.427
bol,sex_f,age_10yrbands_y35_44,mts_details_total,2017,307.008
bol,sex_f,age_10yrbands_y35_44,mts_details_total,2018,344.562
bol,sex_f,age_10yrbands_y35_44,mts_details_total,2019,370.792
bol,sex_f,age_10yrbands_y35_44,mts_details_total,2022,476.537
bol,sex_f,age_10yrbands_y35_44,mts_details_total,2023,477.491
bol,sex_f,age_10yrbands_y35_44,mts_details_total,2024,492.217
bol,sex_f,age_10yrbands_y35_44,mts_details_union,1999,26.332
bol,sex_f,age_10yrbands_y35_44,mts_details_union,2000,5.524
bol,sex_f,age_10yrbands_y35_44,mts_details_union,2001,34.026
bol,sex_f,age_10yrbands_y35_44,mts_details_union,2002,28.305
bol,sex_f,age_10yrbands_y35_44,mts_details_union,2004,61.382
bol,sex_f,age_10yrbands_y35_44,mts_details_union,2005,54.347
bol,sex_f,age_10yrbands_y35_44,mts_details_union,2006,51.572
bol,sex_f,age_10yrbands_y35_44,mts_details_union,2007,50.581
bol,sex_f,age_10yrbands_y35_44,mts_details_union,2008,45.322
bol,sex_f,age_10yrbands_y35_44,mts_details_union,2009,59.83
bol,sex_f,age_10yrbands_y35_44,mts_details_union,2011,70.411
bol,sex_f,age_10yrbands_y35_44,mts_details_union,2012,77.63
bol,sex_f,age_10yrbands_y35_44,mts_details_union,2013,69.128
bol,sex_f,age_10yrbands_y35_44,mts_details_union,2014,71.437
bol,sex_f,age_10yrbands_y35_44,mts_details_union,2015,76.907
bol,sex_f,age_10yrbands_y35_44,mts_details_union,2016,68.513
bol,sex_f,age_10yrbands_y35_44,mts_details_union,2017,73.481
bol,sex_f,age_10yrbands_y35_44,mts_details_union,2018,87.228
bol,sex_f,age_10yrbands_y35_44,mts_details_union,2019,99.488
bol,sex_f,age_10yrbands_y35_44,mts_details_union,2022,141.803
bol,sex_f,age_10yrbands_y35_44,mts_details_union,2023,140.389
bol,sex_f,age_10yrbands_y35_44,mts_details_union,2024,154.813
bol,sex_f,age_10yrbands_y35_44,mts_details_wid,1999,17.185
bol,sex_f,age_10yrbands_y35_44,mts_details_wid,2000,17.964
bol,sex_f,age_10yrbands_y35_44,mts_details_wid,2001,10.583
bol,sex_f,age_10yrbands_y35_44,mts_details_wid,2002,10.236
bol,sex_f,age_10yrbands_y35_44,mts_details_wid,2004,15.299
bol,sex_f,age_10yrbands_y35_44,mts_details_wid,2005,13.487
bol,sex_f,age_10yrbands_y35_44,mts_details_wid,2006,7.633
bol,sex_f,age_10yrbands_y35_44,mts_details_wid,2007,12.253
bol,sex_f,age_10yrbands_y35_44,mts_details_wid,2008,7.945
bol,sex_f,age_10yrbands_y35_44,mts_details_wid,2009,9.785
bol,sex_f,age_10yrbands_y35_44,mts_details_wid,2011,10.07
bol,sex_f,age_10yrbands_y35_44,mts_details_wid,2012,10.206
bol,sex_f,age_10yrbands_y35_44,mts_details_wid,2013,7.429
bol,sex_f,age_10yrbands_y35_44,mts_details_wid,2014,5.997
bol,sex_f,age_10yrbands_y35_44,mts_details_wid,2015,6.598
bol,sex_f,age_10yrbands_y35_44,mts_details_wid,2016,6.779
bol,sex_f,age_10yrbands_y35_44,mts_details_wid,2017,8.139
bol,sex_f,age_10yrbands_y35_44,mts_details_wid,2018,9.297
bol,sex_f,age_10yrbands_y35_44,mts_details_wid,2019,9.016
bol,sex_f,age_10yrbands_y35_44,mts_details_wid,2022,8.127
bol,sex_f,age_10yrbands_y35_44,mts_details_wid,2023,5.997
bol,sex_f,age_10yrbands_y35_44,mts_details_wid,2024,7.741
bol,sex_f,age_10yrbands_y45_54,mts_aggregate_1,1999,52.071
bol,sex_f,age_10yrbands_y45_54,mts_aggregate_1,2000,120.043
bol,sex_f,age_10yrbands_y45_54,mts_aggregate_1,2001,42.735
bol,sex_f,age_10yrbands_y45_54,mts_aggregate_1,2002,36.305
bol,sex_f,age_10yrbands_y45_54,mts_aggregate_1,2004,75.574
bol,sex_f,age_10yrbands_y45_54,mts_aggregate_1,2005,54.885
bol,sex_f,age_10yrbands_y45_54,mts_aggregate_1,2006,63.568
bol,sex_f,age_10yrbands_y45_54,mts_aggregate_1,2007,56.982
bol,sex_f,age_10yrbands_y45_54,mts_aggregate_1,2008,74.069
bol,sex_f,age_10yrbands_y45_54,mts_aggregate_1,2009,71.658
bol,sex_f,age_10yrbands_y45_54,mts_aggregate_1,2011,65.389
bol,sex_f,age_10yrbands_y45_54,mts_aggregate_1,2012,75.225
bol,sex_f,age_10yrbands_y45_54,mts_aggregate_1,2013,93.225
bol,sex_f,age_10yrbands_y45_54,mts_aggregate_1,2014,81.956
bol,sex_f,age_10yrbands_y45_54,mts_aggregate_1,2015,80.334
bol,sex_f,age_10yrbands_y45_54,mts_aggregate_1,2016,66.43
bol,sex_f,age_10yrbands_y45_54,mts_aggregate_1,2017,74.574
bol,sex_f,age_10yrbands_y45_54,mts_aggregate_1,2018,76.151
bol,sex_f,age_10yrbands_y45_54,mts_aggregate_1,2019,84.446
bol,sex_f,age_10yrbands_y45_54,mts_aggregate_1,2022,115.184
bol,sex_f,age_10yrbands_y45_54,mts_aggregate_1,2023,112.316
bol,sex_f,age_10yrbands_y45_54,mts_aggregate_1,2024,122.598
bol,sex_f,age_10yrbands_y45_54,mts_aggregate_2,1999,150.007
bol,sex_f,age_10yrbands_y45_54,mts_aggregate_2,2000,25.688
bol,sex_f,age_10yrbands_y45_54,mts_aggregate_2,2001,128.426
bol,sex_f,age_10yrbands_y45_54,mts_aggregate_2,2002,129.366
bol,sex_f,age_10yrbands_y45_54,mts_aggregate_2,2004,166.466
bol,sex_f,age_10yrbands_y45_54,mts_aggregate_2,2005,173.382
bol,sex_f,age_10yrbands_y45_54,mts_aggregate_2,2006,199.223
bol,sex_f,age_10yrbands_y45_54,mts_aggregate_2,2007,178.371
bol,sex_f,age_10yrbands_y45_54,mts_aggregate_2,2008,186.126
bol,sex_f,age_10yrbands_y45_54,mts_aggregate_2,2009,221.043
bol,sex_f,age_10yrbands_y45_54,mts_aggregate_2,2011,212.112
bol,sex_f,age_10yrbands_y45_54,mts_aggregate_2,2012,192.12
bol,sex_f,age_10yrbands_y45_54,mts_aggregate_2,2013,210.764
bol,sex_f,age_10yrbands_y45_54,mts_aggregate_2,2014,234.564
bol,sex_f,age_10yrbands_y45_54,mts_aggregate_2,2015,199.148
bol,sex_f,age_10yrbands_y45_54,mts_aggregate_2,2016,189.067
bol,sex_f,age_10yrbands_y45_54,mts_aggregate_2,2017,202.214
bol,sex_f,age_10yrbands_y45_54,mts_aggregate_2,2018,238.055
bol,sex_f,age_10yrbands_y45_54,mts_aggregate_2,2019,240.192
bol,sex_f,age_10yrbands_y45_54,mts_aggregate_2,2022,270.562
bol,sex_f,age_10yrbands_y45_54,mts_aggregate_2,2023,297.151
bol,sex_f,age_10yrbands_y45_54,mts_aggregate_2,2024,296.978
bol,sex_f,age_10yrbands_y45_54,mts_aggregate_total,1999,202.078
bol,sex_f,age_10yrbands_y45_54,mts_aggregate_total,2000,145.731
bol,sex_f,age_10yrbands_y45_54,mts_aggregate_total,2001,171.161
bol,sex_f,age_10yrbands_y45_54,mts_aggregate_total,2002,165.671
bol,sex_f,age_10yrbands_y45_54,mts_aggregate_total,2004,242.04
bol,sex_f,age_10yrbands_y45_54,mts_aggregate_total,2005,228.267
bol,sex_f,age_10yrbands_y45_54,mts_aggregate_total,2006,262.791
bol,sex_f,age_10yrbands_y45_54,mts_aggregate_total,2007,235.353
bol,sex_f,age_10yrbands_y45_54,mts_aggregate_total,2008,260.195
bol,sex_f,age_10yrbands_y45_54,mts_aggregate_total,2009,292.701
bol,sex_f,age_10yrbands_y45_54,mts_aggregate_total,2011,277.501
bol,sex_f,age_10yrbands_y45_54,mts_aggregate_total,2012,267.345
bol,sex_f,age_10yrbands_y45_54,mts_aggregate_total,2013,303.989
bol,sex_f,age_10yrbands_y45_54,mts_aggregate_total,2014,316.52
bol,sex_f,age_10yrbands_y45_54,mts_aggregate_total,2015,279.482
bol,sex_f,age_10yrbands_y45_54,mts_aggregate_total,2016,255.497
bol,sex_f,age_10yrbands_y45_54,mts_aggregate_total,2017,276.789
bol,sex_f,age_10yrbands_y45_54,mts_aggregate_total,2018,314.206
bol,sex_f,age_10yrbands_y45_54,mts_aggregate_total,2019,324.638
bol,sex_f,age_10yrbands_y45_54,mts_aggregate_total,2022,385.747
bol,sex_f,age_10yrbands_y45_54,mts_aggregate_total,2023,409.467
bol,sex_f,age_10yrbands_y45_54,mts_aggregate_total,2024,419.576
bol,sex_f,age_10yrbands_y45_54,mts_details_mrd,1999,136.992
bol,sex_f,age_10yrbands_y45_54,mts_details_mrd,2000,8.916
bol,sex_f,age_10yrbands_y45_54,mts_details_mrd,2001,109.143
bol,sex_f,age_10yrbands_y45_54,mts_details_mrd,2002,116.765
bol,sex_f,age_10yrbands_y45_54,mts_details_mrd,2004,144.846
bol,sex_f,age_10yrbands_y45_54,mts_details_mrd,2005,152.709
bol,sex_f,age_10yrbands_y45_54,mts_details_mrd,2006,174.33
bol,sex_f,age_10yrbands_y45_54,mts_details_mrd,2007,146.918
bol,sex_f,age_10yrbands_y45_54,mts_details_mrd,2008,164.238
bol,sex_f,age_10yrbands_y45_54,mts_details_mrd,2009,183.339
bol,sex_f,age_10yrbands_y45_54,mts_details_mrd,2011,178.34
bol,sex_f,age_10yrbands_y45_54,mts_details_mrd,2012,161.941
bol,sex_f,age_10yrbands_y45_54,mts_details_mrd,2013,183.646
bol,sex_f,age_10yrbands_y45_54,mts_details_mrd,2014,190.636
bol,sex_f,age_10yrbands_y45_54,mts_details_mrd,2015,167.106
bol,sex_f,age_10yrbands_y45_54,mts_details_mrd,2016,151.907
bol,sex_f,age_10yrbands_y45_54,mts_details_mrd,2017,164.348
bol,sex_f,age_10yrbands_y45_54,mts_details_mrd,2018,191.673
bol,sex_f,age_10yrbands_y45_54,mts_details_mrd,2019,188.626
bol,sex_f,age_10yrbands_y45_54,mts_details_mrd,2022,206.138
bol,sex_f,age_10yrbands_y45_54,mts_details_mrd,2023,224.708
bol,sex_f,age_10yrbands_y45_54,mts_details_mrd,2024,217.115
bol,sex_f,age_10yrbands_y45_54,mts_details_sep,1999,15.791
bol,sex_f,age_10yrbands_y45_54,mts_details_sep,2000,10.565
bol,sex_f,age_10yrbands_y45_54,mts_details_sep,2001,10.974
bol,sex_f,age_10yrbands_y45_54,mts_details_sep,2002,6.892
bol,sex_f,age_10yrbands_y45_54,mts_details_sep,2004,26.885
bol,sex_f,age_10yrbands_y45_54,mts_details_sep,2005,17.821
bol,sex_f,age_10yrbands_y45_54,mts_details_sep,2006,24.375
bol,sex_f,age_10yrbands_y45_54,mts_details_sep,2007,17.746
bol,sex_f,age_10yrbands_y45_54,mts_details_sep,2008,20.515
bol,sex_f,age_10yrbands_y45_54,mts_details_sep,2009,33.515
bol,sex_f,age_10yrbands_y45_54,mts_details_sep,2011,24.913
bol,sex_f,age_10yrbands_y45_54,mts_details_sep,2012,26.266
bol,sex_f,age_10yrbands_y45_54,mts_details_sep,2013,34.693
bol,sex_f,age_10yrbands_y45_54,mts_details_sep,2014,33.258
bol,sex_f,age_10yrbands_y45_54,mts_details_sep,2015,27.058
bol,sex_f,age_10yrbands_y45_54,mts_details_sep,2016,31.046
bol,sex_f,age_10yrbands_y45_54,mts_details_sep,2017,31.616
bol,sex_f,age_10yrbands_y45_54,mts_details_sep,2018,32.406
bol,sex_f,age_10yrbands_y45_54,mts_details_sep,2019,35.192
bol,sex_f,age_10yrbands_y45_54,mts_details_sep,2022,40.744
bol,sex_f,age_10yrbands_y45_54,mts_details_sep,2023,39.963
bol,sex_f,age_10yrbands_y45_54,mts_details_sep,2024,42.95
bol,sex_f,age_10yrbands_y45_54,mts_details_sgle,1999,11.8
bol,sex_f,age_10yrbands_y45_54,mts_details_sgle,2000,98.849
bol,sex_f,age_10yrbands_y45_54,mts_details_sgle,2001,12.41
bol,sex_f,age_10yrbands_y45_54,mts_details_sgle,2002,10.248
bol,sex_f,age_10yrbands_y45_54,mts_details_sgle,2004,17.499
bol,sex_f,age_10yrbands_y45_54,mts_details_sgle,2005,13.071
bol,sex_f,age_10yrbands_y45_54,mts_details_sgle,2006,19.047
bol,sex_f,age_10yrbands_y45_54,mts_details_sgle,2007,13.428
bol,sex_f,age_10yrbands_y45_54,mts_details_sgle,2008,26.353
bol,sex_f,age_10yrbands_y45_54,mts_details_sgle,2009,17.958
bol,sex_f,age_10yrbands_y45_54,mts_details_sgle,2011,24.101
bol,sex_f,age_10yrbands_y45_54,mts_details_sgle,2012,28.863
bol,sex_f,age_10yrbands_y45_54,mts_details_sgle,2013,33.073
bol,sex_f,age_10yrbands_y45_54,mts_details_sgle,2014,28.171
bol,sex_f,age_10yrbands_y45_54,mts_details_sgle,2015,33.521
bol,sex_f,age_10yrbands_y45_54,mts_details_sgle,2016,18.135
bol,sex_f,age_10yrbands_y45_54,mts_details_sgle,2017,25.29
bol,sex_f,age_10yrbands_y45_54,mts_details_sgle,2018,26.181
bol,sex_f,age_10yrbands_y45_54,mts_details_sgle,2019,31.585
bol,sex_f,age_10yrbands_y45_54,mts_details_sgle,2022,51.472
bol,sex_f,age_10yrbands_y45_54,mts_details_sgle,2023,47.336
bol,sex_f,age_10yrbands_y45_54,mts_details_sgle,2024,52.008
bol,sex_f,age_10yrbands_y45_54,mts_details_total,1999,202.078
bol,sex_f,age_10yrbands_y45_54,mts_details_total,2000,145.731
bol,sex_f,age_10yrbands_y45_54,mts_details_total,2001,171.161
bol,sex_f,age_10yrbands_y45_54,mts_details_total,2002,165.671
bol,sex_f,age_10yrbands_y45_54,mts_details_total,2004,242.04
bol,sex_f,age_10yrbands_y45_54,mts_details_total,2005,228.267
bol,sex_f,age_10yrbands_y45_54,mts_details_total,2006,262.791
bol,sex_f,age_10yrbands_y45_54,mts_details_total,2007,235.353
bol,sex_f,age_10yrbands_y45_54,mts_details_total,2008,260.195
bol,sex_f,age_10yrbands_y45_54,mts_details_total,2009,292.701
bol,sex_f,age_10yrbands_y45_54,mts_details_total,2011,277.501
bol,sex_f,age_10yrbands_y45_54,mts_details_total,2012,267.345
bol,sex_f,age_10yrbands_y45_54,mts_details_total,2013,303.989
bol,sex_f,age_10yrbands_y45_54,mts_details_total,2014,316.52
bol,sex_f,age_10yrbands_y45_54,mts_details_total,2015,279.482
bol,sex_f,age_10yrbands_y45_54,mts_details_total,2016,255.497
bol,sex_f,age_10yrbands_y45_54,mts_details_total,2017,276.789
bol,sex_f,age_10yrbands_y45_54,mts_details_total,2018,314.206
bol,sex_f,age_10yrbands_y45_54,mts_details_total,2019,324.638
bol,sex_f,age_10yrbands_y45_54,mts_details_total,2022,385.747
bol,sex_f,age_10yrbands_y45_54,mts_details_total,2023,409.467
bol,sex_f,age_10yrbands_y45_54,mts_details_total,2024,419.576
bol,sex_f,age_10yrbands_y45_54,mts_details_union,1999,13.015
bol,sex_f,age_10yrbands_y45_54,mts_details_union,2000,16.772
bol,sex_f,age_10yrbands_y45_54,mts_details_union,2001,19.283
bol,sex_f,age_10yrbands_y45_54,mts_details_union,2002,12.601
bol,sex_f,age_10yrbands_y45_54,mts_details_union,2004,21.62
bol,sex_f,age_10yrbands_y45_54,mts_details_union,2005,20.673
bol,sex_f,age_10yrbands_y45_54,mts_details_union,2006,24.893
bol,sex_f,age_10yrbands_y45_54,mts_details_union,2007,31.453
bol,sex_f,age_10yrbands_y45_54,mts_details_union,2008,21.888
bol,sex_f,age_10yrbands_y45_54,mts_details_union,2009,37.704
bol,sex_f,age_10yrbands_y45_54,mts_details_union,2011,33.772
bol,sex_f,age_10yrbands_y45_54,mts_details_union,2012,30.179
bol,sex_f,age_10yrbands_y45_54,mts_details_union,2013,27.118
bol,sex_f,age_10yrbands_y45_54,mts_details_union,2014,43.928
bol,sex_f,age_10yrbands_y45_54,mts_details_union,2015,32.042
bol,sex_f,age_10yrbands_y45_54,mts_details_union,2016,37.16
bol,sex_f,age_10yrbands_y45_54,mts_details_union,2017,37.866
bol,sex_f,age_10yrbands_y45_54,mts_details_union,2018,46.383
bol,sex_f,age_10yrbands_y45_54,mts_details_union,2019,51.566
bol,sex_f,age_10yrbands_y45_54,mts_details_union,2022,64.425
bol,sex_f,age_10yrbands_y45_54,mts_details_union,2023,72.443
bol,sex_f,age_10yrbands_y45_54,mts_details_union,2024,79.863
bol,sex_f,age_10yrbands_y45_54,mts_details_wid,1999,24.48
bol,sex_f,age_10yrbands_y45_54,mts_details_wid,2000,10.629
bol,sex_f,age_10yrbands_y45_54,mts_details_wid,2001,19.351
bol,sex_f,age_10yrbands_y45_54,mts_details_wid,2002,19.165
bol,sex_f,age_10yrbands_y45_54,mts_details_wid,2004,31.19
bol,sex_f,age_10yrbands_y45_54,mts_details_wid,2005,23.993
bol,sex_f,age_10yrbands_y45_54,mts_details_wid,2006,20.146
bol,sex_f,age_10yrbands_y45_54,mts_details_wid,2007,25.808
bol,sex_f,age_10yrbands_y45_54,mts_details_wid,2008,27.201
bol,sex_f,age_10yrbands_y45_54,mts_details_wid,2009,20.185
bol,sex_f,age_10yrbands_y45_54,mts_details_wid,2011,16.375
bol,sex_f,age_10yrbands_y45_54,mts_details_wid,2012,20.096
bol,sex_f,age_10yrbands_y45_54,mts_details_wid,2013,25.459
bol,sex_f,age_10yrbands_y45_54,mts_details_wid,2014,20.527
bol,sex_f,age_10yrbands_y45_54,mts_details_wid,2015,19.755
bol,sex_f,age_10yrbands_y45_54,mts_details_wid,2016,17.249
bol,sex_f,age_10yrbands_y45_54,mts_details_wid,2017,17.668
bol,sex_f,age_10yrbands_y45_54,mts_details_wid,2018,17.563
bol,sex_f,age_10yrbands_y45_54,mts_details_wid,2019,17.668
bol,sex_f,age_10yrbands_y45_54,mts_details_wid,2022,22.968
bol,sex_f,age_10yrbands_y45_54,mts_details_wid,2023,25.017
bol,sex_f,age_10yrbands_y45_54,mts_details_wid,2024,27.639
bol,sex_f,age_10yrbands_y55_64,mts_aggregate_1,1999,46.809
bol,sex_f,age_10yrbands_y55_64,mts_aggregate_1,2000,66.72
bol,sex_f,age_10yrbands_y55_64,mts_aggregate_1,2001,30.663
bol,sex_f,age_10yrbands_y55_64,mts_aggregate_1,2002,28.351
bol,sex_f,age_10yrbands_y55_64,mts_aggregate_1,2004,50.46
bol,sex_f,age_10yrbands_y55_64,mts_aggregate_1,2005,61.557
bol,sex_f,age_10yrbands_y55_64,mts_aggregate_1,2006,43.185
bol,sex_f,age_10yrbands_y55_64,mts_aggregate_1,2007,54.798
bol,sex_f,age_10yrbands_y55_64,mts_aggregate_1,2008,59.734
bol,sex_f,age_10yrbands_y55_64,mts_aggregate_1,2009,58.121
bol,sex_f,age_10yrbands_y55_64,mts_aggregate_1,2011,67.549
bol,sex_f,age_10yrbands_y55_64,mts_aggregate_1,2012,64.934
bol,sex_f,age_10yrbands_y55_64,mts_aggregate_1,2013,76.756
bol,sex_f,age_10yrbands_y55_64,mts_aggregate_1,2014,83.688
bol,sex_f,age_10yrbands_y55_64,mts_aggregate_1,2015,77.338
bol,sex_f,age_10yrbands_y55_64,mts_aggregate_1,2016,71.404
bol,sex_f,age_10yrbands_y55_64,mts_aggregate_1,2017,73.56
bol,sex_f,age_10yrbands_y55_64,mts_aggregate_1,2018,84.028
bol,sex_f,age_10yrbands_y55_64,mts_aggregate_1,2019,92.73
bol,sex_f,age_10yrbands_y55_64,mts_aggregate_1,2022,112.626
bol,sex_f,age_10yrbands_y55_64,mts_aggregate_1,2023,111.646
bol,sex_f,age_10yrbands_y55_64,mts_aggregate_1,2024,123.224
bol,sex_f,age_10yrbands_y55_64,mts_aggregate_2,1999,88.279
bol,sex_f,age_10yrbands_y55_64,mts_aggregate_2,2000,27.386
bol,sex_f,age_10yrbands_y55_64,mts_aggregate_2,2001,60.855
bol,sex_f,age_10yrbands_y55_64,mts_aggregate_2,2002,61.704
bol,sex_f,age_10yrbands_y55_64,mts_aggregate_2,2004,105.506
bol,sex_f,age_10yrbands_y55_64,mts_aggregate_2,2005,105.447
bol,sex_f,age_10yrbands_y55_64,mts_aggregate_2,2006,92.94
bol,sex_f,age_10yrbands_y55_64,mts_aggregate_2,2007,106.416
bol,sex_f,age_10yrbands_y55_64,mts_aggregate_2,2008,124.879
bol,sex_f,age_10yrbands_y55_64,mts_aggregate_2,2009,116.429
bol,sex_f,age_10yrbands_y55_64,mts_aggregate_2,2011,129.322
bol,sex_f,age_10yrbands_y55_64,mts_aggregate_2,2012,118.389
bol,sex_f,age_10yrbands_y55_64,mts_aggregate_2,2013,140.257
bol,sex_f,age_10yrbands_y55_64,mts_aggregate_2,2014,153.315
bol,sex_f,age_10yrbands_y55_64,mts_aggregate_2,2015,135.554
bol,sex_f,age_10yrbands_y55_64,mts_aggregate_2,2016,128.602
bol,sex_f,age_10yrbands_y55_64,mts_aggregate_2,2017,152.398
bol,sex_f,age_10yrbands_y55_64,mts_aggregate_2,2018,176.292
bol,sex_f,age_10yrbands_y55_64,mts_aggregate_2,2019,179.444
bol,sex_f,age_10yrbands_y55_64,mts_aggregate_2,2022,191.812
bol,sex_f,age_10yrbands_y55_64,mts_aggregate_2,2023,201.676
bol,sex_f,age_10yrbands_y55_64,mts_aggregate_2,2024,217.199
bol,sex_f,age_10yrbands_y55_64,mts_aggregate_total,1999,135.088
bol,sex_f,age_10yrbands_y55_64,mts_aggregate_total,2000,94.106
bol,sex_f,age_10yrbands_y55_64,mts_aggregate_total,2001,91.518
bol,sex_f,age_10yrbands_y55_64,mts_aggregate_total,2002,90.055
bol,sex_f,age_10yrbands_y55_64,mts_aggregate_total,2004,155.966
bol,sex_f,age_10yrbands_y55_64,mts_aggregate_total,2005,167.004
bol,sex_f,age_10yrbands_y55_64,mts_aggregate_total,2006,136.125
bol,sex_f,age_10yrbands_y55_64,mts_aggregate_total,2007,161.214
bol,sex_f,age_10yrbands_y55_64,mts_aggregate_total,2008,184.613
bol,sex_f,age_10yrbands_y55_64,mts_aggregate_total,2009,175.036
bol,sex_f,age_10yrbands_y55_64,mts_aggregate_total,2011,196.871
bol,sex_f,age_10yrbands_y55_64,mts_aggregate_total,2012,183.323
bol,sex_f,age_10yrbands_y55_64,mts_aggregate_total,2013,217.013
bol,sex_f,age_10yrbands_y55_64,mts_aggregate_total,2014,237.003
bol,sex_f,age_10yrbands_y55_64,mts_aggregate_total,2015,212.892
bol,sex_f,age_10yrbands_y55_64,mts_aggregate_total,2016,200.007
bol,sex_f,age_10yrbands_y55_64,mts_aggregate_total,2017,225.958
bol,sex_f,age_10yrbands_y55_64,mts_aggregate_total,2018,260.321
bol,sex_f,age_10yrbands_y55_64,mts_aggregate_total,2019,272.174
bol,sex_f,age_10yrbands_y55_64,mts_aggregate_total,2022,304.439
bol,sex_f,age_10yrbands_y55_64,mts_aggregate_total,2023,313.322
bol,sex_f,age_10yrbands_y55_64,mts_aggregate_total,2024,340.423
bol,sex_f,age_10yrbands_y55_64,mts_details_mrd,1999,81.089
bol,sex_f,age_10yrbands_y55_64,mts_details_mrd,2000,4.75
bol,sex_f,age_10yrbands_y55_64,mts_details_mrd,2001,58.013
bol,sex_f,age_10yrbands_y55_64,mts_details_mrd,2002,58.256
bol,sex_f,age_10yrbands_y55_64,mts_details_mrd,2004,91.463
bol,sex_f,age_10yrbands_y55_64,mts_details_mrd,2005,94.038
bol,sex_f,age_10yrbands_y55_64,mts_details_mrd,2006,84.252
bol,sex_f,age_10yrbands_y55_64,mts_details_mrd,2007,103.651
bol,sex_f,age_10yrbands_y55_64,mts_details_mrd,2008,113.451
bol,sex_f,age_10yrbands_y55_64,mts_details_mrd,2009,107.851
bol,sex_f,age_10yrbands_y55_64,mts_details_mrd,2011,121.042
bol,sex_f,age_10yrbands_y55_64,mts_details_mrd,2012,107.076
bol,sex_f,age_10yrbands_y55_64,mts_details_mrd,2013,122.879
bol,sex_f,age_10yrbands_y55_64,mts_details_mrd,2014,136.15
bol,sex_f,age_10yrbands_y55_64,mts_details_mrd,2015,119.357
bol,sex_f,age_10yrbands_y55_64,mts_details_mrd,2016,114.256
bol,sex_f,age_10yrbands_y55_64,mts_details_mrd,2017,135.144
bol,sex_f,age_10yrbands_y55_64,mts_details_mrd,2018,156.836
bol,sex_f,age_10yrbands_y55_64,mts_details_mrd,2019,160.078
bol,sex_f,age_10yrbands_y55_64,mts_details_mrd,2022,168.298
bol,sex_f,age_10yrbands_y55_64,mts_details_mrd,2023,173.357
bol,sex_f,age_10yrbands_y55_64,mts_details_mrd,2024,185.666
bol,sex_f,age_10yrbands_y55_64,mts_details_sep,1999,5.239
bol,sex_f,age_10yrbands_y55_64,mts_details_sep,2000,4.251
bol,sex_f,age_10yrbands_y55_64,mts_details_sep,2001,5.373
bol,sex_f,age_10yrbands_y55_64,mts_details_sep,2002,5.329
bol,sex_f,age_10yrbands_y55_64,mts_details_sep,2004,12.628
bol,sex_f,age_10yrbands_y55_64,mts_details_sep,2005,11.297
bol,sex_f,age_10yrbands_y55_64,mts_details_sep,2006,9.519
bol,sex_f,age_10yrbands_y55_64,mts_details_sep,2007,9.956
bol,sex_f,age_10yrbands_y55_64,mts_details_sep,2008,14.242
bol,sex_f,age_10yrbands_y55_64,mts_details_sep,2009,7.832
bol,sex_f,age_10yrbands_y55_64,mts_details_sep,2011,15.348
bol,sex_f,age_10yrbands_y55_64,mts_details_sep,2012,14.682
bol,sex_f,age_10yrbands_y55_64,mts_details_sep,2013,15.226
bol,sex_f,age_10yrbands_y55_64,mts_details_sep,2014,19.735
bol,sex_f,age_10yrbands_y55_64,mts_details_sep,2015,17.72
bol,sex_f,age_10yrbands_y55_64,mts_details_sep,2016,20.621
bol,sex_f,age_10yrbands_y55_64,mts_details_sep,2017,24.032
bol,sex_f,age_10yrbands_y55_64,mts_details_sep,2018,24.828
bol,sex_f,age_10yrbands_y55_64,mts_details_sep,2019,27.416
bol,sex_f,age_10yrbands_y55_64,mts_details_sep,2022,32.335
bol,sex_f,age_10yrbands_y55_64,mts_details_sep,2023,34.007
bol,sex_f,age_10yrbands_y55_64,mts_details_sep,2024,37.423
bol,sex_f,age_10yrbands_y55_64,mts_details_sgle,1999,4.349
bol,sex_f,age_10yrbands_y55_64,mts_details_sgle,2000,54.91
bol,sex_f,age_10yrbands_y55_64,mts_details_sgle,2001,7.541
bol,sex_f,age_10yrbands_y55_64,mts_details_sgle,2002,2.793
bol,sex_f,age_10yrbands_y55_64,mts_details_sgle,2004,8.985
bol,sex_f,age_10yrbands_y55_64,mts_details_sgle,2005,8.512
bol,sex_f,age_10yrbands_y55_64,mts_details_sgle,2006,10.876
bol,sex_f,age_10yrbands_y55_64,mts_details_sgle,2007,8.114
bol,sex_f,age_10yrbands_y55_64,mts_details_sgle,2008,13.468
bol,sex_f,age_10yrbands_y55_64,mts_details_sgle,2009,14.778
bol,sex_f,age_10yrbands_y55_64,mts_details_sgle,2011,15.29
bol,sex_f,age_10yrbands_y55_64,mts_details_sgle,2012,15.775
bol,sex_f,age_10yrbands_y55_64,mts_details_sgle,2013,19.998
bol,sex_f,age_10yrbands_y55_64,mts_details_sgle,2014,19.122
bol,sex_f,age_10yrbands_y55_64,mts_details_sgle,2015,19.528
bol,sex_f,age_10yrbands_y55_64,mts_details_sgle,2016,17.124
bol,sex_f,age_10yrbands_y55_64,mts_details_sgle,2017,18.063
bol,sex_f,age_10yrbands_y55_64,mts_details_sgle,2018,19.012
bol,sex_f,age_10yrbands_y55_64,mts_details_sgle,2019,24.348
bol,sex_f,age_10yrbands_y55_64,mts_details_sgle,2022,32.87
bol,sex_f,age_10yrbands_y55_64,mts_details_sgle,2023,31.755
bol,sex_f,age_10yrbands_y55_64,mts_details_sgle,2024,38.006
bol,sex_f,age_10yrbands_y55_64,mts_details_total,1999,135.088
bol,sex_f,age_10yrbands_y55_64,mts_details_total,2000,94.106
bol,sex_f,age_10yrbands_y55_64,mts_details_total,2001,91.518
bol,sex_f,age_10yrbands_y55_64,mts_details_total,2002,90.055
bol,sex_f,age_10yrbands_y55_64,mts_details_total,2004,155.966
bol,sex_f,age_10yrbands_y55_64,mts_details_total,2005,167.004
bol,sex_f,age_10yrbands_y55_64,mts_details_total,2006,136.125
bol,sex_f,age_10yrbands_y55_64,mts_details_total,2007,161.214
bol,sex_f,age_10yrbands_y55_64,mts_details_total,2008,184.613
bol,sex_f,age_10yrbands_y55_64,mts_details_total,2009,175.036
bol,sex_f,age_10yrbands_y55_64,mts_details_total,2011,196.871
bol,sex_f,age_10yrbands_y55_64,mts_details_total,2012,183.323
bol,sex_f,age_10yrbands_y55_64,mts_details_total,2013,217.013
bol,sex_f,age_10yrbands_y55_64,mts_details_total,2014,237.003
bol,sex_f,age_10yrbands_y55_64,mts_details_total,2015,212.892
bol,sex_f,age_10yrbands_y55_64,mts_details_total,2016,200.007
bol,sex_f,age_10yrbands_y55_64,mts_details_total,2017,225.958
bol,sex_f,age_10yrbands_y55_64,mts_details_total,2018,260.321
bol,sex_f,age_10yrbands_y55_64,mts_details_total,2019,272.174
bol,sex_f,age_10yrbands_y55_64,mts_details_total,2022,304.439
bol,sex_f,age_10yrbands_y55_64,mts_details_total,2023,313.322
bol,sex_f,age_10yrbands_y55_64,mts_details_total,2024,340.423
bol,sex_f,age_10yrbands_y55_64,mts_details_union,1999,7.19
bol,sex_f,age_10yrbands_y55_64,mts_details_union,2000,22.636
bol,sex_f,age_10yrbands_y55_64,mts_details_union,2001,2.842
bol,sex_f,age_10yrbands_y55_64,mts_details_union,2002,3.448
bol,sex_f,age_10yrbands_y55_64,mts_details_union,2004,14.043
bol,sex_f,age_10yrbands_y55_64,mts_details_union,2005,11.409
bol,sex_f,age_10yrbands_y55_64,mts_details_union,2006,8.688
bol,sex_f,age_10yrbands_y55_64,mts_details_union,2007,2.765
bol,sex_f,age_10yrbands_y55_64,mts_details_union,2008,11.428
bol,sex_f,age_10yrbands_y55_64,mts_details_union,2009,8.578
bol,sex_f,age_10yrbands_y55_64,mts_details_union,2011,8.28
bol,sex_f,age_10yrbands_y55_64,mts_details_union,2012,11.313
bol,sex_f,age_10yrbands_y55_64,mts_details_union,2013,17.378
bol,sex_f,age_10yrbands_y55_64,mts_details_union,2014,17.165
bol,sex_f,age_10yrbands_y55_64,mts_details_union,2015,16.197
bol,sex_f,age_10yrbands_y55_64,mts_details_union,2016,14.347
bol,sex_f,age_10yrbands_y55_64,mts_details_union,2017,17.254
bol,sex_f,age_10yrbands_y55_64,mts_details_union,2018,19.456
bol,sex_f,age_10yrbands_y55_64,mts_details_union,2019,19.366
bol,sex_f,age_10yrbands_y55_64,mts_details_union,2022,23.515
bol,sex_f,age_10yrbands_y55_64,mts_details_union,2023,28.319
bol,sex_f,age_10yrbands_y55_64,mts_details_union,2024,31.534
bol,sex_f,age_10yrbands_y55_64,mts_details_wid,1999,37.221
bol,sex_f,age_10yrbands_y55_64,mts_details_wid,2000,7.559
bol,sex_f,age_10yrbands_y55_64,mts_details_wid,2001,17.749
bol,sex_f,age_10yrbands_y55_64,mts_details_wid,2002,20.229
bol,sex_f,age_10yrbands_y55_64,mts_details_wid,2004,28.847
bol,sex_f,age_10yrbands_y55_64,mts_details_wid,2005,41.748
bol,sex_f,age_10yrbands_y55_64,mts_details_wid,2006,22.79
bol,sex_f,age_10yrbands_y55_64,mts_details_wid,2007,36.728
bol,sex_f,age_10yrbands_y55_64,mts_details_wid,2008,32.024
bol,sex_f,age_10yrbands_y55_64,mts_details_wid,2009,35.511
bol,sex_f,age_10yrbands_y55_64,mts_details_wid,2011,36.911
bol,sex_f,age_10yrbands_y55_64,mts_details_wid,2012,34.477
bol,sex_f,age_10yrbands_y55_64,mts_details_wid,2013,41.532
bol,sex_f,age_10yrbands_y55_64,mts_details_wid,2014,44.831
bol,sex_f,age_10yrbands_y55_64,mts_details_wid,2015,40.09
bol,sex_f,age_10yrbands_y55_64,mts_details_wid,2016,33.659
bol,sex_f,age_10yrbands_y55_64,mts_details_wid,2017,31.464
bol,sex_f,age_10yrbands_y55_64,mts_details_wid,2018,40.188
bol,sex_f,age_10yrbands_y55_64,mts_details_wid,2019,40.966
bol,sex_f,age_10yrbands_y55_64,mts_details_wid,2022,47.422
bol,sex_f,age_10yrbands_y55_64,mts_details_wid,2023,45.884
bol,sex_f,age_10yrbands_y55_64,mts_details_wid,2024,47.795
bol,sex_f,age_10yrbands_yge65,mts_aggregate_1,1999,48.493
bol,sex_f,age_10yrbands_yge65,mts_aggregate_1,2000,40.492
bol,sex_f,age_10yrbands_yge65,mts_aggregate_1,2001,45.273
bol,sex_f,age_10yrbands_yge65,mts_aggregate_1,2002,29.974
bol,sex_f,age_10yrbands_yge65,mts_aggregate_1,2004,69.207
bol,sex_f,age_10yrbands_yge65,mts_aggregate_1,2005,60.812
bol,sex_f,age_10yrbands_yge65,mts_aggregate_1,2006,55.908
bol,sex_f,age_10yrbands_yge65,mts_aggregate_1,2007,83.997
bol,sex_f,age_10yrbands_yge65,mts_aggregate_1,2008,61.295
bol,sex_f,age_10yrbands_yge65,mts_aggregate_1,2009,60.729
bol,sex_f,age_10yrbands_yge65,mts_aggregate_1,2011,58.458
bol,sex_f,age_10yrbands_yge65,mts_aggregate_1,2012,56.124
bol,sex_f,age_10yrbands_yge65,mts_aggregate_1,2013,81.544
bol,sex_f,age_10yrbands_yge65,mts_aggregate_1,2014,72.318
bol,sex_f,age_10yrbands_yge65,mts_aggregate_1,2015,68.797
bol,sex_f,age_10yrbands_yge65,mts_aggregate_1,2016,69.087
bol,sex_f,age_10yrbands_yge65,mts_aggregate_1,2017,86.005
bol,sex_f,age_10yrbands_yge65,mts_aggregate_1,2018,93.787
bol,sex_f,age_10yrbands_yge65,mts_aggregate_1,2019,90.39
bol,sex_f,age_10yrbands_yge65,mts_aggregate_1,2022,108.43
bol,sex_f,age_10yrbands_yge65,mts_aggregate_1,2023,116.229
bol,sex_f,age_10yrbands_yge65,mts_aggregate_1,2024,127.891
bol,sex_f,age_10yrbands_yge65,mts_aggregate_2,1999,48.656
bol,sex_f,age_10yrbands_yge65,mts_aggregate_2,2000,29.653
bol,sex_f,age_10yrbands_yge65,mts_aggregate_2,2001,44.476
bol,sex_f,age_10yrbands_yge65,mts_aggregate_2,2002,43.396
bol,sex_f,age_10yrbands_yge65,mts_aggregate_2,2004,51.839
bol,sex_f,age_10yrbands_yge65,mts_aggregate_2,2005,64.219
bol,sex_f,age_10yrbands_yge65,mts_aggregate_2,2006,57.045
bol,sex_f,age_10yrbands_yge65,mts_aggregate_2,2007,75.476
bol,sex_f,age_10yrbands_yge65,mts_aggregate_2,2008,66.072
bol,sex_f,age_10yrbands_yge65,mts_aggregate_2,2009,59.18
bol,sex_f,age_10yrbands_yge65,mts_aggregate_2,2011,64.66
bol,sex_f,age_10yrbands_yge65,mts_aggregate_2,2012,68.518
bol,sex_f,age_10yrbands_yge65,mts_aggregate_2,2013,88.243
bol,sex_f,age_10yrbands_yge65,mts_aggregate_2,2014,82.803
bol,sex_f,age_10yrbands_yge65,mts_aggregate_2,2015,81.506
bol,sex_f,age_10yrbands_yge65,mts_aggregate_2,2016,75.509
bol,sex_f,age_10yrbands_yge65,mts_aggregate_2,2017,94.877
bol,sex_f,age_10yrbands_yge65,mts_aggregate_2,2018,110.96
bol,sex_f,age_10yrbands_yge65,mts_aggregate_2,2019,101.824
bol,sex_f,age_10yrbands_yge65,mts_aggregate_2,2022,111.906
bol,sex_f,age_10yrbands_yge65,mts_aggregate_2,2023,132.724
bol,sex_f,age_10yrbands_yge65,mts_aggregate_2,2024,142.658
bol,sex_f,age_10yrbands_yge65,mts_aggregate_total,1999,97.149
bol,sex_f,age_10yrbands_yge65,mts_aggregate_total,2000,70.145
bol,sex_f,age_10yrbands_yge65,mts_aggregate_total,2001,89.749
bol,sex_f,age_10yrbands_yge65,mts_aggregate_total,2002,73.37
bol,sex_f,age_10yrbands_yge65,mts_aggregate_total,2004,121.046
bol,sex_f,age_10yrbands_yge65,mts_aggregate_total,2005,125.031
bol,sex_f,age_10yrbands_yge65,mts_aggregate_total,2006,112.953
bol,sex_f,age_10yrbands_yge65,mts_aggregate_total,2007,159.473
bol,sex_f,age_10yrbands_yge65,mts_aggregate_total,2008,127.367
bol,sex_f,age_10yrbands_yge65,mts_aggregate_total,2009,119.909
bol,sex_f,age_10yrbands_yge65,mts_aggregate_total,2011,123.118
bol,sex_f,age_10yrbands_yge65,mts_aggregate_total,2012,124.642
bol,sex_f,age_10yrbands_yge65,mts_aggregate_total,2013,169.787
bol,sex_f,age_10yrbands_yge65,mts_aggregate_total,2014,155.777
bol,sex_f,age_10yrbands_yge65,mts_aggregate_total,2015,150.303
bol,sex_f,age_10yrbands_yge65,mts_aggregate_total,2016,144.596
bol,sex_f,age_10yrbands_yge65,mts_aggregate_total,2017,180.883
bol,sex_f,age_10yrbands_yge65,mts_aggregate_total,2018,204.747
bol,sex_f,age_10yrbands_yge65,mts_aggregate_total,2019,192.214
bol,sex_f,age_10yrbands_yge65,mts_aggregate_total,2022,220.336
bol,sex_f,age_10yrbands_yge65,mts_aggregate_total,2023,248.953
bol,sex_f,age_10yrbands_yge65,mts_aggregate_total,2024,270.549
bol,sex_f,age_10yrbands_yge65,mts_details_mrd,1999,47.671
bol,sex_f,age_10yrbands_yge65,mts_details_mrd,2000,1.001
bol,sex_f,age_10yrbands_yge65,mts_details_mrd,2001,41.546
bol,sex_f,age_10yrbands_yge65,mts_details_mrd,2002,40.847
bol,sex_f,age_10yrbands_yge65,mts_details_mrd,2004,50.13
bol,sex_f,age_10yrbands_yge65,mts_details_mrd,2005,63.691
bol,sex_f,age_10yrbands_yge65,mts_details_mrd,2006,55.585
bol,sex_f,age_10yrbands_yge65,mts_details_mrd,2007,73.376
bol,sex_f,age_10yrbands_yge65,mts_details_mrd,2008,63.087
bol,sex_f,age_10yrbands_yge65,mts_details_mrd,2009,54.93
bol,sex_f,age_10yrbands_yge65,mts_details_mrd,2011,59.359
bol,sex_f,age_10yrbands_yge65,mts_details_mrd,2012,63.312
bol,sex_f,age_10yrbands_yge65,mts_details_mrd,2013,85.18
bol,sex_f,age_10yrbands_yge65,mts_details_mrd,2014,79.797
bol,sex_f,age_10yrbands_yge65,mts_details_mrd,2015,75.684
bol,sex_f,age_10yrbands_yge65,mts_details_mrd,2016,70.842
bol,sex_f,age_10yrbands_yge65,mts_details_mrd,2017,89.854
bol,sex_f,age_10yrbands_yge65,mts_details_mrd,2018,103.682
bol,sex_f,age_10yrbands_yge65,mts_details_mrd,2019,93.503
bol,sex_f,age_10yrbands_yge65,mts_details_mrd,2022,102.374
bol,sex_f,age_10yrbands_yge65,mts_details_mrd,2023,125.255
bol,sex_f,age_10yrbands_yge65,mts_details_mrd,2024,129.672
bol,sex_f,age_10yrbands_yge65,mts_details_sep,2000,3.692
bol,sex_f,age_10yrbands_yge65,mts_details_sep,2001,1.469
bol,sex_f,age_10yrbands_yge65,mts_details_sep,2002,1.839
bol,sex_f,age_10yrbands_yge65,mts_details_sep,2004,3.637
bol,sex_f,age_10yrbands_yge65,mts_details_sep,2005,3.954
bol,sex_f,age_10yrbands_yge65,mts_details_sep,2006,6.388
bol,sex_f,age_10yrbands_yge65,mts_details_sep,2007,7.741
bol,sex_f,age_10yrbands_yge65,mts_details_sep,2008,6.181
bol,sex_f,age_10yrbands_yge65,mts_details_sep,2009,5.157
bol,sex_f,age_10yrbands_yge65,mts_details_sep,2011,5.227
bol,sex_f,age_10yrbands_yge65,mts_details_sep,2012,5.685
bol,sex_f,age_10yrbands_yge65,mts_details_sep,2013,5.681
bol,sex_f,age_10yrbands_yge65,mts_details_sep,2014,7.824
bol,sex_f,age_10yrbands_yge65,mts_details_sep,2015,10.986
bol,sex_f,age_10yrbands_yge65,mts_details_sep,2016,9.206
bol,sex_f,age_10yrbands_yge65,mts_details_sep,2017,10.545
bol,sex_f,age_10yrbands_yge65,mts_details_sep,2018,11.591
bol,sex_f,age_10yrbands_yge65,mts_details_sep,2019,11.675
bol,sex_f,age_10yrbands_yge65,mts_details_sep,2022,14.528
bol,sex_f,age_10yrbands_yge65,mts_details_sep,2023,16.494
bol,sex_f,age_10yrbands_yge65,mts_details_sep,2024,14.534
bol,sex_f,age_10yrbands_yge65,mts_details_sgle,1999,4.963
bol,sex_f,age_10yrbands_yge65,mts_details_sgle,2000,31.873
bol,sex_f,age_10yrbands_yge65,mts_details_sgle,2001,6.319
bol,sex_f,age_10yrbands_yge65,mts_details_sgle,2002,3.64
bol,sex_f,age_10yrbands_yge65,mts_details_sgle,2004,5.619
bol,sex_f,age_10yrbands_yge65,mts_details_sgle,2005,4.424
bol,sex_f,age_10yrbands_yge65,mts_details_sgle,2006,13.13
bol,sex_f,age_10yrbands_yge65,mts_details_sgle,2007,10.289
bol,sex_f,age_10yrbands_yge65,mts_details_sgle,2008,9.554
bol,sex_f,age_10yrbands_yge65,mts_details_sgle,2009,7.005
bol,sex_f,age_10yrbands_yge65,mts_details_sgle,2011,9.172
bol,sex_f,age_10yrbands_yge65,mts_details_sgle,2012,7.42
bol,sex_f,age_10yrbands_yge65,mts_details_sgle,2013,9.721
bol,sex_f,age_10yrbands_yge65,mts_details_sgle,2014,9.226
bol,sex_f,age_10yrbands_yge65,mts_details_sgle,2015,8.154
bol,sex_f,age_10yrbands_yge65,mts_details_sgle,2016,10.768
bol,sex_f,age_10yrbands_yge65,mts_details_sgle,2017,10.01
bol,sex_f,age_10yrbands_yge65,mts_details_sgle,2018,12.212
bol,sex_f,age_10yrbands_yge65,mts_details_sgle,2019,11.357
bol,sex_f,age_10yrbands_yge65,mts_details_sgle,2022,18.663
bol,sex_f,age_10yrbands_yge65,mts_details_sgle,2023,17.232
bol,sex_f,age_10yrbands_yge65,mts_details_sgle,2024,20.728
bol,sex_f,age_10yrbands_yge65,mts_details_total,1999,97.149
bol,sex_f,age_10yrbands_yge65,mts_details_total,2000,70.145
bol,sex_f,age_10yrbands_yge65,mts_details_total,2001,89.749
bol,sex_f,age_10yrbands_yge65,mts_details_total,2002,73.37
bol,sex_f,age_10yrbands_yge65,mts_details_total,2004,121.046
bol,sex_f,age_10yrbands_yge65,mts_details_total,2005,125.031
bol,sex_f,age_10yrbands_yge65,mts_details_total,2006,112.953
bol,sex_f,age_10yrbands_yge65,mts_details_total,2007,159.473
bol,sex_f,age_10yrbands_yge65,mts_details_total,2008,127.367
bol,sex_f,age_10yrbands_yge65,mts_details_total,2009,119.909
bol,sex_f,age_10yrbands_yge65,mts_details_total,2011,123.118
bol,sex_f,age_10yrbands_yge65,mts_details_total,2012,124.642
bol,sex_f,age_10yrbands_yge65,mts_details_total,2013,169.787
bol,sex_f,age_10yrbands_yge65,mts_details_total,2014,155.777
bol,sex_f,age_10yrbands_yge65,mts_details_total,2015,150.303
bol,sex_f,age_10yrbands_yge65,mts_details_total,2016,144.596
bol,sex_f,age_10yrbands_yge65,mts_details_total,2017,180.883
bol,sex_f,age_10yrbands_yge65,mts_details_total,2018,204.747
bol,sex_f,age_10yrbands_yge65,mts_details_total,2019,192.214
bol,sex_f,age_10yrbands_yge65,mts_details_total,2022,220.336
bol,sex_f,age_10yrbands_yge65,mts_details_total,2023,248.953
bol,sex_f,age_10yrbands_yge65,mts_details_total,2024,270.549
bol,sex_f,age_10yrbands_yge65,mts_details_union,2000,28.652
bol,sex_f,age_10yrbands_yge65,mts_details_union,2001,2.93
bol,sex_f,age_10yrbands_yge65,mts_details_union,2002,2.549
bol,sex_f,age_10yrbands_yge65,mts_details_union,2004,1.709
bol,sex_f,age_10yrbands_yge65,mts_details_union,2008,2.985
bol,sex_f,age_10yrbands_yge65,mts_details_union,2009,4.25
bol,sex_f,age_10yrbands_yge65,mts_details_union,2011,5.301
bol,sex_f,age_10yrbands_yge65,mts_details_union,2012,5.206
bol,sex_f,age_10yrbands_yge65,mts_details_union,2013,3.063
bol,sex_f,age_10yrbands_yge65,mts_details_union,2014,3.006
bol,sex_f,age_10yrbands_yge65,mts_details_union,2015,5.822
bol,sex_f,age_10yrbands_yge65,mts_details_union,2016,4.667
bol,sex_f,age_10yrbands_yge65,mts_details_union,2017,5.024
bol,sex_f,age_10yrbands_yge65,mts_details_union,2018,7.278
bol,sex_f,age_10yrbands_yge65,mts_details_union,2019,8.321
bol,sex_f,age_10yrbands_yge65,mts_details_union,2022,9.532
bol,sex_f,age_10yrbands_yge65,mts_details_union,2023,7.469
bol,sex_f,age_10yrbands_yge65,mts_details_union,2024,12.986
bol,sex_f,age_10yrbands_yge65,mts_details_wid,1999,40.663
bol,sex_f,age_10yrbands_yge65,mts_details_wid,2000,4.927
bol,sex_f,age_10yrbands_yge65,mts_details_wid,2001,37.485
bol,sex_f,age_10yrbands_yge65,mts_details_wid,2002,24.495
bol,sex_f,age_10yrbands_yge65,mts_details_wid,2004,59.951
bol,sex_f,age_10yrbands_yge65,mts_details_wid,2005,52.434
bol,sex_f,age_10yrbands_yge65,mts_details_wid,2006,36.39
bol,sex_f,age_10yrbands_yge65,mts_details_wid,2007,65.967
bol,sex_f,age_10yrbands_yge65,mts_details_wid,2008,45.56
bol,sex_f,age_10yrbands_yge65,mts_details_wid,2009,48.567
bol,sex_f,age_10yrbands_yge65,mts_details_wid,2011,44.059
bol,sex_f,age_10yrbands_yge65,mts_details_wid,2012,43.019
bol,sex_f,age_10yrbands_yge65,mts_details_wid,2013,66.142
bol,sex_f,age_10yrbands_yge65,mts_details_wid,2014,55.268
bol,sex_f,age_10yrbands_yge65,mts_details_wid,2015,49.657
bol,sex_f,age_10yrbands_yge65,mts_details_wid,2016,49.114
bol,sex_f,age_10yrbands_yge65,mts_details_wid,2017,65.45
bol,sex_f,age_10yrbands_yge65,mts_details_wid,2018,69.984
bol,sex_f,age_10yrbands_yge65,mts_details_wid,2019,67.357
bol,sex_f,age_10yrbands_yge65,mts_details_wid,2022,75.239
bol,sex_f,age_10yrbands_yge65,mts_details_wid,2023,82.504
bol,sex_f,age_10yrbands_yge65,mts_details_wid,2024,92.629
bol,sex_f,age_aggregate_total,mts_aggregate_1,1999,422.667
bol,sex_f,age_aggregate_total,mts_aggregate_1,2000,838.303
bol,sex_f,age_aggregate_total,mts_aggregate_1,2001,490.112
bol,sex_f,age_aggregate_total,mts_aggregate_1,2002,466.031
bol,sex_f,age_aggregate_total,mts_aggregate_1,2004,629.07
bol,sex_f,age_aggregate_total,mts_aggregate_1,2005,520.397
bol,sex_f,age_aggregate_total,mts_aggregate_1,2006,511.87
bol,sex_f,age_aggregate_total,mts_aggregate_1,2007,614.685
bol,sex_f,age_aggregate_total,mts_aggregate_1,2008,581.958
bol,sex_f,age_aggregate_total,mts_aggregate_1,2009,565.159
bol,sex_f,age_aggregate_total,mts_aggregate_1,2011,589.681
bol,sex_f,age_aggregate_total,mts_aggregate_1,2012,578.271
bol,sex_f,age_aggregate_total,mts_aggregate_1,2013,712.144
bol,sex_f,age_aggregate_total,mts_aggregate_1,2014,712.146
bol,sex_f,age_aggregate_total,mts_aggregate_1,2015,614.532
bol,sex_f,age_aggregate_total,mts_aggregate_1,2016,540.725
bol,sex_f,age_aggregate_total,mts_aggregate_1,2017,603.106
bol,sex_f,age_aggregate_total,mts_aggregate_1,2018,663.388
bol,sex_f,age_aggregate_total,mts_aggregate_1,2019,692.01
bol,sex_f,age_aggregate_total,mts_aggregate_1,2022,981.975
bol,sex_f,age_aggregate_total,mts_aggregate_1,2023,994.781
bol,sex_f,age_aggregate_total,mts_aggregate_1,2024,1065.678
bol,sex_f,age_aggregate_total,mts_aggregate_2,1999,738.505
bol,sex_f,age_aggregate_total,mts_aggregate_2,2000,199.076
bol,sex_f,age_aggregate_total,mts_aggregate_2,2001,681.918
bol,sex_f,age_aggregate_total,mts_aggregate_2,2002,682.563
bol,sex_f,age_aggregate_total,mts_aggregate_2,2004,930.386
bol,sex_f,age_aggregate_total,mts_aggregate_2,2005,845.124
bol,sex_f,age_aggregate_total,mts_aggregate_2,2006,894.985
bol,sex_f,age_aggregate_total,mts_aggregate_2,2007,889.712
bol,sex_f,age_aggregate_total,mts_aggregate_2,2008,966.29
bol,sex_f,age_aggregate_total,mts_aggregate_2,2009,984.326
bol,sex_f,age_aggregate_total,mts_aggregate_2,2011,997.456
bol,sex_f,age_aggregate_total,mts_aggregate_2,2012,921.534
bol,sex_f,age_aggregate_total,mts_aggregate_2,2013,997.701
bol,sex_f,age_aggregate_total,mts_aggregate_2,2014,1097.281
bol,sex_f,age_aggregate_total,mts_aggregate_2,2015,921.329
bol,sex_f,age_aggregate_total,mts_aggregate_2,2016,845.379
bol,sex_f,age_aggregate_total,mts_aggregate_2,2017,930.004
bol,sex_f,age_aggregate_total,mts_aggregate_2,2018,1093.894
bol,sex_f,age_aggregate_total,mts_aggregate_2,2019,1151.119
bol,sex_f,age_aggregate_total,mts_aggregate_2,2022,1389.521
bol,sex_f,age_aggregate_total,mts_aggregate_2,2023,1440.665
bol,sex_f,age_aggregate_total,mts_aggregate_2,2024,1477.421
bol,sex_f,age_aggregate_total,mts_aggregate_total,1999,1161.172
bol,sex_f,age_aggregate_total,mts_aggregate_total,2000,1037.379
bol,sex_f,age_aggregate_total,mts_aggregate_total,2001,1172.03
bol,sex_f,age_aggregate_total,mts_aggregate_total,2002,1148.594
bol,sex_f,age_aggregate_total,mts_aggregate_total,2004,1559.456
bol,sex_f,age_aggregate_total,mts_aggregate_total,2005,1365.521
bol,sex_f,age_aggregate_total,mts_aggregate_total,2006,1406.855
bol,sex_f,age_aggregate_total,mts_aggregate_total,2007,1504.397
bol,sex_f,age_aggregate_total,mts_aggregate_total,2008,1548.248
bol,sex_f,age_aggregate_total,mts_aggregate_total,2009,1549.971
bol,sex_f,age_aggregate_total,mts_aggregate_total,2011,1587.137
bol,sex_f,age_aggregate_total,mts_aggregate_total,2012,1499.805
bol,sex_f,age_aggregate_total,mts_aggregate_total,2013,1709.845
bol,sex_f,age_aggregate_total,mts_aggregate_total,2014,1810.083
bol,sex_f,age_aggregate_total,mts_aggregate_total,2015,1535.861
bol,sex_f,age_aggregate_total,mts_aggregate_total,2016,1386.104
bol,sex_f,age_aggregate_total,mts_aggregate_total,2017,1533.109
bol,sex_f,age_aggregate_total,mts_aggregate_total,2018,1757.282
bol,sex_f,age_aggregate_total,mts_aggregate_total,2019,1843.129
bol,sex_f,age_aggregate_total,mts_aggregate_total,2022,2371.496
bol,sex_f,age_aggregate_total,mts_aggregate_total,2023,2435.445
bol,sex_f,age_aggregate_total,mts_aggregate_total,2024,2543.099
bol,sex_f,age_aggregate_total,mts_details_mrd,1999,599.239
bol,sex_f,age_aggregate_total,mts_details_mrd,2000,122.629
bol,sex_f,age_aggregate_total,mts_details_mrd,2001,512.004
bol,sex_f,age_aggregate_total,mts_details_mrd,2002,534.881
bol,sex_f,age_aggregate_total,mts_details_mrd,2004,676.656
bol,sex_f,age_aggregate_total,mts_details_mrd,2005,659.119
bol,sex_f,age_aggregate_total,mts_details_mrd,2006,693.444
bol,sex_f,age_aggregate_total,mts_details_mrd,2007,676.274
bol,sex_f,age_aggregate_total,mts_details_mrd,2008,742.795
bol,sex_f,age_aggregate_total,mts_details_mrd,2009,690.159
bol,sex_f,age_aggregate_total,mts_details_mrd,2011,701.784
bol,sex_f,age_aggregate_total,mts_details_mrd,2012,642.481
bol,sex_f,age_aggregate_total,mts_details_mrd,2013,742.348
bol,sex_f,age_aggregate_total,mts_details_mrd,2014,769.164
bol,sex_f,age_aggregate_total,mts_details_mrd,2015,644.028
bol,sex_f,age_aggregate_total,mts_details_mrd,2016,579.741
bol,sex_f,age_aggregate_total,mts_details_mrd,2017,648.549
bol,sex_f,age_aggregate_total,mts_details_mrd,2018,741.94
bol,sex_f,age_aggregate_total,mts_details_mrd,2019,753.374
bol,sex_f,age_aggregate_total,mts_details_mrd,2022,832.301
bol,sex_f,age_aggregate_total,mts_details_mrd,2023,886.515
bol,sex_f,age_aggregate_total,mts_details_mrd,2024,877.357
bol,sex_f,age_aggregate_total,mts_details_sep,1999,62.107
bol,sex_f,age_aggregate_total,mts_details_sep,2000,49.877
bol,sex_f,age_aggregate_total,mts_details_sep,2001,50.425
bol,sex_f,age_aggregate_total,mts_details_sep,2002,48.667
bol,sex_f,age_aggregate_total,mts_details_sep,2004,102.848
bol,sex_f,age_aggregate_total,mts_details_sep,2005,67.436
bol,sex_f,age_aggregate_total,mts_details_sep,2006,74.801
bol,sex_f,age_aggregate_total,mts_details_sep,2007,95.827
bol,sex_f,age_aggregate_total,mts_details_sep,2008,100.37
bol,sex_f,age_aggregate_total,mts_details_sep,2009,99.299
bol,sex_f,age_aggregate_total,mts_details_sep,2011,83.32
bol,sex_f,age_aggregate_total,mts_details_sep,2012,101.162
bol,sex_f,age_aggregate_total,mts_details_sep,2013,117.798
bol,sex_f,age_aggregate_total,mts_details_sep,2014,123.439
bol,sex_f,age_aggregate_total,mts_details_sep,2015,111.669
bol,sex_f,age_aggregate_total,mts_details_sep,2016,108.927
bol,sex_f,age_aggregate_total,mts_details_sep,2017,124.562
bol,sex_f,age_aggregate_total,mts_details_sep,2018,122.962
bol,sex_f,age_aggregate_total,mts_details_sep,2019,124.971
bol,sex_f,age_aggregate_total,mts_details_sep,2022,149.764
bol,sex_f,age_aggregate_total,mts_details_sep,2023,152.428
bol,sex_f,age_aggregate_total,mts_details_sep,2024,148.659
bol,sex_f,age_aggregate_total,mts_details_sgle,1999,237.265
bol,sex_f,age_aggregate_total,mts_details_sgle,2000,477.281
bol,sex_f,age_aggregate_total,mts_details_sgle,2001,350.278
bol,sex_f,age_aggregate_total,mts_details_sgle,2002,339.604
bol,sex_f,age_aggregate_total,mts_details_sgle,2004,386.278
bol,sex_f,age_aggregate_total,mts_details_sgle,2005,319.183
bol,sex_f,age_aggregate_total,mts_details_sgle,2006,346.059
bol,sex_f,age_aggregate_total,mts_details_sgle,2007,372.299
bol,sex_f,age_aggregate_total,mts_details_sgle,2008,364.288
bol,sex_f,age_aggregate_total,mts_details_sgle,2009,345.389
bol,sex_f,age_aggregate_total,mts_details_sgle,2011,394.901
bol,sex_f,age_aggregate_total,mts_details_sgle,2012,365.639
bol,sex_f,age_aggregate_total,mts_details_sgle,2013,450.067
bol,sex_f,age_aggregate_total,mts_details_sgle,2014,458.2
bol,sex_f,age_aggregate_total,mts_details_sgle,2015,383.341
bol,sex_f,age_aggregate_total,mts_details_sgle,2016,322.672
bol,sex_f,age_aggregate_total,mts_details_sgle,2017,353.177
bol,sex_f,age_aggregate_total,mts_details_sgle,2018,400.775
bol,sex_f,age_aggregate_total,mts_details_sgle,2019,429.638
bol,sex_f,age_aggregate_total,mts_details_sgle,2022,676.326
bol,sex_f,age_aggregate_total,mts_details_sgle,2023,679.82
bol,sex_f,age_aggregate_total,mts_details_sgle,2024,739.433
bol,sex_f,age_aggregate_total,mts_details_total,1999,1161.172
bol,sex_f,age_aggregate_total,mts_details_total,2000,1037.379
bol,sex_f,age_aggregate_total,mts_details_total,2001,1172.03
bol,sex_f,age_aggregate_total,mts_details_total,2002,1148.594
bol,sex_f,age_aggregate_total,mts_details_total,2004,1559.456
bol,sex_f,age_aggregate_total,mts_details_total,2005,1365.521
bol,sex_f,age_aggregate_total,mts_details_total,2006,1406.855
bol,sex_f,age_aggregate_total,mts_details_total,2007,1504.397
bol,sex_f,age_aggregate_total,mts_details_total,2008,1548.248
bol,sex_f,age_aggregate_total,mts_details_total,2009,1549.971
bol,sex_f,age_aggregate_total,mts_details_total,2011,1587.137
bol,sex_f,age_aggregate_total,mts_details_total,2012,1499.805
bol,sex_f,age_aggregate_total,mts_details_total,2013,1709.845
bol,sex_f,age_aggregate_total,mts_details_total,2014,1810.083
bol,sex_f,age_aggregate_total,mts_details_total,2015,1535.861
bol,sex_f,age_aggregate_total,mts_details_total,2016,1386.104
bol,sex_f,age_aggregate_total,mts_details_total,2017,1533.109
bol,sex_f,age_aggregate_total,mts_details_total,2018,1757.282
bol,sex_f,age_aggregate_total,mts_details_total,2019,1843.129
bol,sex_f,age_aggregate_total,mts_details_total,2022,2371.496
bol,sex_f,age_aggregate_total,mts_details_total,2023,2435.445
bol,sex_f,age_aggregate_total,mts_details_total,2024,2543.099
bol,sex_f,age_aggregate_total,mts_details_union,1999,139.266
bol,sex_f,age_aggregate_total,mts_details_union,2000,76.447
bol,sex_f,age_aggregate_total,mts_details_union,2001,169.914
bol,sex_f,age_aggregate_total,mts_details_union,2002,147.682
bol,sex_f,age_aggregate_total,mts_details_union,2004,253.73
bol,sex_f,age_aggregate_total,mts_details_union,2005,186.005
bol,sex_f,age_aggregate_total,mts_details_union,2006,201.541
bol,sex_f,age_aggregate_total,mts_details_union,2007,213.438
bol,sex_f,age_aggregate_total,mts_details_union,2008,223.495
bol,sex_f,age_aggregate_total,mts_details_union,2009,294.167
bol,sex_f,age_aggregate_total,mts_details_union,2011,295.672
bol,sex_f,age_aggregate_total,mts_details_union,2012,279.053
bol,sex_f,age_aggregate_total,mts_details_union,2013,255.353
bol,sex_f,age_aggregate_total,mts_details_union,2014,328.117
bol,sex_f,age_aggregate_total,mts_details_union,2015,277.301
bol,sex_f,age_aggregate_total,mts_details_union,2016,265.638
bol,sex_f,age_aggregate_total,mts_details_union,2017,281.454
bol,sex_f,age_aggregate_total,mts_details_union,2018,351.954
bol,sex_f,age_aggregate_total,mts_details_union,2019,397.746
bol,sex_f,age_aggregate_total,mts_details_union,2022,557.22
bol,sex_f,age_aggregate_total,mts_details_union,2023,554.15
bol,sex_f,age_aggregate_total,mts_details_union,2024,600.064
bol,sex_f,age_aggregate_total,mts_details_wid,1999,123.295
bol,sex_f,age_aggregate_total,mts_details_wid,2000,311.145
bol,sex_f,age_aggregate_total,mts_details_wid,2001,89.409
bol,sex_f,age_aggregate_total,mts_details_wid,2002,77.76
bol,sex_f,age_aggregate_total,mts_details_wid,2004,139.944
bol,sex_f,age_aggregate_total,mts_details_wid,2005,133.778
bol,sex_f,age_aggregate_total,mts_details_wid,2006,91.01
bol,sex_f,age_aggregate_total,mts_details_wid,2007,146.559
bol,sex_f,age_aggregate_total,mts_details_wid,2008,117.3
bol,sex_f,age_aggregate_total,mts_details_wid,2009,120.471
bol,sex_f,age_aggregate_total,mts_details_wid,2011,111.46
bol,sex_f,age_aggregate_total,mts_details_wid,2012,111.47
bol,sex_f,age_aggregate_total,mts_details_wid,2013,144.279
bol,sex_f,age_aggregate_total,mts_details_wid,2014,130.507
bol,sex_f,age_aggregate_total,mts_details_wid,2015,119.522
bol,sex_f,age_aggregate_total,mts_details_wid,2016,109.126
bol,sex_f,age_aggregate_total,mts_details_wid,2017,125.366
bol,sex_f,age_aggregate_total,mts_details_wid,2018,139.652
bol,sex_f,age_aggregate_total,mts_details_wid,2019,137.401
bol,sex_f,age_aggregate_total,mts_details_wid,2022,155.885
bol,sex_f,age_aggregate_total,mts_details_wid,2023,162.533
bol,sex_f,age_aggregate_total,mts_details_wid,2024,177.586
bol,sex_f,age_aggregate_y15_24,mts_aggregate_1,1999,150.404
bol,sex_f,age_aggregate_y15_24,mts_aggregate_1,2000,249.093
bol,sex_f,age_aggregate_y15_24,mts_aggregate_1,2001,256.034
bol,sex_f,age_aggregate_y15_24,mts_aggregate_1,2002,247.214
bol,sex_f,age_aggregate_y15_24,mts_aggregate_1,2004,268.889
bol,sex_f,age_aggregate_y15_24,mts_aggregate_1,2005,208.487
bol,sex_f,age_aggregate_y15_24,mts_aggregate_1,2006,218.143
bol,sex_f,age_aggregate_y15_24,mts_aggregate_1,2007,245.772
bol,sex_f,age_aggregate_y15_24,mts_aggregate_1,2008,233.896
bol,sex_f,age_aggregate_y15_24,mts_aggregate_1,2009,227.926
bol,sex_f,age_aggregate_y15_24,mts_aggregate_1,2011,240.39
bol,sex_f,age_aggregate_y15_24,mts_aggregate_1,2012,200.173
bol,sex_f,age_aggregate_y15_24,mts_aggregate_1,2013,242.395
bol,sex_f,age_aggregate_y15_24,mts_aggregate_1,2014,252.43
bol,sex_f,age_aggregate_y15_24,mts_aggregate_1,2015,200.095
bol,sex_f,age_aggregate_y15_24,mts_aggregate_1,2016,187.275
bol,sex_f,age_aggregate_y15_24,mts_aggregate_1,2017,212.186
bol,sex_f,age_aggregate_y15_24,mts_aggregate_1,2018,239.74
bol,sex_f,age_aggregate_y15_24,mts_aggregate_1,2019,250.417
bol,sex_f,age_aggregate_y15_24,mts_aggregate_1,2022,375.36
bol,sex_f,age_aggregate_y15_24,mts_aggregate_1,2023,375.206
bol,sex_f,age_aggregate_y15_24,mts_aggregate_1,2024,395.035
bol,sex_f,age_aggregate_y15_24,mts_aggregate_2,1999,81.765
bol,sex_f,age_aggregate_y15_24,mts_aggregate_2,2000,38.409
bol,sex_f,age_aggregate_y15_24,mts_aggregate_2,2001,97.363
bol,sex_f,age_aggregate_y15_24,mts_aggregate_2,2002,75.254
bol,sex_f,age_aggregate_y15_24,mts_aggregate_2,2004,102.619
bol,sex_f,age_aggregate_y15_24,mts_aggregate_2,2005,67.388
bol,sex_f,age_aggregate_y15_24,mts_aggregate_2,2006,88.258
bol,sex_f,age_aggregate_y15_24,mts_aggregate_2,2007,70.706
bol,sex_f,age_aggregate_y15_24,mts_aggregate_2,2008,91.256
bol,sex_f,age_aggregate_y15_24,mts_aggregate_2,2009,108.507
bol,sex_f,age_aggregate_y15_24,mts_aggregate_2,2011,94.631
bol,sex_f,age_aggregate_y15_24,mts_aggregate_2,2012,74.538
bol,sex_f,age_aggregate_y15_24,mts_aggregate_2,2013,72.017
bol,sex_f,age_aggregate_y15_24,mts_aggregate_2,2014,101.964
bol,sex_f,age_aggregate_y15_24,mts_aggregate_2,2015,72.812
bol,sex_f,age_aggregate_y15_24,mts_aggregate_2,2016,64.086
bol,sex_f,age_aggregate_y15_24,mts_aggregate_2,2017,62.381
bol,sex_f,age_aggregate_y15_24,mts_aggregate_2,2018,81.485
bol,sex_f,age_aggregate_y15_24,mts_aggregate_2,2019,85.555
bol,sex_f,age_aggregate_y15_24,mts_aggregate_2,2022,113.091
bol,sex_f,age_aggregate_y15_24,mts_aggregate_2,2023,96.833
bol,sex_f,age_aggregate_y15_24,mts_aggregate_2,2024,100.324
bol,sex_f,age_aggregate_y15_24,mts_aggregate_total,1999,232.169
bol,sex_f,age_aggregate_y15_24,mts_aggregate_total,2000,287.502
bol,sex_f,age_aggregate_y15_24,mts_aggregate_total,2001,353.397
bol,sex_f,age_aggregate_y15_24,mts_aggregate_total,2002,322.468
bol,sex_f,age_aggregate_y15_24,mts_aggregate_total,2004,371.508
bol,sex_f,age_aggregate_y15_24,mts_aggregate_total,2005,275.875
bol,sex_f,age_aggregate_y15_24,mts_aggregate_total,2006,306.401
bol,sex_f,age_aggregate_y15_24,mts_aggregate_total,2007,316.478
bol,sex_f,age_aggregate_y15_24,mts_aggregate_total,2008,325.152
bol,sex_f,age_aggregate_y15_24,mts_aggregate_total,2009,336.433
bol,sex_f,age_aggregate_y15_24,mts_aggregate_total,2011,335.021
bol,sex_f,age_aggregate_y15_24,mts_aggregate_total,2012,274.711
bol,sex_f,age_aggregate_y15_24,mts_aggregate_total,2013,314.412
bol,sex_f,age_aggregate_y15_24,mts_aggregate_total,2014,354.394
bol,sex_f,age_aggregate_y15_24,mts_aggregate_total,2015,272.907
bol,sex_f,age_aggregate_y15_24,mts_aggregate_total,2016,251.361
bol,sex_f,age_aggregate_y15_24,mts_aggregate_total,2017,274.567
bol,sex_f,age_aggregate_y15_24,mts_aggregate_total,2018,321.225
bol,sex_f,age_aggregate_y15_24,mts_aggregate_total,2019,335.972
bol,sex_f,age_aggregate_y15_24,mts_aggregate_total,2022,488.45
bol,sex_f,age_aggregate_y15_24,mts_aggregate_total,2023,472.039
bol,sex_f,age_aggregate_y15_24,mts_aggregate_total,2024,495.358
bol,sex_f,age_aggregate_y15_24,mts_details_mrd,1999,35.556
bol,sex_f,age_aggregate_y15_24,mts_details_mrd,2000,37.022
bol,sex_f,age_aggregate_y15_24,mts_details_mrd,2001,41.713
bol,sex_f,age_aggregate_y15_24,mts_details_mrd,2002,36.929
bol,sex_f,age_aggregate_y15_24,mts_details_mrd,2004,36.511
bol,sex_f,age_aggregate_y15_24,mts_details_mrd,2005,26.818
bol,sex_f,age_aggregate_y15_24,mts_details_mrd,2006,29.729
bol,sex_f,age_aggregate_y15_24,mts_details_mrd,2007,21.021
bol,sex_f,age_aggregate_y15_24,mts_details_mrd,2008,26.88
bol,sex_f,age_aggregate_y15_24,mts_details_mrd,2009,33.116
bol,sex_f,age_aggregate_y15_24,mts_details_mrd,2011,26.866
bol,sex_f,age_aggregate_y15_24,mts_details_mrd,2012,20.821
bol,sex_f,age_aggregate_y15_24,mts_details_mrd,2013,22.512
bol,sex_f,age_aggregate_y15_24,mts_details_mrd,2014,26.634
bol,sex_f,age_aggregate_y15_24,mts_details_mrd,2015,16.645
bol,sex_f,age_aggregate_y15_24,mts_details_mrd,2016,13.51
bol,sex_f,age_aggregate_y15_24,mts_details_mrd,2017,13.123
bol,sex_f,age_aggregate_y15_24,mts_details_mrd,2018,14.604
bol,sex_f,age_aggregate_y15_24,mts_details_mrd,2019,14.261
bol,sex_f,age_aggregate_y15_24,mts_details_mrd,2022,13.831
bol,sex_f,age_aggregate_y15_24,mts_details_mrd,2023,12.895
bol,sex_f,age_aggregate_y15_24,mts_details_mrd,2024,13.926
bol,sex_f,age_aggregate_y15_24,mts_details_sep,2000,2.577
bol,sex_f,age_aggregate_y15_24,mts_details_sep,2001,7.019
bol,sex_f,age_aggregate_y15_24,mts_details_sep,2002,3.117
bol,sex_f,age_aggregate_y15_24,mts_details_sep,2004,6.719
bol,sex_f,age_aggregate_y15_24,mts_details_sep,2006,4.868
bol,sex_f,age_aggregate_y15_24,mts_details_sep,2007,5.982
bol,sex_f,age_aggregate_y15_24,mts_details_sep,2008,8.074
bol,sex_f,age_aggregate_y15_24,mts_details_sep,2009,9.749
bol,sex_f,age_aggregate_y15_24,mts_details_sep,2011,2.53
bol,sex_f,age_aggregate_y15_24,mts_details_sep,2012,9.468
bol,sex_f,age_aggregate_y15_24,mts_details_sep,2013,4.498
bol,sex_f,age_aggregate_y15_24,mts_details_sep,2014,6.634
bol,sex_f,age_aggregate_y15_24,mts_details_sep,2015,6.12
bol,sex_f,age_aggregate_y15_24,mts_details_sep,2016,3.673
bol,sex_f,age_aggregate_y15_24,mts_details_sep,2017,4.83
bol,sex_f,age_aggregate_y15_24,mts_details_sep,2018,4.431
bol,sex_f,age_aggregate_y15_24,mts_details_sep,2019,3.353
bol,sex_f,age_aggregate_y15_24,mts_details_sep,2022,2.863
bol,sex_f,age_aggregate_y15_24,mts_details_sep,2023,3.178
bol,sex_f,age_aggregate_y15_24,mts_details_sep,2024,1.492
bol,sex_f,age_aggregate_y15_24,mts_details_sgle,1999,146.888
bol,sex_f,age_aggregate_y15_24,mts_details_sgle,2000,34.438
bol,sex_f,age_aggregate_y15_24,mts_details_sgle,2001,248.858
bol,sex_f,age_aggregate_y15_24,mts_details_sgle,2002,243.561
bol,sex_f,age_aggregate_y15_24,mts_details_sgle,2004,260.864
bol,sex_f,age_aggregate_y15_24,mts_details_sgle,2005,206.921
bol,sex_f,age_aggregate_y15_24,mts_details_sgle,2006,213.275
bol,sex_f,age_aggregate_y15_24,mts_details_sgle,2007,236.673
bol,sex_f,age_aggregate_y15_24,mts_details_sgle,2008,225.127
bol,sex_f,age_aggregate_y15_24,mts_details_sgle,2009,217.398
bol,sex_f,age_aggregate_y15_24,mts_details_sgle,2011,237.558
bol,sex_f,age_aggregate_y15_24,mts_details_sgle,2012,190.705
bol,sex_f,age_aggregate_y15_24,mts_details_sgle,2013,236.97
bol,sex_f,age_aggregate_y15_24,mts_details_sgle,2014,244.152
bol,sex_f,age_aggregate_y15_24,mts_details_sgle,2015,193.756
bol,sex_f,age_aggregate_y15_24,mts_details_sgle,2016,183.378
bol,sex_f,age_aggregate_y15_24,mts_details_sgle,2017,207.039
bol,sex_f,age_aggregate_y15_24,mts_details_sgle,2018,234.855
bol,sex_f,age_aggregate_y15_24,mts_details_sgle,2019,246.598
bol,sex_f,age_aggregate_y15_24,mts_details_sgle,2022,372.207
bol,sex_f,age_aggregate_y15_24,mts_details_sgle,2023,371.686
bol,sex_f,age_aggregate_y15_24,mts_details_sgle,2024,393.338
bol,sex_f,age_aggregate_y15_24,mts_details_total,1999,232.169
bol,sex_f,age_aggregate_y15_24,mts_details_total,2000,287.502
bol,sex_f,age_aggregate_y15_24,mts_details_total,2001,353.397
bol,sex_f,age_aggregate_y15_24,mts_details_total,2002,322.468
bol,sex_f,age_aggregate_y15_24,mts_details_total,2004,371.508
bol,sex_f,age_aggregate_y15_24,mts_details_total,2005,275.875
bol,sex_f,age_aggregate_y15_24,mts_details_total,2006,306.401
bol,sex_f,age_aggregate_y15_24,mts_details_total,2007,316.478
bol,sex_f,age_aggregate_y15_24,mts_details_total,2008,325.152
bol,sex_f,age_aggregate_y15_24,mts_details_total,2009,336.433
bol,sex_f,age_aggregate_y15_24,mts_details_total,2011,335.021
bol,sex_f,age_aggregate_y15_24,mts_details_total,2012,274.711
bol,sex_f,age_aggregate_y15_24,mts_details_total,2013,314.412
bol,sex_f,age_aggregate_y15_24,mts_details_total,2014,354.394
bol,sex_f,age_aggregate_y15_24,mts_details_total,2015,272.907
bol,sex_f,age_aggregate_y15_24,mts_details_total,2016,251.361
bol,sex_f,age_aggregate_y15_24,mts_details_total,2017,274.567
bol,sex_f,age_aggregate_y15_24,mts_details_total,2018,321.225
bol,sex_f,age_aggregate_y15_24,mts_details_total,2019,335.972
bol,sex_f,age_aggregate_y15_24,mts_details_total,2022,488.45
bol,sex_f,age_aggregate_y15_24,mts_details_total,2023,472.039
bol,sex_f,age_aggregate_y15_24,mts_details_total,2024,495.358
bol,sex_f,age_aggregate_y15_24,mts_details_union,1999,46.209
bol,sex_f,age_aggregate_y15_24,mts_details_union,2000,1.387
bol,sex_f,age_aggregate_y15_24,mts_details_union,2001,55.65
bol,sex_f,age_aggregate_y15_24,mts_details_union,2002,38.325
bol,sex_f,age_aggregate_y15_24,mts_details_union,2004,66.108
bol,sex_f,age_aggregate_y15_24,mts_details_union,2005,40.57
bol,sex_f,age_aggregate_y15_24,mts_details_union,2006,58.529
bol,sex_f,age_aggregate_y15_24,mts_details_union,2007,49.685
bol,sex_f,age_aggregate_y15_24,mts_details_union,2008,64.376
bol,sex_f,age_aggregate_y15_24,mts_details_union,2009,75.391
bol,sex_f,age_aggregate_y15_24,mts_details_union,2011,67.765
bol,sex_f,age_aggregate_y15_24,mts_details_union,2012,53.717
bol,sex_f,age_aggregate_y15_24,mts_details_union,2013,49.505
bol,sex_f,age_aggregate_y15_24,mts_details_union,2014,75.33
bol,sex_f,age_aggregate_y15_24,mts_details_union,2015,56.167
bol,sex_f,age_aggregate_y15_24,mts_details_union,2016,50.577
bol,sex_f,age_aggregate_y15_24,mts_details_union,2017,49.258
bol,sex_f,age_aggregate_y15_24,mts_details_union,2018,66.881
bol,sex_f,age_aggregate_y15_24,mts_details_union,2019,71.294
bol,sex_f,age_aggregate_y15_24,mts_details_union,2022,99.259
bol,sex_f,age_aggregate_y15_24,mts_details_union,2023,83.938
bol,sex_f,age_aggregate_y15_24,mts_details_union,2024,86.397
bol,sex_f,age_aggregate_y15_24,mts_details_wid,2000,212.078
bol,sex_f,age_aggregate_y15_24,mts_details_wid,2014,1.644
bol,sex_f,age_aggregate_y15_24,mts_details_wid,2017,0.316
bol,sex_f,age_aggregate_y15_24,mts_details_wid,2018,0.454
bol,sex_f,age_aggregate_y15_24,mts_details_wid,2019,0.466
bol,sex_f,age_aggregate_y15_24,mts_details_wid,2023,0.342
bol,sex_f,age_aggregate_y15_24,mts_details_wid,2024,0.204
bol,sex_f,age_aggregate_y25_54,mts_aggregate_1,1999,176.961
bol,sex_f,age_aggregate_y25_54,mts_aggregate_1,2000,481.998
bol,sex_f,age_aggregate_y25_54,mts_aggregate_1,2001,158.142
bol,sex_f,age_aggregate_y25_54,mts_aggregate_1,2002,160.492
bol,sex_f,age_aggregate_y25_54,mts_aggregate_1,2004,240.514
bol,sex_f,age_aggregate_y25_54,mts_aggregate_1,2005,189.541
bol,sex_f,age_aggregate_y25_54,mts_aggregate_1,2006,194.634
bol,sex_f,age_aggregate_y25_54,mts_aggregate_1,2007,230.118
bol,sex_f,age_aggregate_y25_54,mts_aggregate_1,2008,227.033
bol,sex_f,age_aggregate_y25_54,mts_aggregate_1,2009,218.383
bol,sex_f,age_aggregate_y25_54,mts_aggregate_1,2011,223.284
bol,sex_f,age_aggregate_y25_54,mts_aggregate_1,2012,257.04
bol,sex_f,age_aggregate_y25_54,mts_aggregate_1,2013,311.449
bol,sex_f,age_aggregate_y25_54,mts_aggregate_1,2014,303.71
bol,sex_f,age_aggregate_y25_54,mts_aggregate_1,2015,268.302
bol,sex_f,age_aggregate_y25_54,mts_aggregate_1,2016,212.958
bol,sex_f,age_aggregate_y25_54,mts_aggregate_1,2017,231.355
bol,sex_f,age_aggregate_y25_54,mts_aggregate_1,2018,245.833
bol,sex_f,age_aggregate_y25_54,mts_aggregate_1,2019,258.474
bol,sex_f,age_aggregate_y25_54,mts_aggregate_1,2022,385.559
bol,sex_f,age_aggregate_y25_54,mts_aggregate_1,2023,391.7
bol,sex_f,age_aggregate_y25_54,mts_aggregate_1,2024,419.528
bol,sex_f,age_aggregate_y25_54,mts_aggregate_2,1999,519.805
bol,sex_f,age_aggregate_y25_54,mts_aggregate_2,2000,103.628
bol,sex_f,age_aggregate_y25_54,mts_aggregate_2,2001,479.224
bol,sex_f,age_aggregate_y25_54,mts_aggregate_2,2002,502.209
bol,sex_f,age_aggregate_y25_54,mts_aggregate_2,2004,670.422
bol,sex_f,age_aggregate_y25_54,mts_aggregate_2,2005,608.07
bol,sex_f,age_aggregate_y25_54,mts_aggregate_2,2006,656.742
bol,sex_f,age_aggregate_y25_54,mts_aggregate_2,2007,637.114
bol,sex_f,age_aggregate_y25_54,mts_aggregate_2,2008,684.083
bol,sex_f,age_aggregate_y25_54,mts_aggregate_2,2009,700.21
bol,sex_f,age_aggregate_y25_54,mts_aggregate_2,2011,708.843
bol,sex_f,age_aggregate_y25_54,mts_aggregate_2,2012,660.089
bol,sex_f,age_aggregate_y25_54,mts_aggregate_2,2013,697.184
bol,sex_f,age_aggregate_y25_54,mts_aggregate_2,2014,759.199
bol,sex_f,age_aggregate_y25_54,mts_aggregate_2,2015,631.457
bol,sex_f,age_aggregate_y25_54,mts_aggregate_2,2016,577.182
bol,sex_f,age_aggregate_y25_54,mts_aggregate_2,2017,620.347
bol,sex_f,age_aggregate_y25_54,mts_aggregate_2,2018,725.157
bol,sex_f,age_aggregate_y25_54,mts_aggregate_2,2019,784.295
bol,sex_f,age_aggregate_y25_54,mts_aggregate_2,2022,972.712
bol,sex_f,age_aggregate_y25_54,mts_aggregate_2,2023,1009.432
bol,sex_f,age_aggregate_y25_54,mts_aggregate_2,2024,1017.24
bol,sex_f,age_aggregate_y25_54,mts_aggregate_total,1999,696.766
bol,sex_f,age_aggregate_y25_54,mts_aggregate_total,2000,585.626
bol,sex_f,age_aggregate_y25_54,mts_aggregate_total,2001,637.366
bol,sex_f,age_aggregate_y25_54,mts_aggregate_total,2002,662.701
bol,sex_f,age_aggregate_y25_54,mts_aggregate_total,2004,910.936
bol,sex_f,age_aggregate_y25_54,mts_aggregate_total,2005,797.611
bol,sex_f,age_aggregate_y25_54,mts_aggregate_total,2006,851.376
bol,sex_f,age_aggregate_y25_54,mts_aggregate_total,2007,867.232
bol,sex_f,age_aggregate_y25_54,mts_aggregate_total,2008,911.116
bol,sex_f,age_aggregate_y25_54,mts_aggregate_total,2009,918.593
bol,sex_f,age_aggregate_y25_54,mts_aggregate_total,2011,932.127
bol,sex_f,age_aggregate_y25_54,mts_aggregate_total,2012,917.129
bol,sex_f,age_aggregate_y25_54,mts_aggregate_total,2013,1008.633
bol,sex_f,age_aggregate_y25_54,mts_aggregate_total,2014,1062.909
bol,sex_f,age_aggregate_y25_54,mts_aggregate_total,2015,899.759
bol,sex_f,age_aggregate_y25_54,mts_aggregate_total,2016,790.14
bol,sex_f,age_aggregate_y25_54,mts_aggregate_total,2017,851.702
bol,sex_f,age_aggregate_y25_54,mts_aggregate_total,2018,970.99
bol,sex_f,age_aggregate_y25_54,mts_aggregate_total,2019,1042.769
bol,sex_f,age_aggregate_y25_54,mts_aggregate_total,2022,1358.271
bol,sex_f,age_aggregate_y25_54,mts_aggregate_total,2023,1401.131
bol,sex_f,age_aggregate_y25_54,mts_aggregate_total,2024,1436.768
bol,sex_f,age_aggregate_y25_54,mts_details_mrd,1999,434.923
bol,sex_f,age_aggregate_y25_54,mts_details_mrd,2000,79.856
bol,sex_f,age_aggregate_y25_54,mts_details_mrd,2001,370.732
bol,sex_f,age_aggregate_y25_54,mts_details_mrd,2002,398.849
bol,sex_f,age_aggregate_y25_54,mts_details_mrd,2004,498.552
bol,sex_f,age_aggregate_y25_54,mts_details_mrd,2005,474.572
bol,sex_f,age_aggregate_y25_54,mts_details_mrd,2006,523.878
bol,sex_f,age_aggregate_y25_54,mts_details_mrd,2007,478.226
bol,sex_f,age_aggregate_y25_54,mts_details_mrd,2008,539.377
bol,sex_f,age_aggregate_y25_54,mts_details_mrd,2009,494.262
bol,sex_f,age_aggregate_y25_54,mts_details_mrd,2011,494.517
bol,sex_f,age_aggregate_y25_54,mts_details_mrd,2012,451.272
bol,sex_f,age_aggregate_y25_54,mts_details_mrd,2013,511.777
bol,sex_f,age_aggregate_y25_54,mts_details_mrd,2014,526.583
bol,sex_f,age_aggregate_y25_54,mts_details_mrd,2015,432.342
bol,sex_f,age_aggregate_y25_54,mts_details_mrd,2016,381.134
bol,sex_f,age_aggregate_y25_54,mts_details_mrd,2017,410.429
bol,sex_f,age_aggregate_y25_54,mts_details_mrd,2018,466.818
bol,sex_f,age_aggregate_y25_54,mts_details_mrd,2019,485.531
bol,sex_f,age_aggregate_y25_54,mts_details_mrd,2022,547.798
bol,sex_f,age_aggregate_y25_54,mts_details_mrd,2023,575.008
bol,sex_f,age_aggregate_y25_54,mts_details_mrd,2024,548.093
bol,sex_f,age_aggregate_y25_54,mts_details_sep,1999,50.485
bol,sex_f,age_aggregate_y25_54,mts_details_sep,2000,39.357
bol,sex_f,age_aggregate_y25_54,mts_details_sep,2001,36.564
bol,sex_f,age_aggregate_y25_54,mts_details_sep,2002,38.382
bol,sex_f,age_aggregate_y25_54,mts_details_sep,2004,79.864
bol,sex_f,age_aggregate_y25_54,mts_details_sep,2005,50.619
bol,sex_f,age_aggregate_y25_54,mts_details_sep,2006,54.026
bol,sex_f,age_aggregate_y25_54,mts_details_sep,2007,72.148
bol,sex_f,age_aggregate_y25_54,mts_details_sep,2008,71.873
bol,sex_f,age_aggregate_y25_54,mts_details_sep,2009,76.561
bol,sex_f,age_aggregate_y25_54,mts_details_sep,2011,60.215
bol,sex_f,age_aggregate_y25_54,mts_details_sep,2012,71.327
bol,sex_f,age_aggregate_y25_54,mts_details_sep,2013,92.393
bol,sex_f,age_aggregate_y25_54,mts_details_sep,2014,89.246
bol,sex_f,age_aggregate_y25_54,mts_details_sep,2015,76.843
bol,sex_f,age_aggregate_y25_54,mts_details_sep,2016,75.427
bol,sex_f,age_aggregate_y25_54,mts_details_sep,2017,85.154
bol,sex_f,age_aggregate_y25_54,mts_details_sep,2018,82.111
bol,sex_f,age_aggregate_y25_54,mts_details_sep,2019,82.527
bol,sex_f,age_aggregate_y25_54,mts_details_sep,2022,100.038
bol,sex_f,age_aggregate_y25_54,mts_details_sep,2023,98.749
bol,sex_f,age_aggregate_y25_54,mts_details_sep,2024,95.211
bol,sex_f,age_aggregate_y25_54,mts_details_sgle,1999,81.065
bol,sex_f,age_aggregate_y25_54,mts_details_sgle,2000,356.06
bol,sex_f,age_aggregate_y25_54,mts_details_sgle,2001,87.56
bol,sex_f,age_aggregate_y25_54,mts_details_sgle,2002,89.61
bol,sex_f,age_aggregate_y25_54,mts_details_sgle,2004,110.81
bol,sex_f,age_aggregate_y25_54,mts_details_sgle,2005,99.326
bol,sex_f,age_aggregate_y25_54,mts_details_sgle,2006,108.778
bol,sex_f,age_aggregate_y25_54,mts_details_sgle,2007,117.223
bol,sex_f,age_aggregate_y25_54,mts_details_sgle,2008,116.139
bol,sex_f,age_aggregate_y25_54,mts_details_sgle,2009,106.208
bol,sex_f,age_aggregate_y25_54,mts_details_sgle,2011,132.881
bol,sex_f,age_aggregate_y25_54,mts_details_sgle,2012,151.739
bol,sex_f,age_aggregate_y25_54,mts_details_sgle,2013,183.378
bol,sex_f,age_aggregate_y25_54,mts_details_sgle,2014,185.7
bol,sex_f,age_aggregate_y25_54,mts_details_sgle,2015,161.903
bol,sex_f,age_aggregate_y25_54,mts_details_sgle,2016,111.401
bol,sex_f,age_aggregate_y25_54,mts_details_sgle,2017,118.065
bol,sex_f,age_aggregate_y25_54,mts_details_sgle,2018,134.695
bol,sex_f,age_aggregate_y25_54,mts_details_sgle,2019,147.334
bol,sex_f,age_aggregate_y25_54,mts_details_sgle,2022,252.586
bol,sex_f,age_aggregate_y25_54,mts_details_sgle,2023,259.147
bol,sex_f,age_aggregate_y25_54,mts_details_sgle,2024,287.361
bol,sex_f,age_aggregate_y25_54,mts_details_total,1999,696.766
bol,sex_f,age_aggregate_y25_54,mts_details_total,2000,585.626
bol,sex_f,age_aggregate_y25_54,mts_details_total,2001,637.366
bol,sex_f,age_aggregate_y25_54,mts_details_total,2002,662.701
bol,sex_f,age_aggregate_y25_54,mts_details_total,2004,910.936
bol,sex_f,age_aggregate_y25_54,mts_details_total,2005,797.611
bol,sex_f,age_aggregate_y25_54,mts_details_total,2006,851.376
bol,sex_f,age_aggregate_y25_54,mts_details_total,2007,867.232
bol,sex_f,age_aggregate_y25_54,mts_details_total,2008,911.116
bol,sex_f,age_aggregate_y25_54,mts_details_total,2009,918.593
bol,sex_f,age_aggregate_y25_54,mts_details_total,2011,932.127
bol,sex_f,age_aggregate_y25_54,mts_details_total,2012,917.129
bol,sex_f,age_aggregate_y25_54,mts_details_total,2013,1008.633
bol,sex_f,age_aggregate_y25_54,mts_details_total,2014,1062.909
bol,sex_f,age_aggregate_y25_54,mts_details_total,2015,899.759
bol,sex_f,age_aggregate_y25_54,mts_details_total,2016,790.14
bol,sex_f,age_aggregate_y25_54,mts_details_total,2017,851.702
bol,sex_f,age_aggregate_y25_54,mts_details_total,2018,970.99
bol,sex_f,age_aggregate_y25_54,mts_details_total,2019,1042.769
bol,sex_f,age_aggregate_y25_54,mts_details_total,2022,1358.271
bol,sex_f,age_aggregate_y25_54,mts_details_total,2023,1401.131
bol,sex_f,age_aggregate_y25_54,mts_details_total,2024,1436.768
bol,sex_f,age_aggregate_y25_54,mts_details_union,1999,84.882
bol,sex_f,age_aggregate_y25_54,mts_details_union,2000,23.772
bol,sex_f,age_aggregate_y25_54,mts_details_union,2001,108.492
bol,sex_f,age_aggregate_y25_54,mts_details_union,2002,103.36
bol,sex_f,age_aggregate_y25_54,mts_details_union,2004,171.87
bol,sex_f,age_aggregate_y25_54,mts_details_union,2005,133.498
bol,sex_f,age_aggregate_y25_54,mts_details_union,2006,132.864
bol,sex_f,age_aggregate_y25_54,mts_details_union,2007,158.888
bol,sex_f,age_aggregate_y25_54,mts_details_union,2008,144.706
bol,sex_f,age_aggregate_y25_54,mts_details_union,2009,205.948
bol,sex_f,age_aggregate_y25_54,mts_details_union,2011,214.326
bol,sex_f,age_aggregate_y25_54,mts_details_union,2012,208.817
bol,sex_f,age_aggregate_y25_54,mts_details_union,2013,185.407
bol,sex_f,age_aggregate_y25_54,mts_details_union,2014,232.616
bol,sex_f,age_aggregate_y25_54,mts_details_union,2015,199.115
bol,sex_f,age_aggregate_y25_54,mts_details_union,2016,196.048
bol,sex_f,age_aggregate_y25_54,mts_details_union,2017,209.919
bol,sex_f,age_aggregate_y25_54,mts_details_union,2018,258.339
bol,sex_f,age_aggregate_y25_54,mts_details_union,2019,298.764
bol,sex_f,age_aggregate_y25_54,mts_details_union,2022,424.914
bol,sex_f,age_aggregate_y25_54,mts_details_union,2023,434.424
bol,sex_f,age_aggregate_y25_54,mts_details_union,2024,469.147
bol,sex_f,age_aggregate_y25_54,mts_details_wid,1999,45.411
bol,sex_f,age_aggregate_y25_54,mts_details_wid,2000,86.581
bol,sex_f,age_aggregate_y25_54,mts_details_wid,2001,34.018
bol,sex_f,age_aggregate_y25_54,mts_details_wid,2002,32.5
bol,sex_f,age_aggregate_y25_54,mts_details_wid,2004,49.84
bol,sex_f,age_aggregate_y25_54,mts_details_wid,2005,39.596
bol,sex_f,age_aggregate_y25_54,mts_details_wid,2006,31.83
bol,sex_f,age_aggregate_y25_54,mts_details_wid,2007,40.747
bol,sex_f,age_aggregate_y25_54,mts_details_wid,2008,39.021
bol,sex_f,age_aggregate_y25_54,mts_details_wid,2009,35.614
bol,sex_f,age_aggregate_y25_54,mts_details_wid,2011,30.188
bol,sex_f,age_aggregate_y25_54,mts_details_wid,2012,33.974
bol,sex_f,age_aggregate_y25_54,mts_details_wid,2013,35.678
bol,sex_f,age_aggregate_y25_54,mts_details_wid,2014,28.764
bol,sex_f,age_aggregate_y25_54,mts_details_wid,2015,29.556
bol,sex_f,age_aggregate_y25_54,mts_details_wid,2016,26.13
bol,sex_f,age_aggregate_y25_54,mts_details_wid,2017,28.136
bol,sex_f,age_aggregate_y25_54,mts_details_wid,2018,29.026
bol,sex_f,age_aggregate_y25_54,mts_details_wid,2019,28.612
bol,sex_f,age_aggregate_y25_54,mts_details_wid,2022,32.935
bol,sex_f,age_aggregate_y25_54,mts_details_wid,2023,33.803
bol,sex_f,age_aggregate_y25_54,mts_details_wid,2024,36.957
bol,sex_f,age_aggregate_y55_64,mts_aggregate_1,1999,46.809
bol,sex_f,age_aggregate_y55_64,mts_aggregate_1,2000,66.72
bol,sex_f,age_aggregate_y55_64,mts_aggregate_1,2001,30.663
bol,sex_f,age_aggregate_y55_64,mts_aggregate_1,2002,28.351
bol,sex_f,age_aggregate_y55_64,mts_aggregate_1,2004,50.46
bol,sex_f,age_aggregate_y55_64,mts_aggregate_1,2005,61.557
bol,sex_f,age_aggregate_y55_64,mts_aggregate_1,2006,43.185
bol,sex_f,age_aggregate_y55_64,mts_aggregate_1,2007,54.798
bol,sex_f,age_aggregate_y55_64,mts_aggregate_1,2008,59.734
bol,sex_f,age_aggregate_y55_64,mts_aggregate_1,2009,58.121
bol,sex_f,age_aggregate_y55_64,mts_aggregate_1,2011,67.549
bol,sex_f,age_aggregate_y55_64,mts_aggregate_1,2012,64.934
bol,sex_f,age_aggregate_y55_64,mts_aggregate_1,2013,76.756
bol,sex_f,age_aggregate_y55_64,mts_aggregate_1,2014,83.688
bol,sex_f,age_aggregate_y55_64,mts_aggregate_1,2015,77.338
bol,sex_f,age_aggregate_y55_64,mts_aggregate_1,2016,71.404
bol,sex_f,age_aggregate_y55_64,mts_aggregate_1,2017,73.56
bol,sex_f,age_aggregate_y55_64,mts_aggregate_1,2018,84.028
bol,sex_f,age_aggregate_y55_64,mts_aggregate_1,2019,92.73
bol,sex_f,age_aggregate_y55_64,mts_aggregate_1,2022,112.626
bol,sex_f,age_aggregate_y55_64,mts_aggregate_1,2023,111.646
bol,sex_f,age_aggregate_y55_64,mts_aggregate_1,2024,123.224
bol,sex_f,age_aggregate_y55_64,mts_aggregate_2,1999,88.279
bol,sex_f,age_aggregate_y55_64,mts_aggregate_2,2000,27.386
bol,sex_f,age_aggregate_y55_64,mts_aggregate_2,2001,60.855
bol,sex_f,age_aggregate_y55_64,mts_aggregate_2,2002,61.704
bol,sex_f,age_aggregate_y55_64,mts_aggregate_2,2004,105.506
bol,sex_f,age_aggregate_y55_64,mts_aggregate_2,2005,105.447
bol,sex_f,age_aggregate_y55_64,mts_aggregate_2,2006,92.94
bol,sex_f,age_aggregate_y55_64,mts_aggregate_2,2007,106.416
bol,sex_f,age_aggregate_y55_64,mts_aggregate_2,2008,124.879
bol,sex_f,age_aggregate_y55_64,mts_aggregate_2,2009,116.429
bol,sex_f,age_aggregate_y55_64,mts_aggregate_2,2011,129.322
bol,sex_f,age_aggregate_y55_64,mts_aggregate_2,2012,118.389
bol,sex_f,age_aggregate_y55_64,mts_aggregate_2,2013,140.257
bol,sex_f,age_aggregate_y55_64,mts_aggregate_2,2014,153.315
bol,sex_f,age_aggregate_y55_64,mts_aggregate_2,2015,135.554
bol,sex_f,age_aggregate_y55_64,mts_aggregate_2,2016,128.602
bol,sex_f,age_aggregate_y55_64,mts_aggregate_2,2017,152.398
bol,sex_f,age_aggregate_y55_64,mts_aggregate_2,2018,176.292
bol,sex_f,age_aggregate_y55_64,mts_aggregate_2,2019,179.444
bol,sex_f,age_aggregate_y55_64,mts_aggregate_2,2022,191.812
bol,sex_f,age_aggregate_y55_64,mts_aggregate_2,2023,201.676
bol,sex_f,age_aggregate_y55_64,mts_aggregate_2,2024,217.199
bol,sex_f,age_aggregate_y55_64,mts_aggregate_total,1999,135.088
bol,sex_f,age_aggregate_y55_64,mts_aggregate_total,2000,94.106
bol,sex_f,age_aggregate_y55_64,mts_aggregate_total,2001,91.518
bol,sex_f,age_aggregate_y55_64,mts_aggregate_total,2002,90.055
bol,sex_f,age_aggregate_y55_64,mts_aggregate_total,2004,155.966
bol,sex_f,age_aggregate_y55_64,mts_aggregate_total,2005,167.004
bol,sex_f,age_aggregate_y55_64,mts_aggregate_total,2006,136.125
bol,sex_f,age_aggregate_y55_64,mts_aggregate_total,2007,161.214
bol,sex_f,age_aggregate_y55_64,mts_aggregate_total,2008,184.613
bol,sex_f,age_aggregate_y55_64,mts_aggregate_total,2009,175.036
bol,sex_f,age_aggregate_y55_64,mts_aggregate_total,2011,196.871
bol,sex_f,age_aggregate_y55_64,mts_aggregate_total,2012,183.323
bol,sex_f,age_aggregate_y55_64,mts_aggregate_total,2013,217.013
bol,sex_f,age_aggregate_y55_64,mts_aggregate_total,2014,237.003
bol,sex_f,age_aggregate_y55_64,mts_aggregate_total,2015,212.892
bol,sex_f,age_aggregate_y55_64,mts_aggregate_total,2016,200.007
bol,sex_f,age_aggregate_y55_64,mts_aggregate_total,2017,225.958
bol,sex_f,age_aggregate_y55_64,mts_aggregate_total,2018,260.321
bol,sex_f,age_aggregate_y55_64,mts_aggregate_total,2019,272.174
bol,sex_f,age_aggregate_y55_64,mts_aggregate_total,2022,304.439
bol,sex_f,age_aggregate_y55_64,mts_aggregate_total,2023,313.322
bol,sex_f,age_aggregate_y55_64,mts_aggregate_total,2024,340.423
bol,sex_f,age_aggregate_y55_64,mts_details_mrd,1999,81.089
bol,sex_f,age_aggregate_y55_64,mts_details_mrd,2000,4.75
bol,sex_f,age_aggregate_y55_64,mts_details_mrd,2001,58.013
bol,sex_f,age_aggregate_y55_64,mts_details_mrd,2002,58.256
bol,sex_f,age_aggregate_y55_64,mts_details_mrd,2004,91.463
bol,sex_f,age_aggregate_y55_64,mts_details_mrd,2005,94.038
bol,sex_f,age_aggregate_y55_64,mts_details_mrd,2006,84.252
bol,sex_f,age_aggregate_y55_64,mts_details_mrd,2007,103.651
bol,sex_f,age_aggregate_y55_64,mts_details_mrd,2008,113.451
bol,sex_f,age_aggregate_y55_64,mts_details_mrd,2009,107.851
bol,sex_f,age_aggregate_y55_64,mts_details_mrd,2011,121.042
bol,sex_f,age_aggregate_y55_64,mts_details_mrd,2012,107.076
bol,sex_f,age_aggregate_y55_64,mts_details_mrd,2013,122.879
bol,sex_f,age_aggregate_y55_64,mts_details_mrd,2014,136.15
bol,sex_f,age_aggregate_y55_64,mts_details_mrd,2015,119.357
bol,sex_f,age_aggregate_y55_64,mts_details_mrd,2016,114.256
bol,sex_f,age_aggregate_y55_64,mts_details_mrd,2017,135.144
bol,sex_f,age_aggregate_y55_64,mts_details_mrd,2018,156.836
bol,sex_f,age_aggregate_y55_64,mts_details_mrd,2019,160.078
bol,sex_f,age_aggregate_y55_64,mts_details_mrd,2022,168.298
bol,sex_f,age_aggregate_y55_64,mts_details_mrd,2023,173.357
bol,sex_f,age_aggregate_y55_64,mts_details_mrd,2024,185.666
bol,sex_f,age_aggregate_y55_64,mts_details_sep,1999,5.239
bol,sex_f,age_aggregate_y55_64,mts_details_sep,2000,4.251
bol,sex_f,age_aggregate_y55_64,mts_details_sep,2001,5.373
bol,sex_f,age_aggregate_y55_64,mts_details_sep,2002,5.329
bol,sex_f,age_aggregate_y55_64,mts_details_sep,2004,12.628
bol,sex_f,age_aggregate_y55_64,mts_details_sep,2005,11.297
bol,sex_f,age_aggregate_y55_64,mts_details_sep,2006,9.519
bol,sex_f,age_aggregate_y55_64,mts_details_sep,2007,9.956
bol,sex_f,age_aggregate_y55_64,mts_details_sep,2008,14.242
bol,sex_f,age_aggregate_y55_64,mts_details_sep,2009,7.832
bol,sex_f,age_aggregate_y55_64,mts_details_sep,2011,15.348
bol,sex_f,age_aggregate_y55_64,mts_details_sep,2012,14.682
bol,sex_f,age_aggregate_y55_64,mts_details_sep,2013,15.226
bol,sex_f,age_aggregate_y55_64,mts_details_sep,2014,19.735
bol,sex_f,age_aggregate_y55_64,mts_details_sep,2015,17.72
bol,sex_f,age_aggregate_y55_64,mts_details_sep,2016,20.621
bol,sex_f,age_aggregate_y55_64,mts_details_sep,2017,24.032
bol,sex_f,age_aggregate_y55_64,mts_details_sep,2018,24.828
bol,sex_f,age_aggregate_y55_64,mts_details_sep,2019,27.416
bol,sex_f,age_aggregate_y55_64,mts_details_sep,2022,32.335
bol,sex_f,age_aggregate_y55_64,mts_details_sep,2023,34.007
bol,sex_f,age_aggregate_y55_64,mts_details_sep,2024,37.423
bol,sex_f,age_aggregate_y55_64,mts_details_sgle,1999,4.349
bol,sex_f,age_aggregate_y55_64,mts_details_sgle,2000,54.91
bol,sex_f,age_aggregate_y55_64,mts_details_sgle,2001,7.541
bol,sex_f,age_aggregate_y55_64,mts_details_sgle,2002,2.793
bol,sex_f,age_aggregate_y55_64,mts_details_sgle,2004,8.985
bol,sex_f,age_aggregate_y55_64,mts_details_sgle,2005,8.512
bol,sex_f,age_aggregate_y55_64,mts_details_sgle,2006,10.876
bol,sex_f,age_aggregate_y55_64,mts_details_sgle,2007,8.114
bol,sex_f,age_aggregate_y55_64,mts_details_sgle,2008,13.468
bol,sex_f,age_aggregate_y55_64,mts_details_sgle,2009,14.778
bol,sex_f,age_aggregate_y55_64,mts_details_sgle,2011,15.29
bol,sex_f,age_aggregate_y55_64,mts_details_sgle,2012,15.775
bol,sex_f,age_aggregate_y55_64,mts_details_sgle,2013,19.998
bol,sex_f,age_aggregate_y55_64,mts_details_sgle,2014,19.122
bol,sex_f,age_aggregate_y55_64,mts_details_sgle,2015,19.528
bol,sex_f,age_aggregate_y55_64,mts_details_sgle,2016,17.124
bol,sex_f,age_aggregate_y55_64,mts_details_sgle,2017,18.063
bol,sex_f,age_aggregate_y55_64,mts_details_sgle,2018,19.012
bol,sex_f,age_aggregate_y55_64,mts_details_sgle,2019,24.348
bol,sex_f,age_aggregate_y55_64,mts_details_sgle,2022,32.87
bol,sex_f,age_aggregate_y55_64,mts_details_sgle,2023,31.755
bol,sex_f,age_aggregate_y55_64,mts_details_sgle,2024,38.006
bol,sex_f,age_aggregate_y55_64,mts_details_total,1999,135.088
bol,sex_f,age_aggregate_y55_64,mts_details_total,2000,94.106
bol,sex_f,age_aggregate_y55_64,mts_details_total,2001,91.518
bol,sex_f,age_aggregate_y55_64,mts_details_total,2002,90.055
bol,sex_f,age_aggregate_y55_64,mts_details_total,2004,155.966
bol,sex_f,age_aggregate_y55_64,mts_details_total,2005,167.004
bol,sex_f,age_aggregate_y55_64,mts_details_total,2006,136.125
bol,sex_f,age_aggregate_y55_64,mts_details_total,2007,161.214
bol,sex_f,age_aggregate_y55_64,mts_details_total,2008,184.613
bol,sex_f,age_aggregate_y55_64,mts_details_total,2009,175.036
bol,sex_f,age_aggregate_y55_64,mts_details_total,2011,196.871
bol,sex_f,age_aggregate_y55_64,mts_details_total,2012,183.323
bol,sex_f,age_aggregate_y55_64,mts_details_total,2013,217.013
bol,sex_f,age_aggregate_y55_64,mts_details_total,2014,237.003
bol,sex_f,age_aggregate_y55_64,mts_details_total,2015,212.892
bol,sex_f,age_aggregate_y55_64,mts_details_total,2016,200.007
bol,sex_f,age_aggregate_y55_64,mts_details_total,2017,225.958
bol,sex_f,age_aggregate_y55_64,mts_details_total,2018,260.321
bol,sex_f,age_aggregate_y55_64,mts_details_total,2019,272.174
bol,sex_f,age_aggregate_y55_64,mts_details_total,2022,304.439
bol,sex_f,age_aggregate_y55_64,mts_details_total,2023,313.322
bol,sex_f,age_aggregate_y55_64,mts_details_total,2024,340.423
bol,sex_f,age_aggregate_y55_64,mts_details_union,1999,7.19
bol,sex_f,age_aggregate_y55_64,mts_details_union,2000,22.636
bol,sex_f,age_aggregate_y55_64,mts_details_union,2001,2.842
bol,sex_f,age_aggregate_y55_64,mts_details_union,2002,3.448
bol,sex_f,age_aggregate_y55_64,mts_details_union,2004,14.043
bol,sex_f,age_aggregate_y55_64,mts_details_union,2005,11.409
bol,sex_f,age_aggregate_y55_64,mts_details_union,2006,8.688
bol,sex_f,age_aggregate_y55_64,mts_details_union,2007,2.765
bol,sex_f,age_aggregate_y55_64,mts_details_union,2008,11.428
bol,sex_f,age_aggregate_y55_64,mts_details_union,2009,8.578
bol,sex_f,age_aggregate_y55_64,mts_details_union,2011,8.28
bol,sex_f,age_aggregate_y55_64,mts_details_union,2012,11.313
bol,sex_f,age_aggregate_y55_64,mts_details_union,2013,17.378
bol,sex_f,age_aggregate_y55_64,mts_details_union,2014,17.165
bol,sex_f,age_aggregate_y55_64,mts_details_union,2015,16.197
bol,sex_f,age_aggregate_y55_64,mts_details_union,2016,14.347
bol,sex_f,age_aggregate_y55_64,mts_details_union,2017,17.254
bol,sex_f,age_aggregate_y55_64,mts_details_union,2018,19.456
bol,sex_f,age_aggregate_y55_64,mts_details_union,2019,19.366
bol,sex_f,age_aggregate_y55_64,mts_details_union,2022,23.515
bol,sex_f,age_aggregate_y55_64,mts_details_union,2023,28.319
bol,sex_f,age_aggregate_y55_64,mts_details_union,2024,31.534
bol,sex_f,age_aggregate_y55_64,mts_details_wid,1999,37.221
bol,sex_f,age_aggregate_y55_64,mts_details_wid,2000,7.559
bol,sex_f,age_aggregate_y55_64,mts_details_wid,2001,17.749
bol,sex_f,age_aggregate_y55_64,mts_details_wid,2002,20.229
bol,sex_f,age_aggregate_y55_64,mts_details_wid,2004,28.847
bol,sex_f,age_aggregate_y55_64,mts_details_wid,2005,41.748
bol,sex_f,age_aggregate_y55_64,mts_details_wid,2006,22.79
bol,sex_f,age_aggregate_y55_64,mts_details_wid,2007,36.728
bol,sex_f,age_aggregate_y55_64,mts_details_wid,2008,32.024
bol,sex_f,age_aggregate_y55_64,mts_details_wid,2009,35.511
bol,sex_f,age_aggregate_y55_64,mts_details_wid,2011,36.911
bol,sex_f,age_aggregate_y55_64,mts_details_wid,2012,34.477
bol,sex_f,age_aggregate_y55_64,mts_details_wid,2013,41.532
bol,sex_f,age_aggregate_y55_64,mts_details_wid,2014,44.831
bol,sex_f,age_aggregate_y55_64,mts_details_wid,2015,40.09
bol,sex_f,age_aggregate_y55_64,mts_details_wid,2016,33.659
bol,sex_f,age_aggregate_y55_64,mts_details_wid,2017,31.464
bol,sex_f,age_aggregate_y55_64,mts_details_wid,2018,40.188
bol,sex_f,age_aggregate_y55_64,mts_details_wid,2019,40.966
bol,sex_f,age_aggregate_y55_64,mts_details_wid,2022,47.422
bol,sex_f,age_aggregate_y55_64,mts_details_wid,2023,45.884
bol,sex_f,age_aggregate_y55_64,mts_details_wid,2024,47.795
bol,sex_f,age_aggregate_yge65,mts_aggregate_1,1999,48.493
bol,sex_f,age_aggregate_yge65,mts_aggregate_1,2000,40.492
bol,sex_f,age_aggregate_yge65,mts_aggregate_1,2001,45.273
bol,sex_f,age_aggregate_yge65,mts_aggregate_1,2002,29.974
bol,sex_f,age_aggregate_yge65,mts_aggregate_1,2004,69.207
bol,sex_f,age_aggregate_yge65,mts_aggregate_1,2005,60.812
bol,sex_f,age_aggregate_yge65,mts_aggregate_1,2006,55.908
bol,sex_f,age_aggregate_yge65,mts_aggregate_1,2007,83.997
bol,sex_f,age_aggregate_yge65,mts_aggregate_1,2008,61.295
bol,sex_f,age_aggregate_yge65,mts_aggregate_1,2009,60.729
bol,sex_f,age_aggregate_yge65,mts_aggregate_1,2011,58.458
bol,sex_f,age_aggregate_yge65,mts_aggregate_1,2012,56.124
bol,sex_f,age_aggregate_yge65,mts_aggregate_1,2013,81.544
bol,sex_f,age_aggregate_yge65,mts_aggregate_1,2014,72.318
bol,sex_f,age_aggregate_yge65,mts_aggregate_1,2015,68.797
bol,sex_f,age_aggregate_yge65,mts_aggregate_1,2016,69.087
bol,sex_f,age_aggregate_yge65,mts_aggregate_1,2017,86.005
bol,sex_f,age_aggregate_yge65,mts_aggregate_1,2018,93.787
bol,sex_f,age_aggregate_yge65,mts_aggregate_1,2019,90.39
bol,sex_f,age_aggregate_yge65,mts_aggregate_1,2022,108.43
bol,sex_f,age_aggregate_yge65,mts_aggregate_1,2023,116.229
bol,sex_f,age_aggregate_yge65,mts_aggregate_1,2024,127.891
bol,sex_f,age_aggregate_yge65,mts_aggregate_2,1999,48.656
bol,sex_f,age_aggregate_yge65,mts_aggregate_2,2000,29.653
bol,sex_f,age_aggregate_yge65,mts_aggregate_2,2001,44.476
bol,sex_f,age_aggregate_yge65,mts_aggregate_2,2002,43.396
bol,sex_f,age_aggregate_yge65,mts_aggregate_2,2004,51.839
bol,sex_f,age_aggregate_yge65,mts_aggregate_2,2005,64.219
bol,sex_f,age_aggregate_yge65,mts_aggregate_2,2006,57.045
bol,sex_f,age_aggregate_yge65,mts_aggregate_2,2007,75.476
bol,sex_f,age_aggregate_yge65,mts_aggregate_2,2008,66.072
bol,sex_f,age_aggregate_yge65,mts_aggregate_2,2009,59.18
bol,sex_f,age_aggregate_yge65,mts_aggregate_2,2011,64.66
bol,sex_f,age_aggregate_yge65,mts_aggregate_2,2012,68.518
bol,sex_f,age_aggregate_yge65,mts_aggregate_2,2013,88.243
bol,sex_f,age_aggregate_yge65,mts_aggregate_2,2014,82.803
bol,sex_f,age_aggregate_yge65,mts_aggregate_2,2015,81.506
bol,sex_f,age_aggregate_yge65,mts_aggregate_2,2016,75.509
bol,sex_f,age_aggregate_yge65,mts_aggregate_2,2017,94.877
bol,sex_f,age_aggregate_yge65,mts_aggregate_2,2018,110.96
bol,sex_f,age_aggregate_yge65,mts_aggregate_2,2019,101.824
bol,sex_f,age_aggregate_yge65,mts_aggregate_2,2022,111.906
bol,sex_f,age_aggregate_yge65,mts_aggregate_2,2023,132.724
bol,sex_f,age_aggregate_yge65,mts_aggregate_2,2024,142.658
bol,sex_f,age_aggregate_yge65,mts_aggregate_total,1999,97.149
bol,sex_f,age_aggregate_yge65,mts_aggregate_total,2000,70.145
bol,sex_f,age_aggregate_yge65,mts_aggregate_total,2001,89.749
bol,sex_f,age_aggregate_yge65,mts_aggregate_total,2002,73.37
bol,sex_f,age_aggregate_yge65,mts_aggregate_total,2004,121.046
bol,sex_f,age_aggregate_yge65,mts_aggregate_total,2005,125.031
bol,sex_f,age_aggregate_yge65,mts_aggregate_total,2006,112.953
bol,sex_f,age_aggregate_yge65,mts_aggregate_total,2007,159.473
bol,sex_f,age_aggregate_yge65,mts_aggregate_total,2008,127.367
bol,sex_f,age_aggregate_yge65,mts_aggregate_total,2009,119.909
bol,sex_f,age_aggregate_yge65,mts_aggregate_total,2011,123.118
bol,sex_f,age_aggregate_yge65,mts_aggregate_total,2012,124.642
bol,sex_f,age_aggregate_yge65,mts_aggregate_total,2013,169.787
bol,sex_f,age_aggregate_yge65,mts_aggregate_total,2014,155.777
bol,sex_f,age_aggregate_yge65,mts_aggregate_total,2015,150.303
bol,sex_f,age_aggregate_yge65,mts_aggregate_total,2016,144.596
bol,sex_f,age_aggregate_yge65,mts_aggregate_total,2017,180.883
bol,sex_f,age_aggregate_yge65,mts_aggregate_total,2018,204.747
bol,sex_f,age_aggregate_yge65,mts_aggregate_total,2019,192.214
bol,sex_f,age_aggregate_yge65,mts_aggregate_total,2022,220.336
bol,sex_f,age_aggregate_yge65,mts_aggregate_total,2023,248.953
bol,sex_f,age_aggregate_yge65,mts_aggregate_total,2024,270.549
bol,sex_f,age_aggregate_yge65,mts_details_mrd,1999,47.671
bol,sex_f,age_aggregate_yge65,mts_details_mrd,2000,1.001
bol,sex_f,age_aggregate_yge65,mts_details_mrd,2001,41.546
bol,sex_f,age_aggregate_yge65,mts_details_mrd,2002,40.847
bol,sex_f,age_aggregate_yge65,mts_details_mrd,2004,50.13
bol,sex_f,age_aggregate_yge65,mts_details_mrd,2005,63.691
bol,sex_f,age_aggregate_yge65,mts_details_mrd,2006,55.585
bol,sex_f,age_aggregate_yge65,mts_details_mrd,2007,73.376
bol,sex_f,age_aggregate_yge65,mts_details_mrd,2008,63.087
bol,sex_f,age_aggregate_yge65,mts_details_mrd,2009,54.93
bol,sex_f,age_aggregate_yge65,mts_details_mrd,2011,59.359
bol,sex_f,age_aggregate_yge65,mts_details_mrd,2012,63.312
bol,sex_f,age_aggregate_yge65,mts_details_mrd,2013,85.18
bol,sex_f,age_aggregate_yge65,mts_details_mrd,2014,79.797
bol,sex_f,age_aggregate_yge65,mts_details_mrd,2015,75.684
bol,sex_f,age_aggregate_yge65,mts_details_mrd,2016,70.842
bol,sex_f,age_aggregate_yge65,mts_details_mrd,2017,89.854
bol,sex_f,age_aggregate_yge65,mts_details_mrd,2018,103.682
bol,sex_f,age_aggregate_yge65,mts_details_mrd,2019,93.503
bol,sex_f,age_aggregate_yge65,mts_details_mrd,2022,102.374
bol,sex_f,age_aggregate_yge65,mts_details_mrd,2023,125.255
bol,sex_f,age_aggregate_yge65,mts_details_mrd,2024,129.672
bol,sex_f,age_aggregate_yge65,mts_details_sep,2000,3.692
bol,sex_f,age_aggregate_yge65,mts_details_sep,2001,1.469
bol,sex_f,age_aggregate_yge65,mts_details_sep,2002,1.839
bol,sex_f,age_aggregate_yge65,mts_details_sep,2004,3.637
bol,sex_f,age_aggregate_yge65,mts_details_sep,2005,3.954
bol,sex_f,age_aggregate_yge65,mts_details_sep,2006,6.388
bol,sex_f,age_aggregate_yge65,mts_details_sep,2007,7.741
bol,sex_f,age_aggregate_yge65,mts_details_sep,2008,6.181
bol,sex_f,age_aggregate_yge65,mts_details_sep,2009,5.157
bol,sex_f,age_aggregate_yge65,mts_details_sep,2011,5.227
bol,sex_f,age_aggregate_yge65,mts_details_sep,2012,5.685
bol,sex_f,age_aggregate_yge65,mts_details_sep,2013,5.681
bol,sex_f,age_aggregate_yge65,mts_details_sep,2014,7.824
bol,sex_f,age_aggregate_yge65,mts_details_sep,2015,10.986
bol,sex_f,age_aggregate_yge65,mts_details_sep,2016,9.206
bol,sex_f,age_aggregate_yge65,mts_details_sep,2017,10.545
bol,sex_f,age_aggregate_yge65,mts_details_sep,2018,11.591
bol,sex_f,age_aggregate_yge65,mts_details_sep,2019,11.675
bol,sex_f,age_aggregate_yge65,mts_details_sep,2022,14.528
bol,sex_f,age_aggregate_yge65,mts_details_sep,2023,16.494
bol,sex_f,age_aggregate_yge65,mts_details_sep,2024,14.534
bol,sex_f,age_aggregate_yge65,mts_details_sgle,1999,4.963
bol,sex_f,age_aggregate_yge65,mts_details_sgle,2000,31.873
bol,sex_f,age_aggregate_yge65,mts_details_sgle,2001,6.319
bol,sex_f,age_aggregate_yge65,mts_details_sgle,2002,3.64
bol,sex_f,age_aggregate_yge65,mts_details_sgle,2004,5.619
bol,sex_f,age_aggregate_yge65,mts_details_sgle,2005,4.424
bol,sex_f,age_aggregate_yge65,mts_details_sgle,2006,13.13
bol,sex_f,age_aggregate_yge65,mts_details_sgle,2007,10.289
bol,sex_f,age_aggregate_yge65,mts_details_sgle,2008,9.554
bol,sex_f,age_aggregate_yge65,mts_details_sgle,2009,7.005
bol,sex_f,age_aggregate_yge65,mts_details_sgle,2011,9.172
bol,sex_f,age_aggregate_yge65,mts_details_sgle,2012,7.42
bol,sex_f,age_aggregate_yge65,mts_details_sgle,2013,9.721
bol,sex_f,age_aggregate_yge65,mts_details_sgle,2014,9.226
bol,sex_f,age_aggregate_yge65,mts_details_sgle,2015,8.154
bol,sex_f,age_aggregate_yge65,mts_details_sgle,2016,10.768
bol,sex_f,age_aggregate_yge65,mts_details_sgle,2017,10.01
bol,sex_f,age_aggregate_yge65,mts_details_sgle,2018,12.212
bol,sex_f,age_aggregate_yge65,mts_details_sgle,2019,11.357
bol,sex_f,age_aggregate_yge65,mts_details_sgle,2022,18.663
bol,sex_f,age_aggregate_yge65,mts_details_sgle,2023,17.232
bol,sex_f,age_aggregate_yge65,mts_details_sgle,2024,20.728
bol,sex_f,age_aggregate_yge65,mts_details_total,1999,97.149
bol,sex_f,age_aggregate_yge65,mts_details_total,2000,70.145
bol,sex_f,age_aggregate_yge65,mts_details_total,2001,89.749
bol,sex_f,age_aggregate_yge65,mts_details_total,2002,73.37
bol,sex_f,age_aggregate_yge65,mts_details_total,2004,121.046
bol,sex_f,age_aggregate_yge65,mts_details_total,2005,125.031
bol,sex_f,age_aggregate_yge65,mts_details_total,2006,112.953
bol,sex_f,age_aggregate_yge65,mts_details_total,2007,159.473
bol,sex_f,age_aggregate_yge65,mts_details_total,2008,127.367
bol,sex_f,age_aggregate_yge65,mts_details_total,2009,119.909
bol,sex_f,age_aggregate_yge65,mts_details_total,2011,123.118
bol,sex_f,age_aggregate_yge65,mts_details_total,2012,124.642
bol,sex_f,age_aggregate_yge65,mts_details_total,2013,169.787
bol,sex_f,age_aggregate_yge65,mts_details_total,2014,155.777
bol,sex_f,age_aggregate_yge65,mts_details_total,2015,150.303
bol,sex_f,age_aggregate_yge65,mts_details_total,2016,144.596
bol,sex_f,age_aggregate_yge65,mts_details_total,2017,180.883
bol,sex_f,age_aggregate_yge65,mts_details_total,2018,204.747
bol,sex_f,age_aggregate_yge65,mts_details_total,2019,192.214
bol,sex_f,age_aggregate_yge65,mts_details_total,2022,220.336
bol,sex_f,age_aggregate_yge65,mts_details_total,2023,248.953
bol,sex_f,age_aggregate_yge65,mts_details_total,2024,270.549
bol,sex_f,age_aggregate_yge65,mts_details_union,2000,28.652
bol,sex_f,age_aggregate_yge65,mts_details_union,2001,2.93
bol,sex_f,age_aggregate_yge65,mts_details_union,2002,2.549
bol,sex_f,age_aggregate_yge65,mts_details_union,2004,1.709
bol,sex_f,age_aggregate_yge65,mts_details_union,2008,2.985
bol,sex_f,age_aggregate_yge65,mts_details_union,2009,4.25
bol,sex_f,age_aggregate_yge65,mts_details_union,2011,5.301
bol,sex_f,age_aggregate_yge65,mts_details_union,2012,5.206
bol,sex_f,age_aggregate_yge65,mts_details_union,2013,3.063
bol,sex_f,age_aggregate_yge65,mts_details_union,2014,3.006
bol,sex_f,age_aggregate_yge65,mts_details_union,2015,5.822
bol,sex_f,age_aggregate_yge65,mts_details_union,2016,4.667
bol,sex_f,age_aggregate_yge65,mts_details_union,2017,5.024
bol,sex_f,age_aggregate_yge65,mts_details_union,2018,7.278
bol,sex_f,age_aggregate_yge65,mts_details_union,2019,8.321
bol,sex_f,age_aggregate_yge65,mts_details_union,2022,9.532
bol,sex_f,age_aggregate_yge65,mts_details_union,2023,7.469
bol,sex_f,age_aggregate_yge65,mts_details_union,2024,12.986
bol,sex_f,age_aggregate_yge65,mts_details_wid,1999,40.663
bol,sex_f,age_aggregate_yge65,mts_details_wid,2000,4.927
bol,sex_f,age_aggregate_yge65,mts_details_wid,2001,37.485
bol,sex_f,age_aggregate_yge65,mts_details_wid,2002,24.495
bol,sex_f,age_aggregate_yge65,mts_details_wid,2004,59.951
bol,sex_f,age_aggregate_yge65,mts_details_wid,2005,52.434
bol,sex_f,age_aggregate_yge65,mts_details_wid,2006,36.39
bol,sex_f,age_aggregate_yge65,mts_details_wid,2007,65.967
bol,sex_f,age_aggregate_yge65,mts_details_wid,2008,45.56
bol,sex_f,age_aggregate_yge65,mts_details_wid,2009,48.567
bol,sex_f,age_aggregate_yge65,mts_details_wid,2011,44.059
bol,sex_f,age_aggregate_yge65,mts_details_wid,2012,43.019
bol,sex_f,age_aggregate_yge65,mts_details_wid,2013,66.142
bol,sex_f,age_aggregate_yge65,mts_details_wid,2014,55.268
bol,sex_f,age_aggregate_yge65,mts_details_wid,2015,49.657
bol,sex_f,age_aggregate_yge65,mts_details_wid,2016,49.114
bol,sex_f,age_aggregate_yge65,mts_details_wid,2017,65.45
bol,sex_f,age_aggregate_yge65,mts_details_wid,2018,69.984
bol,sex_f,age_aggregate_yge65,mts_details_wid,2019,67.357
bol,sex_f,age_aggregate_yge65,mts_details_wid,2022,75.239
bol,sex_f,age_aggregate_yge65,mts_details_wid,2023,82.504
bol,sex_f,age_aggregate_yge65,mts_details_wid,2024,92.629
bol,sex_f,age_ythadult_y15_24,mts_aggregate_1,1999,150.404
bol,sex_f,age_ythadult_y15_24,mts_aggregate_1,2000,249.093
bol,sex_f,age_ythadult_y15_24,mts_aggregate_1,2001,256.034
bol,sex_f,age_ythadult_y15_24,mts_aggregate_1,2002,247.214
bol,sex_f,age_ythadult_y15_24,mts_aggregate_1,2004,268.889
bol,sex_f,age_ythadult_y15_24,mts_aggregate_1,2005,208.487
bol,sex_f,age_ythadult_y15_24,mts_aggregate_1,2006,218.143
bol,sex_f,age_ythadult_y15_24,mts_aggregate_1,2007,245.772
bol,sex_f,age_ythadult_y15_24,mts_aggregate_1,2008,233.896
bol,sex_f,age_ythadult_y15_24,mts_aggregate_1,2009,227.926
bol,sex_f,age_ythadult_y15_24,mts_aggregate_1,2011,240.39
bol,sex_f,age_ythadult_y15_24,mts_aggregate_1,2012,200.173
bol,sex_f,age_ythadult_y15_24,mts_aggregate_1,2013,242.395
bol,sex_f,age_ythadult_y15_24,mts_aggregate_1,2014,252.43
bol,sex_f,age_ythadult_y15_24,mts_aggregate_1,2015,200.095
bol,sex_f,age_ythadult_y15_24,mts_aggregate_1,2016,187.275
bol,sex_f,age_ythadult_y15_24,mts_aggregate_1,2017,212.186
bol,sex_f,age_ythadult_y15_24,mts_aggregate_1,2018,239.74
bol,sex_f,age_ythadult_y15_24,mts_aggregate_1,2019,250.417
bol,sex_f,age_ythadult_y15_24,mts_aggregate_1,2022,375.36
bol,sex_f,age_ythadult_y15_24,mts_aggregate_1,2023,375.206
bol,sex_f,age_ythadult_y15_24,mts_aggregate_1,2024,395.035
bol,sex_f,age_ythadult_y15_24,mts_aggregate_2,1999,81.765
bol,sex_f,age_ythadult_y15_24,mts_aggregate_2,2000,38.409
bol,sex_f,age_ythadult_y15_24,mts_aggregate_2,2001,97.363
bol,sex_f,age_ythadult_y15_24,mts_aggregate_2,2002,75.254
bol,sex_f,age_ythadult_y15_24,mts_aggregate_2,2004,102.619
bol,sex_f,age_ythadult_y15_24,mts_aggregate_2,2005,67.388
bol,sex_f,age_ythadult_y15_24,mts_aggregate_2,2006,88.258
bol,sex_f,age_ythadult_y15_24,mts_aggregate_2,2007,70.706
bol,sex_f,age_ythadult_y15_24,mts_aggregate_2,2008,91.256
bol,sex_f,age_ythadult_y15_24,mts_aggregate_2,2009,108.507
bol,sex_f,age_ythadult_y15_24,mts_aggregate_2,2011,94.631
bol,sex_f,age_ythadult_y15_24,mts_aggregate_2,2012,74.538
bol,sex_f,age_ythadult_y15_24,mts_aggregate_2,2013,72.017
bol,sex_f,age_ythadult_y15_24,mts_aggregate_2,2014,101.964
bol,sex_f,age_ythadult_y15_24,mts_aggregate_2,2015,72.812
bol,sex_f,age_ythadult_y15_24,mts_aggregate_2,2016,64.086
bol,sex_f,age_ythadult_y15_24,mts_aggregate_2,2017,62.381
bol,sex_f,age_ythadult_y15_24,mts_aggregate_2,2018,81.485
bol,sex_f,age_ythadult_y15_24,mts_aggregate_2,2019,85.555
bol,sex_f,age_ythadult_y15_24,mts_aggregate_2,2022,113.091
bol,sex_f,age_ythadult_y15_24,mts_aggregate_2,2023,96.833
bol,sex_f,age_ythadult_y15_24,mts_aggregate_2,2024,100.324
bol,sex_f,age_ythadult_y15_24,mts_aggregate_total,1999,232.169
bol,sex_f,age_ythadult_y15_24,mts_aggregate_total,2000,287.502
bol,sex_f,age_ythadult_y15_24,mts_aggregate_total,2001,353.397
bol,sex_f,age_ythadult_y15_24,mts_aggregate_total,2002,322.468
bol,sex_f,age_ythadult_y15_24,mts_aggregate_total,2004,371.508
bol,sex_f,age_ythadult_y15_24,mts_aggregate_total,2005,275.875
bol,sex_f,age_ythadult_y15_24,mts_aggregate_total,2006,306.401
bol,sex_f,age_ythadult_y15_24,mts_aggregate_total,2007,316.478
bol,sex_f,age_ythadult_y15_24,mts_aggregate_total,2008,325.152
bol,sex_f,age_ythadult_y15_24,mts_aggregate_total,2009,336.433
bol,sex_f,age_ythadult_y15_24,mts_aggregate_total,2011,335.021
bol,sex_f,age_ythadult_y15_24,mts_aggregate_total,2012,274.711
bol,sex_f,age_ythadult_y15_24,mts_aggregate_total,2013,314.412
bol,sex_f,age_ythadult_y15_24,mts_aggregate_total,2014,354.394
bol,sex_f,age_ythadult_y15_24,mts_aggregate_total,2015,272.907
bol,sex_f,age_ythadult_y15_24,mts_aggregate_total,2016,251.361
bol,sex_f,age_ythadult_y15_24,mts_aggregate_total,2017,274.567
bol,sex_f,age_ythadult_y15_24,mts_aggregate_total,2018,321.225
bol,sex_f,age_ythadult_y15_24,mts_aggregate_total,2019,335.972
bol,sex_f,age_ythadult_y15_24,mts_aggregate_total,2022,488.45
bol,sex_f,age_ythadult_y15_24,mts_aggregate_total,2023,472.039
bol,sex_f,age_ythadult_y15_24,mts_aggregate_total,2024,495.358
bol,sex_f,age_ythadult_y15_24,mts_details_mrd,1999,35.556
bol,sex_f,age_ythadult_y15_24,mts_details_mrd,2000,37.022
bol,sex_f,age_ythadult_y15_24,mts_details_mrd,2001,41.713
bol,sex_f,age_ythadult_y15_24,mts_details_mrd,2002,36.929
bol,sex_f,age_ythadult_y15_24,mts_details_mrd,2004,36.511
bol,sex_f,age_ythadult_y15_24,mts_details_mrd,2005,26.818
bol,sex_f,age_ythadult_y15_24,mts_details_mrd,2006,29.729
bol,sex_f,age_ythadult_y15_24,mts_details_mrd,2007,21.021
bol,sex_f,age_ythadult_y15_24,mts_details_mrd,2008,26.88
bol,sex_f,age_ythadult_y15_24,mts_details_mrd,2009,33.116
bol,sex_f,age_ythadult_y15_24,mts_details_mrd,2011,26.866
bol,sex_f,age_ythadult_y15_24,mts_details_mrd,2012,20.821
bol,sex_f,age_ythadult_y15_24,mts_details_mrd,2013,22.512
bol,sex_f,age_ythadult_y15_24,mts_details_mrd,2014,26.634
bol,sex_f,age_ythadult_y15_24,mts_details_mrd,2015,16.645
bol,sex_f,age_ythadult_y15_24,mts_details_mrd,2016,13.51
bol,sex_f,age_ythadult_y15_24,mts_details_mrd,2017,13.123
bol,sex_f,age_ythadult_y15_24,mts_details_mrd,2018,14.604
bol,sex_f,age_ythadult_y15_24,mts_details_mrd,2019,14.261
bol,sex_f,age_ythadult_y15_24,mts_details_mrd,2022,13.831
bol,sex_f,age_ythadult_y15_24,mts_details_mrd,2023,12.895
bol,sex_f,age_ythadult_y15_24,mts_details_mrd,2024,13.926
bol,sex_f,age_ythadult_y15_24,mts_details_sep,2000,2.577
bol,sex_f,age_ythadult_y15_24,mts_details_sep,2001,7.019
bol,sex_f,age_ythadult_y15_24,mts_details_sep,2002,3.117
bol,sex_f,age_ythadult_y15_24,mts_details_sep,2004,6.719
bol,sex_f,age_ythadult_y15_24,mts_details_sep,2006,4.868
bol,sex_f,age_ythadult_y15_24,mts_details_sep,2007,5.982
bol,sex_f,age_ythadult_y15_24,mts_details_sep,2008,8.074
bol,sex_f,age_ythadult_y15_24,mts_details_sep,2009,9.749
bol,sex_f,age_ythadult_y15_24,mts_details_sep,2011,2.53
bol,sex_f,age_ythadult_y15_24,mts_details_sep,2012,9.468
bol,sex_f,age_ythadult_y15_24,mts_details_sep,2013,4.498
bol,sex_f,age_ythadult_y15_24,mts_details_sep,2014,6.634
bol,sex_f,age_ythadult_y15_24,mts_details_sep,2015,6.12
bol,sex_f,age_ythadult_y15_24,mts_details_sep,2016,3.673
bol,sex_f,age_ythadult_y15_24,mts_details_sep,2017,4.83
bol,sex_f,age_ythadult_y15_24,mts_details_sep,2018,4.431
bol,sex_f,age_ythadult_y15_24,mts_details_sep,2019,3.353
bol,sex_f,age_ythadult_y15_24,mts_details_sep,2022,2.863
bol,sex_f,age_ythadult_y15_24,mts_details_sep,2023,3.178
bol,sex_f,age_ythadult_y15_24,mts_details_sep,2024,1.492
bol,sex_f,age_ythadult_y15_24,mts_details_sgle,1999,146.888
bol,sex_f,age_ythadult_y15_24,mts_details_sgle,2000,34.438
bol,sex_f,age_ythadult_y15_24,mts_details_sgle,2001,248.858
bol,sex_f,age_ythadult_y15_24,mts_details_sgle,2002,243.561
bol,sex_f,age_ythadult_y15_24,mts_details_sgle,2004,260.864
bol,sex_f,age_ythadult_y15_24,mts_details_sgle,2005,206.921
bol,sex_f,age_ythadult_y15_24,mts_details_sgle,2006,213.275
bol,sex_f,age_ythadult_y15_24,mts_details_sgle,2007,236.673
bol,sex_f,age_ythadult_y15_24,mts_details_sgle,2008,225.127
bol,sex_f,age_ythadult_y15_24,mts_details_sgle,2009,217.398
bol,sex_f,age_ythadult_y15_24,mts_details_sgle,2011,237.558
bol,sex_f,age_ythadult_y15_24,mts_details_sgle,2012,190.705
bol,sex_f,age_ythadult_y15_24,mts_details_sgle,2013,236.97
bol,sex_f,age_ythadult_y15_24,mts_details_sgle,2014,244.152
bol,sex_f,age_ythadult_y15_24,mts_details_sgle,2015,193.756
bol,sex_f,age_ythadult_y15_24,mts_details_sgle,2016,183.378
bol,sex_f,age_ythadult_y15_24,mts_details_sgle,2017,207.039
bol,sex_f,age_ythadult_y15_24,mts_details_sgle,2018,234.855
bol,sex_f,age_ythadult_y15_24,mts_details_sgle,2019,246.598
bol,sex_f,age_ythadult_y15_24,mts_details_sgle,2022,372.207
bol,sex_f,age_ythadult_y15_24,mts_details_sgle,2023,371.686
bol,sex_f,age_ythadult_y15_24,mts_details_sgle,2024,393.338
bol,sex_f,age_ythadult_y15_24,mts_details_total,1999,232.169
bol,sex_f,age_ythadult_y15_24,mts_details_total,2000,287.502
bol,sex_f,age_ythadult_y15_24,mts_details_total,2001,353.397
bol,sex_f,age_ythadult_y15_24,mts_details_total,2002,322.468
bol,sex_f,age_ythadult_y15_24,mts_details_total,2004,371.508
bol,sex_f,age_ythadult_y15_24,mts_details_total,2005,275.875
bol,sex_f,age_ythadult_y15_24,mts_details_total,2006,306.401
bol,sex_f,age_ythadult_y15_24,mts_details_total,2007,316.478
bol,sex_f,age_ythadult_y15_24,mts_details_total,2008,325.152
bol,sex_f,age_ythadult_y15_24,mts_details_total,2009,336.433
bol,sex_f,age_ythadult_y15_24,mts_details_total,2011,335.021
bol,sex_f,age_ythadult_y15_24,mts_details_total,2012,274.711
bol,sex_f,age_ythadult_y15_24,mts_details_total,2013,314.412
bol,sex_f,age_ythadult_y15_24,mts_details_total,2014,354.394
bol,sex_f,age_ythadult_y15_24,mts_details_total,2015,272.907
bol,sex_f,age_ythadult_y15_24,mts_details_total,2016,251.361
bol,sex_f,age_ythadult_y15_24,mts_details_total,2017,274.567
bol,sex_f,age_ythadult_y15_24,mts_details_total,2018,321.225
bol,sex_f,age_ythadult_y15_24,mts_details_total,2019,335.972
bol,sex_f,age_ythadult_y15_24,mts_details_total,2022,488.45
bol,sex_f,age_ythadult_y15_24,mts_details_total,2023,472.039
bol,sex_f,age_ythadult_y15_24,mts_details_total,2024,495.358
bol,sex_f,age_ythadult_y15_24,mts_details_union,1999,46.209
bol,sex_f,age_ythadult_y15_24,mts_details_union,2000,1.387
bol,sex_f,age_ythadult_y15_24,mts_details_union,2001,55.65
bol,sex_f,age_ythadult_y15_24,mts_details_union,2002,38.325
bol,sex_f,age_ythadult_y15_24,mts_details_union,2004,66.108
bol,sex_f,age_ythadult_y15_24,mts_details_union,2005,40.57
bol,sex_f,age_ythadult_y15_24,mts_details_union,2006,58.529
bol,sex_f,age_ythadult_y15_24,mts_details_union,2007,49.685
bol,sex_f,age_ythadult_y15_24,mts_details_union,2008,64.376
bol,sex_f,age_ythadult_y15_24,mts_details_union,2009,75.391
bol,sex_f,age_ythadult_y15_24,mts_details_union,2011,67.765
bol,sex_f,age_ythadult_y15_24,mts_details_union,2012,53.717
bol,sex_f,age_ythadult_y15_24,mts_details_union,2013,49.505
bol,sex_f,age_ythadult_y15_24,mts_details_union,2014,75.33
bol,sex_f,age_ythadult_y15_24,mts_details_union,2015,56.167
bol,sex_f,age_ythadult_y15_24,mts_details_union,2016,50.577
bol,sex_f,age_ythadult_y15_24,mts_details_union,2017,49.258
bol,sex_f,age_ythadult_y15_24,mts_details_union,2018,66.881
bol,sex_f,age_ythadult_y15_24,mts_details_union,2019,71.294
bol,sex_f,age_ythadult_y15_24,mts_details_union,2022,99.259
bol,sex_f,age_ythadult_y15_24,mts_details_union,2023,83.938
bol,sex_f,age_ythadult_y15_24,mts_details_union,2024,86.397
bol,sex_f,age_ythadult_y15_24,mts_details_wid,2000,212.078
bol,sex_f,age_ythadult_y15_24,mts_details_wid,2014,1.644
bol,sex_f,age_ythadult_y15_24,mts_details_wid,2017,0.316
bol,sex_f,age_ythadult_y15_24,mts_details_wid,2018,0.454
bol,sex_f,age_ythadult_y15_24,mts_details_wid,2019,0.466
bol,sex_f,age_ythadult_y15_24,mts_details_wid,2023,0.342
bol,sex_f,age_ythadult_y15_24,mts_details_wid,2024,0.204
bol,sex_f,age_ythadult_y15_64,mts_aggregate_1,1999,374.174
bol,sex_f,age_ythadult_y15_64,mts_aggregate_1,2000,797.811
bol,sex_f,age_ythadult_y15_64,mts_aggregate_1,2001,444.839
bol,sex_f,age_ythadult_y15_64,mts_aggregate_1,2002,436.057
bol,sex_f,age_ythadult_y15_64,mts_aggregate_1,2004,559.863
bol,sex_f,age_ythadult_y15_64,mts_aggregate_1,2005,459.585
bol,sex_f,age_ythadult_y15_64,mts_aggregate_1,2006,455.962
bol,sex_f,age_ythadult_y15_64,mts_aggregate_1,2007,530.688
bol,sex_f,age_ythadult_y15_64,mts_aggregate_1,2008,520.663
bol,sex_f,age_ythadult_y15_64,mts_aggregate_1,2009,504.43
bol,sex_f,age_ythadult_y15_64,mts_aggregate_1,2011,531.223
bol,sex_f,age_ythadult_y15_64,mts_aggregate_1,2012,522.147
bol,sex_f,age_ythadult_y15_64,mts_aggregate_1,2013,630.6
bol,sex_f,age_ythadult_y15_64,mts_aggregate_1,2014,639.828
bol,sex_f,age_ythadult_y15_64,mts_aggregate_1,2015,545.735
bol,sex_f,age_ythadult_y15_64,mts_aggregate_1,2016,471.638
bol,sex_f,age_ythadult_y15_64,mts_aggregate_1,2017,517.1
bol,sex_f,age_ythadult_y15_64,mts_aggregate_1,2018,569.601
bol,sex_f,age_ythadult_y15_64,mts_aggregate_1,2019,601.62
bol,sex_f,age_ythadult_y15_64,mts_aggregate_1,2022,873.545
bol,sex_f,age_ythadult_y15_64,mts_aggregate_1,2023,878.552
bol,sex_f,age_ythadult_y15_64,mts_aggregate_1,2024,937.787
bol,sex_f,age_ythadult_y15_64,mts_aggregate_2,1999,689.849
bol,sex_f,age_ythadult_y15_64,mts_aggregate_2,2000,169.423
bol,sex_f,age_ythadult_y15_64,mts_aggregate_2,2001,637.442
bol,sex_f,age_ythadult_y15_64,mts_aggregate_2,2002,639.167
bol,sex_f,age_ythadult_y15_64,mts_aggregate_2,2004,878.547
bol,sex_f,age_ythadult_y15_64,mts_aggregate_2,2005,780.905
bol,sex_f,age_ythadult_y15_64,mts_aggregate_2,2006,837.94
bol,sex_f,age_ythadult_y15_64,mts_aggregate_2,2007,814.236
bol,sex_f,age_ythadult_y15_64,mts_aggregate_2,2008,900.218
bol,sex_f,age_ythadult_y15_64,mts_aggregate_2,2009,925.146
bol,sex_f,age_ythadult_y15_64,mts_aggregate_2,2011,932.796
bol,sex_f,age_ythadult_y15_64,mts_aggregate_2,2012,853.016
bol,sex_f,age_ythadult_y15_64,mts_aggregate_2,2013,909.458
bol,sex_f,age_ythadult_y15_64,mts_aggregate_2,2014,1014.478
bol,sex_f,age_ythadult_y15_64,mts_aggregate_2,2015,839.823
bol,sex_f,age_ythadult_y15_64,mts_aggregate_2,2016,769.87
bol,sex_f,age_ythadult_y15_64,mts_aggregate_2,2017,835.126
bol,sex_f,age_ythadult_y15_64,mts_aggregate_2,2018,982.934
bol,sex_f,age_ythadult_y15_64,mts_aggregate_2,2019,1049.295
bol,sex_f,age_ythadult_y15_64,mts_aggregate_2,2022,1277.615
bol,sex_f,age_ythadult_y15_64,mts_aggregate_2,2023,1307.94
bol,sex_f,age_ythadult_y15_64,mts_aggregate_2,2024,1334.763
bol,sex_f,age_ythadult_y15_64,mts_aggregate_total,1999,1064.023
bol,sex_f,age_ythadult_y15_64,mts_aggregate_total,2000,967.234
bol,sex_f,age_ythadult_y15_64,mts_aggregate_total,2001,1082.281
bol,sex_f,age_ythadult_y15_64,mts_aggregate_total,2002,1075.224
bol,sex_f,age_ythadult_y15_64,mts_aggregate_total,2004,1438.41
bol,sex_f,age_ythadult_y15_64,mts_aggregate_total,2005,1240.49
bol,sex_f,age_ythadult_y15_64,mts_aggregate_total,2006,1293.902
bol,sex_f,age_ythadult_y15_64,mts_aggregate_total,2007,1344.924
bol,sex_f,age_ythadult_y15_64,mts_aggregate_total,2008,1420.881
bol,sex_f,age_ythadult_y15_64,mts_aggregate_total,2009,1430.062
bol,sex_f,age_ythadult_y15_64,mts_aggregate_total,2011,1464.019
bol,sex_f,age_ythadult_y15_64,mts_aggregate_total,2012,1375.163
bol,sex_f,age_ythadult_y15_64,mts_aggregate_total,2013,1540.058
bol,sex_f,age_ythadult_y15_64,mts_aggregate_total,2014,1654.306
bol,sex_f,age_ythadult_y15_64,mts_aggregate_total,2015,1385.558
bol,sex_f,age_ythadult_y15_64,mts_aggregate_total,2016,1241.508
bol,sex_f,age_ythadult_y15_64,mts_aggregate_total,2017,1352.226
bol,sex_f,age_ythadult_y15_64,mts_aggregate_total,2018,1552.536
bol,sex_f,age_ythadult_y15_64,mts_aggregate_total,2019,1650.915
bol,sex_f,age_ythadult_y15_64,mts_aggregate_total,2022,2151.159
bol,sex_f,age_ythadult_y15_64,mts_aggregate_total,2023,2186.492
bol,sex_f,age_ythadult_y15_64,mts_aggregate_total,2024,2272.55
bol,sex_f,age_ythadult_y15_64,mts_details_mrd,1999,551.568
bol,sex_f,age_ythadult_y15_64,mts_details_mrd,2000,121.628
bol,sex_f,age_ythadult_y15_64,mts_details_mrd,2001,470.458
bol,sex_f,age_ythadult_y15_64,mts_details_mrd,2002,494.034
bol,sex_f,age_ythadult_y15_64,mts_details_mrd,2004,626.526
bol,sex_f,age_ythadult_y15_64,mts_details_mrd,2005,595.428
bol,sex_f,age_ythadult_y15_64,mts_details_mrd,2006,637.859
bol,sex_f,age_ythadult_y15_64,mts_details_mrd,2007,602.898
bol,sex_f,age_ythadult_y15_64,mts_details_mrd,2008,679.708
bol,sex_f,age_ythadult_y15_64,mts_details_mrd,2009,635.229
bol,sex_f,age_ythadult_y15_64,mts_details_mrd,2011,642.425
bol,sex_f,age_ythadult_y15_64,mts_details_mrd,2012,579.169
bol,sex_f,age_ythadult_y15_64,mts_details_mrd,2013,657.168
bol,sex_f,age_ythadult_y15_64,mts_details_mrd,2014,689.367
bol,sex_f,age_ythadult_y15_64,mts_details_mrd,2015,568.344
bol,sex_f,age_ythadult_y15_64,mts_details_mrd,2016,508.9
bol,sex_f,age_ythadult_y15_64,mts_details_mrd,2017,558.696
bol,sex_f,age_ythadult_y15_64,mts_details_mrd,2018,638.258
bol,sex_f,age_ythadult_y15_64,mts_details_mrd,2019,659.871
bol,sex_f,age_ythadult_y15_64,mts_details_mrd,2022,729.927
bol,sex_f,age_ythadult_y15_64,mts_details_mrd,2023,761.26
bol,sex_f,age_ythadult_y15_64,mts_details_mrd,2024,747.684
bol,sex_f,age_ythadult_y15_64,mts_details_sep,1999,59.24
bol,sex_f,age_ythadult_y15_64,mts_details_sep,2000,46.185
bol,sex_f,age_ythadult_y15_64,mts_details_sep,2001,48.956
bol,sex_f,age_ythadult_y15_64,mts_details_sep,2002,46.828
bol,sex_f,age_ythadult_y15_64,mts_details_sep,2004,99.211
bol,sex_f,age_ythadult_y15_64,mts_details_sep,2005,63.482
bol,sex_f,age_ythadult_y15_64,mts_details_sep,2006,68.413
bol,sex_f,age_ythadult_y15_64,mts_details_sep,2007,88.086
bol,sex_f,age_ythadult_y15_64,mts_details_sep,2008,94.189
bol,sex_f,age_ythadult_y15_64,mts_details_sep,2009,94.142
bol,sex_f,age_ythadult_y15_64,mts_details_sep,2011,78.093
bol,sex_f,age_ythadult_y15_64,mts_details_sep,2012,95.477
bol,sex_f,age_ythadult_y15_64,mts_details_sep,2013,112.117
bol,sex_f,age_ythadult_y15_64,mts_details_sep,2014,115.615
bol,sex_f,age_ythadult_y15_64,mts_details_sep,2015,100.683
bol,sex_f,age_ythadult_y15_64,mts_details_sep,2016,99.721
bol,sex_f,age_ythadult_y15_64,mts_details_sep,2017,114.017
bol,sex_f,age_ythadult_y15_64,mts_details_sep,2018,111.371
bol,sex_f,age_ythadult_y15_64,mts_details_sep,2019,113.295
bol,sex_f,age_ythadult_y15_64,mts_details_sep,2022,135.236
bol,sex_f,age_ythadult_y15_64,mts_details_sep,2023,135.934
bol,sex_f,age_ythadult_y15_64,mts_details_sep,2024,134.126
bol,sex_f,age_ythadult_y15_64,mts_details_sgle,1999,232.302
bol,sex_f,age_ythadult_y15_64,mts_details_sgle,2000,445.408
bol,sex_f,age_ythadult_y15_64,mts_details_sgle,2001,343.959
bol,sex_f,age_ythadult_y15_64,mts_details_sgle,2002,335.964
bol,sex_f,age_ythadult_y15_64,mts_details_sgle,2004,380.659
bol,sex_f,age_ythadult_y15_64,mts_details_sgle,2005,314.759
bol,sex_f,age_ythadult_y15_64,mts_details_sgle,2006,332.929
bol,sex_f,age_ythadult_y15_64,mts_details_sgle,2007,362.01
bol,sex_f,age_ythadult_y15_64,mts_details_sgle,2008,354.734
bol,sex_f,age_ythadult_y15_64,mts_details_sgle,2009,338.384
bol,sex_f,age_ythadult_y15_64,mts_details_sgle,2011,385.729
bol,sex_f,age_ythadult_y15_64,mts_details_sgle,2012,358.219
bol,sex_f,age_ythadult_y15_64,mts_details_sgle,2013,440.346
bol,sex_f,age_ythadult_y15_64,mts_details_sgle,2014,448.974
bol,sex_f,age_ythadult_y15_64,mts_details_sgle,2015,375.187
bol,sex_f,age_ythadult_y15_64,mts_details_sgle,2016,311.904
bol,sex_f,age_ythadult_y15_64,mts_details_sgle,2017,343.167
bol,sex_f,age_ythadult_y15_64,mts_details_sgle,2018,388.562
bol,sex_f,age_ythadult_y15_64,mts_details_sgle,2019,418.281
bol,sex_f,age_ythadult_y15_64,mts_details_sgle,2022,657.663
bol,sex_f,age_ythadult_y15_64,mts_details_sgle,2023,662.589
bol,sex_f,age_ythadult_y15_64,mts_details_sgle,2024,718.705
bol,sex_f,age_ythadult_y15_64,mts_details_total,1999,1064.023
bol,sex_f,age_ythadult_y15_64,mts_details_total,2000,967.234
bol,sex_f,age_ythadult_y15_64,mts_details_total,2001,1082.281
bol,sex_f,age_ythadult_y15_64,mts_details_total,2002,1075.224
bol,sex_f,age_ythadult_y15_64,mts_details_total,2004,1438.41
bol,sex_f,age_ythadult_y15_64,mts_details_total,2005,1240.49
bol,sex_f,age_ythadult_y15_64,mts_details_total,2006,1293.902
bol,sex_f,age_ythadult_y15_64,mts_details_total,2007,1344.924
bol,sex_f,age_ythadult_y15_64,mts_details_total,2008,1420.881
bol,sex_f,age_ythadult_y15_64,mts_details_total,2009,1430.062
bol,sex_f,age_ythadult_y15_64,mts_details_total,2011,1464.019
bol,sex_f,age_ythadult_y15_64,mts_details_total,2012,1375.163
bol,sex_f,age_ythadult_y15_64,mts_details_total,2013,1540.058
bol,sex_f,age_ythadult_y15_64,mts_details_total,2014,1654.306
bol,sex_f,age_ythadult_y15_64,mts_details_total,2015,1385.558
bol,sex_f,age_ythadult_y15_64,mts_details_total,2016,1241.508
bol,sex_f,age_ythadult_y15_64,mts_details_total,2017,1352.226
bol,sex_f,age_ythadult_y15_64,mts_details_total,2018,1552.536
bol,sex_f,age_ythadult_y15_64,mts_details_total,2019,1650.915
bol,sex_f,age_ythadult_y15_64,mts_details_total,2022,2151.159
bol,sex_f,age_ythadult_y15_64,mts_details_total,2023,2186.492
bol,sex_f,age_ythadult_y15_64,mts_details_total,2024,2272.55
bol,sex_f,age_ythadult_y15_64,mts_details_union,1999,138.281
bol,sex_f,age_ythadult_y15_64,mts_details_union,2000,47.795
bol,sex_f,age_ythadult_y15_64,mts_details_union,2001,166.984
bol,sex_f,age_ythadult_y15_64,mts_details_union,2002,145.133
bol,sex_f,age_ythadult_y15_64,mts_details_union,2004,252.021
bol,sex_f,age_ythadult_y15_64,mts_details_union,2005,185.477
bol,sex_f,age_ythadult_y15_64,mts_details_union,2006,200.081
bol,sex_f,age_ythadult_y15_64,mts_details_union,2007,211.338
bol,sex_f,age_ythadult_y15_64,mts_details_union,2008,220.51
bol,sex_f,age_ythadult_y15_64,mts_details_union,2009,289.917
bol,sex_f,age_ythadult_y15_64,mts_details_union,2011,290.371
bol,sex_f,age_ythadult_y15_64,mts_details_union,2012,273.847
bol,sex_f,age_ythadult_y15_64,mts_details_union,2013,252.29
bol,sex_f,age_ythadult_y15_64,mts_details_union,2014,325.111
bol,sex_f,age_ythadult_y15_64,mts_details_union,2015,271.479
bol,sex_f,age_ythadult_y15_64,mts_details_union,2016,260.971
bol,sex_f,age_ythadult_y15_64,mts_details_union,2017,276.43
bol,sex_f,age_ythadult_y15_64,mts_details_union,2018,344.676
bol,sex_f,age_ythadult_y15_64,mts_details_union,2019,389.424
bol,sex_f,age_ythadult_y15_64,mts_details_union,2022,547.688
bol,sex_f,age_ythadult_y15_64,mts_details_union,2023,546.681
bol,sex_f,age_ythadult_y15_64,mts_details_union,2024,587.079
bol,sex_f,age_ythadult_y15_64,mts_details_wid,1999,82.632
bol,sex_f,age_ythadult_y15_64,mts_details_wid,2000,306.218
bol,sex_f,age_ythadult_y15_64,mts_details_wid,2001,51.924
bol,sex_f,age_ythadult_y15_64,mts_details_wid,2002,53.265
bol,sex_f,age_ythadult_y15_64,mts_details_wid,2004,79.993
bol,sex_f,age_ythadult_y15_64,mts_details_wid,2007,80.592
bol,sex_f,age_ythadult_y15_64,mts_details_wid,2008,71.74
bol,sex_f,age_ythadult_y15_64,mts_details_wid,2009,71.904
bol,sex_f,age_ythadult_y15_64,mts_details_wid,2011,67.401
bol,sex_f,age_ythadult_y15_64,mts_details_wid,2013,78.137
bol,sex_f,age_ythadult_y15_64,mts_details_wid,2014,75.239
bol,sex_f,age_ythadult_y15_64,mts_details_wid,2015,69.865
bol,sex_f,age_ythadult_y15_64,mts_details_wid,2016,60.013
bol,sex_f,age_ythadult_y15_64,mts_details_wid,2017,59.917
bol,sex_f,age_ythadult_y15_64,mts_details_wid,2018,69.668
bol,sex_f,age_ythadult_y15_64,mts_details_wid,2019,70.045
bol,sex_f,age_ythadult_y15_64,mts_details_wid,2022,80.646
bol,sex_f,age_ythadult_y15_64,mts_details_wid,2023,80.029
bol,sex_f,age_ythadult_y15_64,mts_details_wid,2024,84.956
bol,sex_f,age_ythadult_yge15,mts_aggregate_1,1999,422.667
bol,sex_f,age_ythadult_yge15,mts_aggregate_1,2000,838.303
bol,sex_f,age_ythadult_yge15,mts_aggregate_1,2001,490.112
bol,sex_f,age_ythadult_yge15,mts_aggregate_1,2002,466.031
bol,sex_f,age_ythadult_yge15,mts_aggregate_1,2004,629.07
bol,sex_f,age_ythadult_yge15,mts_aggregate_1,2005,520.397
bol,sex_f,age_ythadult_yge15,mts_aggregate_1,2006,511.87
bol,sex_f,age_ythadult_yge15,mts_aggregate_1,2007,614.685
bol,sex_f,age_ythadult_yge15,mts_aggregate_1,2008,581.958
bol,sex_f,age_ythadult_yge15,mts_aggregate_1,2009,565.159
bol,sex_f,age_ythadult_yge15,mts_aggregate_1,2011,589.681
bol,sex_f,age_ythadult_yge15,mts_aggregate_1,2012,578.271
bol,sex_f,age_ythadult_yge15,mts_aggregate_1,2013,712.144
bol,sex_f,age_ythadult_yge15,mts_aggregate_1,2014,712.146
bol,sex_f,age_ythadult_yge15,mts_aggregate_1,2015,614.532
bol,sex_f,age_ythadult_yge15,mts_aggregate_1,2016,540.725
bol,sex_f,age_ythadult_yge15,mts_aggregate_1,2017,603.106
bol,sex_f,age_ythadult_yge15,mts_aggregate_1,2018,663.388
bol,sex_f,age_ythadult_yge15,mts_aggregate_1,2019,692.01
bol,sex_f,age_ythadult_yge15,mts_aggregate_1,2022,981.975
bol,sex_f,age_ythadult_yge15,mts_aggregate_1,2023,994.781
bol,sex_f,age_ythadult_yge15,mts_aggregate_1,2024,1065.678
bol,sex_f,age_ythadult_yge15,mts_aggregate_2,1999,738.505
bol,sex_f,age_ythadult_yge15,mts_aggregate_2,2000,199.076
bol,sex_f,age_ythadult_yge15,mts_aggregate_2,2001,681.918
bol,sex_f,age_ythadult_yge15,mts_aggregate_2,2002,682.563
bol,sex_f,age_ythadult_yge15,mts_aggregate_2,2004,930.386
bol,sex_f,age_ythadult_yge15,mts_aggregate_2,2005,845.124
bol,sex_f,age_ythadult_yge15,mts_aggregate_2,2006,894.985
bol,sex_f,age_ythadult_yge15,mts_aggregate_2,2007,889.712
bol,sex_f,age_ythadult_yge15,mts_aggregate_2,2008,966.29
bol,sex_f,age_ythadult_yge15,mts_aggregate_2,2009,984.326
bol,sex_f,age_ythadult_yge15,mts_aggregate_2,2011,997.456
bol,sex_f,age_ythadult_yge15,mts_aggregate_2,2012,921.534
bol,sex_f,age_ythadult_yge15,mts_aggregate_2,2013,997.701
bol,sex_f,age_ythadult_yge15,mts_aggregate_2,2014,1097.281
bol,sex_f,age_ythadult_yge15,mts_aggregate_2,2015,921.329
bol,sex_f,age_ythadult_yge15,mts_aggregate_2,2016,845.379
bol,sex_f,age_ythadult_yge15,mts_aggregate_2,2017,930.004
bol,sex_f,age_ythadult_yge15,mts_aggregate_2,2018,1093.894
bol,sex_f,age_ythadult_yge15,mts_aggregate_2,2019,1151.119
bol,sex_f,age_ythadult_yge15,mts_aggregate_2,2022,1389.521
bol,sex_f,age_ythadult_yge15,mts_aggregate_2,2023,1440.665
bol,sex_f,age_ythadult_yge15,mts_aggregate_2,2024,1477.421
bol,sex_f,age_ythadult_yge15,mts_aggregate_total,1999,1161.172
bol,sex_f,age_ythadult_yge15,mts_aggregate_total,2000,1037.379
bol,sex_f,age_ythadult_yge15,mts_aggregate_total,2001,1172.03
bol,sex_f,age_ythadult_yge15,mts_aggregate_total,2002,1148.594
bol,sex_f,age_ythadult_yge15,mts_aggregate_total,2004,1559.456
bol,sex_f,age_ythadult_yge15,mts_aggregate_total,2005,1365.521
bol,sex_f,age_ythadult_yge15,mts_aggregate_total,2006,1406.855
bol,sex_f,age_ythadult_yge15,mts_aggregate_total,2007,1504.397
bol,sex_f,age_ythadult_yge15,mts_aggregate_total,2008,1548.248
bol,sex_f,age_ythadult_yge15,mts_aggregate_total,2009,1549.971
bol,sex_f,age_ythadult_yge15,mts_aggregate_total,2011,1587.137
bol,sex_f,age_ythadult_yge15,mts_aggregate_total,2012,1499.805
bol,sex_f,age_ythadult_yge15,mts_aggregate_total,2013,1709.845
bol,sex_f,age_ythadult_yge15,mts_aggregate_total,2014,1810.083
bol,sex_f,age_ythadult_yge15,mts_aggregate_total,2015,1535.861
bol,sex_f,age_ythadult_yge15,mts_aggregate_total,2016,1386.104
bol,sex_f,age_ythadult_yge15,mts_aggregate_total,2017,1533.109
bol,sex_f,age_ythadult_yge15,mts_aggregate_total,2018,1757.282
bol,sex_f,age_ythadult_yge15,mts_aggregate_total,2019,1843.129
bol,sex_f,age_ythadult_yge15,mts_aggregate_total,2022,2371.496
bol,sex_f,age_ythadult_yge15,mts_aggregate_total,2023,2435.445
bol,sex_f,age_ythadult_yge15,mts_aggregate_total,2024,2543.099
bol,sex_f,age_ythadult_yge15,mts_details_mrd,1999,599.239
bol,sex_f,age_ythadult_yge15,mts_details_mrd,2000,122.629
bol,sex_f,age_ythadult_yge15,mts_details_mrd,2001,512.004
bol,sex_f,age_ythadult_yge15,mts_details_mrd,2002,534.881
bol,sex_f,age_ythadult_yge15,mts_details_mrd,2004,676.656
bol,sex_f,age_ythadult_yge15,mts_details_mrd,2005,659.119
bol,sex_f,age_ythadult_yge15,mts_details_mrd,2006,693.444
bol,sex_f,age_ythadult_yge15,mts_details_mrd,2007,676.274
bol,sex_f,age_ythadult_yge15,mts_details_mrd,2008,742.795
bol,sex_f,age_ythadult_yge15,mts_details_mrd,2009,690.159
bol,sex_f,age_ythadult_yge15,mts_details_mrd,2011,701.784
bol,sex_f,age_ythadult_yge15,mts_details_mrd,2012,642.481
bol,sex_f,age_ythadult_yge15,mts_details_mrd,2013,742.348
bol,sex_f,age_ythadult_yge15,mts_details_mrd,2014,769.164
bol,sex_f,age_ythadult_yge15,mts_details_mrd,2015,644.028
bol,sex_f,age_ythadult_yge15,mts_details_mrd,2016,579.741
bol,sex_f,age_ythadult_yge15,mts_details_mrd,2017,648.549
bol,sex_f,age_ythadult_yge15,mts_details_mrd,2018,741.94
bol,sex_f,age_ythadult_yge15,mts_details_mrd,2019,753.374
bol,sex_f,age_ythadult_yge15,mts_details_mrd,2022,832.301
bol,sex_f,age_ythadult_yge15,mts_details_mrd,2023,886.515
bol,sex_f,age_ythadult_yge15,mts_details_mrd,2024,877.357
bol,sex_f,age_ythadult_yge15,mts_details_sep,1999,62.107
bol,sex_f,age_ythadult_yge15,mts_details_sep,2000,49.877
bol,sex_f,age_ythadult_yge15,mts_details_sep,2001,50.425
bol,sex_f,age_ythadult_yge15,mts_details_sep,2002,48.667
bol,sex_f,age_ythadult_yge15,mts_details_sep,2004,102.848
bol,sex_f,age_ythadult_yge15,mts_details_sep,2005,67.436
bol,sex_f,age_ythadult_yge15,mts_details_sep,2006,74.801
bol,sex_f,age_ythadult_yge15,mts_details_sep,2007,95.827
bol,sex_f,age_ythadult_yge15,mts_details_sep,2008,100.37
bol,sex_f,age_ythadult_yge15,mts_details_sep,2009,99.299
bol,sex_f,age_ythadult_yge15,mts_details_sep,2011,83.32
bol,sex_f,age_ythadult_yge15,mts_details_sep,2012,101.162
bol,sex_f,age_ythadult_yge15,mts_details_sep,2013,117.798
bol,sex_f,age_ythadult_yge15,mts_details_sep,2014,123.439
bol,sex_f,age_ythadult_yge15,mts_details_sep,2015,111.669
bol,sex_f,age_ythadult_yge15,mts_details_sep,2016,108.927
bol,sex_f,age_ythadult_yge15,mts_details_sep,2017,124.562
bol,sex_f,age_ythadult_yge15,mts_details_sep,2018,122.962
bol,sex_f,age_ythadult_yge15,mts_details_sep,2019,124.971
bol,sex_f,age_ythadult_yge15,mts_details_sep,2022,149.764
bol,sex_f,age_ythadult_yge15,mts_details_sep,2023,152.428
bol,sex_f,age_ythadult_yge15,mts_details_sep,2024,148.659
bol,sex_f,age_ythadult_yge15,mts_details_sgle,1999,237.265
bol,sex_f,age_ythadult_yge15,mts_details_sgle,2000,477.281
bol,sex_f,age_ythadult_yge15,mts_details_sgle,2001,350.278
bol,sex_f,age_ythadult_yge15,mts_details_sgle,2002,339.604
bol,sex_f,age_ythadult_yge15,mts_details_sgle,2004,386.278
bol,sex_f,age_ythadult_yge15,mts_details_sgle,2005,319.183
bol,sex_f,age_ythadult_yge15,mts_details_sgle,2006,346.059
bol,sex_f,age_ythadult_yge15,mts_details_sgle,2007,372.299
bol,sex_f,age_ythadult_yge15,mts_details_sgle,2008,364.288
bol,sex_f,age_ythadult_yge15,mts_details_sgle,2009,345.389
bol,sex_f,age_ythadult_yge15,mts_details_sgle,2011,394.901
bol,sex_f,age_ythadult_yge15,mts_details_sgle,2012,365.639
bol,sex_f,age_ythadult_yge15,mts_details_sgle,2013,450.067
bol,sex_f,age_ythadult_yge15,mts_details_sgle,2014,458.2
bol,sex_f,age_ythadult_yge15,mts_details_sgle,2015,383.341
bol,sex_f,age_ythadult_yge15,mts_details_sgle,2016,322.672
bol,sex_f,age_ythadult_yge15,mts_details_sgle,2017,353.177
bol,sex_f,age_ythadult_yge15,mts_details_sgle,2018,400.775
bol,sex_f,age_ythadult_yge15,mts_details_sgle,2019,429.638
bol,sex_f,age_ythadult_yge15,mts_details_sgle,2022,676.326
bol,sex_f,age_ythadult_yge15,mts_details_sgle,2023,679.82
bol,sex_f,age_ythadult_yge15,mts_details_sgle,2024,739.433
bol,sex_f,age_ythadult_yge15,mts_details_total,1999,1161.172
bol,sex_f,age_ythadult_yge15,mts_details_total,2000,1037.379
bol,sex_f,age_ythadult_yge15,mts_details_total,2001,1172.03
bol,sex_f,age_ythadult_yge15,mts_details_total,2002,1148.594
bol,sex_f,age_ythadult_yge15,mts_details_total,2004,1559.456
bol,sex_f,age_ythadult_yge15,mts_details_total,2005,1365.521
bol,sex_f,age_ythadult_yge15,mts_details_total,2006,1406.855
bol,sex_f,age_ythadult_yge15,mts_details_total,2007,1504.397
bol,sex_f,age_ythadult_yge15,mts_details_total,2008,1548.248
bol,sex_f,age_ythadult_yge15,mts_details_total,2009,1549.971
bol,sex_f,age_ythadult_yge15,mts_details_total,2011,1587.137
bol,sex_f,age_ythadult_yge15,mts_details_total,2012,1499.805
bol,sex_f,age_ythadult_yge15,mts_details_total,2013,1709.845
bol,sex_f,age_ythadult_yge15,mts_details_total,2014,1810.083
bol,sex_f,age_ythadult_yge15,mts_details_total,2015,1535.861
bol,sex_f,age_ythadult_yge15,mts_details_total,2016,1386.104
bol,sex_f,age_ythadult_yge15,mts_details_total,2017,1533.109
bol,sex_f,age_ythadult_yge15,mts_details_total,2018,1757.282
bol,sex_f,age_ythadult_yge15,mts_details_total,2019,1843.129
bol,sex_f,age_ythadult_yge15,mts_details_total,2022,2371.496
bol,sex_f,age_ythadult_yge15,mts_details_total,2023,2435.445
bol,sex_f,age_ythadult_yge15,mts_details_total,2024,2543.099
bol,sex_f,age_ythadult_yge15,mts_details_union,1999,139.266
bol,sex_f,age_ythadult_yge15,mts_details_union,2000,76.447
bol,sex_f,age_ythadult_yge15,mts_details_union,2001,169.914
bol,sex_f,age_ythadult_yge15,mts_details_union,2002,147.682
bol,sex_f,age_ythadult_yge15,mts_details_union,2004,253.73
bol,sex_f,age_ythadult_yge15,mts_details_union,2005,186.005
bol,sex_f,age_ythadult_yge15,mts_details_union,2006,201.541
bol,sex_f,age_ythadult_yge15,mts_details_union,2007,213.438
bol,sex_f,age_ythadult_yge15,mts_details_union,2008,223.495
bol,sex_f,age_ythadult_yge15,mts_details_union,2009,294.167
bol,sex_f,age_ythadult_yge15,mts_details_union,2011,295.672
bol,sex_f,age_ythadult_yge15,mts_details_union,2012,279.053
bol,sex_f,age_ythadult_yge15,mts_details_union,2013,255.353
bol,sex_f,age_ythadult_yge15,mts_details_union,2014,328.117
bol,sex_f,age_ythadult_yge15,mts_details_union,2015,277.301
bol,sex_f,age_ythadult_yge15,mts_details_union,2016,265.638
bol,sex_f,age_ythadult_yge15,mts_details_union,2017,281.454
bol,sex_f,age_ythadult_yge15,mts_details_union,2018,351.954
bol,sex_f,age_ythadult_yge15,mts_details_union,2019,397.746
bol,sex_f,age_ythadult_yge15,mts_details_union,2022,557.22
bol,sex_f,age_ythadult_yge15,mts_details_union,2023,554.15
bol,sex_f,age_ythadult_yge15,mts_details_union,2024,600.064
bol,sex_f,age_ythadult_yge15,mts_details_wid,1999,123.295
bol,sex_f,age_ythadult_yge15,mts_details_wid,2000,311.145
bol,sex_f,age_ythadult_yge15,mts_details_wid,2001,89.409
bol,sex_f,age_ythadult_yge15,mts_details_wid,2002,77.76
bol,sex_f,age_ythadult_yge15,mts_details_wid,2004,139.944
bol,sex_f,age_ythadult_yge15,mts_details_wid,2005,133.778
bol,sex_f,age_ythadult_yge15,mts_details_wid,2006,91.01
bol,sex_f,age_ythadult_yge15,mts_details_wid,2007,146.559
bol,sex_f,age_ythadult_yge15,mts_details_wid,2008,117.3
bol,sex_f,age_ythadult_yge15,mts_details_wid,2009,120.471
bol,sex_f,age_ythadult_yge15,mts_details_wid,2011,111.46
bol,sex_f,age_ythadult_yge15,mts_details_wid,2012,111.47
bol,sex_f,age_ythadult_yge15,mts_details_wid,2013,144.279
bol,sex_f,age_ythadult_yge15,mts_details_wid,2014,130.507
bol,sex_f,age_ythadult_yge15,mts_details_wid,2015,119.522
bol,sex_f,age_ythadult_yge15,mts_details_wid,2016,109.126
bol,sex_f,age_ythadult_yge15,mts_details_wid,2017,125.366
bol,sex_f,age_ythadult_yge15,mts_details_wid,2018,139.652
bol,sex_f,age_ythadult_yge15,mts_details_wid,2019,137.401
bol,sex_f,age_ythadult_yge15,mts_details_wid,2022,155.885
bol,sex_f,age_ythadult_yge15,mts_details_wid,2023,162.533
bol,sex_f,age_ythadult_yge15,mts_details_wid,2024,177.586
bol,sex_f,age_ythadult_yge25,mts_aggregate_1,1999,272.263
bol,sex_f,age_ythadult_yge25,mts_aggregate_1,2000,589.21
bol,sex_f,age_ythadult_yge25,mts_aggregate_1,2001,234.078
bol,sex_f,age_ythadult_yge25,mts_aggregate_1,2002,218.817
bol,sex_f,age_ythadult_yge25,mts_aggregate_1,2004,360.181
bol,sex_f,age_ythadult_yge25,mts_aggregate_1,2005,311.91
bol,sex_f,age_ythadult_yge25,mts_aggregate_1,2006,293.727
bol,sex_f,age_ythadult_yge25,mts_aggregate_1,2007,368.913
bol,sex_f,age_ythadult_yge25,mts_aggregate_1,2008,348.062
bol,sex_f,age_ythadult_yge25,mts_aggregate_1,2009,337.233
bol,sex_f,age_ythadult_yge25,mts_aggregate_1,2011,349.291
bol,sex_f,age_ythadult_yge25,mts_aggregate_1,2012,378.098
bol,sex_f,age_ythadult_yge25,mts_aggregate_1,2013,469.749
bol,sex_f,age_ythadult_yge25,mts_aggregate_1,2014,459.716
bol,sex_f,age_ythadult_yge25,mts_aggregate_1,2015,414.437
bol,sex_f,age_ythadult_yge25,mts_aggregate_1,2016,353.45
bol,sex_f,age_ythadult_yge25,mts_aggregate_1,2017,390.92
bol,sex_f,age_ythadult_yge25,mts_aggregate_1,2018,423.648
bol,sex_f,age_ythadult_yge25,mts_aggregate_1,2019,441.593
bol,sex_f,age_ythadult_yge25,mts_aggregate_1,2022,606.616
bol,sex_f,age_ythadult_yge25,mts_aggregate_1,2023,619.574
bol,sex_f,age_ythadult_yge25,mts_aggregate_1,2024,670.643
bol,sex_f,age_ythadult_yge25,mts_aggregate_2,1999,656.74
bol,sex_f,age_ythadult_yge25,mts_aggregate_2,2000,160.667
bol,sex_f,age_ythadult_yge25,mts_aggregate_2,2001,584.555
bol,sex_f,age_ythadult_yge25,mts_aggregate_2,2002,607.309
bol,sex_f,age_ythadult_yge25,mts_aggregate_2,2004,827.767
bol,sex_f,age_ythadult_yge25,mts_aggregate_2,2005,777.736
bol,sex_f,age_ythadult_yge25,mts_aggregate_2,2006,806.727
bol,sex_f,age_ythadult_yge25,mts_aggregate_2,2007,819.006
bol,sex_f,age_ythadult_yge25,mts_aggregate_2,2008,875.034
bol,sex_f,age_ythadult_yge25,mts_aggregate_2,2009,875.819
bol,sex_f,age_ythadult_yge25,mts_aggregate_2,2011,902.825
bol,sex_f,age_ythadult_yge25,mts_aggregate_2,2012,846.996
bol,sex_f,age_ythadult_yge25,mts_aggregate_2,2013,925.684
bol,sex_f,age_ythadult_yge25,mts_aggregate_2,2014,995.317
bol,sex_f,age_ythadult_yge25,mts_aggregate_2,2015,848.517
bol,sex_f,age_ythadult_yge25,mts_aggregate_2,2016,781.293
bol,sex_f,age_ythadult_yge25,mts_aggregate_2,2017,867.623
bol,sex_f,age_ythadult_yge25,mts_aggregate_2,2018,1012.409
bol,sex_f,age_ythadult_yge25,mts_aggregate_2,2019,1065.564
bol,sex_f,age_ythadult_yge25,mts_aggregate_2,2022,1276.43
bol,sex_f,age_ythadult_yge25,mts_aggregate_2,2023,1343.832
bol,sex_f,age_ythadult_yge25,mts_aggregate_2,2024,1377.098
bol,sex_f,age_ythadult_yge25,mts_aggregate_total,1999,929.003
bol,sex_f,age_ythadult_yge25,mts_aggregate_total,2000,749.877
bol,sex_f,age_ythadult_yge25,mts_aggregate_total,2001,818.633
bol,sex_f,age_ythadult_yge25,mts_aggregate_total,2002,826.126
bol,sex_f,age_ythadult_yge25,mts_aggregate_total,2004,1187.948
bol,sex_f,age_ythadult_yge25,mts_aggregate_total,2005,1089.646
bol,sex_f,age_ythadult_yge25,mts_aggregate_total,2006,1100.454
bol,sex_f,age_ythadult_yge25,mts_aggregate_total,2007,1187.919
bol,sex_f,age_ythadult_yge25,mts_aggregate_total,2008,1223.096
bol,sex_f,age_ythadult_yge25,mts_aggregate_total,2009,1213.538
bol,sex_f,age_ythadult_yge25,mts_aggregate_total,2011,1252.116
bol,sex_f,age_ythadult_yge25,mts_aggregate_total,2012,1225.094
bol,sex_f,age_ythadult_yge25,mts_aggregate_total,2013,1395.433
bol,sex_f,age_ythadult_yge25,mts_aggregate_total,2014,1455.689
bol,sex_f,age_ythadult_yge25,mts_aggregate_total,2015,1262.954
bol,sex_f,age_ythadult_yge25,mts_aggregate_total,2016,1134.743
bol,sex_f,age_ythadult_yge25,mts_aggregate_total,2017,1258.543
bol,sex_f,age_ythadult_yge25,mts_aggregate_total,2018,1436.057
bol,sex_f,age_ythadult_yge25,mts_aggregate_total,2019,1507.157
bol,sex_f,age_ythadult_yge25,mts_aggregate_total,2022,1883.046
bol,sex_f,age_ythadult_yge25,mts_aggregate_total,2023,1963.406
bol,sex_f,age_ythadult_yge25,mts_aggregate_total,2024,2047.741
bol,sex_f,age_ythadult_yge25,mts_details_mrd,1999,563.683
bol,sex_f,age_ythadult_yge25,mts_details_mrd,2000,85.607
bol,sex_f,age_ythadult_yge25,mts_details_mrd,2001,470.291
bol,sex_f,age_ythadult_yge25,mts_details_mrd,2002,497.952
bol,sex_f,age_ythadult_yge25,mts_details_mrd,2004,640.145
bol,sex_f,age_ythadult_yge25,mts_details_mrd,2005,632.301
bol,sex_f,age_ythadult_yge25,mts_details_mrd,2006,663.715
bol,sex_f,age_ythadult_yge25,mts_details_mrd,2007,655.253
bol,sex_f,age_ythadult_yge25,mts_details_mrd,2008,715.915
bol,sex_f,age_ythadult_yge25,mts_details_mrd,2009,657.043
bol,sex_f,age_ythadult_yge25,mts_details_mrd,2011,674.918
bol,sex_f,age_ythadult_yge25,mts_details_mrd,2012,621.66
bol,sex_f,age_ythadult_yge25,mts_details_mrd,2013,719.836
bol,sex_f,age_ythadult_yge25,mts_details_mrd,2014,742.53
bol,sex_f,age_ythadult_yge25,mts_details_mrd,2015,627.383
bol,sex_f,age_ythadult_yge25,mts_details_mrd,2016,566.232
bol,sex_f,age_ythadult_yge25,mts_details_mrd,2017,635.426
bol,sex_f,age_ythadult_yge25,mts_details_mrd,2018,727.336
bol,sex_f,age_ythadult_yge25,mts_details_mrd,2019,739.113
bol,sex_f,age_ythadult_yge25,mts_details_mrd,2022,818.47
bol,sex_f,age_ythadult_yge25,mts_details_mrd,2023,873.62
bol,sex_f,age_ythadult_yge25,mts_details_mrd,2024,863.431
bol,sex_f,age_ythadult_yge25,mts_details_sep,1999,58.591
bol,sex_f,age_ythadult_yge25,mts_details_sep,2000,47.3
bol,sex_f,age_ythadult_yge25,mts_details_sep,2001,43.406
bol,sex_f,age_ythadult_yge25,mts_details_sep,2002,45.55
bol,sex_f,age_ythadult_yge25,mts_details_sep,2004,96.129
bol,sex_f,age_ythadult_yge25,mts_details_sep,2005,65.87
bol,sex_f,age_ythadult_yge25,mts_details_sep,2006,69.933
bol,sex_f,age_ythadult_yge25,mts_details_sep,2007,89.845
bol,sex_f,age_ythadult_yge25,mts_details_sep,2008,92.296
bol,sex_f,age_ythadult_yge25,mts_details_sep,2009,89.55
bol,sex_f,age_ythadult_yge25,mts_details_sep,2011,80.79
bol,sex_f,age_ythadult_yge25,mts_details_sep,2012,91.694
bol,sex_f,age_ythadult_yge25,mts_details_sep,2013,113.3
bol,sex_f,age_ythadult_yge25,mts_details_sep,2014,116.805
bol,sex_f,age_ythadult_yge25,mts_details_sep,2015,105.549
bol,sex_f,age_ythadult_yge25,mts_details_sep,2016,105.254
bol,sex_f,age_ythadult_yge25,mts_details_sep,2017,119.731
bol,sex_f,age_ythadult_yge25,mts_details_sep,2018,118.53
bol,sex_f,age_ythadult_yge25,mts_details_sep,2019,121.618
bol,sex_f,age_ythadult_yge25,mts_details_sep,2022,146.901
bol,sex_f,age_ythadult_yge25,mts_details_sep,2023,149.25
bol,sex_f,age_ythadult_yge25,mts_details_sep,2024,147.167
bol,sex_f,age_ythadult_yge25,mts_details_sgle,1999,90.377
bol,sex_f,age_ythadult_yge25,mts_details_sgle,2000,442.843
bol,sex_f,age_ythadult_yge25,mts_details_sgle,2001,101.42
bol,sex_f,age_ythadult_yge25,mts_details_sgle,2002,96.043
bol,sex_f,age_ythadult_yge25,mts_details_sgle,2004,125.414
bol,sex_f,age_ythadult_yge25,mts_details_sgle,2005,112.262
bol,sex_f,age_ythadult_yge25,mts_details_sgle,2006,132.784
bol,sex_f,age_ythadult_yge25,mts_details_sgle,2007,135.626
bol,sex_f,age_ythadult_yge25,mts_details_sgle,2008,139.161
bol,sex_f,age_ythadult_yge25,mts_details_sgle,2009,127.991
bol,sex_f,age_ythadult_yge25,mts_details_sgle,2011,157.343
bol,sex_f,age_ythadult_yge25,mts_details_sgle,2012,174.934
bol,sex_f,age_ythadult_yge25,mts_details_sgle,2013,213.097
bol,sex_f,age_ythadult_yge25,mts_details_sgle,2014,214.048
bol,sex_f,age_ythadult_yge25,mts_details_sgle,2015,189.585
bol,sex_f,age_ythadult_yge25,mts_details_sgle,2016,139.294
bol,sex_f,age_ythadult_yge25,mts_details_sgle,2017,146.138
bol,sex_f,age_ythadult_yge25,mts_details_sgle,2018,165.919
bol,sex_f,age_ythadult_yge25,mts_details_sgle,2019,183.04
bol,sex_f,age_ythadult_yge25,mts_details_sgle,2022,304.119
bol,sex_f,age_ythadult_yge25,mts_details_sgle,2023,308.134
bol,sex_f,age_ythadult_yge25,mts_details_sgle,2024,346.095
bol,sex_f,age_ythadult_yge25,mts_details_total,1999,929.003
bol,sex_f,age_ythadult_yge25,mts_details_total,2000,749.877
bol,sex_f,age_ythadult_yge25,mts_details_total,2001,818.633
bol,sex_f,age_ythadult_yge25,mts_details_total,2002,826.126
bol,sex_f,age_ythadult_yge25,mts_details_total,2004,1187.948
bol,sex_f,age_ythadult_yge25,mts_details_total,2005,1089.646
bol,sex_f,age_ythadult_yge25,mts_details_total,2006,1100.454
bol,sex_f,age_ythadult_yge25,mts_details_total,2007,1187.919
bol,sex_f,age_ythadult_yge25,mts_details_total,2008,1223.096
bol,sex_f,age_ythadult_yge25,mts_details_total,2009,1213.538
bol,sex_f,age_ythadult_yge25,mts_details_total,2011,1252.116
bol,sex_f,age_ythadult_yge25,mts_details_total,2012,1225.094
bol,sex_f,age_ythadult_yge25,mts_details_total,2013,1395.433
bol,sex_f,age_ythadult_yge25,mts_details_total,2014,1455.689
bol,sex_f,age_ythadult_yge25,mts_details_total,2015,1262.954
bol,sex_f,age_ythadult_yge25,mts_details_total,2016,1134.743
bol,sex_f,age_ythadult_yge25,mts_details_total,2017,1258.543
bol,sex_f,age_ythadult_yge25,mts_details_total,2018,1436.057
bol,sex_f,age_ythadult_yge25,mts_details_total,2019,1507.157
bol,sex_f,age_ythadult_yge25,mts_details_total,2022,1883.046
bol,sex_f,age_ythadult_yge25,mts_details_total,2023,1963.406
bol,sex_f,age_ythadult_yge25,mts_details_total,2024,2047.741
bol,sex_f,age_ythadult_yge25,mts_details_union,1999,93.057
bol,sex_f,age_ythadult_yge25,mts_details_union,2000,75.06
bol,sex_f,age_ythadult_yge25,mts_details_union,2001,114.264
bol,sex_f,age_ythadult_yge25,mts_details_union,2002,109.357
bol,sex_f,age_ythadult_yge25,mts_details_union,2004,187.622
bol,sex_f,age_ythadult_yge25,mts_details_union,2005,145.435
bol,sex_f,age_ythadult_yge25,mts_details_union,2006,143.012
bol,sex_f,age_ythadult_yge25,mts_details_union,2007,163.753
bol,sex_f,age_ythadult_yge25,mts_details_union,2008,159.119
bol,sex_f,age_ythadult_yge25,mts_details_union,2009,218.776
bol,sex_f,age_ythadult_yge25,mts_details_union,2011,227.907
bol,sex_f,age_ythadult_yge25,mts_details_union,2012,225.336
bol,sex_f,age_ythadult_yge25,mts_details_union,2013,205.848
bol,sex_f,age_ythadult_yge25,mts_details_union,2014,252.787
bol,sex_f,age_ythadult_yge25,mts_details_union,2015,221.134
bol,sex_f,age_ythadult_yge25,mts_details_union,2016,215.061
bol,sex_f,age_ythadult_yge25,mts_details_union,2017,232.197
bol,sex_f,age_ythadult_yge25,mts_details_union,2018,285.074
bol,sex_f,age_ythadult_yge25,mts_details_union,2019,326.451
bol,sex_f,age_ythadult_yge25,mts_details_union,2022,457.96
bol,sex_f,age_ythadult_yge25,mts_details_union,2023,470.212
bol,sex_f,age_ythadult_yge25,mts_details_union,2024,513.667
bol,sex_f,age_ythadult_yge25,mts_details_wid,1999,123.295
bol,sex_f,age_ythadult_yge25,mts_details_wid,2000,99.067
bol,sex_f,age_ythadult_yge25,mts_details_wid,2001,89.252
bol,sex_f,age_ythadult_yge25,mts_details_wid,2002,77.224
bol,sex_f,age_ythadult_yge25,mts_details_wid,2004,138.638
bol,sex_f,age_ythadult_yge25,mts_details_wid,2005,133.778
bol,sex_f,age_ythadult_yge25,mts_details_wid,2006,91.01
bol,sex_f,age_ythadult_yge25,mts_details_wid,2007,143.442
bol,sex_f,age_ythadult_yge25,mts_details_wid,2008,116.605
bol,sex_f,age_ythadult_yge25,mts_details_wid,2009,119.692
bol,sex_f,age_ythadult_yge25,mts_details_wid,2011,111.158
bol,sex_f,age_ythadult_yge25,mts_details_wid,2012,111.47
bol,sex_f,age_ythadult_yge25,mts_details_wid,2013,143.352
bol,sex_f,age_ythadult_yge25,mts_details_wid,2014,128.863
bol,sex_f,age_ythadult_yge25,mts_details_wid,2015,119.303
bol,sex_f,age_ythadult_yge25,mts_details_wid,2016,108.903
bol,sex_f,age_ythadult_yge25,mts_details_wid,2017,125.05
bol,sex_f,age_ythadult_yge25,mts_details_wid,2018,139.198
bol,sex_f,age_ythadult_yge25,mts_details_wid,2019,136.935
bol,sex_f,age_ythadult_yge25,mts_details_wid,2022,155.596
bol,sex_f,age_ythadult_yge25,mts_details_wid,2023,162.19
bol,sex_f,age_ythadult_yge25,mts_details_wid,2024,177.381
bol,sex_m,age_10yrbands_total,mts_aggregate_1,1999,308.612
bol,sex_m,age_10yrbands_total,mts_aggregate_1,2000,950.547
bol,sex_m,age_10yrbands_total,mts_aggregate_1,2001,492.27
bol,sex_m,age_10yrbands_total,mts_aggregate_1,2002,536.436
bol,sex_m,age_10yrbands_total,mts_aggregate_1,2004,582.784
bol,sex_m,age_10yrbands_total,mts_aggregate_1,2005,426.081
bol,sex_m,age_10yrbands_total,mts_aggregate_1,2006,508.538
bol,sex_m,age_10yrbands_total,mts_aggregate_1,2007,527.571
bol,sex_m,age_10yrbands_total,mts_aggregate_1,2008,565.931
bol,sex_m,age_10yrbands_total,mts_aggregate_1,2009,568.509
bol,sex_m,age_10yrbands_total,mts_aggregate_1,2011,648.659
bol,sex_m,age_10yrbands_total,mts_aggregate_1,2012,593.643
bol,sex_m,age_10yrbands_total,mts_aggregate_1,2013,716.836
bol,sex_m,age_10yrbands_total,mts_aggregate_1,2014,793.297
bol,sex_m,age_10yrbands_total,mts_aggregate_1,2015,652.085
bol,sex_m,age_10yrbands_total,mts_aggregate_1,2016,561.442
bol,sex_m,age_10yrbands_total,mts_aggregate_1,2017,596.039
bol,sex_m,age_10yrbands_total,mts_aggregate_1,2018,635.348
bol,sex_m,age_10yrbands_total,mts_aggregate_1,2019,675.729
bol,sex_m,age_10yrbands_total,mts_aggregate_1,2022,926.385
bol,sex_m,age_10yrbands_total,mts_aggregate_1,2023,933.543
bol,sex_m,age_10yrbands_total,mts_aggregate_1,2024,1005.408
bol,sex_m,age_10yrbands_total,mts_aggregate_2,1999,829.176
bol,sex_m,age_10yrbands_total,mts_aggregate_2,2000,251.993
bol,sex_m,age_10yrbands_total,mts_aggregate_2,2001,850.14
bol,sex_m,age_10yrbands_total,mts_aggregate_2,2002,922.499
bol,sex_m,age_10yrbands_total,mts_aggregate_2,2004,1196.959
bol,sex_m,age_10yrbands_total,mts_aggregate_2,2005,1106.54
bol,sex_m,age_10yrbands_total,mts_aggregate_2,2006,1059.717
bol,sex_m,age_10yrbands_total,mts_aggregate_2,2007,1063.18
bol,sex_m,age_10yrbands_total,mts_aggregate_2,2008,1189.135
bol,sex_m,age_10yrbands_total,mts_aggregate_2,2009,1226.708
bol,sex_m,age_10yrbands_total,mts_aggregate_2,2011,1284.879
bol,sex_m,age_10yrbands_total,mts_aggregate_2,2012,1264.17
bol,sex_m,age_10yrbands_total,mts_aggregate_2,2013,1465.766
bol,sex_m,age_10yrbands_total,mts_aggregate_2,2014,1594.805
bol,sex_m,age_10yrbands_total,mts_aggregate_2,2015,1442.254
bol,sex_m,age_10yrbands_total,mts_aggregate_2,2016,1192.555
bol,sex_m,age_10yrbands_total,mts_aggregate_2,2017,1271.804
bol,sex_m,age_10yrbands_total,mts_aggregate_2,2018,1346.581
bol,sex_m,age_10yrbands_total,mts_aggregate_2,2019,1417.88
bol,sex_m,age_10yrbands_total,mts_aggregate_2,2022,1626.84
bol,sex_m,age_10yrbands_total,mts_aggregate_2,2023,1622.308
bol,sex_m,age_10yrbands_total,mts_aggregate_2,2024,1610.616
bol,sex_m,age_10yrbands_total,mts_aggregate_total,1999,1137.788
bol,sex_m,age_10yrbands_total,mts_aggregate_total,2000,1202.54
bol,sex_m,age_10yrbands_total,mts_aggregate_total,2001,1342.41
bol,sex_m,age_10yrbands_total,mts_aggregate_total,2002,1458.935
bol,sex_m,age_10yrbands_total,mts_aggregate_total,2004,1779.743
bol,sex_m,age_10yrbands_total,mts_aggregate_total,2005,1532.621
bol,sex_m,age_10yrbands_total,mts_aggregate_total,2006,1568.255
bol,sex_m,age_10yrbands_total,mts_aggregate_total,2007,1590.751
bol,sex_m,age_10yrbands_total,mts_aggregate_total,2008,1755.066
bol,sex_m,age_10yrbands_total,mts_aggregate_total,2009,1795.217
bol,sex_m,age_10yrbands_total,mts_aggregate_total,2011,1933.538
bol,sex_m,age_10yrbands_total,mts_aggregate_total,2012,1857.813
bol,sex_m,age_10yrbands_total,mts_aggregate_total,2013,2182.602
bol,sex_m,age_10yrbands_total,mts_aggregate_total,2014,2388.892
bol,sex_m,age_10yrbands_total,mts_aggregate_total,2015,2094.339
bol,sex_m,age_10yrbands_total,mts_aggregate_total,2016,1753.998
bol,sex_m,age_10yrbands_total,mts_aggregate_total,2017,1867.843
bol,sex_m,age_10yrbands_total,mts_aggregate_total,2018,1981.929
bol,sex_m,age_10yrbands_total,mts_aggregate_total,2019,2093.609
bol,sex_m,age_10yrbands_total,mts_aggregate_total,2022,2553.225
bol,sex_m,age_10yrbands_total,mts_aggregate_total,2023,2555.851
bol,sex_m,age_10yrbands_total,mts_aggregate_total,2024,2616.025
bol,sex_m,age_10yrbands_total,mts_details_mrd,1999,661.341
bol,sex_m,age_10yrbands_total,mts_details_mrd,2000,214.237
bol,sex_m,age_10yrbands_total,mts_details_mrd,2001,605.626
bol,sex_m,age_10yrbands_total,mts_details_mrd,2002,673.98
bol,sex_m,age_10yrbands_total,mts_details_mrd,2004,802.707
bol,sex_m,age_10yrbands_total,mts_details_mrd,2005,808.395
bol,sex_m,age_10yrbands_total,mts_details_mrd,2006,771.213
bol,sex_m,age_10yrbands_total,mts_details_mrd,2007,729.396
bol,sex_m,age_10yrbands_total,mts_details_mrd,2008,857.611
bol,sex_m,age_10yrbands_total,mts_details_mrd,2009,813.028
bol,sex_m,age_10yrbands_total,mts_details_mrd,2011,823.391
bol,sex_m,age_10yrbands_total,mts_details_mrd,2012,850.753
bol,sex_m,age_10yrbands_total,mts_details_mrd,2013,1016.249
bol,sex_m,age_10yrbands_total,mts_details_mrd,2014,1041.967
bol,sex_m,age_10yrbands_total,mts_details_mrd,2015,923.225
bol,sex_m,age_10yrbands_total,mts_details_mrd,2016,740.711
bol,sex_m,age_10yrbands_total,mts_details_mrd,2017,786.365
bol,sex_m,age_10yrbands_total,mts_details_mrd,2018,834.048
bol,sex_m,age_10yrbands_total,mts_details_mrd,2019,859.871
bol,sex_m,age_10yrbands_total,mts_details_mrd,2022,896.718
bol,sex_m,age_10yrbands_total,mts_details_mrd,2023,927.736
bol,sex_m,age_10yrbands_total,mts_details_mrd,2024,906.299
bol,sex_m,age_10yrbands_total,mts_details_sep,1999,16.586
bol,sex_m,age_10yrbands_total,mts_details_sep,2000,19.763
bol,sex_m,age_10yrbands_total,mts_details_sep,2001,25.034
bol,sex_m,age_10yrbands_total,mts_details_sep,2002,22.943
bol,sex_m,age_10yrbands_total,mts_details_sep,2004,36.287
bol,sex_m,age_10yrbands_total,mts_details_sep,2005,21.666
bol,sex_m,age_10yrbands_total,mts_details_sep,2006,34.823
bol,sex_m,age_10yrbands_total,mts_details_sep,2007,34.549
bol,sex_m,age_10yrbands_total,mts_details_sep,2008,45.178
bol,sex_m,age_10yrbands_total,mts_details_sep,2009,33.628
bol,sex_m,age_10yrbands_total,mts_details_sep,2011,41.054
bol,sex_m,age_10yrbands_total,mts_details_sep,2012,43.18
bol,sex_m,age_10yrbands_total,mts_details_sep,2013,52.933
bol,sex_m,age_10yrbands_total,mts_details_sep,2014,61.758
bol,sex_m,age_10yrbands_total,mts_details_sep,2015,64.953
bol,sex_m,age_10yrbands_total,mts_details_sep,2016,55.151
bol,sex_m,age_10yrbands_total,mts_details_sep,2017,55.843
bol,sex_m,age_10yrbands_total,mts_details_sep,2018,63.905
bol,sex_m,age_10yrbands_total,mts_details_sep,2019,65.859
bol,sex_m,age_10yrbands_total,mts_details_sep,2022,68.728
bol,sex_m,age_10yrbands_total,mts_details_sep,2023,73.87
bol,sex_m,age_10yrbands_total,mts_details_sep,2024,80.592
bol,sex_m,age_10yrbands_total,mts_details_sgle,1999,242.567
bol,sex_m,age_10yrbands_total,mts_details_sgle,2000,566.981
bol,sex_m,age_10yrbands_total,mts_details_sgle,2001,432.185
bol,sex_m,age_10yrbands_total,mts_details_sgle,2002,466.817
bol,sex_m,age_10yrbands_total,mts_details_sgle,2004,498.161
bol,sex_m,age_10yrbands_total,mts_details_sgle,2005,366.259
bol,sex_m,age_10yrbands_total,mts_details_sgle,2006,421.332
bol,sex_m,age_10yrbands_total,mts_details_sgle,2007,446.269
bol,sex_m,age_10yrbands_total,mts_details_sgle,2008,464.95
bol,sex_m,age_10yrbands_total,mts_details_sgle,2009,471.916
bol,sex_m,age_10yrbands_total,mts_details_sgle,2011,546.067
bol,sex_m,age_10yrbands_total,mts_details_sgle,2012,497.46
bol,sex_m,age_10yrbands_total,mts_details_sgle,2013,599.088
bol,sex_m,age_10yrbands_total,mts_details_sgle,2014,660.95
bol,sex_m,age_10yrbands_total,mts_details_sgle,2015,533.609
bol,sex_m,age_10yrbands_total,mts_details_sgle,2016,453.5
bol,sex_m,age_10yrbands_total,mts_details_sgle,2017,481.387
bol,sex_m,age_10yrbands_total,mts_details_sgle,2018,507.455
bol,sex_m,age_10yrbands_total,mts_details_sgle,2019,545.444
bol,sex_m,age_10yrbands_total,mts_details_sgle,2022,780.427
bol,sex_m,age_10yrbands_total,mts_details_sgle,2023,792.675
bol,sex_m,age_10yrbands_total,mts_details_sgle,2024,845.217
bol,sex_m,age_10yrbands_total,mts_details_total,1999,1137.788
bol,sex_m,age_10yrbands_total,mts_details_total,2000,1202.54
bol,sex_m,age_10yrbands_total,mts_details_total,2001,1342.41
bol,sex_m,age_10yrbands_total,mts_details_total,2002,1458.935
bol,sex_m,age_10yrbands_total,mts_details_total,2004,1779.743
bol,sex_m,age_10yrbands_total,mts_details_total,2005,1532.621
bol,sex_m,age_10yrbands_total,mts_details_total,2006,1568.255
bol,sex_m,age_10yrbands_total,mts_details_total,2007,1590.751
bol,sex_m,age_10yrbands_total,mts_details_total,2008,1755.066
bol,sex_m,age_10yrbands_total,mts_details_total,2009,1795.217
bol,sex_m,age_10yrbands_total,mts_details_total,2011,1933.538
bol,sex_m,age_10yrbands_total,mts_details_total,2012,1857.813
bol,sex_m,age_10yrbands_total,mts_details_total,2013,2182.602
bol,sex_m,age_10yrbands_total,mts_details_total,2014,2388.892
bol,sex_m,age_10yrbands_total,mts_details_total,2015,2094.339
bol,sex_m,age_10yrbands_total,mts_details_total,2016,1753.998
bol,sex_m,age_10yrbands_total,mts_details_total,2017,1867.843
bol,sex_m,age_10yrbands_total,mts_details_total,2018,1981.929
bol,sex_m,age_10yrbands_total,mts_details_total,2019,2093.609
bol,sex_m,age_10yrbands_total,mts_details_total,2022,2553.225
bol,sex_m,age_10yrbands_total,mts_details_total,2023,2555.851
bol,sex_m,age_10yrbands_total,mts_details_total,2024,2616.025
bol,sex_m,age_10yrbands_total,mts_details_union,1999,167.835
bol,sex_m,age_10yrbands_total,mts_details_union,2000,37.756
bol,sex_m,age_10yrbands_total,mts_details_union,2001,244.514
bol,sex_m,age_10yrbands_total,mts_details_union,2002,248.519
bol,sex_m,age_10yrbands_total,mts_details_union,2004,394.252
bol,sex_m,age_10yrbands_total,mts_details_union,2005,298.145
bol,sex_m,age_10yrbands_total,mts_details_union,2006,288.504
bol,sex_m,age_10yrbands_total,mts_details_union,2007,333.784
bol,sex_m,age_10yrbands_total,mts_details_union,2008,331.524
bol,sex_m,age_10yrbands_total,mts_details_union,2009,413.68
bol,sex_m,age_10yrbands_total,mts_details_union,2011,461.488
bol,sex_m,age_10yrbands_total,mts_details_union,2012,413.417
bol,sex_m,age_10yrbands_total,mts_details_union,2013,449.517
bol,sex_m,age_10yrbands_total,mts_details_union,2014,552.838
bol,sex_m,age_10yrbands_total,mts_details_union,2015,519.029
bol,sex_m,age_10yrbands_total,mts_details_union,2016,451.845
bol,sex_m,age_10yrbands_total,mts_details_union,2017,485.439
bol,sex_m,age_10yrbands_total,mts_details_union,2018,512.532
bol,sex_m,age_10yrbands_total,mts_details_union,2019,558.009
bol,sex_m,age_10yrbands_total,mts_details_union,2022,730.122
bol,sex_m,age_10yrbands_total,mts_details_union,2023,694.572
bol,sex_m,age_10yrbands_total,mts_details_union,2024,704.317
bol,sex_m,age_10yrbands_total,mts_details_wid,1999,49.459
bol,sex_m,age_10yrbands_total,mts_details_wid,2000,363.803
bol,sex_m,age_10yrbands_total,mts_details_wid,2001,35.051
bol,sex_m,age_10yrbands_total,mts_details_wid,2002,46.676
bol,sex_m,age_10yrbands_total,mts_details_wid,2004,48.336
bol,sex_m,age_10yrbands_total,mts_details_wid,2005,38.156
bol,sex_m,age_10yrbands_total,mts_details_wid,2006,52.383
bol,sex_m,age_10yrbands_total,mts_details_wid,2007,46.753
bol,sex_m,age_10yrbands_total,mts_details_wid,2008,55.803
bol,sex_m,age_10yrbands_total,mts_details_wid,2009,62.965
bol,sex_m,age_10yrbands_total,mts_details_wid,2011,61.538
bol,sex_m,age_10yrbands_total,mts_details_wid,2012,53.003
bol,sex_m,age_10yrbands_total,mts_details_wid,2013,64.815
bol,sex_m,age_10yrbands_total,mts_details_wid,2014,70.589
bol,sex_m,age_10yrbands_total,mts_details_wid,2015,53.523
bol,sex_m,age_10yrbands_total,mts_details_wid,2016,52.792
bol,sex_m,age_10yrbands_total,mts_details_wid,2017,58.81
bol,sex_m,age_10yrbands_total,mts_details_wid,2018,63.988
bol,sex_m,age_10yrbands_total,mts_details_wid,2019,64.426
bol,sex_m,age_10yrbands_total,mts_details_wid,2022,77.231
bol,sex_m,age_10yrbands_total,mts_details_wid,2023,66.998
bol,sex_m,age_10yrbands_total,mts_details_wid,2024,79.6
bol,sex_m,age_10yrbands_y15_24,mts_aggregate_1,1999,173.496
bol,sex_m,age_10yrbands_y15_24,mts_aggregate_1,2000,295.364
bol,sex_m,age_10yrbands_y15_24,mts_aggregate_1,2001,330.801
bol,sex_m,age_10yrbands_y15_24,mts_aggregate_1,2002,354.991
bol,sex_m,age_10yrbands_y15_24,mts_aggregate_1,2004,364.869
bol,sex_m,age_10yrbands_y15_24,mts_aggregate_1,2005,247.673
bol,sex_m,age_10yrbands_y15_24,mts_aggregate_1,2006,310.146
bol,sex_m,age_10yrbands_y15_24,mts_aggregate_1,2007,313.57
bol,sex_m,age_10yrbands_y15_24,mts_aggregate_1,2008,312.513
bol,sex_m,age_10yrbands_y15_24,mts_aggregate_1,2009,312.488
bol,sex_m,age_10yrbands_y15_24,mts_aggregate_1,2011,359.952
bol,sex_m,age_10yrbands_y15_24,mts_aggregate_1,2012,308.8
bol,sex_m,age_10yrbands_y15_24,mts_aggregate_1,2013,325.299
bol,sex_m,age_10yrbands_y15_24,mts_aggregate_1,2014,398.243
bol,sex_m,age_10yrbands_y15_24,mts_aggregate_1,2015,313.282
bol,sex_m,age_10yrbands_y15_24,mts_aggregate_1,2016,278.718
bol,sex_m,age_10yrbands_y15_24,mts_aggregate_1,2017,299.331
bol,sex_m,age_10yrbands_y15_24,mts_aggregate_1,2018,312.63
bol,sex_m,age_10yrbands_y15_24,mts_aggregate_1,2019,336.182
bol,sex_m,age_10yrbands_y15_24,mts_aggregate_1,2022,460.056
bol,sex_m,age_10yrbands_y15_24,mts_aggregate_1,2023,451.858
bol,sex_m,age_10yrbands_y15_24,mts_aggregate_1,2024,472.318
bol,sex_m,age_10yrbands_y15_24,mts_aggregate_2,1999,43.953
bol,sex_m,age_10yrbands_y15_24,mts_aggregate_2,2000,58.345
bol,sex_m,age_10yrbands_y15_24,mts_aggregate_2,2001,93.51
bol,sex_m,age_10yrbands_y15_24,mts_aggregate_2,2002,90.985
bol,sex_m,age_10yrbands_y15_24,mts_aggregate_2,2004,114.842
bol,sex_m,age_10yrbands_y15_24,mts_aggregate_2,2005,66.104
bol,sex_m,age_10yrbands_y15_24,mts_aggregate_2,2006,71.291
bol,sex_m,age_10yrbands_y15_24,mts_aggregate_2,2007,95.488
bol,sex_m,age_10yrbands_y15_24,mts_aggregate_2,2008,72.529
bol,sex_m,age_10yrbands_y15_24,mts_aggregate_2,2009,96.466
bol,sex_m,age_10yrbands_y15_24,mts_aggregate_2,2011,104.514
bol,sex_m,age_10yrbands_y15_24,mts_aggregate_2,2012,96.286
bol,sex_m,age_10yrbands_y15_24,mts_aggregate_2,2013,84.61
bol,sex_m,age_10yrbands_y15_24,mts_aggregate_2,2014,115.229
bol,sex_m,age_10yrbands_y15_24,mts_aggregate_2,2015,99.114
bol,sex_m,age_10yrbands_y15_24,mts_aggregate_2,2016,76.976
bol,sex_m,age_10yrbands_y15_24,mts_aggregate_2,2017,79.915
bol,sex_m,age_10yrbands_y15_24,mts_aggregate_2,2018,81.149
bol,sex_m,age_10yrbands_y15_24,mts_aggregate_2,2019,83.935
bol,sex_m,age_10yrbands_y15_24,mts_aggregate_2,2022,89.696
bol,sex_m,age_10yrbands_y15_24,mts_aggregate_2,2023,86.728
bol,sex_m,age_10yrbands_y15_24,mts_aggregate_2,2024,78.225
bol,sex_m,age_10yrbands_y15_24,mts_aggregate_total,1999,217.449
bol,sex_m,age_10yrbands_y15_24,mts_aggregate_total,2000,353.709
bol,sex_m,age_10yrbands_y15_24,mts_aggregate_total,2001,424.311
bol,sex_m,age_10yrbands_y15_24,mts_aggregate_total,2002,445.976
bol,sex_m,age_10yrbands_y15_24,mts_aggregate_total,2004,479.711
bol,sex_m,age_10yrbands_y15_24,mts_aggregate_total,2005,313.777
bol,sex_m,age_10yrbands_y15_24,mts_aggregate_total,2006,381.437
bol,sex_m,age_10yrbands_y15_24,mts_aggregate_total,2007,409.058
bol,sex_m,age_10yrbands_y15_24,mts_aggregate_total,2008,385.042
bol,sex_m,age_10yrbands_y15_24,mts_aggregate_total,2009,408.954
bol,sex_m,age_10yrbands_y15_24,mts_aggregate_total,2011,464.466
bol,sex_m,age_10yrbands_y15_24,mts_aggregate_total,2012,405.086
bol,sex_m,age_10yrbands_y15_24,mts_aggregate_total,2013,409.909
bol,sex_m,age_10yrbands_y15_24,mts_aggregate_total,2014,513.472
bol,sex_m,age_10yrbands_y15_24,mts_aggregate_total,2015,412.396
bol,sex_m,age_10yrbands_y15_24,mts_aggregate_total,2016,355.695
bol,sex_m,age_10yrbands_y15_24,mts_aggregate_total,2017,379.247
bol,sex_m,age_10yrbands_y15_24,mts_aggregate_total,2018,393.779
bol,sex_m,age_10yrbands_y15_24,mts_aggregate_total,2019,420.117
bol,sex_m,age_10yrbands_y15_24,mts_aggregate_total,2022,549.753
bol,sex_m,age_10yrbands_y15_24,mts_aggregate_total,2023,538.587
bol,sex_m,age_10yrbands_y15_24,mts_aggregate_total,2024,550.543
bol,sex_m,age_10yrbands_y15_24,mts_details_mrd,1999,20.163
bol,sex_m,age_10yrbands_y15_24,mts_details_mrd,2000,56.764
bol,sex_m,age_10yrbands_y15_24,mts_details_mrd,2001,34.531
bol,sex_m,age_10yrbands_y15_24,mts_details_mrd,2002,33.003
bol,sex_m,age_10yrbands_y15_24,mts_details_mrd,2004,29.165
bol,sex_m,age_10yrbands_y15_24,mts_details_mrd,2005,18.294
bol,sex_m,age_10yrbands_y15_24,mts_details_mrd,2006,10.724
bol,sex_m,age_10yrbands_y15_24,mts_details_mrd,2007,21.811
bol,sex_m,age_10yrbands_y15_24,mts_details_mrd,2008,15.977
bol,sex_m,age_10yrbands_y15_24,mts_details_mrd,2009,22.094
bol,sex_m,age_10yrbands_y15_24,mts_details_mrd,2011,23.14
bol,sex_m,age_10yrbands_y15_24,mts_details_mrd,2012,22.058
bol,sex_m,age_10yrbands_y15_24,mts_details_mrd,2013,19.28
bol,sex_m,age_10yrbands_y15_24,mts_details_mrd,2014,27.141
bol,sex_m,age_10yrbands_y15_24,mts_details_mrd,2015,18.704
bol,sex_m,age_10yrbands_y15_24,mts_details_mrd,2016,10.091
bol,sex_m,age_10yrbands_y15_24,mts_details_mrd,2017,10.511
bol,sex_m,age_10yrbands_y15_24,mts_details_mrd,2018,9.128
bol,sex_m,age_10yrbands_y15_24,mts_details_mrd,2019,10.531
bol,sex_m,age_10yrbands_y15_24,mts_details_mrd,2022,8.975
bol,sex_m,age_10yrbands_y15_24,mts_details_mrd,2023,7.671
bol,sex_m,age_10yrbands_y15_24,mts_details_mrd,2024,6.598
bol,sex_m,age_10yrbands_y15_24,mts_details_sep,2004,4.085
bol,sex_m,age_10yrbands_y15_24,mts_details_sep,2009,0
bol,sex_m,age_10yrbands_y15_24,mts_details_sep,2014,2.4
bol,sex_m,age_10yrbands_y15_24,mts_details_sep,2016,0.81
bol,sex_m,age_10yrbands_y15_24,mts_details_sep,2017,1.138
bol,sex_m,age_10yrbands_y15_24,mts_details_sep,2018,0.7
bol,sex_m,age_10yrbands_y15_24,mts_details_sep,2019,0.787
bol,sex_m,age_10yrbands_y15_24,mts_details_sep,2022,0.267
bol,sex_m,age_10yrbands_y15_24,mts_details_sep,2023,1.075
bol,sex_m,age_10yrbands_y15_24,mts_details_sgle,1999,171.404
bol,sex_m,age_10yrbands_y15_24,mts_details_sgle,2000,25.516
bol,sex_m,age_10yrbands_y15_24,mts_details_sgle,2001,329.43
bol,sex_m,age_10yrbands_y15_24,mts_details_sgle,2002,353.756
bol,sex_m,age_10yrbands_y15_24,mts_details_sgle,2004,360.784
bol,sex_m,age_10yrbands_y15_24,mts_details_sgle,2005,247.369
bol,sex_m,age_10yrbands_y15_24,mts_details_sgle,2006,309.252
bol,sex_m,age_10yrbands_y15_24,mts_details_sgle,2007,313.57
bol,sex_m,age_10yrbands_y15_24,mts_details_sgle,2008,312.513
bol,sex_m,age_10yrbands_y15_24,mts_details_sgle,2009,311.272
bol,sex_m,age_10yrbands_y15_24,mts_details_sgle,2011,359.511
bol,sex_m,age_10yrbands_y15_24,mts_details_sgle,2012,308.252
bol,sex_m,age_10yrbands_y15_24,mts_details_sgle,2013,324.149
bol,sex_m,age_10yrbands_y15_24,mts_details_sgle,2014,395.675
bol,sex_m,age_10yrbands_y15_24,mts_details_sgle,2015,312.927
bol,sex_m,age_10yrbands_y15_24,mts_details_sgle,2016,277.908
bol,sex_m,age_10yrbands_y15_24,mts_details_sgle,2017,298.193
bol,sex_m,age_10yrbands_y15_24,mts_details_sgle,2018,311.93
bol,sex_m,age_10yrbands_y15_24,mts_details_sgle,2019,335.394
bol,sex_m,age_10yrbands_y15_24,mts_details_sgle,2022,459.789
bol,sex_m,age_10yrbands_y15_24,mts_details_sgle,2023,450.783
bol,sex_m,age_10yrbands_y15_24,mts_details_sgle,2024,472.214
bol,sex_m,age_10yrbands_y15_24,mts_details_total,1999,217.449
bol,sex_m,age_10yrbands_y15_24,mts_details_total,2000,353.709
bol,sex_m,age_10yrbands_y15_24,mts_details_total,2001,424.311
bol,sex_m,age_10yrbands_y15_24,mts_details_total,2002,445.976
bol,sex_m,age_10yrbands_y15_24,mts_details_total,2004,479.711
bol,sex_m,age_10yrbands_y15_24,mts_details_total,2005,313.777
bol,sex_m,age_10yrbands_y15_24,mts_details_total,2006,381.437
bol,sex_m,age_10yrbands_y15_24,mts_details_total,2007,409.058
bol,sex_m,age_10yrbands_y15_24,mts_details_total,2008,385.042
bol,sex_m,age_10yrbands_y15_24,mts_details_total,2009,408.954
bol,sex_m,age_10yrbands_y15_24,mts_details_total,2011,464.466
bol,sex_m,age_10yrbands_y15_24,mts_details_total,2012,405.086
bol,sex_m,age_10yrbands_y15_24,mts_details_total,2013,409.909
bol,sex_m,age_10yrbands_y15_24,mts_details_total,2014,513.472
bol,sex_m,age_10yrbands_y15_24,mts_details_total,2015,412.396
bol,sex_m,age_10yrbands_y15_24,mts_details_total,2016,355.695
bol,sex_m,age_10yrbands_y15_24,mts_details_total,2017,379.247
bol,sex_m,age_10yrbands_y15_24,mts_details_total,2018,393.779
bol,sex_m,age_10yrbands_y15_24,mts_details_total,2019,420.117
bol,sex_m,age_10yrbands_y15_24,mts_details_total,2022,549.753
bol,sex_m,age_10yrbands_y15_24,mts_details_total,2023,538.587
bol,sex_m,age_10yrbands_y15_24,mts_details_total,2024,550.543
bol,sex_m,age_10yrbands_y15_24,mts_details_union,1999,23.79
bol,sex_m,age_10yrbands_y15_24,mts_details_union,2000,1.581
bol,sex_m,age_10yrbands_y15_24,mts_details_union,2001,58.979
bol,sex_m,age_10yrbands_y15_24,mts_details_union,2002,57.982
bol,sex_m,age_10yrbands_y15_24,mts_details_union,2004,85.677
bol,sex_m,age_10yrbands_y15_24,mts_details_union,2005,47.81
bol,sex_m,age_10yrbands_y15_24,mts_details_union,2006,60.567
bol,sex_m,age_10yrbands_y15_24,mts_details_union,2007,73.677
bol,sex_m,age_10yrbands_y15_24,mts_details_union,2008,56.552
bol,sex_m,age_10yrbands_y15_24,mts_details_union,2009,74.372
bol,sex_m,age_10yrbands_y15_24,mts_details_union,2011,81.374
bol,sex_m,age_10yrbands_y15_24,mts_details_union,2012,74.228
bol,sex_m,age_10yrbands_y15_24,mts_details_union,2013,65.33
bol,sex_m,age_10yrbands_y15_24,mts_details_union,2014,88.088
bol,sex_m,age_10yrbands_y15_24,mts_details_union,2015,80.41
bol,sex_m,age_10yrbands_y15_24,mts_details_union,2016,66.886
bol,sex_m,age_10yrbands_y15_24,mts_details_union,2017,69.405
bol,sex_m,age_10yrbands_y15_24,mts_details_union,2018,72.02
bol,sex_m,age_10yrbands_y15_24,mts_details_union,2019,73.404
bol,sex_m,age_10yrbands_y15_24,mts_details_union,2022,80.722
bol,sex_m,age_10yrbands_y15_24,mts_details_union,2023,79.057
bol,sex_m,age_10yrbands_y15_24,mts_details_union,2024,71.627
bol,sex_m,age_10yrbands_y15_24,mts_details_wid,2000,269.554
bol,sex_m,age_10yrbands_y25_34,mts_aggregate_1,1999,47.833
bol,sex_m,age_10yrbands_y25_34,mts_aggregate_1,2000,188.825
bol,sex_m,age_10yrbands_y25_34,mts_aggregate_1,2001,73.166
bol,sex_m,age_10yrbands_y25_34,mts_aggregate_1,2002,81.7
bol,sex_m,age_10yrbands_y25_34,mts_aggregate_1,2004,95.854
bol,sex_m,age_10yrbands_y25_34,mts_aggregate_1,2005,82.326
bol,sex_m,age_10yrbands_y25_34,mts_aggregate_1,2006,70.223
bol,sex_m,age_10yrbands_y25_34,mts_aggregate_1,2007,85.937
bol,sex_m,age_10yrbands_y25_34,mts_aggregate_1,2008,91.283
bol,sex_m,age_10yrbands_y25_34,mts_aggregate_1,2009,99.395
bol,sex_m,age_10yrbands_y25_34,mts_aggregate_1,2011,120.452
bol,sex_m,age_10yrbands_y25_34,mts_aggregate_1,2012,116.308
bol,sex_m,age_10yrbands_y25_34,mts_aggregate_1,2013,177.002
bol,sex_m,age_10yrbands_y25_34,mts_aggregate_1,2014,177.016
bol,sex_m,age_10yrbands_y25_34,mts_aggregate_1,2015,136.119
bol,sex_m,age_10yrbands_y25_34,mts_aggregate_1,2016,104.248
bol,sex_m,age_10yrbands_y25_34,mts_aggregate_1,2017,108.392
bol,sex_m,age_10yrbands_y25_34,mts_aggregate_1,2018,115.529
bol,sex_m,age_10yrbands_y25_34,mts_aggregate_1,2019,123.902
bol,sex_m,age_10yrbands_y25_34,mts_aggregate_1,2022,179.614
bol,sex_m,age_10yrbands_y25_34,mts_aggregate_1,2023,188.324
bol,sex_m,age_10yrbands_y25_34,mts_aggregate_1,2024,206.441
bol,sex_m,age_10yrbands_y25_34,mts_aggregate_2,1999,181.593
bol,sex_m,age_10yrbands_y25_34,mts_aggregate_2,2000,85.584
bol,sex_m,age_10yrbands_y25_34,mts_aggregate_2,2001,239.21
bol,sex_m,age_10yrbands_y25_34,mts_aggregate_2,2002,260.958
bol,sex_m,age_10yrbands_y25_34,mts_aggregate_2,2004,325.153
bol,sex_m,age_10yrbands_y25_34,mts_aggregate_2,2005,276.431
bol,sex_m,age_10yrbands_y25_34,mts_aggregate_2,2006,241.152
bol,sex_m,age_10yrbands_y25_34,mts_aggregate_2,2007,231.86
bol,sex_m,age_10yrbands_y25_34,mts_aggregate_2,2008,258.309
bol,sex_m,age_10yrbands_y25_34,mts_aggregate_2,2009,286.717
bol,sex_m,age_10yrbands_y25_34,mts_aggregate_2,2011,299.706
bol,sex_m,age_10yrbands_y25_34,mts_aggregate_2,2012,287.619
bol,sex_m,age_10yrbands_y25_34,mts_aggregate_2,2013,325.021
bol,sex_m,age_10yrbands_y25_34,mts_aggregate_2,2014,399.99
bol,sex_m,age_10yrbands_y25_34,mts_aggregate_2,2015,326.254
bol,sex_m,age_10yrbands_y25_34,mts_aggregate_2,2016,263.265
bol,sex_m,age_10yrbands_y25_34,mts_aggregate_2,2017,269.624
bol,sex_m,age_10yrbands_y25_34,mts_aggregate_2,2018,288.348
bol,sex_m,age_10yrbands_y25_34,mts_aggregate_2,2019,323.75
bol,sex_m,age_10yrbands_y25_34,mts_aggregate_2,2022,394.486
bol,sex_m,age_10yrbands_y25_34,mts_aggregate_2,2023,374.504
bol,sex_m,age_10yrbands_y25_34,mts_aggregate_2,2024,363.026
bol,sex_m,age_10yrbands_y25_34,mts_aggregate_total,1999,229.426
bol,sex_m,age_10yrbands_y25_34,mts_aggregate_total,2000,274.409
bol,sex_m,age_10yrbands_y25_34,mts_aggregate_total,2001,312.376
bol,sex_m,age_10yrbands_y25_34,mts_aggregate_total,2002,342.658
bol,sex_m,age_10yrbands_y25_34,mts_aggregate_total,2004,421.007
bol,sex_m,age_10yrbands_y25_34,mts_aggregate_total,2005,358.757
bol,sex_m,age_10yrbands_y25_34,mts_aggregate_total,2006,311.375
bol,sex_m,age_10yrbands_y25_34,mts_aggregate_total,2007,317.797
bol,sex_m,age_10yrbands_y25_34,mts_aggregate_total,2008,349.592
bol,sex_m,age_10yrbands_y25_34,mts_aggregate_total,2009,386.112
bol,sex_m,age_10yrbands_y25_34,mts_aggregate_total,2011,420.158
bol,sex_m,age_10yrbands_y25_34,mts_aggregate_total,2012,403.927
bol,sex_m,age_10yrbands_y25_34,mts_aggregate_total,2013,502.023
bol,sex_m,age_10yrbands_y25_34,mts_aggregate_total,2014,577.006
bol,sex_m,age_10yrbands_y25_34,mts_aggregate_total,2015,462.373
bol,sex_m,age_10yrbands_y25_34,mts_aggregate_total,2016,367.514
bol,sex_m,age_10yrbands_y25_34,mts_aggregate_total,2017,378.016
bol,sex_m,age_10yrbands_y25_34,mts_aggregate_total,2018,403.878
bol,sex_m,age_10yrbands_y25_34,mts_aggregate_total,2019,447.652
bol,sex_m,age_10yrbands_y25_34,mts_aggregate_total,2022,574.101
bol,sex_m,age_10yrbands_y25_34,mts_aggregate_total,2023,562.828
bol,sex_m,age_10yrbands_y25_34,mts_aggregate_total,2024,569.467
bol,sex_m,age_10yrbands_y25_34,mts_details_mrd,1999,121.431
bol,sex_m,age_10yrbands_y25_34,mts_details_mrd,2000,84.233
bol,sex_m,age_10yrbands_y25_34,mts_details_mrd,2001,139.252
bol,sex_m,age_10yrbands_y25_34,mts_details_mrd,2002,163.269
bol,sex_m,age_10yrbands_y25_34,mts_details_mrd,2004,170.74
bol,sex_m,age_10yrbands_y25_34,mts_details_mrd,2005,157.003
bol,sex_m,age_10yrbands_y25_34,mts_details_mrd,2006,138.462
bol,sex_m,age_10yrbands_y25_34,mts_details_mrd,2007,108.966
bol,sex_m,age_10yrbands_y25_34,mts_details_mrd,2008,127.953
bol,sex_m,age_10yrbands_y25_34,mts_details_mrd,2009,130.714
bol,sex_m,age_10yrbands_y25_34,mts_details_mrd,2011,129.858
bol,sex_m,age_10yrbands_y25_34,mts_details_mrd,2012,143.767
bol,sex_m,age_10yrbands_y25_34,mts_details_mrd,2013,153.63
bol,sex_m,age_10yrbands_y25_34,mts_details_mrd,2014,177.989
bol,sex_m,age_10yrbands_y25_34,mts_details_mrd,2015,146.771
bol,sex_m,age_10yrbands_y25_34,mts_details_mrd,2016,99.838
bol,sex_m,age_10yrbands_y25_34,mts_details_mrd,2017,93.536
bol,sex_m,age_10yrbands_y25_34,mts_details_mrd,2018,100.976
bol,sex_m,age_10yrbands_y25_34,mts_details_mrd,2019,109.893
bol,sex_m,age_10yrbands_y25_34,mts_details_mrd,2022,109.24
bol,sex_m,age_10yrbands_y25_34,mts_details_mrd,2023,106.407
bol,sex_m,age_10yrbands_y25_34,mts_details_mrd,2024,100.024
bol,sex_m,age_10yrbands_y25_34,mts_details_sep,2000,3.891
bol,sex_m,age_10yrbands_y25_34,mts_details_sep,2001,4.489
bol,sex_m,age_10yrbands_y25_34,mts_details_sep,2004,9.557
bol,sex_m,age_10yrbands_y25_34,mts_details_sep,2005,4.112
bol,sex_m,age_10yrbands_y25_34,mts_details_sep,2006,5.85
bol,sex_m,age_10yrbands_y25_34,mts_details_sep,2007,5.556
bol,sex_m,age_10yrbands_y25_34,mts_details_sep,2008,6.576
bol,sex_m,age_10yrbands_y25_34,mts_details_sep,2009,2.956
bol,sex_m,age_10yrbands_y25_34,mts_details_sep,2011,5.634
bol,sex_m,age_10yrbands_y25_34,mts_details_sep,2012,3.982
bol,sex_m,age_10yrbands_y25_34,mts_details_sep,2013,9.729
bol,sex_m,age_10yrbands_y25_34,mts_details_sep,2014,9.653
bol,sex_m,age_10yrbands_y25_34,mts_details_sep,2015,10.017
bol,sex_m,age_10yrbands_y25_34,mts_details_sep,2016,4.587
bol,sex_m,age_10yrbands_y25_34,mts_details_sep,2017,7.031
bol,sex_m,age_10yrbands_y25_34,mts_details_sep,2018,6.169
bol,sex_m,age_10yrbands_y25_34,mts_details_sep,2019,6.363
bol,sex_m,age_10yrbands_y25_34,mts_details_sep,2022,6.083
bol,sex_m,age_10yrbands_y25_34,mts_details_sep,2023,5.937
bol,sex_m,age_10yrbands_y25_34,mts_details_sep,2024,7.341
bol,sex_m,age_10yrbands_y25_34,mts_details_sgle,1999,43.008
bol,sex_m,age_10yrbands_y25_34,mts_details_sgle,2000,121.45
bol,sex_m,age_10yrbands_y25_34,mts_details_sgle,2001,66.951
bol,sex_m,age_10yrbands_y25_34,mts_details_sgle,2002,79.346
bol,sex_m,age_10yrbands_y25_34,mts_details_sgle,2004,85.792
bol,sex_m,age_10yrbands_y25_34,mts_details_sgle,2005,77.202
bol,sex_m,age_10yrbands_y25_34,mts_details_sgle,2006,63.562
bol,sex_m,age_10yrbands_y25_34,mts_details_sgle,2007,80.381
bol,sex_m,age_10yrbands_y25_34,mts_details_sgle,2008,83.751
bol,sex_m,age_10yrbands_y25_34,mts_details_sgle,2009,96.439
bol,sex_m,age_10yrbands_y25_34,mts_details_sgle,2011,114.307
bol,sex_m,age_10yrbands_y25_34,mts_details_sgle,2012,111.518
bol,sex_m,age_10yrbands_y25_34,mts_details_sgle,2013,167.273
bol,sex_m,age_10yrbands_y25_34,mts_details_sgle,2014,165.986
bol,sex_m,age_10yrbands_y25_34,mts_details_sgle,2015,125.688
bol,sex_m,age_10yrbands_y25_34,mts_details_sgle,2016,99.201
bol,sex_m,age_10yrbands_y25_34,mts_details_sgle,2017,100.839
bol,sex_m,age_10yrbands_y25_34,mts_details_sgle,2018,108.653
bol,sex_m,age_10yrbands_y25_34,mts_details_sgle,2019,117.02
bol,sex_m,age_10yrbands_y25_34,mts_details_sgle,2022,172.995
bol,sex_m,age_10yrbands_y25_34,mts_details_sgle,2023,181.559
bol,sex_m,age_10yrbands_y25_34,mts_details_sgle,2024,198.942
bol,sex_m,age_10yrbands_y25_34,mts_details_total,1999,229.426
bol,sex_m,age_10yrbands_y25_34,mts_details_total,2000,274.409
bol,sex_m,age_10yrbands_y25_34,mts_details_total,2001,312.376
bol,sex_m,age_10yrbands_y25_34,mts_details_total,2002,342.658
bol,sex_m,age_10yrbands_y25_34,mts_details_total,2004,421.007
bol,sex_m,age_10yrbands_y25_34,mts_details_total,2005,358.757
bol,sex_m,age_10yrbands_y25_34,mts_details_total,2006,311.375
bol,sex_m,age_10yrbands_y25_34,mts_details_total,2007,317.797
bol,sex_m,age_10yrbands_y25_34,mts_details_total,2008,349.592
bol,sex_m,age_10yrbands_y25_34,mts_details_total,2009,386.112
bol,sex_m,age_10yrbands_y25_34,mts_details_total,2011,420.158
bol,sex_m,age_10yrbands_y25_34,mts_details_total,2012,403.927
bol,sex_m,age_10yrbands_y25_34,mts_details_total,2013,502.023
bol,sex_m,age_10yrbands_y25_34,mts_details_total,2014,577.006
bol,sex_m,age_10yrbands_y25_34,mts_details_total,2015,462.373
bol,sex_m,age_10yrbands_y25_34,mts_details_total,2016,367.514
bol,sex_m,age_10yrbands_y25_34,mts_details_total,2017,378.016
bol,sex_m,age_10yrbands_y25_34,mts_details_total,2018,403.878
bol,sex_m,age_10yrbands_y25_34,mts_details_total,2019,447.652
bol,sex_m,age_10yrbands_y25_34,mts_details_total,2022,574.101
bol,sex_m,age_10yrbands_y25_34,mts_details_total,2023,562.828
bol,sex_m,age_10yrbands_y25_34,mts_details_total,2024,569.467
bol,sex_m,age_10yrbands_y25_34,mts_details_union,1999,60.162
bol,sex_m,age_10yrbands_y25_34,mts_details_union,2001,99.958
bol,sex_m,age_10yrbands_y25_34,mts_details_union,2002,97.689
bol,sex_m,age_10yrbands_y25_34,mts_details_union,2004,154.413
bol,sex_m,age_10yrbands_y25_34,mts_details_union,2005,119.428
bol,sex_m,age_10yrbands_y25_34,mts_details_union,2006,102.69
bol,sex_m,age_10yrbands_y25_34,mts_details_union,2007,122.894
bol,sex_m,age_10yrbands_y25_34,mts_details_union,2008,130.356
bol,sex_m,age_10yrbands_y25_34,mts_details_union,2009,156.003
bol,sex_m,age_10yrbands_y25_34,mts_details_union,2011,169.848
bol,sex_m,age_10yrbands_y25_34,mts_details_union,2012,143.852
bol,sex_m,age_10yrbands_y25_34,mts_details_union,2013,171.391
bol,sex_m,age_10yrbands_y25_34,mts_details_union,2014,222.001
bol,sex_m,age_10yrbands_y25_34,mts_details_union,2015,179.483
bol,sex_m,age_10yrbands_y25_34,mts_details_union,2016,163.428
bol,sex_m,age_10yrbands_y25_34,mts_details_union,2017,176.088
bol,sex_m,age_10yrbands_y25_34,mts_details_union,2018,187.372
bol,sex_m,age_10yrbands_y25_34,mts_details_union,2019,213.857
bol,sex_m,age_10yrbands_y25_34,mts_details_union,2022,285.247
bol,sex_m,age_10yrbands_y25_34,mts_details_union,2023,268.097
bol,sex_m,age_10yrbands_y25_34,mts_details_union,2024,263.002
bol,sex_m,age_10yrbands_y25_34,mts_details_wid,2000,63.484
bol,sex_m,age_10yrbands_y25_34,mts_details_wid,2016,0.46
bol,sex_m,age_10yrbands_y25_34,mts_details_wid,2017,0.522
bol,sex_m,age_10yrbands_y25_34,mts_details_wid,2018,0.708
bol,sex_m,age_10yrbands_y25_34,mts_details_wid,2019,0.519
bol,sex_m,age_10yrbands_y25_34,mts_details_wid,2022,0.537
bol,sex_m,age_10yrbands_y25_34,mts_details_wid,2023,0.828
bol,sex_m,age_10yrbands_y35_44,mts_aggregate_1,1999,21.739
bol,sex_m,age_10yrbands_y35_44,mts_aggregate_1,2000,181.058
bol,sex_m,age_10yrbands_y35_44,mts_aggregate_1,2001,29.032
bol,sex_m,age_10yrbands_y35_44,mts_aggregate_1,2002,26.983
bol,sex_m,age_10yrbands_y35_44,mts_aggregate_1,2004,40.556
bol,sex_m,age_10yrbands_y35_44,mts_aggregate_1,2005,27.093
bol,sex_m,age_10yrbands_y35_44,mts_aggregate_1,2006,21.859
bol,sex_m,age_10yrbands_y35_44,mts_aggregate_1,2007,37.501
bol,sex_m,age_10yrbands_y35_44,mts_aggregate_1,2008,48.238
bol,sex_m,age_10yrbands_y35_44,mts_aggregate_1,2009,42.274
bol,sex_m,age_10yrbands_y35_44,mts_aggregate_1,2011,50.379
bol,sex_m,age_10yrbands_y35_44,mts_aggregate_1,2012,52.601
bol,sex_m,age_10yrbands_y35_44,mts_aggregate_1,2013,75.105
bol,sex_m,age_10yrbands_y35_44,mts_aggregate_1,2014,68.148
bol,sex_m,age_10yrbands_y35_44,mts_aggregate_1,2015,64.172
bol,sex_m,age_10yrbands_y35_44,mts_aggregate_1,2016,56.076
bol,sex_m,age_10yrbands_y35_44,mts_aggregate_1,2017,56.105
bol,sex_m,age_10yrbands_y35_44,mts_aggregate_1,2018,56.484
bol,sex_m,age_10yrbands_y35_44,mts_aggregate_1,2019,61.437
bol,sex_m,age_10yrbands_y35_44,mts_aggregate_1,2022,86.366
bol,sex_m,age_10yrbands_y35_44,mts_aggregate_1,2023,91.014
bol,sex_m,age_10yrbands_y35_44,mts_aggregate_1,2024,99.103
bol,sex_m,age_10yrbands_y35_44,mts_aggregate_2,1999,226.672
bol,sex_m,age_10yrbands_y35_44,mts_aggregate_2,2000,46.03
bol,sex_m,age_10yrbands_y35_44,mts_aggregate_2,2001,197.069
bol,sex_m,age_10yrbands_y35_44,mts_aggregate_2,2002,218.52
bol,sex_m,age_10yrbands_y35_44,mts_aggregate_2,2004,301.756
bol,sex_m,age_10yrbands_y35_44,mts_aggregate_2,2005,291.119
bol,sex_m,age_10yrbands_y35_44,mts_aggregate_2,2006,289.291
bol,sex_m,age_10yrbands_y35_44,mts_aggregate_2,2007,270.695
bol,sex_m,age_10yrbands_y35_44,mts_aggregate_2,2008,321.619
bol,sex_m,age_10yrbands_y35_44,mts_aggregate_2,2009,296.424
bol,sex_m,age_10yrbands_y35_44,mts_aggregate_2,2011,315.15
bol,sex_m,age_10yrbands_y35_44,mts_aggregate_2,2012,320.023
bol,sex_m,age_10yrbands_y35_44,mts_aggregate_2,2013,368.611
bol,sex_m,age_10yrbands_y35_44,mts_aggregate_2,2014,390.57
bol,sex_m,age_10yrbands_y35_44,mts_aggregate_2,2015,368.58
bol,sex_m,age_10yrbands_y35_44,mts_aggregate_2,2016,293.411
bol,sex_m,age_10yrbands_y35_44,mts_aggregate_2,2017,314.246
bol,sex_m,age_10yrbands_y35_44,mts_aggregate_2,2018,322.126
bol,sex_m,age_10yrbands_y35_44,mts_aggregate_2,2019,348.975
bol,sex_m,age_10yrbands_y35_44,mts_aggregate_2,2022,410.31
bol,sex_m,age_10yrbands_y35_44,mts_aggregate_2,2023,387.445
bol,sex_m,age_10yrbands_y35_44,mts_aggregate_2,2024,375.244
bol,sex_m,age_10yrbands_y35_44,mts_aggregate_total,1999,248.411
bol,sex_m,age_10yrbands_y35_44,mts_aggregate_total,2000,227.088
bol,sex_m,age_10yrbands_y35_44,mts_aggregate_total,2001,226.101
bol,sex_m,age_10yrbands_y35_44,mts_aggregate_total,2002,245.503
bol,sex_m,age_10yrbands_y35_44,mts_aggregate_total,2004,342.312
bol,sex_m,age_10yrbands_y35_44,mts_aggregate_total,2005,318.212
bol,sex_m,age_10yrbands_y35_44,mts_aggregate_total,2006,311.15
bol,sex_m,age_10yrbands_y35_44,mts_aggregate_total,2007,308.196
bol,sex_m,age_10yrbands_y35_44,mts_aggregate_total,2008,369.857
bol,sex_m,age_10yrbands_y35_44,mts_aggregate_total,2009,338.698
bol,sex_m,age_10yrbands_y35_44,mts_aggregate_total,2011,365.529
bol,sex_m,age_10yrbands_y35_44,mts_aggregate_total,2012,372.624
bol,sex_m,age_10yrbands_y35_44,mts_aggregate_total,2013,443.716
bol,sex_m,age_10yrbands_y35_44,mts_aggregate_total,2014,459.374
bol,sex_m,age_10yrbands_y35_44,mts_aggregate_total,2015,432.752
bol,sex_m,age_10yrbands_y35_44,mts_aggregate_total,2016,349.487
bol,sex_m,age_10yrbands_y35_44,mts_aggregate_total,2017,370.351
bol,sex_m,age_10yrbands_y35_44,mts_aggregate_total,2018,378.61
bol,sex_m,age_10yrbands_y35_44,mts_aggregate_total,2019,410.412
bol,sex_m,age_10yrbands_y35_44,mts_aggregate_total,2022,496.676
bol,sex_m,age_10yrbands_y35_44,mts_aggregate_total,2023,478.46
bol,sex_m,age_10yrbands_y35_44,mts_aggregate_total,2024,474.348
bol,sex_m,age_10yrbands_y35_44,mts_details_mrd,1999,182.947
bol,sex_m,age_10yrbands_y35_44,mts_details_mrd,2000,43.617
bol,sex_m,age_10yrbands_y35_44,mts_details_mrd,2001,149.439
bol,sex_m,age_10yrbands_y35_44,mts_details_mrd,2002,164.937
bol,sex_m,age_10yrbands_y35_44,mts_details_mrd,2004,212.167
bol,sex_m,age_10yrbands_y35_44,mts_details_mrd,2005,217.589
bol,sex_m,age_10yrbands_y35_44,mts_details_mrd,2006,214.249
bol,sex_m,age_10yrbands_y35_44,mts_details_mrd,2007,195.776
bol,sex_m,age_10yrbands_y35_44,mts_details_mrd,2008,238.13
bol,sex_m,age_10yrbands_y35_44,mts_details_mrd,2009,197.511
bol,sex_m,age_10yrbands_y35_44,mts_details_mrd,2011,198.913
bol,sex_m,age_10yrbands_y35_44,mts_details_mrd,2012,214.222
bol,sex_m,age_10yrbands_y35_44,mts_details_mrd,2013,258.988
bol,sex_m,age_10yrbands_y35_44,mts_details_mrd,2014,255.975
bol,sex_m,age_10yrbands_y35_44,mts_details_mrd,2015,225.077
bol,sex_m,age_10yrbands_y35_44,mts_details_mrd,2016,176.291
bol,sex_m,age_10yrbands_y35_44,mts_details_mrd,2017,185.836
bol,sex_m,age_10yrbands_y35_44,mts_details_mrd,2018,189.054
bol,sex_m,age_10yrbands_y35_44,mts_details_mrd,2019,204.914
bol,sex_m,age_10yrbands_y35_44,mts_details_mrd,2022,206.309
bol,sex_m,age_10yrbands_y35_44,mts_details_mrd,2023,204.964
bol,sex_m,age_10yrbands_y35_44,mts_details_mrd,2024,186.101
bol,sex_m,age_10yrbands_y35_44,mts_details_sep,1999,5.112
bol,sex_m,age_10yrbands_y35_44,mts_details_sep,2000,3.781
bol,sex_m,age_10yrbands_y35_44,mts_details_sep,2001,6.654
bol,sex_m,age_10yrbands_y35_44,mts_details_sep,2002,7.23
bol,sex_m,age_10yrbands_y35_44,mts_details_sep,2004,5.838
bol,sex_m,age_10yrbands_y35_44,mts_details_sep,2005,6.777
bol,sex_m,age_10yrbands_y35_44,mts_details_sep,2006,3.945
bol,sex_m,age_10yrbands_y35_44,mts_details_sep,2007,8.189
bol,sex_m,age_10yrbands_y35_44,mts_details_sep,2008,8.432
bol,sex_m,age_10yrbands_y35_44,mts_details_sep,2009,8.567
bol,sex_m,age_10yrbands_y35_44,mts_details_sep,2011,8.161
bol,sex_m,age_10yrbands_y35_44,mts_details_sep,2012,12.538
bol,sex_m,age_10yrbands_y35_44,mts_details_sep,2013,11.999
bol,sex_m,age_10yrbands_y35_44,mts_details_sep,2014,10.454
bol,sex_m,age_10yrbands_y35_44,mts_details_sep,2015,14.433
bol,sex_m,age_10yrbands_y35_44,mts_details_sep,2016,12.783
bol,sex_m,age_10yrbands_y35_44,mts_details_sep,2017,12.516
bol,sex_m,age_10yrbands_y35_44,mts_details_sep,2018,12.509
bol,sex_m,age_10yrbands_y35_44,mts_details_sep,2019,13.587
bol,sex_m,age_10yrbands_y35_44,mts_details_sep,2022,14.589
bol,sex_m,age_10yrbands_y35_44,mts_details_sep,2023,12.784
bol,sex_m,age_10yrbands_y35_44,mts_details_sep,2024,13.919
bol,sex_m,age_10yrbands_y35_44,mts_details_sgle,1999,15.65
bol,sex_m,age_10yrbands_y35_44,mts_details_sgle,2000,157.813
bol,sex_m,age_10yrbands_y35_44,mts_details_sgle,2001,17.913
bol,sex_m,age_10yrbands_y35_44,mts_details_sgle,2002,15.917
bol,sex_m,age_10yrbands_y35_44,mts_details_sgle,2004,27.378
bol,sex_m,age_10yrbands_y35_44,mts_details_sgle,2005,19.194
bol,sex_m,age_10yrbands_y35_44,mts_details_sgle,2006,15.556
bol,sex_m,age_10yrbands_y35_44,mts_details_sgle,2007,27.179
bol,sex_m,age_10yrbands_y35_44,mts_details_sgle,2008,37.171
bol,sex_m,age_10yrbands_y35_44,mts_details_sgle,2009,32.1
bol,sex_m,age_10yrbands_y35_44,mts_details_sgle,2011,38.447
bol,sex_m,age_10yrbands_y35_44,mts_details_sgle,2012,37.518
bol,sex_m,age_10yrbands_y35_44,mts_details_sgle,2013,58.877
bol,sex_m,age_10yrbands_y35_44,mts_details_sgle,2014,52.432
bol,sex_m,age_10yrbands_y35_44,mts_details_sgle,2015,45.855
bol,sex_m,age_10yrbands_y35_44,mts_details_sgle,2016,41.314
bol,sex_m,age_10yrbands_y35_44,mts_details_sgle,2017,41.58
bol,sex_m,age_10yrbands_y35_44,mts_details_sgle,2018,42.196
bol,sex_m,age_10yrbands_y35_44,mts_details_sgle,2019,46.27
bol,sex_m,age_10yrbands_y35_44,mts_details_sgle,2022,69.282
bol,sex_m,age_10yrbands_y35_44,mts_details_sgle,2023,76.007
bol,sex_m,age_10yrbands_y35_44,mts_details_sgle,2024,82.339
bol,sex_m,age_10yrbands_y35_44,mts_details_total,1999,248.411
bol,sex_m,age_10yrbands_y35_44,mts_details_total,2000,227.088
bol,sex_m,age_10yrbands_y35_44,mts_details_total,2001,226.101
bol,sex_m,age_10yrbands_y35_44,mts_details_total,2002,245.503
bol,sex_m,age_10yrbands_y35_44,mts_details_total,2004,342.312
bol,sex_m,age_10yrbands_y35_44,mts_details_total,2005,318.212
bol,sex_m,age_10yrbands_y35_44,mts_details_total,2006,311.15
bol,sex_m,age_10yrbands_y35_44,mts_details_total,2007,308.196
bol,sex_m,age_10yrbands_y35_44,mts_details_total,2008,369.857
bol,sex_m,age_10yrbands_y35_44,mts_details_total,2009,338.698
bol,sex_m,age_10yrbands_y35_44,mts_details_total,2011,365.529
bol,sex_m,age_10yrbands_y35_44,mts_details_total,2012,372.624
bol,sex_m,age_10yrbands_y35_44,mts_details_total,2013,443.716
bol,sex_m,age_10yrbands_y35_44,mts_details_total,2014,459.374
bol,sex_m,age_10yrbands_y35_44,mts_details_total,2015,432.752
bol,sex_m,age_10yrbands_y35_44,mts_details_total,2016,349.487
bol,sex_m,age_10yrbands_y35_44,mts_details_total,2017,370.351
bol,sex_m,age_10yrbands_y35_44,mts_details_total,2018,378.61
bol,sex_m,age_10yrbands_y35_44,mts_details_total,2019,410.412
bol,sex_m,age_10yrbands_y35_44,mts_details_total,2022,496.676
bol,sex_m,age_10yrbands_y35_44,mts_details_total,2023,478.46
bol,sex_m,age_10yrbands_y35_44,mts_details_total,2024,474.348
bol,sex_m,age_10yrbands_y35_44,mts_details_union,1999,43.725
bol,sex_m,age_10yrbands_y35_44,mts_details_union,2000,2.413
bol,sex_m,age_10yrbands_y35_44,mts_details_union,2001,47.63
bol,sex_m,age_10yrbands_y35_44,mts_details_union,2002,53.583
bol,sex_m,age_10yrbands_y35_44,mts_details_union,2004,89.589
bol,sex_m,age_10yrbands_y35_44,mts_details_union,2005,73.53
bol,sex_m,age_10yrbands_y35_44,mts_details_union,2006,75.042
bol,sex_m,age_10yrbands_y35_44,mts_details_union,2007,74.919
bol,sex_m,age_10yrbands_y35_44,mts_details_union,2008,83.489
bol,sex_m,age_10yrbands_y35_44,mts_details_union,2009,98.913
bol,sex_m,age_10yrbands_y35_44,mts_details_union,2011,116.237
bol,sex_m,age_10yrbands_y35_44,mts_details_union,2012,105.801
bol,sex_m,age_10yrbands_y35_44,mts_details_union,2013,109.623
bol,sex_m,age_10yrbands_y35_44,mts_details_union,2014,134.595
bol,sex_m,age_10yrbands_y35_44,mts_details_union,2015,143.503
bol,sex_m,age_10yrbands_y35_44,mts_details_union,2016,117.121
bol,sex_m,age_10yrbands_y35_44,mts_details_union,2017,128.41
bol,sex_m,age_10yrbands_y35_44,mts_details_union,2018,133.072
bol,sex_m,age_10yrbands_y35_44,mts_details_union,2019,144.061
bol,sex_m,age_10yrbands_y35_44,mts_details_union,2022,204.001
bol,sex_m,age_10yrbands_y35_44,mts_details_union,2023,182.481
bol,sex_m,age_10yrbands_y35_44,mts_details_union,2024,189.143
bol,sex_m,age_10yrbands_y35_44,mts_details_wid,2000,19.464
bol,sex_m,age_10yrbands_y35_44,mts_details_wid,2001,4.465
bol,sex_m,age_10yrbands_y35_44,mts_details_wid,2002,3.836
bol,sex_m,age_10yrbands_y35_44,mts_details_wid,2004,7.34
bol,sex_m,age_10yrbands_y35_44,mts_details_wid,2007,2.133
bol,sex_m,age_10yrbands_y35_44,mts_details_wid,2011,3.771
bol,sex_m,age_10yrbands_y35_44,mts_details_wid,2012,2.545
bol,sex_m,age_10yrbands_y35_44,mts_details_wid,2013,4.229
bol,sex_m,age_10yrbands_y35_44,mts_details_wid,2014,5.262
bol,sex_m,age_10yrbands_y35_44,mts_details_wid,2015,3.884
bol,sex_m,age_10yrbands_y35_44,mts_details_wid,2016,1.979
bol,sex_m,age_10yrbands_y35_44,mts_details_wid,2017,2.009
bol,sex_m,age_10yrbands_y35_44,mts_details_wid,2018,1.778
bol,sex_m,age_10yrbands_y35_44,mts_details_wid,2019,1.58
bol,sex_m,age_10yrbands_y35_44,mts_details_wid,2022,2.496
bol,sex_m,age_10yrbands_y35_44,mts_details_wid,2023,2.223
bol,sex_m,age_10yrbands_y35_44,mts_details_wid,2024,2.845
bol,sex_m,age_10yrbands_y45_54,mts_aggregate_1,1999,20.106
bol,sex_m,age_10yrbands_y45_54,mts_aggregate_1,2000,133.287
bol,sex_m,age_10yrbands_y45_54,mts_aggregate_1,2001,20.302
bol,sex_m,age_10yrbands_y45_54,mts_aggregate_1,2002,23.176
bol,sex_m,age_10yrbands_y45_54,mts_aggregate_1,2004,39.112
bol,sex_m,age_10yrbands_y45_54,mts_aggregate_1,2005,29.327
bol,sex_m,age_10yrbands_y45_54,mts_aggregate_1,2006,36.519
bol,sex_m,age_10yrbands_y45_54,mts_aggregate_1,2007,29.862
bol,sex_m,age_10yrbands_y45_54,mts_aggregate_1,2008,32.94
bol,sex_m,age_10yrbands_y45_54,mts_aggregate_1,2009,29.9
bol,sex_m,age_10yrbands_y45_54,mts_aggregate_1,2011,38.43
bol,sex_m,age_10yrbands_y45_54,mts_aggregate_1,2012,41.517
bol,sex_m,age_10yrbands_y45_54,mts_aggregate_1,2013,47.571
bol,sex_m,age_10yrbands_y45_54,mts_aggregate_1,2014,58.125
bol,sex_m,age_10yrbands_y45_54,mts_aggregate_1,2015,51.985
bol,sex_m,age_10yrbands_y45_54,mts_aggregate_1,2016,41.41
bol,sex_m,age_10yrbands_y45_54,mts_aggregate_1,2017,40.022
bol,sex_m,age_10yrbands_y45_54,mts_aggregate_1,2018,44.955
bol,sex_m,age_10yrbands_y45_54,mts_aggregate_1,2019,49.679
bol,sex_m,age_10yrbands_y45_54,mts_aggregate_1,2022,61.898
bol,sex_m,age_10yrbands_y45_54,mts_aggregate_1,2023,67.158
bol,sex_m,age_10yrbands_y45_54,mts_aggregate_1,2024,76.464
bol,sex_m,age_10yrbands_y45_54,mts_aggregate_2,1999,183.759
bol,sex_m,age_10yrbands_y45_54,mts_aggregate_2,2000,22.976
bol,sex_m,age_10yrbands_y45_54,mts_aggregate_2,2001,147.963
bol,sex_m,age_10yrbands_y45_54,mts_aggregate_2,2002,189.209
bol,sex_m,age_10yrbands_y45_54,mts_aggregate_2,2004,224.19
bol,sex_m,age_10yrbands_y45_54,mts_aggregate_2,2005,210.645
bol,sex_m,age_10yrbands_y45_54,mts_aggregate_2,2006,219.848
bol,sex_m,age_10yrbands_y45_54,mts_aggregate_2,2007,215.353
bol,sex_m,age_10yrbands_y45_54,mts_aggregate_2,2008,233.659
bol,sex_m,age_10yrbands_y45_54,mts_aggregate_2,2009,249.481
bol,sex_m,age_10yrbands_y45_54,mts_aggregate_2,2011,268.525
bol,sex_m,age_10yrbands_y45_54,mts_aggregate_2,2012,254.016
bol,sex_m,age_10yrbands_y45_54,mts_aggregate_2,2013,307.527
bol,sex_m,age_10yrbands_y45_54,mts_aggregate_2,2014,319.718
bol,sex_m,age_10yrbands_y45_54,mts_aggregate_2,2015,283.975
bol,sex_m,age_10yrbands_y45_54,mts_aggregate_2,2016,246.669
bol,sex_m,age_10yrbands_y45_54,mts_aggregate_2,2017,261.996
bol,sex_m,age_10yrbands_y45_54,mts_aggregate_2,2018,271.882
bol,sex_m,age_10yrbands_y45_54,mts_aggregate_2,2019,273.289
bol,sex_m,age_10yrbands_y45_54,mts_aggregate_2,2022,313.664
bol,sex_m,age_10yrbands_y45_54,mts_aggregate_2,2023,321.834
bol,sex_m,age_10yrbands_y45_54,mts_aggregate_2,2024,324.564
bol,sex_m,age_10yrbands_y45_54,mts_aggregate_total,1999,203.865
bol,sex_m,age_10yrbands_y45_54,mts_aggregate_total,2000,156.263
bol,sex_m,age_10yrbands_y45_54,mts_aggregate_total,2001,168.265
bol,sex_m,age_10yrbands_y45_54,mts_aggregate_total,2002,212.385
bol,sex_m,age_10yrbands_y45_54,mts_aggregate_total,2004,263.302
bol,sex_m,age_10yrbands_y45_54,mts_aggregate_total,2005,239.972
bol,sex_m,age_10yrbands_y45_54,mts_aggregate_total,2006,256.367
bol,sex_m,age_10yrbands_y45_54,mts_aggregate_total,2007,245.215
bol,sex_m,age_10yrbands_y45_54,mts_aggregate_total,2008,266.599
bol,sex_m,age_10yrbands_y45_54,mts_aggregate_total,2009,279.381
bol,sex_m,age_10yrbands_y45_54,mts_aggregate_total,2011,306.955
bol,sex_m,age_10yrbands_y45_54,mts_aggregate_total,2012,295.533
bol,sex_m,age_10yrbands_y45_54,mts_aggregate_total,2013,355.098
bol,sex_m,age_10yrbands_y45_54,mts_aggregate_total,2014,377.977
bol,sex_m,age_10yrbands_y45_54,mts_aggregate_total,2015,335.96
bol,sex_m,age_10yrbands_y45_54,mts_aggregate_total,2016,288.079
bol,sex_m,age_10yrbands_y45_54,mts_aggregate_total,2017,302.018
bol,sex_m,age_10yrbands_y45_54,mts_aggregate_total,2018,316.836
bol,sex_m,age_10yrbands_y45_54,mts_aggregate_total,2019,322.969
bol,sex_m,age_10yrbands_y45_54,mts_aggregate_total,2022,375.563
bol,sex_m,age_10yrbands_y45_54,mts_aggregate_total,2023,388.992
bol,sex_m,age_10yrbands_y45_54,mts_aggregate_total,2024,401.028
bol,sex_m,age_10yrbands_y45_54,mts_details_mrd,1999,155.936
bol,sex_m,age_10yrbands_y45_54,mts_details_mrd,2000,16.951
bol,sex_m,age_10yrbands_y45_54,mts_details_mrd,2001,129.932
bol,sex_m,age_10yrbands_y45_54,mts_details_mrd,2002,162.671
bol,sex_m,age_10yrbands_y45_54,mts_details_mrd,2004,184.782
bol,sex_m,age_10yrbands_y45_54,mts_details_mrd,2005,177.946
bol,sex_m,age_10yrbands_y45_54,mts_details_mrd,2006,191.349
bol,sex_m,age_10yrbands_y45_54,mts_details_mrd,2007,179.175
bol,sex_m,age_10yrbands_y45_54,mts_details_mrd,2008,203.484
bol,sex_m,age_10yrbands_y45_54,mts_details_mrd,2009,204.735
bol,sex_m,age_10yrbands_y45_54,mts_details_mrd,2011,209.483
bol,sex_m,age_10yrbands_y45_54,mts_details_mrd,2012,199.546
bol,sex_m,age_10yrbands_y45_54,mts_details_mrd,2013,246.577
bol,sex_m,age_10yrbands_y45_54,mts_details_mrd,2014,258.186
bol,sex_m,age_10yrbands_y45_54,mts_details_mrd,2015,216.036
bol,sex_m,age_10yrbands_y45_54,mts_details_mrd,2016,185.842
bol,sex_m,age_10yrbands_y45_54,mts_details_mrd,2017,195.035
bol,sex_m,age_10yrbands_y45_54,mts_details_mrd,2018,202.829
bol,sex_m,age_10yrbands_y45_54,mts_details_mrd,2019,198.707
bol,sex_m,age_10yrbands_y45_54,mts_details_mrd,2022,217.185
bol,sex_m,age_10yrbands_y45_54,mts_details_mrd,2023,222.404
bol,sex_m,age_10yrbands_y45_54,mts_details_mrd,2024,219.409
bol,sex_m,age_10yrbands_y45_54,mts_details_sep,1999,4.685
bol,sex_m,age_10yrbands_y45_54,mts_details_sep,2000,4.937
bol,sex_m,age_10yrbands_y45_54,mts_details_sep,2001,6.473
bol,sex_m,age_10yrbands_y45_54,mts_details_sep,2002,7.23
bol,sex_m,age_10yrbands_y45_54,mts_details_sep,2004,8.517
bol,sex_m,age_10yrbands_y45_54,mts_details_sep,2005,7.928
bol,sex_m,age_10yrbands_y45_54,mts_details_sep,2006,11.406
bol,sex_m,age_10yrbands_y45_54,mts_details_sep,2007,9.989
bol,sex_m,age_10yrbands_y45_54,mts_details_sep,2008,13.01
bol,sex_m,age_10yrbands_y45_54,mts_details_sep,2009,5.748
bol,sex_m,age_10yrbands_y45_54,mts_details_sep,2011,12.684
bol,sex_m,age_10yrbands_y45_54,mts_details_sep,2012,11.924
bol,sex_m,age_10yrbands_y45_54,mts_details_sep,2013,11.515
bol,sex_m,age_10yrbands_y45_54,mts_details_sep,2014,21.382
bol,sex_m,age_10yrbands_y45_54,mts_details_sep,2015,14.982
bol,sex_m,age_10yrbands_y45_54,mts_details_sep,2016,16.08
bol,sex_m,age_10yrbands_y45_54,mts_details_sep,2017,13.091
bol,sex_m,age_10yrbands_y45_54,mts_details_sep,2018,15.402
bol,sex_m,age_10yrbands_y45_54,mts_details_sep,2019,16.242
bol,sex_m,age_10yrbands_y45_54,mts_details_sep,2022,18.272
bol,sex_m,age_10yrbands_y45_54,mts_details_sep,2023,21.118
bol,sex_m,age_10yrbands_y45_54,mts_details_sep,2024,22.393
bol,sex_m,age_10yrbands_y45_54,mts_details_sgle,1999,6.249
bol,sex_m,age_10yrbands_y45_54,mts_details_sgle,2000,122.787
bol,sex_m,age_10yrbands_y45_54,mts_details_sgle,2001,8.975
bol,sex_m,age_10yrbands_y45_54,mts_details_sgle,2002,9.097
bol,sex_m,age_10yrbands_y45_54,mts_details_sgle,2004,15.719
bol,sex_m,age_10yrbands_y45_54,mts_details_sgle,2005,14.148
bol,sex_m,age_10yrbands_y45_54,mts_details_sgle,2006,20.944
bol,sex_m,age_10yrbands_y45_54,mts_details_sgle,2007,14.098
bol,sex_m,age_10yrbands_y45_54,mts_details_sgle,2008,16.458
bol,sex_m,age_10yrbands_y45_54,mts_details_sgle,2009,16.888
bol,sex_m,age_10yrbands_y45_54,mts_details_sgle,2011,16.937
bol,sex_m,age_10yrbands_y45_54,mts_details_sgle,2012,21.712
bol,sex_m,age_10yrbands_y45_54,mts_details_sgle,2013,28.518
bol,sex_m,age_10yrbands_y45_54,mts_details_sgle,2014,28.721
bol,sex_m,age_10yrbands_y45_54,mts_details_sgle,2015,29.567
bol,sex_m,age_10yrbands_y45_54,mts_details_sgle,2016,18.57
bol,sex_m,age_10yrbands_y45_54,mts_details_sgle,2017,20.505
bol,sex_m,age_10yrbands_y45_54,mts_details_sgle,2018,23.298
bol,sex_m,age_10yrbands_y45_54,mts_details_sgle,2019,25.151
bol,sex_m,age_10yrbands_y45_54,mts_details_sgle,2022,36.667
bol,sex_m,age_10yrbands_y45_54,mts_details_sgle,2023,40.336
bol,sex_m,age_10yrbands_y45_54,mts_details_sgle,2024,47.898
bol,sex_m,age_10yrbands_y45_54,mts_details_total,1999,203.865
bol,sex_m,age_10yrbands_y45_54,mts_details_total,2000,156.263
bol,sex_m,age_10yrbands_y45_54,mts_details_total,2001,168.265
bol,sex_m,age_10yrbands_y45_54,mts_details_total,2002,212.385
bol,sex_m,age_10yrbands_y45_54,mts_details_total,2004,263.302
bol,sex_m,age_10yrbands_y45_54,mts_details_total,2005,239.972
bol,sex_m,age_10yrbands_y45_54,mts_details_total,2006,256.367
bol,sex_m,age_10yrbands_y45_54,mts_details_total,2007,245.215
bol,sex_m,age_10yrbands_y45_54,mts_details_total,2008,266.599
bol,sex_m,age_10yrbands_y45_54,mts_details_total,2009,279.381
bol,sex_m,age_10yrbands_y45_54,mts_details_total,2011,306.955
bol,sex_m,age_10yrbands_y45_54,mts_details_total,2012,295.533
bol,sex_m,age_10yrbands_y45_54,mts_details_total,2013,355.098
bol,sex_m,age_10yrbands_y45_54,mts_details_total,2014,377.977
bol,sex_m,age_10yrbands_y45_54,mts_details_total,2015,335.96
bol,sex_m,age_10yrbands_y45_54,mts_details_total,2016,288.079
bol,sex_m,age_10yrbands_y45_54,mts_details_total,2017,302.018
bol,sex_m,age_10yrbands_y45_54,mts_details_total,2018,316.836
bol,sex_m,age_10yrbands_y45_54,mts_details_total,2019,322.969
bol,sex_m,age_10yrbands_y45_54,mts_details_total,2022,375.563
bol,sex_m,age_10yrbands_y45_54,mts_details_total,2023,388.992
bol,sex_m,age_10yrbands_y45_54,mts_details_total,2024,401.028
bol,sex_m,age_10yrbands_y45_54,mts_details_union,1999,27.823
bol,sex_m,age_10yrbands_y45_54,mts_details_union,2000,6.025
bol,sex_m,age_10yrbands_y45_54,mts_details_union,2001,18.031
bol,sex_m,age_10yrbands_y45_54,mts_details_union,2002,26.538
bol,sex_m,age_10yrbands_y45_54,mts_details_union,2004,39.408
bol,sex_m,age_10yrbands_y45_54,mts_details_union,2005,32.699
bol,sex_m,age_10yrbands_y45_54,mts_details_union,2006,28.499
bol,sex_m,age_10yrbands_y45_54,mts_details_union,2007,36.178
bol,sex_m,age_10yrbands_y45_54,mts_details_union,2008,30.175
bol,sex_m,age_10yrbands_y45_54,mts_details_union,2009,44.746
bol,sex_m,age_10yrbands_y45_54,mts_details_union,2011,59.042
bol,sex_m,age_10yrbands_y45_54,mts_details_union,2012,54.47
bol,sex_m,age_10yrbands_y45_54,mts_details_union,2013,60.95
bol,sex_m,age_10yrbands_y45_54,mts_details_union,2014,61.532
bol,sex_m,age_10yrbands_y45_54,mts_details_union,2015,67.939
bol,sex_m,age_10yrbands_y45_54,mts_details_union,2016,60.827
bol,sex_m,age_10yrbands_y45_54,mts_details_union,2017,66.961
bol,sex_m,age_10yrbands_y45_54,mts_details_union,2018,69.052
bol,sex_m,age_10yrbands_y45_54,mts_details_union,2019,74.582
bol,sex_m,age_10yrbands_y45_54,mts_details_union,2022,96.479
bol,sex_m,age_10yrbands_y45_54,mts_details_union,2023,99.431
bol,sex_m,age_10yrbands_y45_54,mts_details_union,2024,105.155
bol,sex_m,age_10yrbands_y45_54,mts_details_wid,1999,9.172
bol,sex_m,age_10yrbands_y45_54,mts_details_wid,2000,5.563
bol,sex_m,age_10yrbands_y45_54,mts_details_wid,2001,4.854
bol,sex_m,age_10yrbands_y45_54,mts_details_wid,2002,6.849
bol,sex_m,age_10yrbands_y45_54,mts_details_wid,2004,14.876
bol,sex_m,age_10yrbands_y45_54,mts_details_wid,2005,7.251
bol,sex_m,age_10yrbands_y45_54,mts_details_wid,2006,4.169
bol,sex_m,age_10yrbands_y45_54,mts_details_wid,2007,5.775
bol,sex_m,age_10yrbands_y45_54,mts_details_wid,2008,3.472
bol,sex_m,age_10yrbands_y45_54,mts_details_wid,2009,7.264
bol,sex_m,age_10yrbands_y45_54,mts_details_wid,2011,8.809
bol,sex_m,age_10yrbands_y45_54,mts_details_wid,2012,7.881
bol,sex_m,age_10yrbands_y45_54,mts_details_wid,2013,7.538
bol,sex_m,age_10yrbands_y45_54,mts_details_wid,2014,8.022
bol,sex_m,age_10yrbands_y45_54,mts_details_wid,2015,7.436
bol,sex_m,age_10yrbands_y45_54,mts_details_wid,2016,6.76
bol,sex_m,age_10yrbands_y45_54,mts_details_wid,2017,6.426
bol,sex_m,age_10yrbands_y45_54,mts_details_wid,2018,6.254
bol,sex_m,age_10yrbands_y45_54,mts_details_wid,2019,8.287
bol,sex_m,age_10yrbands_y45_54,mts_details_wid,2022,6.959
bol,sex_m,age_10yrbands_y45_54,mts_details_wid,2023,5.704
bol,sex_m,age_10yrbands_y45_54,mts_details_wid,2024,6.173
bol,sex_m,age_10yrbands_y55_64,mts_aggregate_1,1999,17.809
bol,sex_m,age_10yrbands_y55_64,mts_aggregate_1,2000,90.853
bol,sex_m,age_10yrbands_y55_64,mts_aggregate_1,2001,18.722
bol,sex_m,age_10yrbands_y55_64,mts_aggregate_1,2002,18.642
bol,sex_m,age_10yrbands_y55_64,mts_aggregate_1,2004,17.344
bol,sex_m,age_10yrbands_y55_64,mts_aggregate_1,2005,10.385
bol,sex_m,age_10yrbands_y55_64,mts_aggregate_1,2006,33.04
bol,sex_m,age_10yrbands_y55_64,mts_aggregate_1,2007,23.139
bol,sex_m,age_10yrbands_y55_64,mts_aggregate_1,2008,38.181
bol,sex_m,age_10yrbands_y55_64,mts_aggregate_1,2009,35.105
bol,sex_m,age_10yrbands_y55_64,mts_aggregate_1,2011,37.539
bol,sex_m,age_10yrbands_y55_64,mts_aggregate_1,2012,33.381
bol,sex_m,age_10yrbands_y55_64,mts_aggregate_1,2013,40.035
bol,sex_m,age_10yrbands_y55_64,mts_aggregate_1,2014,40.715
bol,sex_m,age_10yrbands_y55_64,mts_aggregate_1,2015,39.782
bol,sex_m,age_10yrbands_y55_64,mts_aggregate_1,2016,38.576
bol,sex_m,age_10yrbands_y55_64,mts_aggregate_1,2017,42.122
bol,sex_m,age_10yrbands_y55_64,mts_aggregate_1,2018,47.34
bol,sex_m,age_10yrbands_y55_64,mts_aggregate_1,2019,46.635
bol,sex_m,age_10yrbands_y55_64,mts_aggregate_1,2022,62.37
bol,sex_m,age_10yrbands_y55_64,mts_aggregate_1,2023,63.839
bol,sex_m,age_10yrbands_y55_64,mts_aggregate_1,2024,68.815
bol,sex_m,age_10yrbands_y55_64,mts_aggregate_2,1999,104.192
bol,sex_m,age_10yrbands_y55_64,mts_aggregate_2,2000,14.913
bol,sex_m,age_10yrbands_y55_64,mts_aggregate_2,2001,99.486
bol,sex_m,age_10yrbands_y55_64,mts_aggregate_2,2002,98.344
bol,sex_m,age_10yrbands_y55_64,mts_aggregate_2,2004,141.338
bol,sex_m,age_10yrbands_y55_64,mts_aggregate_2,2005,142.925
bol,sex_m,age_10yrbands_y55_64,mts_aggregate_2,2006,137.196
bol,sex_m,age_10yrbands_y55_64,mts_aggregate_2,2007,128.151
bol,sex_m,age_10yrbands_y55_64,mts_aggregate_2,2008,189.346
bol,sex_m,age_10yrbands_y55_64,mts_aggregate_2,2009,182.085
bol,sex_m,age_10yrbands_y55_64,mts_aggregate_2,2011,182.094
bol,sex_m,age_10yrbands_y55_64,mts_aggregate_2,2012,181.49
bol,sex_m,age_10yrbands_y55_64,mts_aggregate_2,2013,211.341
bol,sex_m,age_10yrbands_y55_64,mts_aggregate_2,2014,220.432
bol,sex_m,age_10yrbands_y55_64,mts_aggregate_2,2015,225.063
bol,sex_m,age_10yrbands_y55_64,mts_aggregate_2,2016,186.163
bol,sex_m,age_10yrbands_y55_64,mts_aggregate_2,2017,199.542
bol,sex_m,age_10yrbands_y55_64,mts_aggregate_2,2018,217.841
bol,sex_m,age_10yrbands_y55_64,mts_aggregate_2,2019,229.638
bol,sex_m,age_10yrbands_y55_64,mts_aggregate_2,2022,242.12
bol,sex_m,age_10yrbands_y55_64,mts_aggregate_2,2023,250.297
bol,sex_m,age_10yrbands_y55_64,mts_aggregate_2,2024,260.106
bol,sex_m,age_10yrbands_y55_64,mts_aggregate_total,1999,122.001
bol,sex_m,age_10yrbands_y55_64,mts_aggregate_total,2000,105.766
bol,sex_m,age_10yrbands_y55_64,mts_aggregate_total,2001,118.208
bol,sex_m,age_10yrbands_y55_64,mts_aggregate_total,2002,116.986
bol,sex_m,age_10yrbands_y55_64,mts_aggregate_total,2004,158.682
bol,sex_m,age_10yrbands_y55_64,mts_aggregate_total,2005,153.31
bol,sex_m,age_10yrbands_y55_64,mts_aggregate_total,2006,170.236
bol,sex_m,age_10yrbands_y55_64,mts_aggregate_total,2007,151.29
bol,sex_m,age_10yrbands_y55_64,mts_aggregate_total,2008,227.527
bol,sex_m,age_10yrbands_y55_64,mts_aggregate_total,2009,217.19
bol,sex_m,age_10yrbands_y55_64,mts_aggregate_total,2011,219.633
bol,sex_m,age_10yrbands_y55_64,mts_aggregate_total,2012,214.871
bol,sex_m,age_10yrbands_y55_64,mts_aggregate_total,2013,251.376
bol,sex_m,age_10yrbands_y55_64,mts_aggregate_total,2014,261.147
bol,sex_m,age_10yrbands_y55_64,mts_aggregate_total,2015,264.845
bol,sex_m,age_10yrbands_y55_64,mts_aggregate_total,2016,224.739
bol,sex_m,age_10yrbands_y55_64,mts_aggregate_total,2017,241.664
bol,sex_m,age_10yrbands_y55_64,mts_aggregate_total,2018,265.181
bol,sex_m,age_10yrbands_y55_64,mts_aggregate_total,2019,276.272
bol,sex_m,age_10yrbands_y55_64,mts_aggregate_total,2022,304.49
bol,sex_m,age_10yrbands_y55_64,mts_aggregate_total,2023,314.136
bol,sex_m,age_10yrbands_y55_64,mts_aggregate_total,2024,328.921
bol,sex_m,age_10yrbands_y55_64,mts_details_mrd,1999,98.463
bol,sex_m,age_10yrbands_y55_64,mts_details_mrd,2000,8.968
bol,sex_m,age_10yrbands_y55_64,mts_details_mrd,2001,85.915
bol,sex_m,age_10yrbands_y55_64,mts_details_mrd,2002,91.229
bol,sex_m,age_10yrbands_y55_64,mts_details_mrd,2004,122.444
bol,sex_m,age_10yrbands_y55_64,mts_details_mrd,2005,128.663
bol,sex_m,age_10yrbands_y55_64,mts_details_mrd,2006,123.709
bol,sex_m,age_10yrbands_y55_64,mts_details_mrd,2007,114.749
bol,sex_m,age_10yrbands_y55_64,mts_details_mrd,2008,165.928
bol,sex_m,age_10yrbands_y55_64,mts_details_mrd,2009,154.144
bol,sex_m,age_10yrbands_y55_64,mts_details_mrd,2011,156.59
bol,sex_m,age_10yrbands_y55_64,mts_details_mrd,2012,156.607
bol,sex_m,age_10yrbands_y55_64,mts_details_mrd,2013,185.084
bol,sex_m,age_10yrbands_y55_64,mts_details_mrd,2014,186.084
bol,sex_m,age_10yrbands_y55_64,mts_details_mrd,2015,189.067
bol,sex_m,age_10yrbands_y55_64,mts_details_mrd,2016,154.977
bol,sex_m,age_10yrbands_y55_64,mts_details_mrd,2017,168.475
bol,sex_m,age_10yrbands_y55_64,mts_details_mrd,2018,181.775
bol,sex_m,age_10yrbands_y55_64,mts_details_mrd,2019,193.631
bol,sex_m,age_10yrbands_y55_64,mts_details_mrd,2022,197.387
bol,sex_m,age_10yrbands_y55_64,mts_details_mrd,2023,204.071
bol,sex_m,age_10yrbands_y55_64,mts_details_mrd,2024,207.377
bol,sex_m,age_10yrbands_y55_64,mts_details_sep,2000,4.603
bol,sex_m,age_10yrbands_y55_64,mts_details_sep,2001,4.564
bol,sex_m,age_10yrbands_y55_64,mts_details_sep,2002,3.98
bol,sex_m,age_10yrbands_y55_64,mts_details_sep,2004,3.682
bol,sex_m,age_10yrbands_y55_64,mts_details_sep,2005,1.374
bol,sex_m,age_10yrbands_y55_64,mts_details_sep,2006,9.109
bol,sex_m,age_10yrbands_y55_64,mts_details_sep,2007,4.523
bol,sex_m,age_10yrbands_y55_64,mts_details_sep,2008,10.972
bol,sex_m,age_10yrbands_y55_64,mts_details_sep,2009,7.083
bol,sex_m,age_10yrbands_y55_64,mts_details_sep,2011,9.606
bol,sex_m,age_10yrbands_y55_64,mts_details_sep,2012,8.606
bol,sex_m,age_10yrbands_y55_64,mts_details_sep,2013,11.363
bol,sex_m,age_10yrbands_y55_64,mts_details_sep,2014,11.521
bol,sex_m,age_10yrbands_y55_64,mts_details_sep,2015,14.082
bol,sex_m,age_10yrbands_y55_64,mts_details_sep,2016,13.877
bol,sex_m,age_10yrbands_y55_64,mts_details_sep,2017,13.123
bol,sex_m,age_10yrbands_y55_64,mts_details_sep,2018,17.652
bol,sex_m,age_10yrbands_y55_64,mts_details_sep,2019,16.751
bol,sex_m,age_10yrbands_y55_64,mts_details_sep,2022,19.39
bol,sex_m,age_10yrbands_y55_64,mts_details_sep,2023,18.76
bol,sex_m,age_10yrbands_y55_64,mts_details_sep,2024,21.558
bol,sex_m,age_10yrbands_y55_64,mts_details_sgle,2000,82.613
bol,sex_m,age_10yrbands_y55_64,mts_details_sgle,2001,5.582
bol,sex_m,age_10yrbands_y55_64,mts_details_sgle,2002,4.285
bol,sex_m,age_10yrbands_y55_64,mts_details_sgle,2004,5.727
bol,sex_m,age_10yrbands_y55_64,mts_details_sgle,2005,4.639
bol,sex_m,age_10yrbands_y55_64,mts_details_sgle,2006,7.18
bol,sex_m,age_10yrbands_y55_64,mts_details_sgle,2007,4.722
bol,sex_m,age_10yrbands_y55_64,mts_details_sgle,2008,10.138
bol,sex_m,age_10yrbands_y55_64,mts_details_sgle,2009,11.494
bol,sex_m,age_10yrbands_y55_64,mts_details_sgle,2011,11.455
bol,sex_m,age_10yrbands_y55_64,mts_details_sgle,2012,11.258
bol,sex_m,age_10yrbands_y55_64,mts_details_sgle,2013,13.117
bol,sex_m,age_10yrbands_y55_64,mts_details_sgle,2014,13.546
bol,sex_m,age_10yrbands_y55_64,mts_details_sgle,2015,14.161
bol,sex_m,age_10yrbands_y55_64,mts_details_sgle,2016,11.065
bol,sex_m,age_10yrbands_y55_64,mts_details_sgle,2017,13.434
bol,sex_m,age_10yrbands_y55_64,mts_details_sgle,2018,14.045
bol,sex_m,age_10yrbands_y55_64,mts_details_sgle,2019,14.131
bol,sex_m,age_10yrbands_y55_64,mts_details_sgle,2022,26.407
bol,sex_m,age_10yrbands_y55_64,mts_details_sgle,2023,28.85
bol,sex_m,age_10yrbands_y55_64,mts_details_sgle,2024,28.254
bol,sex_m,age_10yrbands_y55_64,mts_details_total,1999,122.001
bol,sex_m,age_10yrbands_y55_64,mts_details_total,2000,105.766
bol,sex_m,age_10yrbands_y55_64,mts_details_total,2001,118.208
bol,sex_m,age_10yrbands_y55_64,mts_details_total,2002,116.986
bol,sex_m,age_10yrbands_y55_64,mts_details_total,2004,158.682
bol,sex_m,age_10yrbands_y55_64,mts_details_total,2005,153.31
bol,sex_m,age_10yrbands_y55_64,mts_details_total,2006,170.236
bol,sex_m,age_10yrbands_y55_64,mts_details_total,2007,151.29
bol,sex_m,age_10yrbands_y55_64,mts_details_total,2008,227.527
bol,sex_m,age_10yrbands_y55_64,mts_details_total,2009,217.19
bol,sex_m,age_10yrbands_y55_64,mts_details_total,2011,219.633
bol,sex_m,age_10yrbands_y55_64,mts_details_total,2012,214.871
bol,sex_m,age_10yrbands_y55_64,mts_details_total,2013,251.376
bol,sex_m,age_10yrbands_y55_64,mts_details_total,2014,261.147
bol,sex_m,age_10yrbands_y55_64,mts_details_total,2015,264.845
bol,sex_m,age_10yrbands_y55_64,mts_details_total,2016,224.739
bol,sex_m,age_10yrbands_y55_64,mts_details_total,2017,241.664
bol,sex_m,age_10yrbands_y55_64,mts_details_total,2018,265.181
bol,sex_m,age_10yrbands_y55_64,mts_details_total,2019,276.272
bol,sex_m,age_10yrbands_y55_64,mts_details_total,2022,304.49
bol,sex_m,age_10yrbands_y55_64,mts_details_total,2023,314.136
bol,sex_m,age_10yrbands_y55_64,mts_details_total,2024,328.921
bol,sex_m,age_10yrbands_y55_64,mts_details_union,1999,5.729
bol,sex_m,age_10yrbands_y55_64,mts_details_union,2000,5.945
bol,sex_m,age_10yrbands_y55_64,mts_details_union,2001,13.571
bol,sex_m,age_10yrbands_y55_64,mts_details_union,2002,7.115
bol,sex_m,age_10yrbands_y55_64,mts_details_union,2004,18.894
bol,sex_m,age_10yrbands_y55_64,mts_details_union,2005,14.262
bol,sex_m,age_10yrbands_y55_64,mts_details_union,2006,13.487
bol,sex_m,age_10yrbands_y55_64,mts_details_union,2007,13.402
bol,sex_m,age_10yrbands_y55_64,mts_details_union,2008,23.418
bol,sex_m,age_10yrbands_y55_64,mts_details_union,2009,27.941
bol,sex_m,age_10yrbands_y55_64,mts_details_union,2011,25.504
bol,sex_m,age_10yrbands_y55_64,mts_details_union,2012,24.883
bol,sex_m,age_10yrbands_y55_64,mts_details_union,2013,26.257
bol,sex_m,age_10yrbands_y55_64,mts_details_union,2014,34.348
bol,sex_m,age_10yrbands_y55_64,mts_details_union,2015,35.996
bol,sex_m,age_10yrbands_y55_64,mts_details_union,2016,31.186
bol,sex_m,age_10yrbands_y55_64,mts_details_union,2017,31.067
bol,sex_m,age_10yrbands_y55_64,mts_details_union,2018,36.066
bol,sex_m,age_10yrbands_y55_64,mts_details_union,2019,36.007
bol,sex_m,age_10yrbands_y55_64,mts_details_union,2022,44.733
bol,sex_m,age_10yrbands_y55_64,mts_details_union,2023,46.225
bol,sex_m,age_10yrbands_y55_64,mts_details_union,2024,52.729
bol,sex_m,age_10yrbands_y55_64,mts_details_wid,1999,13.901
bol,sex_m,age_10yrbands_y55_64,mts_details_wid,2000,3.637
bol,sex_m,age_10yrbands_y55_64,mts_details_wid,2001,8.576
bol,sex_m,age_10yrbands_y55_64,mts_details_wid,2002,10.377
bol,sex_m,age_10yrbands_y55_64,mts_details_wid,2004,7.935
bol,sex_m,age_10yrbands_y55_64,mts_details_wid,2005,4.372
bol,sex_m,age_10yrbands_y55_64,mts_details_wid,2006,16.751
bol,sex_m,age_10yrbands_y55_64,mts_details_wid,2007,13.894
bol,sex_m,age_10yrbands_y55_64,mts_details_wid,2008,17.071
bol,sex_m,age_10yrbands_y55_64,mts_details_wid,2009,16.528
bol,sex_m,age_10yrbands_y55_64,mts_details_wid,2011,16.478
bol,sex_m,age_10yrbands_y55_64,mts_details_wid,2012,13.517
bol,sex_m,age_10yrbands_y55_64,mts_details_wid,2013,15.555
bol,sex_m,age_10yrbands_y55_64,mts_details_wid,2014,15.648
bol,sex_m,age_10yrbands_y55_64,mts_details_wid,2015,11.539
bol,sex_m,age_10yrbands_y55_64,mts_details_wid,2016,13.634
bol,sex_m,age_10yrbands_y55_64,mts_details_wid,2017,15.565
bol,sex_m,age_10yrbands_y55_64,mts_details_wid,2018,15.643
bol,sex_m,age_10yrbands_y55_64,mts_details_wid,2019,15.753
bol,sex_m,age_10yrbands_y55_64,mts_details_wid,2022,16.574
bol,sex_m,age_10yrbands_y55_64,mts_details_wid,2023,16.229
bol,sex_m,age_10yrbands_y55_64,mts_details_wid,2024,19.003
bol,sex_m,age_10yrbands_yge65,mts_aggregate_1,1999,27.629
bol,sex_m,age_10yrbands_yge65,mts_aggregate_1,2000,61.16
bol,sex_m,age_10yrbands_yge65,mts_aggregate_1,2001,20.247
bol,sex_m,age_10yrbands_yge65,mts_aggregate_1,2002,30.944
bol,sex_m,age_10yrbands_yge65,mts_aggregate_1,2004,25.049
bol,sex_m,age_10yrbands_yge65,mts_aggregate_1,2005,29.277
bol,sex_m,age_10yrbands_yge65,mts_aggregate_1,2006,36.751
bol,sex_m,age_10yrbands_yge65,mts_aggregate_1,2007,37.562
bol,sex_m,age_10yrbands_yge65,mts_aggregate_1,2008,42.776
bol,sex_m,age_10yrbands_yge65,mts_aggregate_1,2009,49.347
bol,sex_m,age_10yrbands_yge65,mts_aggregate_1,2011,41.907
bol,sex_m,age_10yrbands_yge65,mts_aggregate_1,2012,41.036
bol,sex_m,age_10yrbands_yge65,mts_aggregate_1,2013,51.824
bol,sex_m,age_10yrbands_yge65,mts_aggregate_1,2014,51.05
bol,sex_m,age_10yrbands_yge65,mts_aggregate_1,2015,46.745
bol,sex_m,age_10yrbands_yge65,mts_aggregate_1,2016,42.414
bol,sex_m,age_10yrbands_yge65,mts_aggregate_1,2017,50.067
bol,sex_m,age_10yrbands_yge65,mts_aggregate_1,2018,58.411
bol,sex_m,age_10yrbands_yge65,mts_aggregate_1,2019,57.895
bol,sex_m,age_10yrbands_yge65,mts_aggregate_1,2022,76.08
bol,sex_m,age_10yrbands_yge65,mts_aggregate_1,2023,71.349
bol,sex_m,age_10yrbands_yge65,mts_aggregate_1,2024,82.266
bol,sex_m,age_10yrbands_yge65,mts_aggregate_2,1999,89.007
bol,sex_m,age_10yrbands_yge65,mts_aggregate_2,2000,24.145
bol,sex_m,age_10yrbands_yge65,mts_aggregate_2,2001,72.902
bol,sex_m,age_10yrbands_yge65,mts_aggregate_2,2002,64.483
bol,sex_m,age_10yrbands_yge65,mts_aggregate_2,2004,89.68
bol,sex_m,age_10yrbands_yge65,mts_aggregate_2,2005,119.316
bol,sex_m,age_10yrbands_yge65,mts_aggregate_2,2006,100.939
bol,sex_m,age_10yrbands_yge65,mts_aggregate_2,2007,121.633
bol,sex_m,age_10yrbands_yge65,mts_aggregate_2,2008,113.673
bol,sex_m,age_10yrbands_yge65,mts_aggregate_2,2009,115.535
bol,sex_m,age_10yrbands_yge65,mts_aggregate_2,2011,114.89
bol,sex_m,age_10yrbands_yge65,mts_aggregate_2,2012,124.736
bol,sex_m,age_10yrbands_yge65,mts_aggregate_2,2013,168.656
bol,sex_m,age_10yrbands_yge65,mts_aggregate_2,2014,148.866
bol,sex_m,age_10yrbands_yge65,mts_aggregate_2,2015,139.268
bol,sex_m,age_10yrbands_yge65,mts_aggregate_2,2016,126.07
bol,sex_m,age_10yrbands_yge65,mts_aggregate_2,2017,146.48
bol,sex_m,age_10yrbands_yge65,mts_aggregate_2,2018,165.236
bol,sex_m,age_10yrbands_yge65,mts_aggregate_2,2019,158.292
bol,sex_m,age_10yrbands_yge65,mts_aggregate_2,2022,176.563
bol,sex_m,age_10yrbands_yge65,mts_aggregate_2,2023,201.499
bol,sex_m,age_10yrbands_yge65,mts_aggregate_2,2024,209.452
bol,sex_m,age_10yrbands_yge65,mts_aggregate_total,1999,116.636
bol,sex_m,age_10yrbands_yge65,mts_aggregate_total,2000,85.305
bol,sex_m,age_10yrbands_yge65,mts_aggregate_total,2001,93.149
bol,sex_m,age_10yrbands_yge65,mts_aggregate_total,2002,95.427
bol,sex_m,age_10yrbands_yge65,mts_aggregate_total,2004,114.729
bol,sex_m,age_10yrbands_yge65,mts_aggregate_total,2005,148.593
bol,sex_m,age_10yrbands_yge65,mts_aggregate_total,2006,137.69
bol,sex_m,age_10yrbands_yge65,mts_aggregate_total,2007,159.195
bol,sex_m,age_10yrbands_yge65,mts_aggregate_total,2008,156.449
bol,sex_m,age_10yrbands_yge65,mts_aggregate_total,2009,164.882
bol,sex_m,age_10yrbands_yge65,mts_aggregate_total,2011,156.797
bol,sex_m,age_10yrbands_yge65,mts_aggregate_total,2012,165.772
bol,sex_m,age_10yrbands_yge65,mts_aggregate_total,2013,220.48
bol,sex_m,age_10yrbands_yge65,mts_aggregate_total,2014,199.916
bol,sex_m,age_10yrbands_yge65,mts_aggregate_total,2015,186.013
bol,sex_m,age_10yrbands_yge65,mts_aggregate_total,2016,168.484
bol,sex_m,age_10yrbands_yge65,mts_aggregate_total,2017,196.548
bol,sex_m,age_10yrbands_yge65,mts_aggregate_total,2018,223.646
bol,sex_m,age_10yrbands_yge65,mts_aggregate_total,2019,216.187
bol,sex_m,age_10yrbands_yge65,mts_aggregate_total,2022,252.643
bol,sex_m,age_10yrbands_yge65,mts_aggregate_total,2023,272.848
bol,sex_m,age_10yrbands_yge65,mts_aggregate_total,2024,291.718
bol,sex_m,age_10yrbands_yge65,mts_details_mrd,1999,82.401
bol,sex_m,age_10yrbands_yge65,mts_details_mrd,2000,3.704
bol,sex_m,age_10yrbands_yge65,mts_details_mrd,2001,66.557
bol,sex_m,age_10yrbands_yge65,mts_details_mrd,2002,58.871
bol,sex_m,age_10yrbands_yge65,mts_details_mrd,2004,83.409
bol,sex_m,age_10yrbands_yge65,mts_details_mrd,2005,108.9
bol,sex_m,age_10yrbands_yge65,mts_details_mrd,2006,92.72
bol,sex_m,age_10yrbands_yge65,mts_details_mrd,2007,108.919
bol,sex_m,age_10yrbands_yge65,mts_details_mrd,2008,106.139
bol,sex_m,age_10yrbands_yge65,mts_details_mrd,2009,103.83
bol,sex_m,age_10yrbands_yge65,mts_details_mrd,2011,105.407
bol,sex_m,age_10yrbands_yge65,mts_details_mrd,2012,114.553
bol,sex_m,age_10yrbands_yge65,mts_details_mrd,2013,152.69
bol,sex_m,age_10yrbands_yge65,mts_details_mrd,2014,136.592
bol,sex_m,age_10yrbands_yge65,mts_details_mrd,2015,127.57
bol,sex_m,age_10yrbands_yge65,mts_details_mrd,2016,113.672
bol,sex_m,age_10yrbands_yge65,mts_details_mrd,2017,132.971
bol,sex_m,age_10yrbands_yge65,mts_details_mrd,2018,150.286
bol,sex_m,age_10yrbands_yge65,mts_details_mrd,2019,142.194
bol,sex_m,age_10yrbands_yge65,mts_details_mrd,2022,157.622
bol,sex_m,age_10yrbands_yge65,mts_details_mrd,2023,182.219
bol,sex_m,age_10yrbands_yge65,mts_details_mrd,2024,186.79
bol,sex_m,age_10yrbands_yge65,mts_details_sep,2000,2.257
bol,sex_m,age_10yrbands_yge65,mts_details_sep,2001,1.483
bol,sex_m,age_10yrbands_yge65,mts_details_sep,2002,1.686
bol,sex_m,age_10yrbands_yge65,mts_details_sep,2004,4.608
bol,sex_m,age_10yrbands_yge65,mts_details_sep,2005,1.171
bol,sex_m,age_10yrbands_yge65,mts_details_sep,2006,3.619
bol,sex_m,age_10yrbands_yge65,mts_details_sep,2007,6.292
bol,sex_m,age_10yrbands_yge65,mts_details_sep,2008,6.188
bol,sex_m,age_10yrbands_yge65,mts_details_sep,2009,9.274
bol,sex_m,age_10yrbands_yge65,mts_details_sep,2011,4.659
bol,sex_m,age_10yrbands_yge65,mts_details_sep,2012,5.582
bol,sex_m,age_10yrbands_yge65,mts_details_sep,2013,7.48
bol,sex_m,age_10yrbands_yge65,mts_details_sep,2014,6.348
bol,sex_m,age_10yrbands_yge65,mts_details_sep,2015,11.084
bol,sex_m,age_10yrbands_yge65,mts_details_sep,2016,7.013
bol,sex_m,age_10yrbands_yge65,mts_details_sep,2017,8.945
bol,sex_m,age_10yrbands_yge65,mts_details_sep,2018,11.472
bol,sex_m,age_10yrbands_yge65,mts_details_sep,2019,12.129
bol,sex_m,age_10yrbands_yge65,mts_details_sep,2022,10.127
bol,sex_m,age_10yrbands_yge65,mts_details_sep,2023,14.196
bol,sex_m,age_10yrbands_yge65,mts_details_sep,2024,15.277
bol,sex_m,age_10yrbands_yge65,mts_details_sgle,1999,4.105
bol,sex_m,age_10yrbands_yge65,mts_details_sgle,2000,56.802
bol,sex_m,age_10yrbands_yge65,mts_details_sgle,2001,3.334
bol,sex_m,age_10yrbands_yge65,mts_details_sgle,2002,4.416
bol,sex_m,age_10yrbands_yge65,mts_details_sgle,2004,2.761
bol,sex_m,age_10yrbands_yge65,mts_details_sgle,2005,3.707
bol,sex_m,age_10yrbands_yge65,mts_details_sgle,2006,4.838
bol,sex_m,age_10yrbands_yge65,mts_details_sgle,2007,6.319
bol,sex_m,age_10yrbands_yge65,mts_details_sgle,2008,4.919
bol,sex_m,age_10yrbands_yge65,mts_details_sgle,2009,3.723
bol,sex_m,age_10yrbands_yge65,mts_details_sgle,2011,5.41
bol,sex_m,age_10yrbands_yge65,mts_details_sgle,2012,7.202
bol,sex_m,age_10yrbands_yge65,mts_details_sgle,2013,7.154
bol,sex_m,age_10yrbands_yge65,mts_details_sgle,2014,4.59
bol,sex_m,age_10yrbands_yge65,mts_details_sgle,2015,5.411
bol,sex_m,age_10yrbands_yge65,mts_details_sgle,2016,5.443
bol,sex_m,age_10yrbands_yge65,mts_details_sgle,2017,6.835
bol,sex_m,age_10yrbands_yge65,mts_details_sgle,2018,7.333
bol,sex_m,age_10yrbands_yge65,mts_details_sgle,2019,7.479
bol,sex_m,age_10yrbands_yge65,mts_details_sgle,2022,15.288
bol,sex_m,age_10yrbands_yge65,mts_details_sgle,2023,15.139
bol,sex_m,age_10yrbands_yge65,mts_details_sgle,2024,15.57
bol,sex_m,age_10yrbands_yge65,mts_details_total,1999,116.636
bol,sex_m,age_10yrbands_yge65,mts_details_total,2000,85.305
bol,sex_m,age_10yrbands_yge65,mts_details_total,2001,93.149
bol,sex_m,age_10yrbands_yge65,mts_details_total,2002,95.427
bol,sex_m,age_10yrbands_yge65,mts_details_total,2004,114.729
bol,sex_m,age_10yrbands_yge65,mts_details_total,2005,148.593
bol,sex_m,age_10yrbands_yge65,mts_details_total,2006,137.69
bol,sex_m,age_10yrbands_yge65,mts_details_total,2007,159.195
bol,sex_m,age_10yrbands_yge65,mts_details_total,2008,156.449
bol,sex_m,age_10yrbands_yge65,mts_details_total,2009,164.882
bol,sex_m,age_10yrbands_yge65,mts_details_total,2011,156.797
bol,sex_m,age_10yrbands_yge65,mts_details_total,2012,165.772
bol,sex_m,age_10yrbands_yge65,mts_details_total,2013,220.48
bol,sex_m,age_10yrbands_yge65,mts_details_total,2014,199.916
bol,sex_m,age_10yrbands_yge65,mts_details_total,2015,186.013
bol,sex_m,age_10yrbands_yge65,mts_details_total,2016,168.484
bol,sex_m,age_10yrbands_yge65,mts_details_total,2017,196.548
bol,sex_m,age_10yrbands_yge65,mts_details_total,2018,223.646
bol,sex_m,age_10yrbands_yge65,mts_details_total,2019,216.187
bol,sex_m,age_10yrbands_yge65,mts_details_total,2022,252.643
bol,sex_m,age_10yrbands_yge65,mts_details_total,2023,272.848
bol,sex_m,age_10yrbands_yge65,mts_details_total,2024,291.718
bol,sex_m,age_10yrbands_yge65,mts_details_union,1999,6.606
bol,sex_m,age_10yrbands_yge65,mts_details_union,2000,20.441
bol,sex_m,age_10yrbands_yge65,mts_details_union,2001,6.345
bol,sex_m,age_10yrbands_yge65,mts_details_union,2002,5.612
bol,sex_m,age_10yrbands_yge65,mts_details_union,2004,6.271
bol,sex_m,age_10yrbands_yge65,mts_details_union,2005,10.416
bol,sex_m,age_10yrbands_yge65,mts_details_union,2006,8.219
bol,sex_m,age_10yrbands_yge65,mts_details_union,2007,12.714
bol,sex_m,age_10yrbands_yge65,mts_details_union,2008,7.534
bol,sex_m,age_10yrbands_yge65,mts_details_union,2009,11.705
bol,sex_m,age_10yrbands_yge65,mts_details_union,2011,9.483
bol,sex_m,age_10yrbands_yge65,mts_details_union,2012,10.183
bol,sex_m,age_10yrbands_yge65,mts_details_union,2013,15.966
bol,sex_m,age_10yrbands_yge65,mts_details_union,2014,12.274
bol,sex_m,age_10yrbands_yge65,mts_details_union,2015,11.698
bol,sex_m,age_10yrbands_yge65,mts_details_union,2016,12.398
bol,sex_m,age_10yrbands_yge65,mts_details_union,2017,13.509
bol,sex_m,age_10yrbands_yge65,mts_details_union,2018,14.95
bol,sex_m,age_10yrbands_yge65,mts_details_union,2019,16.098
bol,sex_m,age_10yrbands_yge65,mts_details_union,2022,18.941
bol,sex_m,age_10yrbands_yge65,mts_details_union,2023,19.28
bol,sex_m,age_10yrbands_yge65,mts_details_union,2024,22.662
bol,sex_m,age_10yrbands_yge65,mts_details_wid,1999,21.489
bol,sex_m,age_10yrbands_yge65,mts_details_wid,2000,2.101
bol,sex_m,age_10yrbands_yge65,mts_details_wid,2001,15.43
bol,sex_m,age_10yrbands_yge65,mts_details_wid,2002,24.842
bol,sex_m,age_10yrbands_yge65,mts_details_wid,2004,17.68
bol,sex_m,age_10yrbands_yge65,mts_details_wid,2005,24.399
bol,sex_m,age_10yrbands_yge65,mts_details_wid,2006,28.294
bol,sex_m,age_10yrbands_yge65,mts_details_wid,2007,24.951
bol,sex_m,age_10yrbands_yge65,mts_details_wid,2008,31.669
bol,sex_m,age_10yrbands_yge65,mts_details_wid,2009,36.35
bol,sex_m,age_10yrbands_yge65,mts_details_wid,2011,31.838
bol,sex_m,age_10yrbands_yge65,mts_details_wid,2012,28.252
bol,sex_m,age_10yrbands_yge65,mts_details_wid,2013,37.19
bol,sex_m,age_10yrbands_yge65,mts_details_wid,2014,40.112
bol,sex_m,age_10yrbands_yge65,mts_details_wid,2015,30.25
bol,sex_m,age_10yrbands_yge65,mts_details_wid,2016,29.959
bol,sex_m,age_10yrbands_yge65,mts_details_wid,2017,34.287
bol,sex_m,age_10yrbands_yge65,mts_details_wid,2018,39.605
bol,sex_m,age_10yrbands_yge65,mts_details_wid,2019,38.288
bol,sex_m,age_10yrbands_yge65,mts_details_wid,2022,50.665
bol,sex_m,age_10yrbands_yge65,mts_details_wid,2023,42.014
bol,sex_m,age_10yrbands_yge65,mts_details_wid,2024,51.42
bol,sex_m,age_aggregate_total,mts_aggregate_1,1999,308.612
bol,sex_m,age_aggregate_total,mts_aggregate_1,2000,950.547
bol,sex_m,age_aggregate_total,mts_aggregate_1,2001,492.27
bol,sex_m,age_aggregate_total,mts_aggregate_1,2002,536.436
bol,sex_m,age_aggregate_total,mts_aggregate_1,2004,582.784
bol,sex_m,age_aggregate_total,mts_aggregate_1,2005,426.081
bol,sex_m,age_aggregate_total,mts_aggregate_1,2006,508.538
bol,sex_m,age_aggregate_total,mts_aggregate_1,2007,527.571
bol,sex_m,age_aggregate_total,mts_aggregate_1,2008,565.931
bol,sex_m,age_aggregate_total,mts_aggregate_1,2009,568.509
bol,sex_m,age_aggregate_total,mts_aggregate_1,2011,648.659
bol,sex_m,age_aggregate_total,mts_aggregate_1,2012,593.643
bol,sex_m,age_aggregate_total,mts_aggregate_1,2013,716.836
bol,sex_m,age_aggregate_total,mts_aggregate_1,2014,793.297
bol,sex_m,age_aggregate_total,mts_aggregate_1,2015,652.085
bol,sex_m,age_aggregate_total,mts_aggregate_1,2016,561.442
bol,sex_m,age_aggregate_total,mts_aggregate_1,2017,596.039
bol,sex_m,age_aggregate_total,mts_aggregate_1,2018,635.348
bol,sex_m,age_aggregate_total,mts_aggregate_1,2019,675.729
bol,sex_m,age_aggregate_total,mts_aggregate_1,2022,926.385
bol,sex_m,age_aggregate_total,mts_aggregate_1,2023,933.543
bol,sex_m,age_aggregate_total,mts_aggregate_1,2024,1005.408
bol,sex_m,age_aggregate_total,mts_aggregate_2,1999,829.176
bol,sex_m,age_aggregate_total,mts_aggregate_2,2000,251.993
bol,sex_m,age_aggregate_total,mts_aggregate_2,2001,850.14
bol,sex_m,age_aggregate_total,mts_aggregate_2,2002,922.499
bol,sex_m,age_aggregate_total,mts_aggregate_2,2004,1196.959
bol,sex_m,age_aggregate_total,mts_aggregate_2,2005,1106.54
bol,sex_m,age_aggregate_total,mts_aggregate_2,2006,1059.717
bol,sex_m,age_aggregate_total,mts_aggregate_2,2007,1063.18
bol,sex_m,age_aggregate_total,mts_aggregate_2,2008,1189.135
bol,sex_m,age_aggregate_total,mts_aggregate_2,2009,1226.708
bol,sex_m,age_aggregate_total,mts_aggregate_2,2011,1284.879
bol,sex_m,age_aggregate_total,mts_aggregate_2,2012,1264.17
bol,sex_m,age_aggregate_total,mts_aggregate_2,2013,1465.766
bol,sex_m,age_aggregate_total,mts_aggregate_2,2014,1594.805
bol,sex_m,age_aggregate_total,mts_aggregate_2,2015,1442.254
bol,sex_m,age_aggregate_total,mts_aggregate_2,2016,1192.555
bol,sex_m,age_aggregate_total,mts_aggregate_2,2017,1271.804
bol,sex_m,age_aggregate_total,mts_aggregate_2,2018,1346.581
bol,sex_m,age_aggregate_total,mts_aggregate_2,2019,1417.88
bol,sex_m,age_aggregate_total,mts_aggregate_2,2022,1626.84
bol,sex_m,age_aggregate_total,mts_aggregate_2,2023,1622.308
bol,sex_m,age_aggregate_total,mts_aggregate_2,2024,1610.616
bol,sex_m,age_aggregate_total,mts_aggregate_total,1999,1137.788
bol,sex_m,age_aggregate_total,mts_aggregate_total,2000,1202.54
bol,sex_m,age_aggregate_total,mts_aggregate_total,2001,1342.41
bol,sex_m,age_aggregate_total,mts_aggregate_total,2002,1458.935
bol,sex_m,age_aggregate_total,mts_aggregate_total,2004,1779.743
bol,sex_m,age_aggregate_total,mts_aggregate_total,2005,1532.621
bol,sex_m,age_aggregate_total,mts_aggregate_total,2006,1568.255
bol,sex_m,age_aggregate_total,mts_aggregate_total,2007,1590.751
bol,sex_m,age_aggregate_total,mts_aggregate_total,2008,1755.066
bol,sex_m,age_aggregate_total,mts_aggregate_total,2009,1795.217
bol,sex_m,age_aggregate_total,mts_aggregate_total,2011,1933.538
bol,sex_m,age_aggregate_total,mts_aggregate_total,2012,1857.813
bol,sex_m,age_aggregate_total,mts_aggregate_total,2013,2182.602
bol,sex_m,age_aggregate_total,mts_aggregate_total,2014,2388.892
bol,sex_m,age_aggregate_total,mts_aggregate_total,2015,2094.339
bol,sex_m,age_aggregate_total,mts_aggregate_total,2016,1753.998
bol,sex_m,age_aggregate_total,mts_aggregate_total,2017,1867.843
bol,sex_m,age_aggregate_total,mts_aggregate_total,2018,1981.929
bol,sex_m,age_aggregate_total,mts_aggregate_total,2019,2093.609
bol,sex_m,age_aggregate_total,mts_aggregate_total,2022,2553.225
bol,sex_m,age_aggregate_total,mts_aggregate_total,2023,2555.851
bol,sex_m,age_aggregate_total,mts_aggregate_total,2024,2616.025
bol,sex_m,age_aggregate_total,mts_details_mrd,1999,661.341
bol,sex_m,age_aggregate_total,mts_details_mrd,2000,214.237
bol,sex_m,age_aggregate_total,mts_details_mrd,2001,605.626
bol,sex_m,age_aggregate_total,mts_details_mrd,2002,673.98
bol,sex_m,age_aggregate_total,mts_details_mrd,2004,802.707
bol,sex_m,age_aggregate_total,mts_details_mrd,2005,808.395
bol,sex_m,age_aggregate_total,mts_details_mrd,2006,771.213
bol,sex_m,age_aggregate_total,mts_details_mrd,2007,729.396
bol,sex_m,age_aggregate_total,mts_details_mrd,2008,857.611
bol,sex_m,age_aggregate_total,mts_details_mrd,2009,813.028
bol,sex_m,age_aggregate_total,mts_details_mrd,2011,823.391
bol,sex_m,age_aggregate_total,mts_details_mrd,2012,850.753
bol,sex_m,age_aggregate_total,mts_details_mrd,2013,1016.249
bol,sex_m,age_aggregate_total,mts_details_mrd,2014,1041.967
bol,sex_m,age_aggregate_total,mts_details_mrd,2015,923.225
bol,sex_m,age_aggregate_total,mts_details_mrd,2016,740.711
bol,sex_m,age_aggregate_total,mts_details_mrd,2017,786.365
bol,sex_m,age_aggregate_total,mts_details_mrd,2018,834.048
bol,sex_m,age_aggregate_total,mts_details_mrd,2019,859.871
bol,sex_m,age_aggregate_total,mts_details_mrd,2022,896.718
bol,sex_m,age_aggregate_total,mts_details_mrd,2023,927.736
bol,sex_m,age_aggregate_total,mts_details_mrd,2024,906.299
bol,sex_m,age_aggregate_total,mts_details_sep,1999,16.586
bol,sex_m,age_aggregate_total,mts_details_sep,2000,19.763
bol,sex_m,age_aggregate_total,mts_details_sep,2001,25.034
bol,sex_m,age_aggregate_total,mts_details_sep,2002,22.943
bol,sex_m,age_aggregate_total,mts_details_sep,2004,36.287
bol,sex_m,age_aggregate_total,mts_details_sep,2005,21.666
bol,sex_m,age_aggregate_total,mts_details_sep,2006,34.823
bol,sex_m,age_aggregate_total,mts_details_sep,2007,34.549
bol,sex_m,age_aggregate_total,mts_details_sep,2008,45.178
bol,sex_m,age_aggregate_total,mts_details_sep,2009,33.628
bol,sex_m,age_aggregate_total,mts_details_sep,2011,41.054
bol,sex_m,age_aggregate_total,mts_details_sep,2012,43.18
bol,sex_m,age_aggregate_total,mts_details_sep,2013,52.933
bol,sex_m,age_aggregate_total,mts_details_sep,2014,61.758
bol,sex_m,age_aggregate_total,mts_details_sep,2015,64.953
bol,sex_m,age_aggregate_total,mts_details_sep,2016,55.151
bol,sex_m,age_aggregate_total,mts_details_sep,2017,55.843
bol,sex_m,age_aggregate_total,mts_details_sep,2018,63.905
bol,sex_m,age_aggregate_total,mts_details_sep,2019,65.859
bol,sex_m,age_aggregate_total,mts_details_sep,2022,68.728
bol,sex_m,age_aggregate_total,mts_details_sep,2023,73.87
bol,sex_m,age_aggregate_total,mts_details_sep,2024,80.592
bol,sex_m,age_aggregate_total,mts_details_sgle,1999,242.567
bol,sex_m,age_aggregate_total,mts_details_sgle,2000,566.981
bol,sex_m,age_aggregate_total,mts_details_sgle,2001,432.185
bol,sex_m,age_aggregate_total,mts_details_sgle,2002,466.817
bol,sex_m,age_aggregate_total,mts_details_sgle,2004,498.161
bol,sex_m,age_aggregate_total,mts_details_sgle,2005,366.259
bol,sex_m,age_aggregate_total,mts_details_sgle,2006,421.332
bol,sex_m,age_aggregate_total,mts_details_sgle,2007,446.269
bol,sex_m,age_aggregate_total,mts_details_sgle,2008,464.95
bol,sex_m,age_aggregate_total,mts_details_sgle,2009,471.916
bol,sex_m,age_aggregate_total,mts_details_sgle,2011,546.067
bol,sex_m,age_aggregate_total,mts_details_sgle,2012,497.46
bol,sex_m,age_aggregate_total,mts_details_sgle,2013,599.088
bol,sex_m,age_aggregate_total,mts_details_sgle,2014,660.95
bol,sex_m,age_aggregate_total,mts_details_sgle,2015,533.609
bol,sex_m,age_aggregate_total,mts_details_sgle,2016,453.5
bol,sex_m,age_aggregate_total,mts_details_sgle,2017,481.387
bol,sex_m,age_aggregate_total,mts_details_sgle,2018,507.455
bol,sex_m,age_aggregate_total,mts_details_sgle,2019,545.444
bol,sex_m,age_aggregate_total,mts_details_sgle,2022,780.427
bol,sex_m,age_aggregate_total,mts_details_sgle,2023,792.675
bol,sex_m,age_aggregate_total,mts_details_sgle,2024,845.217
bol,sex_m,age_aggregate_total,mts_details_total,1999,1137.788
bol,sex_m,age_aggregate_total,mts_details_total,2000,1202.54
bol,sex_m,age_aggregate_total,mts_details_total,2001,1342.41
bol,sex_m,age_aggregate_total,mts_details_total,2002,1458.935
bol,sex_m,age_aggregate_total,mts_details_total,2004,1779.743
bol,sex_m,age_aggregate_total,mts_details_total,2005,1532.621
bol,sex_m,age_aggregate_total,mts_details_total,2006,1568.255
bol,sex_m,age_aggregate_total,mts_details_total,2007,1590.751
bol,sex_m,age_aggregate_total,mts_details_total,2008,1755.066
bol,sex_m,age_aggregate_total,mts_details_total,2009,1795.217
bol,sex_m,age_aggregate_total,mts_details_total,2011,1933.538
bol,sex_m,age_aggregate_total,mts_details_total,2012,1857.813
bol,sex_m,age_aggregate_total,mts_details_total,2013,2182.602
bol,sex_m,age_aggregate_total,mts_details_total,2014,2388.892
bol,sex_m,age_aggregate_total,mts_details_total,2015,2094.339
bol,sex_m,age_aggregate_total,mts_details_total,2016,1753.998
bol,sex_m,age_aggregate_total,mts_details_total,2017,1867.843
bol,sex_m,age_aggregate_total,mts_details_total,2018,1981.929
bol,sex_m,age_aggregate_total,mts_details_total,2019,2093.609
bol,sex_m,age_aggregate_total,mts_details_total,2022,2553.225
bol,sex_m,age_aggregate_total,mts_details_total,2023,2555.851
bol,sex_m,age_aggregate_total,mts_details_total,2024,2616.025
bol,sex_m,age_aggregate_total,mts_details_union,1999,167.835
bol,sex_m,age_aggregate_total,mts_details_union,2000,37.756
bol,sex_m,age_aggregate_total,mts_details_union,2001,244.514
bol,sex_m,age_aggregate_total,mts_details_union,2002,248.519
bol,sex_m,age_aggregate_total,mts_details_union,2004,394.252
bol,sex_m,age_aggregate_total,mts_details_union,2005,298.145
bol,sex_m,age_aggregate_total,mts_details_union,2006,288.504
bol,sex_m,age_aggregate_total,mts_details_union,2007,333.784
bol,sex_m,age_aggregate_total,mts_details_union,2008,331.524
bol,sex_m,age_aggregate_total,mts_details_union,2009,413.68
bol,sex_m,age_aggregate_total,mts_details_union,2011,461.488
bol,sex_m,age_aggregate_total,mts_details_union,2012,413.417
bol,sex_m,age_aggregate_total,mts_details_union,2013,449.517
bol,sex_m,age_aggregate_total,mts_details_union,2014,552.838
bol,sex_m,age_aggregate_total,mts_details_union,2015,519.029
bol,sex_m,age_aggregate_total,mts_details_union,2016,451.845
bol,sex_m,age_aggregate_total,mts_details_union,2017,485.439
bol,sex_m,age_aggregate_total,mts_details_union,2018,512.532
bol,sex_m,age_aggregate_total,mts_details_union,2019,558.009
bol,sex_m,age_aggregate_total,mts_details_union,2022,730.122
bol,sex_m,age_aggregate_total,mts_details_union,2023,694.572
bol,sex_m,age_aggregate_total,mts_details_union,2024,704.317
bol,sex_m,age_aggregate_total,mts_details_wid,1999,49.459
bol,sex_m,age_aggregate_total,mts_details_wid,2000,363.803
bol,sex_m,age_aggregate_total,mts_details_wid,2001,35.051
bol,sex_m,age_aggregate_total,mts_details_wid,2002,46.676
bol,sex_m,age_aggregate_total,mts_details_wid,2004,48.336
bol,sex_m,age_aggregate_total,mts_details_wid,2005,38.156
bol,sex_m,age_aggregate_total,mts_details_wid,2006,52.383
bol,sex_m,age_aggregate_total,mts_details_wid,2007,46.753
bol,sex_m,age_aggregate_total,mts_details_wid,2008,55.803
bol,sex_m,age_aggregate_total,mts_details_wid,2009,62.965
bol,sex_m,age_aggregate_total,mts_details_wid,2011,61.538
bol,sex_m,age_aggregate_total,mts_details_wid,2012,53.003
bol,sex_m,age_aggregate_total,mts_details_wid,2013,64.815
bol,sex_m,age_aggregate_total,mts_details_wid,2014,70.589
bol,sex_m,age_aggregate_total,mts_details_wid,2015,53.523
bol,sex_m,age_aggregate_total,mts_details_wid,2016,52.792
bol,sex_m,age_aggregate_total,mts_details_wid,2017,58.81
bol,sex_m,age_aggregate_total,mts_details_wid,2018,63.988
bol,sex_m,age_aggregate_total,mts_details_wid,2019,64.426
bol,sex_m,age_aggregate_total,mts_details_wid,2022,77.231
bol,sex_m,age_aggregate_total,mts_details_wid,2023,66.998
bol,sex_m,age_aggregate_total,mts_details_wid,2024,79.6
bol,sex_m,age_aggregate_y15_24,mts_aggregate_1,1999,173.496
bol,sex_m,age_aggregate_y15_24,mts_aggregate_1,2000,295.364
bol,sex_m,age_aggregate_y15_24,mts_aggregate_1,2001,330.801
bol,sex_m,age_aggregate_y15_24,mts_aggregate_1,2002,354.991
bol,sex_m,age_aggregate_y15_24,mts_aggregate_1,2004,364.869
bol,sex_m,age_aggregate_y15_24,mts_aggregate_1,2005,247.673
bol,sex_m,age_aggregate_y15_24,mts_aggregate_1,2006,310.146
bol,sex_m,age_aggregate_y15_24,mts_aggregate_1,2007,313.57
bol,sex_m,age_aggregate_y15_24,mts_aggregate_1,2008,312.513
bol,sex_m,age_aggregate_y15_24,mts_aggregate_1,2009,312.488
bol,sex_m,age_aggregate_y15_24,mts_aggregate_1,2011,359.952
bol,sex_m,age_aggregate_y15_24,mts_aggregate_1,2012,308.8
bol,sex_m,age_aggregate_y15_24,mts_aggregate_1,2013,325.299
bol,sex_m,age_aggregate_y15_24,mts_aggregate_1,2014,398.243
bol,sex_m,age_aggregate_y15_24,mts_aggregate_1,2015,313.282
bol,sex_m,age_aggregate_y15_24,mts_aggregate_1,2016,278.718
bol,sex_m,age_aggregate_y15_24,mts_aggregate_1,2017,299.331
bol,sex_m,age_aggregate_y15_24,mts_aggregate_1,2018,312.63
bol,sex_m,age_aggregate_y15_24,mts_aggregate_1,2019,336.182
bol,sex_m,age_aggregate_y15_24,mts_aggregate_1,2022,460.056
bol,sex_m,age_aggregate_y15_24,mts_aggregate_1,2023,451.858
bol,sex_m,age_aggregate_y15_24,mts_aggregate_1,2024,472.318
bol,sex_m,age_aggregate_y15_24,mts_aggregate_2,1999,43.953
bol,sex_m,age_aggregate_y15_24,mts_aggregate_2,2000,58.345
bol,sex_m,age_aggregate_y15_24,mts_aggregate_2,2001,93.51
bol,sex_m,age_aggregate_y15_24,mts_aggregate_2,2002,90.985
bol,sex_m,age_aggregate_y15_24,mts_aggregate_2,2004,114.842
bol,sex_m,age_aggregate_y15_24,mts_aggregate_2,2005,66.104
bol,sex_m,age_aggregate_y15_24,mts_aggregate_2,2006,71.291
bol,sex_m,age_aggregate_y15_24,mts_aggregate_2,2007,95.488
bol,sex_m,age_aggregate_y15_24,mts_aggregate_2,2008,72.529
bol,sex_m,age_aggregate_y15_24,mts_aggregate_2,2009,96.466
bol,sex_m,age_aggregate_y15_24,mts_aggregate_2,2011,104.514
bol,sex_m,age_aggregate_y15_24,mts_aggregate_2,2012,96.286
bol,sex_m,age_aggregate_y15_24,mts_aggregate_2,2013,84.61
bol,sex_m,age_aggregate_y15_24,mts_aggregate_2,2014,115.229
bol,sex_m,age_aggregate_y15_24,mts_aggregate_2,2015,99.114
bol,sex_m,age_aggregate_y15_24,mts_aggregate_2,2016,76.976
bol,sex_m,age_aggregate_y15_24,mts_aggregate_2,2017,79.915
bol,sex_m,age_aggregate_y15_24,mts_aggregate_2,2018,81.149
bol,sex_m,age_aggregate_y15_24,mts_aggregate_2,2019,83.935
bol,sex_m,age_aggregate_y15_24,mts_aggregate_2,2022,89.696
bol,sex_m,age_aggregate_y15_24,mts_aggregate_2,2023,86.728
bol,sex_m,age_aggregate_y15_24,mts_aggregate_2,2024,78.225
bol,sex_m,age_aggregate_y15_24,mts_aggregate_total,1999,217.449
bol,sex_m,age_aggregate_y15_24,mts_aggregate_total,2000,353.709
bol,sex_m,age_aggregate_y15_24,mts_aggregate_total,2001,424.311
bol,sex_m,age_aggregate_y15_24,mts_aggregate_total,2002,445.976
bol,sex_m,age_aggregate_y15_24,mts_aggregate_total,2004,479.711
bol,sex_m,age_aggregate_y15_24,mts_aggregate_total,2005,313.777
bol,sex_m,age_aggregate_y15_24,mts_aggregate_total,2006,381.437
bol,sex_m,age_aggregate_y15_24,mts_aggregate_total,2007,409.058
bol,sex_m,age_aggregate_y15_24,mts_aggregate_total,2008,385.042
bol,sex_m,age_aggregate_y15_24,mts_aggregate_total,2009,408.954
bol,sex_m,age_aggregate_y15_24,mts_aggregate_total,2011,464.466
bol,sex_m,age_aggregate_y15_24,mts_aggregate_total,2012,405.086
bol,sex_m,age_aggregate_y15_24,mts_aggregate_total,2013,409.909
bol,sex_m,age_aggregate_y15_24,mts_aggregate_total,2014,513.472
bol,sex_m,age_aggregate_y15_24,mts_aggregate_total,2015,412.396
bol,sex_m,age_aggregate_y15_24,mts_aggregate_total,2016,355.695
bol,sex_m,age_aggregate_y15_24,mts_aggregate_total,2017,379.247
bol,sex_m,age_aggregate_y15_24,mts_aggregate_total,2018,393.779
bol,sex_m,age_aggregate_y15_24,mts_aggregate_total,2019,420.117
bol,sex_m,age_aggregate_y15_24,mts_aggregate_total,2022,549.753
bol,sex_m,age_aggregate_y15_24,mts_aggregate_total,2023,538.587
bol,sex_m,age_aggregate_y15_24,mts_aggregate_total,2024,550.543
bol,sex_m,age_aggregate_y15_24,mts_details_mrd,1999,20.163
bol,sex_m,age_aggregate_y15_24,mts_details_mrd,2000,56.764
bol,sex_m,age_aggregate_y15_24,mts_details_mrd,2001,34.531
bol,sex_m,age_aggregate_y15_24,mts_details_mrd,2002,33.003
bol,sex_m,age_aggregate_y15_24,mts_details_mrd,2004,29.165
bol,sex_m,age_aggregate_y15_24,mts_details_mrd,2005,18.294
bol,sex_m,age_aggregate_y15_24,mts_details_mrd,2006,10.724
bol,sex_m,age_aggregate_y15_24,mts_details_mrd,2007,21.811
bol,sex_m,age_aggregate_y15_24,mts_details_mrd,2008,15.977
bol,sex_m,age_aggregate_y15_24,mts_details_mrd,2009,22.094
bol,sex_m,age_aggregate_y15_24,mts_details_mrd,2011,23.14
bol,sex_m,age_aggregate_y15_24,mts_details_mrd,2012,22.058
bol,sex_m,age_aggregate_y15_24,mts_details_mrd,2013,19.28
bol,sex_m,age_aggregate_y15_24,mts_details_mrd,2014,27.141
bol,sex_m,age_aggregate_y15_24,mts_details_mrd,2015,18.704
bol,sex_m,age_aggregate_y15_24,mts_details_mrd,2016,10.091
bol,sex_m,age_aggregate_y15_24,mts_details_mrd,2017,10.511
bol,sex_m,age_aggregate_y15_24,mts_details_mrd,2018,9.128
bol,sex_m,age_aggregate_y15_24,mts_details_mrd,2019,10.531
bol,sex_m,age_aggregate_y15_24,mts_details_mrd,2022,8.975
bol,sex_m,age_aggregate_y15_24,mts_details_mrd,2023,7.671
bol,sex_m,age_aggregate_y15_24,mts_details_mrd,2024,6.598
bol,sex_m,age_aggregate_y15_24,mts_details_sep,2004,4.085
bol,sex_m,age_aggregate_y15_24,mts_details_sep,2009,0
bol,sex_m,age_aggregate_y15_24,mts_details_sep,2014,2.4
bol,sex_m,age_aggregate_y15_24,mts_details_sep,2016,0.81
bol,sex_m,age_aggregate_y15_24,mts_details_sep,2017,1.138
bol,sex_m,age_aggregate_y15_24,mts_details_sep,2018,0.7
bol,sex_m,age_aggregate_y15_24,mts_details_sep,2019,0.787
bol,sex_m,age_aggregate_y15_24,mts_details_sep,2022,0.267
bol,sex_m,age_aggregate_y15_24,mts_details_sep,2023,1.075
bol,sex_m,age_aggregate_y15_24,mts_details_sgle,1999,171.404
bol,sex_m,age_aggregate_y15_24,mts_details_sgle,2000,25.516
bol,sex_m,age_aggregate_y15_24,mts_details_sgle,2001,329.43
bol,sex_m,age_aggregate_y15_24,mts_details_sgle,2002,353.756
bol,sex_m,age_aggregate_y15_24,mts_details_sgle,2004,360.784
bol,sex_m,age_aggregate_y15_24,mts_details_sgle,2005,247.369
bol,sex_m,age_aggregate_y15_24,mts_details_sgle,2006,309.252
bol,sex_m,age_aggregate_y15_24,mts_details_sgle,2007,313.57
bol,sex_m,age_aggregate_y15_24,mts_details_sgle,2008,312.513
bol,sex_m,age_aggregate_y15_24,mts_details_sgle,2009,311.272
bol,sex_m,age_aggregate_y15_24,mts_details_sgle,2011,359.511
bol,sex_m,age_aggregate_y15_24,mts_details_sgle,2012,308.252
bol,sex_m,age_aggregate_y15_24,mts_details_sgle,2013,324.149
bol,sex_m,age_aggregate_y15_24,mts_details_sgle,2014,395.675
bol,sex_m,age_aggregate_y15_24,mts_details_sgle,2015,312.927
bol,sex_m,age_aggregate_y15_24,mts_details_sgle,2016,277.908
bol,sex_m,age_aggregate_y15_24,mts_details_sgle,2017,298.193
bol,sex_m,age_aggregate_y15_24,mts_details_sgle,2018,311.93
bol,sex_m,age_aggregate_y15_24,mts_details_sgle,2019,335.394
bol,sex_m,age_aggregate_y15_24,mts_details_sgle,2022,459.789
bol,sex_m,age_aggregate_y15_24,mts_details_sgle,2023,450.783
bol,sex_m,age_aggregate_y15_24,mts_details_sgle,2024,472.214
bol,sex_m,age_aggregate_y15_24,mts_details_total,1999,217.449
bol,sex_m,age_aggregate_y15_24,mts_details_total,2000,353.709
bol,sex_m,age_aggregate_y15_24,mts_details_total,2001,424.311
bol,sex_m,age_aggregate_y15_24,mts_details_total,2002,445.976
bol,sex_m,age_aggregate_y15_24,mts_details_total,2004,479.711
bol,sex_m,age_aggregate_y15_24,mts_details_total,2005,313.777
bol,sex_m,age_aggregate_y15_24,mts_details_total,2006,381.437
bol,sex_m,age_aggregate_y15_24,mts_details_total,2007,409.058
bol,sex_m,age_aggregate_y15_24,mts_details_total,2008,385.042
bol,sex_m,age_aggregate_y15_24,mts_details_total,2009,408.954
bol,sex_m,age_aggregate_y15_24,mts_details_total,2011,464.466
bol,sex_m,age_aggregate_y15_24,mts_details_total,2012,405.086
bol,sex_m,age_aggregate_y15_24,mts_details_total,2013,409.909
bol,sex_m,age_aggregate_y15_24,mts_details_total,2014,513.472
bol,sex_m,age_aggregate_y15_24,mts_details_total,2015,412.396
bol,sex_m,age_aggregate_y15_24,mts_details_total,2016,355.695
bol,sex_m,age_aggregate_y15_24,mts_details_total,2017,379.247
bol,sex_m,age_aggregate_y15_24,mts_details_total,2018,393.779
bol,sex_m,age_aggregate_y15_24,mts_details_total,2019,420.117
bol,sex_m,age_aggregate_y15_24,mts_details_total,2022,549.753
bol,sex_m,age_aggregate_y15_24,mts_details_total,2023,538.587
bol,sex_m,age_aggregate_y15_24,mts_details_total,2024,550.543
bol,sex_m,age_aggregate_y15_24,mts_details_union,1999,23.79
bol,sex_m,age_aggregate_y15_24,mts_details_union,2000,1.581
bol,sex_m,age_aggregate_y15_24,mts_details_union,2001,58.979
bol,sex_m,age_aggregate_y15_24,mts_details_union,2002,57.982
bol,sex_m,age_aggregate_y15_24,mts_details_union,2004,85.677
bol,sex_m,age_aggregate_y15_24,mts_details_union,2005,47.81
bol,sex_m,age_aggregate_y15_24,mts_details_union,2006,60.567
bol,sex_m,age_aggregate_y15_24,mts_details_union,2007,73.677
bol,sex_m,age_aggregate_y15_24,mts_details_union,2008,56.552
bol,sex_m,age_aggregate_y15_24,mts_details_union,2009,74.372
bol,sex_m,age_aggregate_y15_24,mts_details_union,2011,81.374
bol,sex_m,age_aggregate_y15_24,mts_details_union,2012,74.228
bol,sex_m,age_aggregate_y15_24,mts_details_union,2013,65.33
bol,sex_m,age_aggregate_y15_24,mts_details_union,2014,88.088
bol,sex_m,age_aggregate_y15_24,mts_details_union,2015,80.41
bol,sex_m,age_aggregate_y15_24,mts_details_union,2016,66.886
bol,sex_m,age_aggregate_y15_24,mts_details_union,2017,69.405
bol,sex_m,age_aggregate_y15_24,mts_details_union,2018,72.02
bol,sex_m,age_aggregate_y15_24,mts_details_union,2019,73.404
bol,sex_m,age_aggregate_y15_24,mts_details_union,2022,80.722
bol,sex_m,age_aggregate_y15_24,mts_details_union,2023,79.057
bol,sex_m,age_aggregate_y15_24,mts_details_union,2024,71.627
bol,sex_m,age_aggregate_y15_24,mts_details_wid,2000,269.554
bol,sex_m,age_aggregate_y25_54,mts_aggregate_1,1999,89.678
bol,sex_m,age_aggregate_y25_54,mts_aggregate_1,2000,503.17
bol,sex_m,age_aggregate_y25_54,mts_aggregate_1,2001,122.5
bol,sex_m,age_aggregate_y25_54,mts_aggregate_1,2002,131.859
bol,sex_m,age_aggregate_y25_54,mts_aggregate_1,2004,175.522
bol,sex_m,age_aggregate_y25_54,mts_aggregate_1,2005,138.746
bol,sex_m,age_aggregate_y25_54,mts_aggregate_1,2006,128.601
bol,sex_m,age_aggregate_y25_54,mts_aggregate_1,2007,153.3
bol,sex_m,age_aggregate_y25_54,mts_aggregate_1,2008,172.461
bol,sex_m,age_aggregate_y25_54,mts_aggregate_1,2009,171.569
bol,sex_m,age_aggregate_y25_54,mts_aggregate_1,2011,209.261
bol,sex_m,age_aggregate_y25_54,mts_aggregate_1,2012,210.426
bol,sex_m,age_aggregate_y25_54,mts_aggregate_1,2013,299.678
bol,sex_m,age_aggregate_y25_54,mts_aggregate_1,2014,303.289
bol,sex_m,age_aggregate_y25_54,mts_aggregate_1,2015,252.276
bol,sex_m,age_aggregate_y25_54,mts_aggregate_1,2016,201.734
bol,sex_m,age_aggregate_y25_54,mts_aggregate_1,2017,204.519
bol,sex_m,age_aggregate_y25_54,mts_aggregate_1,2018,216.968
bol,sex_m,age_aggregate_y25_54,mts_aggregate_1,2019,235.018
bol,sex_m,age_aggregate_y25_54,mts_aggregate_1,2022,327.879
bol,sex_m,age_aggregate_y25_54,mts_aggregate_1,2023,346.496
bol,sex_m,age_aggregate_y25_54,mts_aggregate_1,2024,382.009
bol,sex_m,age_aggregate_y25_54,mts_aggregate_2,1999,592.024
bol,sex_m,age_aggregate_y25_54,mts_aggregate_2,2000,154.59
bol,sex_m,age_aggregate_y25_54,mts_aggregate_2,2001,584.242
bol,sex_m,age_aggregate_y25_54,mts_aggregate_2,2002,668.687
bol,sex_m,age_aggregate_y25_54,mts_aggregate_2,2004,851.099
bol,sex_m,age_aggregate_y25_54,mts_aggregate_2,2005,778.195
bol,sex_m,age_aggregate_y25_54,mts_aggregate_2,2006,750.291
bol,sex_m,age_aggregate_y25_54,mts_aggregate_2,2007,717.908
bol,sex_m,age_aggregate_y25_54,mts_aggregate_2,2008,813.587
bol,sex_m,age_aggregate_y25_54,mts_aggregate_2,2009,832.622
bol,sex_m,age_aggregate_y25_54,mts_aggregate_2,2011,883.381
bol,sex_m,age_aggregate_y25_54,mts_aggregate_2,2012,861.658
bol,sex_m,age_aggregate_y25_54,mts_aggregate_2,2013,1001.159
bol,sex_m,age_aggregate_y25_54,mts_aggregate_2,2014,1110.278
bol,sex_m,age_aggregate_y25_54,mts_aggregate_2,2015,978.809
bol,sex_m,age_aggregate_y25_54,mts_aggregate_2,2016,803.346
bol,sex_m,age_aggregate_y25_54,mts_aggregate_2,2017,845.866
bol,sex_m,age_aggregate_y25_54,mts_aggregate_2,2018,882.356
bol,sex_m,age_aggregate_y25_54,mts_aggregate_2,2019,946.014
bol,sex_m,age_aggregate_y25_54,mts_aggregate_2,2022,1118.461
bol,sex_m,age_aggregate_y25_54,mts_aggregate_2,2023,1083.784
bol,sex_m,age_aggregate_y25_54,mts_aggregate_2,2024,1062.834
bol,sex_m,age_aggregate_y25_54,mts_aggregate_total,1999,681.702
bol,sex_m,age_aggregate_y25_54,mts_aggregate_total,2000,657.76
bol,sex_m,age_aggregate_y25_54,mts_aggregate_total,2001,706.742
bol,sex_m,age_aggregate_y25_54,mts_aggregate_total,2002,800.546
bol,sex_m,age_aggregate_y25_54,mts_aggregate_total,2004,1026.621
bol,sex_m,age_aggregate_y25_54,mts_aggregate_total,2005,916.941
bol,sex_m,age_aggregate_y25_54,mts_aggregate_total,2006,878.892
bol,sex_m,age_aggregate_y25_54,mts_aggregate_total,2007,871.208
bol,sex_m,age_aggregate_y25_54,mts_aggregate_total,2008,986.048
bol,sex_m,age_aggregate_y25_54,mts_aggregate_total,2009,1004.191
bol,sex_m,age_aggregate_y25_54,mts_aggregate_total,2011,1092.642
bol,sex_m,age_aggregate_y25_54,mts_aggregate_total,2012,1072.084
bol,sex_m,age_aggregate_y25_54,mts_aggregate_total,2013,1300.837
bol,sex_m,age_aggregate_y25_54,mts_aggregate_total,2014,1414.357
bol,sex_m,age_aggregate_y25_54,mts_aggregate_total,2015,1231.085
bol,sex_m,age_aggregate_y25_54,mts_aggregate_total,2016,1005.08
bol,sex_m,age_aggregate_y25_54,mts_aggregate_total,2017,1050.385
bol,sex_m,age_aggregate_y25_54,mts_aggregate_total,2018,1099.323
bol,sex_m,age_aggregate_y25_54,mts_aggregate_total,2019,1181.032
bol,sex_m,age_aggregate_y25_54,mts_aggregate_total,2022,1446.339
bol,sex_m,age_aggregate_y25_54,mts_aggregate_total,2023,1430.28
bol,sex_m,age_aggregate_y25_54,mts_aggregate_total,2024,1444.843
bol,sex_m,age_aggregate_y25_54,mts_details_mrd,1999,460.314
bol,sex_m,age_aggregate_y25_54,mts_details_mrd,2000,144.801
bol,sex_m,age_aggregate_y25_54,mts_details_mrd,2001,418.623
bol,sex_m,age_aggregate_y25_54,mts_details_mrd,2002,490.877
bol,sex_m,age_aggregate_y25_54,mts_details_mrd,2004,567.689
bol,sex_m,age_aggregate_y25_54,mts_details_mrd,2005,552.538
bol,sex_m,age_aggregate_y25_54,mts_details_mrd,2006,544.06
bol,sex_m,age_aggregate_y25_54,mts_details_mrd,2007,483.917
bol,sex_m,age_aggregate_y25_54,mts_details_mrd,2008,569.567
bol,sex_m,age_aggregate_y25_54,mts_details_mrd,2009,532.96
bol,sex_m,age_aggregate_y25_54,mts_details_mrd,2011,538.254
bol,sex_m,age_aggregate_y25_54,mts_details_mrd,2012,557.535
bol,sex_m,age_aggregate_y25_54,mts_details_mrd,2013,659.195
bol,sex_m,age_aggregate_y25_54,mts_details_mrd,2014,692.15
bol,sex_m,age_aggregate_y25_54,mts_details_mrd,2015,587.884
bol,sex_m,age_aggregate_y25_54,mts_details_mrd,2016,461.97
bol,sex_m,age_aggregate_y25_54,mts_details_mrd,2017,474.408
bol,sex_m,age_aggregate_y25_54,mts_details_mrd,2018,492.859
bol,sex_m,age_aggregate_y25_54,mts_details_mrd,2019,513.514
bol,sex_m,age_aggregate_y25_54,mts_details_mrd,2022,532.734
bol,sex_m,age_aggregate_y25_54,mts_details_mrd,2023,533.775
bol,sex_m,age_aggregate_y25_54,mts_details_mrd,2024,505.535
bol,sex_m,age_aggregate_y25_54,mts_details_sep,1999,11.896
bol,sex_m,age_aggregate_y25_54,mts_details_sep,2000,12.609
bol,sex_m,age_aggregate_y25_54,mts_details_sep,2001,17.616
bol,sex_m,age_aggregate_y25_54,mts_details_sep,2002,16.042
bol,sex_m,age_aggregate_y25_54,mts_details_sep,2004,23.912
bol,sex_m,age_aggregate_y25_54,mts_details_sep,2005,18.817
bol,sex_m,age_aggregate_y25_54,mts_details_sep,2006,21.201
bol,sex_m,age_aggregate_y25_54,mts_details_sep,2007,23.734
bol,sex_m,age_aggregate_y25_54,mts_details_sep,2008,28.018
bol,sex_m,age_aggregate_y25_54,mts_details_sep,2009,17.271
bol,sex_m,age_aggregate_y25_54,mts_details_sep,2011,26.479
bol,sex_m,age_aggregate_y25_54,mts_details_sep,2012,28.444
bol,sex_m,age_aggregate_y25_54,mts_details_sep,2013,33.243
bol,sex_m,age_aggregate_y25_54,mts_details_sep,2014,41.489
bol,sex_m,age_aggregate_y25_54,mts_details_sep,2015,39.432
bol,sex_m,age_aggregate_y25_54,mts_details_sep,2016,33.45
bol,sex_m,age_aggregate_y25_54,mts_details_sep,2017,32.638
bol,sex_m,age_aggregate_y25_54,mts_details_sep,2018,34.081
bol,sex_m,age_aggregate_y25_54,mts_details_sep,2019,36.192
bol,sex_m,age_aggregate_y25_54,mts_details_sep,2022,38.944
bol,sex_m,age_aggregate_y25_54,mts_details_sep,2023,39.839
bol,sex_m,age_aggregate_y25_54,mts_details_sep,2024,43.653
bol,sex_m,age_aggregate_y25_54,mts_details_sgle,1999,64.907
bol,sex_m,age_aggregate_y25_54,mts_details_sgle,2000,402.05
bol,sex_m,age_aggregate_y25_54,mts_details_sgle,2001,93.839
bol,sex_m,age_aggregate_y25_54,mts_details_sgle,2002,104.36
bol,sex_m,age_aggregate_y25_54,mts_details_sgle,2004,128.889
bol,sex_m,age_aggregate_y25_54,mts_details_sgle,2005,110.544
bol,sex_m,age_aggregate_y25_54,mts_details_sgle,2006,100.062
bol,sex_m,age_aggregate_y25_54,mts_details_sgle,2007,121.658
bol,sex_m,age_aggregate_y25_54,mts_details_sgle,2008,137.38
bol,sex_m,age_aggregate_y25_54,mts_details_sgle,2009,145.427
bol,sex_m,age_aggregate_y25_54,mts_details_sgle,2011,169.691
bol,sex_m,age_aggregate_y25_54,mts_details_sgle,2012,170.748
bol,sex_m,age_aggregate_y25_54,mts_details_sgle,2013,254.668
bol,sex_m,age_aggregate_y25_54,mts_details_sgle,2014,247.139
bol,sex_m,age_aggregate_y25_54,mts_details_sgle,2015,201.11
bol,sex_m,age_aggregate_y25_54,mts_details_sgle,2016,159.084
bol,sex_m,age_aggregate_y25_54,mts_details_sgle,2017,162.924
bol,sex_m,age_aggregate_y25_54,mts_details_sgle,2018,174.147
bol,sex_m,age_aggregate_y25_54,mts_details_sgle,2019,188.441
bol,sex_m,age_aggregate_y25_54,mts_details_sgle,2022,278.943
bol,sex_m,age_aggregate_y25_54,mts_details_sgle,2023,297.903
bol,sex_m,age_aggregate_y25_54,mts_details_sgle,2024,329.179
bol,sex_m,age_aggregate_y25_54,mts_details_total,1999,681.702
bol,sex_m,age_aggregate_y25_54,mts_details_total,2000,657.76
bol,sex_m,age_aggregate_y25_54,mts_details_total,2001,706.742
bol,sex_m,age_aggregate_y25_54,mts_details_total,2002,800.546
bol,sex_m,age_aggregate_y25_54,mts_details_total,2004,1026.621
bol,sex_m,age_aggregate_y25_54,mts_details_total,2005,916.941
bol,sex_m,age_aggregate_y25_54,mts_details_total,2006,878.892
bol,sex_m,age_aggregate_y25_54,mts_details_total,2007,871.208
bol,sex_m,age_aggregate_y25_54,mts_details_total,2008,986.048
bol,sex_m,age_aggregate_y25_54,mts_details_total,2009,1004.191
bol,sex_m,age_aggregate_y25_54,mts_details_total,2011,1092.642
bol,sex_m,age_aggregate_y25_54,mts_details_total,2012,1072.084
bol,sex_m,age_aggregate_y25_54,mts_details_total,2013,1300.837
bol,sex_m,age_aggregate_y25_54,mts_details_total,2014,1414.357
bol,sex_m,age_aggregate_y25_54,mts_details_total,2015,1231.085
bol,sex_m,age_aggregate_y25_54,mts_details_total,2016,1005.08
bol,sex_m,age_aggregate_y25_54,mts_details_total,2017,1050.385
bol,sex_m,age_aggregate_y25_54,mts_details_total,2018,1099.323
bol,sex_m,age_aggregate_y25_54,mts_details_total,2019,1181.032
bol,sex_m,age_aggregate_y25_54,mts_details_total,2022,1446.339
bol,sex_m,age_aggregate_y25_54,mts_details_total,2023,1430.28
bol,sex_m,age_aggregate_y25_54,mts_details_total,2024,1444.843
bol,sex_m,age_aggregate_y25_54,mts_details_union,1999,131.71
bol,sex_m,age_aggregate_y25_54,mts_details_union,2000,9.789
bol,sex_m,age_aggregate_y25_54,mts_details_union,2001,165.619
bol,sex_m,age_aggregate_y25_54,mts_details_union,2002,177.81
bol,sex_m,age_aggregate_y25_54,mts_details_union,2004,283.41
bol,sex_m,age_aggregate_y25_54,mts_details_union,2005,225.657
bol,sex_m,age_aggregate_y25_54,mts_details_union,2006,206.231
bol,sex_m,age_aggregate_y25_54,mts_details_union,2007,233.991
bol,sex_m,age_aggregate_y25_54,mts_details_union,2008,244.02
bol,sex_m,age_aggregate_y25_54,mts_details_union,2009,299.662
bol,sex_m,age_aggregate_y25_54,mts_details_union,2011,345.127
bol,sex_m,age_aggregate_y25_54,mts_details_union,2012,304.123
bol,sex_m,age_aggregate_y25_54,mts_details_union,2013,341.964
bol,sex_m,age_aggregate_y25_54,mts_details_union,2014,418.128
bol,sex_m,age_aggregate_y25_54,mts_details_union,2015,390.925
bol,sex_m,age_aggregate_y25_54,mts_details_union,2016,341.376
bol,sex_m,age_aggregate_y25_54,mts_details_union,2017,371.459
bol,sex_m,age_aggregate_y25_54,mts_details_union,2018,389.496
bol,sex_m,age_aggregate_y25_54,mts_details_union,2019,432.5
bol,sex_m,age_aggregate_y25_54,mts_details_union,2022,585.727
bol,sex_m,age_aggregate_y25_54,mts_details_union,2023,550.008
bol,sex_m,age_aggregate_y25_54,mts_details_union,2024,557.299
bol,sex_m,age_aggregate_y25_54,mts_details_wid,1999,12.875
bol,sex_m,age_aggregate_y25_54,mts_details_wid,2000,88.511
bol,sex_m,age_aggregate_y25_54,mts_details_wid,2001,11.045
bol,sex_m,age_aggregate_y25_54,mts_details_wid,2002,11.457
bol,sex_m,age_aggregate_y25_54,mts_details_wid,2004,22.721
bol,sex_m,age_aggregate_y25_54,mts_details_wid,2005,9.385
bol,sex_m,age_aggregate_y25_54,mts_details_wid,2006,7.338
bol,sex_m,age_aggregate_y25_54,mts_details_wid,2007,7.908
bol,sex_m,age_aggregate_y25_54,mts_details_wid,2008,7.063
bol,sex_m,age_aggregate_y25_54,mts_details_wid,2009,8.871
bol,sex_m,age_aggregate_y25_54,mts_details_wid,2011,13.091
bol,sex_m,age_aggregate_y25_54,mts_details_wid,2012,11.234
bol,sex_m,age_aggregate_y25_54,mts_details_wid,2013,11.767
bol,sex_m,age_aggregate_y25_54,mts_details_wid,2014,14.661
bol,sex_m,age_aggregate_y25_54,mts_details_wid,2015,11.734
bol,sex_m,age_aggregate_y25_54,mts_details_wid,2016,9.199
bol,sex_m,age_aggregate_y25_54,mts_details_wid,2017,8.957
bol,sex_m,age_aggregate_y25_54,mts_details_wid,2018,8.74
bol,sex_m,age_aggregate_y25_54,mts_details_wid,2019,10.385
bol,sex_m,age_aggregate_y25_54,mts_details_wid,2022,9.992
bol,sex_m,age_aggregate_y25_54,mts_details_wid,2023,8.755
bol,sex_m,age_aggregate_y25_54,mts_details_wid,2024,9.177
bol,sex_m,age_aggregate_y55_64,mts_aggregate_1,1999,17.809
bol,sex_m,age_aggregate_y55_64,mts_aggregate_1,2000,90.853
bol,sex_m,age_aggregate_y55_64,mts_aggregate_1,2001,18.722
bol,sex_m,age_aggregate_y55_64,mts_aggregate_1,2002,18.642
bol,sex_m,age_aggregate_y55_64,mts_aggregate_1,2004,17.344
bol,sex_m,age_aggregate_y55_64,mts_aggregate_1,2005,10.385
bol,sex_m,age_aggregate_y55_64,mts_aggregate_1,2006,33.04
bol,sex_m,age_aggregate_y55_64,mts_aggregate_1,2007,23.139
bol,sex_m,age_aggregate_y55_64,mts_aggregate_1,2008,38.181
bol,sex_m,age_aggregate_y55_64,mts_aggregate_1,2009,35.105
bol,sex_m,age_aggregate_y55_64,mts_aggregate_1,2011,37.539
bol,sex_m,age_aggregate_y55_64,mts_aggregate_1,2012,33.381
bol,sex_m,age_aggregate_y55_64,mts_aggregate_1,2013,40.035
bol,sex_m,age_aggregate_y55_64,mts_aggregate_1,2014,40.715
bol,sex_m,age_aggregate_y55_64,mts_aggregate_1,2015,39.782
bol,sex_m,age_aggregate_y55_64,mts_aggregate_1,2016,38.576
bol,sex_m,age_aggregate_y55_64,mts_aggregate_1,2017,42.122
bol,sex_m,age_aggregate_y55_64,mts_aggregate_1,2018,47.34
bol,sex_m,age_aggregate_y55_64,mts_aggregate_1,2019,46.635
bol,sex_m,age_aggregate_y55_64,mts_aggregate_1,2022,62.37
bol,sex_m,age_aggregate_y55_64,mts_aggregate_1,2023,63.839
bol,sex_m,age_aggregate_y55_64,mts_aggregate_1,2024,68.815
bol,sex_m,age_aggregate_y55_64,mts_aggregate_2,1999,104.192
bol,sex_m,age_aggregate_y55_64,mts_aggregate_2,2000,14.913
bol,sex_m,age_aggregate_y55_64,mts_aggregate_2,2001,99.486
bol,sex_m,age_aggregate_y55_64,mts_aggregate_2,2002,98.344
bol,sex_m,age_aggregate_y55_64,mts_aggregate_2,2004,141.338
bol,sex_m,age_aggregate_y55_64,mts_aggregate_2,2005,142.925
bol,sex_m,age_aggregate_y55_64,mts_aggregate_2,2006,137.196
bol,sex_m,age_aggregate_y55_64,mts_aggregate_2,2007,128.151
bol,sex_m,age_aggregate_y55_64,mts_aggregate_2,2008,189.346
bol,sex_m,age_aggregate_y55_64,mts_aggregate_2,2009,182.085
bol,sex_m,age_aggregate_y55_64,mts_aggregate_2,2011,182.094
bol,sex_m,age_aggregate_y55_64,mts_aggregate_2,2012,181.49
bol,sex_m,age_aggregate_y55_64,mts_aggregate_2,2013,211.341
bol,sex_m,age_aggregate_y55_64,mts_aggregate_2,2014,220.432
bol,sex_m,age_aggregate_y55_64,mts_aggregate_2,2015,225.063
bol,sex_m,age_aggregate_y55_64,mts_aggregate_2,2016,186.163
bol,sex_m,age_aggregate_y55_64,mts_aggregate_2,2017,199.542
bol,sex_m,age_aggregate_y55_64,mts_aggregate_2,2018,217.841
bol,sex_m,age_aggregate_y55_64,mts_aggregate_2,2019,229.638
bol,sex_m,age_aggregate_y55_64,mts_aggregate_2,2022,242.12
bol,sex_m,age_aggregate_y55_64,mts_aggregate_2,2023,250.297
bol,sex_m,age_aggregate_y55_64,mts_aggregate_2,2024,260.106
bol,sex_m,age_aggregate_y55_64,mts_aggregate_total,1999,122.001
bol,sex_m,age_aggregate_y55_64,mts_aggregate_total,2000,105.766
bol,sex_m,age_aggregate_y55_64,mts_aggregate_total,2001,118.208
bol,sex_m,age_aggregate_y55_64,mts_aggregate_total,2002,116.986
bol,sex_m,age_aggregate_y55_64,mts_aggregate_total,2004,158.682
bol,sex_m,age_aggregate_y55_64,mts_aggregate_total,2005,153.31
bol,sex_m,age_aggregate_y55_64,mts_aggregate_total,2006,170.236
bol,sex_m,age_aggregate_y55_64,mts_aggregate_total,2007,151.29
bol,sex_m,age_aggregate_y55_64,mts_aggregate_total,2008,227.527
bol,sex_m,age_aggregate_y55_64,mts_aggregate_total,2009,217.19
bol,sex_m,age_aggregate_y55_64,mts_aggregate_total,2011,219.633
bol,sex_m,age_aggregate_y55_64,mts_aggregate_total,2012,214.871
bol,sex_m,age_aggregate_y55_64,mts_aggregate_total,2013,251.376
bol,sex_m,age_aggregate_y55_64,mts_aggregate_total,2014,261.147
bol,sex_m,age_aggregate_y55_64,mts_aggregate_total,2015,264.845
bol,sex_m,age_aggregate_y55_64,mts_aggregate_total,2016,224.739
bol,sex_m,age_aggregate_y55_64,mts_aggregate_total,2017,241.664
bol,sex_m,age_aggregate_y55_64,mts_aggregate_total,2018,265.181
bol,sex_m,age_aggregate_y55_64,mts_aggregate_total,2019,276.272
bol,sex_m,age_aggregate_y55_64,mts_aggregate_total,2022,304.49
bol,sex_m,age_aggregate_y55_64,mts_aggregate_total,2023,314.136
bol,sex_m,age_aggregate_y55_64,mts_aggregate_total,2024,328.921
bol,sex_m,age_aggregate_y55_64,mts_details_mrd,1999,98.463
bol,sex_m,age_aggregate_y55_64,mts_details_mrd,2000,8.968
bol,sex_m,age_aggregate_y55_64,mts_details_mrd,2001,85.915
bol,sex_m,age_aggregate_y55_64,mts_details_mrd,2002,91.229
bol,sex_m,age_aggregate_y55_64,mts_details_mrd,2004,122.444
bol,sex_m,age_aggregate_y55_64,mts_details_mrd,2005,128.663
bol,sex_m,age_aggregate_y55_64,mts_details_mrd,2006,123.709
bol,sex_m,age_aggregate_y55_64,mts_details_mrd,2007,114.749
bol,sex_m,age_aggregate_y55_64,mts_details_mrd,2008,165.928
bol,sex_m,age_aggregate_y55_64,mts_details_mrd,2009,154.144
bol,sex_m,age_aggregate_y55_64,mts_details_mrd,2011,156.59
bol,sex_m,age_aggregate_y55_64,mts_details_mrd,2012,156.607
bol,sex_m,age_aggregate_y55_64,mts_details_mrd,2013,185.084
bol,sex_m,age_aggregate_y55_64,mts_details_mrd,2014,186.084
bol,sex_m,age_aggregate_y55_64,mts_details_mrd,2015,189.067
bol,sex_m,age_aggregate_y55_64,mts_details_mrd,2016,154.977
bol,sex_m,age_aggregate_y55_64,mts_details_mrd,2017,168.475
bol,sex_m,age_aggregate_y55_64,mts_details_mrd,2018,181.775
bol,sex_m,age_aggregate_y55_64,mts_details_mrd,2019,193.631
bol,sex_m,age_aggregate_y55_64,mts_details_mrd,2022,197.387
bol,sex_m,age_aggregate_y55_64,mts_details_mrd,2023,204.071
bol,sex_m,age_aggregate_y55_64,mts_details_mrd,2024,207.377
bol,sex_m,age_aggregate_y55_64,mts_details_sep,2000,4.603
bol,sex_m,age_aggregate_y55_64,mts_details_sep,2001,4.564
bol,sex_m,age_aggregate_y55_64,mts_details_sep,2002,3.98
bol,sex_m,age_aggregate_y55_64,mts_details_sep,2004,3.682
bol,sex_m,age_aggregate_y55_64,mts_details_sep,2005,1.374
bol,sex_m,age_aggregate_y55_64,mts_details_sep,2006,9.109
bol,sex_m,age_aggregate_y55_64,mts_details_sep,2007,4.523
bol,sex_m,age_aggregate_y55_64,mts_details_sep,2008,10.972
bol,sex_m,age_aggregate_y55_64,mts_details_sep,2009,7.083
bol,sex_m,age_aggregate_y55_64,mts_details_sep,2011,9.606
bol,sex_m,age_aggregate_y55_64,mts_details_sep,2012,8.606
bol,sex_m,age_aggregate_y55_64,mts_details_sep,2013,11.363
bol,sex_m,age_aggregate_y55_64,mts_details_sep,2014,11.521
bol,sex_m,age_aggregate_y55_64,mts_details_sep,2015,14.082
bol,sex_m,age_aggregate_y55_64,mts_details_sep,2016,13.877
bol,sex_m,age_aggregate_y55_64,mts_details_sep,2017,13.123
bol,sex_m,age_aggregate_y55_64,mts_details_sep,2018,17.652
bol,sex_m,age_aggregate_y55_64,mts_details_sep,2019,16.751
bol,sex_m,age_aggregate_y55_64,mts_details_sep,2022,19.39
bol,sex_m,age_aggregate_y55_64,mts_details_sep,2023,18.76
bol,sex_m,age_aggregate_y55_64,mts_details_sep,2024,21.558
bol,sex_m,age_aggregate_y55_64,mts_details_sgle,2000,82.613
bol,sex_m,age_aggregate_y55_64,mts_details_sgle,2001,5.582
bol,sex_m,age_aggregate_y55_64,mts_details_sgle,2002,4.285
bol,sex_m,age_aggregate_y55_64,mts_details_sgle,2004,5.727
bol,sex_m,age_aggregate_y55_64,mts_details_sgle,2005,4.639
bol,sex_m,age_aggregate_y55_64,mts_details_sgle,2006,7.18
bol,sex_m,age_aggregate_y55_64,mts_details_sgle,2007,4.722
bol,sex_m,age_aggregate_y55_64,mts_details_sgle,2008,10.138
bol,sex_m,age_aggregate_y55_64,mts_details_sgle,2009,11.494
bol,sex_m,age_aggregate_y55_64,mts_details_sgle,2011,11.455
bol,sex_m,age_aggregate_y55_64,mts_details_sgle,2012,11.258
bol,sex_m,age_aggregate_y55_64,mts_details_sgle,2013,13.117
bol,sex_m,age_aggregate_y55_64,mts_details_sgle,2014,13.546
bol,sex_m,age_aggregate_y55_64,mts_details_sgle,2015,14.161
bol,sex_m,age_aggregate_y55_64,mts_details_sgle,2016,11.065
bol,sex_m,age_aggregate_y55_64,mts_details_sgle,2017,13.434
bol,sex_m,age_aggregate_y55_64,mts_details_sgle,2018,14.045
bol,sex_m,age_aggregate_y55_64,mts_details_sgle,2019,14.131
bol,sex_m,age_aggregate_y55_64,mts_details_sgle,2022,26.407
bol,sex_m,age_aggregate_y55_64,mts_details_sgle,2023,28.85
bol,sex_m,age_aggregate_y55_64,mts_details_sgle,2024,28.254
bol,sex_m,age_aggregate_y55_64,mts_details_total,1999,122.001
bol,sex_m,age_aggregate_y55_64,mts_details_total,2000,105.766
bol,sex_m,age_aggregate_y55_64,mts_details_total,2001,118.208
bol,sex_m,age_aggregate_y55_64,mts_details_total,2002,116.986
bol,sex_m,age_aggregate_y55_64,mts_details_total,2004,158.682
bol,sex_m,age_aggregate_y55_64,mts_details_total,2005,153.31
bol,sex_m,age_aggregate_y55_64,mts_details_total,2006,170.236
bol,sex_m,age_aggregate_y55_64,mts_details_total,2007,151.29
bol,sex_m,age_aggregate_y55_64,mts_details_total,2008,227.527
bol,sex_m,age_aggregate_y55_64,mts_details_total,2009,217.19
bol,sex_m,age_aggregate_y55_64,mts_details_total,2011,219.633
bol,sex_m,age_aggregate_y55_64,mts_details_total,2012,214.871
bol,sex_m,age_aggregate_y55_64,mts_details_total,2013,251.376
bol,sex_m,age_aggregate_y55_64,mts_details_total,2014,261.147
bol,sex_m,age_aggregate_y55_64,mts_details_total,2015,264.845
bol,sex_m,age_aggregate_y55_64,mts_details_total,2016,224.739
bol,sex_m,age_aggregate_y55_64,mts_details_total,2017,241.664
bol,sex_m,age_aggregate_y55_64,mts_details_total,2018,265.181
bol,sex_m,age_aggregate_y55_64,mts_details_total,2019,276.272
bol,sex_m,age_aggregate_y55_64,mts_details_total,2022,304.49
bol,sex_m,age_aggregate_y55_64,mts_details_total,2023,314.136
bol,sex_m,age_aggregate_y55_64,mts_details_total,2024,328.921
bol,sex_m,age_aggregate_y55_64,mts_details_union,1999,5.729
bol,sex_m,age_aggregate_y55_64,mts_details_union,2000,5.945
bol,sex_m,age_aggregate_y55_64,mts_details_union,2001,13.571
bol,sex_m,age_aggregate_y55_64,mts_details_union,2002,7.115
bol,sex_m,age_aggregate_y55_64,mts_details_union,2004,18.894
bol,sex_m,age_aggregate_y55_64,mts_details_union,2005,14.262
bol,sex_m,age_aggregate_y55_64,mts_details_union,2006,13.487
bol,sex_m,age_aggregate_y55_64,mts_details_union,2007,13.402
bol,sex_m,age_aggregate_y55_64,mts_details_union,2008,23.418
bol,sex_m,age_aggregate_y55_64,mts_details_union,2009,27.941
bol,sex_m,age_aggregate_y55_64,mts_details_union,2011,25.504
bol,sex_m,age_aggregate_y55_64,mts_details_union,2012,24.883
bol,sex_m,age_aggregate_y55_64,mts_details_union,2013,26.257
bol,sex_m,age_aggregate_y55_64,mts_details_union,2014,34.348
bol,sex_m,age_aggregate_y55_64,mts_details_union,2015,35.996
bol,sex_m,age_aggregate_y55_64,mts_details_union,2016,31.186
bol,sex_m,age_aggregate_y55_64,mts_details_union,2017,31.067
bol,sex_m,age_aggregate_y55_64,mts_details_union,2018,36.066
bol,sex_m,age_aggregate_y55_64,mts_details_union,2019,36.007
bol,sex_m,age_aggregate_y55_64,mts_details_union,2022,44.733
bol,sex_m,age_aggregate_y55_64,mts_details_union,2023,46.225
bol,sex_m,age_aggregate_y55_64,mts_details_union,2024,52.729
bol,sex_m,age_aggregate_y55_64,mts_details_wid,1999,13.901
bol,sex_m,age_aggregate_y55_64,mts_details_wid,2000,3.637
bol,sex_m,age_aggregate_y55_64,mts_details_wid,2001,8.576
bol,sex_m,age_aggregate_y55_64,mts_details_wid,2002,10.377
bol,sex_m,age_aggregate_y55_64,mts_details_wid,2004,7.935
bol,sex_m,age_aggregate_y55_64,mts_details_wid,2005,4.372
bol,sex_m,age_aggregate_y55_64,mts_details_wid,2006,16.751
bol,sex_m,age_aggregate_y55_64,mts_details_wid,2007,13.894
bol,sex_m,age_aggregate_y55_64,mts_details_wid,2008,17.071
bol,sex_m,age_aggregate_y55_64,mts_details_wid,2009,16.528
bol,sex_m,age_aggregate_y55_64,mts_details_wid,2011,16.478
bol,sex_m,age_aggregate_y55_64,mts_details_wid,2012,13.517
bol,sex_m,age_aggregate_y55_64,mts_details_wid,2013,15.555
bol,sex_m,age_aggregate_y55_64,mts_details_wid,2014,15.648
bol,sex_m,age_aggregate_y55_64,mts_details_wid,2015,11.539
bol,sex_m,age_aggregate_y55_64,mts_details_wid,2016,13.634
bol,sex_m,age_aggregate_y55_64,mts_details_wid,2017,15.565
bol,sex_m,age_aggregate_y55_64,mts_details_wid,2018,15.643
bol,sex_m,age_aggregate_y55_64,mts_details_wid,2019,15.753
bol,sex_m,age_aggregate_y55_64,mts_details_wid,2022,16.574
bol,sex_m,age_aggregate_y55_64,mts_details_wid,2023,16.229
bol,sex_m,age_aggregate_y55_64,mts_details_wid,2024,19.003
bol,sex_m,age_aggregate_yge65,mts_aggregate_1,1999,27.629
bol,sex_m,age_aggregate_yge65,mts_aggregate_1,2000,61.16
bol,sex_m,age_aggregate_yge65,mts_aggregate_1,2001,20.247
bol,sex_m,age_aggregate_yge65,mts_aggregate_1,2002,30.944
bol,sex_m,age_aggregate_yge65,mts_aggregate_1,2004,25.049
bol,sex_m,age_aggregate_yge65,mts_aggregate_1,2005,29.277
bol,sex_m,age_aggregate_yge65,mts_aggregate_1,2006,36.751
bol,sex_m,age_aggregate_yge65,mts_aggregate_1,2007,37.562
bol,sex_m,age_aggregate_yge65,mts_aggregate_1,2008,42.776
bol,sex_m,age_aggregate_yge65,mts_aggregate_1,2009,49.347
bol,sex_m,age_aggregate_yge65,mts_aggregate_1,2011,41.907
bol,sex_m,age_aggregate_yge65,mts_aggregate_1,2012,41.036
bol,sex_m,age_aggregate_yge65,mts_aggregate_1,2013,51.824
bol,sex_m,age_aggregate_yge65,mts_aggregate_1,2014,51.05
bol,sex_m,age_aggregate_yge65,mts_aggregate_1,2015,46.745
bol,sex_m,age_aggregate_yge65,mts_aggregate_1,2016,42.414
bol,sex_m,age_aggregate_yge65,mts_aggregate_1,2017,50.067
bol,sex_m,age_aggregate_yge65,mts_aggregate_1,2018,58.411
bol,sex_m,age_aggregate_yge65,mts_aggregate_1,2019,57.895
bol,sex_m,age_aggregate_yge65,mts_aggregate_1,2022,76.08
bol,sex_m,age_aggregate_yge65,mts_aggregate_1,2023,71.349
bol,sex_m,age_aggregate_yge65,mts_aggregate_1,2024,82.266
bol,sex_m,age_aggregate_yge65,mts_aggregate_2,1999,89.007
bol,sex_m,age_aggregate_yge65,mts_aggregate_2,2000,24.145
bol,sex_m,age_aggregate_yge65,mts_aggregate_2,2001,72.902
bol,sex_m,age_aggregate_yge65,mts_aggregate_2,2002,64.483
bol,sex_m,age_aggregate_yge65,mts_aggregate_2,2004,89.68
bol,sex_m,age_aggregate_yge65,mts_aggregate_2,2005,119.316
bol,sex_m,age_aggregate_yge65,mts_aggregate_2,2006,100.939
bol,sex_m,age_aggregate_yge65,mts_aggregate_2,2007,121.633
bol,sex_m,age_aggregate_yge65,mts_aggregate_2,2008,113.673
bol,sex_m,age_aggregate_yge65,mts_aggregate_2,2009,115.535
bol,sex_m,age_aggregate_yge65,mts_aggregate_2,2011,114.89
bol,sex_m,age_aggregate_yge65,mts_aggregate_2,2012,124.736
bol,sex_m,age_aggregate_yge65,mts_aggregate_2,2013,168.656
bol,sex_m,age_aggregate_yge65,mts_aggregate_2,2014,148.866
bol,sex_m,age_aggregate_yge65,mts_aggregate_2,2015,139.268
bol,sex_m,age_aggregate_yge65,mts_aggregate_2,2016,126.07
bol,sex_m,age_aggregate_yge65,mts_aggregate_2,2017,146.48
bol,sex_m,age_aggregate_yge65,mts_aggregate_2,2018,165.236
bol,sex_m,age_aggregate_yge65,mts_aggregate_2,2019,158.292
bol,sex_m,age_aggregate_yge65,mts_aggregate_2,2022,176.563
bol,sex_m,age_aggregate_yge65,mts_aggregate_2,2023,201.499
bol,sex_m,age_aggregate_yge65,mts_aggregate_2,2024,209.452
bol,sex_m,age_aggregate_yge65,mts_aggregate_total,1999,116.636
bol,sex_m,age_aggregate_yge65,mts_aggregate_total,2000,85.305
bol,sex_m,age_aggregate_yge65,mts_aggregate_total,2001,93.149
bol,sex_m,age_aggregate_yge65,mts_aggregate_total,2002,95.427
bol,sex_m,age_aggregate_yge65,mts_aggregate_total,2004,114.729
bol,sex_m,age_aggregate_yge65,mts_aggregate_total,2005,148.593
bol,sex_m,age_aggregate_yge65,mts_aggregate_total,2006,137.69
bol,sex_m,age_aggregate_yge65,mts_aggregate_total,2007,159.195
bol,sex_m,age_aggregate_yge65,mts_aggregate_total,2008,156.449
bol,sex_m,age_aggregate_yge65,mts_aggregate_total,2009,164.882
bol,sex_m,age_aggregate_yge65,mts_aggregate_total,2011,156.797
bol,sex_m,age_aggregate_yge65,mts_aggregate_total,2012,165.772
bol,sex_m,age_aggregate_yge65,mts_aggregate_total,2013,220.48
bol,sex_m,age_aggregate_yge65,mts_aggregate_total,2014,199.916
bol,sex_m,age_aggregate_yge65,mts_aggregate_total,2015,186.013
bol,sex_m,age_aggregate_yge65,mts_aggregate_total,2016,168.484
bol,sex_m,age_aggregate_yge65,mts_aggregate_total,2017,196.548
bol,sex_m,age_aggregate_yge65,mts_aggregate_total,2018,223.646
bol,sex_m,age_aggregate_yge65,mts_aggregate_total,2019,216.187
bol,sex_m,age_aggregate_yge65,mts_aggregate_total,2022,252.643
bol,sex_m,age_aggregate_yge65,mts_aggregate_total,2023,272.848
bol,sex_m,age_aggregate_yge65,mts_aggregate_total,2024,291.718
bol,sex_m,age_aggregate_yge65,mts_details_mrd,1999,82.401
bol,sex_m,age_aggregate_yge65,mts_details_mrd,2000,3.704
bol,sex_m,age_aggregate_yge65,mts_details_mrd,2001,66.557
bol,sex_m,age_aggregate_yge65,mts_details_mrd,2002,58.871
bol,sex_m,age_aggregate_yge65,mts_details_mrd,2004,83.409
bol,sex_m,age_aggregate_yge65,mts_details_mrd,2005,108.9
bol,sex_m,age_aggregate_yge65,mts_details_mrd,2006,92.72
bol,sex_m,age_aggregate_yge65,mts_details_mrd,2007,108.919
bol,sex_m,age_aggregate_yge65,mts_details_mrd,2008,106.139
bol,sex_m,age_aggregate_yge65,mts_details_mrd,2009,103.83
bol,sex_m,age_aggregate_yge65,mts_details_mrd,2011,105.407
bol,sex_m,age_aggregate_yge65,mts_details_mrd,2012,114.553
bol,sex_m,age_aggregate_yge65,mts_details_mrd,2013,152.69
bol,sex_m,age_aggregate_yge65,mts_details_mrd,2014,136.592
bol,sex_m,age_aggregate_yge65,mts_details_mrd,2015,127.57
bol,sex_m,age_aggregate_yge65,mts_details_mrd,2016,113.672
bol,sex_m,age_aggregate_yge65,mts_details_mrd,2017,132.971
bol,sex_m,age_aggregate_yge65,mts_details_mrd,2018,150.286
bol,sex_m,age_aggregate_yge65,mts_details_mrd,2019,142.194
bol,sex_m,age_aggregate_yge65,mts_details_mrd,2022,157.622
bol,sex_m,age_aggregate_yge65,mts_details_mrd,2023,182.219
bol,sex_m,age_aggregate_yge65,mts_details_mrd,2024,186.79
bol,sex_m,age_aggregate_yge65,mts_details_sep,2000,2.257
bol,sex_m,age_aggregate_yge65,mts_details_sep,2001,1.483
bol,sex_m,age_aggregate_yge65,mts_details_sep,2002,1.686
bol,sex_m,age_aggregate_yge65,mts_details_sep,2004,4.608
bol,sex_m,age_aggregate_yge65,mts_details_sep,2005,1.171
bol,sex_m,age_aggregate_yge65,mts_details_sep,2006,3.619
bol,sex_m,age_aggregate_yge65,mts_details_sep,2007,6.292
bol,sex_m,age_aggregate_yge65,mts_details_sep,2008,6.188
bol,sex_m,age_aggregate_yge65,mts_details_sep,2009,9.274
bol,sex_m,age_aggregate_yge65,mts_details_sep,2011,4.659
bol,sex_m,age_aggregate_yge65,mts_details_sep,2012,5.582
bol,sex_m,age_aggregate_yge65,mts_details_sep,2013,7.48
bol,sex_m,age_aggregate_yge65,mts_details_sep,2014,6.348
bol,sex_m,age_aggregate_yge65,mts_details_sep,2015,11.084
bol,sex_m,age_aggregate_yge65,mts_details_sep,2016,7.013
bol,sex_m,age_aggregate_yge65,mts_details_sep,2017,8.945
bol,sex_m,age_aggregate_yge65,mts_details_sep,2018,11.472
bol,sex_m,age_aggregate_yge65,mts_details_sep,2019,12.129
bol,sex_m,age_aggregate_yge65,mts_details_sep,2022,10.127
bol,sex_m,age_aggregate_yge65,mts_details_sep,2023,14.196
bol,sex_m,age_aggregate_yge65,mts_details_sep,2024,15.277
bol,sex_m,age_aggregate_yge65,mts_details_sgle,1999,4.105
bol,sex_m,age_aggregate_yge65,mts_details_sgle,2000,56.802
bol,sex_m,age_aggregate_yge65,mts_details_sgle,2001,3.334
bol,sex_m,age_aggregate_yge65,mts_details_sgle,2002,4.416
bol,sex_m,age_aggregate_yge65,mts_details_sgle,2004,2.761
bol,sex_m,age_aggregate_yge65,mts_details_sgle,2005,3.707
bol,sex_m,age_aggregate_yge65,mts_details_sgle,2006,4.838
bol,sex_m,age_aggregate_yge65,mts_details_sgle,2007,6.319
bol,sex_m,age_aggregate_yge65,mts_details_sgle,2008,4.919
bol,sex_m,age_aggregate_yge65,mts_details_sgle,2009,3.723
bol,sex_m,age_aggregate_yge65,mts_details_sgle,2011,5.41
bol,sex_m,age_aggregate_yge65,mts_details_sgle,2012,7.202
bol,sex_m,age_aggregate_yge65,mts_details_sgle,2013,7.154
bol,sex_m,age_aggregate_yge65,mts_details_sgle,2014,4.59
bol,sex_m,age_aggregate_yge65,mts_details_sgle,2015,5.411
bol,sex_m,age_aggregate_yge65,mts_details_sgle,2016,5.443
bol,sex_m,age_aggregate_yge65,mts_details_sgle,2017,6.835
bol,sex_m,age_aggregate_yge65,mts_details_sgle,2018,7.333
bol,sex_m,age_aggregate_yge65,mts_details_sgle,2019,7.479
bol,sex_m,age_aggregate_yge65,mts_details_sgle,2022,15.288
bol,sex_m,age_aggregate_yge65,mts_details_sgle,2023,15.139
bol,sex_m,age_aggregate_yge65,mts_details_sgle,2024,15.57
bol,sex_m,age_aggregate_yge65,mts_details_total,1999,116.636
bol,sex_m,age_aggregate_yge65,mts_details_total,2000,85.305
bol,sex_m,age_aggregate_yge65,mts_details_total,2001,93.149
bol,sex_m,age_aggregate_yge65,mts_details_total,2002,95.427
bol,sex_m,age_aggregate_yge65,mts_details_total,2004,114.729
bol,sex_m,age_aggregate_yge65,mts_details_total,2005,148.593
bol,sex_m,age_aggregate_yge65,mts_details_total,2006,137.69
bol,sex_m,age_aggregate_yge65,mts_details_total,2007,159.195
bol,sex_m,age_aggregate_yge65,mts_details_total,2008,156.449
bol,sex_m,age_aggregate_yge65,mts_details_total,2009,164.882
bol,sex_m,age_aggregate_yge65,mts_details_total,2011,156.797
bol,sex_m,age_aggregate_yge65,mts_details_total,2012,165.772
bol,sex_m,age_aggregate_yge65,mts_details_total,2013,220.48
bol,sex_m,age_aggregate_yge65,mts_details_total,2014,199.916
bol,sex_m,age_aggregate_yge65,mts_details_total,2015,186.013
bol,sex_m,age_aggregate_yge65,mts_details_total,2016,168.484
bol,sex_m,age_aggregate_yge65,mts_details_total,2017,196.548
bol,sex_m,age_aggregate_yge65,mts_details_total,2018,223.646
bol,sex_m,age_aggregate_yge65,mts_details_total,2019,216.187
bol,sex_m,age_aggregate_yge65,mts_details_total,2022,252.643
bol,sex_m,age_aggregate_yge65,mts_details_total,2023,272.848
bol,sex_m,age_aggregate_yge65,mts_details_total,2024,291.718
bol,sex_m,age_aggregate_yge65,mts_details_union,1999,6.606
bol,sex_m,age_aggregate_yge65,mts_details_union,2000,20.441
bol,sex_m,age_aggregate_yge65,mts_details_union,2001,6.345
bol,sex_m,age_aggregate_yge65,mts_details_union,2002,5.612
bol,sex_m,age_aggregate_yge65,mts_details_union,2004,6.271
bol,sex_m,age_aggregate_yge65,mts_details_union,2005,10.416
bol,sex_m,age_aggregate_yge65,mts_details_union,2006,8.219
bol,sex_m,age_aggregate_yge65,mts_details_union,2007,12.714
bol,sex_m,age_aggregate_yge65,mts_details_union,2008,7.534
bol,sex_m,age_aggregate_yge65,mts_details_union,2009,11.705
bol,sex_m,age_aggregate_yge65,mts_details_union,2011,9.483
bol,sex_m,age_aggregate_yge65,mts_details_union,2012,10.183
bol,sex_m,age_aggregate_yge65,mts_details_union,2013,15.966
bol,sex_m,age_aggregate_yge65,mts_details_union,2014,12.274
bol,sex_m,age_aggregate_yge65,mts_details_union,2015,11.698
bol,sex_m,age_aggregate_yge65,mts_details_union,2016,12.398
bol,sex_m,age_aggregate_yge65,mts_details_union,2017,13.509
bol,sex_m,age_aggregate_yge65,mts_details_union,2018,14.95
bol,sex_m,age_aggregate_yge65,mts_details_union,2019,16.098
bol,sex_m,age_aggregate_yge65,mts_details_union,2022,18.941
bol,sex_m,age_aggregate_yge65,mts_details_union,2023,19.28
bol,sex_m,age_aggregate_yge65,mts_details_union,2024,22.662
bol,sex_m,age_aggregate_yge65,mts_details_wid,1999,21.489
bol,sex_m,age_aggregate_yge65,mts_details_wid,2000,2.101
bol,sex_m,age_aggregate_yge65,mts_details_wid,2001,15.43
bol,sex_m,age_aggregate_yge65,mts_details_wid,2002,24.842
bol,sex_m,age_aggregate_yge65,mts_details_wid,2004,17.68
bol,sex_m,age_aggregate_yge65,mts_details_wid,2005,24.399
bol,sex_m,age_aggregate_yge65,mts_details_wid,2006,28.294
bol,sex_m,age_aggregate_yge65,mts_details_wid,2007,24.951
bol,sex_m,age_aggregate_yge65,mts_details_wid,2008,31.669
bol,sex_m,age_aggregate_yge65,mts_details_wid,2009,36.35
bol,sex_m,age_aggregate_yge65,mts_details_wid,2011,31.838
bol,sex_m,age_aggregate_yge65,mts_details_wid,2012,28.252
bol,sex_m,age_aggregate_yge65,mts_details_wid,2013,37.19
bol,sex_m,age_aggregate_yge65,mts_details_wid,2014,40.112
bol,sex_m,age_aggregate_yge65,mts_details_wid,2015,30.25
bol,sex_m,age_aggregate_yge65,mts_details_wid,2016,29.959
bol,sex_m,age_aggregate_yge65,mts_details_wid,2017,34.287
bol,sex_m,age_aggregate_yge65,mts_details_wid,2018,39.605
bol,sex_m,age_aggregate_yge65,mts_details_wid,2019,38.288
bol,sex_m,age_aggregate_yge65,mts_details_wid,2022,50.665
bol,sex_m,age_aggregate_yge65,mts_details_wid,2023,42.014
bol,sex_m,age_aggregate_yge65,mts_details_wid,2024,51.42
bol,sex_m,age_ythadult_y15_24,mts_aggregate_1,1999,173.496
bol,sex_m,age_ythadult_y15_24,mts_aggregate_1,2000,295.364
bol,sex_m,age_ythadult_y15_24,mts_aggregate_1,2001,330.801
bol,sex_m,age_ythadult_y15_24,mts_aggregate_1,2002,354.991
bol,sex_m,age_ythadult_y15_24,mts_aggregate_1,2004,364.869
bol,sex_m,age_ythadult_y15_24,mts_aggregate_1,2005,247.673
bol,sex_m,age_ythadult_y15_24,mts_aggregate_1,2006,310.146
bol,sex_m,age_ythadult_y15_24,mts_aggregate_1,2007,313.57
bol,sex_m,age_ythadult_y15_24,mts_aggregate_1,2008,312.513
bol,sex_m,age_ythadult_y15_24,mts_aggregate_1,2009,312.488
bol,sex_m,age_ythadult_y15_24,mts_aggregate_1,2011,359.952
bol,sex_m,age_ythadult_y15_24,mts_aggregate_1,2012,308.8
bol,sex_m,age_ythadult_y15_24,mts_aggregate_1,2013,325.299
bol,sex_m,age_ythadult_y15_24,mts_aggregate_1,2014,398.243
bol,sex_m,age_ythadult_y15_24,mts_aggregate_1,2015,313.282
bol,sex_m,age_ythadult_y15_24,mts_aggregate_1,2016,278.718
bol,sex_m,age_ythadult_y15_24,mts_aggregate_1,2017,299.331
bol,sex_m,age_ythadult_y15_24,mts_aggregate_1,2018,312.63
bol,sex_m,age_ythadult_y15_24,mts_aggregate_1,2019,336.182
bol,sex_m,age_ythadult_y15_24,mts_aggregate_1,2022,460.056
bol,sex_m,age_ythadult_y15_24,mts_aggregate_1,2023,451.858
bol,sex_m,age_ythadult_y15_24,mts_aggregate_1,2024,472.318
bol,sex_m,age_ythadult_y15_24,mts_aggregate_2,1999,43.953
bol,sex_m,age_ythadult_y15_24,mts_aggregate_2,2000,58.345
bol,sex_m,age_ythadult_y15_24,mts_aggregate_2,2001,93.51
bol,sex_m,age_ythadult_y15_24,mts_aggregate_2,2002,90.985
bol,sex_m,age_ythadult_y15_24,mts_aggregate_2,2004,114.842
bol,sex_m,age_ythadult_y15_24,mts_aggregate_2,2005,66.104
bol,sex_m,age_ythadult_y15_24,mts_aggregate_2,2006,71.291
bol,sex_m,age_ythadult_y15_24,mts_aggregate_2,2007,95.488
bol,sex_m,age_ythadult_y15_24,mts_aggregate_2,2008,72.529
bol,sex_m,age_ythadult_y15_24,mts_aggregate_2,2009,96.466
bol,sex_m,age_ythadult_y15_24,mts_aggregate_2,2011,104.514
bol,sex_m,age_ythadult_y15_24,mts_aggregate_2,2012,96.286
bol,sex_m,age_ythadult_y15_24,mts_aggregate_2,2013,84.61
bol,sex_m,age_ythadult_y15_24,mts_aggregate_2,2014,115.229
bol,sex_m,age_ythadult_y15_24,mts_aggregate_2,2015,99.114
bol,sex_m,age_ythadult_y15_24,mts_aggregate_2,2016,76.976
bol,sex_m,age_ythadult_y15_24,mts_aggregate_2,2017,79.915
bol,sex_m,age_ythadult_y15_24,mts_aggregate_2,2018,81.149
bol,sex_m,age_ythadult_y15_24,mts_aggregate_2,2019,83.935
bol,sex_m,age_ythadult_y15_24,mts_aggregate_2,2022,89.696
bol,sex_m,age_ythadult_y15_24,mts_aggregate_2,2023,86.728
bol,sex_m,age_ythadult_y15_24,mts_aggregate_2,2024,78.225
bol,sex_m,age_ythadult_y15_24,mts_aggregate_total,1999,217.449
bol,sex_m,age_ythadult_y15_24,mts_aggregate_total,2000,353.709
bol,sex_m,age_ythadult_y15_24,mts_aggregate_total,2001,424.311
bol,sex_m,age_ythadult_y15_24,mts_aggregate_total,2002,445.976
bol,sex_m,age_ythadult_y15_24,mts_aggregate_total,2004,479.711
bol,sex_m,age_ythadult_y15_24,mts_aggregate_total,2005,313.777
bol,sex_m,age_ythadult_y15_24,mts_aggregate_total,2006,381.437
bol,sex_m,age_ythadult_y15_24,mts_aggregate_total,2007,409.058
bol,sex_m,age_ythadult_y15_24,mts_aggregate_total,2008,385.042
bol,sex_m,age_ythadult_y15_24,mts_aggregate_total,2009,408.954
bol,sex_m,age_ythadult_y15_24,mts_aggregate_total,2011,464.466
bol,sex_m,age_ythadult_y15_24,mts_aggregate_total,2012,405.086
bol,sex_m,age_ythadult_y15_24,mts_aggregate_total,2013,409.909
bol,sex_m,age_ythadult_y15_24,mts_aggregate_total,2014,513.472
bol,sex_m,age_ythadult_y15_24,mts_aggregate_total,2015,412.396
bol,sex_m,age_ythadult_y15_24,mts_aggregate_total,2016,355.695
bol,sex_m,age_ythadult_y15_24,mts_aggregate_total,2017,379.247
bol,sex_m,age_ythadult_y15_24,mts_aggregate_total,2018,393.779
bol,sex_m,age_ythadult_y15_24,mts_aggregate_total,2019,420.117
bol,sex_m,age_ythadult_y15_24,mts_aggregate_total,2022,549.753
bol,sex_m,age_ythadult_y15_24,mts_aggregate_total,2023,538.587
bol,sex_m,age_ythadult_y15_24,mts_aggregate_total,2024,550.543
bol,sex_m,age_ythadult_y15_24,mts_details_mrd,1999,20.163
bol,sex_m,age_ythadult_y15_24,mts_details_mrd,2000,56.764
bol,sex_m,age_ythadult_y15_24,mts_details_mrd,2001,34.531
bol,sex_m,age_ythadult_y15_24,mts_details_mrd,2002,33.003
bol,sex_m,age_ythadult_y15_24,mts_details_mrd,2004,29.165
bol,sex_m,age_ythadult_y15_24,mts_details_mrd,2005,18.294
bol,sex_m,age_ythadult_y15_24,mts_details_mrd,2006,10.724
bol,sex_m,age_ythadult_y15_24,mts_details_mrd,2007,21.811
bol,sex_m,age_ythadult_y15_24,mts_details_mrd,2008,15.977
bol,sex_m,age_ythadult_y15_24,mts_details_mrd,2009,22.094
bol,sex_m,age_ythadult_y15_24,mts_details_mrd,2011,23.14
bol,sex_m,age_ythadult_y15_24,mts_details_mrd,2012,22.058
bol,sex_m,age_ythadult_y15_24,mts_details_mrd,2013,19.28
bol,sex_m,age_ythadult_y15_24,mts_details_mrd,2014,27.141
bol,sex_m,age_ythadult_y15_24,mts_details_mrd,2015,18.704
bol,sex_m,age_ythadult_y15_24,mts_details_mrd,2016,10.091
bol,sex_m,age_ythadult_y15_24,mts_details_mrd,2017,10.511
bol,sex_m,age_ythadult_y15_24,mts_details_mrd,2018,9.128
bol,sex_m,age_ythadult_y15_24,mts_details_mrd,2019,10.531
bol,sex_m,age_ythadult_y15_24,mts_details_mrd,2022,8.975
bol,sex_m,age_ythadult_y15_24,mts_details_mrd,2023,7.671
bol,sex_m,age_ythadult_y15_24,mts_details_mrd,2024,6.598
bol,sex_m,age_ythadult_y15_24,mts_details_sep,2004,4.085
bol,sex_m,age_ythadult_y15_24,mts_details_sep,2009,0
bol,sex_m,age_ythadult_y15_24,mts_details_sep,2014,2.4
bol,sex_m,age_ythadult_y15_24,mts_details_sep,2016,0.81
bol,sex_m,age_ythadult_y15_24,mts_details_sep,2017,1.138
bol,sex_m,age_ythadult_y15_24,mts_details_sep,2018,0.7
bol,sex_m,age_ythadult_y15_24,mts_details_sep,2019,0.787
bol,sex_m,age_ythadult_y15_24,mts_details_sep,2022,0.267
bol,sex_m,age_ythadult_y15_24,mts_details_sep,2023,1.075
bol,sex_m,age_ythadult_y15_24,mts_details_sgle,1999,171.404
bol,sex_m,age_ythadult_y15_24,mts_details_sgle,2000,25.516
bol,sex_m,age_ythadult_y15_24,mts_details_sgle,2001,329.43
bol,sex_m,age_ythadult_y15_24,mts_details_sgle,2002,353.756
bol,sex_m,age_ythadult_y15_24,mts_details_sgle,2004,360.784
bol,sex_m,age_ythadult_y15_24,mts_details_sgle,2005,247.369
bol,sex_m,age_ythadult_y15_24,mts_details_sgle,2006,309.252
bol,sex_m,age_ythadult_y15_24,mts_details_sgle,2007,313.57
bol,sex_m,age_ythadult_y15_24,mts_details_sgle,2008,312.513
bol,sex_m,age_ythadult_y15_24,mts_details_sgle,2009,311.272
bol,sex_m,age_ythadult_y15_24,mts_details_sgle,2011,359.511
bol,sex_m,age_ythadult_y15_24,mts_details_sgle,2012,308.252
bol,sex_m,age_ythadult_y15_24,mts_details_sgle,2013,324.149
bol,sex_m,age_ythadult_y15_24,mts_details_sgle,2014,395.675
bol,sex_m,age_ythadult_y15_24,mts_details_sgle,2015,312.927
bol,sex_m,age_ythadult_y15_24,mts_details_sgle,2016,277.908
bol,sex_m,age_ythadult_y15_24,mts_details_sgle,2017,298.193
bol,sex_m,age_ythadult_y15_24,mts_details_sgle,2018,311.93
bol,sex_m,age_ythadult_y15_24,mts_details_sgle,2019,335.394
bol,sex_m,age_ythadult_y15_24,mts_details_sgle,2022,459.789
bol,sex_m,age_ythadult_y15_24,mts_details_sgle,2023,450.783
bol,sex_m,age_ythadult_y15_24,mts_details_sgle,2024,472.214
bol,sex_m,age_ythadult_y15_24,mts_details_total,1999,217.449
bol,sex_m,age_ythadult_y15_24,mts_details_total,2000,353.709
bol,sex_m,age_ythadult_y15_24,mts_details_total,2001,424.311
bol,sex_m,age_ythadult_y15_24,mts_details_total,2002,445.976
bol,sex_m,age_ythadult_y15_24,mts_details_total,2004,479.711
bol,sex_m,age_ythadult_y15_24,mts_details_total,2005,313.777
bol,sex_m,age_ythadult_y15_24,mts_details_total,2006,381.437
bol,sex_m,age_ythadult_y15_24,mts_details_total,2007,409.058
bol,sex_m,age_ythadult_y15_24,mts_details_total,2008,385.042
bol,sex_m,age_ythadult_y15_24,mts_details_total,2009,408.954
bol,sex_m,age_ythadult_y15_24,mts_details_total,2011,464.466
bol,sex_m,age_ythadult_y15_24,mts_details_total,2012,405.086
bol,sex_m,age_ythadult_y15_24,mts_details_total,2013,409.909
bol,sex_m,age_ythadult_y15_24,mts_details_total,2014,513.472
bol,sex_m,age_ythadult_y15_24,mts_details_total,2015,412.396
bol,sex_m,age_ythadult_y15_24,mts_details_total,2016,355.695
bol,sex_m,age_ythadult_y15_24,mts_details_total,2017,379.247
bol,sex_m,age_ythadult_y15_24,mts_details_total,2018,393.779
bol,sex_m,age_ythadult_y15_24,mts_details_total,2019,420.117
bol,sex_m,age_ythadult_y15_24,mts_details_total,2022,549.753
bol,sex_m,age_ythadult_y15_24,mts_details_total,2023,538.587
bol,sex_m,age_ythadult_y15_24,mts_details_total,2024,550.543
bol,sex_m,age_ythadult_y15_24,mts_details_union,1999,23.79
bol,sex_m,age_ythadult_y15_24,mts_details_union,2000,1.581
bol,sex_m,age_ythadult_y15_24,mts_details_union,2001,58.979
bol,sex_m,age_ythadult_y15_24,mts_details_union,2002,57.982
bol,sex_m,age_ythadult_y15_24,mts_details_union,2004,85.677
bol,sex_m,age_ythadult_y15_24,mts_details_union,2005,47.81
bol,sex_m,age_ythadult_y15_24,mts_details_union,2006,60.567
bol,sex_m,age_ythadult_y15_24,mts_details_union,2007,73.677
bol,sex_m,age_ythadult_y15_24,mts_details_union,2008,56.552
bol,sex_m,age_ythadult_y15_24,mts_details_union,2009,74.372
bol,sex_m,age_ythadult_y15_24,mts_details_union,2011,81.374
bol,sex_m,age_ythadult_y15_24,mts_details_union,2012,74.228
bol,sex_m,age_ythadult_y15_24,mts_details_union,2013,65.33
bol,sex_m,age_ythadult_y15_24,mts_details_union,2014,88.088
bol,sex_m,age_ythadult_y15_24,mts_details_union,2015,80.41
bol,sex_m,age_ythadult_y15_24,mts_details_union,2016,66.886
bol,sex_m,age_ythadult_y15_24,mts_details_union,2017,69.405
bol,sex_m,age_ythadult_y15_24,mts_details_union,2018,72.02
bol,sex_m,age_ythadult_y15_24,mts_details_union,2019,73.404
bol,sex_m,age_ythadult_y15_24,mts_details_union,2022,80.722
bol,sex_m,age_ythadult_y15_24,mts_details_union,2023,79.057
bol,sex_m,age_ythadult_y15_24,mts_details_union,2024,71.627
bol,sex_m,age_ythadult_y15_24,mts_details_wid,2000,269.554
bol,sex_m,age_ythadult_y15_64,mts_aggregate_1,1999,280.983
bol,sex_m,age_ythadult_y15_64,mts_aggregate_1,2000,889.387
bol,sex_m,age_ythadult_y15_64,mts_aggregate_1,2001,472.023
bol,sex_m,age_ythadult_y15_64,mts_aggregate_1,2002,505.492
bol,sex_m,age_ythadult_y15_64,mts_aggregate_1,2004,557.735
bol,sex_m,age_ythadult_y15_64,mts_aggregate_1,2005,396.804
bol,sex_m,age_ythadult_y15_64,mts_aggregate_1,2006,471.787
bol,sex_m,age_ythadult_y15_64,mts_aggregate_1,2007,490.009
bol,sex_m,age_ythadult_y15_64,mts_aggregate_1,2008,523.155
bol,sex_m,age_ythadult_y15_64,mts_aggregate_1,2009,519.162
bol,sex_m,age_ythadult_y15_64,mts_aggregate_1,2011,606.752
bol,sex_m,age_ythadult_y15_64,mts_aggregate_1,2012,552.607
bol,sex_m,age_ythadult_y15_64,mts_aggregate_1,2013,665.012
bol,sex_m,age_ythadult_y15_64,mts_aggregate_1,2014,742.247
bol,sex_m,age_ythadult_y15_64,mts_aggregate_1,2015,605.34
bol,sex_m,age_ythadult_y15_64,mts_aggregate_1,2016,519.028
bol,sex_m,age_ythadult_y15_64,mts_aggregate_1,2017,545.972
bol,sex_m,age_ythadult_y15_64,mts_aggregate_1,2018,576.938
bol,sex_m,age_ythadult_y15_64,mts_aggregate_1,2019,617.835
bol,sex_m,age_ythadult_y15_64,mts_aggregate_1,2022,850.305
bol,sex_m,age_ythadult_y15_64,mts_aggregate_1,2023,862.194
bol,sex_m,age_ythadult_y15_64,mts_aggregate_1,2024,923.142
bol,sex_m,age_ythadult_y15_64,mts_aggregate_2,1999,740.169
bol,sex_m,age_ythadult_y15_64,mts_aggregate_2,2000,227.848
bol,sex_m,age_ythadult_y15_64,mts_aggregate_2,2001,777.238
bol,sex_m,age_ythadult_y15_64,mts_aggregate_2,2002,858.016
bol,sex_m,age_ythadult_y15_64,mts_aggregate_2,2004,1107.279
bol,sex_m,age_ythadult_y15_64,mts_aggregate_2,2005,987.224
bol,sex_m,age_ythadult_y15_64,mts_aggregate_2,2006,958.778
bol,sex_m,age_ythadult_y15_64,mts_aggregate_2,2007,941.547
bol,sex_m,age_ythadult_y15_64,mts_aggregate_2,2008,1075.462
bol,sex_m,age_ythadult_y15_64,mts_aggregate_2,2009,1111.173
bol,sex_m,age_ythadult_y15_64,mts_aggregate_2,2011,1169.989
bol,sex_m,age_ythadult_y15_64,mts_aggregate_2,2012,1139.434
bol,sex_m,age_ythadult_y15_64,mts_aggregate_2,2013,1297.11
bol,sex_m,age_ythadult_y15_64,mts_aggregate_2,2014,1445.939
bol,sex_m,age_ythadult_y15_64,mts_aggregate_2,2015,1302.986
bol,sex_m,age_ythadult_y15_64,mts_aggregate_2,2016,1066.485
bol,sex_m,age_ythadult_y15_64,mts_aggregate_2,2017,1125.324
bol,sex_m,age_ythadult_y15_64,mts_aggregate_2,2018,1181.345
bol,sex_m,age_ythadult_y15_64,mts_aggregate_2,2019,1259.587
bol,sex_m,age_ythadult_y15_64,mts_aggregate_2,2022,1450.277
bol,sex_m,age_ythadult_y15_64,mts_aggregate_2,2023,1420.809
bol,sex_m,age_ythadult_y15_64,mts_aggregate_2,2024,1401.164
bol,sex_m,age_ythadult_y15_64,mts_aggregate_total,1999,1021.152
bol,sex_m,age_ythadult_y15_64,mts_aggregate_total,2000,1117.235
bol,sex_m,age_ythadult_y15_64,mts_aggregate_total,2001,1249.261
bol,sex_m,age_ythadult_y15_64,mts_aggregate_total,2002,1363.508
bol,sex_m,age_ythadult_y15_64,mts_aggregate_total,2004,1665.014
bol,sex_m,age_ythadult_y15_64,mts_aggregate_total,2005,1384.028
bol,sex_m,age_ythadult_y15_64,mts_aggregate_total,2006,1430.565
bol,sex_m,age_ythadult_y15_64,mts_aggregate_total,2007,1431.556
bol,sex_m,age_ythadult_y15_64,mts_aggregate_total,2008,1598.617
bol,sex_m,age_ythadult_y15_64,mts_aggregate_total,2009,1630.335
bol,sex_m,age_ythadult_y15_64,mts_aggregate_total,2011,1776.741
bol,sex_m,age_ythadult_y15_64,mts_aggregate_total,2012,1692.041
bol,sex_m,age_ythadult_y15_64,mts_aggregate_total,2013,1962.122
bol,sex_m,age_ythadult_y15_64,mts_aggregate_total,2014,2188.976
bol,sex_m,age_ythadult_y15_64,mts_aggregate_total,2015,1908.326
bol,sex_m,age_ythadult_y15_64,mts_aggregate_total,2016,1585.513
bol,sex_m,age_ythadult_y15_64,mts_aggregate_total,2017,1671.296
bol,sex_m,age_ythadult_y15_64,mts_aggregate_total,2018,1758.283
bol,sex_m,age_ythadult_y15_64,mts_aggregate_total,2019,1877.422
bol,sex_m,age_ythadult_y15_64,mts_aggregate_total,2022,2300.582
bol,sex_m,age_ythadult_y15_64,mts_aggregate_total,2023,2283.003
bol,sex_m,age_ythadult_y15_64,mts_aggregate_total,2024,2324.307
bol,sex_m,age_ythadult_y15_64,mts_details_mrd,1999,578.94
bol,sex_m,age_ythadult_y15_64,mts_details_mrd,2000,210.533
bol,sex_m,age_ythadult_y15_64,mts_details_mrd,2001,539.069
bol,sex_m,age_ythadult_y15_64,mts_details_mrd,2002,615.109
bol,sex_m,age_ythadult_y15_64,mts_details_mrd,2004,719.298
bol,sex_m,age_ythadult_y15_64,mts_details_mrd,2005,699.495
bol,sex_m,age_ythadult_y15_64,mts_details_mrd,2006,678.493
bol,sex_m,age_ythadult_y15_64,mts_details_mrd,2007,620.477
bol,sex_m,age_ythadult_y15_64,mts_details_mrd,2008,751.472
bol,sex_m,age_ythadult_y15_64,mts_details_mrd,2009,709.198
bol,sex_m,age_ythadult_y15_64,mts_details_mrd,2011,717.984
bol,sex_m,age_ythadult_y15_64,mts_details_mrd,2012,736.2
bol,sex_m,age_ythadult_y15_64,mts_details_mrd,2013,863.559
bol,sex_m,age_ythadult_y15_64,mts_details_mrd,2014,905.375
bol,sex_m,age_ythadult_y15_64,mts_details_mrd,2015,795.655
bol,sex_m,age_ythadult_y15_64,mts_details_mrd,2016,627.038
bol,sex_m,age_ythadult_y15_64,mts_details_mrd,2017,653.393
bol,sex_m,age_ythadult_y15_64,mts_details_mrd,2018,683.763
bol,sex_m,age_ythadult_y15_64,mts_details_mrd,2019,717.676
bol,sex_m,age_ythadult_y15_64,mts_details_mrd,2022,739.096
bol,sex_m,age_ythadult_y15_64,mts_details_mrd,2023,745.518
bol,sex_m,age_ythadult_y15_64,mts_details_mrd,2024,719.509
bol,sex_m,age_ythadult_y15_64,mts_details_sep,1999,14.551
bol,sex_m,age_ythadult_y15_64,mts_details_sep,2000,17.506
bol,sex_m,age_ythadult_y15_64,mts_details_sep,2001,23.551
bol,sex_m,age_ythadult_y15_64,mts_details_sep,2002,21.257
bol,sex_m,age_ythadult_y15_64,mts_details_sep,2004,31.679
bol,sex_m,age_ythadult_y15_64,mts_details_sep,2005,20.495
bol,sex_m,age_ythadult_y15_64,mts_details_sep,2006,31.204
bol,sex_m,age_ythadult_y15_64,mts_details_sep,2007,28.257
bol,sex_m,age_ythadult_y15_64,mts_details_sep,2008,38.99
bol,sex_m,age_ythadult_y15_64,mts_details_sep,2009,24.354
bol,sex_m,age_ythadult_y15_64,mts_details_sep,2011,36.395
bol,sex_m,age_ythadult_y15_64,mts_details_sep,2012,37.598
bol,sex_m,age_ythadult_y15_64,mts_details_sep,2013,45.453
bol,sex_m,age_ythadult_y15_64,mts_details_sep,2014,55.41
bol,sex_m,age_ythadult_y15_64,mts_details_sep,2015,53.869
bol,sex_m,age_ythadult_y15_64,mts_details_sep,2016,48.138
bol,sex_m,age_ythadult_y15_64,mts_details_sep,2017,46.898
bol,sex_m,age_ythadult_y15_64,mts_details_sep,2018,52.433
bol,sex_m,age_ythadult_y15_64,mts_details_sep,2019,53.73
bol,sex_m,age_ythadult_y15_64,mts_details_sep,2022,58.6
bol,sex_m,age_ythadult_y15_64,mts_details_sep,2023,59.674
bol,sex_m,age_ythadult_y15_64,mts_details_sep,2024,65.315
bol,sex_m,age_ythadult_y15_64,mts_details_sgle,1999,238.462
bol,sex_m,age_ythadult_y15_64,mts_details_sgle,2000,510.179
bol,sex_m,age_ythadult_y15_64,mts_details_sgle,2001,428.851
bol,sex_m,age_ythadult_y15_64,mts_details_sgle,2002,462.401
bol,sex_m,age_ythadult_y15_64,mts_details_sgle,2004,495.4
bol,sex_m,age_ythadult_y15_64,mts_details_sgle,2005,362.552
bol,sex_m,age_ythadult_y15_64,mts_details_sgle,2006,416.494
bol,sex_m,age_ythadult_y15_64,mts_details_sgle,2007,439.95
bol,sex_m,age_ythadult_y15_64,mts_details_sgle,2008,460.031
bol,sex_m,age_ythadult_y15_64,mts_details_sgle,2009,468.193
bol,sex_m,age_ythadult_y15_64,mts_details_sgle,2011,540.657
bol,sex_m,age_ythadult_y15_64,mts_details_sgle,2012,490.258
bol,sex_m,age_ythadult_y15_64,mts_details_sgle,2013,591.934
bol,sex_m,age_ythadult_y15_64,mts_details_sgle,2014,656.36
bol,sex_m,age_ythadult_y15_64,mts_details_sgle,2015,528.198
bol,sex_m,age_ythadult_y15_64,mts_details_sgle,2016,448.057
bol,sex_m,age_ythadult_y15_64,mts_details_sgle,2017,474.551
bol,sex_m,age_ythadult_y15_64,mts_details_sgle,2018,500.122
bol,sex_m,age_ythadult_y15_64,mts_details_sgle,2019,537.966
bol,sex_m,age_ythadult_y15_64,mts_details_sgle,2022,765.139
bol,sex_m,age_ythadult_y15_64,mts_details_sgle,2023,777.536
bol,sex_m,age_ythadult_y15_64,mts_details_sgle,2024,829.647
bol,sex_m,age_ythadult_y15_64,mts_details_total,1999,1021.152
bol,sex_m,age_ythadult_y15_64,mts_details_total,2000,1117.235
bol,sex_m,age_ythadult_y15_64,mts_details_total,2001,1249.261
bol,sex_m,age_ythadult_y15_64,mts_details_total,2002,1363.508
bol,sex_m,age_ythadult_y15_64,mts_details_total,2004,1665.014
bol,sex_m,age_ythadult_y15_64,mts_details_total,2005,1384.028
bol,sex_m,age_ythadult_y15_64,mts_details_total,2006,1430.565
bol,sex_m,age_ythadult_y15_64,mts_details_total,2007,1431.556
bol,sex_m,age_ythadult_y15_64,mts_details_total,2008,1598.617
bol,sex_m,age_ythadult_y15_64,mts_details_total,2009,1630.335
bol,sex_m,age_ythadult_y15_64,mts_details_total,2011,1776.741
bol,sex_m,age_ythadult_y15_64,mts_details_total,2012,1692.041
bol,sex_m,age_ythadult_y15_64,mts_details_total,2013,1962.122
bol,sex_m,age_ythadult_y15_64,mts_details_total,2014,2188.976
bol,sex_m,age_ythadult_y15_64,mts_details_total,2015,1908.326
bol,sex_m,age_ythadult_y15_64,mts_details_total,2016,1585.513
bol,sex_m,age_ythadult_y15_64,mts_details_total,2017,1671.296
bol,sex_m,age_ythadult_y15_64,mts_details_total,2018,1758.283
bol,sex_m,age_ythadult_y15_64,mts_details_total,2019,1877.422
bol,sex_m,age_ythadult_y15_64,mts_details_total,2022,2300.582
bol,sex_m,age_ythadult_y15_64,mts_details_total,2023,2283.003
bol,sex_m,age_ythadult_y15_64,mts_details_total,2024,2324.307
bol,sex_m,age_ythadult_y15_64,mts_details_union,1999,161.229
bol,sex_m,age_ythadult_y15_64,mts_details_union,2000,17.315
bol,sex_m,age_ythadult_y15_64,mts_details_union,2001,238.169
bol,sex_m,age_ythadult_y15_64,mts_details_union,2002,242.907
bol,sex_m,age_ythadult_y15_64,mts_details_union,2004,387.981
bol,sex_m,age_ythadult_y15_64,mts_details_union,2005,287.729
bol,sex_m,age_ythadult_y15_64,mts_details_union,2006,280.285
bol,sex_m,age_ythadult_y15_64,mts_details_union,2007,321.07
bol,sex_m,age_ythadult_y15_64,mts_details_union,2008,323.99
bol,sex_m,age_ythadult_y15_64,mts_details_union,2009,401.975
bol,sex_m,age_ythadult_y15_64,mts_details_union,2011,452.005
bol,sex_m,age_ythadult_y15_64,mts_details_union,2012,403.234
bol,sex_m,age_ythadult_y15_64,mts_details_union,2013,433.551
bol,sex_m,age_ythadult_y15_64,mts_details_union,2014,540.564
bol,sex_m,age_ythadult_y15_64,mts_details_union,2015,507.331
bol,sex_m,age_ythadult_y15_64,mts_details_union,2016,439.447
bol,sex_m,age_ythadult_y15_64,mts_details_union,2017,471.93
bol,sex_m,age_ythadult_y15_64,mts_details_union,2018,497.582
bol,sex_m,age_ythadult_y15_64,mts_details_union,2019,541.911
bol,sex_m,age_ythadult_y15_64,mts_details_union,2022,711.181
bol,sex_m,age_ythadult_y15_64,mts_details_union,2023,675.291
bol,sex_m,age_ythadult_y15_64,mts_details_union,2024,681.655
bol,sex_m,age_ythadult_y15_64,mts_details_wid,1999,27.97
bol,sex_m,age_ythadult_y15_64,mts_details_wid,2000,361.702
bol,sex_m,age_ythadult_y15_64,mts_details_wid,2001,19.621
bol,sex_m,age_ythadult_y15_64,mts_details_wid,2002,21.834
bol,sex_m,age_ythadult_y15_64,mts_details_wid,2004,30.656
bol,sex_m,age_ythadult_y15_64,mts_details_wid,2007,21.802
bol,sex_m,age_ythadult_y15_64,mts_details_wid,2008,24.134
bol,sex_m,age_ythadult_y15_64,mts_details_wid,2009,26.615
bol,sex_m,age_ythadult_y15_64,mts_details_wid,2011,29.7
bol,sex_m,age_ythadult_y15_64,mts_details_wid,2013,27.625
bol,sex_m,age_ythadult_y15_64,mts_details_wid,2014,30.477
bol,sex_m,age_ythadult_y15_64,mts_details_wid,2015,23.273
bol,sex_m,age_ythadult_y15_64,mts_details_wid,2016,22.833
bol,sex_m,age_ythadult_y15_64,mts_details_wid,2017,24.522
bol,sex_m,age_ythadult_y15_64,mts_details_wid,2018,24.383
bol,sex_m,age_ythadult_y15_64,mts_details_wid,2019,26.139
bol,sex_m,age_ythadult_y15_64,mts_details_wid,2022,26.566
bol,sex_m,age_ythadult_y15_64,mts_details_wid,2023,24.984
bol,sex_m,age_ythadult_y15_64,mts_details_wid,2024,28.18
bol,sex_m,age_ythadult_yge15,mts_aggregate_1,1999,308.612
bol,sex_m,age_ythadult_yge15,mts_aggregate_1,2000,950.547
bol,sex_m,age_ythadult_yge15,mts_aggregate_1,2001,492.27
bol,sex_m,age_ythadult_yge15,mts_aggregate_1,2002,536.436
bol,sex_m,age_ythadult_yge15,mts_aggregate_1,2004,582.784
bol,sex_m,age_ythadult_yge15,mts_aggregate_1,2005,426.081
bol,sex_m,age_ythadult_yge15,mts_aggregate_1,2006,508.538
bol,sex_m,age_ythadult_yge15,mts_aggregate_1,2007,527.571
bol,sex_m,age_ythadult_yge15,mts_aggregate_1,2008,565.931
bol,sex_m,age_ythadult_yge15,mts_aggregate_1,2009,568.509
bol,sex_m,age_ythadult_yge15,mts_aggregate_1,2011,648.659
bol,sex_m,age_ythadult_yge15,mts_aggregate_1,2012,593.643
bol,sex_m,age_ythadult_yge15,mts_aggregate_1,2013,716.836
bol,sex_m,age_ythadult_yge15,mts_aggregate_1,2014,793.297
bol,sex_m,age_ythadult_yge15,mts_aggregate_1,2015,652.085
bol,sex_m,age_ythadult_yge15,mts_aggregate_1,2016,561.442
bol,sex_m,age_ythadult_yge15,mts_aggregate_1,2017,596.039
bol,sex_m,age_ythadult_yge15,mts_aggregate_1,2018,635.348
bol,sex_m,age_ythadult_yge15,mts_aggregate_1,2019,675.729
bol,sex_m,age_ythadult_yge15,mts_aggregate_1,2022,926.385
bol,sex_m,age_ythadult_yge15,mts_aggregate_1,2023,933.543
bol,sex_m,age_ythadult_yge15,mts_aggregate_1,2024,1005.408
bol,sex_m,age_ythadult_yge15,mts_aggregate_2,1999,829.176
bol,sex_m,age_ythadult_yge15,mts_aggregate_2,2000,251.993
bol,sex_m,age_ythadult_yge15,mts_aggregate_2,2001,850.14
bol,sex_m,age_ythadult_yge15,mts_aggregate_2,2002,922.499
bol,sex_m,age_ythadult_yge15,mts_aggregate_2,2004,1196.959
bol,sex_m,age_ythadult_yge15,mts_aggregate_2,2005,1106.54
bol,sex_m,age_ythadult_yge15,mts_aggregate_2,2006,1059.717
bol,sex_m,age_ythadult_yge15,mts_aggregate_2,2007,1063.18
bol,sex_m,age_ythadult_yge15,mts_aggregate_2,2008,1189.135
bol,sex_m,age_ythadult_yge15,mts_aggregate_2,2009,1226.708
bol,sex_m,age_ythadult_yge15,mts_aggregate_2,2011,1284.879
bol,sex_m,age_ythadult_yge15,mts_aggregate_2,2012,1264.17
bol,sex_m,age_ythadult_yge15,mts_aggregate_2,2013,1465.766
bol,sex_m,age_ythadult_yge15,mts_aggregate_2,2014,1594.805
bol,sex_m,age_ythadult_yge15,mts_aggregate_2,2015,1442.254
bol,sex_m,age_ythadult_yge15,mts_aggregate_2,2016,1192.555
bol,sex_m,age_ythadult_yge15,mts_aggregate_2,2017,1271.804
bol,sex_m,age_ythadult_yge15,mts_aggregate_2,2018,1346.581
bol,sex_m,age_ythadult_yge15,mts_aggregate_2,2019,1417.88
bol,sex_m,age_ythadult_yge15,mts_aggregate_2,2022,1626.84
bol,sex_m,age_ythadult_yge15,mts_aggregate_2,2023,1622.308
bol,sex_m,age_ythadult_yge15,mts_aggregate_2,2024,1610.616
bol,sex_m,age_ythadult_yge15,mts_aggregate_total,1999,1137.788
bol,sex_m,age_ythadult_yge15,mts_aggregate_total,2000,1202.54
bol,sex_m,age_ythadult_yge15,mts_aggregate_total,2001,1342.41
bol,sex_m,age_ythadult_yge15,mts_aggregate_total,2002,1458.935
bol,sex_m,age_ythadult_yge15,mts_aggregate_total,2004,1779.743
bol,sex_m,age_ythadult_yge15,mts_aggregate_total,2005,1532.621
bol,sex_m,age_ythadult_yge15,mts_aggregate_total,2006,1568.255
bol,sex_m,age_ythadult_yge15,mts_aggregate_total,2007,1590.751
bol,sex_m,age_ythadult_yge15,mts_aggregate_total,2008,1755.066
bol,sex_m,age_ythadult_yge15,mts_aggregate_total,2009,1795.217
bol,sex_m,age_ythadult_yge15,mts_aggregate_total,2011,1933.538
bol,sex_m,age_ythadult_yge15,mts_aggregate_total,2012,1857.813
bol,sex_m,age_ythadult_yge15,mts_aggregate_total,2013,2182.602
bol,sex_m,age_ythadult_yge15,mts_aggregate_total,2014,2388.892
bol,sex_m,age_ythadult_yge15,mts_aggregate_total,2015,2094.339
bol,sex_m,age_ythadult_yge15,mts_aggregate_total,2016,1753.998
bol,sex_m,age_ythadult_yge15,mts_aggregate_total,2017,1867.843
bol,sex_m,age_ythadult_yge15,mts_aggregate_total,2018,1981.929
bol,sex_m,age_ythadult_yge15,mts_aggregate_total,2019,2093.609
bol,sex_m,age_ythadult_yge15,mts_aggregate_total,2022,2553.225
bol,sex_m,age_ythadult_yge15,mts_aggregate_total,2023,2555.851
bol,sex_m,age_ythadult_yge15,mts_aggregate_total,2024,2616.025
bol,sex_m,age_ythadult_yge15,mts_details_mrd,1999,661.341
bol,sex_m,age_ythadult_yge15,mts_details_mrd,2000,214.237
bol,sex_m,age_ythadult_yge15,mts_details_mrd,2001,605.626
bol,sex_m,age_ythadult_yge15,mts_details_mrd,2002,673.98
bol,sex_m,age_ythadult_yge15,mts_details_mrd,2004,802.707
bol,sex_m,age_ythadult_yge15,mts_details_mrd,2005,808.395
bol,sex_m,age_ythadult_yge15,mts_details_mrd,2006,771.213
bol,sex_m,age_ythadult_yge15,mts_details_mrd,2007,729.396
bol,sex_m,age_ythadult_yge15,mts_details_mrd,2008,857.611
bol,sex_m,age_ythadult_yge15,mts_details_mrd,2009,813.028
bol,sex_m,age_ythadult_yge15,mts_details_mrd,2011,823.391
bol,sex_m,age_ythadult_yge15,mts_details_mrd,2012,850.753
bol,sex_m,age_ythadult_yge15,mts_details_mrd,2013,1016.249
bol,sex_m,age_ythadult_yge15,mts_details_mrd,2014,1041.967
bol,sex_m,age_ythadult_yge15,mts_details_mrd,2015,923.225
bol,sex_m,age_ythadult_yge15,mts_details_mrd,2016,740.711
bol,sex_m,age_ythadult_yge15,mts_details_mrd,2017,786.365
bol,sex_m,age_ythadult_yge15,mts_details_mrd,2018,834.048
bol,sex_m,age_ythadult_yge15,mts_details_mrd,2019,859.871
bol,sex_m,age_ythadult_yge15,mts_details_mrd,2022,896.718
bol,sex_m,age_ythadult_yge15,mts_details_mrd,2023,927.736
bol,sex_m,age_ythadult_yge15,mts_details_mrd,2024,906.299
bol,sex_m,age_ythadult_yge15,mts_details_sep,1999,16.586
bol,sex_m,age_ythadult_yge15,mts_details_sep,2000,19.763
bol,sex_m,age_ythadult_yge15,mts_details_sep,2001,25.034
bol,sex_m,age_ythadult_yge15,mts_details_sep,2002,22.943
bol,sex_m,age_ythadult_yge15,mts_details_sep,2004,36.287
bol,sex_m,age_ythadult_yge15,mts_details_sep,2005,21.666
bol,sex_m,age_ythadult_yge15,mts_details_sep,2006,34.823
bol,sex_m,age_ythadult_yge15,mts_details_sep,2007,34.549
bol,sex_m,age_ythadult_yge15,mts_details_sep,2008,45.178
bol,sex_m,age_ythadult_yge15,mts_details_sep,2009,33.628
bol,sex_m,age_ythadult_yge15,mts_details_sep,2011,41.054
bol,sex_m,age_ythadult_yge15,mts_details_sep,2012,43.18
bol,sex_m,age_ythadult_yge15,mts_details_sep,2013,52.933
bol,sex_m,age_ythadult_yge15,mts_details_sep,2014,61.758
bol,sex_m,age_ythadult_yge15,mts_details_sep,2015,64.953
bol,sex_m,age_ythadult_yge15,mts_details_sep,2016,55.151
bol,sex_m,age_ythadult_yge15,mts_details_sep,2017,55.843
bol,sex_m,age_ythadult_yge15,mts_details_sep,2018,63.905
bol,sex_m,age_ythadult_yge15,mts_details_sep,2019,65.859
bol,sex_m,age_ythadult_yge15,mts_details_sep,2022,68.728
bol,sex_m,age_ythadult_yge15,mts_details_sep,2023,73.87
bol,sex_m,age_ythadult_yge15,mts_details_sep,2024,80.592
bol,sex_m,age_ythadult_yge15,mts_details_sgle,1999,242.567
bol,sex_m,age_ythadult_yge15,mts_details_sgle,2000,566.981
bol,sex_m,age_ythadult_yge15,mts_details_sgle,2001,432.185
bol,sex_m,age_ythadult_yge15,mts_details_sgle,2002,466.817
bol,sex_m,age_ythadult_yge15,mts_details_sgle,2004,498.161
bol,sex_m,age_ythadult_yge15,mts_details_sgle,2005,366.259
bol,sex_m,age_ythadult_yge15,mts_details_sgle,2006,421.332
bol,sex_m,age_ythadult_yge15,mts_details_sgle,2007,446.269
bol,sex_m,age_ythadult_yge15,mts_details_sgle,2008,464.95
bol,sex_m,age_ythadult_yge15,mts_details_sgle,2009,471.916
bol,sex_m,age_ythadult_yge15,mts_details_sgle,2011,546.067
bol,sex_m,age_ythadult_yge15,mts_details_sgle,2012,497.46
bol,sex_m,age_ythadult_yge15,mts_details_sgle,2013,599.088
bol,sex_m,age_ythadult_yge15,mts_details_sgle,2014,660.95
bol,sex_m,age_ythadult_yge15,mts_details_sgle,2015,533.609
bol,sex_m,age_ythadult_yge15,mts_details_sgle,2016,453.5
bol,sex_m,age_ythadult_yge15,mts_details_sgle,2017,481.387
bol,sex_m,age_ythadult_yge15,mts_details_sgle,2018,507.455
bol,sex_m,age_ythadult_yge15,mts_details_sgle,2019,545.444
bol,sex_m,age_ythadult_yge15,mts_details_sgle,2022,780.427
bol,sex_m,age_ythadult_yge15,mts_details_sgle,2023,792.675
bol,sex_m,age_ythadult_yge15,mts_details_sgle,2024,845.217
bol,sex_m,age_ythadult_yge15,mts_details_total,1999,1137.788
bol,sex_m,age_ythadult_yge15,mts_details_total,2000,1202.54
bol,sex_m,age_ythadult_yge15,mts_details_total,2001,1342.41
bol,sex_m,age_ythadult_yge15,mts_details_total,2002,1458.935
bol,sex_m,age_ythadult_yge15,mts_details_total,2004,1779.743
bol,sex_m,age_ythadult_yge15,mts_details_total,2005,1532.621
bol,sex_m,age_ythadult_yge15,mts_details_total,2006,1568.255
bol,sex_m,age_ythadult_yge15,mts_details_total,2007,1590.751
bol,sex_m,age_ythadult_yge15,mts_details_total,2008,1755.066
bol,sex_m,age_ythadult_yge15,mts_details_total,2009,1795.217
bol,sex_m,age_ythadult_yge15,mts_details_total,2011,1933.538
bol,sex_m,age_ythadult_yge15,mts_details_total,2012,1857.813
bol,sex_m,age_ythadult_yge15,mts_details_total,2013,2182.602
bol,sex_m,age_ythadult_yge15,mts_details_total,2014,2388.892
bol,sex_m,age_ythadult_yge15,mts_details_total,2015,2094.339
bol,sex_m,age_ythadult_yge15,mts_details_total,2016,1753.998
bol,sex_m,age_ythadult_yge15,mts_details_total,2017,1867.843
bol,sex_m,age_ythadult_yge15,mts_details_total,2018,1981.929
bol,sex_m,age_ythadult_yge15,mts_details_total,2019,2093.609
bol,sex_m,age_ythadult_yge15,mts_details_total,2022,2553.225
bol,sex_m,age_ythadult_yge15,mts_details_total,2023,2555.851
bol,sex_m,age_ythadult_yge15,mts_details_total,2024,2616.025
bol,sex_m,age_ythadult_yge15,mts_details_union,1999,167.835
bol,sex_m,age_ythadult_yge15,mts_details_union,2000,37.756
bol,sex_m,age_ythadult_yge15,mts_details_union,2001,244.514
bol,sex_m,age_ythadult_yge15,mts_details_union,2002,248.519
bol,sex_m,age_ythadult_yge15,mts_details_union,2004,394.252
bol,sex_m,age_ythadult_yge15,mts_details_union,2005,298.145
bol,sex_m,age_ythadult_yge15,mts_details_union,2006,288.504
bol,sex_m,age_ythadult_yge15,mts_details_union,2007,333.784
bol,sex_m,age_ythadult_yge15,mts_details_union,2008,331.524
bol,sex_m,age_ythadult_yge15,mts_details_union,2009,413.68
bol,sex_m,age_ythadult_yge15,mts_details_union,2011,461.488
bol,sex_m,age_ythadult_yge15,mts_details_union,2012,413.417
bol,sex_m,age_ythadult_yge15,mts_details_union,2013,449.517
bol,sex_m,age_ythadult_yge15,mts_details_union,2014,552.838
bol,sex_m,age_ythadult_yge15,mts_details_union,2015,519.029
bol,sex_m,age_ythadult_yge15,mts_details_union,2016,451.845
bol,sex_m,age_ythadult_yge15,mts_details_union,2017,485.439
bol,sex_m,age_ythadult_yge15,mts_details_union,2018,512.532
bol,sex_m,age_ythadult_yge15,mts_details_union,2019,558.009
bol,sex_m,age_ythadult_yge15,mts_details_union,2022,730.122
bol,sex_m,age_ythadult_yge15,mts_details_union,2023,694.572
bol,sex_m,age_ythadult_yge15,mts_details_union,2024,704.317
bol,sex_m,age_ythadult_yge15,mts_details_wid,1999,49.459
bol,sex_m,age_ythadult_yge15,mts_details_wid,2000,363.803
bol,sex_m,age_ythadult_yge15,mts_details_wid,2001,35.051
bol,sex_m,age_ythadult_yge15,mts_details_wid,2002,46.676
bol,sex_m,age_ythadult_yge15,mts_details_wid,2004,48.336
bol,sex_m,age_ythadult_yge15,mts_details_wid,2005,38.156
bol,sex_m,age_ythadult_yge15,mts_details_wid,2006,52.383
bol,sex_m,age_ythadult_yge15,mts_details_wid,2007,46.753
bol,sex_m,age_ythadult_yge15,mts_details_wid,2008,55.803
bol,sex_m,age_ythadult_yge15,mts_details_wid,2009,62.965
bol,sex_m,age_ythadult_yge15,mts_details_wid,2011,61.538
bol,sex_m,age_ythadult_yge15,mts_details_wid,2012,53.003
bol,sex_m,age_ythadult_yge15,mts_details_wid,2013,64.815
bol,sex_m,age_ythadult_yge15,mts_details_wid,2014,70.589
bol,sex_m,age_ythadult_yge15,mts_details_wid,2015,53.523
bol,sex_m,age_ythadult_yge15,mts_details_wid,2016,52.792
bol,sex_m,age_ythadult_yge15,mts_details_wid,2017,58.81
bol,sex_m,age_ythadult_yge15,mts_details_wid,2018,63.988
bol,sex_m,age_ythadult_yge15,mts_details_wid,2019,64.426
bol,sex_m,age_ythadult_yge15,mts_details_wid,2022,77.231
bol,sex_m,age_ythadult_yge15,mts_details_wid,2023,66.998
bol,sex_m,age_ythadult_yge15,mts_details_wid,2024,79.6
bol,sex_m,age_ythadult_yge25,mts_aggregate_1,1999,135.116
bol,sex_m,age_ythadult_yge25,mts_aggregate_1,2000,655.183
bol,sex_m,age_ythadult_yge25,mts_aggregate_1,2001,161.469
bol,sex_m,age_ythadult_yge25,mts_aggregate_1,2002,181.445
bol,sex_m,age_ythadult_yge25,mts_aggregate_1,2004,217.915
bol,sex_m,age_ythadult_yge25,mts_aggregate_1,2005,178.408
bol,sex_m,age_ythadult_yge25,mts_aggregate_1,2006,198.392
bol,sex_m,age_ythadult_yge25,mts_aggregate_1,2007,214.001
bol,sex_m,age_ythadult_yge25,mts_aggregate_1,2008,253.418
bol,sex_m,age_ythadult_yge25,mts_aggregate_1,2009,256.021
bol,sex_m,age_ythadult_yge25,mts_aggregate_1,2011,288.707
bol,sex_m,age_ythadult_yge25,mts_aggregate_1,2012,284.843
bol,sex_m,age_ythadult_yge25,mts_aggregate_1,2013,391.537
bol,sex_m,age_ythadult_yge25,mts_aggregate_1,2014,395.054
bol,sex_m,age_ythadult_yge25,mts_aggregate_1,2015,338.803
bol,sex_m,age_ythadult_yge25,mts_aggregate_1,2016,282.724
bol,sex_m,age_ythadult_yge25,mts_aggregate_1,2017,296.708
bol,sex_m,age_ythadult_yge25,mts_aggregate_1,2018,322.718
bol,sex_m,age_ythadult_yge25,mts_aggregate_1,2019,339.547
bol,sex_m,age_ythadult_yge25,mts_aggregate_1,2022,466.329
bol,sex_m,age_ythadult_yge25,mts_aggregate_1,2023,481.684
bol,sex_m,age_ythadult_yge25,mts_aggregate_1,2024,533.09
bol,sex_m,age_ythadult_yge25,mts_aggregate_2,1999,785.223
bol,sex_m,age_ythadult_yge25,mts_aggregate_2,2000,193.648
bol,sex_m,age_ythadult_yge25,mts_aggregate_2,2001,756.63
bol,sex_m,age_ythadult_yge25,mts_aggregate_2,2002,831.514
bol,sex_m,age_ythadult_yge25,mts_aggregate_2,2004,1082.117
bol,sex_m,age_ythadult_yge25,mts_aggregate_2,2005,1040.436
bol,sex_m,age_ythadult_yge25,mts_aggregate_2,2006,988.426
bol,sex_m,age_ythadult_yge25,mts_aggregate_2,2007,967.692
bol,sex_m,age_ythadult_yge25,mts_aggregate_2,2008,1116.606
bol,sex_m,age_ythadult_yge25,mts_aggregate_2,2009,1130.242
bol,sex_m,age_ythadult_yge25,mts_aggregate_2,2011,1180.365
bol,sex_m,age_ythadult_yge25,mts_aggregate_2,2012,1167.884
bol,sex_m,age_ythadult_yge25,mts_aggregate_2,2013,1381.156
bol,sex_m,age_ythadult_yge25,mts_aggregate_2,2014,1479.576
bol,sex_m,age_ythadult_yge25,mts_aggregate_2,2015,1343.14
bol,sex_m,age_ythadult_yge25,mts_aggregate_2,2016,1115.579
bol,sex_m,age_ythadult_yge25,mts_aggregate_2,2017,1191.889
bol,sex_m,age_ythadult_yge25,mts_aggregate_2,2018,1265.432
bol,sex_m,age_ythadult_yge25,mts_aggregate_2,2019,1333.944
bol,sex_m,age_ythadult_yge25,mts_aggregate_2,2022,1537.143
bol,sex_m,age_ythadult_yge25,mts_aggregate_2,2023,1535.58
bol,sex_m,age_ythadult_yge25,mts_aggregate_2,2024,1532.392
bol,sex_m,age_ythadult_yge25,mts_aggregate_total,1999,920.339
bol,sex_m,age_ythadult_yge25,mts_aggregate_total,2000,848.831
bol,sex_m,age_ythadult_yge25,mts_aggregate_total,2001,918.099
bol,sex_m,age_ythadult_yge25,mts_aggregate_total,2002,1012.959
bol,sex_m,age_ythadult_yge25,mts_aggregate_total,2004,1300.032
bol,sex_m,age_ythadult_yge25,mts_aggregate_total,2005,1218.844
bol,sex_m,age_ythadult_yge25,mts_aggregate_total,2006,1186.818
bol,sex_m,age_ythadult_yge25,mts_aggregate_total,2007,1181.693
bol,sex_m,age_ythadult_yge25,mts_aggregate_total,2008,1370.024
bol,sex_m,age_ythadult_yge25,mts_aggregate_total,2009,1386.263
bol,sex_m,age_ythadult_yge25,mts_aggregate_total,2011,1469.072
bol,sex_m,age_ythadult_yge25,mts_aggregate_total,2012,1452.727
bol,sex_m,age_ythadult_yge25,mts_aggregate_total,2013,1772.693
bol,sex_m,age_ythadult_yge25,mts_aggregate_total,2014,1875.42
bol,sex_m,age_ythadult_yge25,mts_aggregate_total,2015,1681.943
bol,sex_m,age_ythadult_yge25,mts_aggregate_total,2016,1398.303
bol,sex_m,age_ythadult_yge25,mts_aggregate_total,2017,1488.597
bol,sex_m,age_ythadult_yge25,mts_aggregate_total,2018,1588.15
bol,sex_m,age_ythadult_yge25,mts_aggregate_total,2019,1673.492
bol,sex_m,age_ythadult_yge25,mts_aggregate_total,2022,2003.473
bol,sex_m,age_ythadult_yge25,mts_aggregate_total,2023,2017.264
bol,sex_m,age_ythadult_yge25,mts_aggregate_total,2024,2065.482
bol,sex_m,age_ythadult_yge25,mts_details_mrd,1999,641.178
bol,sex_m,age_ythadult_yge25,mts_details_mrd,2000,157.473
bol,sex_m,age_ythadult_yge25,mts_details_mrd,2001,571.095
bol,sex_m,age_ythadult_yge25,mts_details_mrd,2002,640.977
bol,sex_m,age_ythadult_yge25,mts_details_mrd,2004,773.542
bol,sex_m,age_ythadult_yge25,mts_details_mrd,2005,790.101
bol,sex_m,age_ythadult_yge25,mts_details_mrd,2006,760.489
bol,sex_m,age_ythadult_yge25,mts_details_mrd,2007,707.585
bol,sex_m,age_ythadult_yge25,mts_details_mrd,2008,841.634
bol,sex_m,age_ythadult_yge25,mts_details_mrd,2009,790.934
bol,sex_m,age_ythadult_yge25,mts_details_mrd,2011,800.251
bol,sex_m,age_ythadult_yge25,mts_details_mrd,2012,828.695
bol,sex_m,age_ythadult_yge25,mts_details_mrd,2013,996.969
bol,sex_m,age_ythadult_yge25,mts_details_mrd,2014,1014.826
bol,sex_m,age_ythadult_yge25,mts_details_mrd,2015,904.521
bol,sex_m,age_ythadult_yge25,mts_details_mrd,2016,730.62
bol,sex_m,age_ythadult_yge25,mts_details_mrd,2017,775.854
bol,sex_m,age_ythadult_yge25,mts_details_mrd,2018,824.92
bol,sex_m,age_ythadult_yge25,mts_details_mrd,2019,849.339
bol,sex_m,age_ythadult_yge25,mts_details_mrd,2022,887.743
bol,sex_m,age_ythadult_yge25,mts_details_mrd,2023,920.066
bol,sex_m,age_ythadult_yge25,mts_details_mrd,2024,899.701
bol,sex_m,age_ythadult_yge25,mts_details_sep,1999,15.688
bol,sex_m,age_ythadult_yge25,mts_details_sep,2000,19.469
bol,sex_m,age_ythadult_yge25,mts_details_sep,2001,23.663
bol,sex_m,age_ythadult_yge25,mts_details_sep,2002,21.708
bol,sex_m,age_ythadult_yge25,mts_details_sep,2004,32.202
bol,sex_m,age_ythadult_yge25,mts_details_sep,2005,21.362
bol,sex_m,age_ythadult_yge25,mts_details_sep,2006,33.929
bol,sex_m,age_ythadult_yge25,mts_details_sep,2007,34.549
bol,sex_m,age_ythadult_yge25,mts_details_sep,2008,45.178
bol,sex_m,age_ythadult_yge25,mts_details_sep,2009,33.628
bol,sex_m,age_ythadult_yge25,mts_details_sep,2011,40.744
bol,sex_m,age_ythadult_yge25,mts_details_sep,2012,42.632
bol,sex_m,age_ythadult_yge25,mts_details_sep,2013,52.086
bol,sex_m,age_ythadult_yge25,mts_details_sep,2014,59.358
bol,sex_m,age_ythadult_yge25,mts_details_sep,2015,64.598
bol,sex_m,age_ythadult_yge25,mts_details_sep,2016,54.34
bol,sex_m,age_ythadult_yge25,mts_details_sep,2017,54.705
bol,sex_m,age_ythadult_yge25,mts_details_sep,2018,63.205
bol,sex_m,age_ythadult_yge25,mts_details_sep,2019,65.071
bol,sex_m,age_ythadult_yge25,mts_details_sep,2022,68.461
bol,sex_m,age_ythadult_yge25,mts_details_sep,2023,72.794
bol,sex_m,age_ythadult_yge25,mts_details_sep,2024,80.488
bol,sex_m,age_ythadult_yge25,mts_details_sgle,1999,71.163
bol,sex_m,age_ythadult_yge25,mts_details_sgle,2000,541.465
bol,sex_m,age_ythadult_yge25,mts_details_sgle,2001,102.755
bol,sex_m,age_ythadult_yge25,mts_details_sgle,2002,113.061
bol,sex_m,age_ythadult_yge25,mts_details_sgle,2004,137.377
bol,sex_m,age_ythadult_yge25,mts_details_sgle,2005,118.89
bol,sex_m,age_ythadult_yge25,mts_details_sgle,2006,112.08
bol,sex_m,age_ythadult_yge25,mts_details_sgle,2007,132.699
bol,sex_m,age_ythadult_yge25,mts_details_sgle,2008,152.437
bol,sex_m,age_ythadult_yge25,mts_details_sgle,2009,160.644
bol,sex_m,age_ythadult_yge25,mts_details_sgle,2011,186.556
bol,sex_m,age_ythadult_yge25,mts_details_sgle,2012,189.208
bol,sex_m,age_ythadult_yge25,mts_details_sgle,2013,274.939
bol,sex_m,age_ythadult_yge25,mts_details_sgle,2014,265.275
bol,sex_m,age_ythadult_yge25,mts_details_sgle,2015,220.682
bol,sex_m,age_ythadult_yge25,mts_details_sgle,2016,175.591
bol,sex_m,age_ythadult_yge25,mts_details_sgle,2017,183.193
bol,sex_m,age_ythadult_yge25,mts_details_sgle,2018,195.525
bol,sex_m,age_ythadult_yge25,mts_details_sgle,2019,210.05
bol,sex_m,age_ythadult_yge25,mts_details_sgle,2022,320.638
bol,sex_m,age_ythadult_yge25,mts_details_sgle,2023,341.892
bol,sex_m,age_ythadult_yge25,mts_details_sgle,2024,373.003
bol,sex_m,age_ythadult_yge25,mts_details_total,1999,920.339
bol,sex_m,age_ythadult_yge25,mts_details_total,2000,848.831
bol,sex_m,age_ythadult_yge25,mts_details_total,2001,918.099
bol,sex_m,age_ythadult_yge25,mts_details_total,2002,1012.959
bol,sex_m,age_ythadult_yge25,mts_details_total,2004,1300.032
bol,sex_m,age_ythadult_yge25,mts_details_total,2005,1218.844
bol,sex_m,age_ythadult_yge25,mts_details_total,2006,1186.818
bol,sex_m,age_ythadult_yge25,mts_details_total,2007,1181.693
bol,sex_m,age_ythadult_yge25,mts_details_total,2008,1370.024
bol,sex_m,age_ythadult_yge25,mts_details_total,2009,1386.263
bol,sex_m,age_ythadult_yge25,mts_details_total,2011,1469.072
bol,sex_m,age_ythadult_yge25,mts_details_total,2012,1452.727
bol,sex_m,age_ythadult_yge25,mts_details_total,2013,1772.693
bol,sex_m,age_ythadult_yge25,mts_details_total,2014,1875.42
bol,sex_m,age_ythadult_yge25,mts_details_total,2015,1681.943
bol,sex_m,age_ythadult_yge25,mts_details_total,2016,1398.303
bol,sex_m,age_ythadult_yge25,mts_details_total,2017,1488.597
bol,sex_m,age_ythadult_yge25,mts_details_total,2018,1588.15
bol,sex_m,age_ythadult_yge25,mts_details_total,2019,1673.492
bol,sex_m,age_ythadult_yge25,mts_details_total,2022,2003.473
bol,sex_m,age_ythadult_yge25,mts_details_total,2023,2017.264
bol,sex_m,age_ythadult_yge25,mts_details_total,2024,2065.482
bol,sex_m,age_ythadult_yge25,mts_details_union,1999,144.045
bol,sex_m,age_ythadult_yge25,mts_details_union,2000,36.175
bol,sex_m,age_ythadult_yge25,mts_details_union,2001,185.535
bol,sex_m,age_ythadult_yge25,mts_details_union,2002,190.537
bol,sex_m,age_ythadult_yge25,mts_details_union,2004,308.575
bol,sex_m,age_ythadult_yge25,mts_details_union,2005,250.335
bol,sex_m,age_ythadult_yge25,mts_details_union,2006,227.937
bol,sex_m,age_ythadult_yge25,mts_details_union,2007,260.107
bol,sex_m,age_ythadult_yge25,mts_details_union,2008,274.972
bol,sex_m,age_ythadult_yge25,mts_details_union,2009,339.308
bol,sex_m,age_ythadult_yge25,mts_details_union,2011,380.114
bol,sex_m,age_ythadult_yge25,mts_details_union,2012,339.189
bol,sex_m,age_ythadult_yge25,mts_details_union,2013,384.187
bol,sex_m,age_ythadult_yge25,mts_details_union,2014,464.75
bol,sex_m,age_ythadult_yge25,mts_details_union,2015,438.619
bol,sex_m,age_ythadult_yge25,mts_details_union,2016,384.959
bol,sex_m,age_ythadult_yge25,mts_details_union,2017,416.035
bol,sex_m,age_ythadult_yge25,mts_details_union,2018,440.512
bol,sex_m,age_ythadult_yge25,mts_details_union,2019,484.605
bol,sex_m,age_ythadult_yge25,mts_details_union,2022,649.4
bol,sex_m,age_ythadult_yge25,mts_details_union,2023,615.514
bol,sex_m,age_ythadult_yge25,mts_details_union,2024,632.691
bol,sex_m,age_ythadult_yge25,mts_details_wid,1999,48.265
bol,sex_m,age_ythadult_yge25,mts_details_wid,2000,94.249
bol,sex_m,age_ythadult_yge25,mts_details_wid,2001,35.051
bol,sex_m,age_ythadult_yge25,mts_details_wid,2002,46.676
bol,sex_m,age_ythadult_yge25,mts_details_wid,2004,48.336
bol,sex_m,age_ythadult_yge25,mts_details_wid,2005,38.156
bol,sex_m,age_ythadult_yge25,mts_details_wid,2006,52.383
bol,sex_m,age_ythadult_yge25,mts_details_wid,2007,46.753
bol,sex_m,age_ythadult_yge25,mts_details_wid,2008,55.803
bol,sex_m,age_ythadult_yge25,mts_details_wid,2009,61.749
bol,sex_m,age_ythadult_yge25,mts_details_wid,2011,61.407
bol,sex_m,age_ythadult_yge25,mts_details_wid,2012,53.003
bol,sex_m,age_ythadult_yge25,mts_details_wid,2013,64.512
bol,sex_m,age_ythadult_yge25,mts_details_wid,2014,70.421
bol,sex_m,age_ythadult_yge25,mts_details_wid,2015,53.523
bol,sex_m,age_ythadult_yge25,mts_details_wid,2016,52.792
bol,sex_m,age_ythadult_yge25,mts_details_wid,2017,58.81
bol,sex_m,age_ythadult_yge25,mts_details_wid,2018,63.988
bol,sex_m,age_ythadult_yge25,mts_details_wid,2019,64.426
bol,sex_m,age_ythadult_yge25,mts_details_wid,2022,77.231
bol,sex_m,age_ythadult_yge25,mts_details_wid,2023,66.998
bol,sex_m,age_ythadult_yge25,mts_details_wid,2024,79.6
bol,sex_t,age_10yrbands_total,mts_aggregate_1,1999,731.279
bol,sex_t,age_10yrbands_total,mts_aggregate_1,2000,1788.85
bol,sex_t,age_10yrbands_total,mts_aggregate_1,2001,982.382
bol,sex_t,age_10yrbands_total,mts_aggregate_1,2002,1002.467
bol,sex_t,age_10yrbands_total,mts_aggregate_1,2004,1211.854
bol,sex_t,age_10yrbands_total,mts_aggregate_1,2005,946.478
bol,sex_t,age_10yrbands_total,mts_aggregate_1,2006,1020.408
bol,sex_t,age_10yrbands_total,mts_aggregate_1,2007,1142.256
bol,sex_t,age_10yrbands_total,mts_aggregate_1,2008,1147.889
bol,sex_t,age_10yrbands_total,mts_aggregate_1,2009,1133.668
bol,sex_t,age_10yrbands_total,mts_aggregate_1,2011,1238.34
bol,sex_t,age_10yrbands_total,mts_aggregate_1,2012,1171.914
bol,sex_t,age_10yrbands_total,mts_aggregate_1,2013,1428.98
bol,sex_t,age_10yrbands_total,mts_aggregate_1,2014,1505.443
bol,sex_t,age_10yrbands_total,mts_aggregate_1,2015,1266.617
bol,sex_t,age_10yrbands_total,mts_aggregate_1,2016,1102.167
bol,sex_t,age_10yrbands_total,mts_aggregate_1,2017,1199.145
bol,sex_t,age_10yrbands_total,mts_aggregate_1,2018,1298.736
bol,sex_t,age_10yrbands_total,mts_aggregate_1,2019,1367.739
bol,sex_t,age_10yrbands_total,mts_aggregate_1,2022,1908.36
bol,sex_t,age_10yrbands_total,mts_aggregate_1,2023,1928.323
bol,sex_t,age_10yrbands_total,mts_aggregate_1,2024,2071.086
bol,sex_t,age_10yrbands_total,mts_aggregate_2,1999,1567.681
bol,sex_t,age_10yrbands_total,mts_aggregate_2,2000,451.069
bol,sex_t,age_10yrbands_total,mts_aggregate_2,2001,1532.058
bol,sex_t,age_10yrbands_total,mts_aggregate_2,2002,1605.062
bol,sex_t,age_10yrbands_total,mts_aggregate_2,2004,2127.345
bol,sex_t,age_10yrbands_total,mts_aggregate_2,2005,1951.664
bol,sex_t,age_10yrbands_total,mts_aggregate_2,2006,1954.702
bol,sex_t,age_10yrbands_total,mts_aggregate_2,2007,1952.892
bol,sex_t,age_10yrbands_total,mts_aggregate_2,2008,2155.425
bol,sex_t,age_10yrbands_total,mts_aggregate_2,2009,2211.034
bol,sex_t,age_10yrbands_total,mts_aggregate_2,2011,2282.335
bol,sex_t,age_10yrbands_total,mts_aggregate_2,2012,2185.704
bol,sex_t,age_10yrbands_total,mts_aggregate_2,2013,2463.467
bol,sex_t,age_10yrbands_total,mts_aggregate_2,2014,2692.086
bol,sex_t,age_10yrbands_total,mts_aggregate_2,2015,2363.583
bol,sex_t,age_10yrbands_total,mts_aggregate_2,2016,2037.934
bol,sex_t,age_10yrbands_total,mts_aggregate_2,2017,2201.808
bol,sex_t,age_10yrbands_total,mts_aggregate_2,2018,2440.475
bol,sex_t,age_10yrbands_total,mts_aggregate_2,2019,2568.999
bol,sex_t,age_10yrbands_total,mts_aggregate_2,2022,3016.36
bol,sex_t,age_10yrbands_total,mts_aggregate_2,2023,3062.973
bol,sex_t,age_10yrbands_total,mts_aggregate_2,2024,3088.038
bol,sex_t,age_10yrbands_total,mts_aggregate_total,1999,2298.96
bol,sex_t,age_10yrbands_total,mts_aggregate_total,2000,2239.919
bol,sex_t,age_10yrbands_total,mts_aggregate_total,2001,2514.44
bol,sex_t,age_10yrbands_total,mts_aggregate_total,2002,2607.529
bol,sex_t,age_10yrbands_total,mts_aggregate_total,2004,3339.199
bol,sex_t,age_10yrbands_total,mts_aggregate_total,2005,2898.142
bol,sex_t,age_10yrbands_total,mts_aggregate_total,2006,2975.11
bol,sex_t,age_10yrbands_total,mts_aggregate_total,2007,3095.148
bol,sex_t,age_10yrbands_total,mts_aggregate_total,2008,3303.314
bol,sex_t,age_10yrbands_total,mts_aggregate_total,2009,3345.188
bol,sex_t,age_10yrbands_total,mts_aggregate_total,2011,3520.675
bol,sex_t,age_10yrbands_total,mts_aggregate_total,2012,3357.618
bol,sex_t,age_10yrbands_total,mts_aggregate_total,2013,3892.447
bol,sex_t,age_10yrbands_total,mts_aggregate_total,2014,4198.975
bol,sex_t,age_10yrbands_total,mts_aggregate_total,2015,3630.2
bol,sex_t,age_10yrbands_total,mts_aggregate_total,2016,3140.102
bol,sex_t,age_10yrbands_total,mts_aggregate_total,2017,3400.953
bol,sex_t,age_10yrbands_total,mts_aggregate_total,2018,3739.211
bol,sex_t,age_10yrbands_total,mts_aggregate_total,2019,3936.738
bol,sex_t,age_10yrbands_total,mts_aggregate_total,2022,4924.721
bol,sex_t,age_10yrbands_total,mts_aggregate_total,2023,4991.296
bol,sex_t,age_10yrbands_total,mts_aggregate_total,2024,5159.124
bol,sex_t,age_10yrbands_total,mts_details_mrd,1999,1260.58
bol,sex_t,age_10yrbands_total,mts_details_mrd,2000,336.866
bol,sex_t,age_10yrbands_total,mts_details_mrd,2001,1117.63
bol,sex_t,age_10yrbands_total,mts_details_mrd,2002,1208.861
bol,sex_t,age_10yrbands_total,mts_details_mrd,2004,1479.363
bol,sex_t,age_10yrbands_total,mts_details_mrd,2005,1467.514
bol,sex_t,age_10yrbands_total,mts_details_mrd,2006,1464.657
bol,sex_t,age_10yrbands_total,mts_details_mrd,2007,1405.67
bol,sex_t,age_10yrbands_total,mts_details_mrd,2008,1600.406
bol,sex_t,age_10yrbands_total,mts_details_mrd,2009,1503.187
bol,sex_t,age_10yrbands_total,mts_details_mrd,2011,1525.175
bol,sex_t,age_10yrbands_total,mts_details_mrd,2012,1493.234
bol,sex_t,age_10yrbands_total,mts_details_mrd,2013,1758.597
bol,sex_t,age_10yrbands_total,mts_details_mrd,2014,1811.131
bol,sex_t,age_10yrbands_total,mts_details_mrd,2015,1567.253
bol,sex_t,age_10yrbands_total,mts_details_mrd,2016,1320.452
bol,sex_t,age_10yrbands_total,mts_details_mrd,2017,1434.914
bol,sex_t,age_10yrbands_total,mts_details_mrd,2018,1575.988
bol,sex_t,age_10yrbands_total,mts_details_mrd,2019,1613.245
bol,sex_t,age_10yrbands_total,mts_details_mrd,2022,1729.019
bol,sex_t,age_10yrbands_total,mts_details_mrd,2023,1814.251
bol,sex_t,age_10yrbands_total,mts_details_mrd,2024,1783.656
bol,sex_t,age_10yrbands_total,mts_details_sep,1999,78.693
bol,sex_t,age_10yrbands_total,mts_details_sep,2000,69.64
bol,sex_t,age_10yrbands_total,mts_details_sep,2001,75.459
bol,sex_t,age_10yrbands_total,mts_details_sep,2002,71.61
bol,sex_t,age_10yrbands_total,mts_details_sep,2004,139.135
bol,sex_t,age_10yrbands_total,mts_details_sep,2005,89.102
bol,sex_t,age_10yrbands_total,mts_details_sep,2006,109.624
bol,sex_t,age_10yrbands_total,mts_details_sep,2007,130.376
bol,sex_t,age_10yrbands_total,mts_details_sep,2008,145.548
bol,sex_t,age_10yrbands_total,mts_details_sep,2009,132.927
bol,sex_t,age_10yrbands_total,mts_details_sep,2011,124.374
bol,sex_t,age_10yrbands_total,mts_details_sep,2012,144.342
bol,sex_t,age_10yrbands_total,mts_details_sep,2013,170.731
bol,sex_t,age_10yrbands_total,mts_details_sep,2014,185.197
bol,sex_t,age_10yrbands_total,mts_details_sep,2015,176.622
bol,sex_t,age_10yrbands_total,mts_details_sep,2016,164.077
bol,sex_t,age_10yrbands_total,mts_details_sep,2017,180.405
bol,sex_t,age_10yrbands_total,mts_details_sep,2018,186.866
bol,sex_t,age_10yrbands_total,mts_details_sep,2019,190.829
bol,sex_t,age_10yrbands_total,mts_details_sep,2022,218.492
bol,sex_t,age_10yrbands_total,mts_details_sep,2023,226.297
bol,sex_t,age_10yrbands_total,mts_details_sep,2024,229.251
bol,sex_t,age_10yrbands_total,mts_details_sgle,1999,479.832
bol,sex_t,age_10yrbands_total,mts_details_sgle,2000,1044.262
bol,sex_t,age_10yrbands_total,mts_details_sgle,2001,782.463
bol,sex_t,age_10yrbands_total,mts_details_sgle,2002,806.421
bol,sex_t,age_10yrbands_total,mts_details_sgle,2004,884.439
bol,sex_t,age_10yrbands_total,mts_details_sgle,2005,685.442
bol,sex_t,age_10yrbands_total,mts_details_sgle,2006,767.391
bol,sex_t,age_10yrbands_total,mts_details_sgle,2007,818.568
bol,sex_t,age_10yrbands_total,mts_details_sgle,2008,829.238
bol,sex_t,age_10yrbands_total,mts_details_sgle,2009,817.305
bol,sex_t,age_10yrbands_total,mts_details_sgle,2011,940.968
bol,sex_t,age_10yrbands_total,mts_details_sgle,2012,863.099
bol,sex_t,age_10yrbands_total,mts_details_sgle,2013,1049.155
bol,sex_t,age_10yrbands_total,mts_details_sgle,2014,1119.15
bol,sex_t,age_10yrbands_total,mts_details_sgle,2015,916.95
bol,sex_t,age_10yrbands_total,mts_details_sgle,2016,776.172
bol,sex_t,age_10yrbands_total,mts_details_sgle,2017,834.564
bol,sex_t,age_10yrbands_total,mts_details_sgle,2018,908.23
bol,sex_t,age_10yrbands_total,mts_details_sgle,2019,975.082
bol,sex_t,age_10yrbands_total,mts_details_sgle,2022,1456.753
bol,sex_t,age_10yrbands_total,mts_details_sgle,2023,1472.495
bol,sex_t,age_10yrbands_total,mts_details_sgle,2024,1584.65
bol,sex_t,age_10yrbands_total,mts_details_total,1999,2298.96
bol,sex_t,age_10yrbands_total,mts_details_total,2000,2239.919
bol,sex_t,age_10yrbands_total,mts_details_total,2001,2514.44
bol,sex_t,age_10yrbands_total,mts_details_total,2002,2607.529
bol,sex_t,age_10yrbands_total,mts_details_total,2004,3339.199
bol,sex_t,age_10yrbands_total,mts_details_total,2005,2898.142
bol,sex_t,age_10yrbands_total,mts_details_total,2006,2975.11
bol,sex_t,age_10yrbands_total,mts_details_total,2007,3095.148
bol,sex_t,age_10yrbands_total,mts_details_total,2008,3303.314
bol,sex_t,age_10yrbands_total,mts_details_total,2009,3345.188
bol,sex_t,age_10yrbands_total,mts_details_total,2011,3520.675
bol,sex_t,age_10yrbands_total,mts_details_total,2012,3357.618
bol,sex_t,age_10yrbands_total,mts_details_total,2013,3892.447
bol,sex_t,age_10yrbands_total,mts_details_total,2014,4198.975
bol,sex_t,age_10yrbands_total,mts_details_total,2015,3630.2
bol,sex_t,age_10yrbands_total,mts_details_total,2016,3140.102
bol,sex_t,age_10yrbands_total,mts_details_total,2017,3400.953
bol,sex_t,age_10yrbands_total,mts_details_total,2018,3739.211
bol,sex_t,age_10yrbands_total,mts_details_total,2019,3936.738
bol,sex_t,age_10yrbands_total,mts_details_total,2022,4924.721
bol,sex_t,age_10yrbands_total,mts_details_total,2023,4991.296
bol,sex_t,age_10yrbands_total,mts_details_total,2024,5159.124
bol,sex_t,age_10yrbands_total,mts_details_union,1999,307.101
bol,sex_t,age_10yrbands_total,mts_details_union,2000,114.203
bol,sex_t,age_10yrbands_total,mts_details_union,2001,414.428
bol,sex_t,age_10yrbands_total,mts_details_union,2002,396.201
bol,sex_t,age_10yrbands_total,mts_details_union,2004,647.982
bol,sex_t,age_10yrbands_total,mts_details_union,2005,484.15
bol,sex_t,age_10yrbands_total,mts_details_union,2006,490.045
bol,sex_t,age_10yrbands_total,mts_details_union,2007,547.222
bol,sex_t,age_10yrbands_total,mts_details_union,2008,555.019
bol,sex_t,age_10yrbands_total,mts_details_union,2009,707.847
bol,sex_t,age_10yrbands_total,mts_details_union,2011,757.16
bol,sex_t,age_10yrbands_total,mts_details_union,2012,692.47
bol,sex_t,age_10yrbands_total,mts_details_union,2013,704.87
bol,sex_t,age_10yrbands_total,mts_details_union,2014,880.955
bol,sex_t,age_10yrbands_total,mts_details_union,2015,796.33
bol,sex_t,age_10yrbands_total,mts_details_union,2016,717.482
bol,sex_t,age_10yrbands_total,mts_details_union,2017,766.894
bol,sex_t,age_10yrbands_total,mts_details_union,2018,864.486
bol,sex_t,age_10yrbands_total,mts_details_union,2019,955.754
bol,sex_t,age_10yrbands_total,mts_details_union,2022,1287.342
bol,sex_t,age_10yrbands_total,mts_details_union,2023,1248.721
bol,sex_t,age_10yrbands_total,mts_details_union,2024,1304.382
bol,sex_t,age_10yrbands_total,mts_details_wid,1999,172.754
bol,sex_t,age_10yrbands_total,mts_details_wid,2000,674.948
bol,sex_t,age_10yrbands_total,mts_details_wid,2001,124.46
bol,sex_t,age_10yrbands_total,mts_details_wid,2002,124.436
bol,sex_t,age_10yrbands_total,mts_details_wid,2004,188.28
bol,sex_t,age_10yrbands_total,mts_details_wid,2005,171.934
bol,sex_t,age_10yrbands_total,mts_details_wid,2006,143.393
bol,sex_t,age_10yrbands_total,mts_details_wid,2007,193.312
bol,sex_t,age_10yrbands_total,mts_details_wid,2008,173.103
bol,sex_t,age_10yrbands_total,mts_details_wid,2009,183.436
bol,sex_t,age_10yrbands_total,mts_details_wid,2011,172.998
bol,sex_t,age_10yrbands_total,mts_details_wid,2012,164.473
bol,sex_t,age_10yrbands_total,mts_details_wid,2013,209.094
bol,sex_t,age_10yrbands_total,mts_details_wid,2014,201.096
bol,sex_t,age_10yrbands_total,mts_details_wid,2015,173.045
bol,sex_t,age_10yrbands_total,mts_details_wid,2016,161.918
bol,sex_t,age_10yrbands_total,mts_details_wid,2017,184.176
bol,sex_t,age_10yrbands_total,mts_details_wid,2018,203.64
bol,sex_t,age_10yrbands_total,mts_details_wid,2019,201.827
bol,sex_t,age_10yrbands_total,mts_details_wid,2022,233.116
bol,sex_t,age_10yrbands_total,mts_details_wid,2023,229.531
bol,sex_t,age_10yrbands_total,mts_details_wid,2024,257.185
bol,sex_t,age_10yrbands_y15_24,mts_aggregate_1,1999,323.9
bol,sex_t,age_10yrbands_y15_24,mts_aggregate_1,2000,544.457
bol,sex_t,age_10yrbands_y15_24,mts_aggregate_1,2001,586.835
bol,sex_t,age_10yrbands_y15_24,mts_aggregate_1,2002,602.205
bol,sex_t,age_10yrbands_y15_24,mts_aggregate_1,2004,633.758
bol,sex_t,age_10yrbands_y15_24,mts_aggregate_1,2005,456.16
bol,sex_t,age_10yrbands_y15_24,mts_aggregate_1,2006,528.289
bol,sex_t,age_10yrbands_y15_24,mts_aggregate_1,2007,559.342
bol,sex_t,age_10yrbands_y15_24,mts_aggregate_1,2008,546.409
bol,sex_t,age_10yrbands_y15_24,mts_aggregate_1,2009,540.414
bol,sex_t,age_10yrbands_y15_24,mts_aggregate_1,2011,600.342
bol,sex_t,age_10yrbands_y15_24,mts_aggregate_1,2012,508.973
bol,sex_t,age_10yrbands_y15_24,mts_aggregate_1,2013,567.694
bol,sex_t,age_10yrbands_y15_24,mts_aggregate_1,2014,650.673
bol,sex_t,age_10yrbands_y15_24,mts_aggregate_1,2015,513.377
bol,sex_t,age_10yrbands_y15_24,mts_aggregate_1,2016,465.993
bol,sex_t,age_10yrbands_y15_24,mts_aggregate_1,2017,511.517
bol,sex_t,age_10yrbands_y15_24,mts_aggregate_1,2018,552.37
bol,sex_t,age_10yrbands_y15_24,mts_aggregate_1,2019,586.599
bol,sex_t,age_10yrbands_y15_24,mts_aggregate_1,2022,835.416
bol,sex_t,age_10yrbands_y15_24,mts_aggregate_1,2023,827.064
bol,sex_t,age_10yrbands_y15_24,mts_aggregate_1,2024,867.353
bol,sex_t,age_10yrbands_y15_24,mts_aggregate_2,1999,125.718
bol,sex_t,age_10yrbands_y15_24,mts_aggregate_2,2000,96.754
bol,sex_t,age_10yrbands_y15_24,mts_aggregate_2,2001,190.873
bol,sex_t,age_10yrbands_y15_24,mts_aggregate_2,2002,166.239
bol,sex_t,age_10yrbands_y15_24,mts_aggregate_2,2004,217.461
bol,sex_t,age_10yrbands_y15_24,mts_aggregate_2,2005,133.492
bol,sex_t,age_10yrbands_y15_24,mts_aggregate_2,2006,159.549
bol,sex_t,age_10yrbands_y15_24,mts_aggregate_2,2007,166.194
bol,sex_t,age_10yrbands_y15_24,mts_aggregate_2,2008,163.785
bol,sex_t,age_10yrbands_y15_24,mts_aggregate_2,2009,204.973
bol,sex_t,age_10yrbands_y15_24,mts_aggregate_2,2011,199.145
bol,sex_t,age_10yrbands_y15_24,mts_aggregate_2,2012,170.824
bol,sex_t,age_10yrbands_y15_24,mts_aggregate_2,2013,156.627
bol,sex_t,age_10yrbands_y15_24,mts_aggregate_2,2014,217.193
bol,sex_t,age_10yrbands_y15_24,mts_aggregate_2,2015,171.926
bol,sex_t,age_10yrbands_y15_24,mts_aggregate_2,2016,141.063
bol,sex_t,age_10yrbands_y15_24,mts_aggregate_2,2017,142.296
bol,sex_t,age_10yrbands_y15_24,mts_aggregate_2,2018,162.634
bol,sex_t,age_10yrbands_y15_24,mts_aggregate_2,2019,169.491
bol,sex_t,age_10yrbands_y15_24,mts_aggregate_2,2022,202.787
bol,sex_t,age_10yrbands_y15_24,mts_aggregate_2,2023,183.561
bol,sex_t,age_10yrbands_y15_24,mts_aggregate_2,2024,178.548
bol,sex_t,age_10yrbands_y15_24,mts_aggregate_total,1999,449.618
bol,sex_t,age_10yrbands_y15_24,mts_aggregate_total,2000,641.211
bol,sex_t,age_10yrbands_y15_24,mts_aggregate_total,2001,777.708
bol,sex_t,age_10yrbands_y15_24,mts_aggregate_total,2002,768.444
bol,sex_t,age_10yrbands_y15_24,mts_aggregate_total,2004,851.219
bol,sex_t,age_10yrbands_y15_24,mts_aggregate_total,2005,589.652
bol,sex_t,age_10yrbands_y15_24,mts_aggregate_total,2006,687.838
bol,sex_t,age_10yrbands_y15_24,mts_aggregate_total,2007,725.536
bol,sex_t,age_10yrbands_y15_24,mts_aggregate_total,2008,710.194
bol,sex_t,age_10yrbands_y15_24,mts_aggregate_total,2009,745.387
bol,sex_t,age_10yrbands_y15_24,mts_aggregate_total,2011,799.487
bol,sex_t,age_10yrbands_y15_24,mts_aggregate_total,2012,679.797
bol,sex_t,age_10yrbands_y15_24,mts_aggregate_total,2013,724.321
bol,sex_t,age_10yrbands_y15_24,mts_aggregate_total,2014,867.866
bol,sex_t,age_10yrbands_y15_24,mts_aggregate_total,2015,685.303
bol,sex_t,age_10yrbands_y15_24,mts_aggregate_total,2016,607.056
bol,sex_t,age_10yrbands_y15_24,mts_aggregate_total,2017,653.813
bol,sex_t,age_10yrbands_y15_24,mts_aggregate_total,2018,715.004
bol,sex_t,age_10yrbands_y15_24,mts_aggregate_total,2019,756.089
bol,sex_t,age_10yrbands_y15_24,mts_aggregate_total,2022,1038.203
bol,sex_t,age_10yrbands_y15_24,mts_aggregate_total,2023,1010.626
bol,sex_t,age_10yrbands_y15_24,mts_aggregate_total,2024,1045.901
bol,sex_t,age_10yrbands_y15_24,mts_details_mrd,1999,55.719
bol,sex_t,age_10yrbands_y15_24,mts_details_mrd,2000,93.786
bol,sex_t,age_10yrbands_y15_24,mts_details_mrd,2001,76.244
bol,sex_t,age_10yrbands_y15_24,mts_details_mrd,2002,69.932
bol,sex_t,age_10yrbands_y15_24,mts_details_mrd,2004,65.676
bol,sex_t,age_10yrbands_y15_24,mts_details_mrd,2005,45.112
bol,sex_t,age_10yrbands_y15_24,mts_details_mrd,2006,40.453
bol,sex_t,age_10yrbands_y15_24,mts_details_mrd,2007,42.832
bol,sex_t,age_10yrbands_y15_24,mts_details_mrd,2008,42.857
bol,sex_t,age_10yrbands_y15_24,mts_details_mrd,2009,55.21
bol,sex_t,age_10yrbands_y15_24,mts_details_mrd,2011,50.006
bol,sex_t,age_10yrbands_y15_24,mts_details_mrd,2012,42.879
bol,sex_t,age_10yrbands_y15_24,mts_details_mrd,2013,41.792
bol,sex_t,age_10yrbands_y15_24,mts_details_mrd,2014,53.775
bol,sex_t,age_10yrbands_y15_24,mts_details_mrd,2015,35.349
bol,sex_t,age_10yrbands_y15_24,mts_details_mrd,2016,23.6
bol,sex_t,age_10yrbands_y15_24,mts_details_mrd,2017,23.634
bol,sex_t,age_10yrbands_y15_24,mts_details_mrd,2018,23.733
bol,sex_t,age_10yrbands_y15_24,mts_details_mrd,2019,24.792
bol,sex_t,age_10yrbands_y15_24,mts_details_mrd,2022,22.806
bol,sex_t,age_10yrbands_y15_24,mts_details_mrd,2023,20.566
bol,sex_t,age_10yrbands_y15_24,mts_details_mrd,2024,20.524
bol,sex_t,age_10yrbands_y15_24,mts_details_sep,1999,4.414
bol,sex_t,age_10yrbands_y15_24,mts_details_sep,2000,2.871
bol,sex_t,age_10yrbands_y15_24,mts_details_sep,2001,8.39
bol,sex_t,age_10yrbands_y15_24,mts_details_sep,2002,4.352
bol,sex_t,age_10yrbands_y15_24,mts_details_sep,2004,10.804
bol,sex_t,age_10yrbands_y15_24,mts_details_sep,2005,1.87
bol,sex_t,age_10yrbands_y15_24,mts_details_sep,2006,5.762
bol,sex_t,age_10yrbands_y15_24,mts_details_sep,2007,5.982
bol,sex_t,age_10yrbands_y15_24,mts_details_sep,2008,8.074
bol,sex_t,age_10yrbands_y15_24,mts_details_sep,2009,9.749
bol,sex_t,age_10yrbands_y15_24,mts_details_sep,2011,2.84
bol,sex_t,age_10yrbands_y15_24,mts_details_sep,2012,10.016
bol,sex_t,age_10yrbands_y15_24,mts_details_sep,2013,5.345
bol,sex_t,age_10yrbands_y15_24,mts_details_sep,2014,9.034
bol,sex_t,age_10yrbands_y15_24,mts_details_sep,2015,6.475
bol,sex_t,age_10yrbands_y15_24,mts_details_sep,2016,4.483
bol,sex_t,age_10yrbands_y15_24,mts_details_sep,2017,5.968
bol,sex_t,age_10yrbands_y15_24,mts_details_sep,2018,5.131
bol,sex_t,age_10yrbands_y15_24,mts_details_sep,2019,4.14
bol,sex_t,age_10yrbands_y15_24,mts_details_sep,2022,3.129
bol,sex_t,age_10yrbands_y15_24,mts_details_sep,2023,4.253
bol,sex_t,age_10yrbands_y15_24,mts_details_sep,2024,1.597
bol,sex_t,age_10yrbands_y15_24,mts_details_sgle,1999,318.292
bol,sex_t,age_10yrbands_y15_24,mts_details_sgle,2000,59.954
bol,sex_t,age_10yrbands_y15_24,mts_details_sgle,2001,578.288
bol,sex_t,age_10yrbands_y15_24,mts_details_sgle,2002,597.317
bol,sex_t,age_10yrbands_y15_24,mts_details_sgle,2004,621.648
bol,sex_t,age_10yrbands_y15_24,mts_details_sgle,2005,454.29
bol,sex_t,age_10yrbands_y15_24,mts_details_sgle,2006,522.527
bol,sex_t,age_10yrbands_y15_24,mts_details_sgle,2007,550.243
bol,sex_t,age_10yrbands_y15_24,mts_details_sgle,2008,537.64
bol,sex_t,age_10yrbands_y15_24,mts_details_sgle,2009,528.67
bol,sex_t,age_10yrbands_y15_24,mts_details_sgle,2011,597.069
bol,sex_t,age_10yrbands_y15_24,mts_details_sgle,2012,498.957
bol,sex_t,age_10yrbands_y15_24,mts_details_sgle,2013,561.119
bol,sex_t,age_10yrbands_y15_24,mts_details_sgle,2014,639.827
bol,sex_t,age_10yrbands_y15_24,mts_details_sgle,2015,506.683
bol,sex_t,age_10yrbands_y15_24,mts_details_sgle,2016,461.287
bol,sex_t,age_10yrbands_y15_24,mts_details_sgle,2017,505.232
bol,sex_t,age_10yrbands_y15_24,mts_details_sgle,2018,546.786
bol,sex_t,age_10yrbands_y15_24,mts_details_sgle,2019,581.993
bol,sex_t,age_10yrbands_y15_24,mts_details_sgle,2022,831.997
bol,sex_t,age_10yrbands_y15_24,mts_details_sgle,2023,822.469
bol,sex_t,age_10yrbands_y15_24,mts_details_sgle,2024,865.552
bol,sex_t,age_10yrbands_y15_24,mts_details_total,1999,449.618
bol,sex_t,age_10yrbands_y15_24,mts_details_total,2000,641.211
bol,sex_t,age_10yrbands_y15_24,mts_details_total,2001,777.708
bol,sex_t,age_10yrbands_y15_24,mts_details_total,2002,768.444
bol,sex_t,age_10yrbands_y15_24,mts_details_total,2004,851.219
bol,sex_t,age_10yrbands_y15_24,mts_details_total,2005,589.652
bol,sex_t,age_10yrbands_y15_24,mts_details_total,2006,687.838
bol,sex_t,age_10yrbands_y15_24,mts_details_total,2007,725.536
bol,sex_t,age_10yrbands_y15_24,mts_details_total,2008,710.194
bol,sex_t,age_10yrbands_y15_24,mts_details_total,2009,745.387
bol,sex_t,age_10yrbands_y15_24,mts_details_total,2011,799.487
bol,sex_t,age_10yrbands_y15_24,mts_details_total,2012,679.797
bol,sex_t,age_10yrbands_y15_24,mts_details_total,2013,724.321
bol,sex_t,age_10yrbands_y15_24,mts_details_total,2014,867.866
bol,sex_t,age_10yrbands_y15_24,mts_details_total,2015,685.303
bol,sex_t,age_10yrbands_y15_24,mts_details_total,2016,607.056
bol,sex_t,age_10yrbands_y15_24,mts_details_total,2017,653.813
bol,sex_t,age_10yrbands_y15_24,mts_details_total,2018,715.004
bol,sex_t,age_10yrbands_y15_24,mts_details_total,2019,756.089
bol,sex_t,age_10yrbands_y15_24,mts_details_total,2022,1038.203
bol,sex_t,age_10yrbands_y15_24,mts_details_total,2023,1010.626
bol,sex_t,age_10yrbands_y15_24,mts_details_total,2024,1045.901
bol,sex_t,age_10yrbands_y15_24,mts_details_union,1999,69.999
bol,sex_t,age_10yrbands_y15_24,mts_details_union,2000,2.968
bol,sex_t,age_10yrbands_y15_24,mts_details_union,2001,114.629
bol,sex_t,age_10yrbands_y15_24,mts_details_union,2002,96.307
bol,sex_t,age_10yrbands_y15_24,mts_details_union,2004,151.785
bol,sex_t,age_10yrbands_y15_24,mts_details_union,2005,88.38
bol,sex_t,age_10yrbands_y15_24,mts_details_union,2006,119.096
bol,sex_t,age_10yrbands_y15_24,mts_details_union,2007,123.362
bol,sex_t,age_10yrbands_y15_24,mts_details_union,2008,120.928
bol,sex_t,age_10yrbands_y15_24,mts_details_union,2009,149.763
bol,sex_t,age_10yrbands_y15_24,mts_details_union,2011,149.139
bol,sex_t,age_10yrbands_y15_24,mts_details_union,2012,127.945
bol,sex_t,age_10yrbands_y15_24,mts_details_union,2013,114.835
bol,sex_t,age_10yrbands_y15_24,mts_details_union,2014,163.418
bol,sex_t,age_10yrbands_y15_24,mts_details_union,2015,136.577
bol,sex_t,age_10yrbands_y15_24,mts_details_union,2016,117.462
bol,sex_t,age_10yrbands_y15_24,mts_details_union,2017,118.662
bol,sex_t,age_10yrbands_y15_24,mts_details_union,2018,138.901
bol,sex_t,age_10yrbands_y15_24,mts_details_union,2019,144.698
bol,sex_t,age_10yrbands_y15_24,mts_details_union,2022,179.981
bol,sex_t,age_10yrbands_y15_24,mts_details_union,2023,162.995
bol,sex_t,age_10yrbands_y15_24,mts_details_union,2024,158.024
bol,sex_t,age_10yrbands_y15_24,mts_details_wid,2000,481.632
bol,sex_t,age_10yrbands_y15_24,mts_details_wid,2014,1.812
bol,sex_t,age_10yrbands_y15_24,mts_details_wid,2017,0.316
bol,sex_t,age_10yrbands_y15_24,mts_details_wid,2018,0.454
bol,sex_t,age_10yrbands_y15_24,mts_details_wid,2019,0.466
bol,sex_t,age_10yrbands_y15_24,mts_details_wid,2023,0.342
bol,sex_t,age_10yrbands_y15_24,mts_details_wid,2024,0.204
bol,sex_t,age_10yrbands_y25_34,mts_aggregate_1,1999,116.994
bol,sex_t,age_10yrbands_y25_34,mts_aggregate_1,2000,385.3
bol,sex_t,age_10yrbands_y25_34,mts_aggregate_1,2001,144.703
bol,sex_t,age_10yrbands_y25_34,mts_aggregate_1,2002,150.201
bol,sex_t,age_10yrbands_y25_34,mts_aggregate_1,2004,186.768
bol,sex_t,age_10yrbands_y25_34,mts_aggregate_1,2005,152.234
bol,sex_t,age_10yrbands_y25_34,mts_aggregate_1,2006,154.714
bol,sex_t,age_10yrbands_y25_34,mts_aggregate_1,2007,171.933
bol,sex_t,age_10yrbands_y25_34,mts_aggregate_1,2008,166.992
bol,sex_t,age_10yrbands_y25_34,mts_aggregate_1,2009,186.571
bol,sex_t,age_10yrbands_y25_34,mts_aggregate_1,2011,207.535
bol,sex_t,age_10yrbands_y25_34,mts_aggregate_1,2012,222.124
bol,sex_t,age_10yrbands_y25_34,mts_aggregate_1,2013,311.114
bol,sex_t,age_10yrbands_y25_34,mts_aggregate_1,2014,302.507
bol,sex_t,age_10yrbands_y25_34,mts_aggregate_1,2015,240.21
bol,sex_t,age_10yrbands_y25_34,mts_aggregate_1,2016,181.903
bol,sex_t,age_10yrbands_y25_34,mts_aggregate_1,2017,192.655
bol,sex_t,age_10yrbands_y25_34,mts_aggregate_1,2018,205.632
bol,sex_t,age_10yrbands_y25_34,mts_aggregate_1,2019,215.33
bol,sex_t,age_10yrbands_y25_34,mts_aggregate_1,2022,330.769
bol,sex_t,age_10yrbands_y25_34,mts_aggregate_1,2023,354.75
bol,sex_t,age_10yrbands_y25_34,mts_aggregate_1,2024,378.208
bol,sex_t,age_10yrbands_y25_34,mts_aggregate_2,1999,356.186
bol,sex_t,age_10yrbands_y25_34,mts_aggregate_2,2000,124.976
bol,sex_t,age_10yrbands_y25_34,mts_aggregate_2,2001,416.646
bol,sex_t,age_10yrbands_y25_34,mts_aggregate_2,2002,460.871
bol,sex_t,age_10yrbands_y25_34,mts_aggregate_2,2004,570.032
bol,sex_t,age_10yrbands_y25_34,mts_aggregate_2,2005,463.589
bol,sex_t,age_10yrbands_y25_34,mts_aggregate_2,2006,437.658
bol,sex_t,age_10yrbands_y25_34,mts_aggregate_2,2007,437.13
bol,sex_t,age_10yrbands_y25_34,mts_aggregate_2,2008,477.63
bol,sex_t,age_10yrbands_y25_34,mts_aggregate_2,2009,524.745
bol,sex_t,age_10yrbands_y25_34,mts_aggregate_2,2011,545.982
bol,sex_t,age_10yrbands_y25_34,mts_aggregate_2,2012,502.201
bol,sex_t,age_10yrbands_y25_34,mts_aggregate_2,2013,536.807
bol,sex_t,age_10yrbands_y25_34,mts_aggregate_2,2014,658.313
bol,sex_t,age_10yrbands_y25_34,mts_aggregate_2,2015,523.085
bol,sex_t,age_10yrbands_y25_34,mts_aggregate_2,2016,438.828
bol,sex_t,age_10yrbands_y25_34,mts_aggregate_2,2017,453.266
bol,sex_t,age_10yrbands_y25_34,mts_aggregate_2,2018,510.468
bol,sex_t,age_10yrbands_y25_34,mts_aggregate_2,2019,579.661
bol,sex_t,age_10yrbands_y25_34,mts_aggregate_2,2022,739.318
bol,sex_t,age_10yrbands_y25_34,mts_aggregate_2,2023,722.251
bol,sex_t,age_10yrbands_y25_34,mts_aggregate_2,2024,716.234
bol,sex_t,age_10yrbands_y25_34,mts_aggregate_total,1999,473.18
bol,sex_t,age_10yrbands_y25_34,mts_aggregate_total,2000,510.276
bol,sex_t,age_10yrbands_y25_34,mts_aggregate_total,2001,561.349
bol,sex_t,age_10yrbands_y25_34,mts_aggregate_total,2002,611.072
bol,sex_t,age_10yrbands_y25_34,mts_aggregate_total,2004,756.8
bol,sex_t,age_10yrbands_y25_34,mts_aggregate_total,2005,615.823
bol,sex_t,age_10yrbands_y25_34,mts_aggregate_total,2006,592.372
bol,sex_t,age_10yrbands_y25_34,mts_aggregate_total,2007,609.063
bol,sex_t,age_10yrbands_y25_34,mts_aggregate_total,2008,644.622
bol,sex_t,age_10yrbands_y25_34,mts_aggregate_total,2009,711.316
bol,sex_t,age_10yrbands_y25_34,mts_aggregate_total,2011,753.517
bol,sex_t,age_10yrbands_y25_34,mts_aggregate_total,2012,724.325
bol,sex_t,age_10yrbands_y25_34,mts_aggregate_total,2013,847.921
bol,sex_t,age_10yrbands_y25_34,mts_aggregate_total,2014,960.82
bol,sex_t,age_10yrbands_y25_34,mts_aggregate_total,2015,763.295
bol,sex_t,age_10yrbands_y25_34,mts_aggregate_total,2016,620.73
bol,sex_t,age_10yrbands_y25_34,mts_aggregate_total,2017,645.922
bol,sex_t,age_10yrbands_y25_34,mts_aggregate_total,2018,716.1
bol,sex_t,age_10yrbands_y25_34,mts_aggregate_total,2019,794.99
bol,sex_t,age_10yrbands_y25_34,mts_aggregate_total,2022,1070.087
bol,sex_t,age_10yrbands_y25_34,mts_aggregate_total,2023,1077.001
bol,sex_t,age_10yrbands_y25_34,mts_aggregate_total,2024,1094.443
bol,sex_t,age_10yrbands_y25_34,mts_details_mrd,1999,250.489
bol,sex_t,age_10yrbands_y25_34,mts_details_mrd,2000,122.149
bol,sex_t,age_10yrbands_y25_34,mts_details_mrd,2001,261.505
bol,sex_t,age_10yrbands_y25_34,mts_details_mrd,2002,300.728
bol,sex_t,age_10yrbands_y25_34,mts_details_mrd,2004,326.751
bol,sex_t,age_10yrbands_y25_34,mts_details_mrd,2005,285.683
bol,sex_t,age_10yrbands_y25_34,mts_details_mrd,2006,278.569
bol,sex_t,age_10yrbands_y25_34,mts_details_mrd,2007,237.382
bol,sex_t,age_10yrbands_y25_34,mts_details_mrd,2008,269.778
bol,sex_t,age_10yrbands_y25_34,mts_details_mrd,2009,260.328
bol,sex_t,age_10yrbands_y25_34,mts_details_mrd,2011,265.991
bol,sex_t,age_10yrbands_y25_34,mts_details_mrd,2012,257.341
bol,sex_t,age_10yrbands_y25_34,mts_details_mrd,2013,276.255
bol,sex_t,age_10yrbands_y25_34,mts_details_mrd,2014,319.061
bol,sex_t,age_10yrbands_y25_34,mts_details_mrd,2015,253.436
bol,sex_t,age_10yrbands_y25_34,mts_details_mrd,2016,185.025
bol,sex_t,age_10yrbands_y25_34,mts_details_mrd,2017,178.606
bol,sex_t,age_10yrbands_y25_34,mts_details_mrd,2018,198.367
bol,sex_t,age_10yrbands_y25_34,mts_details_mrd,2019,218.094
bol,sex_t,age_10yrbands_y25_34,mts_details_mrd,2022,235.385
bol,sex_t,age_10yrbands_y25_34,mts_details_mrd,2023,232.563
bol,sex_t,age_10yrbands_y25_34,mts_details_mrd,2024,218.76
bol,sex_t,age_10yrbands_y25_34,mts_details_sep,1999,20.167
bol,sex_t,age_10yrbands_y25_34,mts_details_sep,2000,17.923
bol,sex_t,age_10yrbands_y25_34,mts_details_sep,2001,15.198
bol,sex_t,age_10yrbands_y25_34,mts_details_sep,2002,17.136
bol,sex_t,age_10yrbands_y25_34,mts_details_sep,2004,31.898
bol,sex_t,age_10yrbands_y25_34,mts_details_sep,2005,17.383
bol,sex_t,age_10yrbands_y25_34,mts_details_sep,2006,18.285
bol,sex_t,age_10yrbands_y25_34,mts_details_sep,2007,26.582
bol,sex_t,age_10yrbands_y25_34,mts_details_sep,2008,23.513
bol,sex_t,age_10yrbands_y25_34,mts_details_sep,2009,23.499
bol,sex_t,age_10yrbands_y25_34,mts_details_sep,2011,17.602
bol,sex_t,age_10yrbands_y25_34,mts_details_sep,2012,19.238
bol,sex_t,age_10yrbands_y25_34,mts_details_sep,2013,35.233
bol,sex_t,age_10yrbands_y25_34,mts_details_sep,2014,30.825
bol,sex_t,age_10yrbands_y25_34,mts_details_sep,2015,27.277
bol,sex_t,age_10yrbands_y25_34,mts_details_sep,2016,18.258
bol,sex_t,age_10yrbands_y25_34,mts_details_sep,2017,27.668
bol,sex_t,age_10yrbands_y25_34,mts_details_sep,2018,22.938
bol,sex_t,age_10yrbands_y25_34,mts_details_sep,2019,22.997
bol,sex_t,age_10yrbands_y25_34,mts_details_sep,2022,24.528
bol,sex_t,age_10yrbands_y25_34,mts_details_sep,2023,26.129
bol,sex_t,age_10yrbands_y25_34,mts_details_sep,2024,24.991
bol,sex_t,age_10yrbands_y25_34,mts_details_sgle,1999,90.355
bol,sex_t,age_10yrbands_y25_34,mts_details_sgle,2000,245.905
bol,sex_t,age_10yrbands_y25_34,mts_details_sgle,2001,123.695
bol,sex_t,age_10yrbands_y25_34,mts_details_sgle,2002,129.194
bol,sex_t,age_10yrbands_y25_34,mts_details_sgle,2004,151.014
bol,sex_t,age_10yrbands_y25_34,mts_details_sgle,2005,131.723
bol,sex_t,age_10yrbands_y25_34,mts_details_sgle,2006,131.567
bol,sex_t,age_10yrbands_y25_34,mts_details_sgle,2007,142.665
bol,sex_t,age_10yrbands_y25_34,mts_details_sgle,2008,138.648
bol,sex_t,age_10yrbands_y25_34,mts_details_sgle,2009,157.428
bol,sex_t,age_10yrbands_y25_34,mts_details_sgle,2011,185.679
bol,sex_t,age_10yrbands_y25_34,mts_details_sgle,2012,198.406
bol,sex_t,age_10yrbands_y25_34,mts_details_sgle,2013,273.091
bol,sex_t,age_10yrbands_y25_34,mts_details_sgle,2014,268.065
bol,sex_t,age_10yrbands_y25_34,mts_details_sgle,2015,209.316
bol,sex_t,age_10yrbands_y25_34,mts_details_sgle,2016,161.082
bol,sex_t,age_10yrbands_y25_34,mts_details_sgle,2017,162.136
bol,sex_t,age_10yrbands_y25_34,mts_details_sgle,2018,179.82
bol,sex_t,age_10yrbands_y25_34,mts_details_sgle,2019,189.886
bol,sex_t,age_10yrbands_y25_34,mts_details_sgle,2022,303.865
bol,sex_t,age_10yrbands_y25_34,mts_details_sgle,2023,325.005
bol,sex_t,age_10yrbands_y25_34,mts_details_sgle,2024,351.482
bol,sex_t,age_10yrbands_y25_34,mts_details_total,1999,473.18
bol,sex_t,age_10yrbands_y25_34,mts_details_total,2000,510.276
bol,sex_t,age_10yrbands_y25_34,mts_details_total,2001,561.349
bol,sex_t,age_10yrbands_y25_34,mts_details_total,2002,611.072
bol,sex_t,age_10yrbands_y25_34,mts_details_total,2004,756.8
bol,sex_t,age_10yrbands_y25_34,mts_details_total,2005,615.823
bol,sex_t,age_10yrbands_y25_34,mts_details_total,2006,592.372
bol,sex_t,age_10yrbands_y25_34,mts_details_total,2007,609.063
bol,sex_t,age_10yrbands_y25_34,mts_details_total,2008,644.622
bol,sex_t,age_10yrbands_y25_34,mts_details_total,2009,711.316
bol,sex_t,age_10yrbands_y25_34,mts_details_total,2011,753.517
bol,sex_t,age_10yrbands_y25_34,mts_details_total,2012,724.325
bol,sex_t,age_10yrbands_y25_34,mts_details_total,2013,847.921
bol,sex_t,age_10yrbands_y25_34,mts_details_total,2014,960.82
bol,sex_t,age_10yrbands_y25_34,mts_details_total,2015,763.295
bol,sex_t,age_10yrbands_y25_34,mts_details_total,2016,620.73
bol,sex_t,age_10yrbands_y25_34,mts_details_total,2017,645.922
bol,sex_t,age_10yrbands_y25_34,mts_details_total,2018,716.1
bol,sex_t,age_10yrbands_y25_34,mts_details_total,2019,794.99
bol,sex_t,age_10yrbands_y25_34,mts_details_total,2022,1070.087
bol,sex_t,age_10yrbands_y25_34,mts_details_total,2023,1077.001
bol,sex_t,age_10yrbands_y25_34,mts_details_total,2024,1094.443
bol,sex_t,age_10yrbands_y25_34,mts_details_union,1999,105.697
bol,sex_t,age_10yrbands_y25_34,mts_details_union,2000,2.827
bol,sex_t,age_10yrbands_y25_34,mts_details_union,2001,155.141
bol,sex_t,age_10yrbands_y25_34,mts_details_union,2002,160.143
bol,sex_t,age_10yrbands_y25_34,mts_details_union,2004,243.281
bol,sex_t,age_10yrbands_y25_34,mts_details_union,2005,177.906
bol,sex_t,age_10yrbands_y25_34,mts_details_union,2006,159.089
bol,sex_t,age_10yrbands_y25_34,mts_details_union,2007,199.748
bol,sex_t,age_10yrbands_y25_34,mts_details_union,2008,207.852
bol,sex_t,age_10yrbands_y25_34,mts_details_union,2009,264.417
bol,sex_t,age_10yrbands_y25_34,mts_details_union,2011,279.991
bol,sex_t,age_10yrbands_y25_34,mts_details_union,2012,244.86
bol,sex_t,age_10yrbands_y25_34,mts_details_union,2013,260.552
bol,sex_t,age_10yrbands_y25_34,mts_details_union,2014,339.252
bol,sex_t,age_10yrbands_y25_34,mts_details_union,2015,269.649
bol,sex_t,age_10yrbands_y25_34,mts_details_union,2016,253.802
bol,sex_t,age_10yrbands_y25_34,mts_details_union,2017,274.66
bol,sex_t,age_10yrbands_y25_34,mts_details_union,2018,312.101
bol,sex_t,age_10yrbands_y25_34,mts_details_union,2019,361.567
bol,sex_t,age_10yrbands_y25_34,mts_details_union,2022,503.933
bol,sex_t,age_10yrbands_y25_34,mts_details_union,2023,489.688
bol,sex_t,age_10yrbands_y25_34,mts_details_union,2024,497.474
bol,sex_t,age_10yrbands_y25_34,mts_details_wid,1999,6.472
bol,sex_t,age_10yrbands_y25_34,mts_details_wid,2000,121.472
bol,sex_t,age_10yrbands_y25_34,mts_details_wid,2001,5.81
bol,sex_t,age_10yrbands_y25_34,mts_details_wid,2002,3.871
bol,sex_t,age_10yrbands_y25_34,mts_details_wid,2004,3.856
bol,sex_t,age_10yrbands_y25_34,mts_details_wid,2005,3.128
bol,sex_t,age_10yrbands_y25_34,mts_details_wid,2006,4.862
bol,sex_t,age_10yrbands_y25_34,mts_details_wid,2007,2.686
bol,sex_t,age_10yrbands_y25_34,mts_details_wid,2008,4.831
bol,sex_t,age_10yrbands_y25_34,mts_details_wid,2009,5.644
bol,sex_t,age_10yrbands_y25_34,mts_details_wid,2011,4.254
bol,sex_t,age_10yrbands_y25_34,mts_details_wid,2012,4.48
bol,sex_t,age_10yrbands_y25_34,mts_details_wid,2013,2.79
bol,sex_t,age_10yrbands_y25_34,mts_details_wid,2014,3.617
bol,sex_t,age_10yrbands_y25_34,mts_details_wid,2015,3.617
bol,sex_t,age_10yrbands_y25_34,mts_details_wid,2016,2.563
bol,sex_t,age_10yrbands_y25_34,mts_details_wid,2017,2.852
bol,sex_t,age_10yrbands_y25_34,mts_details_wid,2018,2.873
bol,sex_t,age_10yrbands_y25_34,mts_details_wid,2019,2.447
bol,sex_t,age_10yrbands_y25_34,mts_details_wid,2022,2.377
bol,sex_t,age_10yrbands_y25_34,mts_details_wid,2023,3.616
bol,sex_t,age_10yrbands_y25_34,mts_details_wid,2024,1.735
bol,sex_t,age_10yrbands_y35_44,mts_aggregate_1,1999,77.468
bol,sex_t,age_10yrbands_y35_44,mts_aggregate_1,2000,346.538
bol,sex_t,age_10yrbands_y35_44,mts_aggregate_1,2001,72.902
bol,sex_t,age_10yrbands_y35_44,mts_aggregate_1,2002,82.669
bol,sex_t,age_10yrbands_y35_44,mts_aggregate_1,2004,114.582
bol,sex_t,age_10yrbands_y35_44,mts_aggregate_1,2005,91.841
bol,sex_t,age_10yrbands_y35_44,mts_aggregate_1,2006,68.434
bol,sex_t,age_10yrbands_y35_44,mts_aggregate_1,2007,124.641
bol,sex_t,age_10yrbands_y35_44,mts_aggregate_1,2008,125.493
bol,sex_t,age_10yrbands_y35_44,mts_aggregate_1,2009,101.823
bol,sex_t,age_10yrbands_y35_44,mts_aggregate_1,2011,121.191
bol,sex_t,age_10yrbands_y35_44,mts_aggregate_1,2012,128.6
bol,sex_t,age_10yrbands_y35_44,mts_aggregate_1,2013,159.217
bol,sex_t,age_10yrbands_y35_44,mts_aggregate_1,2014,164.411
bol,sex_t,age_10yrbands_y35_44,mts_aggregate_1,2015,148.049
bol,sex_t,age_10yrbands_y35_44,mts_aggregate_1,2016,124.95
bol,sex_t,age_10yrbands_y35_44,mts_aggregate_1,2017,128.622
bol,sex_t,age_10yrbands_y35_44,mts_aggregate_1,2018,136.063
bol,sex_t,age_10yrbands_y35_44,mts_aggregate_1,2019,144.037
bol,sex_t,age_10yrbands_y35_44,mts_aggregate_1,2022,205.586
bol,sex_t,age_10yrbands_y35_44,mts_aggregate_1,2023,203.972
bol,sex_t,age_10yrbands_y35_44,mts_aggregate_1,2024,224.266
bol,sex_t,age_10yrbands_y35_44,mts_aggregate_2,1999,421.877
bol,sex_t,age_10yrbands_y35_44,mts_aggregate_2,2000,84.578
bol,sex_t,age_10yrbands_y35_44,mts_aggregate_2,2001,370.431
bol,sex_t,age_10yrbands_y35_44,mts_aggregate_2,2002,391.45
bol,sex_t,age_10yrbands_y35_44,mts_aggregate_2,2004,560.833
bol,sex_t,age_10yrbands_y35_44,mts_aggregate_2,2005,538.649
bol,sex_t,age_10yrbands_y35_44,mts_aggregate_2,2006,550.304
bol,sex_t,age_10yrbands_y35_44,mts_aggregate_2,2007,524.168
bol,sex_t,age_10yrbands_y35_44,mts_aggregate_2,2008,600.255
bol,sex_t,age_10yrbands_y35_44,mts_aggregate_2,2009,537.563
bol,sex_t,age_10yrbands_y35_44,mts_aggregate_2,2011,565.605
bol,sex_t,age_10yrbands_y35_44,mts_aggregate_2,2012,573.41
bol,sex_t,age_10yrbands_y35_44,mts_aggregate_2,2013,643.245
bol,sex_t,age_10yrbands_y35_44,mts_aggregate_2,2014,656.882
bol,sex_t,age_10yrbands_y35_44,mts_aggregate_2,2015,604.058
bol,sex_t,age_10yrbands_y35_44,mts_aggregate_2,2016,505.964
bol,sex_t,age_10yrbands_y35_44,mts_aggregate_2,2017,548.737
bol,sex_t,age_10yrbands_y35_44,mts_aggregate_2,2018,587.108
bol,sex_t,age_10yrbands_y35_44,mts_aggregate_2,2019,637.167
bol,sex_t,age_10yrbands_y35_44,mts_aggregate_2,2022,767.627
bol,sex_t,age_10yrbands_y35_44,mts_aggregate_2,2023,751.979
bol,sex_t,age_10yrbands_y35_44,mts_aggregate_2,2024,742.298
bol,sex_t,age_10yrbands_y35_44,mts_aggregate_total,1999,499.345
bol,sex_t,age_10yrbands_y35_44,mts_aggregate_total,2000,431.116
bol,sex_t,age_10yrbands_y35_44,mts_aggregate_total,2001,443.333
bol,sex_t,age_10yrbands_y35_44,mts_aggregate_total,2002,474.119
bol,sex_t,age_10yrbands_y35_44,mts_aggregate_total,2004,675.415
bol,sex_t,age_10yrbands_y35_44,mts_aggregate_total,2005,630.49
bol,sex_t,age_10yrbands_y35_44,mts_aggregate_total,2006,618.738
bol,sex_t,age_10yrbands_y35_44,mts_aggregate_total,2007,648.809
bol,sex_t,age_10yrbands_y35_44,mts_aggregate_total,2008,725.748
bol,sex_t,age_10yrbands_y35_44,mts_aggregate_total,2009,639.386
bol,sex_t,age_10yrbands_y35_44,mts_aggregate_total,2011,686.796
bol,sex_t,age_10yrbands_y35_44,mts_aggregate_total,2012,702.01
bol,sex_t,age_10yrbands_y35_44,mts_aggregate_total,2013,802.462
bol,sex_t,age_10yrbands_y35_44,mts_aggregate_total,2014,821.949
bol,sex_t,age_10yrbands_y35_44,mts_aggregate_total,2015,752.107
bol,sex_t,age_10yrbands_y35_44,mts_aggregate_total,2016,630.914
bol,sex_t,age_10yrbands_y35_44,mts_aggregate_total,2017,677.359
bol,sex_t,age_10yrbands_y35_44,mts_aggregate_total,2018,723.171
bol,sex_t,age_10yrbands_y35_44,mts_aggregate_total,2019,781.204
bol,sex_t,age_10yrbands_y35_44,mts_aggregate_total,2022,973.213
bol,sex_t,age_10yrbands_y35_44,mts_aggregate_total,2023,955.951
bol,sex_t,age_10yrbands_y35_44,mts_aggregate_total,2024,966.564
bol,sex_t,age_10yrbands_y35_44,mts_details_mrd,1999,351.82
bol,sex_t,age_10yrbands_y35_44,mts_details_mrd,2000,76.641
bol,sex_t,age_10yrbands_y35_44,mts_details_mrd,2001,288.775
bol,sex_t,age_10yrbands_y35_44,mts_details_mrd,2002,309.562
bol,sex_t,age_10yrbands_y35_44,mts_details_mrd,2004,409.862
bol,sex_t,age_10yrbands_y35_44,mts_details_mrd,2005,410.772
bol,sex_t,age_10yrbands_y35_44,mts_details_mrd,2006,423.69
bol,sex_t,age_10yrbands_y35_44,mts_details_mrd,2007,398.668
bol,sex_t,age_10yrbands_y35_44,mts_details_mrd,2008,471.444
bol,sex_t,age_10yrbands_y35_44,mts_details_mrd,2009,378.82
bol,sex_t,age_10yrbands_y35_44,mts_details_mrd,2011,378.957
bol,sex_t,age_10yrbands_y35_44,mts_details_mrd,2012,389.979
bol,sex_t,age_10yrbands_y35_44,mts_details_mrd,2013,464.494
bol,sex_t,age_10yrbands_y35_44,mts_details_mrd,2014,450.85
bol,sex_t,age_10yrbands_y35_44,mts_details_mrd,2015,383.648
bol,sex_t,age_10yrbands_y35_44,mts_details_mrd,2016,320.33
bol,sex_t,age_10yrbands_y35_44,mts_details_mrd,2017,346.847
bol,sex_t,age_10yrbands_y35_44,mts_details_mrd,2018,366.808
bol,sex_t,age_10yrbands_y35_44,mts_details_mrd,2019,393.618
bol,sex_t,age_10yrbands_y35_44,mts_details_mrd,2022,421.824
bol,sex_t,age_10yrbands_y35_44,mts_details_mrd,2023,429.108
bol,sex_t,age_10yrbands_y35_44,mts_details_mrd,2024,398.342
bol,sex_t,age_10yrbands_y35_44,mts_details_sep,1999,21.738
bol,sex_t,age_10yrbands_y35_44,mts_details_sep,2000,18.541
bol,sex_t,age_10yrbands_y35_44,mts_details_sep,2001,21.535
bol,sex_t,age_10yrbands_y35_44,mts_details_sep,2002,23.166
bol,sex_t,age_10yrbands_y35_44,mts_details_sep,2004,36.476
bol,sex_t,age_10yrbands_y35_44,mts_details_sep,2005,26.304
bol,sex_t,age_10yrbands_y35_44,mts_details_sep,2006,21.161
bol,sex_t,age_10yrbands_y35_44,mts_details_sep,2007,41.565
bol,sex_t,age_10yrbands_y35_44,mts_details_sep,2008,42.853
bol,sex_t,age_10yrbands_y35_44,mts_details_sep,2009,31.07
bol,sex_t,age_10yrbands_y35_44,mts_details_sep,2011,31.495
bol,sex_t,age_10yrbands_y35_44,mts_details_sep,2012,42.343
bol,sex_t,age_10yrbands_y35_44,mts_details_sep,2013,44.195
bol,sex_t,age_10yrbands_y35_44,mts_details_sep,2014,45.27
bol,sex_t,age_10yrbands_y35_44,mts_details_sep,2015,46.958
bol,sex_t,age_10yrbands_y35_44,mts_details_sep,2016,43.493
bol,sex_t,age_10yrbands_y35_44,mts_details_sep,2017,45.417
bol,sex_t,age_10yrbands_y35_44,mts_details_sep,2018,45.445
bol,sex_t,age_10yrbands_y35_44,mts_details_sep,2019,44.288
bol,sex_t,age_10yrbands_y35_44,mts_details_sep,2022,55.438
bol,sex_t,age_10yrbands_y35_44,mts_details_sep,2023,51.378
bol,sex_t,age_10yrbands_y35_44,mts_details_sep,2024,48.529
bol,sex_t,age_10yrbands_y35_44,mts_details_sgle,1999,37.568
bol,sex_t,age_10yrbands_y35_44,mts_details_sgle,2000,290.569
bol,sex_t,age_10yrbands_y35_44,mts_details_sgle,2001,36.319
bol,sex_t,age_10yrbands_y35_44,mts_details_sgle,2002,45.431
bol,sex_t,age_10yrbands_y35_44,mts_details_sgle,2004,55.467
bol,sex_t,age_10yrbands_y35_44,mts_details_sgle,2005,50.928
bol,sex_t,age_10yrbands_y35_44,mts_details_sgle,2006,37.282
bol,sex_t,age_10yrbands_y35_44,mts_details_sgle,2007,68.69
bol,sex_t,age_10yrbands_y35_44,mts_details_sgle,2008,72.06
bol,sex_t,age_10yrbands_y35_44,mts_details_sgle,2009,59.361
bol,sex_t,age_10yrbands_y35_44,mts_details_sgle,2011,75.855
bol,sex_t,age_10yrbands_y35_44,mts_details_sgle,2012,73.506
bol,sex_t,age_10yrbands_y35_44,mts_details_sgle,2013,103.364
bol,sex_t,age_10yrbands_y35_44,mts_details_sgle,2014,107.882
bol,sex_t,age_10yrbands_y35_44,mts_details_sgle,2015,90.609
bol,sex_t,age_10yrbands_y35_44,mts_details_sgle,2016,72.699
bol,sex_t,age_10yrbands_y35_44,mts_details_sgle,2017,73.057
bol,sex_t,age_10yrbands_y35_44,mts_details_sgle,2018,79.543
bol,sex_t,age_10yrbands_y35_44,mts_details_sgle,2019,89.153
bol,sex_t,age_10yrbands_y35_44,mts_details_sgle,2022,139.524
bol,sex_t,age_10yrbands_y35_44,mts_details_sgle,2023,144.373
bol,sex_t,age_10yrbands_y35_44,mts_details_sgle,2024,165.151
bol,sex_t,age_10yrbands_y35_44,mts_details_total,1999,499.345
bol,sex_t,age_10yrbands_y35_44,mts_details_total,2000,431.116
bol,sex_t,age_10yrbands_y35_44,mts_details_total,2001,443.333
bol,sex_t,age_10yrbands_y35_44,mts_details_total,2002,474.119
bol,sex_t,age_10yrbands_y35_44,mts_details_total,2004,675.415
bol,sex_t,age_10yrbands_y35_44,mts_details_total,2005,630.49
bol,sex_t,age_10yrbands_y35_44,mts_details_total,2006,618.738
bol,sex_t,age_10yrbands_y35_44,mts_details_total,2007,648.809
bol,sex_t,age_10yrbands_y35_44,mts_details_total,2008,725.748
bol,sex_t,age_10yrbands_y35_44,mts_details_total,2009,639.386
bol,sex_t,age_10yrbands_y35_44,mts_details_total,2011,686.796
bol,sex_t,age_10yrbands_y35_44,mts_details_total,2012,702.01
bol,sex_t,age_10yrbands_y35_44,mts_details_total,2013,802.462
bol,sex_t,age_10yrbands_y35_44,mts_details_total,2014,821.949
bol,sex_t,age_10yrbands_y35_44,mts_details_total,2015,752.107
bol,sex_t,age_10yrbands_y35_44,mts_details_total,2016,630.914
bol,sex_t,age_10yrbands_y35_44,mts_details_total,2017,677.359
bol,sex_t,age_10yrbands_y35_44,mts_details_total,2018,723.171
bol,sex_t,age_10yrbands_y35_44,mts_details_total,2019,781.204
bol,sex_t,age_10yrbands_y35_44,mts_details_total,2022,973.213
bol,sex_t,age_10yrbands_y35_44,mts_details_total,2023,955.951
bol,sex_t,age_10yrbands_y35_44,mts_details_total,2024,966.564
bol,sex_t,age_10yrbands_y35_44,mts_details_union,1999,70.057
bol,sex_t,age_10yrbands_y35_44,mts_details_union,2000,7.937
bol,sex_t,age_10yrbands_y35_44,mts_details_union,2001,81.656
bol,sex_t,age_10yrbands_y35_44,mts_details_union,2002,81.888
bol,sex_t,age_10yrbands_y35_44,mts_details_union,2004,150.971
bol,sex_t,age_10yrbands_y35_44,mts_details_union,2005,127.877
bol,sex_t,age_10yrbands_y35_44,mts_details_union,2006,126.614
bol,sex_t,age_10yrbands_y35_44,mts_details_union,2007,125.5
bol,sex_t,age_10yrbands_y35_44,mts_details_union,2008,128.811
bol,sex_t,age_10yrbands_y35_44,mts_details_union,2009,158.743
bol,sex_t,age_10yrbands_y35_44,mts_details_union,2011,186.648
bol,sex_t,age_10yrbands_y35_44,mts_details_union,2012,183.431
bol,sex_t,age_10yrbands_y35_44,mts_details_union,2013,178.751
bol,sex_t,age_10yrbands_y35_44,mts_details_union,2014,206.032
bol,sex_t,age_10yrbands_y35_44,mts_details_union,2015,220.41
bol,sex_t,age_10yrbands_y35_44,mts_details_union,2016,185.634
bol,sex_t,age_10yrbands_y35_44,mts_details_union,2017,201.891
bol,sex_t,age_10yrbands_y35_44,mts_details_union,2018,220.299
bol,sex_t,age_10yrbands_y35_44,mts_details_union,2019,243.548
bol,sex_t,age_10yrbands_y35_44,mts_details_union,2022,345.804
bol,sex_t,age_10yrbands_y35_44,mts_details_union,2023,322.87
bol,sex_t,age_10yrbands_y35_44,mts_details_union,2024,343.956
bol,sex_t,age_10yrbands_y35_44,mts_details_wid,1999,18.162
bol,sex_t,age_10yrbands_y35_44,mts_details_wid,2000,37.428
bol,sex_t,age_10yrbands_y35_44,mts_details_wid,2001,15.048
bol,sex_t,age_10yrbands_y35_44,mts_details_wid,2002,14.072
bol,sex_t,age_10yrbands_y35_44,mts_details_wid,2004,22.639
bol,sex_t,age_10yrbands_y35_44,mts_details_wid,2005,14.609
bol,sex_t,age_10yrbands_y35_44,mts_details_wid,2006,9.991
bol,sex_t,age_10yrbands_y35_44,mts_details_wid,2007,14.386
bol,sex_t,age_10yrbands_y35_44,mts_details_wid,2008,10.58
bol,sex_t,age_10yrbands_y35_44,mts_details_wid,2009,11.392
bol,sex_t,age_10yrbands_y35_44,mts_details_wid,2011,13.841
bol,sex_t,age_10yrbands_y35_44,mts_details_wid,2012,12.751
bol,sex_t,age_10yrbands_y35_44,mts_details_wid,2013,11.658
bol,sex_t,age_10yrbands_y35_44,mts_details_wid,2014,11.259
bol,sex_t,age_10yrbands_y35_44,mts_details_wid,2015,10.482
bol,sex_t,age_10yrbands_y35_44,mts_details_wid,2016,8.758
bol,sex_t,age_10yrbands_y35_44,mts_details_wid,2017,10.148
bol,sex_t,age_10yrbands_y35_44,mts_details_wid,2018,11.076
bol,sex_t,age_10yrbands_y35_44,mts_details_wid,2019,10.596
bol,sex_t,age_10yrbands_y35_44,mts_details_wid,2022,10.623
bol,sex_t,age_10yrbands_y35_44,mts_details_wid,2023,8.22
bol,sex_t,age_10yrbands_y35_44,mts_details_wid,2024,10.586
bol,sex_t,age_10yrbands_y45_54,mts_aggregate_1,1999,72.177
bol,sex_t,age_10yrbands_y45_54,mts_aggregate_1,2000,253.33
bol,sex_t,age_10yrbands_y45_54,mts_aggregate_1,2001,63.037
bol,sex_t,age_10yrbands_y45_54,mts_aggregate_1,2002,59.481
bol,sex_t,age_10yrbands_y45_54,mts_aggregate_1,2004,114.686
bol,sex_t,age_10yrbands_y45_54,mts_aggregate_1,2005,84.212
bol,sex_t,age_10yrbands_y45_54,mts_aggregate_1,2006,100.087
bol,sex_t,age_10yrbands_y45_54,mts_aggregate_1,2007,86.844
bol,sex_t,age_10yrbands_y45_54,mts_aggregate_1,2008,107.009
bol,sex_t,age_10yrbands_y45_54,mts_aggregate_1,2009,101.558
bol,sex_t,age_10yrbands_y45_54,mts_aggregate_1,2011,103.819
bol,sex_t,age_10yrbands_y45_54,mts_aggregate_1,2012,116.742
bol,sex_t,age_10yrbands_y45_54,mts_aggregate_1,2013,140.796
bol,sex_t,age_10yrbands_y45_54,mts_aggregate_1,2014,140.081
bol,sex_t,age_10yrbands_y45_54,mts_aggregate_1,2015,132.319
bol,sex_t,age_10yrbands_y45_54,mts_aggregate_1,2016,107.839
bol,sex_t,age_10yrbands_y45_54,mts_aggregate_1,2017,114.596
bol,sex_t,age_10yrbands_y45_54,mts_aggregate_1,2018,121.105
bol,sex_t,age_10yrbands_y45_54,mts_aggregate_1,2019,134.125
bol,sex_t,age_10yrbands_y45_54,mts_aggregate_1,2022,177.083
bol,sex_t,age_10yrbands_y45_54,mts_aggregate_1,2023,179.474
bol,sex_t,age_10yrbands_y45_54,mts_aggregate_1,2024,199.062
bol,sex_t,age_10yrbands_y45_54,mts_aggregate_2,1999,333.766
bol,sex_t,age_10yrbands_y45_54,mts_aggregate_2,2000,48.664
bol,sex_t,age_10yrbands_y45_54,mts_aggregate_2,2001,276.389
bol,sex_t,age_10yrbands_y45_54,mts_aggregate_2,2002,318.575
bol,sex_t,age_10yrbands_y45_54,mts_aggregate_2,2004,390.656
bol,sex_t,age_10yrbands_y45_54,mts_aggregate_2,2005,384.027
bol,sex_t,age_10yrbands_y45_54,mts_aggregate_2,2006,419.071
bol,sex_t,age_10yrbands_y45_54,mts_aggregate_2,2007,393.724
bol,sex_t,age_10yrbands_y45_54,mts_aggregate_2,2008,419.785
bol,sex_t,age_10yrbands_y45_54,mts_aggregate_2,2009,470.524
bol,sex_t,age_10yrbands_y45_54,mts_aggregate_2,2011,480.637
bol,sex_t,age_10yrbands_y45_54,mts_aggregate_2,2012,446.136
bol,sex_t,age_10yrbands_y45_54,mts_aggregate_2,2013,518.291
bol,sex_t,age_10yrbands_y45_54,mts_aggregate_2,2014,554.282
bol,sex_t,age_10yrbands_y45_54,mts_aggregate_2,2015,483.123
bol,sex_t,age_10yrbands_y45_54,mts_aggregate_2,2016,435.736
bol,sex_t,age_10yrbands_y45_54,mts_aggregate_2,2017,464.211
bol,sex_t,age_10yrbands_y45_54,mts_aggregate_2,2018,509.937
bol,sex_t,age_10yrbands_y45_54,mts_aggregate_2,2019,513.482
bol,sex_t,age_10yrbands_y45_54,mts_aggregate_2,2022,584.227
bol,sex_t,age_10yrbands_y45_54,mts_aggregate_2,2023,618.986
bol,sex_t,age_10yrbands_y45_54,mts_aggregate_2,2024,621.542
bol,sex_t,age_10yrbands_y45_54,mts_aggregate_total,1999,405.943
bol,sex_t,age_10yrbands_y45_54,mts_aggregate_total,2000,301.994
bol,sex_t,age_10yrbands_y45_54,mts_aggregate_total,2001,339.426
bol,sex_t,age_10yrbands_y45_54,mts_aggregate_total,2002,378.056
bol,sex_t,age_10yrbands_y45_54,mts_aggregate_total,2004,505.342
bol,sex_t,age_10yrbands_y45_54,mts_aggregate_total,2005,468.239
bol,sex_t,age_10yrbands_y45_54,mts_aggregate_total,2006,519.158
bol,sex_t,age_10yrbands_y45_54,mts_aggregate_total,2007,480.568
bol,sex_t,age_10yrbands_y45_54,mts_aggregate_total,2008,526.794
bol,sex_t,age_10yrbands_y45_54,mts_aggregate_total,2009,572.082
bol,sex_t,age_10yrbands_y45_54,mts_aggregate_total,2011,584.456
bol,sex_t,age_10yrbands_y45_54,mts_aggregate_total,2012,562.878
bol,sex_t,age_10yrbands_y45_54,mts_aggregate_total,2013,659.087
bol,sex_t,age_10yrbands_y45_54,mts_aggregate_total,2014,694.497
bol,sex_t,age_10yrbands_y45_54,mts_aggregate_total,2015,615.442
bol,sex_t,age_10yrbands_y45_54,mts_aggregate_total,2016,543.575
bol,sex_t,age_10yrbands_y45_54,mts_aggregate_total,2017,578.806
bol,sex_t,age_10yrbands_y45_54,mts_aggregate_total,2018,631.042
bol,sex_t,age_10yrbands_y45_54,mts_aggregate_total,2019,647.607
bol,sex_t,age_10yrbands_y45_54,mts_aggregate_total,2022,761.31
bol,sex_t,age_10yrbands_y45_54,mts_aggregate_total,2023,798.46
bol,sex_t,age_10yrbands_y45_54,mts_aggregate_total,2024,820.605
bol,sex_t,age_10yrbands_y45_54,mts_details_mrd,1999,292.928
bol,sex_t,age_10yrbands_y45_54,mts_details_mrd,2000,25.867
bol,sex_t,age_10yrbands_y45_54,mts_details_mrd,2001,239.075
bol,sex_t,age_10yrbands_y45_54,mts_details_mrd,2002,279.436
bol,sex_t,age_10yrbands_y45_54,mts_details_mrd,2004,329.628
bol,sex_t,age_10yrbands_y45_54,mts_details_mrd,2005,330.655
bol,sex_t,age_10yrbands_y45_54,mts_details_mrd,2006,365.679
bol,sex_t,age_10yrbands_y45_54,mts_details_mrd,2007,326.093
bol,sex_t,age_10yrbands_y45_54,mts_details_mrd,2008,367.722
bol,sex_t,age_10yrbands_y45_54,mts_details_mrd,2009,388.074
bol,sex_t,age_10yrbands_y45_54,mts_details_mrd,2011,387.823
bol,sex_t,age_10yrbands_y45_54,mts_details_mrd,2012,361.487
bol,sex_t,age_10yrbands_y45_54,mts_details_mrd,2013,430.223
bol,sex_t,age_10yrbands_y45_54,mts_details_mrd,2014,448.822
bol,sex_t,age_10yrbands_y45_54,mts_details_mrd,2015,383.142
bol,sex_t,age_10yrbands_y45_54,mts_details_mrd,2016,337.749
bol,sex_t,age_10yrbands_y45_54,mts_details_mrd,2017,359.384
bol,sex_t,age_10yrbands_y45_54,mts_details_mrd,2018,394.502
bol,sex_t,age_10yrbands_y45_54,mts_details_mrd,2019,387.334
bol,sex_t,age_10yrbands_y45_54,mts_details_mrd,2022,423.323
bol,sex_t,age_10yrbands_y45_54,mts_details_mrd,2023,447.112
bol,sex_t,age_10yrbands_y45_54,mts_details_mrd,2024,436.525
bol,sex_t,age_10yrbands_y45_54,mts_details_sep,1999,20.476
bol,sex_t,age_10yrbands_y45_54,mts_details_sep,2000,15.502
bol,sex_t,age_10yrbands_y45_54,mts_details_sep,2001,17.447
bol,sex_t,age_10yrbands_y45_54,mts_details_sep,2002,14.122
bol,sex_t,age_10yrbands_y45_54,mts_details_sep,2004,35.402
bol,sex_t,age_10yrbands_y45_54,mts_details_sep,2005,25.749
bol,sex_t,age_10yrbands_y45_54,mts_details_sep,2006,35.781
bol,sex_t,age_10yrbands_y45_54,mts_details_sep,2007,27.735
bol,sex_t,age_10yrbands_y45_54,mts_details_sep,2008,33.525
bol,sex_t,age_10yrbands_y45_54,mts_details_sep,2009,39.263
bol,sex_t,age_10yrbands_y45_54,mts_details_sep,2011,37.597
bol,sex_t,age_10yrbands_y45_54,mts_details_sep,2012,38.19
bol,sex_t,age_10yrbands_y45_54,mts_details_sep,2013,46.208
bol,sex_t,age_10yrbands_y45_54,mts_details_sep,2014,54.64
bol,sex_t,age_10yrbands_y45_54,mts_details_sep,2015,42.04
bol,sex_t,age_10yrbands_y45_54,mts_details_sep,2016,47.126
bol,sex_t,age_10yrbands_y45_54,mts_details_sep,2017,44.708
bol,sex_t,age_10yrbands_y45_54,mts_details_sep,2018,47.809
bol,sex_t,age_10yrbands_y45_54,mts_details_sep,2019,51.434
bol,sex_t,age_10yrbands_y45_54,mts_details_sep,2022,59.016
bol,sex_t,age_10yrbands_y45_54,mts_details_sep,2023,61.081
bol,sex_t,age_10yrbands_y45_54,mts_details_sep,2024,65.343
bol,sex_t,age_10yrbands_y45_54,mts_details_sgle,1999,18.049
bol,sex_t,age_10yrbands_y45_54,mts_details_sgle,2000,221.636
bol,sex_t,age_10yrbands_y45_54,mts_details_sgle,2001,21.385
bol,sex_t,age_10yrbands_y45_54,mts_details_sgle,2002,19.345
bol,sex_t,age_10yrbands_y45_54,mts_details_sgle,2004,33.218
bol,sex_t,age_10yrbands_y45_54,mts_details_sgle,2005,27.219
bol,sex_t,age_10yrbands_y45_54,mts_details_sgle,2006,39.991
bol,sex_t,age_10yrbands_y45_54,mts_details_sgle,2007,27.526
bol,sex_t,age_10yrbands_y45_54,mts_details_sgle,2008,42.811
bol,sex_t,age_10yrbands_y45_54,mts_details_sgle,2009,34.846
bol,sex_t,age_10yrbands_y45_54,mts_details_sgle,2011,41.038
bol,sex_t,age_10yrbands_y45_54,mts_details_sgle,2012,50.575
bol,sex_t,age_10yrbands_y45_54,mts_details_sgle,2013,61.591
bol,sex_t,age_10yrbands_y45_54,mts_details_sgle,2014,56.892
bol,sex_t,age_10yrbands_y45_54,mts_details_sgle,2015,63.088
bol,sex_t,age_10yrbands_y45_54,mts_details_sgle,2016,36.704
bol,sex_t,age_10yrbands_y45_54,mts_details_sgle,2017,45.795
bol,sex_t,age_10yrbands_y45_54,mts_details_sgle,2018,49.479
bol,sex_t,age_10yrbands_y45_54,mts_details_sgle,2019,56.736
bol,sex_t,age_10yrbands_y45_54,mts_details_sgle,2022,88.139
bol,sex_t,age_10yrbands_y45_54,mts_details_sgle,2023,87.672
bol,sex_t,age_10yrbands_y45_54,mts_details_sgle,2024,99.906
bol,sex_t,age_10yrbands_y45_54,mts_details_total,1999,405.943
bol,sex_t,age_10yrbands_y45_54,mts_details_total,2000,301.994
bol,sex_t,age_10yrbands_y45_54,mts_details_total,2001,339.426
bol,sex_t,age_10yrbands_y45_54,mts_details_total,2002,378.056
bol,sex_t,age_10yrbands_y45_54,mts_details_total,2004,505.342
bol,sex_t,age_10yrbands_y45_54,mts_details_total,2005,468.239
bol,sex_t,age_10yrbands_y45_54,mts_details_total,2006,519.158
bol,sex_t,age_10yrbands_y45_54,mts_details_total,2007,480.568
bol,sex_t,age_10yrbands_y45_54,mts_details_total,2008,526.794
bol,sex_t,age_10yrbands_y45_54,mts_details_total,2009,572.082
bol,sex_t,age_10yrbands_y45_54,mts_details_total,2011,584.456
bol,sex_t,age_10yrbands_y45_54,mts_details_total,2012,562.878
bol,sex_t,age_10yrbands_y45_54,mts_details_total,2013,659.087
bol,sex_t,age_10yrbands_y45_54,mts_details_total,2014,694.497
bol,sex_t,age_10yrbands_y45_54,mts_details_total,2015,615.442
bol,sex_t,age_10yrbands_y45_54,mts_details_total,2016,543.575
bol,sex_t,age_10yrbands_y45_54,mts_details_total,2017,578.806
bol,sex_t,age_10yrbands_y45_54,mts_details_total,2018,631.042
bol,sex_t,age_10yrbands_y45_54,mts_details_total,2019,647.607
bol,sex_t,age_10yrbands_y45_54,mts_details_total,2022,761.31
bol,sex_t,age_10yrbands_y45_54,mts_details_total,2023,798.46
bol,sex_t,age_10yrbands_y45_54,mts_details_total,2024,820.605
bol,sex_t,age_10yrbands_y45_54,mts_details_union,1999,40.838
bol,sex_t,age_10yrbands_y45_54,mts_details_union,2000,22.797
bol,sex_t,age_10yrbands_y45_54,mts_details_union,2001,37.314
bol,sex_t,age_10yrbands_y45_54,mts_details_union,2002,39.139
bol,sex_t,age_10yrbands_y45_54,mts_details_union,2004,61.028
bol,sex_t,age_10yrbands_y45_54,mts_details_union,2005,53.372
bol,sex_t,age_10yrbands_y45_54,mts_details_union,2006,53.392
bol,sex_t,age_10yrbands_y45_54,mts_details_union,2007,67.631
bol,sex_t,age_10yrbands_y45_54,mts_details_union,2008,52.063
bol,sex_t,age_10yrbands_y45_54,mts_details_union,2009,82.45
bol,sex_t,age_10yrbands_y45_54,mts_details_union,2011,92.814
bol,sex_t,age_10yrbands_y45_54,mts_details_union,2012,84.649
bol,sex_t,age_10yrbands_y45_54,mts_details_union,2013,88.068
bol,sex_t,age_10yrbands_y45_54,mts_details_union,2014,105.46
bol,sex_t,age_10yrbands_y45_54,mts_details_union,2015,99.981
bol,sex_t,age_10yrbands_y45_54,mts_details_union,2016,97.987
bol,sex_t,age_10yrbands_y45_54,mts_details_union,2017,104.827
bol,sex_t,age_10yrbands_y45_54,mts_details_union,2018,115.435
bol,sex_t,age_10yrbands_y45_54,mts_details_union,2019,126.148
bol,sex_t,age_10yrbands_y45_54,mts_details_union,2022,160.904
bol,sex_t,age_10yrbands_y45_54,mts_details_union,2023,171.874
bol,sex_t,age_10yrbands_y45_54,mts_details_union,2024,185.017
bol,sex_t,age_10yrbands_y45_54,mts_details_wid,1999,33.652
bol,sex_t,age_10yrbands_y45_54,mts_details_wid,2000,16.192
bol,sex_t,age_10yrbands_y45_54,mts_details_wid,2001,24.205
bol,sex_t,age_10yrbands_y45_54,mts_details_wid,2002,26.014
bol,sex_t,age_10yrbands_y45_54,mts_details_wid,2004,46.066
bol,sex_t,age_10yrbands_y45_54,mts_details_wid,2005,31.244
bol,sex_t,age_10yrbands_y45_54,mts_details_wid,2006,24.315
bol,sex_t,age_10yrbands_y45_54,mts_details_wid,2007,31.583
bol,sex_t,age_10yrbands_y45_54,mts_details_wid,2008,30.673
bol,sex_t,age_10yrbands_y45_54,mts_details_wid,2009,27.449
bol,sex_t,age_10yrbands_y45_54,mts_details_wid,2011,25.184
bol,sex_t,age_10yrbands_y45_54,mts_details_wid,2012,27.977
bol,sex_t,age_10yrbands_y45_54,mts_details_wid,2013,32.997
bol,sex_t,age_10yrbands_y45_54,mts_details_wid,2014,28.549
bol,sex_t,age_10yrbands_y45_54,mts_details_wid,2015,27.191
bol,sex_t,age_10yrbands_y45_54,mts_details_wid,2016,24.009
bol,sex_t,age_10yrbands_y45_54,mts_details_wid,2017,24.093
bol,sex_t,age_10yrbands_y45_54,mts_details_wid,2018,23.817
bol,sex_t,age_10yrbands_y45_54,mts_details_wid,2019,25.955
bol,sex_t,age_10yrbands_y45_54,mts_details_wid,2022,29.927
bol,sex_t,age_10yrbands_y45_54,mts_details_wid,2023,30.721
bol,sex_t,age_10yrbands_y45_54,mts_details_wid,2024,33.813
bol,sex_t,age_10yrbands_y55_64,mts_aggregate_1,1999,64.618
bol,sex_t,age_10yrbands_y55_64,mts_aggregate_1,2000,157.573
bol,sex_t,age_10yrbands_y55_64,mts_aggregate_1,2001,49.385
bol,sex_t,age_10yrbands_y55_64,mts_aggregate_1,2002,46.993
bol,sex_t,age_10yrbands_y55_64,mts_aggregate_1,2004,67.804
bol,sex_t,age_10yrbands_y55_64,mts_aggregate_1,2005,71.942
bol,sex_t,age_10yrbands_y55_64,mts_aggregate_1,2006,76.225
bol,sex_t,age_10yrbands_y55_64,mts_aggregate_1,2007,77.937
bol,sex_t,age_10yrbands_y55_64,mts_aggregate_1,2008,97.915
bol,sex_t,age_10yrbands_y55_64,mts_aggregate_1,2009,93.226
bol,sex_t,age_10yrbands_y55_64,mts_aggregate_1,2011,105.088
bol,sex_t,age_10yrbands_y55_64,mts_aggregate_1,2012,98.315
bol,sex_t,age_10yrbands_y55_64,mts_aggregate_1,2013,116.791
bol,sex_t,age_10yrbands_y55_64,mts_aggregate_1,2014,124.403
bol,sex_t,age_10yrbands_y55_64,mts_aggregate_1,2015,117.12
bol,sex_t,age_10yrbands_y55_64,mts_aggregate_1,2016,109.98
bol,sex_t,age_10yrbands_y55_64,mts_aggregate_1,2017,115.682
bol,sex_t,age_10yrbands_y55_64,mts_aggregate_1,2018,131.368
bol,sex_t,age_10yrbands_y55_64,mts_aggregate_1,2019,139.364
bol,sex_t,age_10yrbands_y55_64,mts_aggregate_1,2022,174.997
bol,sex_t,age_10yrbands_y55_64,mts_aggregate_1,2023,175.485
bol,sex_t,age_10yrbands_y55_64,mts_aggregate_1,2024,192.039
bol,sex_t,age_10yrbands_y55_64,mts_aggregate_2,1999,192.471
bol,sex_t,age_10yrbands_y55_64,mts_aggregate_2,2000,42.299
bol,sex_t,age_10yrbands_y55_64,mts_aggregate_2,2001,160.341
bol,sex_t,age_10yrbands_y55_64,mts_aggregate_2,2002,160.048
bol,sex_t,age_10yrbands_y55_64,mts_aggregate_2,2004,246.844
bol,sex_t,age_10yrbands_y55_64,mts_aggregate_2,2005,248.372
bol,sex_t,age_10yrbands_y55_64,mts_aggregate_2,2006,230.136
bol,sex_t,age_10yrbands_y55_64,mts_aggregate_2,2007,234.567
bol,sex_t,age_10yrbands_y55_64,mts_aggregate_2,2008,314.225
bol,sex_t,age_10yrbands_y55_64,mts_aggregate_2,2009,298.514
bol,sex_t,age_10yrbands_y55_64,mts_aggregate_2,2011,311.416
bol,sex_t,age_10yrbands_y55_64,mts_aggregate_2,2012,299.879
bol,sex_t,age_10yrbands_y55_64,mts_aggregate_2,2013,351.598
bol,sex_t,age_10yrbands_y55_64,mts_aggregate_2,2014,373.747
bol,sex_t,age_10yrbands_y55_64,mts_aggregate_2,2015,360.617
bol,sex_t,age_10yrbands_y55_64,mts_aggregate_2,2016,314.765
bol,sex_t,age_10yrbands_y55_64,mts_aggregate_2,2017,351.94
bol,sex_t,age_10yrbands_y55_64,mts_aggregate_2,2018,394.133
bol,sex_t,age_10yrbands_y55_64,mts_aggregate_2,2019,409.082
bol,sex_t,age_10yrbands_y55_64,mts_aggregate_2,2022,433.932
bol,sex_t,age_10yrbands_y55_64,mts_aggregate_2,2023,451.973
bol,sex_t,age_10yrbands_y55_64,mts_aggregate_2,2024,477.305
bol,sex_t,age_10yrbands_y55_64,mts_aggregate_total,1999,257.089
bol,sex_t,age_10yrbands_y55_64,mts_aggregate_total,2000,199.872
bol,sex_t,age_10yrbands_y55_64,mts_aggregate_total,2001,209.726
bol,sex_t,age_10yrbands_y55_64,mts_aggregate_total,2002,207.041
bol,sex_t,age_10yrbands_y55_64,mts_aggregate_total,2004,314.648
bol,sex_t,age_10yrbands_y55_64,mts_aggregate_total,2005,320.314
bol,sex_t,age_10yrbands_y55_64,mts_aggregate_total,2006,306.361
bol,sex_t,age_10yrbands_y55_64,mts_aggregate_total,2007,312.504
bol,sex_t,age_10yrbands_y55_64,mts_aggregate_total,2008,412.14
bol,sex_t,age_10yrbands_y55_64,mts_aggregate_total,2009,392.226
bol,sex_t,age_10yrbands_y55_64,mts_aggregate_total,2011,416.504
bol,sex_t,age_10yrbands_y55_64,mts_aggregate_total,2012,398.194
bol,sex_t,age_10yrbands_y55_64,mts_aggregate_total,2013,468.389
bol,sex_t,age_10yrbands_y55_64,mts_aggregate_total,2014,498.15
bol,sex_t,age_10yrbands_y55_64,mts_aggregate_total,2015,477.737
bol,sex_t,age_10yrbands_y55_64,mts_aggregate_total,2016,424.745
bol,sex_t,age_10yrbands_y55_64,mts_aggregate_total,2017,467.622
bol,sex_t,age_10yrbands_y55_64,mts_aggregate_total,2018,525.501
bol,sex_t,age_10yrbands_y55_64,mts_aggregate_total,2019,548.446
bol,sex_t,age_10yrbands_y55_64,mts_aggregate_total,2022,608.929
bol,sex_t,age_10yrbands_y55_64,mts_aggregate_total,2023,627.458
bol,sex_t,age_10yrbands_y55_64,mts_aggregate_total,2024,669.344
bol,sex_t,age_10yrbands_y55_64,mts_details_mrd,1999,179.552
bol,sex_t,age_10yrbands_y55_64,mts_details_mrd,2000,13.718
bol,sex_t,age_10yrbands_y55_64,mts_details_mrd,2001,143.928
bol,sex_t,age_10yrbands_y55_64,mts_details_mrd,2002,149.485
bol,sex_t,age_10yrbands_y55_64,mts_details_mrd,2004,213.907
bol,sex_t,age_10yrbands_y55_64,mts_details_mrd,2005,222.701
bol,sex_t,age_10yrbands_y55_64,mts_details_mrd,2006,207.961
bol,sex_t,age_10yrbands_y55_64,mts_details_mrd,2007,218.4
bol,sex_t,age_10yrbands_y55_64,mts_details_mrd,2008,279.379
bol,sex_t,age_10yrbands_y55_64,mts_details_mrd,2009,261.995
bol,sex_t,age_10yrbands_y55_64,mts_details_mrd,2011,277.632
bol,sex_t,age_10yrbands_y55_64,mts_details_mrd,2012,263.683
bol,sex_t,age_10yrbands_y55_64,mts_details_mrd,2013,307.963
bol,sex_t,age_10yrbands_y55_64,mts_details_mrd,2014,322.234
bol,sex_t,age_10yrbands_y55_64,mts_details_mrd,2015,308.424
bol,sex_t,age_10yrbands_y55_64,mts_details_mrd,2016,269.233
bol,sex_t,age_10yrbands_y55_64,mts_details_mrd,2017,303.619
bol,sex_t,age_10yrbands_y55_64,mts_details_mrd,2018,338.611
bol,sex_t,age_10yrbands_y55_64,mts_details_mrd,2019,353.709
bol,sex_t,age_10yrbands_y55_64,mts_details_mrd,2022,365.685
bol,sex_t,age_10yrbands_y55_64,mts_details_mrd,2023,377.428
bol,sex_t,age_10yrbands_y55_64,mts_details_mrd,2024,393.042
bol,sex_t,age_10yrbands_y55_64,mts_details_sep,1999,6.996
bol,sex_t,age_10yrbands_y55_64,mts_details_sep,2000,8.854
bol,sex_t,age_10yrbands_y55_64,mts_details_sep,2001,9.937
bol,sex_t,age_10yrbands_y55_64,mts_details_sep,2002,9.309
bol,sex_t,age_10yrbands_y55_64,mts_details_sep,2004,16.31
bol,sex_t,age_10yrbands_y55_64,mts_details_sep,2005,12.671
bol,sex_t,age_10yrbands_y55_64,mts_details_sep,2006,18.628
bol,sex_t,age_10yrbands_y55_64,mts_details_sep,2007,14.479
bol,sex_t,age_10yrbands_y55_64,mts_details_sep,2008,25.214
bol,sex_t,age_10yrbands_y55_64,mts_details_sep,2009,14.915
bol,sex_t,age_10yrbands_y55_64,mts_details_sep,2011,24.954
bol,sex_t,age_10yrbands_y55_64,mts_details_sep,2012,23.288
bol,sex_t,age_10yrbands_y55_64,mts_details_sep,2013,26.589
bol,sex_t,age_10yrbands_y55_64,mts_details_sep,2014,31.256
bol,sex_t,age_10yrbands_y55_64,mts_details_sep,2015,31.802
bol,sex_t,age_10yrbands_y55_64,mts_details_sep,2016,34.498
bol,sex_t,age_10yrbands_y55_64,mts_details_sep,2017,37.155
bol,sex_t,age_10yrbands_y55_64,mts_details_sep,2018,42.48
bol,sex_t,age_10yrbands_y55_64,mts_details_sep,2019,44.166
bol,sex_t,age_10yrbands_y55_64,mts_details_sep,2022,51.725
bol,sex_t,age_10yrbands_y55_64,mts_details_sep,2023,52.767
bol,sex_t,age_10yrbands_y55_64,mts_details_sep,2024,58.98
bol,sex_t,age_10yrbands_y55_64,mts_details_sgle,1999,6.5
bol,sex_t,age_10yrbands_y55_64,mts_details_sgle,2000,137.523
bol,sex_t,age_10yrbands_y55_64,mts_details_sgle,2001,13.123
bol,sex_t,age_10yrbands_y55_64,mts_details_sgle,2002,7.078
bol,sex_t,age_10yrbands_y55_64,mts_details_sgle,2004,14.712
bol,sex_t,age_10yrbands_y55_64,mts_details_sgle,2005,13.151
bol,sex_t,age_10yrbands_y55_64,mts_details_sgle,2006,18.056
bol,sex_t,age_10yrbands_y55_64,mts_details_sgle,2007,12.836
bol,sex_t,age_10yrbands_y55_64,mts_details_sgle,2008,23.606
bol,sex_t,age_10yrbands_y55_64,mts_details_sgle,2009,26.272
bol,sex_t,age_10yrbands_y55_64,mts_details_sgle,2011,26.745
bol,sex_t,age_10yrbands_y55_64,mts_details_sgle,2012,27.033
bol,sex_t,age_10yrbands_y55_64,mts_details_sgle,2013,33.115
bol,sex_t,age_10yrbands_y55_64,mts_details_sgle,2014,32.668
bol,sex_t,age_10yrbands_y55_64,mts_details_sgle,2015,33.689
bol,sex_t,age_10yrbands_y55_64,mts_details_sgle,2016,28.189
bol,sex_t,age_10yrbands_y55_64,mts_details_sgle,2017,31.497
bol,sex_t,age_10yrbands_y55_64,mts_details_sgle,2018,33.057
bol,sex_t,age_10yrbands_y55_64,mts_details_sgle,2019,38.479
bol,sex_t,age_10yrbands_y55_64,mts_details_sgle,2022,59.276
bol,sex_t,age_10yrbands_y55_64,mts_details_sgle,2023,60.606
bol,sex_t,age_10yrbands_y55_64,mts_details_sgle,2024,66.261
bol,sex_t,age_10yrbands_y55_64,mts_details_total,1999,257.089
bol,sex_t,age_10yrbands_y55_64,mts_details_total,2000,199.872
bol,sex_t,age_10yrbands_y55_64,mts_details_total,2001,209.726
bol,sex_t,age_10yrbands_y55_64,mts_details_total,2002,207.041
bol,sex_t,age_10yrbands_y55_64,mts_details_total,2004,314.648
bol,sex_t,age_10yrbands_y55_64,mts_details_total,2005,320.314
bol,sex_t,age_10yrbands_y55_64,mts_details_total,2006,306.361
bol,sex_t,age_10yrbands_y55_64,mts_details_total,2007,312.504
bol,sex_t,age_10yrbands_y55_64,mts_details_total,2008,412.14
bol,sex_t,age_10yrbands_y55_64,mts_details_total,2009,392.226
bol,sex_t,age_10yrbands_y55_64,mts_details_total,2011,416.504
bol,sex_t,age_10yrbands_y55_64,mts_details_total,2012,398.194
bol,sex_t,age_10yrbands_y55_64,mts_details_total,2013,468.389
bol,sex_t,age_10yrbands_y55_64,mts_details_total,2014,498.15
bol,sex_t,age_10yrbands_y55_64,mts_details_total,2015,477.737
bol,sex_t,age_10yrbands_y55_64,mts_details_total,2016,424.745
bol,sex_t,age_10yrbands_y55_64,mts_details_total,2017,467.622
bol,sex_t,age_10yrbands_y55_64,mts_details_total,2018,525.501
bol,sex_t,age_10yrbands_y55_64,mts_details_total,2019,548.446
bol,sex_t,age_10yrbands_y55_64,mts_details_total,2022,608.929
bol,sex_t,age_10yrbands_y55_64,mts_details_total,2023,627.458
bol,sex_t,age_10yrbands_y55_64,mts_details_total,2024,669.344
bol,sex_t,age_10yrbands_y55_64,mts_details_union,1999,12.919
bol,sex_t,age_10yrbands_y55_64,mts_details_union,2000,28.581
bol,sex_t,age_10yrbands_y55_64,mts_details_union,2001,16.413
bol,sex_t,age_10yrbands_y55_64,mts_details_union,2002,10.563
bol,sex_t,age_10yrbands_y55_64,mts_details_union,2004,32.937
bol,sex_t,age_10yrbands_y55_64,mts_details_union,2005,25.671
bol,sex_t,age_10yrbands_y55_64,mts_details_union,2006,22.175
bol,sex_t,age_10yrbands_y55_64,mts_details_union,2007,16.167
bol,sex_t,age_10yrbands_y55_64,mts_details_union,2008,34.846
bol,sex_t,age_10yrbands_y55_64,mts_details_union,2009,36.519
bol,sex_t,age_10yrbands_y55_64,mts_details_union,2011,33.784
bol,sex_t,age_10yrbands_y55_64,mts_details_union,2012,36.196
bol,sex_t,age_10yrbands_y55_64,mts_details_union,2013,43.635
bol,sex_t,age_10yrbands_y55_64,mts_details_union,2014,51.513
bol,sex_t,age_10yrbands_y55_64,mts_details_union,2015,52.193
bol,sex_t,age_10yrbands_y55_64,mts_details_union,2016,45.532
bol,sex_t,age_10yrbands_y55_64,mts_details_union,2017,48.321
bol,sex_t,age_10yrbands_y55_64,mts_details_union,2018,55.522
bol,sex_t,age_10yrbands_y55_64,mts_details_union,2019,55.373
bol,sex_t,age_10yrbands_y55_64,mts_details_union,2022,68.247
bol,sex_t,age_10yrbands_y55_64,mts_details_union,2023,74.544
bol,sex_t,age_10yrbands_y55_64,mts_details_union,2024,84.262
bol,sex_t,age_10yrbands_y55_64,mts_details_wid,1999,51.122
bol,sex_t,age_10yrbands_y55_64,mts_details_wid,2000,11.196
bol,sex_t,age_10yrbands_y55_64,mts_details_wid,2001,26.325
bol,sex_t,age_10yrbands_y55_64,mts_details_wid,2002,30.606
bol,sex_t,age_10yrbands_y55_64,mts_details_wid,2004,36.782
bol,sex_t,age_10yrbands_y55_64,mts_details_wid,2005,46.12
bol,sex_t,age_10yrbands_y55_64,mts_details_wid,2006,39.541
bol,sex_t,age_10yrbands_y55_64,mts_details_wid,2007,50.622
bol,sex_t,age_10yrbands_y55_64,mts_details_wid,2008,49.095
bol,sex_t,age_10yrbands_y55_64,mts_details_wid,2009,52.039
bol,sex_t,age_10yrbands_y55_64,mts_details_wid,2011,53.389
bol,sex_t,age_10yrbands_y55_64,mts_details_wid,2012,47.994
bol,sex_t,age_10yrbands_y55_64,mts_details_wid,2013,57.087
bol,sex_t,age_10yrbands_y55_64,mts_details_wid,2014,60.479
bol,sex_t,age_10yrbands_y55_64,mts_details_wid,2015,51.629
bol,sex_t,age_10yrbands_y55_64,mts_details_wid,2016,47.293
bol,sex_t,age_10yrbands_y55_64,mts_details_wid,2017,47.03
bol,sex_t,age_10yrbands_y55_64,mts_details_wid,2018,55.831
bol,sex_t,age_10yrbands_y55_64,mts_details_wid,2019,56.719
bol,sex_t,age_10yrbands_y55_64,mts_details_wid,2022,63.996
bol,sex_t,age_10yrbands_y55_64,mts_details_wid,2023,62.112
bol,sex_t,age_10yrbands_y55_64,mts_details_wid,2024,66.798
bol,sex_t,age_10yrbands_yge65,mts_aggregate_1,1999,76.122
bol,sex_t,age_10yrbands_yge65,mts_aggregate_1,2000,101.652
bol,sex_t,age_10yrbands_yge65,mts_aggregate_1,2001,65.52
bol,sex_t,age_10yrbands_yge65,mts_aggregate_1,2002,60.918
bol,sex_t,age_10yrbands_yge65,mts_aggregate_1,2004,94.256
bol,sex_t,age_10yrbands_yge65,mts_aggregate_1,2005,90.089
bol,sex_t,age_10yrbands_yge65,mts_aggregate_1,2006,92.659
bol,sex_t,age_10yrbands_yge65,mts_aggregate_1,2007,121.559
bol,sex_t,age_10yrbands_yge65,mts_aggregate_1,2008,104.071
bol,sex_t,age_10yrbands_yge65,mts_aggregate_1,2009,110.076
bol,sex_t,age_10yrbands_yge65,mts_aggregate_1,2011,100.365
bol,sex_t,age_10yrbands_yge65,mts_aggregate_1,2012,97.16
bol,sex_t,age_10yrbands_yge65,mts_aggregate_1,2013,133.368
bol,sex_t,age_10yrbands_yge65,mts_aggregate_1,2014,123.368
bol,sex_t,age_10yrbands_yge65,mts_aggregate_1,2015,115.542
bol,sex_t,age_10yrbands_yge65,mts_aggregate_1,2016,111.501
bol,sex_t,age_10yrbands_yge65,mts_aggregate_1,2017,136.073
bol,sex_t,age_10yrbands_yge65,mts_aggregate_1,2018,152.197
bol,sex_t,age_10yrbands_yge65,mts_aggregate_1,2019,148.284
bol,sex_t,age_10yrbands_yge65,mts_aggregate_1,2022,184.511
bol,sex_t,age_10yrbands_yge65,mts_aggregate_1,2023,187.578
bol,sex_t,age_10yrbands_yge65,mts_aggregate_1,2024,210.157
bol,sex_t,age_10yrbands_yge65,mts_aggregate_2,1999,137.663
bol,sex_t,age_10yrbands_yge65,mts_aggregate_2,2000,53.798
bol,sex_t,age_10yrbands_yge65,mts_aggregate_2,2001,117.378
bol,sex_t,age_10yrbands_yge65,mts_aggregate_2,2002,107.879
bol,sex_t,age_10yrbands_yge65,mts_aggregate_2,2004,141.519
bol,sex_t,age_10yrbands_yge65,mts_aggregate_2,2005,183.535
bol,sex_t,age_10yrbands_yge65,mts_aggregate_2,2006,157.984
bol,sex_t,age_10yrbands_yge65,mts_aggregate_2,2007,197.109
bol,sex_t,age_10yrbands_yge65,mts_aggregate_2,2008,179.745
bol,sex_t,age_10yrbands_yge65,mts_aggregate_2,2009,174.715
bol,sex_t,age_10yrbands_yge65,mts_aggregate_2,2011,179.55
bol,sex_t,age_10yrbands_yge65,mts_aggregate_2,2012,193.254
bol,sex_t,age_10yrbands_yge65,mts_aggregate_2,2013,256.899
bol,sex_t,age_10yrbands_yge65,mts_aggregate_2,2014,231.669
bol,sex_t,age_10yrbands_yge65,mts_aggregate_2,2015,220.774
bol,sex_t,age_10yrbands_yge65,mts_aggregate_2,2016,201.579
bol,sex_t,age_10yrbands_yge65,mts_aggregate_2,2017,241.358
bol,sex_t,age_10yrbands_yge65,mts_aggregate_2,2018,276.195
bol,sex_t,age_10yrbands_yge65,mts_aggregate_2,2019,260.117
bol,sex_t,age_10yrbands_yge65,mts_aggregate_2,2022,288.469
bol,sex_t,age_10yrbands_yge65,mts_aggregate_2,2023,334.223
bol,sex_t,age_10yrbands_yge65,mts_aggregate_2,2024,352.11
bol,sex_t,age_10yrbands_yge65,mts_aggregate_total,1999,213.785
bol,sex_t,age_10yrbands_yge65,mts_aggregate_total,2000,155.45
bol,sex_t,age_10yrbands_yge65,mts_aggregate_total,2001,182.898
bol,sex_t,age_10yrbands_yge65,mts_aggregate_total,2002,168.797
bol,sex_t,age_10yrbands_yge65,mts_aggregate_total,2004,235.775
bol,sex_t,age_10yrbands_yge65,mts_aggregate_total,2005,273.624
bol,sex_t,age_10yrbands_yge65,mts_aggregate_total,2006,250.643
bol,sex_t,age_10yrbands_yge65,mts_aggregate_total,2007,318.668
bol,sex_t,age_10yrbands_yge65,mts_aggregate_total,2008,283.816
bol,sex_t,age_10yrbands_yge65,mts_aggregate_total,2009,284.791
bol,sex_t,age_10yrbands_yge65,mts_aggregate_total,2011,279.915
bol,sex_t,age_10yrbands_yge65,mts_aggregate_total,2012,290.414
bol,sex_t,age_10yrbands_yge65,mts_aggregate_total,2013,390.267
bol,sex_t,age_10yrbands_yge65,mts_aggregate_total,2014,355.693
bol,sex_t,age_10yrbands_yge65,mts_aggregate_total,2015,336.316
bol,sex_t,age_10yrbands_yge65,mts_aggregate_total,2016,313.08
bol,sex_t,age_10yrbands_yge65,mts_aggregate_total,2017,377.43
bol,sex_t,age_10yrbands_yge65,mts_aggregate_total,2018,428.393
bol,sex_t,age_10yrbands_yge65,mts_aggregate_total,2019,408.401
bol,sex_t,age_10yrbands_yge65,mts_aggregate_total,2022,472.979
bol,sex_t,age_10yrbands_yge65,mts_aggregate_total,2023,521.801
bol,sex_t,age_10yrbands_yge65,mts_aggregate_total,2024,562.267
bol,sex_t,age_10yrbands_yge65,mts_details_mrd,1999,130.072
bol,sex_t,age_10yrbands_yge65,mts_details_mrd,2000,4.705
bol,sex_t,age_10yrbands_yge65,mts_details_mrd,2001,108.103
bol,sex_t,age_10yrbands_yge65,mts_details_mrd,2002,99.718
bol,sex_t,age_10yrbands_yge65,mts_details_mrd,2004,133.539
bol,sex_t,age_10yrbands_yge65,mts_details_mrd,2005,172.591
bol,sex_t,age_10yrbands_yge65,mts_details_mrd,2006,148.305
bol,sex_t,age_10yrbands_yge65,mts_details_mrd,2007,182.295
bol,sex_t,age_10yrbands_yge65,mts_details_mrd,2008,169.226
bol,sex_t,age_10yrbands_yge65,mts_details_mrd,2009,158.76
bol,sex_t,age_10yrbands_yge65,mts_details_mrd,2011,164.766
bol,sex_t,age_10yrbands_yge65,mts_details_mrd,2012,177.865
bol,sex_t,age_10yrbands_yge65,mts_details_mrd,2013,237.87
bol,sex_t,age_10yrbands_yge65,mts_details_mrd,2014,216.389
bol,sex_t,age_10yrbands_yge65,mts_details_mrd,2015,203.254
bol,sex_t,age_10yrbands_yge65,mts_details_mrd,2016,184.514
bol,sex_t,age_10yrbands_yge65,mts_details_mrd,2017,222.825
bol,sex_t,age_10yrbands_yge65,mts_details_mrd,2018,253.968
bol,sex_t,age_10yrbands_yge65,mts_details_mrd,2019,235.697
bol,sex_t,age_10yrbands_yge65,mts_details_mrd,2022,259.996
bol,sex_t,age_10yrbands_yge65,mts_details_mrd,2023,307.474
bol,sex_t,age_10yrbands_yge65,mts_details_mrd,2024,316.462
bol,sex_t,age_10yrbands_yge65,mts_details_sep,1999,4.902
bol,sex_t,age_10yrbands_yge65,mts_details_sep,2000,5.949
bol,sex_t,age_10yrbands_yge65,mts_details_sep,2001,2.952
bol,sex_t,age_10yrbands_yge65,mts_details_sep,2002,3.525
bol,sex_t,age_10yrbands_yge65,mts_details_sep,2004,8.245
bol,sex_t,age_10yrbands_yge65,mts_details_sep,2005,5.125
bol,sex_t,age_10yrbands_yge65,mts_details_sep,2006,10.007
bol,sex_t,age_10yrbands_yge65,mts_details_sep,2007,14.033
bol,sex_t,age_10yrbands_yge65,mts_details_sep,2008,12.369
bol,sex_t,age_10yrbands_yge65,mts_details_sep,2009,14.431
bol,sex_t,age_10yrbands_yge65,mts_details_sep,2011,9.886
bol,sex_t,age_10yrbands_yge65,mts_details_sep,2012,11.267
bol,sex_t,age_10yrbands_yge65,mts_details_sep,2013,13.161
bol,sex_t,age_10yrbands_yge65,mts_details_sep,2014,14.172
bol,sex_t,age_10yrbands_yge65,mts_details_sep,2015,22.07
bol,sex_t,age_10yrbands_yge65,mts_details_sep,2016,16.218
bol,sex_t,age_10yrbands_yge65,mts_details_sep,2017,19.49
bol,sex_t,age_10yrbands_yge65,mts_details_sep,2018,23.063
bol,sex_t,age_10yrbands_yge65,mts_details_sep,2019,23.804
bol,sex_t,age_10yrbands_yge65,mts_details_sep,2022,24.655
bol,sex_t,age_10yrbands_yge65,mts_details_sep,2023,30.689
bol,sex_t,age_10yrbands_yge65,mts_details_sep,2024,29.811
bol,sex_t,age_10yrbands_yge65,mts_details_sgle,1999,9.068
bol,sex_t,age_10yrbands_yge65,mts_details_sgle,2000,88.675
bol,sex_t,age_10yrbands_yge65,mts_details_sgle,2001,9.653
bol,sex_t,age_10yrbands_yge65,mts_details_sgle,2002,8.056
bol,sex_t,age_10yrbands_yge65,mts_details_sgle,2004,8.38
bol,sex_t,age_10yrbands_yge65,mts_details_sgle,2005,8.131
bol,sex_t,age_10yrbands_yge65,mts_details_sgle,2006,17.968
bol,sex_t,age_10yrbands_yge65,mts_details_sgle,2007,16.608
bol,sex_t,age_10yrbands_yge65,mts_details_sgle,2008,14.473
bol,sex_t,age_10yrbands_yge65,mts_details_sgle,2009,10.728
bol,sex_t,age_10yrbands_yge65,mts_details_sgle,2011,14.582
bol,sex_t,age_10yrbands_yge65,mts_details_sgle,2012,14.622
bol,sex_t,age_10yrbands_yge65,mts_details_sgle,2013,16.875
bol,sex_t,age_10yrbands_yge65,mts_details_sgle,2014,13.816
bol,sex_t,age_10yrbands_yge65,mts_details_sgle,2015,13.565
bol,sex_t,age_10yrbands_yge65,mts_details_sgle,2016,16.211
bol,sex_t,age_10yrbands_yge65,mts_details_sgle,2017,16.846
bol,sex_t,age_10yrbands_yge65,mts_details_sgle,2018,19.546
bol,sex_t,age_10yrbands_yge65,mts_details_sgle,2019,18.836
bol,sex_t,age_10yrbands_yge65,mts_details_sgle,2022,33.951
bol,sex_t,age_10yrbands_yge65,mts_details_sgle,2023,32.37
bol,sex_t,age_10yrbands_yge65,mts_details_sgle,2024,36.298
bol,sex_t,age_10yrbands_yge65,mts_details_total,1999,213.785
bol,sex_t,age_10yrbands_yge65,mts_details_total,2000,155.45
bol,sex_t,age_10yrbands_yge65,mts_details_total,2001,182.898
bol,sex_t,age_10yrbands_yge65,mts_details_total,2002,168.797
bol,sex_t,age_10yrbands_yge65,mts_details_total,2004,235.775
bol,sex_t,age_10yrbands_yge65,mts_details_total,2005,273.624
bol,sex_t,age_10yrbands_yge65,mts_details_total,2006,250.643
bol,sex_t,age_10yrbands_yge65,mts_details_total,2007,318.668
bol,sex_t,age_10yrbands_yge65,mts_details_total,2008,283.816
bol,sex_t,age_10yrbands_yge65,mts_details_total,2009,284.791
bol,sex_t,age_10yrbands_yge65,mts_details_total,2011,279.915
bol,sex_t,age_10yrbands_yge65,mts_details_total,2012,290.414
bol,sex_t,age_10yrbands_yge65,mts_details_total,2013,390.267
bol,sex_t,age_10yrbands_yge65,mts_details_total,2014,355.693
bol,sex_t,age_10yrbands_yge65,mts_details_total,2015,336.316
bol,sex_t,age_10yrbands_yge65,mts_details_total,2016,313.08
bol,sex_t,age_10yrbands_yge65,mts_details_total,2017,377.43
bol,sex_t,age_10yrbands_yge65,mts_details_total,2018,428.393
bol,sex_t,age_10yrbands_yge65,mts_details_total,2019,408.401
bol,sex_t,age_10yrbands_yge65,mts_details_total,2022,472.979
bol,sex_t,age_10yrbands_yge65,mts_details_total,2023,521.801
bol,sex_t,age_10yrbands_yge65,mts_details_total,2024,562.267
bol,sex_t,age_10yrbands_yge65,mts_details_union,1999,7.591
bol,sex_t,age_10yrbands_yge65,mts_details_union,2000,49.093
bol,sex_t,age_10yrbands_yge65,mts_details_union,2001,9.275
bol,sex_t,age_10yrbands_yge65,mts_details_union,2002,8.161
bol,sex_t,age_10yrbands_yge65,mts_details_union,2004,7.98
bol,sex_t,age_10yrbands_yge65,mts_details_union,2005,10.944
bol,sex_t,age_10yrbands_yge65,mts_details_union,2006,9.679
bol,sex_t,age_10yrbands_yge65,mts_details_union,2007,14.814
bol,sex_t,age_10yrbands_yge65,mts_details_union,2008,10.519
bol,sex_t,age_10yrbands_yge65,mts_details_union,2009,15.955
bol,sex_t,age_10yrbands_yge65,mts_details_union,2011,14.784
bol,sex_t,age_10yrbands_yge65,mts_details_union,2012,15.389
bol,sex_t,age_10yrbands_yge65,mts_details_union,2013,19.029
bol,sex_t,age_10yrbands_yge65,mts_details_union,2014,15.28
bol,sex_t,age_10yrbands_yge65,mts_details_union,2015,17.52
bol,sex_t,age_10yrbands_yge65,mts_details_union,2016,17.065
bol,sex_t,age_10yrbands_yge65,mts_details_union,2017,18.533
bol,sex_t,age_10yrbands_yge65,mts_details_union,2018,22.228
bol,sex_t,age_10yrbands_yge65,mts_details_union,2019,24.419
bol,sex_t,age_10yrbands_yge65,mts_details_union,2022,28.473
bol,sex_t,age_10yrbands_yge65,mts_details_union,2023,26.75
bol,sex_t,age_10yrbands_yge65,mts_details_union,2024,35.648
bol,sex_t,age_10yrbands_yge65,mts_details_wid,1999,62.152
bol,sex_t,age_10yrbands_yge65,mts_details_wid,2000,7.028
bol,sex_t,age_10yrbands_yge65,mts_details_wid,2001,52.915
bol,sex_t,age_10yrbands_yge65,mts_details_wid,2002,49.337
bol,sex_t,age_10yrbands_yge65,mts_details_wid,2004,77.631
bol,sex_t,age_10yrbands_yge65,mts_details_wid,2005,76.833
bol,sex_t,age_10yrbands_yge65,mts_details_wid,2006,64.684
bol,sex_t,age_10yrbands_yge65,mts_details_wid,2007,90.918
bol,sex_t,age_10yrbands_yge65,mts_details_wid,2008,77.229
bol,sex_t,age_10yrbands_yge65,mts_details_wid,2009,84.917
bol,sex_t,age_10yrbands_yge65,mts_details_wid,2011,75.897
bol,sex_t,age_10yrbands_yge65,mts_details_wid,2012,71.271
bol,sex_t,age_10yrbands_yge65,mts_details_wid,2013,103.332
bol,sex_t,age_10yrbands_yge65,mts_details_wid,2014,95.38
bol,sex_t,age_10yrbands_yge65,mts_details_wid,2015,79.907
bol,sex_t,age_10yrbands_yge65,mts_details_wid,2016,79.073
bol,sex_t,age_10yrbands_yge65,mts_details_wid,2017,99.737
bol,sex_t,age_10yrbands_yge65,mts_details_wid,2018,109.589
bol,sex_t,age_10yrbands_yge65,mts_details_wid,2019,105.644
bol,sex_t,age_10yrbands_yge65,mts_details_wid,2022,125.904
bol,sex_t,age_10yrbands_yge65,mts_details_wid,2023,124.518
bol,sex_t,age_10yrbands_yge65,mts_details_wid,2024,144.049
bol,sex_t,age_aggregate_total,mts_aggregate_1,1999,731.279
bol,sex_t,age_aggregate_total,mts_aggregate_1,2000,1788.85
bol,sex_t,age_aggregate_total,mts_aggregate_1,2001,982.382
bol,sex_t,age_aggregate_total,mts_aggregate_1,2002,1002.467
bol,sex_t,age_aggregate_total,mts_aggregate_1,2004,1211.854
bol,sex_t,age_aggregate_total,mts_aggregate_1,2005,946.478
bol,sex_t,age_aggregate_total,mts_aggregate_1,2006,1020.408
bol,sex_t,age_aggregate_total,mts_aggregate_1,2007,1142.256
bol,sex_t,age_aggregate_total,mts_aggregate_1,2008,1147.889
bol,sex_t,age_aggregate_total,mts_aggregate_1,2009,1133.668
bol,sex_t,age_aggregate_total,mts_aggregate_1,2011,1238.34
bol,sex_t,age_aggregate_total,mts_aggregate_1,2012,1171.914
bol,sex_t,age_aggregate_total,mts_aggregate_1,2013,1428.98
bol,sex_t,age_aggregate_total,mts_aggregate_1,2014,1505.443
bol,sex_t,age_aggregate_total,mts_aggregate_1,2015,1266.617
bol,sex_t,age_aggregate_total,mts_aggregate_1,2016,1102.167
bol,sex_t,age_aggregate_total,mts_aggregate_1,2017,1199.145
bol,sex_t,age_aggregate_total,mts_aggregate_1,2018,1298.736
bol,sex_t,age_aggregate_total,mts_aggregate_1,2019,1367.739
bol,sex_t,age_aggregate_total,mts_aggregate_1,2022,1908.36
bol,sex_t,age_aggregate_total,mts_aggregate_1,2023,1928.323
bol,sex_t,age_aggregate_total,mts_aggregate_1,2024,2071.086
bol,sex_t,age_aggregate_total,mts_aggregate_2,1999,1567.681
bol,sex_t,age_aggregate_total,mts_aggregate_2,2000,451.069
bol,sex_t,age_aggregate_total,mts_aggregate_2,2001,1532.058
bol,sex_t,age_aggregate_total,mts_aggregate_2,2002,1605.062
bol,sex_t,age_aggregate_total,mts_aggregate_2,2004,2127.345
bol,sex_t,age_aggregate_total,mts_aggregate_2,2005,1951.664
bol,sex_t,age_aggregate_total,mts_aggregate_2,2006,1954.702
bol,sex_t,age_aggregate_total,mts_aggregate_2,2007,1952.892
bol,sex_t,age_aggregate_total,mts_aggregate_2,2008,2155.425
bol,sex_t,age_aggregate_total,mts_aggregate_2,2009,2211.034
bol,sex_t,age_aggregate_total,mts_aggregate_2,2011,2282.335
bol,sex_t,age_aggregate_total,mts_aggregate_2,2012,2185.704
bol,sex_t,age_aggregate_total,mts_aggregate_2,2013,2463.467
bol,sex_t,age_aggregate_total,mts_aggregate_2,2014,2692.086
bol,sex_t,age_aggregate_total,mts_aggregate_2,2015,2363.583
bol,sex_t,age_aggregate_total,mts_aggregate_2,2016,2037.934
bol,sex_t,age_aggregate_total,mts_aggregate_2,2017,2201.808
bol,sex_t,age_aggregate_total,mts_aggregate_2,2018,2440.475
bol,sex_t,age_aggregate_total,mts_aggregate_2,2019,2568.999
bol,sex_t,age_aggregate_total,mts_aggregate_2,2022,3016.36
bol,sex_t,age_aggregate_total,mts_aggregate_2,2023,3062.973
bol,sex_t,age_aggregate_total,mts_aggregate_2,2024,3088.038
bol,sex_t,age_aggregate_total,mts_aggregate_total,1999,2298.96
bol,sex_t,age_aggregate_total,mts_aggregate_total,2000,2239.919
bol,sex_t,age_aggregate_total,mts_aggregate_total,2001,2514.44
bol,sex_t,age_aggregate_total,mts_aggregate_total,2002,2607.529
bol,sex_t,age_aggregate_total,mts_aggregate_total,2004,3339.199
bol,sex_t,age_aggregate_total,mts_aggregate_total,2005,2898.142
bol,sex_t,age_aggregate_total,mts_aggregate_total,2006,2975.11
bol,sex_t,age_aggregate_total,mts_aggregate_total,2007,3095.148
bol,sex_t,age_aggregate_total,mts_aggregate_total,2008,3303.314
bol,sex_t,age_aggregate_total,mts_aggregate_total,2009,3345.188
bol,sex_t,age_aggregate_total,mts_aggregate_total,2011,3520.675
bol,sex_t,age_aggregate_total,mts_aggregate_total,2012,3357.618
bol,sex_t,age_aggregate_total,mts_aggregate_total,2013,3892.447
bol,sex_t,age_aggregate_total,mts_aggregate_total,2014,4198.975
bol,sex_t,age_aggregate_total,mts_aggregate_total,2015,3630.2
bol,sex_t,age_aggregate_total,mts_aggregate_total,2016,3140.102
bol,sex_t,age_aggregate_total,mts_aggregate_total,2017,3400.953
bol,sex_t,age_aggregate_total,mts_aggregate_total,2018,3739.211
bol,sex_t,age_aggregate_total,mts_aggregate_total,2019,3936.738
bol,sex_t,age_aggregate_total,mts_aggregate_total,2022,4924.721
bol,sex_t,age_aggregate_total,mts_aggregate_total,2023,4991.296
bol,sex_t,age_aggregate_total,mts_aggregate_total,2024,5159.124
bol,sex_t,age_aggregate_total,mts_details_mrd,1999,1260.58
bol,sex_t,age_aggregate_total,mts_details_mrd,2000,336.866
bol,sex_t,age_aggregate_total,mts_details_mrd,2001,1117.63
bol,sex_t,age_aggregate_total,mts_details_mrd,2002,1208.861
bol,sex_t,age_aggregate_total,mts_details_mrd,2004,1479.363
bol,sex_t,age_aggregate_total,mts_details_mrd,2005,1467.514
bol,sex_t,age_aggregate_total,mts_details_mrd,2006,1464.657
bol,sex_t,age_aggregate_total,mts_details_mrd,2007,1405.67
bol,sex_t,age_aggregate_total,mts_details_mrd,2008,1600.406
bol,sex_t,age_aggregate_total,mts_details_mrd,2009,1503.187
bol,sex_t,age_aggregate_total,mts_details_mrd,2011,1525.175
bol,sex_t,age_aggregate_total,mts_details_mrd,2012,1493.234
bol,sex_t,age_aggregate_total,mts_details_mrd,2013,1758.597
bol,sex_t,age_aggregate_total,mts_details_mrd,2014,1811.131
bol,sex_t,age_aggregate_total,mts_details_mrd,2015,1567.253
bol,sex_t,age_aggregate_total,mts_details_mrd,2016,1320.452
bol,sex_t,age_aggregate_total,mts_details_mrd,2017,1434.914
bol,sex_t,age_aggregate_total,mts_details_mrd,2018,1575.988
bol,sex_t,age_aggregate_total,mts_details_mrd,2019,1613.245
bol,sex_t,age_aggregate_total,mts_details_mrd,2022,1729.019
bol,sex_t,age_aggregate_total,mts_details_mrd,2023,1814.251
bol,sex_t,age_aggregate_total,mts_details_mrd,2024,1783.656
bol,sex_t,age_aggregate_total,mts_details_sep,1999,78.693
bol,sex_t,age_aggregate_total,mts_details_sep,2000,69.64
bol,sex_t,age_aggregate_total,mts_details_sep,2001,75.459
bol,sex_t,age_aggregate_total,mts_details_sep,2002,71.61
bol,sex_t,age_aggregate_total,mts_details_sep,2004,139.135
bol,sex_t,age_aggregate_total,mts_details_sep,2005,89.102
bol,sex_t,age_aggregate_total,mts_details_sep,2006,109.624
bol,sex_t,age_aggregate_total,mts_details_sep,2007,130.376
bol,sex_t,age_aggregate_total,mts_details_sep,2008,145.548
bol,sex_t,age_aggregate_total,mts_details_sep,2009,132.927
bol,sex_t,age_aggregate_total,mts_details_sep,2011,124.374
bol,sex_t,age_aggregate_total,mts_details_sep,2012,144.342
bol,sex_t,age_aggregate_total,mts_details_sep,2013,170.731
bol,sex_t,age_aggregate_total,mts_details_sep,2014,185.197
bol,sex_t,age_aggregate_total,mts_details_sep,2015,176.622
bol,sex_t,age_aggregate_total,mts_details_sep,2016,164.077
bol,sex_t,age_aggregate_total,mts_details_sep,2017,180.405
bol,sex_t,age_aggregate_total,mts_details_sep,2018,186.866
bol,sex_t,age_aggregate_total,mts_details_sep,2019,190.829
bol,sex_t,age_aggregate_total,mts_details_sep,2022,218.492
bol,sex_t,age_aggregate_total,mts_details_sep,2023,226.297
bol,sex_t,age_aggregate_total,mts_details_sep,2024,229.251
bol,sex_t,age_aggregate_total,mts_details_sgle,1999,479.832
bol,sex_t,age_aggregate_total,mts_details_sgle,2000,1044.262
bol,sex_t,age_aggregate_total,mts_details_sgle,2001,782.463
bol,sex_t,age_aggregate_total,mts_details_sgle,2002,806.421
bol,sex_t,age_aggregate_total,mts_details_sgle,2004,884.439
bol,sex_t,age_aggregate_total,mts_details_sgle,2005,685.442
bol,sex_t,age_aggregate_total,mts_details_sgle,2006,767.391
bol,sex_t,age_aggregate_total,mts_details_sgle,2007,818.568
bol,sex_t,age_aggregate_total,mts_details_sgle,2008,829.238
bol,sex_t,age_aggregate_total,mts_details_sgle,2009,817.305
bol,sex_t,age_aggregate_total,mts_details_sgle,2011,940.968
bol,sex_t,age_aggregate_total,mts_details_sgle,2012,863.099
bol,sex_t,age_aggregate_total,mts_details_sgle,2013,1049.155
bol,sex_t,age_aggregate_total,mts_details_sgle,2014,1119.15
bol,sex_t,age_aggregate_total,mts_details_sgle,2015,916.95
bol,sex_t,age_aggregate_total,mts_details_sgle,2016,776.172
bol,sex_t,age_aggregate_total,mts_details_sgle,2017,834.564
bol,sex_t,age_aggregate_total,mts_details_sgle,2018,908.23
bol,sex_t,age_aggregate_total,mts_details_sgle,2019,975.082
bol,sex_t,age_aggregate_total,mts_details_sgle,2022,1456.753
bol,sex_t,age_aggregate_total,mts_details_sgle,2023,1472.495
bol,sex_t,age_aggregate_total,mts_details_sgle,2024,1584.65
bol,sex_t,age_aggregate_total,mts_details_total,1999,2298.96
bol,sex_t,age_aggregate_total,mts_details_total,2000,2239.919
bol,sex_t,age_aggregate_total,mts_details_total,2001,2514.44
bol,sex_t,age_aggregate_total,mts_details_total,2002,2607.529
bol,sex_t,age_aggregate_total,mts_details_total,2004,3339.199
bol,sex_t,age_aggregate_total,mts_details_total,2005,2898.142
bol,sex_t,age_aggregate_total,mts_details_total,2006,2975.11
bol,sex_t,age_aggregate_total,mts_details_total,2007,3095.148
bol,sex_t,age_aggregate_total,mts_details_total,2008,3303.314
bol,sex_t,age_aggregate_total,mts_details_total,2009,3345.188
bol,sex_t,age_aggregate_total,mts_details_total,2011,3520.675
bol,sex_t,age_aggregate_total,mts_details_total,2012,3357.618
bol,sex_t,age_aggregate_total,mts_details_total,2013,3892.447
bol,sex_t,age_aggregate_total,mts_details_total,2014,4198.975
bol,sex_t,age_aggregate_total,mts_details_total,2015,3630.2
bol,sex_t,age_aggregate_total,mts_details_total,2016,3140.102
bol,sex_t,age_aggregate_total,mts_details_total,2017,3400.953
bol,sex_t,age_aggregate_total,mts_details_total,2018,3739.211
bol,sex_t,age_aggregate_total,mts_details_total,2019,3936.738
bol,sex_t,age_aggregate_total,mts_details_total,2022,4924.721
bol,sex_t,age_aggregate_total,mts_details_total,2023,4991.296
bol,sex_t,age_aggregate_total,mts_details_total,2024,5159.124
bol,sex_t,age_aggregate_total,mts_details_union,1999,307.101
bol,sex_t,age_aggregate_total,mts_details_union,2000,114.203
bol,sex_t,age_aggregate_total,mts_details_union,2001,414.428
bol,sex_t,age_aggregate_total,mts_details_union,2002,396.201
bol,sex_t,age_aggregate_total,mts_details_union,2004,647.982
bol,sex_t,age_aggregate_total,mts_details_union,2005,484.15
bol,sex_t,age_aggregate_total,mts_details_union,2006,490.045
bol,sex_t,age_aggregate_total,mts_details_union,2007,547.222
bol,sex_t,age_aggregate_total,mts_details_union,2008,555.019
bol,sex_t,age_aggregate_total,mts_details_union,2009,707.847
bol,sex_t,age_aggregate_total,mts_details_union,2011,757.16
bol,sex_t,age_aggregate_total,mts_details_union,2012,692.47
bol,sex_t,age_aggregate_total,mts_details_union,2013,704.87
bol,sex_t,age_aggregate_total,mts_details_union,2014,880.955
bol,sex_t,age_aggregate_total,mts_details_union,2015,796.33
bol,sex_t,age_aggregate_total,mts_details_union,2016,717.482
bol,sex_t,age_aggregate_total,mts_details_union,2017,766.894
bol,sex_t,age_aggregate_total,mts_details_union,2018,864.486
bol,sex_t,age_aggregate_total,mts_details_union,2019,955.754
bol,sex_t,age_aggregate_total,mts_details_union,2022,1287.342
bol,sex_t,age_aggregate_total,mts_details_union,2023,1248.721
bol,sex_t,age_aggregate_total,mts_details_union,2024,1304.382
bol,sex_t,age_aggregate_total,mts_details_wid,1999,172.754
bol,sex_t,age_aggregate_total,mts_details_wid,2000,674.948
bol,sex_t,age_aggregate_total,mts_details_wid,2001,124.46
bol,sex_t,age_aggregate_total,mts_details_wid,2002,124.436
bol,sex_t,age_aggregate_total,mts_details_wid,2004,188.28
bol,sex_t,age_aggregate_total,mts_details_wid,2005,171.934
bol,sex_t,age_aggregate_total,mts_details_wid,2006,143.393
bol,sex_t,age_aggregate_total,mts_details_wid,2007,193.312
bol,sex_t,age_aggregate_total,mts_details_wid,2008,173.103
bol,sex_t,age_aggregate_total,mts_details_wid,2009,183.436
bol,sex_t,age_aggregate_total,mts_details_wid,2011,172.998
bol,sex_t,age_aggregate_total,mts_details_wid,2012,164.473
bol,sex_t,age_aggregate_total,mts_details_wid,2013,209.094
bol,sex_t,age_aggregate_total,mts_details_wid,2014,201.096
bol,sex_t,age_aggregate_total,mts_details_wid,2015,173.045
bol,sex_t,age_aggregate_total,mts_details_wid,2016,161.918
bol,sex_t,age_aggregate_total,mts_details_wid,2017,184.176
bol,sex_t,age_aggregate_total,mts_details_wid,2018,203.64
bol,sex_t,age_aggregate_total,mts_details_wid,2019,201.827
bol,sex_t,age_aggregate_total,mts_details_wid,2022,233.116
bol,sex_t,age_aggregate_total,mts_details_wid,2023,229.531
bol,sex_t,age_aggregate_total,mts_details_wid,2024,257.185
bol,sex_t,age_aggregate_y15_24,mts_aggregate_1,1999,323.9
bol,sex_t,age_aggregate_y15_24,mts_aggregate_1,2000,544.457
bol,sex_t,age_aggregate_y15_24,mts_aggregate_1,2001,586.835
bol,sex_t,age_aggregate_y15_24,mts_aggregate_1,2002,602.205
bol,sex_t,age_aggregate_y15_24,mts_aggregate_1,2004,633.758
bol,sex_t,age_aggregate_y15_24,mts_aggregate_1,2005,456.16
bol,sex_t,age_aggregate_y15_24,mts_aggregate_1,2006,528.289
bol,sex_t,age_aggregate_y15_24,mts_aggregate_1,2007,559.342
bol,sex_t,age_aggregate_y15_24,mts_aggregate_1,2008,546.409
bol,sex_t,age_aggregate_y15_24,mts_aggregate_1,2009,540.414
bol,sex_t,age_aggregate_y15_24,mts_aggregate_1,2011,600.342
bol,sex_t,age_aggregate_y15_24,mts_aggregate_1,2012,508.973
bol,sex_t,age_aggregate_y15_24,mts_aggregate_1,2013,567.694
bol,sex_t,age_aggregate_y15_24,mts_aggregate_1,2014,650.673
bol,sex_t,age_aggregate_y15_24,mts_aggregate_1,2015,513.377
bol,sex_t,age_aggregate_y15_24,mts_aggregate_1,2016,465.993
bol,sex_t,age_aggregate_y15_24,mts_aggregate_1,2017,511.517
bol,sex_t,age_aggregate_y15_24,mts_aggregate_1,2018,552.37
bol,sex_t,age_aggregate_y15_24,mts_aggregate_1,2019,586.599
bol,sex_t,age_aggregate_y15_24,mts_aggregate_1,2022,835.416
bol,sex_t,age_aggregate_y15_24,mts_aggregate_1,2023,827.064
bol,sex_t,age_aggregate_y15_24,mts_aggregate_1,2024,867.353
bol,sex_t,age_aggregate_y15_24,mts_aggregate_2,1999,125.718
bol,sex_t,age_aggregate_y15_24,mts_aggregate_2,2000,96.754
bol,sex_t,age_aggregate_y15_24,mts_aggregate_2,2001,190.873
bol,sex_t,age_aggregate_y15_24,mts_aggregate_2,2002,166.239
bol,sex_t,age_aggregate_y15_24,mts_aggregate_2,2004,217.461
bol,sex_t,age_aggregate_y15_24,mts_aggregate_2,2005,133.492
bol,sex_t,age_aggregate_y15_24,mts_aggregate_2,2006,159.549
bol,sex_t,age_aggregate_y15_24,mts_aggregate_2,2007,166.194
bol,sex_t,age_aggregate_y15_24,mts_aggregate_2,2008,163.785
bol,sex_t,age_aggregate_y15_24,mts_aggregate_2,2009,204.973
bol,sex_t,age_aggregate_y15_24,mts_aggregate_2,2011,199.145
bol,sex_t,age_aggregate_y15_24,mts_aggregate_2,2012,170.824
bol,sex_t,age_aggregate_y15_24,mts_aggregate_2,2013,156.627
bol,sex_t,age_aggregate_y15_24,mts_aggregate_2,2014,217.193
bol,sex_t,age_aggregate_y15_24,mts_aggregate_2,2015,171.926
bol,sex_t,age_aggregate_y15_24,mts_aggregate_2,2016,141.063
bol,sex_t,age_aggregate_y15_24,mts_aggregate_2,2017,142.296
bol,sex_t,age_aggregate_y15_24,mts_aggregate_2,2018,162.634
bol,sex_t,age_aggregate_y15_24,mts_aggregate_2,2019,169.491
bol,sex_t,age_aggregate_y15_24,mts_aggregate_2,2022,202.787
bol,sex_t,age_aggregate_y15_24,mts_aggregate_2,2023,183.561
bol,sex_t,age_aggregate_y15_24,mts_aggregate_2,2024,178.548
bol,sex_t,age_aggregate_y15_24,mts_aggregate_total,1999,449.618
bol,sex_t,age_aggregate_y15_24,mts_aggregate_total,2000,641.211
bol,sex_t,age_aggregate_y15_24,mts_aggregate_total,2001,777.708
bol,sex_t,age_aggregate_y15_24,mts_aggregate_total,2002,768.444
bol,sex_t,age_aggregate_y15_24,mts_aggregate_total,2004,851.219
bol,sex_t,age_aggregate_y15_24,mts_aggregate_total,2005,589.652
bol,sex_t,age_aggregate_y15_24,mts_aggregate_total,2006,687.838
bol,sex_t,age_aggregate_y15_24,mts_aggregate_total,2007,725.536
bol,sex_t,age_aggregate_y15_24,mts_aggregate_total,2008,710.194
bol,sex_t,age_aggregate_y15_24,mts_aggregate_total,2009,745.387
bol,sex_t,age_aggregate_y15_24,mts_aggregate_total,2011,799.487
bol,sex_t,age_aggregate_y15_24,mts_aggregate_total,2012,679.797
bol,sex_t,age_aggregate_y15_24,mts_aggregate_total,2013,724.321
bol,sex_t,age_aggregate_y15_24,mts_aggregate_total,2014,867.866
bol,sex_t,age_aggregate_y15_24,mts_aggregate_total,2015,685.303
bol,sex_t,age_aggregate_y15_24,mts_aggregate_total,2016,607.056
bol,sex_t,age_aggregate_y15_24,mts_aggregate_total,2017,653.813
bol,sex_t,age_aggregate_y15_24,mts_aggregate_total,2018,715.004
bol,sex_t,age_aggregate_y15_24,mts_aggregate_total,2019,756.089
bol,sex_t,age_aggregate_y15_24,mts_aggregate_total,2022,1038.203
bol,sex_t,age_aggregate_y15_24,mts_aggregate_total,2023,1010.626
bol,sex_t,age_aggregate_y15_24,mts_aggregate_total,2024,1045.901
bol,sex_t,age_aggregate_y15_24,mts_details_mrd,1999,55.719
bol,sex_t,age_aggregate_y15_24,mts_details_mrd,2000,93.786
bol,sex_t,age_aggregate_y15_24,mts_details_mrd,2001,76.244
bol,sex_t,age_aggregate_y15_24,mts_details_mrd,2002,69.932
bol,sex_t,age_aggregate_y15_24,mts_details_mrd,2004,65.676
bol,sex_t,age_aggregate_y15_24,mts_details_mrd,2005,45.112
bol,sex_t,age_aggregate_y15_24,mts_details_mrd,2006,40.453
bol,sex_t,age_aggregate_y15_24,mts_details_mrd,2007,42.832
bol,sex_t,age_aggregate_y15_24,mts_details_mrd,2008,42.857
bol,sex_t,age_aggregate_y15_24,mts_details_mrd,2009,55.21
bol,sex_t,age_aggregate_y15_24,mts_details_mrd,2011,50.006
bol,sex_t,age_aggregate_y15_24,mts_details_mrd,2012,42.879
bol,sex_t,age_aggregate_y15_24,mts_details_mrd,2013,41.792
bol,sex_t,age_aggregate_y15_24,mts_details_mrd,2014,53.775
bol,sex_t,age_aggregate_y15_24,mts_details_mrd,2015,35.349
bol,sex_t,age_aggregate_y15_24,mts_details_mrd,2016,23.6
bol,sex_t,age_aggregate_y15_24,mts_details_mrd,2017,23.634
bol,sex_t,age_aggregate_y15_24,mts_details_mrd,2018,23.733
bol,sex_t,age_aggregate_y15_24,mts_details_mrd,2019,24.792
bol,sex_t,age_aggregate_y15_24,mts_details_mrd,2022,22.806
bol,sex_t,age_aggregate_y15_24,mts_details_mrd,2023,20.566
bol,sex_t,age_aggregate_y15_24,mts_details_mrd,2024,20.524
bol,sex_t,age_aggregate_y15_24,mts_details_sep,1999,4.414
bol,sex_t,age_aggregate_y15_24,mts_details_sep,2000,2.871
bol,sex_t,age_aggregate_y15_24,mts_details_sep,2001,8.39
bol,sex_t,age_aggregate_y15_24,mts_details_sep,2002,4.352
bol,sex_t,age_aggregate_y15_24,mts_details_sep,2004,10.804
bol,sex_t,age_aggregate_y15_24,mts_details_sep,2005,1.87
bol,sex_t,age_aggregate_y15_24,mts_details_sep,2006,5.762
bol,sex_t,age_aggregate_y15_24,mts_details_sep,2007,5.982
bol,sex_t,age_aggregate_y15_24,mts_details_sep,2008,8.074
bol,sex_t,age_aggregate_y15_24,mts_details_sep,2009,9.749
bol,sex_t,age_aggregate_y15_24,mts_details_sep,2011,2.84
bol,sex_t,age_aggregate_y15_24,mts_details_sep,2012,10.016
bol,sex_t,age_aggregate_y15_24,mts_details_sep,2013,5.345
bol,sex_t,age_aggregate_y15_24,mts_details_sep,2014,9.034
bol,sex_t,age_aggregate_y15_24,mts_details_sep,2015,6.475
bol,sex_t,age_aggregate_y15_24,mts_details_sep,2016,4.483
bol,sex_t,age_aggregate_y15_24,mts_details_sep,2017,5.968
bol,sex_t,age_aggregate_y15_24,mts_details_sep,2018,5.131
bol,sex_t,age_aggregate_y15_24,mts_details_sep,2019,4.14
bol,sex_t,age_aggregate_y15_24,mts_details_sep,2022,3.129
bol,sex_t,age_aggregate_y15_24,mts_details_sep,2023,4.253
bol,sex_t,age_aggregate_y15_24,mts_details_sep,2024,1.597
bol,sex_t,age_aggregate_y15_24,mts_details_sgle,1999,318.292
bol,sex_t,age_aggregate_y15_24,mts_details_sgle,2000,59.954
bol,sex_t,age_aggregate_y15_24,mts_details_sgle,2001,578.288
bol,sex_t,age_aggregate_y15_24,mts_details_sgle,2002,597.317
bol,sex_t,age_aggregate_y15_24,mts_details_sgle,2004,621.648
bol,sex_t,age_aggregate_y15_24,mts_details_sgle,2005,454.29
bol,sex_t,age_aggregate_y15_24,mts_details_sgle,2006,522.527
bol,sex_t,age_aggregate_y15_24,mts_details_sgle,2007,550.243
bol,sex_t,age_aggregate_y15_24,mts_details_sgle,2008,537.64
bol,sex_t,age_aggregate_y15_24,mts_details_sgle,2009,528.67
bol,sex_t,age_aggregate_y15_24,mts_details_sgle,2011,597.069
bol,sex_t,age_aggregate_y15_24,mts_details_sgle,2012,498.957
bol,sex_t,age_aggregate_y15_24,mts_details_sgle,2013,561.119
bol,sex_t,age_aggregate_y15_24,mts_details_sgle,2014,639.827
bol,sex_t,age_aggregate_y15_24,mts_details_sgle,2015,506.683
bol,sex_t,age_aggregate_y15_24,mts_details_sgle,2016,461.287
bol,sex_t,age_aggregate_y15_24,mts_details_sgle,2017,505.232
bol,sex_t,age_aggregate_y15_24,mts_details_sgle,2018,546.786
bol,sex_t,age_aggregate_y15_24,mts_details_sgle,2019,581.993
bol,sex_t,age_aggregate_y15_24,mts_details_sgle,2022,831.997
bol,sex_t,age_aggregate_y15_24,mts_details_sgle,2023,822.469
bol,sex_t,age_aggregate_y15_24,mts_details_sgle,2024,865.552
bol,sex_t,age_aggregate_y15_24,mts_details_total,1999,449.618
bol,sex_t,age_aggregate_y15_24,mts_details_total,2000,641.211
bol,sex_t,age_aggregate_y15_24,mts_details_total,2001,777.708
bol,sex_t,age_aggregate_y15_24,mts_details_total,2002,768.444
bol,sex_t,age_aggregate_y15_24,mts_details_total,2004,851.219
bol,sex_t,age_aggregate_y15_24,mts_details_total,2005,589.652
bol,sex_t,age_aggregate_y15_24,mts_details_total,2006,687.838
bol,sex_t,age_aggregate_y15_24,mts_details_total,2007,725.536
bol,sex_t,age_aggregate_y15_24,mts_details_total,2008,710.194
bol,sex_t,age_aggregate_y15_24,mts_details_total,2009,745.387
bol,sex_t,age_aggregate_y15_24,mts_details_total,2011,799.487
bol,sex_t,age_aggregate_y15_24,mts_details_total,2012,679.797
bol,sex_t,age_aggregate_y15_24,mts_details_total,2013,724.321
bol,sex_t,age_aggregate_y15_24,mts_details_total,2014,867.866
bol,sex_t,age_aggregate_y15_24,mts_details_total,2015,685.303
bol,sex_t,age_aggregate_y15_24,mts_details_total,2016,607.056
bol,sex_t,age_aggregate_y15_24,mts_details_total,2017,653.813
bol,sex_t,age_aggregate_y15_24,mts_details_total,2018,715.004
bol,sex_t,age_aggregate_y15_24,mts_details_total,2019,756.089
bol,sex_t,age_aggregate_y15_24,mts_details_total,2022,1038.203
bol,sex_t,age_aggregate_y15_24,mts_details_total,2023,1010.626
bol,sex_t,age_aggregate_y15_24,mts_details_total,2024,1045.901
bol,sex_t,age_aggregate_y15_24,mts_details_union,1999,69.999
bol,sex_t,age_aggregate_y15_24,mts_details_union,2000,2.968
bol,sex_t,age_aggregate_y15_24,mts_details_union,2001,114.629
bol,sex_t,age_aggregate_y15_24,mts_details_union,2002,96.307
bol,sex_t,age_aggregate_y15_24,mts_details_union,2004,151.785
bol,sex_t,age_aggregate_y15_24,mts_details_union,2005,88.38
bol,sex_t,age_aggregate_y15_24,mts_details_union,2006,119.096
bol,sex_t,age_aggregate_y15_24,mts_details_union,2007,123.362
bol,sex_t,age_aggregate_y15_24,mts_details_union,2008,120.928
bol,sex_t,age_aggregate_y15_24,mts_details_union,2009,149.763
bol,sex_t,age_aggregate_y15_24,mts_details_union,2011,149.139
bol,sex_t,age_aggregate_y15_24,mts_details_union,2012,127.945
bol,sex_t,age_aggregate_y15_24,mts_details_union,2013,114.835
bol,sex_t,age_aggregate_y15_24,mts_details_union,2014,163.418
bol,sex_t,age_aggregate_y15_24,mts_details_union,2015,136.577
bol,sex_t,age_aggregate_y15_24,mts_details_union,2016,117.462
bol,sex_t,age_aggregate_y15_24,mts_details_union,2017,118.662
bol,sex_t,age_aggregate_y15_24,mts_details_union,2018,138.901
bol,sex_t,age_aggregate_y15_24,mts_details_union,2019,144.698
bol,sex_t,age_aggregate_y15_24,mts_details_union,2022,179.981
bol,sex_t,age_aggregate_y15_24,mts_details_union,2023,162.995
bol,sex_t,age_aggregate_y15_24,mts_details_union,2024,158.024
bol,sex_t,age_aggregate_y15_24,mts_details_wid,2000,481.632
bol,sex_t,age_aggregate_y15_24,mts_details_wid,2014,1.812
bol,sex_t,age_aggregate_y15_24,mts_details_wid,2017,0.316
bol,sex_t,age_aggregate_y15_24,mts_details_wid,2018,0.454
bol,sex_t,age_aggregate_y15_24,mts_details_wid,2019,0.466
bol,sex_t,age_aggregate_y15_24,mts_details_wid,2023,0.342
bol,sex_t,age_aggregate_y15_24,mts_details_wid,2024,0.204
bol,sex_t,age_aggregate_y25_54,mts_aggregate_1,1999,266.639
bol,sex_t,age_aggregate_y25_54,mts_aggregate_1,2000,985.168
bol,sex_t,age_aggregate_y25_54,mts_aggregate_1,2001,280.642
bol,sex_t,age_aggregate_y25_54,mts_aggregate_1,2002,292.351
bol,sex_t,age_aggregate_y25_54,mts_aggregate_1,2004,416.036
bol,sex_t,age_aggregate_y25_54,mts_aggregate_1,2005,328.287
bol,sex_t,age_aggregate_y25_54,mts_aggregate_1,2006,323.235
bol,sex_t,age_aggregate_y25_54,mts_aggregate_1,2007,383.418
bol,sex_t,age_aggregate_y25_54,mts_aggregate_1,2008,399.494
bol,sex_t,age_aggregate_y25_54,mts_aggregate_1,2009,389.952
bol,sex_t,age_aggregate_y25_54,mts_aggregate_1,2011,432.545
bol,sex_t,age_aggregate_y25_54,mts_aggregate_1,2012,467.466
bol,sex_t,age_aggregate_y25_54,mts_aggregate_1,2013,611.127
bol,sex_t,age_aggregate_y25_54,mts_aggregate_1,2014,606.999
bol,sex_t,age_aggregate_y25_54,mts_aggregate_1,2015,520.578
bol,sex_t,age_aggregate_y25_54,mts_aggregate_1,2016,414.692
bol,sex_t,age_aggregate_y25_54,mts_aggregate_1,2017,435.874
bol,sex_t,age_aggregate_y25_54,mts_aggregate_1,2018,462.8
bol,sex_t,age_aggregate_y25_54,mts_aggregate_1,2019,493.492
bol,sex_t,age_aggregate_y25_54,mts_aggregate_1,2022,713.437
bol,sex_t,age_aggregate_y25_54,mts_aggregate_1,2023,738.196
bol,sex_t,age_aggregate_y25_54,mts_aggregate_1,2024,801.537
bol,sex_t,age_aggregate_y25_54,mts_aggregate_2,1999,1111.829
bol,sex_t,age_aggregate_y25_54,mts_aggregate_2,2000,258.218
bol,sex_t,age_aggregate_y25_54,mts_aggregate_2,2001,1063.466
bol,sex_t,age_aggregate_y25_54,mts_aggregate_2,2002,1170.896
bol,sex_t,age_aggregate_y25_54,mts_aggregate_2,2004,1521.521
bol,sex_t,age_aggregate_y25_54,mts_aggregate_2,2005,1386.265
bol,sex_t,age_aggregate_y25_54,mts_aggregate_2,2006,1407.033
bol,sex_t,age_aggregate_y25_54,mts_aggregate_2,2007,1355.022
bol,sex_t,age_aggregate_y25_54,mts_aggregate_2,2008,1497.67
bol,sex_t,age_aggregate_y25_54,mts_aggregate_2,2009,1532.832
bol,sex_t,age_aggregate_y25_54,mts_aggregate_2,2011,1592.224
bol,sex_t,age_aggregate_y25_54,mts_aggregate_2,2012,1521.747
bol,sex_t,age_aggregate_y25_54,mts_aggregate_2,2013,1698.343
bol,sex_t,age_aggregate_y25_54,mts_aggregate_2,2014,1869.477
bol,sex_t,age_aggregate_y25_54,mts_aggregate_2,2015,1610.266
bol,sex_t,age_aggregate_y25_54,mts_aggregate_2,2016,1380.528
bol,sex_t,age_aggregate_y25_54,mts_aggregate_2,2017,1466.214
bol,sex_t,age_aggregate_y25_54,mts_aggregate_2,2018,1607.513
bol,sex_t,age_aggregate_y25_54,mts_aggregate_2,2019,1730.31
bol,sex_t,age_aggregate_y25_54,mts_aggregate_2,2022,2091.172
bol,sex_t,age_aggregate_y25_54,mts_aggregate_2,2023,2093.215
bol,sex_t,age_aggregate_y25_54,mts_aggregate_2,2024,2080.074
bol,sex_t,age_aggregate_y25_54,mts_aggregate_total,1999,1378.468
bol,sex_t,age_aggregate_y25_54,mts_aggregate_total,2000,1243.386
bol,sex_t,age_aggregate_y25_54,mts_aggregate_total,2001,1344.108
bol,sex_t,age_aggregate_y25_54,mts_aggregate_total,2002,1463.247
bol,sex_t,age_aggregate_y25_54,mts_aggregate_total,2004,1937.557
bol,sex_t,age_aggregate_y25_54,mts_aggregate_total,2005,1714.552
bol,sex_t,age_aggregate_y25_54,mts_aggregate_total,2006,1730.268
bol,sex_t,age_aggregate_y25_54,mts_aggregate_total,2007,1738.44
bol,sex_t,age_aggregate_y25_54,mts_aggregate_total,2008,1897.164
bol,sex_t,age_aggregate_y25_54,mts_aggregate_total,2009,1922.784
bol,sex_t,age_aggregate_y25_54,mts_aggregate_total,2011,2024.769
bol,sex_t,age_aggregate_y25_54,mts_aggregate_total,2012,1989.213
bol,sex_t,age_aggregate_y25_54,mts_aggregate_total,2013,2309.47
bol,sex_t,age_aggregate_y25_54,mts_aggregate_total,2014,2477.266
bol,sex_t,age_aggregate_y25_54,mts_aggregate_total,2015,2130.844
bol,sex_t,age_aggregate_y25_54,mts_aggregate_total,2016,1795.22
bol,sex_t,age_aggregate_y25_54,mts_aggregate_total,2017,1902.087
bol,sex_t,age_aggregate_y25_54,mts_aggregate_total,2018,2070.313
bol,sex_t,age_aggregate_y25_54,mts_aggregate_total,2019,2223.801
bol,sex_t,age_aggregate_y25_54,mts_aggregate_total,2022,2804.61
bol,sex_t,age_aggregate_y25_54,mts_aggregate_total,2023,2831.412
bol,sex_t,age_aggregate_y25_54,mts_aggregate_total,2024,2881.611
bol,sex_t,age_aggregate_y25_54,mts_details_mrd,1999,895.237
bol,sex_t,age_aggregate_y25_54,mts_details_mrd,2000,224.657
bol,sex_t,age_aggregate_y25_54,mts_details_mrd,2001,789.355
bol,sex_t,age_aggregate_y25_54,mts_details_mrd,2002,889.726
bol,sex_t,age_aggregate_y25_54,mts_details_mrd,2004,1066.241
bol,sex_t,age_aggregate_y25_54,mts_details_mrd,2005,1027.11
bol,sex_t,age_aggregate_y25_54,mts_details_mrd,2006,1067.938
bol,sex_t,age_aggregate_y25_54,mts_details_mrd,2007,962.143
bol,sex_t,age_aggregate_y25_54,mts_details_mrd,2008,1108.944
bol,sex_t,age_aggregate_y25_54,mts_details_mrd,2009,1027.222
bol,sex_t,age_aggregate_y25_54,mts_details_mrd,2011,1032.771
bol,sex_t,age_aggregate_y25_54,mts_details_mrd,2012,1008.807
bol,sex_t,age_aggregate_y25_54,mts_details_mrd,2013,1170.972
bol,sex_t,age_aggregate_y25_54,mts_details_mrd,2014,1218.733
bol,sex_t,age_aggregate_y25_54,mts_details_mrd,2015,1020.226
bol,sex_t,age_aggregate_y25_54,mts_details_mrd,2016,843.105
bol,sex_t,age_aggregate_y25_54,mts_details_mrd,2017,884.836
bol,sex_t,age_aggregate_y25_54,mts_details_mrd,2018,959.678
bol,sex_t,age_aggregate_y25_54,mts_details_mrd,2019,999.046
bol,sex_t,age_aggregate_y25_54,mts_details_mrd,2022,1080.532
bol,sex_t,age_aggregate_y25_54,mts_details_mrd,2023,1108.783
bol,sex_t,age_aggregate_y25_54,mts_details_mrd,2024,1053.627
bol,sex_t,age_aggregate_y25_54,mts_details_sep,1999,62.381
bol,sex_t,age_aggregate_y25_54,mts_details_sep,2000,51.966
bol,sex_t,age_aggregate_y25_54,mts_details_sep,2001,54.18
bol,sex_t,age_aggregate_y25_54,mts_details_sep,2002,54.424
bol,sex_t,age_aggregate_y25_54,mts_details_sep,2004,103.776
bol,sex_t,age_aggregate_y25_54,mts_details_sep,2005,69.436
bol,sex_t,age_aggregate_y25_54,mts_details_sep,2006,75.227
bol,sex_t,age_aggregate_y25_54,mts_details_sep,2007,95.882
bol,sex_t,age_aggregate_y25_54,mts_details_sep,2008,99.891
bol,sex_t,age_aggregate_y25_54,mts_details_sep,2009,93.832
bol,sex_t,age_aggregate_y25_54,mts_details_sep,2011,86.694
bol,sex_t,age_aggregate_y25_54,mts_details_sep,2012,99.771
bol,sex_t,age_aggregate_y25_54,mts_details_sep,2013,125.636
bol,sex_t,age_aggregate_y25_54,mts_details_sep,2014,130.735
bol,sex_t,age_aggregate_y25_54,mts_details_sep,2015,116.275
bol,sex_t,age_aggregate_y25_54,mts_details_sep,2016,108.877
bol,sex_t,age_aggregate_y25_54,mts_details_sep,2017,117.792
bol,sex_t,age_aggregate_y25_54,mts_details_sep,2018,116.192
bol,sex_t,age_aggregate_y25_54,mts_details_sep,2019,118.719
bol,sex_t,age_aggregate_y25_54,mts_details_sep,2022,138.982
bol,sex_t,age_aggregate_y25_54,mts_details_sep,2023,138.588
bol,sex_t,age_aggregate_y25_54,mts_details_sep,2024,138.863
bol,sex_t,age_aggregate_y25_54,mts_details_sgle,1999,145.972
bol,sex_t,age_aggregate_y25_54,mts_details_sgle,2000,758.11
bol,sex_t,age_aggregate_y25_54,mts_details_sgle,2001,181.399
bol,sex_t,age_aggregate_y25_54,mts_details_sgle,2002,193.97
bol,sex_t,age_aggregate_y25_54,mts_details_sgle,2004,239.699
bol,sex_t,age_aggregate_y25_54,mts_details_sgle,2005,209.87
bol,sex_t,age_aggregate_y25_54,mts_details_sgle,2006,208.84
bol,sex_t,age_aggregate_y25_54,mts_details_sgle,2007,238.881
bol,sex_t,age_aggregate_y25_54,mts_details_sgle,2008,253.519
bol,sex_t,age_aggregate_y25_54,mts_details_sgle,2009,251.635
bol,sex_t,age_aggregate_y25_54,mts_details_sgle,2011,302.572
bol,sex_t,age_aggregate_y25_54,mts_details_sgle,2012,322.487
bol,sex_t,age_aggregate_y25_54,mts_details_sgle,2013,438.046
bol,sex_t,age_aggregate_y25_54,mts_details_sgle,2014,432.839
bol,sex_t,age_aggregate_y25_54,mts_details_sgle,2015,363.013
bol,sex_t,age_aggregate_y25_54,mts_details_sgle,2016,270.486
bol,sex_t,age_aggregate_y25_54,mts_details_sgle,2017,280.988
bol,sex_t,age_aggregate_y25_54,mts_details_sgle,2018,308.842
bol,sex_t,age_aggregate_y25_54,mts_details_sgle,2019,335.775
bol,sex_t,age_aggregate_y25_54,mts_details_sgle,2022,531.529
bol,sex_t,age_aggregate_y25_54,mts_details_sgle,2023,557.05
bol,sex_t,age_aggregate_y25_54,mts_details_sgle,2024,616.54
bol,sex_t,age_aggregate_y25_54,mts_details_total,1999,1378.468
bol,sex_t,age_aggregate_y25_54,mts_details_total,2000,1243.386
bol,sex_t,age_aggregate_y25_54,mts_details_total,2001,1344.108
bol,sex_t,age_aggregate_y25_54,mts_details_total,2002,1463.247
bol,sex_t,age_aggregate_y25_54,mts_details_total,2004,1937.557
bol,sex_t,age_aggregate_y25_54,mts_details_total,2005,1714.552
bol,sex_t,age_aggregate_y25_54,mts_details_total,2006,1730.268
bol,sex_t,age_aggregate_y25_54,mts_details_total,2007,1738.44
bol,sex_t,age_aggregate_y25_54,mts_details_total,2008,1897.164
bol,sex_t,age_aggregate_y25_54,mts_details_total,2009,1922.784
bol,sex_t,age_aggregate_y25_54,mts_details_total,2011,2024.769
bol,sex_t,age_aggregate_y25_54,mts_details_total,2012,1989.213
bol,sex_t,age_aggregate_y25_54,mts_details_total,2013,2309.47
bol,sex_t,age_aggregate_y25_54,mts_details_total,2014,2477.266
bol,sex_t,age_aggregate_y25_54,mts_details_total,2015,2130.844
bol,sex_t,age_aggregate_y25_54,mts_details_total,2016,1795.22
bol,sex_t,age_aggregate_y25_54,mts_details_total,2017,1902.087
bol,sex_t,age_aggregate_y25_54,mts_details_total,2018,2070.313
bol,sex_t,age_aggregate_y25_54,mts_details_total,2019,2223.801
bol,sex_t,age_aggregate_y25_54,mts_details_total,2022,2804.61
bol,sex_t,age_aggregate_y25_54,mts_details_total,2023,2831.412
bol,sex_t,age_aggregate_y25_54,mts_details_total,2024,2881.611
bol,sex_t,age_aggregate_y25_54,mts_details_union,1999,216.592
bol,sex_t,age_aggregate_y25_54,mts_details_union,2000,33.561
bol,sex_t,age_aggregate_y25_54,mts_details_union,2001,274.111
bol,sex_t,age_aggregate_y25_54,mts_details_union,2002,281.17
bol,sex_t,age_aggregate_y25_54,mts_details_union,2004,455.28
bol,sex_t,age_aggregate_y25_54,mts_details_union,2005,359.155
bol,sex_t,age_aggregate_y25_54,mts_details_union,2006,339.095
bol,sex_t,age_aggregate_y25_54,mts_details_union,2007,392.879
bol,sex_t,age_aggregate_y25_54,mts_details_union,2008,388.726
bol,sex_t,age_aggregate_y25_54,mts_details_union,2009,505.61
bol,sex_t,age_aggregate_y25_54,mts_details_union,2011,559.453
bol,sex_t,age_aggregate_y25_54,mts_details_union,2012,512.94
bol,sex_t,age_aggregate_y25_54,mts_details_union,2013,527.371
bol,sex_t,age_aggregate_y25_54,mts_details_union,2014,650.744
bol,sex_t,age_aggregate_y25_54,mts_details_union,2015,590.04
bol,sex_t,age_aggregate_y25_54,mts_details_union,2016,537.423
bol,sex_t,age_aggregate_y25_54,mts_details_union,2017,581.378
bol,sex_t,age_aggregate_y25_54,mts_details_union,2018,647.835
bol,sex_t,age_aggregate_y25_54,mts_details_union,2019,731.264
bol,sex_t,age_aggregate_y25_54,mts_details_union,2022,1010.641
bol,sex_t,age_aggregate_y25_54,mts_details_union,2023,984.432
bol,sex_t,age_aggregate_y25_54,mts_details_union,2024,1026.447
bol,sex_t,age_aggregate_y25_54,mts_details_wid,1999,58.286
bol,sex_t,age_aggregate_y25_54,mts_details_wid,2000,175.092
bol,sex_t,age_aggregate_y25_54,mts_details_wid,2001,45.063
bol,sex_t,age_aggregate_y25_54,mts_details_wid,2002,43.957
bol,sex_t,age_aggregate_y25_54,mts_details_wid,2004,72.561
bol,sex_t,age_aggregate_y25_54,mts_details_wid,2005,48.981
bol,sex_t,age_aggregate_y25_54,mts_details_wid,2006,39.168
bol,sex_t,age_aggregate_y25_54,mts_details_wid,2007,48.655
bol,sex_t,age_aggregate_y25_54,mts_details_wid,2008,46.084
bol,sex_t,age_aggregate_y25_54,mts_details_wid,2009,44.485
bol,sex_t,age_aggregate_y25_54,mts_details_wid,2011,43.279
bol,sex_t,age_aggregate_y25_54,mts_details_wid,2012,45.208
bol,sex_t,age_aggregate_y25_54,mts_details_wid,2013,47.445
bol,sex_t,age_aggregate_y25_54,mts_details_wid,2014,43.425
bol,sex_t,age_aggregate_y25_54,mts_details_wid,2015,41.29
bol,sex_t,age_aggregate_y25_54,mts_details_wid,2016,35.329
bol,sex_t,age_aggregate_y25_54,mts_details_wid,2017,37.093
bol,sex_t,age_aggregate_y25_54,mts_details_wid,2018,37.766
bol,sex_t,age_aggregate_y25_54,mts_details_wid,2019,38.998
bol,sex_t,age_aggregate_y25_54,mts_details_wid,2022,42.927
bol,sex_t,age_aggregate_y25_54,mts_details_wid,2023,42.558
bol,sex_t,age_aggregate_y25_54,mts_details_wid,2024,46.134
bol,sex_t,age_aggregate_y55_64,mts_aggregate_1,1999,64.618
bol,sex_t,age_aggregate_y55_64,mts_aggregate_1,2000,157.573
bol,sex_t,age_aggregate_y55_64,mts_aggregate_1,2001,49.385
bol,sex_t,age_aggregate_y55_64,mts_aggregate_1,2002,46.993
bol,sex_t,age_aggregate_y55_64,mts_aggregate_1,2004,67.804
bol,sex_t,age_aggregate_y55_64,mts_aggregate_1,2005,71.942
bol,sex_t,age_aggregate_y55_64,mts_aggregate_1,2006,76.225
bol,sex_t,age_aggregate_y55_64,mts_aggregate_1,2007,77.937
bol,sex_t,age_aggregate_y55_64,mts_aggregate_1,2008,97.915
bol,sex_t,age_aggregate_y55_64,mts_aggregate_1,2009,93.226
bol,sex_t,age_aggregate_y55_64,mts_aggregate_1,2011,105.088
bol,sex_t,age_aggregate_y55_64,mts_aggregate_1,2012,98.315
bol,sex_t,age_aggregate_y55_64,mts_aggregate_1,2013,116.791
bol,sex_t,age_aggregate_y55_64,mts_aggregate_1,2014,124.403
bol,sex_t,age_aggregate_y55_64,mts_aggregate_1,2015,117.12
bol,sex_t,age_aggregate_y55_64,mts_aggregate_1,2016,109.98
bol,sex_t,age_aggregate_y55_64,mts_aggregate_1,2017,115.682
bol,sex_t,age_aggregate_y55_64,mts_aggregate_1,2018,131.368
bol,sex_t,age_aggregate_y55_64,mts_aggregate_1,2019,139.364
bol,sex_t,age_aggregate_y55_64,mts_aggregate_1,2022,174.997
bol,sex_t,age_aggregate_y55_64,mts_aggregate_1,2023,175.485
bol,sex_t,age_aggregate_y55_64,mts_aggregate_1,2024,192.039
bol,sex_t,age_aggregate_y55_64,mts_aggregate_2,1999,192.471
bol,sex_t,age_aggregate_y55_64,mts_aggregate_2,2000,42.299
bol,sex_t,age_aggregate_y55_64,mts_aggregate_2,2001,160.341
bol,sex_t,age_aggregate_y55_64,mts_aggregate_2,2002,160.048
bol,sex_t,age_aggregate_y55_64,mts_aggregate_2,2004,246.844
bol,sex_t,age_aggregate_y55_64,mts_aggregate_2,2005,248.372
bol,sex_t,age_aggregate_y55_64,mts_aggregate_2,2006,230.136
bol,sex_t,age_aggregate_y55_64,mts_aggregate_2,2007,234.567
bol,sex_t,age_aggregate_y55_64,mts_aggregate_2,2008,314.225
bol,sex_t,age_aggregate_y55_64,mts_aggregate_2,2009,298.514
bol,sex_t,age_aggregate_y55_64,mts_aggregate_2,2011,311.416
bol,sex_t,age_aggregate_y55_64,mts_aggregate_2,2012,299.879
bol,sex_t,age_aggregate_y55_64,mts_aggregate_2,2013,351.598
bol,sex_t,age_aggregate_y55_64,mts_aggregate_2,2014,373.747
bol,sex_t,age_aggregate_y55_64,mts_aggregate_2,2015,360.617
bol,sex_t,age_aggregate_y55_64,mts_aggregate_2,2016,314.765
bol,sex_t,age_aggregate_y55_64,mts_aggregate_2,2017,351.94
bol,sex_t,age_aggregate_y55_64,mts_aggregate_2,2018,394.133
bol,sex_t,age_aggregate_y55_64,mts_aggregate_2,2019,409.082
bol,sex_t,age_aggregate_y55_64,mts_aggregate_2,2022,433.932
bol,sex_t,age_aggregate_y55_64,mts_aggregate_2,2023,451.973
bol,sex_t,age_aggregate_y55_64,mts_aggregate_2,2024,477.305
bol,sex_t,age_aggregate_y55_64,mts_aggregate_total,1999,257.089
bol,sex_t,age_aggregate_y55_64,mts_aggregate_total,2000,199.872
bol,sex_t,age_aggregate_y55_64,mts_aggregate_total,2001,209.726
bol,sex_t,age_aggregate_y55_64,mts_aggregate_total,2002,207.041
bol,sex_t,age_aggregate_y55_64,mts_aggregate_total,2004,314.648
bol,sex_t,age_aggregate_y55_64,mts_aggregate_total,2005,320.314
bol,sex_t,age_aggregate_y55_64,mts_aggregate_total,2006,306.361
bol,sex_t,age_aggregate_y55_64,mts_aggregate_total,2007,312.504
bol,sex_t,age_aggregate_y55_64,mts_aggregate_total,2008,412.14
bol,sex_t,age_aggregate_y55_64,mts_aggregate_total,2009,392.226
bol,sex_t,age_aggregate_y55_64,mts_aggregate_total,2011,416.504
bol,sex_t,age_aggregate_y55_64,mts_aggregate_total,2012,398.194
bol,sex_t,age_aggregate_y55_64,mts_aggregate_total,2013,468.389
bol,sex_t,age_aggregate_y55_64,mts_aggregate_total,2014,498.15
bol,sex_t,age_aggregate_y55_64,mts_aggregate_total,2015,477.737
bol,sex_t,age_aggregate_y55_64,mts_aggregate_total,2016,424.745
bol,sex_t,age_aggregate_y55_64,mts_aggregate_total,2017,467.622
bol,sex_t,age_aggregate_y55_64,mts_aggregate_total,2018,525.501
bol,sex_t,age_aggregate_y55_64,mts_aggregate_total,2019,548.446
bol,sex_t,age_aggregate_y55_64,mts_aggregate_total,2022,608.929
bol,sex_t,age_aggregate_y55_64,mts_aggregate_total,2023,627.458
bol,sex_t,age_aggregate_y55_64,mts_aggregate_total,2024,669.344
bol,sex_t,age_aggregate_y55_64,mts_details_mrd,1999,179.552
bol,sex_t,age_aggregate_y55_64,mts_details_mrd,2000,13.718
bol,sex_t,age_aggregate_y55_64,mts_details_mrd,2001,143.928
bol,sex_t,age_aggregate_y55_64,mts_details_mrd,2002,149.485
bol,sex_t,age_aggregate_y55_64,mts_details_mrd,2004,213.907
bol,sex_t,age_aggregate_y55_64,mts_details_mrd,2005,222.701
bol,sex_t,age_aggregate_y55_64,mts_details_mrd,2006,207.961
bol,sex_t,age_aggregate_y55_64,mts_details_mrd,2007,218.4
bol,sex_t,age_aggregate_y55_64,mts_details_mrd,2008,279.379
bol,sex_t,age_aggregate_y55_64,mts_details_mrd,2009,261.995
bol,sex_t,age_aggregate_y55_64,mts_details_mrd,2011,277.632
bol,sex_t,age_aggregate_y55_64,mts_details_mrd,2012,263.683
bol,sex_t,age_aggregate_y55_64,mts_details_mrd,2013,307.963
bol,sex_t,age_aggregate_y55_64,mts_details_mrd,2014,322.234
bol,sex_t,age_aggregate_y55_64,mts_details_mrd,2015,308.424
bol,sex_t,age_aggregate_y55_64,mts_details_mrd,2016,269.233
bol,sex_t,age_aggregate_y55_64,mts_details_mrd,2017,303.619
bol,sex_t,age_aggregate_y55_64,mts_details_mrd,2018,338.611
bol,sex_t,age_aggregate_y55_64,mts_details_mrd,2019,353.709
bol,sex_t,age_aggregate_y55_64,mts_details_mrd,2022,365.685
bol,sex_t,age_aggregate_y55_64,mts_details_mrd,2023,377.428
bol,sex_t,age_aggregate_y55_64,mts_details_mrd,2024,393.042
bol,sex_t,age_aggregate_y55_64,mts_details_sep,1999,6.996
bol,sex_t,age_aggregate_y55_64,mts_details_sep,2000,8.854
bol,sex_t,age_aggregate_y55_64,mts_details_sep,2001,9.937
bol,sex_t,age_aggregate_y55_64,mts_details_sep,2002,9.309
bol,sex_t,age_aggregate_y55_64,mts_details_sep,2004,16.31
bol,sex_t,age_aggregate_y55_64,mts_details_sep,2005,12.671
bol,sex_t,age_aggregate_y55_64,mts_details_sep,2006,18.628
bol,sex_t,age_aggregate_y55_64,mts_details_sep,2007,14.479
bol,sex_t,age_aggregate_y55_64,mts_details_sep,2008,25.214
bol,sex_t,age_aggregate_y55_64,mts_details_sep,2009,14.915
bol,sex_t,age_aggregate_y55_64,mts_details_sep,2011,24.954
bol,sex_t,age_aggregate_y55_64,mts_details_sep,2012,23.288
bol,sex_t,age_aggregate_y55_64,mts_details_sep,2013,26.589
bol,sex_t,age_aggregate_y55_64,mts_details_sep,2014,31.256
bol,sex_t,age_aggregate_y55_64,mts_details_sep,2015,31.802
bol,sex_t,age_aggregate_y55_64,mts_details_sep,2016,34.498
bol,sex_t,age_aggregate_y55_64,mts_details_sep,2017,37.155
bol,sex_t,age_aggregate_y55_64,mts_details_sep,2018,42.48
bol,sex_t,age_aggregate_y55_64,mts_details_sep,2019,44.166
bol,sex_t,age_aggregate_y55_64,mts_details_sep,2022,51.725
bol,sex_t,age_aggregate_y55_64,mts_details_sep,2023,52.767
bol,sex_t,age_aggregate_y55_64,mts_details_sep,2024,58.98
bol,sex_t,age_aggregate_y55_64,mts_details_sgle,1999,6.5
bol,sex_t,age_aggregate_y55_64,mts_details_sgle,2000,137.523
bol,sex_t,age_aggregate_y55_64,mts_details_sgle,2001,13.123
bol,sex_t,age_aggregate_y55_64,mts_details_sgle,2002,7.078
bol,sex_t,age_aggregate_y55_64,mts_details_sgle,2004,14.712
bol,sex_t,age_aggregate_y55_64,mts_details_sgle,2005,13.151
bol,sex_t,age_aggregate_y55_64,mts_details_sgle,2006,18.056
bol,sex_t,age_aggregate_y55_64,mts_details_sgle,2007,12.836
bol,sex_t,age_aggregate_y55_64,mts_details_sgle,2008,23.606
bol,sex_t,age_aggregate_y55_64,mts_details_sgle,2009,26.272
bol,sex_t,age_aggregate_y55_64,mts_details_sgle,2011,26.745
bol,sex_t,age_aggregate_y55_64,mts_details_sgle,2012,27.033
bol,sex_t,age_aggregate_y55_64,mts_details_sgle,2013,33.115
bol,sex_t,age_aggregate_y55_64,mts_details_sgle,2014,32.668
bol,sex_t,age_aggregate_y55_64,mts_details_sgle,2015,33.689
bol,sex_t,age_aggregate_y55_64,mts_details_sgle,2016,28.189
bol,sex_t,age_aggregate_y55_64,mts_details_sgle,2017,31.497
bol,sex_t,age_aggregate_y55_64,mts_details_sgle,2018,33.057
bol,sex_t,age_aggregate_y55_64,mts_details_sgle,2019,38.479
bol,sex_t,age_aggregate_y55_64,mts_details_sgle,2022,59.276
bol,sex_t,age_aggregate_y55_64,mts_details_sgle,2023,60.606
bol,sex_t,age_aggregate_y55_64,mts_details_sgle,2024,66.261
bol,sex_t,age_aggregate_y55_64,mts_details_total,1999,257.089
bol,sex_t,age_aggregate_y55_64,mts_details_total,2000,199.872
bol,sex_t,age_aggregate_y55_64,mts_details_total,2001,209.726
bol,sex_t,age_aggregate_y55_64,mts_details_total,2002,207.041
bol,sex_t,age_aggregate_y55_64,mts_details_total,2004,314.648
bol,sex_t,age_aggregate_y55_64,mts_details_total,2005,320.314
bol,sex_t,age_aggregate_y55_64,mts_details_total,2006,306.361
bol,sex_t,age_aggregate_y55_64,mts_details_total,2007,312.504
bol,sex_t,age_aggregate_y55_64,mts_details_total,2008,412.14
bol,sex_t,age_aggregate_y55_64,mts_details_total,2009,392.226
bol,sex_t,age_aggregate_y55_64,mts_details_total,2011,416.504
bol,sex_t,age_aggregate_y55_64,mts_details_total,2012,398.194
bol,sex_t,age_aggregate_y55_64,mts_details_total,2013,468.389
bol,sex_t,age_aggregate_y55_64,mts_details_total,2014,498.15
bol,sex_t,age_aggregate_y55_64,mts_details_total,2015,477.737
bol,sex_t,age_aggregate_y55_64,mts_details_total,2016,424.745
bol,sex_t,age_aggregate_y55_64,mts_details_total,2017,467.622
bol,sex_t,age_aggregate_y55_64,mts_details_total,2018,525.501
bol,sex_t,age_aggregate_y55_64,mts_details_total,2019,548.446
bol,sex_t,age_aggregate_y55_64,mts_details_total,2022,608.929
bol,sex_t,age_aggregate_y55_64,mts_details_total,2023,627.458
bol,sex_t,age_aggregate_y55_64,mts_details_total,2024,669.344
bol,sex_t,age_aggregate_y55_64,mts_details_union,1999,12.919
bol,sex_t,age_aggregate_y55_64,mts_details_union,2000,28.581
bol,sex_t,age_aggregate_y55_64,mts_details_union,2001,16.413
bol,sex_t,age_aggregate_y55_64,mts_details_union,2002,10.563
bol,sex_t,age_aggregate_y55_64,mts_details_union,2004,32.937
bol,sex_t,age_aggregate_y55_64,mts_details_union,2005,25.671
bol,sex_t,age_aggregate_y55_64,mts_details_union,2006,22.175
bol,sex_t,age_aggregate_y55_64,mts_details_union,2007,16.167
bol,sex_t,age_aggregate_y55_64,mts_details_union,2008,34.846
bol,sex_t,age_aggregate_y55_64,mts_details_union,2009,36.519
bol,sex_t,age_aggregate_y55_64,mts_details_union,2011,33.784
bol,sex_t,age_aggregate_y55_64,mts_details_union,2012,36.196
bol,sex_t,age_aggregate_y55_64,mts_details_union,2013,43.635
bol,sex_t,age_aggregate_y55_64,mts_details_union,2014,51.513
bol,sex_t,age_aggregate_y55_64,mts_details_union,2015,52.193
bol,sex_t,age_aggregate_y55_64,mts_details_union,2016,45.532
bol,sex_t,age_aggregate_y55_64,mts_details_union,2017,48.321
bol,sex_t,age_aggregate_y55_64,mts_details_union,2018,55.522
bol,sex_t,age_aggregate_y55_64,mts_details_union,2019,55.373
bol,sex_t,age_aggregate_y55_64,mts_details_union,2022,68.247
bol,sex_t,age_aggregate_y55_64,mts_details_union,2023,74.544
bol,sex_t,age_aggregate_y55_64,mts_details_union,2024,84.262
bol,sex_t,age_aggregate_y55_64,mts_details_wid,1999,51.122
bol,sex_t,age_aggregate_y55_64,mts_details_wid,2000,11.196
bol,sex_t,age_aggregate_y55_64,mts_details_wid,2001,26.325
bol,sex_t,age_aggregate_y55_64,mts_details_wid,2002,30.606
bol,sex_t,age_aggregate_y55_64,mts_details_wid,2004,36.782
bol,sex_t,age_aggregate_y55_64,mts_details_wid,2005,46.12
bol,sex_t,age_aggregate_y55_64,mts_details_wid,2006,39.541
bol,sex_t,age_aggregate_y55_64,mts_details_wid,2007,50.622
bol,sex_t,age_aggregate_y55_64,mts_details_wid,2008,49.095
bol,sex_t,age_aggregate_y55_64,mts_details_wid,2009,52.039
bol,sex_t,age_aggregate_y55_64,mts_details_wid,2011,53.389
bol,sex_t,age_aggregate_y55_64,mts_details_wid,2012,47.994
bol,sex_t,age_aggregate_y55_64,mts_details_wid,2013,57.087
bol,sex_t,age_aggregate_y55_64,mts_details_wid,2014,60.479
bol,sex_t,age_aggregate_y55_64,mts_details_wid,2015,51.629
bol,sex_t,age_aggregate_y55_64,mts_details_wid,2016,47.293
bol,sex_t,age_aggregate_y55_64,mts_details_wid,2017,47.03
bol,sex_t,age_aggregate_y55_64,mts_details_wid,2018,55.831
bol,sex_t,age_aggregate_y55_64,mts_details_wid,2019,56.719
bol,sex_t,age_aggregate_y55_64,mts_details_wid,2022,63.996
bol,sex_t,age_aggregate_y55_64,mts_details_wid,2023,62.112
bol,sex_t,age_aggregate_y55_64,mts_details_wid,2024,66.798
bol,sex_t,age_aggregate_yge65,mts_aggregate_1,1999,76.122
bol,sex_t,age_aggregate_yge65,mts_aggregate_1,2000,101.652
bol,sex_t,age_aggregate_yge65,mts_aggregate_1,2001,65.52
bol,sex_t,age_aggregate_yge65,mts_aggregate_1,2002,60.918
bol,sex_t,age_aggregate_yge65,mts_aggregate_1,2004,94.256
bol,sex_t,age_aggregate_yge65,mts_aggregate_1,2005,90.089
bol,sex_t,age_aggregate_yge65,mts_aggregate_1,2006,92.659
bol,sex_t,age_aggregate_yge65,mts_aggregate_1,2007,121.559
bol,sex_t,age_aggregate_yge65,mts_aggregate_1,2008,104.071
bol,sex_t,age_aggregate_yge65,mts_aggregate_1,2009,110.076
bol,sex_t,age_aggregate_yge65,mts_aggregate_1,2011,100.365
bol,sex_t,age_aggregate_yge65,mts_aggregate_1,2012,97.16
bol,sex_t,age_aggregate_yge65,mts_aggregate_1,2013,133.368
bol,sex_t,age_aggregate_yge65,mts_aggregate_1,2014,123.368
bol,sex_t,age_aggregate_yge65,mts_aggregate_1,2015,115.542
bol,sex_t,age_aggregate_yge65,mts_aggregate_1,2016,111.501
bol,sex_t,age_aggregate_yge65,mts_aggregate_1,2017,136.073
bol,sex_t,age_aggregate_yge65,mts_aggregate_1,2018,152.197
bol,sex_t,age_aggregate_yge65,mts_aggregate_1,2019,148.284
bol,sex_t,age_aggregate_yge65,mts_aggregate_1,2022,184.511
bol,sex_t,age_aggregate_yge65,mts_aggregate_1,2023,187.578
bol,sex_t,age_aggregate_yge65,mts_aggregate_1,2024,210.157
bol,sex_t,age_aggregate_yge65,mts_aggregate_2,1999,137.663
bol,sex_t,age_aggregate_yge65,mts_aggregate_2,2000,53.798
bol,sex_t,age_aggregate_yge65,mts_aggregate_2,2001,117.378
bol,sex_t,age_aggregate_yge65,mts_aggregate_2,2002,107.879
bol,sex_t,age_aggregate_yge65,mts_aggregate_2,2004,141.519
bol,sex_t,age_aggregate_yge65,mts_aggregate_2,2005,183.535
bol,sex_t,age_aggregate_yge65,mts_aggregate_2,2006,157.984
bol,sex_t,age_aggregate_yge65,mts_aggregate_2,2007,197.109
bol,sex_t,age_aggregate_yge65,mts_aggregate_2,2008,179.745
bol,sex_t,age_aggregate_yge65,mts_aggregate_2,2009,174.715
bol,sex_t,age_aggregate_yge65,mts_aggregate_2,2011,179.55
bol,sex_t,age_aggregate_yge65,mts_aggregate_2,2012,193.254
bol,sex_t,age_aggregate_yge65,mts_aggregate_2,2013,256.899
bol,sex_t,age_aggregate_yge65,mts_aggregate_2,2014,231.669
bol,sex_t,age_aggregate_yge65,mts_aggregate_2,2015,220.774
bol,sex_t,age_aggregate_yge65,mts_aggregate_2,2016,201.579
bol,sex_t,age_aggregate_yge65,mts_aggregate_2,2017,241.358
bol,sex_t,age_aggregate_yge65,mts_aggregate_2,2018,276.195
bol,sex_t,age_aggregate_yge65,mts_aggregate_2,2019,260.117
bol,sex_t,age_aggregate_yge65,mts_aggregate_2,2022,288.469
bol,sex_t,age_aggregate_yge65,mts_aggregate_2,2023,334.223
bol,sex_t,age_aggregate_yge65,mts_aggregate_2,2024,352.11
bol,sex_t,age_aggregate_yge65,mts_aggregate_total,1999,213.785
bol,sex_t,age_aggregate_yge65,mts_aggregate_total,2000,155.45
bol,sex_t,age_aggregate_yge65,mts_aggregate_total,2001,182.898
bol,sex_t,age_aggregate_yge65,mts_aggregate_total,2002,168.797
bol,sex_t,age_aggregate_yge65,mts_aggregate_total,2004,235.775
bol,sex_t,age_aggregate_yge65,mts_aggregate_total,2005,273.624
bol,sex_t,age_aggregate_yge65,mts_aggregate_total,2006,250.643
bol,sex_t,age_aggregate_yge65,mts_aggregate_total,2007,318.668
bol,sex_t,age_aggregate_yge65,mts_aggregate_total,2008,283.816
bol,sex_t,age_aggregate_yge65,mts_aggregate_total,2009,284.791
bol,sex_t,age_aggregate_yge65,mts_aggregate_total,2011,279.915
bol,sex_t,age_aggregate_yge65,mts_aggregate_total,2012,290.414
bol,sex_t,age_aggregate_yge65,mts_aggregate_total,2013,390.267
bol,sex_t,age_aggregate_yge65,mts_aggregate_total,2014,355.693
bol,sex_t,age_aggregate_yge65,mts_aggregate_total,2015,336.316
bol,sex_t,age_aggregate_yge65,mts_aggregate_total,2016,313.08
bol,sex_t,age_aggregate_yge65,mts_aggregate_total,2017,377.43
bol,sex_t,age_aggregate_yge65,mts_aggregate_total,2018,428.393
bol,sex_t,age_aggregate_yge65,mts_aggregate_total,2019,408.401
bol,sex_t,age_aggregate_yge65,mts_aggregate_total,2022,472.979
bol,sex_t,age_aggregate_yge65,mts_aggregate_total,2023,521.801
bol,sex_t,age_aggregate_yge65,mts_aggregate_total,2024,562.267
bol,sex_t,age_aggregate_yge65,mts_details_mrd,1999,130.072
bol,sex_t,age_aggregate_yge65,mts_details_mrd,2000,4.705
bol,sex_t,age_aggregate_yge65,mts_details_mrd,2001,108.103
bol,sex_t,age_aggregate_yge65,mts_details_mrd,2002,99.718
bol,sex_t,age_aggregate_yge65,mts_details_mrd,2004,133.539
bol,sex_t,age_aggregate_yge65,mts_details_mrd,2005,172.591
bol,sex_t,age_aggregate_yge65,mts_details_mrd,2006,148.305
bol,sex_t,age_aggregate_yge65,mts_details_mrd,2007,182.295
bol,sex_t,age_aggregate_yge65,mts_details_mrd,2008,169.226
bol,sex_t,age_aggregate_yge65,mts_details_mrd,2009,158.76
bol,sex_t,age_aggregate_yge65,mts_details_mrd,2011,164.766
bol,sex_t,age_aggregate_yge65,mts_details_mrd,2012,177.865
bol,sex_t,age_aggregate_yge65,mts_details_mrd,2013,237.87
bol,sex_t,age_aggregate_yge65,mts_details_mrd,2014,216.389
bol,sex_t,age_aggregate_yge65,mts_details_mrd,2015,203.254
bol,sex_t,age_aggregate_yge65,mts_details_mrd,2016,184.514
bol,sex_t,age_aggregate_yge65,mts_details_mrd,2017,222.825
bol,sex_t,age_aggregate_yge65,mts_details_mrd,2018,253.968
bol,sex_t,age_aggregate_yge65,mts_details_mrd,2019,235.697
bol,sex_t,age_aggregate_yge65,mts_details_mrd,2022,259.996
bol,sex_t,age_aggregate_yge65,mts_details_mrd,2023,307.474
bol,sex_t,age_aggregate_yge65,mts_details_mrd,2024,316.462
bol,sex_t,age_aggregate_yge65,mts_details_sep,1999,4.902
bol,sex_t,age_aggregate_yge65,mts_details_sep,2000,5.949
bol,sex_t,age_aggregate_yge65,mts_details_sep,2001,2.952
bol,sex_t,age_aggregate_yge65,mts_details_sep,2002,3.525
bol,sex_t,age_aggregate_yge65,mts_details_sep,2004,8.245
bol,sex_t,age_aggregate_yge65,mts_details_sep,2005,5.125
bol,sex_t,age_aggregate_yge65,mts_details_sep,2006,10.007
bol,sex_t,age_aggregate_yge65,mts_details_sep,2007,14.033
bol,sex_t,age_aggregate_yge65,mts_details_sep,2008,12.369
bol,sex_t,age_aggregate_yge65,mts_details_sep,2009,14.431
bol,sex_t,age_aggregate_yge65,mts_details_sep,2011,9.886
bol,sex_t,age_aggregate_yge65,mts_details_sep,2012,11.267
bol,sex_t,age_aggregate_yge65,mts_details_sep,2013,13.161
bol,sex_t,age_aggregate_yge65,mts_details_sep,2014,14.172
bol,sex_t,age_aggregate_yge65,mts_details_sep,2015,22.07
bol,sex_t,age_aggregate_yge65,mts_details_sep,2016,16.218
bol,sex_t,age_aggregate_yge65,mts_details_sep,2017,19.49
bol,sex_t,age_aggregate_yge65,mts_details_sep,2018,23.063
bol,sex_t,age_aggregate_yge65,mts_details_sep,2019,23.804
bol,sex_t,age_aggregate_yge65,mts_details_sep,2022,24.655
bol,sex_t,age_aggregate_yge65,mts_details_sep,2023,30.689
bol,sex_t,age_aggregate_yge65,mts_details_sep,2024,29.811
bol,sex_t,age_aggregate_yge65,mts_details_sgle,1999,9.068
bol,sex_t,age_aggregate_yge65,mts_details_sgle,2000,88.675
bol,sex_t,age_aggregate_yge65,mts_details_sgle,2001,9.653
bol,sex_t,age_aggregate_yge65,mts_details_sgle,2002,8.056
bol,sex_t,age_aggregate_yge65,mts_details_sgle,2004,8.38
bol,sex_t,age_aggregate_yge65,mts_details_sgle,2005,8.131
bol,sex_t,age_aggregate_yge65,mts_details_sgle,2006,17.968
bol,sex_t,age_aggregate_yge65,mts_details_sgle,2007,16.608
bol,sex_t,age_aggregate_yge65,mts_details_sgle,2008,14.473
bol,sex_t,age_aggregate_yge65,mts_details_sgle,2009,10.728
bol,sex_t,age_aggregate_yge65,mts_details_sgle,2011,14.582
bol,sex_t,age_aggregate_yge65,mts_details_sgle,2012,14.622
bol,sex_t,age_aggregate_yge65,mts_details_sgle,2013,16.875
bol,sex_t,age_aggregate_yge65,mts_details_sgle,2014,13.816
bol,sex_t,age_aggregate_yge65,mts_details_sgle,2015,13.565
bol,sex_t,age_aggregate_yge65,mts_details_sgle,2016,16.211
bol,sex_t,age_aggregate_yge65,mts_details_sgle,2017,16.846
bol,sex_t,age_aggregate_yge65,mts_details_sgle,2018,19.546
bol,sex_t,age_aggregate_yge65,mts_details_sgle,2019,18.836
bol,sex_t,age_aggregate_yge65,mts_details_sgle,2022,33.951
bol,sex_t,age_aggregate_yge65,mts_details_sgle,2023,32.37
bol,sex_t,age_aggregate_yge65,mts_details_sgle,2024,36.298
bol,sex_t,age_aggregate_yge65,mts_details_total,1999,213.785
bol,sex_t,age_aggregate_yge65,mts_details_total,2000,155.45
bol,sex_t,age_aggregate_yge65,mts_details_total,2001,182.898
bol,sex_t,age_aggregate_yge65,mts_details_total,2002,168.797
bol,sex_t,age_aggregate_yge65,mts_details_total,2004,235.775
bol,sex_t,age_aggregate_yge65,mts_details_total,2005,273.624
bol,sex_t,age_aggregate_yge65,mts_details_total,2006,250.643
bol,sex_t,age_aggregate_yge65,mts_details_total,2007,318.668
bol,sex_t,age_aggregate_yge65,mts_details_total,2008,283.816
bol,sex_t,age_aggregate_yge65,mts_details_total,2009,284.791
bol,sex_t,age_aggregate_yge65,mts_details_total,2011,279.915
bol,sex_t,age_aggregate_yge65,mts_details_total,2012,290.414
bol,sex_t,age_aggregate_yge65,mts_details_total,2013,390.267
bol,sex_t,age_aggregate_yge65,mts_details_total,2014,355.693
bol,sex_t,age_aggregate_yge65,mts_details_total,2015,336.316
bol,sex_t,age_aggregate_yge65,mts_details_total,2016,313.08
bol,sex_t,age_aggregate_yge65,mts_details_total,2017,377.43
bol,sex_t,age_aggregate_yge65,mts_details_total,2018,428.393
bol,sex_t,age_aggregate_yge65,mts_details_total,2019,408.401
bol,sex_t,age_aggregate_yge65,mts_details_total,2022,472.979
bol,sex_t,age_aggregate_yge65,mts_details_total,2023,521.801
bol,sex_t,age_aggregate_yge65,mts_details_total,2024,562.267
bol,sex_t,age_aggregate_yge65,mts_details_union,1999,7.591
bol,sex_t,age_aggregate_yge65,mts_details_union,2000,49.093
bol,sex_t,age_aggregate_yge65,mts_details_union,2001,9.275
bol,sex_t,age_aggregate_yge65,mts_details_union,2002,8.161
bol,sex_t,age_aggregate_yge65,mts_details_union,2004,7.98
bol,sex_t,age_aggregate_yge65,mts_details_union,2005,10.944
bol,sex_t,age_aggregate_yge65,mts_details_union,2006,9.679
bol,sex_t,age_aggregate_yge65,mts_details_union,2007,14.814
bol,sex_t,age_aggregate_yge65,mts_details_union,2008,10.519
bol,sex_t,age_aggregate_yge65,mts_details_union,2009,15.955
bol,sex_t,age_aggregate_yge65,mts_details_union,2011,14.784
bol,sex_t,age_aggregate_yge65,mts_details_union,2012,15.389
bol,sex_t,age_aggregate_yge65,mts_details_union,2013,19.029
bol,sex_t,age_aggregate_yge65,mts_details_union,2014,15.28
bol,sex_t,age_aggregate_yge65,mts_details_union,2015,17.52
bol,sex_t,age_aggregate_yge65,mts_details_union,2016,17.065
bol,sex_t,age_aggregate_yge65,mts_details_union,2017,18.533
bol,sex_t,age_aggregate_yge65,mts_details_union,2018,22.228
bol,sex_t,age_aggregate_yge65,mts_details_union,2019,24.419
bol,sex_t,age_aggregate_yge65,mts_details_union,2022,28.473
bol,sex_t,age_aggregate_yge65,mts_details_union,2023,26.75
bol,sex_t,age_aggregate_yge65,mts_details_union,2024,35.648
bol,sex_t,age_aggregate_yge65,mts_details_wid,1999,62.152
bol,sex_t,age_aggregate_yge65,mts_details_wid,2000,7.028
bol,sex_t,age_aggregate_yge65,mts_details_wid,2001,52.915
bol,sex_t,age_aggregate_yge65,mts_details_wid,2002,49.337
bol,sex_t,age_aggregate_yge65,mts_details_wid,2004,77.631
bol,sex_t,age_aggregate_yge65,mts_details_wid,2005,76.833
bol,sex_t,age_aggregate_yge65,mts_details_wid,2006,64.684
bol,sex_t,age_aggregate_yge65,mts_details_wid,2007,90.918
bol,sex_t,age_aggregate_yge65,mts_details_wid,2008,77.229
bol,sex_t,age_aggregate_yge65,mts_details_wid,2009,84.917
bol,sex_t,age_aggregate_yge65,mts_details_wid,2011,75.897
bol,sex_t,age_aggregate_yge65,mts_details_wid,2012,71.271
bol,sex_t,age_aggregate_yge65,mts_details_wid,2013,103.332
bol,sex_t,age_aggregate_yge65,mts_details_wid,2014,95.38
bol,sex_t,age_aggregate_yge65,mts_details_wid,2015,79.907
bol,sex_t,age_aggregate_yge65,mts_details_wid,2016,79.073
bol,sex_t,age_aggregate_yge65,mts_details_wid,2017,99.737
bol,sex_t,age_aggregate_yge65,mts_details_wid,2018,109.589
bol,sex_t,age_aggregate_yge65,mts_details_wid,2019,105.644
bol,sex_t,age_aggregate_yge65,mts_details_wid,2022,125.904
bol,sex_t,age_aggregate_yge65,mts_details_wid,2023,124.518
bol,sex_t,age_aggregate_yge65,mts_details_wid,2024,144.049
bol,sex_t,age_ythadult_y15_24,mts_aggregate_1,1999,323.9
bol,sex_t,age_ythadult_y15_24,mts_aggregate_1,2000,544.457
bol,sex_t,age_ythadult_y15_24,mts_aggregate_1,2001,586.835
bol,sex_t,age_ythadult_y15_24,mts_aggregate_1,2002,602.205
bol,sex_t,age_ythadult_y15_24,mts_aggregate_1,2004,633.758
bol,sex_t,age_ythadult_y15_24,mts_aggregate_1,2005,456.16
bol,sex_t,age_ythadult_y15_24,mts_aggregate_1,2006,528.289
bol,sex_t,age_ythadult_y15_24,mts_aggregate_1,2007,559.342
bol,sex_t,age_ythadult_y15_24,mts_aggregate_1,2008,546.409
bol,sex_t,age_ythadult_y15_24,mts_aggregate_1,2009,540.414
bol,sex_t,age_ythadult_y15_24,mts_aggregate_1,2011,600.342
bol,sex_t,age_ythadult_y15_24,mts_aggregate_1,2012,508.973
bol,sex_t,age_ythadult_y15_24,mts_aggregate_1,2013,567.694
bol,sex_t,age_ythadult_y15_24,mts_aggregate_1,2014,650.673
bol,sex_t,age_ythadult_y15_24,mts_aggregate_1,2015,513.377
bol,sex_t,age_ythadult_y15_24,mts_aggregate_1,2016,465.993
bol,sex_t,age_ythadult_y15_24,mts_aggregate_1,2017,511.517
bol,sex_t,age_ythadult_y15_24,mts_aggregate_1,2018,552.37
bol,sex_t,age_ythadult_y15_24,mts_aggregate_1,2019,586.599
bol,sex_t,age_ythadult_y15_24,mts_aggregate_1,2022,835.416
bol,sex_t,age_ythadult_y15_24,mts_aggregate_1,2023,827.064
bol,sex_t,age_ythadult_y15_24,mts_aggregate_1,2024,867.353
bol,sex_t,age_ythadult_y15_24,mts_aggregate_2,1999,125.718
bol,sex_t,age_ythadult_y15_24,mts_aggregate_2,2000,96.754
bol,sex_t,age_ythadult_y15_24,mts_aggregate_2,2001,190.873
bol,sex_t,age_ythadult_y15_24,mts_aggregate_2,2002,166.239
bol,sex_t,age_ythadult_y15_24,mts_aggregate_2,2004,217.461
bol,sex_t,age_ythadult_y15_24,mts_aggregate_2,2005,133.492
bol,sex_t,age_ythadult_y15_24,mts_aggregate_2,2006,159.549
bol,sex_t,age_ythadult_y15_24,mts_aggregate_2,2007,166.194
bol,sex_t,age_ythadult_y15_24,mts_aggregate_2,2008,163.785
bol,sex_t,age_ythadult_y15_24,mts_aggregate_2,2009,204.973
bol,sex_t,age_ythadult_y15_24,mts_aggregate_2,2011,199.145
bol,sex_t,age_ythadult_y15_24,mts_aggregate_2,2012,170.824
bol,sex_t,age_ythadult_y15_24,mts_aggregate_2,2013,156.627
bol,sex_t,age_ythadult_y15_24,mts_aggregate_2,2014,217.193
bol,sex_t,age_ythadult_y15_24,mts_aggregate_2,2015,171.926
bol,sex_t,age_ythadult_y15_24,mts_aggregate_2,2016,141.063
bol,sex_t,age_ythadult_y15_24,mts_aggregate_2,2017,142.296
bol,sex_t,age_ythadult_y15_24,mts_aggregate_2,2018,162.634
bol,sex_t,age_ythadult_y15_24,mts_aggregate_2,2019,169.491
bol,sex_t,age_ythadult_y15_24,mts_aggregate_2,2022,202.787
bol,sex_t,age_ythadult_y15_24,mts_aggregate_2,2023,183.561
bol,sex_t,age_ythadult_y15_24,mts_aggregate_2,2024,178.548
bol,sex_t,age_ythadult_y15_24,mts_aggregate_total,1999,449.618
bol,sex_t,age_ythadult_y15_24,mts_aggregate_total,2000,641.211
bol,sex_t,age_ythadult_y15_24,mts_aggregate_total,2001,777.708
bol,sex_t,age_ythadult_y15_24,mts_aggregate_total,2002,768.444
bol,sex_t,age_ythadult_y15_24,mts_aggregate_total,2004,851.219
bol,sex_t,age_ythadult_y15_24,mts_aggregate_total,2005,589.652
bol,sex_t,age_ythadult_y15_24,mts_aggregate_total,2006,687.838
bol,sex_t,age_ythadult_y15_24,mts_aggregate_total,2007,725.536
bol,sex_t,age_ythadult_y15_24,mts_aggregate_total,2008,710.194
bol,sex_t,age_ythadult_y15_24,mts_aggregate_total,2009,745.387
bol,sex_t,age_ythadult_y15_24,mts_aggregate_total,2011,799.487
bol,sex_t,age_ythadult_y15_24,mts_aggregate_total,2012,679.797
bol,sex_t,age_ythadult_y15_24,mts_aggregate_total,2013,724.321
bol,sex_t,age_ythadult_y15_24,mts_aggregate_total,2014,867.866
bol,sex_t,age_ythadult_y15_24,mts_aggregate_total,2015,685.303
bol,sex_t,age_ythadult_y15_24,mts_aggregate_total,2016,607.056
bol,sex_t,age_ythadult_y15_24,mts_aggregate_total,2017,653.813
bol,sex_t,age_ythadult_y15_24,mts_aggregate_total,2018,715.004
bol,sex_t,age_ythadult_y15_24,mts_aggregate_total,2019,756.089
bol,sex_t,age_ythadult_y15_24,mts_aggregate_total,2022,1038.203
bol,sex_t,age_ythadult_y15_24,mts_aggregate_total,2023,1010.626
bol,sex_t,age_ythadult_y15_24,mts_aggregate_total,2024,1045.901
bol,sex_t,age_ythadult_y15_24,mts_details_mrd,1999,55.719
bol,sex_t,age_ythadult_y15_24,mts_details_mrd,2000,93.786
bol,sex_t,age_ythadult_y15_24,mts_details_mrd,2001,76.244
bol,sex_t,age_ythadult_y15_24,mts_details_mrd,2002,69.932
bol,sex_t,age_ythadult_y15_24,mts_details_mrd,2004,65.676
bol,sex_t,age_ythadult_y15_24,mts_details_mrd,2005,45.112
bol,sex_t,age_ythadult_y15_24,mts_details_mrd,2006,40.453
bol,sex_t,age_ythadult_y15_24,mts_details_mrd,2007,42.832
bol,sex_t,age_ythadult_y15_24,mts_details_mrd,2008,42.857
bol,sex_t,age_ythadult_y15_24,mts_details_mrd,2009,55.21
bol,sex_t,age_ythadult_y15_24,mts_details_mrd,2011,50.006
bol,sex_t,age_ythadult_y15_24,mts_details_mrd,2012,42.879
bol,sex_t,age_ythadult_y15_24,mts_details_mrd,2013,41.792
bol,sex_t,age_ythadult_y15_24,mts_details_mrd,2014,53.775
bol,sex_t,age_ythadult_y15_24,mts_details_mrd,2015,35.349
bol,sex_t,age_ythadult_y15_24,mts_details_mrd,2016,23.6
bol,sex_t,age_ythadult_y15_24,mts_details_mrd,2017,23.634
bol,sex_t,age_ythadult_y15_24,mts_details_mrd,2018,23.733
bol,sex_t,age_ythadult_y15_24,mts_details_mrd,2019,24.792
bol,sex_t,age_ythadult_y15_24,mts_details_mrd,2022,22.806
bol,sex_t,age_ythadult_y15_24,mts_details_mrd,2023,20.566
bol,sex_t,age_ythadult_y15_24,mts_details_mrd,2024,20.524
bol,sex_t,age_ythadult_y15_24,mts_details_sep,1999,4.414
bol,sex_t,age_ythadult_y15_24,mts_details_sep,2000,2.871
bol,sex_t,age_ythadult_y15_24,mts_details_sep,2001,8.39
bol,sex_t,age_ythadult_y15_24,mts_details_sep,2002,4.352
bol,sex_t,age_ythadult_y15_24,mts_details_sep,2004,10.804
bol,sex_t,age_ythadult_y15_24,mts_details_sep,2005,1.87
bol,sex_t,age_ythadult_y15_24,mts_details_sep,2006,5.762
bol,sex_t,age_ythadult_y15_24,mts_details_sep,2007,5.982
bol,sex_t,age_ythadult_y15_24,mts_details_sep,2008,8.074
bol,sex_t,age_ythadult_y15_24,mts_details_sep,2009,9.749
bol,sex_t,age_ythadult_y15_24,mts_details_sep,2011,2.84
bol,sex_t,age_ythadult_y15_24,mts_details_sep,2012,10.016
bol,sex_t,age_ythadult_y15_24,mts_details_sep,2013,5.345
bol,sex_t,age_ythadult_y15_24,mts_details_sep,2014,9.034
bol,sex_t,age_ythadult_y15_24,mts_details_sep,2015,6.475
bol,sex_t,age_ythadult_y15_24,mts_details_sep,2016,4.483
bol,sex_t,age_ythadult_y15_24,mts_details_sep,2017,5.968
bol,sex_t,age_ythadult_y15_24,mts_details_sep,2018,5.131
bol,sex_t,age_ythadult_y15_24,mts_details_sep,2019,4.14
bol,sex_t,age_ythadult_y15_24,mts_details_sep,2022,3.129
bol,sex_t,age_ythadult_y15_24,mts_details_sep,2023,4.253
bol,sex_t,age_ythadult_y15_24,mts_details_sep,2024,1.597
bol,sex_t,age_ythadult_y15_24,mts_details_sgle,1999,318.292
bol,sex_t,age_ythadult_y15_24,mts_details_sgle,2000,59.954
bol,sex_t,age_ythadult_y15_24,mts_details_sgle,2001,578.288
bol,sex_t,age_ythadult_y15_24,mts_details_sgle,2002,597.317
bol,sex_t,age_ythadult_y15_24,mts_details_sgle,2004,621.648
bol,sex_t,age_ythadult_y15_24,mts_details_sgle,2005,454.29
bol,sex_t,age_ythadult_y15_24,mts_details_sgle,2006,522.527
bol,sex_t,age_ythadult_y15_24,mts_details_sgle,2007,550.243
bol,sex_t,age_ythadult_y15_24,mts_details_sgle,2008,537.64
bol,sex_t,age_ythadult_y15_24,mts_details_sgle,2009,528.67
bol,sex_t,age_ythadult_y15_24,mts_details_sgle,2011,597.069
bol,sex_t,age_ythadult_y15_24,mts_details_sgle,2012,498.957
bol,sex_t,age_ythadult_y15_24,mts_details_sgle,2013,561.119
bol,sex_t,age_ythadult_y15_24,mts_details_sgle,2014,639.827
bol,sex_t,age_ythadult_y15_24,mts_details_sgle,2015,506.683
bol,sex_t,age_ythadult_y15_24,mts_details_sgle,2016,461.287
bol,sex_t,age_ythadult_y15_24,mts_details_sgle,2017,505.232
bol,sex_t,age_ythadult_y15_24,mts_details_sgle,2018,546.786
bol,sex_t,age_ythadult_y15_24,mts_details_sgle,2019,581.993
bol,sex_t,age_ythadult_y15_24,mts_details_sgle,2022,831.997
bol,sex_t,age_ythadult_y15_24,mts_details_sgle,2023,822.469
bol,sex_t,age_ythadult_y15_24,mts_details_sgle,2024,865.552
bol,sex_t,age_ythadult_y15_24,mts_details_total,1999,449.618
bol,sex_t,age_ythadult_y15_24,mts_details_total,2000,641.211
bol,sex_t,age_ythadult_y15_24,mts_details_total,2001,777.708
bol,sex_t,age_ythadult_y15_24,mts_details_total,2002,768.444
bol,sex_t,age_ythadult_y15_24,mts_details_total,2004,851.219
bol,sex_t,age_ythadult_y15_24,mts_details_total,2005,589.652
bol,sex_t,age_ythadult_y15_24,mts_details_total,2006,687.838
bol,sex_t,age_ythadult_y15_24,mts_details_total,2007,725.536
bol,sex_t,age_ythadult_y15_24,mts_details_total,2008,710.194
bol,sex_t,age_ythadult_y15_24,mts_details_total,2009,745.387
bol,sex_t,age_ythadult_y15_24,mts_details_total,2011,799.487
bol,sex_t,age_ythadult_y15_24,mts_details_total,2012,679.797
bol,sex_t,age_ythadult_y15_24,mts_details_total,2013,724.321
bol,sex_t,age_ythadult_y15_24,mts_details_total,2014,867.866
bol,sex_t,age_ythadult_y15_24,mts_details_total,2015,685.303
bol,sex_t,age_ythadult_y15_24,mts_details_total,2016,607.056
bol,sex_t,age_ythadult_y15_24,mts_details_total,2017,653.813
bol,sex_t,age_ythadult_y15_24,mts_details_total,2018,715.004
bol,sex_t,age_ythadult_y15_24,mts_details_total,2019,756.089
bol,sex_t,age_ythadult_y15_24,mts_details_total,2022,1038.203
bol,sex_t,age_ythadult_y15_24,mts_details_total,2023,1010.626
bol,sex_t,age_ythadult_y15_24,mts_details_total,2024,1045.901
bol,sex_t,age_ythadult_y15_24,mts_details_union,1999,69.999
bol,sex_t,age_ythadult_y15_24,mts_details_union,2000,2.968
bol,sex_t,age_ythadult_y15_24,mts_details_union,2001,114.629
bol,sex_t,age_ythadult_y15_24,mts_details_union,2002,96.307
bol,sex_t,age_ythadult_y15_24,mts_details_union,2004,151.785
bol,sex_t,age_ythadult_y15_24,mts_details_union,2005,88.38
bol,sex_t,age_ythadult_y15_24,mts_details_union,2006,119.096
bol,sex_t,age_ythadult_y15_24,mts_details_union,2007,123.362
bol,sex_t,age_ythadult_y15_24,mts_details_union,2008,120.928
bol,sex_t,age_ythadult_y15_24,mts_details_union,2009,149.763
bol,sex_t,age_ythadult_y15_24,mts_details_union,2011,149.139
bol,sex_t,age_ythadult_y15_24,mts_details_union,2012,127.945
bol,sex_t,age_ythadult_y15_24,mts_details_union,2013,114.835
bol,sex_t,age_ythadult_y15_24,mts_details_union,2014,163.418
bol,sex_t,age_ythadult_y15_24,mts_details_union,2015,136.577
bol,sex_t,age_ythadult_y15_24,mts_details_union,2016,117.462
bol,sex_t,age_ythadult_y15_24,mts_details_union,2017,118.662
bol,sex_t,age_ythadult_y15_24,mts_details_union,2018,138.901
bol,sex_t,age_ythadult_y15_24,mts_details_union,2019,144.698
bol,sex_t,age_ythadult_y15_24,mts_details_union,2022,179.981
bol,sex_t,age_ythadult_y15_24,mts_details_union,2023,162.995
bol,sex_t,age_ythadult_y15_24,mts_details_union,2024,158.024
bol,sex_t,age_ythadult_y15_24,mts_details_wid,2000,481.632
bol,sex_t,age_ythadult_y15_24,mts_details_wid,2014,1.812
bol,sex_t,age_ythadult_y15_24,mts_details_wid,2017,0.316
bol,sex_t,age_ythadult_y15_24,mts_details_wid,2018,0.454
bol,sex_t,age_ythadult_y15_24,mts_details_wid,2019,0.466
bol,sex_t,age_ythadult_y15_24,mts_details_wid,2023,0.342
bol,sex_t,age_ythadult_y15_24,mts_details_wid,2024,0.204
bol,sex_t,age_ythadult_y15_64,mts_aggregate_1,1999,655.157
bol,sex_t,age_ythadult_y15_64,mts_aggregate_1,2000,1687.198
bol,sex_t,age_ythadult_y15_64,mts_aggregate_1,2001,916.862
bol,sex_t,age_ythadult_y15_64,mts_aggregate_1,2002,941.549
bol,sex_t,age_ythadult_y15_64,mts_aggregate_1,2004,1117.598
bol,sex_t,age_ythadult_y15_64,mts_aggregate_1,2005,856.389
bol,sex_t,age_ythadult_y15_64,mts_aggregate_1,2006,927.749
bol,sex_t,age_ythadult_y15_64,mts_aggregate_1,2007,1020.697
bol,sex_t,age_ythadult_y15_64,mts_aggregate_1,2008,1043.818
bol,sex_t,age_ythadult_y15_64,mts_aggregate_1,2009,1023.592
bol,sex_t,age_ythadult_y15_64,mts_aggregate_1,2011,1137.975
bol,sex_t,age_ythadult_y15_64,mts_aggregate_1,2012,1074.754
bol,sex_t,age_ythadult_y15_64,mts_aggregate_1,2013,1295.612
bol,sex_t,age_ythadult_y15_64,mts_aggregate_1,2014,1382.075
bol,sex_t,age_ythadult_y15_64,mts_aggregate_1,2015,1151.075
bol,sex_t,age_ythadult_y15_64,mts_aggregate_1,2016,990.666
bol,sex_t,age_ythadult_y15_64,mts_aggregate_1,2017,1063.072
bol,sex_t,age_ythadult_y15_64,mts_aggregate_1,2018,1146.539
bol,sex_t,age_ythadult_y15_64,mts_aggregate_1,2019,1219.455
bol,sex_t,age_ythadult_y15_64,mts_aggregate_1,2022,1723.85
bol,sex_t,age_ythadult_y15_64,mts_aggregate_1,2023,1740.746
bol,sex_t,age_ythadult_y15_64,mts_aggregate_1,2024,1860.929
bol,sex_t,age_ythadult_y15_64,mts_aggregate_2,1999,1430.018
bol,sex_t,age_ythadult_y15_64,mts_aggregate_2,2000,397.271
bol,sex_t,age_ythadult_y15_64,mts_aggregate_2,2001,1414.68
bol,sex_t,age_ythadult_y15_64,mts_aggregate_2,2002,1497.183
bol,sex_t,age_ythadult_y15_64,mts_aggregate_2,2004,1985.826
bol,sex_t,age_ythadult_y15_64,mts_aggregate_2,2005,1768.129
bol,sex_t,age_ythadult_y15_64,mts_aggregate_2,2006,1796.718
bol,sex_t,age_ythadult_y15_64,mts_aggregate_2,2007,1755.783
bol,sex_t,age_ythadult_y15_64,mts_aggregate_2,2008,1975.68
bol,sex_t,age_ythadult_y15_64,mts_aggregate_2,2009,2036.319
bol,sex_t,age_ythadult_y15_64,mts_aggregate_2,2011,2102.785
bol,sex_t,age_ythadult_y15_64,mts_aggregate_2,2012,1992.45
bol,sex_t,age_ythadult_y15_64,mts_aggregate_2,2013,2206.568
bol,sex_t,age_ythadult_y15_64,mts_aggregate_2,2014,2460.417
bol,sex_t,age_ythadult_y15_64,mts_aggregate_2,2015,2142.809
bol,sex_t,age_ythadult_y15_64,mts_aggregate_2,2016,1836.356
bol,sex_t,age_ythadult_y15_64,mts_aggregate_2,2017,1960.45
bol,sex_t,age_ythadult_y15_64,mts_aggregate_2,2018,2164.28
bol,sex_t,age_ythadult_y15_64,mts_aggregate_2,2019,2308.882
bol,sex_t,age_ythadult_y15_64,mts_aggregate_2,2022,2727.892
bol,sex_t,age_ythadult_y15_64,mts_aggregate_2,2023,2728.749
bol,sex_t,age_ythadult_y15_64,mts_aggregate_2,2024,2735.927
bol,sex_t,age_ythadult_y15_64,mts_aggregate_total,1999,2085.175
bol,sex_t,age_ythadult_y15_64,mts_aggregate_total,2000,2084.469
bol,sex_t,age_ythadult_y15_64,mts_aggregate_total,2001,2331.542
bol,sex_t,age_ythadult_y15_64,mts_aggregate_total,2002,2438.732
bol,sex_t,age_ythadult_y15_64,mts_aggregate_total,2004,3103.424
bol,sex_t,age_ythadult_y15_64,mts_aggregate_total,2005,2624.518
bol,sex_t,age_ythadult_y15_64,mts_aggregate_total,2006,2724.467
bol,sex_t,age_ythadult_y15_64,mts_aggregate_total,2007,2776.48
bol,sex_t,age_ythadult_y15_64,mts_aggregate_total,2008,3019.498
bol,sex_t,age_ythadult_y15_64,mts_aggregate_total,2009,3060.397
bol,sex_t,age_ythadult_y15_64,mts_aggregate_total,2011,3240.76
bol,sex_t,age_ythadult_y15_64,mts_aggregate_total,2012,3067.204
bol,sex_t,age_ythadult_y15_64,mts_aggregate_total,2013,3502.18
bol,sex_t,age_ythadult_y15_64,mts_aggregate_total,2014,3843.282
bol,sex_t,age_ythadult_y15_64,mts_aggregate_total,2015,3293.884
bol,sex_t,age_ythadult_y15_64,mts_aggregate_total,2016,2827.021
bol,sex_t,age_ythadult_y15_64,mts_aggregate_total,2017,3023.522
bol,sex_t,age_ythadult_y15_64,mts_aggregate_total,2018,3310.818
bol,sex_t,age_ythadult_y15_64,mts_aggregate_total,2019,3528.337
bol,sex_t,age_ythadult_y15_64,mts_aggregate_total,2022,4451.742
bol,sex_t,age_ythadult_y15_64,mts_aggregate_total,2023,4469.495
bol,sex_t,age_ythadult_y15_64,mts_aggregate_total,2024,4596.856
bol,sex_t,age_ythadult_y15_64,mts_details_mrd,1999,1130.508
bol,sex_t,age_ythadult_y15_64,mts_details_mrd,2000,332.161
bol,sex_t,age_ythadult_y15_64,mts_details_mrd,2001,1009.527
bol,sex_t,age_ythadult_y15_64,mts_details_mrd,2002,1109.143
bol,sex_t,age_ythadult_y15_64,mts_details_mrd,2004,1345.824
bol,sex_t,age_ythadult_y15_64,mts_details_mrd,2005,1294.923
bol,sex_t,age_ythadult_y15_64,mts_details_mrd,2006,1316.352
bol,sex_t,age_ythadult_y15_64,mts_details_mrd,2007,1223.375
bol,sex_t,age_ythadult_y15_64,mts_details_mrd,2008,1431.18
bol,sex_t,age_ythadult_y15_64,mts_details_mrd,2009,1344.427
bol,sex_t,age_ythadult_y15_64,mts_details_mrd,2011,1360.409
bol,sex_t,age_ythadult_y15_64,mts_details_mrd,2012,1315.369
bol,sex_t,age_ythadult_y15_64,mts_details_mrd,2013,1520.727
bol,sex_t,age_ythadult_y15_64,mts_details_mrd,2014,1594.742
bol,sex_t,age_ythadult_y15_64,mts_details_mrd,2015,1363.999
bol,sex_t,age_ythadult_y15_64,mts_details_mrd,2016,1135.938
bol,sex_t,age_ythadult_y15_64,mts_details_mrd,2017,1212.089
bol,sex_t,age_ythadult_y15_64,mts_details_mrd,2018,1322.021
bol,sex_t,age_ythadult_y15_64,mts_details_mrd,2019,1377.547
bol,sex_t,age_ythadult_y15_64,mts_details_mrd,2022,1469.023
bol,sex_t,age_ythadult_y15_64,mts_details_mrd,2023,1506.778
bol,sex_t,age_ythadult_y15_64,mts_details_mrd,2024,1467.194
bol,sex_t,age_ythadult_y15_64,mts_details_sep,1999,73.791
bol,sex_t,age_ythadult_y15_64,mts_details_sep,2000,63.691
bol,sex_t,age_ythadult_y15_64,mts_details_sep,2001,72.507
bol,sex_t,age_ythadult_y15_64,mts_details_sep,2002,68.085
bol,sex_t,age_ythadult_y15_64,mts_details_sep,2004,130.89
bol,sex_t,age_ythadult_y15_64,mts_details_sep,2005,83.977
bol,sex_t,age_ythadult_y15_64,mts_details_sep,2006,99.617
bol,sex_t,age_ythadult_y15_64,mts_details_sep,2007,116.343
bol,sex_t,age_ythadult_y15_64,mts_details_sep,2008,133.179
bol,sex_t,age_ythadult_y15_64,mts_details_sep,2009,118.496
bol,sex_t,age_ythadult_y15_64,mts_details_sep,2011,114.488
bol,sex_t,age_ythadult_y15_64,mts_details_sep,2012,133.075
bol,sex_t,age_ythadult_y15_64,mts_details_sep,2013,157.57
bol,sex_t,age_ythadult_y15_64,mts_details_sep,2014,171.025
bol,sex_t,age_ythadult_y15_64,mts_details_sep,2015,154.552
bol,sex_t,age_ythadult_y15_64,mts_details_sep,2016,147.859
bol,sex_t,age_ythadult_y15_64,mts_details_sep,2017,160.915
bol,sex_t,age_ythadult_y15_64,mts_details_sep,2018,163.804
bol,sex_t,age_ythadult_y15_64,mts_details_sep,2019,167.025
bol,sex_t,age_ythadult_y15_64,mts_details_sep,2022,193.836
bol,sex_t,age_ythadult_y15_64,mts_details_sep,2023,195.608
bol,sex_t,age_ythadult_y15_64,mts_details_sep,2024,199.44
bol,sex_t,age_ythadult_y15_64,mts_details_sgle,1999,470.764
bol,sex_t,age_ythadult_y15_64,mts_details_sgle,2000,955.587
bol,sex_t,age_ythadult_y15_64,mts_details_sgle,2001,772.81
bol,sex_t,age_ythadult_y15_64,mts_details_sgle,2002,798.365
bol,sex_t,age_ythadult_y15_64,mts_details_sgle,2004,876.059
bol,sex_t,age_ythadult_y15_64,mts_details_sgle,2005,677.311
bol,sex_t,age_ythadult_y15_64,mts_details_sgle,2006,749.423
bol,sex_t,age_ythadult_y15_64,mts_details_sgle,2007,801.96
bol,sex_t,age_ythadult_y15_64,mts_details_sgle,2008,814.765
bol,sex_t,age_ythadult_y15_64,mts_details_sgle,2009,806.577
bol,sex_t,age_ythadult_y15_64,mts_details_sgle,2011,926.386
bol,sex_t,age_ythadult_y15_64,mts_details_sgle,2012,848.477
bol,sex_t,age_ythadult_y15_64,mts_details_sgle,2013,1032.28
bol,sex_t,age_ythadult_y15_64,mts_details_sgle,2014,1105.334
bol,sex_t,age_ythadult_y15_64,mts_details_sgle,2015,903.385
bol,sex_t,age_ythadult_y15_64,mts_details_sgle,2016,759.961
bol,sex_t,age_ythadult_y15_64,mts_details_sgle,2017,817.718
bol,sex_t,age_ythadult_y15_64,mts_details_sgle,2018,888.684
bol,sex_t,age_ythadult_y15_64,mts_details_sgle,2019,956.246
bol,sex_t,age_ythadult_y15_64,mts_details_sgle,2022,1422.802
bol,sex_t,age_ythadult_y15_64,mts_details_sgle,2023,1440.125
bol,sex_t,age_ythadult_y15_64,mts_details_sgle,2024,1548.352
bol,sex_t,age_ythadult_y15_64,mts_details_total,1999,2085.175
bol,sex_t,age_ythadult_y15_64,mts_details_total,2000,2084.469
bol,sex_t,age_ythadult_y15_64,mts_details_total,2001,2331.542
bol,sex_t,age_ythadult_y15_64,mts_details_total,2002,2438.732
bol,sex_t,age_ythadult_y15_64,mts_details_total,2004,3103.424
bol,sex_t,age_ythadult_y15_64,mts_details_total,2005,2624.518
bol,sex_t,age_ythadult_y15_64,mts_details_total,2006,2724.467
bol,sex_t,age_ythadult_y15_64,mts_details_total,2007,2776.48
bol,sex_t,age_ythadult_y15_64,mts_details_total,2008,3019.498
bol,sex_t,age_ythadult_y15_64,mts_details_total,2009,3060.397
bol,sex_t,age_ythadult_y15_64,mts_details_total,2011,3240.76
bol,sex_t,age_ythadult_y15_64,mts_details_total,2012,3067.204
bol,sex_t,age_ythadult_y15_64,mts_details_total,2013,3502.18
bol,sex_t,age_ythadult_y15_64,mts_details_total,2014,3843.282
bol,sex_t,age_ythadult_y15_64,mts_details_total,2015,3293.884
bol,sex_t,age_ythadult_y15_64,mts_details_total,2016,2827.021
bol,sex_t,age_ythadult_y15_64,mts_details_total,2017,3023.522
bol,sex_t,age_ythadult_y15_64,mts_details_total,2018,3310.818
bol,sex_t,age_ythadult_y15_64,mts_details_total,2019,3528.337
bol,sex_t,age_ythadult_y15_64,mts_details_total,2022,4451.742
bol,sex_t,age_ythadult_y15_64,mts_details_total,2023,4469.495
bol,sex_t,age_ythadult_y15_64,mts_details_total,2024,4596.856
bol,sex_t,age_ythadult_y15_64,mts_details_union,1999,299.51
bol,sex_t,age_ythadult_y15_64,mts_details_union,2000,65.11
bol,sex_t,age_ythadult_y15_64,mts_details_union,2001,405.153
bol,sex_t,age_ythadult_y15_64,mts_details_union,2002,388.04
bol,sex_t,age_ythadult_y15_64,mts_details_union,2004,640.002
bol,sex_t,age_ythadult_y15_64,mts_details_union,2005,473.206
bol,sex_t,age_ythadult_y15_64,mts_details_union,2006,480.366
bol,sex_t,age_ythadult_y15_64,mts_details_union,2007,532.408
bol,sex_t,age_ythadult_y15_64,mts_details_union,2008,544.5
bol,sex_t,age_ythadult_y15_64,mts_details_union,2009,691.892
bol,sex_t,age_ythadult_y15_64,mts_details_union,2011,742.376
bol,sex_t,age_ythadult_y15_64,mts_details_union,2012,677.081
bol,sex_t,age_ythadult_y15_64,mts_details_union,2013,685.841
bol,sex_t,age_ythadult_y15_64,mts_details_union,2014,865.675
bol,sex_t,age_ythadult_y15_64,mts_details_union,2015,778.81
bol,sex_t,age_ythadult_y15_64,mts_details_union,2016,700.418
bol,sex_t,age_ythadult_y15_64,mts_details_union,2017,748.361
bol,sex_t,age_ythadult_y15_64,mts_details_union,2018,842.258
bol,sex_t,age_ythadult_y15_64,mts_details_union,2019,931.335
bol,sex_t,age_ythadult_y15_64,mts_details_union,2022,1258.869
bol,sex_t,age_ythadult_y15_64,mts_details_union,2023,1221.972
bol,sex_t,age_ythadult_y15_64,mts_details_union,2024,1268.734
bol,sex_t,age_ythadult_y15_64,mts_details_wid,1999,110.602
bol,sex_t,age_ythadult_y15_64,mts_details_wid,2000,667.92
bol,sex_t,age_ythadult_y15_64,mts_details_wid,2001,71.545
bol,sex_t,age_ythadult_y15_64,mts_details_wid,2002,75.099
bol,sex_t,age_ythadult_y15_64,mts_details_wid,2004,110.649
bol,sex_t,age_ythadult_y15_64,mts_details_wid,2007,102.394
bol,sex_t,age_ythadult_y15_64,mts_details_wid,2008,95.874
bol,sex_t,age_ythadult_y15_64,mts_details_wid,2009,98.519
bol,sex_t,age_ythadult_y15_64,mts_details_wid,2011,97.101
bol,sex_t,age_ythadult_y15_64,mts_details_wid,2013,105.762
bol,sex_t,age_ythadult_y15_64,mts_details_wid,2014,105.716
bol,sex_t,age_ythadult_y15_64,mts_details_wid,2015,93.138
bol,sex_t,age_ythadult_y15_64,mts_details_wid,2016,82.846
bol,sex_t,age_ythadult_y15_64,mts_details_wid,2017,84.439
bol,sex_t,age_ythadult_y15_64,mts_details_wid,2018,94.051
bol,sex_t,age_ythadult_y15_64,mts_details_wid,2019,96.183
bol,sex_t,age_ythadult_y15_64,mts_details_wid,2022,107.212
bol,sex_t,age_ythadult_y15_64,mts_details_wid,2023,105.013
bol,sex_t,age_ythadult_y15_64,mts_details_wid,2024,113.136
bol,sex_t,age_ythadult_yge15,mts_aggregate_1,1999,731.279
bol,sex_t,age_ythadult_yge15,mts_aggregate_1,2000,1788.85
bol,sex_t,age_ythadult_yge15,mts_aggregate_1,2001,982.382
bol,sex_t,age_ythadult_yge15,mts_aggregate_1,2002,1002.467
bol,sex_t,age_ythadult_yge15,mts_aggregate_1,2004,1211.854
bol,sex_t,age_ythadult_yge15,mts_aggregate_1,2005,946.478
bol,sex_t,age_ythadult_yge15,mts_aggregate_1,2006,1020.408
bol,sex_t,age_ythadult_yge15,mts_aggregate_1,2007,1142.256
bol,sex_t,age_ythadult_yge15,mts_aggregate_1,2008,1147.889
bol,sex_t,age_ythadult_yge15,mts_aggregate_1,2009,1133.668
bol,sex_t,age_ythadult_yge15,mts_aggregate_1,2011,1238.34
bol,sex_t,age_ythadult_yge15,mts_aggregate_1,2012,1171.914
bol,sex_t,age_ythadult_yge15,mts_aggregate_1,2013,1428.98
bol,sex_t,age_ythadult_yge15,mts_aggregate_1,2014,1505.443
bol,sex_t,age_ythadult_yge15,mts_aggregate_1,2015,1266.617
bol,sex_t,age_ythadult_yge15,mts_aggregate_1,2016,1102.167
bol,sex_t,age_ythadult_yge15,mts_aggregate_1,2017,1199.145
bol,sex_t,age_ythadult_yge15,mts_aggregate_1,2018,1298.736
bol,sex_t,age_ythadult_yge15,mts_aggregate_1,2019,1367.739
bol,sex_t,age_ythadult_yge15,mts_aggregate_1,2022,1908.36
bol,sex_t,age_ythadult_yge15,mts_aggregate_1,2023,1928.323
bol,sex_t,age_ythadult_yge15,mts_aggregate_1,2024,2071.086
bol,sex_t,age_ythadult_yge15,mts_aggregate_2,1999,1567.681
bol,sex_t,age_ythadult_yge15,mts_aggregate_2,2000,451.069
bol,sex_t,age_ythadult_yge15,mts_aggregate_2,2001,1532.058
bol,sex_t,age_ythadult_yge15,mts_aggregate_2,2002,1605.062
bol,sex_t,age_ythadult_yge15,mts_aggregate_2,2004,2127.345
bol,sex_t,age_ythadult_yge15,mts_aggregate_2,2005,1951.664
bol,sex_t,age_ythadult_yge15,mts_aggregate_2,2006,1954.702
bol,sex_t,age_ythadult_yge15,mts_aggregate_2,2007,1952.892
bol,sex_t,age_ythadult_yge15,mts_aggregate_2,2008,2155.425
bol,sex_t,age_ythadult_yge15,mts_aggregate_2,2009,2211.034
bol,sex_t,age_ythadult_yge15,mts_aggregate_2,2011,2282.335
bol,sex_t,age_ythadult_yge15,mts_aggregate_2,2012,2185.704
bol,sex_t,age_ythadult_yge15,mts_aggregate_2,2013,2463.467
bol,sex_t,age_ythadult_yge15,mts_aggregate_2,2014,2692.086
bol,sex_t,age_ythadult_yge15,mts_aggregate_2,2015,2363.583
bol,sex_t,age_ythadult_yge15,mts_aggregate_2,2016,2037.934
bol,sex_t,age_ythadult_yge15,mts_aggregate_2,2017,2201.808
bol,sex_t,age_ythadult_yge15,mts_aggregate_2,2018,2440.475
bol,sex_t,age_ythadult_yge15,mts_aggregate_2,2019,2568.999
bol,sex_t,age_ythadult_yge15,mts_aggregate_2,2022,3016.36
bol,sex_t,age_ythadult_yge15,mts_aggregate_2,2023,3062.973
bol,sex_t,age_ythadult_yge15,mts_aggregate_2,2024,3088.038
bol,sex_t,age_ythadult_yge15,mts_aggregate_total,1999,2298.96
bol,sex_t,age_ythadult_yge15,mts_aggregate_total,2000,2239.919
bol,sex_t,age_ythadult_yge15,mts_aggregate_total,2001,2514.44
bol,sex_t,age_ythadult_yge15,mts_aggregate_total,2002,2607.529
bol,sex_t,age_ythadult_yge15,mts_aggregate_total,2004,3339.199
bol,sex_t,age_ythadult_yge15,mts_aggregate_total,2005,2898.142
bol,sex_t,age_ythadult_yge15,mts_aggregate_total,2006,2975.11
bol,sex_t,age_ythadult_yge15,mts_aggregate_total,2007,3095.148
bol,sex_t,age_ythadult_yge15,mts_aggregate_total,2008,3303.314
bol,sex_t,age_ythadult_yge15,mts_aggregate_total,2009,3345.188
bol,sex_t,age_ythadult_yge15,mts_aggregate_total,2011,3520.675
bol,sex_t,age_ythadult_yge15,mts_aggregate_total,2012,3357.618
bol,sex_t,age_ythadult_yge15,mts_aggregate_total,2013,3892.447
bol,sex_t,age_ythadult_yge15,mts_aggregate_total,2014,4198.975
bol,sex_t,age_ythadult_yge15,mts_aggregate_total,2015,3630.2
bol,sex_t,age_ythadult_yge15,mts_aggregate_total,2016,3140.102
bol,sex_t,age_ythadult_yge15,mts_aggregate_total,2017,3400.953
bol,sex_t,age_ythadult_yge15,mts_aggregate_total,2018,3739.211
bol,sex_t,age_ythadult_yge15,mts_aggregate_total,2019,3936.738
bol,sex_t,age_ythadult_yge15,mts_aggregate_total,2022,4924.721
bol,sex_t,age_ythadult_yge15,mts_aggregate_total,2023,4991.296
bol,sex_t,age_ythadult_yge15,mts_aggregate_total,2024,5159.124
bol,sex_t,age_ythadult_yge15,mts_details_mrd,1999,1260.58
bol,sex_t,age_ythadult_yge15,mts_details_mrd,2000,336.866
bol,sex_t,age_ythadult_yge15,mts_details_mrd,2001,1117.63
bol,sex_t,age_ythadult_yge15,mts_details_mrd,2002,1208.861
bol,sex_t,age_ythadult_yge15,mts_details_mrd,2004,1479.363
bol,sex_t,age_ythadult_yge15,mts_details_mrd,2005,1467.514
bol,sex_t,age_ythadult_yge15,mts_details_mrd,2006,1464.657
bol,sex_t,age_ythadult_yge15,mts_details_mrd,2007,1405.67
bol,sex_t,age_ythadult_yge15,mts_details_mrd,2008,1600.406
bol,sex_t,age_ythadult_yge15,mts_details_mrd,2009,1503.187
bol,sex_t,age_ythadult_yge15,mts_details_mrd,2011,1525.175
bol,sex_t,age_ythadult_yge15,mts_details_mrd,2012,1493.234
bol,sex_t,age_ythadult_yge15,mts_details_mrd,2013,1758.597
bol,sex_t,age_ythadult_yge15,mts_details_mrd,2014,1811.131
bol,sex_t,age_ythadult_yge15,mts_details_mrd,2015,1567.253
bol,sex_t,age_ythadult_yge15,mts_details_mrd,2016,1320.452
bol,sex_t,age_ythadult_yge15,mts_details_mrd,2017,1434.914
bol,sex_t,age_ythadult_yge15,mts_details_mrd,2018,1575.988
bol,sex_t,age_ythadult_yge15,mts_details_mrd,2019,1613.245
bol,sex_t,age_ythadult_yge15,mts_details_mrd,2022,1729.019
bol,sex_t,age_ythadult_yge15,mts_details_mrd,2023,1814.251
bol,sex_t,age_ythadult_yge15,mts_details_mrd,2024,1783.656
bol,sex_t,age_ythadult_yge15,mts_details_sep,1999,78.693
bol,sex_t,age_ythadult_yge15,mts_details_sep,2000,69.64
bol,sex_t,age_ythadult_yge15,mts_details_sep,2001,75.459
bol,sex_t,age_ythadult_yge15,mts_details_sep,2002,71.61
bol,sex_t,age_ythadult_yge15,mts_details_sep,2004,139.135
bol,sex_t,age_ythadult_yge15,mts_details_sep,2005,89.102
bol,sex_t,age_ythadult_yge15,mts_details_sep,2006,109.624
bol,sex_t,age_ythadult_yge15,mts_details_sep,2007,130.376
bol,sex_t,age_ythadult_yge15,mts_details_sep,2008,145.548
bol,sex_t,age_ythadult_yge15,mts_details_sep,2009,132.927
bol,sex_t,age_ythadult_yge15,mts_details_sep,2011,124.374
bol,sex_t,age_ythadult_yge15,mts_details_sep,2012,144.342
bol,sex_t,age_ythadult_yge15,mts_details_sep,2013,170.731
bol,sex_t,age_ythadult_yge15,mts_details_sep,2014,185.197
bol,sex_t,age_ythadult_yge15,mts_details_sep,2015,176.622
bol,sex_t,age_ythadult_yge15,mts_details_sep,2016,164.077
bol,sex_t,age_ythadult_yge15,mts_details_sep,2017,180.405
bol,sex_t,age_ythadult_yge15,mts_details_sep,2018,186.866
bol,sex_t,age_ythadult_yge15,mts_details_sep,2019,190.829
bol,sex_t,age_ythadult_yge15,mts_details_sep,2022,218.492
bol,sex_t,age_ythadult_yge15,mts_details_sep,2023,226.297
bol,sex_t,age_ythadult_yge15,mts_details_sep,2024,229.251
bol,sex_t,age_ythadult_yge15,mts_details_sgle,1999,479.832
bol,sex_t,age_ythadult_yge15,mts_details_sgle,2000,1044.262
bol,sex_t,age_ythadult_yge15,mts_details_sgle,2001,782.463
bol,sex_t,age_ythadult_yge15,mts_details_sgle,2002,806.421
bol,sex_t,age_ythadult_yge15,mts_details_sgle,2004,884.439
bol,sex_t,age_ythadult_yge15,mts_details_sgle,2005,685.442
bol,sex_t,age_ythadult_yge15,mts_details_sgle,2006,767.391
bol,sex_t,age_ythadult_yge15,mts_details_sgle,2007,818.568
bol,sex_t,age_ythadult_yge15,mts_details_sgle,2008,829.238
bol,sex_t,age_ythadult_yge15,mts_details_sgle,2009,817.305
bol,sex_t,age_ythadult_yge15,mts_details_sgle,2011,940.968
bol,sex_t,age_ythadult_yge15,mts_details_sgle,2012,863.099
bol,sex_t,age_ythadult_yge15,mts_details_sgle,2013,1049.155
bol,sex_t,age_ythadult_yge15,mts_details_sgle,2014,1119.15
bol,sex_t,age_ythadult_yge15,mts_details_sgle,2015,916.95
bol,sex_t,age_ythadult_yge15,mts_details_sgle,2016,776.172
bol,sex_t,age_ythadult_yge15,mts_details_sgle,2017,834.564
bol,sex_t,age_ythadult_yge15,mts_details_sgle,2018,908.23
bol,sex_t,age_ythadult_yge15,mts_details_sgle,2019,975.082
bol,sex_t,age_ythadult_yge15,mts_details_sgle,2022,1456.753
bol,sex_t,age_ythadult_yge15,mts_details_sgle,2023,1472.495
bol,sex_t,age_ythadult_yge15,mts_details_sgle,2024,1584.65
bol,sex_t,age_ythadult_yge15,mts_details_total,1999,2298.96
bol,sex_t,age_ythadult_yge15,mts_details_total,2000,2239.919
bol,sex_t,age_ythadult_yge15,mts_details_total,2001,2514.44
bol,sex_t,age_ythadult_yge15,mts_details_total,2002,2607.529
bol,sex_t,age_ythadult_yge15,mts_details_total,2004,3339.199
bol,sex_t,age_ythadult_yge15,mts_details_total,2005,2898.142
bol,sex_t,age_ythadult_yge15,mts_details_total,2006,2975.11
bol,sex_t,age_ythadult_yge15,mts_details_total,2007,3095.148
bol,sex_t,age_ythadult_yge15,mts_details_total,2008,3303.314
bol,sex_t,age_ythadult_yge15,mts_details_total,2009,3345.188
bol,sex_t,age_ythadult_yge15,mts_details_total,2011,3520.675
bol,sex_t,age_ythadult_yge15,mts_details_total,2012,3357.618
bol,sex_t,age_ythadult_yge15,mts_details_total,2013,3892.447
bol,sex_t,age_ythadult_yge15,mts_details_total,2014,4198.975
bol,sex_t,age_ythadult_yge15,mts_details_total,2015,3630.2
bol,sex_t,age_ythadult_yge15,mts_details_total,2016,3140.102
bol,sex_t,age_ythadult_yge15,mts_details_total,2017,3400.953
bol,sex_t,age_ythadult_yge15,mts_details_total,2018,3739.211
bol,sex_t,age_ythadult_yge15,mts_details_total,2019,3936.738
bol,sex_t,age_ythadult_yge15,mts_details_total,2022,4924.721
bol,sex_t,age_ythadult_yge15,mts_details_total,2023,4991.296
bol,sex_t,age_ythadult_yge15,mts_details_total,2024,5159.124
bol,sex_t,age_ythadult_yge15,mts_details_union,1999,307.101
bol,sex_t,age_ythadult_yge15,mts_details_union,2000,114.203
bol,sex_t,age_ythadult_yge15,mts_details_union,2001,414.428
bol,sex_t,age_ythadult_yge15,mts_details_union,2002,396.201
bol,sex_t,age_ythadult_yge15,mts_details_union,2004,647.982
bol,sex_t,age_ythadult_yge15,mts_details_union,2005,484.15
bol,sex_t,age_ythadult_yge15,mts_details_union,2006,490.045
bol,sex_t,age_ythadult_yge15,mts_details_union,2007,547.222
bol,sex_t,age_ythadult_yge15,mts_details_union,2008,555.019
bol,sex_t,age_ythadult_yge15,mts_details_union,2009,707.847
bol,sex_t,age_ythadult_yge15,mts_details_union,2011,757.16
bol,sex_t,age_ythadult_yge15,mts_details_union,2012,692.47
bol,sex_t,age_ythadult_yge15,mts_details_union,2013,704.87
bol,sex_t,age_ythadult_yge15,mts_details_union,2014,880.955
bol,sex_t,age_ythadult_yge15,mts_details_union,2015,796.33
bol,sex_t,age_ythadult_yge15,mts_details_union,2016,717.482
bol,sex_t,age_ythadult_yge15,mts_details_union,2017,766.894
bol,sex_t,age_ythadult_yge15,mts_details_union,2018,864.486
bol,sex_t,age_ythadult_yge15,mts_details_union,2019,955.754
bol,sex_t,age_ythadult_yge15,mts_details_union,2022,1287.342
bol,sex_t,age_ythadult_yge15,mts_details_union,2023,1248.721
bol,sex_t,age_ythadult_yge15,mts_details_union,2024,1304.382
bol,sex_t,age_ythadult_yge15,mts_details_wid,1999,172.754
bol,sex_t,age_ythadult_yge15,mts_details_wid,2000,674.948
bol,sex_t,age_ythadult_yge15,mts_details_wid,2001,124.46
bol,sex_t,age_ythadult_yge15,mts_details_wid,2002,124.436
bol,sex_t,age_ythadult_yge15,mts_details_wid,2004,188.28
bol,sex_t,age_ythadult_yge15,mts_details_wid,2005,171.934
bol,sex_t,age_ythadult_yge15,mts_details_wid,2006,143.393
bol,sex_t,age_ythadult_yge15,mts_details_wid,2007,193.312
bol,sex_t,age_ythadult_yge15,mts_details_wid,2008,173.103
bol,sex_t,age_ythadult_yge15,mts_details_wid,2009,183.436
bol,sex_t,age_ythadult_yge15,mts_details_wid,2011,172.998
bol,sex_t,age_ythadult_yge15,mts_details_wid,2012,164.473
bol,sex_t,age_ythadult_yge15,mts_details_wid,2013,209.094
bol,sex_t,age_ythadult_yge15,mts_details_wid,2014,201.096
bol,sex_t,age_ythadult_yge15,mts_details_wid,2015,173.045
bol,sex_t,age_ythadult_yge15,mts_details_wid,2016,161.918
bol,sex_t,age_ythadult_yge15,mts_details_wid,2017,184.176
bol,sex_t,age_ythadult_yge15,mts_details_wid,2018,203.64
bol,sex_t,age_ythadult_yge15,mts_details_wid,2019,201.827
bol,sex_t,age_ythadult_yge15,mts_details_wid,2022,233.116
bol,sex_t,age_ythadult_yge15,mts_details_wid,2023,229.531
bol,sex_t,age_ythadult_yge15,mts_details_wid,2024,257.185
bol,sex_t,age_ythadult_yge25,mts_aggregate_1,1999,407.379
bol,sex_t,age_ythadult_yge25,mts_aggregate_1,2000,1244.393
bol,sex_t,age_ythadult_yge25,mts_aggregate_1,2001,395.547
bol,sex_t,age_ythadult_yge25,mts_aggregate_1,2002,400.262
bol,sex_t,age_ythadult_yge25,mts_aggregate_1,2004,578.096
bol,sex_t,age_ythadult_yge25,mts_aggregate_1,2005,490.318
bol,sex_t,age_ythadult_yge25,mts_aggregate_1,2006,492.119
bol,sex_t,age_ythadult_yge25,mts_aggregate_1,2007,582.914
bol,sex_t,age_ythadult_yge25,mts_aggregate_1,2008,601.48
bol,sex_t,age_ythadult_yge25,mts_aggregate_1,2009,593.254
bol,sex_t,age_ythadult_yge25,mts_aggregate_1,2011,637.998
bol,sex_t,age_ythadult_yge25,mts_aggregate_1,2012,662.941
bol,sex_t,age_ythadult_yge25,mts_aggregate_1,2013,861.286
bol,sex_t,age_ythadult_yge25,mts_aggregate_1,2014,854.77
bol,sex_t,age_ythadult_yge25,mts_aggregate_1,2015,753.24
bol,sex_t,age_ythadult_yge25,mts_aggregate_1,2016,636.174
bol,sex_t,age_ythadult_yge25,mts_aggregate_1,2017,687.628
bol,sex_t,age_ythadult_yge25,mts_aggregate_1,2018,746.366
bol,sex_t,age_ythadult_yge25,mts_aggregate_1,2019,781.14
bol,sex_t,age_ythadult_yge25,mts_aggregate_1,2022,1072.945
bol,sex_t,age_ythadult_yge25,mts_aggregate_1,2023,1101.259
bol,sex_t,age_ythadult_yge25,mts_aggregate_1,2024,1203.733
bol,sex_t,age_ythadult_yge25,mts_aggregate_2,1999,1441.963
bol,sex_t,age_ythadult_yge25,mts_aggregate_2,2000,354.315
bol,sex_t,age_ythadult_yge25,mts_aggregate_2,2001,1341.185
bol,sex_t,age_ythadult_yge25,mts_aggregate_2,2002,1438.823
bol,sex_t,age_ythadult_yge25,mts_aggregate_2,2004,1909.884
bol,sex_t,age_ythadult_yge25,mts_aggregate_2,2005,1818.172
bol,sex_t,age_ythadult_yge25,mts_aggregate_2,2006,1795.153
bol,sex_t,age_ythadult_yge25,mts_aggregate_2,2007,1786.698
bol,sex_t,age_ythadult_yge25,mts_aggregate_2,2008,1991.64
bol,sex_t,age_ythadult_yge25,mts_aggregate_2,2009,2006.061
bol,sex_t,age_ythadult_yge25,mts_aggregate_2,2011,2083.19
bol,sex_t,age_ythadult_yge25,mts_aggregate_2,2012,2014.88
bol,sex_t,age_ythadult_yge25,mts_aggregate_2,2013,2306.84
bol,sex_t,age_ythadult_yge25,mts_aggregate_2,2014,2474.893
bol,sex_t,age_ythadult_yge25,mts_aggregate_2,2015,2191.657
bol,sex_t,age_ythadult_yge25,mts_aggregate_2,2016,1896.872
bol,sex_t,age_ythadult_yge25,mts_aggregate_2,2017,2059.511
bol,sex_t,age_ythadult_yge25,mts_aggregate_2,2018,2277.841
bol,sex_t,age_ythadult_yge25,mts_aggregate_2,2019,2399.508
bol,sex_t,age_ythadult_yge25,mts_aggregate_2,2022,2813.573
bol,sex_t,age_ythadult_yge25,mts_aggregate_2,2023,2879.411
bol,sex_t,age_ythadult_yge25,mts_aggregate_2,2024,2909.49
bol,sex_t,age_ythadult_yge25,mts_aggregate_total,1999,1849.342
bol,sex_t,age_ythadult_yge25,mts_aggregate_total,2000,1598.708
bol,sex_t,age_ythadult_yge25,mts_aggregate_total,2001,1736.732
bol,sex_t,age_ythadult_yge25,mts_aggregate_total,2002,1839.085
bol,sex_t,age_ythadult_yge25,mts_aggregate_total,2004,2487.98
bol,sex_t,age_ythadult_yge25,mts_aggregate_total,2005,2308.49
bol,sex_t,age_ythadult_yge25,mts_aggregate_total,2006,2287.272
bol,sex_t,age_ythadult_yge25,mts_aggregate_total,2007,2369.612
bol,sex_t,age_ythadult_yge25,mts_aggregate_total,2008,2593.12
bol,sex_t,age_ythadult_yge25,mts_aggregate_total,2009,2599.801
bol,sex_t,age_ythadult_yge25,mts_aggregate_total,2011,2721.188
bol,sex_t,age_ythadult_yge25,mts_aggregate_total,2012,2677.821
bol,sex_t,age_ythadult_yge25,mts_aggregate_total,2013,3168.126
bol,sex_t,age_ythadult_yge25,mts_aggregate_total,2014,3331.109
bol,sex_t,age_ythadult_yge25,mts_aggregate_total,2015,2944.897
bol,sex_t,age_ythadult_yge25,mts_aggregate_total,2016,2533.046
bol,sex_t,age_ythadult_yge25,mts_aggregate_total,2017,2747.139
bol,sex_t,age_ythadult_yge25,mts_aggregate_total,2018,3024.207
bol,sex_t,age_ythadult_yge25,mts_aggregate_total,2019,3180.648
bol,sex_t,age_ythadult_yge25,mts_aggregate_total,2022,3886.518
bol,sex_t,age_ythadult_yge25,mts_aggregate_total,2023,3980.67
bol,sex_t,age_ythadult_yge25,mts_aggregate_total,2024,4113.223
bol,sex_t,age_ythadult_yge25,mts_details_mrd,1999,1204.861
bol,sex_t,age_ythadult_yge25,mts_details_mrd,2000,243.08
bol,sex_t,age_ythadult_yge25,mts_details_mrd,2001,1041.386
bol,sex_t,age_ythadult_yge25,mts_details_mrd,2002,1138.929
bol,sex_t,age_ythadult_yge25,mts_details_mrd,2004,1413.687
bol,sex_t,age_ythadult_yge25,mts_details_mrd,2005,1422.402
bol,sex_t,age_ythadult_yge25,mts_details_mrd,2006,1424.204
bol,sex_t,age_ythadult_yge25,mts_details_mrd,2007,1362.838
bol,sex_t,age_ythadult_yge25,mts_details_mrd,2008,1557.549
bol,sex_t,age_ythadult_yge25,mts_details_mrd,2009,1447.977
bol,sex_t,age_ythadult_yge25,mts_details_mrd,2011,1475.169
bol,sex_t,age_ythadult_yge25,mts_details_mrd,2012,1450.355
bol,sex_t,age_ythadult_yge25,mts_details_mrd,2013,1716.805
bol,sex_t,age_ythadult_yge25,mts_details_mrd,2014,1757.356
bol,sex_t,age_ythadult_yge25,mts_details_mrd,2015,1531.904
bol,sex_t,age_ythadult_yge25,mts_details_mrd,2016,1296.852
bol,sex_t,age_ythadult_yge25,mts_details_mrd,2017,1411.28
bol,sex_t,age_ythadult_yge25,mts_details_mrd,2018,1552.256
bol,sex_t,age_ythadult_yge25,mts_details_mrd,2019,1588.452
bol,sex_t,age_ythadult_yge25,mts_details_mrd,2022,1706.213
bol,sex_t,age_ythadult_yge25,mts_details_mrd,2023,1793.685
bol,sex_t,age_ythadult_yge25,mts_details_mrd,2024,1763.132
bol,sex_t,age_ythadult_yge25,mts_details_sep,1999,74.279
bol,sex_t,age_ythadult_yge25,mts_details_sep,2000,66.769
bol,sex_t,age_ythadult_yge25,mts_details_sep,2001,67.069
bol,sex_t,age_ythadult_yge25,mts_details_sep,2002,67.258
bol,sex_t,age_ythadult_yge25,mts_details_sep,2004,128.331
bol,sex_t,age_ythadult_yge25,mts_details_sep,2005,87.232
bol,sex_t,age_ythadult_yge25,mts_details_sep,2006,103.862
bol,sex_t,age_ythadult_yge25,mts_details_sep,2007,124.394
bol,sex_t,age_ythadult_yge25,mts_details_sep,2008,137.474
bol,sex_t,age_ythadult_yge25,mts_details_sep,2009,123.178
bol,sex_t,age_ythadult_yge25,mts_details_sep,2011,121.534
bol,sex_t,age_ythadult_yge25,mts_details_sep,2012,134.326
bol,sex_t,age_ythadult_yge25,mts_details_sep,2013,165.386
bol,sex_t,age_ythadult_yge25,mts_details_sep,2014,176.163
bol,sex_t,age_ythadult_yge25,mts_details_sep,2015,170.147
bol,sex_t,age_ythadult_yge25,mts_details_sep,2016,159.594
bol,sex_t,age_ythadult_yge25,mts_details_sep,2017,174.436
bol,sex_t,age_ythadult_yge25,mts_details_sep,2018,181.735
bol,sex_t,age_ythadult_yge25,mts_details_sep,2019,186.69
bol,sex_t,age_ythadult_yge25,mts_details_sep,2022,215.362
bol,sex_t,age_ythadult_yge25,mts_details_sep,2023,222.044
bol,sex_t,age_ythadult_yge25,mts_details_sep,2024,227.654
bol,sex_t,age_ythadult_yge25,mts_details_sgle,1999,161.54
bol,sex_t,age_ythadult_yge25,mts_details_sgle,2000,984.308
bol,sex_t,age_ythadult_yge25,mts_details_sgle,2001,204.175
bol,sex_t,age_ythadult_yge25,mts_details_sgle,2002,209.104
bol,sex_t,age_ythadult_yge25,mts_details_sgle,2004,262.791
bol,sex_t,age_ythadult_yge25,mts_details_sgle,2005,231.152
bol,sex_t,age_ythadult_yge25,mts_details_sgle,2006,244.864
bol,sex_t,age_ythadult_yge25,mts_details_sgle,2007,268.325
bol,sex_t,age_ythadult_yge25,mts_details_sgle,2008,291.598
bol,sex_t,age_ythadult_yge25,mts_details_sgle,2009,288.635
bol,sex_t,age_ythadult_yge25,mts_details_sgle,2011,343.899
bol,sex_t,age_ythadult_yge25,mts_details_sgle,2012,364.142
bol,sex_t,age_ythadult_yge25,mts_details_sgle,2013,488.036
bol,sex_t,age_ythadult_yge25,mts_details_sgle,2014,479.323
bol,sex_t,age_ythadult_yge25,mts_details_sgle,2015,410.267
bol,sex_t,age_ythadult_yge25,mts_details_sgle,2016,314.885
bol,sex_t,age_ythadult_yge25,mts_details_sgle,2017,329.332
bol,sex_t,age_ythadult_yge25,mts_details_sgle,2018,361.444
bol,sex_t,age_ythadult_yge25,mts_details_sgle,2019,393.09
bol,sex_t,age_ythadult_yge25,mts_details_sgle,2022,624.757
bol,sex_t,age_ythadult_yge25,mts_details_sgle,2023,650.027
bol,sex_t,age_ythadult_yge25,mts_details_sgle,2024,719.098
bol,sex_t,age_ythadult_yge25,mts_details_total,1999,1849.342
bol,sex_t,age_ythadult_yge25,mts_details_total,2000,1598.708
bol,sex_t,age_ythadult_yge25,mts_details_total,2001,1736.732
bol,sex_t,age_ythadult_yge25,mts_details_total,2002,1839.085
bol,sex_t,age_ythadult_yge25,mts_details_total,2004,2487.98
bol,sex_t,age_ythadult_yge25,mts_details_total,2005,2308.49
bol,sex_t,age_ythadult_yge25,mts_details_total,2006,2287.272
bol,sex_t,age_ythadult_yge25,mts_details_total,2007,2369.612
bol,sex_t,age_ythadult_yge25,mts_details_total,2008,2593.12
bol,sex_t,age_ythadult_yge25,mts_details_total,2009,2599.801
bol,sex_t,age_ythadult_yge25,mts_details_total,2011,2721.188
bol,sex_t,age_ythadult_yge25,mts_details_total,2012,2677.821
bol,sex_t,age_ythadult_yge25,mts_details_total,2013,3168.126
bol,sex_t,age_ythadult_yge25,mts_details_total,2014,3331.109
bol,sex_t,age_ythadult_yge25,mts_details_total,2015,2944.897
bol,sex_t,age_ythadult_yge25,mts_details_total,2016,2533.046
bol,sex_t,age_ythadult_yge25,mts_details_total,2017,2747.139
bol,sex_t,age_ythadult_yge25,mts_details_total,2018,3024.207
bol,sex_t,age_ythadult_yge25,mts_details_total,2019,3180.648
bol,sex_t,age_ythadult_yge25,mts_details_total,2022,3886.518
bol,sex_t,age_ythadult_yge25,mts_details_total,2023,3980.67
bol,sex_t,age_ythadult_yge25,mts_details_total,2024,4113.223
bol,sex_t,age_ythadult_yge25,mts_details_union,1999,237.102
bol,sex_t,age_ythadult_yge25,mts_details_union,2000,111.235
bol,sex_t,age_ythadult_yge25,mts_details_union,2001,299.799
bol,sex_t,age_ythadult_yge25,mts_details_union,2002,299.894
bol,sex_t,age_ythadult_yge25,mts_details_union,2004,496.197
bol,sex_t,age_ythadult_yge25,mts_details_union,2005,395.77
bol,sex_t,age_ythadult_yge25,mts_details_union,2006,370.949
bol,sex_t,age_ythadult_yge25,mts_details_union,2007,423.86
bol,sex_t,age_ythadult_yge25,mts_details_union,2008,434.091
bol,sex_t,age_ythadult_yge25,mts_details_union,2009,558.084
bol,sex_t,age_ythadult_yge25,mts_details_union,2011,608.021
bol,sex_t,age_ythadult_yge25,mts_details_union,2012,564.525
bol,sex_t,age_ythadult_yge25,mts_details_union,2013,590.035
bol,sex_t,age_ythadult_yge25,mts_details_union,2014,717.537
bol,sex_t,age_ythadult_yge25,mts_details_union,2015,659.753
bol,sex_t,age_ythadult_yge25,mts_details_union,2016,600.02
bol,sex_t,age_ythadult_yge25,mts_details_union,2017,648.231
bol,sex_t,age_ythadult_yge25,mts_details_union,2018,725.586
bol,sex_t,age_ythadult_yge25,mts_details_union,2019,811.056
bol,sex_t,age_ythadult_yge25,mts_details_union,2022,1107.36
bol,sex_t,age_ythadult_yge25,mts_details_union,2023,1085.726
bol,sex_t,age_ythadult_yge25,mts_details_union,2024,1146.358
bol,sex_t,age_ythadult_yge25,mts_details_wid,1999,171.56
bol,sex_t,age_ythadult_yge25,mts_details_wid,2000,193.316
bol,sex_t,age_ythadult_yge25,mts_details_wid,2001,124.303
bol,sex_t,age_ythadult_yge25,mts_details_wid,2002,123.9
bol,sex_t,age_ythadult_yge25,mts_details_wid,2004,186.974
bol,sex_t,age_ythadult_yge25,mts_details_wid,2005,171.934
bol,sex_t,age_ythadult_yge25,mts_details_wid,2006,143.393
bol,sex_t,age_ythadult_yge25,mts_details_wid,2007,190.195
bol,sex_t,age_ythadult_yge25,mts_details_wid,2008,172.408
bol,sex_t,age_ythadult_yge25,mts_details_wid,2009,181.441
bol,sex_t,age_ythadult_yge25,mts_details_wid,2011,172.565
bol,sex_t,age_ythadult_yge25,mts_details_wid,2012,164.473
bol,sex_t,age_ythadult_yge25,mts_details_wid,2013,207.864
bol,sex_t,age_ythadult_yge25,mts_details_wid,2014,199.284
bol,sex_t,age_ythadult_yge25,mts_details_wid,2015,172.826
bol,sex_t,age_ythadult_yge25,mts_details_wid,2016,161.695
bol,sex_t,age_ythadult_yge25,mts_details_wid,2017,183.86
bol,sex_t,age_ythadult_yge25,mts_details_wid,2018,203.186
bol,sex_t,age_ythadult_yge25,mts_details_wid,2019,201.361
bol,sex_t,age_ythadult_yge25,mts_details_wid,2022,232.826
bol,sex_t,age_ythadult_yge25,mts_details_wid,2023,229.188
bol,sex_t,age_ythadult_yge25,mts_details_wid,2024,256.981
