ref_area,sex,classif1,classif2,time,emp_pifl_sex_age_mts_nb
zaf,sex_f,age_10yrbands_total,mts_aggregate_1,2000,364.416
zaf,sex_f,age_10yrbands_total,mts_aggregate_1,2001,482.261
zaf,sex_f,age_10yrbands_total,mts_aggregate_1,2002,329.431
zaf,sex_f,age_10yrbands_total,mts_aggregate_1,2003,329.709
zaf,sex_f,age_10yrbands_total,mts_aggregate_1,2004,383.47
zaf,sex_f,age_10yrbands_total,mts_aggregate_1,2005,519.449
zaf,sex_f,age_10yrbands_total,mts_aggregate_1,2006,513.557
zaf,sex_f,age_10yrbands_total,mts_aggregate_1,2007,496.6
zaf,sex_f,age_10yrbands_total,mts_aggregate_1,2008,1208.57
zaf,sex_f,age_10yrbands_total,mts_aggregate_1,2009,1148.772
zaf,sex_f,age_10yrbands_total,mts_aggregate_1,2010,1080.855
zaf,sex_f,age_10yrbands_total,mts_aggregate_1,2011,1084.076
zaf,sex_f,age_10yrbands_total,mts_aggregate_1,2012,1075.362
zaf,sex_f,age_10yrbands_total,mts_aggregate_1,2013,1142.108
zaf,sex_f,age_10yrbands_total,mts_aggregate_1,2014,1141.267
zaf,sex_f,age_10yrbands_total,mts_aggregate_1,2015,1216.324
zaf,sex_f,age_10yrbands_total,mts_aggregate_1,2016,1162.641
zaf,sex_f,age_10yrbands_total,mts_aggregate_1,2017,1247.359
zaf,sex_f,age_10yrbands_total,mts_aggregate_1,2018,1292.147
zaf,sex_f,age_10yrbands_total,mts_aggregate_1,2019,1257.701
zaf,sex_f,age_10yrbands_total,mts_aggregate_1,2020,1030.977
zaf,sex_f,age_10yrbands_total,mts_aggregate_1,2021,1004.046
zaf,sex_f,age_10yrbands_total,mts_aggregate_1,2022,1150.293
zaf,sex_f,age_10yrbands_total,mts_aggregate_1,2023,1237.921
zaf,sex_f,age_10yrbands_total,mts_aggregate_1,2024,1349.042
zaf,sex_f,age_10yrbands_total,mts_aggregate_2,2000,951.442
zaf,sex_f,age_10yrbands_total,mts_aggregate_2,2001,827.574
zaf,sex_f,age_10yrbands_total,mts_aggregate_2,2002,523.558
zaf,sex_f,age_10yrbands_total,mts_aggregate_2,2003,540.458
zaf,sex_f,age_10yrbands_total,mts_aggregate_2,2004,456.365
zaf,sex_f,age_10yrbands_total,mts_aggregate_2,2005,479.209
zaf,sex_f,age_10yrbands_total,mts_aggregate_2,2006,453.278
zaf,sex_f,age_10yrbands_total,mts_aggregate_2,2007,427.727
zaf,sex_f,age_10yrbands_total,mts_aggregate_2,2008,934.092
zaf,sex_f,age_10yrbands_total,mts_aggregate_2,2009,866.506
zaf,sex_f,age_10yrbands_total,mts_aggregate_2,2010,838.809
zaf,sex_f,age_10yrbands_total,mts_aggregate_2,2011,773.525
zaf,sex_f,age_10yrbands_total,mts_aggregate_2,2012,773.357
zaf,sex_f,age_10yrbands_total,mts_aggregate_2,2013,804.994
zaf,sex_f,age_10yrbands_total,mts_aggregate_2,2014,785.976
zaf,sex_f,age_10yrbands_total,mts_aggregate_2,2015,856.487
zaf,sex_f,age_10yrbands_total,mts_aggregate_2,2016,854.984
zaf,sex_f,age_10yrbands_total,mts_aggregate_2,2017,871.071
zaf,sex_f,age_10yrbands_total,mts_aggregate_2,2018,877.896
zaf,sex_f,age_10yrbands_total,mts_aggregate_2,2019,902.372
zaf,sex_f,age_10yrbands_total,mts_aggregate_2,2020,729.975
zaf,sex_f,age_10yrbands_total,mts_aggregate_2,2021,709.982
zaf,sex_f,age_10yrbands_total,mts_aggregate_2,2022,740.062
zaf,sex_f,age_10yrbands_total,mts_aggregate_2,2023,776.382
zaf,sex_f,age_10yrbands_total,mts_aggregate_2,2024,846.685
zaf,sex_f,age_10yrbands_total,mts_aggregate_total,2000,1316.266
zaf,sex_f,age_10yrbands_total,mts_aggregate_total,2001,1310.204
zaf,sex_f,age_10yrbands_total,mts_aggregate_total,2002,852.989
zaf,sex_f,age_10yrbands_total,mts_aggregate_total,2003,870.167
zaf,sex_f,age_10yrbands_total,mts_aggregate_total,2004,839.835
zaf,sex_f,age_10yrbands_total,mts_aggregate_total,2005,999.018
zaf,sex_f,age_10yrbands_total,mts_aggregate_total,2006,966.835
zaf,sex_f,age_10yrbands_total,mts_aggregate_total,2007,924.613
zaf,sex_f,age_10yrbands_total,mts_aggregate_total,2008,2142.661
zaf,sex_f,age_10yrbands_total,mts_aggregate_total,2009,2015.278
zaf,sex_f,age_10yrbands_total,mts_aggregate_total,2010,1919.663
zaf,sex_f,age_10yrbands_total,mts_aggregate_total,2011,1857.601
zaf,sex_f,age_10yrbands_total,mts_aggregate_total,2012,1848.72
zaf,sex_f,age_10yrbands_total,mts_aggregate_total,2013,1947.102
zaf,sex_f,age_10yrbands_total,mts_aggregate_total,2014,1927.244
zaf,sex_f,age_10yrbands_total,mts_aggregate_total,2015,2072.811
zaf,sex_f,age_10yrbands_total,mts_aggregate_total,2016,2017.626
zaf,sex_f,age_10yrbands_total,mts_aggregate_total,2017,2118.43
zaf,sex_f,age_10yrbands_total,mts_aggregate_total,2018,2170.043
zaf,sex_f,age_10yrbands_total,mts_aggregate_total,2019,2160.073
zaf,sex_f,age_10yrbands_total,mts_aggregate_total,2020,1760.952
zaf,sex_f,age_10yrbands_total,mts_aggregate_total,2021,1714.028
zaf,sex_f,age_10yrbands_total,mts_aggregate_total,2022,1890.355
zaf,sex_f,age_10yrbands_total,mts_aggregate_total,2023,2014.303
zaf,sex_f,age_10yrbands_total,mts_aggregate_total,2024,2195.727
zaf,sex_f,age_10yrbands_total,mts_details_mrd,2000,564.291
zaf,sex_f,age_10yrbands_total,mts_details_mrd,2001,650.824
zaf,sex_f,age_10yrbands_total,mts_details_mrd,2002,413.418
zaf,sex_f,age_10yrbands_total,mts_details_mrd,2003,430.78
zaf,sex_f,age_10yrbands_total,mts_details_mrd,2004,362.832
zaf,sex_f,age_10yrbands_total,mts_details_mrd,2005,359.309
zaf,sex_f,age_10yrbands_total,mts_details_mrd,2006,346.776
zaf,sex_f,age_10yrbands_total,mts_details_mrd,2007,328.618
zaf,sex_f,age_10yrbands_total,mts_details_mrd,2008,654.999
zaf,sex_f,age_10yrbands_total,mts_details_mrd,2009,592.684
zaf,sex_f,age_10yrbands_total,mts_details_mrd,2010,585.12
zaf,sex_f,age_10yrbands_total,mts_details_mrd,2011,542.341
zaf,sex_f,age_10yrbands_total,mts_details_mrd,2012,543.243
zaf,sex_f,age_10yrbands_total,mts_details_mrd,2013,567
zaf,sex_f,age_10yrbands_total,mts_details_mrd,2014,562.844
zaf,sex_f,age_10yrbands_total,mts_details_mrd,2015,584.281
zaf,sex_f,age_10yrbands_total,mts_details_mrd,2016,596.662
zaf,sex_f,age_10yrbands_total,mts_details_mrd,2017,595.261
zaf,sex_f,age_10yrbands_total,mts_details_mrd,2018,585.1
zaf,sex_f,age_10yrbands_total,mts_details_mrd,2019,620.787
zaf,sex_f,age_10yrbands_total,mts_details_mrd,2020,490.14
zaf,sex_f,age_10yrbands_total,mts_details_mrd,2021,471.298
zaf,sex_f,age_10yrbands_total,mts_details_mrd,2022,488.375
zaf,sex_f,age_10yrbands_total,mts_details_mrd,2023,533.673
zaf,sex_f,age_10yrbands_total,mts_details_mrd,2024,569.445
zaf,sex_f,age_10yrbands_total,mts_details_sep,2000,251.867
zaf,sex_f,age_10yrbands_total,mts_details_sep,2001,415.874
zaf,sex_f,age_10yrbands_total,mts_details_sep,2002,274.427
zaf,sex_f,age_10yrbands_total,mts_details_sep,2003,267.003
zaf,sex_f,age_10yrbands_total,mts_details_sep,2004,154.476
zaf,sex_f,age_10yrbands_total,mts_details_sep,2005,55.186
zaf,sex_f,age_10yrbands_total,mts_details_sep,2006,44.834
zaf,sex_f,age_10yrbands_total,mts_details_sep,2007,47.974
zaf,sex_f,age_10yrbands_total,mts_details_sep,2008,95.339
zaf,sex_f,age_10yrbands_total,mts_details_sep,2009,89.108
zaf,sex_f,age_10yrbands_total,mts_details_sep,2010,87.963
zaf,sex_f,age_10yrbands_total,mts_details_sep,2011,72.392
zaf,sex_f,age_10yrbands_total,mts_details_sep,2012,93.026
zaf,sex_f,age_10yrbands_total,mts_details_sep,2013,92.084
zaf,sex_f,age_10yrbands_total,mts_details_sep,2014,78.95
zaf,sex_f,age_10yrbands_total,mts_details_sep,2015,85.778
zaf,sex_f,age_10yrbands_total,mts_details_sep,2016,81.532
zaf,sex_f,age_10yrbands_total,mts_details_sep,2017,78.909
zaf,sex_f,age_10yrbands_total,mts_details_sep,2018,73.87
zaf,sex_f,age_10yrbands_total,mts_details_sep,2019,83.231
zaf,sex_f,age_10yrbands_total,mts_details_sep,2020,68.298
zaf,sex_f,age_10yrbands_total,mts_details_sep,2021,65.9
zaf,sex_f,age_10yrbands_total,mts_details_sep,2022,62.74
zaf,sex_f,age_10yrbands_total,mts_details_sep,2023,66.482
zaf,sex_f,age_10yrbands_total,mts_details_sep,2024,72.506
zaf,sex_f,age_10yrbands_total,mts_details_sgle,2004,134.876
zaf,sex_f,age_10yrbands_total,mts_details_sgle,2005,335.1
zaf,sex_f,age_10yrbands_total,mts_details_sgle,2006,343.61
zaf,sex_f,age_10yrbands_total,mts_details_sgle,2007,333.967
zaf,sex_f,age_10yrbands_total,mts_details_sgle,2008,928.884
zaf,sex_f,age_10yrbands_total,mts_details_sgle,2009,883.486
zaf,sex_f,age_10yrbands_total,mts_details_sgle,2010,818.546
zaf,sex_f,age_10yrbands_total,mts_details_sgle,2011,852.46
zaf,sex_f,age_10yrbands_total,mts_details_sgle,2012,836.672
zaf,sex_f,age_10yrbands_total,mts_details_sgle,2013,895.747
zaf,sex_f,age_10yrbands_total,mts_details_sgle,2014,895.135
zaf,sex_f,age_10yrbands_total,mts_details_sgle,2015,975.008
zaf,sex_f,age_10yrbands_total,mts_details_sgle,2016,932.956
zaf,sex_f,age_10yrbands_total,mts_details_sgle,2017,997.451
zaf,sex_f,age_10yrbands_total,mts_details_sgle,2018,1044.911
zaf,sex_f,age_10yrbands_total,mts_details_sgle,2019,1007.61
zaf,sex_f,age_10yrbands_total,mts_details_sgle,2020,848.684
zaf,sex_f,age_10yrbands_total,mts_details_sgle,2021,835.258
zaf,sex_f,age_10yrbands_total,mts_details_sgle,2022,985.45
zaf,sex_f,age_10yrbands_total,mts_details_sgle,2023,1049.799
zaf,sex_f,age_10yrbands_total,mts_details_sgle,2024,1143.564
zaf,sex_f,age_10yrbands_total,mts_details_total,2000,1316.266
zaf,sex_f,age_10yrbands_total,mts_details_total,2001,1310.204
zaf,sex_f,age_10yrbands_total,mts_details_total,2002,852.989
zaf,sex_f,age_10yrbands_total,mts_details_total,2003,870.167
zaf,sex_f,age_10yrbands_total,mts_details_total,2004,839.835
zaf,sex_f,age_10yrbands_total,mts_details_total,2005,999.018
zaf,sex_f,age_10yrbands_total,mts_details_total,2006,966.835
zaf,sex_f,age_10yrbands_total,mts_details_total,2007,924.613
zaf,sex_f,age_10yrbands_total,mts_details_total,2008,2142.661
zaf,sex_f,age_10yrbands_total,mts_details_total,2009,2015.278
zaf,sex_f,age_10yrbands_total,mts_details_total,2010,1919.663
zaf,sex_f,age_10yrbands_total,mts_details_total,2011,1857.601
zaf,sex_f,age_10yrbands_total,mts_details_total,2012,1848.72
zaf,sex_f,age_10yrbands_total,mts_details_total,2013,1947.102
zaf,sex_f,age_10yrbands_total,mts_details_total,2014,1927.244
zaf,sex_f,age_10yrbands_total,mts_details_total,2015,2072.811
zaf,sex_f,age_10yrbands_total,mts_details_total,2016,2017.626
zaf,sex_f,age_10yrbands_total,mts_details_total,2017,2118.43
zaf,sex_f,age_10yrbands_total,mts_details_total,2018,2170.043
zaf,sex_f,age_10yrbands_total,mts_details_total,2019,2160.073
zaf,sex_f,age_10yrbands_total,mts_details_total,2020,1760.952
zaf,sex_f,age_10yrbands_total,mts_details_total,2021,1714.028
zaf,sex_f,age_10yrbands_total,mts_details_total,2022,1890.355
zaf,sex_f,age_10yrbands_total,mts_details_total,2023,2014.303
zaf,sex_f,age_10yrbands_total,mts_details_total,2024,2195.727
zaf,sex_f,age_10yrbands_total,mts_details_union,2000,387.151
zaf,sex_f,age_10yrbands_total,mts_details_union,2001,176.75
zaf,sex_f,age_10yrbands_total,mts_details_union,2002,110.14
zaf,sex_f,age_10yrbands_total,mts_details_union,2003,109.678
zaf,sex_f,age_10yrbands_total,mts_details_union,2004,93.532
zaf,sex_f,age_10yrbands_total,mts_details_union,2005,119.899
zaf,sex_f,age_10yrbands_total,mts_details_union,2006,106.502
zaf,sex_f,age_10yrbands_total,mts_details_union,2007,99.109
zaf,sex_f,age_10yrbands_total,mts_details_union,2008,279.093
zaf,sex_f,age_10yrbands_total,mts_details_union,2009,273.822
zaf,sex_f,age_10yrbands_total,mts_details_union,2010,253.689
zaf,sex_f,age_10yrbands_total,mts_details_union,2011,231.184
zaf,sex_f,age_10yrbands_total,mts_details_union,2012,230.114
zaf,sex_f,age_10yrbands_total,mts_details_union,2013,237.994
zaf,sex_f,age_10yrbands_total,mts_details_union,2014,223.132
zaf,sex_f,age_10yrbands_total,mts_details_union,2015,272.206
zaf,sex_f,age_10yrbands_total,mts_details_union,2016,258.322
zaf,sex_f,age_10yrbands_total,mts_details_union,2017,275.81
zaf,sex_f,age_10yrbands_total,mts_details_union,2018,292.797
zaf,sex_f,age_10yrbands_total,mts_details_union,2019,281.586
zaf,sex_f,age_10yrbands_total,mts_details_union,2020,239.835
zaf,sex_f,age_10yrbands_total,mts_details_union,2021,238.684
zaf,sex_f,age_10yrbands_total,mts_details_union,2022,251.687
zaf,sex_f,age_10yrbands_total,mts_details_union,2023,242.709
zaf,sex_f,age_10yrbands_total,mts_details_union,2024,277.24
zaf,sex_f,age_10yrbands_total,mts_details_wid,2000,112.549
zaf,sex_f,age_10yrbands_total,mts_details_wid,2001,66.387
zaf,sex_f,age_10yrbands_total,mts_details_wid,2002,55.005
zaf,sex_f,age_10yrbands_total,mts_details_wid,2003,62.706
zaf,sex_f,age_10yrbands_total,mts_details_wid,2004,94.117
zaf,sex_f,age_10yrbands_total,mts_details_wid,2005,129.164
zaf,sex_f,age_10yrbands_total,mts_details_wid,2006,125.113
zaf,sex_f,age_10yrbands_total,mts_details_wid,2007,114.658
zaf,sex_f,age_10yrbands_total,mts_details_wid,2008,184.346
zaf,sex_f,age_10yrbands_total,mts_details_wid,2009,176.179
zaf,sex_f,age_10yrbands_total,mts_details_wid,2010,174.345
zaf,sex_f,age_10yrbands_total,mts_details_wid,2011,159.223
zaf,sex_f,age_10yrbands_total,mts_details_wid,2012,145.665
zaf,sex_f,age_10yrbands_total,mts_details_wid,2013,154.278
zaf,sex_f,age_10yrbands_total,mts_details_wid,2014,167.182
zaf,sex_f,age_10yrbands_total,mts_details_wid,2015,155.538
zaf,sex_f,age_10yrbands_total,mts_details_wid,2016,148.153
zaf,sex_f,age_10yrbands_total,mts_details_wid,2017,170.999
zaf,sex_f,age_10yrbands_total,mts_details_wid,2018,173.366
zaf,sex_f,age_10yrbands_total,mts_details_wid,2019,166.86
zaf,sex_f,age_10yrbands_total,mts_details_wid,2020,113.996
zaf,sex_f,age_10yrbands_total,mts_details_wid,2021,102.888
zaf,sex_f,age_10yrbands_total,mts_details_wid,2022,102.102
zaf,sex_f,age_10yrbands_total,mts_details_wid,2023,121.64
zaf,sex_f,age_10yrbands_total,mts_details_wid,2024,132.972
zaf,sex_f,age_10yrbands_y15_24,mts_aggregate_1,2000,48.856
zaf,sex_f,age_10yrbands_y15_24,mts_aggregate_1,2001,122.93
zaf,sex_f,age_10yrbands_y15_24,mts_aggregate_1,2002,76.982
zaf,sex_f,age_10yrbands_y15_24,mts_aggregate_1,2003,57.804
zaf,sex_f,age_10yrbands_y15_24,mts_aggregate_1,2004,62.472
zaf,sex_f,age_10yrbands_y15_24,mts_aggregate_1,2005,68.116
zaf,sex_f,age_10yrbands_y15_24,mts_aggregate_1,2006,75.515
zaf,sex_f,age_10yrbands_y15_24,mts_aggregate_1,2007,48.956
zaf,sex_f,age_10yrbands_y15_24,mts_aggregate_1,2008,208.104
zaf,sex_f,age_10yrbands_y15_24,mts_aggregate_1,2009,173.131
zaf,sex_f,age_10yrbands_y15_24,mts_aggregate_1,2010,149.358
zaf,sex_f,age_10yrbands_y15_24,mts_aggregate_1,2011,143.026
zaf,sex_f,age_10yrbands_y15_24,mts_aggregate_1,2012,127.363
zaf,sex_f,age_10yrbands_y15_24,mts_aggregate_1,2013,145.213
zaf,sex_f,age_10yrbands_y15_24,mts_aggregate_1,2014,134.246
zaf,sex_f,age_10yrbands_y15_24,mts_aggregate_1,2015,146.159
zaf,sex_f,age_10yrbands_y15_24,mts_aggregate_1,2016,116.714
zaf,sex_f,age_10yrbands_y15_24,mts_aggregate_1,2017,125.801
zaf,sex_f,age_10yrbands_y15_24,mts_aggregate_1,2018,126.231
zaf,sex_f,age_10yrbands_y15_24,mts_aggregate_1,2019,117.398
zaf,sex_f,age_10yrbands_y15_24,mts_aggregate_1,2020,88.591
zaf,sex_f,age_10yrbands_y15_24,mts_aggregate_1,2021,74.914
zaf,sex_f,age_10yrbands_y15_24,mts_aggregate_1,2022,95.44
zaf,sex_f,age_10yrbands_y15_24,mts_aggregate_1,2023,115.513
zaf,sex_f,age_10yrbands_y15_24,mts_aggregate_1,2024,129.719
zaf,sex_f,age_10yrbands_y15_24,mts_aggregate_2,2000,87.914
zaf,sex_f,age_10yrbands_y15_24,mts_aggregate_2,2001,33.829
zaf,sex_f,age_10yrbands_y15_24,mts_aggregate_2,2002,18.151
zaf,sex_f,age_10yrbands_y15_24,mts_aggregate_2,2003,19.993
zaf,sex_f,age_10yrbands_y15_24,mts_aggregate_2,2004,22.676
zaf,sex_f,age_10yrbands_y15_24,mts_aggregate_2,2005,20.964
zaf,sex_f,age_10yrbands_y15_24,mts_aggregate_2,2006,24.703
zaf,sex_f,age_10yrbands_y15_24,mts_aggregate_2,2007,25.471
zaf,sex_f,age_10yrbands_y15_24,mts_aggregate_2,2008,45.464
zaf,sex_f,age_10yrbands_y15_24,mts_aggregate_2,2009,36.723
zaf,sex_f,age_10yrbands_y15_24,mts_aggregate_2,2010,37.878
zaf,sex_f,age_10yrbands_y15_24,mts_aggregate_2,2011,35.907
zaf,sex_f,age_10yrbands_y15_24,mts_aggregate_2,2012,33.097
zaf,sex_f,age_10yrbands_y15_24,mts_aggregate_2,2013,34.025
zaf,sex_f,age_10yrbands_y15_24,mts_aggregate_2,2014,34.173
zaf,sex_f,age_10yrbands_y15_24,mts_aggregate_2,2015,32.01
zaf,sex_f,age_10yrbands_y15_24,mts_aggregate_2,2016,38.24
zaf,sex_f,age_10yrbands_y15_24,mts_aggregate_2,2017,32.06
zaf,sex_f,age_10yrbands_y15_24,mts_aggregate_2,2018,31.371
zaf,sex_f,age_10yrbands_y15_24,mts_aggregate_2,2019,28.578
zaf,sex_f,age_10yrbands_y15_24,mts_aggregate_2,2020,21.834
zaf,sex_f,age_10yrbands_y15_24,mts_aggregate_2,2021,20.181
zaf,sex_f,age_10yrbands_y15_24,mts_aggregate_2,2022,23.514
zaf,sex_f,age_10yrbands_y15_24,mts_aggregate_2,2023,31.521
zaf,sex_f,age_10yrbands_y15_24,mts_aggregate_2,2024,24.496
zaf,sex_f,age_10yrbands_y15_24,mts_aggregate_total,2000,137.136
zaf,sex_f,age_10yrbands_y15_24,mts_aggregate_total,2001,156.759
zaf,sex_f,age_10yrbands_y15_24,mts_aggregate_total,2002,95.133
zaf,sex_f,age_10yrbands_y15_24,mts_aggregate_total,2003,77.796
zaf,sex_f,age_10yrbands_y15_24,mts_aggregate_total,2004,85.148
zaf,sex_f,age_10yrbands_y15_24,mts_aggregate_total,2005,89.124
zaf,sex_f,age_10yrbands_y15_24,mts_aggregate_total,2006,100.219
zaf,sex_f,age_10yrbands_y15_24,mts_aggregate_total,2007,74.427
zaf,sex_f,age_10yrbands_y15_24,mts_aggregate_total,2008,253.568
zaf,sex_f,age_10yrbands_y15_24,mts_aggregate_total,2009,209.854
zaf,sex_f,age_10yrbands_y15_24,mts_aggregate_total,2010,187.236
zaf,sex_f,age_10yrbands_y15_24,mts_aggregate_total,2011,178.932
zaf,sex_f,age_10yrbands_y15_24,mts_aggregate_total,2012,160.46
zaf,sex_f,age_10yrbands_y15_24,mts_aggregate_total,2013,179.239
zaf,sex_f,age_10yrbands_y15_24,mts_aggregate_total,2014,168.419
zaf,sex_f,age_10yrbands_y15_24,mts_aggregate_total,2015,178.169
zaf,sex_f,age_10yrbands_y15_24,mts_aggregate_total,2016,154.953
zaf,sex_f,age_10yrbands_y15_24,mts_aggregate_total,2017,157.862
zaf,sex_f,age_10yrbands_y15_24,mts_aggregate_total,2018,157.603
zaf,sex_f,age_10yrbands_y15_24,mts_aggregate_total,2019,145.976
zaf,sex_f,age_10yrbands_y15_24,mts_aggregate_total,2020,110.426
zaf,sex_f,age_10yrbands_y15_24,mts_aggregate_total,2021,95.095
zaf,sex_f,age_10yrbands_y15_24,mts_aggregate_total,2022,118.954
zaf,sex_f,age_10yrbands_y15_24,mts_aggregate_total,2023,147.034
zaf,sex_f,age_10yrbands_y15_24,mts_aggregate_total,2024,154.215
zaf,sex_f,age_10yrbands_y15_24,mts_details_mrd,2000,73.734
zaf,sex_f,age_10yrbands_y15_24,mts_details_mrd,2001,32.683
zaf,sex_f,age_10yrbands_y15_24,mts_details_mrd,2002,18.151
zaf,sex_f,age_10yrbands_y15_24,mts_details_mrd,2003,19.868
zaf,sex_f,age_10yrbands_y15_24,mts_details_mrd,2004,13.999
zaf,sex_f,age_10yrbands_y15_24,mts_details_mrd,2005,9.293
zaf,sex_f,age_10yrbands_y15_24,mts_details_mrd,2006,8.968
zaf,sex_f,age_10yrbands_y15_24,mts_details_mrd,2007,8.399
zaf,sex_f,age_10yrbands_y15_24,mts_details_mrd,2008,16.427
zaf,sex_f,age_10yrbands_y15_24,mts_details_mrd,2009,14.996
zaf,sex_f,age_10yrbands_y15_24,mts_details_mrd,2010,13.7
zaf,sex_f,age_10yrbands_y15_24,mts_details_mrd,2011,13.887
zaf,sex_f,age_10yrbands_y15_24,mts_details_mrd,2012,13.439
zaf,sex_f,age_10yrbands_y15_24,mts_details_mrd,2013,12.184
zaf,sex_f,age_10yrbands_y15_24,mts_details_mrd,2014,12.82
zaf,sex_f,age_10yrbands_y15_24,mts_details_mrd,2015,14.223
zaf,sex_f,age_10yrbands_y15_24,mts_details_mrd,2016,15.907
zaf,sex_f,age_10yrbands_y15_24,mts_details_mrd,2017,12.908
zaf,sex_f,age_10yrbands_y15_24,mts_details_mrd,2018,12.405
zaf,sex_f,age_10yrbands_y15_24,mts_details_mrd,2019,12.77
zaf,sex_f,age_10yrbands_y15_24,mts_details_mrd,2020,9.836
zaf,sex_f,age_10yrbands_y15_24,mts_details_mrd,2021,4.788
zaf,sex_f,age_10yrbands_y15_24,mts_details_mrd,2022,8.57
zaf,sex_f,age_10yrbands_y15_24,mts_details_mrd,2023,9.919
zaf,sex_f,age_10yrbands_y15_24,mts_details_mrd,2024,7
zaf,sex_f,age_10yrbands_y15_24,mts_details_sep,2000,48.189
zaf,sex_f,age_10yrbands_y15_24,mts_details_sep,2001,122.204
zaf,sex_f,age_10yrbands_y15_24,mts_details_sep,2002,76.344
zaf,sex_f,age_10yrbands_y15_24,mts_details_sep,2003,57.804
zaf,sex_f,age_10yrbands_y15_24,mts_details_sep,2004,30.439
zaf,sex_f,age_10yrbands_y15_24,mts_details_sep,2008,1.086
zaf,sex_f,age_10yrbands_y15_24,mts_details_sep,2009,1.254
zaf,sex_f,age_10yrbands_y15_24,mts_details_sep,2013,0.597
zaf,sex_f,age_10yrbands_y15_24,mts_details_sep,2018,0.885
zaf,sex_f,age_10yrbands_y15_24,mts_details_sgle,2004,30.808
zaf,sex_f,age_10yrbands_y15_24,mts_details_sgle,2005,67.489
zaf,sex_f,age_10yrbands_y15_24,mts_details_sgle,2006,75.334
zaf,sex_f,age_10yrbands_y15_24,mts_details_sgle,2007,48.687
zaf,sex_f,age_10yrbands_y15_24,mts_details_sgle,2008,206.79
zaf,sex_f,age_10yrbands_y15_24,mts_details_sgle,2009,171.291
zaf,sex_f,age_10yrbands_y15_24,mts_details_sgle,2010,148.775
zaf,sex_f,age_10yrbands_y15_24,mts_details_sgle,2011,142.677
zaf,sex_f,age_10yrbands_y15_24,mts_details_sgle,2012,126.906
zaf,sex_f,age_10yrbands_y15_24,mts_details_sgle,2013,144.616
zaf,sex_f,age_10yrbands_y15_24,mts_details_sgle,2014,134.03
zaf,sex_f,age_10yrbands_y15_24,mts_details_sgle,2015,145.495
zaf,sex_f,age_10yrbands_y15_24,mts_details_sgle,2016,116.714
zaf,sex_f,age_10yrbands_y15_24,mts_details_sgle,2017,124.88
zaf,sex_f,age_10yrbands_y15_24,mts_details_sgle,2018,125.124
zaf,sex_f,age_10yrbands_y15_24,mts_details_sgle,2019,117.182
zaf,sex_f,age_10yrbands_y15_24,mts_details_sgle,2020,88.591
zaf,sex_f,age_10yrbands_y15_24,mts_details_sgle,2021,74.914
zaf,sex_f,age_10yrbands_y15_24,mts_details_sgle,2022,95.265
zaf,sex_f,age_10yrbands_y15_24,mts_details_sgle,2023,115.144
zaf,sex_f,age_10yrbands_y15_24,mts_details_sgle,2024,129.527
zaf,sex_f,age_10yrbands_y15_24,mts_details_total,2000,137.136
zaf,sex_f,age_10yrbands_y15_24,mts_details_total,2001,156.759
zaf,sex_f,age_10yrbands_y15_24,mts_details_total,2002,95.133
zaf,sex_f,age_10yrbands_y15_24,mts_details_total,2003,77.796
zaf,sex_f,age_10yrbands_y15_24,mts_details_total,2004,85.148
zaf,sex_f,age_10yrbands_y15_24,mts_details_total,2005,89.124
zaf,sex_f,age_10yrbands_y15_24,mts_details_total,2006,100.219
zaf,sex_f,age_10yrbands_y15_24,mts_details_total,2007,74.427
zaf,sex_f,age_10yrbands_y15_24,mts_details_total,2008,253.568
zaf,sex_f,age_10yrbands_y15_24,mts_details_total,2009,209.854
zaf,sex_f,age_10yrbands_y15_24,mts_details_total,2010,187.236
zaf,sex_f,age_10yrbands_y15_24,mts_details_total,2011,178.932
zaf,sex_f,age_10yrbands_y15_24,mts_details_total,2012,160.46
zaf,sex_f,age_10yrbands_y15_24,mts_details_total,2013,179.239
zaf,sex_f,age_10yrbands_y15_24,mts_details_total,2014,168.419
zaf,sex_f,age_10yrbands_y15_24,mts_details_total,2015,178.169
zaf,sex_f,age_10yrbands_y15_24,mts_details_total,2016,154.953
zaf,sex_f,age_10yrbands_y15_24,mts_details_total,2017,157.862
zaf,sex_f,age_10yrbands_y15_24,mts_details_total,2018,157.603
zaf,sex_f,age_10yrbands_y15_24,mts_details_total,2019,145.976
zaf,sex_f,age_10yrbands_y15_24,mts_details_total,2020,110.426
zaf,sex_f,age_10yrbands_y15_24,mts_details_total,2021,95.095
zaf,sex_f,age_10yrbands_y15_24,mts_details_total,2022,118.954
zaf,sex_f,age_10yrbands_y15_24,mts_details_total,2023,147.034
zaf,sex_f,age_10yrbands_y15_24,mts_details_total,2024,154.215
zaf,sex_f,age_10yrbands_y15_24,mts_details_union,2000,14.18
zaf,sex_f,age_10yrbands_y15_24,mts_details_union,2001,1.146
zaf,sex_f,age_10yrbands_y15_24,mts_details_union,2004,8.678
zaf,sex_f,age_10yrbands_y15_24,mts_details_union,2005,11.671
zaf,sex_f,age_10yrbands_y15_24,mts_details_union,2006,15.735
zaf,sex_f,age_10yrbands_y15_24,mts_details_union,2007,17.073
zaf,sex_f,age_10yrbands_y15_24,mts_details_union,2008,29.037
zaf,sex_f,age_10yrbands_y15_24,mts_details_union,2009,21.727
zaf,sex_f,age_10yrbands_y15_24,mts_details_union,2010,24.178
zaf,sex_f,age_10yrbands_y15_24,mts_details_union,2011,22.02
zaf,sex_f,age_10yrbands_y15_24,mts_details_union,2012,19.658
zaf,sex_f,age_10yrbands_y15_24,mts_details_union,2013,21.842
zaf,sex_f,age_10yrbands_y15_24,mts_details_union,2014,21.353
zaf,sex_f,age_10yrbands_y15_24,mts_details_union,2015,17.787
zaf,sex_f,age_10yrbands_y15_24,mts_details_union,2016,22.333
zaf,sex_f,age_10yrbands_y15_24,mts_details_union,2017,19.152
zaf,sex_f,age_10yrbands_y15_24,mts_details_union,2018,18.967
zaf,sex_f,age_10yrbands_y15_24,mts_details_union,2019,15.809
zaf,sex_f,age_10yrbands_y15_24,mts_details_union,2020,11.999
zaf,sex_f,age_10yrbands_y15_24,mts_details_union,2021,15.393
zaf,sex_f,age_10yrbands_y15_24,mts_details_union,2022,14.944
zaf,sex_f,age_10yrbands_y15_24,mts_details_union,2023,21.602
zaf,sex_f,age_10yrbands_y15_24,mts_details_union,2024,17.496
zaf,sex_f,age_10yrbands_y25_34,mts_aggregate_1,2000,94.054
zaf,sex_f,age_10yrbands_y25_34,mts_aggregate_1,2001,165.307
zaf,sex_f,age_10yrbands_y25_34,mts_aggregate_1,2002,111.122
zaf,sex_f,age_10yrbands_y25_34,mts_aggregate_1,2003,114.518
zaf,sex_f,age_10yrbands_y25_34,mts_aggregate_1,2004,102.022
zaf,sex_f,age_10yrbands_y25_34,mts_aggregate_1,2005,141.707
zaf,sex_f,age_10yrbands_y25_34,mts_aggregate_1,2006,135.027
zaf,sex_f,age_10yrbands_y25_34,mts_aggregate_1,2007,136.141
zaf,sex_f,age_10yrbands_y25_34,mts_aggregate_1,2008,363.225
zaf,sex_f,age_10yrbands_y25_34,mts_aggregate_1,2009,342.226
zaf,sex_f,age_10yrbands_y25_34,mts_aggregate_1,2010,324.536
zaf,sex_f,age_10yrbands_y25_34,mts_aggregate_1,2011,326.603
zaf,sex_f,age_10yrbands_y25_34,mts_aggregate_1,2012,321.438
zaf,sex_f,age_10yrbands_y25_34,mts_aggregate_1,2013,330.103
zaf,sex_f,age_10yrbands_y25_34,mts_aggregate_1,2014,332.645
zaf,sex_f,age_10yrbands_y25_34,mts_aggregate_1,2015,336.896
zaf,sex_f,age_10yrbands_y25_34,mts_aggregate_1,2016,327.476
zaf,sex_f,age_10yrbands_y25_34,mts_aggregate_1,2017,316.397
zaf,sex_f,age_10yrbands_y25_34,mts_aggregate_1,2018,347.784
zaf,sex_f,age_10yrbands_y25_34,mts_aggregate_1,2019,331.888
zaf,sex_f,age_10yrbands_y25_34,mts_aggregate_1,2020,278.325
zaf,sex_f,age_10yrbands_y25_34,mts_aggregate_1,2021,247.923
zaf,sex_f,age_10yrbands_y25_34,mts_aggregate_1,2022,323.311
zaf,sex_f,age_10yrbands_y25_34,mts_aggregate_1,2023,337.748
zaf,sex_f,age_10yrbands_y25_34,mts_aggregate_1,2024,349.667
zaf,sex_f,age_10yrbands_y25_34,mts_aggregate_2,2000,292.653
zaf,sex_f,age_10yrbands_y25_34,mts_aggregate_2,2001,190.185
zaf,sex_f,age_10yrbands_y25_34,mts_aggregate_2,2002,134.39
zaf,sex_f,age_10yrbands_y25_34,mts_aggregate_2,2003,127.039
zaf,sex_f,age_10yrbands_y25_34,mts_aggregate_2,2004,117.299
zaf,sex_f,age_10yrbands_y25_34,mts_aggregate_2,2005,130.488
zaf,sex_f,age_10yrbands_y25_34,mts_aggregate_2,2006,133.456
zaf,sex_f,age_10yrbands_y25_34,mts_aggregate_2,2007,113.169
zaf,sex_f,age_10yrbands_y25_34,mts_aggregate_2,2008,263.036
zaf,sex_f,age_10yrbands_y25_34,mts_aggregate_2,2009,239.874
zaf,sex_f,age_10yrbands_y25_34,mts_aggregate_2,2010,240.718
zaf,sex_f,age_10yrbands_y25_34,mts_aggregate_2,2011,203.745
zaf,sex_f,age_10yrbands_y25_34,mts_aggregate_2,2012,203.187
zaf,sex_f,age_10yrbands_y25_34,mts_aggregate_2,2013,192.812
zaf,sex_f,age_10yrbands_y25_34,mts_aggregate_2,2014,184.738
zaf,sex_f,age_10yrbands_y25_34,mts_aggregate_2,2015,230.264
zaf,sex_f,age_10yrbands_y25_34,mts_aggregate_2,2016,205.192
zaf,sex_f,age_10yrbands_y25_34,mts_aggregate_2,2017,211.231
zaf,sex_f,age_10yrbands_y25_34,mts_aggregate_2,2018,215.275
zaf,sex_f,age_10yrbands_y25_34,mts_aggregate_2,2019,218.768
zaf,sex_f,age_10yrbands_y25_34,mts_aggregate_2,2020,164.824
zaf,sex_f,age_10yrbands_y25_34,mts_aggregate_2,2021,169.875
zaf,sex_f,age_10yrbands_y25_34,mts_aggregate_2,2022,174.09
zaf,sex_f,age_10yrbands_y25_34,mts_aggregate_2,2023,166.452
zaf,sex_f,age_10yrbands_y25_34,mts_aggregate_2,2024,185.742
zaf,sex_f,age_10yrbands_y25_34,mts_aggregate_total,2000,386.707
zaf,sex_f,age_10yrbands_y25_34,mts_aggregate_total,2001,355.662
zaf,sex_f,age_10yrbands_y25_34,mts_aggregate_total,2002,245.511
zaf,sex_f,age_10yrbands_y25_34,mts_aggregate_total,2003,241.558
zaf,sex_f,age_10yrbands_y25_34,mts_aggregate_total,2004,219.321
zaf,sex_f,age_10yrbands_y25_34,mts_aggregate_total,2005,272.195
zaf,sex_f,age_10yrbands_y25_34,mts_aggregate_total,2006,268.482
zaf,sex_f,age_10yrbands_y25_34,mts_aggregate_total,2007,249.31
zaf,sex_f,age_10yrbands_y25_34,mts_aggregate_total,2008,626.262
zaf,sex_f,age_10yrbands_y25_34,mts_aggregate_total,2009,582.1
zaf,sex_f,age_10yrbands_y25_34,mts_aggregate_total,2010,565.254
zaf,sex_f,age_10yrbands_y25_34,mts_aggregate_total,2011,530.348
zaf,sex_f,age_10yrbands_y25_34,mts_aggregate_total,2012,524.625
zaf,sex_f,age_10yrbands_y25_34,mts_aggregate_total,2013,522.915
zaf,sex_f,age_10yrbands_y25_34,mts_aggregate_total,2014,517.383
zaf,sex_f,age_10yrbands_y25_34,mts_aggregate_total,2015,567.16
zaf,sex_f,age_10yrbands_y25_34,mts_aggregate_total,2016,532.668
zaf,sex_f,age_10yrbands_y25_34,mts_aggregate_total,2017,527.628
zaf,sex_f,age_10yrbands_y25_34,mts_aggregate_total,2018,563.06
zaf,sex_f,age_10yrbands_y25_34,mts_aggregate_total,2019,550.656
zaf,sex_f,age_10yrbands_y25_34,mts_aggregate_total,2020,443.148
zaf,sex_f,age_10yrbands_y25_34,mts_aggregate_total,2021,417.798
zaf,sex_f,age_10yrbands_y25_34,mts_aggregate_total,2022,497.401
zaf,sex_f,age_10yrbands_y25_34,mts_aggregate_total,2023,504.199
zaf,sex_f,age_10yrbands_y25_34,mts_aggregate_total,2024,535.409
zaf,sex_f,age_10yrbands_y25_34,mts_details_mrd,2000,189.791
zaf,sex_f,age_10yrbands_y25_34,mts_details_mrd,2001,180.845
zaf,sex_f,age_10yrbands_y25_34,mts_details_mrd,2002,127.583
zaf,sex_f,age_10yrbands_y25_34,mts_details_mrd,2003,120.041
zaf,sex_f,age_10yrbands_y25_34,mts_details_mrd,2004,94.272
zaf,sex_f,age_10yrbands_y25_34,mts_details_mrd,2005,77.179
zaf,sex_f,age_10yrbands_y25_34,mts_details_mrd,2006,89.065
zaf,sex_f,age_10yrbands_y25_34,mts_details_mrd,2007,78.543
zaf,sex_f,age_10yrbands_y25_34,mts_details_mrd,2008,143.713
zaf,sex_f,age_10yrbands_y25_34,mts_details_mrd,2009,128.553
zaf,sex_f,age_10yrbands_y25_34,mts_details_mrd,2010,132.424
zaf,sex_f,age_10yrbands_y25_34,mts_details_mrd,2011,100.529
zaf,sex_f,age_10yrbands_y25_34,mts_details_mrd,2012,109.233
zaf,sex_f,age_10yrbands_y25_34,mts_details_mrd,2013,98.653
zaf,sex_f,age_10yrbands_y25_34,mts_details_mrd,2014,106.629
zaf,sex_f,age_10yrbands_y25_34,mts_details_mrd,2015,125.74
zaf,sex_f,age_10yrbands_y25_34,mts_details_mrd,2016,109.026
zaf,sex_f,age_10yrbands_y25_34,mts_details_mrd,2017,116.737
zaf,sex_f,age_10yrbands_y25_34,mts_details_mrd,2018,117.872
zaf,sex_f,age_10yrbands_y25_34,mts_details_mrd,2019,118.831
zaf,sex_f,age_10yrbands_y25_34,mts_details_mrd,2020,80.249
zaf,sex_f,age_10yrbands_y25_34,mts_details_mrd,2021,81.958
zaf,sex_f,age_10yrbands_y25_34,mts_details_mrd,2022,90.959
zaf,sex_f,age_10yrbands_y25_34,mts_details_mrd,2023,91.809
zaf,sex_f,age_10yrbands_y25_34,mts_details_mrd,2024,109.162
zaf,sex_f,age_10yrbands_y25_34,mts_details_sep,2000,84.19
zaf,sex_f,age_10yrbands_y25_34,mts_details_sep,2001,156.712
zaf,sex_f,age_10yrbands_y25_34,mts_details_sep,2002,102.526
zaf,sex_f,age_10yrbands_y25_34,mts_details_sep,2003,102.65
zaf,sex_f,age_10yrbands_y25_34,mts_details_sep,2004,47.435
zaf,sex_f,age_10yrbands_y25_34,mts_details_sep,2005,6.207
zaf,sex_f,age_10yrbands_y25_34,mts_details_sep,2006,3.982
zaf,sex_f,age_10yrbands_y25_34,mts_details_sep,2007,4.539
zaf,sex_f,age_10yrbands_y25_34,mts_details_sep,2008,10.859
zaf,sex_f,age_10yrbands_y25_34,mts_details_sep,2009,7.5
zaf,sex_f,age_10yrbands_y25_34,mts_details_sep,2010,6.489
zaf,sex_f,age_10yrbands_y25_34,mts_details_sep,2011,6.363
zaf,sex_f,age_10yrbands_y25_34,mts_details_sep,2012,8.322
zaf,sex_f,age_10yrbands_y25_34,mts_details_sep,2013,9.071
zaf,sex_f,age_10yrbands_y25_34,mts_details_sep,2014,7.514
zaf,sex_f,age_10yrbands_y25_34,mts_details_sep,2015,6.087
zaf,sex_f,age_10yrbands_y25_34,mts_details_sep,2016,7.914
zaf,sex_f,age_10yrbands_y25_34,mts_details_sep,2017,5.394
zaf,sex_f,age_10yrbands_y25_34,mts_details_sep,2018,3.888
zaf,sex_f,age_10yrbands_y25_34,mts_details_sep,2019,3.545
zaf,sex_f,age_10yrbands_y25_34,mts_details_sep,2020,4.743
zaf,sex_f,age_10yrbands_y25_34,mts_details_sep,2021,6.565
zaf,sex_f,age_10yrbands_y25_34,mts_details_sep,2022,2.928
zaf,sex_f,age_10yrbands_y25_34,mts_details_sep,2023,5.561
zaf,sex_f,age_10yrbands_y25_34,mts_details_sep,2024,4.245
zaf,sex_f,age_10yrbands_y25_34,mts_details_sgle,2004,49.145
zaf,sex_f,age_10yrbands_y25_34,mts_details_sgle,2005,131.192
zaf,sex_f,age_10yrbands_y25_34,mts_details_sgle,2006,123.367
zaf,sex_f,age_10yrbands_y25_34,mts_details_sgle,2007,127.185
zaf,sex_f,age_10yrbands_y25_34,mts_details_sgle,2008,344.597
zaf,sex_f,age_10yrbands_y25_34,mts_details_sgle,2009,327.58
zaf,sex_f,age_10yrbands_y25_34,mts_details_sgle,2010,312.735
zaf,sex_f,age_10yrbands_y25_34,mts_details_sgle,2011,316.3
zaf,sex_f,age_10yrbands_y25_34,mts_details_sgle,2012,309.938
zaf,sex_f,age_10yrbands_y25_34,mts_details_sgle,2013,318.144
zaf,sex_f,age_10yrbands_y25_34,mts_details_sgle,2014,320.935
zaf,sex_f,age_10yrbands_y25_34,mts_details_sgle,2015,328.543
zaf,sex_f,age_10yrbands_y25_34,mts_details_sgle,2016,316.813
zaf,sex_f,age_10yrbands_y25_34,mts_details_sgle,2017,307.477
zaf,sex_f,age_10yrbands_y25_34,mts_details_sgle,2018,340.579
zaf,sex_f,age_10yrbands_y25_34,mts_details_sgle,2019,327.166
zaf,sex_f,age_10yrbands_y25_34,mts_details_sgle,2020,272.569
zaf,sex_f,age_10yrbands_y25_34,mts_details_sgle,2021,239.414
zaf,sex_f,age_10yrbands_y25_34,mts_details_sgle,2022,318.726
zaf,sex_f,age_10yrbands_y25_34,mts_details_sgle,2023,328.825
zaf,sex_f,age_10yrbands_y25_34,mts_details_sgle,2024,344.035
zaf,sex_f,age_10yrbands_y25_34,mts_details_total,2000,386.707
zaf,sex_f,age_10yrbands_y25_34,mts_details_total,2001,355.662
zaf,sex_f,age_10yrbands_y25_34,mts_details_total,2002,245.511
zaf,sex_f,age_10yrbands_y25_34,mts_details_total,2003,241.558
zaf,sex_f,age_10yrbands_y25_34,mts_details_total,2004,219.321
zaf,sex_f,age_10yrbands_y25_34,mts_details_total,2005,272.195
zaf,sex_f,age_10yrbands_y25_34,mts_details_total,2006,268.482
zaf,sex_f,age_10yrbands_y25_34,mts_details_total,2007,249.31
zaf,sex_f,age_10yrbands_y25_34,mts_details_total,2008,626.262
zaf,sex_f,age_10yrbands_y25_34,mts_details_total,2009,582.1
zaf,sex_f,age_10yrbands_y25_34,mts_details_total,2010,565.254
zaf,sex_f,age_10yrbands_y25_34,mts_details_total,2011,530.348
zaf,sex_f,age_10yrbands_y25_34,mts_details_total,2012,524.625
zaf,sex_f,age_10yrbands_y25_34,mts_details_total,2013,522.915
zaf,sex_f,age_10yrbands_y25_34,mts_details_total,2014,517.383
zaf,sex_f,age_10yrbands_y25_34,mts_details_total,2015,567.16
zaf,sex_f,age_10yrbands_y25_34,mts_details_total,2016,532.668
zaf,sex_f,age_10yrbands_y25_34,mts_details_total,2017,527.628
zaf,sex_f,age_10yrbands_y25_34,mts_details_total,2018,563.06
zaf,sex_f,age_10yrbands_y25_34,mts_details_total,2019,550.656
zaf,sex_f,age_10yrbands_y25_34,mts_details_total,2020,443.148
zaf,sex_f,age_10yrbands_y25_34,mts_details_total,2021,417.798
zaf,sex_f,age_10yrbands_y25_34,mts_details_total,2022,497.401
zaf,sex_f,age_10yrbands_y25_34,mts_details_total,2023,504.199
zaf,sex_f,age_10yrbands_y25_34,mts_details_total,2024,535.409
zaf,sex_f,age_10yrbands_y25_34,mts_details_union,2000,102.862
zaf,sex_f,age_10yrbands_y25_34,mts_details_union,2001,9.339
zaf,sex_f,age_10yrbands_y25_34,mts_details_union,2002,6.807
zaf,sex_f,age_10yrbands_y25_34,mts_details_union,2003,6.999
zaf,sex_f,age_10yrbands_y25_34,mts_details_union,2004,23.027
zaf,sex_f,age_10yrbands_y25_34,mts_details_union,2005,53.309
zaf,sex_f,age_10yrbands_y25_34,mts_details_union,2006,44.39
zaf,sex_f,age_10yrbands_y25_34,mts_details_union,2007,34.626
zaf,sex_f,age_10yrbands_y25_34,mts_details_union,2008,119.323
zaf,sex_f,age_10yrbands_y25_34,mts_details_union,2009,111.321
zaf,sex_f,age_10yrbands_y25_34,mts_details_union,2010,108.293
zaf,sex_f,age_10yrbands_y25_34,mts_details_union,2011,103.216
zaf,sex_f,age_10yrbands_y25_34,mts_details_union,2012,93.954
zaf,sex_f,age_10yrbands_y25_34,mts_details_union,2013,94.159
zaf,sex_f,age_10yrbands_y25_34,mts_details_union,2014,78.108
zaf,sex_f,age_10yrbands_y25_34,mts_details_union,2015,104.524
zaf,sex_f,age_10yrbands_y25_34,mts_details_union,2016,96.166
zaf,sex_f,age_10yrbands_y25_34,mts_details_union,2017,94.494
zaf,sex_f,age_10yrbands_y25_34,mts_details_union,2018,97.404
zaf,sex_f,age_10yrbands_y25_34,mts_details_union,2019,99.938
zaf,sex_f,age_10yrbands_y25_34,mts_details_union,2020,84.575
zaf,sex_f,age_10yrbands_y25_34,mts_details_union,2021,87.917
zaf,sex_f,age_10yrbands_y25_34,mts_details_union,2022,83.132
zaf,sex_f,age_10yrbands_y25_34,mts_details_union,2023,74.642
zaf,sex_f,age_10yrbands_y25_34,mts_details_union,2024,76.58
zaf,sex_f,age_10yrbands_y25_34,mts_details_wid,2000,9.864
zaf,sex_f,age_10yrbands_y25_34,mts_details_wid,2001,8.595
zaf,sex_f,age_10yrbands_y25_34,mts_details_wid,2002,8.596
zaf,sex_f,age_10yrbands_y25_34,mts_details_wid,2003,11.868
zaf,sex_f,age_10yrbands_y25_34,mts_details_wid,2004,5.442
zaf,sex_f,age_10yrbands_y25_34,mts_details_wid,2005,4.308
zaf,sex_f,age_10yrbands_y25_34,mts_details_wid,2006,7.678
zaf,sex_f,age_10yrbands_y25_34,mts_details_wid,2007,4.417
zaf,sex_f,age_10yrbands_y25_34,mts_details_wid,2008,7.769
zaf,sex_f,age_10yrbands_y25_34,mts_details_wid,2009,7.147
zaf,sex_f,age_10yrbands_y25_34,mts_details_wid,2010,5.312
zaf,sex_f,age_10yrbands_y25_34,mts_details_wid,2011,3.939
zaf,sex_f,age_10yrbands_y25_34,mts_details_wid,2012,3.178
zaf,sex_f,age_10yrbands_y25_34,mts_details_wid,2013,2.887
zaf,sex_f,age_10yrbands_y25_34,mts_details_wid,2014,4.197
zaf,sex_f,age_10yrbands_y25_34,mts_details_wid,2015,2.266
zaf,sex_f,age_10yrbands_y25_34,mts_details_wid,2016,2.749
zaf,sex_f,age_10yrbands_y25_34,mts_details_wid,2017,3.526
zaf,sex_f,age_10yrbands_y25_34,mts_details_wid,2018,3.318
zaf,sex_f,age_10yrbands_y25_34,mts_details_wid,2019,1.176
zaf,sex_f,age_10yrbands_y25_34,mts_details_wid,2020,1.013
zaf,sex_f,age_10yrbands_y25_34,mts_details_wid,2021,1.944
zaf,sex_f,age_10yrbands_y25_34,mts_details_wid,2022,1.657
zaf,sex_f,age_10yrbands_y25_34,mts_details_wid,2023,3.361
zaf,sex_f,age_10yrbands_y25_34,mts_details_wid,2024,1.386
zaf,sex_f,age_10yrbands_y35_44,mts_aggregate_1,2000,90.154
zaf,sex_f,age_10yrbands_y35_44,mts_aggregate_1,2001,105.405
zaf,sex_f,age_10yrbands_y35_44,mts_aggregate_1,2002,73.997
zaf,sex_f,age_10yrbands_y35_44,mts_aggregate_1,2003,80.37
zaf,sex_f,age_10yrbands_y35_44,mts_aggregate_1,2004,97.961
zaf,sex_f,age_10yrbands_y35_44,mts_aggregate_1,2005,120.191
zaf,sex_f,age_10yrbands_y35_44,mts_aggregate_1,2006,125.768
zaf,sex_f,age_10yrbands_y35_44,mts_aggregate_1,2007,125.188
zaf,sex_f,age_10yrbands_y35_44,mts_aggregate_1,2008,295.218
zaf,sex_f,age_10yrbands_y35_44,mts_aggregate_1,2009,301.187
zaf,sex_f,age_10yrbands_y35_44,mts_aggregate_1,2010,280.474
zaf,sex_f,age_10yrbands_y35_44,mts_aggregate_1,2011,290.046
zaf,sex_f,age_10yrbands_y35_44,mts_aggregate_1,2012,280.686
zaf,sex_f,age_10yrbands_y35_44,mts_aggregate_1,2013,307.5
zaf,sex_f,age_10yrbands_y35_44,mts_aggregate_1,2014,295.272
zaf,sex_f,age_10yrbands_y35_44,mts_aggregate_1,2015,328.861
zaf,sex_f,age_10yrbands_y35_44,mts_aggregate_1,2016,312.321
zaf,sex_f,age_10yrbands_y35_44,mts_aggregate_1,2017,355.287
zaf,sex_f,age_10yrbands_y35_44,mts_aggregate_1,2018,344.604
zaf,sex_f,age_10yrbands_y35_44,mts_aggregate_1,2019,320.465
zaf,sex_f,age_10yrbands_y35_44,mts_aggregate_1,2020,261.993
zaf,sex_f,age_10yrbands_y35_44,mts_aggregate_1,2021,270.254
zaf,sex_f,age_10yrbands_y35_44,mts_aggregate_1,2022,289.328
zaf,sex_f,age_10yrbands_y35_44,mts_aggregate_1,2023,332.747
zaf,sex_f,age_10yrbands_y35_44,mts_aggregate_1,2024,367.569
zaf,sex_f,age_10yrbands_y35_44,mts_aggregate_2,2000,282.762
zaf,sex_f,age_10yrbands_y35_44,mts_aggregate_2,2001,238.287
zaf,sex_f,age_10yrbands_y35_44,mts_aggregate_2,2002,164.35
zaf,sex_f,age_10yrbands_y35_44,mts_aggregate_2,2003,177.691
zaf,sex_f,age_10yrbands_y35_44,mts_aggregate_2,2004,146.727
zaf,sex_f,age_10yrbands_y35_44,mts_aggregate_2,2005,161.946
zaf,sex_f,age_10yrbands_y35_44,mts_aggregate_2,2006,129.951
zaf,sex_f,age_10yrbands_y35_44,mts_aggregate_2,2007,130.905
zaf,sex_f,age_10yrbands_y35_44,mts_aggregate_2,2008,309.711
zaf,sex_f,age_10yrbands_y35_44,mts_aggregate_2,2009,315.257
zaf,sex_f,age_10yrbands_y35_44,mts_aggregate_2,2010,287.2
zaf,sex_f,age_10yrbands_y35_44,mts_aggregate_2,2011,258.175
zaf,sex_f,age_10yrbands_y35_44,mts_aggregate_2,2012,265.318
zaf,sex_f,age_10yrbands_y35_44,mts_aggregate_2,2013,282.834
zaf,sex_f,age_10yrbands_y35_44,mts_aggregate_2,2014,274.113
zaf,sex_f,age_10yrbands_y35_44,mts_aggregate_2,2015,288.166
zaf,sex_f,age_10yrbands_y35_44,mts_aggregate_2,2016,290.519
zaf,sex_f,age_10yrbands_y35_44,mts_aggregate_2,2017,293.511
zaf,sex_f,age_10yrbands_y35_44,mts_aggregate_2,2018,292.28
zaf,sex_f,age_10yrbands_y35_44,mts_aggregate_2,2019,300.707
zaf,sex_f,age_10yrbands_y35_44,mts_aggregate_2,2020,254.835
zaf,sex_f,age_10yrbands_y35_44,mts_aggregate_2,2021,229.35
zaf,sex_f,age_10yrbands_y35_44,mts_aggregate_2,2022,255.566
zaf,sex_f,age_10yrbands_y35_44,mts_aggregate_2,2023,257.754
zaf,sex_f,age_10yrbands_y35_44,mts_aggregate_2,2024,291.655
zaf,sex_f,age_10yrbands_y35_44,mts_aggregate_total,2000,372.916
zaf,sex_f,age_10yrbands_y35_44,mts_aggregate_total,2001,343.692
zaf,sex_f,age_10yrbands_y35_44,mts_aggregate_total,2002,238.347
zaf,sex_f,age_10yrbands_y35_44,mts_aggregate_total,2003,258.061
zaf,sex_f,age_10yrbands_y35_44,mts_aggregate_total,2004,244.688
zaf,sex_f,age_10yrbands_y35_44,mts_aggregate_total,2005,282.137
zaf,sex_f,age_10yrbands_y35_44,mts_aggregate_total,2006,255.719
zaf,sex_f,age_10yrbands_y35_44,mts_aggregate_total,2007,256.379
zaf,sex_f,age_10yrbands_y35_44,mts_aggregate_total,2008,604.928
zaf,sex_f,age_10yrbands_y35_44,mts_aggregate_total,2009,616.444
zaf,sex_f,age_10yrbands_y35_44,mts_aggregate_total,2010,567.674
zaf,sex_f,age_10yrbands_y35_44,mts_aggregate_total,2011,548.22
zaf,sex_f,age_10yrbands_y35_44,mts_aggregate_total,2012,546.004
zaf,sex_f,age_10yrbands_y35_44,mts_aggregate_total,2013,590.333
zaf,sex_f,age_10yrbands_y35_44,mts_aggregate_total,2014,569.385
zaf,sex_f,age_10yrbands_y35_44,mts_aggregate_total,2015,617.028
zaf,sex_f,age_10yrbands_y35_44,mts_aggregate_total,2016,602.84
zaf,sex_f,age_10yrbands_y35_44,mts_aggregate_total,2017,648.797
zaf,sex_f,age_10yrbands_y35_44,mts_aggregate_total,2018,636.884
zaf,sex_f,age_10yrbands_y35_44,mts_aggregate_total,2019,621.172
zaf,sex_f,age_10yrbands_y35_44,mts_aggregate_total,2020,516.828
zaf,sex_f,age_10yrbands_y35_44,mts_aggregate_total,2021,499.604
zaf,sex_f,age_10yrbands_y35_44,mts_aggregate_total,2022,544.894
zaf,sex_f,age_10yrbands_y35_44,mts_aggregate_total,2023,590.501
zaf,sex_f,age_10yrbands_y35_44,mts_aggregate_total,2024,659.224
zaf,sex_f,age_10yrbands_y35_44,mts_details_mrd,2000,159.498
zaf,sex_f,age_10yrbands_y35_44,mts_details_mrd,2001,207.994
zaf,sex_f,age_10yrbands_y35_44,mts_details_mrd,2002,140.178
zaf,sex_f,age_10yrbands_y35_44,mts_details_mrd,2003,153.658
zaf,sex_f,age_10yrbands_y35_44,mts_details_mrd,2004,127.358
zaf,sex_f,age_10yrbands_y35_44,mts_details_mrd,2005,128.627
zaf,sex_f,age_10yrbands_y35_44,mts_details_mrd,2006,102.019
zaf,sex_f,age_10yrbands_y35_44,mts_details_mrd,2007,100.29
zaf,sex_f,age_10yrbands_y35_44,mts_details_mrd,2008,222.225
zaf,sex_f,age_10yrbands_y35_44,mts_details_mrd,2009,221.185
zaf,sex_f,age_10yrbands_y35_44,mts_details_mrd,2010,211.143
zaf,sex_f,age_10yrbands_y35_44,mts_details_mrd,2011,194.145
zaf,sex_f,age_10yrbands_y35_44,mts_details_mrd,2012,188.773
zaf,sex_f,age_10yrbands_y35_44,mts_details_mrd,2013,207.937
zaf,sex_f,age_10yrbands_y35_44,mts_details_mrd,2014,195.366
zaf,sex_f,age_10yrbands_y35_44,mts_details_mrd,2015,194.599
zaf,sex_f,age_10yrbands_y35_44,mts_details_mrd,2016,202.672
zaf,sex_f,age_10yrbands_y35_44,mts_details_mrd,2017,191.812
zaf,sex_f,age_10yrbands_y35_44,mts_details_mrd,2018,189.871
zaf,sex_f,age_10yrbands_y35_44,mts_details_mrd,2019,206.154
zaf,sex_f,age_10yrbands_y35_44,mts_details_mrd,2020,166.067
zaf,sex_f,age_10yrbands_y35_44,mts_details_mrd,2021,155.086
zaf,sex_f,age_10yrbands_y35_44,mts_details_mrd,2022,172.27
zaf,sex_f,age_10yrbands_y35_44,mts_details_mrd,2023,181.189
zaf,sex_f,age_10yrbands_y35_44,mts_details_mrd,2024,186.606
zaf,sex_f,age_10yrbands_y35_44,mts_details_sep,2000,60.556
zaf,sex_f,age_10yrbands_y35_44,mts_details_sep,2001,81.967
zaf,sex_f,age_10yrbands_y35_44,mts_details_sep,2002,54.549
zaf,sex_f,age_10yrbands_y35_44,mts_details_sep,2003,62.041
zaf,sex_f,age_10yrbands_y35_44,mts_details_sep,2004,41.228
zaf,sex_f,age_10yrbands_y35_44,mts_details_sep,2005,24.587
zaf,sex_f,age_10yrbands_y35_44,mts_details_sep,2006,19.512
zaf,sex_f,age_10yrbands_y35_44,mts_details_sep,2007,16.403
zaf,sex_f,age_10yrbands_y35_44,mts_details_sep,2008,31.452
zaf,sex_f,age_10yrbands_y35_44,mts_details_sep,2009,30.075
zaf,sex_f,age_10yrbands_y35_44,mts_details_sep,2010,25.922
zaf,sex_f,age_10yrbands_y35_44,mts_details_sep,2011,21.959
zaf,sex_f,age_10yrbands_y35_44,mts_details_sep,2012,31.051
zaf,sex_f,age_10yrbands_y35_44,mts_details_sep,2013,25.712
zaf,sex_f,age_10yrbands_y35_44,mts_details_sep,2014,21.714
zaf,sex_f,age_10yrbands_y35_44,mts_details_sep,2015,23.032
zaf,sex_f,age_10yrbands_y35_44,mts_details_sep,2016,21.099
zaf,sex_f,age_10yrbands_y35_44,mts_details_sep,2017,18.351
zaf,sex_f,age_10yrbands_y35_44,mts_details_sep,2018,14.303
zaf,sex_f,age_10yrbands_y35_44,mts_details_sep,2019,17.816
zaf,sex_f,age_10yrbands_y35_44,mts_details_sep,2020,14.624
zaf,sex_f,age_10yrbands_y35_44,mts_details_sep,2021,10.973
zaf,sex_f,age_10yrbands_y35_44,mts_details_sep,2022,13.268
zaf,sex_f,age_10yrbands_y35_44,mts_details_sep,2023,22.54
zaf,sex_f,age_10yrbands_y35_44,mts_details_sep,2024,19.036
zaf,sex_f,age_10yrbands_y35_44,mts_details_sgle,2004,27.654
zaf,sex_f,age_10yrbands_y35_44,mts_details_sgle,2005,72.67
zaf,sex_f,age_10yrbands_y35_44,mts_details_sgle,2006,84.542
zaf,sex_f,age_10yrbands_y35_44,mts_details_sgle,2007,89.578
zaf,sex_f,age_10yrbands_y35_44,mts_details_sgle,2008,226.842
zaf,sex_f,age_10yrbands_y35_44,mts_details_sgle,2009,236.695
zaf,sex_f,age_10yrbands_y35_44,mts_details_sgle,2010,211.387
zaf,sex_f,age_10yrbands_y35_44,mts_details_sgle,2011,235.318
zaf,sex_f,age_10yrbands_y35_44,mts_details_sgle,2012,215.816
zaf,sex_f,age_10yrbands_y35_44,mts_details_sgle,2013,249.57
zaf,sex_f,age_10yrbands_y35_44,mts_details_sgle,2014,251.638
zaf,sex_f,age_10yrbands_y35_44,mts_details_sgle,2015,279.348
zaf,sex_f,age_10yrbands_y35_44,mts_details_sgle,2016,272.61
zaf,sex_f,age_10yrbands_y35_44,mts_details_sgle,2017,312.127
zaf,sex_f,age_10yrbands_y35_44,mts_details_sgle,2018,304.742
zaf,sex_f,age_10yrbands_y35_44,mts_details_sgle,2019,283.226
zaf,sex_f,age_10yrbands_y35_44,mts_details_sgle,2020,235.231
zaf,sex_f,age_10yrbands_y35_44,mts_details_sgle,2021,245.527
zaf,sex_f,age_10yrbands_y35_44,mts_details_sgle,2022,267.763
zaf,sex_f,age_10yrbands_y35_44,mts_details_sgle,2023,299.024
zaf,sex_f,age_10yrbands_y35_44,mts_details_sgle,2024,339.161
zaf,sex_f,age_10yrbands_y35_44,mts_details_total,2000,372.916
zaf,sex_f,age_10yrbands_y35_44,mts_details_total,2001,343.692
zaf,sex_f,age_10yrbands_y35_44,mts_details_total,2002,238.347
zaf,sex_f,age_10yrbands_y35_44,mts_details_total,2003,258.061
zaf,sex_f,age_10yrbands_y35_44,mts_details_total,2004,244.688
zaf,sex_f,age_10yrbands_y35_44,mts_details_total,2005,282.137
zaf,sex_f,age_10yrbands_y35_44,mts_details_total,2006,255.719
zaf,sex_f,age_10yrbands_y35_44,mts_details_total,2007,256.379
zaf,sex_f,age_10yrbands_y35_44,mts_details_total,2008,604.928
zaf,sex_f,age_10yrbands_y35_44,mts_details_total,2009,616.444
zaf,sex_f,age_10yrbands_y35_44,mts_details_total,2010,567.674
zaf,sex_f,age_10yrbands_y35_44,mts_details_total,2011,548.22
zaf,sex_f,age_10yrbands_y35_44,mts_details_total,2012,546.004
zaf,sex_f,age_10yrbands_y35_44,mts_details_total,2013,590.333
zaf,sex_f,age_10yrbands_y35_44,mts_details_total,2014,569.385
zaf,sex_f,age_10yrbands_y35_44,mts_details_total,2015,617.028
zaf,sex_f,age_10yrbands_y35_44,mts_details_total,2016,602.84
zaf,sex_f,age_10yrbands_y35_44,mts_details_total,2017,648.797
zaf,sex_f,age_10yrbands_y35_44,mts_details_total,2018,636.884
zaf,sex_f,age_10yrbands_y35_44,mts_details_total,2019,621.172
zaf,sex_f,age_10yrbands_y35_44,mts_details_total,2020,516.828
zaf,sex_f,age_10yrbands_y35_44,mts_details_total,2021,499.604
zaf,sex_f,age_10yrbands_y35_44,mts_details_total,2022,544.894
zaf,sex_f,age_10yrbands_y35_44,mts_details_total,2023,590.501
zaf,sex_f,age_10yrbands_y35_44,mts_details_total,2024,659.224
zaf,sex_f,age_10yrbands_y35_44,mts_details_union,2000,123.264
zaf,sex_f,age_10yrbands_y35_44,mts_details_union,2001,30.292
zaf,sex_f,age_10yrbands_y35_44,mts_details_union,2002,24.171
zaf,sex_f,age_10yrbands_y35_44,mts_details_union,2003,24.034
zaf,sex_f,age_10yrbands_y35_44,mts_details_union,2004,19.369
zaf,sex_f,age_10yrbands_y35_44,mts_details_union,2005,33.318
zaf,sex_f,age_10yrbands_y35_44,mts_details_union,2006,27.932
zaf,sex_f,age_10yrbands_y35_44,mts_details_union,2007,30.615
zaf,sex_f,age_10yrbands_y35_44,mts_details_union,2008,87.486
zaf,sex_f,age_10yrbands_y35_44,mts_details_union,2009,94.072
zaf,sex_f,age_10yrbands_y35_44,mts_details_union,2010,76.057
zaf,sex_f,age_10yrbands_y35_44,mts_details_union,2011,64.03
zaf,sex_f,age_10yrbands_y35_44,mts_details_union,2012,76.545
zaf,sex_f,age_10yrbands_y35_44,mts_details_union,2013,74.896
zaf,sex_f,age_10yrbands_y35_44,mts_details_union,2014,78.748
zaf,sex_f,age_10yrbands_y35_44,mts_details_union,2015,93.568
zaf,sex_f,age_10yrbands_y35_44,mts_details_union,2016,87.847
zaf,sex_f,age_10yrbands_y35_44,mts_details_union,2017,101.699
zaf,sex_f,age_10yrbands_y35_44,mts_details_union,2018,102.408
zaf,sex_f,age_10yrbands_y35_44,mts_details_union,2019,94.553
zaf,sex_f,age_10yrbands_y35_44,mts_details_union,2020,88.768
zaf,sex_f,age_10yrbands_y35_44,mts_details_union,2021,74.263
zaf,sex_f,age_10yrbands_y35_44,mts_details_union,2022,83.296
zaf,sex_f,age_10yrbands_y35_44,mts_details_union,2023,76.564
zaf,sex_f,age_10yrbands_y35_44,mts_details_union,2024,105.049
zaf,sex_f,age_10yrbands_y35_44,mts_details_wid,2000,29.597
zaf,sex_f,age_10yrbands_y35_44,mts_details_wid,2001,23.438
zaf,sex_f,age_10yrbands_y35_44,mts_details_wid,2002,19.448
zaf,sex_f,age_10yrbands_y35_44,mts_details_wid,2003,18.329
zaf,sex_f,age_10yrbands_y35_44,mts_details_wid,2004,29.079
zaf,sex_f,age_10yrbands_y35_44,mts_details_wid,2005,22.934
zaf,sex_f,age_10yrbands_y35_44,mts_details_wid,2006,21.714
zaf,sex_f,age_10yrbands_y35_44,mts_details_wid,2007,19.208
zaf,sex_f,age_10yrbands_y35_44,mts_details_wid,2008,36.924
zaf,sex_f,age_10yrbands_y35_44,mts_details_wid,2009,34.416
zaf,sex_f,age_10yrbands_y35_44,mts_details_wid,2010,43.165
zaf,sex_f,age_10yrbands_y35_44,mts_details_wid,2011,32.768
zaf,sex_f,age_10yrbands_y35_44,mts_details_wid,2012,33.819
zaf,sex_f,age_10yrbands_y35_44,mts_details_wid,2013,32.218
zaf,sex_f,age_10yrbands_y35_44,mts_details_wid,2014,21.92
zaf,sex_f,age_10yrbands_y35_44,mts_details_wid,2015,26.481
zaf,sex_f,age_10yrbands_y35_44,mts_details_wid,2016,18.612
zaf,sex_f,age_10yrbands_y35_44,mts_details_wid,2017,24.808
zaf,sex_f,age_10yrbands_y35_44,mts_details_wid,2018,25.559
zaf,sex_f,age_10yrbands_y35_44,mts_details_wid,2019,19.423
zaf,sex_f,age_10yrbands_y35_44,mts_details_wid,2020,12.138
zaf,sex_f,age_10yrbands_y35_44,mts_details_wid,2021,13.754
zaf,sex_f,age_10yrbands_y35_44,mts_details_wid,2022,8.298
zaf,sex_f,age_10yrbands_y35_44,mts_details_wid,2023,11.183
zaf,sex_f,age_10yrbands_y35_44,mts_details_wid,2024,9.372
zaf,sex_f,age_10yrbands_y45_54,mts_aggregate_1,2000,72.018
zaf,sex_f,age_10yrbands_y45_54,mts_aggregate_1,2001,56.792
zaf,sex_f,age_10yrbands_y45_54,mts_aggregate_1,2002,43.965
zaf,sex_f,age_10yrbands_y45_54,mts_aggregate_1,2003,55.661
zaf,sex_f,age_10yrbands_y45_54,mts_aggregate_1,2004,72.692
zaf,sex_f,age_10yrbands_y45_54,mts_aggregate_1,2005,101.226
zaf,sex_f,age_10yrbands_y45_54,mts_aggregate_1,2006,98.614
zaf,sex_f,age_10yrbands_y45_54,mts_aggregate_1,2007,103.628
zaf,sex_f,age_10yrbands_y45_54,mts_aggregate_1,2008,225.017
zaf,sex_f,age_10yrbands_y45_54,mts_aggregate_1,2009,222.406
zaf,sex_f,age_10yrbands_y45_54,mts_aggregate_1,2010,207.951
zaf,sex_f,age_10yrbands_y45_54,mts_aggregate_1,2011,212.361
zaf,sex_f,age_10yrbands_y45_54,mts_aggregate_1,2012,229.516
zaf,sex_f,age_10yrbands_y45_54,mts_aggregate_1,2013,225.482
zaf,sex_f,age_10yrbands_y45_54,mts_aggregate_1,2014,229.893
zaf,sex_f,age_10yrbands_y45_54,mts_aggregate_1,2015,256.151
zaf,sex_f,age_10yrbands_y45_54,mts_aggregate_1,2016,262.311
zaf,sex_f,age_10yrbands_y45_54,mts_aggregate_1,2017,282.046
zaf,sex_f,age_10yrbands_y45_54,mts_aggregate_1,2018,295.928
zaf,sex_f,age_10yrbands_y45_54,mts_aggregate_1,2019,310.344
zaf,sex_f,age_10yrbands_y45_54,mts_aggregate_1,2020,254.141
zaf,sex_f,age_10yrbands_y45_54,mts_aggregate_1,2021,270.001
zaf,sex_f,age_10yrbands_y45_54,mts_aggregate_1,2022,296.13
zaf,sex_f,age_10yrbands_y45_54,mts_aggregate_1,2023,287.122
zaf,sex_f,age_10yrbands_y45_54,mts_aggregate_1,2024,304.726
zaf,sex_f,age_10yrbands_y45_54,mts_aggregate_2,2000,190.421
zaf,sex_f,age_10yrbands_y45_54,mts_aggregate_2,2001,190.323
zaf,sex_f,age_10yrbands_y45_54,mts_aggregate_2,2002,119.365
zaf,sex_f,age_10yrbands_y45_54,mts_aggregate_2,2003,132.531
zaf,sex_f,age_10yrbands_y45_54,mts_aggregate_2,2004,115.65
zaf,sex_f,age_10yrbands_y45_54,mts_aggregate_2,2005,118.44
zaf,sex_f,age_10yrbands_y45_54,mts_aggregate_2,2006,114.36
zaf,sex_f,age_10yrbands_y45_54,mts_aggregate_2,2007,114.428
zaf,sex_f,age_10yrbands_y45_54,mts_aggregate_2,2008,229.696
zaf,sex_f,age_10yrbands_y45_54,mts_aggregate_2,2009,207.25
zaf,sex_f,age_10yrbands_y45_54,mts_aggregate_2,2010,202.036
zaf,sex_f,age_10yrbands_y45_54,mts_aggregate_2,2011,207.865
zaf,sex_f,age_10yrbands_y45_54,mts_aggregate_2,2012,204.84
zaf,sex_f,age_10yrbands_y45_54,mts_aggregate_2,2013,220.988
zaf,sex_f,age_10yrbands_y45_54,mts_aggregate_2,2014,215.372
zaf,sex_f,age_10yrbands_y45_54,mts_aggregate_2,2015,219.491
zaf,sex_f,age_10yrbands_y45_54,mts_aggregate_2,2016,233.933
zaf,sex_f,age_10yrbands_y45_54,mts_aggregate_2,2017,232.914
zaf,sex_f,age_10yrbands_y45_54,mts_aggregate_2,2018,246.482
zaf,sex_f,age_10yrbands_y45_54,mts_aggregate_2,2019,260.415
zaf,sex_f,age_10yrbands_y45_54,mts_aggregate_2,2020,203.351
zaf,sex_f,age_10yrbands_y45_54,mts_aggregate_2,2021,204.014
zaf,sex_f,age_10yrbands_y45_54,mts_aggregate_2,2022,199.918
zaf,sex_f,age_10yrbands_y45_54,mts_aggregate_2,2023,224.267
zaf,sex_f,age_10yrbands_y45_54,mts_aggregate_2,2024,239.092
zaf,sex_f,age_10yrbands_y45_54,mts_aggregate_total,2000,262.481
zaf,sex_f,age_10yrbands_y45_54,mts_aggregate_total,2001,247.315
zaf,sex_f,age_10yrbands_y45_54,mts_aggregate_total,2002,163.33
zaf,sex_f,age_10yrbands_y45_54,mts_aggregate_total,2003,188.192
zaf,sex_f,age_10yrbands_y45_54,mts_aggregate_total,2004,188.341
zaf,sex_f,age_10yrbands_y45_54,mts_aggregate_total,2005,219.815
zaf,sex_f,age_10yrbands_y45_54,mts_aggregate_total,2006,212.974
zaf,sex_f,age_10yrbands_y45_54,mts_aggregate_total,2007,218.056
zaf,sex_f,age_10yrbands_y45_54,mts_aggregate_total,2008,454.712
zaf,sex_f,age_10yrbands_y45_54,mts_aggregate_total,2009,429.656
zaf,sex_f,age_10yrbands_y45_54,mts_aggregate_total,2010,409.986
zaf,sex_f,age_10yrbands_y45_54,mts_aggregate_total,2011,420.226
zaf,sex_f,age_10yrbands_y45_54,mts_aggregate_total,2012,434.356
zaf,sex_f,age_10yrbands_y45_54,mts_aggregate_total,2013,446.47
zaf,sex_f,age_10yrbands_y45_54,mts_aggregate_total,2014,445.265
zaf,sex_f,age_10yrbands_y45_54,mts_aggregate_total,2015,475.642
zaf,sex_f,age_10yrbands_y45_54,mts_aggregate_total,2016,496.243
zaf,sex_f,age_10yrbands_y45_54,mts_aggregate_total,2017,514.961
zaf,sex_f,age_10yrbands_y45_54,mts_aggregate_total,2018,542.41
zaf,sex_f,age_10yrbands_y45_54,mts_aggregate_total,2019,570.76
zaf,sex_f,age_10yrbands_y45_54,mts_aggregate_total,2020,457.492
zaf,sex_f,age_10yrbands_y45_54,mts_aggregate_total,2021,474.015
zaf,sex_f,age_10yrbands_y45_54,mts_aggregate_total,2022,496.048
zaf,sex_f,age_10yrbands_y45_54,mts_aggregate_total,2023,511.388
zaf,sex_f,age_10yrbands_y45_54,mts_aggregate_total,2024,543.818
zaf,sex_f,age_10yrbands_y45_54,mts_details_mrd,2000,95.264
zaf,sex_f,age_10yrbands_y45_54,mts_details_mrd,2001,145.482
zaf,sex_f,age_10yrbands_y45_54,mts_details_mrd,2002,84.933
zaf,sex_f,age_10yrbands_y45_54,mts_details_mrd,2003,98.116
zaf,sex_f,age_10yrbands_y45_54,mts_details_mrd,2004,91.917
zaf,sex_f,age_10yrbands_y45_54,mts_details_mrd,2005,101.248
zaf,sex_f,age_10yrbands_y45_54,mts_details_mrd,2006,97.898
zaf,sex_f,age_10yrbands_y45_54,mts_details_mrd,2007,101.291
zaf,sex_f,age_10yrbands_y45_54,mts_details_mrd,2008,196.346
zaf,sex_f,age_10yrbands_y45_54,mts_details_mrd,2009,168.231
zaf,sex_f,age_10yrbands_y45_54,mts_details_mrd,2010,163.894
zaf,sex_f,age_10yrbands_y45_54,mts_details_mrd,2011,174.965
zaf,sex_f,age_10yrbands_y45_54,mts_details_mrd,2012,173.64
zaf,sex_f,age_10yrbands_y45_54,mts_details_mrd,2013,181.129
zaf,sex_f,age_10yrbands_y45_54,mts_details_mrd,2014,176.728
zaf,sex_f,age_10yrbands_y45_54,mts_details_mrd,2015,177.519
zaf,sex_f,age_10yrbands_y45_54,mts_details_mrd,2016,191.694
zaf,sex_f,age_10yrbands_y45_54,mts_details_mrd,2017,187.63
zaf,sex_f,age_10yrbands_y45_54,mts_details_mrd,2018,184.758
zaf,sex_f,age_10yrbands_y45_54,mts_details_mrd,2019,199.119
zaf,sex_f,age_10yrbands_y45_54,mts_details_mrd,2020,160.932
zaf,sex_f,age_10yrbands_y45_54,mts_details_mrd,2021,153.198
zaf,sex_f,age_10yrbands_y45_54,mts_details_mrd,2022,143.464
zaf,sex_f,age_10yrbands_y45_54,mts_details_mrd,2023,168.754
zaf,sex_f,age_10yrbands_y45_54,mts_details_mrd,2024,176.54
zaf,sex_f,age_10yrbands_y45_54,mts_details_sep,2000,38.239
zaf,sex_f,age_10yrbands_y45_54,mts_details_sep,2001,35.507
zaf,sex_f,age_10yrbands_y45_54,mts_details_sep,2002,24.598
zaf,sex_f,age_10yrbands_y45_54,mts_details_sep,2003,31.103
zaf,sex_f,age_10yrbands_y45_54,mts_details_sep,2004,23.506
zaf,sex_f,age_10yrbands_y45_54,mts_details_sep,2005,13.473
zaf,sex_f,age_10yrbands_y45_54,mts_details_sep,2006,13.467
zaf,sex_f,age_10yrbands_y45_54,mts_details_sep,2007,17.084
zaf,sex_f,age_10yrbands_y45_54,mts_details_sep,2008,38.417
zaf,sex_f,age_10yrbands_y45_54,mts_details_sep,2009,34.455
zaf,sex_f,age_10yrbands_y45_54,mts_details_sep,2010,38.347
zaf,sex_f,age_10yrbands_y45_54,mts_details_sep,2011,30.198
zaf,sex_f,age_10yrbands_y45_54,mts_details_sep,2012,33.715
zaf,sex_f,age_10yrbands_y45_54,mts_details_sep,2013,34.958
zaf,sex_f,age_10yrbands_y45_54,mts_details_sep,2014,28.419
zaf,sex_f,age_10yrbands_y45_54,mts_details_sep,2015,33.678
zaf,sex_f,age_10yrbands_y45_54,mts_details_sep,2016,33.066
zaf,sex_f,age_10yrbands_y45_54,mts_details_sep,2017,35.439
zaf,sex_f,age_10yrbands_y45_54,mts_details_sep,2018,32.561
zaf,sex_f,age_10yrbands_y45_54,mts_details_sep,2019,37.657
zaf,sex_f,age_10yrbands_y45_54,mts_details_sep,2020,23.401
zaf,sex_f,age_10yrbands_y45_54,mts_details_sep,2021,27.404
zaf,sex_f,age_10yrbands_y45_54,mts_details_sep,2022,33.193
zaf,sex_f,age_10yrbands_y45_54,mts_details_sep,2023,24.234
zaf,sex_f,age_10yrbands_y45_54,mts_details_sep,2024,27.446
zaf,sex_f,age_10yrbands_y45_54,mts_details_sgle,2004,20.974
zaf,sex_f,age_10yrbands_y45_54,mts_details_sgle,2005,43.25
zaf,sex_f,age_10yrbands_y45_54,mts_details_sgle,2006,41.9
zaf,sex_f,age_10yrbands_y45_54,mts_details_sgle,2007,47.466
zaf,sex_f,age_10yrbands_y45_54,mts_details_sgle,2008,115.721
zaf,sex_f,age_10yrbands_y45_54,mts_details_sgle,2009,112.69
zaf,sex_f,age_10yrbands_y45_54,mts_details_sgle,2010,109.776
zaf,sex_f,age_10yrbands_y45_54,mts_details_sgle,2011,117.38
zaf,sex_f,age_10yrbands_y45_54,mts_details_sgle,2012,138.484
zaf,sex_f,age_10yrbands_y45_54,mts_details_sgle,2013,141.466
zaf,sex_f,age_10yrbands_y45_54,mts_details_sgle,2014,134.802
zaf,sex_f,age_10yrbands_y45_54,mts_details_sgle,2015,162.967
zaf,sex_f,age_10yrbands_y45_54,mts_details_sgle,2016,167.08
zaf,sex_f,age_10yrbands_y45_54,mts_details_sgle,2017,180.902
zaf,sex_f,age_10yrbands_y45_54,mts_details_sgle,2018,200.646
zaf,sex_f,age_10yrbands_y45_54,mts_details_sgle,2019,201.794
zaf,sex_f,age_10yrbands_y45_54,mts_details_sgle,2020,180.425
zaf,sex_f,age_10yrbands_y45_54,mts_details_sgle,2021,198.551
zaf,sex_f,age_10yrbands_y45_54,mts_details_sgle,2022,224.271
zaf,sex_f,age_10yrbands_y45_54,mts_details_sgle,2023,219.575
zaf,sex_f,age_10yrbands_y45_54,mts_details_sgle,2024,230.593
zaf,sex_f,age_10yrbands_y45_54,mts_details_total,2000,262.481
zaf,sex_f,age_10yrbands_y45_54,mts_details_total,2001,247.315
zaf,sex_f,age_10yrbands_y45_54,mts_details_total,2002,163.33
zaf,sex_f,age_10yrbands_y45_54,mts_details_total,2003,188.192
zaf,sex_f,age_10yrbands_y45_54,mts_details_total,2004,188.341
zaf,sex_f,age_10yrbands_y45_54,mts_details_total,2005,219.815
zaf,sex_f,age_10yrbands_y45_54,mts_details_total,2006,212.974
zaf,sex_f,age_10yrbands_y45_54,mts_details_total,2007,218.056
zaf,sex_f,age_10yrbands_y45_54,mts_details_total,2008,454.712
zaf,sex_f,age_10yrbands_y45_54,mts_details_total,2009,429.656
zaf,sex_f,age_10yrbands_y45_54,mts_details_total,2010,409.986
zaf,sex_f,age_10yrbands_y45_54,mts_details_total,2011,420.226
zaf,sex_f,age_10yrbands_y45_54,mts_details_total,2012,434.356
zaf,sex_f,age_10yrbands_y45_54,mts_details_total,2013,446.47
zaf,sex_f,age_10yrbands_y45_54,mts_details_total,2014,445.265
zaf,sex_f,age_10yrbands_y45_54,mts_details_total,2015,475.642
zaf,sex_f,age_10yrbands_y45_54,mts_details_total,2016,496.243
zaf,sex_f,age_10yrbands_y45_54,mts_details_total,2017,514.961
zaf,sex_f,age_10yrbands_y45_54,mts_details_total,2018,542.41
zaf,sex_f,age_10yrbands_y45_54,mts_details_total,2019,570.76
zaf,sex_f,age_10yrbands_y45_54,mts_details_total,2020,457.492
zaf,sex_f,age_10yrbands_y45_54,mts_details_total,2021,474.015
zaf,sex_f,age_10yrbands_y45_54,mts_details_total,2022,496.048
zaf,sex_f,age_10yrbands_y45_54,mts_details_total,2023,511.388
zaf,sex_f,age_10yrbands_y45_54,mts_details_total,2024,543.818
zaf,sex_f,age_10yrbands_y45_54,mts_details_union,2000,95.157
zaf,sex_f,age_10yrbands_y45_54,mts_details_union,2001,44.841
zaf,sex_f,age_10yrbands_y45_54,mts_details_union,2002,34.432
zaf,sex_f,age_10yrbands_y45_54,mts_details_union,2003,34.415
zaf,sex_f,age_10yrbands_y45_54,mts_details_union,2004,23.733
zaf,sex_f,age_10yrbands_y45_54,mts_details_union,2005,17.192
zaf,sex_f,age_10yrbands_y45_54,mts_details_union,2006,16.462
zaf,sex_f,age_10yrbands_y45_54,mts_details_union,2007,13.137
zaf,sex_f,age_10yrbands_y45_54,mts_details_union,2008,33.349
zaf,sex_f,age_10yrbands_y45_54,mts_details_union,2009,39.019
zaf,sex_f,age_10yrbands_y45_54,mts_details_union,2010,38.142
zaf,sex_f,age_10yrbands_y45_54,mts_details_union,2011,32.9
zaf,sex_f,age_10yrbands_y45_54,mts_details_union,2012,31.2
zaf,sex_f,age_10yrbands_y45_54,mts_details_union,2013,39.859
zaf,sex_f,age_10yrbands_y45_54,mts_details_union,2014,38.644
zaf,sex_f,age_10yrbands_y45_54,mts_details_union,2015,41.972
zaf,sex_f,age_10yrbands_y45_54,mts_details_union,2016,42.239
zaf,sex_f,age_10yrbands_y45_54,mts_details_union,2017,45.284
zaf,sex_f,age_10yrbands_y45_54,mts_details_union,2018,61.724
zaf,sex_f,age_10yrbands_y45_54,mts_details_union,2019,61.297
zaf,sex_f,age_10yrbands_y45_54,mts_details_union,2020,42.42
zaf,sex_f,age_10yrbands_y45_54,mts_details_union,2021,50.816
zaf,sex_f,age_10yrbands_y45_54,mts_details_union,2022,56.454
zaf,sex_f,age_10yrbands_y45_54,mts_details_union,2023,55.512
zaf,sex_f,age_10yrbands_y45_54,mts_details_union,2024,62.551
zaf,sex_f,age_10yrbands_y45_54,mts_details_wid,2000,33.78
zaf,sex_f,age_10yrbands_y45_54,mts_details_wid,2001,21.285
zaf,sex_f,age_10yrbands_y45_54,mts_details_wid,2002,19.367
zaf,sex_f,age_10yrbands_y45_54,mts_details_wid,2003,24.558
zaf,sex_f,age_10yrbands_y45_54,mts_details_wid,2004,28.213
zaf,sex_f,age_10yrbands_y45_54,mts_details_wid,2005,44.504
zaf,sex_f,age_10yrbands_y45_54,mts_details_wid,2006,43.246
zaf,sex_f,age_10yrbands_y45_54,mts_details_wid,2007,39.078
zaf,sex_f,age_10yrbands_y45_54,mts_details_wid,2008,70.879
zaf,sex_f,age_10yrbands_y45_54,mts_details_wid,2009,75.261
zaf,sex_f,age_10yrbands_y45_54,mts_details_wid,2010,59.828
zaf,sex_f,age_10yrbands_y45_54,mts_details_wid,2011,64.783
zaf,sex_f,age_10yrbands_y45_54,mts_details_wid,2012,57.316
zaf,sex_f,age_10yrbands_y45_54,mts_details_wid,2013,49.059
zaf,sex_f,age_10yrbands_y45_54,mts_details_wid,2014,66.673
zaf,sex_f,age_10yrbands_y45_54,mts_details_wid,2015,59.505
zaf,sex_f,age_10yrbands_y45_54,mts_details_wid,2016,62.164
zaf,sex_f,age_10yrbands_y45_54,mts_details_wid,2017,65.706
zaf,sex_f,age_10yrbands_y45_54,mts_details_wid,2018,62.721
zaf,sex_f,age_10yrbands_y45_54,mts_details_wid,2019,70.893
zaf,sex_f,age_10yrbands_y45_54,mts_details_wid,2020,50.315
zaf,sex_f,age_10yrbands_y45_54,mts_details_wid,2021,44.045
zaf,sex_f,age_10yrbands_y45_54,mts_details_wid,2022,38.666
zaf,sex_f,age_10yrbands_y45_54,mts_details_wid,2023,43.313
zaf,sex_f,age_10yrbands_y45_54,mts_details_wid,2024,46.687
zaf,sex_f,age_10yrbands_y55_64,mts_aggregate_1,2000,41.113
zaf,sex_f,age_10yrbands_y55_64,mts_aggregate_1,2001,25.658
zaf,sex_f,age_10yrbands_y55_64,mts_aggregate_1,2002,18.823
zaf,sex_f,age_10yrbands_y55_64,mts_aggregate_1,2003,18.279
zaf,sex_f,age_10yrbands_y55_64,mts_aggregate_1,2004,37.396
zaf,sex_f,age_10yrbands_y55_64,mts_aggregate_1,2005,55.303
zaf,sex_f,age_10yrbands_y55_64,mts_aggregate_1,2006,51.15
zaf,sex_f,age_10yrbands_y55_64,mts_aggregate_1,2007,55.3
zaf,sex_f,age_10yrbands_y55_64,mts_aggregate_1,2008,91.852
zaf,sex_f,age_10yrbands_y55_64,mts_aggregate_1,2009,89.818
zaf,sex_f,age_10yrbands_y55_64,mts_aggregate_1,2010,97.861
zaf,sex_f,age_10yrbands_y55_64,mts_aggregate_1,2011,93.347
zaf,sex_f,age_10yrbands_y55_64,mts_aggregate_1,2012,97.718
zaf,sex_f,age_10yrbands_y55_64,mts_aggregate_1,2013,106.361
zaf,sex_f,age_10yrbands_y55_64,mts_aggregate_1,2014,121.129
zaf,sex_f,age_10yrbands_y55_64,mts_aggregate_1,2015,122.796
zaf,sex_f,age_10yrbands_y55_64,mts_aggregate_1,2016,120.849
zaf,sex_f,age_10yrbands_y55_64,mts_aggregate_1,2017,138.379
zaf,sex_f,age_10yrbands_y55_64,mts_aggregate_1,2018,145.755
zaf,sex_f,age_10yrbands_y55_64,mts_aggregate_1,2019,143.642
zaf,sex_f,age_10yrbands_y55_64,mts_aggregate_1,2020,121.875
zaf,sex_f,age_10yrbands_y55_64,mts_aggregate_1,2021,115.582
zaf,sex_f,age_10yrbands_y55_64,mts_aggregate_1,2022,120.371
zaf,sex_f,age_10yrbands_y55_64,mts_aggregate_1,2023,127.555
zaf,sex_f,age_10yrbands_y55_64,mts_aggregate_1,2024,152.142
zaf,sex_f,age_10yrbands_y55_64,mts_aggregate_2,2000,71.273
zaf,sex_f,age_10yrbands_y55_64,mts_aggregate_2,2001,112.689
zaf,sex_f,age_10yrbands_y55_64,mts_aggregate_2,2002,64.56
zaf,sex_f,age_10yrbands_y55_64,mts_aggregate_2,2003,61.617
zaf,sex_f,age_10yrbands_y55_64,mts_aggregate_2,2004,44.526
zaf,sex_f,age_10yrbands_y55_64,mts_aggregate_2,2005,36.48
zaf,sex_f,age_10yrbands_y55_64,mts_aggregate_2,2006,40.537
zaf,sex_f,age_10yrbands_y55_64,mts_aggregate_2,2007,35.087
zaf,sex_f,age_10yrbands_y55_64,mts_aggregate_2,2008,78.963
zaf,sex_f,age_10yrbands_y55_64,mts_aggregate_2,2009,59.642
zaf,sex_f,age_10yrbands_y55_64,mts_aggregate_2,2010,62.957
zaf,sex_f,age_10yrbands_y55_64,mts_aggregate_2,2011,64.032
zaf,sex_f,age_10yrbands_y55_64,mts_aggregate_2,2012,63.673
zaf,sex_f,age_10yrbands_y55_64,mts_aggregate_2,2013,67.981
zaf,sex_f,age_10yrbands_y55_64,mts_aggregate_2,2014,69.518
zaf,sex_f,age_10yrbands_y55_64,mts_aggregate_2,2015,74.922
zaf,sex_f,age_10yrbands_y55_64,mts_aggregate_2,2016,78.627
zaf,sex_f,age_10yrbands_y55_64,mts_aggregate_2,2017,90.777
zaf,sex_f,age_10yrbands_y55_64,mts_aggregate_2,2018,78.199
zaf,sex_f,age_10yrbands_y55_64,mts_aggregate_2,2019,83.215
zaf,sex_f,age_10yrbands_y55_64,mts_aggregate_2,2020,77.719
zaf,sex_f,age_10yrbands_y55_64,mts_aggregate_2,2021,77.228
zaf,sex_f,age_10yrbands_y55_64,mts_aggregate_2,2022,73.633
zaf,sex_f,age_10yrbands_y55_64,mts_aggregate_2,2023,83.107
zaf,sex_f,age_10yrbands_y55_64,mts_aggregate_2,2024,88.464
zaf,sex_f,age_10yrbands_y55_64,mts_aggregate_total,2000,112.385
zaf,sex_f,age_10yrbands_y55_64,mts_aggregate_total,2001,138.347
zaf,sex_f,age_10yrbands_y55_64,mts_aggregate_total,2002,83.383
zaf,sex_f,age_10yrbands_y55_64,mts_aggregate_total,2003,79.896
zaf,sex_f,age_10yrbands_y55_64,mts_aggregate_total,2004,81.923
zaf,sex_f,age_10yrbands_y55_64,mts_aggregate_total,2005,91.783
zaf,sex_f,age_10yrbands_y55_64,mts_aggregate_total,2006,91.687
zaf,sex_f,age_10yrbands_y55_64,mts_aggregate_total,2007,90.387
zaf,sex_f,age_10yrbands_y55_64,mts_aggregate_total,2008,170.814
zaf,sex_f,age_10yrbands_y55_64,mts_aggregate_total,2009,149.46
zaf,sex_f,age_10yrbands_y55_64,mts_aggregate_total,2010,160.818
zaf,sex_f,age_10yrbands_y55_64,mts_aggregate_total,2011,157.379
zaf,sex_f,age_10yrbands_y55_64,mts_aggregate_total,2012,161.391
zaf,sex_f,age_10yrbands_y55_64,mts_aggregate_total,2013,174.342
zaf,sex_f,age_10yrbands_y55_64,mts_aggregate_total,2014,190.647
zaf,sex_f,age_10yrbands_y55_64,mts_aggregate_total,2015,197.718
zaf,sex_f,age_10yrbands_y55_64,mts_aggregate_total,2016,199.476
zaf,sex_f,age_10yrbands_y55_64,mts_aggregate_total,2017,229.155
zaf,sex_f,age_10yrbands_y55_64,mts_aggregate_total,2018,223.954
zaf,sex_f,age_10yrbands_y55_64,mts_aggregate_total,2019,226.857
zaf,sex_f,age_10yrbands_y55_64,mts_aggregate_total,2020,199.594
zaf,sex_f,age_10yrbands_y55_64,mts_aggregate_total,2021,192.809
zaf,sex_f,age_10yrbands_y55_64,mts_aggregate_total,2022,194.004
zaf,sex_f,age_10yrbands_y55_64,mts_aggregate_total,2023,210.663
zaf,sex_f,age_10yrbands_y55_64,mts_aggregate_total,2024,240.606
zaf,sex_f,age_10yrbands_y55_64,mts_details_mrd,2000,32.687
zaf,sex_f,age_10yrbands_y55_64,mts_details_mrd,2001,65.914
zaf,sex_f,age_10yrbands_y55_64,mts_details_mrd,2002,34.523
zaf,sex_f,age_10yrbands_y55_64,mts_details_mrd,2003,31.012
zaf,sex_f,age_10yrbands_y55_64,mts_details_mrd,2004,31.458
zaf,sex_f,age_10yrbands_y55_64,mts_details_mrd,2005,33.483
zaf,sex_f,age_10yrbands_y55_64,mts_details_mrd,2006,38.962
zaf,sex_f,age_10yrbands_y55_64,mts_details_mrd,2007,32.117
zaf,sex_f,age_10yrbands_y55_64,mts_details_mrd,2008,69.502
zaf,sex_f,age_10yrbands_y55_64,mts_details_mrd,2009,52.504
zaf,sex_f,age_10yrbands_y55_64,mts_details_mrd,2010,56.249
zaf,sex_f,age_10yrbands_y55_64,mts_details_mrd,2011,55.447
zaf,sex_f,age_10yrbands_y55_64,mts_details_mrd,2012,55.54
zaf,sex_f,age_10yrbands_y55_64,mts_details_mrd,2013,60.855
zaf,sex_f,age_10yrbands_y55_64,mts_details_mrd,2014,63.432
zaf,sex_f,age_10yrbands_y55_64,mts_details_mrd,2015,63.143
zaf,sex_f,age_10yrbands_y55_64,mts_details_mrd,2016,69.815
zaf,sex_f,age_10yrbands_y55_64,mts_details_mrd,2017,78.122
zaf,sex_f,age_10yrbands_y55_64,mts_details_mrd,2018,66.918
zaf,sex_f,age_10yrbands_y55_64,mts_details_mrd,2019,73.921
zaf,sex_f,age_10yrbands_y55_64,mts_details_mrd,2020,66.401
zaf,sex_f,age_10yrbands_y55_64,mts_details_mrd,2021,66.933
zaf,sex_f,age_10yrbands_y55_64,mts_details_mrd,2022,61.775
zaf,sex_f,age_10yrbands_y55_64,mts_details_mrd,2023,70.2
zaf,sex_f,age_10yrbands_y55_64,mts_details_mrd,2024,74.735
zaf,sex_f,age_10yrbands_y55_64,mts_details_sep,2000,16.548
zaf,sex_f,age_10yrbands_y55_64,mts_details_sep,2001,15.226
zaf,sex_f,age_10yrbands_y55_64,mts_details_sep,2002,13.092
zaf,sex_f,age_10yrbands_y55_64,mts_details_sep,2003,11.855
zaf,sex_f,age_10yrbands_y55_64,mts_details_sep,2004,10.392
zaf,sex_f,age_10yrbands_y55_64,mts_details_sep,2005,7.921
zaf,sex_f,age_10yrbands_y55_64,mts_details_sep,2006,6.833
zaf,sex_f,age_10yrbands_y55_64,mts_details_sep,2007,7.84
zaf,sex_f,age_10yrbands_y55_64,mts_details_sep,2008,11.401
zaf,sex_f,age_10yrbands_y55_64,mts_details_sep,2009,14.782
zaf,sex_f,age_10yrbands_y55_64,mts_details_sep,2010,15.335
zaf,sex_f,age_10yrbands_y55_64,mts_details_sep,2011,11.91
zaf,sex_f,age_10yrbands_y55_64,mts_details_sep,2012,17.045
zaf,sex_f,age_10yrbands_y55_64,mts_details_sep,2013,20.067
zaf,sex_f,age_10yrbands_y55_64,mts_details_sep,2014,18.577
zaf,sex_f,age_10yrbands_y55_64,mts_details_sep,2015,20.098
zaf,sex_f,age_10yrbands_y55_64,mts_details_sep,2016,14.656
zaf,sex_f,age_10yrbands_y55_64,mts_details_sep,2017,18.524
zaf,sex_f,age_10yrbands_y55_64,mts_details_sep,2018,19.819
zaf,sex_f,age_10yrbands_y55_64,mts_details_sep,2019,19.847
zaf,sex_f,age_10yrbands_y55_64,mts_details_sep,2020,19.035
zaf,sex_f,age_10yrbands_y55_64,mts_details_sep,2021,15.946
zaf,sex_f,age_10yrbands_y55_64,mts_details_sep,2022,11.915
zaf,sex_f,age_10yrbands_y55_64,mts_details_sep,2023,9.628
zaf,sex_f,age_10yrbands_y55_64,mts_details_sep,2024,15.933
zaf,sex_f,age_10yrbands_y55_64,mts_details_sgle,2004,5.618
zaf,sex_f,age_10yrbands_y55_64,mts_details_sgle,2005,15.001
zaf,sex_f,age_10yrbands_y55_64,mts_details_sgle,2006,14.82
zaf,sex_f,age_10yrbands_y55_64,mts_details_sgle,2007,13.007
zaf,sex_f,age_10yrbands_y55_64,mts_details_sgle,2008,30.613
zaf,sex_f,age_10yrbands_y55_64,mts_details_sgle,2009,30.996
zaf,sex_f,age_10yrbands_y55_64,mts_details_sgle,2010,32.322
zaf,sex_f,age_10yrbands_y55_64,mts_details_sgle,2011,36.596
zaf,sex_f,age_10yrbands_y55_64,mts_details_sgle,2012,41.411
zaf,sex_f,age_10yrbands_y55_64,mts_details_sgle,2013,37.276
zaf,sex_f,age_10yrbands_y55_64,mts_details_sgle,2014,48.439
zaf,sex_f,age_10yrbands_y55_64,mts_details_sgle,2015,54.995
zaf,sex_f,age_10yrbands_y55_64,mts_details_sgle,2016,56.225
zaf,sex_f,age_10yrbands_y55_64,mts_details_sgle,2017,63.473
zaf,sex_f,age_10yrbands_y55_64,mts_details_sgle,2018,66.594
zaf,sex_f,age_10yrbands_y55_64,mts_details_sgle,2019,71.994
zaf,sex_f,age_10yrbands_y55_64,mts_details_sgle,2020,66.098
zaf,sex_f,age_10yrbands_y55_64,mts_details_sgle,2021,66.097
zaf,sex_f,age_10yrbands_y55_64,mts_details_sgle,2022,70.785
zaf,sex_f,age_10yrbands_y55_64,mts_details_sgle,2023,72.018
zaf,sex_f,age_10yrbands_y55_64,mts_details_sgle,2024,86.258
zaf,sex_f,age_10yrbands_y55_64,mts_details_total,2000,112.385
zaf,sex_f,age_10yrbands_y55_64,mts_details_total,2001,138.347
zaf,sex_f,age_10yrbands_y55_64,mts_details_total,2002,83.383
zaf,sex_f,age_10yrbands_y55_64,mts_details_total,2003,79.896
zaf,sex_f,age_10yrbands_y55_64,mts_details_total,2004,81.923
zaf,sex_f,age_10yrbands_y55_64,mts_details_total,2005,91.783
zaf,sex_f,age_10yrbands_y55_64,mts_details_total,2006,91.687
zaf,sex_f,age_10yrbands_y55_64,mts_details_total,2007,90.387
zaf,sex_f,age_10yrbands_y55_64,mts_details_total,2008,170.814
zaf,sex_f,age_10yrbands_y55_64,mts_details_total,2009,149.46
zaf,sex_f,age_10yrbands_y55_64,mts_details_total,2010,160.818
zaf,sex_f,age_10yrbands_y55_64,mts_details_total,2011,157.379
zaf,sex_f,age_10yrbands_y55_64,mts_details_total,2012,161.391
zaf,sex_f,age_10yrbands_y55_64,mts_details_total,2013,174.342
zaf,sex_f,age_10yrbands_y55_64,mts_details_total,2014,190.647
zaf,sex_f,age_10yrbands_y55_64,mts_details_total,2015,197.718
zaf,sex_f,age_10yrbands_y55_64,mts_details_total,2016,199.476
zaf,sex_f,age_10yrbands_y55_64,mts_details_total,2017,229.155
zaf,sex_f,age_10yrbands_y55_64,mts_details_total,2018,223.954
zaf,sex_f,age_10yrbands_y55_64,mts_details_total,2019,226.857
zaf,sex_f,age_10yrbands_y55_64,mts_details_total,2020,199.594
zaf,sex_f,age_10yrbands_y55_64,mts_details_total,2021,192.809
zaf,sex_f,age_10yrbands_y55_64,mts_details_total,2022,194.004
zaf,sex_f,age_10yrbands_y55_64,mts_details_total,2023,210.663
zaf,sex_f,age_10yrbands_y55_64,mts_details_total,2024,240.606
zaf,sex_f,age_10yrbands_y55_64,mts_details_union,2000,38.586
zaf,sex_f,age_10yrbands_y55_64,mts_details_union,2001,46.774
zaf,sex_f,age_10yrbands_y55_64,mts_details_union,2002,30.037
zaf,sex_f,age_10yrbands_y55_64,mts_details_union,2003,30.605
zaf,sex_f,age_10yrbands_y55_64,mts_details_union,2004,13.068
zaf,sex_f,age_10yrbands_y55_64,mts_details_union,2005,2.997
zaf,sex_f,age_10yrbands_y55_64,mts_details_union,2006,1.575
zaf,sex_f,age_10yrbands_y55_64,mts_details_union,2007,2.971
zaf,sex_f,age_10yrbands_y55_64,mts_details_union,2008,9.461
zaf,sex_f,age_10yrbands_y55_64,mts_details_union,2009,7.138
zaf,sex_f,age_10yrbands_y55_64,mts_details_union,2010,6.708
zaf,sex_f,age_10yrbands_y55_64,mts_details_union,2011,8.585
zaf,sex_f,age_10yrbands_y55_64,mts_details_union,2012,8.134
zaf,sex_f,age_10yrbands_y55_64,mts_details_union,2013,7.126
zaf,sex_f,age_10yrbands_y55_64,mts_details_union,2014,6.086
zaf,sex_f,age_10yrbands_y55_64,mts_details_union,2015,11.779
zaf,sex_f,age_10yrbands_y55_64,mts_details_union,2016,8.812
zaf,sex_f,age_10yrbands_y55_64,mts_details_union,2017,12.655
zaf,sex_f,age_10yrbands_y55_64,mts_details_union,2018,11.281
zaf,sex_f,age_10yrbands_y55_64,mts_details_union,2019,9.294
zaf,sex_f,age_10yrbands_y55_64,mts_details_union,2020,11.318
zaf,sex_f,age_10yrbands_y55_64,mts_details_union,2021,10.294
zaf,sex_f,age_10yrbands_y55_64,mts_details_union,2022,11.858
zaf,sex_f,age_10yrbands_y55_64,mts_details_union,2023,12.907
zaf,sex_f,age_10yrbands_y55_64,mts_details_union,2024,13.729
zaf,sex_f,age_10yrbands_y55_64,mts_details_wid,2000,24.565
zaf,sex_f,age_10yrbands_y55_64,mts_details_wid,2001,10.432
zaf,sex_f,age_10yrbands_y55_64,mts_details_wid,2002,5.731
zaf,sex_f,age_10yrbands_y55_64,mts_details_wid,2003,6.424
zaf,sex_f,age_10yrbands_y55_64,mts_details_wid,2004,21.386
zaf,sex_f,age_10yrbands_y55_64,mts_details_wid,2005,32.381
zaf,sex_f,age_10yrbands_y55_64,mts_details_wid,2006,29.496
zaf,sex_f,age_10yrbands_y55_64,mts_details_wid,2007,34.453
zaf,sex_f,age_10yrbands_y55_64,mts_details_wid,2008,49.838
zaf,sex_f,age_10yrbands_y55_64,mts_details_wid,2009,44.04
zaf,sex_f,age_10yrbands_y55_64,mts_details_wid,2010,50.204
zaf,sex_f,age_10yrbands_y55_64,mts_details_wid,2011,44.841
zaf,sex_f,age_10yrbands_y55_64,mts_details_wid,2012,39.261
zaf,sex_f,age_10yrbands_y55_64,mts_details_wid,2013,49.017
zaf,sex_f,age_10yrbands_y55_64,mts_details_wid,2014,54.113
zaf,sex_f,age_10yrbands_y55_64,mts_details_wid,2015,47.703
zaf,sex_f,age_10yrbands_y55_64,mts_details_wid,2016,49.968
zaf,sex_f,age_10yrbands_y55_64,mts_details_wid,2017,56.382
zaf,sex_f,age_10yrbands_y55_64,mts_details_wid,2018,59.342
zaf,sex_f,age_10yrbands_y55_64,mts_details_wid,2019,51.801
zaf,sex_f,age_10yrbands_y55_64,mts_details_wid,2020,36.741
zaf,sex_f,age_10yrbands_y55_64,mts_details_wid,2021,33.538
zaf,sex_f,age_10yrbands_y55_64,mts_details_wid,2022,37.671
zaf,sex_f,age_10yrbands_y55_64,mts_details_wid,2023,45.91
zaf,sex_f,age_10yrbands_y55_64,mts_details_wid,2024,49.95
zaf,sex_f,age_10yrbands_yge65,mts_aggregate_1,2000,18.221
zaf,sex_f,age_10yrbands_yge65,mts_aggregate_1,2001,6.168
zaf,sex_f,age_10yrbands_yge65,mts_aggregate_1,2002,4.543
zaf,sex_f,age_10yrbands_yge65,mts_aggregate_1,2003,3.078
zaf,sex_f,age_10yrbands_yge65,mts_aggregate_1,2004,10.927
zaf,sex_f,age_10yrbands_yge65,mts_aggregate_1,2005,32.906
zaf,sex_f,age_10yrbands_yge65,mts_aggregate_1,2006,27.483
zaf,sex_f,age_10yrbands_yge65,mts_aggregate_1,2007,27.387
zaf,sex_f,age_10yrbands_yge65,mts_aggregate_1,2008,25.154
zaf,sex_f,age_10yrbands_yge65,mts_aggregate_1,2009,20.004
zaf,sex_f,age_10yrbands_yge65,mts_aggregate_1,2010,20.675
zaf,sex_f,age_10yrbands_yge65,mts_aggregate_1,2011,18.693
zaf,sex_f,age_10yrbands_yge65,mts_aggregate_1,2012,18.642
zaf,sex_f,age_10yrbands_yge65,mts_aggregate_1,2013,27.449
zaf,sex_f,age_10yrbands_yge65,mts_aggregate_1,2014,28.082
zaf,sex_f,age_10yrbands_yge65,mts_aggregate_1,2015,25.462
zaf,sex_f,age_10yrbands_yge65,mts_aggregate_1,2016,22.972
zaf,sex_f,age_10yrbands_yge65,mts_aggregate_1,2017,29.449
zaf,sex_f,age_10yrbands_yge65,mts_aggregate_1,2018,31.845
zaf,sex_f,age_10yrbands_yge65,mts_aggregate_1,2019,33.963
zaf,sex_f,age_10yrbands_yge65,mts_aggregate_1,2020,26.053
zaf,sex_f,age_10yrbands_yge65,mts_aggregate_1,2021,25.373
zaf,sex_f,age_10yrbands_yge65,mts_aggregate_1,2022,25.712
zaf,sex_f,age_10yrbands_yge65,mts_aggregate_1,2023,37.236
zaf,sex_f,age_10yrbands_yge65,mts_aggregate_1,2024,45.22
zaf,sex_f,age_10yrbands_yge65,mts_aggregate_2,2000,26.42
zaf,sex_f,age_10yrbands_yge65,mts_aggregate_2,2001,62.262
zaf,sex_f,age_10yrbands_yge65,mts_aggregate_2,2002,22.743
zaf,sex_f,age_10yrbands_yge65,mts_aggregate_2,2003,21.587
zaf,sex_f,age_10yrbands_yge65,mts_aggregate_2,2004,9.487
zaf,sex_f,age_10yrbands_yge65,mts_aggregate_2,2005,10.89
zaf,sex_f,age_10yrbands_yge65,mts_aggregate_2,2006,10.271
zaf,sex_f,age_10yrbands_yge65,mts_aggregate_2,2007,8.666
zaf,sex_f,age_10yrbands_yge65,mts_aggregate_2,2008,7.222
zaf,sex_f,age_10yrbands_yge65,mts_aggregate_2,2009,7.76
zaf,sex_f,age_10yrbands_yge65,mts_aggregate_2,2010,8.02
zaf,sex_f,age_10yrbands_yge65,mts_aggregate_2,2011,3.802
zaf,sex_f,age_10yrbands_yge65,mts_aggregate_2,2012,3.243
zaf,sex_f,age_10yrbands_yge65,mts_aggregate_2,2013,6.355
zaf,sex_f,age_10yrbands_yge65,mts_aggregate_2,2014,8.063
zaf,sex_f,age_10yrbands_yge65,mts_aggregate_2,2015,11.634
zaf,sex_f,age_10yrbands_yge65,mts_aggregate_2,2016,8.475
zaf,sex_f,age_10yrbands_yge65,mts_aggregate_2,2017,10.578
zaf,sex_f,age_10yrbands_yge65,mts_aggregate_2,2018,14.289
zaf,sex_f,age_10yrbands_yge65,mts_aggregate_2,2019,10.689
zaf,sex_f,age_10yrbands_yge65,mts_aggregate_2,2020,7.411
zaf,sex_f,age_10yrbands_yge65,mts_aggregate_2,2021,9.335
zaf,sex_f,age_10yrbands_yge65,mts_aggregate_2,2022,13.341
zaf,sex_f,age_10yrbands_yge65,mts_aggregate_2,2023,13.282
zaf,sex_f,age_10yrbands_yge65,mts_aggregate_2,2024,17.236
zaf,sex_f,age_10yrbands_yge65,mts_aggregate_total,2000,44.641
zaf,sex_f,age_10yrbands_yge65,mts_aggregate_total,2001,68.43
zaf,sex_f,age_10yrbands_yge65,mts_aggregate_total,2002,27.286
zaf,sex_f,age_10yrbands_yge65,mts_aggregate_total,2003,24.664
zaf,sex_f,age_10yrbands_yge65,mts_aggregate_total,2004,20.414
zaf,sex_f,age_10yrbands_yge65,mts_aggregate_total,2005,43.963
zaf,sex_f,age_10yrbands_yge65,mts_aggregate_total,2006,37.755
zaf,sex_f,age_10yrbands_yge65,mts_aggregate_total,2007,36.054
zaf,sex_f,age_10yrbands_yge65,mts_aggregate_total,2008,32.376
zaf,sex_f,age_10yrbands_yge65,mts_aggregate_total,2009,27.763
zaf,sex_f,age_10yrbands_yge65,mts_aggregate_total,2010,28.695
zaf,sex_f,age_10yrbands_yge65,mts_aggregate_total,2011,22.495
zaf,sex_f,age_10yrbands_yge65,mts_aggregate_total,2012,21.884
zaf,sex_f,age_10yrbands_yge65,mts_aggregate_total,2013,33.804
zaf,sex_f,age_10yrbands_yge65,mts_aggregate_total,2014,36.145
zaf,sex_f,age_10yrbands_yge65,mts_aggregate_total,2015,37.095
zaf,sex_f,age_10yrbands_yge65,mts_aggregate_total,2016,31.446
zaf,sex_f,age_10yrbands_yge65,mts_aggregate_total,2017,40.027
zaf,sex_f,age_10yrbands_yge65,mts_aggregate_total,2018,46.134
zaf,sex_f,age_10yrbands_yge65,mts_aggregate_total,2019,44.652
zaf,sex_f,age_10yrbands_yge65,mts_aggregate_total,2020,33.464
zaf,sex_f,age_10yrbands_yge65,mts_aggregate_total,2021,34.708
zaf,sex_f,age_10yrbands_yge65,mts_aggregate_total,2022,39.054
zaf,sex_f,age_10yrbands_yge65,mts_aggregate_total,2023,50.518
zaf,sex_f,age_10yrbands_yge65,mts_aggregate_total,2024,62.456
zaf,sex_f,age_10yrbands_yge65,mts_details_mrd,2000,13.318
zaf,sex_f,age_10yrbands_yge65,mts_details_mrd,2001,17.904
zaf,sex_f,age_10yrbands_yge65,mts_details_mrd,2002,8.051
zaf,sex_f,age_10yrbands_yge65,mts_details_mrd,2003,8.086
zaf,sex_f,age_10yrbands_yge65,mts_details_mrd,2004,3.829
zaf,sex_f,age_10yrbands_yge65,mts_details_mrd,2005,9.479
zaf,sex_f,age_10yrbands_yge65,mts_details_mrd,2006,9.864
zaf,sex_f,age_10yrbands_yge65,mts_details_mrd,2007,7.978
zaf,sex_f,age_10yrbands_yge65,mts_details_mrd,2008,6.785
zaf,sex_f,age_10yrbands_yge65,mts_details_mrd,2009,7.214
zaf,sex_f,age_10yrbands_yge65,mts_details_mrd,2010,7.71
zaf,sex_f,age_10yrbands_yge65,mts_details_mrd,2011,3.368
zaf,sex_f,age_10yrbands_yge65,mts_details_mrd,2012,2.618
zaf,sex_f,age_10yrbands_yge65,mts_details_mrd,2013,6.243
zaf,sex_f,age_10yrbands_yge65,mts_details_mrd,2014,7.869
zaf,sex_f,age_10yrbands_yge65,mts_details_mrd,2015,9.057
zaf,sex_f,age_10yrbands_yge65,mts_details_mrd,2016,7.549
zaf,sex_f,age_10yrbands_yge65,mts_details_mrd,2017,8.051
zaf,sex_f,age_10yrbands_yge65,mts_details_mrd,2018,13.275
zaf,sex_f,age_10yrbands_yge65,mts_details_mrd,2019,9.992
zaf,sex_f,age_10yrbands_yge65,mts_details_mrd,2020,6.655
zaf,sex_f,age_10yrbands_yge65,mts_details_mrd,2021,9.335
zaf,sex_f,age_10yrbands_yge65,mts_details_mrd,2022,11.337
zaf,sex_f,age_10yrbands_yge65,mts_details_mrd,2023,11.801
zaf,sex_f,age_10yrbands_yge65,mts_details_mrd,2024,15.402
zaf,sex_f,age_10yrbands_yge65,mts_details_sep,2000,4.145
zaf,sex_f,age_10yrbands_yge65,mts_details_sep,2001,4.258
zaf,sex_f,age_10yrbands_yge65,mts_details_sep,2002,3.318
zaf,sex_f,age_10yrbands_yge65,mts_details_sep,2003,1.55
zaf,sex_f,age_10yrbands_yge65,mts_details_sep,2004,1.477
zaf,sex_f,age_10yrbands_yge65,mts_details_sep,2005,2.449
zaf,sex_f,age_10yrbands_yge65,mts_details_sep,2006,1.039
zaf,sex_f,age_10yrbands_yge65,mts_details_sep,2007,2.109
zaf,sex_f,age_10yrbands_yge65,mts_details_sep,2008,2.124
zaf,sex_f,age_10yrbands_yge65,mts_details_sep,2009,1.042
zaf,sex_f,age_10yrbands_yge65,mts_details_sep,2010,1.561
zaf,sex_f,age_10yrbands_yge65,mts_details_sep,2011,1.737
zaf,sex_f,age_10yrbands_yge65,mts_details_sep,2012,2.561
zaf,sex_f,age_10yrbands_yge65,mts_details_sep,2013,1.679
zaf,sex_f,age_10yrbands_yge65,mts_details_sep,2014,2.571
zaf,sex_f,age_10yrbands_yge65,mts_details_sep,2015,2.313
zaf,sex_f,age_10yrbands_yge65,mts_details_sep,2016,4.798
zaf,sex_f,age_10yrbands_yge65,mts_details_sep,2017,0.552
zaf,sex_f,age_10yrbands_yge65,mts_details_sep,2018,2.414
zaf,sex_f,age_10yrbands_yge65,mts_details_sep,2019,4.149
zaf,sex_f,age_10yrbands_yge65,mts_details_sep,2020,6.495
zaf,sex_f,age_10yrbands_yge65,mts_details_sep,2021,5.011
zaf,sex_f,age_10yrbands_yge65,mts_details_sep,2022,1.261
zaf,sex_f,age_10yrbands_yge65,mts_details_sep,2023,4.15
zaf,sex_f,age_10yrbands_yge65,mts_details_sep,2024,5.653
zaf,sex_f,age_10yrbands_yge65,mts_details_sgle,2004,0.678
zaf,sex_f,age_10yrbands_yge65,mts_details_sgle,2005,5.498
zaf,sex_f,age_10yrbands_yge65,mts_details_sgle,2006,3.647
zaf,sex_f,age_10yrbands_yge65,mts_details_sgle,2007,8.045
zaf,sex_f,age_10yrbands_yge65,mts_details_sgle,2008,4.321
zaf,sex_f,age_10yrbands_yge65,mts_details_sgle,2009,4.233
zaf,sex_f,age_10yrbands_yge65,mts_details_sgle,2010,3.551
zaf,sex_f,age_10yrbands_yge65,mts_details_sgle,2011,4.189
zaf,sex_f,age_10yrbands_yge65,mts_details_sgle,2012,4.116
zaf,sex_f,age_10yrbands_yge65,mts_details_sgle,2013,4.673
zaf,sex_f,age_10yrbands_yge65,mts_details_sgle,2014,5.292
zaf,sex_f,age_10yrbands_yge65,mts_details_sgle,2015,3.659
zaf,sex_f,age_10yrbands_yge65,mts_details_sgle,2016,3.515
zaf,sex_f,age_10yrbands_yge65,mts_details_sgle,2017,8.591
zaf,sex_f,age_10yrbands_yge65,mts_details_sgle,2018,7.226
zaf,sex_f,age_10yrbands_yge65,mts_details_sgle,2019,6.248
zaf,sex_f,age_10yrbands_yge65,mts_details_sgle,2020,5.77
zaf,sex_f,age_10yrbands_yge65,mts_details_sgle,2021,10.754
zaf,sex_f,age_10yrbands_yge65,mts_details_sgle,2022,8.641
zaf,sex_f,age_10yrbands_yge65,mts_details_sgle,2023,15.213
zaf,sex_f,age_10yrbands_yge65,mts_details_sgle,2024,13.989
zaf,sex_f,age_10yrbands_yge65,mts_details_total,2000,44.641
zaf,sex_f,age_10yrbands_yge65,mts_details_total,2001,68.43
zaf,sex_f,age_10yrbands_yge65,mts_details_total,2002,27.286
zaf,sex_f,age_10yrbands_yge65,mts_details_total,2003,24.664
zaf,sex_f,age_10yrbands_yge65,mts_details_total,2004,20.414
zaf,sex_f,age_10yrbands_yge65,mts_details_total,2005,43.963
zaf,sex_f,age_10yrbands_yge65,mts_details_total,2006,37.755
zaf,sex_f,age_10yrbands_yge65,mts_details_total,2007,36.054
zaf,sex_f,age_10yrbands_yge65,mts_details_total,2008,32.376
zaf,sex_f,age_10yrbands_yge65,mts_details_total,2009,27.763
zaf,sex_f,age_10yrbands_yge65,mts_details_total,2010,28.695
zaf,sex_f,age_10yrbands_yge65,mts_details_total,2011,22.495
zaf,sex_f,age_10yrbands_yge65,mts_details_total,2012,21.884
zaf,sex_f,age_10yrbands_yge65,mts_details_total,2013,33.804
zaf,sex_f,age_10yrbands_yge65,mts_details_total,2014,36.145
zaf,sex_f,age_10yrbands_yge65,mts_details_total,2015,37.095
zaf,sex_f,age_10yrbands_yge65,mts_details_total,2016,31.446
zaf,sex_f,age_10yrbands_yge65,mts_details_total,2017,40.027
zaf,sex_f,age_10yrbands_yge65,mts_details_total,2018,46.134
zaf,sex_f,age_10yrbands_yge65,mts_details_total,2019,44.652
zaf,sex_f,age_10yrbands_yge65,mts_details_total,2020,33.464
zaf,sex_f,age_10yrbands_yge65,mts_details_total,2021,34.708
zaf,sex_f,age_10yrbands_yge65,mts_details_total,2022,39.054
zaf,sex_f,age_10yrbands_yge65,mts_details_total,2023,50.518
zaf,sex_f,age_10yrbands_yge65,mts_details_total,2024,62.456
zaf,sex_f,age_10yrbands_yge65,mts_details_union,2000,13.102
zaf,sex_f,age_10yrbands_yge65,mts_details_union,2001,44.358
zaf,sex_f,age_10yrbands_yge65,mts_details_union,2002,14.693
zaf,sex_f,age_10yrbands_yge65,mts_details_union,2003,13.501
zaf,sex_f,age_10yrbands_yge65,mts_details_union,2004,5.657
zaf,sex_f,age_10yrbands_yge65,mts_details_union,2008,0.436
zaf,sex_f,age_10yrbands_yge65,mts_details_union,2009,0.546
zaf,sex_f,age_10yrbands_yge65,mts_details_union,2011,0.433
zaf,sex_f,age_10yrbands_yge65,mts_details_union,2012,0.624
zaf,sex_f,age_10yrbands_yge65,mts_details_union,2015,2.576
zaf,sex_f,age_10yrbands_yge65,mts_details_union,2017,2.527
zaf,sex_f,age_10yrbands_yge65,mts_details_union,2019,0.696
zaf,sex_f,age_10yrbands_yge65,mts_details_union,2022,2.004
zaf,sex_f,age_10yrbands_yge65,mts_details_union,2023,1.481
zaf,sex_f,age_10yrbands_yge65,mts_details_union,2024,1.834
zaf,sex_f,age_10yrbands_yge65,mts_details_wid,2000,14.076
zaf,sex_f,age_10yrbands_yge65,mts_details_wid,2001,1.909
zaf,sex_f,age_10yrbands_yge65,mts_details_wid,2002,1.224
zaf,sex_f,age_10yrbands_yge65,mts_details_wid,2004,8.772
zaf,sex_f,age_10yrbands_yge65,mts_details_wid,2005,24.959
zaf,sex_f,age_10yrbands_yge65,mts_details_wid,2006,22.797
zaf,sex_f,age_10yrbands_yge65,mts_details_wid,2007,17.233
zaf,sex_f,age_10yrbands_yge65,mts_details_wid,2008,18.709
zaf,sex_f,age_10yrbands_yge65,mts_details_wid,2009,14.728
zaf,sex_f,age_10yrbands_yge65,mts_details_wid,2010,15.564
zaf,sex_f,age_10yrbands_yge65,mts_details_wid,2011,12.768
zaf,sex_f,age_10yrbands_yge65,mts_details_wid,2012,11.966
zaf,sex_f,age_10yrbands_yge65,mts_details_wid,2013,21.097
zaf,sex_f,age_10yrbands_yge65,mts_details_wid,2014,20.219
zaf,sex_f,age_10yrbands_yge65,mts_details_wid,2015,19.489
zaf,sex_f,age_10yrbands_yge65,mts_details_wid,2016,14.659
zaf,sex_f,age_10yrbands_yge65,mts_details_wid,2017,20.306
zaf,sex_f,age_10yrbands_yge65,mts_details_wid,2018,22.204
zaf,sex_f,age_10yrbands_yge65,mts_details_wid,2019,23.566
zaf,sex_f,age_10yrbands_yge65,mts_details_wid,2020,13.788
zaf,sex_f,age_10yrbands_yge65,mts_details_wid,2021,9.607
zaf,sex_f,age_10yrbands_yge65,mts_details_wid,2022,15.811
zaf,sex_f,age_10yrbands_yge65,mts_details_wid,2023,17.873
zaf,sex_f,age_10yrbands_yge65,mts_details_wid,2024,25.577
zaf,sex_f,age_aggregate_total,mts_aggregate_1,2000,364.416
zaf,sex_f,age_aggregate_total,mts_aggregate_1,2001,482.261
zaf,sex_f,age_aggregate_total,mts_aggregate_1,2002,329.431
zaf,sex_f,age_aggregate_total,mts_aggregate_1,2003,329.709
zaf,sex_f,age_aggregate_total,mts_aggregate_1,2004,383.47
zaf,sex_f,age_aggregate_total,mts_aggregate_1,2005,519.449
zaf,sex_f,age_aggregate_total,mts_aggregate_1,2006,513.557
zaf,sex_f,age_aggregate_total,mts_aggregate_1,2007,496.6
zaf,sex_f,age_aggregate_total,mts_aggregate_1,2008,1208.57
zaf,sex_f,age_aggregate_total,mts_aggregate_1,2009,1148.772
zaf,sex_f,age_aggregate_total,mts_aggregate_1,2010,1080.855
zaf,sex_f,age_aggregate_total,mts_aggregate_1,2011,1084.076
zaf,sex_f,age_aggregate_total,mts_aggregate_1,2012,1075.362
zaf,sex_f,age_aggregate_total,mts_aggregate_1,2013,1142.108
zaf,sex_f,age_aggregate_total,mts_aggregate_1,2014,1141.267
zaf,sex_f,age_aggregate_total,mts_aggregate_1,2015,1216.324
zaf,sex_f,age_aggregate_total,mts_aggregate_1,2016,1162.641
zaf,sex_f,age_aggregate_total,mts_aggregate_1,2017,1247.359
zaf,sex_f,age_aggregate_total,mts_aggregate_1,2018,1292.147
zaf,sex_f,age_aggregate_total,mts_aggregate_1,2019,1257.701
zaf,sex_f,age_aggregate_total,mts_aggregate_1,2020,1030.977
zaf,sex_f,age_aggregate_total,mts_aggregate_1,2021,1004.046
zaf,sex_f,age_aggregate_total,mts_aggregate_1,2022,1150.293
zaf,sex_f,age_aggregate_total,mts_aggregate_1,2023,1237.921
zaf,sex_f,age_aggregate_total,mts_aggregate_1,2024,1349.042
zaf,sex_f,age_aggregate_total,mts_aggregate_2,2000,951.442
zaf,sex_f,age_aggregate_total,mts_aggregate_2,2001,827.574
zaf,sex_f,age_aggregate_total,mts_aggregate_2,2002,523.558
zaf,sex_f,age_aggregate_total,mts_aggregate_2,2003,540.458
zaf,sex_f,age_aggregate_total,mts_aggregate_2,2004,456.365
zaf,sex_f,age_aggregate_total,mts_aggregate_2,2005,479.209
zaf,sex_f,age_aggregate_total,mts_aggregate_2,2006,453.278
zaf,sex_f,age_aggregate_total,mts_aggregate_2,2007,427.727
zaf,sex_f,age_aggregate_total,mts_aggregate_2,2008,934.092
zaf,sex_f,age_aggregate_total,mts_aggregate_2,2009,866.506
zaf,sex_f,age_aggregate_total,mts_aggregate_2,2010,838.809
zaf,sex_f,age_aggregate_total,mts_aggregate_2,2011,773.525
zaf,sex_f,age_aggregate_total,mts_aggregate_2,2012,773.357
zaf,sex_f,age_aggregate_total,mts_aggregate_2,2013,804.994
zaf,sex_f,age_aggregate_total,mts_aggregate_2,2014,785.976
zaf,sex_f,age_aggregate_total,mts_aggregate_2,2015,856.487
zaf,sex_f,age_aggregate_total,mts_aggregate_2,2016,854.984
zaf,sex_f,age_aggregate_total,mts_aggregate_2,2017,871.071
zaf,sex_f,age_aggregate_total,mts_aggregate_2,2018,877.896
zaf,sex_f,age_aggregate_total,mts_aggregate_2,2019,902.372
zaf,sex_f,age_aggregate_total,mts_aggregate_2,2020,729.975
zaf,sex_f,age_aggregate_total,mts_aggregate_2,2021,709.982
zaf,sex_f,age_aggregate_total,mts_aggregate_2,2022,740.062
zaf,sex_f,age_aggregate_total,mts_aggregate_2,2023,776.382
zaf,sex_f,age_aggregate_total,mts_aggregate_2,2024,846.685
zaf,sex_f,age_aggregate_total,mts_aggregate_total,2000,1316.266
zaf,sex_f,age_aggregate_total,mts_aggregate_total,2001,1310.204
zaf,sex_f,age_aggregate_total,mts_aggregate_total,2002,852.989
zaf,sex_f,age_aggregate_total,mts_aggregate_total,2003,870.167
zaf,sex_f,age_aggregate_total,mts_aggregate_total,2004,839.835
zaf,sex_f,age_aggregate_total,mts_aggregate_total,2005,999.018
zaf,sex_f,age_aggregate_total,mts_aggregate_total,2006,966.835
zaf,sex_f,age_aggregate_total,mts_aggregate_total,2007,924.613
zaf,sex_f,age_aggregate_total,mts_aggregate_total,2008,2142.661
zaf,sex_f,age_aggregate_total,mts_aggregate_total,2009,2015.278
zaf,sex_f,age_aggregate_total,mts_aggregate_total,2010,1919.663
zaf,sex_f,age_aggregate_total,mts_aggregate_total,2011,1857.601
zaf,sex_f,age_aggregate_total,mts_aggregate_total,2012,1848.72
zaf,sex_f,age_aggregate_total,mts_aggregate_total,2013,1947.102
zaf,sex_f,age_aggregate_total,mts_aggregate_total,2014,1927.244
zaf,sex_f,age_aggregate_total,mts_aggregate_total,2015,2072.811
zaf,sex_f,age_aggregate_total,mts_aggregate_total,2016,2017.626
zaf,sex_f,age_aggregate_total,mts_aggregate_total,2017,2118.43
zaf,sex_f,age_aggregate_total,mts_aggregate_total,2018,2170.043
zaf,sex_f,age_aggregate_total,mts_aggregate_total,2019,2160.073
zaf,sex_f,age_aggregate_total,mts_aggregate_total,2020,1760.952
zaf,sex_f,age_aggregate_total,mts_aggregate_total,2021,1714.028
zaf,sex_f,age_aggregate_total,mts_aggregate_total,2022,1890.355
zaf,sex_f,age_aggregate_total,mts_aggregate_total,2023,2014.303
zaf,sex_f,age_aggregate_total,mts_aggregate_total,2024,2195.727
zaf,sex_f,age_aggregate_total,mts_details_mrd,2000,564.291
zaf,sex_f,age_aggregate_total,mts_details_mrd,2001,650.824
zaf,sex_f,age_aggregate_total,mts_details_mrd,2002,413.418
zaf,sex_f,age_aggregate_total,mts_details_mrd,2003,430.78
zaf,sex_f,age_aggregate_total,mts_details_mrd,2004,362.832
zaf,sex_f,age_aggregate_total,mts_details_mrd,2005,359.309
zaf,sex_f,age_aggregate_total,mts_details_mrd,2006,346.776
zaf,sex_f,age_aggregate_total,mts_details_mrd,2007,328.618
zaf,sex_f,age_aggregate_total,mts_details_mrd,2008,654.999
zaf,sex_f,age_aggregate_total,mts_details_mrd,2009,592.684
zaf,sex_f,age_aggregate_total,mts_details_mrd,2010,585.12
zaf,sex_f,age_aggregate_total,mts_details_mrd,2011,542.341
zaf,sex_f,age_aggregate_total,mts_details_mrd,2012,543.243
zaf,sex_f,age_aggregate_total,mts_details_mrd,2013,567
zaf,sex_f,age_aggregate_total,mts_details_mrd,2014,562.844
zaf,sex_f,age_aggregate_total,mts_details_mrd,2015,584.281
zaf,sex_f,age_aggregate_total,mts_details_mrd,2016,596.662
zaf,sex_f,age_aggregate_total,mts_details_mrd,2017,595.261
zaf,sex_f,age_aggregate_total,mts_details_mrd,2018,585.1
zaf,sex_f,age_aggregate_total,mts_details_mrd,2019,620.787
zaf,sex_f,age_aggregate_total,mts_details_mrd,2020,490.14
zaf,sex_f,age_aggregate_total,mts_details_mrd,2021,471.298
zaf,sex_f,age_aggregate_total,mts_details_mrd,2022,488.375
zaf,sex_f,age_aggregate_total,mts_details_mrd,2023,533.673
zaf,sex_f,age_aggregate_total,mts_details_mrd,2024,569.445
zaf,sex_f,age_aggregate_total,mts_details_sep,2000,251.867
zaf,sex_f,age_aggregate_total,mts_details_sep,2001,415.874
zaf,sex_f,age_aggregate_total,mts_details_sep,2002,274.427
zaf,sex_f,age_aggregate_total,mts_details_sep,2003,267.003
zaf,sex_f,age_aggregate_total,mts_details_sep,2004,154.476
zaf,sex_f,age_aggregate_total,mts_details_sep,2005,55.186
zaf,sex_f,age_aggregate_total,mts_details_sep,2006,44.834
zaf,sex_f,age_aggregate_total,mts_details_sep,2007,47.974
zaf,sex_f,age_aggregate_total,mts_details_sep,2008,95.339
zaf,sex_f,age_aggregate_total,mts_details_sep,2009,89.108
zaf,sex_f,age_aggregate_total,mts_details_sep,2010,87.963
zaf,sex_f,age_aggregate_total,mts_details_sep,2011,72.392
zaf,sex_f,age_aggregate_total,mts_details_sep,2012,93.026
zaf,sex_f,age_aggregate_total,mts_details_sep,2013,92.084
zaf,sex_f,age_aggregate_total,mts_details_sep,2014,78.95
zaf,sex_f,age_aggregate_total,mts_details_sep,2015,85.778
zaf,sex_f,age_aggregate_total,mts_details_sep,2016,81.532
zaf,sex_f,age_aggregate_total,mts_details_sep,2017,78.909
zaf,sex_f,age_aggregate_total,mts_details_sep,2018,73.87
zaf,sex_f,age_aggregate_total,mts_details_sep,2019,83.231
zaf,sex_f,age_aggregate_total,mts_details_sep,2020,68.298
zaf,sex_f,age_aggregate_total,mts_details_sep,2021,65.9
zaf,sex_f,age_aggregate_total,mts_details_sep,2022,62.74
zaf,sex_f,age_aggregate_total,mts_details_sep,2023,66.482
zaf,sex_f,age_aggregate_total,mts_details_sep,2024,72.506
zaf,sex_f,age_aggregate_total,mts_details_sgle,2004,134.876
zaf,sex_f,age_aggregate_total,mts_details_sgle,2005,335.1
zaf,sex_f,age_aggregate_total,mts_details_sgle,2006,343.61
zaf,sex_f,age_aggregate_total,mts_details_sgle,2007,333.967
zaf,sex_f,age_aggregate_total,mts_details_sgle,2008,928.884
zaf,sex_f,age_aggregate_total,mts_details_sgle,2009,883.486
zaf,sex_f,age_aggregate_total,mts_details_sgle,2010,818.546
zaf,sex_f,age_aggregate_total,mts_details_sgle,2011,852.46
zaf,sex_f,age_aggregate_total,mts_details_sgle,2012,836.672
zaf,sex_f,age_aggregate_total,mts_details_sgle,2013,895.747
zaf,sex_f,age_aggregate_total,mts_details_sgle,2014,895.135
zaf,sex_f,age_aggregate_total,mts_details_sgle,2015,975.008
zaf,sex_f,age_aggregate_total,mts_details_sgle,2016,932.956
zaf,sex_f,age_aggregate_total,mts_details_sgle,2017,997.451
zaf,sex_f,age_aggregate_total,mts_details_sgle,2018,1044.911
zaf,sex_f,age_aggregate_total,mts_details_sgle,2019,1007.61
zaf,sex_f,age_aggregate_total,mts_details_sgle,2020,848.684
zaf,sex_f,age_aggregate_total,mts_details_sgle,2021,835.258
zaf,sex_f,age_aggregate_total,mts_details_sgle,2022,985.45
zaf,sex_f,age_aggregate_total,mts_details_sgle,2023,1049.799
zaf,sex_f,age_aggregate_total,mts_details_sgle,2024,1143.564
zaf,sex_f,age_aggregate_total,mts_details_total,2000,1316.266
zaf,sex_f,age_aggregate_total,mts_details_total,2001,1310.204
zaf,sex_f,age_aggregate_total,mts_details_total,2002,852.989
zaf,sex_f,age_aggregate_total,mts_details_total,2003,870.167
zaf,sex_f,age_aggregate_total,mts_details_total,2004,839.835
zaf,sex_f,age_aggregate_total,mts_details_total,2005,999.018
zaf,sex_f,age_aggregate_total,mts_details_total,2006,966.835
zaf,sex_f,age_aggregate_total,mts_details_total,2007,924.613
zaf,sex_f,age_aggregate_total,mts_details_total,2008,2142.661
zaf,sex_f,age_aggregate_total,mts_details_total,2009,2015.278
zaf,sex_f,age_aggregate_total,mts_details_total,2010,1919.663
zaf,sex_f,age_aggregate_total,mts_details_total,2011,1857.601
zaf,sex_f,age_aggregate_total,mts_details_total,2012,1848.72
zaf,sex_f,age_aggregate_total,mts_details_total,2013,1947.102
zaf,sex_f,age_aggregate_total,mts_details_total,2014,1927.244
zaf,sex_f,age_aggregate_total,mts_details_total,2015,2072.811
zaf,sex_f,age_aggregate_total,mts_details_total,2016,2017.626
zaf,sex_f,age_aggregate_total,mts_details_total,2017,2118.43
zaf,sex_f,age_aggregate_total,mts_details_total,2018,2170.043
zaf,sex_f,age_aggregate_total,mts_details_total,2019,2160.073
zaf,sex_f,age_aggregate_total,mts_details_total,2020,1760.952
zaf,sex_f,age_aggregate_total,mts_details_total,2021,1714.028
zaf,sex_f,age_aggregate_total,mts_details_total,2022,1890.355
zaf,sex_f,age_aggregate_total,mts_details_total,2023,2014.303
zaf,sex_f,age_aggregate_total,mts_details_total,2024,2195.727
zaf,sex_f,age_aggregate_total,mts_details_union,2000,387.151
zaf,sex_f,age_aggregate_total,mts_details_union,2001,176.75
zaf,sex_f,age_aggregate_total,mts_details_union,2002,110.14
zaf,sex_f,age_aggregate_total,mts_details_union,2003,109.678
zaf,sex_f,age_aggregate_total,mts_details_union,2004,93.532
zaf,sex_f,age_aggregate_total,mts_details_union,2005,119.899
zaf,sex_f,age_aggregate_total,mts_details_union,2006,106.502
zaf,sex_f,age_aggregate_total,mts_details_union,2007,99.109
zaf,sex_f,age_aggregate_total,mts_details_union,2008,279.093
zaf,sex_f,age_aggregate_total,mts_details_union,2009,273.822
zaf,sex_f,age_aggregate_total,mts_details_union,2010,253.689
zaf,sex_f,age_aggregate_total,mts_details_union,2011,231.184
zaf,sex_f,age_aggregate_total,mts_details_union,2012,230.114
zaf,sex_f,age_aggregate_total,mts_details_union,2013,237.994
zaf,sex_f,age_aggregate_total,mts_details_union,2014,223.132
zaf,sex_f,age_aggregate_total,mts_details_union,2015,272.206
zaf,sex_f,age_aggregate_total,mts_details_union,2016,258.322
zaf,sex_f,age_aggregate_total,mts_details_union,2017,275.81
zaf,sex_f,age_aggregate_total,mts_details_union,2018,292.797
zaf,sex_f,age_aggregate_total,mts_details_union,2019,281.586
zaf,sex_f,age_aggregate_total,mts_details_union,2020,239.835
zaf,sex_f,age_aggregate_total,mts_details_union,2021,238.684
zaf,sex_f,age_aggregate_total,mts_details_union,2022,251.687
zaf,sex_f,age_aggregate_total,mts_details_union,2023,242.709
zaf,sex_f,age_aggregate_total,mts_details_union,2024,277.24
zaf,sex_f,age_aggregate_total,mts_details_wid,2000,112.549
zaf,sex_f,age_aggregate_total,mts_details_wid,2001,66.387
zaf,sex_f,age_aggregate_total,mts_details_wid,2002,55.005
zaf,sex_f,age_aggregate_total,mts_details_wid,2003,62.706
zaf,sex_f,age_aggregate_total,mts_details_wid,2004,94.117
zaf,sex_f,age_aggregate_total,mts_details_wid,2005,129.164
zaf,sex_f,age_aggregate_total,mts_details_wid,2006,125.113
zaf,sex_f,age_aggregate_total,mts_details_wid,2007,114.658
zaf,sex_f,age_aggregate_total,mts_details_wid,2008,184.346
zaf,sex_f,age_aggregate_total,mts_details_wid,2009,176.179
zaf,sex_f,age_aggregate_total,mts_details_wid,2010,174.345
zaf,sex_f,age_aggregate_total,mts_details_wid,2011,159.223
zaf,sex_f,age_aggregate_total,mts_details_wid,2012,145.665
zaf,sex_f,age_aggregate_total,mts_details_wid,2013,154.278
zaf,sex_f,age_aggregate_total,mts_details_wid,2014,167.182
zaf,sex_f,age_aggregate_total,mts_details_wid,2015,155.538
zaf,sex_f,age_aggregate_total,mts_details_wid,2016,148.153
zaf,sex_f,age_aggregate_total,mts_details_wid,2017,170.999
zaf,sex_f,age_aggregate_total,mts_details_wid,2018,173.366
zaf,sex_f,age_aggregate_total,mts_details_wid,2019,166.86
zaf,sex_f,age_aggregate_total,mts_details_wid,2020,113.996
zaf,sex_f,age_aggregate_total,mts_details_wid,2021,102.888
zaf,sex_f,age_aggregate_total,mts_details_wid,2022,102.102
zaf,sex_f,age_aggregate_total,mts_details_wid,2023,121.64
zaf,sex_f,age_aggregate_total,mts_details_wid,2024,132.972
zaf,sex_f,age_aggregate_y15_24,mts_aggregate_1,2000,48.856
zaf,sex_f,age_aggregate_y15_24,mts_aggregate_1,2001,122.93
zaf,sex_f,age_aggregate_y15_24,mts_aggregate_1,2002,76.982
zaf,sex_f,age_aggregate_y15_24,mts_aggregate_1,2003,57.804
zaf,sex_f,age_aggregate_y15_24,mts_aggregate_1,2004,62.472
zaf,sex_f,age_aggregate_y15_24,mts_aggregate_1,2005,68.116
zaf,sex_f,age_aggregate_y15_24,mts_aggregate_1,2006,75.515
zaf,sex_f,age_aggregate_y15_24,mts_aggregate_1,2007,48.956
zaf,sex_f,age_aggregate_y15_24,mts_aggregate_1,2008,208.104
zaf,sex_f,age_aggregate_y15_24,mts_aggregate_1,2009,173.131
zaf,sex_f,age_aggregate_y15_24,mts_aggregate_1,2010,149.358
zaf,sex_f,age_aggregate_y15_24,mts_aggregate_1,2011,143.026
zaf,sex_f,age_aggregate_y15_24,mts_aggregate_1,2012,127.363
zaf,sex_f,age_aggregate_y15_24,mts_aggregate_1,2013,145.213
zaf,sex_f,age_aggregate_y15_24,mts_aggregate_1,2014,134.246
zaf,sex_f,age_aggregate_y15_24,mts_aggregate_1,2015,146.159
zaf,sex_f,age_aggregate_y15_24,mts_aggregate_1,2016,116.714
zaf,sex_f,age_aggregate_y15_24,mts_aggregate_1,2017,125.801
zaf,sex_f,age_aggregate_y15_24,mts_aggregate_1,2018,126.231
zaf,sex_f,age_aggregate_y15_24,mts_aggregate_1,2019,117.398
zaf,sex_f,age_aggregate_y15_24,mts_aggregate_1,2020,88.591
zaf,sex_f,age_aggregate_y15_24,mts_aggregate_1,2021,74.914
zaf,sex_f,age_aggregate_y15_24,mts_aggregate_1,2022,95.44
zaf,sex_f,age_aggregate_y15_24,mts_aggregate_1,2023,115.513
zaf,sex_f,age_aggregate_y15_24,mts_aggregate_1,2024,129.719
zaf,sex_f,age_aggregate_y15_24,mts_aggregate_2,2000,87.914
zaf,sex_f,age_aggregate_y15_24,mts_aggregate_2,2001,33.829
zaf,sex_f,age_aggregate_y15_24,mts_aggregate_2,2002,18.151
zaf,sex_f,age_aggregate_y15_24,mts_aggregate_2,2003,19.993
zaf,sex_f,age_aggregate_y15_24,mts_aggregate_2,2004,22.676
zaf,sex_f,age_aggregate_y15_24,mts_aggregate_2,2005,20.964
zaf,sex_f,age_aggregate_y15_24,mts_aggregate_2,2006,24.703
zaf,sex_f,age_aggregate_y15_24,mts_aggregate_2,2007,25.471
zaf,sex_f,age_aggregate_y15_24,mts_aggregate_2,2008,45.464
zaf,sex_f,age_aggregate_y15_24,mts_aggregate_2,2009,36.723
zaf,sex_f,age_aggregate_y15_24,mts_aggregate_2,2010,37.878
zaf,sex_f,age_aggregate_y15_24,mts_aggregate_2,2011,35.907
zaf,sex_f,age_aggregate_y15_24,mts_aggregate_2,2012,33.097
zaf,sex_f,age_aggregate_y15_24,mts_aggregate_2,2013,34.025
zaf,sex_f,age_aggregate_y15_24,mts_aggregate_2,2014,34.173
zaf,sex_f,age_aggregate_y15_24,mts_aggregate_2,2015,32.01
zaf,sex_f,age_aggregate_y15_24,mts_aggregate_2,2016,38.24
zaf,sex_f,age_aggregate_y15_24,mts_aggregate_2,2017,32.06
zaf,sex_f,age_aggregate_y15_24,mts_aggregate_2,2018,31.371
zaf,sex_f,age_aggregate_y15_24,mts_aggregate_2,2019,28.578
zaf,sex_f,age_aggregate_y15_24,mts_aggregate_2,2020,21.834
zaf,sex_f,age_aggregate_y15_24,mts_aggregate_2,2021,20.181
zaf,sex_f,age_aggregate_y15_24,mts_aggregate_2,2022,23.514
zaf,sex_f,age_aggregate_y15_24,mts_aggregate_2,2023,31.521
zaf,sex_f,age_aggregate_y15_24,mts_aggregate_2,2024,24.496
zaf,sex_f,age_aggregate_y15_24,mts_aggregate_total,2000,137.136
zaf,sex_f,age_aggregate_y15_24,mts_aggregate_total,2001,156.759
zaf,sex_f,age_aggregate_y15_24,mts_aggregate_total,2002,95.133
zaf,sex_f,age_aggregate_y15_24,mts_aggregate_total,2003,77.796
zaf,sex_f,age_aggregate_y15_24,mts_aggregate_total,2004,85.148
zaf,sex_f,age_aggregate_y15_24,mts_aggregate_total,2005,89.124
zaf,sex_f,age_aggregate_y15_24,mts_aggregate_total,2006,100.219
zaf,sex_f,age_aggregate_y15_24,mts_aggregate_total,2007,74.427
zaf,sex_f,age_aggregate_y15_24,mts_aggregate_total,2008,253.568
zaf,sex_f,age_aggregate_y15_24,mts_aggregate_total,2009,209.854
zaf,sex_f,age_aggregate_y15_24,mts_aggregate_total,2010,187.236
zaf,sex_f,age_aggregate_y15_24,mts_aggregate_total,2011,178.932
zaf,sex_f,age_aggregate_y15_24,mts_aggregate_total,2012,160.46
zaf,sex_f,age_aggregate_y15_24,mts_aggregate_total,2013,179.239
zaf,sex_f,age_aggregate_y15_24,mts_aggregate_total,2014,168.419
zaf,sex_f,age_aggregate_y15_24,mts_aggregate_total,2015,178.169
zaf,sex_f,age_aggregate_y15_24,mts_aggregate_total,2016,154.953
zaf,sex_f,age_aggregate_y15_24,mts_aggregate_total,2017,157.862
zaf,sex_f,age_aggregate_y15_24,mts_aggregate_total,2018,157.603
zaf,sex_f,age_aggregate_y15_24,mts_aggregate_total,2019,145.976
zaf,sex_f,age_aggregate_y15_24,mts_aggregate_total,2020,110.426
zaf,sex_f,age_aggregate_y15_24,mts_aggregate_total,2021,95.095
zaf,sex_f,age_aggregate_y15_24,mts_aggregate_total,2022,118.954
zaf,sex_f,age_aggregate_y15_24,mts_aggregate_total,2023,147.034
zaf,sex_f,age_aggregate_y15_24,mts_aggregate_total,2024,154.215
zaf,sex_f,age_aggregate_y15_24,mts_details_mrd,2000,73.734
zaf,sex_f,age_aggregate_y15_24,mts_details_mrd,2001,32.683
zaf,sex_f,age_aggregate_y15_24,mts_details_mrd,2002,18.151
zaf,sex_f,age_aggregate_y15_24,mts_details_mrd,2003,19.868
zaf,sex_f,age_aggregate_y15_24,mts_details_mrd,2004,13.999
zaf,sex_f,age_aggregate_y15_24,mts_details_mrd,2005,9.293
zaf,sex_f,age_aggregate_y15_24,mts_details_mrd,2006,8.968
zaf,sex_f,age_aggregate_y15_24,mts_details_mrd,2007,8.399
zaf,sex_f,age_aggregate_y15_24,mts_details_mrd,2008,16.427
zaf,sex_f,age_aggregate_y15_24,mts_details_mrd,2009,14.996
zaf,sex_f,age_aggregate_y15_24,mts_details_mrd,2010,13.7
zaf,sex_f,age_aggregate_y15_24,mts_details_mrd,2011,13.887
zaf,sex_f,age_aggregate_y15_24,mts_details_mrd,2012,13.439
zaf,sex_f,age_aggregate_y15_24,mts_details_mrd,2013,12.184
zaf,sex_f,age_aggregate_y15_24,mts_details_mrd,2014,12.82
zaf,sex_f,age_aggregate_y15_24,mts_details_mrd,2015,14.223
zaf,sex_f,age_aggregate_y15_24,mts_details_mrd,2016,15.907
zaf,sex_f,age_aggregate_y15_24,mts_details_mrd,2017,12.908
zaf,sex_f,age_aggregate_y15_24,mts_details_mrd,2018,12.405
zaf,sex_f,age_aggregate_y15_24,mts_details_mrd,2019,12.77
zaf,sex_f,age_aggregate_y15_24,mts_details_mrd,2020,9.836
zaf,sex_f,age_aggregate_y15_24,mts_details_mrd,2021,4.788
zaf,sex_f,age_aggregate_y15_24,mts_details_mrd,2022,8.57
zaf,sex_f,age_aggregate_y15_24,mts_details_mrd,2023,9.919
zaf,sex_f,age_aggregate_y15_24,mts_details_mrd,2024,7
zaf,sex_f,age_aggregate_y15_24,mts_details_sep,2000,48.189
zaf,sex_f,age_aggregate_y15_24,mts_details_sep,2001,122.204
zaf,sex_f,age_aggregate_y15_24,mts_details_sep,2002,76.344
zaf,sex_f,age_aggregate_y15_24,mts_details_sep,2003,57.804
zaf,sex_f,age_aggregate_y15_24,mts_details_sep,2004,30.439
zaf,sex_f,age_aggregate_y15_24,mts_details_sep,2008,1.086
zaf,sex_f,age_aggregate_y15_24,mts_details_sep,2009,1.254
zaf,sex_f,age_aggregate_y15_24,mts_details_sep,2013,0.597
zaf,sex_f,age_aggregate_y15_24,mts_details_sep,2018,0.885
zaf,sex_f,age_aggregate_y15_24,mts_details_sgle,2004,30.808
zaf,sex_f,age_aggregate_y15_24,mts_details_sgle,2005,67.489
zaf,sex_f,age_aggregate_y15_24,mts_details_sgle,2006,75.334
zaf,sex_f,age_aggregate_y15_24,mts_details_sgle,2007,48.687
zaf,sex_f,age_aggregate_y15_24,mts_details_sgle,2008,206.79
zaf,sex_f,age_aggregate_y15_24,mts_details_sgle,2009,171.291
zaf,sex_f,age_aggregate_y15_24,mts_details_sgle,2010,148.775
zaf,sex_f,age_aggregate_y15_24,mts_details_sgle,2011,142.677
zaf,sex_f,age_aggregate_y15_24,mts_details_sgle,2012,126.906
zaf,sex_f,age_aggregate_y15_24,mts_details_sgle,2013,144.616
zaf,sex_f,age_aggregate_y15_24,mts_details_sgle,2014,134.03
zaf,sex_f,age_aggregate_y15_24,mts_details_sgle,2015,145.495
zaf,sex_f,age_aggregate_y15_24,mts_details_sgle,2016,116.714
zaf,sex_f,age_aggregate_y15_24,mts_details_sgle,2017,124.88
zaf,sex_f,age_aggregate_y15_24,mts_details_sgle,2018,125.124
zaf,sex_f,age_aggregate_y15_24,mts_details_sgle,2019,117.182
zaf,sex_f,age_aggregate_y15_24,mts_details_sgle,2020,88.591
zaf,sex_f,age_aggregate_y15_24,mts_details_sgle,2021,74.914
zaf,sex_f,age_aggregate_y15_24,mts_details_sgle,2022,95.265
zaf,sex_f,age_aggregate_y15_24,mts_details_sgle,2023,115.144
zaf,sex_f,age_aggregate_y15_24,mts_details_sgle,2024,129.527
zaf,sex_f,age_aggregate_y15_24,mts_details_total,2000,137.136
zaf,sex_f,age_aggregate_y15_24,mts_details_total,2001,156.759
zaf,sex_f,age_aggregate_y15_24,mts_details_total,2002,95.133
zaf,sex_f,age_aggregate_y15_24,mts_details_total,2003,77.796
zaf,sex_f,age_aggregate_y15_24,mts_details_total,2004,85.148
zaf,sex_f,age_aggregate_y15_24,mts_details_total,2005,89.124
zaf,sex_f,age_aggregate_y15_24,mts_details_total,2006,100.219
zaf,sex_f,age_aggregate_y15_24,mts_details_total,2007,74.427
zaf,sex_f,age_aggregate_y15_24,mts_details_total,2008,253.568
zaf,sex_f,age_aggregate_y15_24,mts_details_total,2009,209.854
zaf,sex_f,age_aggregate_y15_24,mts_details_total,2010,187.236
zaf,sex_f,age_aggregate_y15_24,mts_details_total,2011,178.932
zaf,sex_f,age_aggregate_y15_24,mts_details_total,2012,160.46
zaf,sex_f,age_aggregate_y15_24,mts_details_total,2013,179.239
zaf,sex_f,age_aggregate_y15_24,mts_details_total,2014,168.419
zaf,sex_f,age_aggregate_y15_24,mts_details_total,2015,178.169
zaf,sex_f,age_aggregate_y15_24,mts_details_total,2016,154.953
zaf,sex_f,age_aggregate_y15_24,mts_details_total,2017,157.862
zaf,sex_f,age_aggregate_y15_24,mts_details_total,2018,157.603
zaf,sex_f,age_aggregate_y15_24,mts_details_total,2019,145.976
zaf,sex_f,age_aggregate_y15_24,mts_details_total,2020,110.426
zaf,sex_f,age_aggregate_y15_24,mts_details_total,2021,95.095
zaf,sex_f,age_aggregate_y15_24,mts_details_total,2022,118.954
zaf,sex_f,age_aggregate_y15_24,mts_details_total,2023,147.034
zaf,sex_f,age_aggregate_y15_24,mts_details_total,2024,154.215
zaf,sex_f,age_aggregate_y15_24,mts_details_union,2000,14.18
zaf,sex_f,age_aggregate_y15_24,mts_details_union,2001,1.146
zaf,sex_f,age_aggregate_y15_24,mts_details_union,2004,8.678
zaf,sex_f,age_aggregate_y15_24,mts_details_union,2005,11.671
zaf,sex_f,age_aggregate_y15_24,mts_details_union,2006,15.735
zaf,sex_f,age_aggregate_y15_24,mts_details_union,2007,17.073
zaf,sex_f,age_aggregate_y15_24,mts_details_union,2008,29.037
zaf,sex_f,age_aggregate_y15_24,mts_details_union,2009,21.727
zaf,sex_f,age_aggregate_y15_24,mts_details_union,2010,24.178
zaf,sex_f,age_aggregate_y15_24,mts_details_union,2011,22.02
zaf,sex_f,age_aggregate_y15_24,mts_details_union,2012,19.658
zaf,sex_f,age_aggregate_y15_24,mts_details_union,2013,21.842
zaf,sex_f,age_aggregate_y15_24,mts_details_union,2014,21.353
zaf,sex_f,age_aggregate_y15_24,mts_details_union,2015,17.787
zaf,sex_f,age_aggregate_y15_24,mts_details_union,2016,22.333
zaf,sex_f,age_aggregate_y15_24,mts_details_union,2017,19.152
zaf,sex_f,age_aggregate_y15_24,mts_details_union,2018,18.967
zaf,sex_f,age_aggregate_y15_24,mts_details_union,2019,15.809
zaf,sex_f,age_aggregate_y15_24,mts_details_union,2020,11.999
zaf,sex_f,age_aggregate_y15_24,mts_details_union,2021,15.393
zaf,sex_f,age_aggregate_y15_24,mts_details_union,2022,14.944
zaf,sex_f,age_aggregate_y15_24,mts_details_union,2023,21.602
zaf,sex_f,age_aggregate_y15_24,mts_details_union,2024,17.496
zaf,sex_f,age_aggregate_y25_54,mts_aggregate_1,2000,256.226
zaf,sex_f,age_aggregate_y25_54,mts_aggregate_1,2001,327.505
zaf,sex_f,age_aggregate_y25_54,mts_aggregate_1,2002,229.084
zaf,sex_f,age_aggregate_y25_54,mts_aggregate_1,2003,250.549
zaf,sex_f,age_aggregate_y25_54,mts_aggregate_1,2004,272.675
zaf,sex_f,age_aggregate_y25_54,mts_aggregate_1,2005,363.125
zaf,sex_f,age_aggregate_y25_54,mts_aggregate_1,2006,359.409
zaf,sex_f,age_aggregate_y25_54,mts_aggregate_1,2007,364.957
zaf,sex_f,age_aggregate_y25_54,mts_aggregate_1,2008,883.46
zaf,sex_f,age_aggregate_y25_54,mts_aggregate_1,2009,865.819
zaf,sex_f,age_aggregate_y25_54,mts_aggregate_1,2010,812.961
zaf,sex_f,age_aggregate_y25_54,mts_aggregate_1,2011,829.01
zaf,sex_f,age_aggregate_y25_54,mts_aggregate_1,2012,831.64
zaf,sex_f,age_aggregate_y25_54,mts_aggregate_1,2013,863.085
zaf,sex_f,age_aggregate_y25_54,mts_aggregate_1,2014,857.81
zaf,sex_f,age_aggregate_y25_54,mts_aggregate_1,2015,921.907
zaf,sex_f,age_aggregate_y25_54,mts_aggregate_1,2016,902.108
zaf,sex_f,age_aggregate_y25_54,mts_aggregate_1,2017,953.73
zaf,sex_f,age_aggregate_y25_54,mts_aggregate_1,2018,988.316
zaf,sex_f,age_aggregate_y25_54,mts_aggregate_1,2019,962.697
zaf,sex_f,age_aggregate_y25_54,mts_aggregate_1,2020,794.458
zaf,sex_f,age_aggregate_y25_54,mts_aggregate_1,2021,788.178
zaf,sex_f,age_aggregate_y25_54,mts_aggregate_1,2022,908.769
zaf,sex_f,age_aggregate_y25_54,mts_aggregate_1,2023,957.616
zaf,sex_f,age_aggregate_y25_54,mts_aggregate_1,2024,1021.962
zaf,sex_f,age_aggregate_y25_54,mts_aggregate_2,2000,765.836
zaf,sex_f,age_aggregate_y25_54,mts_aggregate_2,2001,618.794
zaf,sex_f,age_aggregate_y25_54,mts_aggregate_2,2002,418.104
zaf,sex_f,age_aggregate_y25_54,mts_aggregate_2,2003,437.262
zaf,sex_f,age_aggregate_y25_54,mts_aggregate_2,2004,379.675
zaf,sex_f,age_aggregate_y25_54,mts_aggregate_2,2005,410.874
zaf,sex_f,age_aggregate_y25_54,mts_aggregate_2,2006,377.767
zaf,sex_f,age_aggregate_y25_54,mts_aggregate_2,2007,358.502
zaf,sex_f,age_aggregate_y25_54,mts_aggregate_2,2008,802.443
zaf,sex_f,age_aggregate_y25_54,mts_aggregate_2,2009,762.381
zaf,sex_f,age_aggregate_y25_54,mts_aggregate_2,2010,729.953
zaf,sex_f,age_aggregate_y25_54,mts_aggregate_2,2011,669.785
zaf,sex_f,age_aggregate_y25_54,mts_aggregate_2,2012,673.344
zaf,sex_f,age_aggregate_y25_54,mts_aggregate_2,2013,696.633
zaf,sex_f,age_aggregate_y25_54,mts_aggregate_2,2014,674.223
zaf,sex_f,age_aggregate_y25_54,mts_aggregate_2,2015,737.922
zaf,sex_f,age_aggregate_y25_54,mts_aggregate_2,2016,729.643
zaf,sex_f,age_aggregate_y25_54,mts_aggregate_2,2017,737.656
zaf,sex_f,age_aggregate_y25_54,mts_aggregate_2,2018,754.037
zaf,sex_f,age_aggregate_y25_54,mts_aggregate_2,2019,779.89
zaf,sex_f,age_aggregate_y25_54,mts_aggregate_2,2020,623.01
zaf,sex_f,age_aggregate_y25_54,mts_aggregate_2,2021,603.239
zaf,sex_f,age_aggregate_y25_54,mts_aggregate_2,2022,629.574
zaf,sex_f,age_aggregate_y25_54,mts_aggregate_2,2023,648.472
zaf,sex_f,age_aggregate_y25_54,mts_aggregate_2,2024,716.488
zaf,sex_f,age_aggregate_y25_54,mts_aggregate_total,2000,1022.104
zaf,sex_f,age_aggregate_y25_54,mts_aggregate_total,2001,946.668
zaf,sex_f,age_aggregate_y25_54,mts_aggregate_total,2002,647.188
zaf,sex_f,age_aggregate_y25_54,mts_aggregate_total,2003,687.811
zaf,sex_f,age_aggregate_y25_54,mts_aggregate_total,2004,652.35
zaf,sex_f,age_aggregate_y25_54,mts_aggregate_total,2005,774.147
zaf,sex_f,age_aggregate_y25_54,mts_aggregate_total,2006,737.175
zaf,sex_f,age_aggregate_y25_54,mts_aggregate_total,2007,723.745
zaf,sex_f,age_aggregate_y25_54,mts_aggregate_total,2008,1685.903
zaf,sex_f,age_aggregate_y25_54,mts_aggregate_total,2009,1628.2
zaf,sex_f,age_aggregate_y25_54,mts_aggregate_total,2010,1542.914
zaf,sex_f,age_aggregate_y25_54,mts_aggregate_total,2011,1498.794
zaf,sex_f,age_aggregate_y25_54,mts_aggregate_total,2012,1504.984
zaf,sex_f,age_aggregate_y25_54,mts_aggregate_total,2013,1559.718
zaf,sex_f,age_aggregate_y25_54,mts_aggregate_total,2014,1532.033
zaf,sex_f,age_aggregate_y25_54,mts_aggregate_total,2015,1659.829
zaf,sex_f,age_aggregate_y25_54,mts_aggregate_total,2016,1631.751
zaf,sex_f,age_aggregate_y25_54,mts_aggregate_total,2017,1691.386
zaf,sex_f,age_aggregate_y25_54,mts_aggregate_total,2018,1742.353
zaf,sex_f,age_aggregate_y25_54,mts_aggregate_total,2019,1742.587
zaf,sex_f,age_aggregate_y25_54,mts_aggregate_total,2020,1417.468
zaf,sex_f,age_aggregate_y25_54,mts_aggregate_total,2021,1391.417
zaf,sex_f,age_aggregate_y25_54,mts_aggregate_total,2022,1538.343
zaf,sex_f,age_aggregate_y25_54,mts_aggregate_total,2023,1606.088
zaf,sex_f,age_aggregate_y25_54,mts_aggregate_total,2024,1738.45
zaf,sex_f,age_aggregate_y25_54,mts_details_mrd,2000,444.552
zaf,sex_f,age_aggregate_y25_54,mts_details_mrd,2001,534.322
zaf,sex_f,age_aggregate_y25_54,mts_details_mrd,2002,352.694
zaf,sex_f,age_aggregate_y25_54,mts_details_mrd,2003,371.814
zaf,sex_f,age_aggregate_y25_54,mts_details_mrd,2004,313.546
zaf,sex_f,age_aggregate_y25_54,mts_details_mrd,2005,307.055
zaf,sex_f,age_aggregate_y25_54,mts_details_mrd,2006,288.982
zaf,sex_f,age_aggregate_y25_54,mts_details_mrd,2007,280.124
zaf,sex_f,age_aggregate_y25_54,mts_details_mrd,2008,562.284
zaf,sex_f,age_aggregate_y25_54,mts_details_mrd,2009,517.97
zaf,sex_f,age_aggregate_y25_54,mts_details_mrd,2010,507.461
zaf,sex_f,age_aggregate_y25_54,mts_details_mrd,2011,469.639
zaf,sex_f,age_aggregate_y25_54,mts_details_mrd,2012,471.645
zaf,sex_f,age_aggregate_y25_54,mts_details_mrd,2013,487.719
zaf,sex_f,age_aggregate_y25_54,mts_details_mrd,2014,478.723
zaf,sex_f,age_aggregate_y25_54,mts_details_mrd,2015,497.858
zaf,sex_f,age_aggregate_y25_54,mts_details_mrd,2016,503.392
zaf,sex_f,age_aggregate_y25_54,mts_details_mrd,2017,496.18
zaf,sex_f,age_aggregate_y25_54,mts_details_mrd,2018,492.502
zaf,sex_f,age_aggregate_y25_54,mts_details_mrd,2019,524.104
zaf,sex_f,age_aggregate_y25_54,mts_details_mrd,2020,407.248
zaf,sex_f,age_aggregate_y25_54,mts_details_mrd,2021,390.242
zaf,sex_f,age_aggregate_y25_54,mts_details_mrd,2022,406.692
zaf,sex_f,age_aggregate_y25_54,mts_details_mrd,2023,441.753
zaf,sex_f,age_aggregate_y25_54,mts_details_mrd,2024,472.308
zaf,sex_f,age_aggregate_y25_54,mts_details_sep,2000,182.985
zaf,sex_f,age_aggregate_y25_54,mts_details_sep,2001,274.186
zaf,sex_f,age_aggregate_y25_54,mts_details_sep,2002,181.673
zaf,sex_f,age_aggregate_y25_54,mts_details_sep,2003,195.794
zaf,sex_f,age_aggregate_y25_54,mts_details_sep,2004,112.169
zaf,sex_f,age_aggregate_y25_54,mts_details_sep,2005,44.267
zaf,sex_f,age_aggregate_y25_54,mts_details_sep,2006,36.962
zaf,sex_f,age_aggregate_y25_54,mts_details_sep,2007,38.025
zaf,sex_f,age_aggregate_y25_54,mts_details_sep,2008,80.728
zaf,sex_f,age_aggregate_y25_54,mts_details_sep,2009,72.03
zaf,sex_f,age_aggregate_y25_54,mts_details_sep,2010,70.758
zaf,sex_f,age_aggregate_y25_54,mts_details_sep,2011,58.52
zaf,sex_f,age_aggregate_y25_54,mts_details_sep,2012,73.088
zaf,sex_f,age_aggregate_y25_54,mts_details_sep,2013,69.741
zaf,sex_f,age_aggregate_y25_54,mts_details_sep,2014,57.646
zaf,sex_f,age_aggregate_y25_54,mts_details_sep,2015,62.797
zaf,sex_f,age_aggregate_y25_54,mts_details_sep,2016,62.078
zaf,sex_f,age_aggregate_y25_54,mts_details_sep,2017,59.184
zaf,sex_f,age_aggregate_y25_54,mts_details_sep,2018,50.752
zaf,sex_f,age_aggregate_y25_54,mts_details_sep,2019,59.017
zaf,sex_f,age_aggregate_y25_54,mts_details_sep,2020,42.767
zaf,sex_f,age_aggregate_y25_54,mts_details_sep,2021,44.942
zaf,sex_f,age_aggregate_y25_54,mts_details_sep,2022,49.389
zaf,sex_f,age_aggregate_y25_54,mts_details_sep,2023,52.336
zaf,sex_f,age_aggregate_y25_54,mts_details_sep,2024,50.728
zaf,sex_f,age_aggregate_y25_54,mts_details_sgle,2004,97.772
zaf,sex_f,age_aggregate_y25_54,mts_details_sgle,2005,247.112
zaf,sex_f,age_aggregate_y25_54,mts_details_sgle,2006,249.809
zaf,sex_f,age_aggregate_y25_54,mts_details_sgle,2007,264.228
zaf,sex_f,age_aggregate_y25_54,mts_details_sgle,2008,687.161
zaf,sex_f,age_aggregate_y25_54,mts_details_sgle,2009,676.965
zaf,sex_f,age_aggregate_y25_54,mts_details_sgle,2010,633.898
zaf,sex_f,age_aggregate_y25_54,mts_details_sgle,2011,668.999
zaf,sex_f,age_aggregate_y25_54,mts_details_sgle,2012,664.238
zaf,sex_f,age_aggregate_y25_54,mts_details_sgle,2013,709.181
zaf,sex_f,age_aggregate_y25_54,mts_details_sgle,2014,707.374
zaf,sex_f,age_aggregate_y25_54,mts_details_sgle,2015,770.858
zaf,sex_f,age_aggregate_y25_54,mts_details_sgle,2016,756.504
zaf,sex_f,age_aggregate_y25_54,mts_details_sgle,2017,800.506
zaf,sex_f,age_aggregate_y25_54,mts_details_sgle,2018,845.966
zaf,sex_f,age_aggregate_y25_54,mts_details_sgle,2019,812.187
zaf,sex_f,age_aggregate_y25_54,mts_details_sgle,2020,688.224
zaf,sex_f,age_aggregate_y25_54,mts_details_sgle,2021,683.493
zaf,sex_f,age_aggregate_y25_54,mts_details_sgle,2022,810.76
zaf,sex_f,age_aggregate_y25_54,mts_details_sgle,2023,847.424
zaf,sex_f,age_aggregate_y25_54,mts_details_sgle,2024,913.789
zaf,sex_f,age_aggregate_y25_54,mts_details_total,2000,1022.104
zaf,sex_f,age_aggregate_y25_54,mts_details_total,2001,946.668
zaf,sex_f,age_aggregate_y25_54,mts_details_total,2002,647.188
zaf,sex_f,age_aggregate_y25_54,mts_details_total,2003,687.811
zaf,sex_f,age_aggregate_y25_54,mts_details_total,2004,652.35
zaf,sex_f,age_aggregate_y25_54,mts_details_total,2005,774.147
zaf,sex_f,age_aggregate_y25_54,mts_details_total,2006,737.175
zaf,sex_f,age_aggregate_y25_54,mts_details_total,2007,723.745
zaf,sex_f,age_aggregate_y25_54,mts_details_total,2008,1685.903
zaf,sex_f,age_aggregate_y25_54,mts_details_total,2009,1628.2
zaf,sex_f,age_aggregate_y25_54,mts_details_total,2010,1542.914
zaf,sex_f,age_aggregate_y25_54,mts_details_total,2011,1498.794
zaf,sex_f,age_aggregate_y25_54,mts_details_total,2012,1504.984
zaf,sex_f,age_aggregate_y25_54,mts_details_total,2013,1559.718
zaf,sex_f,age_aggregate_y25_54,mts_details_total,2014,1532.033
zaf,sex_f,age_aggregate_y25_54,mts_details_total,2015,1659.829
zaf,sex_f,age_aggregate_y25_54,mts_details_total,2016,1631.751
zaf,sex_f,age_aggregate_y25_54,mts_details_total,2017,1691.386
zaf,sex_f,age_aggregate_y25_54,mts_details_total,2018,1742.353
zaf,sex_f,age_aggregate_y25_54,mts_details_total,2019,1742.587
zaf,sex_f,age_aggregate_y25_54,mts_details_total,2020,1417.468
zaf,sex_f,age_aggregate_y25_54,mts_details_total,2021,1391.417
zaf,sex_f,age_aggregate_y25_54,mts_details_total,2022,1538.343
zaf,sex_f,age_aggregate_y25_54,mts_details_total,2023,1606.088
zaf,sex_f,age_aggregate_y25_54,mts_details_total,2024,1738.45
zaf,sex_f,age_aggregate_y25_54,mts_details_union,2000,321.284
zaf,sex_f,age_aggregate_y25_54,mts_details_union,2001,84.472
zaf,sex_f,age_aggregate_y25_54,mts_details_union,2002,65.41
zaf,sex_f,age_aggregate_y25_54,mts_details_union,2003,65.447
zaf,sex_f,age_aggregate_y25_54,mts_details_union,2004,66.129
zaf,sex_f,age_aggregate_y25_54,mts_details_union,2005,103.82
zaf,sex_f,age_aggregate_y25_54,mts_details_union,2006,88.784
zaf,sex_f,age_aggregate_y25_54,mts_details_union,2007,78.378
zaf,sex_f,age_aggregate_y25_54,mts_details_union,2008,240.159
zaf,sex_f,age_aggregate_y25_54,mts_details_union,2009,244.411
zaf,sex_f,age_aggregate_y25_54,mts_details_union,2010,222.493
zaf,sex_f,age_aggregate_y25_54,mts_details_union,2011,200.146
zaf,sex_f,age_aggregate_y25_54,mts_details_union,2012,201.699
zaf,sex_f,age_aggregate_y25_54,mts_details_union,2013,208.914
zaf,sex_f,age_aggregate_y25_54,mts_details_union,2014,195.5
zaf,sex_f,age_aggregate_y25_54,mts_details_union,2015,240.064
zaf,sex_f,age_aggregate_y25_54,mts_details_union,2016,226.252
zaf,sex_f,age_aggregate_y25_54,mts_details_union,2017,241.476
zaf,sex_f,age_aggregate_y25_54,mts_details_union,2018,261.536
zaf,sex_f,age_aggregate_y25_54,mts_details_union,2019,255.787
zaf,sex_f,age_aggregate_y25_54,mts_details_union,2020,215.762
zaf,sex_f,age_aggregate_y25_54,mts_details_union,2021,212.996
zaf,sex_f,age_aggregate_y25_54,mts_details_union,2022,222.882
zaf,sex_f,age_aggregate_y25_54,mts_details_union,2023,206.719
zaf,sex_f,age_aggregate_y25_54,mts_details_union,2024,244.18
zaf,sex_f,age_aggregate_y25_54,mts_details_wid,2000,73.241
zaf,sex_f,age_aggregate_y25_54,mts_details_wid,2001,53.319
zaf,sex_f,age_aggregate_y25_54,mts_details_wid,2002,47.411
zaf,sex_f,age_aggregate_y25_54,mts_details_wid,2003,54.755
zaf,sex_f,age_aggregate_y25_54,mts_details_wid,2004,62.734
zaf,sex_f,age_aggregate_y25_54,mts_details_wid,2005,71.745
zaf,sex_f,age_aggregate_y25_54,mts_details_wid,2006,72.638
zaf,sex_f,age_aggregate_y25_54,mts_details_wid,2007,62.703
zaf,sex_f,age_aggregate_y25_54,mts_details_wid,2008,115.571
zaf,sex_f,age_aggregate_y25_54,mts_details_wid,2009,116.824
zaf,sex_f,age_aggregate_y25_54,mts_details_wid,2010,108.304
zaf,sex_f,age_aggregate_y25_54,mts_details_wid,2011,101.491
zaf,sex_f,age_aggregate_y25_54,mts_details_wid,2012,94.314
zaf,sex_f,age_aggregate_y25_54,mts_details_wid,2013,84.164
zaf,sex_f,age_aggregate_y25_54,mts_details_wid,2014,92.79
zaf,sex_f,age_aggregate_y25_54,mts_details_wid,2015,88.252
zaf,sex_f,age_aggregate_y25_54,mts_details_wid,2016,83.526
zaf,sex_f,age_aggregate_y25_54,mts_details_wid,2017,94.04
zaf,sex_f,age_aggregate_y25_54,mts_details_wid,2018,91.598
zaf,sex_f,age_aggregate_y25_54,mts_details_wid,2019,91.492
zaf,sex_f,age_aggregate_y25_54,mts_details_wid,2020,63.467
zaf,sex_f,age_aggregate_y25_54,mts_details_wid,2021,59.743
zaf,sex_f,age_aggregate_y25_54,mts_details_wid,2022,48.62
zaf,sex_f,age_aggregate_y25_54,mts_details_wid,2023,57.857
zaf,sex_f,age_aggregate_y25_54,mts_details_wid,2024,57.445
zaf,sex_f,age_aggregate_y55_64,mts_aggregate_1,2000,41.113
zaf,sex_f,age_aggregate_y55_64,mts_aggregate_1,2001,25.658
zaf,sex_f,age_aggregate_y55_64,mts_aggregate_1,2002,18.823
zaf,sex_f,age_aggregate_y55_64,mts_aggregate_1,2003,18.279
zaf,sex_f,age_aggregate_y55_64,mts_aggregate_1,2004,37.396
zaf,sex_f,age_aggregate_y55_64,mts_aggregate_1,2005,55.303
zaf,sex_f,age_aggregate_y55_64,mts_aggregate_1,2006,51.15
zaf,sex_f,age_aggregate_y55_64,mts_aggregate_1,2007,55.3
zaf,sex_f,age_aggregate_y55_64,mts_aggregate_1,2008,91.852
zaf,sex_f,age_aggregate_y55_64,mts_aggregate_1,2009,89.818
zaf,sex_f,age_aggregate_y55_64,mts_aggregate_1,2010,97.861
zaf,sex_f,age_aggregate_y55_64,mts_aggregate_1,2011,93.347
zaf,sex_f,age_aggregate_y55_64,mts_aggregate_1,2012,97.718
zaf,sex_f,age_aggregate_y55_64,mts_aggregate_1,2013,106.361
zaf,sex_f,age_aggregate_y55_64,mts_aggregate_1,2014,121.129
zaf,sex_f,age_aggregate_y55_64,mts_aggregate_1,2015,122.796
zaf,sex_f,age_aggregate_y55_64,mts_aggregate_1,2016,120.849
zaf,sex_f,age_aggregate_y55_64,mts_aggregate_1,2017,138.379
zaf,sex_f,age_aggregate_y55_64,mts_aggregate_1,2018,145.755
zaf,sex_f,age_aggregate_y55_64,mts_aggregate_1,2019,143.642
zaf,sex_f,age_aggregate_y55_64,mts_aggregate_1,2020,121.875
zaf,sex_f,age_aggregate_y55_64,mts_aggregate_1,2021,115.582
zaf,sex_f,age_aggregate_y55_64,mts_aggregate_1,2022,120.371
zaf,sex_f,age_aggregate_y55_64,mts_aggregate_1,2023,127.555
zaf,sex_f,age_aggregate_y55_64,mts_aggregate_1,2024,152.142
zaf,sex_f,age_aggregate_y55_64,mts_aggregate_2,2000,71.273
zaf,sex_f,age_aggregate_y55_64,mts_aggregate_2,2001,112.689
zaf,sex_f,age_aggregate_y55_64,mts_aggregate_2,2002,64.56
zaf,sex_f,age_aggregate_y55_64,mts_aggregate_2,2003,61.617
zaf,sex_f,age_aggregate_y55_64,mts_aggregate_2,2004,44.526
zaf,sex_f,age_aggregate_y55_64,mts_aggregate_2,2005,36.48
zaf,sex_f,age_aggregate_y55_64,mts_aggregate_2,2006,40.537
zaf,sex_f,age_aggregate_y55_64,mts_aggregate_2,2007,35.087
zaf,sex_f,age_aggregate_y55_64,mts_aggregate_2,2008,78.963
zaf,sex_f,age_aggregate_y55_64,mts_aggregate_2,2009,59.642
zaf,sex_f,age_aggregate_y55_64,mts_aggregate_2,2010,62.957
zaf,sex_f,age_aggregate_y55_64,mts_aggregate_2,2011,64.032
zaf,sex_f,age_aggregate_y55_64,mts_aggregate_2,2012,63.673
zaf,sex_f,age_aggregate_y55_64,mts_aggregate_2,2013,67.981
zaf,sex_f,age_aggregate_y55_64,mts_aggregate_2,2014,69.518
zaf,sex_f,age_aggregate_y55_64,mts_aggregate_2,2015,74.922
zaf,sex_f,age_aggregate_y55_64,mts_aggregate_2,2016,78.627
zaf,sex_f,age_aggregate_y55_64,mts_aggregate_2,2017,90.777
zaf,sex_f,age_aggregate_y55_64,mts_aggregate_2,2018,78.199
zaf,sex_f,age_aggregate_y55_64,mts_aggregate_2,2019,83.215
zaf,sex_f,age_aggregate_y55_64,mts_aggregate_2,2020,77.719
zaf,sex_f,age_aggregate_y55_64,mts_aggregate_2,2021,77.228
zaf,sex_f,age_aggregate_y55_64,mts_aggregate_2,2022,73.633
zaf,sex_f,age_aggregate_y55_64,mts_aggregate_2,2023,83.107
zaf,sex_f,age_aggregate_y55_64,mts_aggregate_2,2024,88.464
zaf,sex_f,age_aggregate_y55_64,mts_aggregate_total,2000,112.385
zaf,sex_f,age_aggregate_y55_64,mts_aggregate_total,2001,138.347
zaf,sex_f,age_aggregate_y55_64,mts_aggregate_total,2002,83.383
zaf,sex_f,age_aggregate_y55_64,mts_aggregate_total,2003,79.896
zaf,sex_f,age_aggregate_y55_64,mts_aggregate_total,2004,81.923
zaf,sex_f,age_aggregate_y55_64,mts_aggregate_total,2005,91.783
zaf,sex_f,age_aggregate_y55_64,mts_aggregate_total,2006,91.687
zaf,sex_f,age_aggregate_y55_64,mts_aggregate_total,2007,90.387
zaf,sex_f,age_aggregate_y55_64,mts_aggregate_total,2008,170.814
zaf,sex_f,age_aggregate_y55_64,mts_aggregate_total,2009,149.46
zaf,sex_f,age_aggregate_y55_64,mts_aggregate_total,2010,160.818
zaf,sex_f,age_aggregate_y55_64,mts_aggregate_total,2011,157.379
zaf,sex_f,age_aggregate_y55_64,mts_aggregate_total,2012,161.391
zaf,sex_f,age_aggregate_y55_64,mts_aggregate_total,2013,174.342
zaf,sex_f,age_aggregate_y55_64,mts_aggregate_total,2014,190.647
zaf,sex_f,age_aggregate_y55_64,mts_aggregate_total,2015,197.718
zaf,sex_f,age_aggregate_y55_64,mts_aggregate_total,2016,199.476
zaf,sex_f,age_aggregate_y55_64,mts_aggregate_total,2017,229.155
zaf,sex_f,age_aggregate_y55_64,mts_aggregate_total,2018,223.954
zaf,sex_f,age_aggregate_y55_64,mts_aggregate_total,2019,226.857
zaf,sex_f,age_aggregate_y55_64,mts_aggregate_total,2020,199.594
zaf,sex_f,age_aggregate_y55_64,mts_aggregate_total,2021,192.809
zaf,sex_f,age_aggregate_y55_64,mts_aggregate_total,2022,194.004
zaf,sex_f,age_aggregate_y55_64,mts_aggregate_total,2023,210.663
zaf,sex_f,age_aggregate_y55_64,mts_aggregate_total,2024,240.606
zaf,sex_f,age_aggregate_y55_64,mts_details_mrd,2000,32.687
zaf,sex_f,age_aggregate_y55_64,mts_details_mrd,2001,65.914
zaf,sex_f,age_aggregate_y55_64,mts_details_mrd,2002,34.523
zaf,sex_f,age_aggregate_y55_64,mts_details_mrd,2003,31.012
zaf,sex_f,age_aggregate_y55_64,mts_details_mrd,2004,31.458
zaf,sex_f,age_aggregate_y55_64,mts_details_mrd,2005,33.483
zaf,sex_f,age_aggregate_y55_64,mts_details_mrd,2006,38.962
zaf,sex_f,age_aggregate_y55_64,mts_details_mrd,2007,32.117
zaf,sex_f,age_aggregate_y55_64,mts_details_mrd,2008,69.502
zaf,sex_f,age_aggregate_y55_64,mts_details_mrd,2009,52.504
zaf,sex_f,age_aggregate_y55_64,mts_details_mrd,2010,56.249
zaf,sex_f,age_aggregate_y55_64,mts_details_mrd,2011,55.447
zaf,sex_f,age_aggregate_y55_64,mts_details_mrd,2012,55.54
zaf,sex_f,age_aggregate_y55_64,mts_details_mrd,2013,60.855
zaf,sex_f,age_aggregate_y55_64,mts_details_mrd,2014,63.432
zaf,sex_f,age_aggregate_y55_64,mts_details_mrd,2015,63.143
zaf,sex_f,age_aggregate_y55_64,mts_details_mrd,2016,69.815
zaf,sex_f,age_aggregate_y55_64,mts_details_mrd,2017,78.122
zaf,sex_f,age_aggregate_y55_64,mts_details_mrd,2018,66.918
zaf,sex_f,age_aggregate_y55_64,mts_details_mrd,2019,73.921
zaf,sex_f,age_aggregate_y55_64,mts_details_mrd,2020,66.401
zaf,sex_f,age_aggregate_y55_64,mts_details_mrd,2021,66.933
zaf,sex_f,age_aggregate_y55_64,mts_details_mrd,2022,61.775
zaf,sex_f,age_aggregate_y55_64,mts_details_mrd,2023,70.2
zaf,sex_f,age_aggregate_y55_64,mts_details_mrd,2024,74.735
zaf,sex_f,age_aggregate_y55_64,mts_details_sep,2000,16.548
zaf,sex_f,age_aggregate_y55_64,mts_details_sep,2001,15.226
zaf,sex_f,age_aggregate_y55_64,mts_details_sep,2002,13.092
zaf,sex_f,age_aggregate_y55_64,mts_details_sep,2003,11.855
zaf,sex_f,age_aggregate_y55_64,mts_details_sep,2004,10.392
zaf,sex_f,age_aggregate_y55_64,mts_details_sep,2005,7.921
zaf,sex_f,age_aggregate_y55_64,mts_details_sep,2006,6.833
zaf,sex_f,age_aggregate_y55_64,mts_details_sep,2007,7.84
zaf,sex_f,age_aggregate_y55_64,mts_details_sep,2008,11.401
zaf,sex_f,age_aggregate_y55_64,mts_details_sep,2009,14.782
zaf,sex_f,age_aggregate_y55_64,mts_details_sep,2010,15.335
zaf,sex_f,age_aggregate_y55_64,mts_details_sep,2011,11.91
zaf,sex_f,age_aggregate_y55_64,mts_details_sep,2012,17.045
zaf,sex_f,age_aggregate_y55_64,mts_details_sep,2013,20.067
zaf,sex_f,age_aggregate_y55_64,mts_details_sep,2014,18.577
zaf,sex_f,age_aggregate_y55_64,mts_details_sep,2015,20.098
zaf,sex_f,age_aggregate_y55_64,mts_details_sep,2016,14.656
zaf,sex_f,age_aggregate_y55_64,mts_details_sep,2017,18.524
zaf,sex_f,age_aggregate_y55_64,mts_details_sep,2018,19.819
zaf,sex_f,age_aggregate_y55_64,mts_details_sep,2019,19.847
zaf,sex_f,age_aggregate_y55_64,mts_details_sep,2020,19.035
zaf,sex_f,age_aggregate_y55_64,mts_details_sep,2021,15.946
zaf,sex_f,age_aggregate_y55_64,mts_details_sep,2022,11.915
zaf,sex_f,age_aggregate_y55_64,mts_details_sep,2023,9.628
zaf,sex_f,age_aggregate_y55_64,mts_details_sep,2024,15.933
zaf,sex_f,age_aggregate_y55_64,mts_details_sgle,2004,5.618
zaf,sex_f,age_aggregate_y55_64,mts_details_sgle,2005,15.001
zaf,sex_f,age_aggregate_y55_64,mts_details_sgle,2006,14.82
zaf,sex_f,age_aggregate_y55_64,mts_details_sgle,2007,13.007
zaf,sex_f,age_aggregate_y55_64,mts_details_sgle,2008,30.613
zaf,sex_f,age_aggregate_y55_64,mts_details_sgle,2009,30.996
zaf,sex_f,age_aggregate_y55_64,mts_details_sgle,2010,32.322
zaf,sex_f,age_aggregate_y55_64,mts_details_sgle,2011,36.596
zaf,sex_f,age_aggregate_y55_64,mts_details_sgle,2012,41.411
zaf,sex_f,age_aggregate_y55_64,mts_details_sgle,2013,37.276
zaf,sex_f,age_aggregate_y55_64,mts_details_sgle,2014,48.439
zaf,sex_f,age_aggregate_y55_64,mts_details_sgle,2015,54.995
zaf,sex_f,age_aggregate_y55_64,mts_details_sgle,2016,56.225
zaf,sex_f,age_aggregate_y55_64,mts_details_sgle,2017,63.473
zaf,sex_f,age_aggregate_y55_64,mts_details_sgle,2018,66.594
zaf,sex_f,age_aggregate_y55_64,mts_details_sgle,2019,71.994
zaf,sex_f,age_aggregate_y55_64,mts_details_sgle,2020,66.098
zaf,sex_f,age_aggregate_y55_64,mts_details_sgle,2021,66.097
zaf,sex_f,age_aggregate_y55_64,mts_details_sgle,2022,70.785
zaf,sex_f,age_aggregate_y55_64,mts_details_sgle,2023,72.018
zaf,sex_f,age_aggregate_y55_64,mts_details_sgle,2024,86.258
zaf,sex_f,age_aggregate_y55_64,mts_details_total,2000,112.385
zaf,sex_f,age_aggregate_y55_64,mts_details_total,2001,138.347
zaf,sex_f,age_aggregate_y55_64,mts_details_total,2002,83.383
zaf,sex_f,age_aggregate_y55_64,mts_details_total,2003,79.896
zaf,sex_f,age_aggregate_y55_64,mts_details_total,2004,81.923
zaf,sex_f,age_aggregate_y55_64,mts_details_total,2005,91.783
zaf,sex_f,age_aggregate_y55_64,mts_details_total,2006,91.687
zaf,sex_f,age_aggregate_y55_64,mts_details_total,2007,90.387
zaf,sex_f,age_aggregate_y55_64,mts_details_total,2008,170.814
zaf,sex_f,age_aggregate_y55_64,mts_details_total,2009,149.46
zaf,sex_f,age_aggregate_y55_64,mts_details_total,2010,160.818
zaf,sex_f,age_aggregate_y55_64,mts_details_total,2011,157.379
zaf,sex_f,age_aggregate_y55_64,mts_details_total,2012,161.391
zaf,sex_f,age_aggregate_y55_64,mts_details_total,2013,174.342
zaf,sex_f,age_aggregate_y55_64,mts_details_total,2014,190.647
zaf,sex_f,age_aggregate_y55_64,mts_details_total,2015,197.718
zaf,sex_f,age_aggregate_y55_64,mts_details_total,2016,199.476
zaf,sex_f,age_aggregate_y55_64,mts_details_total,2017,229.155
zaf,sex_f,age_aggregate_y55_64,mts_details_total,2018,223.954
zaf,sex_f,age_aggregate_y55_64,mts_details_total,2019,226.857
zaf,sex_f,age_aggregate_y55_64,mts_details_total,2020,199.594
zaf,sex_f,age_aggregate_y55_64,mts_details_total,2021,192.809
zaf,sex_f,age_aggregate_y55_64,mts_details_total,2022,194.004
zaf,sex_f,age_aggregate_y55_64,mts_details_total,2023,210.663
zaf,sex_f,age_aggregate_y55_64,mts_details_total,2024,240.606
zaf,sex_f,age_aggregate_y55_64,mts_details_union,2000,38.586
zaf,sex_f,age_aggregate_y55_64,mts_details_union,2001,46.774
zaf,sex_f,age_aggregate_y55_64,mts_details_union,2002,30.037
zaf,sex_f,age_aggregate_y55_64,mts_details_union,2003,30.605
zaf,sex_f,age_aggregate_y55_64,mts_details_union,2004,13.068
zaf,sex_f,age_aggregate_y55_64,mts_details_union,2005,2.997
zaf,sex_f,age_aggregate_y55_64,mts_details_union,2006,1.575
zaf,sex_f,age_aggregate_y55_64,mts_details_union,2007,2.971
zaf,sex_f,age_aggregate_y55_64,mts_details_union,2008,9.461
zaf,sex_f,age_aggregate_y55_64,mts_details_union,2009,7.138
zaf,sex_f,age_aggregate_y55_64,mts_details_union,2010,6.708
zaf,sex_f,age_aggregate_y55_64,mts_details_union,2011,8.585
zaf,sex_f,age_aggregate_y55_64,mts_details_union,2012,8.134
zaf,sex_f,age_aggregate_y55_64,mts_details_union,2013,7.126
zaf,sex_f,age_aggregate_y55_64,mts_details_union,2014,6.086
zaf,sex_f,age_aggregate_y55_64,mts_details_union,2015,11.779
zaf,sex_f,age_aggregate_y55_64,mts_details_union,2016,8.812
zaf,sex_f,age_aggregate_y55_64,mts_details_union,2017,12.655
zaf,sex_f,age_aggregate_y55_64,mts_details_union,2018,11.281
zaf,sex_f,age_aggregate_y55_64,mts_details_union,2019,9.294
zaf,sex_f,age_aggregate_y55_64,mts_details_union,2020,11.318
zaf,sex_f,age_aggregate_y55_64,mts_details_union,2021,10.294
zaf,sex_f,age_aggregate_y55_64,mts_details_union,2022,11.858
zaf,sex_f,age_aggregate_y55_64,mts_details_union,2023,12.907
zaf,sex_f,age_aggregate_y55_64,mts_details_union,2024,13.729
zaf,sex_f,age_aggregate_y55_64,mts_details_wid,2000,24.565
zaf,sex_f,age_aggregate_y55_64,mts_details_wid,2001,10.432
zaf,sex_f,age_aggregate_y55_64,mts_details_wid,2002,5.731
zaf,sex_f,age_aggregate_y55_64,mts_details_wid,2003,6.424
zaf,sex_f,age_aggregate_y55_64,mts_details_wid,2004,21.386
zaf,sex_f,age_aggregate_y55_64,mts_details_wid,2005,32.381
zaf,sex_f,age_aggregate_y55_64,mts_details_wid,2006,29.496
zaf,sex_f,age_aggregate_y55_64,mts_details_wid,2007,34.453
zaf,sex_f,age_aggregate_y55_64,mts_details_wid,2008,49.838
zaf,sex_f,age_aggregate_y55_64,mts_details_wid,2009,44.04
zaf,sex_f,age_aggregate_y55_64,mts_details_wid,2010,50.204
zaf,sex_f,age_aggregate_y55_64,mts_details_wid,2011,44.841
zaf,sex_f,age_aggregate_y55_64,mts_details_wid,2012,39.261
zaf,sex_f,age_aggregate_y55_64,mts_details_wid,2013,49.017
zaf,sex_f,age_aggregate_y55_64,mts_details_wid,2014,54.113
zaf,sex_f,age_aggregate_y55_64,mts_details_wid,2015,47.703
zaf,sex_f,age_aggregate_y55_64,mts_details_wid,2016,49.968
zaf,sex_f,age_aggregate_y55_64,mts_details_wid,2017,56.382
zaf,sex_f,age_aggregate_y55_64,mts_details_wid,2018,59.342
zaf,sex_f,age_aggregate_y55_64,mts_details_wid,2019,51.801
zaf,sex_f,age_aggregate_y55_64,mts_details_wid,2020,36.741
zaf,sex_f,age_aggregate_y55_64,mts_details_wid,2021,33.538
zaf,sex_f,age_aggregate_y55_64,mts_details_wid,2022,37.671
zaf,sex_f,age_aggregate_y55_64,mts_details_wid,2023,45.91
zaf,sex_f,age_aggregate_y55_64,mts_details_wid,2024,49.95
zaf,sex_f,age_aggregate_yge65,mts_aggregate_1,2000,18.221
zaf,sex_f,age_aggregate_yge65,mts_aggregate_1,2001,6.168
zaf,sex_f,age_aggregate_yge65,mts_aggregate_1,2002,4.543
zaf,sex_f,age_aggregate_yge65,mts_aggregate_1,2003,3.078
zaf,sex_f,age_aggregate_yge65,mts_aggregate_1,2004,10.927
zaf,sex_f,age_aggregate_yge65,mts_aggregate_1,2005,32.906
zaf,sex_f,age_aggregate_yge65,mts_aggregate_1,2006,27.483
zaf,sex_f,age_aggregate_yge65,mts_aggregate_1,2007,27.387
zaf,sex_f,age_aggregate_yge65,mts_aggregate_1,2008,25.154
zaf,sex_f,age_aggregate_yge65,mts_aggregate_1,2009,20.004
zaf,sex_f,age_aggregate_yge65,mts_aggregate_1,2010,20.675
zaf,sex_f,age_aggregate_yge65,mts_aggregate_1,2011,18.693
zaf,sex_f,age_aggregate_yge65,mts_aggregate_1,2012,18.642
zaf,sex_f,age_aggregate_yge65,mts_aggregate_1,2013,27.449
zaf,sex_f,age_aggregate_yge65,mts_aggregate_1,2014,28.082
zaf,sex_f,age_aggregate_yge65,mts_aggregate_1,2015,25.462
zaf,sex_f,age_aggregate_yge65,mts_aggregate_1,2016,22.972
zaf,sex_f,age_aggregate_yge65,mts_aggregate_1,2017,29.449
zaf,sex_f,age_aggregate_yge65,mts_aggregate_1,2018,31.845
zaf,sex_f,age_aggregate_yge65,mts_aggregate_1,2019,33.963
zaf,sex_f,age_aggregate_yge65,mts_aggregate_1,2020,26.053
zaf,sex_f,age_aggregate_yge65,mts_aggregate_1,2021,25.373
zaf,sex_f,age_aggregate_yge65,mts_aggregate_1,2022,25.712
zaf,sex_f,age_aggregate_yge65,mts_aggregate_1,2023,37.236
zaf,sex_f,age_aggregate_yge65,mts_aggregate_1,2024,45.22
zaf,sex_f,age_aggregate_yge65,mts_aggregate_2,2000,26.42
zaf,sex_f,age_aggregate_yge65,mts_aggregate_2,2001,62.262
zaf,sex_f,age_aggregate_yge65,mts_aggregate_2,2002,22.743
zaf,sex_f,age_aggregate_yge65,mts_aggregate_2,2003,21.587
zaf,sex_f,age_aggregate_yge65,mts_aggregate_2,2004,9.487
zaf,sex_f,age_aggregate_yge65,mts_aggregate_2,2005,10.89
zaf,sex_f,age_aggregate_yge65,mts_aggregate_2,2006,10.271
zaf,sex_f,age_aggregate_yge65,mts_aggregate_2,2007,8.666
zaf,sex_f,age_aggregate_yge65,mts_aggregate_2,2008,7.222
zaf,sex_f,age_aggregate_yge65,mts_aggregate_2,2009,7.76
zaf,sex_f,age_aggregate_yge65,mts_aggregate_2,2010,8.02
zaf,sex_f,age_aggregate_yge65,mts_aggregate_2,2011,3.802
zaf,sex_f,age_aggregate_yge65,mts_aggregate_2,2012,3.243
zaf,sex_f,age_aggregate_yge65,mts_aggregate_2,2013,6.355
zaf,sex_f,age_aggregate_yge65,mts_aggregate_2,2014,8.063
zaf,sex_f,age_aggregate_yge65,mts_aggregate_2,2015,11.634
zaf,sex_f,age_aggregate_yge65,mts_aggregate_2,2016,8.475
zaf,sex_f,age_aggregate_yge65,mts_aggregate_2,2017,10.578
zaf,sex_f,age_aggregate_yge65,mts_aggregate_2,2018,14.289
zaf,sex_f,age_aggregate_yge65,mts_aggregate_2,2019,10.689
zaf,sex_f,age_aggregate_yge65,mts_aggregate_2,2020,7.411
zaf,sex_f,age_aggregate_yge65,mts_aggregate_2,2021,9.335
zaf,sex_f,age_aggregate_yge65,mts_aggregate_2,2022,13.341
zaf,sex_f,age_aggregate_yge65,mts_aggregate_2,2023,13.282
zaf,sex_f,age_aggregate_yge65,mts_aggregate_2,2024,17.236
zaf,sex_f,age_aggregate_yge65,mts_aggregate_total,2000,44.641
zaf,sex_f,age_aggregate_yge65,mts_aggregate_total,2001,68.43
zaf,sex_f,age_aggregate_yge65,mts_aggregate_total,2002,27.286
zaf,sex_f,age_aggregate_yge65,mts_aggregate_total,2003,24.664
zaf,sex_f,age_aggregate_yge65,mts_aggregate_total,2004,20.414
zaf,sex_f,age_aggregate_yge65,mts_aggregate_total,2005,43.963
zaf,sex_f,age_aggregate_yge65,mts_aggregate_total,2006,37.755
zaf,sex_f,age_aggregate_yge65,mts_aggregate_total,2007,36.054
zaf,sex_f,age_aggregate_yge65,mts_aggregate_total,2008,32.376
zaf,sex_f,age_aggregate_yge65,mts_aggregate_total,2009,27.763
zaf,sex_f,age_aggregate_yge65,mts_aggregate_total,2010,28.695
zaf,sex_f,age_aggregate_yge65,mts_aggregate_total,2011,22.495
zaf,sex_f,age_aggregate_yge65,mts_aggregate_total,2012,21.884
zaf,sex_f,age_aggregate_yge65,mts_aggregate_total,2013,33.804
zaf,sex_f,age_aggregate_yge65,mts_aggregate_total,2014,36.145
zaf,sex_f,age_aggregate_yge65,mts_aggregate_total,2015,37.095
zaf,sex_f,age_aggregate_yge65,mts_aggregate_total,2016,31.446
zaf,sex_f,age_aggregate_yge65,mts_aggregate_total,2017,40.027
zaf,sex_f,age_aggregate_yge65,mts_aggregate_total,2018,46.134
zaf,sex_f,age_aggregate_yge65,mts_aggregate_total,2019,44.652
zaf,sex_f,age_aggregate_yge65,mts_aggregate_total,2020,33.464
zaf,sex_f,age_aggregate_yge65,mts_aggregate_total,2021,34.708
zaf,sex_f,age_aggregate_yge65,mts_aggregate_total,2022,39.054
zaf,sex_f,age_aggregate_yge65,mts_aggregate_total,2023,50.518
zaf,sex_f,age_aggregate_yge65,mts_aggregate_total,2024,62.456
zaf,sex_f,age_aggregate_yge65,mts_details_mrd,2000,13.318
zaf,sex_f,age_aggregate_yge65,mts_details_mrd,2001,17.904
zaf,sex_f,age_aggregate_yge65,mts_details_mrd,2002,8.051
zaf,sex_f,age_aggregate_yge65,mts_details_mrd,2003,8.086
zaf,sex_f,age_aggregate_yge65,mts_details_mrd,2004,3.829
zaf,sex_f,age_aggregate_yge65,mts_details_mrd,2005,9.479
zaf,sex_f,age_aggregate_yge65,mts_details_mrd,2006,9.864
zaf,sex_f,age_aggregate_yge65,mts_details_mrd,2007,7.978
zaf,sex_f,age_aggregate_yge65,mts_details_mrd,2008,6.785
zaf,sex_f,age_aggregate_yge65,mts_details_mrd,2009,7.214
zaf,sex_f,age_aggregate_yge65,mts_details_mrd,2010,7.71
zaf,sex_f,age_aggregate_yge65,mts_details_mrd,2011,3.368
zaf,sex_f,age_aggregate_yge65,mts_details_mrd,2012,2.618
zaf,sex_f,age_aggregate_yge65,mts_details_mrd,2013,6.243
zaf,sex_f,age_aggregate_yge65,mts_details_mrd,2014,7.869
zaf,sex_f,age_aggregate_yge65,mts_details_mrd,2015,9.057
zaf,sex_f,age_aggregate_yge65,mts_details_mrd,2016,7.549
zaf,sex_f,age_aggregate_yge65,mts_details_mrd,2017,8.051
zaf,sex_f,age_aggregate_yge65,mts_details_mrd,2018,13.275
zaf,sex_f,age_aggregate_yge65,mts_details_mrd,2019,9.992
zaf,sex_f,age_aggregate_yge65,mts_details_mrd,2020,6.655
zaf,sex_f,age_aggregate_yge65,mts_details_mrd,2021,9.335
zaf,sex_f,age_aggregate_yge65,mts_details_mrd,2022,11.337
zaf,sex_f,age_aggregate_yge65,mts_details_mrd,2023,11.801
zaf,sex_f,age_aggregate_yge65,mts_details_mrd,2024,15.402
zaf,sex_f,age_aggregate_yge65,mts_details_sep,2000,4.145
zaf,sex_f,age_aggregate_yge65,mts_details_sep,2001,4.258
zaf,sex_f,age_aggregate_yge65,mts_details_sep,2002,3.318
zaf,sex_f,age_aggregate_yge65,mts_details_sep,2003,1.55
zaf,sex_f,age_aggregate_yge65,mts_details_sep,2004,1.477
zaf,sex_f,age_aggregate_yge65,mts_details_sep,2005,2.449
zaf,sex_f,age_aggregate_yge65,mts_details_sep,2006,1.039
zaf,sex_f,age_aggregate_yge65,mts_details_sep,2007,2.109
zaf,sex_f,age_aggregate_yge65,mts_details_sep,2008,2.124
zaf,sex_f,age_aggregate_yge65,mts_details_sep,2009,1.042
zaf,sex_f,age_aggregate_yge65,mts_details_sep,2010,1.561
zaf,sex_f,age_aggregate_yge65,mts_details_sep,2011,1.737
zaf,sex_f,age_aggregate_yge65,mts_details_sep,2012,2.561
zaf,sex_f,age_aggregate_yge65,mts_details_sep,2013,1.679
zaf,sex_f,age_aggregate_yge65,mts_details_sep,2014,2.571
zaf,sex_f,age_aggregate_yge65,mts_details_sep,2015,2.313
zaf,sex_f,age_aggregate_yge65,mts_details_sep,2016,4.798
zaf,sex_f,age_aggregate_yge65,mts_details_sep,2017,0.552
zaf,sex_f,age_aggregate_yge65,mts_details_sep,2018,2.414
zaf,sex_f,age_aggregate_yge65,mts_details_sep,2019,4.149
zaf,sex_f,age_aggregate_yge65,mts_details_sep,2020,6.495
zaf,sex_f,age_aggregate_yge65,mts_details_sep,2021,5.011
zaf,sex_f,age_aggregate_yge65,mts_details_sep,2022,1.261
zaf,sex_f,age_aggregate_yge65,mts_details_sep,2023,4.15
zaf,sex_f,age_aggregate_yge65,mts_details_sep,2024,5.653
zaf,sex_f,age_aggregate_yge65,mts_details_sgle,2004,0.678
zaf,sex_f,age_aggregate_yge65,mts_details_sgle,2005,5.498
zaf,sex_f,age_aggregate_yge65,mts_details_sgle,2006,3.647
zaf,sex_f,age_aggregate_yge65,mts_details_sgle,2007,8.045
zaf,sex_f,age_aggregate_yge65,mts_details_sgle,2008,4.321
zaf,sex_f,age_aggregate_yge65,mts_details_sgle,2009,4.233
zaf,sex_f,age_aggregate_yge65,mts_details_sgle,2010,3.551
zaf,sex_f,age_aggregate_yge65,mts_details_sgle,2011,4.189
zaf,sex_f,age_aggregate_yge65,mts_details_sgle,2012,4.116
zaf,sex_f,age_aggregate_yge65,mts_details_sgle,2013,4.673
zaf,sex_f,age_aggregate_yge65,mts_details_sgle,2014,5.292
zaf,sex_f,age_aggregate_yge65,mts_details_sgle,2015,3.659
zaf,sex_f,age_aggregate_yge65,mts_details_sgle,2016,3.515
zaf,sex_f,age_aggregate_yge65,mts_details_sgle,2017,8.591
zaf,sex_f,age_aggregate_yge65,mts_details_sgle,2018,7.226
zaf,sex_f,age_aggregate_yge65,mts_details_sgle,2019,6.248
zaf,sex_f,age_aggregate_yge65,mts_details_sgle,2020,5.77
zaf,sex_f,age_aggregate_yge65,mts_details_sgle,2021,10.754
zaf,sex_f,age_aggregate_yge65,mts_details_sgle,2022,8.641
zaf,sex_f,age_aggregate_yge65,mts_details_sgle,2023,15.213
zaf,sex_f,age_aggregate_yge65,mts_details_sgle,2024,13.989
zaf,sex_f,age_aggregate_yge65,mts_details_total,2000,44.641
zaf,sex_f,age_aggregate_yge65,mts_details_total,2001,68.43
zaf,sex_f,age_aggregate_yge65,mts_details_total,2002,27.286
zaf,sex_f,age_aggregate_yge65,mts_details_total,2003,24.664
zaf,sex_f,age_aggregate_yge65,mts_details_total,2004,20.414
zaf,sex_f,age_aggregate_yge65,mts_details_total,2005,43.963
zaf,sex_f,age_aggregate_yge65,mts_details_total,2006,37.755
zaf,sex_f,age_aggregate_yge65,mts_details_total,2007,36.054
zaf,sex_f,age_aggregate_yge65,mts_details_total,2008,32.376
zaf,sex_f,age_aggregate_yge65,mts_details_total,2009,27.763
zaf,sex_f,age_aggregate_yge65,mts_details_total,2010,28.695
zaf,sex_f,age_aggregate_yge65,mts_details_total,2011,22.495
zaf,sex_f,age_aggregate_yge65,mts_details_total,2012,21.884
zaf,sex_f,age_aggregate_yge65,mts_details_total,2013,33.804
zaf,sex_f,age_aggregate_yge65,mts_details_total,2014,36.145
zaf,sex_f,age_aggregate_yge65,mts_details_total,2015,37.095
zaf,sex_f,age_aggregate_yge65,mts_details_total,2016,31.446
zaf,sex_f,age_aggregate_yge65,mts_details_total,2017,40.027
zaf,sex_f,age_aggregate_yge65,mts_details_total,2018,46.134
zaf,sex_f,age_aggregate_yge65,mts_details_total,2019,44.652
zaf,sex_f,age_aggregate_yge65,mts_details_total,2020,33.464
zaf,sex_f,age_aggregate_yge65,mts_details_total,2021,34.708
zaf,sex_f,age_aggregate_yge65,mts_details_total,2022,39.054
zaf,sex_f,age_aggregate_yge65,mts_details_total,2023,50.518
zaf,sex_f,age_aggregate_yge65,mts_details_total,2024,62.456
zaf,sex_f,age_aggregate_yge65,mts_details_union,2000,13.102
zaf,sex_f,age_aggregate_yge65,mts_details_union,2001,44.358
zaf,sex_f,age_aggregate_yge65,mts_details_union,2002,14.693
zaf,sex_f,age_aggregate_yge65,mts_details_union,2003,13.501
zaf,sex_f,age_aggregate_yge65,mts_details_union,2004,5.657
zaf,sex_f,age_aggregate_yge65,mts_details_union,2008,0.436
zaf,sex_f,age_aggregate_yge65,mts_details_union,2009,0.546
zaf,sex_f,age_aggregate_yge65,mts_details_union,2011,0.433
zaf,sex_f,age_aggregate_yge65,mts_details_union,2012,0.624
zaf,sex_f,age_aggregate_yge65,mts_details_union,2015,2.576
zaf,sex_f,age_aggregate_yge65,mts_details_union,2017,2.527
zaf,sex_f,age_aggregate_yge65,mts_details_union,2019,0.696
zaf,sex_f,age_aggregate_yge65,mts_details_union,2022,2.004
zaf,sex_f,age_aggregate_yge65,mts_details_union,2023,1.481
zaf,sex_f,age_aggregate_yge65,mts_details_union,2024,1.834
zaf,sex_f,age_aggregate_yge65,mts_details_wid,2000,14.076
zaf,sex_f,age_aggregate_yge65,mts_details_wid,2001,1.909
zaf,sex_f,age_aggregate_yge65,mts_details_wid,2002,1.224
zaf,sex_f,age_aggregate_yge65,mts_details_wid,2004,8.772
zaf,sex_f,age_aggregate_yge65,mts_details_wid,2005,24.959
zaf,sex_f,age_aggregate_yge65,mts_details_wid,2006,22.797
zaf,sex_f,age_aggregate_yge65,mts_details_wid,2007,17.233
zaf,sex_f,age_aggregate_yge65,mts_details_wid,2008,18.709
zaf,sex_f,age_aggregate_yge65,mts_details_wid,2009,14.728
zaf,sex_f,age_aggregate_yge65,mts_details_wid,2010,15.564
zaf,sex_f,age_aggregate_yge65,mts_details_wid,2011,12.768
zaf,sex_f,age_aggregate_yge65,mts_details_wid,2012,11.966
zaf,sex_f,age_aggregate_yge65,mts_details_wid,2013,21.097
zaf,sex_f,age_aggregate_yge65,mts_details_wid,2014,20.219
zaf,sex_f,age_aggregate_yge65,mts_details_wid,2015,19.489
zaf,sex_f,age_aggregate_yge65,mts_details_wid,2016,14.659
zaf,sex_f,age_aggregate_yge65,mts_details_wid,2017,20.306
zaf,sex_f,age_aggregate_yge65,mts_details_wid,2018,22.204
zaf,sex_f,age_aggregate_yge65,mts_details_wid,2019,23.566
zaf,sex_f,age_aggregate_yge65,mts_details_wid,2020,13.788
zaf,sex_f,age_aggregate_yge65,mts_details_wid,2021,9.607
zaf,sex_f,age_aggregate_yge65,mts_details_wid,2022,15.811
zaf,sex_f,age_aggregate_yge65,mts_details_wid,2023,17.873
zaf,sex_f,age_aggregate_yge65,mts_details_wid,2024,25.577
zaf,sex_f,age_ythadult_y15_24,mts_aggregate_1,2000,48.856
zaf,sex_f,age_ythadult_y15_24,mts_aggregate_1,2001,122.93
zaf,sex_f,age_ythadult_y15_24,mts_aggregate_1,2002,76.982
zaf,sex_f,age_ythadult_y15_24,mts_aggregate_1,2003,57.804
zaf,sex_f,age_ythadult_y15_24,mts_aggregate_1,2004,62.472
zaf,sex_f,age_ythadult_y15_24,mts_aggregate_1,2005,68.116
zaf,sex_f,age_ythadult_y15_24,mts_aggregate_1,2006,75.515
zaf,sex_f,age_ythadult_y15_24,mts_aggregate_1,2007,48.956
zaf,sex_f,age_ythadult_y15_24,mts_aggregate_1,2008,208.104
zaf,sex_f,age_ythadult_y15_24,mts_aggregate_1,2009,173.131
zaf,sex_f,age_ythadult_y15_24,mts_aggregate_1,2010,149.358
zaf,sex_f,age_ythadult_y15_24,mts_aggregate_1,2011,143.026
zaf,sex_f,age_ythadult_y15_24,mts_aggregate_1,2012,127.363
zaf,sex_f,age_ythadult_y15_24,mts_aggregate_1,2013,145.213
zaf,sex_f,age_ythadult_y15_24,mts_aggregate_1,2014,134.246
zaf,sex_f,age_ythadult_y15_24,mts_aggregate_1,2015,146.159
zaf,sex_f,age_ythadult_y15_24,mts_aggregate_1,2016,116.714
zaf,sex_f,age_ythadult_y15_24,mts_aggregate_1,2017,125.801
zaf,sex_f,age_ythadult_y15_24,mts_aggregate_1,2018,126.231
zaf,sex_f,age_ythadult_y15_24,mts_aggregate_1,2019,117.398
zaf,sex_f,age_ythadult_y15_24,mts_aggregate_1,2020,88.591
zaf,sex_f,age_ythadult_y15_24,mts_aggregate_1,2021,74.914
zaf,sex_f,age_ythadult_y15_24,mts_aggregate_1,2022,95.44
zaf,sex_f,age_ythadult_y15_24,mts_aggregate_1,2023,115.513
zaf,sex_f,age_ythadult_y15_24,mts_aggregate_1,2024,129.719
zaf,sex_f,age_ythadult_y15_24,mts_aggregate_2,2000,87.914
zaf,sex_f,age_ythadult_y15_24,mts_aggregate_2,2001,33.829
zaf,sex_f,age_ythadult_y15_24,mts_aggregate_2,2002,18.151
zaf,sex_f,age_ythadult_y15_24,mts_aggregate_2,2003,19.993
zaf,sex_f,age_ythadult_y15_24,mts_aggregate_2,2004,22.676
zaf,sex_f,age_ythadult_y15_24,mts_aggregate_2,2005,20.964
zaf,sex_f,age_ythadult_y15_24,mts_aggregate_2,2006,24.703
zaf,sex_f,age_ythadult_y15_24,mts_aggregate_2,2007,25.471
zaf,sex_f,age_ythadult_y15_24,mts_aggregate_2,2008,45.464
zaf,sex_f,age_ythadult_y15_24,mts_aggregate_2,2009,36.723
zaf,sex_f,age_ythadult_y15_24,mts_aggregate_2,2010,37.878
zaf,sex_f,age_ythadult_y15_24,mts_aggregate_2,2011,35.907
zaf,sex_f,age_ythadult_y15_24,mts_aggregate_2,2012,33.097
zaf,sex_f,age_ythadult_y15_24,mts_aggregate_2,2013,34.025
zaf,sex_f,age_ythadult_y15_24,mts_aggregate_2,2014,34.173
zaf,sex_f,age_ythadult_y15_24,mts_aggregate_2,2015,32.01
zaf,sex_f,age_ythadult_y15_24,mts_aggregate_2,2016,38.24
zaf,sex_f,age_ythadult_y15_24,mts_aggregate_2,2017,32.06
zaf,sex_f,age_ythadult_y15_24,mts_aggregate_2,2018,31.371
zaf,sex_f,age_ythadult_y15_24,mts_aggregate_2,2019,28.578
zaf,sex_f,age_ythadult_y15_24,mts_aggregate_2,2020,21.834
zaf,sex_f,age_ythadult_y15_24,mts_aggregate_2,2021,20.181
zaf,sex_f,age_ythadult_y15_24,mts_aggregate_2,2022,23.514
zaf,sex_f,age_ythadult_y15_24,mts_aggregate_2,2023,31.521
zaf,sex_f,age_ythadult_y15_24,mts_aggregate_2,2024,24.496
zaf,sex_f,age_ythadult_y15_24,mts_aggregate_total,2000,137.136
zaf,sex_f,age_ythadult_y15_24,mts_aggregate_total,2001,156.759
zaf,sex_f,age_ythadult_y15_24,mts_aggregate_total,2002,95.133
zaf,sex_f,age_ythadult_y15_24,mts_aggregate_total,2003,77.796
zaf,sex_f,age_ythadult_y15_24,mts_aggregate_total,2004,85.148
zaf,sex_f,age_ythadult_y15_24,mts_aggregate_total,2005,89.124
zaf,sex_f,age_ythadult_y15_24,mts_aggregate_total,2006,100.219
zaf,sex_f,age_ythadult_y15_24,mts_aggregate_total,2007,74.427
zaf,sex_f,age_ythadult_y15_24,mts_aggregate_total,2008,253.568
zaf,sex_f,age_ythadult_y15_24,mts_aggregate_total,2009,209.854
zaf,sex_f,age_ythadult_y15_24,mts_aggregate_total,2010,187.236
zaf,sex_f,age_ythadult_y15_24,mts_aggregate_total,2011,178.932
zaf,sex_f,age_ythadult_y15_24,mts_aggregate_total,2012,160.46
zaf,sex_f,age_ythadult_y15_24,mts_aggregate_total,2013,179.239
zaf,sex_f,age_ythadult_y15_24,mts_aggregate_total,2014,168.419
zaf,sex_f,age_ythadult_y15_24,mts_aggregate_total,2015,178.169
zaf,sex_f,age_ythadult_y15_24,mts_aggregate_total,2016,154.953
zaf,sex_f,age_ythadult_y15_24,mts_aggregate_total,2017,157.862
zaf,sex_f,age_ythadult_y15_24,mts_aggregate_total,2018,157.603
zaf,sex_f,age_ythadult_y15_24,mts_aggregate_total,2019,145.976
zaf,sex_f,age_ythadult_y15_24,mts_aggregate_total,2020,110.426
zaf,sex_f,age_ythadult_y15_24,mts_aggregate_total,2021,95.095
zaf,sex_f,age_ythadult_y15_24,mts_aggregate_total,2022,118.954
zaf,sex_f,age_ythadult_y15_24,mts_aggregate_total,2023,147.034
zaf,sex_f,age_ythadult_y15_24,mts_aggregate_total,2024,154.215
zaf,sex_f,age_ythadult_y15_24,mts_details_mrd,2000,73.734
zaf,sex_f,age_ythadult_y15_24,mts_details_mrd,2001,32.683
zaf,sex_f,age_ythadult_y15_24,mts_details_mrd,2002,18.151
zaf,sex_f,age_ythadult_y15_24,mts_details_mrd,2003,19.868
zaf,sex_f,age_ythadult_y15_24,mts_details_mrd,2004,13.999
zaf,sex_f,age_ythadult_y15_24,mts_details_mrd,2005,9.293
zaf,sex_f,age_ythadult_y15_24,mts_details_mrd,2006,8.968
zaf,sex_f,age_ythadult_y15_24,mts_details_mrd,2007,8.399
zaf,sex_f,age_ythadult_y15_24,mts_details_mrd,2008,16.427
zaf,sex_f,age_ythadult_y15_24,mts_details_mrd,2009,14.996
zaf,sex_f,age_ythadult_y15_24,mts_details_mrd,2010,13.7
zaf,sex_f,age_ythadult_y15_24,mts_details_mrd,2011,13.887
zaf,sex_f,age_ythadult_y15_24,mts_details_mrd,2012,13.439
zaf,sex_f,age_ythadult_y15_24,mts_details_mrd,2013,12.184
zaf,sex_f,age_ythadult_y15_24,mts_details_mrd,2014,12.82
zaf,sex_f,age_ythadult_y15_24,mts_details_mrd,2015,14.223
zaf,sex_f,age_ythadult_y15_24,mts_details_mrd,2016,15.907
zaf,sex_f,age_ythadult_y15_24,mts_details_mrd,2017,12.908
zaf,sex_f,age_ythadult_y15_24,mts_details_mrd,2018,12.405
zaf,sex_f,age_ythadult_y15_24,mts_details_mrd,2019,12.77
zaf,sex_f,age_ythadult_y15_24,mts_details_mrd,2020,9.836
zaf,sex_f,age_ythadult_y15_24,mts_details_mrd,2021,4.788
zaf,sex_f,age_ythadult_y15_24,mts_details_mrd,2022,8.57
zaf,sex_f,age_ythadult_y15_24,mts_details_mrd,2023,9.919
zaf,sex_f,age_ythadult_y15_24,mts_details_mrd,2024,7
zaf,sex_f,age_ythadult_y15_24,mts_details_sep,2000,48.189
zaf,sex_f,age_ythadult_y15_24,mts_details_sep,2001,122.204
zaf,sex_f,age_ythadult_y15_24,mts_details_sep,2002,76.344
zaf,sex_f,age_ythadult_y15_24,mts_details_sep,2003,57.804
zaf,sex_f,age_ythadult_y15_24,mts_details_sep,2004,30.439
zaf,sex_f,age_ythadult_y15_24,mts_details_sep,2008,1.086
zaf,sex_f,age_ythadult_y15_24,mts_details_sep,2009,1.254
zaf,sex_f,age_ythadult_y15_24,mts_details_sep,2013,0.597
zaf,sex_f,age_ythadult_y15_24,mts_details_sep,2018,0.885
zaf,sex_f,age_ythadult_y15_24,mts_details_sgle,2004,30.808
zaf,sex_f,age_ythadult_y15_24,mts_details_sgle,2005,67.489
zaf,sex_f,age_ythadult_y15_24,mts_details_sgle,2006,75.334
zaf,sex_f,age_ythadult_y15_24,mts_details_sgle,2007,48.687
zaf,sex_f,age_ythadult_y15_24,mts_details_sgle,2008,206.79
zaf,sex_f,age_ythadult_y15_24,mts_details_sgle,2009,171.291
zaf,sex_f,age_ythadult_y15_24,mts_details_sgle,2010,148.775
zaf,sex_f,age_ythadult_y15_24,mts_details_sgle,2011,142.677
zaf,sex_f,age_ythadult_y15_24,mts_details_sgle,2012,126.906
zaf,sex_f,age_ythadult_y15_24,mts_details_sgle,2013,144.616
zaf,sex_f,age_ythadult_y15_24,mts_details_sgle,2014,134.03
zaf,sex_f,age_ythadult_y15_24,mts_details_sgle,2015,145.495
zaf,sex_f,age_ythadult_y15_24,mts_details_sgle,2016,116.714
zaf,sex_f,age_ythadult_y15_24,mts_details_sgle,2017,124.88
zaf,sex_f,age_ythadult_y15_24,mts_details_sgle,2018,125.124
zaf,sex_f,age_ythadult_y15_24,mts_details_sgle,2019,117.182
zaf,sex_f,age_ythadult_y15_24,mts_details_sgle,2020,88.591
zaf,sex_f,age_ythadult_y15_24,mts_details_sgle,2021,74.914
zaf,sex_f,age_ythadult_y15_24,mts_details_sgle,2022,95.265
zaf,sex_f,age_ythadult_y15_24,mts_details_sgle,2023,115.144
zaf,sex_f,age_ythadult_y15_24,mts_details_sgle,2024,129.527
zaf,sex_f,age_ythadult_y15_24,mts_details_total,2000,137.136
zaf,sex_f,age_ythadult_y15_24,mts_details_total,2001,156.759
zaf,sex_f,age_ythadult_y15_24,mts_details_total,2002,95.133
zaf,sex_f,age_ythadult_y15_24,mts_details_total,2003,77.796
zaf,sex_f,age_ythadult_y15_24,mts_details_total,2004,85.148
zaf,sex_f,age_ythadult_y15_24,mts_details_total,2005,89.124
zaf,sex_f,age_ythadult_y15_24,mts_details_total,2006,100.219
zaf,sex_f,age_ythadult_y15_24,mts_details_total,2007,74.427
zaf,sex_f,age_ythadult_y15_24,mts_details_total,2008,253.568
zaf,sex_f,age_ythadult_y15_24,mts_details_total,2009,209.854
zaf,sex_f,age_ythadult_y15_24,mts_details_total,2010,187.236
zaf,sex_f,age_ythadult_y15_24,mts_details_total,2011,178.932
zaf,sex_f,age_ythadult_y15_24,mts_details_total,2012,160.46
zaf,sex_f,age_ythadult_y15_24,mts_details_total,2013,179.239
zaf,sex_f,age_ythadult_y15_24,mts_details_total,2014,168.419
zaf,sex_f,age_ythadult_y15_24,mts_details_total,2015,178.169
zaf,sex_f,age_ythadult_y15_24,mts_details_total,2016,154.953
zaf,sex_f,age_ythadult_y15_24,mts_details_total,2017,157.862
zaf,sex_f,age_ythadult_y15_24,mts_details_total,2018,157.603
zaf,sex_f,age_ythadult_y15_24,mts_details_total,2019,145.976
zaf,sex_f,age_ythadult_y15_24,mts_details_total,2020,110.426
zaf,sex_f,age_ythadult_y15_24,mts_details_total,2021,95.095
zaf,sex_f,age_ythadult_y15_24,mts_details_total,2022,118.954
zaf,sex_f,age_ythadult_y15_24,mts_details_total,2023,147.034
zaf,sex_f,age_ythadult_y15_24,mts_details_total,2024,154.215
zaf,sex_f,age_ythadult_y15_24,mts_details_union,2000,14.18
zaf,sex_f,age_ythadult_y15_24,mts_details_union,2001,1.146
zaf,sex_f,age_ythadult_y15_24,mts_details_union,2004,8.678
zaf,sex_f,age_ythadult_y15_24,mts_details_union,2005,11.671
zaf,sex_f,age_ythadult_y15_24,mts_details_union,2006,15.735
zaf,sex_f,age_ythadult_y15_24,mts_details_union,2007,17.073
zaf,sex_f,age_ythadult_y15_24,mts_details_union,2008,29.037
zaf,sex_f,age_ythadult_y15_24,mts_details_union,2009,21.727
zaf,sex_f,age_ythadult_y15_24,mts_details_union,2010,24.178
zaf,sex_f,age_ythadult_y15_24,mts_details_union,2011,22.02
zaf,sex_f,age_ythadult_y15_24,mts_details_union,2012,19.658
zaf,sex_f,age_ythadult_y15_24,mts_details_union,2013,21.842
zaf,sex_f,age_ythadult_y15_24,mts_details_union,2014,21.353
zaf,sex_f,age_ythadult_y15_24,mts_details_union,2015,17.787
zaf,sex_f,age_ythadult_y15_24,mts_details_union,2016,22.333
zaf,sex_f,age_ythadult_y15_24,mts_details_union,2017,19.152
zaf,sex_f,age_ythadult_y15_24,mts_details_union,2018,18.967
zaf,sex_f,age_ythadult_y15_24,mts_details_union,2019,15.809
zaf,sex_f,age_ythadult_y15_24,mts_details_union,2020,11.999
zaf,sex_f,age_ythadult_y15_24,mts_details_union,2021,15.393
zaf,sex_f,age_ythadult_y15_24,mts_details_union,2022,14.944
zaf,sex_f,age_ythadult_y15_24,mts_details_union,2023,21.602
zaf,sex_f,age_ythadult_y15_24,mts_details_union,2024,17.496
zaf,sex_f,age_ythadult_y15_64,mts_aggregate_1,2000,346.195
zaf,sex_f,age_ythadult_y15_64,mts_aggregate_1,2001,476.093
zaf,sex_f,age_ythadult_y15_64,mts_aggregate_1,2002,324.889
zaf,sex_f,age_ythadult_y15_64,mts_aggregate_1,2003,326.632
zaf,sex_f,age_ythadult_y15_64,mts_aggregate_1,2004,372.543
zaf,sex_f,age_ythadult_y15_64,mts_aggregate_1,2005,486.543
zaf,sex_f,age_ythadult_y15_64,mts_aggregate_1,2006,486.074
zaf,sex_f,age_ythadult_y15_64,mts_aggregate_1,2007,469.213
zaf,sex_f,age_ythadult_y15_64,mts_aggregate_1,2008,1183.416
zaf,sex_f,age_ythadult_y15_64,mts_aggregate_1,2009,1128.769
zaf,sex_f,age_ythadult_y15_64,mts_aggregate_1,2010,1060.179
zaf,sex_f,age_ythadult_y15_64,mts_aggregate_1,2011,1065.383
zaf,sex_f,age_ythadult_y15_64,mts_aggregate_1,2012,1056.721
zaf,sex_f,age_ythadult_y15_64,mts_aggregate_1,2013,1114.66
zaf,sex_f,age_ythadult_y15_64,mts_aggregate_1,2014,1113.185
zaf,sex_f,age_ythadult_y15_64,mts_aggregate_1,2015,1190.862
zaf,sex_f,age_ythadult_y15_64,mts_aggregate_1,2016,1139.67
zaf,sex_f,age_ythadult_y15_64,mts_aggregate_1,2017,1217.91
zaf,sex_f,age_ythadult_y15_64,mts_aggregate_1,2018,1260.302
zaf,sex_f,age_ythadult_y15_64,mts_aggregate_1,2019,1223.737
zaf,sex_f,age_ythadult_y15_64,mts_aggregate_1,2020,1004.924
zaf,sex_f,age_ythadult_y15_64,mts_aggregate_1,2021,978.673
zaf,sex_f,age_ythadult_y15_64,mts_aggregate_1,2022,1124.58
zaf,sex_f,age_ythadult_y15_64,mts_aggregate_1,2023,1200.685
zaf,sex_f,age_ythadult_y15_64,mts_aggregate_1,2024,1303.822
zaf,sex_f,age_ythadult_y15_64,mts_aggregate_2,2000,925.022
zaf,sex_f,age_ythadult_y15_64,mts_aggregate_2,2001,765.312
zaf,sex_f,age_ythadult_y15_64,mts_aggregate_2,2002,500.815
zaf,sex_f,age_ythadult_y15_64,mts_aggregate_2,2003,518.872
zaf,sex_f,age_ythadult_y15_64,mts_aggregate_2,2004,446.878
zaf,sex_f,age_ythadult_y15_64,mts_aggregate_2,2005,468.318
zaf,sex_f,age_ythadult_y15_64,mts_aggregate_2,2006,443.007
zaf,sex_f,age_ythadult_y15_64,mts_aggregate_2,2007,419.06
zaf,sex_f,age_ythadult_y15_64,mts_aggregate_2,2008,926.87
zaf,sex_f,age_ythadult_y15_64,mts_aggregate_2,2009,858.746
zaf,sex_f,age_ythadult_y15_64,mts_aggregate_2,2010,830.788
zaf,sex_f,age_ythadult_y15_64,mts_aggregate_2,2011,769.723
zaf,sex_f,age_ythadult_y15_64,mts_aggregate_2,2012,770.115
zaf,sex_f,age_ythadult_y15_64,mts_aggregate_2,2013,798.639
zaf,sex_f,age_ythadult_y15_64,mts_aggregate_2,2014,777.913
zaf,sex_f,age_ythadult_y15_64,mts_aggregate_2,2015,844.853
zaf,sex_f,age_ythadult_y15_64,mts_aggregate_2,2016,846.51
zaf,sex_f,age_ythadult_y15_64,mts_aggregate_2,2017,860.493
zaf,sex_f,age_ythadult_y15_64,mts_aggregate_2,2018,863.607
zaf,sex_f,age_ythadult_y15_64,mts_aggregate_2,2019,891.684
zaf,sex_f,age_ythadult_y15_64,mts_aggregate_2,2020,722.563
zaf,sex_f,age_ythadult_y15_64,mts_aggregate_2,2021,700.648
zaf,sex_f,age_ythadult_y15_64,mts_aggregate_2,2022,726.721
zaf,sex_f,age_ythadult_y15_64,mts_aggregate_2,2023,763.1
zaf,sex_f,age_ythadult_y15_64,mts_aggregate_2,2024,829.448
zaf,sex_f,age_ythadult_y15_64,mts_aggregate_total,2000,1271.625
zaf,sex_f,age_ythadult_y15_64,mts_aggregate_total,2001,1241.774
zaf,sex_f,age_ythadult_y15_64,mts_aggregate_total,2002,825.703
zaf,sex_f,age_ythadult_y15_64,mts_aggregate_total,2003,845.503
zaf,sex_f,age_ythadult_y15_64,mts_aggregate_total,2004,819.421
zaf,sex_f,age_ythadult_y15_64,mts_aggregate_total,2005,955.054
zaf,sex_f,age_ythadult_y15_64,mts_aggregate_total,2006,929.081
zaf,sex_f,age_ythadult_y15_64,mts_aggregate_total,2007,888.559
zaf,sex_f,age_ythadult_y15_64,mts_aggregate_total,2008,2110.285
zaf,sex_f,age_ythadult_y15_64,mts_aggregate_total,2009,1987.515
zaf,sex_f,age_ythadult_y15_64,mts_aggregate_total,2010,1890.968
zaf,sex_f,age_ythadult_y15_64,mts_aggregate_total,2011,1835.106
zaf,sex_f,age_ythadult_y15_64,mts_aggregate_total,2012,1826.835
zaf,sex_f,age_ythadult_y15_64,mts_aggregate_total,2013,1913.299
zaf,sex_f,age_ythadult_y15_64,mts_aggregate_total,2014,1891.098
zaf,sex_f,age_ythadult_y15_64,mts_aggregate_total,2015,2035.716
zaf,sex_f,age_ythadult_y15_64,mts_aggregate_total,2016,1986.18
zaf,sex_f,age_ythadult_y15_64,mts_aggregate_total,2017,2078.403
zaf,sex_f,age_ythadult_y15_64,mts_aggregate_total,2018,2123.909
zaf,sex_f,age_ythadult_y15_64,mts_aggregate_total,2019,2115.421
zaf,sex_f,age_ythadult_y15_64,mts_aggregate_total,2020,1727.488
zaf,sex_f,age_ythadult_y15_64,mts_aggregate_total,2021,1679.321
zaf,sex_f,age_ythadult_y15_64,mts_aggregate_total,2022,1851.301
zaf,sex_f,age_ythadult_y15_64,mts_aggregate_total,2023,1963.785
zaf,sex_f,age_ythadult_y15_64,mts_aggregate_total,2024,2133.27
zaf,sex_f,age_ythadult_y15_64,mts_details_mrd,2000,550.973
zaf,sex_f,age_ythadult_y15_64,mts_details_mrd,2001,632.919
zaf,sex_f,age_ythadult_y15_64,mts_details_mrd,2002,405.368
zaf,sex_f,age_ythadult_y15_64,mts_details_mrd,2003,422.694
zaf,sex_f,age_ythadult_y15_64,mts_details_mrd,2004,359.003
zaf,sex_f,age_ythadult_y15_64,mts_details_mrd,2005,349.831
zaf,sex_f,age_ythadult_y15_64,mts_details_mrd,2006,336.912
zaf,sex_f,age_ythadult_y15_64,mts_details_mrd,2007,320.639
zaf,sex_f,age_ythadult_y15_64,mts_details_mrd,2008,648.213
zaf,sex_f,age_ythadult_y15_64,mts_details_mrd,2009,585.47
zaf,sex_f,age_ythadult_y15_64,mts_details_mrd,2010,577.41
zaf,sex_f,age_ythadult_y15_64,mts_details_mrd,2011,538.972
zaf,sex_f,age_ythadult_y15_64,mts_details_mrd,2012,540.624
zaf,sex_f,age_ythadult_y15_64,mts_details_mrd,2013,560.757
zaf,sex_f,age_ythadult_y15_64,mts_details_mrd,2014,554.975
zaf,sex_f,age_ythadult_y15_64,mts_details_mrd,2015,575.224
zaf,sex_f,age_ythadult_y15_64,mts_details_mrd,2016,589.114
zaf,sex_f,age_ythadult_y15_64,mts_details_mrd,2017,587.21
zaf,sex_f,age_ythadult_y15_64,mts_details_mrd,2018,571.824
zaf,sex_f,age_ythadult_y15_64,mts_details_mrd,2019,610.794
zaf,sex_f,age_ythadult_y15_64,mts_details_mrd,2020,483.484
zaf,sex_f,age_ythadult_y15_64,mts_details_mrd,2021,461.963
zaf,sex_f,age_ythadult_y15_64,mts_details_mrd,2022,477.038
zaf,sex_f,age_ythadult_y15_64,mts_details_mrd,2023,521.872
zaf,sex_f,age_ythadult_y15_64,mts_details_mrd,2024,554.043
zaf,sex_f,age_ythadult_y15_64,mts_details_sep,2000,247.722
zaf,sex_f,age_ythadult_y15_64,mts_details_sep,2001,411.616
zaf,sex_f,age_ythadult_y15_64,mts_details_sep,2002,271.108
zaf,sex_f,age_ythadult_y15_64,mts_details_sep,2003,265.453
zaf,sex_f,age_ythadult_y15_64,mts_details_sep,2004,153
zaf,sex_f,age_ythadult_y15_64,mts_details_sep,2005,52.736
zaf,sex_f,age_ythadult_y15_64,mts_details_sep,2007,45.865
zaf,sex_f,age_ythadult_y15_64,mts_details_sep,2008,93.215
zaf,sex_f,age_ythadult_y15_64,mts_details_sep,2009,88.065
zaf,sex_f,age_ythadult_y15_64,mts_details_sep,2010,86.403
zaf,sex_f,age_ythadult_y15_64,mts_details_sep,2011,70.655
zaf,sex_f,age_ythadult_y15_64,mts_details_sep,2012,90.465
zaf,sex_f,age_ythadult_y15_64,mts_details_sep,2013,90.405
zaf,sex_f,age_ythadult_y15_64,mts_details_sep,2014,76.378
zaf,sex_f,age_ythadult_y15_64,mts_details_sep,2015,83.464
zaf,sex_f,age_ythadult_y15_64,mts_details_sep,2017,78.357
zaf,sex_f,age_ythadult_y15_64,mts_details_sep,2018,71.456
zaf,sex_f,age_ythadult_y15_64,mts_details_sep,2019,79.081
zaf,sex_f,age_ythadult_y15_64,mts_details_sep,2022,61.48
zaf,sex_f,age_ythadult_y15_64,mts_details_sep,2023,62.332
zaf,sex_f,age_ythadult_y15_64,mts_details_sep,2024,66.853
zaf,sex_f,age_ythadult_y15_64,mts_details_sgle,2004,134.198
zaf,sex_f,age_ythadult_y15_64,mts_details_sgle,2005,329.602
zaf,sex_f,age_ythadult_y15_64,mts_details_sgle,2006,339.963
zaf,sex_f,age_ythadult_y15_64,mts_details_sgle,2007,325.922
zaf,sex_f,age_ythadult_y15_64,mts_details_sgle,2008,924.563
zaf,sex_f,age_ythadult_y15_64,mts_details_sgle,2009,879.253
zaf,sex_f,age_ythadult_y15_64,mts_details_sgle,2010,814.995
zaf,sex_f,age_ythadult_y15_64,mts_details_sgle,2011,848.272
zaf,sex_f,age_ythadult_y15_64,mts_details_sgle,2012,832.556
zaf,sex_f,age_ythadult_y15_64,mts_details_sgle,2013,891.074
zaf,sex_f,age_ythadult_y15_64,mts_details_sgle,2014,889.843
zaf,sex_f,age_ythadult_y15_64,mts_details_sgle,2015,971.348
zaf,sex_f,age_ythadult_y15_64,mts_details_sgle,2016,929.442
zaf,sex_f,age_ythadult_y15_64,mts_details_sgle,2017,988.859
zaf,sex_f,age_ythadult_y15_64,mts_details_sgle,2018,1037.685
zaf,sex_f,age_ythadult_y15_64,mts_details_sgle,2019,1001.362
zaf,sex_f,age_ythadult_y15_64,mts_details_sgle,2020,842.914
zaf,sex_f,age_ythadult_y15_64,mts_details_sgle,2021,824.503
zaf,sex_f,age_ythadult_y15_64,mts_details_sgle,2022,976.809
zaf,sex_f,age_ythadult_y15_64,mts_details_sgle,2023,1034.586
zaf,sex_f,age_ythadult_y15_64,mts_details_sgle,2024,1129.574
zaf,sex_f,age_ythadult_y15_64,mts_details_total,2000,1271.625
zaf,sex_f,age_ythadult_y15_64,mts_details_total,2001,1241.774
zaf,sex_f,age_ythadult_y15_64,mts_details_total,2002,825.703
zaf,sex_f,age_ythadult_y15_64,mts_details_total,2003,845.503
zaf,sex_f,age_ythadult_y15_64,mts_details_total,2004,819.421
zaf,sex_f,age_ythadult_y15_64,mts_details_total,2005,955.054
zaf,sex_f,age_ythadult_y15_64,mts_details_total,2006,929.081
zaf,sex_f,age_ythadult_y15_64,mts_details_total,2007,888.559
zaf,sex_f,age_ythadult_y15_64,mts_details_total,2008,2110.285
zaf,sex_f,age_ythadult_y15_64,mts_details_total,2009,1987.515
zaf,sex_f,age_ythadult_y15_64,mts_details_total,2010,1890.968
zaf,sex_f,age_ythadult_y15_64,mts_details_total,2011,1835.106
zaf,sex_f,age_ythadult_y15_64,mts_details_total,2012,1826.835
zaf,sex_f,age_ythadult_y15_64,mts_details_total,2013,1913.299
zaf,sex_f,age_ythadult_y15_64,mts_details_total,2014,1891.098
zaf,sex_f,age_ythadult_y15_64,mts_details_total,2015,2035.716
zaf,sex_f,age_ythadult_y15_64,mts_details_total,2016,1986.18
zaf,sex_f,age_ythadult_y15_64,mts_details_total,2017,2078.403
zaf,sex_f,age_ythadult_y15_64,mts_details_total,2018,2123.909
zaf,sex_f,age_ythadult_y15_64,mts_details_total,2019,2115.421
zaf,sex_f,age_ythadult_y15_64,mts_details_total,2020,1727.488
zaf,sex_f,age_ythadult_y15_64,mts_details_total,2021,1679.321
zaf,sex_f,age_ythadult_y15_64,mts_details_total,2022,1851.301
zaf,sex_f,age_ythadult_y15_64,mts_details_total,2023,1963.785
zaf,sex_f,age_ythadult_y15_64,mts_details_total,2024,2133.27
zaf,sex_f,age_ythadult_y15_64,mts_details_union,2000,374.049
zaf,sex_f,age_ythadult_y15_64,mts_details_union,2001,132.392
zaf,sex_f,age_ythadult_y15_64,mts_details_union,2003,96.177
zaf,sex_f,age_ythadult_y15_64,mts_details_union,2004,87.875
zaf,sex_f,age_ythadult_y15_64,mts_details_union,2005,118.488
zaf,sex_f,age_ythadult_y15_64,mts_details_union,2006,106.094
zaf,sex_f,age_ythadult_y15_64,mts_details_union,2007,98.421
zaf,sex_f,age_ythadult_y15_64,mts_details_union,2008,278.657
zaf,sex_f,age_ythadult_y15_64,mts_details_union,2009,273.276
zaf,sex_f,age_ythadult_y15_64,mts_details_union,2010,253.378
zaf,sex_f,age_ythadult_y15_64,mts_details_union,2011,230.75
zaf,sex_f,age_ythadult_y15_64,mts_details_union,2012,229.49
zaf,sex_f,age_ythadult_y15_64,mts_details_union,2013,237.882
zaf,sex_f,age_ythadult_y15_64,mts_details_union,2014,222.938
zaf,sex_f,age_ythadult_y15_64,mts_details_union,2015,269.63
zaf,sex_f,age_ythadult_y15_64,mts_details_union,2016,257.396
zaf,sex_f,age_ythadult_y15_64,mts_details_union,2017,273.284
zaf,sex_f,age_ythadult_y15_64,mts_details_union,2018,291.783
zaf,sex_f,age_ythadult_y15_64,mts_details_union,2019,280.889
zaf,sex_f,age_ythadult_y15_64,mts_details_union,2020,239.079
zaf,sex_f,age_ythadult_y15_64,mts_details_union,2021,238.684
zaf,sex_f,age_ythadult_y15_64,mts_details_union,2022,249.683
zaf,sex_f,age_ythadult_y15_64,mts_details_union,2023,241.228
zaf,sex_f,age_ythadult_y15_64,mts_details_union,2024,275.405
zaf,sex_f,age_ythadult_y15_64,mts_details_wid,2000,98.473
zaf,sex_f,age_ythadult_y15_64,mts_details_wid,2001,64.477
zaf,sex_f,age_ythadult_y15_64,mts_details_wid,2002,53.78
zaf,sex_f,age_ythadult_y15_64,mts_details_wid,2003,61.179
zaf,sex_f,age_ythadult_y15_64,mts_details_wid,2004,85.345
zaf,sex_f,age_ythadult_y15_64,mts_details_wid,2005,104.205
zaf,sex_f,age_ythadult_y15_64,mts_details_wid,2006,102.316
zaf,sex_f,age_ythadult_y15_64,mts_details_wid,2007,97.425
zaf,sex_f,age_ythadult_y15_64,mts_details_wid,2008,165.638
zaf,sex_f,age_ythadult_y15_64,mts_details_wid,2009,161.451
zaf,sex_f,age_ythadult_y15_64,mts_details_wid,2010,158.782
zaf,sex_f,age_ythadult_y15_64,mts_details_wid,2011,146.456
zaf,sex_f,age_ythadult_y15_64,mts_details_wid,2012,133.699
zaf,sex_f,age_ythadult_y15_64,mts_details_wid,2014,146.963
zaf,sex_f,age_ythadult_y15_64,mts_details_wid,2015,136.05
zaf,sex_f,age_ythadult_y15_64,mts_details_wid,2017,150.694
zaf,sex_f,age_ythadult_y15_64,mts_details_wid,2018,151.161
zaf,sex_f,age_ythadult_y15_64,mts_details_wid,2022,86.291
zaf,sex_f,age_ythadult_yge15,mts_aggregate_1,2000,364.416
zaf,sex_f,age_ythadult_yge15,mts_aggregate_1,2001,482.261
zaf,sex_f,age_ythadult_yge15,mts_aggregate_1,2002,329.431
zaf,sex_f,age_ythadult_yge15,mts_aggregate_1,2003,329.709
zaf,sex_f,age_ythadult_yge15,mts_aggregate_1,2004,383.47
zaf,sex_f,age_ythadult_yge15,mts_aggregate_1,2005,519.449
zaf,sex_f,age_ythadult_yge15,mts_aggregate_1,2006,513.557
zaf,sex_f,age_ythadult_yge15,mts_aggregate_1,2007,496.6
zaf,sex_f,age_ythadult_yge15,mts_aggregate_1,2008,1208.57
zaf,sex_f,age_ythadult_yge15,mts_aggregate_1,2009,1148.772
zaf,sex_f,age_ythadult_yge15,mts_aggregate_1,2010,1080.855
zaf,sex_f,age_ythadult_yge15,mts_aggregate_1,2011,1084.076
zaf,sex_f,age_ythadult_yge15,mts_aggregate_1,2012,1075.362
zaf,sex_f,age_ythadult_yge15,mts_aggregate_1,2013,1142.108
zaf,sex_f,age_ythadult_yge15,mts_aggregate_1,2014,1141.267
zaf,sex_f,age_ythadult_yge15,mts_aggregate_1,2015,1216.324
zaf,sex_f,age_ythadult_yge15,mts_aggregate_1,2016,1162.641
zaf,sex_f,age_ythadult_yge15,mts_aggregate_1,2017,1247.359
zaf,sex_f,age_ythadult_yge15,mts_aggregate_1,2018,1292.147
zaf,sex_f,age_ythadult_yge15,mts_aggregate_1,2019,1257.701
zaf,sex_f,age_ythadult_yge15,mts_aggregate_1,2020,1030.977
zaf,sex_f,age_ythadult_yge15,mts_aggregate_1,2021,1004.046
zaf,sex_f,age_ythadult_yge15,mts_aggregate_1,2022,1150.293
zaf,sex_f,age_ythadult_yge15,mts_aggregate_1,2023,1237.921
zaf,sex_f,age_ythadult_yge15,mts_aggregate_1,2024,1349.042
zaf,sex_f,age_ythadult_yge15,mts_aggregate_2,2000,951.442
zaf,sex_f,age_ythadult_yge15,mts_aggregate_2,2001,827.574
zaf,sex_f,age_ythadult_yge15,mts_aggregate_2,2002,523.558
zaf,sex_f,age_ythadult_yge15,mts_aggregate_2,2003,540.458
zaf,sex_f,age_ythadult_yge15,mts_aggregate_2,2004,456.365
zaf,sex_f,age_ythadult_yge15,mts_aggregate_2,2005,479.209
zaf,sex_f,age_ythadult_yge15,mts_aggregate_2,2006,453.278
zaf,sex_f,age_ythadult_yge15,mts_aggregate_2,2007,427.727
zaf,sex_f,age_ythadult_yge15,mts_aggregate_2,2008,934.092
zaf,sex_f,age_ythadult_yge15,mts_aggregate_2,2009,866.506
zaf,sex_f,age_ythadult_yge15,mts_aggregate_2,2010,838.809
zaf,sex_f,age_ythadult_yge15,mts_aggregate_2,2011,773.525
zaf,sex_f,age_ythadult_yge15,mts_aggregate_2,2012,773.357
zaf,sex_f,age_ythadult_yge15,mts_aggregate_2,2013,804.994
zaf,sex_f,age_ythadult_yge15,mts_aggregate_2,2014,785.976
zaf,sex_f,age_ythadult_yge15,mts_aggregate_2,2015,856.487
zaf,sex_f,age_ythadult_yge15,mts_aggregate_2,2016,854.984
zaf,sex_f,age_ythadult_yge15,mts_aggregate_2,2017,871.071
zaf,sex_f,age_ythadult_yge15,mts_aggregate_2,2018,877.896
zaf,sex_f,age_ythadult_yge15,mts_aggregate_2,2019,902.372
zaf,sex_f,age_ythadult_yge15,mts_aggregate_2,2020,729.975
zaf,sex_f,age_ythadult_yge15,mts_aggregate_2,2021,709.982
zaf,sex_f,age_ythadult_yge15,mts_aggregate_2,2022,740.062
zaf,sex_f,age_ythadult_yge15,mts_aggregate_2,2023,776.382
zaf,sex_f,age_ythadult_yge15,mts_aggregate_2,2024,846.685
zaf,sex_f,age_ythadult_yge15,mts_aggregate_total,2000,1316.266
zaf,sex_f,age_ythadult_yge15,mts_aggregate_total,2001,1310.204
zaf,sex_f,age_ythadult_yge15,mts_aggregate_total,2002,852.989
zaf,sex_f,age_ythadult_yge15,mts_aggregate_total,2003,870.167
zaf,sex_f,age_ythadult_yge15,mts_aggregate_total,2004,839.835
zaf,sex_f,age_ythadult_yge15,mts_aggregate_total,2005,999.018
zaf,sex_f,age_ythadult_yge15,mts_aggregate_total,2006,966.835
zaf,sex_f,age_ythadult_yge15,mts_aggregate_total,2007,924.613
zaf,sex_f,age_ythadult_yge15,mts_aggregate_total,2008,2142.661
zaf,sex_f,age_ythadult_yge15,mts_aggregate_total,2009,2015.278
zaf,sex_f,age_ythadult_yge15,mts_aggregate_total,2010,1919.663
zaf,sex_f,age_ythadult_yge15,mts_aggregate_total,2011,1857.601
zaf,sex_f,age_ythadult_yge15,mts_aggregate_total,2012,1848.72
zaf,sex_f,age_ythadult_yge15,mts_aggregate_total,2013,1947.102
zaf,sex_f,age_ythadult_yge15,mts_aggregate_total,2014,1927.244
zaf,sex_f,age_ythadult_yge15,mts_aggregate_total,2015,2072.811
zaf,sex_f,age_ythadult_yge15,mts_aggregate_total,2016,2017.626
zaf,sex_f,age_ythadult_yge15,mts_aggregate_total,2017,2118.43
zaf,sex_f,age_ythadult_yge15,mts_aggregate_total,2018,2170.043
zaf,sex_f,age_ythadult_yge15,mts_aggregate_total,2019,2160.073
zaf,sex_f,age_ythadult_yge15,mts_aggregate_total,2020,1760.952
zaf,sex_f,age_ythadult_yge15,mts_aggregate_total,2021,1714.028
zaf,sex_f,age_ythadult_yge15,mts_aggregate_total,2022,1890.355
zaf,sex_f,age_ythadult_yge15,mts_aggregate_total,2023,2014.303
zaf,sex_f,age_ythadult_yge15,mts_aggregate_total,2024,2195.727
zaf,sex_f,age_ythadult_yge15,mts_details_mrd,2000,564.291
zaf,sex_f,age_ythadult_yge15,mts_details_mrd,2001,650.824
zaf,sex_f,age_ythadult_yge15,mts_details_mrd,2002,413.418
zaf,sex_f,age_ythadult_yge15,mts_details_mrd,2003,430.78
zaf,sex_f,age_ythadult_yge15,mts_details_mrd,2004,362.832
zaf,sex_f,age_ythadult_yge15,mts_details_mrd,2005,359.309
zaf,sex_f,age_ythadult_yge15,mts_details_mrd,2006,346.776
zaf,sex_f,age_ythadult_yge15,mts_details_mrd,2007,328.618
zaf,sex_f,age_ythadult_yge15,mts_details_mrd,2008,654.999
zaf,sex_f,age_ythadult_yge15,mts_details_mrd,2009,592.684
zaf,sex_f,age_ythadult_yge15,mts_details_mrd,2010,585.12
zaf,sex_f,age_ythadult_yge15,mts_details_mrd,2011,542.341
zaf,sex_f,age_ythadult_yge15,mts_details_mrd,2012,543.243
zaf,sex_f,age_ythadult_yge15,mts_details_mrd,2013,567
zaf,sex_f,age_ythadult_yge15,mts_details_mrd,2014,562.844
zaf,sex_f,age_ythadult_yge15,mts_details_mrd,2015,584.281
zaf,sex_f,age_ythadult_yge15,mts_details_mrd,2016,596.662
zaf,sex_f,age_ythadult_yge15,mts_details_mrd,2017,595.261
zaf,sex_f,age_ythadult_yge15,mts_details_mrd,2018,585.1
zaf,sex_f,age_ythadult_yge15,mts_details_mrd,2019,620.787
zaf,sex_f,age_ythadult_yge15,mts_details_mrd,2020,490.14
zaf,sex_f,age_ythadult_yge15,mts_details_mrd,2021,471.298
zaf,sex_f,age_ythadult_yge15,mts_details_mrd,2022,488.375
zaf,sex_f,age_ythadult_yge15,mts_details_mrd,2023,533.673
zaf,sex_f,age_ythadult_yge15,mts_details_mrd,2024,569.445
zaf,sex_f,age_ythadult_yge15,mts_details_sep,2000,251.867
zaf,sex_f,age_ythadult_yge15,mts_details_sep,2001,415.874
zaf,sex_f,age_ythadult_yge15,mts_details_sep,2002,274.427
zaf,sex_f,age_ythadult_yge15,mts_details_sep,2003,267.003
zaf,sex_f,age_ythadult_yge15,mts_details_sep,2004,154.476
zaf,sex_f,age_ythadult_yge15,mts_details_sep,2005,55.186
zaf,sex_f,age_ythadult_yge15,mts_details_sep,2006,44.834
zaf,sex_f,age_ythadult_yge15,mts_details_sep,2007,47.974
zaf,sex_f,age_ythadult_yge15,mts_details_sep,2008,95.339
zaf,sex_f,age_ythadult_yge15,mts_details_sep,2009,89.108
zaf,sex_f,age_ythadult_yge15,mts_details_sep,2010,87.963
zaf,sex_f,age_ythadult_yge15,mts_details_sep,2011,72.392
zaf,sex_f,age_ythadult_yge15,mts_details_sep,2012,93.026
zaf,sex_f,age_ythadult_yge15,mts_details_sep,2013,92.084
zaf,sex_f,age_ythadult_yge15,mts_details_sep,2014,78.95
zaf,sex_f,age_ythadult_yge15,mts_details_sep,2015,85.778
zaf,sex_f,age_ythadult_yge15,mts_details_sep,2016,81.532
zaf,sex_f,age_ythadult_yge15,mts_details_sep,2017,78.909
zaf,sex_f,age_ythadult_yge15,mts_details_sep,2018,73.87
zaf,sex_f,age_ythadult_yge15,mts_details_sep,2019,83.231
zaf,sex_f,age_ythadult_yge15,mts_details_sep,2020,68.298
zaf,sex_f,age_ythadult_yge15,mts_details_sep,2021,65.9
zaf,sex_f,age_ythadult_yge15,mts_details_sep,2022,62.74
zaf,sex_f,age_ythadult_yge15,mts_details_sep,2023,66.482
zaf,sex_f,age_ythadult_yge15,mts_details_sep,2024,72.506
zaf,sex_f,age_ythadult_yge15,mts_details_sgle,2004,134.876
zaf,sex_f,age_ythadult_yge15,mts_details_sgle,2005,335.1
zaf,sex_f,age_ythadult_yge15,mts_details_sgle,2006,343.61
zaf,sex_f,age_ythadult_yge15,mts_details_sgle,2007,333.967
zaf,sex_f,age_ythadult_yge15,mts_details_sgle,2008,928.884
zaf,sex_f,age_ythadult_yge15,mts_details_sgle,2009,883.486
zaf,sex_f,age_ythadult_yge15,mts_details_sgle,2010,818.546
zaf,sex_f,age_ythadult_yge15,mts_details_sgle,2011,852.46
zaf,sex_f,age_ythadult_yge15,mts_details_sgle,2012,836.672
zaf,sex_f,age_ythadult_yge15,mts_details_sgle,2013,895.747
zaf,sex_f,age_ythadult_yge15,mts_details_sgle,2014,895.135
zaf,sex_f,age_ythadult_yge15,mts_details_sgle,2015,975.008
zaf,sex_f,age_ythadult_yge15,mts_details_sgle,2016,932.956
zaf,sex_f,age_ythadult_yge15,mts_details_sgle,2017,997.451
zaf,sex_f,age_ythadult_yge15,mts_details_sgle,2018,1044.911
zaf,sex_f,age_ythadult_yge15,mts_details_sgle,2019,1007.61
zaf,sex_f,age_ythadult_yge15,mts_details_sgle,2020,848.684
zaf,sex_f,age_ythadult_yge15,mts_details_sgle,2021,835.258
zaf,sex_f,age_ythadult_yge15,mts_details_sgle,2022,985.45
zaf,sex_f,age_ythadult_yge15,mts_details_sgle,2023,1049.799
zaf,sex_f,age_ythadult_yge15,mts_details_sgle,2024,1143.564
zaf,sex_f,age_ythadult_yge15,mts_details_total,2000,1316.266
zaf,sex_f,age_ythadult_yge15,mts_details_total,2001,1310.204
zaf,sex_f,age_ythadult_yge15,mts_details_total,2002,852.989
zaf,sex_f,age_ythadult_yge15,mts_details_total,2003,870.167
zaf,sex_f,age_ythadult_yge15,mts_details_total,2004,839.835
zaf,sex_f,age_ythadult_yge15,mts_details_total,2005,999.018
zaf,sex_f,age_ythadult_yge15,mts_details_total,2006,966.835
zaf,sex_f,age_ythadult_yge15,mts_details_total,2007,924.613
zaf,sex_f,age_ythadult_yge15,mts_details_total,2008,2142.661
zaf,sex_f,age_ythadult_yge15,mts_details_total,2009,2015.278
zaf,sex_f,age_ythadult_yge15,mts_details_total,2010,1919.663
zaf,sex_f,age_ythadult_yge15,mts_details_total,2011,1857.601
zaf,sex_f,age_ythadult_yge15,mts_details_total,2012,1848.72
zaf,sex_f,age_ythadult_yge15,mts_details_total,2013,1947.102
zaf,sex_f,age_ythadult_yge15,mts_details_total,2014,1927.244
zaf,sex_f,age_ythadult_yge15,mts_details_total,2015,2072.811
zaf,sex_f,age_ythadult_yge15,mts_details_total,2016,2017.626
zaf,sex_f,age_ythadult_yge15,mts_details_total,2017,2118.43
zaf,sex_f,age_ythadult_yge15,mts_details_total,2018,2170.043
zaf,sex_f,age_ythadult_yge15,mts_details_total,2019,2160.073
zaf,sex_f,age_ythadult_yge15,mts_details_total,2020,1760.952
zaf,sex_f,age_ythadult_yge15,mts_details_total,2021,1714.028
zaf,sex_f,age_ythadult_yge15,mts_details_total,2022,1890.355
zaf,sex_f,age_ythadult_yge15,mts_details_total,2023,2014.303
zaf,sex_f,age_ythadult_yge15,mts_details_total,2024,2195.727
zaf,sex_f,age_ythadult_yge15,mts_details_union,2000,387.151
zaf,sex_f,age_ythadult_yge15,mts_details_union,2001,176.75
zaf,sex_f,age_ythadult_yge15,mts_details_union,2002,110.14
zaf,sex_f,age_ythadult_yge15,mts_details_union,2003,109.678
zaf,sex_f,age_ythadult_yge15,mts_details_union,2004,93.532
zaf,sex_f,age_ythadult_yge15,mts_details_union,2005,119.899
zaf,sex_f,age_ythadult_yge15,mts_details_union,2006,106.502
zaf,sex_f,age_ythadult_yge15,mts_details_union,2007,99.109
zaf,sex_f,age_ythadult_yge15,mts_details_union,2008,279.093
zaf,sex_f,age_ythadult_yge15,mts_details_union,2009,273.822
zaf,sex_f,age_ythadult_yge15,mts_details_union,2010,253.689
zaf,sex_f,age_ythadult_yge15,mts_details_union,2011,231.184
zaf,sex_f,age_ythadult_yge15,mts_details_union,2012,230.114
zaf,sex_f,age_ythadult_yge15,mts_details_union,2013,237.994
zaf,sex_f,age_ythadult_yge15,mts_details_union,2014,223.132
zaf,sex_f,age_ythadult_yge15,mts_details_union,2015,272.206
zaf,sex_f,age_ythadult_yge15,mts_details_union,2016,258.322
zaf,sex_f,age_ythadult_yge15,mts_details_union,2017,275.81
zaf,sex_f,age_ythadult_yge15,mts_details_union,2018,292.797
zaf,sex_f,age_ythadult_yge15,mts_details_union,2019,281.586
zaf,sex_f,age_ythadult_yge15,mts_details_union,2020,239.835
zaf,sex_f,age_ythadult_yge15,mts_details_union,2021,238.684
zaf,sex_f,age_ythadult_yge15,mts_details_union,2022,251.687
zaf,sex_f,age_ythadult_yge15,mts_details_union,2023,242.709
zaf,sex_f,age_ythadult_yge15,mts_details_union,2024,277.24
zaf,sex_f,age_ythadult_yge15,mts_details_wid,2000,112.549
zaf,sex_f,age_ythadult_yge15,mts_details_wid,2001,66.387
zaf,sex_f,age_ythadult_yge15,mts_details_wid,2002,55.005
zaf,sex_f,age_ythadult_yge15,mts_details_wid,2003,62.706
zaf,sex_f,age_ythadult_yge15,mts_details_wid,2004,94.117
zaf,sex_f,age_ythadult_yge15,mts_details_wid,2005,129.164
zaf,sex_f,age_ythadult_yge15,mts_details_wid,2006,125.113
zaf,sex_f,age_ythadult_yge15,mts_details_wid,2007,114.658
zaf,sex_f,age_ythadult_yge15,mts_details_wid,2008,184.346
zaf,sex_f,age_ythadult_yge15,mts_details_wid,2009,176.179
zaf,sex_f,age_ythadult_yge15,mts_details_wid,2010,174.345
zaf,sex_f,age_ythadult_yge15,mts_details_wid,2011,159.223
zaf,sex_f,age_ythadult_yge15,mts_details_wid,2012,145.665
zaf,sex_f,age_ythadult_yge15,mts_details_wid,2013,154.278
zaf,sex_f,age_ythadult_yge15,mts_details_wid,2014,167.182
zaf,sex_f,age_ythadult_yge15,mts_details_wid,2015,155.538
zaf,sex_f,age_ythadult_yge15,mts_details_wid,2016,148.153
zaf,sex_f,age_ythadult_yge15,mts_details_wid,2017,170.999
zaf,sex_f,age_ythadult_yge15,mts_details_wid,2018,173.366
zaf,sex_f,age_ythadult_yge15,mts_details_wid,2019,166.86
zaf,sex_f,age_ythadult_yge15,mts_details_wid,2020,113.996
zaf,sex_f,age_ythadult_yge15,mts_details_wid,2021,102.888
zaf,sex_f,age_ythadult_yge15,mts_details_wid,2022,102.102
zaf,sex_f,age_ythadult_yge15,mts_details_wid,2023,121.64
zaf,sex_f,age_ythadult_yge15,mts_details_wid,2024,132.972
zaf,sex_f,age_ythadult_yge25,mts_aggregate_1,2000,315.56
zaf,sex_f,age_ythadult_yge25,mts_aggregate_1,2001,359.331
zaf,sex_f,age_ythadult_yge25,mts_aggregate_1,2002,252.449
zaf,sex_f,age_ythadult_yge25,mts_aggregate_1,2003,271.905
zaf,sex_f,age_ythadult_yge25,mts_aggregate_1,2004,320.998
zaf,sex_f,age_ythadult_yge25,mts_aggregate_1,2005,451.334
zaf,sex_f,age_ythadult_yge25,mts_aggregate_1,2006,438.042
zaf,sex_f,age_ythadult_yge25,mts_aggregate_1,2007,447.644
zaf,sex_f,age_ythadult_yge25,mts_aggregate_1,2008,1000.466
zaf,sex_f,age_ythadult_yge25,mts_aggregate_1,2009,975.641
zaf,sex_f,age_ythadult_yge25,mts_aggregate_1,2010,931.497
zaf,sex_f,age_ythadult_yge25,mts_aggregate_1,2011,941.05
zaf,sex_f,age_ythadult_yge25,mts_aggregate_1,2012,948
zaf,sex_f,age_ythadult_yge25,mts_aggregate_1,2013,996.895
zaf,sex_f,age_ythadult_yge25,mts_aggregate_1,2014,1007.021
zaf,sex_f,age_ythadult_yge25,mts_aggregate_1,2015,1070.165
zaf,sex_f,age_ythadult_yge25,mts_aggregate_1,2016,1045.928
zaf,sex_f,age_ythadult_yge25,mts_aggregate_1,2017,1121.558
zaf,sex_f,age_ythadult_yge25,mts_aggregate_1,2018,1165.916
zaf,sex_f,age_ythadult_yge25,mts_aggregate_1,2019,1140.302
zaf,sex_f,age_ythadult_yge25,mts_aggregate_1,2020,942.386
zaf,sex_f,age_ythadult_yge25,mts_aggregate_1,2021,929.132
zaf,sex_f,age_ythadult_yge25,mts_aggregate_1,2022,1054.852
zaf,sex_f,age_ythadult_yge25,mts_aggregate_1,2023,1122.408
zaf,sex_f,age_ythadult_yge25,mts_aggregate_1,2024,1219.323
zaf,sex_f,age_ythadult_yge25,mts_aggregate_2,2000,863.528
zaf,sex_f,age_ythadult_yge25,mts_aggregate_2,2001,793.745
zaf,sex_f,age_ythadult_yge25,mts_aggregate_2,2002,505.407
zaf,sex_f,age_ythadult_yge25,mts_aggregate_2,2003,520.466
zaf,sex_f,age_ythadult_yge25,mts_aggregate_2,2004,433.689
zaf,sex_f,age_ythadult_yge25,mts_aggregate_2,2005,458.244
zaf,sex_f,age_ythadult_yge25,mts_aggregate_2,2006,428.575
zaf,sex_f,age_ythadult_yge25,mts_aggregate_2,2007,402.256
zaf,sex_f,age_ythadult_yge25,mts_aggregate_2,2008,888.628
zaf,sex_f,age_ythadult_yge25,mts_aggregate_2,2009,829.783
zaf,sex_f,age_ythadult_yge25,mts_aggregate_2,2010,800.931
zaf,sex_f,age_ythadult_yge25,mts_aggregate_2,2011,737.618
zaf,sex_f,age_ythadult_yge25,mts_aggregate_2,2012,740.26
zaf,sex_f,age_ythadult_yge25,mts_aggregate_2,2013,770.969
zaf,sex_f,age_ythadult_yge25,mts_aggregate_2,2014,751.803
zaf,sex_f,age_ythadult_yge25,mts_aggregate_2,2015,824.478
zaf,sex_f,age_ythadult_yge25,mts_aggregate_2,2016,816.745
zaf,sex_f,age_ythadult_yge25,mts_aggregate_2,2017,839.011
zaf,sex_f,age_ythadult_yge25,mts_aggregate_2,2018,846.525
zaf,sex_f,age_ythadult_yge25,mts_aggregate_2,2019,873.794
zaf,sex_f,age_ythadult_yge25,mts_aggregate_2,2020,708.14
zaf,sex_f,age_ythadult_yge25,mts_aggregate_2,2021,689.801
zaf,sex_f,age_ythadult_yge25,mts_aggregate_2,2022,716.548
zaf,sex_f,age_ythadult_yge25,mts_aggregate_2,2023,744.861
zaf,sex_f,age_ythadult_yge25,mts_aggregate_2,2024,822.189
zaf,sex_f,age_ythadult_yge25,mts_aggregate_total,2000,1179.13
zaf,sex_f,age_ythadult_yge25,mts_aggregate_total,2001,1153.445
zaf,sex_f,age_ythadult_yge25,mts_aggregate_total,2002,757.857
zaf,sex_f,age_ythadult_yge25,mts_aggregate_total,2003,792.371
zaf,sex_f,age_ythadult_yge25,mts_aggregate_total,2004,754.686
zaf,sex_f,age_ythadult_yge25,mts_aggregate_total,2005,909.894
zaf,sex_f,age_ythadult_yge25,mts_aggregate_total,2006,866.617
zaf,sex_f,age_ythadult_yge25,mts_aggregate_total,2007,850.185
zaf,sex_f,age_ythadult_yge25,mts_aggregate_total,2008,1889.093
zaf,sex_f,age_ythadult_yge25,mts_aggregate_total,2009,1805.424
zaf,sex_f,age_ythadult_yge25,mts_aggregate_total,2010,1732.427
zaf,sex_f,age_ythadult_yge25,mts_aggregate_total,2011,1678.668
zaf,sex_f,age_ythadult_yge25,mts_aggregate_total,2012,1688.26
zaf,sex_f,age_ythadult_yge25,mts_aggregate_total,2013,1767.863
zaf,sex_f,age_ythadult_yge25,mts_aggregate_total,2014,1758.824
zaf,sex_f,age_ythadult_yge25,mts_aggregate_total,2015,1894.643
zaf,sex_f,age_ythadult_yge25,mts_aggregate_total,2016,1862.673
zaf,sex_f,age_ythadult_yge25,mts_aggregate_total,2017,1960.569
zaf,sex_f,age_ythadult_yge25,mts_aggregate_total,2018,2012.441
zaf,sex_f,age_ythadult_yge25,mts_aggregate_total,2019,2014.097
zaf,sex_f,age_ythadult_yge25,mts_aggregate_total,2020,1650.526
zaf,sex_f,age_ythadult_yge25,mts_aggregate_total,2021,1618.934
zaf,sex_f,age_ythadult_yge25,mts_aggregate_total,2022,1771.401
zaf,sex_f,age_ythadult_yge25,mts_aggregate_total,2023,1867.269
zaf,sex_f,age_ythadult_yge25,mts_aggregate_total,2024,2041.512
zaf,sex_f,age_ythadult_yge25,mts_details_mrd,2000,490.558
zaf,sex_f,age_ythadult_yge25,mts_details_mrd,2001,618.141
zaf,sex_f,age_ythadult_yge25,mts_details_mrd,2002,395.268
zaf,sex_f,age_ythadult_yge25,mts_details_mrd,2003,410.912
zaf,sex_f,age_ythadult_yge25,mts_details_mrd,2004,348.834
zaf,sex_f,age_ythadult_yge25,mts_details_mrd,2005,350.016
zaf,sex_f,age_ythadult_yge25,mts_details_mrd,2006,337.808
zaf,sex_f,age_ythadult_yge25,mts_details_mrd,2007,320.219
zaf,sex_f,age_ythadult_yge25,mts_details_mrd,2008,638.572
zaf,sex_f,age_ythadult_yge25,mts_details_mrd,2009,577.688
zaf,sex_f,age_ythadult_yge25,mts_details_mrd,2010,571.42
zaf,sex_f,age_ythadult_yge25,mts_details_mrd,2011,528.454
zaf,sex_f,age_ythadult_yge25,mts_details_mrd,2012,529.804
zaf,sex_f,age_ythadult_yge25,mts_details_mrd,2013,554.816
zaf,sex_f,age_ythadult_yge25,mts_details_mrd,2014,550.023
zaf,sex_f,age_ythadult_yge25,mts_details_mrd,2015,570.058
zaf,sex_f,age_ythadult_yge25,mts_details_mrd,2016,580.756
zaf,sex_f,age_ythadult_yge25,mts_details_mrd,2017,582.352
zaf,sex_f,age_ythadult_yge25,mts_details_mrd,2018,572.695
zaf,sex_f,age_ythadult_yge25,mts_details_mrd,2019,608.017
zaf,sex_f,age_ythadult_yge25,mts_details_mrd,2020,480.304
zaf,sex_f,age_ythadult_yge25,mts_details_mrd,2021,466.51
zaf,sex_f,age_ythadult_yge25,mts_details_mrd,2022,479.805
zaf,sex_f,age_ythadult_yge25,mts_details_mrd,2023,523.754
zaf,sex_f,age_ythadult_yge25,mts_details_mrd,2024,562.446
zaf,sex_f,age_ythadult_yge25,mts_details_sep,2000,203.678
zaf,sex_f,age_ythadult_yge25,mts_details_sep,2001,293.67
zaf,sex_f,age_ythadult_yge25,mts_details_sep,2002,198.083
zaf,sex_f,age_ythadult_yge25,mts_details_sep,2003,209.199
zaf,sex_f,age_ythadult_yge25,mts_details_sep,2004,124.037
zaf,sex_f,age_ythadult_yge25,mts_details_sep,2005,54.637
zaf,sex_f,age_ythadult_yge25,mts_details_sep,2006,44.834
zaf,sex_f,age_ythadult_yge25,mts_details_sep,2007,47.974
zaf,sex_f,age_ythadult_yge25,mts_details_sep,2008,94.253
zaf,sex_f,age_ythadult_yge25,mts_details_sep,2009,87.854
zaf,sex_f,age_ythadult_yge25,mts_details_sep,2010,87.653
zaf,sex_f,age_ythadult_yge25,mts_details_sep,2011,72.167
zaf,sex_f,age_ythadult_yge25,mts_details_sep,2012,92.694
zaf,sex_f,age_ythadult_yge25,mts_details_sep,2013,91.487
zaf,sex_f,age_ythadult_yge25,mts_details_sep,2014,78.795
zaf,sex_f,age_ythadult_yge25,mts_details_sep,2015,85.208
zaf,sex_f,age_ythadult_yge25,mts_details_sep,2016,81.532
zaf,sex_f,age_ythadult_yge25,mts_details_sep,2017,78.26
zaf,sex_f,age_ythadult_yge25,mts_details_sep,2018,72.985
zaf,sex_f,age_ythadult_yge25,mts_details_sep,2019,83.014
zaf,sex_f,age_ythadult_yge25,mts_details_sep,2020,68.298
zaf,sex_f,age_ythadult_yge25,mts_details_sep,2021,65.9
zaf,sex_f,age_ythadult_yge25,mts_details_sep,2022,62.565
zaf,sex_f,age_ythadult_yge25,mts_details_sep,2023,66.113
zaf,sex_f,age_ythadult_yge25,mts_details_sep,2024,72.314
zaf,sex_f,age_ythadult_yge25,mts_details_sgle,2004,104.068
zaf,sex_f,age_ythadult_yge25,mts_details_sgle,2005,267.611
zaf,sex_f,age_ythadult_yge25,mts_details_sgle,2006,268.276
zaf,sex_f,age_ythadult_yge25,mts_details_sgle,2007,285.28
zaf,sex_f,age_ythadult_yge25,mts_details_sgle,2008,722.094
zaf,sex_f,age_ythadult_yge25,mts_details_sgle,2009,712.194
zaf,sex_f,age_ythadult_yge25,mts_details_sgle,2010,669.771
zaf,sex_f,age_ythadult_yge25,mts_details_sgle,2011,709.784
zaf,sex_f,age_ythadult_yge25,mts_details_sgle,2012,709.765
zaf,sex_f,age_ythadult_yge25,mts_details_sgle,2013,751.13
zaf,sex_f,age_ythadult_yge25,mts_details_sgle,2014,761.105
zaf,sex_f,age_ythadult_yge25,mts_details_sgle,2015,829.513
zaf,sex_f,age_ythadult_yge25,mts_details_sgle,2016,816.243
zaf,sex_f,age_ythadult_yge25,mts_details_sgle,2017,872.57
zaf,sex_f,age_ythadult_yge25,mts_details_sgle,2018,919.787
zaf,sex_f,age_ythadult_yge25,mts_details_sgle,2019,890.428
zaf,sex_f,age_ythadult_yge25,mts_details_sgle,2020,760.092
zaf,sex_f,age_ythadult_yge25,mts_details_sgle,2021,760.344
zaf,sex_f,age_ythadult_yge25,mts_details_sgle,2022,890.185
zaf,sex_f,age_ythadult_yge25,mts_details_sgle,2023,934.654
zaf,sex_f,age_ythadult_yge25,mts_details_sgle,2024,1014.037
zaf,sex_f,age_ythadult_yge25,mts_details_total,2000,1179.13
zaf,sex_f,age_ythadult_yge25,mts_details_total,2001,1153.445
zaf,sex_f,age_ythadult_yge25,mts_details_total,2002,757.857
zaf,sex_f,age_ythadult_yge25,mts_details_total,2003,792.371
zaf,sex_f,age_ythadult_yge25,mts_details_total,2004,754.686
zaf,sex_f,age_ythadult_yge25,mts_details_total,2005,909.894
zaf,sex_f,age_ythadult_yge25,mts_details_total,2006,866.617
zaf,sex_f,age_ythadult_yge25,mts_details_total,2007,850.185
zaf,sex_f,age_ythadult_yge25,mts_details_total,2008,1889.093
zaf,sex_f,age_ythadult_yge25,mts_details_total,2009,1805.424
zaf,sex_f,age_ythadult_yge25,mts_details_total,2010,1732.427
zaf,sex_f,age_ythadult_yge25,mts_details_total,2011,1678.668
zaf,sex_f,age_ythadult_yge25,mts_details_total,2012,1688.26
zaf,sex_f,age_ythadult_yge25,mts_details_total,2013,1767.863
zaf,sex_f,age_ythadult_yge25,mts_details_total,2014,1758.824
zaf,sex_f,age_ythadult_yge25,mts_details_total,2015,1894.643
zaf,sex_f,age_ythadult_yge25,mts_details_total,2016,1862.673
zaf,sex_f,age_ythadult_yge25,mts_details_total,2017,1960.569
zaf,sex_f,age_ythadult_yge25,mts_details_total,2018,2012.441
zaf,sex_f,age_ythadult_yge25,mts_details_total,2019,2014.097
zaf,sex_f,age_ythadult_yge25,mts_details_total,2020,1650.526
zaf,sex_f,age_ythadult_yge25,mts_details_total,2021,1618.934
zaf,sex_f,age_ythadult_yge25,mts_details_total,2022,1771.401
zaf,sex_f,age_ythadult_yge25,mts_details_total,2023,1867.269
zaf,sex_f,age_ythadult_yge25,mts_details_total,2024,2041.512
zaf,sex_f,age_ythadult_yge25,mts_details_union,2000,372.971
zaf,sex_f,age_ythadult_yge25,mts_details_union,2001,175.604
zaf,sex_f,age_ythadult_yge25,mts_details_union,2002,110.14
zaf,sex_f,age_ythadult_yge25,mts_details_union,2003,109.554
zaf,sex_f,age_ythadult_yge25,mts_details_union,2004,84.855
zaf,sex_f,age_ythadult_yge25,mts_details_union,2005,108.228
zaf,sex_f,age_ythadult_yge25,mts_details_union,2006,90.767
zaf,sex_f,age_ythadult_yge25,mts_details_union,2007,82.036
zaf,sex_f,age_ythadult_yge25,mts_details_union,2008,250.056
zaf,sex_f,age_ythadult_yge25,mts_details_union,2009,252.095
zaf,sex_f,age_ythadult_yge25,mts_details_union,2010,229.511
zaf,sex_f,age_ythadult_yge25,mts_details_union,2011,209.164
zaf,sex_f,age_ythadult_yge25,mts_details_union,2012,210.457
zaf,sex_f,age_ythadult_yge25,mts_details_union,2013,216.153
zaf,sex_f,age_ythadult_yge25,mts_details_union,2014,201.78
zaf,sex_f,age_ythadult_yge25,mts_details_union,2015,254.419
zaf,sex_f,age_ythadult_yge25,mts_details_union,2016,235.989
zaf,sex_f,age_ythadult_yge25,mts_details_union,2017,256.658
zaf,sex_f,age_ythadult_yge25,mts_details_union,2018,273.83
zaf,sex_f,age_ythadult_yge25,mts_details_union,2019,265.777
zaf,sex_f,age_ythadult_yge25,mts_details_union,2020,227.836
zaf,sex_f,age_ythadult_yge25,mts_details_union,2021,223.291
zaf,sex_f,age_ythadult_yge25,mts_details_union,2022,236.743
zaf,sex_f,age_ythadult_yge25,mts_details_union,2023,221.107
zaf,sex_f,age_ythadult_yge25,mts_details_union,2024,259.743
zaf,sex_f,age_ythadult_yge25,mts_details_wid,2000,111.882
zaf,sex_f,age_ythadult_yge25,mts_details_wid,2001,65.66
zaf,sex_f,age_ythadult_yge25,mts_details_wid,2002,54.366
zaf,sex_f,age_ythadult_yge25,mts_details_wid,2003,62.706
zaf,sex_f,age_ythadult_yge25,mts_details_wid,2004,92.892
zaf,sex_f,age_ythadult_yge25,mts_details_wid,2005,129.085
zaf,sex_f,age_ythadult_yge25,mts_details_wid,2006,124.932
zaf,sex_f,age_ythadult_yge25,mts_details_wid,2007,114.389
zaf,sex_f,age_ythadult_yge25,mts_details_wid,2008,184.118
zaf,sex_f,age_ythadult_yge25,mts_details_wid,2009,175.592
zaf,sex_f,age_ythadult_yge25,mts_details_wid,2010,174.072
zaf,sex_f,age_ythadult_yge25,mts_details_wid,2011,159.099
zaf,sex_f,age_ythadult_yge25,mts_details_wid,2012,145.54
zaf,sex_f,age_ythadult_yge25,mts_details_wid,2013,154.278
zaf,sex_f,age_ythadult_yge25,mts_details_wid,2014,167.122
zaf,sex_f,age_ythadult_yge25,mts_details_wid,2015,155.444
zaf,sex_f,age_ythadult_yge25,mts_details_wid,2016,148.153
zaf,sex_f,age_ythadult_yge25,mts_details_wid,2017,170.728
zaf,sex_f,age_ythadult_yge25,mts_details_wid,2018,173.144
zaf,sex_f,age_ythadult_yge25,mts_details_wid,2019,166.86
zaf,sex_f,age_ythadult_yge25,mts_details_wid,2020,113.996
zaf,sex_f,age_ythadult_yge25,mts_details_wid,2021,102.888
zaf,sex_f,age_ythadult_yge25,mts_details_wid,2022,102.102
zaf,sex_f,age_ythadult_yge25,mts_details_wid,2023,121.64
zaf,sex_f,age_ythadult_yge25,mts_details_wid,2024,132.972
zaf,sex_m,age_10yrbands_total,mts_aggregate_1,2000,333.505
zaf,sex_m,age_10yrbands_total,mts_aggregate_1,2001,590.56
zaf,sex_m,age_10yrbands_total,mts_aggregate_1,2002,474.88
zaf,sex_m,age_10yrbands_total,mts_aggregate_1,2003,432.985
zaf,sex_m,age_10yrbands_total,mts_aggregate_1,2004,470.083
zaf,sex_m,age_10yrbands_total,mts_aggregate_1,2005,538.091
zaf,sex_m,age_10yrbands_total,mts_aggregate_1,2006,594.364
zaf,sex_m,age_10yrbands_total,mts_aggregate_1,2007,553.846
zaf,sex_m,age_10yrbands_total,mts_aggregate_1,2008,1327.781
zaf,sex_m,age_10yrbands_total,mts_aggregate_1,2009,1198.646
zaf,sex_m,age_10yrbands_total,mts_aggregate_1,2010,1194.131
zaf,sex_m,age_10yrbands_total,mts_aggregate_1,2011,1207.87
zaf,sex_m,age_10yrbands_total,mts_aggregate_1,2012,1200.656
zaf,sex_m,age_10yrbands_total,mts_aggregate_1,2013,1270.312
zaf,sex_m,age_10yrbands_total,mts_aggregate_1,2014,1337.6
zaf,sex_m,age_10yrbands_total,mts_aggregate_1,2015,1472.79
zaf,sex_m,age_10yrbands_total,mts_aggregate_1,2016,1451.516
zaf,sex_m,age_10yrbands_total,mts_aggregate_1,2017,1529.15
zaf,sex_m,age_10yrbands_total,mts_aggregate_1,2018,1606.016
zaf,sex_m,age_10yrbands_total,mts_aggregate_1,2019,1560.502
zaf,sex_m,age_10yrbands_total,mts_aggregate_1,2020,1321.336
zaf,sex_m,age_10yrbands_total,mts_aggregate_1,2021,1327.627
zaf,sex_m,age_10yrbands_total,mts_aggregate_1,2022,1570.318
zaf,sex_m,age_10yrbands_total,mts_aggregate_1,2023,1699.471
zaf,sex_m,age_10yrbands_total,mts_aggregate_1,2024,1779.375
zaf,sex_m,age_10yrbands_total,mts_aggregate_2,2000,1015.144
zaf,sex_m,age_10yrbands_total,mts_aggregate_2,2001,763.006
zaf,sex_m,age_10yrbands_total,mts_aggregate_2,2002,602.081
zaf,sex_m,age_10yrbands_total,mts_aggregate_2,2003,583.147
zaf,sex_m,age_10yrbands_total,mts_aggregate_2,2004,592.096
zaf,sex_m,age_10yrbands_total,mts_aggregate_2,2005,612.826
zaf,sex_m,age_10yrbands_total,mts_aggregate_2,2006,627.265
zaf,sex_m,age_10yrbands_total,mts_aggregate_2,2007,593.782
zaf,sex_m,age_10yrbands_total,mts_aggregate_2,2008,1070.443
zaf,sex_m,age_10yrbands_total,mts_aggregate_2,2009,983.897
zaf,sex_m,age_10yrbands_total,mts_aggregate_2,2010,1038.66
zaf,sex_m,age_10yrbands_total,mts_aggregate_2,2011,982.137
zaf,sex_m,age_10yrbands_total,mts_aggregate_2,2012,1040.247
zaf,sex_m,age_10yrbands_total,mts_aggregate_2,2013,1015.669
zaf,sex_m,age_10yrbands_total,mts_aggregate_2,2014,978.115
zaf,sex_m,age_10yrbands_total,mts_aggregate_2,2015,1157.396
zaf,sex_m,age_10yrbands_total,mts_aggregate_2,2016,1194.367
zaf,sex_m,age_10yrbands_total,mts_aggregate_2,2017,1206.749
zaf,sex_m,age_10yrbands_total,mts_aggregate_2,2018,1233.503
zaf,sex_m,age_10yrbands_total,mts_aggregate_2,2019,1259.98
zaf,sex_m,age_10yrbands_total,mts_aggregate_2,2020,1075.89
zaf,sex_m,age_10yrbands_total,mts_aggregate_2,2021,1120.821
zaf,sex_m,age_10yrbands_total,mts_aggregate_2,2022,1200.843
zaf,sex_m,age_10yrbands_total,mts_aggregate_2,2023,1217.714
zaf,sex_m,age_10yrbands_total,mts_aggregate_2,2024,1279.918
zaf,sex_m,age_10yrbands_total,mts_aggregate_total,2000,1349.134
zaf,sex_m,age_10yrbands_total,mts_aggregate_total,2001,1353.566
zaf,sex_m,age_10yrbands_total,mts_aggregate_total,2002,1077.44
zaf,sex_m,age_10yrbands_total,mts_aggregate_total,2003,1016.269
zaf,sex_m,age_10yrbands_total,mts_aggregate_total,2004,1062.246
zaf,sex_m,age_10yrbands_total,mts_aggregate_total,2005,1151.43
zaf,sex_m,age_10yrbands_total,mts_aggregate_total,2006,1221.927
zaf,sex_m,age_10yrbands_total,mts_aggregate_total,2007,1147.777
zaf,sex_m,age_10yrbands_total,mts_aggregate_total,2008,2398.224
zaf,sex_m,age_10yrbands_total,mts_aggregate_total,2009,2182.543
zaf,sex_m,age_10yrbands_total,mts_aggregate_total,2010,2232.791
zaf,sex_m,age_10yrbands_total,mts_aggregate_total,2011,2190.007
zaf,sex_m,age_10yrbands_total,mts_aggregate_total,2012,2240.902
zaf,sex_m,age_10yrbands_total,mts_aggregate_total,2013,2285.981
zaf,sex_m,age_10yrbands_total,mts_aggregate_total,2014,2315.715
zaf,sex_m,age_10yrbands_total,mts_aggregate_total,2015,2630.186
zaf,sex_m,age_10yrbands_total,mts_aggregate_total,2016,2645.883
zaf,sex_m,age_10yrbands_total,mts_aggregate_total,2017,2735.899
zaf,sex_m,age_10yrbands_total,mts_aggregate_total,2018,2839.519
zaf,sex_m,age_10yrbands_total,mts_aggregate_total,2019,2820.482
zaf,sex_m,age_10yrbands_total,mts_aggregate_total,2020,2397.226
zaf,sex_m,age_10yrbands_total,mts_aggregate_total,2021,2448.448
zaf,sex_m,age_10yrbands_total,mts_aggregate_total,2022,2771.162
zaf,sex_m,age_10yrbands_total,mts_aggregate_total,2023,2917.185
zaf,sex_m,age_10yrbands_total,mts_aggregate_total,2024,3059.293
zaf,sex_m,age_10yrbands_total,mts_details_mrd,2000,680.917
zaf,sex_m,age_10yrbands_total,mts_details_mrd,2001,737.579
zaf,sex_m,age_10yrbands_total,mts_details_mrd,2002,584.696
zaf,sex_m,age_10yrbands_total,mts_details_mrd,2003,561.612
zaf,sex_m,age_10yrbands_total,mts_details_mrd,2004,481.913
zaf,sex_m,age_10yrbands_total,mts_details_mrd,2005,405.428
zaf,sex_m,age_10yrbands_total,mts_details_mrd,2006,410.955
zaf,sex_m,age_10yrbands_total,mts_details_mrd,2007,373.833
zaf,sex_m,age_10yrbands_total,mts_details_mrd,2008,685.997
zaf,sex_m,age_10yrbands_total,mts_details_mrd,2009,616.001
zaf,sex_m,age_10yrbands_total,mts_details_mrd,2010,647.738
zaf,sex_m,age_10yrbands_total,mts_details_mrd,2011,633.265
zaf,sex_m,age_10yrbands_total,mts_details_mrd,2012,666.463
zaf,sex_m,age_10yrbands_total,mts_details_mrd,2013,655.025
zaf,sex_m,age_10yrbands_total,mts_details_mrd,2014,609.582
zaf,sex_m,age_10yrbands_total,mts_details_mrd,2015,730.656
zaf,sex_m,age_10yrbands_total,mts_details_mrd,2016,728.889
zaf,sex_m,age_10yrbands_total,mts_details_mrd,2017,750.515
zaf,sex_m,age_10yrbands_total,mts_details_mrd,2018,751.841
zaf,sex_m,age_10yrbands_total,mts_details_mrd,2019,788.266
zaf,sex_m,age_10yrbands_total,mts_details_mrd,2020,687.034
zaf,sex_m,age_10yrbands_total,mts_details_mrd,2021,728.063
zaf,sex_m,age_10yrbands_total,mts_details_mrd,2022,730.218
zaf,sex_m,age_10yrbands_total,mts_details_mrd,2023,748.699
zaf,sex_m,age_10yrbands_total,mts_details_mrd,2024,787.475
zaf,sex_m,age_10yrbands_total,mts_details_sep,2000,296.64
zaf,sex_m,age_10yrbands_total,mts_details_sep,2001,545.254
zaf,sex_m,age_10yrbands_total,mts_details_sep,2002,437.764
zaf,sex_m,age_10yrbands_total,mts_details_sep,2003,405.412
zaf,sex_m,age_10yrbands_total,mts_details_sep,2004,210.893
zaf,sex_m,age_10yrbands_total,mts_details_sep,2005,31.882
zaf,sex_m,age_10yrbands_total,mts_details_sep,2006,29.94
zaf,sex_m,age_10yrbands_total,mts_details_sep,2007,32.791
zaf,sex_m,age_10yrbands_total,mts_details_sep,2008,54.353
zaf,sex_m,age_10yrbands_total,mts_details_sep,2009,47.808
zaf,sex_m,age_10yrbands_total,mts_details_sep,2010,54.795
zaf,sex_m,age_10yrbands_total,mts_details_sep,2011,47.347
zaf,sex_m,age_10yrbands_total,mts_details_sep,2012,56.062
zaf,sex_m,age_10yrbands_total,mts_details_sep,2013,53.26
zaf,sex_m,age_10yrbands_total,mts_details_sep,2014,53.122
zaf,sex_m,age_10yrbands_total,mts_details_sep,2015,58.786
zaf,sex_m,age_10yrbands_total,mts_details_sep,2016,52.14
zaf,sex_m,age_10yrbands_total,mts_details_sep,2017,55.237
zaf,sex_m,age_10yrbands_total,mts_details_sep,2018,62.999
zaf,sex_m,age_10yrbands_total,mts_details_sep,2019,53.076
zaf,sex_m,age_10yrbands_total,mts_details_sep,2020,49.442
zaf,sex_m,age_10yrbands_total,mts_details_sep,2021,49.461
zaf,sex_m,age_10yrbands_total,mts_details_sep,2022,58.933
zaf,sex_m,age_10yrbands_total,mts_details_sep,2023,57.986
zaf,sex_m,age_10yrbands_total,mts_details_sep,2024,71.508
zaf,sex_m,age_10yrbands_total,mts_details_sgle,2004,231.399
zaf,sex_m,age_10yrbands_total,mts_details_sgle,2005,483.26
zaf,sex_m,age_10yrbands_total,mts_details_sgle,2006,541.796
zaf,sex_m,age_10yrbands_total,mts_details_sgle,2007,499.861
zaf,sex_m,age_10yrbands_total,mts_details_sgle,2008,1234.972
zaf,sex_m,age_10yrbands_total,mts_details_sgle,2009,1115.417
zaf,sex_m,age_10yrbands_total,mts_details_sgle,2010,1105.667
zaf,sex_m,age_10yrbands_total,mts_details_sgle,2011,1124.386
zaf,sex_m,age_10yrbands_total,mts_details_sgle,2012,1111.08
zaf,sex_m,age_10yrbands_total,mts_details_sgle,2013,1172.119
zaf,sex_m,age_10yrbands_total,mts_details_sgle,2014,1243.538
zaf,sex_m,age_10yrbands_total,mts_details_sgle,2015,1383.895
zaf,sex_m,age_10yrbands_total,mts_details_sgle,2016,1360.122
zaf,sex_m,age_10yrbands_total,mts_details_sgle,2017,1419.018
zaf,sex_m,age_10yrbands_total,mts_details_sgle,2018,1497.638
zaf,sex_m,age_10yrbands_total,mts_details_sgle,2019,1461.968
zaf,sex_m,age_10yrbands_total,mts_details_sgle,2020,1231.167
zaf,sex_m,age_10yrbands_total,mts_details_sgle,2021,1235.361
zaf,sex_m,age_10yrbands_total,mts_details_sgle,2022,1472.51
zaf,sex_m,age_10yrbands_total,mts_details_sgle,2023,1606.595
zaf,sex_m,age_10yrbands_total,mts_details_sgle,2024,1673.443
zaf,sex_m,age_10yrbands_total,mts_details_total,2000,1349.134
zaf,sex_m,age_10yrbands_total,mts_details_total,2001,1353.566
zaf,sex_m,age_10yrbands_total,mts_details_total,2002,1077.44
zaf,sex_m,age_10yrbands_total,mts_details_total,2003,1016.269
zaf,sex_m,age_10yrbands_total,mts_details_total,2004,1062.246
zaf,sex_m,age_10yrbands_total,mts_details_total,2005,1151.43
zaf,sex_m,age_10yrbands_total,mts_details_total,2006,1221.927
zaf,sex_m,age_10yrbands_total,mts_details_total,2007,1147.777
zaf,sex_m,age_10yrbands_total,mts_details_total,2008,2398.224
zaf,sex_m,age_10yrbands_total,mts_details_total,2009,2182.543
zaf,sex_m,age_10yrbands_total,mts_details_total,2010,2232.791
zaf,sex_m,age_10yrbands_total,mts_details_total,2011,2190.007
zaf,sex_m,age_10yrbands_total,mts_details_total,2012,2240.902
zaf,sex_m,age_10yrbands_total,mts_details_total,2013,2285.981
zaf,sex_m,age_10yrbands_total,mts_details_total,2014,2315.715
zaf,sex_m,age_10yrbands_total,mts_details_total,2015,2630.186
zaf,sex_m,age_10yrbands_total,mts_details_total,2016,2645.883
zaf,sex_m,age_10yrbands_total,mts_details_total,2017,2735.899
zaf,sex_m,age_10yrbands_total,mts_details_total,2018,2839.519
zaf,sex_m,age_10yrbands_total,mts_details_total,2019,2820.482
zaf,sex_m,age_10yrbands_total,mts_details_total,2020,2397.226
zaf,sex_m,age_10yrbands_total,mts_details_total,2021,2448.448
zaf,sex_m,age_10yrbands_total,mts_details_total,2022,2771.162
zaf,sex_m,age_10yrbands_total,mts_details_total,2023,2917.185
zaf,sex_m,age_10yrbands_total,mts_details_total,2024,3059.293
zaf,sex_m,age_10yrbands_total,mts_details_union,2000,334.227
zaf,sex_m,age_10yrbands_total,mts_details_union,2001,25.427
zaf,sex_m,age_10yrbands_total,mts_details_union,2002,17.385
zaf,sex_m,age_10yrbands_total,mts_details_union,2003,21.535
zaf,sex_m,age_10yrbands_total,mts_details_union,2004,110.184
zaf,sex_m,age_10yrbands_total,mts_details_union,2005,207.398
zaf,sex_m,age_10yrbands_total,mts_details_union,2006,216.31
zaf,sex_m,age_10yrbands_total,mts_details_union,2007,219.948
zaf,sex_m,age_10yrbands_total,mts_details_union,2008,384.446
zaf,sex_m,age_10yrbands_total,mts_details_union,2009,367.896
zaf,sex_m,age_10yrbands_total,mts_details_union,2010,390.922
zaf,sex_m,age_10yrbands_total,mts_details_union,2011,348.872
zaf,sex_m,age_10yrbands_total,mts_details_union,2012,373.784
zaf,sex_m,age_10yrbands_total,mts_details_union,2013,360.644
zaf,sex_m,age_10yrbands_total,mts_details_union,2014,368.533
zaf,sex_m,age_10yrbands_total,mts_details_union,2015,426.74
zaf,sex_m,age_10yrbands_total,mts_details_union,2016,465.478
zaf,sex_m,age_10yrbands_total,mts_details_union,2017,456.234
zaf,sex_m,age_10yrbands_total,mts_details_union,2018,481.662
zaf,sex_m,age_10yrbands_total,mts_details_union,2019,471.714
zaf,sex_m,age_10yrbands_total,mts_details_union,2020,388.856
zaf,sex_m,age_10yrbands_total,mts_details_union,2021,392.758
zaf,sex_m,age_10yrbands_total,mts_details_union,2022,470.626
zaf,sex_m,age_10yrbands_total,mts_details_union,2023,469.015
zaf,sex_m,age_10yrbands_total,mts_details_union,2024,492.443
zaf,sex_m,age_10yrbands_total,mts_details_wid,2000,36.865
zaf,sex_m,age_10yrbands_total,mts_details_wid,2001,45.306
zaf,sex_m,age_10yrbands_total,mts_details_wid,2002,37.116
zaf,sex_m,age_10yrbands_total,mts_details_wid,2003,27.573
zaf,sex_m,age_10yrbands_total,mts_details_wid,2004,27.791
zaf,sex_m,age_10yrbands_total,mts_details_wid,2005,22.949
zaf,sex_m,age_10yrbands_total,mts_details_wid,2006,22.628
zaf,sex_m,age_10yrbands_total,mts_details_wid,2007,21.194
zaf,sex_m,age_10yrbands_total,mts_details_wid,2008,38.456
zaf,sex_m,age_10yrbands_total,mts_details_wid,2009,35.421
zaf,sex_m,age_10yrbands_total,mts_details_wid,2010,33.67
zaf,sex_m,age_10yrbands_total,mts_details_wid,2011,36.137
zaf,sex_m,age_10yrbands_total,mts_details_wid,2012,33.514
zaf,sex_m,age_10yrbands_total,mts_details_wid,2013,44.932
zaf,sex_m,age_10yrbands_total,mts_details_wid,2014,40.94
zaf,sex_m,age_10yrbands_total,mts_details_wid,2015,30.108
zaf,sex_m,age_10yrbands_total,mts_details_wid,2016,39.253
zaf,sex_m,age_10yrbands_total,mts_details_wid,2017,54.894
zaf,sex_m,age_10yrbands_total,mts_details_wid,2018,45.379
zaf,sex_m,age_10yrbands_total,mts_details_wid,2019,45.458
zaf,sex_m,age_10yrbands_total,mts_details_wid,2020,40.727
zaf,sex_m,age_10yrbands_total,mts_details_wid,2021,42.806
zaf,sex_m,age_10yrbands_total,mts_details_wid,2022,38.875
zaf,sex_m,age_10yrbands_total,mts_details_wid,2023,34.89
zaf,sex_m,age_10yrbands_total,mts_details_wid,2024,34.423
zaf,sex_m,age_10yrbands_y15_24,mts_aggregate_1,2000,89.743
zaf,sex_m,age_10yrbands_y15_24,mts_aggregate_1,2001,197.335
zaf,sex_m,age_10yrbands_y15_24,mts_aggregate_1,2002,140.08
zaf,sex_m,age_10yrbands_y15_24,mts_aggregate_1,2003,121.74
zaf,sex_m,age_10yrbands_y15_24,mts_aggregate_1,2004,140.213
zaf,sex_m,age_10yrbands_y15_24,mts_aggregate_1,2005,151.004
zaf,sex_m,age_10yrbands_y15_24,mts_aggregate_1,2006,164.649
zaf,sex_m,age_10yrbands_y15_24,mts_aggregate_1,2007,151.706
zaf,sex_m,age_10yrbands_y15_24,mts_aggregate_1,2008,364.897
zaf,sex_m,age_10yrbands_y15_24,mts_aggregate_1,2009,305.67
zaf,sex_m,age_10yrbands_y15_24,mts_aggregate_1,2010,295.507
zaf,sex_m,age_10yrbands_y15_24,mts_aggregate_1,2011,279.148
zaf,sex_m,age_10yrbands_y15_24,mts_aggregate_1,2012,256.61
zaf,sex_m,age_10yrbands_y15_24,mts_aggregate_1,2013,261.236
zaf,sex_m,age_10yrbands_y15_24,mts_aggregate_1,2014,272.206
zaf,sex_m,age_10yrbands_y15_24,mts_aggregate_1,2015,309.314
zaf,sex_m,age_10yrbands_y15_24,mts_aggregate_1,2016,284.324
zaf,sex_m,age_10yrbands_y15_24,mts_aggregate_1,2017,307.651
zaf,sex_m,age_10yrbands_y15_24,mts_aggregate_1,2018,295.931
zaf,sex_m,age_10yrbands_y15_24,mts_aggregate_1,2019,266.378
zaf,sex_m,age_10yrbands_y15_24,mts_aggregate_1,2020,191.672
zaf,sex_m,age_10yrbands_y15_24,mts_aggregate_1,2021,186.868
zaf,sex_m,age_10yrbands_y15_24,mts_aggregate_1,2022,242.27
zaf,sex_m,age_10yrbands_y15_24,mts_aggregate_1,2023,236.763
zaf,sex_m,age_10yrbands_y15_24,mts_aggregate_1,2024,258.733
zaf,sex_m,age_10yrbands_y15_24,mts_aggregate_2,2000,140.91
zaf,sex_m,age_10yrbands_y15_24,mts_aggregate_2,2001,25.795
zaf,sex_m,age_10yrbands_y15_24,mts_aggregate_2,2002,15.4
zaf,sex_m,age_10yrbands_y15_24,mts_aggregate_2,2003,12.876
zaf,sex_m,age_10yrbands_y15_24,mts_aggregate_2,2004,17.325
zaf,sex_m,age_10yrbands_y15_24,mts_aggregate_2,2005,20.602
zaf,sex_m,age_10yrbands_y15_24,mts_aggregate_2,2006,14.228
zaf,sex_m,age_10yrbands_y15_24,mts_aggregate_2,2007,13.166
zaf,sex_m,age_10yrbands_y15_24,mts_aggregate_2,2008,43.675
zaf,sex_m,age_10yrbands_y15_24,mts_aggregate_2,2009,34.456
zaf,sex_m,age_10yrbands_y15_24,mts_aggregate_2,2010,21.762
zaf,sex_m,age_10yrbands_y15_24,mts_aggregate_2,2011,27.066
zaf,sex_m,age_10yrbands_y15_24,mts_aggregate_2,2012,31.933
zaf,sex_m,age_10yrbands_y15_24,mts_aggregate_2,2013,33.23
zaf,sex_m,age_10yrbands_y15_24,mts_aggregate_2,2014,27.805
zaf,sex_m,age_10yrbands_y15_24,mts_aggregate_2,2015,33.674
zaf,sex_m,age_10yrbands_y15_24,mts_aggregate_2,2016,39.514
zaf,sex_m,age_10yrbands_y15_24,mts_aggregate_2,2017,35.865
zaf,sex_m,age_10yrbands_y15_24,mts_aggregate_2,2018,35.094
zaf,sex_m,age_10yrbands_y15_24,mts_aggregate_2,2019,27.939
zaf,sex_m,age_10yrbands_y15_24,mts_aggregate_2,2020,18.643
zaf,sex_m,age_10yrbands_y15_24,mts_aggregate_2,2021,21.195
zaf,sex_m,age_10yrbands_y15_24,mts_aggregate_2,2022,23.136
zaf,sex_m,age_10yrbands_y15_24,mts_aggregate_2,2023,23.295
zaf,sex_m,age_10yrbands_y15_24,mts_aggregate_2,2024,33.601
zaf,sex_m,age_10yrbands_y15_24,mts_aggregate_total,2000,230.795
zaf,sex_m,age_10yrbands_y15_24,mts_aggregate_total,2001,223.13
zaf,sex_m,age_10yrbands_y15_24,mts_aggregate_total,2002,155.48
zaf,sex_m,age_10yrbands_y15_24,mts_aggregate_total,2003,134.616
zaf,sex_m,age_10yrbands_y15_24,mts_aggregate_total,2004,157.537
zaf,sex_m,age_10yrbands_y15_24,mts_aggregate_total,2005,171.606
zaf,sex_m,age_10yrbands_y15_24,mts_aggregate_total,2006,178.877
zaf,sex_m,age_10yrbands_y15_24,mts_aggregate_total,2007,164.872
zaf,sex_m,age_10yrbands_y15_24,mts_aggregate_total,2008,408.571
zaf,sex_m,age_10yrbands_y15_24,mts_aggregate_total,2009,340.126
zaf,sex_m,age_10yrbands_y15_24,mts_aggregate_total,2010,317.269
zaf,sex_m,age_10yrbands_y15_24,mts_aggregate_total,2011,306.215
zaf,sex_m,age_10yrbands_y15_24,mts_aggregate_total,2012,288.543
zaf,sex_m,age_10yrbands_y15_24,mts_aggregate_total,2013,294.466
zaf,sex_m,age_10yrbands_y15_24,mts_aggregate_total,2014,300.011
zaf,sex_m,age_10yrbands_y15_24,mts_aggregate_total,2015,342.989
zaf,sex_m,age_10yrbands_y15_24,mts_aggregate_total,2016,323.838
zaf,sex_m,age_10yrbands_y15_24,mts_aggregate_total,2017,343.516
zaf,sex_m,age_10yrbands_y15_24,mts_aggregate_total,2018,331.025
zaf,sex_m,age_10yrbands_y15_24,mts_aggregate_total,2019,294.318
zaf,sex_m,age_10yrbands_y15_24,mts_aggregate_total,2020,210.315
zaf,sex_m,age_10yrbands_y15_24,mts_aggregate_total,2021,208.063
zaf,sex_m,age_10yrbands_y15_24,mts_aggregate_total,2022,265.407
zaf,sex_m,age_10yrbands_y15_24,mts_aggregate_total,2023,260.058
zaf,sex_m,age_10yrbands_y15_24,mts_aggregate_total,2024,292.334
zaf,sex_m,age_10yrbands_y15_24,mts_details_mrd,2000,128.221
zaf,sex_m,age_10yrbands_y15_24,mts_details_mrd,2001,25.742
zaf,sex_m,age_10yrbands_y15_24,mts_details_mrd,2002,15.4
zaf,sex_m,age_10yrbands_y15_24,mts_details_mrd,2003,12.72
zaf,sex_m,age_10yrbands_y15_24,mts_details_mrd,2004,10.908
zaf,sex_m,age_10yrbands_y15_24,mts_details_mrd,2005,9.042
zaf,sex_m,age_10yrbands_y15_24,mts_details_mrd,2006,6.811
zaf,sex_m,age_10yrbands_y15_24,mts_details_mrd,2007,6.789
zaf,sex_m,age_10yrbands_y15_24,mts_details_mrd,2008,18.828
zaf,sex_m,age_10yrbands_y15_24,mts_details_mrd,2009,13.639
zaf,sex_m,age_10yrbands_y15_24,mts_details_mrd,2010,9.976
zaf,sex_m,age_10yrbands_y15_24,mts_details_mrd,2011,10.508
zaf,sex_m,age_10yrbands_y15_24,mts_details_mrd,2012,10.704
zaf,sex_m,age_10yrbands_y15_24,mts_details_mrd,2013,11.086
zaf,sex_m,age_10yrbands_y15_24,mts_details_mrd,2014,12.969
zaf,sex_m,age_10yrbands_y15_24,mts_details_mrd,2015,14.543
zaf,sex_m,age_10yrbands_y15_24,mts_details_mrd,2016,17.834
zaf,sex_m,age_10yrbands_y15_24,mts_details_mrd,2017,17.603
zaf,sex_m,age_10yrbands_y15_24,mts_details_mrd,2018,12.931
zaf,sex_m,age_10yrbands_y15_24,mts_details_mrd,2019,6.986
zaf,sex_m,age_10yrbands_y15_24,mts_details_mrd,2020,5.505
zaf,sex_m,age_10yrbands_y15_24,mts_details_mrd,2021,5.835
zaf,sex_m,age_10yrbands_y15_24,mts_details_mrd,2022,11.893
zaf,sex_m,age_10yrbands_y15_24,mts_details_mrd,2023,7.773
zaf,sex_m,age_10yrbands_y15_24,mts_details_mrd,2024,13.471
zaf,sex_m,age_10yrbands_y15_24,mts_details_sep,2000,89.461
zaf,sex_m,age_10yrbands_y15_24,mts_details_sep,2001,197.08
zaf,sex_m,age_10yrbands_y15_24,mts_details_sep,2002,139.834
zaf,sex_m,age_10yrbands_y15_24,mts_details_sep,2003,121.026
zaf,sex_m,age_10yrbands_y15_24,mts_details_sep,2004,56.858
zaf,sex_m,age_10yrbands_y15_24,mts_details_sep,2014,0.488
zaf,sex_m,age_10yrbands_y15_24,mts_details_sep,2015,0.935
zaf,sex_m,age_10yrbands_y15_24,mts_details_sep,2018,1.601
zaf,sex_m,age_10yrbands_y15_24,mts_details_sgle,2004,83.354
zaf,sex_m,age_10yrbands_y15_24,mts_details_sgle,2005,151.004
zaf,sex_m,age_10yrbands_y15_24,mts_details_sgle,2006,164.649
zaf,sex_m,age_10yrbands_y15_24,mts_details_sgle,2007,150.371
zaf,sex_m,age_10yrbands_y15_24,mts_details_sgle,2008,363.829
zaf,sex_m,age_10yrbands_y15_24,mts_details_sgle,2009,305.121
zaf,sex_m,age_10yrbands_y15_24,mts_details_sgle,2010,295.118
zaf,sex_m,age_10yrbands_y15_24,mts_details_sgle,2011,278.807
zaf,sex_m,age_10yrbands_y15_24,mts_details_sgle,2012,256.05
zaf,sex_m,age_10yrbands_y15_24,mts_details_sgle,2013,261.236
zaf,sex_m,age_10yrbands_y15_24,mts_details_sgle,2014,271.719
zaf,sex_m,age_10yrbands_y15_24,mts_details_sgle,2015,308.379
zaf,sex_m,age_10yrbands_y15_24,mts_details_sgle,2016,284.324
zaf,sex_m,age_10yrbands_y15_24,mts_details_sgle,2017,307.156
zaf,sex_m,age_10yrbands_y15_24,mts_details_sgle,2018,294.33
zaf,sex_m,age_10yrbands_y15_24,mts_details_sgle,2019,265.552
zaf,sex_m,age_10yrbands_y15_24,mts_details_sgle,2020,191.672
zaf,sex_m,age_10yrbands_y15_24,mts_details_sgle,2021,186.868
zaf,sex_m,age_10yrbands_y15_24,mts_details_sgle,2022,241.733
zaf,sex_m,age_10yrbands_y15_24,mts_details_sgle,2023,236.763
zaf,sex_m,age_10yrbands_y15_24,mts_details_sgle,2024,258.212
zaf,sex_m,age_10yrbands_y15_24,mts_details_total,2000,230.795
zaf,sex_m,age_10yrbands_y15_24,mts_details_total,2001,223.13
zaf,sex_m,age_10yrbands_y15_24,mts_details_total,2002,155.48
zaf,sex_m,age_10yrbands_y15_24,mts_details_total,2003,134.616
zaf,sex_m,age_10yrbands_y15_24,mts_details_total,2004,157.537
zaf,sex_m,age_10yrbands_y15_24,mts_details_total,2005,171.606
zaf,sex_m,age_10yrbands_y15_24,mts_details_total,2006,178.877
zaf,sex_m,age_10yrbands_y15_24,mts_details_total,2007,164.872
zaf,sex_m,age_10yrbands_y15_24,mts_details_total,2008,408.571
zaf,sex_m,age_10yrbands_y15_24,mts_details_total,2009,340.126
zaf,sex_m,age_10yrbands_y15_24,mts_details_total,2010,317.269
zaf,sex_m,age_10yrbands_y15_24,mts_details_total,2011,306.215
zaf,sex_m,age_10yrbands_y15_24,mts_details_total,2012,288.543
zaf,sex_m,age_10yrbands_y15_24,mts_details_total,2013,294.466
zaf,sex_m,age_10yrbands_y15_24,mts_details_total,2014,300.011
zaf,sex_m,age_10yrbands_y15_24,mts_details_total,2015,342.989
zaf,sex_m,age_10yrbands_y15_24,mts_details_total,2016,323.838
zaf,sex_m,age_10yrbands_y15_24,mts_details_total,2017,343.516
zaf,sex_m,age_10yrbands_y15_24,mts_details_total,2018,331.025
zaf,sex_m,age_10yrbands_y15_24,mts_details_total,2019,294.318
zaf,sex_m,age_10yrbands_y15_24,mts_details_total,2020,210.315
zaf,sex_m,age_10yrbands_y15_24,mts_details_total,2021,208.063
zaf,sex_m,age_10yrbands_y15_24,mts_details_total,2022,265.407
zaf,sex_m,age_10yrbands_y15_24,mts_details_total,2023,260.058
zaf,sex_m,age_10yrbands_y15_24,mts_details_total,2024,292.334
zaf,sex_m,age_10yrbands_y15_24,mts_details_union,2000,12.689
zaf,sex_m,age_10yrbands_y15_24,mts_details_union,2004,6.417
zaf,sex_m,age_10yrbands_y15_24,mts_details_union,2005,11.559
zaf,sex_m,age_10yrbands_y15_24,mts_details_union,2006,7.417
zaf,sex_m,age_10yrbands_y15_24,mts_details_union,2007,6.377
zaf,sex_m,age_10yrbands_y15_24,mts_details_union,2008,24.847
zaf,sex_m,age_10yrbands_y15_24,mts_details_union,2009,20.818
zaf,sex_m,age_10yrbands_y15_24,mts_details_union,2010,11.786
zaf,sex_m,age_10yrbands_y15_24,mts_details_union,2011,16.558
zaf,sex_m,age_10yrbands_y15_24,mts_details_union,2012,21.229
zaf,sex_m,age_10yrbands_y15_24,mts_details_union,2013,22.144
zaf,sex_m,age_10yrbands_y15_24,mts_details_union,2014,14.836
zaf,sex_m,age_10yrbands_y15_24,mts_details_union,2015,19.132
zaf,sex_m,age_10yrbands_y15_24,mts_details_union,2016,21.68
zaf,sex_m,age_10yrbands_y15_24,mts_details_union,2017,18.262
zaf,sex_m,age_10yrbands_y15_24,mts_details_union,2018,22.164
zaf,sex_m,age_10yrbands_y15_24,mts_details_union,2019,20.953
zaf,sex_m,age_10yrbands_y15_24,mts_details_union,2020,13.138
zaf,sex_m,age_10yrbands_y15_24,mts_details_union,2021,15.361
zaf,sex_m,age_10yrbands_y15_24,mts_details_union,2022,11.244
zaf,sex_m,age_10yrbands_y15_24,mts_details_union,2023,15.522
zaf,sex_m,age_10yrbands_y15_24,mts_details_union,2024,20.13
zaf,sex_m,age_10yrbands_y25_34,mts_aggregate_1,2000,126.631
zaf,sex_m,age_10yrbands_y25_34,mts_aggregate_1,2001,240.877
zaf,sex_m,age_10yrbands_y25_34,mts_aggregate_1,2002,211.109
zaf,sex_m,age_10yrbands_y25_34,mts_aggregate_1,2003,194.839
zaf,sex_m,age_10yrbands_y25_34,mts_aggregate_1,2004,206.153
zaf,sex_m,age_10yrbands_y25_34,mts_aggregate_1,2005,229.079
zaf,sex_m,age_10yrbands_y25_34,mts_aggregate_1,2006,252.847
zaf,sex_m,age_10yrbands_y25_34,mts_aggregate_1,2007,224.325
zaf,sex_m,age_10yrbands_y25_34,mts_aggregate_1,2008,578.65
zaf,sex_m,age_10yrbands_y25_34,mts_aggregate_1,2009,523.829
zaf,sex_m,age_10yrbands_y25_34,mts_aggregate_1,2010,518.812
zaf,sex_m,age_10yrbands_y25_34,mts_aggregate_1,2011,523.844
zaf,sex_m,age_10yrbands_y25_34,mts_aggregate_1,2012,535.099
zaf,sex_m,age_10yrbands_y25_34,mts_aggregate_1,2013,551.683
zaf,sex_m,age_10yrbands_y25_34,mts_aggregate_1,2014,590.81
zaf,sex_m,age_10yrbands_y25_34,mts_aggregate_1,2015,657.284
zaf,sex_m,age_10yrbands_y25_34,mts_aggregate_1,2016,638.015
zaf,sex_m,age_10yrbands_y25_34,mts_aggregate_1,2017,628.298
zaf,sex_m,age_10yrbands_y25_34,mts_aggregate_1,2018,651.12
zaf,sex_m,age_10yrbands_y25_34,mts_aggregate_1,2019,637.688
zaf,sex_m,age_10yrbands_y25_34,mts_aggregate_1,2020,540.405
zaf,sex_m,age_10yrbands_y25_34,mts_aggregate_1,2021,528.955
zaf,sex_m,age_10yrbands_y25_34,mts_aggregate_1,2022,588.202
zaf,sex_m,age_10yrbands_y25_34,mts_aggregate_1,2023,660.714
zaf,sex_m,age_10yrbands_y25_34,mts_aggregate_1,2024,678.816
zaf,sex_m,age_10yrbands_y25_34,mts_aggregate_2,2000,270.776
zaf,sex_m,age_10yrbands_y25_34,mts_aggregate_2,2001,172.659
zaf,sex_m,age_10yrbands_y25_34,mts_aggregate_2,2002,145.599
zaf,sex_m,age_10yrbands_y25_34,mts_aggregate_2,2003,138.087
zaf,sex_m,age_10yrbands_y25_34,mts_aggregate_2,2004,147.249
zaf,sex_m,age_10yrbands_y25_34,mts_aggregate_2,2005,160.106
zaf,sex_m,age_10yrbands_y25_34,mts_aggregate_2,2006,190.915
zaf,sex_m,age_10yrbands_y25_34,mts_aggregate_2,2007,154.63
zaf,sex_m,age_10yrbands_y25_34,mts_aggregate_2,2008,306.92
zaf,sex_m,age_10yrbands_y25_34,mts_aggregate_2,2009,273.821
zaf,sex_m,age_10yrbands_y25_34,mts_aggregate_2,2010,302.124
zaf,sex_m,age_10yrbands_y25_34,mts_aggregate_2,2011,270.625
zaf,sex_m,age_10yrbands_y25_34,mts_aggregate_2,2012,302.074
zaf,sex_m,age_10yrbands_y25_34,mts_aggregate_2,2013,285.213
zaf,sex_m,age_10yrbands_y25_34,mts_aggregate_2,2014,266.577
zaf,sex_m,age_10yrbands_y25_34,mts_aggregate_2,2015,294.672
zaf,sex_m,age_10yrbands_y25_34,mts_aggregate_2,2016,307.462
zaf,sex_m,age_10yrbands_y25_34,mts_aggregate_2,2017,298.865
zaf,sex_m,age_10yrbands_y25_34,mts_aggregate_2,2018,278.181
zaf,sex_m,age_10yrbands_y25_34,mts_aggregate_2,2019,310.289
zaf,sex_m,age_10yrbands_y25_34,mts_aggregate_2,2020,255.088
zaf,sex_m,age_10yrbands_y25_34,mts_aggregate_2,2021,244.198
zaf,sex_m,age_10yrbands_y25_34,mts_aggregate_2,2022,268.537
zaf,sex_m,age_10yrbands_y25_34,mts_aggregate_2,2023,254.443
zaf,sex_m,age_10yrbands_y25_34,mts_aggregate_2,2024,258.485
zaf,sex_m,age_10yrbands_y25_34,mts_aggregate_total,2000,397.557
zaf,sex_m,age_10yrbands_y25_34,mts_aggregate_total,2001,413.536
zaf,sex_m,age_10yrbands_y25_34,mts_aggregate_total,2002,356.881
zaf,sex_m,age_10yrbands_y25_34,mts_aggregate_total,2003,333.063
zaf,sex_m,age_10yrbands_y25_34,mts_aggregate_total,2004,353.402
zaf,sex_m,age_10yrbands_y25_34,mts_aggregate_total,2005,389.184
zaf,sex_m,age_10yrbands_y25_34,mts_aggregate_total,2006,443.762
zaf,sex_m,age_10yrbands_y25_34,mts_aggregate_total,2007,378.955
zaf,sex_m,age_10yrbands_y25_34,mts_aggregate_total,2008,885.57
zaf,sex_m,age_10yrbands_y25_34,mts_aggregate_total,2009,797.651
zaf,sex_m,age_10yrbands_y25_34,mts_aggregate_total,2010,820.936
zaf,sex_m,age_10yrbands_y25_34,mts_aggregate_total,2011,794.469
zaf,sex_m,age_10yrbands_y25_34,mts_aggregate_total,2012,837.173
zaf,sex_m,age_10yrbands_y25_34,mts_aggregate_total,2013,836.896
zaf,sex_m,age_10yrbands_y25_34,mts_aggregate_total,2014,857.387
zaf,sex_m,age_10yrbands_y25_34,mts_aggregate_total,2015,951.956
zaf,sex_m,age_10yrbands_y25_34,mts_aggregate_total,2016,945.477
zaf,sex_m,age_10yrbands_y25_34,mts_aggregate_total,2017,927.163
zaf,sex_m,age_10yrbands_y25_34,mts_aggregate_total,2018,929.301
zaf,sex_m,age_10yrbands_y25_34,mts_aggregate_total,2019,947.977
zaf,sex_m,age_10yrbands_y25_34,mts_aggregate_total,2020,795.493
zaf,sex_m,age_10yrbands_y25_34,mts_aggregate_total,2021,773.154
zaf,sex_m,age_10yrbands_y25_34,mts_aggregate_total,2022,856.739
zaf,sex_m,age_10yrbands_y25_34,mts_aggregate_total,2023,915.158
zaf,sex_m,age_10yrbands_y25_34,mts_aggregate_total,2024,937.301
zaf,sex_m,age_10yrbands_y25_34,mts_details_mrd,2000,196.808
zaf,sex_m,age_10yrbands_y25_34,mts_details_mrd,2001,171.929
zaf,sex_m,age_10yrbands_y25_34,mts_details_mrd,2002,145.307
zaf,sex_m,age_10yrbands_y25_34,mts_details_mrd,2003,137.453
zaf,sex_m,age_10yrbands_y25_34,mts_details_mrd,2004,107.853
zaf,sex_m,age_10yrbands_y25_34,mts_details_mrd,2005,79.641
zaf,sex_m,age_10yrbands_y25_34,mts_details_mrd,2006,87.925
zaf,sex_m,age_10yrbands_y25_34,mts_details_mrd,2007,75.518
zaf,sex_m,age_10yrbands_y25_34,mts_details_mrd,2008,153.528
zaf,sex_m,age_10yrbands_y25_34,mts_details_mrd,2009,125.957
zaf,sex_m,age_10yrbands_y25_34,mts_details_mrd,2010,144.85
zaf,sex_m,age_10yrbands_y25_34,mts_details_mrd,2011,144.235
zaf,sex_m,age_10yrbands_y25_34,mts_details_mrd,2012,158.255
zaf,sex_m,age_10yrbands_y25_34,mts_details_mrd,2013,138.066
zaf,sex_m,age_10yrbands_y25_34,mts_details_mrd,2014,126.57
zaf,sex_m,age_10yrbands_y25_34,mts_details_mrd,2015,143.147
zaf,sex_m,age_10yrbands_y25_34,mts_details_mrd,2016,150.025
zaf,sex_m,age_10yrbands_y25_34,mts_details_mrd,2017,152.151
zaf,sex_m,age_10yrbands_y25_34,mts_details_mrd,2018,134.155
zaf,sex_m,age_10yrbands_y25_34,mts_details_mrd,2019,150.903
zaf,sex_m,age_10yrbands_y25_34,mts_details_mrd,2020,116.301
zaf,sex_m,age_10yrbands_y25_34,mts_details_mrd,2021,122.391
zaf,sex_m,age_10yrbands_y25_34,mts_details_mrd,2022,129.561
zaf,sex_m,age_10yrbands_y25_34,mts_details_mrd,2023,118.812
zaf,sex_m,age_10yrbands_y25_34,mts_details_mrd,2024,122.646
zaf,sex_m,age_10yrbands_y25_34,mts_details_sep,2000,123.338
zaf,sex_m,age_10yrbands_y25_34,mts_details_sep,2001,236.884
zaf,sex_m,age_10yrbands_y25_34,mts_details_sep,2002,206.574
zaf,sex_m,age_10yrbands_y25_34,mts_details_sep,2003,191.964
zaf,sex_m,age_10yrbands_y25_34,mts_details_sep,2004,99.228
zaf,sex_m,age_10yrbands_y25_34,mts_details_sep,2005,3.179
zaf,sex_m,age_10yrbands_y25_34,mts_details_sep,2006,3.31
zaf,sex_m,age_10yrbands_y25_34,mts_details_sep,2007,1.976
zaf,sex_m,age_10yrbands_y25_34,mts_details_sep,2008,3.842
zaf,sex_m,age_10yrbands_y25_34,mts_details_sep,2009,5.949
zaf,sex_m,age_10yrbands_y25_34,mts_details_sep,2010,6.257
zaf,sex_m,age_10yrbands_y25_34,mts_details_sep,2011,5.205
zaf,sex_m,age_10yrbands_y25_34,mts_details_sep,2012,6.275
zaf,sex_m,age_10yrbands_y25_34,mts_details_sep,2013,6.1
zaf,sex_m,age_10yrbands_y25_34,mts_details_sep,2014,6.051
zaf,sex_m,age_10yrbands_y25_34,mts_details_sep,2015,4.479
zaf,sex_m,age_10yrbands_y25_34,mts_details_sep,2016,6.861
zaf,sex_m,age_10yrbands_y25_34,mts_details_sep,2017,7.613
zaf,sex_m,age_10yrbands_y25_34,mts_details_sep,2018,5.665
zaf,sex_m,age_10yrbands_y25_34,mts_details_sep,2019,4.251
zaf,sex_m,age_10yrbands_y25_34,mts_details_sep,2020,1.613
zaf,sex_m,age_10yrbands_y25_34,mts_details_sep,2022,4.366
zaf,sex_m,age_10yrbands_y25_34,mts_details_sep,2023,4.281
zaf,sex_m,age_10yrbands_y25_34,mts_details_sep,2024,2.962
zaf,sex_m,age_10yrbands_y25_34,mts_details_sgle,2004,105.476
zaf,sex_m,age_10yrbands_y25_34,mts_details_sgle,2005,224.845
zaf,sex_m,age_10yrbands_y25_34,mts_details_sgle,2006,248.688
zaf,sex_m,age_10yrbands_y25_34,mts_details_sgle,2007,221.767
zaf,sex_m,age_10yrbands_y25_34,mts_details_sgle,2008,572.071
zaf,sex_m,age_10yrbands_y25_34,mts_details_sgle,2009,516.277
zaf,sex_m,age_10yrbands_y25_34,mts_details_sgle,2010,510.19
zaf,sex_m,age_10yrbands_y25_34,mts_details_sgle,2011,516.632
zaf,sex_m,age_10yrbands_y25_34,mts_details_sgle,2012,527.817
zaf,sex_m,age_10yrbands_y25_34,mts_details_sgle,2013,544.019
zaf,sex_m,age_10yrbands_y25_34,mts_details_sgle,2014,583.022
zaf,sex_m,age_10yrbands_y25_34,mts_details_sgle,2015,652.014
zaf,sex_m,age_10yrbands_y25_34,mts_details_sgle,2016,629.693
zaf,sex_m,age_10yrbands_y25_34,mts_details_sgle,2017,617.446
zaf,sex_m,age_10yrbands_y25_34,mts_details_sgle,2018,644.42
zaf,sex_m,age_10yrbands_y25_34,mts_details_sgle,2019,632.445
zaf,sex_m,age_10yrbands_y25_34,mts_details_sgle,2020,538.516
zaf,sex_m,age_10yrbands_y25_34,mts_details_sgle,2021,527.202
zaf,sex_m,age_10yrbands_y25_34,mts_details_sgle,2022,583.553
zaf,sex_m,age_10yrbands_y25_34,mts_details_sgle,2023,655.55
zaf,sex_m,age_10yrbands_y25_34,mts_details_sgle,2024,675.253
zaf,sex_m,age_10yrbands_y25_34,mts_details_total,2000,397.557
zaf,sex_m,age_10yrbands_y25_34,mts_details_total,2001,413.536
zaf,sex_m,age_10yrbands_y25_34,mts_details_total,2002,356.881
zaf,sex_m,age_10yrbands_y25_34,mts_details_total,2003,333.063
zaf,sex_m,age_10yrbands_y25_34,mts_details_total,2004,353.402
zaf,sex_m,age_10yrbands_y25_34,mts_details_total,2005,389.184
zaf,sex_m,age_10yrbands_y25_34,mts_details_total,2006,443.762
zaf,sex_m,age_10yrbands_y25_34,mts_details_total,2007,378.955
zaf,sex_m,age_10yrbands_y25_34,mts_details_total,2008,885.57
zaf,sex_m,age_10yrbands_y25_34,mts_details_total,2009,797.651
zaf,sex_m,age_10yrbands_y25_34,mts_details_total,2010,820.936
zaf,sex_m,age_10yrbands_y25_34,mts_details_total,2011,794.469
zaf,sex_m,age_10yrbands_y25_34,mts_details_total,2012,837.173
zaf,sex_m,age_10yrbands_y25_34,mts_details_total,2013,836.896
zaf,sex_m,age_10yrbands_y25_34,mts_details_total,2014,857.387
zaf,sex_m,age_10yrbands_y25_34,mts_details_total,2015,951.956
zaf,sex_m,age_10yrbands_y25_34,mts_details_total,2016,945.477
zaf,sex_m,age_10yrbands_y25_34,mts_details_total,2017,927.163
zaf,sex_m,age_10yrbands_y25_34,mts_details_total,2018,929.301
zaf,sex_m,age_10yrbands_y25_34,mts_details_total,2019,947.977
zaf,sex_m,age_10yrbands_y25_34,mts_details_total,2020,795.493
zaf,sex_m,age_10yrbands_y25_34,mts_details_total,2021,773.154
zaf,sex_m,age_10yrbands_y25_34,mts_details_total,2022,856.739
zaf,sex_m,age_10yrbands_y25_34,mts_details_total,2023,915.158
zaf,sex_m,age_10yrbands_y25_34,mts_details_total,2024,937.301
zaf,sex_m,age_10yrbands_y25_34,mts_details_union,2000,73.968
zaf,sex_m,age_10yrbands_y25_34,mts_details_union,2004,39.396
zaf,sex_m,age_10yrbands_y25_34,mts_details_union,2005,80.464
zaf,sex_m,age_10yrbands_y25_34,mts_details_union,2006,102.991
zaf,sex_m,age_10yrbands_y25_34,mts_details_union,2007,79.113
zaf,sex_m,age_10yrbands_y25_34,mts_details_union,2008,153.392
zaf,sex_m,age_10yrbands_y25_34,mts_details_union,2009,147.864
zaf,sex_m,age_10yrbands_y25_34,mts_details_union,2010,157.274
zaf,sex_m,age_10yrbands_y25_34,mts_details_union,2011,126.39
zaf,sex_m,age_10yrbands_y25_34,mts_details_union,2012,143.819
zaf,sex_m,age_10yrbands_y25_34,mts_details_union,2013,147.147
zaf,sex_m,age_10yrbands_y25_34,mts_details_union,2014,140.007
zaf,sex_m,age_10yrbands_y25_34,mts_details_union,2015,151.526
zaf,sex_m,age_10yrbands_y25_34,mts_details_union,2016,157.437
zaf,sex_m,age_10yrbands_y25_34,mts_details_union,2017,146.714
zaf,sex_m,age_10yrbands_y25_34,mts_details_union,2018,144.027
zaf,sex_m,age_10yrbands_y25_34,mts_details_union,2019,159.385
zaf,sex_m,age_10yrbands_y25_34,mts_details_union,2020,138.786
zaf,sex_m,age_10yrbands_y25_34,mts_details_union,2021,121.807
zaf,sex_m,age_10yrbands_y25_34,mts_details_union,2022,138.976
zaf,sex_m,age_10yrbands_y25_34,mts_details_union,2023,135.631
zaf,sex_m,age_10yrbands_y25_34,mts_details_union,2024,135.839
zaf,sex_m,age_10yrbands_y25_34,mts_details_wid,2000,3.293
zaf,sex_m,age_10yrbands_y25_34,mts_details_wid,2001,3.993
zaf,sex_m,age_10yrbands_y25_34,mts_details_wid,2002,4.535
zaf,sex_m,age_10yrbands_y25_34,mts_details_wid,2003,2.876
zaf,sex_m,age_10yrbands_y25_34,mts_details_wid,2005,1.055
zaf,sex_m,age_10yrbands_y25_34,mts_details_wid,2006,0.849
zaf,sex_m,age_10yrbands_y25_34,mts_details_wid,2008,2.737
zaf,sex_m,age_10yrbands_y25_34,mts_details_wid,2009,1.604
zaf,sex_m,age_10yrbands_y25_34,mts_details_wid,2010,2.365
zaf,sex_m,age_10yrbands_y25_34,mts_details_wid,2011,2.007
zaf,sex_m,age_10yrbands_y25_34,mts_details_wid,2012,1.007
zaf,sex_m,age_10yrbands_y25_34,mts_details_wid,2013,1.563
zaf,sex_m,age_10yrbands_y25_34,mts_details_wid,2014,1.737
zaf,sex_m,age_10yrbands_y25_34,mts_details_wid,2015,0.791
zaf,sex_m,age_10yrbands_y25_34,mts_details_wid,2016,1.461
zaf,sex_m,age_10yrbands_y25_34,mts_details_wid,2017,3.24
zaf,sex_m,age_10yrbands_y25_34,mts_details_wid,2018,1.035
zaf,sex_m,age_10yrbands_y35_44,mts_aggregate_1,2000,60.196
zaf,sex_m,age_10yrbands_y35_44,mts_aggregate_1,2001,91.665
zaf,sex_m,age_10yrbands_y35_44,mts_aggregate_1,2002,74.891
zaf,sex_m,age_10yrbands_y35_44,mts_aggregate_1,2003,72.041
zaf,sex_m,age_10yrbands_y35_44,mts_aggregate_1,2004,60.875
zaf,sex_m,age_10yrbands_y35_44,mts_aggregate_1,2005,79.019
zaf,sex_m,age_10yrbands_y35_44,mts_aggregate_1,2006,86.878
zaf,sex_m,age_10yrbands_y35_44,mts_aggregate_1,2007,98.254
zaf,sex_m,age_10yrbands_y35_44,mts_aggregate_1,2008,228.946
zaf,sex_m,age_10yrbands_y35_44,mts_aggregate_1,2009,225.28
zaf,sex_m,age_10yrbands_y35_44,mts_aggregate_1,2010,235.691
zaf,sex_m,age_10yrbands_y35_44,mts_aggregate_1,2011,257.597
zaf,sex_m,age_10yrbands_y35_44,mts_aggregate_1,2012,253.218
zaf,sex_m,age_10yrbands_y35_44,mts_aggregate_1,2013,275.646
zaf,sex_m,age_10yrbands_y35_44,mts_aggregate_1,2014,294.414
zaf,sex_m,age_10yrbands_y35_44,mts_aggregate_1,2015,308.002
zaf,sex_m,age_10yrbands_y35_44,mts_aggregate_1,2016,325.846
zaf,sex_m,age_10yrbands_y35_44,mts_aggregate_1,2017,362.189
zaf,sex_m,age_10yrbands_y35_44,mts_aggregate_1,2018,426.868
zaf,sex_m,age_10yrbands_y35_44,mts_aggregate_1,2019,417.67
zaf,sex_m,age_10yrbands_y35_44,mts_aggregate_1,2020,358.69
zaf,sex_m,age_10yrbands_y35_44,mts_aggregate_1,2021,375.935
zaf,sex_m,age_10yrbands_y35_44,mts_aggregate_1,2022,440.426
zaf,sex_m,age_10yrbands_y35_44,mts_aggregate_1,2023,490.3
zaf,sex_m,age_10yrbands_y35_44,mts_aggregate_1,2024,482.932
zaf,sex_m,age_10yrbands_y35_44,mts_aggregate_2,2000,269.382
zaf,sex_m,age_10yrbands_y35_44,mts_aggregate_2,2001,205.694
zaf,sex_m,age_10yrbands_y35_44,mts_aggregate_2,2002,188.607
zaf,sex_m,age_10yrbands_y35_44,mts_aggregate_2,2003,166.451
zaf,sex_m,age_10yrbands_y35_44,mts_aggregate_2,2004,175.02
zaf,sex_m,age_10yrbands_y35_44,mts_aggregate_2,2005,181.693
zaf,sex_m,age_10yrbands_y35_44,mts_aggregate_2,2006,171.474
zaf,sex_m,age_10yrbands_y35_44,mts_aggregate_2,2007,186.15
zaf,sex_m,age_10yrbands_y35_44,mts_aggregate_2,2008,344.898
zaf,sex_m,age_10yrbands_y35_44,mts_aggregate_2,2009,323.288
zaf,sex_m,age_10yrbands_y35_44,mts_aggregate_2,2010,336.775
zaf,sex_m,age_10yrbands_y35_44,mts_aggregate_2,2011,346.321
zaf,sex_m,age_10yrbands_y35_44,mts_aggregate_2,2012,347.882
zaf,sex_m,age_10yrbands_y35_44,mts_aggregate_2,2013,325.538
zaf,sex_m,age_10yrbands_y35_44,mts_aggregate_2,2014,337.979
zaf,sex_m,age_10yrbands_y35_44,mts_aggregate_2,2015,415.374
zaf,sex_m,age_10yrbands_y35_44,mts_aggregate_2,2016,441.99
zaf,sex_m,age_10yrbands_y35_44,mts_aggregate_2,2017,430.227
zaf,sex_m,age_10yrbands_y35_44,mts_aggregate_2,2018,442.917
zaf,sex_m,age_10yrbands_y35_44,mts_aggregate_2,2019,446.482
zaf,sex_m,age_10yrbands_y35_44,mts_aggregate_2,2020,371.159
zaf,sex_m,age_10yrbands_y35_44,mts_aggregate_2,2021,395.745
zaf,sex_m,age_10yrbands_y35_44,mts_aggregate_2,2022,426.403
zaf,sex_m,age_10yrbands_y35_44,mts_aggregate_2,2023,442.099
zaf,sex_m,age_10yrbands_y35_44,mts_aggregate_2,2024,429.955
zaf,sex_m,age_10yrbands_y35_44,mts_aggregate_total,2000,329.771
zaf,sex_m,age_10yrbands_y35_44,mts_aggregate_total,2001,297.358
zaf,sex_m,age_10yrbands_y35_44,mts_aggregate_total,2002,263.497
zaf,sex_m,age_10yrbands_y35_44,mts_aggregate_total,2003,238.493
zaf,sex_m,age_10yrbands_y35_44,mts_aggregate_total,2004,235.961
zaf,sex_m,age_10yrbands_y35_44,mts_aggregate_total,2005,260.712
zaf,sex_m,age_10yrbands_y35_44,mts_aggregate_total,2006,258.351
zaf,sex_m,age_10yrbands_y35_44,mts_aggregate_total,2007,284.404
zaf,sex_m,age_10yrbands_y35_44,mts_aggregate_total,2008,573.844
zaf,sex_m,age_10yrbands_y35_44,mts_aggregate_total,2009,548.567
zaf,sex_m,age_10yrbands_y35_44,mts_aggregate_total,2010,572.466
zaf,sex_m,age_10yrbands_y35_44,mts_aggregate_total,2011,603.918
zaf,sex_m,age_10yrbands_y35_44,mts_aggregate_total,2012,601.1
zaf,sex_m,age_10yrbands_y35_44,mts_aggregate_total,2013,601.184
zaf,sex_m,age_10yrbands_y35_44,mts_aggregate_total,2014,632.393
zaf,sex_m,age_10yrbands_y35_44,mts_aggregate_total,2015,723.376
zaf,sex_m,age_10yrbands_y35_44,mts_aggregate_total,2016,767.836
zaf,sex_m,age_10yrbands_y35_44,mts_aggregate_total,2017,792.416
zaf,sex_m,age_10yrbands_y35_44,mts_aggregate_total,2018,869.785
zaf,sex_m,age_10yrbands_y35_44,mts_aggregate_total,2019,864.153
zaf,sex_m,age_10yrbands_y35_44,mts_aggregate_total,2020,729.849
zaf,sex_m,age_10yrbands_y35_44,mts_aggregate_total,2021,771.68
zaf,sex_m,age_10yrbands_y35_44,mts_aggregate_total,2022,866.829
zaf,sex_m,age_10yrbands_y35_44,mts_aggregate_total,2023,932.4
zaf,sex_m,age_10yrbands_y35_44,mts_aggregate_total,2024,912.887
zaf,sex_m,age_10yrbands_y35_44,mts_details_mrd,2000,163.144
zaf,sex_m,age_10yrbands_y35_44,mts_details_mrd,2001,201.478
zaf,sex_m,age_10yrbands_y35_44,mts_details_mrd,2002,186.432
zaf,sex_m,age_10yrbands_y35_44,mts_details_mrd,2003,160.747
zaf,sex_m,age_10yrbands_y35_44,mts_details_mrd,2004,141.23
zaf,sex_m,age_10yrbands_y35_44,mts_details_mrd,2005,108.684
zaf,sex_m,age_10yrbands_y35_44,mts_details_mrd,2006,109.373
zaf,sex_m,age_10yrbands_y35_44,mts_details_mrd,2007,102.706
zaf,sex_m,age_10yrbands_y35_44,mts_details_mrd,2008,210.181
zaf,sex_m,age_10yrbands_y35_44,mts_details_mrd,2009,193.461
zaf,sex_m,age_10yrbands_y35_44,mts_details_mrd,2010,203.027
zaf,sex_m,age_10yrbands_y35_44,mts_details_mrd,2011,204.836
zaf,sex_m,age_10yrbands_y35_44,mts_details_mrd,2012,211.286
zaf,sex_m,age_10yrbands_y35_44,mts_details_mrd,2013,207.087
zaf,sex_m,age_10yrbands_y35_44,mts_details_mrd,2014,195.381
zaf,sex_m,age_10yrbands_y35_44,mts_details_mrd,2015,255.464
zaf,sex_m,age_10yrbands_y35_44,mts_details_mrd,2016,262.468
zaf,sex_m,age_10yrbands_y35_44,mts_details_mrd,2017,252.185
zaf,sex_m,age_10yrbands_y35_44,mts_details_mrd,2018,244.058
zaf,sex_m,age_10yrbands_y35_44,mts_details_mrd,2019,267.124
zaf,sex_m,age_10yrbands_y35_44,mts_details_mrd,2020,220.788
zaf,sex_m,age_10yrbands_y35_44,mts_details_mrd,2021,245.584
zaf,sex_m,age_10yrbands_y35_44,mts_details_mrd,2022,233.95
zaf,sex_m,age_10yrbands_y35_44,mts_details_mrd,2023,253.168
zaf,sex_m,age_10yrbands_y35_44,mts_details_mrd,2024,245.009
zaf,sex_m,age_10yrbands_y35_44,mts_details_sep,2000,50.674
zaf,sex_m,age_10yrbands_y35_44,mts_details_sep,2001,78.874
zaf,sex_m,age_10yrbands_y35_44,mts_details_sep,2002,60.932
zaf,sex_m,age_10yrbands_y35_44,mts_details_sep,2003,63.195
zaf,sex_m,age_10yrbands_y35_44,mts_details_sep,2004,29.341
zaf,sex_m,age_10yrbands_y35_44,mts_details_sep,2005,12.048
zaf,sex_m,age_10yrbands_y35_44,mts_details_sep,2006,6.506
zaf,sex_m,age_10yrbands_y35_44,mts_details_sep,2007,6.384
zaf,sex_m,age_10yrbands_y35_44,mts_details_sep,2008,13.006
zaf,sex_m,age_10yrbands_y35_44,mts_details_sep,2009,12.69
zaf,sex_m,age_10yrbands_y35_44,mts_details_sep,2010,13.526
zaf,sex_m,age_10yrbands_y35_44,mts_details_sep,2011,12.897
zaf,sex_m,age_10yrbands_y35_44,mts_details_sep,2012,15.314
zaf,sex_m,age_10yrbands_y35_44,mts_details_sep,2013,13.887
zaf,sex_m,age_10yrbands_y35_44,mts_details_sep,2014,11.561
zaf,sex_m,age_10yrbands_y35_44,mts_details_sep,2015,11.099
zaf,sex_m,age_10yrbands_y35_44,mts_details_sep,2016,10.75
zaf,sex_m,age_10yrbands_y35_44,mts_details_sep,2017,11.752
zaf,sex_m,age_10yrbands_y35_44,mts_details_sep,2018,21.212
zaf,sex_m,age_10yrbands_y35_44,mts_details_sep,2019,16.038
zaf,sex_m,age_10yrbands_y35_44,mts_details_sep,2020,7.622
zaf,sex_m,age_10yrbands_y35_44,mts_details_sep,2021,14.559
zaf,sex_m,age_10yrbands_y35_44,mts_details_sep,2022,14.686
zaf,sex_m,age_10yrbands_y35_44,mts_details_sep,2023,13.336
zaf,sex_m,age_10yrbands_y35_44,mts_details_sep,2024,16.256
zaf,sex_m,age_10yrbands_y35_44,mts_details_sgle,2004,25.221
zaf,sex_m,age_10yrbands_y35_44,mts_details_sgle,2005,62.503
zaf,sex_m,age_10yrbands_y35_44,mts_details_sgle,2006,79.006
zaf,sex_m,age_10yrbands_y35_44,mts_details_sgle,2007,88.757
zaf,sex_m,age_10yrbands_y35_44,mts_details_sgle,2008,209.318
zaf,sex_m,age_10yrbands_y35_44,mts_details_sgle,2009,205.276
zaf,sex_m,age_10yrbands_y35_44,mts_details_sgle,2010,214.908
zaf,sex_m,age_10yrbands_y35_44,mts_details_sgle,2011,238.956
zaf,sex_m,age_10yrbands_y35_44,mts_details_sgle,2012,232.047
zaf,sex_m,age_10yrbands_y35_44,mts_details_sgle,2013,254.437
zaf,sex_m,age_10yrbands_y35_44,mts_details_sgle,2014,278.005
zaf,sex_m,age_10yrbands_y35_44,mts_details_sgle,2015,291.784
zaf,sex_m,age_10yrbands_y35_44,mts_details_sgle,2016,309.668
zaf,sex_m,age_10yrbands_y35_44,mts_details_sgle,2017,343.003
zaf,sex_m,age_10yrbands_y35_44,mts_details_sgle,2018,399.306
zaf,sex_m,age_10yrbands_y35_44,mts_details_sgle,2019,394.106
zaf,sex_m,age_10yrbands_y35_44,mts_details_sgle,2020,347.579
zaf,sex_m,age_10yrbands_y35_44,mts_details_sgle,2021,358.46
zaf,sex_m,age_10yrbands_y35_44,mts_details_sgle,2022,420.079
zaf,sex_m,age_10yrbands_y35_44,mts_details_sgle,2023,474.441
zaf,sex_m,age_10yrbands_y35_44,mts_details_sgle,2024,463.618
zaf,sex_m,age_10yrbands_y35_44,mts_details_total,2000,329.771
zaf,sex_m,age_10yrbands_y35_44,mts_details_total,2001,297.358
zaf,sex_m,age_10yrbands_y35_44,mts_details_total,2002,263.497
zaf,sex_m,age_10yrbands_y35_44,mts_details_total,2003,238.493
zaf,sex_m,age_10yrbands_y35_44,mts_details_total,2004,235.961
zaf,sex_m,age_10yrbands_y35_44,mts_details_total,2005,260.712
zaf,sex_m,age_10yrbands_y35_44,mts_details_total,2006,258.351
zaf,sex_m,age_10yrbands_y35_44,mts_details_total,2007,284.404
zaf,sex_m,age_10yrbands_y35_44,mts_details_total,2008,573.844
zaf,sex_m,age_10yrbands_y35_44,mts_details_total,2009,548.567
zaf,sex_m,age_10yrbands_y35_44,mts_details_total,2010,572.466
zaf,sex_m,age_10yrbands_y35_44,mts_details_total,2011,603.918
zaf,sex_m,age_10yrbands_y35_44,mts_details_total,2012,601.1
zaf,sex_m,age_10yrbands_y35_44,mts_details_total,2013,601.184
zaf,sex_m,age_10yrbands_y35_44,mts_details_total,2014,632.393
zaf,sex_m,age_10yrbands_y35_44,mts_details_total,2015,723.376
zaf,sex_m,age_10yrbands_y35_44,mts_details_total,2016,767.836
zaf,sex_m,age_10yrbands_y35_44,mts_details_total,2017,792.416
zaf,sex_m,age_10yrbands_y35_44,mts_details_total,2018,869.785
zaf,sex_m,age_10yrbands_y35_44,mts_details_total,2019,864.153
zaf,sex_m,age_10yrbands_y35_44,mts_details_total,2020,729.849
zaf,sex_m,age_10yrbands_y35_44,mts_details_total,2021,771.68
zaf,sex_m,age_10yrbands_y35_44,mts_details_total,2022,866.829
zaf,sex_m,age_10yrbands_y35_44,mts_details_total,2023,932.4
zaf,sex_m,age_10yrbands_y35_44,mts_details_total,2024,912.887
zaf,sex_m,age_10yrbands_y35_44,mts_details_union,2000,106.238
zaf,sex_m,age_10yrbands_y35_44,mts_details_union,2001,4.216
zaf,sex_m,age_10yrbands_y35_44,mts_details_union,2002,2.175
zaf,sex_m,age_10yrbands_y35_44,mts_details_union,2003,5.704
zaf,sex_m,age_10yrbands_y35_44,mts_details_union,2004,33.789
zaf,sex_m,age_10yrbands_y35_44,mts_details_union,2005,73.009
zaf,sex_m,age_10yrbands_y35_44,mts_details_union,2006,62.1
zaf,sex_m,age_10yrbands_y35_44,mts_details_union,2007,83.444
zaf,sex_m,age_10yrbands_y35_44,mts_details_union,2008,134.717
zaf,sex_m,age_10yrbands_y35_44,mts_details_union,2009,129.827
zaf,sex_m,age_10yrbands_y35_44,mts_details_union,2010,133.747
zaf,sex_m,age_10yrbands_y35_44,mts_details_union,2011,141.485
zaf,sex_m,age_10yrbands_y35_44,mts_details_union,2012,136.596
zaf,sex_m,age_10yrbands_y35_44,mts_details_union,2013,118.452
zaf,sex_m,age_10yrbands_y35_44,mts_details_union,2014,142.598
zaf,sex_m,age_10yrbands_y35_44,mts_details_union,2015,159.909
zaf,sex_m,age_10yrbands_y35_44,mts_details_union,2016,179.522
zaf,sex_m,age_10yrbands_y35_44,mts_details_union,2017,178.042
zaf,sex_m,age_10yrbands_y35_44,mts_details_union,2018,198.86
zaf,sex_m,age_10yrbands_y35_44,mts_details_union,2019,179.359
zaf,sex_m,age_10yrbands_y35_44,mts_details_union,2020,150.371
zaf,sex_m,age_10yrbands_y35_44,mts_details_union,2021,150.161
zaf,sex_m,age_10yrbands_y35_44,mts_details_union,2022,192.453
zaf,sex_m,age_10yrbands_y35_44,mts_details_union,2023,188.931
zaf,sex_m,age_10yrbands_y35_44,mts_details_union,2024,184.946
zaf,sex_m,age_10yrbands_y35_44,mts_details_wid,2000,9.522
zaf,sex_m,age_10yrbands_y35_44,mts_details_wid,2001,12.791
zaf,sex_m,age_10yrbands_y35_44,mts_details_wid,2002,13.959
zaf,sex_m,age_10yrbands_y35_44,mts_details_wid,2003,8.847
zaf,sex_m,age_10yrbands_y35_44,mts_details_wid,2004,6.313
zaf,sex_m,age_10yrbands_y35_44,mts_details_wid,2005,4.469
zaf,sex_m,age_10yrbands_y35_44,mts_details_wid,2006,1.366
zaf,sex_m,age_10yrbands_y35_44,mts_details_wid,2007,3.113
zaf,sex_m,age_10yrbands_y35_44,mts_details_wid,2008,6.622
zaf,sex_m,age_10yrbands_y35_44,mts_details_wid,2009,7.314
zaf,sex_m,age_10yrbands_y35_44,mts_details_wid,2010,7.258
zaf,sex_m,age_10yrbands_y35_44,mts_details_wid,2011,5.744
zaf,sex_m,age_10yrbands_y35_44,mts_details_wid,2012,5.857
zaf,sex_m,age_10yrbands_y35_44,mts_details_wid,2013,7.322
zaf,sex_m,age_10yrbands_y35_44,mts_details_wid,2014,4.848
zaf,sex_m,age_10yrbands_y35_44,mts_details_wid,2015,5.12
zaf,sex_m,age_10yrbands_y35_44,mts_details_wid,2016,5.428
zaf,sex_m,age_10yrbands_y35_44,mts_details_wid,2017,7.434
zaf,sex_m,age_10yrbands_y35_44,mts_details_wid,2018,6.35
zaf,sex_m,age_10yrbands_y35_44,mts_details_wid,2019,7.527
zaf,sex_m,age_10yrbands_y35_44,mts_details_wid,2020,3.488
zaf,sex_m,age_10yrbands_y35_44,mts_details_wid,2021,2.916
zaf,sex_m,age_10yrbands_y35_44,mts_details_wid,2022,5.661
zaf,sex_m,age_10yrbands_y35_44,mts_details_wid,2023,2.523
zaf,sex_m,age_10yrbands_y35_44,mts_details_wid,2024,3.058
zaf,sex_m,age_10yrbands_y45_54,mts_aggregate_1,2000,33.74
zaf,sex_m,age_10yrbands_y45_54,mts_aggregate_1,2001,39.37
zaf,sex_m,age_10yrbands_y45_54,mts_aggregate_1,2002,33.111
zaf,sex_m,age_10yrbands_y45_54,mts_aggregate_1,2003,32.305
zaf,sex_m,age_10yrbands_y45_54,mts_aggregate_1,2004,40.611
zaf,sex_m,age_10yrbands_y45_54,mts_aggregate_1,2005,46.187
zaf,sex_m,age_10yrbands_y45_54,mts_aggregate_1,2006,54.867
zaf,sex_m,age_10yrbands_y45_54,mts_aggregate_1,2007,37.282
zaf,sex_m,age_10yrbands_y45_54,mts_aggregate_1,2008,101.744
zaf,sex_m,age_10yrbands_y45_54,mts_aggregate_1,2009,99.125
zaf,sex_m,age_10yrbands_y45_54,mts_aggregate_1,2010,100.698
zaf,sex_m,age_10yrbands_y45_54,mts_aggregate_1,2011,103.408
zaf,sex_m,age_10yrbands_y45_54,mts_aggregate_1,2012,106.984
zaf,sex_m,age_10yrbands_y45_54,mts_aggregate_1,2013,122.025
zaf,sex_m,age_10yrbands_y45_54,mts_aggregate_1,2014,121.897
zaf,sex_m,age_10yrbands_y45_54,mts_aggregate_1,2015,144.721
zaf,sex_m,age_10yrbands_y45_54,mts_aggregate_1,2016,139.98
zaf,sex_m,age_10yrbands_y45_54,mts_aggregate_1,2017,159.995
zaf,sex_m,age_10yrbands_y45_54,mts_aggregate_1,2018,165.533
zaf,sex_m,age_10yrbands_y45_54,mts_aggregate_1,2019,168.917
zaf,sex_m,age_10yrbands_y45_54,mts_aggregate_1,2020,159.258
zaf,sex_m,age_10yrbands_y45_54,mts_aggregate_1,2021,164.535
zaf,sex_m,age_10yrbands_y45_54,mts_aggregate_1,2022,212.089
zaf,sex_m,age_10yrbands_y45_54,mts_aggregate_1,2023,233.988
zaf,sex_m,age_10yrbands_y45_54,mts_aggregate_1,2024,254.273
zaf,sex_m,age_10yrbands_y45_54,mts_aggregate_2,2000,185.786
zaf,sex_m,age_10yrbands_y45_54,mts_aggregate_2,2001,185.429
zaf,sex_m,age_10yrbands_y45_54,mts_aggregate_2,2002,141.748
zaf,sex_m,age_10yrbands_y45_54,mts_aggregate_2,2003,148.282
zaf,sex_m,age_10yrbands_y45_54,mts_aggregate_2,2004,153.476
zaf,sex_m,age_10yrbands_y45_54,mts_aggregate_2,2005,144.55
zaf,sex_m,age_10yrbands_y45_54,mts_aggregate_2,2006,142.711
zaf,sex_m,age_10yrbands_y45_54,mts_aggregate_2,2007,135.71
zaf,sex_m,age_10yrbands_y45_54,mts_aggregate_2,2008,226.992
zaf,sex_m,age_10yrbands_y45_54,mts_aggregate_2,2009,223.597
zaf,sex_m,age_10yrbands_y45_54,mts_aggregate_2,2010,250.825
zaf,sex_m,age_10yrbands_y45_54,mts_aggregate_2,2011,222.926
zaf,sex_m,age_10yrbands_y45_54,mts_aggregate_2,2012,226.836
zaf,sex_m,age_10yrbands_y45_54,mts_aggregate_2,2013,232.716
zaf,sex_m,age_10yrbands_y45_54,mts_aggregate_2,2014,215.571
zaf,sex_m,age_10yrbands_y45_54,mts_aggregate_2,2015,266.534
zaf,sex_m,age_10yrbands_y45_54,mts_aggregate_2,2016,265.887
zaf,sex_m,age_10yrbands_y45_54,mts_aggregate_2,2017,282.905
zaf,sex_m,age_10yrbands_y45_54,mts_aggregate_2,2018,299.169
zaf,sex_m,age_10yrbands_y45_54,mts_aggregate_2,2019,297.117
zaf,sex_m,age_10yrbands_y45_54,mts_aggregate_2,2020,283.88
zaf,sex_m,age_10yrbands_y45_54,mts_aggregate_2,2021,314.389
zaf,sex_m,age_10yrbands_y45_54,mts_aggregate_2,2022,333.215
zaf,sex_m,age_10yrbands_y45_54,mts_aggregate_2,2023,341.868
zaf,sex_m,age_10yrbands_y45_54,mts_aggregate_2,2024,373.071
zaf,sex_m,age_10yrbands_y45_54,mts_aggregate_total,2000,219.526
zaf,sex_m,age_10yrbands_y45_54,mts_aggregate_total,2001,224.799
zaf,sex_m,age_10yrbands_y45_54,mts_aggregate_total,2002,174.859
zaf,sex_m,age_10yrbands_y45_54,mts_aggregate_total,2003,180.587
zaf,sex_m,age_10yrbands_y45_54,mts_aggregate_total,2004,194.087
zaf,sex_m,age_10yrbands_y45_54,mts_aggregate_total,2005,190.737
zaf,sex_m,age_10yrbands_y45_54,mts_aggregate_total,2006,197.578
zaf,sex_m,age_10yrbands_y45_54,mts_aggregate_total,2007,173.141
zaf,sex_m,age_10yrbands_y45_54,mts_aggregate_total,2008,328.736
zaf,sex_m,age_10yrbands_y45_54,mts_aggregate_total,2009,322.722
zaf,sex_m,age_10yrbands_y45_54,mts_aggregate_total,2010,351.523
zaf,sex_m,age_10yrbands_y45_54,mts_aggregate_total,2011,326.335
zaf,sex_m,age_10yrbands_y45_54,mts_aggregate_total,2012,333.82
zaf,sex_m,age_10yrbands_y45_54,mts_aggregate_total,2013,354.741
zaf,sex_m,age_10yrbands_y45_54,mts_aggregate_total,2014,337.468
zaf,sex_m,age_10yrbands_y45_54,mts_aggregate_total,2015,411.255
zaf,sex_m,age_10yrbands_y45_54,mts_aggregate_total,2016,405.867
zaf,sex_m,age_10yrbands_y45_54,mts_aggregate_total,2017,442.9
zaf,sex_m,age_10yrbands_y45_54,mts_aggregate_total,2018,464.702
zaf,sex_m,age_10yrbands_y45_54,mts_aggregate_total,2019,466.034
zaf,sex_m,age_10yrbands_y45_54,mts_aggregate_total,2020,443.138
zaf,sex_m,age_10yrbands_y45_54,mts_aggregate_total,2021,478.924
zaf,sex_m,age_10yrbands_y45_54,mts_aggregate_total,2022,545.304
zaf,sex_m,age_10yrbands_y45_54,mts_aggregate_total,2023,575.856
zaf,sex_m,age_10yrbands_y45_54,mts_aggregate_total,2024,627.344
zaf,sex_m,age_10yrbands_y45_54,mts_details_mrd,2000,111.251
zaf,sex_m,age_10yrbands_y45_54,mts_details_mrd,2001,180.213
zaf,sex_m,age_10yrbands_y45_54,mts_details_mrd,2002,136.325
zaf,sex_m,age_10yrbands_y45_54,mts_details_mrd,2003,142.632
zaf,sex_m,age_10yrbands_y45_54,mts_details_mrd,2004,134.055
zaf,sex_m,age_10yrbands_y45_54,mts_details_mrd,2005,114.486
zaf,sex_m,age_10yrbands_y45_54,mts_details_mrd,2006,113.406
zaf,sex_m,age_10yrbands_y45_54,mts_details_mrd,2007,100.57
zaf,sex_m,age_10yrbands_y45_54,mts_details_mrd,2008,176.245
zaf,sex_m,age_10yrbands_y45_54,mts_details_mrd,2009,173.687
zaf,sex_m,age_10yrbands_y45_54,mts_details_mrd,2010,181.513
zaf,sex_m,age_10yrbands_y45_54,mts_details_mrd,2011,173.081
zaf,sex_m,age_10yrbands_y45_54,mts_details_mrd,2012,171.977
zaf,sex_m,age_10yrbands_y45_54,mts_details_mrd,2013,176.085
zaf,sex_m,age_10yrbands_y45_54,mts_details_mrd,2014,161.851
zaf,sex_m,age_10yrbands_y45_54,mts_details_mrd,2015,197.981
zaf,sex_m,age_10yrbands_y45_54,mts_details_mrd,2016,185.258
zaf,sex_m,age_10yrbands_y45_54,mts_details_mrd,2017,198.732
zaf,sex_m,age_10yrbands_y45_54,mts_details_mrd,2018,212.384
zaf,sex_m,age_10yrbands_y45_54,mts_details_mrd,2019,216.066
zaf,sex_m,age_10yrbands_y45_54,mts_details_mrd,2020,216.611
zaf,sex_m,age_10yrbands_y45_54,mts_details_mrd,2021,231.294
zaf,sex_m,age_10yrbands_y45_54,mts_details_mrd,2022,226.609
zaf,sex_m,age_10yrbands_y45_54,mts_details_mrd,2023,239.622
zaf,sex_m,age_10yrbands_y45_54,mts_details_mrd,2024,257.345
zaf,sex_m,age_10yrbands_y45_54,mts_details_sep,2000,23.653
zaf,sex_m,age_10yrbands_y45_54,mts_details_sep,2001,22.596
zaf,sex_m,age_10yrbands_y45_54,mts_details_sep,2002,21.443
zaf,sex_m,age_10yrbands_y45_54,mts_details_sep,2003,21.745
zaf,sex_m,age_10yrbands_y45_54,mts_details_sep,2004,17.718
zaf,sex_m,age_10yrbands_y45_54,mts_details_sep,2005,10.245
zaf,sex_m,age_10yrbands_y45_54,mts_details_sep,2006,8.672
zaf,sex_m,age_10yrbands_y45_54,mts_details_sep,2007,8.073
zaf,sex_m,age_10yrbands_y45_54,mts_details_sep,2008,19.461
zaf,sex_m,age_10yrbands_y45_54,mts_details_sep,2009,16.309
zaf,sex_m,age_10yrbands_y45_54,mts_details_sep,2010,20.947
zaf,sex_m,age_10yrbands_y45_54,mts_details_sep,2011,18.368
zaf,sex_m,age_10yrbands_y45_54,mts_details_sep,2012,19.549
zaf,sex_m,age_10yrbands_y45_54,mts_details_sep,2013,19.589
zaf,sex_m,age_10yrbands_y45_54,mts_details_sep,2014,21.583
zaf,sex_m,age_10yrbands_y45_54,mts_details_sep,2015,26.891
zaf,sex_m,age_10yrbands_y45_54,mts_details_sep,2016,20.194
zaf,sex_m,age_10yrbands_y45_54,mts_details_sep,2017,22.023
zaf,sex_m,age_10yrbands_y45_54,mts_details_sep,2018,21.337
zaf,sex_m,age_10yrbands_y45_54,mts_details_sep,2019,18.781
zaf,sex_m,age_10yrbands_y45_54,mts_details_sep,2020,28.099
zaf,sex_m,age_10yrbands_y45_54,mts_details_sep,2021,18.516
zaf,sex_m,age_10yrbands_y45_54,mts_details_sep,2022,24.574
zaf,sex_m,age_10yrbands_y45_54,mts_details_sep,2023,23.828
zaf,sex_m,age_10yrbands_y45_54,mts_details_sep,2024,30.331
zaf,sex_m,age_10yrbands_y45_54,mts_details_sgle,2004,13.46
zaf,sex_m,age_10yrbands_y45_54,mts_details_sgle,2005,29.03
zaf,sex_m,age_10yrbands_y45_54,mts_details_sgle,2006,34.549
zaf,sex_m,age_10yrbands_y45_54,mts_details_sgle,2007,24.416
zaf,sex_m,age_10yrbands_y45_54,mts_details_sgle,2008,69.591
zaf,sex_m,age_10yrbands_y45_54,mts_details_sgle,2009,69.621
zaf,sex_m,age_10yrbands_y45_54,mts_details_sgle,2010,68.357
zaf,sex_m,age_10yrbands_y45_54,mts_details_sgle,2011,70.35
zaf,sex_m,age_10yrbands_y45_54,mts_details_sgle,2012,73.133
zaf,sex_m,age_10yrbands_y45_54,mts_details_sgle,2013,85.389
zaf,sex_m,age_10yrbands_y45_54,mts_details_sgle,2014,85.959
zaf,sex_m,age_10yrbands_y45_54,mts_details_sgle,2015,106.023
zaf,sex_m,age_10yrbands_y45_54,mts_details_sgle,2016,105.449
zaf,sex_m,age_10yrbands_y45_54,mts_details_sgle,2017,118.022
zaf,sex_m,age_10yrbands_y45_54,mts_details_sgle,2018,129.087
zaf,sex_m,age_10yrbands_y45_54,mts_details_sgle,2019,133.188
zaf,sex_m,age_10yrbands_y45_54,mts_details_sgle,2020,115.832
zaf,sex_m,age_10yrbands_y45_54,mts_details_sgle,2021,130.852
zaf,sex_m,age_10yrbands_y45_54,mts_details_sgle,2022,175.716
zaf,sex_m,age_10yrbands_y45_54,mts_details_sgle,2023,196.042
zaf,sex_m,age_10yrbands_y45_54,mts_details_sgle,2024,216.839
zaf,sex_m,age_10yrbands_y45_54,mts_details_total,2000,219.526
zaf,sex_m,age_10yrbands_y45_54,mts_details_total,2001,224.799
zaf,sex_m,age_10yrbands_y45_54,mts_details_total,2002,174.859
zaf,sex_m,age_10yrbands_y45_54,mts_details_total,2003,180.587
zaf,sex_m,age_10yrbands_y45_54,mts_details_total,2004,194.087
zaf,sex_m,age_10yrbands_y45_54,mts_details_total,2005,190.737
zaf,sex_m,age_10yrbands_y45_54,mts_details_total,2006,197.578
zaf,sex_m,age_10yrbands_y45_54,mts_details_total,2007,173.141
zaf,sex_m,age_10yrbands_y45_54,mts_details_total,2008,328.736
zaf,sex_m,age_10yrbands_y45_54,mts_details_total,2009,322.722
zaf,sex_m,age_10yrbands_y45_54,mts_details_total,2010,351.523
zaf,sex_m,age_10yrbands_y45_54,mts_details_total,2011,326.335
zaf,sex_m,age_10yrbands_y45_54,mts_details_total,2012,333.82
zaf,sex_m,age_10yrbands_y45_54,mts_details_total,2013,354.741
zaf,sex_m,age_10yrbands_y45_54,mts_details_total,2014,337.468
zaf,sex_m,age_10yrbands_y45_54,mts_details_total,2015,411.255
zaf,sex_m,age_10yrbands_y45_54,mts_details_total,2016,405.867
zaf,sex_m,age_10yrbands_y45_54,mts_details_total,2017,442.9
zaf,sex_m,age_10yrbands_y45_54,mts_details_total,2018,464.702
zaf,sex_m,age_10yrbands_y45_54,mts_details_total,2019,466.034
zaf,sex_m,age_10yrbands_y45_54,mts_details_total,2020,443.138
zaf,sex_m,age_10yrbands_y45_54,mts_details_total,2021,478.924
zaf,sex_m,age_10yrbands_y45_54,mts_details_total,2022,545.304
zaf,sex_m,age_10yrbands_y45_54,mts_details_total,2023,575.856
zaf,sex_m,age_10yrbands_y45_54,mts_details_total,2024,627.344
zaf,sex_m,age_10yrbands_y45_54,mts_details_union,2000,74.536
zaf,sex_m,age_10yrbands_y45_54,mts_details_union,2001,5.215
zaf,sex_m,age_10yrbands_y45_54,mts_details_union,2002,5.423
zaf,sex_m,age_10yrbands_y45_54,mts_details_union,2003,5.649
zaf,sex_m,age_10yrbands_y45_54,mts_details_union,2004,19.421
zaf,sex_m,age_10yrbands_y45_54,mts_details_union,2005,30.064
zaf,sex_m,age_10yrbands_y45_54,mts_details_union,2006,29.305
zaf,sex_m,age_10yrbands_y45_54,mts_details_union,2007,35.14
zaf,sex_m,age_10yrbands_y45_54,mts_details_union,2008,50.747
zaf,sex_m,age_10yrbands_y45_54,mts_details_union,2009,49.91
zaf,sex_m,age_10yrbands_y45_54,mts_details_union,2010,69.312
zaf,sex_m,age_10yrbands_y45_54,mts_details_union,2011,49.845
zaf,sex_m,age_10yrbands_y45_54,mts_details_union,2012,54.859
zaf,sex_m,age_10yrbands_y45_54,mts_details_union,2013,56.632
zaf,sex_m,age_10yrbands_y45_54,mts_details_union,2014,53.721
zaf,sex_m,age_10yrbands_y45_54,mts_details_union,2015,68.553
zaf,sex_m,age_10yrbands_y45_54,mts_details_union,2016,80.629
zaf,sex_m,age_10yrbands_y45_54,mts_details_union,2017,84.173
zaf,sex_m,age_10yrbands_y45_54,mts_details_union,2018,86.785
zaf,sex_m,age_10yrbands_y45_54,mts_details_union,2019,81.051
zaf,sex_m,age_10yrbands_y45_54,mts_details_union,2020,67.269
zaf,sex_m,age_10yrbands_y45_54,mts_details_union,2021,83.096
zaf,sex_m,age_10yrbands_y45_54,mts_details_union,2022,106.606
zaf,sex_m,age_10yrbands_y45_54,mts_details_union,2023,102.246
zaf,sex_m,age_10yrbands_y45_54,mts_details_union,2024,115.726
zaf,sex_m,age_10yrbands_y45_54,mts_details_wid,2000,10.087
zaf,sex_m,age_10yrbands_y45_54,mts_details_wid,2001,16.775
zaf,sex_m,age_10yrbands_y45_54,mts_details_wid,2002,11.668
zaf,sex_m,age_10yrbands_y45_54,mts_details_wid,2003,10.56
zaf,sex_m,age_10yrbands_y45_54,mts_details_wid,2004,9.432
zaf,sex_m,age_10yrbands_y45_54,mts_details_wid,2005,6.912
zaf,sex_m,age_10yrbands_y45_54,mts_details_wid,2006,11.646
zaf,sex_m,age_10yrbands_y45_54,mts_details_wid,2007,4.793
zaf,sex_m,age_10yrbands_y45_54,mts_details_wid,2008,12.692
zaf,sex_m,age_10yrbands_y45_54,mts_details_wid,2009,13.195
zaf,sex_m,age_10yrbands_y45_54,mts_details_wid,2010,11.393
zaf,sex_m,age_10yrbands_y45_54,mts_details_wid,2011,14.691
zaf,sex_m,age_10yrbands_y45_54,mts_details_wid,2012,14.302
zaf,sex_m,age_10yrbands_y45_54,mts_details_wid,2013,17.046
zaf,sex_m,age_10yrbands_y45_54,mts_details_wid,2014,14.355
zaf,sex_m,age_10yrbands_y45_54,mts_details_wid,2015,11.806
zaf,sex_m,age_10yrbands_y45_54,mts_details_wid,2016,14.338
zaf,sex_m,age_10yrbands_y45_54,mts_details_wid,2017,19.95
zaf,sex_m,age_10yrbands_y45_54,mts_details_wid,2018,15.11
zaf,sex_m,age_10yrbands_y45_54,mts_details_wid,2019,16.948
zaf,sex_m,age_10yrbands_y45_54,mts_details_wid,2020,15.326
zaf,sex_m,age_10yrbands_y45_54,mts_details_wid,2021,15.166
zaf,sex_m,age_10yrbands_y45_54,mts_details_wid,2022,11.799
zaf,sex_m,age_10yrbands_y45_54,mts_details_wid,2023,14.118
zaf,sex_m,age_10yrbands_y45_54,mts_details_wid,2024,7.103
zaf,sex_m,age_10yrbands_y55_64,mts_aggregate_1,2000,18.58
zaf,sex_m,age_10yrbands_y55_64,mts_aggregate_1,2001,15.584
zaf,sex_m,age_10yrbands_y55_64,mts_aggregate_1,2002,9.638
zaf,sex_m,age_10yrbands_y55_64,mts_aggregate_1,2003,8.665
zaf,sex_m,age_10yrbands_y55_64,mts_aggregate_1,2004,18.113
zaf,sex_m,age_10yrbands_y55_64,mts_aggregate_1,2005,24.595
zaf,sex_m,age_10yrbands_y55_64,mts_aggregate_1,2006,25.062
zaf,sex_m,age_10yrbands_y55_64,mts_aggregate_1,2007,23.042
zaf,sex_m,age_10yrbands_y55_64,mts_aggregate_1,2008,44.768
zaf,sex_m,age_10yrbands_y55_64,mts_aggregate_1,2009,37.358
zaf,sex_m,age_10yrbands_y55_64,mts_aggregate_1,2010,37.352
zaf,sex_m,age_10yrbands_y55_64,mts_aggregate_1,2011,38.91
zaf,sex_m,age_10yrbands_y55_64,mts_aggregate_1,2012,41.395
zaf,sex_m,age_10yrbands_y55_64,mts_aggregate_1,2013,47.326
zaf,sex_m,age_10yrbands_y55_64,mts_aggregate_1,2014,51.587
zaf,sex_m,age_10yrbands_y55_64,mts_aggregate_1,2015,46.121
zaf,sex_m,age_10yrbands_y55_64,mts_aggregate_1,2016,50.998
zaf,sex_m,age_10yrbands_y55_64,mts_aggregate_1,2017,60.454
zaf,sex_m,age_10yrbands_y55_64,mts_aggregate_1,2018,56.717
zaf,sex_m,age_10yrbands_y55_64,mts_aggregate_1,2019,55.912
zaf,sex_m,age_10yrbands_y55_64,mts_aggregate_1,2020,60.658
zaf,sex_m,age_10yrbands_y55_64,mts_aggregate_1,2021,60.38
zaf,sex_m,age_10yrbands_y55_64,mts_aggregate_1,2022,74.582
zaf,sex_m,age_10yrbands_y55_64,mts_aggregate_1,2023,66.24
zaf,sex_m,age_10yrbands_y55_64,mts_aggregate_1,2024,88.71
zaf,sex_m,age_10yrbands_y55_64,mts_aggregate_2,2000,101.252
zaf,sex_m,age_10yrbands_y55_64,mts_aggregate_2,2001,125.632
zaf,sex_m,age_10yrbands_y55_64,mts_aggregate_2,2002,80.695
zaf,sex_m,age_10yrbands_y55_64,mts_aggregate_2,2003,85.204
zaf,sex_m,age_10yrbands_y55_64,mts_aggregate_2,2004,77.97
zaf,sex_m,age_10yrbands_y55_64,mts_aggregate_2,2005,85.339
zaf,sex_m,age_10yrbands_y55_64,mts_aggregate_2,2006,83.782
zaf,sex_m,age_10yrbands_y55_64,mts_aggregate_2,2007,79.561
zaf,sex_m,age_10yrbands_y55_64,mts_aggregate_2,2008,121.565
zaf,sex_m,age_10yrbands_y55_64,mts_aggregate_2,2009,109.254
zaf,sex_m,age_10yrbands_y55_64,mts_aggregate_2,2010,105.967
zaf,sex_m,age_10yrbands_y55_64,mts_aggregate_2,2011,100.537
zaf,sex_m,age_10yrbands_y55_64,mts_aggregate_2,2012,111.447
zaf,sex_m,age_10yrbands_y55_64,mts_aggregate_2,2013,118.04
zaf,sex_m,age_10yrbands_y55_64,mts_aggregate_2,2014,109.994
zaf,sex_m,age_10yrbands_y55_64,mts_aggregate_2,2015,126.819
zaf,sex_m,age_10yrbands_y55_64,mts_aggregate_2,2016,111.495
zaf,sex_m,age_10yrbands_y55_64,mts_aggregate_2,2017,129.529
zaf,sex_m,age_10yrbands_y55_64,mts_aggregate_2,2018,141.768
zaf,sex_m,age_10yrbands_y55_64,mts_aggregate_2,2019,145.154
zaf,sex_m,age_10yrbands_y55_64,mts_aggregate_2,2020,121.554
zaf,sex_m,age_10yrbands_y55_64,mts_aggregate_2,2021,122.042
zaf,sex_m,age_10yrbands_y55_64,mts_aggregate_2,2022,118.152
zaf,sex_m,age_10yrbands_y55_64,mts_aggregate_2,2023,127.165
zaf,sex_m,age_10yrbands_y55_64,mts_aggregate_2,2024,150.362
zaf,sex_m,age_10yrbands_y55_64,mts_aggregate_total,2000,119.832
zaf,sex_m,age_10yrbands_y55_64,mts_aggregate_total,2001,141.216
zaf,sex_m,age_10yrbands_y55_64,mts_aggregate_total,2002,90.498
zaf,sex_m,age_10yrbands_y55_64,mts_aggregate_total,2003,93.87
zaf,sex_m,age_10yrbands_y55_64,mts_aggregate_total,2004,96.083
zaf,sex_m,age_10yrbands_y55_64,mts_aggregate_total,2005,110.447
zaf,sex_m,age_10yrbands_y55_64,mts_aggregate_total,2006,108.845
zaf,sex_m,age_10yrbands_y55_64,mts_aggregate_total,2007,102.604
zaf,sex_m,age_10yrbands_y55_64,mts_aggregate_total,2008,166.333
zaf,sex_m,age_10yrbands_y55_64,mts_aggregate_total,2009,146.612
zaf,sex_m,age_10yrbands_y55_64,mts_aggregate_total,2010,143.319
zaf,sex_m,age_10yrbands_y55_64,mts_aggregate_total,2011,139.448
zaf,sex_m,age_10yrbands_y55_64,mts_aggregate_total,2012,152.842
zaf,sex_m,age_10yrbands_y55_64,mts_aggregate_total,2013,165.366
zaf,sex_m,age_10yrbands_y55_64,mts_aggregate_total,2014,161.581
zaf,sex_m,age_10yrbands_y55_64,mts_aggregate_total,2015,172.94
zaf,sex_m,age_10yrbands_y55_64,mts_aggregate_total,2016,162.493
zaf,sex_m,age_10yrbands_y55_64,mts_aggregate_total,2017,189.983
zaf,sex_m,age_10yrbands_y55_64,mts_aggregate_total,2018,198.484
zaf,sex_m,age_10yrbands_y55_64,mts_aggregate_total,2019,201.067
zaf,sex_m,age_10yrbands_y55_64,mts_aggregate_total,2020,182.212
zaf,sex_m,age_10yrbands_y55_64,mts_aggregate_total,2021,182.423
zaf,sex_m,age_10yrbands_y55_64,mts_aggregate_total,2022,192.734
zaf,sex_m,age_10yrbands_y55_64,mts_aggregate_total,2023,193.406
zaf,sex_m,age_10yrbands_y55_64,mts_aggregate_total,2024,239.072
zaf,sex_m,age_10yrbands_y55_64,mts_details_mrd,2000,54.476
zaf,sex_m,age_10yrbands_y55_64,mts_details_mrd,2001,116.092
zaf,sex_m,age_10yrbands_y55_64,mts_details_mrd,2002,75.065
zaf,sex_m,age_10yrbands_y55_64,mts_details_mrd,2003,79.896
zaf,sex_m,age_10yrbands_y55_64,mts_details_mrd,2004,69.757
zaf,sex_m,age_10yrbands_y55_64,mts_details_mrd,2005,75.922
zaf,sex_m,age_10yrbands_y55_64,mts_details_mrd,2006,71.678
zaf,sex_m,age_10yrbands_y55_64,mts_details_mrd,2007,67.882
zaf,sex_m,age_10yrbands_y55_64,mts_details_mrd,2008,103.715
zaf,sex_m,age_10yrbands_y55_64,mts_details_mrd,2009,93.376
zaf,sex_m,age_10yrbands_y55_64,mts_details_mrd,2010,89.814
zaf,sex_m,age_10yrbands_y55_64,mts_details_mrd,2011,87.883
zaf,sex_m,age_10yrbands_y55_64,mts_details_mrd,2012,94.861
zaf,sex_m,age_10yrbands_y55_64,mts_details_mrd,2013,103.091
zaf,sex_m,age_10yrbands_y55_64,mts_details_mrd,2014,94.312
zaf,sex_m,age_10yrbands_y55_64,mts_details_mrd,2015,103.216
zaf,sex_m,age_10yrbands_y55_64,mts_details_mrd,2016,88.656
zaf,sex_m,age_10yrbands_y55_64,mts_details_mrd,2017,102.98
zaf,sex_m,age_10yrbands_y55_64,mts_details_mrd,2018,117.162
zaf,sex_m,age_10yrbands_y55_64,mts_details_mrd,2019,118.849
zaf,sex_m,age_10yrbands_y55_64,mts_details_mrd,2020,105.736
zaf,sex_m,age_10yrbands_y55_64,mts_details_mrd,2021,102.271
zaf,sex_m,age_10yrbands_y55_64,mts_details_mrd,2022,99.106
zaf,sex_m,age_10yrbands_y55_64,mts_details_mrd,2023,103.772
zaf,sex_m,age_10yrbands_y55_64,mts_details_mrd,2024,119.744
zaf,sex_m,age_10yrbands_y55_64,mts_details_sep,2000,8.877
zaf,sex_m,age_10yrbands_y55_64,mts_details_sep,2001,6.23
zaf,sex_m,age_10yrbands_y55_64,mts_details_sep,2002,4.643
zaf,sex_m,age_10yrbands_y55_64,mts_details_sep,2003,5.207
zaf,sex_m,age_10yrbands_y55_64,mts_details_sep,2004,5.593
zaf,sex_m,age_10yrbands_y55_64,mts_details_sep,2005,4.991
zaf,sex_m,age_10yrbands_y55_64,mts_details_sep,2006,9.861
zaf,sex_m,age_10yrbands_y55_64,mts_details_sep,2007,7.05
zaf,sex_m,age_10yrbands_y55_64,mts_details_sep,2008,15.181
zaf,sex_m,age_10yrbands_y55_64,mts_details_sep,2009,10.894
zaf,sex_m,age_10yrbands_y55_64,mts_details_sep,2010,12.589
zaf,sex_m,age_10yrbands_y55_64,mts_details_sep,2011,9.899
zaf,sex_m,age_10yrbands_y55_64,mts_details_sep,2012,12.695
zaf,sex_m,age_10yrbands_y55_64,mts_details_sep,2013,8.814
zaf,sex_m,age_10yrbands_y55_64,mts_details_sep,2014,11.673
zaf,sex_m,age_10yrbands_y55_64,mts_details_sep,2015,14.371
zaf,sex_m,age_10yrbands_y55_64,mts_details_sep,2016,12.343
zaf,sex_m,age_10yrbands_y55_64,mts_details_sep,2017,11.643
zaf,sex_m,age_10yrbands_y55_64,mts_details_sep,2018,11.95
zaf,sex_m,age_10yrbands_y55_64,mts_details_sep,2019,10.12
zaf,sex_m,age_10yrbands_y55_64,mts_details_sep,2020,9.876
zaf,sex_m,age_10yrbands_y55_64,mts_details_sep,2021,11.773
zaf,sex_m,age_10yrbands_y55_64,mts_details_sep,2022,12.278
zaf,sex_m,age_10yrbands_y55_64,mts_details_sep,2023,14.23
zaf,sex_m,age_10yrbands_y55_64,mts_details_sep,2024,19.297
zaf,sex_m,age_10yrbands_y55_64,mts_details_sgle,2004,3.514
zaf,sex_m,age_10yrbands_y55_64,mts_details_sgle,2005,13.309
zaf,sex_m,age_10yrbands_y55_64,mts_details_sgle,2006,9.943
zaf,sex_m,age_10yrbands_y55_64,mts_details_sgle,2007,7.828
zaf,sex_m,age_10yrbands_y55_64,mts_details_sgle,2008,16.622
zaf,sex_m,age_10yrbands_y55_64,mts_details_sgle,2009,17.603
zaf,sex_m,age_10yrbands_y55_64,mts_details_sgle,2010,15.443
zaf,sex_m,age_10yrbands_y55_64,mts_details_sgle,2011,18.181
zaf,sex_m,age_10yrbands_y55_64,mts_details_sgle,2012,19.964
zaf,sex_m,age_10yrbands_y55_64,mts_details_sgle,2013,24.344
zaf,sex_m,age_10yrbands_y55_64,mts_details_sgle,2014,23.11
zaf,sex_m,age_10yrbands_y55_64,mts_details_sgle,2015,23.89
zaf,sex_m,age_10yrbands_y55_64,mts_details_sgle,2016,26.788
zaf,sex_m,age_10yrbands_y55_64,mts_details_sgle,2017,30.483
zaf,sex_m,age_10yrbands_y55_64,mts_details_sgle,2018,27.922
zaf,sex_m,age_10yrbands_y55_64,mts_details_sgle,2019,32.756
zaf,sex_m,age_10yrbands_y55_64,mts_details_sgle,2020,32.348
zaf,sex_m,age_10yrbands_y55_64,mts_details_sgle,2021,28.411
zaf,sex_m,age_10yrbands_y55_64,mts_details_sgle,2022,45.444
zaf,sex_m,age_10yrbands_y55_64,mts_details_sgle,2023,39.913
zaf,sex_m,age_10yrbands_y55_64,mts_details_sgle,2024,52.726
zaf,sex_m,age_10yrbands_y55_64,mts_details_total,2000,119.832
zaf,sex_m,age_10yrbands_y55_64,mts_details_total,2001,141.216
zaf,sex_m,age_10yrbands_y55_64,mts_details_total,2002,90.498
zaf,sex_m,age_10yrbands_y55_64,mts_details_total,2003,93.87
zaf,sex_m,age_10yrbands_y55_64,mts_details_total,2004,96.083
zaf,sex_m,age_10yrbands_y55_64,mts_details_total,2005,110.447
zaf,sex_m,age_10yrbands_y55_64,mts_details_total,2006,108.845
zaf,sex_m,age_10yrbands_y55_64,mts_details_total,2007,102.604
zaf,sex_m,age_10yrbands_y55_64,mts_details_total,2008,166.333
zaf,sex_m,age_10yrbands_y55_64,mts_details_total,2009,146.612
zaf,sex_m,age_10yrbands_y55_64,mts_details_total,2010,143.319
zaf,sex_m,age_10yrbands_y55_64,mts_details_total,2011,139.448
zaf,sex_m,age_10yrbands_y55_64,mts_details_total,2012,152.842
zaf,sex_m,age_10yrbands_y55_64,mts_details_total,2013,165.366
zaf,sex_m,age_10yrbands_y55_64,mts_details_total,2014,161.581
zaf,sex_m,age_10yrbands_y55_64,mts_details_total,2015,172.94
zaf,sex_m,age_10yrbands_y55_64,mts_details_total,2016,162.493
zaf,sex_m,age_10yrbands_y55_64,mts_details_total,2017,189.983
zaf,sex_m,age_10yrbands_y55_64,mts_details_total,2018,198.484
zaf,sex_m,age_10yrbands_y55_64,mts_details_total,2019,201.067
zaf,sex_m,age_10yrbands_y55_64,mts_details_total,2020,182.212
zaf,sex_m,age_10yrbands_y55_64,mts_details_total,2021,182.423
zaf,sex_m,age_10yrbands_y55_64,mts_details_total,2022,192.734
zaf,sex_m,age_10yrbands_y55_64,mts_details_total,2023,193.406
zaf,sex_m,age_10yrbands_y55_64,mts_details_total,2024,239.072
zaf,sex_m,age_10yrbands_y55_64,mts_details_union,2000,46.776
zaf,sex_m,age_10yrbands_y55_64,mts_details_union,2001,9.54
zaf,sex_m,age_10yrbands_y55_64,mts_details_union,2002,5.63
zaf,sex_m,age_10yrbands_y55_64,mts_details_union,2003,5.308
zaf,sex_m,age_10yrbands_y55_64,mts_details_union,2004,8.213
zaf,sex_m,age_10yrbands_y55_64,mts_details_union,2005,9.416
zaf,sex_m,age_10yrbands_y55_64,mts_details_union,2006,12.104
zaf,sex_m,age_10yrbands_y55_64,mts_details_union,2007,11.679
zaf,sex_m,age_10yrbands_y55_64,mts_details_union,2008,17.85
zaf,sex_m,age_10yrbands_y55_64,mts_details_union,2009,15.878
zaf,sex_m,age_10yrbands_y55_64,mts_details_union,2010,16.153
zaf,sex_m,age_10yrbands_y55_64,mts_details_union,2011,12.654
zaf,sex_m,age_10yrbands_y55_64,mts_details_union,2012,16.587
zaf,sex_m,age_10yrbands_y55_64,mts_details_union,2013,14.949
zaf,sex_m,age_10yrbands_y55_64,mts_details_union,2014,15.682
zaf,sex_m,age_10yrbands_y55_64,mts_details_union,2015,23.603
zaf,sex_m,age_10yrbands_y55_64,mts_details_union,2016,22.84
zaf,sex_m,age_10yrbands_y55_64,mts_details_union,2017,26.549
zaf,sex_m,age_10yrbands_y55_64,mts_details_union,2018,24.606
zaf,sex_m,age_10yrbands_y55_64,mts_details_union,2019,26.305
zaf,sex_m,age_10yrbands_y55_64,mts_details_union,2020,15.818
zaf,sex_m,age_10yrbands_y55_64,mts_details_union,2021,19.771
zaf,sex_m,age_10yrbands_y55_64,mts_details_union,2022,19.047
zaf,sex_m,age_10yrbands_y55_64,mts_details_union,2023,23.393
zaf,sex_m,age_10yrbands_y55_64,mts_details_union,2024,30.617
zaf,sex_m,age_10yrbands_y55_64,mts_details_wid,2000,9.702
zaf,sex_m,age_10yrbands_y55_64,mts_details_wid,2001,9.354
zaf,sex_m,age_10yrbands_y55_64,mts_details_wid,2002,4.995
zaf,sex_m,age_10yrbands_y55_64,mts_details_wid,2003,3.458
zaf,sex_m,age_10yrbands_y55_64,mts_details_wid,2004,9.006
zaf,sex_m,age_10yrbands_y55_64,mts_details_wid,2005,6.295
zaf,sex_m,age_10yrbands_y55_64,mts_details_wid,2006,5.259
zaf,sex_m,age_10yrbands_y55_64,mts_details_wid,2007,8.164
zaf,sex_m,age_10yrbands_y55_64,mts_details_wid,2008,12.965
zaf,sex_m,age_10yrbands_y55_64,mts_details_wid,2009,8.861
zaf,sex_m,age_10yrbands_y55_64,mts_details_wid,2010,9.32
zaf,sex_m,age_10yrbands_y55_64,mts_details_wid,2011,10.831
zaf,sex_m,age_10yrbands_y55_64,mts_details_wid,2012,8.736
zaf,sex_m,age_10yrbands_y55_64,mts_details_wid,2013,14.168
zaf,sex_m,age_10yrbands_y55_64,mts_details_wid,2014,16.804
zaf,sex_m,age_10yrbands_y55_64,mts_details_wid,2015,7.859
zaf,sex_m,age_10yrbands_y55_64,mts_details_wid,2016,11.867
zaf,sex_m,age_10yrbands_y55_64,mts_details_wid,2017,18.327
zaf,sex_m,age_10yrbands_y55_64,mts_details_wid,2018,16.844
zaf,sex_m,age_10yrbands_y55_64,mts_details_wid,2019,13.037
zaf,sex_m,age_10yrbands_y55_64,mts_details_wid,2020,18.434
zaf,sex_m,age_10yrbands_y55_64,mts_details_wid,2021,20.196
zaf,sex_m,age_10yrbands_y55_64,mts_details_wid,2022,16.86
zaf,sex_m,age_10yrbands_y55_64,mts_details_wid,2023,12.098
zaf,sex_m,age_10yrbands_y55_64,mts_details_wid,2024,16.688
zaf,sex_m,age_10yrbands_yge65,mts_aggregate_1,2000,4.615
zaf,sex_m,age_10yrbands_yge65,mts_aggregate_1,2001,5.728
zaf,sex_m,age_10yrbands_yge65,mts_aggregate_1,2002,6.052
zaf,sex_m,age_10yrbands_yge65,mts_aggregate_1,2003,3.394
zaf,sex_m,age_10yrbands_yge65,mts_aggregate_1,2004,4.119
zaf,sex_m,age_10yrbands_yge65,mts_aggregate_1,2005,8.208
zaf,sex_m,age_10yrbands_yge65,mts_aggregate_1,2006,10.061
zaf,sex_m,age_10yrbands_yge65,mts_aggregate_1,2007,19.238
zaf,sex_m,age_10yrbands_yge65,mts_aggregate_1,2008,8.777
zaf,sex_m,age_10yrbands_yge65,mts_aggregate_1,2009,7.385
zaf,sex_m,age_10yrbands_yge65,mts_aggregate_1,2010,6.071
zaf,sex_m,age_10yrbands_yge65,mts_aggregate_1,2011,4.961
zaf,sex_m,age_10yrbands_yge65,mts_aggregate_1,2012,7.35
zaf,sex_m,age_10yrbands_yge65,mts_aggregate_1,2013,12.397
zaf,sex_m,age_10yrbands_yge65,mts_aggregate_1,2014,6.686
zaf,sex_m,age_10yrbands_yge65,mts_aggregate_1,2015,7.348
zaf,sex_m,age_10yrbands_yge65,mts_aggregate_1,2016,12.352
zaf,sex_m,age_10yrbands_yge65,mts_aggregate_1,2017,10.562
zaf,sex_m,age_10yrbands_yge65,mts_aggregate_1,2018,9.848
zaf,sex_m,age_10yrbands_yge65,mts_aggregate_1,2019,13.936
zaf,sex_m,age_10yrbands_yge65,mts_aggregate_1,2020,10.653
zaf,sex_m,age_10yrbands_yge65,mts_aggregate_1,2021,10.954
zaf,sex_m,age_10yrbands_yge65,mts_aggregate_1,2022,12.749
zaf,sex_m,age_10yrbands_yge65,mts_aggregate_1,2023,11.464
zaf,sex_m,age_10yrbands_yge65,mts_aggregate_1,2024,15.911
zaf,sex_m,age_10yrbands_yge65,mts_aggregate_2,2000,47.037
zaf,sex_m,age_10yrbands_yge65,mts_aggregate_2,2001,47.798
zaf,sex_m,age_10yrbands_yge65,mts_aggregate_2,2002,30.032
zaf,sex_m,age_10yrbands_yge65,mts_aggregate_2,2003,32.247
zaf,sex_m,age_10yrbands_yge65,mts_aggregate_2,2004,21.057
zaf,sex_m,age_10yrbands_yge65,mts_aggregate_2,2005,20.537
zaf,sex_m,age_10yrbands_yge65,mts_aggregate_2,2006,24.155
zaf,sex_m,age_10yrbands_yge65,mts_aggregate_2,2007,24.563
zaf,sex_m,age_10yrbands_yge65,mts_aggregate_2,2008,26.393
zaf,sex_m,age_10yrbands_yge65,mts_aggregate_2,2009,19.481
zaf,sex_m,age_10yrbands_yge65,mts_aggregate_2,2010,21.207
zaf,sex_m,age_10yrbands_yge65,mts_aggregate_2,2011,14.661
zaf,sex_m,age_10yrbands_yge65,mts_aggregate_2,2012,20.074
zaf,sex_m,age_10yrbands_yge65,mts_aggregate_2,2013,20.932
zaf,sex_m,age_10yrbands_yge65,mts_aggregate_2,2014,20.189
zaf,sex_m,age_10yrbands_yge65,mts_aggregate_2,2015,20.323
zaf,sex_m,age_10yrbands_yge65,mts_aggregate_2,2016,28.019
zaf,sex_m,age_10yrbands_yge65,mts_aggregate_2,2017,29.358
zaf,sex_m,age_10yrbands_yge65,mts_aggregate_2,2018,36.373
zaf,sex_m,age_10yrbands_yge65,mts_aggregate_2,2019,32.998
zaf,sex_m,age_10yrbands_yge65,mts_aggregate_2,2020,25.567
zaf,sex_m,age_10yrbands_yge65,mts_aggregate_2,2021,23.251
zaf,sex_m,age_10yrbands_yge65,mts_aggregate_2,2022,31.4
zaf,sex_m,age_10yrbands_yge65,mts_aggregate_2,2023,28.844
zaf,sex_m,age_10yrbands_yge65,mts_aggregate_2,2024,34.444
zaf,sex_m,age_10yrbands_yge65,mts_aggregate_total,2000,51.653
zaf,sex_m,age_10yrbands_yge65,mts_aggregate_total,2001,53.526
zaf,sex_m,age_10yrbands_yge65,mts_aggregate_total,2002,36.225
zaf,sex_m,age_10yrbands_yge65,mts_aggregate_total,2003,35.641
zaf,sex_m,age_10yrbands_yge65,mts_aggregate_total,2004,25.176
zaf,sex_m,age_10yrbands_yge65,mts_aggregate_total,2005,28.745
zaf,sex_m,age_10yrbands_yge65,mts_aggregate_total,2006,34.514
zaf,sex_m,age_10yrbands_yge65,mts_aggregate_total,2007,43.801
zaf,sex_m,age_10yrbands_yge65,mts_aggregate_total,2008,35.17
zaf,sex_m,age_10yrbands_yge65,mts_aggregate_total,2009,26.866
zaf,sex_m,age_10yrbands_yge65,mts_aggregate_total,2010,27.278
zaf,sex_m,age_10yrbands_yge65,mts_aggregate_total,2011,19.622
zaf,sex_m,age_10yrbands_yge65,mts_aggregate_total,2012,27.424
zaf,sex_m,age_10yrbands_yge65,mts_aggregate_total,2013,33.328
zaf,sex_m,age_10yrbands_yge65,mts_aggregate_total,2014,26.875
zaf,sex_m,age_10yrbands_yge65,mts_aggregate_total,2015,27.671
zaf,sex_m,age_10yrbands_yge65,mts_aggregate_total,2016,40.372
zaf,sex_m,age_10yrbands_yge65,mts_aggregate_total,2017,39.92
zaf,sex_m,age_10yrbands_yge65,mts_aggregate_total,2018,46.221
zaf,sex_m,age_10yrbands_yge65,mts_aggregate_total,2019,46.934
zaf,sex_m,age_10yrbands_yge65,mts_aggregate_total,2020,36.219
zaf,sex_m,age_10yrbands_yge65,mts_aggregate_total,2021,34.205
zaf,sex_m,age_10yrbands_yge65,mts_aggregate_total,2022,44.148
zaf,sex_m,age_10yrbands_yge65,mts_aggregate_total,2023,40.308
zaf,sex_m,age_10yrbands_yge65,mts_aggregate_total,2024,50.355
zaf,sex_m,age_10yrbands_yge65,mts_details_mrd,2000,27.017
zaf,sex_m,age_10yrbands_yge65,mts_details_mrd,2001,42.124
zaf,sex_m,age_10yrbands_yge65,mts_details_mrd,2002,26.167
zaf,sex_m,age_10yrbands_yge65,mts_details_mrd,2003,28.163
zaf,sex_m,age_10yrbands_yge65,mts_details_mrd,2004,18.109
zaf,sex_m,age_10yrbands_yge65,mts_details_mrd,2005,17.651
zaf,sex_m,age_10yrbands_yge65,mts_details_mrd,2006,21.762
zaf,sex_m,age_10yrbands_yge65,mts_details_mrd,2007,20.368
zaf,sex_m,age_10yrbands_yge65,mts_details_mrd,2008,23.5
zaf,sex_m,age_10yrbands_yge65,mts_details_mrd,2009,15.88
zaf,sex_m,age_10yrbands_yge65,mts_details_mrd,2010,18.558
zaf,sex_m,age_10yrbands_yge65,mts_details_mrd,2011,12.721
zaf,sex_m,age_10yrbands_yge65,mts_details_mrd,2012,19.38
zaf,sex_m,age_10yrbands_yge65,mts_details_mrd,2013,19.612
zaf,sex_m,age_10yrbands_yge65,mts_details_mrd,2014,18.5
zaf,sex_m,age_10yrbands_yge65,mts_details_mrd,2015,16.305
zaf,sex_m,age_10yrbands_yge65,mts_details_mrd,2016,24.649
zaf,sex_m,age_10yrbands_yge65,mts_details_mrd,2017,26.864
zaf,sex_m,age_10yrbands_yge65,mts_details_mrd,2018,31.152
zaf,sex_m,age_10yrbands_yge65,mts_details_mrd,2019,28.338
zaf,sex_m,age_10yrbands_yge65,mts_details_mrd,2020,22.093
zaf,sex_m,age_10yrbands_yge65,mts_details_mrd,2021,20.689
zaf,sex_m,age_10yrbands_yge65,mts_details_mrd,2022,29.098
zaf,sex_m,age_10yrbands_yge65,mts_details_mrd,2023,25.551
zaf,sex_m,age_10yrbands_yge65,mts_details_mrd,2024,29.26
zaf,sex_m,age_10yrbands_yge65,mts_details_sep,2001,3.59
zaf,sex_m,age_10yrbands_yge65,mts_details_sep,2002,4.338
zaf,sex_m,age_10yrbands_yge65,mts_details_sep,2003,2.276
zaf,sex_m,age_10yrbands_yge65,mts_details_sep,2004,2.156
zaf,sex_m,age_10yrbands_yge65,mts_details_sep,2005,1.42
zaf,sex_m,age_10yrbands_yge65,mts_details_sep,2006,1.591
zaf,sex_m,age_10yrbands_yge65,mts_details_sep,2007,8.263
zaf,sex_m,age_10yrbands_yge65,mts_details_sep,2008,2.056
zaf,sex_m,age_10yrbands_yge65,mts_details_sep,2009,1.51
zaf,sex_m,age_10yrbands_yge65,mts_details_sep,2010,1.186
zaf,sex_m,age_10yrbands_yge65,mts_details_sep,2011,0.869
zaf,sex_m,age_10yrbands_yge65,mts_details_sep,2012,1.803
zaf,sex_m,age_10yrbands_yge65,mts_details_sep,2013,4.869
zaf,sex_m,age_10yrbands_yge65,mts_details_sep,2014,1.766
zaf,sex_m,age_10yrbands_yge65,mts_details_sep,2015,1.011
zaf,sex_m,age_10yrbands_yge65,mts_details_sep,2016,1.993
zaf,sex_m,age_10yrbands_yge65,mts_details_sep,2017,1.711
zaf,sex_m,age_10yrbands_yge65,mts_details_sep,2018,1.235
zaf,sex_m,age_10yrbands_yge65,mts_details_sep,2019,3.06
zaf,sex_m,age_10yrbands_yge65,mts_details_sep,2020,2.231
zaf,sex_m,age_10yrbands_yge65,mts_details_sep,2021,3.288
zaf,sex_m,age_10yrbands_yge65,mts_details_sep,2022,2.841
zaf,sex_m,age_10yrbands_yge65,mts_details_sep,2023,2.311
zaf,sex_m,age_10yrbands_yge65,mts_details_sep,2024,2.141
zaf,sex_m,age_10yrbands_yge65,mts_details_sgle,2005,2.569
zaf,sex_m,age_10yrbands_yge65,mts_details_sgle,2006,4.963
zaf,sex_m,age_10yrbands_yge65,mts_details_sgle,2007,6.722
zaf,sex_m,age_10yrbands_yge65,mts_details_sgle,2008,3.541
zaf,sex_m,age_10yrbands_yge65,mts_details_sgle,2009,1.52
zaf,sex_m,age_10yrbands_yge65,mts_details_sgle,2010,1.65
zaf,sex_m,age_10yrbands_yge65,mts_details_sgle,2011,1.461
zaf,sex_m,age_10yrbands_yge65,mts_details_sgle,2012,2.069
zaf,sex_m,age_10yrbands_yge65,mts_details_sgle,2013,2.695
zaf,sex_m,age_10yrbands_yge65,mts_details_sgle,2014,1.724
zaf,sex_m,age_10yrbands_yge65,mts_details_sgle,2015,1.805
zaf,sex_m,age_10yrbands_yge65,mts_details_sgle,2016,4.2
zaf,sex_m,age_10yrbands_yge65,mts_details_sgle,2017,2.908
zaf,sex_m,age_10yrbands_yge65,mts_details_sgle,2018,2.575
zaf,sex_m,age_10yrbands_yge65,mts_details_sgle,2019,3.922
zaf,sex_m,age_10yrbands_yge65,mts_details_sgle,2020,5.22
zaf,sex_m,age_10yrbands_yge65,mts_details_sgle,2021,3.568
zaf,sex_m,age_10yrbands_yge65,mts_details_sgle,2022,5.984
zaf,sex_m,age_10yrbands_yge65,mts_details_sgle,2023,3.886
zaf,sex_m,age_10yrbands_yge65,mts_details_sgle,2024,6.797
zaf,sex_m,age_10yrbands_yge65,mts_details_total,2000,51.653
zaf,sex_m,age_10yrbands_yge65,mts_details_total,2001,53.526
zaf,sex_m,age_10yrbands_yge65,mts_details_total,2002,36.225
zaf,sex_m,age_10yrbands_yge65,mts_details_total,2003,35.641
zaf,sex_m,age_10yrbands_yge65,mts_details_total,2004,25.176
zaf,sex_m,age_10yrbands_yge65,mts_details_total,2005,28.745
zaf,sex_m,age_10yrbands_yge65,mts_details_total,2006,34.514
zaf,sex_m,age_10yrbands_yge65,mts_details_total,2007,43.801
zaf,sex_m,age_10yrbands_yge65,mts_details_total,2008,35.17
zaf,sex_m,age_10yrbands_yge65,mts_details_total,2009,26.866
zaf,sex_m,age_10yrbands_yge65,mts_details_total,2010,27.278
zaf,sex_m,age_10yrbands_yge65,mts_details_total,2011,19.622
zaf,sex_m,age_10yrbands_yge65,mts_details_total,2012,27.424
zaf,sex_m,age_10yrbands_yge65,mts_details_total,2013,33.328
zaf,sex_m,age_10yrbands_yge65,mts_details_total,2014,26.875
zaf,sex_m,age_10yrbands_yge65,mts_details_total,2015,27.671
zaf,sex_m,age_10yrbands_yge65,mts_details_total,2016,40.372
zaf,sex_m,age_10yrbands_yge65,mts_details_total,2017,39.92
zaf,sex_m,age_10yrbands_yge65,mts_details_total,2018,46.221
zaf,sex_m,age_10yrbands_yge65,mts_details_total,2019,46.934
zaf,sex_m,age_10yrbands_yge65,mts_details_total,2020,36.219
zaf,sex_m,age_10yrbands_yge65,mts_details_total,2021,34.205
zaf,sex_m,age_10yrbands_yge65,mts_details_total,2022,44.148
zaf,sex_m,age_10yrbands_yge65,mts_details_total,2023,40.308
zaf,sex_m,age_10yrbands_yge65,mts_details_total,2024,50.355
zaf,sex_m,age_10yrbands_yge65,mts_details_union,2000,20.021
zaf,sex_m,age_10yrbands_yge65,mts_details_union,2001,5.673
zaf,sex_m,age_10yrbands_yge65,mts_details_union,2002,3.864
zaf,sex_m,age_10yrbands_yge65,mts_details_union,2003,4.085
zaf,sex_m,age_10yrbands_yge65,mts_details_union,2004,2.948
zaf,sex_m,age_10yrbands_yge65,mts_details_union,2005,2.886
zaf,sex_m,age_10yrbands_yge65,mts_details_union,2006,2.393
zaf,sex_m,age_10yrbands_yge65,mts_details_union,2007,4.195
zaf,sex_m,age_10yrbands_yge65,mts_details_union,2008,2.893
zaf,sex_m,age_10yrbands_yge65,mts_details_union,2009,3.6
zaf,sex_m,age_10yrbands_yge65,mts_details_union,2010,2.649
zaf,sex_m,age_10yrbands_yge65,mts_details_union,2011,1.94
zaf,sex_m,age_10yrbands_yge65,mts_details_union,2012,0.695
zaf,sex_m,age_10yrbands_yge65,mts_details_union,2013,1.32
zaf,sex_m,age_10yrbands_yge65,mts_details_union,2014,1.689
zaf,sex_m,age_10yrbands_yge65,mts_details_union,2015,4.018
zaf,sex_m,age_10yrbands_yge65,mts_details_union,2016,3.371
zaf,sex_m,age_10yrbands_yge65,mts_details_union,2017,2.494
zaf,sex_m,age_10yrbands_yge65,mts_details_union,2018,5.221
zaf,sex_m,age_10yrbands_yge65,mts_details_union,2019,4.66
zaf,sex_m,age_10yrbands_yge65,mts_details_union,2020,3.473
zaf,sex_m,age_10yrbands_yge65,mts_details_union,2021,2.562
zaf,sex_m,age_10yrbands_yge65,mts_details_union,2022,2.301
zaf,sex_m,age_10yrbands_yge65,mts_details_union,2023,3.292
zaf,sex_m,age_10yrbands_yge65,mts_details_union,2024,5.184
zaf,sex_m,age_10yrbands_yge65,mts_details_wid,2000,3.978
zaf,sex_m,age_10yrbands_yge65,mts_details_wid,2001,2.138
zaf,sex_m,age_10yrbands_yge65,mts_details_wid,2002,1.714
zaf,sex_m,age_10yrbands_yge65,mts_details_wid,2003,1.118
zaf,sex_m,age_10yrbands_yge65,mts_details_wid,2004,1.59
zaf,sex_m,age_10yrbands_yge65,mts_details_wid,2005,4.219
zaf,sex_m,age_10yrbands_yge65,mts_details_wid,2006,3.508
zaf,sex_m,age_10yrbands_yge65,mts_details_wid,2007,4.253
zaf,sex_m,age_10yrbands_yge65,mts_details_wid,2008,3.18
zaf,sex_m,age_10yrbands_yge65,mts_details_wid,2009,4.355
zaf,sex_m,age_10yrbands_yge65,mts_details_wid,2010,3.235
zaf,sex_m,age_10yrbands_yge65,mts_details_wid,2011,2.631
zaf,sex_m,age_10yrbands_yge65,mts_details_wid,2012,3.477
zaf,sex_m,age_10yrbands_yge65,mts_details_wid,2013,4.833
zaf,sex_m,age_10yrbands_yge65,mts_details_wid,2014,3.196
zaf,sex_m,age_10yrbands_yge65,mts_details_wid,2015,4.532
zaf,sex_m,age_10yrbands_yge65,mts_details_wid,2016,6.159
zaf,sex_m,age_10yrbands_yge65,mts_details_wid,2017,5.943
zaf,sex_m,age_10yrbands_yge65,mts_details_wid,2018,6.039
zaf,sex_m,age_10yrbands_yge65,mts_details_wid,2019,6.954
zaf,sex_m,age_10yrbands_yge65,mts_details_wid,2020,3.202
zaf,sex_m,age_10yrbands_yge65,mts_details_wid,2021,4.099
zaf,sex_m,age_10yrbands_yge65,mts_details_wid,2022,3.924
zaf,sex_m,age_10yrbands_yge65,mts_details_wid,2023,5.267
zaf,sex_m,age_10yrbands_yge65,mts_details_wid,2024,6.973
zaf,sex_m,age_aggregate_total,mts_aggregate_1,2000,333.505
zaf,sex_m,age_aggregate_total,mts_aggregate_1,2001,590.56
zaf,sex_m,age_aggregate_total,mts_aggregate_1,2002,474.88
zaf,sex_m,age_aggregate_total,mts_aggregate_1,2003,432.985
zaf,sex_m,age_aggregate_total,mts_aggregate_1,2004,470.083
zaf,sex_m,age_aggregate_total,mts_aggregate_1,2005,538.091
zaf,sex_m,age_aggregate_total,mts_aggregate_1,2006,594.364
zaf,sex_m,age_aggregate_total,mts_aggregate_1,2007,553.846
zaf,sex_m,age_aggregate_total,mts_aggregate_1,2008,1327.781
zaf,sex_m,age_aggregate_total,mts_aggregate_1,2009,1198.646
zaf,sex_m,age_aggregate_total,mts_aggregate_1,2010,1194.131
zaf,sex_m,age_aggregate_total,mts_aggregate_1,2011,1207.87
zaf,sex_m,age_aggregate_total,mts_aggregate_1,2012,1200.656
zaf,sex_m,age_aggregate_total,mts_aggregate_1,2013,1270.312
zaf,sex_m,age_aggregate_total,mts_aggregate_1,2014,1337.6
zaf,sex_m,age_aggregate_total,mts_aggregate_1,2015,1472.79
zaf,sex_m,age_aggregate_total,mts_aggregate_1,2016,1451.516
zaf,sex_m,age_aggregate_total,mts_aggregate_1,2017,1529.15
zaf,sex_m,age_aggregate_total,mts_aggregate_1,2018,1606.016
zaf,sex_m,age_aggregate_total,mts_aggregate_1,2019,1560.502
zaf,sex_m,age_aggregate_total,mts_aggregate_1,2020,1321.336
zaf,sex_m,age_aggregate_total,mts_aggregate_1,2021,1327.627
zaf,sex_m,age_aggregate_total,mts_aggregate_1,2022,1570.318
zaf,sex_m,age_aggregate_total,mts_aggregate_1,2023,1699.471
zaf,sex_m,age_aggregate_total,mts_aggregate_1,2024,1779.375
zaf,sex_m,age_aggregate_total,mts_aggregate_2,2000,1015.144
zaf,sex_m,age_aggregate_total,mts_aggregate_2,2001,763.006
zaf,sex_m,age_aggregate_total,mts_aggregate_2,2002,602.081
zaf,sex_m,age_aggregate_total,mts_aggregate_2,2003,583.147
zaf,sex_m,age_aggregate_total,mts_aggregate_2,2004,592.096
zaf,sex_m,age_aggregate_total,mts_aggregate_2,2005,612.826
zaf,sex_m,age_aggregate_total,mts_aggregate_2,2006,627.265
zaf,sex_m,age_aggregate_total,mts_aggregate_2,2007,593.782
zaf,sex_m,age_aggregate_total,mts_aggregate_2,2008,1070.443
zaf,sex_m,age_aggregate_total,mts_aggregate_2,2009,983.897
zaf,sex_m,age_aggregate_total,mts_aggregate_2,2010,1038.66
zaf,sex_m,age_aggregate_total,mts_aggregate_2,2011,982.137
zaf,sex_m,age_aggregate_total,mts_aggregate_2,2012,1040.247
zaf,sex_m,age_aggregate_total,mts_aggregate_2,2013,1015.669
zaf,sex_m,age_aggregate_total,mts_aggregate_2,2014,978.115
zaf,sex_m,age_aggregate_total,mts_aggregate_2,2015,1157.396
zaf,sex_m,age_aggregate_total,mts_aggregate_2,2016,1194.367
zaf,sex_m,age_aggregate_total,mts_aggregate_2,2017,1206.749
zaf,sex_m,age_aggregate_total,mts_aggregate_2,2018,1233.503
zaf,sex_m,age_aggregate_total,mts_aggregate_2,2019,1259.98
zaf,sex_m,age_aggregate_total,mts_aggregate_2,2020,1075.89
zaf,sex_m,age_aggregate_total,mts_aggregate_2,2021,1120.821
zaf,sex_m,age_aggregate_total,mts_aggregate_2,2022,1200.843
zaf,sex_m,age_aggregate_total,mts_aggregate_2,2023,1217.714
zaf,sex_m,age_aggregate_total,mts_aggregate_2,2024,1279.918
zaf,sex_m,age_aggregate_total,mts_aggregate_total,2000,1349.134
zaf,sex_m,age_aggregate_total,mts_aggregate_total,2001,1353.566
zaf,sex_m,age_aggregate_total,mts_aggregate_total,2002,1077.44
zaf,sex_m,age_aggregate_total,mts_aggregate_total,2003,1016.269
zaf,sex_m,age_aggregate_total,mts_aggregate_total,2004,1062.246
zaf,sex_m,age_aggregate_total,mts_aggregate_total,2005,1151.43
zaf,sex_m,age_aggregate_total,mts_aggregate_total,2006,1221.927
zaf,sex_m,age_aggregate_total,mts_aggregate_total,2007,1147.777
zaf,sex_m,age_aggregate_total,mts_aggregate_total,2008,2398.224
zaf,sex_m,age_aggregate_total,mts_aggregate_total,2009,2182.543
zaf,sex_m,age_aggregate_total,mts_aggregate_total,2010,2232.791
zaf,sex_m,age_aggregate_total,mts_aggregate_total,2011,2190.007
zaf,sex_m,age_aggregate_total,mts_aggregate_total,2012,2240.902
zaf,sex_m,age_aggregate_total,mts_aggregate_total,2013,2285.981
zaf,sex_m,age_aggregate_total,mts_aggregate_total,2014,2315.715
zaf,sex_m,age_aggregate_total,mts_aggregate_total,2015,2630.186
zaf,sex_m,age_aggregate_total,mts_aggregate_total,2016,2645.883
zaf,sex_m,age_aggregate_total,mts_aggregate_total,2017,2735.899
zaf,sex_m,age_aggregate_total,mts_aggregate_total,2018,2839.519
zaf,sex_m,age_aggregate_total,mts_aggregate_total,2019,2820.482
zaf,sex_m,age_aggregate_total,mts_aggregate_total,2020,2397.226
zaf,sex_m,age_aggregate_total,mts_aggregate_total,2021,2448.448
zaf,sex_m,age_aggregate_total,mts_aggregate_total,2022,2771.162
zaf,sex_m,age_aggregate_total,mts_aggregate_total,2023,2917.185
zaf,sex_m,age_aggregate_total,mts_aggregate_total,2024,3059.293
zaf,sex_m,age_aggregate_total,mts_details_mrd,2000,680.917
zaf,sex_m,age_aggregate_total,mts_details_mrd,2001,737.579
zaf,sex_m,age_aggregate_total,mts_details_mrd,2002,584.696
zaf,sex_m,age_aggregate_total,mts_details_mrd,2003,561.612
zaf,sex_m,age_aggregate_total,mts_details_mrd,2004,481.913
zaf,sex_m,age_aggregate_total,mts_details_mrd,2005,405.428
zaf,sex_m,age_aggregate_total,mts_details_mrd,2006,410.955
zaf,sex_m,age_aggregate_total,mts_details_mrd,2007,373.833
zaf,sex_m,age_aggregate_total,mts_details_mrd,2008,685.997
zaf,sex_m,age_aggregate_total,mts_details_mrd,2009,616.001
zaf,sex_m,age_aggregate_total,mts_details_mrd,2010,647.738
zaf,sex_m,age_aggregate_total,mts_details_mrd,2011,633.265
zaf,sex_m,age_aggregate_total,mts_details_mrd,2012,666.463
zaf,sex_m,age_aggregate_total,mts_details_mrd,2013,655.025
zaf,sex_m,age_aggregate_total,mts_details_mrd,2014,609.582
zaf,sex_m,age_aggregate_total,mts_details_mrd,2015,730.656
zaf,sex_m,age_aggregate_total,mts_details_mrd,2016,728.889
zaf,sex_m,age_aggregate_total,mts_details_mrd,2017,750.515
zaf,sex_m,age_aggregate_total,mts_details_mrd,2018,751.841
zaf,sex_m,age_aggregate_total,mts_details_mrd,2019,788.266
zaf,sex_m,age_aggregate_total,mts_details_mrd,2020,687.034
zaf,sex_m,age_aggregate_total,mts_details_mrd,2021,728.063
zaf,sex_m,age_aggregate_total,mts_details_mrd,2022,730.218
zaf,sex_m,age_aggregate_total,mts_details_mrd,2023,748.699
zaf,sex_m,age_aggregate_total,mts_details_mrd,2024,787.475
zaf,sex_m,age_aggregate_total,mts_details_sep,2000,296.64
zaf,sex_m,age_aggregate_total,mts_details_sep,2001,545.254
zaf,sex_m,age_aggregate_total,mts_details_sep,2002,437.764
zaf,sex_m,age_aggregate_total,mts_details_sep,2003,405.412
zaf,sex_m,age_aggregate_total,mts_details_sep,2004,210.893
zaf,sex_m,age_aggregate_total,mts_details_sep,2005,31.882
zaf,sex_m,age_aggregate_total,mts_details_sep,2006,29.94
zaf,sex_m,age_aggregate_total,mts_details_sep,2007,32.791
zaf,sex_m,age_aggregate_total,mts_details_sep,2008,54.353
zaf,sex_m,age_aggregate_total,mts_details_sep,2009,47.808
zaf,sex_m,age_aggregate_total,mts_details_sep,2010,54.795
zaf,sex_m,age_aggregate_total,mts_details_sep,2011,47.347
zaf,sex_m,age_aggregate_total,mts_details_sep,2012,56.062
zaf,sex_m,age_aggregate_total,mts_details_sep,2013,53.26
zaf,sex_m,age_aggregate_total,mts_details_sep,2014,53.122
zaf,sex_m,age_aggregate_total,mts_details_sep,2015,58.786
zaf,sex_m,age_aggregate_total,mts_details_sep,2016,52.14
zaf,sex_m,age_aggregate_total,mts_details_sep,2017,55.237
zaf,sex_m,age_aggregate_total,mts_details_sep,2018,62.999
zaf,sex_m,age_aggregate_total,mts_details_sep,2019,53.076
zaf,sex_m,age_aggregate_total,mts_details_sep,2020,49.442
zaf,sex_m,age_aggregate_total,mts_details_sep,2021,49.461
zaf,sex_m,age_aggregate_total,mts_details_sep,2022,58.933
zaf,sex_m,age_aggregate_total,mts_details_sep,2023,57.986
zaf,sex_m,age_aggregate_total,mts_details_sep,2024,71.508
zaf,sex_m,age_aggregate_total,mts_details_sgle,2004,231.399
zaf,sex_m,age_aggregate_total,mts_details_sgle,2005,483.26
zaf,sex_m,age_aggregate_total,mts_details_sgle,2006,541.796
zaf,sex_m,age_aggregate_total,mts_details_sgle,2007,499.861
zaf,sex_m,age_aggregate_total,mts_details_sgle,2008,1234.972
zaf,sex_m,age_aggregate_total,mts_details_sgle,2009,1115.417
zaf,sex_m,age_aggregate_total,mts_details_sgle,2010,1105.667
zaf,sex_m,age_aggregate_total,mts_details_sgle,2011,1124.386
zaf,sex_m,age_aggregate_total,mts_details_sgle,2012,1111.08
zaf,sex_m,age_aggregate_total,mts_details_sgle,2013,1172.119
zaf,sex_m,age_aggregate_total,mts_details_sgle,2014,1243.538
zaf,sex_m,age_aggregate_total,mts_details_sgle,2015,1383.895
zaf,sex_m,age_aggregate_total,mts_details_sgle,2016,1360.122
zaf,sex_m,age_aggregate_total,mts_details_sgle,2017,1419.018
zaf,sex_m,age_aggregate_total,mts_details_sgle,2018,1497.638
zaf,sex_m,age_aggregate_total,mts_details_sgle,2019,1461.968
zaf,sex_m,age_aggregate_total,mts_details_sgle,2020,1231.167
zaf,sex_m,age_aggregate_total,mts_details_sgle,2021,1235.361
zaf,sex_m,age_aggregate_total,mts_details_sgle,2022,1472.51
zaf,sex_m,age_aggregate_total,mts_details_sgle,2023,1606.595
zaf,sex_m,age_aggregate_total,mts_details_sgle,2024,1673.443
zaf,sex_m,age_aggregate_total,mts_details_total,2000,1349.134
zaf,sex_m,age_aggregate_total,mts_details_total,2001,1353.566
zaf,sex_m,age_aggregate_total,mts_details_total,2002,1077.44
zaf,sex_m,age_aggregate_total,mts_details_total,2003,1016.269
zaf,sex_m,age_aggregate_total,mts_details_total,2004,1062.246
zaf,sex_m,age_aggregate_total,mts_details_total,2005,1151.43
zaf,sex_m,age_aggregate_total,mts_details_total,2006,1221.927
zaf,sex_m,age_aggregate_total,mts_details_total,2007,1147.777
zaf,sex_m,age_aggregate_total,mts_details_total,2008,2398.224
zaf,sex_m,age_aggregate_total,mts_details_total,2009,2182.543
zaf,sex_m,age_aggregate_total,mts_details_total,2010,2232.791
zaf,sex_m,age_aggregate_total,mts_details_total,2011,2190.007
zaf,sex_m,age_aggregate_total,mts_details_total,2012,2240.902
zaf,sex_m,age_aggregate_total,mts_details_total,2013,2285.981
zaf,sex_m,age_aggregate_total,mts_details_total,2014,2315.715
zaf,sex_m,age_aggregate_total,mts_details_total,2015,2630.186
zaf,sex_m,age_aggregate_total,mts_details_total,2016,2645.883
zaf,sex_m,age_aggregate_total,mts_details_total,2017,2735.899
zaf,sex_m,age_aggregate_total,mts_details_total,2018,2839.519
zaf,sex_m,age_aggregate_total,mts_details_total,2019,2820.482
zaf,sex_m,age_aggregate_total,mts_details_total,2020,2397.226
zaf,sex_m,age_aggregate_total,mts_details_total,2021,2448.448
zaf,sex_m,age_aggregate_total,mts_details_total,2022,2771.162
zaf,sex_m,age_aggregate_total,mts_details_total,2023,2917.185
zaf,sex_m,age_aggregate_total,mts_details_total,2024,3059.293
zaf,sex_m,age_aggregate_total,mts_details_union,2000,334.227
zaf,sex_m,age_aggregate_total,mts_details_union,2001,25.427
zaf,sex_m,age_aggregate_total,mts_details_union,2002,17.385
zaf,sex_m,age_aggregate_total,mts_details_union,2003,21.535
zaf,sex_m,age_aggregate_total,mts_details_union,2004,110.184
zaf,sex_m,age_aggregate_total,mts_details_union,2005,207.398
zaf,sex_m,age_aggregate_total,mts_details_union,2006,216.31
zaf,sex_m,age_aggregate_total,mts_details_union,2007,219.948
zaf,sex_m,age_aggregate_total,mts_details_union,2008,384.446
zaf,sex_m,age_aggregate_total,mts_details_union,2009,367.896
zaf,sex_m,age_aggregate_total,mts_details_union,2010,390.922
zaf,sex_m,age_aggregate_total,mts_details_union,2011,348.872
zaf,sex_m,age_aggregate_total,mts_details_union,2012,373.784
zaf,sex_m,age_aggregate_total,mts_details_union,2013,360.644
zaf,sex_m,age_aggregate_total,mts_details_union,2014,368.533
zaf,sex_m,age_aggregate_total,mts_details_union,2015,426.74
zaf,sex_m,age_aggregate_total,mts_details_union,2016,465.478
zaf,sex_m,age_aggregate_total,mts_details_union,2017,456.234
zaf,sex_m,age_aggregate_total,mts_details_union,2018,481.662
zaf,sex_m,age_aggregate_total,mts_details_union,2019,471.714
zaf,sex_m,age_aggregate_total,mts_details_union,2020,388.856
zaf,sex_m,age_aggregate_total,mts_details_union,2021,392.758
zaf,sex_m,age_aggregate_total,mts_details_union,2022,470.626
zaf,sex_m,age_aggregate_total,mts_details_union,2023,469.015
zaf,sex_m,age_aggregate_total,mts_details_union,2024,492.443
zaf,sex_m,age_aggregate_total,mts_details_wid,2000,36.865
zaf,sex_m,age_aggregate_total,mts_details_wid,2001,45.306
zaf,sex_m,age_aggregate_total,mts_details_wid,2002,37.116
zaf,sex_m,age_aggregate_total,mts_details_wid,2003,27.573
zaf,sex_m,age_aggregate_total,mts_details_wid,2004,27.791
zaf,sex_m,age_aggregate_total,mts_details_wid,2005,22.949
zaf,sex_m,age_aggregate_total,mts_details_wid,2006,22.628
zaf,sex_m,age_aggregate_total,mts_details_wid,2007,21.194
zaf,sex_m,age_aggregate_total,mts_details_wid,2008,38.456
zaf,sex_m,age_aggregate_total,mts_details_wid,2009,35.421
zaf,sex_m,age_aggregate_total,mts_details_wid,2010,33.67
zaf,sex_m,age_aggregate_total,mts_details_wid,2011,36.137
zaf,sex_m,age_aggregate_total,mts_details_wid,2012,33.514
zaf,sex_m,age_aggregate_total,mts_details_wid,2013,44.932
zaf,sex_m,age_aggregate_total,mts_details_wid,2014,40.94
zaf,sex_m,age_aggregate_total,mts_details_wid,2015,30.108
zaf,sex_m,age_aggregate_total,mts_details_wid,2016,39.253
zaf,sex_m,age_aggregate_total,mts_details_wid,2017,54.894
zaf,sex_m,age_aggregate_total,mts_details_wid,2018,45.379
zaf,sex_m,age_aggregate_total,mts_details_wid,2019,45.458
zaf,sex_m,age_aggregate_total,mts_details_wid,2020,40.727
zaf,sex_m,age_aggregate_total,mts_details_wid,2021,42.806
zaf,sex_m,age_aggregate_total,mts_details_wid,2022,38.875
zaf,sex_m,age_aggregate_total,mts_details_wid,2023,34.89
zaf,sex_m,age_aggregate_total,mts_details_wid,2024,34.423
zaf,sex_m,age_aggregate_y15_24,mts_aggregate_1,2000,89.743
zaf,sex_m,age_aggregate_y15_24,mts_aggregate_1,2001,197.335
zaf,sex_m,age_aggregate_y15_24,mts_aggregate_1,2002,140.08
zaf,sex_m,age_aggregate_y15_24,mts_aggregate_1,2003,121.74
zaf,sex_m,age_aggregate_y15_24,mts_aggregate_1,2004,140.213
zaf,sex_m,age_aggregate_y15_24,mts_aggregate_1,2005,151.004
zaf,sex_m,age_aggregate_y15_24,mts_aggregate_1,2006,164.649
zaf,sex_m,age_aggregate_y15_24,mts_aggregate_1,2007,151.706
zaf,sex_m,age_aggregate_y15_24,mts_aggregate_1,2008,364.897
zaf,sex_m,age_aggregate_y15_24,mts_aggregate_1,2009,305.67
zaf,sex_m,age_aggregate_y15_24,mts_aggregate_1,2010,295.507
zaf,sex_m,age_aggregate_y15_24,mts_aggregate_1,2011,279.148
zaf,sex_m,age_aggregate_y15_24,mts_aggregate_1,2012,256.61
zaf,sex_m,age_aggregate_y15_24,mts_aggregate_1,2013,261.236
zaf,sex_m,age_aggregate_y15_24,mts_aggregate_1,2014,272.206
zaf,sex_m,age_aggregate_y15_24,mts_aggregate_1,2015,309.314
zaf,sex_m,age_aggregate_y15_24,mts_aggregate_1,2016,284.324
zaf,sex_m,age_aggregate_y15_24,mts_aggregate_1,2017,307.651
zaf,sex_m,age_aggregate_y15_24,mts_aggregate_1,2018,295.931
zaf,sex_m,age_aggregate_y15_24,mts_aggregate_1,2019,266.378
zaf,sex_m,age_aggregate_y15_24,mts_aggregate_1,2020,191.672
zaf,sex_m,age_aggregate_y15_24,mts_aggregate_1,2021,186.868
zaf,sex_m,age_aggregate_y15_24,mts_aggregate_1,2022,242.27
zaf,sex_m,age_aggregate_y15_24,mts_aggregate_1,2023,236.763
zaf,sex_m,age_aggregate_y15_24,mts_aggregate_1,2024,258.733
zaf,sex_m,age_aggregate_y15_24,mts_aggregate_2,2000,140.91
zaf,sex_m,age_aggregate_y15_24,mts_aggregate_2,2001,25.795
zaf,sex_m,age_aggregate_y15_24,mts_aggregate_2,2002,15.4
zaf,sex_m,age_aggregate_y15_24,mts_aggregate_2,2003,12.876
zaf,sex_m,age_aggregate_y15_24,mts_aggregate_2,2004,17.325
zaf,sex_m,age_aggregate_y15_24,mts_aggregate_2,2005,20.602
zaf,sex_m,age_aggregate_y15_24,mts_aggregate_2,2006,14.228
zaf,sex_m,age_aggregate_y15_24,mts_aggregate_2,2007,13.166
zaf,sex_m,age_aggregate_y15_24,mts_aggregate_2,2008,43.675
zaf,sex_m,age_aggregate_y15_24,mts_aggregate_2,2009,34.456
zaf,sex_m,age_aggregate_y15_24,mts_aggregate_2,2010,21.762
zaf,sex_m,age_aggregate_y15_24,mts_aggregate_2,2011,27.066
zaf,sex_m,age_aggregate_y15_24,mts_aggregate_2,2012,31.933
zaf,sex_m,age_aggregate_y15_24,mts_aggregate_2,2013,33.23
zaf,sex_m,age_aggregate_y15_24,mts_aggregate_2,2014,27.805
zaf,sex_m,age_aggregate_y15_24,mts_aggregate_2,2015,33.674
zaf,sex_m,age_aggregate_y15_24,mts_aggregate_2,2016,39.514
zaf,sex_m,age_aggregate_y15_24,mts_aggregate_2,2017,35.865
zaf,sex_m,age_aggregate_y15_24,mts_aggregate_2,2018,35.094
zaf,sex_m,age_aggregate_y15_24,mts_aggregate_2,2019,27.939
zaf,sex_m,age_aggregate_y15_24,mts_aggregate_2,2020,18.643
zaf,sex_m,age_aggregate_y15_24,mts_aggregate_2,2021,21.195
zaf,sex_m,age_aggregate_y15_24,mts_aggregate_2,2022,23.136
zaf,sex_m,age_aggregate_y15_24,mts_aggregate_2,2023,23.295
zaf,sex_m,age_aggregate_y15_24,mts_aggregate_2,2024,33.601
zaf,sex_m,age_aggregate_y15_24,mts_aggregate_total,2000,230.795
zaf,sex_m,age_aggregate_y15_24,mts_aggregate_total,2001,223.13
zaf,sex_m,age_aggregate_y15_24,mts_aggregate_total,2002,155.48
zaf,sex_m,age_aggregate_y15_24,mts_aggregate_total,2003,134.616
zaf,sex_m,age_aggregate_y15_24,mts_aggregate_total,2004,157.537
zaf,sex_m,age_aggregate_y15_24,mts_aggregate_total,2005,171.606
zaf,sex_m,age_aggregate_y15_24,mts_aggregate_total,2006,178.877
zaf,sex_m,age_aggregate_y15_24,mts_aggregate_total,2007,164.872
zaf,sex_m,age_aggregate_y15_24,mts_aggregate_total,2008,408.571
zaf,sex_m,age_aggregate_y15_24,mts_aggregate_total,2009,340.126
zaf,sex_m,age_aggregate_y15_24,mts_aggregate_total,2010,317.269
zaf,sex_m,age_aggregate_y15_24,mts_aggregate_total,2011,306.215
zaf,sex_m,age_aggregate_y15_24,mts_aggregate_total,2012,288.543
zaf,sex_m,age_aggregate_y15_24,mts_aggregate_total,2013,294.466
zaf,sex_m,age_aggregate_y15_24,mts_aggregate_total,2014,300.011
zaf,sex_m,age_aggregate_y15_24,mts_aggregate_total,2015,342.989
zaf,sex_m,age_aggregate_y15_24,mts_aggregate_total,2016,323.838
zaf,sex_m,age_aggregate_y15_24,mts_aggregate_total,2017,343.516
zaf,sex_m,age_aggregate_y15_24,mts_aggregate_total,2018,331.025
zaf,sex_m,age_aggregate_y15_24,mts_aggregate_total,2019,294.318
zaf,sex_m,age_aggregate_y15_24,mts_aggregate_total,2020,210.315
zaf,sex_m,age_aggregate_y15_24,mts_aggregate_total,2021,208.063
zaf,sex_m,age_aggregate_y15_24,mts_aggregate_total,2022,265.407
zaf,sex_m,age_aggregate_y15_24,mts_aggregate_total,2023,260.058
zaf,sex_m,age_aggregate_y15_24,mts_aggregate_total,2024,292.334
zaf,sex_m,age_aggregate_y15_24,mts_details_mrd,2000,128.221
zaf,sex_m,age_aggregate_y15_24,mts_details_mrd,2001,25.742
zaf,sex_m,age_aggregate_y15_24,mts_details_mrd,2002,15.4
zaf,sex_m,age_aggregate_y15_24,mts_details_mrd,2003,12.72
zaf,sex_m,age_aggregate_y15_24,mts_details_mrd,2004,10.908
zaf,sex_m,age_aggregate_y15_24,mts_details_mrd,2005,9.042
zaf,sex_m,age_aggregate_y15_24,mts_details_mrd,2006,6.811
zaf,sex_m,age_aggregate_y15_24,mts_details_mrd,2007,6.789
zaf,sex_m,age_aggregate_y15_24,mts_details_mrd,2008,18.828
zaf,sex_m,age_aggregate_y15_24,mts_details_mrd,2009,13.639
zaf,sex_m,age_aggregate_y15_24,mts_details_mrd,2010,9.976
zaf,sex_m,age_aggregate_y15_24,mts_details_mrd,2011,10.508
zaf,sex_m,age_aggregate_y15_24,mts_details_mrd,2012,10.704
zaf,sex_m,age_aggregate_y15_24,mts_details_mrd,2013,11.086
zaf,sex_m,age_aggregate_y15_24,mts_details_mrd,2014,12.969
zaf,sex_m,age_aggregate_y15_24,mts_details_mrd,2015,14.543
zaf,sex_m,age_aggregate_y15_24,mts_details_mrd,2016,17.834
zaf,sex_m,age_aggregate_y15_24,mts_details_mrd,2017,17.603
zaf,sex_m,age_aggregate_y15_24,mts_details_mrd,2018,12.931
zaf,sex_m,age_aggregate_y15_24,mts_details_mrd,2019,6.986
zaf,sex_m,age_aggregate_y15_24,mts_details_mrd,2020,5.505
zaf,sex_m,age_aggregate_y15_24,mts_details_mrd,2021,5.835
zaf,sex_m,age_aggregate_y15_24,mts_details_mrd,2022,11.893
zaf,sex_m,age_aggregate_y15_24,mts_details_mrd,2023,7.773
zaf,sex_m,age_aggregate_y15_24,mts_details_mrd,2024,13.471
zaf,sex_m,age_aggregate_y15_24,mts_details_sep,2000,89.461
zaf,sex_m,age_aggregate_y15_24,mts_details_sep,2001,197.08
zaf,sex_m,age_aggregate_y15_24,mts_details_sep,2002,139.834
zaf,sex_m,age_aggregate_y15_24,mts_details_sep,2003,121.026
zaf,sex_m,age_aggregate_y15_24,mts_details_sep,2004,56.858
zaf,sex_m,age_aggregate_y15_24,mts_details_sep,2014,0.488
zaf,sex_m,age_aggregate_y15_24,mts_details_sep,2015,0.935
zaf,sex_m,age_aggregate_y15_24,mts_details_sep,2018,1.601
zaf,sex_m,age_aggregate_y15_24,mts_details_sgle,2004,83.354
zaf,sex_m,age_aggregate_y15_24,mts_details_sgle,2005,151.004
zaf,sex_m,age_aggregate_y15_24,mts_details_sgle,2006,164.649
zaf,sex_m,age_aggregate_y15_24,mts_details_sgle,2007,150.371
zaf,sex_m,age_aggregate_y15_24,mts_details_sgle,2008,363.829
zaf,sex_m,age_aggregate_y15_24,mts_details_sgle,2009,305.121
zaf,sex_m,age_aggregate_y15_24,mts_details_sgle,2010,295.118
zaf,sex_m,age_aggregate_y15_24,mts_details_sgle,2011,278.807
zaf,sex_m,age_aggregate_y15_24,mts_details_sgle,2012,256.05
zaf,sex_m,age_aggregate_y15_24,mts_details_sgle,2013,261.236
zaf,sex_m,age_aggregate_y15_24,mts_details_sgle,2014,271.719
zaf,sex_m,age_aggregate_y15_24,mts_details_sgle,2015,308.379
zaf,sex_m,age_aggregate_y15_24,mts_details_sgle,2016,284.324
zaf,sex_m,age_aggregate_y15_24,mts_details_sgle,2017,307.156
zaf,sex_m,age_aggregate_y15_24,mts_details_sgle,2018,294.33
zaf,sex_m,age_aggregate_y15_24,mts_details_sgle,2019,265.552
zaf,sex_m,age_aggregate_y15_24,mts_details_sgle,2020,191.672
zaf,sex_m,age_aggregate_y15_24,mts_details_sgle,2021,186.868
zaf,sex_m,age_aggregate_y15_24,mts_details_sgle,2022,241.733
zaf,sex_m,age_aggregate_y15_24,mts_details_sgle,2023,236.763
zaf,sex_m,age_aggregate_y15_24,mts_details_sgle,2024,258.212
zaf,sex_m,age_aggregate_y15_24,mts_details_total,2000,230.795
zaf,sex_m,age_aggregate_y15_24,mts_details_total,2001,223.13
zaf,sex_m,age_aggregate_y15_24,mts_details_total,2002,155.48
zaf,sex_m,age_aggregate_y15_24,mts_details_total,2003,134.616
zaf,sex_m,age_aggregate_y15_24,mts_details_total,2004,157.537
zaf,sex_m,age_aggregate_y15_24,mts_details_total,2005,171.606
zaf,sex_m,age_aggregate_y15_24,mts_details_total,2006,178.877
zaf,sex_m,age_aggregate_y15_24,mts_details_total,2007,164.872
zaf,sex_m,age_aggregate_y15_24,mts_details_total,2008,408.571
zaf,sex_m,age_aggregate_y15_24,mts_details_total,2009,340.126
zaf,sex_m,age_aggregate_y15_24,mts_details_total,2010,317.269
zaf,sex_m,age_aggregate_y15_24,mts_details_total,2011,306.215
zaf,sex_m,age_aggregate_y15_24,mts_details_total,2012,288.543
zaf,sex_m,age_aggregate_y15_24,mts_details_total,2013,294.466
zaf,sex_m,age_aggregate_y15_24,mts_details_total,2014,300.011
zaf,sex_m,age_aggregate_y15_24,mts_details_total,2015,342.989
zaf,sex_m,age_aggregate_y15_24,mts_details_total,2016,323.838
zaf,sex_m,age_aggregate_y15_24,mts_details_total,2017,343.516
zaf,sex_m,age_aggregate_y15_24,mts_details_total,2018,331.025
zaf,sex_m,age_aggregate_y15_24,mts_details_total,2019,294.318
zaf,sex_m,age_aggregate_y15_24,mts_details_total,2020,210.315
zaf,sex_m,age_aggregate_y15_24,mts_details_total,2021,208.063
zaf,sex_m,age_aggregate_y15_24,mts_details_total,2022,265.407
zaf,sex_m,age_aggregate_y15_24,mts_details_total,2023,260.058
zaf,sex_m,age_aggregate_y15_24,mts_details_total,2024,292.334
zaf,sex_m,age_aggregate_y15_24,mts_details_union,2000,12.689
zaf,sex_m,age_aggregate_y15_24,mts_details_union,2004,6.417
zaf,sex_m,age_aggregate_y15_24,mts_details_union,2005,11.559
zaf,sex_m,age_aggregate_y15_24,mts_details_union,2006,7.417
zaf,sex_m,age_aggregate_y15_24,mts_details_union,2007,6.377
zaf,sex_m,age_aggregate_y15_24,mts_details_union,2008,24.847
zaf,sex_m,age_aggregate_y15_24,mts_details_union,2009,20.818
zaf,sex_m,age_aggregate_y15_24,mts_details_union,2010,11.786
zaf,sex_m,age_aggregate_y15_24,mts_details_union,2011,16.558
zaf,sex_m,age_aggregate_y15_24,mts_details_union,2012,21.229
zaf,sex_m,age_aggregate_y15_24,mts_details_union,2013,22.144
zaf,sex_m,age_aggregate_y15_24,mts_details_union,2014,14.836
zaf,sex_m,age_aggregate_y15_24,mts_details_union,2015,19.132
zaf,sex_m,age_aggregate_y15_24,mts_details_union,2016,21.68
zaf,sex_m,age_aggregate_y15_24,mts_details_union,2017,18.262
zaf,sex_m,age_aggregate_y15_24,mts_details_union,2018,22.164
zaf,sex_m,age_aggregate_y15_24,mts_details_union,2019,20.953
zaf,sex_m,age_aggregate_y15_24,mts_details_union,2020,13.138
zaf,sex_m,age_aggregate_y15_24,mts_details_union,2021,15.361
zaf,sex_m,age_aggregate_y15_24,mts_details_union,2022,11.244
zaf,sex_m,age_aggregate_y15_24,mts_details_union,2023,15.522
zaf,sex_m,age_aggregate_y15_24,mts_details_union,2024,20.13
zaf,sex_m,age_aggregate_y25_54,mts_aggregate_1,2000,220.567
zaf,sex_m,age_aggregate_y25_54,mts_aggregate_1,2001,371.913
zaf,sex_m,age_aggregate_y25_54,mts_aggregate_1,2002,319.111
zaf,sex_m,age_aggregate_y25_54,mts_aggregate_1,2003,299.185
zaf,sex_m,age_aggregate_y25_54,mts_aggregate_1,2004,307.638
zaf,sex_m,age_aggregate_y25_54,mts_aggregate_1,2005,354.284
zaf,sex_m,age_aggregate_y25_54,mts_aggregate_1,2006,394.591
zaf,sex_m,age_aggregate_y25_54,mts_aggregate_1,2007,359.86
zaf,sex_m,age_aggregate_y25_54,mts_aggregate_1,2008,909.34
zaf,sex_m,age_aggregate_y25_54,mts_aggregate_1,2009,848.233
zaf,sex_m,age_aggregate_y25_54,mts_aggregate_1,2010,855.201
zaf,sex_m,age_aggregate_y25_54,mts_aggregate_1,2011,884.85
zaf,sex_m,age_aggregate_y25_54,mts_aggregate_1,2012,895.301
zaf,sex_m,age_aggregate_y25_54,mts_aggregate_1,2013,949.353
zaf,sex_m,age_aggregate_y25_54,mts_aggregate_1,2014,1007.121
zaf,sex_m,age_aggregate_y25_54,mts_aggregate_1,2015,1110.007
zaf,sex_m,age_aggregate_y25_54,mts_aggregate_1,2016,1103.842
zaf,sex_m,age_aggregate_y25_54,mts_aggregate_1,2017,1150.483
zaf,sex_m,age_aggregate_y25_54,mts_aggregate_1,2018,1243.52
zaf,sex_m,age_aggregate_y25_54,mts_aggregate_1,2019,1224.275
zaf,sex_m,age_aggregate_y25_54,mts_aggregate_1,2020,1058.353
zaf,sex_m,age_aggregate_y25_54,mts_aggregate_1,2021,1069.425
zaf,sex_m,age_aggregate_y25_54,mts_aggregate_1,2022,1240.717
zaf,sex_m,age_aggregate_y25_54,mts_aggregate_1,2023,1385.003
zaf,sex_m,age_aggregate_y25_54,mts_aggregate_1,2024,1416.021
zaf,sex_m,age_aggregate_y25_54,mts_aggregate_2,2000,725.944
zaf,sex_m,age_aggregate_y25_54,mts_aggregate_2,2001,563.782
zaf,sex_m,age_aggregate_y25_54,mts_aggregate_2,2002,475.954
zaf,sex_m,age_aggregate_y25_54,mts_aggregate_2,2003,452.82
zaf,sex_m,age_aggregate_y25_54,mts_aggregate_2,2004,475.745
zaf,sex_m,age_aggregate_y25_54,mts_aggregate_2,2005,486.349
zaf,sex_m,age_aggregate_y25_54,mts_aggregate_2,2006,505.1
zaf,sex_m,age_aggregate_y25_54,mts_aggregate_2,2007,476.491
zaf,sex_m,age_aggregate_y25_54,mts_aggregate_2,2008,878.81
zaf,sex_m,age_aggregate_y25_54,mts_aggregate_2,2009,820.706
zaf,sex_m,age_aggregate_y25_54,mts_aggregate_2,2010,889.725
zaf,sex_m,age_aggregate_y25_54,mts_aggregate_2,2011,839.872
zaf,sex_m,age_aggregate_y25_54,mts_aggregate_2,2012,876.792
zaf,sex_m,age_aggregate_y25_54,mts_aggregate_2,2013,843.468
zaf,sex_m,age_aggregate_y25_54,mts_aggregate_2,2014,820.128
zaf,sex_m,age_aggregate_y25_54,mts_aggregate_2,2015,976.58
zaf,sex_m,age_aggregate_y25_54,mts_aggregate_2,2016,1015.339
zaf,sex_m,age_aggregate_y25_54,mts_aggregate_2,2017,1011.997
zaf,sex_m,age_aggregate_y25_54,mts_aggregate_2,2018,1020.268
zaf,sex_m,age_aggregate_y25_54,mts_aggregate_2,2019,1053.888
zaf,sex_m,age_aggregate_y25_54,mts_aggregate_2,2020,910.126
zaf,sex_m,age_aggregate_y25_54,mts_aggregate_2,2021,954.333
zaf,sex_m,age_aggregate_y25_54,mts_aggregate_2,2022,1028.155
zaf,sex_m,age_aggregate_y25_54,mts_aggregate_2,2023,1038.41
zaf,sex_m,age_aggregate_y25_54,mts_aggregate_2,2024,1061.511
zaf,sex_m,age_aggregate_y25_54,mts_aggregate_total,2000,946.855
zaf,sex_m,age_aggregate_y25_54,mts_aggregate_total,2001,935.694
zaf,sex_m,age_aggregate_y25_54,mts_aggregate_total,2002,795.238
zaf,sex_m,age_aggregate_y25_54,mts_aggregate_total,2003,752.142
zaf,sex_m,age_aggregate_y25_54,mts_aggregate_total,2004,783.45
zaf,sex_m,age_aggregate_y25_54,mts_aggregate_total,2005,840.633
zaf,sex_m,age_aggregate_y25_54,mts_aggregate_total,2006,899.691
zaf,sex_m,age_aggregate_y25_54,mts_aggregate_total,2007,836.5
zaf,sex_m,age_aggregate_y25_54,mts_aggregate_total,2008,1788.15
zaf,sex_m,age_aggregate_y25_54,mts_aggregate_total,2009,1668.939
zaf,sex_m,age_aggregate_y25_54,mts_aggregate_total,2010,1744.926
zaf,sex_m,age_aggregate_y25_54,mts_aggregate_total,2011,1724.722
zaf,sex_m,age_aggregate_y25_54,mts_aggregate_total,2012,1772.093
zaf,sex_m,age_aggregate_y25_54,mts_aggregate_total,2013,1792.821
zaf,sex_m,age_aggregate_y25_54,mts_aggregate_total,2014,1827.248
zaf,sex_m,age_aggregate_y25_54,mts_aggregate_total,2015,2086.587
zaf,sex_m,age_aggregate_y25_54,mts_aggregate_total,2016,2119.18
zaf,sex_m,age_aggregate_y25_54,mts_aggregate_total,2017,2162.48
zaf,sex_m,age_aggregate_y25_54,mts_aggregate_total,2018,2263.789
zaf,sex_m,age_aggregate_y25_54,mts_aggregate_total,2019,2278.163
zaf,sex_m,age_aggregate_y25_54,mts_aggregate_total,2020,1968.479
zaf,sex_m,age_aggregate_y25_54,mts_aggregate_total,2021,2023.757
zaf,sex_m,age_aggregate_y25_54,mts_aggregate_total,2022,2268.872
zaf,sex_m,age_aggregate_y25_54,mts_aggregate_total,2023,2423.413
zaf,sex_m,age_aggregate_y25_54,mts_aggregate_total,2024,2477.532
zaf,sex_m,age_aggregate_y25_54,mts_details_mrd,2000,471.203
zaf,sex_m,age_aggregate_y25_54,mts_details_mrd,2001,553.621
zaf,sex_m,age_aggregate_y25_54,mts_details_mrd,2002,468.063
zaf,sex_m,age_aggregate_y25_54,mts_details_mrd,2003,440.833
zaf,sex_m,age_aggregate_y25_54,mts_details_mrd,2004,383.138
zaf,sex_m,age_aggregate_y25_54,mts_details_mrd,2005,302.812
zaf,sex_m,age_aggregate_y25_54,mts_details_mrd,2006,310.704
zaf,sex_m,age_aggregate_y25_54,mts_details_mrd,2007,278.794
zaf,sex_m,age_aggregate_y25_54,mts_details_mrd,2008,539.954
zaf,sex_m,age_aggregate_y25_54,mts_details_mrd,2009,493.105
zaf,sex_m,age_aggregate_y25_54,mts_details_mrd,2010,529.39
zaf,sex_m,age_aggregate_y25_54,mts_details_mrd,2011,522.152
zaf,sex_m,age_aggregate_y25_54,mts_details_mrd,2012,541.518
zaf,sex_m,age_aggregate_y25_54,mts_details_mrd,2013,521.237
zaf,sex_m,age_aggregate_y25_54,mts_details_mrd,2014,483.802
zaf,sex_m,age_aggregate_y25_54,mts_details_mrd,2015,596.592
zaf,sex_m,age_aggregate_y25_54,mts_details_mrd,2016,597.751
zaf,sex_m,age_aggregate_y25_54,mts_details_mrd,2017,603.069
zaf,sex_m,age_aggregate_y25_54,mts_details_mrd,2018,590.597
zaf,sex_m,age_aggregate_y25_54,mts_details_mrd,2019,634.093
zaf,sex_m,age_aggregate_y25_54,mts_details_mrd,2020,553.7
zaf,sex_m,age_aggregate_y25_54,mts_details_mrd,2021,599.269
zaf,sex_m,age_aggregate_y25_54,mts_details_mrd,2022,590.121
zaf,sex_m,age_aggregate_y25_54,mts_details_mrd,2023,611.602
zaf,sex_m,age_aggregate_y25_54,mts_details_mrd,2024,625
zaf,sex_m,age_aggregate_y25_54,mts_details_sep,2000,197.664
zaf,sex_m,age_aggregate_y25_54,mts_details_sep,2001,338.354
zaf,sex_m,age_aggregate_y25_54,mts_details_sep,2002,288.949
zaf,sex_m,age_aggregate_y25_54,mts_details_sep,2003,276.903
zaf,sex_m,age_aggregate_y25_54,mts_details_sep,2004,146.286
zaf,sex_m,age_aggregate_y25_54,mts_details_sep,2005,25.471
zaf,sex_m,age_aggregate_y25_54,mts_details_sep,2006,18.488
zaf,sex_m,age_aggregate_y25_54,mts_details_sep,2007,16.433
zaf,sex_m,age_aggregate_y25_54,mts_details_sep,2008,36.309
zaf,sex_m,age_aggregate_y25_54,mts_details_sep,2009,34.948
zaf,sex_m,age_aggregate_y25_54,mts_details_sep,2010,40.73
zaf,sex_m,age_aggregate_y25_54,mts_details_sep,2011,36.47
zaf,sex_m,age_aggregate_y25_54,mts_details_sep,2012,41.138
zaf,sex_m,age_aggregate_y25_54,mts_details_sep,2013,39.577
zaf,sex_m,age_aggregate_y25_54,mts_details_sep,2014,39.195
zaf,sex_m,age_aggregate_y25_54,mts_details_sep,2015,42.469
zaf,sex_m,age_aggregate_y25_54,mts_details_sep,2016,37.804
zaf,sex_m,age_aggregate_y25_54,mts_details_sep,2017,41.387
zaf,sex_m,age_aggregate_y25_54,mts_details_sep,2018,48.213
zaf,sex_m,age_aggregate_y25_54,mts_details_sep,2019,39.069
zaf,sex_m,age_aggregate_y25_54,mts_details_sep,2020,37.335
zaf,sex_m,age_aggregate_y25_54,mts_details_sep,2021,34.4
zaf,sex_m,age_aggregate_y25_54,mts_details_sep,2022,43.625
zaf,sex_m,age_aggregate_y25_54,mts_details_sep,2023,41.445
zaf,sex_m,age_aggregate_y25_54,mts_details_sep,2024,49.549
zaf,sex_m,age_aggregate_y25_54,mts_details_sgle,2004,144.158
zaf,sex_m,age_aggregate_y25_54,mts_details_sgle,2005,316.378
zaf,sex_m,age_aggregate_y25_54,mts_details_sgle,2006,362.242
zaf,sex_m,age_aggregate_y25_54,mts_details_sgle,2007,334.94
zaf,sex_m,age_aggregate_y25_54,mts_details_sgle,2008,850.98
zaf,sex_m,age_aggregate_y25_54,mts_details_sgle,2009,791.173
zaf,sex_m,age_aggregate_y25_54,mts_details_sgle,2010,793.456
zaf,sex_m,age_aggregate_y25_54,mts_details_sgle,2011,825.938
zaf,sex_m,age_aggregate_y25_54,mts_details_sgle,2012,832.997
zaf,sex_m,age_aggregate_y25_54,mts_details_sgle,2013,883.845
zaf,sex_m,age_aggregate_y25_54,mts_details_sgle,2014,946.986
zaf,sex_m,age_aggregate_y25_54,mts_details_sgle,2015,1049.821
zaf,sex_m,age_aggregate_y25_54,mts_details_sgle,2016,1044.811
zaf,sex_m,age_aggregate_y25_54,mts_details_sgle,2017,1078.471
zaf,sex_m,age_aggregate_y25_54,mts_details_sgle,2018,1172.812
zaf,sex_m,age_aggregate_y25_54,mts_details_sgle,2019,1159.738
zaf,sex_m,age_aggregate_y25_54,mts_details_sgle,2020,1001.928
zaf,sex_m,age_aggregate_y25_54,mts_details_sgle,2021,1016.514
zaf,sex_m,age_aggregate_y25_54,mts_details_sgle,2022,1179.349
zaf,sex_m,age_aggregate_y25_54,mts_details_sgle,2023,1326.033
zaf,sex_m,age_aggregate_y25_54,mts_details_sgle,2024,1355.709
zaf,sex_m,age_aggregate_y25_54,mts_details_total,2000,946.855
zaf,sex_m,age_aggregate_y25_54,mts_details_total,2001,935.694
zaf,sex_m,age_aggregate_y25_54,mts_details_total,2002,795.238
zaf,sex_m,age_aggregate_y25_54,mts_details_total,2003,752.142
zaf,sex_m,age_aggregate_y25_54,mts_details_total,2004,783.45
zaf,sex_m,age_aggregate_y25_54,mts_details_total,2005,840.633
zaf,sex_m,age_aggregate_y25_54,mts_details_total,2006,899.691
zaf,sex_m,age_aggregate_y25_54,mts_details_total,2007,836.5
zaf,sex_m,age_aggregate_y25_54,mts_details_total,2008,1788.15
zaf,sex_m,age_aggregate_y25_54,mts_details_total,2009,1668.939
zaf,sex_m,age_aggregate_y25_54,mts_details_total,2010,1744.926
zaf,sex_m,age_aggregate_y25_54,mts_details_total,2011,1724.722
zaf,sex_m,age_aggregate_y25_54,mts_details_total,2012,1772.093
zaf,sex_m,age_aggregate_y25_54,mts_details_total,2013,1792.821
zaf,sex_m,age_aggregate_y25_54,mts_details_total,2014,1827.248
zaf,sex_m,age_aggregate_y25_54,mts_details_total,2015,2086.587
zaf,sex_m,age_aggregate_y25_54,mts_details_total,2016,2119.18
zaf,sex_m,age_aggregate_y25_54,mts_details_total,2017,2162.48
zaf,sex_m,age_aggregate_y25_54,mts_details_total,2018,2263.789
zaf,sex_m,age_aggregate_y25_54,mts_details_total,2019,2278.163
zaf,sex_m,age_aggregate_y25_54,mts_details_total,2020,1968.479
zaf,sex_m,age_aggregate_y25_54,mts_details_total,2021,2023.757
zaf,sex_m,age_aggregate_y25_54,mts_details_total,2022,2268.872
zaf,sex_m,age_aggregate_y25_54,mts_details_total,2023,2423.413
zaf,sex_m,age_aggregate_y25_54,mts_details_total,2024,2477.532
zaf,sex_m,age_aggregate_y25_54,mts_details_union,2000,254.741
zaf,sex_m,age_aggregate_y25_54,mts_details_union,2001,10.161
zaf,sex_m,age_aggregate_y25_54,mts_details_union,2002,7.891
zaf,sex_m,age_aggregate_y25_54,mts_details_union,2003,11.987
zaf,sex_m,age_aggregate_y25_54,mts_details_union,2004,92.607
zaf,sex_m,age_aggregate_y25_54,mts_details_union,2005,183.537
zaf,sex_m,age_aggregate_y25_54,mts_details_union,2006,194.396
zaf,sex_m,age_aggregate_y25_54,mts_details_union,2007,197.697
zaf,sex_m,age_aggregate_y25_54,mts_details_union,2008,338.856
zaf,sex_m,age_aggregate_y25_54,mts_details_union,2009,327.6
zaf,sex_m,age_aggregate_y25_54,mts_details_union,2010,360.334
zaf,sex_m,age_aggregate_y25_54,mts_details_union,2011,317.72
zaf,sex_m,age_aggregate_y25_54,mts_details_union,2012,335.274
zaf,sex_m,age_aggregate_y25_54,mts_details_union,2013,322.23
zaf,sex_m,age_aggregate_y25_54,mts_details_union,2014,336.325
zaf,sex_m,age_aggregate_y25_54,mts_details_union,2015,379.987
zaf,sex_m,age_aggregate_y25_54,mts_details_union,2016,417.588
zaf,sex_m,age_aggregate_y25_54,mts_details_union,2017,408.929
zaf,sex_m,age_aggregate_y25_54,mts_details_union,2018,429.671
zaf,sex_m,age_aggregate_y25_54,mts_details_union,2019,419.796
zaf,sex_m,age_aggregate_y25_54,mts_details_union,2020,356.426
zaf,sex_m,age_aggregate_y25_54,mts_details_union,2021,355.064
zaf,sex_m,age_aggregate_y25_54,mts_details_union,2022,438.034
zaf,sex_m,age_aggregate_y25_54,mts_details_union,2023,426.808
zaf,sex_m,age_aggregate_y25_54,mts_details_union,2024,436.511
zaf,sex_m,age_aggregate_y25_54,mts_details_wid,2000,22.902
zaf,sex_m,age_aggregate_y25_54,mts_details_wid,2001,33.559
zaf,sex_m,age_aggregate_y25_54,mts_details_wid,2002,30.162
zaf,sex_m,age_aggregate_y25_54,mts_details_wid,2003,22.282
zaf,sex_m,age_aggregate_y25_54,mts_details_wid,2004,17.194
zaf,sex_m,age_aggregate_y25_54,mts_details_wid,2005,12.435
zaf,sex_m,age_aggregate_y25_54,mts_details_wid,2006,13.861
zaf,sex_m,age_aggregate_y25_54,mts_details_wid,2007,8.488
zaf,sex_m,age_aggregate_y25_54,mts_details_wid,2008,22.051
zaf,sex_m,age_aggregate_y25_54,mts_details_wid,2009,22.113
zaf,sex_m,age_aggregate_y25_54,mts_details_wid,2010,21.016
zaf,sex_m,age_aggregate_y25_54,mts_details_wid,2011,22.442
zaf,sex_m,age_aggregate_y25_54,mts_details_wid,2012,21.166
zaf,sex_m,age_aggregate_y25_54,mts_details_wid,2013,25.931
zaf,sex_m,age_aggregate_y25_54,mts_details_wid,2014,20.94
zaf,sex_m,age_aggregate_y25_54,mts_details_wid,2015,17.717
zaf,sex_m,age_aggregate_y25_54,mts_details_wid,2016,21.227
zaf,sex_m,age_aggregate_y25_54,mts_details_wid,2017,30.624
zaf,sex_m,age_aggregate_y25_54,mts_details_wid,2018,22.495
zaf,sex_m,age_aggregate_y25_54,mts_details_wid,2019,25.468
zaf,sex_m,age_aggregate_y25_54,mts_details_wid,2020,19.091
zaf,sex_m,age_aggregate_y25_54,mts_details_wid,2021,18.51
zaf,sex_m,age_aggregate_y25_54,mts_details_wid,2022,17.744
zaf,sex_m,age_aggregate_y25_54,mts_details_wid,2023,17.525
zaf,sex_m,age_aggregate_y25_54,mts_details_wid,2024,10.762
zaf,sex_m,age_aggregate_y55_64,mts_aggregate_1,2000,18.58
zaf,sex_m,age_aggregate_y55_64,mts_aggregate_1,2001,15.584
zaf,sex_m,age_aggregate_y55_64,mts_aggregate_1,2002,9.638
zaf,sex_m,age_aggregate_y55_64,mts_aggregate_1,2003,8.665
zaf,sex_m,age_aggregate_y55_64,mts_aggregate_1,2004,18.113
zaf,sex_m,age_aggregate_y55_64,mts_aggregate_1,2005,24.595
zaf,sex_m,age_aggregate_y55_64,mts_aggregate_1,2006,25.062
zaf,sex_m,age_aggregate_y55_64,mts_aggregate_1,2007,23.042
zaf,sex_m,age_aggregate_y55_64,mts_aggregate_1,2008,44.768
zaf,sex_m,age_aggregate_y55_64,mts_aggregate_1,2009,37.358
zaf,sex_m,age_aggregate_y55_64,mts_aggregate_1,2010,37.352
zaf,sex_m,age_aggregate_y55_64,mts_aggregate_1,2011,38.91
zaf,sex_m,age_aggregate_y55_64,mts_aggregate_1,2012,41.395
zaf,sex_m,age_aggregate_y55_64,mts_aggregate_1,2013,47.326
zaf,sex_m,age_aggregate_y55_64,mts_aggregate_1,2014,51.587
zaf,sex_m,age_aggregate_y55_64,mts_aggregate_1,2015,46.121
zaf,sex_m,age_aggregate_y55_64,mts_aggregate_1,2016,50.998
zaf,sex_m,age_aggregate_y55_64,mts_aggregate_1,2017,60.454
zaf,sex_m,age_aggregate_y55_64,mts_aggregate_1,2018,56.717
zaf,sex_m,age_aggregate_y55_64,mts_aggregate_1,2019,55.912
zaf,sex_m,age_aggregate_y55_64,mts_aggregate_1,2020,60.658
zaf,sex_m,age_aggregate_y55_64,mts_aggregate_1,2021,60.38
zaf,sex_m,age_aggregate_y55_64,mts_aggregate_1,2022,74.582
zaf,sex_m,age_aggregate_y55_64,mts_aggregate_1,2023,66.24
zaf,sex_m,age_aggregate_y55_64,mts_aggregate_1,2024,88.71
zaf,sex_m,age_aggregate_y55_64,mts_aggregate_2,2000,101.252
zaf,sex_m,age_aggregate_y55_64,mts_aggregate_2,2001,125.632
zaf,sex_m,age_aggregate_y55_64,mts_aggregate_2,2002,80.695
zaf,sex_m,age_aggregate_y55_64,mts_aggregate_2,2003,85.204
zaf,sex_m,age_aggregate_y55_64,mts_aggregate_2,2004,77.97
zaf,sex_m,age_aggregate_y55_64,mts_aggregate_2,2005,85.339
zaf,sex_m,age_aggregate_y55_64,mts_aggregate_2,2006,83.782
zaf,sex_m,age_aggregate_y55_64,mts_aggregate_2,2007,79.561
zaf,sex_m,age_aggregate_y55_64,mts_aggregate_2,2008,121.565
zaf,sex_m,age_aggregate_y55_64,mts_aggregate_2,2009,109.254
zaf,sex_m,age_aggregate_y55_64,mts_aggregate_2,2010,105.967
zaf,sex_m,age_aggregate_y55_64,mts_aggregate_2,2011,100.537
zaf,sex_m,age_aggregate_y55_64,mts_aggregate_2,2012,111.447
zaf,sex_m,age_aggregate_y55_64,mts_aggregate_2,2013,118.04
zaf,sex_m,age_aggregate_y55_64,mts_aggregate_2,2014,109.994
zaf,sex_m,age_aggregate_y55_64,mts_aggregate_2,2015,126.819
zaf,sex_m,age_aggregate_y55_64,mts_aggregate_2,2016,111.495
zaf,sex_m,age_aggregate_y55_64,mts_aggregate_2,2017,129.529
zaf,sex_m,age_aggregate_y55_64,mts_aggregate_2,2018,141.768
zaf,sex_m,age_aggregate_y55_64,mts_aggregate_2,2019,145.154
zaf,sex_m,age_aggregate_y55_64,mts_aggregate_2,2020,121.554
zaf,sex_m,age_aggregate_y55_64,mts_aggregate_2,2021,122.042
zaf,sex_m,age_aggregate_y55_64,mts_aggregate_2,2022,118.152
zaf,sex_m,age_aggregate_y55_64,mts_aggregate_2,2023,127.165
zaf,sex_m,age_aggregate_y55_64,mts_aggregate_2,2024,150.362
zaf,sex_m,age_aggregate_y55_64,mts_aggregate_total,2000,119.832
zaf,sex_m,age_aggregate_y55_64,mts_aggregate_total,2001,141.216
zaf,sex_m,age_aggregate_y55_64,mts_aggregate_total,2002,90.498
zaf,sex_m,age_aggregate_y55_64,mts_aggregate_total,2003,93.87
zaf,sex_m,age_aggregate_y55_64,mts_aggregate_total,2004,96.083
zaf,sex_m,age_aggregate_y55_64,mts_aggregate_total,2005,110.447
zaf,sex_m,age_aggregate_y55_64,mts_aggregate_total,2006,108.845
zaf,sex_m,age_aggregate_y55_64,mts_aggregate_total,2007,102.604
zaf,sex_m,age_aggregate_y55_64,mts_aggregate_total,2008,166.333
zaf,sex_m,age_aggregate_y55_64,mts_aggregate_total,2009,146.612
zaf,sex_m,age_aggregate_y55_64,mts_aggregate_total,2010,143.319
zaf,sex_m,age_aggregate_y55_64,mts_aggregate_total,2011,139.448
zaf,sex_m,age_aggregate_y55_64,mts_aggregate_total,2012,152.842
zaf,sex_m,age_aggregate_y55_64,mts_aggregate_total,2013,165.366
zaf,sex_m,age_aggregate_y55_64,mts_aggregate_total,2014,161.581
zaf,sex_m,age_aggregate_y55_64,mts_aggregate_total,2015,172.94
zaf,sex_m,age_aggregate_y55_64,mts_aggregate_total,2016,162.493
zaf,sex_m,age_aggregate_y55_64,mts_aggregate_total,2017,189.983
zaf,sex_m,age_aggregate_y55_64,mts_aggregate_total,2018,198.484
zaf,sex_m,age_aggregate_y55_64,mts_aggregate_total,2019,201.067
zaf,sex_m,age_aggregate_y55_64,mts_aggregate_total,2020,182.212
zaf,sex_m,age_aggregate_y55_64,mts_aggregate_total,2021,182.423
zaf,sex_m,age_aggregate_y55_64,mts_aggregate_total,2022,192.734
zaf,sex_m,age_aggregate_y55_64,mts_aggregate_total,2023,193.406
zaf,sex_m,age_aggregate_y55_64,mts_aggregate_total,2024,239.072
zaf,sex_m,age_aggregate_y55_64,mts_details_mrd,2000,54.476
zaf,sex_m,age_aggregate_y55_64,mts_details_mrd,2001,116.092
zaf,sex_m,age_aggregate_y55_64,mts_details_mrd,2002,75.065
zaf,sex_m,age_aggregate_y55_64,mts_details_mrd,2003,79.896
zaf,sex_m,age_aggregate_y55_64,mts_details_mrd,2004,69.757
zaf,sex_m,age_aggregate_y55_64,mts_details_mrd,2005,75.922
zaf,sex_m,age_aggregate_y55_64,mts_details_mrd,2006,71.678
zaf,sex_m,age_aggregate_y55_64,mts_details_mrd,2007,67.882
zaf,sex_m,age_aggregate_y55_64,mts_details_mrd,2008,103.715
zaf,sex_m,age_aggregate_y55_64,mts_details_mrd,2009,93.376
zaf,sex_m,age_aggregate_y55_64,mts_details_mrd,2010,89.814
zaf,sex_m,age_aggregate_y55_64,mts_details_mrd,2011,87.883
zaf,sex_m,age_aggregate_y55_64,mts_details_mrd,2012,94.861
zaf,sex_m,age_aggregate_y55_64,mts_details_mrd,2013,103.091
zaf,sex_m,age_aggregate_y55_64,mts_details_mrd,2014,94.312
zaf,sex_m,age_aggregate_y55_64,mts_details_mrd,2015,103.216
zaf,sex_m,age_aggregate_y55_64,mts_details_mrd,2016,88.656
zaf,sex_m,age_aggregate_y55_64,mts_details_mrd,2017,102.98
zaf,sex_m,age_aggregate_y55_64,mts_details_mrd,2018,117.162
zaf,sex_m,age_aggregate_y55_64,mts_details_mrd,2019,118.849
zaf,sex_m,age_aggregate_y55_64,mts_details_mrd,2020,105.736
zaf,sex_m,age_aggregate_y55_64,mts_details_mrd,2021,102.271
zaf,sex_m,age_aggregate_y55_64,mts_details_mrd,2022,99.106
zaf,sex_m,age_aggregate_y55_64,mts_details_mrd,2023,103.772
zaf,sex_m,age_aggregate_y55_64,mts_details_mrd,2024,119.744
zaf,sex_m,age_aggregate_y55_64,mts_details_sep,2000,8.877
zaf,sex_m,age_aggregate_y55_64,mts_details_sep,2001,6.23
zaf,sex_m,age_aggregate_y55_64,mts_details_sep,2002,4.643
zaf,sex_m,age_aggregate_y55_64,mts_details_sep,2003,5.207
zaf,sex_m,age_aggregate_y55_64,mts_details_sep,2004,5.593
zaf,sex_m,age_aggregate_y55_64,mts_details_sep,2005,4.991
zaf,sex_m,age_aggregate_y55_64,mts_details_sep,2006,9.861
zaf,sex_m,age_aggregate_y55_64,mts_details_sep,2007,7.05
zaf,sex_m,age_aggregate_y55_64,mts_details_sep,2008,15.181
zaf,sex_m,age_aggregate_y55_64,mts_details_sep,2009,10.894
zaf,sex_m,age_aggregate_y55_64,mts_details_sep,2010,12.589
zaf,sex_m,age_aggregate_y55_64,mts_details_sep,2011,9.899
zaf,sex_m,age_aggregate_y55_64,mts_details_sep,2012,12.695
zaf,sex_m,age_aggregate_y55_64,mts_details_sep,2013,8.814
zaf,sex_m,age_aggregate_y55_64,mts_details_sep,2014,11.673
zaf,sex_m,age_aggregate_y55_64,mts_details_sep,2015,14.371
zaf,sex_m,age_aggregate_y55_64,mts_details_sep,2016,12.343
zaf,sex_m,age_aggregate_y55_64,mts_details_sep,2017,11.643
zaf,sex_m,age_aggregate_y55_64,mts_details_sep,2018,11.95
zaf,sex_m,age_aggregate_y55_64,mts_details_sep,2019,10.12
zaf,sex_m,age_aggregate_y55_64,mts_details_sep,2020,9.876
zaf,sex_m,age_aggregate_y55_64,mts_details_sep,2021,11.773
zaf,sex_m,age_aggregate_y55_64,mts_details_sep,2022,12.278
zaf,sex_m,age_aggregate_y55_64,mts_details_sep,2023,14.23
zaf,sex_m,age_aggregate_y55_64,mts_details_sep,2024,19.297
zaf,sex_m,age_aggregate_y55_64,mts_details_sgle,2004,3.514
zaf,sex_m,age_aggregate_y55_64,mts_details_sgle,2005,13.309
zaf,sex_m,age_aggregate_y55_64,mts_details_sgle,2006,9.943
zaf,sex_m,age_aggregate_y55_64,mts_details_sgle,2007,7.828
zaf,sex_m,age_aggregate_y55_64,mts_details_sgle,2008,16.622
zaf,sex_m,age_aggregate_y55_64,mts_details_sgle,2009,17.603
zaf,sex_m,age_aggregate_y55_64,mts_details_sgle,2010,15.443
zaf,sex_m,age_aggregate_y55_64,mts_details_sgle,2011,18.181
zaf,sex_m,age_aggregate_y55_64,mts_details_sgle,2012,19.964
zaf,sex_m,age_aggregate_y55_64,mts_details_sgle,2013,24.344
zaf,sex_m,age_aggregate_y55_64,mts_details_sgle,2014,23.11
zaf,sex_m,age_aggregate_y55_64,mts_details_sgle,2015,23.89
zaf,sex_m,age_aggregate_y55_64,mts_details_sgle,2016,26.788
zaf,sex_m,age_aggregate_y55_64,mts_details_sgle,2017,30.483
zaf,sex_m,age_aggregate_y55_64,mts_details_sgle,2018,27.922
zaf,sex_m,age_aggregate_y55_64,mts_details_sgle,2019,32.756
zaf,sex_m,age_aggregate_y55_64,mts_details_sgle,2020,32.348
zaf,sex_m,age_aggregate_y55_64,mts_details_sgle,2021,28.411
zaf,sex_m,age_aggregate_y55_64,mts_details_sgle,2022,45.444
zaf,sex_m,age_aggregate_y55_64,mts_details_sgle,2023,39.913
zaf,sex_m,age_aggregate_y55_64,mts_details_sgle,2024,52.726
zaf,sex_m,age_aggregate_y55_64,mts_details_total,2000,119.832
zaf,sex_m,age_aggregate_y55_64,mts_details_total,2001,141.216
zaf,sex_m,age_aggregate_y55_64,mts_details_total,2002,90.498
zaf,sex_m,age_aggregate_y55_64,mts_details_total,2003,93.87
zaf,sex_m,age_aggregate_y55_64,mts_details_total,2004,96.083
zaf,sex_m,age_aggregate_y55_64,mts_details_total,2005,110.447
zaf,sex_m,age_aggregate_y55_64,mts_details_total,2006,108.845
zaf,sex_m,age_aggregate_y55_64,mts_details_total,2007,102.604
zaf,sex_m,age_aggregate_y55_64,mts_details_total,2008,166.333
zaf,sex_m,age_aggregate_y55_64,mts_details_total,2009,146.612
zaf,sex_m,age_aggregate_y55_64,mts_details_total,2010,143.319
zaf,sex_m,age_aggregate_y55_64,mts_details_total,2011,139.448
zaf,sex_m,age_aggregate_y55_64,mts_details_total,2012,152.842
zaf,sex_m,age_aggregate_y55_64,mts_details_total,2013,165.366
zaf,sex_m,age_aggregate_y55_64,mts_details_total,2014,161.581
zaf,sex_m,age_aggregate_y55_64,mts_details_total,2015,172.94
zaf,sex_m,age_aggregate_y55_64,mts_details_total,2016,162.493
zaf,sex_m,age_aggregate_y55_64,mts_details_total,2017,189.983
zaf,sex_m,age_aggregate_y55_64,mts_details_total,2018,198.484
zaf,sex_m,age_aggregate_y55_64,mts_details_total,2019,201.067
zaf,sex_m,age_aggregate_y55_64,mts_details_total,2020,182.212
zaf,sex_m,age_aggregate_y55_64,mts_details_total,2021,182.423
zaf,sex_m,age_aggregate_y55_64,mts_details_total,2022,192.734
zaf,sex_m,age_aggregate_y55_64,mts_details_total,2023,193.406
zaf,sex_m,age_aggregate_y55_64,mts_details_total,2024,239.072
zaf,sex_m,age_aggregate_y55_64,mts_details_union,2000,46.776
zaf,sex_m,age_aggregate_y55_64,mts_details_union,2001,9.54
zaf,sex_m,age_aggregate_y55_64,mts_details_union,2002,5.63
zaf,sex_m,age_aggregate_y55_64,mts_details_union,2003,5.308
zaf,sex_m,age_aggregate_y55_64,mts_details_union,2004,8.213
zaf,sex_m,age_aggregate_y55_64,mts_details_union,2005,9.416
zaf,sex_m,age_aggregate_y55_64,mts_details_union,2006,12.104
zaf,sex_m,age_aggregate_y55_64,mts_details_union,2007,11.679
zaf,sex_m,age_aggregate_y55_64,mts_details_union,2008,17.85
zaf,sex_m,age_aggregate_y55_64,mts_details_union,2009,15.878
zaf,sex_m,age_aggregate_y55_64,mts_details_union,2010,16.153
zaf,sex_m,age_aggregate_y55_64,mts_details_union,2011,12.654
zaf,sex_m,age_aggregate_y55_64,mts_details_union,2012,16.587
zaf,sex_m,age_aggregate_y55_64,mts_details_union,2013,14.949
zaf,sex_m,age_aggregate_y55_64,mts_details_union,2014,15.682
zaf,sex_m,age_aggregate_y55_64,mts_details_union,2015,23.603
zaf,sex_m,age_aggregate_y55_64,mts_details_union,2016,22.84
zaf,sex_m,age_aggregate_y55_64,mts_details_union,2017,26.549
zaf,sex_m,age_aggregate_y55_64,mts_details_union,2018,24.606
zaf,sex_m,age_aggregate_y55_64,mts_details_union,2019,26.305
zaf,sex_m,age_aggregate_y55_64,mts_details_union,2020,15.818
zaf,sex_m,age_aggregate_y55_64,mts_details_union,2021,19.771
zaf,sex_m,age_aggregate_y55_64,mts_details_union,2022,19.047
zaf,sex_m,age_aggregate_y55_64,mts_details_union,2023,23.393
zaf,sex_m,age_aggregate_y55_64,mts_details_union,2024,30.617
zaf,sex_m,age_aggregate_y55_64,mts_details_wid,2000,9.702
zaf,sex_m,age_aggregate_y55_64,mts_details_wid,2001,9.354
zaf,sex_m,age_aggregate_y55_64,mts_details_wid,2002,4.995
zaf,sex_m,age_aggregate_y55_64,mts_details_wid,2003,3.458
zaf,sex_m,age_aggregate_y55_64,mts_details_wid,2004,9.006
zaf,sex_m,age_aggregate_y55_64,mts_details_wid,2005,6.295
zaf,sex_m,age_aggregate_y55_64,mts_details_wid,2006,5.259
zaf,sex_m,age_aggregate_y55_64,mts_details_wid,2007,8.164
zaf,sex_m,age_aggregate_y55_64,mts_details_wid,2008,12.965
zaf,sex_m,age_aggregate_y55_64,mts_details_wid,2009,8.861
zaf,sex_m,age_aggregate_y55_64,mts_details_wid,2010,9.32
zaf,sex_m,age_aggregate_y55_64,mts_details_wid,2011,10.831
zaf,sex_m,age_aggregate_y55_64,mts_details_wid,2012,8.736
zaf,sex_m,age_aggregate_y55_64,mts_details_wid,2013,14.168
zaf,sex_m,age_aggregate_y55_64,mts_details_wid,2014,16.804
zaf,sex_m,age_aggregate_y55_64,mts_details_wid,2015,7.859
zaf,sex_m,age_aggregate_y55_64,mts_details_wid,2016,11.867
zaf,sex_m,age_aggregate_y55_64,mts_details_wid,2017,18.327
zaf,sex_m,age_aggregate_y55_64,mts_details_wid,2018,16.844
zaf,sex_m,age_aggregate_y55_64,mts_details_wid,2019,13.037
zaf,sex_m,age_aggregate_y55_64,mts_details_wid,2020,18.434
zaf,sex_m,age_aggregate_y55_64,mts_details_wid,2021,20.196
zaf,sex_m,age_aggregate_y55_64,mts_details_wid,2022,16.86
zaf,sex_m,age_aggregate_y55_64,mts_details_wid,2023,12.098
zaf,sex_m,age_aggregate_y55_64,mts_details_wid,2024,16.688
zaf,sex_m,age_aggregate_yge65,mts_aggregate_1,2000,4.615
zaf,sex_m,age_aggregate_yge65,mts_aggregate_1,2001,5.728
zaf,sex_m,age_aggregate_yge65,mts_aggregate_1,2002,6.052
zaf,sex_m,age_aggregate_yge65,mts_aggregate_1,2003,3.394
zaf,sex_m,age_aggregate_yge65,mts_aggregate_1,2004,4.119
zaf,sex_m,age_aggregate_yge65,mts_aggregate_1,2005,8.208
zaf,sex_m,age_aggregate_yge65,mts_aggregate_1,2006,10.061
zaf,sex_m,age_aggregate_yge65,mts_aggregate_1,2007,19.238
zaf,sex_m,age_aggregate_yge65,mts_aggregate_1,2008,8.777
zaf,sex_m,age_aggregate_yge65,mts_aggregate_1,2009,7.385
zaf,sex_m,age_aggregate_yge65,mts_aggregate_1,2010,6.071
zaf,sex_m,age_aggregate_yge65,mts_aggregate_1,2011,4.961
zaf,sex_m,age_aggregate_yge65,mts_aggregate_1,2012,7.35
zaf,sex_m,age_aggregate_yge65,mts_aggregate_1,2013,12.397
zaf,sex_m,age_aggregate_yge65,mts_aggregate_1,2014,6.686
zaf,sex_m,age_aggregate_yge65,mts_aggregate_1,2015,7.348
zaf,sex_m,age_aggregate_yge65,mts_aggregate_1,2016,12.352
zaf,sex_m,age_aggregate_yge65,mts_aggregate_1,2017,10.562
zaf,sex_m,age_aggregate_yge65,mts_aggregate_1,2018,9.848
zaf,sex_m,age_aggregate_yge65,mts_aggregate_1,2019,13.936
zaf,sex_m,age_aggregate_yge65,mts_aggregate_1,2020,10.653
zaf,sex_m,age_aggregate_yge65,mts_aggregate_1,2021,10.954
zaf,sex_m,age_aggregate_yge65,mts_aggregate_1,2022,12.749
zaf,sex_m,age_aggregate_yge65,mts_aggregate_1,2023,11.464
zaf,sex_m,age_aggregate_yge65,mts_aggregate_1,2024,15.911
zaf,sex_m,age_aggregate_yge65,mts_aggregate_2,2000,47.037
zaf,sex_m,age_aggregate_yge65,mts_aggregate_2,2001,47.798
zaf,sex_m,age_aggregate_yge65,mts_aggregate_2,2002,30.032
zaf,sex_m,age_aggregate_yge65,mts_aggregate_2,2003,32.247
zaf,sex_m,age_aggregate_yge65,mts_aggregate_2,2004,21.057
zaf,sex_m,age_aggregate_yge65,mts_aggregate_2,2005,20.537
zaf,sex_m,age_aggregate_yge65,mts_aggregate_2,2006,24.155
zaf,sex_m,age_aggregate_yge65,mts_aggregate_2,2007,24.563
zaf,sex_m,age_aggregate_yge65,mts_aggregate_2,2008,26.393
zaf,sex_m,age_aggregate_yge65,mts_aggregate_2,2009,19.481
zaf,sex_m,age_aggregate_yge65,mts_aggregate_2,2010,21.207
zaf,sex_m,age_aggregate_yge65,mts_aggregate_2,2011,14.661
zaf,sex_m,age_aggregate_yge65,mts_aggregate_2,2012,20.074
zaf,sex_m,age_aggregate_yge65,mts_aggregate_2,2013,20.932
zaf,sex_m,age_aggregate_yge65,mts_aggregate_2,2014,20.189
zaf,sex_m,age_aggregate_yge65,mts_aggregate_2,2015,20.323
zaf,sex_m,age_aggregate_yge65,mts_aggregate_2,2016,28.019
zaf,sex_m,age_aggregate_yge65,mts_aggregate_2,2017,29.358
zaf,sex_m,age_aggregate_yge65,mts_aggregate_2,2018,36.373
zaf,sex_m,age_aggregate_yge65,mts_aggregate_2,2019,32.998
zaf,sex_m,age_aggregate_yge65,mts_aggregate_2,2020,25.567
zaf,sex_m,age_aggregate_yge65,mts_aggregate_2,2021,23.251
zaf,sex_m,age_aggregate_yge65,mts_aggregate_2,2022,31.4
zaf,sex_m,age_aggregate_yge65,mts_aggregate_2,2023,28.844
zaf,sex_m,age_aggregate_yge65,mts_aggregate_2,2024,34.444
zaf,sex_m,age_aggregate_yge65,mts_aggregate_total,2000,51.653
zaf,sex_m,age_aggregate_yge65,mts_aggregate_total,2001,53.526
zaf,sex_m,age_aggregate_yge65,mts_aggregate_total,2002,36.225
zaf,sex_m,age_aggregate_yge65,mts_aggregate_total,2003,35.641
zaf,sex_m,age_aggregate_yge65,mts_aggregate_total,2004,25.176
zaf,sex_m,age_aggregate_yge65,mts_aggregate_total,2005,28.745
zaf,sex_m,age_aggregate_yge65,mts_aggregate_total,2006,34.514
zaf,sex_m,age_aggregate_yge65,mts_aggregate_total,2007,43.801
zaf,sex_m,age_aggregate_yge65,mts_aggregate_total,2008,35.17
zaf,sex_m,age_aggregate_yge65,mts_aggregate_total,2009,26.866
zaf,sex_m,age_aggregate_yge65,mts_aggregate_total,2010,27.278
zaf,sex_m,age_aggregate_yge65,mts_aggregate_total,2011,19.622
zaf,sex_m,age_aggregate_yge65,mts_aggregate_total,2012,27.424
zaf,sex_m,age_aggregate_yge65,mts_aggregate_total,2013,33.328
zaf,sex_m,age_aggregate_yge65,mts_aggregate_total,2014,26.875
zaf,sex_m,age_aggregate_yge65,mts_aggregate_total,2015,27.671
zaf,sex_m,age_aggregate_yge65,mts_aggregate_total,2016,40.372
zaf,sex_m,age_aggregate_yge65,mts_aggregate_total,2017,39.92
zaf,sex_m,age_aggregate_yge65,mts_aggregate_total,2018,46.221
zaf,sex_m,age_aggregate_yge65,mts_aggregate_total,2019,46.934
zaf,sex_m,age_aggregate_yge65,mts_aggregate_total,2020,36.219
zaf,sex_m,age_aggregate_yge65,mts_aggregate_total,2021,34.205
zaf,sex_m,age_aggregate_yge65,mts_aggregate_total,2022,44.148
zaf,sex_m,age_aggregate_yge65,mts_aggregate_total,2023,40.308
zaf,sex_m,age_aggregate_yge65,mts_aggregate_total,2024,50.355
zaf,sex_m,age_aggregate_yge65,mts_details_mrd,2000,27.017
zaf,sex_m,age_aggregate_yge65,mts_details_mrd,2001,42.124
zaf,sex_m,age_aggregate_yge65,mts_details_mrd,2002,26.167
zaf,sex_m,age_aggregate_yge65,mts_details_mrd,2003,28.163
zaf,sex_m,age_aggregate_yge65,mts_details_mrd,2004,18.109
zaf,sex_m,age_aggregate_yge65,mts_details_mrd,2005,17.651
zaf,sex_m,age_aggregate_yge65,mts_details_mrd,2006,21.762
zaf,sex_m,age_aggregate_yge65,mts_details_mrd,2007,20.368
zaf,sex_m,age_aggregate_yge65,mts_details_mrd,2008,23.5
zaf,sex_m,age_aggregate_yge65,mts_details_mrd,2009,15.88
zaf,sex_m,age_aggregate_yge65,mts_details_mrd,2010,18.558
zaf,sex_m,age_aggregate_yge65,mts_details_mrd,2011,12.721
zaf,sex_m,age_aggregate_yge65,mts_details_mrd,2012,19.38
zaf,sex_m,age_aggregate_yge65,mts_details_mrd,2013,19.612
zaf,sex_m,age_aggregate_yge65,mts_details_mrd,2014,18.5
zaf,sex_m,age_aggregate_yge65,mts_details_mrd,2015,16.305
zaf,sex_m,age_aggregate_yge65,mts_details_mrd,2016,24.649
zaf,sex_m,age_aggregate_yge65,mts_details_mrd,2017,26.864
zaf,sex_m,age_aggregate_yge65,mts_details_mrd,2018,31.152
zaf,sex_m,age_aggregate_yge65,mts_details_mrd,2019,28.338
zaf,sex_m,age_aggregate_yge65,mts_details_mrd,2020,22.093
zaf,sex_m,age_aggregate_yge65,mts_details_mrd,2021,20.689
zaf,sex_m,age_aggregate_yge65,mts_details_mrd,2022,29.098
zaf,sex_m,age_aggregate_yge65,mts_details_mrd,2023,25.551
zaf,sex_m,age_aggregate_yge65,mts_details_mrd,2024,29.26
zaf,sex_m,age_aggregate_yge65,mts_details_sep,2001,3.59
zaf,sex_m,age_aggregate_yge65,mts_details_sep,2002,4.338
zaf,sex_m,age_aggregate_yge65,mts_details_sep,2003,2.276
zaf,sex_m,age_aggregate_yge65,mts_details_sep,2004,2.156
zaf,sex_m,age_aggregate_yge65,mts_details_sep,2005,1.42
zaf,sex_m,age_aggregate_yge65,mts_details_sep,2006,1.591
zaf,sex_m,age_aggregate_yge65,mts_details_sep,2007,8.263
zaf,sex_m,age_aggregate_yge65,mts_details_sep,2008,2.056
zaf,sex_m,age_aggregate_yge65,mts_details_sep,2009,1.51
zaf,sex_m,age_aggregate_yge65,mts_details_sep,2010,1.186
zaf,sex_m,age_aggregate_yge65,mts_details_sep,2011,0.869
zaf,sex_m,age_aggregate_yge65,mts_details_sep,2012,1.803
zaf,sex_m,age_aggregate_yge65,mts_details_sep,2013,4.869
zaf,sex_m,age_aggregate_yge65,mts_details_sep,2014,1.766
zaf,sex_m,age_aggregate_yge65,mts_details_sep,2015,1.011
zaf,sex_m,age_aggregate_yge65,mts_details_sep,2016,1.993
zaf,sex_m,age_aggregate_yge65,mts_details_sep,2017,1.711
zaf,sex_m,age_aggregate_yge65,mts_details_sep,2018,1.235
zaf,sex_m,age_aggregate_yge65,mts_details_sep,2019,3.06
zaf,sex_m,age_aggregate_yge65,mts_details_sep,2020,2.231
zaf,sex_m,age_aggregate_yge65,mts_details_sep,2021,3.288
zaf,sex_m,age_aggregate_yge65,mts_details_sep,2022,2.841
zaf,sex_m,age_aggregate_yge65,mts_details_sep,2023,2.311
zaf,sex_m,age_aggregate_yge65,mts_details_sep,2024,2.141
zaf,sex_m,age_aggregate_yge65,mts_details_sgle,2005,2.569
zaf,sex_m,age_aggregate_yge65,mts_details_sgle,2006,4.963
zaf,sex_m,age_aggregate_yge65,mts_details_sgle,2007,6.722
zaf,sex_m,age_aggregate_yge65,mts_details_sgle,2008,3.541
zaf,sex_m,age_aggregate_yge65,mts_details_sgle,2009,1.52
zaf,sex_m,age_aggregate_yge65,mts_details_sgle,2010,1.65
zaf,sex_m,age_aggregate_yge65,mts_details_sgle,2011,1.461
zaf,sex_m,age_aggregate_yge65,mts_details_sgle,2012,2.069
zaf,sex_m,age_aggregate_yge65,mts_details_sgle,2013,2.695
zaf,sex_m,age_aggregate_yge65,mts_details_sgle,2014,1.724
zaf,sex_m,age_aggregate_yge65,mts_details_sgle,2015,1.805
zaf,sex_m,age_aggregate_yge65,mts_details_sgle,2016,4.2
zaf,sex_m,age_aggregate_yge65,mts_details_sgle,2017,2.908
zaf,sex_m,age_aggregate_yge65,mts_details_sgle,2018,2.575
zaf,sex_m,age_aggregate_yge65,mts_details_sgle,2019,3.922
zaf,sex_m,age_aggregate_yge65,mts_details_sgle,2020,5.22
zaf,sex_m,age_aggregate_yge65,mts_details_sgle,2021,3.568
zaf,sex_m,age_aggregate_yge65,mts_details_sgle,2022,5.984
zaf,sex_m,age_aggregate_yge65,mts_details_sgle,2023,3.886
zaf,sex_m,age_aggregate_yge65,mts_details_sgle,2024,6.797
zaf,sex_m,age_aggregate_yge65,mts_details_total,2000,51.653
zaf,sex_m,age_aggregate_yge65,mts_details_total,2001,53.526
zaf,sex_m,age_aggregate_yge65,mts_details_total,2002,36.225
zaf,sex_m,age_aggregate_yge65,mts_details_total,2003,35.641
zaf,sex_m,age_aggregate_yge65,mts_details_total,2004,25.176
zaf,sex_m,age_aggregate_yge65,mts_details_total,2005,28.745
zaf,sex_m,age_aggregate_yge65,mts_details_total,2006,34.514
zaf,sex_m,age_aggregate_yge65,mts_details_total,2007,43.801
zaf,sex_m,age_aggregate_yge65,mts_details_total,2008,35.17
zaf,sex_m,age_aggregate_yge65,mts_details_total,2009,26.866
zaf,sex_m,age_aggregate_yge65,mts_details_total,2010,27.278
zaf,sex_m,age_aggregate_yge65,mts_details_total,2011,19.622
zaf,sex_m,age_aggregate_yge65,mts_details_total,2012,27.424
zaf,sex_m,age_aggregate_yge65,mts_details_total,2013,33.328
zaf,sex_m,age_aggregate_yge65,mts_details_total,2014,26.875
zaf,sex_m,age_aggregate_yge65,mts_details_total,2015,27.671
zaf,sex_m,age_aggregate_yge65,mts_details_total,2016,40.372
zaf,sex_m,age_aggregate_yge65,mts_details_total,2017,39.92
zaf,sex_m,age_aggregate_yge65,mts_details_total,2018,46.221
zaf,sex_m,age_aggregate_yge65,mts_details_total,2019,46.934
zaf,sex_m,age_aggregate_yge65,mts_details_total,2020,36.219
zaf,sex_m,age_aggregate_yge65,mts_details_total,2021,34.205
zaf,sex_m,age_aggregate_yge65,mts_details_total,2022,44.148
zaf,sex_m,age_aggregate_yge65,mts_details_total,2023,40.308
zaf,sex_m,age_aggregate_yge65,mts_details_total,2024,50.355
zaf,sex_m,age_aggregate_yge65,mts_details_union,2000,20.021
zaf,sex_m,age_aggregate_yge65,mts_details_union,2001,5.673
zaf,sex_m,age_aggregate_yge65,mts_details_union,2002,3.864
zaf,sex_m,age_aggregate_yge65,mts_details_union,2003,4.085
zaf,sex_m,age_aggregate_yge65,mts_details_union,2004,2.948
zaf,sex_m,age_aggregate_yge65,mts_details_union,2005,2.886
zaf,sex_m,age_aggregate_yge65,mts_details_union,2006,2.393
zaf,sex_m,age_aggregate_yge65,mts_details_union,2007,4.195
zaf,sex_m,age_aggregate_yge65,mts_details_union,2008,2.893
zaf,sex_m,age_aggregate_yge65,mts_details_union,2009,3.6
zaf,sex_m,age_aggregate_yge65,mts_details_union,2010,2.649
zaf,sex_m,age_aggregate_yge65,mts_details_union,2011,1.94
zaf,sex_m,age_aggregate_yge65,mts_details_union,2012,0.695
zaf,sex_m,age_aggregate_yge65,mts_details_union,2013,1.32
zaf,sex_m,age_aggregate_yge65,mts_details_union,2014,1.689
zaf,sex_m,age_aggregate_yge65,mts_details_union,2015,4.018
zaf,sex_m,age_aggregate_yge65,mts_details_union,2016,3.371
zaf,sex_m,age_aggregate_yge65,mts_details_union,2017,2.494
zaf,sex_m,age_aggregate_yge65,mts_details_union,2018,5.221
zaf,sex_m,age_aggregate_yge65,mts_details_union,2019,4.66
zaf,sex_m,age_aggregate_yge65,mts_details_union,2020,3.473
zaf,sex_m,age_aggregate_yge65,mts_details_union,2021,2.562
zaf,sex_m,age_aggregate_yge65,mts_details_union,2022,2.301
zaf,sex_m,age_aggregate_yge65,mts_details_union,2023,3.292
zaf,sex_m,age_aggregate_yge65,mts_details_union,2024,5.184
zaf,sex_m,age_aggregate_yge65,mts_details_wid,2000,3.978
zaf,sex_m,age_aggregate_yge65,mts_details_wid,2001,2.138
zaf,sex_m,age_aggregate_yge65,mts_details_wid,2002,1.714
zaf,sex_m,age_aggregate_yge65,mts_details_wid,2003,1.118
zaf,sex_m,age_aggregate_yge65,mts_details_wid,2004,1.59
zaf,sex_m,age_aggregate_yge65,mts_details_wid,2005,4.219
zaf,sex_m,age_aggregate_yge65,mts_details_wid,2006,3.508
zaf,sex_m,age_aggregate_yge65,mts_details_wid,2007,4.253
zaf,sex_m,age_aggregate_yge65,mts_details_wid,2008,3.18
zaf,sex_m,age_aggregate_yge65,mts_details_wid,2009,4.355
zaf,sex_m,age_aggregate_yge65,mts_details_wid,2010,3.235
zaf,sex_m,age_aggregate_yge65,mts_details_wid,2011,2.631
zaf,sex_m,age_aggregate_yge65,mts_details_wid,2012,3.477
zaf,sex_m,age_aggregate_yge65,mts_details_wid,2013,4.833
zaf,sex_m,age_aggregate_yge65,mts_details_wid,2014,3.196
zaf,sex_m,age_aggregate_yge65,mts_details_wid,2015,4.532
zaf,sex_m,age_aggregate_yge65,mts_details_wid,2016,6.159
zaf,sex_m,age_aggregate_yge65,mts_details_wid,2017,5.943
zaf,sex_m,age_aggregate_yge65,mts_details_wid,2018,6.039
zaf,sex_m,age_aggregate_yge65,mts_details_wid,2019,6.954
zaf,sex_m,age_aggregate_yge65,mts_details_wid,2020,3.202
zaf,sex_m,age_aggregate_yge65,mts_details_wid,2021,4.099
zaf,sex_m,age_aggregate_yge65,mts_details_wid,2022,3.924
zaf,sex_m,age_aggregate_yge65,mts_details_wid,2023,5.267
zaf,sex_m,age_aggregate_yge65,mts_details_wid,2024,6.973
zaf,sex_m,age_ythadult_y15_24,mts_aggregate_1,2000,89.743
zaf,sex_m,age_ythadult_y15_24,mts_aggregate_1,2001,197.335
zaf,sex_m,age_ythadult_y15_24,mts_aggregate_1,2002,140.08
zaf,sex_m,age_ythadult_y15_24,mts_aggregate_1,2003,121.74
zaf,sex_m,age_ythadult_y15_24,mts_aggregate_1,2004,140.213
zaf,sex_m,age_ythadult_y15_24,mts_aggregate_1,2005,151.004
zaf,sex_m,age_ythadult_y15_24,mts_aggregate_1,2006,164.649
zaf,sex_m,age_ythadult_y15_24,mts_aggregate_1,2007,151.706
zaf,sex_m,age_ythadult_y15_24,mts_aggregate_1,2008,364.897
zaf,sex_m,age_ythadult_y15_24,mts_aggregate_1,2009,305.67
zaf,sex_m,age_ythadult_y15_24,mts_aggregate_1,2010,295.507
zaf,sex_m,age_ythadult_y15_24,mts_aggregate_1,2011,279.148
zaf,sex_m,age_ythadult_y15_24,mts_aggregate_1,2012,256.61
zaf,sex_m,age_ythadult_y15_24,mts_aggregate_1,2013,261.236
zaf,sex_m,age_ythadult_y15_24,mts_aggregate_1,2014,272.206
zaf,sex_m,age_ythadult_y15_24,mts_aggregate_1,2015,309.314
zaf,sex_m,age_ythadult_y15_24,mts_aggregate_1,2016,284.324
zaf,sex_m,age_ythadult_y15_24,mts_aggregate_1,2017,307.651
zaf,sex_m,age_ythadult_y15_24,mts_aggregate_1,2018,295.931
zaf,sex_m,age_ythadult_y15_24,mts_aggregate_1,2019,266.378
zaf,sex_m,age_ythadult_y15_24,mts_aggregate_1,2020,191.672
zaf,sex_m,age_ythadult_y15_24,mts_aggregate_1,2021,186.868
zaf,sex_m,age_ythadult_y15_24,mts_aggregate_1,2022,242.27
zaf,sex_m,age_ythadult_y15_24,mts_aggregate_1,2023,236.763
zaf,sex_m,age_ythadult_y15_24,mts_aggregate_1,2024,258.733
zaf,sex_m,age_ythadult_y15_24,mts_aggregate_2,2000,140.91
zaf,sex_m,age_ythadult_y15_24,mts_aggregate_2,2001,25.795
zaf,sex_m,age_ythadult_y15_24,mts_aggregate_2,2002,15.4
zaf,sex_m,age_ythadult_y15_24,mts_aggregate_2,2003,12.876
zaf,sex_m,age_ythadult_y15_24,mts_aggregate_2,2004,17.325
zaf,sex_m,age_ythadult_y15_24,mts_aggregate_2,2005,20.602
zaf,sex_m,age_ythadult_y15_24,mts_aggregate_2,2006,14.228
zaf,sex_m,age_ythadult_y15_24,mts_aggregate_2,2007,13.166
zaf,sex_m,age_ythadult_y15_24,mts_aggregate_2,2008,43.675
zaf,sex_m,age_ythadult_y15_24,mts_aggregate_2,2009,34.456
zaf,sex_m,age_ythadult_y15_24,mts_aggregate_2,2010,21.762
zaf,sex_m,age_ythadult_y15_24,mts_aggregate_2,2011,27.066
zaf,sex_m,age_ythadult_y15_24,mts_aggregate_2,2012,31.933
zaf,sex_m,age_ythadult_y15_24,mts_aggregate_2,2013,33.23
zaf,sex_m,age_ythadult_y15_24,mts_aggregate_2,2014,27.805
zaf,sex_m,age_ythadult_y15_24,mts_aggregate_2,2015,33.674
zaf,sex_m,age_ythadult_y15_24,mts_aggregate_2,2016,39.514
zaf,sex_m,age_ythadult_y15_24,mts_aggregate_2,2017,35.865
zaf,sex_m,age_ythadult_y15_24,mts_aggregate_2,2018,35.094
zaf,sex_m,age_ythadult_y15_24,mts_aggregate_2,2019,27.939
zaf,sex_m,age_ythadult_y15_24,mts_aggregate_2,2020,18.643
zaf,sex_m,age_ythadult_y15_24,mts_aggregate_2,2021,21.195
zaf,sex_m,age_ythadult_y15_24,mts_aggregate_2,2022,23.136
zaf,sex_m,age_ythadult_y15_24,mts_aggregate_2,2023,23.295
zaf,sex_m,age_ythadult_y15_24,mts_aggregate_2,2024,33.601
zaf,sex_m,age_ythadult_y15_24,mts_aggregate_total,2000,230.795
zaf,sex_m,age_ythadult_y15_24,mts_aggregate_total,2001,223.13
zaf,sex_m,age_ythadult_y15_24,mts_aggregate_total,2002,155.48
zaf,sex_m,age_ythadult_y15_24,mts_aggregate_total,2003,134.616
zaf,sex_m,age_ythadult_y15_24,mts_aggregate_total,2004,157.537
zaf,sex_m,age_ythadult_y15_24,mts_aggregate_total,2005,171.606
zaf,sex_m,age_ythadult_y15_24,mts_aggregate_total,2006,178.877
zaf,sex_m,age_ythadult_y15_24,mts_aggregate_total,2007,164.872
zaf,sex_m,age_ythadult_y15_24,mts_aggregate_total,2008,408.571
zaf,sex_m,age_ythadult_y15_24,mts_aggregate_total,2009,340.126
zaf,sex_m,age_ythadult_y15_24,mts_aggregate_total,2010,317.269
zaf,sex_m,age_ythadult_y15_24,mts_aggregate_total,2011,306.215
zaf,sex_m,age_ythadult_y15_24,mts_aggregate_total,2012,288.543
zaf,sex_m,age_ythadult_y15_24,mts_aggregate_total,2013,294.466
zaf,sex_m,age_ythadult_y15_24,mts_aggregate_total,2014,300.011
zaf,sex_m,age_ythadult_y15_24,mts_aggregate_total,2015,342.989
zaf,sex_m,age_ythadult_y15_24,mts_aggregate_total,2016,323.838
zaf,sex_m,age_ythadult_y15_24,mts_aggregate_total,2017,343.516
zaf,sex_m,age_ythadult_y15_24,mts_aggregate_total,2018,331.025
zaf,sex_m,age_ythadult_y15_24,mts_aggregate_total,2019,294.318
zaf,sex_m,age_ythadult_y15_24,mts_aggregate_total,2020,210.315
zaf,sex_m,age_ythadult_y15_24,mts_aggregate_total,2021,208.063
zaf,sex_m,age_ythadult_y15_24,mts_aggregate_total,2022,265.407
zaf,sex_m,age_ythadult_y15_24,mts_aggregate_total,2023,260.058
zaf,sex_m,age_ythadult_y15_24,mts_aggregate_total,2024,292.334
zaf,sex_m,age_ythadult_y15_24,mts_details_mrd,2000,128.221
zaf,sex_m,age_ythadult_y15_24,mts_details_mrd,2001,25.742
zaf,sex_m,age_ythadult_y15_24,mts_details_mrd,2002,15.4
zaf,sex_m,age_ythadult_y15_24,mts_details_mrd,2003,12.72
zaf,sex_m,age_ythadult_y15_24,mts_details_mrd,2004,10.908
zaf,sex_m,age_ythadult_y15_24,mts_details_mrd,2005,9.042
zaf,sex_m,age_ythadult_y15_24,mts_details_mrd,2006,6.811
zaf,sex_m,age_ythadult_y15_24,mts_details_mrd,2007,6.789
zaf,sex_m,age_ythadult_y15_24,mts_details_mrd,2008,18.828
zaf,sex_m,age_ythadult_y15_24,mts_details_mrd,2009,13.639
zaf,sex_m,age_ythadult_y15_24,mts_details_mrd,2010,9.976
zaf,sex_m,age_ythadult_y15_24,mts_details_mrd,2011,10.508
zaf,sex_m,age_ythadult_y15_24,mts_details_mrd,2012,10.704
zaf,sex_m,age_ythadult_y15_24,mts_details_mrd,2013,11.086
zaf,sex_m,age_ythadult_y15_24,mts_details_mrd,2014,12.969
zaf,sex_m,age_ythadult_y15_24,mts_details_mrd,2015,14.543
zaf,sex_m,age_ythadult_y15_24,mts_details_mrd,2016,17.834
zaf,sex_m,age_ythadult_y15_24,mts_details_mrd,2017,17.603
zaf,sex_m,age_ythadult_y15_24,mts_details_mrd,2018,12.931
zaf,sex_m,age_ythadult_y15_24,mts_details_mrd,2019,6.986
zaf,sex_m,age_ythadult_y15_24,mts_details_mrd,2020,5.505
zaf,sex_m,age_ythadult_y15_24,mts_details_mrd,2021,5.835
zaf,sex_m,age_ythadult_y15_24,mts_details_mrd,2022,11.893
zaf,sex_m,age_ythadult_y15_24,mts_details_mrd,2023,7.773
zaf,sex_m,age_ythadult_y15_24,mts_details_mrd,2024,13.471
zaf,sex_m,age_ythadult_y15_24,mts_details_sep,2000,89.461
zaf,sex_m,age_ythadult_y15_24,mts_details_sep,2001,197.08
zaf,sex_m,age_ythadult_y15_24,mts_details_sep,2002,139.834
zaf,sex_m,age_ythadult_y15_24,mts_details_sep,2003,121.026
zaf,sex_m,age_ythadult_y15_24,mts_details_sep,2004,56.858
zaf,sex_m,age_ythadult_y15_24,mts_details_sep,2014,0.488
zaf,sex_m,age_ythadult_y15_24,mts_details_sep,2015,0.935
zaf,sex_m,age_ythadult_y15_24,mts_details_sep,2018,1.601
zaf,sex_m,age_ythadult_y15_24,mts_details_sgle,2004,83.354
zaf,sex_m,age_ythadult_y15_24,mts_details_sgle,2005,151.004
zaf,sex_m,age_ythadult_y15_24,mts_details_sgle,2006,164.649
zaf,sex_m,age_ythadult_y15_24,mts_details_sgle,2007,150.371
zaf,sex_m,age_ythadult_y15_24,mts_details_sgle,2008,363.829
zaf,sex_m,age_ythadult_y15_24,mts_details_sgle,2009,305.121
zaf,sex_m,age_ythadult_y15_24,mts_details_sgle,2010,295.118
zaf,sex_m,age_ythadult_y15_24,mts_details_sgle,2011,278.807
zaf,sex_m,age_ythadult_y15_24,mts_details_sgle,2012,256.05
zaf,sex_m,age_ythadult_y15_24,mts_details_sgle,2013,261.236
zaf,sex_m,age_ythadult_y15_24,mts_details_sgle,2014,271.719
zaf,sex_m,age_ythadult_y15_24,mts_details_sgle,2015,308.379
zaf,sex_m,age_ythadult_y15_24,mts_details_sgle,2016,284.324
zaf,sex_m,age_ythadult_y15_24,mts_details_sgle,2017,307.156
zaf,sex_m,age_ythadult_y15_24,mts_details_sgle,2018,294.33
zaf,sex_m,age_ythadult_y15_24,mts_details_sgle,2019,265.552
zaf,sex_m,age_ythadult_y15_24,mts_details_sgle,2020,191.672
zaf,sex_m,age_ythadult_y15_24,mts_details_sgle,2021,186.868
zaf,sex_m,age_ythadult_y15_24,mts_details_sgle,2022,241.733
zaf,sex_m,age_ythadult_y15_24,mts_details_sgle,2023,236.763
zaf,sex_m,age_ythadult_y15_24,mts_details_sgle,2024,258.212
zaf,sex_m,age_ythadult_y15_24,mts_details_total,2000,230.795
zaf,sex_m,age_ythadult_y15_24,mts_details_total,2001,223.13
zaf,sex_m,age_ythadult_y15_24,mts_details_total,2002,155.48
zaf,sex_m,age_ythadult_y15_24,mts_details_total,2003,134.616
zaf,sex_m,age_ythadult_y15_24,mts_details_total,2004,157.537
zaf,sex_m,age_ythadult_y15_24,mts_details_total,2005,171.606
zaf,sex_m,age_ythadult_y15_24,mts_details_total,2006,178.877
zaf,sex_m,age_ythadult_y15_24,mts_details_total,2007,164.872
zaf,sex_m,age_ythadult_y15_24,mts_details_total,2008,408.571
zaf,sex_m,age_ythadult_y15_24,mts_details_total,2009,340.126
zaf,sex_m,age_ythadult_y15_24,mts_details_total,2010,317.269
zaf,sex_m,age_ythadult_y15_24,mts_details_total,2011,306.215
zaf,sex_m,age_ythadult_y15_24,mts_details_total,2012,288.543
zaf,sex_m,age_ythadult_y15_24,mts_details_total,2013,294.466
zaf,sex_m,age_ythadult_y15_24,mts_details_total,2014,300.011
zaf,sex_m,age_ythadult_y15_24,mts_details_total,2015,342.989
zaf,sex_m,age_ythadult_y15_24,mts_details_total,2016,323.838
zaf,sex_m,age_ythadult_y15_24,mts_details_total,2017,343.516
zaf,sex_m,age_ythadult_y15_24,mts_details_total,2018,331.025
zaf,sex_m,age_ythadult_y15_24,mts_details_total,2019,294.318
zaf,sex_m,age_ythadult_y15_24,mts_details_total,2020,210.315
zaf,sex_m,age_ythadult_y15_24,mts_details_total,2021,208.063
zaf,sex_m,age_ythadult_y15_24,mts_details_total,2022,265.407
zaf,sex_m,age_ythadult_y15_24,mts_details_total,2023,260.058
zaf,sex_m,age_ythadult_y15_24,mts_details_total,2024,292.334
zaf,sex_m,age_ythadult_y15_24,mts_details_union,2000,12.689
zaf,sex_m,age_ythadult_y15_24,mts_details_union,2004,6.417
zaf,sex_m,age_ythadult_y15_24,mts_details_union,2005,11.559
zaf,sex_m,age_ythadult_y15_24,mts_details_union,2006,7.417
zaf,sex_m,age_ythadult_y15_24,mts_details_union,2007,6.377
zaf,sex_m,age_ythadult_y15_24,mts_details_union,2008,24.847
zaf,sex_m,age_ythadult_y15_24,mts_details_union,2009,20.818
zaf,sex_m,age_ythadult_y15_24,mts_details_union,2010,11.786
zaf,sex_m,age_ythadult_y15_24,mts_details_union,2011,16.558
zaf,sex_m,age_ythadult_y15_24,mts_details_union,2012,21.229
zaf,sex_m,age_ythadult_y15_24,mts_details_union,2013,22.144
zaf,sex_m,age_ythadult_y15_24,mts_details_union,2014,14.836
zaf,sex_m,age_ythadult_y15_24,mts_details_union,2015,19.132
zaf,sex_m,age_ythadult_y15_24,mts_details_union,2016,21.68
zaf,sex_m,age_ythadult_y15_24,mts_details_union,2017,18.262
zaf,sex_m,age_ythadult_y15_24,mts_details_union,2018,22.164
zaf,sex_m,age_ythadult_y15_24,mts_details_union,2019,20.953
zaf,sex_m,age_ythadult_y15_24,mts_details_union,2020,13.138
zaf,sex_m,age_ythadult_y15_24,mts_details_union,2021,15.361
zaf,sex_m,age_ythadult_y15_24,mts_details_union,2022,11.244
zaf,sex_m,age_ythadult_y15_24,mts_details_union,2023,15.522
zaf,sex_m,age_ythadult_y15_24,mts_details_union,2024,20.13
zaf,sex_m,age_ythadult_y15_64,mts_aggregate_1,2000,328.89
zaf,sex_m,age_ythadult_y15_64,mts_aggregate_1,2001,584.832
zaf,sex_m,age_ythadult_y15_64,mts_aggregate_1,2002,468.829
zaf,sex_m,age_ythadult_y15_64,mts_aggregate_1,2003,429.591
zaf,sex_m,age_ythadult_y15_64,mts_aggregate_1,2004,465.964
zaf,sex_m,age_ythadult_y15_64,mts_aggregate_1,2005,529.883
zaf,sex_m,age_ythadult_y15_64,mts_aggregate_1,2006,584.302
zaf,sex_m,age_ythadult_y15_64,mts_aggregate_1,2007,534.608
zaf,sex_m,age_ythadult_y15_64,mts_aggregate_1,2008,1319.004
zaf,sex_m,age_ythadult_y15_64,mts_aggregate_1,2009,1191.261
zaf,sex_m,age_ythadult_y15_64,mts_aggregate_1,2010,1188.061
zaf,sex_m,age_ythadult_y15_64,mts_aggregate_1,2011,1202.909
zaf,sex_m,age_ythadult_y15_64,mts_aggregate_1,2012,1193.306
zaf,sex_m,age_ythadult_y15_64,mts_aggregate_1,2013,1257.915
zaf,sex_m,age_ythadult_y15_64,mts_aggregate_1,2014,1330.914
zaf,sex_m,age_ythadult_y15_64,mts_aggregate_1,2015,1465.442
zaf,sex_m,age_ythadult_y15_64,mts_aggregate_1,2016,1439.164
zaf,sex_m,age_ythadult_y15_64,mts_aggregate_1,2017,1518.587
zaf,sex_m,age_ythadult_y15_64,mts_aggregate_1,2018,1596.168
zaf,sex_m,age_ythadult_y15_64,mts_aggregate_1,2019,1546.566
zaf,sex_m,age_ythadult_y15_64,mts_aggregate_1,2020,1310.683
zaf,sex_m,age_ythadult_y15_64,mts_aggregate_1,2021,1316.673
zaf,sex_m,age_ythadult_y15_64,mts_aggregate_1,2022,1557.57
zaf,sex_m,age_ythadult_y15_64,mts_aggregate_1,2023,1688.007
zaf,sex_m,age_ythadult_y15_64,mts_aggregate_1,2024,1763.464
zaf,sex_m,age_ythadult_y15_64,mts_aggregate_2,2000,968.107
zaf,sex_m,age_ythadult_y15_64,mts_aggregate_2,2001,715.208
zaf,sex_m,age_ythadult_y15_64,mts_aggregate_2,2002,572.049
zaf,sex_m,age_ythadult_y15_64,mts_aggregate_2,2003,550.9
zaf,sex_m,age_ythadult_y15_64,mts_aggregate_2,2004,571.04
zaf,sex_m,age_ythadult_y15_64,mts_aggregate_2,2005,592.289
zaf,sex_m,age_ythadult_y15_64,mts_aggregate_2,2006,603.11
zaf,sex_m,age_ythadult_y15_64,mts_aggregate_2,2007,569.219
zaf,sex_m,age_ythadult_y15_64,mts_aggregate_2,2008,1044.05
zaf,sex_m,age_ythadult_y15_64,mts_aggregate_2,2009,964.416
zaf,sex_m,age_ythadult_y15_64,mts_aggregate_2,2010,1017.453
zaf,sex_m,age_ythadult_y15_64,mts_aggregate_2,2011,967.476
zaf,sex_m,age_ythadult_y15_64,mts_aggregate_2,2012,1020.172
zaf,sex_m,age_ythadult_y15_64,mts_aggregate_2,2013,994.737
zaf,sex_m,age_ythadult_y15_64,mts_aggregate_2,2014,957.926
zaf,sex_m,age_ythadult_y15_64,mts_aggregate_2,2015,1137.073
zaf,sex_m,age_ythadult_y15_64,mts_aggregate_2,2016,1166.347
zaf,sex_m,age_ythadult_y15_64,mts_aggregate_2,2017,1177.391
zaf,sex_m,age_ythadult_y15_64,mts_aggregate_2,2018,1197.13
zaf,sex_m,age_ythadult_y15_64,mts_aggregate_2,2019,1226.982
zaf,sex_m,age_ythadult_y15_64,mts_aggregate_2,2020,1050.323
zaf,sex_m,age_ythadult_y15_64,mts_aggregate_2,2021,1097.57
zaf,sex_m,age_ythadult_y15_64,mts_aggregate_2,2022,1169.444
zaf,sex_m,age_ythadult_y15_64,mts_aggregate_2,2023,1188.871
zaf,sex_m,age_ythadult_y15_64,mts_aggregate_2,2024,1245.473
zaf,sex_m,age_ythadult_y15_64,mts_aggregate_total,2000,1297.482
zaf,sex_m,age_ythadult_y15_64,mts_aggregate_total,2001,1300.04
zaf,sex_m,age_ythadult_y15_64,mts_aggregate_total,2002,1041.215
zaf,sex_m,age_ythadult_y15_64,mts_aggregate_total,2003,980.628
zaf,sex_m,age_ythadult_y15_64,mts_aggregate_total,2004,1037.07
zaf,sex_m,age_ythadult_y15_64,mts_aggregate_total,2005,1122.686
zaf,sex_m,age_ythadult_y15_64,mts_aggregate_total,2006,1187.413
zaf,sex_m,age_ythadult_y15_64,mts_aggregate_total,2007,1103.976
zaf,sex_m,age_ythadult_y15_64,mts_aggregate_total,2008,2363.054
zaf,sex_m,age_ythadult_y15_64,mts_aggregate_total,2009,2155.677
zaf,sex_m,age_ythadult_y15_64,mts_aggregate_total,2010,2205.514
zaf,sex_m,age_ythadult_y15_64,mts_aggregate_total,2011,2170.385
zaf,sex_m,age_ythadult_y15_64,mts_aggregate_total,2012,2213.479
zaf,sex_m,age_ythadult_y15_64,mts_aggregate_total,2013,2252.653
zaf,sex_m,age_ythadult_y15_64,mts_aggregate_total,2014,2288.84
zaf,sex_m,age_ythadult_y15_64,mts_aggregate_total,2015,2602.515
zaf,sex_m,age_ythadult_y15_64,mts_aggregate_total,2016,2605.511
zaf,sex_m,age_ythadult_y15_64,mts_aggregate_total,2017,2695.979
zaf,sex_m,age_ythadult_y15_64,mts_aggregate_total,2018,2793.298
zaf,sex_m,age_ythadult_y15_64,mts_aggregate_total,2019,2773.548
zaf,sex_m,age_ythadult_y15_64,mts_aggregate_total,2020,2361.006
zaf,sex_m,age_ythadult_y15_64,mts_aggregate_total,2021,2414.243
zaf,sex_m,age_ythadult_y15_64,mts_aggregate_total,2022,2727.014
zaf,sex_m,age_ythadult_y15_64,mts_aggregate_total,2023,2876.877
zaf,sex_m,age_ythadult_y15_64,mts_aggregate_total,2024,3008.938
zaf,sex_m,age_ythadult_y15_64,mts_details_mrd,2000,653.9
zaf,sex_m,age_ythadult_y15_64,mts_details_mrd,2001,695.455
zaf,sex_m,age_ythadult_y15_64,mts_details_mrd,2002,558.528
zaf,sex_m,age_ythadult_y15_64,mts_details_mrd,2003,533.45
zaf,sex_m,age_ythadult_y15_64,mts_details_mrd,2004,463.804
zaf,sex_m,age_ythadult_y15_64,mts_details_mrd,2005,387.776
zaf,sex_m,age_ythadult_y15_64,mts_details_mrd,2006,389.193
zaf,sex_m,age_ythadult_y15_64,mts_details_mrd,2007,353.465
zaf,sex_m,age_ythadult_y15_64,mts_details_mrd,2008,662.497
zaf,sex_m,age_ythadult_y15_64,mts_details_mrd,2009,600.12
zaf,sex_m,age_ythadult_y15_64,mts_details_mrd,2010,629.18
zaf,sex_m,age_ythadult_y15_64,mts_details_mrd,2011,620.544
zaf,sex_m,age_ythadult_y15_64,mts_details_mrd,2012,647.083
zaf,sex_m,age_ythadult_y15_64,mts_details_mrd,2013,635.414
zaf,sex_m,age_ythadult_y15_64,mts_details_mrd,2014,591.083
zaf,sex_m,age_ythadult_y15_64,mts_details_mrd,2015,714.351
zaf,sex_m,age_ythadult_y15_64,mts_details_mrd,2016,704.24
zaf,sex_m,age_ythadult_y15_64,mts_details_mrd,2017,723.651
zaf,sex_m,age_ythadult_y15_64,mts_details_mrd,2018,720.689
zaf,sex_m,age_ythadult_y15_64,mts_details_mrd,2019,759.928
zaf,sex_m,age_ythadult_y15_64,mts_details_mrd,2020,664.941
zaf,sex_m,age_ythadult_y15_64,mts_details_mrd,2021,707.374
zaf,sex_m,age_ythadult_y15_64,mts_details_mrd,2022,701.119
zaf,sex_m,age_ythadult_y15_64,mts_details_mrd,2023,723.148
zaf,sex_m,age_ythadult_y15_64,mts_details_mrd,2024,758.215
zaf,sex_m,age_ythadult_y15_64,mts_details_sep,2000,296.002
zaf,sex_m,age_ythadult_y15_64,mts_details_sep,2001,541.664
zaf,sex_m,age_ythadult_y15_64,mts_details_sep,2002,433.426
zaf,sex_m,age_ythadult_y15_64,mts_details_sep,2003,403.136
zaf,sex_m,age_ythadult_y15_64,mts_details_sep,2004,208.737
zaf,sex_m,age_ythadult_y15_64,mts_details_sep,2005,30.462
zaf,sex_m,age_ythadult_y15_64,mts_details_sep,2007,24.528
zaf,sex_m,age_ythadult_y15_64,mts_details_sep,2008,52.297
zaf,sex_m,age_ythadult_y15_64,mts_details_sep,2009,46.298
zaf,sex_m,age_ythadult_y15_64,mts_details_sep,2010,53.609
zaf,sex_m,age_ythadult_y15_64,mts_details_sep,2011,46.478
zaf,sex_m,age_ythadult_y15_64,mts_details_sep,2012,54.258
zaf,sex_m,age_ythadult_y15_64,mts_details_sep,2013,48.391
zaf,sex_m,age_ythadult_y15_64,mts_details_sep,2014,51.356
zaf,sex_m,age_ythadult_y15_64,mts_details_sep,2015,57.775
zaf,sex_m,age_ythadult_y15_64,mts_details_sep,2017,53.526
zaf,sex_m,age_ythadult_y15_64,mts_details_sep,2018,61.765
zaf,sex_m,age_ythadult_y15_64,mts_details_sep,2019,50.016
zaf,sex_m,age_ythadult_y15_64,mts_details_sep,2022,56.093
zaf,sex_m,age_ythadult_y15_64,mts_details_sep,2023,55.675
zaf,sex_m,age_ythadult_y15_64,mts_details_sep,2024,69.367
zaf,sex_m,age_ythadult_y15_64,mts_details_sgle,2004,231.026
zaf,sex_m,age_ythadult_y15_64,mts_details_sgle,2005,480.691
zaf,sex_m,age_ythadult_y15_64,mts_details_sgle,2006,536.833
zaf,sex_m,age_ythadult_y15_64,mts_details_sgle,2007,493.139
zaf,sex_m,age_ythadult_y15_64,mts_details_sgle,2008,1231.431
zaf,sex_m,age_ythadult_y15_64,mts_details_sgle,2009,1113.897
zaf,sex_m,age_ythadult_y15_64,mts_details_sgle,2010,1104.017
zaf,sex_m,age_ythadult_y15_64,mts_details_sgle,2011,1122.925
zaf,sex_m,age_ythadult_y15_64,mts_details_sgle,2012,1109.011
zaf,sex_m,age_ythadult_y15_64,mts_details_sgle,2013,1169.425
zaf,sex_m,age_ythadult_y15_64,mts_details_sgle,2014,1241.814
zaf,sex_m,age_ythadult_y15_64,mts_details_sgle,2015,1382.09
zaf,sex_m,age_ythadult_y15_64,mts_details_sgle,2016,1355.922
zaf,sex_m,age_ythadult_y15_64,mts_details_sgle,2017,1416.11
zaf,sex_m,age_ythadult_y15_64,mts_details_sgle,2018,1495.064
zaf,sex_m,age_ythadult_y15_64,mts_details_sgle,2019,1458.046
zaf,sex_m,age_ythadult_y15_64,mts_details_sgle,2020,1225.947
zaf,sex_m,age_ythadult_y15_64,mts_details_sgle,2021,1231.793
zaf,sex_m,age_ythadult_y15_64,mts_details_sgle,2022,1466.526
zaf,sex_m,age_ythadult_y15_64,mts_details_sgle,2023,1602.709
zaf,sex_m,age_ythadult_y15_64,mts_details_sgle,2024,1666.646
zaf,sex_m,age_ythadult_y15_64,mts_details_total,2000,1297.482
zaf,sex_m,age_ythadult_y15_64,mts_details_total,2001,1300.04
zaf,sex_m,age_ythadult_y15_64,mts_details_total,2002,1041.215
zaf,sex_m,age_ythadult_y15_64,mts_details_total,2003,980.628
zaf,sex_m,age_ythadult_y15_64,mts_details_total,2004,1037.07
zaf,sex_m,age_ythadult_y15_64,mts_details_total,2005,1122.686
zaf,sex_m,age_ythadult_y15_64,mts_details_total,2006,1187.413
zaf,sex_m,age_ythadult_y15_64,mts_details_total,2007,1103.976
zaf,sex_m,age_ythadult_y15_64,mts_details_total,2008,2363.054
zaf,sex_m,age_ythadult_y15_64,mts_details_total,2009,2155.677
zaf,sex_m,age_ythadult_y15_64,mts_details_total,2010,2205.514
zaf,sex_m,age_ythadult_y15_64,mts_details_total,2011,2170.385
zaf,sex_m,age_ythadult_y15_64,mts_details_total,2012,2213.479
zaf,sex_m,age_ythadult_y15_64,mts_details_total,2013,2252.653
zaf,sex_m,age_ythadult_y15_64,mts_details_total,2014,2288.84
zaf,sex_m,age_ythadult_y15_64,mts_details_total,2015,2602.515
zaf,sex_m,age_ythadult_y15_64,mts_details_total,2016,2605.511
zaf,sex_m,age_ythadult_y15_64,mts_details_total,2017,2695.979
zaf,sex_m,age_ythadult_y15_64,mts_details_total,2018,2793.298
zaf,sex_m,age_ythadult_y15_64,mts_details_total,2019,2773.548
zaf,sex_m,age_ythadult_y15_64,mts_details_total,2020,2361.006
zaf,sex_m,age_ythadult_y15_64,mts_details_total,2021,2414.243
zaf,sex_m,age_ythadult_y15_64,mts_details_total,2022,2727.014
zaf,sex_m,age_ythadult_y15_64,mts_details_total,2023,2876.877
zaf,sex_m,age_ythadult_y15_64,mts_details_total,2024,3008.938
zaf,sex_m,age_ythadult_y15_64,mts_details_union,2000,314.206
zaf,sex_m,age_ythadult_y15_64,mts_details_union,2001,19.754
zaf,sex_m,age_ythadult_y15_64,mts_details_union,2003,17.45
zaf,sex_m,age_ythadult_y15_64,mts_details_union,2004,107.236
zaf,sex_m,age_ythadult_y15_64,mts_details_union,2005,204.513
zaf,sex_m,age_ythadult_y15_64,mts_details_union,2006,213.917
zaf,sex_m,age_ythadult_y15_64,mts_details_union,2007,215.753
zaf,sex_m,age_ythadult_y15_64,mts_details_union,2008,381.553
zaf,sex_m,age_ythadult_y15_64,mts_details_union,2009,364.296
zaf,sex_m,age_ythadult_y15_64,mts_details_union,2010,388.273
zaf,sex_m,age_ythadult_y15_64,mts_details_union,2011,346.932
zaf,sex_m,age_ythadult_y15_64,mts_details_union,2012,373.089
zaf,sex_m,age_ythadult_y15_64,mts_details_union,2013,359.324
zaf,sex_m,age_ythadult_y15_64,mts_details_union,2014,366.843
zaf,sex_m,age_ythadult_y15_64,mts_details_union,2015,422.722
zaf,sex_m,age_ythadult_y15_64,mts_details_union,2016,462.107
zaf,sex_m,age_ythadult_y15_64,mts_details_union,2017,453.74
zaf,sex_m,age_ythadult_y15_64,mts_details_union,2018,476.441
zaf,sex_m,age_ythadult_y15_64,mts_details_union,2019,467.054
zaf,sex_m,age_ythadult_y15_64,mts_details_union,2020,385.382
zaf,sex_m,age_ythadult_y15_64,mts_details_union,2021,390.196
zaf,sex_m,age_ythadult_y15_64,mts_details_union,2022,468.324
zaf,sex_m,age_ythadult_y15_64,mts_details_union,2023,465.723
zaf,sex_m,age_ythadult_y15_64,mts_details_union,2024,487.258
zaf,sex_m,age_ythadult_y15_64,mts_details_wid,2000,32.888
zaf,sex_m,age_ythadult_y15_64,mts_details_wid,2001,43.168
zaf,sex_m,age_ythadult_y15_64,mts_details_wid,2002,35.403
zaf,sex_m,age_ythadult_y15_64,mts_details_wid,2003,26.454
zaf,sex_m,age_ythadult_y15_64,mts_details_wid,2004,26.2
zaf,sex_m,age_ythadult_y15_64,mts_details_wid,2005,18.73
zaf,sex_m,age_ythadult_y15_64,mts_details_wid,2006,19.12
zaf,sex_m,age_ythadult_y15_64,mts_details_wid,2007,16.941
zaf,sex_m,age_ythadult_y15_64,mts_details_wid,2008,35.276
zaf,sex_m,age_ythadult_y15_64,mts_details_wid,2009,31.066
zaf,sex_m,age_ythadult_y15_64,mts_details_wid,2010,30.435
zaf,sex_m,age_ythadult_y15_64,mts_details_wid,2011,33.506
zaf,sex_m,age_ythadult_y15_64,mts_details_wid,2012,30.037
zaf,sex_m,age_ythadult_y15_64,mts_details_wid,2014,37.743
zaf,sex_m,age_ythadult_y15_64,mts_details_wid,2015,25.577
zaf,sex_m,age_ythadult_y15_64,mts_details_wid,2017,48.951
zaf,sex_m,age_ythadult_y15_64,mts_details_wid,2018,39.34
zaf,sex_m,age_ythadult_y15_64,mts_details_wid,2022,34.951
zaf,sex_m,age_ythadult_yge15,mts_aggregate_1,2000,333.505
zaf,sex_m,age_ythadult_yge15,mts_aggregate_1,2001,590.56
zaf,sex_m,age_ythadult_yge15,mts_aggregate_1,2002,474.88
zaf,sex_m,age_ythadult_yge15,mts_aggregate_1,2003,432.985
zaf,sex_m,age_ythadult_yge15,mts_aggregate_1,2004,470.083
zaf,sex_m,age_ythadult_yge15,mts_aggregate_1,2005,538.091
zaf,sex_m,age_ythadult_yge15,mts_aggregate_1,2006,594.364
zaf,sex_m,age_ythadult_yge15,mts_aggregate_1,2007,553.846
zaf,sex_m,age_ythadult_yge15,mts_aggregate_1,2008,1327.781
zaf,sex_m,age_ythadult_yge15,mts_aggregate_1,2009,1198.646
zaf,sex_m,age_ythadult_yge15,mts_aggregate_1,2010,1194.131
zaf,sex_m,age_ythadult_yge15,mts_aggregate_1,2011,1207.87
zaf,sex_m,age_ythadult_yge15,mts_aggregate_1,2012,1200.656
zaf,sex_m,age_ythadult_yge15,mts_aggregate_1,2013,1270.312
zaf,sex_m,age_ythadult_yge15,mts_aggregate_1,2014,1337.6
zaf,sex_m,age_ythadult_yge15,mts_aggregate_1,2015,1472.79
zaf,sex_m,age_ythadult_yge15,mts_aggregate_1,2016,1451.516
zaf,sex_m,age_ythadult_yge15,mts_aggregate_1,2017,1529.15
zaf,sex_m,age_ythadult_yge15,mts_aggregate_1,2018,1606.016
zaf,sex_m,age_ythadult_yge15,mts_aggregate_1,2019,1560.502
zaf,sex_m,age_ythadult_yge15,mts_aggregate_1,2020,1321.336
zaf,sex_m,age_ythadult_yge15,mts_aggregate_1,2021,1327.627
zaf,sex_m,age_ythadult_yge15,mts_aggregate_1,2022,1570.318
zaf,sex_m,age_ythadult_yge15,mts_aggregate_1,2023,1699.471
zaf,sex_m,age_ythadult_yge15,mts_aggregate_1,2024,1779.375
zaf,sex_m,age_ythadult_yge15,mts_aggregate_2,2000,1015.144
zaf,sex_m,age_ythadult_yge15,mts_aggregate_2,2001,763.006
zaf,sex_m,age_ythadult_yge15,mts_aggregate_2,2002,602.081
zaf,sex_m,age_ythadult_yge15,mts_aggregate_2,2003,583.147
zaf,sex_m,age_ythadult_yge15,mts_aggregate_2,2004,592.096
zaf,sex_m,age_ythadult_yge15,mts_aggregate_2,2005,612.826
zaf,sex_m,age_ythadult_yge15,mts_aggregate_2,2006,627.265
zaf,sex_m,age_ythadult_yge15,mts_aggregate_2,2007,593.782
zaf,sex_m,age_ythadult_yge15,mts_aggregate_2,2008,1070.443
zaf,sex_m,age_ythadult_yge15,mts_aggregate_2,2009,983.897
zaf,sex_m,age_ythadult_yge15,mts_aggregate_2,2010,1038.66
zaf,sex_m,age_ythadult_yge15,mts_aggregate_2,2011,982.137
zaf,sex_m,age_ythadult_yge15,mts_aggregate_2,2012,1040.247
zaf,sex_m,age_ythadult_yge15,mts_aggregate_2,2013,1015.669
zaf,sex_m,age_ythadult_yge15,mts_aggregate_2,2014,978.115
zaf,sex_m,age_ythadult_yge15,mts_aggregate_2,2015,1157.396
zaf,sex_m,age_ythadult_yge15,mts_aggregate_2,2016,1194.367
zaf,sex_m,age_ythadult_yge15,mts_aggregate_2,2017,1206.749
zaf,sex_m,age_ythadult_yge15,mts_aggregate_2,2018,1233.503
zaf,sex_m,age_ythadult_yge15,mts_aggregate_2,2019,1259.98
zaf,sex_m,age_ythadult_yge15,mts_aggregate_2,2020,1075.89
zaf,sex_m,age_ythadult_yge15,mts_aggregate_2,2021,1120.821
zaf,sex_m,age_ythadult_yge15,mts_aggregate_2,2022,1200.843
zaf,sex_m,age_ythadult_yge15,mts_aggregate_2,2023,1217.714
zaf,sex_m,age_ythadult_yge15,mts_aggregate_2,2024,1279.918
zaf,sex_m,age_ythadult_yge15,mts_aggregate_total,2000,1349.134
zaf,sex_m,age_ythadult_yge15,mts_aggregate_total,2001,1353.566
zaf,sex_m,age_ythadult_yge15,mts_aggregate_total,2002,1077.44
zaf,sex_m,age_ythadult_yge15,mts_aggregate_total,2003,1016.269
zaf,sex_m,age_ythadult_yge15,mts_aggregate_total,2004,1062.246
zaf,sex_m,age_ythadult_yge15,mts_aggregate_total,2005,1151.43
zaf,sex_m,age_ythadult_yge15,mts_aggregate_total,2006,1221.927
zaf,sex_m,age_ythadult_yge15,mts_aggregate_total,2007,1147.777
zaf,sex_m,age_ythadult_yge15,mts_aggregate_total,2008,2398.224
zaf,sex_m,age_ythadult_yge15,mts_aggregate_total,2009,2182.543
zaf,sex_m,age_ythadult_yge15,mts_aggregate_total,2010,2232.791
zaf,sex_m,age_ythadult_yge15,mts_aggregate_total,2011,2190.007
zaf,sex_m,age_ythadult_yge15,mts_aggregate_total,2012,2240.902
zaf,sex_m,age_ythadult_yge15,mts_aggregate_total,2013,2285.981
zaf,sex_m,age_ythadult_yge15,mts_aggregate_total,2014,2315.715
zaf,sex_m,age_ythadult_yge15,mts_aggregate_total,2015,2630.186
zaf,sex_m,age_ythadult_yge15,mts_aggregate_total,2016,2645.883
zaf,sex_m,age_ythadult_yge15,mts_aggregate_total,2017,2735.899
zaf,sex_m,age_ythadult_yge15,mts_aggregate_total,2018,2839.519
zaf,sex_m,age_ythadult_yge15,mts_aggregate_total,2019,2820.482
zaf,sex_m,age_ythadult_yge15,mts_aggregate_total,2020,2397.226
zaf,sex_m,age_ythadult_yge15,mts_aggregate_total,2021,2448.448
zaf,sex_m,age_ythadult_yge15,mts_aggregate_total,2022,2771.162
zaf,sex_m,age_ythadult_yge15,mts_aggregate_total,2023,2917.185
zaf,sex_m,age_ythadult_yge15,mts_aggregate_total,2024,3059.293
zaf,sex_m,age_ythadult_yge15,mts_details_mrd,2000,680.917
zaf,sex_m,age_ythadult_yge15,mts_details_mrd,2001,737.579
zaf,sex_m,age_ythadult_yge15,mts_details_mrd,2002,584.696
zaf,sex_m,age_ythadult_yge15,mts_details_mrd,2003,561.612
zaf,sex_m,age_ythadult_yge15,mts_details_mrd,2004,481.913
zaf,sex_m,age_ythadult_yge15,mts_details_mrd,2005,405.428
zaf,sex_m,age_ythadult_yge15,mts_details_mrd,2006,410.955
zaf,sex_m,age_ythadult_yge15,mts_details_mrd,2007,373.833
zaf,sex_m,age_ythadult_yge15,mts_details_mrd,2008,685.997
zaf,sex_m,age_ythadult_yge15,mts_details_mrd,2009,616.001
zaf,sex_m,age_ythadult_yge15,mts_details_mrd,2010,647.738
zaf,sex_m,age_ythadult_yge15,mts_details_mrd,2011,633.265
zaf,sex_m,age_ythadult_yge15,mts_details_mrd,2012,666.463
zaf,sex_m,age_ythadult_yge15,mts_details_mrd,2013,655.025
zaf,sex_m,age_ythadult_yge15,mts_details_mrd,2014,609.582
zaf,sex_m,age_ythadult_yge15,mts_details_mrd,2015,730.656
zaf,sex_m,age_ythadult_yge15,mts_details_mrd,2016,728.889
zaf,sex_m,age_ythadult_yge15,mts_details_mrd,2017,750.515
zaf,sex_m,age_ythadult_yge15,mts_details_mrd,2018,751.841
zaf,sex_m,age_ythadult_yge15,mts_details_mrd,2019,788.266
zaf,sex_m,age_ythadult_yge15,mts_details_mrd,2020,687.034
zaf,sex_m,age_ythadult_yge15,mts_details_mrd,2021,728.063
zaf,sex_m,age_ythadult_yge15,mts_details_mrd,2022,730.218
zaf,sex_m,age_ythadult_yge15,mts_details_mrd,2023,748.699
zaf,sex_m,age_ythadult_yge15,mts_details_mrd,2024,787.475
zaf,sex_m,age_ythadult_yge15,mts_details_sep,2000,296.64
zaf,sex_m,age_ythadult_yge15,mts_details_sep,2001,545.254
zaf,sex_m,age_ythadult_yge15,mts_details_sep,2002,437.764
zaf,sex_m,age_ythadult_yge15,mts_details_sep,2003,405.412
zaf,sex_m,age_ythadult_yge15,mts_details_sep,2004,210.893
zaf,sex_m,age_ythadult_yge15,mts_details_sep,2005,31.882
zaf,sex_m,age_ythadult_yge15,mts_details_sep,2006,29.94
zaf,sex_m,age_ythadult_yge15,mts_details_sep,2007,32.791
zaf,sex_m,age_ythadult_yge15,mts_details_sep,2008,54.353
zaf,sex_m,age_ythadult_yge15,mts_details_sep,2009,47.808
zaf,sex_m,age_ythadult_yge15,mts_details_sep,2010,54.795
zaf,sex_m,age_ythadult_yge15,mts_details_sep,2011,47.347
zaf,sex_m,age_ythadult_yge15,mts_details_sep,2012,56.062
zaf,sex_m,age_ythadult_yge15,mts_details_sep,2013,53.26
zaf,sex_m,age_ythadult_yge15,mts_details_sep,2014,53.122
zaf,sex_m,age_ythadult_yge15,mts_details_sep,2015,58.786
zaf,sex_m,age_ythadult_yge15,mts_details_sep,2016,52.14
zaf,sex_m,age_ythadult_yge15,mts_details_sep,2017,55.237
zaf,sex_m,age_ythadult_yge15,mts_details_sep,2018,62.999
zaf,sex_m,age_ythadult_yge15,mts_details_sep,2019,53.076
zaf,sex_m,age_ythadult_yge15,mts_details_sep,2020,49.442
zaf,sex_m,age_ythadult_yge15,mts_details_sep,2021,49.461
zaf,sex_m,age_ythadult_yge15,mts_details_sep,2022,58.933
zaf,sex_m,age_ythadult_yge15,mts_details_sep,2023,57.986
zaf,sex_m,age_ythadult_yge15,mts_details_sep,2024,71.508
zaf,sex_m,age_ythadult_yge15,mts_details_sgle,2004,231.399
zaf,sex_m,age_ythadult_yge15,mts_details_sgle,2005,483.26
zaf,sex_m,age_ythadult_yge15,mts_details_sgle,2006,541.796
zaf,sex_m,age_ythadult_yge15,mts_details_sgle,2007,499.861
zaf,sex_m,age_ythadult_yge15,mts_details_sgle,2008,1234.972
zaf,sex_m,age_ythadult_yge15,mts_details_sgle,2009,1115.417
zaf,sex_m,age_ythadult_yge15,mts_details_sgle,2010,1105.667
zaf,sex_m,age_ythadult_yge15,mts_details_sgle,2011,1124.386
zaf,sex_m,age_ythadult_yge15,mts_details_sgle,2012,1111.08
zaf,sex_m,age_ythadult_yge15,mts_details_sgle,2013,1172.119
zaf,sex_m,age_ythadult_yge15,mts_details_sgle,2014,1243.538
zaf,sex_m,age_ythadult_yge15,mts_details_sgle,2015,1383.895
zaf,sex_m,age_ythadult_yge15,mts_details_sgle,2016,1360.122
zaf,sex_m,age_ythadult_yge15,mts_details_sgle,2017,1419.018
zaf,sex_m,age_ythadult_yge15,mts_details_sgle,2018,1497.638
zaf,sex_m,age_ythadult_yge15,mts_details_sgle,2019,1461.968
zaf,sex_m,age_ythadult_yge15,mts_details_sgle,2020,1231.167
zaf,sex_m,age_ythadult_yge15,mts_details_sgle,2021,1235.361
zaf,sex_m,age_ythadult_yge15,mts_details_sgle,2022,1472.51
zaf,sex_m,age_ythadult_yge15,mts_details_sgle,2023,1606.595
zaf,sex_m,age_ythadult_yge15,mts_details_sgle,2024,1673.443
zaf,sex_m,age_ythadult_yge15,mts_details_total,2000,1349.134
zaf,sex_m,age_ythadult_yge15,mts_details_total,2001,1353.566
zaf,sex_m,age_ythadult_yge15,mts_details_total,2002,1077.44
zaf,sex_m,age_ythadult_yge15,mts_details_total,2003,1016.269
zaf,sex_m,age_ythadult_yge15,mts_details_total,2004,1062.246
zaf,sex_m,age_ythadult_yge15,mts_details_total,2005,1151.43
zaf,sex_m,age_ythadult_yge15,mts_details_total,2006,1221.927
zaf,sex_m,age_ythadult_yge15,mts_details_total,2007,1147.777
zaf,sex_m,age_ythadult_yge15,mts_details_total,2008,2398.224
zaf,sex_m,age_ythadult_yge15,mts_details_total,2009,2182.543
zaf,sex_m,age_ythadult_yge15,mts_details_total,2010,2232.791
zaf,sex_m,age_ythadult_yge15,mts_details_total,2011,2190.007
zaf,sex_m,age_ythadult_yge15,mts_details_total,2012,2240.902
zaf,sex_m,age_ythadult_yge15,mts_details_total,2013,2285.981
zaf,sex_m,age_ythadult_yge15,mts_details_total,2014,2315.715
zaf,sex_m,age_ythadult_yge15,mts_details_total,2015,2630.186
zaf,sex_m,age_ythadult_yge15,mts_details_total,2016,2645.883
zaf,sex_m,age_ythadult_yge15,mts_details_total,2017,2735.899
zaf,sex_m,age_ythadult_yge15,mts_details_total,2018,2839.519
zaf,sex_m,age_ythadult_yge15,mts_details_total,2019,2820.482
zaf,sex_m,age_ythadult_yge15,mts_details_total,2020,2397.226
zaf,sex_m,age_ythadult_yge15,mts_details_total,2021,2448.448
zaf,sex_m,age_ythadult_yge15,mts_details_total,2022,2771.162
zaf,sex_m,age_ythadult_yge15,mts_details_total,2023,2917.185
zaf,sex_m,age_ythadult_yge15,mts_details_total,2024,3059.293
zaf,sex_m,age_ythadult_yge15,mts_details_union,2000,334.227
zaf,sex_m,age_ythadult_yge15,mts_details_union,2001,25.427
zaf,sex_m,age_ythadult_yge15,mts_details_union,2002,17.385
zaf,sex_m,age_ythadult_yge15,mts_details_union,2003,21.535
zaf,sex_m,age_ythadult_yge15,mts_details_union,2004,110.184
zaf,sex_m,age_ythadult_yge15,mts_details_union,2005,207.398
zaf,sex_m,age_ythadult_yge15,mts_details_union,2006,216.31
zaf,sex_m,age_ythadult_yge15,mts_details_union,2007,219.948
zaf,sex_m,age_ythadult_yge15,mts_details_union,2008,384.446
zaf,sex_m,age_ythadult_yge15,mts_details_union,2009,367.896
zaf,sex_m,age_ythadult_yge15,mts_details_union,2010,390.922
zaf,sex_m,age_ythadult_yge15,mts_details_union,2011,348.872
zaf,sex_m,age_ythadult_yge15,mts_details_union,2012,373.784
zaf,sex_m,age_ythadult_yge15,mts_details_union,2013,360.644
zaf,sex_m,age_ythadult_yge15,mts_details_union,2014,368.533
zaf,sex_m,age_ythadult_yge15,mts_details_union,2015,426.74
zaf,sex_m,age_ythadult_yge15,mts_details_union,2016,465.478
zaf,sex_m,age_ythadult_yge15,mts_details_union,2017,456.234
zaf,sex_m,age_ythadult_yge15,mts_details_union,2018,481.662
zaf,sex_m,age_ythadult_yge15,mts_details_union,2019,471.714
zaf,sex_m,age_ythadult_yge15,mts_details_union,2020,388.856
zaf,sex_m,age_ythadult_yge15,mts_details_union,2021,392.758
zaf,sex_m,age_ythadult_yge15,mts_details_union,2022,470.626
zaf,sex_m,age_ythadult_yge15,mts_details_union,2023,469.015
zaf,sex_m,age_ythadult_yge15,mts_details_union,2024,492.443
zaf,sex_m,age_ythadult_yge15,mts_details_wid,2000,36.865
zaf,sex_m,age_ythadult_yge15,mts_details_wid,2001,45.306
zaf,sex_m,age_ythadult_yge15,mts_details_wid,2002,37.116
zaf,sex_m,age_ythadult_yge15,mts_details_wid,2003,27.573
zaf,sex_m,age_ythadult_yge15,mts_details_wid,2004,27.791
zaf,sex_m,age_ythadult_yge15,mts_details_wid,2005,22.949
zaf,sex_m,age_ythadult_yge15,mts_details_wid,2006,22.628
zaf,sex_m,age_ythadult_yge15,mts_details_wid,2007,21.194
zaf,sex_m,age_ythadult_yge15,mts_details_wid,2008,38.456
zaf,sex_m,age_ythadult_yge15,mts_details_wid,2009,35.421
zaf,sex_m,age_ythadult_yge15,mts_details_wid,2010,33.67
zaf,sex_m,age_ythadult_yge15,mts_details_wid,2011,36.137
zaf,sex_m,age_ythadult_yge15,mts_details_wid,2012,33.514
zaf,sex_m,age_ythadult_yge15,mts_details_wid,2013,44.932
zaf,sex_m,age_ythadult_yge15,mts_details_wid,2014,40.94
zaf,sex_m,age_ythadult_yge15,mts_details_wid,2015,30.108
zaf,sex_m,age_ythadult_yge15,mts_details_wid,2016,39.253
zaf,sex_m,age_ythadult_yge15,mts_details_wid,2017,54.894
zaf,sex_m,age_ythadult_yge15,mts_details_wid,2018,45.379
zaf,sex_m,age_ythadult_yge15,mts_details_wid,2019,45.458
zaf,sex_m,age_ythadult_yge15,mts_details_wid,2020,40.727
zaf,sex_m,age_ythadult_yge15,mts_details_wid,2021,42.806
zaf,sex_m,age_ythadult_yge15,mts_details_wid,2022,38.875
zaf,sex_m,age_ythadult_yge15,mts_details_wid,2023,34.89
zaf,sex_m,age_ythadult_yge15,mts_details_wid,2024,34.423
zaf,sex_m,age_ythadult_yge25,mts_aggregate_1,2000,243.762
zaf,sex_m,age_ythadult_yge25,mts_aggregate_1,2001,393.225
zaf,sex_m,age_ythadult_yge25,mts_aggregate_1,2002,334.8
zaf,sex_m,age_ythadult_yge25,mts_aggregate_1,2003,311.244
zaf,sex_m,age_ythadult_yge25,mts_aggregate_1,2004,329.87
zaf,sex_m,age_ythadult_yge25,mts_aggregate_1,2005,387.087
zaf,sex_m,age_ythadult_yge25,mts_aggregate_1,2006,429.715
zaf,sex_m,age_ythadult_yge25,mts_aggregate_1,2007,402.14
zaf,sex_m,age_ythadult_yge25,mts_aggregate_1,2008,962.884
zaf,sex_m,age_ythadult_yge25,mts_aggregate_1,2009,892.976
zaf,sex_m,age_ythadult_yge25,mts_aggregate_1,2010,898.624
zaf,sex_m,age_ythadult_yge25,mts_aggregate_1,2011,928.721
zaf,sex_m,age_ythadult_yge25,mts_aggregate_1,2012,944.046
zaf,sex_m,age_ythadult_yge25,mts_aggregate_1,2013,1009.076
zaf,sex_m,age_ythadult_yge25,mts_aggregate_1,2014,1065.394
zaf,sex_m,age_ythadult_yge25,mts_aggregate_1,2015,1163.476
zaf,sex_m,age_ythadult_yge25,mts_aggregate_1,2016,1167.192
zaf,sex_m,age_ythadult_yge25,mts_aggregate_1,2017,1221.499
zaf,sex_m,age_ythadult_yge25,mts_aggregate_1,2018,1310.085
zaf,sex_m,age_ythadult_yge25,mts_aggregate_1,2019,1294.123
zaf,sex_m,age_ythadult_yge25,mts_aggregate_1,2020,1129.664
zaf,sex_m,age_ythadult_yge25,mts_aggregate_1,2021,1140.759
zaf,sex_m,age_ythadult_yge25,mts_aggregate_1,2022,1328.048
zaf,sex_m,age_ythadult_yge25,mts_aggregate_1,2023,1462.707
zaf,sex_m,age_ythadult_yge25,mts_aggregate_1,2024,1520.642
zaf,sex_m,age_ythadult_yge25,mts_aggregate_2,2000,874.234
zaf,sex_m,age_ythadult_yge25,mts_aggregate_2,2001,737.211
zaf,sex_m,age_ythadult_yge25,mts_aggregate_2,2002,586.681
zaf,sex_m,age_ythadult_yge25,mts_aggregate_2,2003,570.271
zaf,sex_m,age_ythadult_yge25,mts_aggregate_2,2004,574.772
zaf,sex_m,age_ythadult_yge25,mts_aggregate_2,2005,592.224
zaf,sex_m,age_ythadult_yge25,mts_aggregate_2,2006,613.037
zaf,sex_m,age_ythadult_yge25,mts_aggregate_2,2007,580.616
zaf,sex_m,age_ythadult_yge25,mts_aggregate_2,2008,1026.768
zaf,sex_m,age_ythadult_yge25,mts_aggregate_2,2009,949.441
zaf,sex_m,age_ythadult_yge25,mts_aggregate_2,2010,1016.898
zaf,sex_m,age_ythadult_yge25,mts_aggregate_2,2011,955.071
zaf,sex_m,age_ythadult_yge25,mts_aggregate_2,2012,1008.313
zaf,sex_m,age_ythadult_yge25,mts_aggregate_2,2013,982.439
zaf,sex_m,age_ythadult_yge25,mts_aggregate_2,2014,950.31
zaf,sex_m,age_ythadult_yge25,mts_aggregate_2,2015,1123.721
zaf,sex_m,age_ythadult_yge25,mts_aggregate_2,2016,1154.853
zaf,sex_m,age_ythadult_yge25,mts_aggregate_2,2017,1170.884
zaf,sex_m,age_ythadult_yge25,mts_aggregate_2,2018,1198.409
zaf,sex_m,age_ythadult_yge25,mts_aggregate_2,2019,1232.041
zaf,sex_m,age_ythadult_yge25,mts_aggregate_2,2020,1057.247
zaf,sex_m,age_ythadult_yge25,mts_aggregate_2,2021,1099.626
zaf,sex_m,age_ythadult_yge25,mts_aggregate_2,2022,1177.707
zaf,sex_m,age_ythadult_yge25,mts_aggregate_2,2023,1194.419
zaf,sex_m,age_ythadult_yge25,mts_aggregate_2,2024,1246.317
zaf,sex_m,age_ythadult_yge25,mts_aggregate_total,2000,1118.339
zaf,sex_m,age_ythadult_yge25,mts_aggregate_total,2001,1130.436
zaf,sex_m,age_ythadult_yge25,mts_aggregate_total,2002,921.96
zaf,sex_m,age_ythadult_yge25,mts_aggregate_total,2003,881.653
zaf,sex_m,age_ythadult_yge25,mts_aggregate_total,2004,904.709
zaf,sex_m,age_ythadult_yge25,mts_aggregate_total,2005,979.825
zaf,sex_m,age_ythadult_yge25,mts_aggregate_total,2006,1043.05
zaf,sex_m,age_ythadult_yge25,mts_aggregate_total,2007,982.905
zaf,sex_m,age_ythadult_yge25,mts_aggregate_total,2008,1989.653
zaf,sex_m,age_ythadult_yge25,mts_aggregate_total,2009,1842.417
zaf,sex_m,age_ythadult_yge25,mts_aggregate_total,2010,1915.523
zaf,sex_m,age_ythadult_yge25,mts_aggregate_total,2011,1883.792
zaf,sex_m,age_ythadult_yge25,mts_aggregate_total,2012,1952.359
zaf,sex_m,age_ythadult_yge25,mts_aggregate_total,2013,1991.515
zaf,sex_m,age_ythadult_yge25,mts_aggregate_total,2014,2015.704
zaf,sex_m,age_ythadult_yge25,mts_aggregate_total,2015,2287.197
zaf,sex_m,age_ythadult_yge25,mts_aggregate_total,2016,2322.045
zaf,sex_m,age_ythadult_yge25,mts_aggregate_total,2017,2392.383
zaf,sex_m,age_ythadult_yge25,mts_aggregate_total,2018,2508.494
zaf,sex_m,age_ythadult_yge25,mts_aggregate_total,2019,2526.164
zaf,sex_m,age_ythadult_yge25,mts_aggregate_total,2020,2186.911
zaf,sex_m,age_ythadult_yge25,mts_aggregate_total,2021,2240.385
zaf,sex_m,age_ythadult_yge25,mts_aggregate_total,2022,2505.755
zaf,sex_m,age_ythadult_yge25,mts_aggregate_total,2023,2657.126
zaf,sex_m,age_ythadult_yge25,mts_aggregate_total,2024,2766.959
zaf,sex_m,age_ythadult_yge25,mts_details_mrd,2000,552.696
zaf,sex_m,age_ythadult_yge25,mts_details_mrd,2001,711.837
zaf,sex_m,age_ythadult_yge25,mts_details_mrd,2002,569.296
zaf,sex_m,age_ythadult_yge25,mts_details_mrd,2003,548.892
zaf,sex_m,age_ythadult_yge25,mts_details_mrd,2004,471.005
zaf,sex_m,age_ythadult_yge25,mts_details_mrd,2005,396.385
zaf,sex_m,age_ythadult_yge25,mts_details_mrd,2006,404.144
zaf,sex_m,age_ythadult_yge25,mts_details_mrd,2007,367.044
zaf,sex_m,age_ythadult_yge25,mts_details_mrd,2008,667.169
zaf,sex_m,age_ythadult_yge25,mts_details_mrd,2009,602.362
zaf,sex_m,age_ythadult_yge25,mts_details_mrd,2010,637.762
zaf,sex_m,age_ythadult_yge25,mts_details_mrd,2011,622.757
zaf,sex_m,age_ythadult_yge25,mts_details_mrd,2012,655.758
zaf,sex_m,age_ythadult_yge25,mts_details_mrd,2013,643.94
zaf,sex_m,age_ythadult_yge25,mts_details_mrd,2014,596.614
zaf,sex_m,age_ythadult_yge25,mts_details_mrd,2015,716.113
zaf,sex_m,age_ythadult_yge25,mts_details_mrd,2016,711.055
zaf,sex_m,age_ythadult_yge25,mts_details_mrd,2017,732.912
zaf,sex_m,age_ythadult_yge25,mts_details_mrd,2018,738.91
zaf,sex_m,age_ythadult_yge25,mts_details_mrd,2019,781.28
zaf,sex_m,age_ythadult_yge25,mts_details_mrd,2020,681.529
zaf,sex_m,age_ythadult_yge25,mts_details_mrd,2021,722.229
zaf,sex_m,age_ythadult_yge25,mts_details_mrd,2022,718.325
zaf,sex_m,age_ythadult_yge25,mts_details_mrd,2023,740.926
zaf,sex_m,age_ythadult_yge25,mts_details_mrd,2024,774.004
zaf,sex_m,age_ythadult_yge25,mts_details_sep,2000,207.179
zaf,sex_m,age_ythadult_yge25,mts_details_sep,2001,348.174
zaf,sex_m,age_ythadult_yge25,mts_details_sep,2002,297.93
zaf,sex_m,age_ythadult_yge25,mts_details_sep,2003,284.386
zaf,sex_m,age_ythadult_yge25,mts_details_sep,2004,154.035
zaf,sex_m,age_ythadult_yge25,mts_details_sep,2005,31.882
zaf,sex_m,age_ythadult_yge25,mts_details_sep,2006,29.94
zaf,sex_m,age_ythadult_yge25,mts_details_sep,2007,31.746
zaf,sex_m,age_ythadult_yge25,mts_details_sep,2008,53.546
zaf,sex_m,age_ythadult_yge25,mts_details_sep,2009,47.352
zaf,sex_m,age_ythadult_yge25,mts_details_sep,2010,54.505
zaf,sex_m,age_ythadult_yge25,mts_details_sep,2011,47.238
zaf,sex_m,age_ythadult_yge25,mts_details_sep,2012,55.637
zaf,sex_m,age_ythadult_yge25,mts_details_sep,2013,53.26
zaf,sex_m,age_ythadult_yge25,mts_details_sep,2014,52.635
zaf,sex_m,age_ythadult_yge25,mts_details_sep,2015,57.851
zaf,sex_m,age_ythadult_yge25,mts_details_sep,2016,52.14
zaf,sex_m,age_ythadult_yge25,mts_details_sep,2017,54.742
zaf,sex_m,age_ythadult_yge25,mts_details_sep,2018,61.398
zaf,sex_m,age_ythadult_yge25,mts_details_sep,2019,52.249
zaf,sex_m,age_ythadult_yge25,mts_details_sep,2020,49.442
zaf,sex_m,age_ythadult_yge25,mts_details_sep,2021,49.461
zaf,sex_m,age_ythadult_yge25,mts_details_sep,2022,58.744
zaf,sex_m,age_ythadult_yge25,mts_details_sep,2023,57.986
zaf,sex_m,age_ythadult_yge25,mts_details_sep,2024,70.987
zaf,sex_m,age_ythadult_yge25,mts_details_sgle,2004,148.045
zaf,sex_m,age_ythadult_yge25,mts_details_sgle,2005,332.256
zaf,sex_m,age_ythadult_yge25,mts_details_sgle,2006,377.147
zaf,sex_m,age_ythadult_yge25,mts_details_sgle,2007,349.49
zaf,sex_m,age_ythadult_yge25,mts_details_sgle,2008,871.143
zaf,sex_m,age_ythadult_yge25,mts_details_sgle,2009,810.296
zaf,sex_m,age_ythadult_yge25,mts_details_sgle,2010,810.548
zaf,sex_m,age_ythadult_yge25,mts_details_sgle,2011,845.579
zaf,sex_m,age_ythadult_yge25,mts_details_sgle,2012,855.03
zaf,sex_m,age_ythadult_yge25,mts_details_sgle,2013,910.883
zaf,sex_m,age_ythadult_yge25,mts_details_sgle,2014,971.819
zaf,sex_m,age_ythadult_yge25,mts_details_sgle,2015,1075.517
zaf,sex_m,age_ythadult_yge25,mts_details_sgle,2016,1075.798
zaf,sex_m,age_ythadult_yge25,mts_details_sgle,2017,1111.862
zaf,sex_m,age_ythadult_yge25,mts_details_sgle,2018,1203.308
zaf,sex_m,age_ythadult_yge25,mts_details_sgle,2019,1196.416
zaf,sex_m,age_ythadult_yge25,mts_details_sgle,2020,1039.495
zaf,sex_m,age_ythadult_yge25,mts_details_sgle,2021,1048.492
zaf,sex_m,age_ythadult_yge25,mts_details_sgle,2022,1230.777
zaf,sex_m,age_ythadult_yge25,mts_details_sgle,2023,1369.832
zaf,sex_m,age_ythadult_yge25,mts_details_sgle,2024,1415.232
zaf,sex_m,age_ythadult_yge25,mts_details_total,2000,1118.339
zaf,sex_m,age_ythadult_yge25,mts_details_total,2001,1130.436
zaf,sex_m,age_ythadult_yge25,mts_details_total,2002,921.96
zaf,sex_m,age_ythadult_yge25,mts_details_total,2003,881.653
zaf,sex_m,age_ythadult_yge25,mts_details_total,2004,904.709
zaf,sex_m,age_ythadult_yge25,mts_details_total,2005,979.825
zaf,sex_m,age_ythadult_yge25,mts_details_total,2006,1043.05
zaf,sex_m,age_ythadult_yge25,mts_details_total,2007,982.905
zaf,sex_m,age_ythadult_yge25,mts_details_total,2008,1989.653
zaf,sex_m,age_ythadult_yge25,mts_details_total,2009,1842.417
zaf,sex_m,age_ythadult_yge25,mts_details_total,2010,1915.523
zaf,sex_m,age_ythadult_yge25,mts_details_total,2011,1883.792
zaf,sex_m,age_ythadult_yge25,mts_details_total,2012,1952.359
zaf,sex_m,age_ythadult_yge25,mts_details_total,2013,1991.515
zaf,sex_m,age_ythadult_yge25,mts_details_total,2014,2015.704
zaf,sex_m,age_ythadult_yge25,mts_details_total,2015,2287.197
zaf,sex_m,age_ythadult_yge25,mts_details_total,2016,2322.045
zaf,sex_m,age_ythadult_yge25,mts_details_total,2017,2392.383
zaf,sex_m,age_ythadult_yge25,mts_details_total,2018,2508.494
zaf,sex_m,age_ythadult_yge25,mts_details_total,2019,2526.164
zaf,sex_m,age_ythadult_yge25,mts_details_total,2020,2186.911
zaf,sex_m,age_ythadult_yge25,mts_details_total,2021,2240.385
zaf,sex_m,age_ythadult_yge25,mts_details_total,2022,2505.755
zaf,sex_m,age_ythadult_yge25,mts_details_total,2023,2657.126
zaf,sex_m,age_ythadult_yge25,mts_details_total,2024,2766.959
zaf,sex_m,age_ythadult_yge25,mts_details_union,2000,321.538
zaf,sex_m,age_ythadult_yge25,mts_details_union,2001,25.374
zaf,sex_m,age_ythadult_yge25,mts_details_union,2002,17.385
zaf,sex_m,age_ythadult_yge25,mts_details_union,2003,21.38
zaf,sex_m,age_ythadult_yge25,mts_details_union,2004,103.767
zaf,sex_m,age_ythadult_yge25,mts_details_union,2005,195.839
zaf,sex_m,age_ythadult_yge25,mts_details_union,2006,208.893
zaf,sex_m,age_ythadult_yge25,mts_details_union,2007,213.571
zaf,sex_m,age_ythadult_yge25,mts_details_union,2008,359.599
zaf,sex_m,age_ythadult_yge25,mts_details_union,2009,347.079
zaf,sex_m,age_ythadult_yge25,mts_details_union,2010,379.136
zaf,sex_m,age_ythadult_yge25,mts_details_union,2011,332.314
zaf,sex_m,age_ythadult_yge25,mts_details_union,2012,352.555
zaf,sex_m,age_ythadult_yge25,mts_details_union,2013,338.5
zaf,sex_m,age_ythadult_yge25,mts_details_union,2014,353.697
zaf,sex_m,age_ythadult_yge25,mts_details_union,2015,407.608
zaf,sex_m,age_ythadult_yge25,mts_details_union,2016,443.798
zaf,sex_m,age_ythadult_yge25,mts_details_union,2017,437.972
zaf,sex_m,age_ythadult_yge25,mts_details_union,2018,459.498
zaf,sex_m,age_ythadult_yge25,mts_details_union,2019,450.76
zaf,sex_m,age_ythadult_yge25,mts_details_union,2020,375.718
zaf,sex_m,age_ythadult_yge25,mts_details_union,2021,377.397
zaf,sex_m,age_ythadult_yge25,mts_details_union,2022,459.382
zaf,sex_m,age_ythadult_yge25,mts_details_union,2023,453.493
zaf,sex_m,age_ythadult_yge25,mts_details_union,2024,472.313
zaf,sex_m,age_ythadult_yge25,mts_details_wid,2000,36.582
zaf,sex_m,age_ythadult_yge25,mts_details_wid,2001,45.051
zaf,sex_m,age_ythadult_yge25,mts_details_wid,2002,36.87
zaf,sex_m,age_ythadult_yge25,mts_details_wid,2003,26.859
zaf,sex_m,age_ythadult_yge25,mts_details_wid,2004,27.791
zaf,sex_m,age_ythadult_yge25,mts_details_wid,2005,22.949
zaf,sex_m,age_ythadult_yge25,mts_details_wid,2006,22.628
zaf,sex_m,age_ythadult_yge25,mts_details_wid,2007,20.904
zaf,sex_m,age_ythadult_yge25,mts_details_wid,2008,38.196
zaf,sex_m,age_ythadult_yge25,mts_details_wid,2009,35.328
zaf,sex_m,age_ythadult_yge25,mts_details_wid,2010,33.571
zaf,sex_m,age_ythadult_yge25,mts_details_wid,2011,35.904
zaf,sex_m,age_ythadult_yge25,mts_details_wid,2012,33.379
zaf,sex_m,age_ythadult_yge25,mts_details_wid,2013,44.932
zaf,sex_m,age_ythadult_yge25,mts_details_wid,2014,40.94
zaf,sex_m,age_ythadult_yge25,mts_details_wid,2015,30.108
zaf,sex_m,age_ythadult_yge25,mts_details_wid,2016,39.253
zaf,sex_m,age_ythadult_yge25,mts_details_wid,2017,54.894
zaf,sex_m,age_ythadult_yge25,mts_details_wid,2018,45.379
zaf,sex_m,age_ythadult_yge25,mts_details_wid,2019,45.458
zaf,sex_m,age_ythadult_yge25,mts_details_wid,2020,40.727
zaf,sex_m,age_ythadult_yge25,mts_details_wid,2021,42.806
zaf,sex_m,age_ythadult_yge25,mts_details_wid,2022,38.528
zaf,sex_m,age_ythadult_yge25,mts_details_wid,2023,34.89
zaf,sex_m,age_ythadult_yge25,mts_details_wid,2024,34.423
zaf,sex_t,age_10yrbands_total,mts_aggregate_1,2000,697.921
zaf,sex_t,age_10yrbands_total,mts_aggregate_1,2001,1072.82
zaf,sex_t,age_10yrbands_total,mts_aggregate_1,2002,804.312
zaf,sex_t,age_10yrbands_total,mts_aggregate_1,2003,762.694
zaf,sex_t,age_10yrbands_total,mts_aggregate_1,2004,853.553
zaf,sex_t,age_10yrbands_total,mts_aggregate_1,2005,1057.541
zaf,sex_t,age_10yrbands_total,mts_aggregate_1,2006,1107.921
zaf,sex_t,age_10yrbands_total,mts_aggregate_1,2007,1050.446
zaf,sex_t,age_10yrbands_total,mts_aggregate_1,2008,2536.351
zaf,sex_t,age_10yrbands_total,mts_aggregate_1,2009,2347.418
zaf,sex_t,age_10yrbands_total,mts_aggregate_1,2010,2274.986
zaf,sex_t,age_10yrbands_total,mts_aggregate_1,2011,2291.946
zaf,sex_t,age_10yrbands_total,mts_aggregate_1,2012,2276.018
zaf,sex_t,age_10yrbands_total,mts_aggregate_1,2013,2412.42
zaf,sex_t,age_10yrbands_total,mts_aggregate_1,2014,2478.867
zaf,sex_t,age_10yrbands_total,mts_aggregate_1,2015,2689.114
zaf,sex_t,age_10yrbands_total,mts_aggregate_1,2016,2614.157
zaf,sex_t,age_10yrbands_total,mts_aggregate_1,2017,2776.509
zaf,sex_t,age_10yrbands_total,mts_aggregate_1,2018,2898.163
zaf,sex_t,age_10yrbands_total,mts_aggregate_1,2019,2818.202
zaf,sex_t,age_10yrbands_total,mts_aggregate_1,2020,2352.313
zaf,sex_t,age_10yrbands_total,mts_aggregate_1,2021,2331.673
zaf,sex_t,age_10yrbands_total,mts_aggregate_1,2022,2720.611
zaf,sex_t,age_10yrbands_total,mts_aggregate_1,2023,2937.392
zaf,sex_t,age_10yrbands_total,mts_aggregate_1,2024,3128.417
zaf,sex_t,age_10yrbands_total,mts_aggregate_2,2000,1966.586
zaf,sex_t,age_10yrbands_total,mts_aggregate_2,2001,1590.58
zaf,sex_t,age_10yrbands_total,mts_aggregate_2,2002,1125.639
zaf,sex_t,age_10yrbands_total,mts_aggregate_2,2003,1123.605
zaf,sex_t,age_10yrbands_total,mts_aggregate_2,2004,1048.461
zaf,sex_t,age_10yrbands_total,mts_aggregate_2,2005,1092.034
zaf,sex_t,age_10yrbands_total,mts_aggregate_2,2006,1080.543
zaf,sex_t,age_10yrbands_total,mts_aggregate_2,2007,1021.509
zaf,sex_t,age_10yrbands_total,mts_aggregate_2,2008,2004.535
zaf,sex_t,age_10yrbands_total,mts_aggregate_2,2009,1850.403
zaf,sex_t,age_10yrbands_total,mts_aggregate_2,2010,1877.469
zaf,sex_t,age_10yrbands_total,mts_aggregate_2,2011,1755.662
zaf,sex_t,age_10yrbands_total,mts_aggregate_2,2012,1813.604
zaf,sex_t,age_10yrbands_total,mts_aggregate_2,2013,1820.663
zaf,sex_t,age_10yrbands_total,mts_aggregate_2,2014,1764.091
zaf,sex_t,age_10yrbands_total,mts_aggregate_2,2015,2013.883
zaf,sex_t,age_10yrbands_total,mts_aggregate_2,2016,2049.351
zaf,sex_t,age_10yrbands_total,mts_aggregate_2,2017,2077.82
zaf,sex_t,age_10yrbands_total,mts_aggregate_2,2018,2111.399
zaf,sex_t,age_10yrbands_total,mts_aggregate_2,2019,2162.353
zaf,sex_t,age_10yrbands_total,mts_aggregate_2,2020,1805.864
zaf,sex_t,age_10yrbands_total,mts_aggregate_2,2021,1830.803
zaf,sex_t,age_10yrbands_total,mts_aggregate_2,2022,1940.906
zaf,sex_t,age_10yrbands_total,mts_aggregate_2,2023,1994.096
zaf,sex_t,age_10yrbands_total,mts_aggregate_2,2024,2126.603
zaf,sex_t,age_10yrbands_total,mts_aggregate_total,2000,2665.401
zaf,sex_t,age_10yrbands_total,mts_aggregate_total,2001,2663.769
zaf,sex_t,age_10yrbands_total,mts_aggregate_total,2002,1930.429
zaf,sex_t,age_10yrbands_total,mts_aggregate_total,2003,1886.437
zaf,sex_t,age_10yrbands_total,mts_aggregate_total,2004,1902.081
zaf,sex_t,age_10yrbands_total,mts_aggregate_total,2005,2150.448
zaf,sex_t,age_10yrbands_total,mts_aggregate_total,2006,2188.762
zaf,sex_t,age_10yrbands_total,mts_aggregate_total,2007,2072.39
zaf,sex_t,age_10yrbands_total,mts_aggregate_total,2008,4540.886
zaf,sex_t,age_10yrbands_total,mts_aggregate_total,2009,4197.821
zaf,sex_t,age_10yrbands_total,mts_aggregate_total,2010,4152.455
zaf,sex_t,age_10yrbands_total,mts_aggregate_total,2011,4047.608
zaf,sex_t,age_10yrbands_total,mts_aggregate_total,2012,4089.622
zaf,sex_t,age_10yrbands_total,mts_aggregate_total,2013,4233.083
zaf,sex_t,age_10yrbands_total,mts_aggregate_total,2014,4242.959
zaf,sex_t,age_10yrbands_total,mts_aggregate_total,2015,4702.997
zaf,sex_t,age_10yrbands_total,mts_aggregate_total,2016,4663.508
zaf,sex_t,age_10yrbands_total,mts_aggregate_total,2017,4854.329
zaf,sex_t,age_10yrbands_total,mts_aggregate_total,2018,5009.563
zaf,sex_t,age_10yrbands_total,mts_aggregate_total,2019,4980.555
zaf,sex_t,age_10yrbands_total,mts_aggregate_total,2020,4158.178
zaf,sex_t,age_10yrbands_total,mts_aggregate_total,2021,4162.477
zaf,sex_t,age_10yrbands_total,mts_aggregate_total,2022,4661.517
zaf,sex_t,age_10yrbands_total,mts_aggregate_total,2023,4931.488
zaf,sex_t,age_10yrbands_total,mts_aggregate_total,2024,5255.019
zaf,sex_t,age_10yrbands_total,mts_aggregate_x,2000,0.894
zaf,sex_t,age_10yrbands_total,mts_details_mrd,2000,1245.208
zaf,sex_t,age_10yrbands_total,mts_details_mrd,2001,1388.402
zaf,sex_t,age_10yrbands_total,mts_details_mrd,2002,998.114
zaf,sex_t,age_10yrbands_total,mts_details_mrd,2003,992.392
zaf,sex_t,age_10yrbands_total,mts_details_mrd,2004,844.745
zaf,sex_t,age_10yrbands_total,mts_details_mrd,2005,764.737
zaf,sex_t,age_10yrbands_total,mts_details_mrd,2006,757.731
zaf,sex_t,age_10yrbands_total,mts_details_mrd,2007,702.451
zaf,sex_t,age_10yrbands_total,mts_details_mrd,2008,1340.996
zaf,sex_t,age_10yrbands_total,mts_details_mrd,2009,1208.685
zaf,sex_t,age_10yrbands_total,mts_details_mrd,2010,1232.858
zaf,sex_t,age_10yrbands_total,mts_details_mrd,2011,1175.606
zaf,sex_t,age_10yrbands_total,mts_details_mrd,2012,1209.706
zaf,sex_t,age_10yrbands_total,mts_details_mrd,2013,1222.025
zaf,sex_t,age_10yrbands_total,mts_details_mrd,2014,1172.426
zaf,sex_t,age_10yrbands_total,mts_details_mrd,2015,1314.937
zaf,sex_t,age_10yrbands_total,mts_details_mrd,2016,1325.552
zaf,sex_t,age_10yrbands_total,mts_details_mrd,2017,1345.776
zaf,sex_t,age_10yrbands_total,mts_details_mrd,2018,1336.94
zaf,sex_t,age_10yrbands_total,mts_details_mrd,2019,1409.053
zaf,sex_t,age_10yrbands_total,mts_details_mrd,2020,1177.174
zaf,sex_t,age_10yrbands_total,mts_details_mrd,2021,1199.361
zaf,sex_t,age_10yrbands_total,mts_details_mrd,2022,1218.593
zaf,sex_t,age_10yrbands_total,mts_details_mrd,2023,1282.372
zaf,sex_t,age_10yrbands_total,mts_details_mrd,2024,1356.92
zaf,sex_t,age_10yrbands_total,mts_details_sep,2000,548.507
zaf,sex_t,age_10yrbands_total,mts_details_sep,2001,961.128
zaf,sex_t,age_10yrbands_total,mts_details_sep,2002,712.19
zaf,sex_t,age_10yrbands_total,mts_details_sep,2003,672.415
zaf,sex_t,age_10yrbands_total,mts_details_sep,2004,365.37
zaf,sex_t,age_10yrbands_total,mts_details_sep,2005,87.068
zaf,sex_t,age_10yrbands_total,mts_details_sep,2006,74.774
zaf,sex_t,age_10yrbands_total,mts_details_sep,2007,80.765
zaf,sex_t,age_10yrbands_total,mts_details_sep,2008,149.693
zaf,sex_t,age_10yrbands_total,mts_details_sep,2009,136.916
zaf,sex_t,age_10yrbands_total,mts_details_sep,2010,142.758
zaf,sex_t,age_10yrbands_total,mts_details_sep,2011,119.739
zaf,sex_t,age_10yrbands_total,mts_details_sep,2012,149.088
zaf,sex_t,age_10yrbands_total,mts_details_sep,2013,145.344
zaf,sex_t,age_10yrbands_total,mts_details_sep,2014,132.072
zaf,sex_t,age_10yrbands_total,mts_details_sep,2015,144.564
zaf,sex_t,age_10yrbands_total,mts_details_sep,2016,133.673
zaf,sex_t,age_10yrbands_total,mts_details_sep,2017,134.146
zaf,sex_t,age_10yrbands_total,mts_details_sep,2018,136.869
zaf,sex_t,age_10yrbands_total,mts_details_sep,2019,136.306
zaf,sex_t,age_10yrbands_total,mts_details_sep,2020,117.74
zaf,sex_t,age_10yrbands_total,mts_details_sep,2021,115.361
zaf,sex_t,age_10yrbands_total,mts_details_sep,2022,121.674
zaf,sex_t,age_10yrbands_total,mts_details_sep,2023,124.468
zaf,sex_t,age_10yrbands_total,mts_details_sep,2024,144.014
zaf,sex_t,age_10yrbands_total,mts_details_sgle,2004,366.276
zaf,sex_t,age_10yrbands_total,mts_details_sgle,2005,818.36
zaf,sex_t,age_10yrbands_total,mts_details_sgle,2006,885.406
zaf,sex_t,age_10yrbands_total,mts_details_sgle,2007,833.828
zaf,sex_t,age_10yrbands_total,mts_details_sgle,2008,2163.856
zaf,sex_t,age_10yrbands_total,mts_details_sgle,2009,1998.903
zaf,sex_t,age_10yrbands_total,mts_details_sgle,2010,1924.213
zaf,sex_t,age_10yrbands_total,mts_details_sgle,2011,1976.846
zaf,sex_t,age_10yrbands_total,mts_details_sgle,2012,1947.751
zaf,sex_t,age_10yrbands_total,mts_details_sgle,2013,2067.866
zaf,sex_t,age_10yrbands_total,mts_details_sgle,2014,2138.674
zaf,sex_t,age_10yrbands_total,mts_details_sgle,2015,2358.903
zaf,sex_t,age_10yrbands_total,mts_details_sgle,2016,2293.079
zaf,sex_t,age_10yrbands_total,mts_details_sgle,2017,2416.469
zaf,sex_t,age_10yrbands_total,mts_details_sgle,2018,2542.549
zaf,sex_t,age_10yrbands_total,mts_details_sgle,2019,2469.578
zaf,sex_t,age_10yrbands_total,mts_details_sgle,2020,2079.851
zaf,sex_t,age_10yrbands_total,mts_details_sgle,2021,2070.618
zaf,sex_t,age_10yrbands_total,mts_details_sgle,2022,2457.96
zaf,sex_t,age_10yrbands_total,mts_details_sgle,2023,2656.394
zaf,sex_t,age_10yrbands_total,mts_details_sgle,2024,2817.007
zaf,sex_t,age_10yrbands_total,mts_details_total,2000,2665.401
zaf,sex_t,age_10yrbands_total,mts_details_total,2001,2663.769
zaf,sex_t,age_10yrbands_total,mts_details_total,2002,1930.429
zaf,sex_t,age_10yrbands_total,mts_details_total,2003,1886.437
zaf,sex_t,age_10yrbands_total,mts_details_total,2004,1902.081
zaf,sex_t,age_10yrbands_total,mts_details_total,2005,2150.448
zaf,sex_t,age_10yrbands_total,mts_details_total,2006,2188.762
zaf,sex_t,age_10yrbands_total,mts_details_total,2007,2072.39
zaf,sex_t,age_10yrbands_total,mts_details_total,2008,4540.886
zaf,sex_t,age_10yrbands_total,mts_details_total,2009,4197.821
zaf,sex_t,age_10yrbands_total,mts_details_total,2010,4152.455
zaf,sex_t,age_10yrbands_total,mts_details_total,2011,4047.608
zaf,sex_t,age_10yrbands_total,mts_details_total,2012,4089.622
zaf,sex_t,age_10yrbands_total,mts_details_total,2013,4233.083
zaf,sex_t,age_10yrbands_total,mts_details_total,2014,4242.959
zaf,sex_t,age_10yrbands_total,mts_details_total,2015,4702.997
zaf,sex_t,age_10yrbands_total,mts_details_total,2016,4663.508
zaf,sex_t,age_10yrbands_total,mts_details_total,2017,4854.329
zaf,sex_t,age_10yrbands_total,mts_details_total,2018,5009.563
zaf,sex_t,age_10yrbands_total,mts_details_total,2019,4980.555
zaf,sex_t,age_10yrbands_total,mts_details_total,2020,4158.178
zaf,sex_t,age_10yrbands_total,mts_details_total,2021,4162.477
zaf,sex_t,age_10yrbands_total,mts_details_total,2022,4661.517
zaf,sex_t,age_10yrbands_total,mts_details_total,2023,4931.488
zaf,sex_t,age_10yrbands_total,mts_details_total,2024,5255.019
zaf,sex_t,age_10yrbands_total,mts_details_union,2000,721.378
zaf,sex_t,age_10yrbands_total,mts_details_union,2001,202.177
zaf,sex_t,age_10yrbands_total,mts_details_union,2002,127.524
zaf,sex_t,age_10yrbands_total,mts_details_union,2003,131.213
zaf,sex_t,age_10yrbands_total,mts_details_union,2004,203.716
zaf,sex_t,age_10yrbands_total,mts_details_union,2005,327.298
zaf,sex_t,age_10yrbands_total,mts_details_union,2006,322.812
zaf,sex_t,age_10yrbands_total,mts_details_union,2007,319.058
zaf,sex_t,age_10yrbands_total,mts_details_union,2008,663.539
zaf,sex_t,age_10yrbands_total,mts_details_union,2009,641.719
zaf,sex_t,age_10yrbands_total,mts_details_union,2010,644.61
zaf,sex_t,age_10yrbands_total,mts_details_union,2011,580.055
zaf,sex_t,age_10yrbands_total,mts_details_union,2012,603.898
zaf,sex_t,age_10yrbands_total,mts_details_union,2013,598.638
zaf,sex_t,age_10yrbands_total,mts_details_union,2014,591.665
zaf,sex_t,age_10yrbands_total,mts_details_union,2015,698.946
zaf,sex_t,age_10yrbands_total,mts_details_union,2016,723.8
zaf,sex_t,age_10yrbands_total,mts_details_union,2017,732.045
zaf,sex_t,age_10yrbands_total,mts_details_union,2018,774.459
zaf,sex_t,age_10yrbands_total,mts_details_union,2019,753.299
zaf,sex_t,age_10yrbands_total,mts_details_union,2020,628.691
zaf,sex_t,age_10yrbands_total,mts_details_union,2021,631.442
zaf,sex_t,age_10yrbands_total,mts_details_union,2022,722.313
zaf,sex_t,age_10yrbands_total,mts_details_union,2023,711.724
zaf,sex_t,age_10yrbands_total,mts_details_union,2024,769.682
zaf,sex_t,age_10yrbands_total,mts_details_wid,2000,149.414
zaf,sex_t,age_10yrbands_total,mts_details_wid,2001,111.692
zaf,sex_t,age_10yrbands_total,mts_details_wid,2002,92.121
zaf,sex_t,age_10yrbands_total,mts_details_wid,2003,90.278
zaf,sex_t,age_10yrbands_total,mts_details_wid,2004,121.908
zaf,sex_t,age_10yrbands_total,mts_details_wid,2005,152.113
zaf,sex_t,age_10yrbands_total,mts_details_wid,2006,147.741
zaf,sex_t,age_10yrbands_total,mts_details_wid,2007,135.852
zaf,sex_t,age_10yrbands_total,mts_details_wid,2008,222.803
zaf,sex_t,age_10yrbands_total,mts_details_wid,2009,211.6
zaf,sex_t,age_10yrbands_total,mts_details_wid,2010,208.015
zaf,sex_t,age_10yrbands_total,mts_details_wid,2011,195.36
zaf,sex_t,age_10yrbands_total,mts_details_wid,2012,179.179
zaf,sex_t,age_10yrbands_total,mts_details_wid,2013,199.21
zaf,sex_t,age_10yrbands_total,mts_details_wid,2014,208.122
zaf,sex_t,age_10yrbands_total,mts_details_wid,2015,185.647
zaf,sex_t,age_10yrbands_total,mts_details_wid,2016,187.406
zaf,sex_t,age_10yrbands_total,mts_details_wid,2017,225.894
zaf,sex_t,age_10yrbands_total,mts_details_wid,2018,218.745
zaf,sex_t,age_10yrbands_total,mts_details_wid,2019,212.318
zaf,sex_t,age_10yrbands_total,mts_details_wid,2020,154.723
zaf,sex_t,age_10yrbands_total,mts_details_wid,2021,145.694
zaf,sex_t,age_10yrbands_total,mts_details_wid,2022,140.977
zaf,sex_t,age_10yrbands_total,mts_details_wid,2023,156.53
zaf,sex_t,age_10yrbands_total,mts_details_wid,2024,167.396
zaf,sex_t,age_10yrbands_total,mts_details_x,2000,0.894
zaf,sex_t,age_10yrbands_y15_24,mts_aggregate_1,2000,138.599
zaf,sex_t,age_10yrbands_y15_24,mts_aggregate_1,2001,320.265
zaf,sex_t,age_10yrbands_y15_24,mts_aggregate_1,2002,217.062
zaf,sex_t,age_10yrbands_y15_24,mts_aggregate_1,2003,179.544
zaf,sex_t,age_10yrbands_y15_24,mts_aggregate_1,2004,202.685
zaf,sex_t,age_10yrbands_y15_24,mts_aggregate_1,2005,219.12
zaf,sex_t,age_10yrbands_y15_24,mts_aggregate_1,2006,240.164
zaf,sex_t,age_10yrbands_y15_24,mts_aggregate_1,2007,200.661
zaf,sex_t,age_10yrbands_y15_24,mts_aggregate_1,2008,573.001
zaf,sex_t,age_10yrbands_y15_24,mts_aggregate_1,2009,478.801
zaf,sex_t,age_10yrbands_y15_24,mts_aggregate_1,2010,444.865
zaf,sex_t,age_10yrbands_y15_24,mts_aggregate_1,2011,422.174
zaf,sex_t,age_10yrbands_y15_24,mts_aggregate_1,2012,383.973
zaf,sex_t,age_10yrbands_y15_24,mts_aggregate_1,2013,406.449
zaf,sex_t,age_10yrbands_y15_24,mts_aggregate_1,2014,406.453
zaf,sex_t,age_10yrbands_y15_24,mts_aggregate_1,2015,455.473
zaf,sex_t,age_10yrbands_y15_24,mts_aggregate_1,2016,401.038
zaf,sex_t,age_10yrbands_y15_24,mts_aggregate_1,2017,433.452
zaf,sex_t,age_10yrbands_y15_24,mts_aggregate_1,2018,422.162
zaf,sex_t,age_10yrbands_y15_24,mts_aggregate_1,2019,383.777
zaf,sex_t,age_10yrbands_y15_24,mts_aggregate_1,2020,280.263
zaf,sex_t,age_10yrbands_y15_24,mts_aggregate_1,2021,261.782
zaf,sex_t,age_10yrbands_y15_24,mts_aggregate_1,2022,337.711
zaf,sex_t,age_10yrbands_y15_24,mts_aggregate_1,2023,352.277
zaf,sex_t,age_10yrbands_y15_24,mts_aggregate_1,2024,388.452
zaf,sex_t,age_10yrbands_y15_24,mts_aggregate_2,2000,228.824
zaf,sex_t,age_10yrbands_y15_24,mts_aggregate_2,2001,59.624
zaf,sex_t,age_10yrbands_y15_24,mts_aggregate_2,2002,33.55
zaf,sex_t,age_10yrbands_y15_24,mts_aggregate_2,2003,32.868
zaf,sex_t,age_10yrbands_y15_24,mts_aggregate_2,2004,40.001
zaf,sex_t,age_10yrbands_y15_24,mts_aggregate_2,2005,41.566
zaf,sex_t,age_10yrbands_y15_24,mts_aggregate_2,2006,38.931
zaf,sex_t,age_10yrbands_y15_24,mts_aggregate_2,2007,38.638
zaf,sex_t,age_10yrbands_y15_24,mts_aggregate_2,2008,89.139
zaf,sex_t,age_10yrbands_y15_24,mts_aggregate_2,2009,71.179
zaf,sex_t,age_10yrbands_y15_24,mts_aggregate_2,2010,59.64
zaf,sex_t,age_10yrbands_y15_24,mts_aggregate_2,2011,62.973
zaf,sex_t,age_10yrbands_y15_24,mts_aggregate_2,2012,65.03
zaf,sex_t,age_10yrbands_y15_24,mts_aggregate_2,2013,67.255
zaf,sex_t,age_10yrbands_y15_24,mts_aggregate_2,2014,61.978
zaf,sex_t,age_10yrbands_y15_24,mts_aggregate_2,2015,65.684
zaf,sex_t,age_10yrbands_y15_24,mts_aggregate_2,2016,77.753
zaf,sex_t,age_10yrbands_y15_24,mts_aggregate_2,2017,67.925
zaf,sex_t,age_10yrbands_y15_24,mts_aggregate_2,2018,66.466
zaf,sex_t,age_10yrbands_y15_24,mts_aggregate_2,2019,56.517
zaf,sex_t,age_10yrbands_y15_24,mts_aggregate_2,2020,40.477
zaf,sex_t,age_10yrbands_y15_24,mts_aggregate_2,2021,41.376
zaf,sex_t,age_10yrbands_y15_24,mts_aggregate_2,2022,46.65
zaf,sex_t,age_10yrbands_y15_24,mts_aggregate_2,2023,54.816
zaf,sex_t,age_10yrbands_y15_24,mts_aggregate_2,2024,58.097
zaf,sex_t,age_10yrbands_y15_24,mts_aggregate_total,2000,367.931
zaf,sex_t,age_10yrbands_y15_24,mts_aggregate_total,2001,379.889
zaf,sex_t,age_10yrbands_y15_24,mts_aggregate_total,2002,250.612
zaf,sex_t,age_10yrbands_y15_24,mts_aggregate_total,2003,212.412
zaf,sex_t,age_10yrbands_y15_24,mts_aggregate_total,2004,242.685
zaf,sex_t,age_10yrbands_y15_24,mts_aggregate_total,2005,260.729
zaf,sex_t,age_10yrbands_y15_24,mts_aggregate_total,2006,279.095
zaf,sex_t,age_10yrbands_y15_24,mts_aggregate_total,2007,239.299
zaf,sex_t,age_10yrbands_y15_24,mts_aggregate_total,2008,662.14
zaf,sex_t,age_10yrbands_y15_24,mts_aggregate_total,2009,549.98
zaf,sex_t,age_10yrbands_y15_24,mts_aggregate_total,2010,504.505
zaf,sex_t,age_10yrbands_y15_24,mts_aggregate_total,2011,485.147
zaf,sex_t,age_10yrbands_y15_24,mts_aggregate_total,2012,449.003
zaf,sex_t,age_10yrbands_y15_24,mts_aggregate_total,2013,473.704
zaf,sex_t,age_10yrbands_y15_24,mts_aggregate_total,2014,468.43
zaf,sex_t,age_10yrbands_y15_24,mts_aggregate_total,2015,521.157
zaf,sex_t,age_10yrbands_y15_24,mts_aggregate_total,2016,478.791
zaf,sex_t,age_10yrbands_y15_24,mts_aggregate_total,2017,501.377
zaf,sex_t,age_10yrbands_y15_24,mts_aggregate_total,2018,488.628
zaf,sex_t,age_10yrbands_y15_24,mts_aggregate_total,2019,440.294
zaf,sex_t,age_10yrbands_y15_24,mts_aggregate_total,2020,320.741
zaf,sex_t,age_10yrbands_y15_24,mts_aggregate_total,2021,303.158
zaf,sex_t,age_10yrbands_y15_24,mts_aggregate_total,2022,384.361
zaf,sex_t,age_10yrbands_y15_24,mts_aggregate_total,2023,407.093
zaf,sex_t,age_10yrbands_y15_24,mts_aggregate_total,2024,446.548
zaf,sex_t,age_10yrbands_y15_24,mts_details_mrd,2000,201.954
zaf,sex_t,age_10yrbands_y15_24,mts_details_mrd,2001,58.425
zaf,sex_t,age_10yrbands_y15_24,mts_details_mrd,2002,33.55
zaf,sex_t,age_10yrbands_y15_24,mts_details_mrd,2003,32.588
zaf,sex_t,age_10yrbands_y15_24,mts_details_mrd,2004,24.907
zaf,sex_t,age_10yrbands_y15_24,mts_details_mrd,2005,18.336
zaf,sex_t,age_10yrbands_y15_24,mts_details_mrd,2006,15.779
zaf,sex_t,age_10yrbands_y15_24,mts_details_mrd,2007,15.188
zaf,sex_t,age_10yrbands_y15_24,mts_details_mrd,2008,35.255
zaf,sex_t,age_10yrbands_y15_24,mts_details_mrd,2009,28.634
zaf,sex_t,age_10yrbands_y15_24,mts_details_mrd,2010,23.677
zaf,sex_t,age_10yrbands_y15_24,mts_details_mrd,2011,24.395
zaf,sex_t,age_10yrbands_y15_24,mts_details_mrd,2012,24.143
zaf,sex_t,age_10yrbands_y15_24,mts_details_mrd,2013,23.27
zaf,sex_t,age_10yrbands_y15_24,mts_details_mrd,2014,25.789
zaf,sex_t,age_10yrbands_y15_24,mts_details_mrd,2015,28.766
zaf,sex_t,age_10yrbands_y15_24,mts_details_mrd,2016,33.741
zaf,sex_t,age_10yrbands_y15_24,mts_details_mrd,2017,30.511
zaf,sex_t,age_10yrbands_y15_24,mts_details_mrd,2018,25.335
zaf,sex_t,age_10yrbands_y15_24,mts_details_mrd,2019,19.756
zaf,sex_t,age_10yrbands_y15_24,mts_details_mrd,2020,15.34
zaf,sex_t,age_10yrbands_y15_24,mts_details_mrd,2021,10.622
zaf,sex_t,age_10yrbands_y15_24,mts_details_mrd,2022,20.463
zaf,sex_t,age_10yrbands_y15_24,mts_details_mrd,2023,17.692
zaf,sex_t,age_10yrbands_y15_24,mts_details_mrd,2024,20.471
zaf,sex_t,age_10yrbands_y15_24,mts_details_sep,2000,137.65
zaf,sex_t,age_10yrbands_y15_24,mts_details_sep,2001,319.284
zaf,sex_t,age_10yrbands_y15_24,mts_details_sep,2002,216.177
zaf,sex_t,age_10yrbands_y15_24,mts_details_sep,2003,178.83
zaf,sex_t,age_10yrbands_y15_24,mts_details_sep,2004,87.297
zaf,sex_t,age_10yrbands_y15_24,mts_details_sep,2008,1.894
zaf,sex_t,age_10yrbands_y15_24,mts_details_sep,2009,1.71
zaf,sex_t,age_10yrbands_y15_24,mts_details_sep,2010,0.6
zaf,sex_t,age_10yrbands_y15_24,mts_details_sep,2012,0.757
zaf,sex_t,age_10yrbands_y15_24,mts_details_sep,2013,0.597
zaf,sex_t,age_10yrbands_y15_24,mts_details_sep,2014,0.643
zaf,sex_t,age_10yrbands_y15_24,mts_details_sep,2015,1.505
zaf,sex_t,age_10yrbands_y15_24,mts_details_sep,2017,1.144
zaf,sex_t,age_10yrbands_y15_24,mts_details_sep,2018,2.486
zaf,sex_t,age_10yrbands_y15_24,mts_details_sep,2019,1.043
zaf,sex_t,age_10yrbands_y15_24,mts_details_sgle,2004,114.162
zaf,sex_t,age_10yrbands_y15_24,mts_details_sgle,2005,218.493
zaf,sex_t,age_10yrbands_y15_24,mts_details_sgle,2006,239.983
zaf,sex_t,age_10yrbands_y15_24,mts_details_sgle,2007,199.058
zaf,sex_t,age_10yrbands_y15_24,mts_details_sgle,2008,570.618
zaf,sex_t,age_10yrbands_y15_24,mts_details_sgle,2009,476.412
zaf,sex_t,age_10yrbands_y15_24,mts_details_sgle,2010,443.893
zaf,sex_t,age_10yrbands_y15_24,mts_details_sgle,2011,421.483
zaf,sex_t,age_10yrbands_y15_24,mts_details_sgle,2012,382.956
zaf,sex_t,age_10yrbands_y15_24,mts_details_sgle,2013,405.852
zaf,sex_t,age_10yrbands_y15_24,mts_details_sgle,2014,405.749
zaf,sex_t,age_10yrbands_y15_24,mts_details_sgle,2015,453.873
zaf,sex_t,age_10yrbands_y15_24,mts_details_sgle,2016,401.038
zaf,sex_t,age_10yrbands_y15_24,mts_details_sgle,2017,432.036
zaf,sex_t,age_10yrbands_y15_24,mts_details_sgle,2018,419.454
zaf,sex_t,age_10yrbands_y15_24,mts_details_sgle,2019,382.733
zaf,sex_t,age_10yrbands_y15_24,mts_details_sgle,2020,280.263
zaf,sex_t,age_10yrbands_y15_24,mts_details_sgle,2021,261.782
zaf,sex_t,age_10yrbands_y15_24,mts_details_sgle,2022,336.998
zaf,sex_t,age_10yrbands_y15_24,mts_details_sgle,2023,351.908
zaf,sex_t,age_10yrbands_y15_24,mts_details_sgle,2024,387.738
zaf,sex_t,age_10yrbands_y15_24,mts_details_total,2000,367.931
zaf,sex_t,age_10yrbands_y15_24,mts_details_total,2001,379.889
zaf,sex_t,age_10yrbands_y15_24,mts_details_total,2002,250.612
zaf,sex_t,age_10yrbands_y15_24,mts_details_total,2003,212.412
zaf,sex_t,age_10yrbands_y15_24,mts_details_total,2004,242.685
zaf,sex_t,age_10yrbands_y15_24,mts_details_total,2005,260.729
zaf,sex_t,age_10yrbands_y15_24,mts_details_total,2006,279.095
zaf,sex_t,age_10yrbands_y15_24,mts_details_total,2007,239.299
zaf,sex_t,age_10yrbands_y15_24,mts_details_total,2008,662.14
zaf,sex_t,age_10yrbands_y15_24,mts_details_total,2009,549.98
zaf,sex_t,age_10yrbands_y15_24,mts_details_total,2010,504.505
zaf,sex_t,age_10yrbands_y15_24,mts_details_total,2011,485.147
zaf,sex_t,age_10yrbands_y15_24,mts_details_total,2012,449.003
zaf,sex_t,age_10yrbands_y15_24,mts_details_total,2013,473.704
zaf,sex_t,age_10yrbands_y15_24,mts_details_total,2014,468.43
zaf,sex_t,age_10yrbands_y15_24,mts_details_total,2015,521.157
zaf,sex_t,age_10yrbands_y15_24,mts_details_total,2016,478.791
zaf,sex_t,age_10yrbands_y15_24,mts_details_total,2017,501.377
zaf,sex_t,age_10yrbands_y15_24,mts_details_total,2018,488.628
zaf,sex_t,age_10yrbands_y15_24,mts_details_total,2019,440.294
zaf,sex_t,age_10yrbands_y15_24,mts_details_total,2020,320.741
zaf,sex_t,age_10yrbands_y15_24,mts_details_total,2021,303.158
zaf,sex_t,age_10yrbands_y15_24,mts_details_total,2022,384.361
zaf,sex_t,age_10yrbands_y15_24,mts_details_total,2023,407.093
zaf,sex_t,age_10yrbands_y15_24,mts_details_total,2024,446.548
zaf,sex_t,age_10yrbands_y15_24,mts_details_union,2000,26.869
zaf,sex_t,age_10yrbands_y15_24,mts_details_union,2001,1.199
zaf,sex_t,age_10yrbands_y15_24,mts_details_union,2004,15.094
zaf,sex_t,age_10yrbands_y15_24,mts_details_union,2005,23.23
zaf,sex_t,age_10yrbands_y15_24,mts_details_union,2006,23.152
zaf,sex_t,age_10yrbands_y15_24,mts_details_union,2007,23.45
zaf,sex_t,age_10yrbands_y15_24,mts_details_union,2008,53.884
zaf,sex_t,age_10yrbands_y15_24,mts_details_union,2009,42.545
zaf,sex_t,age_10yrbands_y15_24,mts_details_union,2010,35.963
zaf,sex_t,age_10yrbands_y15_24,mts_details_union,2011,38.578
zaf,sex_t,age_10yrbands_y15_24,mts_details_union,2012,40.887
zaf,sex_t,age_10yrbands_y15_24,mts_details_union,2013,43.986
zaf,sex_t,age_10yrbands_y15_24,mts_details_union,2014,36.188
zaf,sex_t,age_10yrbands_y15_24,mts_details_union,2015,36.919
zaf,sex_t,age_10yrbands_y15_24,mts_details_union,2016,44.012
zaf,sex_t,age_10yrbands_y15_24,mts_details_union,2017,37.414
zaf,sex_t,age_10yrbands_y15_24,mts_details_union,2018,41.131
zaf,sex_t,age_10yrbands_y15_24,mts_details_union,2019,36.762
zaf,sex_t,age_10yrbands_y15_24,mts_details_union,2020,25.137
zaf,sex_t,age_10yrbands_y15_24,mts_details_union,2021,30.754
zaf,sex_t,age_10yrbands_y15_24,mts_details_union,2022,26.187
zaf,sex_t,age_10yrbands_y15_24,mts_details_union,2023,37.124
zaf,sex_t,age_10yrbands_y15_24,mts_details_union,2024,37.626
zaf,sex_t,age_10yrbands_y15_24,mts_details_wid,2001,0.981
zaf,sex_t,age_10yrbands_y25_34,mts_aggregate_1,2000,220.684
zaf,sex_t,age_10yrbands_y25_34,mts_aggregate_1,2001,406.184
zaf,sex_t,age_10yrbands_y25_34,mts_aggregate_1,2002,322.231
zaf,sex_t,age_10yrbands_y25_34,mts_aggregate_1,2003,309.357
zaf,sex_t,age_10yrbands_y25_34,mts_aggregate_1,2004,308.175
zaf,sex_t,age_10yrbands_y25_34,mts_aggregate_1,2005,370.786
zaf,sex_t,age_10yrbands_y25_34,mts_aggregate_1,2006,387.874
zaf,sex_t,age_10yrbands_y25_34,mts_aggregate_1,2007,360.466
zaf,sex_t,age_10yrbands_y25_34,mts_aggregate_1,2008,941.875
zaf,sex_t,age_10yrbands_y25_34,mts_aggregate_1,2009,866.055
zaf,sex_t,age_10yrbands_y25_34,mts_aggregate_1,2010,843.348
zaf,sex_t,age_10yrbands_y25_34,mts_aggregate_1,2011,850.447
zaf,sex_t,age_10yrbands_y25_34,mts_aggregate_1,2012,856.537
zaf,sex_t,age_10yrbands_y25_34,mts_aggregate_1,2013,881.786
zaf,sex_t,age_10yrbands_y25_34,mts_aggregate_1,2014,923.456
zaf,sex_t,age_10yrbands_y25_34,mts_aggregate_1,2015,994.18
zaf,sex_t,age_10yrbands_y25_34,mts_aggregate_1,2016,965.491
zaf,sex_t,age_10yrbands_y25_34,mts_aggregate_1,2017,944.696
zaf,sex_t,age_10yrbands_y25_34,mts_aggregate_1,2018,998.904
zaf,sex_t,age_10yrbands_y25_34,mts_aggregate_1,2019,969.576
zaf,sex_t,age_10yrbands_y25_34,mts_aggregate_1,2020,818.73
zaf,sex_t,age_10yrbands_y25_34,mts_aggregate_1,2021,776.878
zaf,sex_t,age_10yrbands_y25_34,mts_aggregate_1,2022,911.512
zaf,sex_t,age_10yrbands_y25_34,mts_aggregate_1,2023,998.462
zaf,sex_t,age_10yrbands_y25_34,mts_aggregate_1,2024,1028.483
zaf,sex_t,age_10yrbands_y25_34,mts_aggregate_2,2000,563.43
zaf,sex_t,age_10yrbands_y25_34,mts_aggregate_2,2001,362.844
zaf,sex_t,age_10yrbands_y25_34,mts_aggregate_2,2002,279.989
zaf,sex_t,age_10yrbands_y25_34,mts_aggregate_2,2003,265.126
zaf,sex_t,age_10yrbands_y25_34,mts_aggregate_2,2004,264.548
zaf,sex_t,age_10yrbands_y25_34,mts_aggregate_2,2005,290.594
zaf,sex_t,age_10yrbands_y25_34,mts_aggregate_2,2006,324.371
zaf,sex_t,age_10yrbands_y25_34,mts_aggregate_2,2007,267.799
zaf,sex_t,age_10yrbands_y25_34,mts_aggregate_2,2008,569.956
zaf,sex_t,age_10yrbands_y25_34,mts_aggregate_2,2009,513.695
zaf,sex_t,age_10yrbands_y25_34,mts_aggregate_2,2010,542.842
zaf,sex_t,age_10yrbands_y25_34,mts_aggregate_2,2011,474.37
zaf,sex_t,age_10yrbands_y25_34,mts_aggregate_2,2012,505.261
zaf,sex_t,age_10yrbands_y25_34,mts_aggregate_2,2013,478.025
zaf,sex_t,age_10yrbands_y25_34,mts_aggregate_2,2014,451.314
zaf,sex_t,age_10yrbands_y25_34,mts_aggregate_2,2015,524.936
zaf,sex_t,age_10yrbands_y25_34,mts_aggregate_2,2016,512.654
zaf,sex_t,age_10yrbands_y25_34,mts_aggregate_2,2017,510.096
zaf,sex_t,age_10yrbands_y25_34,mts_aggregate_2,2018,493.457
zaf,sex_t,age_10yrbands_y25_34,mts_aggregate_2,2019,529.057
zaf,sex_t,age_10yrbands_y25_34,mts_aggregate_2,2020,419.911
zaf,sex_t,age_10yrbands_y25_34,mts_aggregate_2,2021,414.073
zaf,sex_t,age_10yrbands_y25_34,mts_aggregate_2,2022,442.627
zaf,sex_t,age_10yrbands_y25_34,mts_aggregate_2,2023,420.895
zaf,sex_t,age_10yrbands_y25_34,mts_aggregate_2,2024,444.226
zaf,sex_t,age_10yrbands_y25_34,mts_aggregate_total,2000,784.264
zaf,sex_t,age_10yrbands_y25_34,mts_aggregate_total,2001,769.198
zaf,sex_t,age_10yrbands_y25_34,mts_aggregate_total,2002,602.392
zaf,sex_t,age_10yrbands_y25_34,mts_aggregate_total,2003,574.621
zaf,sex_t,age_10yrbands_y25_34,mts_aggregate_total,2004,572.722
zaf,sex_t,age_10yrbands_y25_34,mts_aggregate_total,2005,661.379
zaf,sex_t,age_10yrbands_y25_34,mts_aggregate_total,2006,712.244
zaf,sex_t,age_10yrbands_y25_34,mts_aggregate_total,2007,628.265
zaf,sex_t,age_10yrbands_y25_34,mts_aggregate_total,2008,1511.831
zaf,sex_t,age_10yrbands_y25_34,mts_aggregate_total,2009,1379.751
zaf,sex_t,age_10yrbands_y25_34,mts_aggregate_total,2010,1386.19
zaf,sex_t,age_10yrbands_y25_34,mts_aggregate_total,2011,1324.817
zaf,sex_t,age_10yrbands_y25_34,mts_aggregate_total,2012,1361.798
zaf,sex_t,age_10yrbands_y25_34,mts_aggregate_total,2013,1359.811
zaf,sex_t,age_10yrbands_y25_34,mts_aggregate_total,2014,1374.77
zaf,sex_t,age_10yrbands_y25_34,mts_aggregate_total,2015,1519.116
zaf,sex_t,age_10yrbands_y25_34,mts_aggregate_total,2016,1478.145
zaf,sex_t,age_10yrbands_y25_34,mts_aggregate_total,2017,1454.792
zaf,sex_t,age_10yrbands_y25_34,mts_aggregate_total,2018,1492.361
zaf,sex_t,age_10yrbands_y25_34,mts_aggregate_total,2019,1498.633
zaf,sex_t,age_10yrbands_y25_34,mts_aggregate_total,2020,1238.641
zaf,sex_t,age_10yrbands_y25_34,mts_aggregate_total,2021,1190.952
zaf,sex_t,age_10yrbands_y25_34,mts_aggregate_total,2022,1354.14
zaf,sex_t,age_10yrbands_y25_34,mts_aggregate_total,2023,1419.357
zaf,sex_t,age_10yrbands_y25_34,mts_aggregate_total,2024,1472.71
zaf,sex_t,age_10yrbands_y25_34,mts_details_mrd,2000,386.599
zaf,sex_t,age_10yrbands_y25_34,mts_details_mrd,2001,352.775
zaf,sex_t,age_10yrbands_y25_34,mts_details_mrd,2002,272.89
zaf,sex_t,age_10yrbands_y25_34,mts_details_mrd,2003,257.494
zaf,sex_t,age_10yrbands_y25_34,mts_details_mrd,2004,202.124
zaf,sex_t,age_10yrbands_y25_34,mts_details_mrd,2005,156.821
zaf,sex_t,age_10yrbands_y25_34,mts_details_mrd,2006,176.99
zaf,sex_t,age_10yrbands_y25_34,mts_details_mrd,2007,154.061
zaf,sex_t,age_10yrbands_y25_34,mts_details_mrd,2008,297.241
zaf,sex_t,age_10yrbands_y25_34,mts_details_mrd,2009,254.51
zaf,sex_t,age_10yrbands_y25_34,mts_details_mrd,2010,277.274
zaf,sex_t,age_10yrbands_y25_34,mts_details_mrd,2011,244.764
zaf,sex_t,age_10yrbands_y25_34,mts_details_mrd,2012,267.487
zaf,sex_t,age_10yrbands_y25_34,mts_details_mrd,2013,236.719
zaf,sex_t,age_10yrbands_y25_34,mts_details_mrd,2014,233.2
zaf,sex_t,age_10yrbands_y25_34,mts_details_mrd,2015,268.887
zaf,sex_t,age_10yrbands_y25_34,mts_details_mrd,2016,259.051
zaf,sex_t,age_10yrbands_y25_34,mts_details_mrd,2017,268.888
zaf,sex_t,age_10yrbands_y25_34,mts_details_mrd,2018,252.027
zaf,sex_t,age_10yrbands_y25_34,mts_details_mrd,2019,269.735
zaf,sex_t,age_10yrbands_y25_34,mts_details_mrd,2020,196.55
zaf,sex_t,age_10yrbands_y25_34,mts_details_mrd,2021,204.349
zaf,sex_t,age_10yrbands_y25_34,mts_details_mrd,2022,220.52
zaf,sex_t,age_10yrbands_y25_34,mts_details_mrd,2023,210.621
zaf,sex_t,age_10yrbands_y25_34,mts_details_mrd,2024,231.808
zaf,sex_t,age_10yrbands_y25_34,mts_details_sep,2000,207.527
zaf,sex_t,age_10yrbands_y25_34,mts_details_sep,2001,393.596
zaf,sex_t,age_10yrbands_y25_34,mts_details_sep,2002,309.1
zaf,sex_t,age_10yrbands_y25_34,mts_details_sep,2003,294.614
zaf,sex_t,age_10yrbands_y25_34,mts_details_sep,2004,146.662
zaf,sex_t,age_10yrbands_y25_34,mts_details_sep,2005,9.386
zaf,sex_t,age_10yrbands_y25_34,mts_details_sep,2006,7.292
zaf,sex_t,age_10yrbands_y25_34,mts_details_sep,2007,6.515
zaf,sex_t,age_10yrbands_y25_34,mts_details_sep,2008,14.701
zaf,sex_t,age_10yrbands_y25_34,mts_details_sep,2009,13.449
zaf,sex_t,age_10yrbands_y25_34,mts_details_sep,2010,12.747
zaf,sex_t,age_10yrbands_y25_34,mts_details_sep,2011,11.568
zaf,sex_t,age_10yrbands_y25_34,mts_details_sep,2012,14.597
zaf,sex_t,age_10yrbands_y25_34,mts_details_sep,2013,15.172
zaf,sex_t,age_10yrbands_y25_34,mts_details_sep,2014,13.565
zaf,sex_t,age_10yrbands_y25_34,mts_details_sep,2015,10.566
zaf,sex_t,age_10yrbands_y25_34,mts_details_sep,2016,14.775
zaf,sex_t,age_10yrbands_y25_34,mts_details_sep,2017,13.007
zaf,sex_t,age_10yrbands_y25_34,mts_details_sep,2018,9.552
zaf,sex_t,age_10yrbands_y25_34,mts_details_sep,2019,7.796
zaf,sex_t,age_10yrbands_y25_34,mts_details_sep,2020,6.356
zaf,sex_t,age_10yrbands_y25_34,mts_details_sep,2021,7.89
zaf,sex_t,age_10yrbands_y25_34,mts_details_sep,2022,7.293
zaf,sex_t,age_10yrbands_y25_34,mts_details_sep,2023,9.842
zaf,sex_t,age_10yrbands_y25_34,mts_details_sep,2024,7.208
zaf,sex_t,age_10yrbands_y25_34,mts_details_sgle,2004,154.621
zaf,sex_t,age_10yrbands_y25_34,mts_details_sgle,2005,356.037
zaf,sex_t,age_10yrbands_y25_34,mts_details_sgle,2006,372.054
zaf,sex_t,age_10yrbands_y25_34,mts_details_sgle,2007,348.952
zaf,sex_t,age_10yrbands_y25_34,mts_details_sgle,2008,916.668
zaf,sex_t,age_10yrbands_y25_34,mts_details_sgle,2009,843.856
zaf,sex_t,age_10yrbands_y25_34,mts_details_sgle,2010,822.925
zaf,sex_t,age_10yrbands_y25_34,mts_details_sgle,2011,832.933
zaf,sex_t,age_10yrbands_y25_34,mts_details_sgle,2012,837.755
zaf,sex_t,age_10yrbands_y25_34,mts_details_sgle,2013,862.163
zaf,sex_t,age_10yrbands_y25_34,mts_details_sgle,2014,903.957
zaf,sex_t,age_10yrbands_y25_34,mts_details_sgle,2015,980.557
zaf,sex_t,age_10yrbands_y25_34,mts_details_sgle,2016,946.506
zaf,sex_t,age_10yrbands_y25_34,mts_details_sgle,2017,924.923
zaf,sex_t,age_10yrbands_y25_34,mts_details_sgle,2018,984.999
zaf,sex_t,age_10yrbands_y25_34,mts_details_sgle,2019,959.612
zaf,sex_t,age_10yrbands_y25_34,mts_details_sgle,2020,811.085
zaf,sex_t,age_10yrbands_y25_34,mts_details_sgle,2021,766.616
zaf,sex_t,age_10yrbands_y25_34,mts_details_sgle,2022,902.279
zaf,sex_t,age_10yrbands_y25_34,mts_details_sgle,2023,984.375
zaf,sex_t,age_10yrbands_y25_34,mts_details_sgle,2024,1019.288
zaf,sex_t,age_10yrbands_y25_34,mts_details_total,2000,784.264
zaf,sex_t,age_10yrbands_y25_34,mts_details_total,2001,769.198
zaf,sex_t,age_10yrbands_y25_34,mts_details_total,2002,602.392
zaf,sex_t,age_10yrbands_y25_34,mts_details_total,2003,574.621
zaf,sex_t,age_10yrbands_y25_34,mts_details_total,2004,572.722
zaf,sex_t,age_10yrbands_y25_34,mts_details_total,2005,661.379
zaf,sex_t,age_10yrbands_y25_34,mts_details_total,2006,712.244
zaf,sex_t,age_10yrbands_y25_34,mts_details_total,2007,628.265
zaf,sex_t,age_10yrbands_y25_34,mts_details_total,2008,1511.831
zaf,sex_t,age_10yrbands_y25_34,mts_details_total,2009,1379.751
zaf,sex_t,age_10yrbands_y25_34,mts_details_total,2010,1386.19
zaf,sex_t,age_10yrbands_y25_34,mts_details_total,2011,1324.817
zaf,sex_t,age_10yrbands_y25_34,mts_details_total,2012,1361.798
zaf,sex_t,age_10yrbands_y25_34,mts_details_total,2013,1359.811
zaf,sex_t,age_10yrbands_y25_34,mts_details_total,2014,1374.77
zaf,sex_t,age_10yrbands_y25_34,mts_details_total,2015,1519.116
zaf,sex_t,age_10yrbands_y25_34,mts_details_total,2016,1478.145
zaf,sex_t,age_10yrbands_y25_34,mts_details_total,2017,1454.792
zaf,sex_t,age_10yrbands_y25_34,mts_details_total,2018,1492.361
zaf,sex_t,age_10yrbands_y25_34,mts_details_total,2019,1498.633
zaf,sex_t,age_10yrbands_y25_34,mts_details_total,2020,1238.641
zaf,sex_t,age_10yrbands_y25_34,mts_details_total,2021,1190.952
zaf,sex_t,age_10yrbands_y25_34,mts_details_total,2022,1354.14
zaf,sex_t,age_10yrbands_y25_34,mts_details_total,2023,1419.357
zaf,sex_t,age_10yrbands_y25_34,mts_details_total,2024,1472.71
zaf,sex_t,age_10yrbands_y25_34,mts_details_union,2000,176.83
zaf,sex_t,age_10yrbands_y25_34,mts_details_union,2001,10.069
zaf,sex_t,age_10yrbands_y25_34,mts_details_union,2002,7.099
zaf,sex_t,age_10yrbands_y25_34,mts_details_union,2003,7.633
zaf,sex_t,age_10yrbands_y25_34,mts_details_union,2004,62.423
zaf,sex_t,age_10yrbands_y25_34,mts_details_union,2005,133.773
zaf,sex_t,age_10yrbands_y25_34,mts_details_union,2006,147.381
zaf,sex_t,age_10yrbands_y25_34,mts_details_union,2007,113.738
zaf,sex_t,age_10yrbands_y25_34,mts_details_union,2008,272.715
zaf,sex_t,age_10yrbands_y25_34,mts_details_union,2009,259.185
zaf,sex_t,age_10yrbands_y25_34,mts_details_union,2010,265.568
zaf,sex_t,age_10yrbands_y25_34,mts_details_union,2011,229.607
zaf,sex_t,age_10yrbands_y25_34,mts_details_union,2012,237.773
zaf,sex_t,age_10yrbands_y25_34,mts_details_union,2013,241.306
zaf,sex_t,age_10yrbands_y25_34,mts_details_union,2014,218.115
zaf,sex_t,age_10yrbands_y25_34,mts_details_union,2015,256.049
zaf,sex_t,age_10yrbands_y25_34,mts_details_union,2016,253.603
zaf,sex_t,age_10yrbands_y25_34,mts_details_union,2017,241.208
zaf,sex_t,age_10yrbands_y25_34,mts_details_union,2018,241.43
zaf,sex_t,age_10yrbands_y25_34,mts_details_union,2019,259.323
zaf,sex_t,age_10yrbands_y25_34,mts_details_union,2020,223.362
zaf,sex_t,age_10yrbands_y25_34,mts_details_union,2021,209.724
zaf,sex_t,age_10yrbands_y25_34,mts_details_union,2022,222.107
zaf,sex_t,age_10yrbands_y25_34,mts_details_union,2023,210.274
zaf,sex_t,age_10yrbands_y25_34,mts_details_union,2024,212.419
zaf,sex_t,age_10yrbands_y25_34,mts_details_wid,2000,13.157
zaf,sex_t,age_10yrbands_y25_34,mts_details_wid,2001,12.588
zaf,sex_t,age_10yrbands_y25_34,mts_details_wid,2002,13.131
zaf,sex_t,age_10yrbands_y25_34,mts_details_wid,2003,14.744
zaf,sex_t,age_10yrbands_y25_34,mts_details_wid,2004,6.891
zaf,sex_t,age_10yrbands_y25_34,mts_details_wid,2005,5.362
zaf,sex_t,age_10yrbands_y25_34,mts_details_wid,2006,8.527
zaf,sex_t,age_10yrbands_y25_34,mts_details_wid,2007,4.999
zaf,sex_t,age_10yrbands_y25_34,mts_details_wid,2008,10.505
zaf,sex_t,age_10yrbands_y25_34,mts_details_wid,2009,8.751
zaf,sex_t,age_10yrbands_y25_34,mts_details_wid,2010,7.676
zaf,sex_t,age_10yrbands_y25_34,mts_details_wid,2011,5.946
zaf,sex_t,age_10yrbands_y25_34,mts_details_wid,2012,4.186
zaf,sex_t,age_10yrbands_y25_34,mts_details_wid,2013,4.451
zaf,sex_t,age_10yrbands_y25_34,mts_details_wid,2014,5.934
zaf,sex_t,age_10yrbands_y25_34,mts_details_wid,2015,3.057
zaf,sex_t,age_10yrbands_y25_34,mts_details_wid,2016,4.211
zaf,sex_t,age_10yrbands_y25_34,mts_details_wid,2017,6.765
zaf,sex_t,age_10yrbands_y25_34,mts_details_wid,2018,4.353
zaf,sex_t,age_10yrbands_y25_34,mts_details_wid,2019,2.168
zaf,sex_t,age_10yrbands_y25_34,mts_details_wid,2020,1.29
zaf,sex_t,age_10yrbands_y25_34,mts_details_wid,2021,2.372
zaf,sex_t,age_10yrbands_y25_34,mts_details_wid,2022,1.94
zaf,sex_t,age_10yrbands_y25_34,mts_details_wid,2023,4.245
zaf,sex_t,age_10yrbands_y25_34,mts_details_wid,2024,1.988
zaf,sex_t,age_10yrbands_y35_44,mts_aggregate_1,2000,150.35
zaf,sex_t,age_10yrbands_y35_44,mts_aggregate_1,2001,197.07
zaf,sex_t,age_10yrbands_y35_44,mts_aggregate_1,2002,148.888
zaf,sex_t,age_10yrbands_y35_44,mts_aggregate_1,2003,152.411
zaf,sex_t,age_10yrbands_y35_44,mts_aggregate_1,2004,158.836
zaf,sex_t,age_10yrbands_y35_44,mts_aggregate_1,2005,199.21
zaf,sex_t,age_10yrbands_y35_44,mts_aggregate_1,2006,212.645
zaf,sex_t,age_10yrbands_y35_44,mts_aggregate_1,2007,223.442
zaf,sex_t,age_10yrbands_y35_44,mts_aggregate_1,2008,524.164
zaf,sex_t,age_10yrbands_y35_44,mts_aggregate_1,2009,526.466
zaf,sex_t,age_10yrbands_y35_44,mts_aggregate_1,2010,516.165
zaf,sex_t,age_10yrbands_y35_44,mts_aggregate_1,2011,547.643
zaf,sex_t,age_10yrbands_y35_44,mts_aggregate_1,2012,533.904
zaf,sex_t,age_10yrbands_y35_44,mts_aggregate_1,2013,583.145
zaf,sex_t,age_10yrbands_y35_44,mts_aggregate_1,2014,589.685
zaf,sex_t,age_10yrbands_y35_44,mts_aggregate_1,2015,636.863
zaf,sex_t,age_10yrbands_y35_44,mts_aggregate_1,2016,638.167
zaf,sex_t,age_10yrbands_y35_44,mts_aggregate_1,2017,717.476
zaf,sex_t,age_10yrbands_y35_44,mts_aggregate_1,2018,771.472
zaf,sex_t,age_10yrbands_y35_44,mts_aggregate_1,2019,738.135
zaf,sex_t,age_10yrbands_y35_44,mts_aggregate_1,2020,620.682
zaf,sex_t,age_10yrbands_y35_44,mts_aggregate_1,2021,646.189
zaf,sex_t,age_10yrbands_y35_44,mts_aggregate_1,2022,729.755
zaf,sex_t,age_10yrbands_y35_44,mts_aggregate_1,2023,823.047
zaf,sex_t,age_10yrbands_y35_44,mts_aggregate_1,2024,850.501
zaf,sex_t,age_10yrbands_y35_44,mts_aggregate_2,2000,552.144
zaf,sex_t,age_10yrbands_y35_44,mts_aggregate_2,2001,443.98
zaf,sex_t,age_10yrbands_y35_44,mts_aggregate_2,2002,352.956
zaf,sex_t,age_10yrbands_y35_44,mts_aggregate_2,2003,344.143
zaf,sex_t,age_10yrbands_y35_44,mts_aggregate_2,2004,321.746
zaf,sex_t,age_10yrbands_y35_44,mts_aggregate_2,2005,343.639
zaf,sex_t,age_10yrbands_y35_44,mts_aggregate_2,2006,301.425
zaf,sex_t,age_10yrbands_y35_44,mts_aggregate_2,2007,317.055
zaf,sex_t,age_10yrbands_y35_44,mts_aggregate_2,2008,654.609
zaf,sex_t,age_10yrbands_y35_44,mts_aggregate_2,2009,638.545
zaf,sex_t,age_10yrbands_y35_44,mts_aggregate_2,2010,623.974
zaf,sex_t,age_10yrbands_y35_44,mts_aggregate_2,2011,604.496
zaf,sex_t,age_10yrbands_y35_44,mts_aggregate_2,2012,613.199
zaf,sex_t,age_10yrbands_y35_44,mts_aggregate_2,2013,608.372
zaf,sex_t,age_10yrbands_y35_44,mts_aggregate_2,2014,612.093
zaf,sex_t,age_10yrbands_y35_44,mts_aggregate_2,2015,703.54
zaf,sex_t,age_10yrbands_y35_44,mts_aggregate_2,2016,732.508
zaf,sex_t,age_10yrbands_y35_44,mts_aggregate_2,2017,723.738
zaf,sex_t,age_10yrbands_y35_44,mts_aggregate_2,2018,735.197
zaf,sex_t,age_10yrbands_y35_44,mts_aggregate_2,2019,747.189
zaf,sex_t,age_10yrbands_y35_44,mts_aggregate_2,2020,625.994
zaf,sex_t,age_10yrbands_y35_44,mts_aggregate_2,2021,625.094
zaf,sex_t,age_10yrbands_y35_44,mts_aggregate_2,2022,681.969
zaf,sex_t,age_10yrbands_y35_44,mts_aggregate_2,2023,699.853
zaf,sex_t,age_10yrbands_y35_44,mts_aggregate_2,2024,721.61
zaf,sex_t,age_10yrbands_y35_44,mts_aggregate_total,2000,702.687
zaf,sex_t,age_10yrbands_y35_44,mts_aggregate_total,2001,641.05
zaf,sex_t,age_10yrbands_y35_44,mts_aggregate_total,2002,501.844
zaf,sex_t,age_10yrbands_y35_44,mts_aggregate_total,2003,496.554
zaf,sex_t,age_10yrbands_y35_44,mts_aggregate_total,2004,480.649
zaf,sex_t,age_10yrbands_y35_44,mts_aggregate_total,2005,542.849
zaf,sex_t,age_10yrbands_y35_44,mts_aggregate_total,2006,514.07
zaf,sex_t,age_10yrbands_y35_44,mts_aggregate_total,2007,540.783
zaf,sex_t,age_10yrbands_y35_44,mts_aggregate_total,2008,1178.773
zaf,sex_t,age_10yrbands_y35_44,mts_aggregate_total,2009,1165.011
zaf,sex_t,age_10yrbands_y35_44,mts_aggregate_total,2010,1140.14
zaf,sex_t,age_10yrbands_y35_44,mts_aggregate_total,2011,1152.139
zaf,sex_t,age_10yrbands_y35_44,mts_aggregate_total,2012,1147.104
zaf,sex_t,age_10yrbands_y35_44,mts_aggregate_total,2013,1191.517
zaf,sex_t,age_10yrbands_y35_44,mts_aggregate_total,2014,1201.778
zaf,sex_t,age_10yrbands_y35_44,mts_aggregate_total,2015,1340.403
zaf,sex_t,age_10yrbands_y35_44,mts_aggregate_total,2016,1370.676
zaf,sex_t,age_10yrbands_y35_44,mts_aggregate_total,2017,1441.213
zaf,sex_t,age_10yrbands_y35_44,mts_aggregate_total,2018,1506.669
zaf,sex_t,age_10yrbands_y35_44,mts_aggregate_total,2019,1485.324
zaf,sex_t,age_10yrbands_y35_44,mts_aggregate_total,2020,1246.677
zaf,sex_t,age_10yrbands_y35_44,mts_aggregate_total,2021,1271.283
zaf,sex_t,age_10yrbands_y35_44,mts_aggregate_total,2022,1411.724
zaf,sex_t,age_10yrbands_y35_44,mts_aggregate_total,2023,1522.9
zaf,sex_t,age_10yrbands_y35_44,mts_aggregate_total,2024,1572.111
zaf,sex_t,age_10yrbands_y35_44,mts_details_mrd,2000,322.642
zaf,sex_t,age_10yrbands_y35_44,mts_details_mrd,2001,409.472
zaf,sex_t,age_10yrbands_y35_44,mts_details_mrd,2002,326.61
zaf,sex_t,age_10yrbands_y35_44,mts_details_mrd,2003,314.405
zaf,sex_t,age_10yrbands_y35_44,mts_details_mrd,2004,268.588
zaf,sex_t,age_10yrbands_y35_44,mts_details_mrd,2005,237.311
zaf,sex_t,age_10yrbands_y35_44,mts_details_mrd,2006,211.393
zaf,sex_t,age_10yrbands_y35_44,mts_details_mrd,2007,202.996
zaf,sex_t,age_10yrbands_y35_44,mts_details_mrd,2008,432.406
zaf,sex_t,age_10yrbands_y35_44,mts_details_mrd,2009,414.646
zaf,sex_t,age_10yrbands_y35_44,mts_details_mrd,2010,414.17
zaf,sex_t,age_10yrbands_y35_44,mts_details_mrd,2011,398.981
zaf,sex_t,age_10yrbands_y35_44,mts_details_mrd,2012,400.059
zaf,sex_t,age_10yrbands_y35_44,mts_details_mrd,2013,415.024
zaf,sex_t,age_10yrbands_y35_44,mts_details_mrd,2014,390.747
zaf,sex_t,age_10yrbands_y35_44,mts_details_mrd,2015,450.063
zaf,sex_t,age_10yrbands_y35_44,mts_details_mrd,2016,465.14
zaf,sex_t,age_10yrbands_y35_44,mts_details_mrd,2017,443.997
zaf,sex_t,age_10yrbands_y35_44,mts_details_mrd,2018,433.929
zaf,sex_t,age_10yrbands_y35_44,mts_details_mrd,2019,473.278
zaf,sex_t,age_10yrbands_y35_44,mts_details_mrd,2020,386.855
zaf,sex_t,age_10yrbands_y35_44,mts_details_mrd,2021,400.67
zaf,sex_t,age_10yrbands_y35_44,mts_details_mrd,2022,406.22
zaf,sex_t,age_10yrbands_y35_44,mts_details_mrd,2023,434.358
zaf,sex_t,age_10yrbands_y35_44,mts_details_mrd,2024,431.615
zaf,sex_t,age_10yrbands_y35_44,mts_details_sep,2000,111.23
zaf,sex_t,age_10yrbands_y35_44,mts_details_sep,2001,160.841
zaf,sex_t,age_10yrbands_y35_44,mts_details_sep,2002,115.481
zaf,sex_t,age_10yrbands_y35_44,mts_details_sep,2003,125.236
zaf,sex_t,age_10yrbands_y35_44,mts_details_sep,2004,70.569
zaf,sex_t,age_10yrbands_y35_44,mts_details_sep,2005,36.635
zaf,sex_t,age_10yrbands_y35_44,mts_details_sep,2006,26.018
zaf,sex_t,age_10yrbands_y35_44,mts_details_sep,2007,22.787
zaf,sex_t,age_10yrbands_y35_44,mts_details_sep,2008,44.458
zaf,sex_t,age_10yrbands_y35_44,mts_details_sep,2009,42.765
zaf,sex_t,age_10yrbands_y35_44,mts_details_sep,2010,39.448
zaf,sex_t,age_10yrbands_y35_44,mts_details_sep,2011,34.857
zaf,sex_t,age_10yrbands_y35_44,mts_details_sep,2012,46.365
zaf,sex_t,age_10yrbands_y35_44,mts_details_sep,2013,39.599
zaf,sex_t,age_10yrbands_y35_44,mts_details_sep,2014,33.274
zaf,sex_t,age_10yrbands_y35_44,mts_details_sep,2015,34.13
zaf,sex_t,age_10yrbands_y35_44,mts_details_sep,2016,31.848
zaf,sex_t,age_10yrbands_y35_44,mts_details_sep,2017,30.103
zaf,sex_t,age_10yrbands_y35_44,mts_details_sep,2018,35.515
zaf,sex_t,age_10yrbands_y35_44,mts_details_sep,2019,33.853
zaf,sex_t,age_10yrbands_y35_44,mts_details_sep,2020,22.246
zaf,sex_t,age_10yrbands_y35_44,mts_details_sep,2021,25.532
zaf,sex_t,age_10yrbands_y35_44,mts_details_sep,2022,27.954
zaf,sex_t,age_10yrbands_y35_44,mts_details_sep,2023,35.877
zaf,sex_t,age_10yrbands_y35_44,mts_details_sep,2024,35.292
zaf,sex_t,age_10yrbands_y35_44,mts_details_sgle,2004,52.875
zaf,sex_t,age_10yrbands_y35_44,mts_details_sgle,2005,135.173
zaf,sex_t,age_10yrbands_y35_44,mts_details_sgle,2006,163.548
zaf,sex_t,age_10yrbands_y35_44,mts_details_sgle,2007,178.334
zaf,sex_t,age_10yrbands_y35_44,mts_details_sgle,2008,436.16
zaf,sex_t,age_10yrbands_y35_44,mts_details_sgle,2009,441.972
zaf,sex_t,age_10yrbands_y35_44,mts_details_sgle,2010,426.296
zaf,sex_t,age_10yrbands_y35_44,mts_details_sgle,2011,474.274
zaf,sex_t,age_10yrbands_y35_44,mts_details_sgle,2012,447.863
zaf,sex_t,age_10yrbands_y35_44,mts_details_sgle,2013,504.007
zaf,sex_t,age_10yrbands_y35_44,mts_details_sgle,2014,529.643
zaf,sex_t,age_10yrbands_y35_44,mts_details_sgle,2015,571.132
zaf,sex_t,age_10yrbands_y35_44,mts_details_sgle,2016,582.279
zaf,sex_t,age_10yrbands_y35_44,mts_details_sgle,2017,655.13
zaf,sex_t,age_10yrbands_y35_44,mts_details_sgle,2018,704.047
zaf,sex_t,age_10yrbands_y35_44,mts_details_sgle,2019,677.332
zaf,sex_t,age_10yrbands_y35_44,mts_details_sgle,2020,582.81
zaf,sex_t,age_10yrbands_y35_44,mts_details_sgle,2021,603.987
zaf,sex_t,age_10yrbands_y35_44,mts_details_sgle,2022,687.842
zaf,sex_t,age_10yrbands_y35_44,mts_details_sgle,2023,773.465
zaf,sex_t,age_10yrbands_y35_44,mts_details_sgle,2024,802.779
zaf,sex_t,age_10yrbands_y35_44,mts_details_total,2000,702.687
zaf,sex_t,age_10yrbands_y35_44,mts_details_total,2001,641.05
zaf,sex_t,age_10yrbands_y35_44,mts_details_total,2002,501.844
zaf,sex_t,age_10yrbands_y35_44,mts_details_total,2003,496.554
zaf,sex_t,age_10yrbands_y35_44,mts_details_total,2004,480.649
zaf,sex_t,age_10yrbands_y35_44,mts_details_total,2005,542.849
zaf,sex_t,age_10yrbands_y35_44,mts_details_total,2006,514.07
zaf,sex_t,age_10yrbands_y35_44,mts_details_total,2007,540.783
zaf,sex_t,age_10yrbands_y35_44,mts_details_total,2008,1178.773
zaf,sex_t,age_10yrbands_y35_44,mts_details_total,2009,1165.011
zaf,sex_t,age_10yrbands_y35_44,mts_details_total,2010,1140.14
zaf,sex_t,age_10yrbands_y35_44,mts_details_total,2011,1152.139
zaf,sex_t,age_10yrbands_y35_44,mts_details_total,2012,1147.104
zaf,sex_t,age_10yrbands_y35_44,mts_details_total,2013,1191.517
zaf,sex_t,age_10yrbands_y35_44,mts_details_total,2014,1201.778
zaf,sex_t,age_10yrbands_y35_44,mts_details_total,2015,1340.403
zaf,sex_t,age_10yrbands_y35_44,mts_details_total,2016,1370.676
zaf,sex_t,age_10yrbands_y35_44,mts_details_total,2017,1441.213
zaf,sex_t,age_10yrbands_y35_44,mts_details_total,2018,1506.669
zaf,sex_t,age_10yrbands_y35_44,mts_details_total,2019,1485.324
zaf,sex_t,age_10yrbands_y35_44,mts_details_total,2020,1246.677
zaf,sex_t,age_10yrbands_y35_44,mts_details_total,2021,1271.283
zaf,sex_t,age_10yrbands_y35_44,mts_details_total,2022,1411.724
zaf,sex_t,age_10yrbands_y35_44,mts_details_total,2023,1522.9
zaf,sex_t,age_10yrbands_y35_44,mts_details_total,2024,1572.111
zaf,sex_t,age_10yrbands_y35_44,mts_details_union,2000,229.502
zaf,sex_t,age_10yrbands_y35_44,mts_details_union,2001,34.508
zaf,sex_t,age_10yrbands_y35_44,mts_details_union,2002,26.346
zaf,sex_t,age_10yrbands_y35_44,mts_details_union,2003,29.738
zaf,sex_t,age_10yrbands_y35_44,mts_details_union,2004,53.158
zaf,sex_t,age_10yrbands_y35_44,mts_details_union,2005,106.327
zaf,sex_t,age_10yrbands_y35_44,mts_details_union,2006,90.032
zaf,sex_t,age_10yrbands_y35_44,mts_details_union,2007,114.059
zaf,sex_t,age_10yrbands_y35_44,mts_details_union,2008,222.203
zaf,sex_t,age_10yrbands_y35_44,mts_details_union,2009,223.898
zaf,sex_t,age_10yrbands_y35_44,mts_details_union,2010,209.804
zaf,sex_t,age_10yrbands_y35_44,mts_details_union,2011,205.514
zaf,sex_t,age_10yrbands_y35_44,mts_details_union,2012,213.141
zaf,sex_t,age_10yrbands_y35_44,mts_details_union,2013,193.348
zaf,sex_t,age_10yrbands_y35_44,mts_details_union,2014,221.346
zaf,sex_t,age_10yrbands_y35_44,mts_details_union,2015,253.477
zaf,sex_t,age_10yrbands_y35_44,mts_details_union,2016,267.369
zaf,sex_t,age_10yrbands_y35_44,mts_details_union,2017,279.741
zaf,sex_t,age_10yrbands_y35_44,mts_details_union,2018,301.268
zaf,sex_t,age_10yrbands_y35_44,mts_details_union,2019,273.912
zaf,sex_t,age_10yrbands_y35_44,mts_details_union,2020,239.139
zaf,sex_t,age_10yrbands_y35_44,mts_details_union,2021,224.424
zaf,sex_t,age_10yrbands_y35_44,mts_details_union,2022,275.749
zaf,sex_t,age_10yrbands_y35_44,mts_details_union,2023,265.495
zaf,sex_t,age_10yrbands_y35_44,mts_details_union,2024,289.995
zaf,sex_t,age_10yrbands_y35_44,mts_details_wid,2000,39.119
zaf,sex_t,age_10yrbands_y35_44,mts_details_wid,2001,36.229
zaf,sex_t,age_10yrbands_y35_44,mts_details_wid,2002,33.407
zaf,sex_t,age_10yrbands_y35_44,mts_details_wid,2003,27.175
zaf,sex_t,age_10yrbands_y35_44,mts_details_wid,2004,35.392
zaf,sex_t,age_10yrbands_y35_44,mts_details_wid,2005,27.402
zaf,sex_t,age_10yrbands_y35_44,mts_details_wid,2006,23.08
zaf,sex_t,age_10yrbands_y35_44,mts_details_wid,2007,22.32
zaf,sex_t,age_10yrbands_y35_44,mts_details_wid,2008,43.546
zaf,sex_t,age_10yrbands_y35_44,mts_details_wid,2009,41.73
zaf,sex_t,age_10yrbands_y35_44,mts_details_wid,2010,50.422
zaf,sex_t,age_10yrbands_y35_44,mts_details_wid,2011,38.513
zaf,sex_t,age_10yrbands_y35_44,mts_details_wid,2012,39.676
zaf,sex_t,age_10yrbands_y35_44,mts_details_wid,2013,39.539
zaf,sex_t,age_10yrbands_y35_44,mts_details_wid,2014,26.768
zaf,sex_t,age_10yrbands_y35_44,mts_details_wid,2015,31.601
zaf,sex_t,age_10yrbands_y35_44,mts_details_wid,2016,24.04
zaf,sex_t,age_10yrbands_y35_44,mts_details_wid,2017,32.242
zaf,sex_t,age_10yrbands_y35_44,mts_details_wid,2018,31.91
zaf,sex_t,age_10yrbands_y35_44,mts_details_wid,2019,26.95
zaf,sex_t,age_10yrbands_y35_44,mts_details_wid,2020,15.626
zaf,sex_t,age_10yrbands_y35_44,mts_details_wid,2021,16.67
zaf,sex_t,age_10yrbands_y35_44,mts_details_wid,2022,13.959
zaf,sex_t,age_10yrbands_y35_44,mts_details_wid,2023,13.705
zaf,sex_t,age_10yrbands_y35_44,mts_details_wid,2024,12.43
zaf,sex_t,age_10yrbands_y45_54,mts_aggregate_1,2000,105.758
zaf,sex_t,age_10yrbands_y45_54,mts_aggregate_1,2001,96.163
zaf,sex_t,age_10yrbands_y45_54,mts_aggregate_1,2002,77.076
zaf,sex_t,age_10yrbands_y45_54,mts_aggregate_1,2003,87.966
zaf,sex_t,age_10yrbands_y45_54,mts_aggregate_1,2004,113.302
zaf,sex_t,age_10yrbands_y45_54,mts_aggregate_1,2005,147.413
zaf,sex_t,age_10yrbands_y45_54,mts_aggregate_1,2006,153.481
zaf,sex_t,age_10yrbands_y45_54,mts_aggregate_1,2007,140.91
zaf,sex_t,age_10yrbands_y45_54,mts_aggregate_1,2008,326.761
zaf,sex_t,age_10yrbands_y45_54,mts_aggregate_1,2009,321.531
zaf,sex_t,age_10yrbands_y45_54,mts_aggregate_1,2010,308.648
zaf,sex_t,age_10yrbands_y45_54,mts_aggregate_1,2011,315.77
zaf,sex_t,age_10yrbands_y45_54,mts_aggregate_1,2012,336.5
zaf,sex_t,age_10yrbands_y45_54,mts_aggregate_1,2013,347.507
zaf,sex_t,age_10yrbands_y45_54,mts_aggregate_1,2014,351.79
zaf,sex_t,age_10yrbands_y45_54,mts_aggregate_1,2015,400.872
zaf,sex_t,age_10yrbands_y45_54,mts_aggregate_1,2016,402.291
zaf,sex_t,age_10yrbands_y45_54,mts_aggregate_1,2017,442.041
zaf,sex_t,age_10yrbands_y45_54,mts_aggregate_1,2018,461.461
zaf,sex_t,age_10yrbands_y45_54,mts_aggregate_1,2019,479.261
zaf,sex_t,age_10yrbands_y45_54,mts_aggregate_1,2020,413.399
zaf,sex_t,age_10yrbands_y45_54,mts_aggregate_1,2021,434.536
zaf,sex_t,age_10yrbands_y45_54,mts_aggregate_1,2022,508.219
zaf,sex_t,age_10yrbands_y45_54,mts_aggregate_1,2023,521.11
zaf,sex_t,age_10yrbands_y45_54,mts_aggregate_1,2024,558.999
zaf,sex_t,age_10yrbands_y45_54,mts_aggregate_2,2000,376.207
zaf,sex_t,age_10yrbands_y45_54,mts_aggregate_2,2001,375.752
zaf,sex_t,age_10yrbands_y45_54,mts_aggregate_2,2002,261.113
zaf,sex_t,age_10yrbands_y45_54,mts_aggregate_2,2003,280.813
zaf,sex_t,age_10yrbands_y45_54,mts_aggregate_2,2004,269.126
zaf,sex_t,age_10yrbands_y45_54,mts_aggregate_2,2005,262.99
zaf,sex_t,age_10yrbands_y45_54,mts_aggregate_2,2006,257.071
zaf,sex_t,age_10yrbands_y45_54,mts_aggregate_2,2007,250.138
zaf,sex_t,age_10yrbands_y45_54,mts_aggregate_2,2008,456.688
zaf,sex_t,age_10yrbands_y45_54,mts_aggregate_2,2009,430.847
zaf,sex_t,age_10yrbands_y45_54,mts_aggregate_2,2010,452.861
zaf,sex_t,age_10yrbands_y45_54,mts_aggregate_2,2011,430.791
zaf,sex_t,age_10yrbands_y45_54,mts_aggregate_2,2012,431.676
zaf,sex_t,age_10yrbands_y45_54,mts_aggregate_2,2013,453.704
zaf,sex_t,age_10yrbands_y45_54,mts_aggregate_2,2014,430.943
zaf,sex_t,age_10yrbands_y45_54,mts_aggregate_2,2015,486.025
zaf,sex_t,age_10yrbands_y45_54,mts_aggregate_2,2016,499.82
zaf,sex_t,age_10yrbands_y45_54,mts_aggregate_2,2017,515.819
zaf,sex_t,age_10yrbands_y45_54,mts_aggregate_2,2018,545.652
zaf,sex_t,age_10yrbands_y45_54,mts_aggregate_2,2019,557.532
zaf,sex_t,age_10yrbands_y45_54,mts_aggregate_2,2020,487.231
zaf,sex_t,age_10yrbands_y45_54,mts_aggregate_2,2021,518.404
zaf,sex_t,age_10yrbands_y45_54,mts_aggregate_2,2022,533.133
zaf,sex_t,age_10yrbands_y45_54,mts_aggregate_2,2023,566.134
zaf,sex_t,age_10yrbands_y45_54,mts_aggregate_2,2024,612.163
zaf,sex_t,age_10yrbands_y45_54,mts_aggregate_total,2000,482.007
zaf,sex_t,age_10yrbands_y45_54,mts_aggregate_total,2001,472.114
zaf,sex_t,age_10yrbands_y45_54,mts_aggregate_total,2002,338.189
zaf,sex_t,age_10yrbands_y45_54,mts_aggregate_total,2003,368.779
zaf,sex_t,age_10yrbands_y45_54,mts_aggregate_total,2004,382.428
zaf,sex_t,age_10yrbands_y45_54,mts_aggregate_total,2005,410.552
zaf,sex_t,age_10yrbands_y45_54,mts_aggregate_total,2006,410.552
zaf,sex_t,age_10yrbands_y45_54,mts_aggregate_total,2007,391.197
zaf,sex_t,age_10yrbands_y45_54,mts_aggregate_total,2008,783.449
zaf,sex_t,age_10yrbands_y45_54,mts_aggregate_total,2009,752.378
zaf,sex_t,age_10yrbands_y45_54,mts_aggregate_total,2010,761.51
zaf,sex_t,age_10yrbands_y45_54,mts_aggregate_total,2011,746.561
zaf,sex_t,age_10yrbands_y45_54,mts_aggregate_total,2012,768.176
zaf,sex_t,age_10yrbands_y45_54,mts_aggregate_total,2013,801.211
zaf,sex_t,age_10yrbands_y45_54,mts_aggregate_total,2014,782.733
zaf,sex_t,age_10yrbands_y45_54,mts_aggregate_total,2015,886.897
zaf,sex_t,age_10yrbands_y45_54,mts_aggregate_total,2016,902.111
zaf,sex_t,age_10yrbands_y45_54,mts_aggregate_total,2017,957.861
zaf,sex_t,age_10yrbands_y45_54,mts_aggregate_total,2018,1007.112
zaf,sex_t,age_10yrbands_y45_54,mts_aggregate_total,2019,1036.794
zaf,sex_t,age_10yrbands_y45_54,mts_aggregate_total,2020,900.63
zaf,sex_t,age_10yrbands_y45_54,mts_aggregate_total,2021,952.939
zaf,sex_t,age_10yrbands_y45_54,mts_aggregate_total,2022,1041.352
zaf,sex_t,age_10yrbands_y45_54,mts_aggregate_total,2023,1087.244
zaf,sex_t,age_10yrbands_y45_54,mts_aggregate_total,2024,1171.161
zaf,sex_t,age_10yrbands_y45_54,mts_details_mrd,2000,206.514
zaf,sex_t,age_10yrbands_y45_54,mts_details_mrd,2001,325.695
zaf,sex_t,age_10yrbands_y45_54,mts_details_mrd,2002,221.258
zaf,sex_t,age_10yrbands_y45_54,mts_details_mrd,2003,240.749
zaf,sex_t,age_10yrbands_y45_54,mts_details_mrd,2004,225.972
zaf,sex_t,age_10yrbands_y45_54,mts_details_mrd,2005,215.734
zaf,sex_t,age_10yrbands_y45_54,mts_details_mrd,2006,211.304
zaf,sex_t,age_10yrbands_y45_54,mts_details_mrd,2007,201.861
zaf,sex_t,age_10yrbands_y45_54,mts_details_mrd,2008,372.591
zaf,sex_t,age_10yrbands_y45_54,mts_details_mrd,2009,341.918
zaf,sex_t,age_10yrbands_y45_54,mts_details_mrd,2010,345.407
zaf,sex_t,age_10yrbands_y45_54,mts_details_mrd,2011,348.046
zaf,sex_t,age_10yrbands_y45_54,mts_details_mrd,2012,345.617
zaf,sex_t,age_10yrbands_y45_54,mts_details_mrd,2013,357.214
zaf,sex_t,age_10yrbands_y45_54,mts_details_mrd,2014,338.578
zaf,sex_t,age_10yrbands_y45_54,mts_details_mrd,2015,375.5
zaf,sex_t,age_10yrbands_y45_54,mts_details_mrd,2016,376.952
zaf,sex_t,age_10yrbands_y45_54,mts_details_mrd,2017,386.363
zaf,sex_t,age_10yrbands_y45_54,mts_details_mrd,2018,397.143
zaf,sex_t,age_10yrbands_y45_54,mts_details_mrd,2019,415.184
zaf,sex_t,age_10yrbands_y45_54,mts_details_mrd,2020,377.543
zaf,sex_t,age_10yrbands_y45_54,mts_details_mrd,2021,384.492
zaf,sex_t,age_10yrbands_y45_54,mts_details_mrd,2022,370.073
zaf,sex_t,age_10yrbands_y45_54,mts_details_mrd,2023,408.376
zaf,sex_t,age_10yrbands_y45_54,mts_details_mrd,2024,433.885
zaf,sex_t,age_10yrbands_y45_54,mts_details_sep,2000,61.892
zaf,sex_t,age_10yrbands_y45_54,mts_details_sep,2001,58.102
zaf,sex_t,age_10yrbands_y45_54,mts_details_sep,2002,46.041
zaf,sex_t,age_10yrbands_y45_54,mts_details_sep,2003,52.848
zaf,sex_t,age_10yrbands_y45_54,mts_details_sep,2004,41.224
zaf,sex_t,age_10yrbands_y45_54,mts_details_sep,2005,23.718
zaf,sex_t,age_10yrbands_y45_54,mts_details_sep,2006,22.14
zaf,sex_t,age_10yrbands_y45_54,mts_details_sep,2007,25.157
zaf,sex_t,age_10yrbands_y45_54,mts_details_sep,2008,57.878
zaf,sex_t,age_10yrbands_y45_54,mts_details_sep,2009,50.764
zaf,sex_t,age_10yrbands_y45_54,mts_details_sep,2010,59.293
zaf,sex_t,age_10yrbands_y45_54,mts_details_sep,2011,48.566
zaf,sex_t,age_10yrbands_y45_54,mts_details_sep,2012,53.264
zaf,sex_t,age_10yrbands_y45_54,mts_details_sep,2013,54.547
zaf,sex_t,age_10yrbands_y45_54,mts_details_sep,2014,50.002
zaf,sex_t,age_10yrbands_y45_54,mts_details_sep,2015,60.57
zaf,sex_t,age_10yrbands_y45_54,mts_details_sep,2016,53.26
zaf,sex_t,age_10yrbands_y45_54,mts_details_sep,2017,57.461
zaf,sex_t,age_10yrbands_y45_54,mts_details_sep,2018,53.898
zaf,sex_t,age_10yrbands_y45_54,mts_details_sep,2019,56.438
zaf,sex_t,age_10yrbands_y45_54,mts_details_sep,2020,51.5
zaf,sex_t,age_10yrbands_y45_54,mts_details_sep,2021,45.92
zaf,sex_t,age_10yrbands_y45_54,mts_details_sep,2022,57.767
zaf,sex_t,age_10yrbands_y45_54,mts_details_sep,2023,48.062
zaf,sex_t,age_10yrbands_y45_54,mts_details_sep,2024,57.778
zaf,sex_t,age_10yrbands_y45_54,mts_details_sgle,2004,34.434
zaf,sex_t,age_10yrbands_y45_54,mts_details_sgle,2005,72.28
zaf,sex_t,age_10yrbands_y45_54,mts_details_sgle,2006,76.449
zaf,sex_t,age_10yrbands_y45_54,mts_details_sgle,2007,71.882
zaf,sex_t,age_10yrbands_y45_54,mts_details_sgle,2008,185.312
zaf,sex_t,age_10yrbands_y45_54,mts_details_sgle,2009,182.311
zaf,sex_t,age_10yrbands_y45_54,mts_details_sgle,2010,178.134
zaf,sex_t,age_10yrbands_y45_54,mts_details_sgle,2011,187.73
zaf,sex_t,age_10yrbands_y45_54,mts_details_sgle,2012,211.617
zaf,sex_t,age_10yrbands_y45_54,mts_details_sgle,2013,226.856
zaf,sex_t,age_10yrbands_y45_54,mts_details_sgle,2014,220.76
zaf,sex_t,age_10yrbands_y45_54,mts_details_sgle,2015,268.99
zaf,sex_t,age_10yrbands_y45_54,mts_details_sgle,2016,272.529
zaf,sex_t,age_10yrbands_y45_54,mts_details_sgle,2017,298.925
zaf,sex_t,age_10yrbands_y45_54,mts_details_sgle,2018,329.732
zaf,sex_t,age_10yrbands_y45_54,mts_details_sgle,2019,334.982
zaf,sex_t,age_10yrbands_y45_54,mts_details_sgle,2020,296.257
zaf,sex_t,age_10yrbands_y45_54,mts_details_sgle,2021,329.403
zaf,sex_t,age_10yrbands_y45_54,mts_details_sgle,2022,399.987
zaf,sex_t,age_10yrbands_y45_54,mts_details_sgle,2023,415.617
zaf,sex_t,age_10yrbands_y45_54,mts_details_sgle,2024,447.432
zaf,sex_t,age_10yrbands_y45_54,mts_details_total,2000,482.007
zaf,sex_t,age_10yrbands_y45_54,mts_details_total,2001,472.114
zaf,sex_t,age_10yrbands_y45_54,mts_details_total,2002,338.189
zaf,sex_t,age_10yrbands_y45_54,mts_details_total,2003,368.779
zaf,sex_t,age_10yrbands_y45_54,mts_details_total,2004,382.428
zaf,sex_t,age_10yrbands_y45_54,mts_details_total,2005,410.552
zaf,sex_t,age_10yrbands_y45_54,mts_details_total,2006,410.552
zaf,sex_t,age_10yrbands_y45_54,mts_details_total,2007,391.197
zaf,sex_t,age_10yrbands_y45_54,mts_details_total,2008,783.449
zaf,sex_t,age_10yrbands_y45_54,mts_details_total,2009,752.378
zaf,sex_t,age_10yrbands_y45_54,mts_details_total,2010,761.51
zaf,sex_t,age_10yrbands_y45_54,mts_details_total,2011,746.561
zaf,sex_t,age_10yrbands_y45_54,mts_details_total,2012,768.176
zaf,sex_t,age_10yrbands_y45_54,mts_details_total,2013,801.211
zaf,sex_t,age_10yrbands_y45_54,mts_details_total,2014,782.733
zaf,sex_t,age_10yrbands_y45_54,mts_details_total,2015,886.897
zaf,sex_t,age_10yrbands_y45_54,mts_details_total,2016,902.111
zaf,sex_t,age_10yrbands_y45_54,mts_details_total,2017,957.861
zaf,sex_t,age_10yrbands_y45_54,mts_details_total,2018,1007.112
zaf,sex_t,age_10yrbands_y45_54,mts_details_total,2019,1036.794
zaf,sex_t,age_10yrbands_y45_54,mts_details_total,2020,900.63
zaf,sex_t,age_10yrbands_y45_54,mts_details_total,2021,952.939
zaf,sex_t,age_10yrbands_y45_54,mts_details_total,2022,1041.352
zaf,sex_t,age_10yrbands_y45_54,mts_details_total,2023,1087.244
zaf,sex_t,age_10yrbands_y45_54,mts_details_total,2024,1171.161
zaf,sex_t,age_10yrbands_y45_54,mts_details_union,2000,169.693
zaf,sex_t,age_10yrbands_y45_54,mts_details_union,2001,50.056
zaf,sex_t,age_10yrbands_y45_54,mts_details_union,2002,39.855
zaf,sex_t,age_10yrbands_y45_54,mts_details_union,2003,40.064
zaf,sex_t,age_10yrbands_y45_54,mts_details_union,2004,43.154
zaf,sex_t,age_10yrbands_y45_54,mts_details_union,2005,47.256
zaf,sex_t,age_10yrbands_y45_54,mts_details_union,2006,45.767
zaf,sex_t,age_10yrbands_y45_54,mts_details_union,2007,48.276
zaf,sex_t,age_10yrbands_y45_54,mts_details_union,2008,84.097
zaf,sex_t,age_10yrbands_y45_54,mts_details_union,2009,88.929
zaf,sex_t,age_10yrbands_y45_54,mts_details_union,2010,107.455
zaf,sex_t,age_10yrbands_y45_54,mts_details_union,2011,82.746
zaf,sex_t,age_10yrbands_y45_54,mts_details_union,2012,86.059
zaf,sex_t,age_10yrbands_y45_54,mts_details_union,2013,96.49
zaf,sex_t,age_10yrbands_y45_54,mts_details_union,2014,92.365
zaf,sex_t,age_10yrbands_y45_54,mts_details_union,2015,110.525
zaf,sex_t,age_10yrbands_y45_54,mts_details_union,2016,122.868
zaf,sex_t,age_10yrbands_y45_54,mts_details_union,2017,129.457
zaf,sex_t,age_10yrbands_y45_54,mts_details_union,2018,148.509
zaf,sex_t,age_10yrbands_y45_54,mts_details_union,2019,142.348
zaf,sex_t,age_10yrbands_y45_54,mts_details_union,2020,109.688
zaf,sex_t,age_10yrbands_y45_54,mts_details_union,2021,133.912
zaf,sex_t,age_10yrbands_y45_54,mts_details_union,2022,163.06
zaf,sex_t,age_10yrbands_y45_54,mts_details_union,2023,157.758
zaf,sex_t,age_10yrbands_y45_54,mts_details_union,2024,178.277
zaf,sex_t,age_10yrbands_y45_54,mts_details_wid,2000,43.867
zaf,sex_t,age_10yrbands_y45_54,mts_details_wid,2001,38.06
zaf,sex_t,age_10yrbands_y45_54,mts_details_wid,2002,31.035
zaf,sex_t,age_10yrbands_y45_54,mts_details_wid,2003,35.118
zaf,sex_t,age_10yrbands_y45_54,mts_details_wid,2004,37.645
zaf,sex_t,age_10yrbands_y45_54,mts_details_wid,2005,51.415
zaf,sex_t,age_10yrbands_y45_54,mts_details_wid,2006,54.893
zaf,sex_t,age_10yrbands_y45_54,mts_details_wid,2007,43.872
zaf,sex_t,age_10yrbands_y45_54,mts_details_wid,2008,83.571
zaf,sex_t,age_10yrbands_y45_54,mts_details_wid,2009,88.456
zaf,sex_t,age_10yrbands_y45_54,mts_details_wid,2010,71.221
zaf,sex_t,age_10yrbands_y45_54,mts_details_wid,2011,79.475
zaf,sex_t,age_10yrbands_y45_54,mts_details_wid,2012,71.618
zaf,sex_t,age_10yrbands_y45_54,mts_details_wid,2013,66.105
zaf,sex_t,age_10yrbands_y45_54,mts_details_wid,2014,81.028
zaf,sex_t,age_10yrbands_y45_54,mts_details_wid,2015,71.311
zaf,sex_t,age_10yrbands_y45_54,mts_details_wid,2016,76.502
zaf,sex_t,age_10yrbands_y45_54,mts_details_wid,2017,85.656
zaf,sex_t,age_10yrbands_y45_54,mts_details_wid,2018,77.83
zaf,sex_t,age_10yrbands_y45_54,mts_details_wid,2019,87.842
zaf,sex_t,age_10yrbands_y45_54,mts_details_wid,2020,65.642
zaf,sex_t,age_10yrbands_y45_54,mts_details_wid,2021,59.212
zaf,sex_t,age_10yrbands_y45_54,mts_details_wid,2022,50.465
zaf,sex_t,age_10yrbands_y45_54,mts_details_wid,2023,57.431
zaf,sex_t,age_10yrbands_y45_54,mts_details_wid,2024,53.789
zaf,sex_t,age_10yrbands_y55_64,mts_aggregate_1,2000,59.693
zaf,sex_t,age_10yrbands_y55_64,mts_aggregate_1,2001,41.243
zaf,sex_t,age_10yrbands_y55_64,mts_aggregate_1,2002,28.46
zaf,sex_t,age_10yrbands_y55_64,mts_aggregate_1,2003,26.944
zaf,sex_t,age_10yrbands_y55_64,mts_aggregate_1,2004,55.509
zaf,sex_t,age_10yrbands_y55_64,mts_aggregate_1,2005,79.897
zaf,sex_t,age_10yrbands_y55_64,mts_aggregate_1,2006,76.213
zaf,sex_t,age_10yrbands_y55_64,mts_aggregate_1,2007,78.342
zaf,sex_t,age_10yrbands_y55_64,mts_aggregate_1,2008,136.619
zaf,sex_t,age_10yrbands_y55_64,mts_aggregate_1,2009,127.176
zaf,sex_t,age_10yrbands_y55_64,mts_aggregate_1,2010,135.213
zaf,sex_t,age_10yrbands_y55_64,mts_aggregate_1,2011,132.258
zaf,sex_t,age_10yrbands_y55_64,mts_aggregate_1,2012,139.113
zaf,sex_t,age_10yrbands_y55_64,mts_aggregate_1,2013,153.687
zaf,sex_t,age_10yrbands_y55_64,mts_aggregate_1,2014,172.716
zaf,sex_t,age_10yrbands_y55_64,mts_aggregate_1,2015,168.917
zaf,sex_t,age_10yrbands_y55_64,mts_aggregate_1,2016,171.846
zaf,sex_t,age_10yrbands_y55_64,mts_aggregate_1,2017,198.833
zaf,sex_t,age_10yrbands_y55_64,mts_aggregate_1,2018,202.472
zaf,sex_t,age_10yrbands_y55_64,mts_aggregate_1,2019,199.555
zaf,sex_t,age_10yrbands_y55_64,mts_aggregate_1,2020,182.532
zaf,sex_t,age_10yrbands_y55_64,mts_aggregate_1,2021,175.962
zaf,sex_t,age_10yrbands_y55_64,mts_aggregate_1,2022,194.953
zaf,sex_t,age_10yrbands_y55_64,mts_aggregate_1,2023,193.796
zaf,sex_t,age_10yrbands_y55_64,mts_aggregate_1,2024,240.852
zaf,sex_t,age_10yrbands_y55_64,mts_aggregate_2,2000,172.525
zaf,sex_t,age_10yrbands_y55_64,mts_aggregate_2,2001,238.32
zaf,sex_t,age_10yrbands_y55_64,mts_aggregate_2,2002,145.255
zaf,sex_t,age_10yrbands_y55_64,mts_aggregate_2,2003,146.821
zaf,sex_t,age_10yrbands_y55_64,mts_aggregate_2,2004,122.496
zaf,sex_t,age_10yrbands_y55_64,mts_aggregate_2,2005,121.819
zaf,sex_t,age_10yrbands_y55_64,mts_aggregate_2,2006,124.319
zaf,sex_t,age_10yrbands_y55_64,mts_aggregate_2,2007,114.649
zaf,sex_t,age_10yrbands_y55_64,mts_aggregate_2,2008,200.528
zaf,sex_t,age_10yrbands_y55_64,mts_aggregate_2,2009,168.896
zaf,sex_t,age_10yrbands_y55_64,mts_aggregate_2,2010,168.924
zaf,sex_t,age_10yrbands_y55_64,mts_aggregate_2,2011,164.569
zaf,sex_t,age_10yrbands_y55_64,mts_aggregate_2,2012,175.121
zaf,sex_t,age_10yrbands_y55_64,mts_aggregate_2,2013,186.021
zaf,sex_t,age_10yrbands_y55_64,mts_aggregate_2,2014,179.511
zaf,sex_t,age_10yrbands_y55_64,mts_aggregate_2,2015,201.741
zaf,sex_t,age_10yrbands_y55_64,mts_aggregate_2,2016,190.122
zaf,sex_t,age_10yrbands_y55_64,mts_aggregate_2,2017,220.306
zaf,sex_t,age_10yrbands_y55_64,mts_aggregate_2,2018,219.966
zaf,sex_t,age_10yrbands_y55_64,mts_aggregate_2,2019,228.369
zaf,sex_t,age_10yrbands_y55_64,mts_aggregate_2,2020,199.273
zaf,sex_t,age_10yrbands_y55_64,mts_aggregate_2,2021,199.27
zaf,sex_t,age_10yrbands_y55_64,mts_aggregate_2,2022,191.786
zaf,sex_t,age_10yrbands_y55_64,mts_aggregate_2,2023,210.273
zaf,sex_t,age_10yrbands_y55_64,mts_aggregate_2,2024,238.826
zaf,sex_t,age_10yrbands_y55_64,mts_aggregate_total,2000,232.217
zaf,sex_t,age_10yrbands_y55_64,mts_aggregate_total,2001,279.563
zaf,sex_t,age_10yrbands_y55_64,mts_aggregate_total,2002,173.881
zaf,sex_t,age_10yrbands_y55_64,mts_aggregate_total,2003,173.766
zaf,sex_t,age_10yrbands_y55_64,mts_aggregate_total,2004,178.006
zaf,sex_t,age_10yrbands_y55_64,mts_aggregate_total,2005,202.23
zaf,sex_t,age_10yrbands_y55_64,mts_aggregate_total,2006,200.532
zaf,sex_t,age_10yrbands_y55_64,mts_aggregate_total,2007,192.991
zaf,sex_t,age_10yrbands_y55_64,mts_aggregate_total,2008,337.147
zaf,sex_t,age_10yrbands_y55_64,mts_aggregate_total,2009,296.072
zaf,sex_t,age_10yrbands_y55_64,mts_aggregate_total,2010,304.137
zaf,sex_t,age_10yrbands_y55_64,mts_aggregate_total,2011,296.827
zaf,sex_t,age_10yrbands_y55_64,mts_aggregate_total,2012,314.234
zaf,sex_t,age_10yrbands_y55_64,mts_aggregate_total,2013,339.708
zaf,sex_t,age_10yrbands_y55_64,mts_aggregate_total,2014,352.227
zaf,sex_t,age_10yrbands_y55_64,mts_aggregate_total,2015,370.658
zaf,sex_t,age_10yrbands_y55_64,mts_aggregate_total,2016,361.968
zaf,sex_t,age_10yrbands_y55_64,mts_aggregate_total,2017,419.139
zaf,sex_t,age_10yrbands_y55_64,mts_aggregate_total,2018,422.438
zaf,sex_t,age_10yrbands_y55_64,mts_aggregate_total,2019,427.924
zaf,sex_t,age_10yrbands_y55_64,mts_aggregate_total,2020,381.806
zaf,sex_t,age_10yrbands_y55_64,mts_aggregate_total,2021,375.232
zaf,sex_t,age_10yrbands_y55_64,mts_aggregate_total,2022,386.738
zaf,sex_t,age_10yrbands_y55_64,mts_aggregate_total,2023,404.068
zaf,sex_t,age_10yrbands_y55_64,mts_aggregate_total,2024,479.678
zaf,sex_t,age_10yrbands_y55_64,mts_details_mrd,2000,87.163
zaf,sex_t,age_10yrbands_y55_64,mts_details_mrd,2001,182.006
zaf,sex_t,age_10yrbands_y55_64,mts_details_mrd,2002,109.588
zaf,sex_t,age_10yrbands_y55_64,mts_details_mrd,2003,110.908
zaf,sex_t,age_10yrbands_y55_64,mts_details_mrd,2004,101.215
zaf,sex_t,age_10yrbands_y55_64,mts_details_mrd,2005,109.405
zaf,sex_t,age_10yrbands_y55_64,mts_details_mrd,2006,110.64
zaf,sex_t,age_10yrbands_y55_64,mts_details_mrd,2007,99.999
zaf,sex_t,age_10yrbands_y55_64,mts_details_mrd,2008,173.217
zaf,sex_t,age_10yrbands_y55_64,mts_details_mrd,2009,145.881
zaf,sex_t,age_10yrbands_y55_64,mts_details_mrd,2010,146.063
zaf,sex_t,age_10yrbands_y55_64,mts_details_mrd,2011,143.331
zaf,sex_t,age_10yrbands_y55_64,mts_details_mrd,2012,150.401
zaf,sex_t,age_10yrbands_y55_64,mts_details_mrd,2013,163.945
zaf,sex_t,age_10yrbands_y55_64,mts_details_mrd,2014,157.744
zaf,sex_t,age_10yrbands_y55_64,mts_details_mrd,2015,166.359
zaf,sex_t,age_10yrbands_y55_64,mts_details_mrd,2016,158.471
zaf,sex_t,age_10yrbands_y55_64,mts_details_mrd,2017,181.102
zaf,sex_t,age_10yrbands_y55_64,mts_details_mrd,2018,184.08
zaf,sex_t,age_10yrbands_y55_64,mts_details_mrd,2019,192.77
zaf,sex_t,age_10yrbands_y55_64,mts_details_mrd,2020,172.137
zaf,sex_t,age_10yrbands_y55_64,mts_details_mrd,2021,169.204
zaf,sex_t,age_10yrbands_y55_64,mts_details_mrd,2022,160.881
zaf,sex_t,age_10yrbands_y55_64,mts_details_mrd,2023,173.973
zaf,sex_t,age_10yrbands_y55_64,mts_details_mrd,2024,194.479
zaf,sex_t,age_10yrbands_y55_64,mts_details_sep,2000,25.425
zaf,sex_t,age_10yrbands_y55_64,mts_details_sep,2001,21.456
zaf,sex_t,age_10yrbands_y55_64,mts_details_sep,2002,17.734
zaf,sex_t,age_10yrbands_y55_64,mts_details_sep,2003,17.062
zaf,sex_t,age_10yrbands_y55_64,mts_details_sep,2004,15.985
zaf,sex_t,age_10yrbands_y55_64,mts_details_sep,2005,12.912
zaf,sex_t,age_10yrbands_y55_64,mts_details_sep,2006,16.694
zaf,sex_t,age_10yrbands_y55_64,mts_details_sep,2007,14.89
zaf,sex_t,age_10yrbands_y55_64,mts_details_sep,2008,26.581
zaf,sex_t,age_10yrbands_y55_64,mts_details_sep,2009,25.675
zaf,sex_t,age_10yrbands_y55_64,mts_details_sep,2010,27.924
zaf,sex_t,age_10yrbands_y55_64,mts_details_sep,2011,21.809
zaf,sex_t,age_10yrbands_y55_64,mts_details_sep,2012,29.74
zaf,sex_t,age_10yrbands_y55_64,mts_details_sep,2013,28.882
zaf,sex_t,age_10yrbands_y55_64,mts_details_sep,2014,30.25
zaf,sex_t,age_10yrbands_y55_64,mts_details_sep,2015,34.469
zaf,sex_t,age_10yrbands_y55_64,mts_details_sep,2016,26.999
zaf,sex_t,age_10yrbands_y55_64,mts_details_sep,2017,30.167
zaf,sex_t,age_10yrbands_y55_64,mts_details_sep,2018,31.769
zaf,sex_t,age_10yrbands_y55_64,mts_details_sep,2019,29.967
zaf,sex_t,age_10yrbands_y55_64,mts_details_sep,2020,28.912
zaf,sex_t,age_10yrbands_y55_64,mts_details_sep,2021,27.72
zaf,sex_t,age_10yrbands_y55_64,mts_details_sep,2022,24.193
zaf,sex_t,age_10yrbands_y55_64,mts_details_sep,2023,23.857
zaf,sex_t,age_10yrbands_y55_64,mts_details_sep,2024,35.23
zaf,sex_t,age_10yrbands_y55_64,mts_details_sgle,2004,9.132
zaf,sex_t,age_10yrbands_y55_64,mts_details_sgle,2005,28.31
zaf,sex_t,age_10yrbands_y55_64,mts_details_sgle,2006,24.763
zaf,sex_t,age_10yrbands_y55_64,mts_details_sgle,2007,20.835
zaf,sex_t,age_10yrbands_y55_64,mts_details_sgle,2008,47.235
zaf,sex_t,age_10yrbands_y55_64,mts_details_sgle,2009,48.599
zaf,sex_t,age_10yrbands_y55_64,mts_details_sgle,2010,47.765
zaf,sex_t,age_10yrbands_y55_64,mts_details_sgle,2011,54.777
zaf,sex_t,age_10yrbands_y55_64,mts_details_sgle,2012,61.376
zaf,sex_t,age_10yrbands_y55_64,mts_details_sgle,2013,61.62
zaf,sex_t,age_10yrbands_y55_64,mts_details_sgle,2014,71.548
zaf,sex_t,age_10yrbands_y55_64,mts_details_sgle,2015,78.886
zaf,sex_t,age_10yrbands_y55_64,mts_details_sgle,2016,83.012
zaf,sex_t,age_10yrbands_y55_64,mts_details_sgle,2017,93.956
zaf,sex_t,age_10yrbands_y55_64,mts_details_sgle,2018,94.516
zaf,sex_t,age_10yrbands_y55_64,mts_details_sgle,2019,104.75
zaf,sex_t,age_10yrbands_y55_64,mts_details_sgle,2020,98.446
zaf,sex_t,age_10yrbands_y55_64,mts_details_sgle,2021,94.508
zaf,sex_t,age_10yrbands_y55_64,mts_details_sgle,2022,116.229
zaf,sex_t,age_10yrbands_y55_64,mts_details_sgle,2023,111.931
zaf,sex_t,age_10yrbands_y55_64,mts_details_sgle,2024,138.984
zaf,sex_t,age_10yrbands_y55_64,mts_details_total,2000,232.217
zaf,sex_t,age_10yrbands_y55_64,mts_details_total,2001,279.563
zaf,sex_t,age_10yrbands_y55_64,mts_details_total,2002,173.881
zaf,sex_t,age_10yrbands_y55_64,mts_details_total,2003,173.766
zaf,sex_t,age_10yrbands_y55_64,mts_details_total,2004,178.006
zaf,sex_t,age_10yrbands_y55_64,mts_details_total,2005,202.23
zaf,sex_t,age_10yrbands_y55_64,mts_details_total,2006,200.532
zaf,sex_t,age_10yrbands_y55_64,mts_details_total,2007,192.991
zaf,sex_t,age_10yrbands_y55_64,mts_details_total,2008,337.147
zaf,sex_t,age_10yrbands_y55_64,mts_details_total,2009,296.072
zaf,sex_t,age_10yrbands_y55_64,mts_details_total,2010,304.137
zaf,sex_t,age_10yrbands_y55_64,mts_details_total,2011,296.827
zaf,sex_t,age_10yrbands_y55_64,mts_details_total,2012,314.234
zaf,sex_t,age_10yrbands_y55_64,mts_details_total,2013,339.708
zaf,sex_t,age_10yrbands_y55_64,mts_details_total,2014,352.227
zaf,sex_t,age_10yrbands_y55_64,mts_details_total,2015,370.658
zaf,sex_t,age_10yrbands_y55_64,mts_details_total,2016,361.968
zaf,sex_t,age_10yrbands_y55_64,mts_details_total,2017,419.139
zaf,sex_t,age_10yrbands_y55_64,mts_details_total,2018,422.438
zaf,sex_t,age_10yrbands_y55_64,mts_details_total,2019,427.924
zaf,sex_t,age_10yrbands_y55_64,mts_details_total,2020,381.806
zaf,sex_t,age_10yrbands_y55_64,mts_details_total,2021,375.232
zaf,sex_t,age_10yrbands_y55_64,mts_details_total,2022,386.738
zaf,sex_t,age_10yrbands_y55_64,mts_details_total,2023,404.068
zaf,sex_t,age_10yrbands_y55_64,mts_details_total,2024,479.678
zaf,sex_t,age_10yrbands_y55_64,mts_details_union,2000,85.361
zaf,sex_t,age_10yrbands_y55_64,mts_details_union,2001,56.314
zaf,sex_t,age_10yrbands_y55_64,mts_details_union,2002,35.667
zaf,sex_t,age_10yrbands_y55_64,mts_details_union,2003,35.913
zaf,sex_t,age_10yrbands_y55_64,mts_details_union,2004,21.281
zaf,sex_t,age_10yrbands_y55_64,mts_details_union,2005,12.414
zaf,sex_t,age_10yrbands_y55_64,mts_details_union,2006,13.679
zaf,sex_t,age_10yrbands_y55_64,mts_details_union,2007,14.65
zaf,sex_t,age_10yrbands_y55_64,mts_details_union,2008,27.311
zaf,sex_t,age_10yrbands_y55_64,mts_details_union,2009,23.016
zaf,sex_t,age_10yrbands_y55_64,mts_details_union,2010,22.861
zaf,sex_t,age_10yrbands_y55_64,mts_details_union,2011,21.238
zaf,sex_t,age_10yrbands_y55_64,mts_details_union,2012,24.72
zaf,sex_t,age_10yrbands_y55_64,mts_details_union,2013,22.076
zaf,sex_t,age_10yrbands_y55_64,mts_details_union,2014,21.768
zaf,sex_t,age_10yrbands_y55_64,mts_details_union,2015,35.382
zaf,sex_t,age_10yrbands_y55_64,mts_details_union,2016,31.651
zaf,sex_t,age_10yrbands_y55_64,mts_details_union,2017,39.204
zaf,sex_t,age_10yrbands_y55_64,mts_details_union,2018,35.887
zaf,sex_t,age_10yrbands_y55_64,mts_details_union,2019,35.599
zaf,sex_t,age_10yrbands_y55_64,mts_details_union,2020,27.136
zaf,sex_t,age_10yrbands_y55_64,mts_details_union,2021,30.066
zaf,sex_t,age_10yrbands_y55_64,mts_details_union,2022,30.904
zaf,sex_t,age_10yrbands_y55_64,mts_details_union,2023,36.3
zaf,sex_t,age_10yrbands_y55_64,mts_details_union,2024,44.346
zaf,sex_t,age_10yrbands_y55_64,mts_details_wid,2000,34.267
zaf,sex_t,age_10yrbands_y55_64,mts_details_wid,2001,19.787
zaf,sex_t,age_10yrbands_y55_64,mts_details_wid,2002,10.726
zaf,sex_t,age_10yrbands_y55_64,mts_details_wid,2003,9.882
zaf,sex_t,age_10yrbands_y55_64,mts_details_wid,2004,30.392
zaf,sex_t,age_10yrbands_y55_64,mts_details_wid,2005,38.676
zaf,sex_t,age_10yrbands_y55_64,mts_details_wid,2006,34.755
zaf,sex_t,age_10yrbands_y55_64,mts_details_wid,2007,42.617
zaf,sex_t,age_10yrbands_y55_64,mts_details_wid,2008,62.803
zaf,sex_t,age_10yrbands_y55_64,mts_details_wid,2009,52.902
zaf,sex_t,age_10yrbands_y55_64,mts_details_wid,2010,59.525
zaf,sex_t,age_10yrbands_y55_64,mts_details_wid,2011,55.671
zaf,sex_t,age_10yrbands_y55_64,mts_details_wid,2012,47.997
zaf,sex_t,age_10yrbands_y55_64,mts_details_wid,2013,63.185
zaf,sex_t,age_10yrbands_y55_64,mts_details_wid,2014,70.917
zaf,sex_t,age_10yrbands_y55_64,mts_details_wid,2015,55.562
zaf,sex_t,age_10yrbands_y55_64,mts_details_wid,2016,61.835
zaf,sex_t,age_10yrbands_y55_64,mts_details_wid,2017,74.71
zaf,sex_t,age_10yrbands_y55_64,mts_details_wid,2018,76.187
zaf,sex_t,age_10yrbands_y55_64,mts_details_wid,2019,64.838
zaf,sex_t,age_10yrbands_y55_64,mts_details_wid,2020,55.175
zaf,sex_t,age_10yrbands_y55_64,mts_details_wid,2021,53.734
zaf,sex_t,age_10yrbands_y55_64,mts_details_wid,2022,54.53
zaf,sex_t,age_10yrbands_y55_64,mts_details_wid,2023,58.008
zaf,sex_t,age_10yrbands_y55_64,mts_details_wid,2024,66.638
zaf,sex_t,age_10yrbands_yge65,mts_aggregate_1,2000,22.837
zaf,sex_t,age_10yrbands_yge65,mts_aggregate_1,2001,11.896
zaf,sex_t,age_10yrbands_yge65,mts_aggregate_1,2002,10.594
zaf,sex_t,age_10yrbands_yge65,mts_aggregate_1,2003,6.472
zaf,sex_t,age_10yrbands_yge65,mts_aggregate_1,2004,15.046
zaf,sex_t,age_10yrbands_yge65,mts_aggregate_1,2005,41.114
zaf,sex_t,age_10yrbands_yge65,mts_aggregate_1,2006,37.544
zaf,sex_t,age_10yrbands_yge65,mts_aggregate_1,2007,46.625
zaf,sex_t,age_10yrbands_yge65,mts_aggregate_1,2008,33.931
zaf,sex_t,age_10yrbands_yge65,mts_aggregate_1,2009,27.389
zaf,sex_t,age_10yrbands_yge65,mts_aggregate_1,2010,26.746
zaf,sex_t,age_10yrbands_yge65,mts_aggregate_1,2011,23.654
zaf,sex_t,age_10yrbands_yge65,mts_aggregate_1,2012,25.991
zaf,sex_t,age_10yrbands_yge65,mts_aggregate_1,2013,39.846
zaf,sex_t,age_10yrbands_yge65,mts_aggregate_1,2014,34.769
zaf,sex_t,age_10yrbands_yge65,mts_aggregate_1,2015,32.809
zaf,sex_t,age_10yrbands_yge65,mts_aggregate_1,2016,35.324
zaf,sex_t,age_10yrbands_yge65,mts_aggregate_1,2017,40.011
zaf,sex_t,age_10yrbands_yge65,mts_aggregate_1,2018,41.693
zaf,sex_t,age_10yrbands_yge65,mts_aggregate_1,2019,47.899
zaf,sex_t,age_10yrbands_yge65,mts_aggregate_1,2020,36.706
zaf,sex_t,age_10yrbands_yge65,mts_aggregate_1,2021,36.327
zaf,sex_t,age_10yrbands_yge65,mts_aggregate_1,2022,38.461
zaf,sex_t,age_10yrbands_yge65,mts_aggregate_1,2023,48.7
zaf,sex_t,age_10yrbands_yge65,mts_aggregate_1,2024,61.131
zaf,sex_t,age_10yrbands_yge65,mts_aggregate_2,2000,73.457
zaf,sex_t,age_10yrbands_yge65,mts_aggregate_2,2001,110.06
zaf,sex_t,age_10yrbands_yge65,mts_aggregate_2,2002,52.775
zaf,sex_t,age_10yrbands_yge65,mts_aggregate_2,2003,53.834
zaf,sex_t,age_10yrbands_yge65,mts_aggregate_2,2004,30.544
zaf,sex_t,age_10yrbands_yge65,mts_aggregate_2,2005,31.427
zaf,sex_t,age_10yrbands_yge65,mts_aggregate_2,2006,34.426
zaf,sex_t,age_10yrbands_yge65,mts_aggregate_2,2007,33.23
zaf,sex_t,age_10yrbands_yge65,mts_aggregate_2,2008,33.615
zaf,sex_t,age_10yrbands_yge65,mts_aggregate_2,2009,27.241
zaf,sex_t,age_10yrbands_yge65,mts_aggregate_2,2010,29.227
zaf,sex_t,age_10yrbands_yge65,mts_aggregate_2,2011,18.463
zaf,sex_t,age_10yrbands_yge65,mts_aggregate_2,2012,23.317
zaf,sex_t,age_10yrbands_yge65,mts_aggregate_2,2013,27.286
zaf,sex_t,age_10yrbands_yge65,mts_aggregate_2,2014,28.252
zaf,sex_t,age_10yrbands_yge65,mts_aggregate_2,2015,31.957
zaf,sex_t,age_10yrbands_yge65,mts_aggregate_2,2016,36.494
zaf,sex_t,age_10yrbands_yge65,mts_aggregate_2,2017,39.936
zaf,sex_t,age_10yrbands_yge65,mts_aggregate_2,2018,50.662
zaf,sex_t,age_10yrbands_yge65,mts_aggregate_2,2019,43.687
zaf,sex_t,age_10yrbands_yge65,mts_aggregate_2,2020,32.978
zaf,sex_t,age_10yrbands_yge65,mts_aggregate_2,2021,32.586
zaf,sex_t,age_10yrbands_yge65,mts_aggregate_2,2022,44.741
zaf,sex_t,age_10yrbands_yge65,mts_aggregate_2,2023,42.126
zaf,sex_t,age_10yrbands_yge65,mts_aggregate_2,2024,51.681
zaf,sex_t,age_10yrbands_yge65,mts_aggregate_total,2000,96.294
zaf,sex_t,age_10yrbands_yge65,mts_aggregate_total,2001,121.956
zaf,sex_t,age_10yrbands_yge65,mts_aggregate_total,2002,63.511
zaf,sex_t,age_10yrbands_yge65,mts_aggregate_total,2003,60.305
zaf,sex_t,age_10yrbands_yge65,mts_aggregate_total,2004,45.59
zaf,sex_t,age_10yrbands_yge65,mts_aggregate_total,2005,72.708
zaf,sex_t,age_10yrbands_yge65,mts_aggregate_total,2006,72.269
zaf,sex_t,age_10yrbands_yge65,mts_aggregate_total,2007,79.855
zaf,sex_t,age_10yrbands_yge65,mts_aggregate_total,2008,67.546
zaf,sex_t,age_10yrbands_yge65,mts_aggregate_total,2009,54.629
zaf,sex_t,age_10yrbands_yge65,mts_aggregate_total,2010,55.973
zaf,sex_t,age_10yrbands_yge65,mts_aggregate_total,2011,42.117
zaf,sex_t,age_10yrbands_yge65,mts_aggregate_total,2012,49.308
zaf,sex_t,age_10yrbands_yge65,mts_aggregate_total,2013,67.132
zaf,sex_t,age_10yrbands_yge65,mts_aggregate_total,2014,63.02
zaf,sex_t,age_10yrbands_yge65,mts_aggregate_total,2015,64.766
zaf,sex_t,age_10yrbands_yge65,mts_aggregate_total,2016,71.818
zaf,sex_t,age_10yrbands_yge65,mts_aggregate_total,2017,79.947
zaf,sex_t,age_10yrbands_yge65,mts_aggregate_total,2018,92.355
zaf,sex_t,age_10yrbands_yge65,mts_aggregate_total,2019,91.586
zaf,sex_t,age_10yrbands_yge65,mts_aggregate_total,2020,69.684
zaf,sex_t,age_10yrbands_yge65,mts_aggregate_total,2021,68.913
zaf,sex_t,age_10yrbands_yge65,mts_aggregate_total,2022,83.202
zaf,sex_t,age_10yrbands_yge65,mts_aggregate_total,2023,90.826
zaf,sex_t,age_10yrbands_yge65,mts_aggregate_total,2024,112.811
zaf,sex_t,age_10yrbands_yge65,mts_details_mrd,2000,40.335
zaf,sex_t,age_10yrbands_yge65,mts_details_mrd,2001,60.029
zaf,sex_t,age_10yrbands_yge65,mts_details_mrd,2002,34.218
zaf,sex_t,age_10yrbands_yge65,mts_details_mrd,2003,36.248
zaf,sex_t,age_10yrbands_yge65,mts_details_mrd,2004,21.938
zaf,sex_t,age_10yrbands_yge65,mts_details_mrd,2005,27.13
zaf,sex_t,age_10yrbands_yge65,mts_details_mrd,2006,31.626
zaf,sex_t,age_10yrbands_yge65,mts_details_mrd,2007,28.347
zaf,sex_t,age_10yrbands_yge65,mts_details_mrd,2008,30.285
zaf,sex_t,age_10yrbands_yge65,mts_details_mrd,2009,23.094
zaf,sex_t,age_10yrbands_yge65,mts_details_mrd,2010,26.268
zaf,sex_t,age_10yrbands_yge65,mts_details_mrd,2011,16.09
zaf,sex_t,age_10yrbands_yge65,mts_details_mrd,2012,21.998
zaf,sex_t,age_10yrbands_yge65,mts_details_mrd,2013,25.854
zaf,sex_t,age_10yrbands_yge65,mts_details_mrd,2014,26.368
zaf,sex_t,age_10yrbands_yge65,mts_details_mrd,2015,25.362
zaf,sex_t,age_10yrbands_yge65,mts_details_mrd,2016,32.197
zaf,sex_t,age_10yrbands_yge65,mts_details_mrd,2017,34.915
zaf,sex_t,age_10yrbands_yge65,mts_details_mrd,2018,44.427
zaf,sex_t,age_10yrbands_yge65,mts_details_mrd,2019,38.331
zaf,sex_t,age_10yrbands_yge65,mts_details_mrd,2020,28.748
zaf,sex_t,age_10yrbands_yge65,mts_details_mrd,2021,30.024
zaf,sex_t,age_10yrbands_yge65,mts_details_mrd,2022,40.436
zaf,sex_t,age_10yrbands_yge65,mts_details_mrd,2023,37.352
zaf,sex_t,age_10yrbands_yge65,mts_details_mrd,2024,44.662
zaf,sex_t,age_10yrbands_yge65,mts_details_sep,2000,4.783
zaf,sex_t,age_10yrbands_yge65,mts_details_sep,2001,7.849
zaf,sex_t,age_10yrbands_yge65,mts_details_sep,2002,7.656
zaf,sex_t,age_10yrbands_yge65,mts_details_sep,2003,3.826
zaf,sex_t,age_10yrbands_yge65,mts_details_sep,2004,3.632
zaf,sex_t,age_10yrbands_yge65,mts_details_sep,2005,3.869
zaf,sex_t,age_10yrbands_yge65,mts_details_sep,2006,2.63
zaf,sex_t,age_10yrbands_yge65,mts_details_sep,2007,10.372
zaf,sex_t,age_10yrbands_yge65,mts_details_sep,2008,4.181
zaf,sex_t,age_10yrbands_yge65,mts_details_sep,2009,2.553
zaf,sex_t,age_10yrbands_yge65,mts_details_sep,2010,2.747
zaf,sex_t,age_10yrbands_yge65,mts_details_sep,2011,2.606
zaf,sex_t,age_10yrbands_yge65,mts_details_sep,2012,4.364
zaf,sex_t,age_10yrbands_yge65,mts_details_sep,2013,6.548
zaf,sex_t,age_10yrbands_yge65,mts_details_sep,2014,4.338
zaf,sex_t,age_10yrbands_yge65,mts_details_sep,2015,3.324
zaf,sex_t,age_10yrbands_yge65,mts_details_sep,2016,6.791
zaf,sex_t,age_10yrbands_yge65,mts_details_sep,2017,2.263
zaf,sex_t,age_10yrbands_yge65,mts_details_sep,2018,3.649
zaf,sex_t,age_10yrbands_yge65,mts_details_sep,2019,7.209
zaf,sex_t,age_10yrbands_yge65,mts_details_sep,2020,8.726
zaf,sex_t,age_10yrbands_yge65,mts_details_sep,2021,8.299
zaf,sex_t,age_10yrbands_yge65,mts_details_sep,2022,4.102
zaf,sex_t,age_10yrbands_yge65,mts_details_sep,2023,6.461
zaf,sex_t,age_10yrbands_yge65,mts_details_sep,2024,7.794
zaf,sex_t,age_10yrbands_yge65,mts_details_sgle,2004,1.052
zaf,sex_t,age_10yrbands_yge65,mts_details_sgle,2005,8.067
zaf,sex_t,age_10yrbands_yge65,mts_details_sgle,2006,8.61
zaf,sex_t,age_10yrbands_yge65,mts_details_sgle,2007,14.768
zaf,sex_t,age_10yrbands_yge65,mts_details_sgle,2008,7.862
zaf,sex_t,age_10yrbands_yge65,mts_details_sgle,2009,5.753
zaf,sex_t,age_10yrbands_yge65,mts_details_sgle,2010,5.201
zaf,sex_t,age_10yrbands_yge65,mts_details_sgle,2011,5.649
zaf,sex_t,age_10yrbands_yge65,mts_details_sgle,2012,6.185
zaf,sex_t,age_10yrbands_yge65,mts_details_sgle,2013,7.368
zaf,sex_t,age_10yrbands_yge65,mts_details_sgle,2014,7.016
zaf,sex_t,age_10yrbands_yge65,mts_details_sgle,2015,5.465
zaf,sex_t,age_10yrbands_yge65,mts_details_sgle,2016,7.715
zaf,sex_t,age_10yrbands_yge65,mts_details_sgle,2017,11.499
zaf,sex_t,age_10yrbands_yge65,mts_details_sgle,2018,9.801
zaf,sex_t,age_10yrbands_yge65,mts_details_sgle,2019,10.17
zaf,sex_t,age_10yrbands_yge65,mts_details_sgle,2020,10.989
zaf,sex_t,age_10yrbands_yge65,mts_details_sgle,2021,14.322
zaf,sex_t,age_10yrbands_yge65,mts_details_sgle,2022,14.625
zaf,sex_t,age_10yrbands_yge65,mts_details_sgle,2023,19.098
zaf,sex_t,age_10yrbands_yge65,mts_details_sgle,2024,20.786
zaf,sex_t,age_10yrbands_yge65,mts_details_total,2000,96.294
zaf,sex_t,age_10yrbands_yge65,mts_details_total,2001,121.956
zaf,sex_t,age_10yrbands_yge65,mts_details_total,2002,63.511
zaf,sex_t,age_10yrbands_yge65,mts_details_total,2003,60.305
zaf,sex_t,age_10yrbands_yge65,mts_details_total,2004,45.59
zaf,sex_t,age_10yrbands_yge65,mts_details_total,2005,72.708
zaf,sex_t,age_10yrbands_yge65,mts_details_total,2006,72.269
zaf,sex_t,age_10yrbands_yge65,mts_details_total,2007,79.855
zaf,sex_t,age_10yrbands_yge65,mts_details_total,2008,67.546
zaf,sex_t,age_10yrbands_yge65,mts_details_total,2009,54.629
zaf,sex_t,age_10yrbands_yge65,mts_details_total,2010,55.973
zaf,sex_t,age_10yrbands_yge65,mts_details_total,2011,42.117
zaf,sex_t,age_10yrbands_yge65,mts_details_total,2012,49.308
zaf,sex_t,age_10yrbands_yge65,mts_details_total,2013,67.132
zaf,sex_t,age_10yrbands_yge65,mts_details_total,2014,63.02
zaf,sex_t,age_10yrbands_yge65,mts_details_total,2015,64.766
zaf,sex_t,age_10yrbands_yge65,mts_details_total,2016,71.818
zaf,sex_t,age_10yrbands_yge65,mts_details_total,2017,79.947
zaf,sex_t,age_10yrbands_yge65,mts_details_total,2018,92.355
zaf,sex_t,age_10yrbands_yge65,mts_details_total,2019,91.586
zaf,sex_t,age_10yrbands_yge65,mts_details_total,2020,69.684
zaf,sex_t,age_10yrbands_yge65,mts_details_total,2021,68.913
zaf,sex_t,age_10yrbands_yge65,mts_details_total,2022,83.202
zaf,sex_t,age_10yrbands_yge65,mts_details_total,2023,90.826
zaf,sex_t,age_10yrbands_yge65,mts_details_total,2024,112.811
zaf,sex_t,age_10yrbands_yge65,mts_details_union,2000,33.122
zaf,sex_t,age_10yrbands_yge65,mts_details_union,2001,50.031
zaf,sex_t,age_10yrbands_yge65,mts_details_union,2002,18.557
zaf,sex_t,age_10yrbands_yge65,mts_details_union,2003,17.585
zaf,sex_t,age_10yrbands_yge65,mts_details_union,2004,8.605
zaf,sex_t,age_10yrbands_yge65,mts_details_union,2005,4.297
zaf,sex_t,age_10yrbands_yge65,mts_details_union,2006,2.8
zaf,sex_t,age_10yrbands_yge65,mts_details_union,2007,4.883
zaf,sex_t,age_10yrbands_yge65,mts_details_union,2008,3.329
zaf,sex_t,age_10yrbands_yge65,mts_details_union,2009,4.146
zaf,sex_t,age_10yrbands_yge65,mts_details_union,2010,2.959
zaf,sex_t,age_10yrbands_yge65,mts_details_union,2011,2.373
zaf,sex_t,age_10yrbands_yge65,mts_details_union,2012,1.318
zaf,sex_t,age_10yrbands_yge65,mts_details_union,2013,1.432
zaf,sex_t,age_10yrbands_yge65,mts_details_union,2014,1.884
zaf,sex_t,age_10yrbands_yge65,mts_details_union,2015,6.594
zaf,sex_t,age_10yrbands_yge65,mts_details_union,2016,4.297
zaf,sex_t,age_10yrbands_yge65,mts_details_union,2017,5.021
zaf,sex_t,age_10yrbands_yge65,mts_details_union,2018,6.235
zaf,sex_t,age_10yrbands_yge65,mts_details_union,2019,5.356
zaf,sex_t,age_10yrbands_yge65,mts_details_union,2020,4.229
zaf,sex_t,age_10yrbands_yge65,mts_details_union,2021,2.562
zaf,sex_t,age_10yrbands_yge65,mts_details_union,2022,4.306
zaf,sex_t,age_10yrbands_yge65,mts_details_union,2023,4.773
zaf,sex_t,age_10yrbands_yge65,mts_details_union,2024,7.019
zaf,sex_t,age_10yrbands_yge65,mts_details_wid,2000,18.054
zaf,sex_t,age_10yrbands_yge65,mts_details_wid,2001,4.047
zaf,sex_t,age_10yrbands_yge65,mts_details_wid,2002,2.938
zaf,sex_t,age_10yrbands_yge65,mts_details_wid,2003,2.645
zaf,sex_t,age_10yrbands_yge65,mts_details_wid,2004,10.362
zaf,sex_t,age_10yrbands_yge65,mts_details_wid,2005,29.178
zaf,sex_t,age_10yrbands_yge65,mts_details_wid,2006,26.305
zaf,sex_t,age_10yrbands_yge65,mts_details_wid,2007,21.486
zaf,sex_t,age_10yrbands_yge65,mts_details_wid,2008,21.889
zaf,sex_t,age_10yrbands_yge65,mts_details_wid,2009,19.083
zaf,sex_t,age_10yrbands_yge65,mts_details_wid,2010,18.799
zaf,sex_t,age_10yrbands_yge65,mts_details_wid,2011,15.399
zaf,sex_t,age_10yrbands_yge65,mts_details_wid,2012,15.443
zaf,sex_t,age_10yrbands_yge65,mts_details_wid,2013,25.93
zaf,sex_t,age_10yrbands_yge65,mts_details_wid,2014,23.415
zaf,sex_t,age_10yrbands_yge65,mts_details_wid,2015,24.02
zaf,sex_t,age_10yrbands_yge65,mts_details_wid,2016,20.818
zaf,sex_t,age_10yrbands_yge65,mts_details_wid,2017,26.249
zaf,sex_t,age_10yrbands_yge65,mts_details_wid,2018,28.244
zaf,sex_t,age_10yrbands_yge65,mts_details_wid,2019,30.52
zaf,sex_t,age_10yrbands_yge65,mts_details_wid,2020,16.991
zaf,sex_t,age_10yrbands_yge65,mts_details_wid,2021,13.706
zaf,sex_t,age_10yrbands_yge65,mts_details_wid,2022,19.735
zaf,sex_t,age_10yrbands_yge65,mts_details_wid,2023,23.141
zaf,sex_t,age_10yrbands_yge65,mts_details_wid,2024,32.55
zaf,sex_t,age_aggregate_total,mts_aggregate_1,2000,697.921
zaf,sex_t,age_aggregate_total,mts_aggregate_1,2001,1072.82
zaf,sex_t,age_aggregate_total,mts_aggregate_1,2002,804.312
zaf,sex_t,age_aggregate_total,mts_aggregate_1,2003,762.694
zaf,sex_t,age_aggregate_total,mts_aggregate_1,2004,853.553
zaf,sex_t,age_aggregate_total,mts_aggregate_1,2005,1057.541
zaf,sex_t,age_aggregate_total,mts_aggregate_1,2006,1107.921
zaf,sex_t,age_aggregate_total,mts_aggregate_1,2007,1050.446
zaf,sex_t,age_aggregate_total,mts_aggregate_1,2008,2536.351
zaf,sex_t,age_aggregate_total,mts_aggregate_1,2009,2347.418
zaf,sex_t,age_aggregate_total,mts_aggregate_1,2010,2274.986
zaf,sex_t,age_aggregate_total,mts_aggregate_1,2011,2291.946
zaf,sex_t,age_aggregate_total,mts_aggregate_1,2012,2276.018
zaf,sex_t,age_aggregate_total,mts_aggregate_1,2013,2412.42
zaf,sex_t,age_aggregate_total,mts_aggregate_1,2014,2478.867
zaf,sex_t,age_aggregate_total,mts_aggregate_1,2015,2689.114
zaf,sex_t,age_aggregate_total,mts_aggregate_1,2016,2614.157
zaf,sex_t,age_aggregate_total,mts_aggregate_1,2017,2776.509
zaf,sex_t,age_aggregate_total,mts_aggregate_1,2018,2898.163
zaf,sex_t,age_aggregate_total,mts_aggregate_1,2019,2818.202
zaf,sex_t,age_aggregate_total,mts_aggregate_1,2020,2352.313
zaf,sex_t,age_aggregate_total,mts_aggregate_1,2021,2331.673
zaf,sex_t,age_aggregate_total,mts_aggregate_1,2022,2720.611
zaf,sex_t,age_aggregate_total,mts_aggregate_1,2023,2937.392
zaf,sex_t,age_aggregate_total,mts_aggregate_1,2024,3128.417
zaf,sex_t,age_aggregate_total,mts_aggregate_2,2000,1966.586
zaf,sex_t,age_aggregate_total,mts_aggregate_2,2001,1590.58
zaf,sex_t,age_aggregate_total,mts_aggregate_2,2002,1125.639
zaf,sex_t,age_aggregate_total,mts_aggregate_2,2003,1123.605
zaf,sex_t,age_aggregate_total,mts_aggregate_2,2004,1048.461
zaf,sex_t,age_aggregate_total,mts_aggregate_2,2005,1092.034
zaf,sex_t,age_aggregate_total,mts_aggregate_2,2006,1080.543
zaf,sex_t,age_aggregate_total,mts_aggregate_2,2007,1021.509
zaf,sex_t,age_aggregate_total,mts_aggregate_2,2008,2004.535
zaf,sex_t,age_aggregate_total,mts_aggregate_2,2009,1850.403
zaf,sex_t,age_aggregate_total,mts_aggregate_2,2010,1877.469
zaf,sex_t,age_aggregate_total,mts_aggregate_2,2011,1755.662
zaf,sex_t,age_aggregate_total,mts_aggregate_2,2012,1813.604
zaf,sex_t,age_aggregate_total,mts_aggregate_2,2013,1820.663
zaf,sex_t,age_aggregate_total,mts_aggregate_2,2014,1764.091
zaf,sex_t,age_aggregate_total,mts_aggregate_2,2015,2013.883
zaf,sex_t,age_aggregate_total,mts_aggregate_2,2016,2049.351
zaf,sex_t,age_aggregate_total,mts_aggregate_2,2017,2077.82
zaf,sex_t,age_aggregate_total,mts_aggregate_2,2018,2111.399
zaf,sex_t,age_aggregate_total,mts_aggregate_2,2019,2162.353
zaf,sex_t,age_aggregate_total,mts_aggregate_2,2020,1805.864
zaf,sex_t,age_aggregate_total,mts_aggregate_2,2021,1830.803
zaf,sex_t,age_aggregate_total,mts_aggregate_2,2022,1940.906
zaf,sex_t,age_aggregate_total,mts_aggregate_2,2023,1994.096
zaf,sex_t,age_aggregate_total,mts_aggregate_2,2024,2126.603
zaf,sex_t,age_aggregate_total,mts_aggregate_total,2000,2665.401
zaf,sex_t,age_aggregate_total,mts_aggregate_total,2001,2663.769
zaf,sex_t,age_aggregate_total,mts_aggregate_total,2002,1930.429
zaf,sex_t,age_aggregate_total,mts_aggregate_total,2003,1886.437
zaf,sex_t,age_aggregate_total,mts_aggregate_total,2004,1902.081
zaf,sex_t,age_aggregate_total,mts_aggregate_total,2005,2150.448
zaf,sex_t,age_aggregate_total,mts_aggregate_total,2006,2188.762
zaf,sex_t,age_aggregate_total,mts_aggregate_total,2007,2072.39
zaf,sex_t,age_aggregate_total,mts_aggregate_total,2008,4540.886
zaf,sex_t,age_aggregate_total,mts_aggregate_total,2009,4197.821
zaf,sex_t,age_aggregate_total,mts_aggregate_total,2010,4152.455
zaf,sex_t,age_aggregate_total,mts_aggregate_total,2011,4047.608
zaf,sex_t,age_aggregate_total,mts_aggregate_total,2012,4089.622
zaf,sex_t,age_aggregate_total,mts_aggregate_total,2013,4233.083
zaf,sex_t,age_aggregate_total,mts_aggregate_total,2014,4242.959
zaf,sex_t,age_aggregate_total,mts_aggregate_total,2015,4702.997
zaf,sex_t,age_aggregate_total,mts_aggregate_total,2016,4663.508
zaf,sex_t,age_aggregate_total,mts_aggregate_total,2017,4854.329
zaf,sex_t,age_aggregate_total,mts_aggregate_total,2018,5009.563
zaf,sex_t,age_aggregate_total,mts_aggregate_total,2019,4980.555
zaf,sex_t,age_aggregate_total,mts_aggregate_total,2020,4158.178
zaf,sex_t,age_aggregate_total,mts_aggregate_total,2021,4162.477
zaf,sex_t,age_aggregate_total,mts_aggregate_total,2022,4661.517
zaf,sex_t,age_aggregate_total,mts_aggregate_total,2023,4931.488
zaf,sex_t,age_aggregate_total,mts_aggregate_total,2024,5255.019
zaf,sex_t,age_aggregate_total,mts_aggregate_x,2000,0.894
zaf,sex_t,age_aggregate_total,mts_details_mrd,2000,1245.208
zaf,sex_t,age_aggregate_total,mts_details_mrd,2001,1388.402
zaf,sex_t,age_aggregate_total,mts_details_mrd,2002,998.114
zaf,sex_t,age_aggregate_total,mts_details_mrd,2003,992.392
zaf,sex_t,age_aggregate_total,mts_details_mrd,2004,844.745
zaf,sex_t,age_aggregate_total,mts_details_mrd,2005,764.737
zaf,sex_t,age_aggregate_total,mts_details_mrd,2006,757.731
zaf,sex_t,age_aggregate_total,mts_details_mrd,2007,702.451
zaf,sex_t,age_aggregate_total,mts_details_mrd,2008,1340.996
zaf,sex_t,age_aggregate_total,mts_details_mrd,2009,1208.685
zaf,sex_t,age_aggregate_total,mts_details_mrd,2010,1232.858
zaf,sex_t,age_aggregate_total,mts_details_mrd,2011,1175.606
zaf,sex_t,age_aggregate_total,mts_details_mrd,2012,1209.706
zaf,sex_t,age_aggregate_total,mts_details_mrd,2013,1222.025
zaf,sex_t,age_aggregate_total,mts_details_mrd,2014,1172.426
zaf,sex_t,age_aggregate_total,mts_details_mrd,2015,1314.937
zaf,sex_t,age_aggregate_total,mts_details_mrd,2016,1325.552
zaf,sex_t,age_aggregate_total,mts_details_mrd,2017,1345.776
zaf,sex_t,age_aggregate_total,mts_details_mrd,2018,1336.94
zaf,sex_t,age_aggregate_total,mts_details_mrd,2019,1409.053
zaf,sex_t,age_aggregate_total,mts_details_mrd,2020,1177.174
zaf,sex_t,age_aggregate_total,mts_details_mrd,2021,1199.361
zaf,sex_t,age_aggregate_total,mts_details_mrd,2022,1218.593
zaf,sex_t,age_aggregate_total,mts_details_mrd,2023,1282.372
zaf,sex_t,age_aggregate_total,mts_details_mrd,2024,1356.92
zaf,sex_t,age_aggregate_total,mts_details_sep,2000,548.507
zaf,sex_t,age_aggregate_total,mts_details_sep,2001,961.128
zaf,sex_t,age_aggregate_total,mts_details_sep,2002,712.19
zaf,sex_t,age_aggregate_total,mts_details_sep,2003,672.415
zaf,sex_t,age_aggregate_total,mts_details_sep,2004,365.37
zaf,sex_t,age_aggregate_total,mts_details_sep,2005,87.068
zaf,sex_t,age_aggregate_total,mts_details_sep,2006,74.774
zaf,sex_t,age_aggregate_total,mts_details_sep,2007,80.765
zaf,sex_t,age_aggregate_total,mts_details_sep,2008,149.693
zaf,sex_t,age_aggregate_total,mts_details_sep,2009,136.916
zaf,sex_t,age_aggregate_total,mts_details_sep,2010,142.758
zaf,sex_t,age_aggregate_total,mts_details_sep,2011,119.739
zaf,sex_t,age_aggregate_total,mts_details_sep,2012,149.088
zaf,sex_t,age_aggregate_total,mts_details_sep,2013,145.344
zaf,sex_t,age_aggregate_total,mts_details_sep,2014,132.072
zaf,sex_t,age_aggregate_total,mts_details_sep,2015,144.564
zaf,sex_t,age_aggregate_total,mts_details_sep,2016,133.673
zaf,sex_t,age_aggregate_total,mts_details_sep,2017,134.146
zaf,sex_t,age_aggregate_total,mts_details_sep,2018,136.869
zaf,sex_t,age_aggregate_total,mts_details_sep,2019,136.306
zaf,sex_t,age_aggregate_total,mts_details_sep,2020,117.74
zaf,sex_t,age_aggregate_total,mts_details_sep,2021,115.361
zaf,sex_t,age_aggregate_total,mts_details_sep,2022,121.674
zaf,sex_t,age_aggregate_total,mts_details_sep,2023,124.468
zaf,sex_t,age_aggregate_total,mts_details_sep,2024,144.014
zaf,sex_t,age_aggregate_total,mts_details_sgle,2004,366.276
zaf,sex_t,age_aggregate_total,mts_details_sgle,2005,818.36
zaf,sex_t,age_aggregate_total,mts_details_sgle,2006,885.406
zaf,sex_t,age_aggregate_total,mts_details_sgle,2007,833.828
zaf,sex_t,age_aggregate_total,mts_details_sgle,2008,2163.856
zaf,sex_t,age_aggregate_total,mts_details_sgle,2009,1998.903
zaf,sex_t,age_aggregate_total,mts_details_sgle,2010,1924.213
zaf,sex_t,age_aggregate_total,mts_details_sgle,2011,1976.846
zaf,sex_t,age_aggregate_total,mts_details_sgle,2012,1947.751
zaf,sex_t,age_aggregate_total,mts_details_sgle,2013,2067.866
zaf,sex_t,age_aggregate_total,mts_details_sgle,2014,2138.674
zaf,sex_t,age_aggregate_total,mts_details_sgle,2015,2358.903
zaf,sex_t,age_aggregate_total,mts_details_sgle,2016,2293.079
zaf,sex_t,age_aggregate_total,mts_details_sgle,2017,2416.469
zaf,sex_t,age_aggregate_total,mts_details_sgle,2018,2542.549
zaf,sex_t,age_aggregate_total,mts_details_sgle,2019,2469.578
zaf,sex_t,age_aggregate_total,mts_details_sgle,2020,2079.851
zaf,sex_t,age_aggregate_total,mts_details_sgle,2021,2070.618
zaf,sex_t,age_aggregate_total,mts_details_sgle,2022,2457.96
zaf,sex_t,age_aggregate_total,mts_details_sgle,2023,2656.394
zaf,sex_t,age_aggregate_total,mts_details_sgle,2024,2817.007
zaf,sex_t,age_aggregate_total,mts_details_total,2000,2665.401
zaf,sex_t,age_aggregate_total,mts_details_total,2001,2663.769
zaf,sex_t,age_aggregate_total,mts_details_total,2002,1930.429
zaf,sex_t,age_aggregate_total,mts_details_total,2003,1886.437
zaf,sex_t,age_aggregate_total,mts_details_total,2004,1902.081
zaf,sex_t,age_aggregate_total,mts_details_total,2005,2150.448
zaf,sex_t,age_aggregate_total,mts_details_total,2006,2188.762
zaf,sex_t,age_aggregate_total,mts_details_total,2007,2072.39
zaf,sex_t,age_aggregate_total,mts_details_total,2008,4540.886
zaf,sex_t,age_aggregate_total,mts_details_total,2009,4197.821
zaf,sex_t,age_aggregate_total,mts_details_total,2010,4152.455
zaf,sex_t,age_aggregate_total,mts_details_total,2011,4047.608
zaf,sex_t,age_aggregate_total,mts_details_total,2012,4089.622
zaf,sex_t,age_aggregate_total,mts_details_total,2013,4233.083
zaf,sex_t,age_aggregate_total,mts_details_total,2014,4242.959
zaf,sex_t,age_aggregate_total,mts_details_total,2015,4702.997
zaf,sex_t,age_aggregate_total,mts_details_total,2016,4663.508
zaf,sex_t,age_aggregate_total,mts_details_total,2017,4854.329
zaf,sex_t,age_aggregate_total,mts_details_total,2018,5009.563
zaf,sex_t,age_aggregate_total,mts_details_total,2019,4980.555
zaf,sex_t,age_aggregate_total,mts_details_total,2020,4158.178
zaf,sex_t,age_aggregate_total,mts_details_total,2021,4162.477
zaf,sex_t,age_aggregate_total,mts_details_total,2022,4661.517
zaf,sex_t,age_aggregate_total,mts_details_total,2023,4931.488
zaf,sex_t,age_aggregate_total,mts_details_total,2024,5255.019
zaf,sex_t,age_aggregate_total,mts_details_union,2000,721.378
zaf,sex_t,age_aggregate_total,mts_details_union,2001,202.177
zaf,sex_t,age_aggregate_total,mts_details_union,2002,127.524
zaf,sex_t,age_aggregate_total,mts_details_union,2003,131.213
zaf,sex_t,age_aggregate_total,mts_details_union,2004,203.716
zaf,sex_t,age_aggregate_total,mts_details_union,2005,327.298
zaf,sex_t,age_aggregate_total,mts_details_union,2006,322.812
zaf,sex_t,age_aggregate_total,mts_details_union,2007,319.058
zaf,sex_t,age_aggregate_total,mts_details_union,2008,663.539
zaf,sex_t,age_aggregate_total,mts_details_union,2009,641.719
zaf,sex_t,age_aggregate_total,mts_details_union,2010,644.61
zaf,sex_t,age_aggregate_total,mts_details_union,2011,580.055
zaf,sex_t,age_aggregate_total,mts_details_union,2012,603.898
zaf,sex_t,age_aggregate_total,mts_details_union,2013,598.638
zaf,sex_t,age_aggregate_total,mts_details_union,2014,591.665
zaf,sex_t,age_aggregate_total,mts_details_union,2015,698.946
zaf,sex_t,age_aggregate_total,mts_details_union,2016,723.8
zaf,sex_t,age_aggregate_total,mts_details_union,2017,732.045
zaf,sex_t,age_aggregate_total,mts_details_union,2018,774.459
zaf,sex_t,age_aggregate_total,mts_details_union,2019,753.299
zaf,sex_t,age_aggregate_total,mts_details_union,2020,628.691
zaf,sex_t,age_aggregate_total,mts_details_union,2021,631.442
zaf,sex_t,age_aggregate_total,mts_details_union,2022,722.313
zaf,sex_t,age_aggregate_total,mts_details_union,2023,711.724
zaf,sex_t,age_aggregate_total,mts_details_union,2024,769.682
zaf,sex_t,age_aggregate_total,mts_details_wid,2000,149.414
zaf,sex_t,age_aggregate_total,mts_details_wid,2001,111.692
zaf,sex_t,age_aggregate_total,mts_details_wid,2002,92.121
zaf,sex_t,age_aggregate_total,mts_details_wid,2003,90.278
zaf,sex_t,age_aggregate_total,mts_details_wid,2004,121.908
zaf,sex_t,age_aggregate_total,mts_details_wid,2005,152.113
zaf,sex_t,age_aggregate_total,mts_details_wid,2006,147.741
zaf,sex_t,age_aggregate_total,mts_details_wid,2007,135.852
zaf,sex_t,age_aggregate_total,mts_details_wid,2008,222.803
zaf,sex_t,age_aggregate_total,mts_details_wid,2009,211.6
zaf,sex_t,age_aggregate_total,mts_details_wid,2010,208.015
zaf,sex_t,age_aggregate_total,mts_details_wid,2011,195.36
zaf,sex_t,age_aggregate_total,mts_details_wid,2012,179.179
zaf,sex_t,age_aggregate_total,mts_details_wid,2013,199.21
zaf,sex_t,age_aggregate_total,mts_details_wid,2014,208.122
zaf,sex_t,age_aggregate_total,mts_details_wid,2015,185.647
zaf,sex_t,age_aggregate_total,mts_details_wid,2016,187.406
zaf,sex_t,age_aggregate_total,mts_details_wid,2017,225.894
zaf,sex_t,age_aggregate_total,mts_details_wid,2018,218.745
zaf,sex_t,age_aggregate_total,mts_details_wid,2019,212.318
zaf,sex_t,age_aggregate_total,mts_details_wid,2020,154.723
zaf,sex_t,age_aggregate_total,mts_details_wid,2021,145.694
zaf,sex_t,age_aggregate_total,mts_details_wid,2022,140.977
zaf,sex_t,age_aggregate_total,mts_details_wid,2023,156.53
zaf,sex_t,age_aggregate_total,mts_details_wid,2024,167.396
zaf,sex_t,age_aggregate_total,mts_details_x,2000,0.894
zaf,sex_t,age_aggregate_y15_24,mts_aggregate_1,2000,138.599
zaf,sex_t,age_aggregate_y15_24,mts_aggregate_1,2001,320.265
zaf,sex_t,age_aggregate_y15_24,mts_aggregate_1,2002,217.062
zaf,sex_t,age_aggregate_y15_24,mts_aggregate_1,2003,179.544
zaf,sex_t,age_aggregate_y15_24,mts_aggregate_1,2004,202.685
zaf,sex_t,age_aggregate_y15_24,mts_aggregate_1,2005,219.12
zaf,sex_t,age_aggregate_y15_24,mts_aggregate_1,2006,240.164
zaf,sex_t,age_aggregate_y15_24,mts_aggregate_1,2007,200.661
zaf,sex_t,age_aggregate_y15_24,mts_aggregate_1,2008,573.001
zaf,sex_t,age_aggregate_y15_24,mts_aggregate_1,2009,478.801
zaf,sex_t,age_aggregate_y15_24,mts_aggregate_1,2010,444.865
zaf,sex_t,age_aggregate_y15_24,mts_aggregate_1,2011,422.174
zaf,sex_t,age_aggregate_y15_24,mts_aggregate_1,2012,383.973
zaf,sex_t,age_aggregate_y15_24,mts_aggregate_1,2013,406.449
zaf,sex_t,age_aggregate_y15_24,mts_aggregate_1,2014,406.453
zaf,sex_t,age_aggregate_y15_24,mts_aggregate_1,2015,455.473
zaf,sex_t,age_aggregate_y15_24,mts_aggregate_1,2016,401.038
zaf,sex_t,age_aggregate_y15_24,mts_aggregate_1,2017,433.452
zaf,sex_t,age_aggregate_y15_24,mts_aggregate_1,2018,422.162
zaf,sex_t,age_aggregate_y15_24,mts_aggregate_1,2019,383.777
zaf,sex_t,age_aggregate_y15_24,mts_aggregate_1,2020,280.263
zaf,sex_t,age_aggregate_y15_24,mts_aggregate_1,2021,261.782
zaf,sex_t,age_aggregate_y15_24,mts_aggregate_1,2022,337.711
zaf,sex_t,age_aggregate_y15_24,mts_aggregate_1,2023,352.277
zaf,sex_t,age_aggregate_y15_24,mts_aggregate_1,2024,388.452
zaf,sex_t,age_aggregate_y15_24,mts_aggregate_2,2000,228.824
zaf,sex_t,age_aggregate_y15_24,mts_aggregate_2,2001,59.624
zaf,sex_t,age_aggregate_y15_24,mts_aggregate_2,2002,33.55
zaf,sex_t,age_aggregate_y15_24,mts_aggregate_2,2003,32.868
zaf,sex_t,age_aggregate_y15_24,mts_aggregate_2,2004,40.001
zaf,sex_t,age_aggregate_y15_24,mts_aggregate_2,2005,41.566
zaf,sex_t,age_aggregate_y15_24,mts_aggregate_2,2006,38.931
zaf,sex_t,age_aggregate_y15_24,mts_aggregate_2,2007,38.638
zaf,sex_t,age_aggregate_y15_24,mts_aggregate_2,2008,89.139
zaf,sex_t,age_aggregate_y15_24,mts_aggregate_2,2009,71.179
zaf,sex_t,age_aggregate_y15_24,mts_aggregate_2,2010,59.64
zaf,sex_t,age_aggregate_y15_24,mts_aggregate_2,2011,62.973
zaf,sex_t,age_aggregate_y15_24,mts_aggregate_2,2012,65.03
zaf,sex_t,age_aggregate_y15_24,mts_aggregate_2,2013,67.255
zaf,sex_t,age_aggregate_y15_24,mts_aggregate_2,2014,61.978
zaf,sex_t,age_aggregate_y15_24,mts_aggregate_2,2015,65.684
zaf,sex_t,age_aggregate_y15_24,mts_aggregate_2,2016,77.753
zaf,sex_t,age_aggregate_y15_24,mts_aggregate_2,2017,67.925
zaf,sex_t,age_aggregate_y15_24,mts_aggregate_2,2018,66.466
zaf,sex_t,age_aggregate_y15_24,mts_aggregate_2,2019,56.517
zaf,sex_t,age_aggregate_y15_24,mts_aggregate_2,2020,40.477
zaf,sex_t,age_aggregate_y15_24,mts_aggregate_2,2021,41.376
zaf,sex_t,age_aggregate_y15_24,mts_aggregate_2,2022,46.65
zaf,sex_t,age_aggregate_y15_24,mts_aggregate_2,2023,54.816
zaf,sex_t,age_aggregate_y15_24,mts_aggregate_2,2024,58.097
zaf,sex_t,age_aggregate_y15_24,mts_aggregate_total,2000,367.931
zaf,sex_t,age_aggregate_y15_24,mts_aggregate_total,2001,379.889
zaf,sex_t,age_aggregate_y15_24,mts_aggregate_total,2002,250.612
zaf,sex_t,age_aggregate_y15_24,mts_aggregate_total,2003,212.412
zaf,sex_t,age_aggregate_y15_24,mts_aggregate_total,2004,242.685
zaf,sex_t,age_aggregate_y15_24,mts_aggregate_total,2005,260.729
zaf,sex_t,age_aggregate_y15_24,mts_aggregate_total,2006,279.095
zaf,sex_t,age_aggregate_y15_24,mts_aggregate_total,2007,239.299
zaf,sex_t,age_aggregate_y15_24,mts_aggregate_total,2008,662.14
zaf,sex_t,age_aggregate_y15_24,mts_aggregate_total,2009,549.98
zaf,sex_t,age_aggregate_y15_24,mts_aggregate_total,2010,504.505
zaf,sex_t,age_aggregate_y15_24,mts_aggregate_total,2011,485.147
zaf,sex_t,age_aggregate_y15_24,mts_aggregate_total,2012,449.003
zaf,sex_t,age_aggregate_y15_24,mts_aggregate_total,2013,473.704
zaf,sex_t,age_aggregate_y15_24,mts_aggregate_total,2014,468.43
zaf,sex_t,age_aggregate_y15_24,mts_aggregate_total,2015,521.157
zaf,sex_t,age_aggregate_y15_24,mts_aggregate_total,2016,478.791
zaf,sex_t,age_aggregate_y15_24,mts_aggregate_total,2017,501.377
zaf,sex_t,age_aggregate_y15_24,mts_aggregate_total,2018,488.628
zaf,sex_t,age_aggregate_y15_24,mts_aggregate_total,2019,440.294
zaf,sex_t,age_aggregate_y15_24,mts_aggregate_total,2020,320.741
zaf,sex_t,age_aggregate_y15_24,mts_aggregate_total,2021,303.158
zaf,sex_t,age_aggregate_y15_24,mts_aggregate_total,2022,384.361
zaf,sex_t,age_aggregate_y15_24,mts_aggregate_total,2023,407.093
zaf,sex_t,age_aggregate_y15_24,mts_aggregate_total,2024,446.548
zaf,sex_t,age_aggregate_y15_24,mts_details_mrd,2000,201.954
zaf,sex_t,age_aggregate_y15_24,mts_details_mrd,2001,58.425
zaf,sex_t,age_aggregate_y15_24,mts_details_mrd,2002,33.55
zaf,sex_t,age_aggregate_y15_24,mts_details_mrd,2003,32.588
zaf,sex_t,age_aggregate_y15_24,mts_details_mrd,2004,24.907
zaf,sex_t,age_aggregate_y15_24,mts_details_mrd,2005,18.336
zaf,sex_t,age_aggregate_y15_24,mts_details_mrd,2006,15.779
zaf,sex_t,age_aggregate_y15_24,mts_details_mrd,2007,15.188
zaf,sex_t,age_aggregate_y15_24,mts_details_mrd,2008,35.255
zaf,sex_t,age_aggregate_y15_24,mts_details_mrd,2009,28.634
zaf,sex_t,age_aggregate_y15_24,mts_details_mrd,2010,23.677
zaf,sex_t,age_aggregate_y15_24,mts_details_mrd,2011,24.395
zaf,sex_t,age_aggregate_y15_24,mts_details_mrd,2012,24.143
zaf,sex_t,age_aggregate_y15_24,mts_details_mrd,2013,23.27
zaf,sex_t,age_aggregate_y15_24,mts_details_mrd,2014,25.789
zaf,sex_t,age_aggregate_y15_24,mts_details_mrd,2015,28.766
zaf,sex_t,age_aggregate_y15_24,mts_details_mrd,2016,33.741
zaf,sex_t,age_aggregate_y15_24,mts_details_mrd,2017,30.511
zaf,sex_t,age_aggregate_y15_24,mts_details_mrd,2018,25.335
zaf,sex_t,age_aggregate_y15_24,mts_details_mrd,2019,19.756
zaf,sex_t,age_aggregate_y15_24,mts_details_mrd,2020,15.34
zaf,sex_t,age_aggregate_y15_24,mts_details_mrd,2021,10.622
zaf,sex_t,age_aggregate_y15_24,mts_details_mrd,2022,20.463
zaf,sex_t,age_aggregate_y15_24,mts_details_mrd,2023,17.692
zaf,sex_t,age_aggregate_y15_24,mts_details_mrd,2024,20.471
zaf,sex_t,age_aggregate_y15_24,mts_details_sep,2000,137.65
zaf,sex_t,age_aggregate_y15_24,mts_details_sep,2001,319.284
zaf,sex_t,age_aggregate_y15_24,mts_details_sep,2002,216.177
zaf,sex_t,age_aggregate_y15_24,mts_details_sep,2003,178.83
zaf,sex_t,age_aggregate_y15_24,mts_details_sep,2004,87.297
zaf,sex_t,age_aggregate_y15_24,mts_details_sep,2008,1.894
zaf,sex_t,age_aggregate_y15_24,mts_details_sep,2009,1.71
zaf,sex_t,age_aggregate_y15_24,mts_details_sep,2010,0.6
zaf,sex_t,age_aggregate_y15_24,mts_details_sep,2012,0.757
zaf,sex_t,age_aggregate_y15_24,mts_details_sep,2013,0.597
zaf,sex_t,age_aggregate_y15_24,mts_details_sep,2014,0.643
zaf,sex_t,age_aggregate_y15_24,mts_details_sep,2015,1.505
zaf,sex_t,age_aggregate_y15_24,mts_details_sep,2017,1.144
zaf,sex_t,age_aggregate_y15_24,mts_details_sep,2018,2.486
zaf,sex_t,age_aggregate_y15_24,mts_details_sep,2019,1.043
zaf,sex_t,age_aggregate_y15_24,mts_details_sgle,2004,114.162
zaf,sex_t,age_aggregate_y15_24,mts_details_sgle,2005,218.493
zaf,sex_t,age_aggregate_y15_24,mts_details_sgle,2006,239.983
zaf,sex_t,age_aggregate_y15_24,mts_details_sgle,2007,199.058
zaf,sex_t,age_aggregate_y15_24,mts_details_sgle,2008,570.618
zaf,sex_t,age_aggregate_y15_24,mts_details_sgle,2009,476.412
zaf,sex_t,age_aggregate_y15_24,mts_details_sgle,2010,443.893
zaf,sex_t,age_aggregate_y15_24,mts_details_sgle,2011,421.483
zaf,sex_t,age_aggregate_y15_24,mts_details_sgle,2012,382.956
zaf,sex_t,age_aggregate_y15_24,mts_details_sgle,2013,405.852
zaf,sex_t,age_aggregate_y15_24,mts_details_sgle,2014,405.749
zaf,sex_t,age_aggregate_y15_24,mts_details_sgle,2015,453.873
zaf,sex_t,age_aggregate_y15_24,mts_details_sgle,2016,401.038
zaf,sex_t,age_aggregate_y15_24,mts_details_sgle,2017,432.036
zaf,sex_t,age_aggregate_y15_24,mts_details_sgle,2018,419.454
zaf,sex_t,age_aggregate_y15_24,mts_details_sgle,2019,382.733
zaf,sex_t,age_aggregate_y15_24,mts_details_sgle,2020,280.263
zaf,sex_t,age_aggregate_y15_24,mts_details_sgle,2021,261.782
zaf,sex_t,age_aggregate_y15_24,mts_details_sgle,2022,336.998
zaf,sex_t,age_aggregate_y15_24,mts_details_sgle,2023,351.908
zaf,sex_t,age_aggregate_y15_24,mts_details_sgle,2024,387.738
zaf,sex_t,age_aggregate_y15_24,mts_details_total,2000,367.931
zaf,sex_t,age_aggregate_y15_24,mts_details_total,2001,379.889
zaf,sex_t,age_aggregate_y15_24,mts_details_total,2002,250.612
zaf,sex_t,age_aggregate_y15_24,mts_details_total,2003,212.412
zaf,sex_t,age_aggregate_y15_24,mts_details_total,2004,242.685
zaf,sex_t,age_aggregate_y15_24,mts_details_total,2005,260.729
zaf,sex_t,age_aggregate_y15_24,mts_details_total,2006,279.095
zaf,sex_t,age_aggregate_y15_24,mts_details_total,2007,239.299
zaf,sex_t,age_aggregate_y15_24,mts_details_total,2008,662.14
zaf,sex_t,age_aggregate_y15_24,mts_details_total,2009,549.98
zaf,sex_t,age_aggregate_y15_24,mts_details_total,2010,504.505
zaf,sex_t,age_aggregate_y15_24,mts_details_total,2011,485.147
zaf,sex_t,age_aggregate_y15_24,mts_details_total,2012,449.003
zaf,sex_t,age_aggregate_y15_24,mts_details_total,2013,473.704
zaf,sex_t,age_aggregate_y15_24,mts_details_total,2014,468.43
zaf,sex_t,age_aggregate_y15_24,mts_details_total,2015,521.157
zaf,sex_t,age_aggregate_y15_24,mts_details_total,2016,478.791
zaf,sex_t,age_aggregate_y15_24,mts_details_total,2017,501.377
zaf,sex_t,age_aggregate_y15_24,mts_details_total,2018,488.628
zaf,sex_t,age_aggregate_y15_24,mts_details_total,2019,440.294
zaf,sex_t,age_aggregate_y15_24,mts_details_total,2020,320.741
zaf,sex_t,age_aggregate_y15_24,mts_details_total,2021,303.158
zaf,sex_t,age_aggregate_y15_24,mts_details_total,2022,384.361
zaf,sex_t,age_aggregate_y15_24,mts_details_total,2023,407.093
zaf,sex_t,age_aggregate_y15_24,mts_details_total,2024,446.548
zaf,sex_t,age_aggregate_y15_24,mts_details_union,2000,26.869
zaf,sex_t,age_aggregate_y15_24,mts_details_union,2001,1.199
zaf,sex_t,age_aggregate_y15_24,mts_details_union,2004,15.094
zaf,sex_t,age_aggregate_y15_24,mts_details_union,2005,23.23
zaf,sex_t,age_aggregate_y15_24,mts_details_union,2006,23.152
zaf,sex_t,age_aggregate_y15_24,mts_details_union,2007,23.45
zaf,sex_t,age_aggregate_y15_24,mts_details_union,2008,53.884
zaf,sex_t,age_aggregate_y15_24,mts_details_union,2009,42.545
zaf,sex_t,age_aggregate_y15_24,mts_details_union,2010,35.963
zaf,sex_t,age_aggregate_y15_24,mts_details_union,2011,38.578
zaf,sex_t,age_aggregate_y15_24,mts_details_union,2012,40.887
zaf,sex_t,age_aggregate_y15_24,mts_details_union,2013,43.986
zaf,sex_t,age_aggregate_y15_24,mts_details_union,2014,36.188
zaf,sex_t,age_aggregate_y15_24,mts_details_union,2015,36.919
zaf,sex_t,age_aggregate_y15_24,mts_details_union,2016,44.012
zaf,sex_t,age_aggregate_y15_24,mts_details_union,2017,37.414
zaf,sex_t,age_aggregate_y15_24,mts_details_union,2018,41.131
zaf,sex_t,age_aggregate_y15_24,mts_details_union,2019,36.762
zaf,sex_t,age_aggregate_y15_24,mts_details_union,2020,25.137
zaf,sex_t,age_aggregate_y15_24,mts_details_union,2021,30.754
zaf,sex_t,age_aggregate_y15_24,mts_details_union,2022,26.187
zaf,sex_t,age_aggregate_y15_24,mts_details_union,2023,37.124
zaf,sex_t,age_aggregate_y15_24,mts_details_union,2024,37.626
zaf,sex_t,age_aggregate_y15_24,mts_details_wid,2001,0.981
zaf,sex_t,age_aggregate_y25_54,mts_aggregate_1,2000,476.792
zaf,sex_t,age_aggregate_y25_54,mts_aggregate_1,2001,699.417
zaf,sex_t,age_aggregate_y25_54,mts_aggregate_1,2002,548.195
zaf,sex_t,age_aggregate_y25_54,mts_aggregate_1,2003,549.734
zaf,sex_t,age_aggregate_y25_54,mts_aggregate_1,2004,580.313
zaf,sex_t,age_aggregate_y25_54,mts_aggregate_1,2005,717.409
zaf,sex_t,age_aggregate_y25_54,mts_aggregate_1,2006,754
zaf,sex_t,age_aggregate_y25_54,mts_aggregate_1,2007,724.817
zaf,sex_t,age_aggregate_y25_54,mts_aggregate_1,2008,1792.8
zaf,sex_t,age_aggregate_y25_54,mts_aggregate_1,2009,1714.053
zaf,sex_t,age_aggregate_y25_54,mts_aggregate_1,2010,1668.162
zaf,sex_t,age_aggregate_y25_54,mts_aggregate_1,2011,1713.86
zaf,sex_t,age_aggregate_y25_54,mts_aggregate_1,2012,1726.941
zaf,sex_t,age_aggregate_y25_54,mts_aggregate_1,2013,1812.438
zaf,sex_t,age_aggregate_y25_54,mts_aggregate_1,2014,1864.931
zaf,sex_t,age_aggregate_y25_54,mts_aggregate_1,2015,2031.914
zaf,sex_t,age_aggregate_y25_54,mts_aggregate_1,2016,2005.949
zaf,sex_t,age_aggregate_y25_54,mts_aggregate_1,2017,2104.212
zaf,sex_t,age_aggregate_y25_54,mts_aggregate_1,2018,2231.836
zaf,sex_t,age_aggregate_y25_54,mts_aggregate_1,2019,2186.972
zaf,sex_t,age_aggregate_y25_54,mts_aggregate_1,2020,1852.811
zaf,sex_t,age_aggregate_y25_54,mts_aggregate_1,2021,1857.602
zaf,sex_t,age_aggregate_y25_54,mts_aggregate_1,2022,2149.486
zaf,sex_t,age_aggregate_y25_54,mts_aggregate_1,2023,2342.619
zaf,sex_t,age_aggregate_y25_54,mts_aggregate_1,2024,2437.983
zaf,sex_t,age_aggregate_y25_54,mts_aggregate_2,2000,1491.78
zaf,sex_t,age_aggregate_y25_54,mts_aggregate_2,2001,1182.576
zaf,sex_t,age_aggregate_y25_54,mts_aggregate_2,2002,894.058
zaf,sex_t,age_aggregate_y25_54,mts_aggregate_2,2003,890.082
zaf,sex_t,age_aggregate_y25_54,mts_aggregate_2,2004,855.42
zaf,sex_t,age_aggregate_y25_54,mts_aggregate_2,2005,897.223
zaf,sex_t,age_aggregate_y25_54,mts_aggregate_2,2006,882.866
zaf,sex_t,age_aggregate_y25_54,mts_aggregate_2,2007,834.992
zaf,sex_t,age_aggregate_y25_54,mts_aggregate_2,2008,1681.253
zaf,sex_t,age_aggregate_y25_54,mts_aggregate_2,2009,1583.087
zaf,sex_t,age_aggregate_y25_54,mts_aggregate_2,2010,1619.678
zaf,sex_t,age_aggregate_y25_54,mts_aggregate_2,2011,1509.657
zaf,sex_t,age_aggregate_y25_54,mts_aggregate_2,2012,1550.136
zaf,sex_t,age_aggregate_y25_54,mts_aggregate_2,2013,1540.101
zaf,sex_t,age_aggregate_y25_54,mts_aggregate_2,2014,1494.35
zaf,sex_t,age_aggregate_y25_54,mts_aggregate_2,2015,1714.501
zaf,sex_t,age_aggregate_y25_54,mts_aggregate_2,2016,1744.982
zaf,sex_t,age_aggregate_y25_54,mts_aggregate_2,2017,1749.653
zaf,sex_t,age_aggregate_y25_54,mts_aggregate_2,2018,1774.305
zaf,sex_t,age_aggregate_y25_54,mts_aggregate_2,2019,1833.779
zaf,sex_t,age_aggregate_y25_54,mts_aggregate_2,2020,1533.136
zaf,sex_t,age_aggregate_y25_54,mts_aggregate_2,2021,1557.572
zaf,sex_t,age_aggregate_y25_54,mts_aggregate_2,2022,1657.729
zaf,sex_t,age_aggregate_y25_54,mts_aggregate_2,2023,1686.882
zaf,sex_t,age_aggregate_y25_54,mts_aggregate_2,2024,1777.999
zaf,sex_t,age_aggregate_y25_54,mts_aggregate_total,2000,1968.958
zaf,sex_t,age_aggregate_y25_54,mts_aggregate_total,2001,1882.362
zaf,sex_t,age_aggregate_y25_54,mts_aggregate_total,2002,1442.425
zaf,sex_t,age_aggregate_y25_54,mts_aggregate_total,2003,1439.953
zaf,sex_t,age_aggregate_y25_54,mts_aggregate_total,2004,1435.8
zaf,sex_t,age_aggregate_y25_54,mts_aggregate_total,2005,1614.78
zaf,sex_t,age_aggregate_y25_54,mts_aggregate_total,2006,1636.866
zaf,sex_t,age_aggregate_y25_54,mts_aggregate_total,2007,1560.245
zaf,sex_t,age_aggregate_y25_54,mts_aggregate_total,2008,3474.052
zaf,sex_t,age_aggregate_y25_54,mts_aggregate_total,2009,3297.14
zaf,sex_t,age_aggregate_y25_54,mts_aggregate_total,2010,3287.84
zaf,sex_t,age_aggregate_y25_54,mts_aggregate_total,2011,3223.517
zaf,sex_t,age_aggregate_y25_54,mts_aggregate_total,2012,3277.077
zaf,sex_t,age_aggregate_y25_54,mts_aggregate_total,2013,3352.539
zaf,sex_t,age_aggregate_y25_54,mts_aggregate_total,2014,3359.281
zaf,sex_t,age_aggregate_y25_54,mts_aggregate_total,2015,3746.416
zaf,sex_t,age_aggregate_y25_54,mts_aggregate_total,2016,3750.931
zaf,sex_t,age_aggregate_y25_54,mts_aggregate_total,2017,3853.866
zaf,sex_t,age_aggregate_y25_54,mts_aggregate_total,2018,4006.142
zaf,sex_t,age_aggregate_y25_54,mts_aggregate_total,2019,4020.751
zaf,sex_t,age_aggregate_y25_54,mts_aggregate_total,2020,3385.948
zaf,sex_t,age_aggregate_y25_54,mts_aggregate_total,2021,3415.174
zaf,sex_t,age_aggregate_y25_54,mts_aggregate_total,2022,3807.215
zaf,sex_t,age_aggregate_y25_54,mts_aggregate_total,2023,4029.501
zaf,sex_t,age_aggregate_y25_54,mts_aggregate_total,2024,4215.982
zaf,sex_t,age_aggregate_y25_54,mts_details_mrd,2000,915.756
zaf,sex_t,age_aggregate_y25_54,mts_details_mrd,2001,1087.943
zaf,sex_t,age_aggregate_y25_54,mts_details_mrd,2002,820.757
zaf,sex_t,age_aggregate_y25_54,mts_details_mrd,2003,812.647
zaf,sex_t,age_aggregate_y25_54,mts_details_mrd,2004,696.685
zaf,sex_t,age_aggregate_y25_54,mts_details_mrd,2005,609.866
zaf,sex_t,age_aggregate_y25_54,mts_details_mrd,2006,599.686
zaf,sex_t,age_aggregate_y25_54,mts_details_mrd,2007,558.918
zaf,sex_t,age_aggregate_y25_54,mts_details_mrd,2008,1102.238
zaf,sex_t,age_aggregate_y25_54,mts_details_mrd,2009,1011.075
zaf,sex_t,age_aggregate_y25_54,mts_details_mrd,2010,1036.851
zaf,sex_t,age_aggregate_y25_54,mts_details_mrd,2011,991.791
zaf,sex_t,age_aggregate_y25_54,mts_details_mrd,2012,1013.163
zaf,sex_t,age_aggregate_y25_54,mts_details_mrd,2013,1008.956
zaf,sex_t,age_aggregate_y25_54,mts_details_mrd,2014,962.525
zaf,sex_t,age_aggregate_y25_54,mts_details_mrd,2015,1094.45
zaf,sex_t,age_aggregate_y25_54,mts_details_mrd,2016,1101.143
zaf,sex_t,age_aggregate_y25_54,mts_details_mrd,2017,1099.248
zaf,sex_t,age_aggregate_y25_54,mts_details_mrd,2018,1083.099
zaf,sex_t,age_aggregate_y25_54,mts_details_mrd,2019,1158.197
zaf,sex_t,age_aggregate_y25_54,mts_details_mrd,2020,960.948
zaf,sex_t,age_aggregate_y25_54,mts_details_mrd,2021,989.511
zaf,sex_t,age_aggregate_y25_54,mts_details_mrd,2022,996.813
zaf,sex_t,age_aggregate_y25_54,mts_details_mrd,2023,1053.355
zaf,sex_t,age_aggregate_y25_54,mts_details_mrd,2024,1097.308
zaf,sex_t,age_aggregate_y25_54,mts_details_sep,2000,380.649
zaf,sex_t,age_aggregate_y25_54,mts_details_sep,2001,612.54
zaf,sex_t,age_aggregate_y25_54,mts_details_sep,2002,470.622
zaf,sex_t,age_aggregate_y25_54,mts_details_sep,2003,472.697
zaf,sex_t,age_aggregate_y25_54,mts_details_sep,2004,258.455
zaf,sex_t,age_aggregate_y25_54,mts_details_sep,2005,69.738
zaf,sex_t,age_aggregate_y25_54,mts_details_sep,2006,55.45
zaf,sex_t,age_aggregate_y25_54,mts_details_sep,2007,54.459
zaf,sex_t,age_aggregate_y25_54,mts_details_sep,2008,117.037
zaf,sex_t,age_aggregate_y25_54,mts_details_sep,2009,106.978
zaf,sex_t,age_aggregate_y25_54,mts_details_sep,2010,111.488
zaf,sex_t,age_aggregate_y25_54,mts_details_sep,2011,94.99
zaf,sex_t,age_aggregate_y25_54,mts_details_sep,2012,114.226
zaf,sex_t,age_aggregate_y25_54,mts_details_sep,2013,109.318
zaf,sex_t,age_aggregate_y25_54,mts_details_sep,2014,96.842
zaf,sex_t,age_aggregate_y25_54,mts_details_sep,2015,105.266
zaf,sex_t,age_aggregate_y25_54,mts_details_sep,2016,99.883
zaf,sex_t,age_aggregate_y25_54,mts_details_sep,2017,100.571
zaf,sex_t,age_aggregate_y25_54,mts_details_sep,2018,98.965
zaf,sex_t,age_aggregate_y25_54,mts_details_sep,2019,98.086
zaf,sex_t,age_aggregate_y25_54,mts_details_sep,2020,80.102
zaf,sex_t,age_aggregate_y25_54,mts_details_sep,2021,79.342
zaf,sex_t,age_aggregate_y25_54,mts_details_sep,2022,93.014
zaf,sex_t,age_aggregate_y25_54,mts_details_sep,2023,93.78
zaf,sex_t,age_aggregate_y25_54,mts_details_sep,2024,100.277
zaf,sex_t,age_aggregate_y25_54,mts_details_sgle,2004,241.93
zaf,sex_t,age_aggregate_y25_54,mts_details_sgle,2005,563.491
zaf,sex_t,age_aggregate_y25_54,mts_details_sgle,2006,612.051
zaf,sex_t,age_aggregate_y25_54,mts_details_sgle,2007,599.168
zaf,sex_t,age_aggregate_y25_54,mts_details_sgle,2008,1538.14
zaf,sex_t,age_aggregate_y25_54,mts_details_sgle,2009,1468.139
zaf,sex_t,age_aggregate_y25_54,mts_details_sgle,2010,1427.354
zaf,sex_t,age_aggregate_y25_54,mts_details_sgle,2011,1494.937
zaf,sex_t,age_aggregate_y25_54,mts_details_sgle,2012,1497.235
zaf,sex_t,age_aggregate_y25_54,mts_details_sgle,2013,1593.026
zaf,sex_t,age_aggregate_y25_54,mts_details_sgle,2014,1654.36
zaf,sex_t,age_aggregate_y25_54,mts_details_sgle,2015,1820.679
zaf,sex_t,age_aggregate_y25_54,mts_details_sgle,2016,1801.314
zaf,sex_t,age_aggregate_y25_54,mts_details_sgle,2017,1878.977
zaf,sex_t,age_aggregate_y25_54,mts_details_sgle,2018,2018.779
zaf,sex_t,age_aggregate_y25_54,mts_details_sgle,2019,1971.925
zaf,sex_t,age_aggregate_y25_54,mts_details_sgle,2020,1690.152
zaf,sex_t,age_aggregate_y25_54,mts_details_sgle,2021,1700.007
zaf,sex_t,age_aggregate_y25_54,mts_details_sgle,2022,1990.108
zaf,sex_t,age_aggregate_y25_54,mts_details_sgle,2023,2173.457
zaf,sex_t,age_aggregate_y25_54,mts_details_sgle,2024,2269.498
zaf,sex_t,age_aggregate_y25_54,mts_details_total,2000,1968.958
zaf,sex_t,age_aggregate_y25_54,mts_details_total,2001,1882.362
zaf,sex_t,age_aggregate_y25_54,mts_details_total,2002,1442.425
zaf,sex_t,age_aggregate_y25_54,mts_details_total,2003,1439.953
zaf,sex_t,age_aggregate_y25_54,mts_details_total,2004,1435.8
zaf,sex_t,age_aggregate_y25_54,mts_details_total,2005,1614.78
zaf,sex_t,age_aggregate_y25_54,mts_details_total,2006,1636.866
zaf,sex_t,age_aggregate_y25_54,mts_details_total,2007,1560.245
zaf,sex_t,age_aggregate_y25_54,mts_details_total,2008,3474.052
zaf,sex_t,age_aggregate_y25_54,mts_details_total,2009,3297.14
zaf,sex_t,age_aggregate_y25_54,mts_details_total,2010,3287.84
zaf,sex_t,age_aggregate_y25_54,mts_details_total,2011,3223.517
zaf,sex_t,age_aggregate_y25_54,mts_details_total,2012,3277.077
zaf,sex_t,age_aggregate_y25_54,mts_details_total,2013,3352.539
zaf,sex_t,age_aggregate_y25_54,mts_details_total,2014,3359.281
zaf,sex_t,age_aggregate_y25_54,mts_details_total,2015,3746.416
zaf,sex_t,age_aggregate_y25_54,mts_details_total,2016,3750.931
zaf,sex_t,age_aggregate_y25_54,mts_details_total,2017,3853.866
zaf,sex_t,age_aggregate_y25_54,mts_details_total,2018,4006.142
zaf,sex_t,age_aggregate_y25_54,mts_details_total,2019,4020.751
zaf,sex_t,age_aggregate_y25_54,mts_details_total,2020,3385.948
zaf,sex_t,age_aggregate_y25_54,mts_details_total,2021,3415.174
zaf,sex_t,age_aggregate_y25_54,mts_details_total,2022,3807.215
zaf,sex_t,age_aggregate_y25_54,mts_details_total,2023,4029.501
zaf,sex_t,age_aggregate_y25_54,mts_details_total,2024,4215.982
zaf,sex_t,age_aggregate_y25_54,mts_details_union,2000,576.025
zaf,sex_t,age_aggregate_y25_54,mts_details_union,2001,94.633
zaf,sex_t,age_aggregate_y25_54,mts_details_union,2002,73.301
zaf,sex_t,age_aggregate_y25_54,mts_details_union,2003,77.435
zaf,sex_t,age_aggregate_y25_54,mts_details_union,2004,158.736
zaf,sex_t,age_aggregate_y25_54,mts_details_union,2005,287.357
zaf,sex_t,age_aggregate_y25_54,mts_details_union,2006,283.18
zaf,sex_t,age_aggregate_y25_54,mts_details_union,2007,276.074
zaf,sex_t,age_aggregate_y25_54,mts_details_union,2008,579.015
zaf,sex_t,age_aggregate_y25_54,mts_details_union,2009,572.012
zaf,sex_t,age_aggregate_y25_54,mts_details_union,2010,582.827
zaf,sex_t,age_aggregate_y25_54,mts_details_union,2011,517.866
zaf,sex_t,age_aggregate_y25_54,mts_details_union,2012,536.973
zaf,sex_t,age_aggregate_y25_54,mts_details_union,2013,531.144
zaf,sex_t,age_aggregate_y25_54,mts_details_union,2014,531.825
zaf,sex_t,age_aggregate_y25_54,mts_details_union,2015,620.051
zaf,sex_t,age_aggregate_y25_54,mts_details_union,2016,643.839
zaf,sex_t,age_aggregate_y25_54,mts_details_union,2017,650.405
zaf,sex_t,age_aggregate_y25_54,mts_details_union,2018,691.207
zaf,sex_t,age_aggregate_y25_54,mts_details_union,2019,675.582
zaf,sex_t,age_aggregate_y25_54,mts_details_union,2020,572.188
zaf,sex_t,age_aggregate_y25_54,mts_details_union,2021,568.06
zaf,sex_t,age_aggregate_y25_54,mts_details_union,2022,660.916
zaf,sex_t,age_aggregate_y25_54,mts_details_union,2023,633.527
zaf,sex_t,age_aggregate_y25_54,mts_details_union,2024,680.691
zaf,sex_t,age_aggregate_y25_54,mts_details_wid,2000,96.143
zaf,sex_t,age_aggregate_y25_54,mts_details_wid,2001,86.878
zaf,sex_t,age_aggregate_y25_54,mts_details_wid,2002,77.573
zaf,sex_t,age_aggregate_y25_54,mts_details_wid,2003,77.037
zaf,sex_t,age_aggregate_y25_54,mts_details_wid,2004,79.928
zaf,sex_t,age_aggregate_y25_54,mts_details_wid,2005,84.18
zaf,sex_t,age_aggregate_y25_54,mts_details_wid,2006,86.5
zaf,sex_t,age_aggregate_y25_54,mts_details_wid,2007,71.191
zaf,sex_t,age_aggregate_y25_54,mts_details_wid,2008,137.622
zaf,sex_t,age_aggregate_y25_54,mts_details_wid,2009,138.936
zaf,sex_t,age_aggregate_y25_54,mts_details_wid,2010,129.32
zaf,sex_t,age_aggregate_y25_54,mts_details_wid,2011,123.933
zaf,sex_t,age_aggregate_y25_54,mts_details_wid,2012,115.48
zaf,sex_t,age_aggregate_y25_54,mts_details_wid,2013,110.095
zaf,sex_t,age_aggregate_y25_54,mts_details_wid,2014,113.729
zaf,sex_t,age_aggregate_y25_54,mts_details_wid,2015,105.97
zaf,sex_t,age_aggregate_y25_54,mts_details_wid,2016,104.752
zaf,sex_t,age_aggregate_y25_54,mts_details_wid,2017,124.664
zaf,sex_t,age_aggregate_y25_54,mts_details_wid,2018,114.093
zaf,sex_t,age_aggregate_y25_54,mts_details_wid,2019,116.96
zaf,sex_t,age_aggregate_y25_54,mts_details_wid,2020,82.557
zaf,sex_t,age_aggregate_y25_54,mts_details_wid,2021,78.254
zaf,sex_t,age_aggregate_y25_54,mts_details_wid,2022,66.364
zaf,sex_t,age_aggregate_y25_54,mts_details_wid,2023,75.382
zaf,sex_t,age_aggregate_y25_54,mts_details_wid,2024,68.207
zaf,sex_t,age_aggregate_y55_64,mts_aggregate_1,2000,59.693
zaf,sex_t,age_aggregate_y55_64,mts_aggregate_1,2001,41.243
zaf,sex_t,age_aggregate_y55_64,mts_aggregate_1,2002,28.46
zaf,sex_t,age_aggregate_y55_64,mts_aggregate_1,2003,26.944
zaf,sex_t,age_aggregate_y55_64,mts_aggregate_1,2004,55.509
zaf,sex_t,age_aggregate_y55_64,mts_aggregate_1,2005,79.897
zaf,sex_t,age_aggregate_y55_64,mts_aggregate_1,2006,76.213
zaf,sex_t,age_aggregate_y55_64,mts_aggregate_1,2007,78.342
zaf,sex_t,age_aggregate_y55_64,mts_aggregate_1,2008,136.619
zaf,sex_t,age_aggregate_y55_64,mts_aggregate_1,2009,127.176
zaf,sex_t,age_aggregate_y55_64,mts_aggregate_1,2010,135.213
zaf,sex_t,age_aggregate_y55_64,mts_aggregate_1,2011,132.258
zaf,sex_t,age_aggregate_y55_64,mts_aggregate_1,2012,139.113
zaf,sex_t,age_aggregate_y55_64,mts_aggregate_1,2013,153.687
zaf,sex_t,age_aggregate_y55_64,mts_aggregate_1,2014,172.716
zaf,sex_t,age_aggregate_y55_64,mts_aggregate_1,2015,168.917
zaf,sex_t,age_aggregate_y55_64,mts_aggregate_1,2016,171.846
zaf,sex_t,age_aggregate_y55_64,mts_aggregate_1,2017,198.833
zaf,sex_t,age_aggregate_y55_64,mts_aggregate_1,2018,202.472
zaf,sex_t,age_aggregate_y55_64,mts_aggregate_1,2019,199.555
zaf,sex_t,age_aggregate_y55_64,mts_aggregate_1,2020,182.532
zaf,sex_t,age_aggregate_y55_64,mts_aggregate_1,2021,175.962
zaf,sex_t,age_aggregate_y55_64,mts_aggregate_1,2022,194.953
zaf,sex_t,age_aggregate_y55_64,mts_aggregate_1,2023,193.796
zaf,sex_t,age_aggregate_y55_64,mts_aggregate_1,2024,240.852
zaf,sex_t,age_aggregate_y55_64,mts_aggregate_2,2000,172.525
zaf,sex_t,age_aggregate_y55_64,mts_aggregate_2,2001,238.32
zaf,sex_t,age_aggregate_y55_64,mts_aggregate_2,2002,145.255
zaf,sex_t,age_aggregate_y55_64,mts_aggregate_2,2003,146.821
zaf,sex_t,age_aggregate_y55_64,mts_aggregate_2,2004,122.496
zaf,sex_t,age_aggregate_y55_64,mts_aggregate_2,2005,121.819
zaf,sex_t,age_aggregate_y55_64,mts_aggregate_2,2006,124.319
zaf,sex_t,age_aggregate_y55_64,mts_aggregate_2,2007,114.649
zaf,sex_t,age_aggregate_y55_64,mts_aggregate_2,2008,200.528
zaf,sex_t,age_aggregate_y55_64,mts_aggregate_2,2009,168.896
zaf,sex_t,age_aggregate_y55_64,mts_aggregate_2,2010,168.924
zaf,sex_t,age_aggregate_y55_64,mts_aggregate_2,2011,164.569
zaf,sex_t,age_aggregate_y55_64,mts_aggregate_2,2012,175.121
zaf,sex_t,age_aggregate_y55_64,mts_aggregate_2,2013,186.021
zaf,sex_t,age_aggregate_y55_64,mts_aggregate_2,2014,179.511
zaf,sex_t,age_aggregate_y55_64,mts_aggregate_2,2015,201.741
zaf,sex_t,age_aggregate_y55_64,mts_aggregate_2,2016,190.122
zaf,sex_t,age_aggregate_y55_64,mts_aggregate_2,2017,220.306
zaf,sex_t,age_aggregate_y55_64,mts_aggregate_2,2018,219.966
zaf,sex_t,age_aggregate_y55_64,mts_aggregate_2,2019,228.369
zaf,sex_t,age_aggregate_y55_64,mts_aggregate_2,2020,199.273
zaf,sex_t,age_aggregate_y55_64,mts_aggregate_2,2021,199.27
zaf,sex_t,age_aggregate_y55_64,mts_aggregate_2,2022,191.786
zaf,sex_t,age_aggregate_y55_64,mts_aggregate_2,2023,210.273
zaf,sex_t,age_aggregate_y55_64,mts_aggregate_2,2024,238.826
zaf,sex_t,age_aggregate_y55_64,mts_aggregate_total,2000,232.217
zaf,sex_t,age_aggregate_y55_64,mts_aggregate_total,2001,279.563
zaf,sex_t,age_aggregate_y55_64,mts_aggregate_total,2002,173.881
zaf,sex_t,age_aggregate_y55_64,mts_aggregate_total,2003,173.766
zaf,sex_t,age_aggregate_y55_64,mts_aggregate_total,2004,178.006
zaf,sex_t,age_aggregate_y55_64,mts_aggregate_total,2005,202.23
zaf,sex_t,age_aggregate_y55_64,mts_aggregate_total,2006,200.532
zaf,sex_t,age_aggregate_y55_64,mts_aggregate_total,2007,192.991
zaf,sex_t,age_aggregate_y55_64,mts_aggregate_total,2008,337.147
zaf,sex_t,age_aggregate_y55_64,mts_aggregate_total,2009,296.072
zaf,sex_t,age_aggregate_y55_64,mts_aggregate_total,2010,304.137
zaf,sex_t,age_aggregate_y55_64,mts_aggregate_total,2011,296.827
zaf,sex_t,age_aggregate_y55_64,mts_aggregate_total,2012,314.234
zaf,sex_t,age_aggregate_y55_64,mts_aggregate_total,2013,339.708
zaf,sex_t,age_aggregate_y55_64,mts_aggregate_total,2014,352.227
zaf,sex_t,age_aggregate_y55_64,mts_aggregate_total,2015,370.658
zaf,sex_t,age_aggregate_y55_64,mts_aggregate_total,2016,361.968
zaf,sex_t,age_aggregate_y55_64,mts_aggregate_total,2017,419.139
zaf,sex_t,age_aggregate_y55_64,mts_aggregate_total,2018,422.438
zaf,sex_t,age_aggregate_y55_64,mts_aggregate_total,2019,427.924
zaf,sex_t,age_aggregate_y55_64,mts_aggregate_total,2020,381.806
zaf,sex_t,age_aggregate_y55_64,mts_aggregate_total,2021,375.232
zaf,sex_t,age_aggregate_y55_64,mts_aggregate_total,2022,386.738
zaf,sex_t,age_aggregate_y55_64,mts_aggregate_total,2023,404.068
zaf,sex_t,age_aggregate_y55_64,mts_aggregate_total,2024,479.678
zaf,sex_t,age_aggregate_y55_64,mts_details_mrd,2000,87.163
zaf,sex_t,age_aggregate_y55_64,mts_details_mrd,2001,182.006
zaf,sex_t,age_aggregate_y55_64,mts_details_mrd,2002,109.588
zaf,sex_t,age_aggregate_y55_64,mts_details_mrd,2003,110.908
zaf,sex_t,age_aggregate_y55_64,mts_details_mrd,2004,101.215
zaf,sex_t,age_aggregate_y55_64,mts_details_mrd,2005,109.405
zaf,sex_t,age_aggregate_y55_64,mts_details_mrd,2006,110.64
zaf,sex_t,age_aggregate_y55_64,mts_details_mrd,2007,99.999
zaf,sex_t,age_aggregate_y55_64,mts_details_mrd,2008,173.217
zaf,sex_t,age_aggregate_y55_64,mts_details_mrd,2009,145.881
zaf,sex_t,age_aggregate_y55_64,mts_details_mrd,2010,146.063
zaf,sex_t,age_aggregate_y55_64,mts_details_mrd,2011,143.331
zaf,sex_t,age_aggregate_y55_64,mts_details_mrd,2012,150.401
zaf,sex_t,age_aggregate_y55_64,mts_details_mrd,2013,163.945
zaf,sex_t,age_aggregate_y55_64,mts_details_mrd,2014,157.744
zaf,sex_t,age_aggregate_y55_64,mts_details_mrd,2015,166.359
zaf,sex_t,age_aggregate_y55_64,mts_details_mrd,2016,158.471
zaf,sex_t,age_aggregate_y55_64,mts_details_mrd,2017,181.102
zaf,sex_t,age_aggregate_y55_64,mts_details_mrd,2018,184.08
zaf,sex_t,age_aggregate_y55_64,mts_details_mrd,2019,192.77
zaf,sex_t,age_aggregate_y55_64,mts_details_mrd,2020,172.137
zaf,sex_t,age_aggregate_y55_64,mts_details_mrd,2021,169.204
zaf,sex_t,age_aggregate_y55_64,mts_details_mrd,2022,160.881
zaf,sex_t,age_aggregate_y55_64,mts_details_mrd,2023,173.973
zaf,sex_t,age_aggregate_y55_64,mts_details_mrd,2024,194.479
zaf,sex_t,age_aggregate_y55_64,mts_details_sep,2000,25.425
zaf,sex_t,age_aggregate_y55_64,mts_details_sep,2001,21.456
zaf,sex_t,age_aggregate_y55_64,mts_details_sep,2002,17.734
zaf,sex_t,age_aggregate_y55_64,mts_details_sep,2003,17.062
zaf,sex_t,age_aggregate_y55_64,mts_details_sep,2004,15.985
zaf,sex_t,age_aggregate_y55_64,mts_details_sep,2005,12.912
zaf,sex_t,age_aggregate_y55_64,mts_details_sep,2006,16.694
zaf,sex_t,age_aggregate_y55_64,mts_details_sep,2007,14.89
zaf,sex_t,age_aggregate_y55_64,mts_details_sep,2008,26.581
zaf,sex_t,age_aggregate_y55_64,mts_details_sep,2009,25.675
zaf,sex_t,age_aggregate_y55_64,mts_details_sep,2010,27.924
zaf,sex_t,age_aggregate_y55_64,mts_details_sep,2011,21.809
zaf,sex_t,age_aggregate_y55_64,mts_details_sep,2012,29.74
zaf,sex_t,age_aggregate_y55_64,mts_details_sep,2013,28.882
zaf,sex_t,age_aggregate_y55_64,mts_details_sep,2014,30.25
zaf,sex_t,age_aggregate_y55_64,mts_details_sep,2015,34.469
zaf,sex_t,age_aggregate_y55_64,mts_details_sep,2016,26.999
zaf,sex_t,age_aggregate_y55_64,mts_details_sep,2017,30.167
zaf,sex_t,age_aggregate_y55_64,mts_details_sep,2018,31.769
zaf,sex_t,age_aggregate_y55_64,mts_details_sep,2019,29.967
zaf,sex_t,age_aggregate_y55_64,mts_details_sep,2020,28.912
zaf,sex_t,age_aggregate_y55_64,mts_details_sep,2021,27.72
zaf,sex_t,age_aggregate_y55_64,mts_details_sep,2022,24.193
zaf,sex_t,age_aggregate_y55_64,mts_details_sep,2023,23.857
zaf,sex_t,age_aggregate_y55_64,mts_details_sep,2024,35.23
zaf,sex_t,age_aggregate_y55_64,mts_details_sgle,2004,9.132
zaf,sex_t,age_aggregate_y55_64,mts_details_sgle,2005,28.31
zaf,sex_t,age_aggregate_y55_64,mts_details_sgle,2006,24.763
zaf,sex_t,age_aggregate_y55_64,mts_details_sgle,2007,20.835
zaf,sex_t,age_aggregate_y55_64,mts_details_sgle,2008,47.235
zaf,sex_t,age_aggregate_y55_64,mts_details_sgle,2009,48.599
zaf,sex_t,age_aggregate_y55_64,mts_details_sgle,2010,47.765
zaf,sex_t,age_aggregate_y55_64,mts_details_sgle,2011,54.777
zaf,sex_t,age_aggregate_y55_64,mts_details_sgle,2012,61.376
zaf,sex_t,age_aggregate_y55_64,mts_details_sgle,2013,61.62
zaf,sex_t,age_aggregate_y55_64,mts_details_sgle,2014,71.548
zaf,sex_t,age_aggregate_y55_64,mts_details_sgle,2015,78.886
zaf,sex_t,age_aggregate_y55_64,mts_details_sgle,2016,83.012
zaf,sex_t,age_aggregate_y55_64,mts_details_sgle,2017,93.956
zaf,sex_t,age_aggregate_y55_64,mts_details_sgle,2018,94.516
zaf,sex_t,age_aggregate_y55_64,mts_details_sgle,2019,104.75
zaf,sex_t,age_aggregate_y55_64,mts_details_sgle,2020,98.446
zaf,sex_t,age_aggregate_y55_64,mts_details_sgle,2021,94.508
zaf,sex_t,age_aggregate_y55_64,mts_details_sgle,2022,116.229
zaf,sex_t,age_aggregate_y55_64,mts_details_sgle,2023,111.931
zaf,sex_t,age_aggregate_y55_64,mts_details_sgle,2024,138.984
zaf,sex_t,age_aggregate_y55_64,mts_details_total,2000,232.217
zaf,sex_t,age_aggregate_y55_64,mts_details_total,2001,279.563
zaf,sex_t,age_aggregate_y55_64,mts_details_total,2002,173.881
zaf,sex_t,age_aggregate_y55_64,mts_details_total,2003,173.766
zaf,sex_t,age_aggregate_y55_64,mts_details_total,2004,178.006
zaf,sex_t,age_aggregate_y55_64,mts_details_total,2005,202.23
zaf,sex_t,age_aggregate_y55_64,mts_details_total,2006,200.532
zaf,sex_t,age_aggregate_y55_64,mts_details_total,2007,192.991
zaf,sex_t,age_aggregate_y55_64,mts_details_total,2008,337.147
zaf,sex_t,age_aggregate_y55_64,mts_details_total,2009,296.072
zaf,sex_t,age_aggregate_y55_64,mts_details_total,2010,304.137
zaf,sex_t,age_aggregate_y55_64,mts_details_total,2011,296.827
zaf,sex_t,age_aggregate_y55_64,mts_details_total,2012,314.234
zaf,sex_t,age_aggregate_y55_64,mts_details_total,2013,339.708
zaf,sex_t,age_aggregate_y55_64,mts_details_total,2014,352.227
zaf,sex_t,age_aggregate_y55_64,mts_details_total,2015,370.658
zaf,sex_t,age_aggregate_y55_64,mts_details_total,2016,361.968
zaf,sex_t,age_aggregate_y55_64,mts_details_total,2017,419.139
zaf,sex_t,age_aggregate_y55_64,mts_details_total,2018,422.438
zaf,sex_t,age_aggregate_y55_64,mts_details_total,2019,427.924
zaf,sex_t,age_aggregate_y55_64,mts_details_total,2020,381.806
zaf,sex_t,age_aggregate_y55_64,mts_details_total,2021,375.232
zaf,sex_t,age_aggregate_y55_64,mts_details_total,2022,386.738
zaf,sex_t,age_aggregate_y55_64,mts_details_total,2023,404.068
zaf,sex_t,age_aggregate_y55_64,mts_details_total,2024,479.678
zaf,sex_t,age_aggregate_y55_64,mts_details_union,2000,85.361
zaf,sex_t,age_aggregate_y55_64,mts_details_union,2001,56.314
zaf,sex_t,age_aggregate_y55_64,mts_details_union,2002,35.667
zaf,sex_t,age_aggregate_y55_64,mts_details_union,2003,35.913
zaf,sex_t,age_aggregate_y55_64,mts_details_union,2004,21.281
zaf,sex_t,age_aggregate_y55_64,mts_details_union,2005,12.414
zaf,sex_t,age_aggregate_y55_64,mts_details_union,2006,13.679
zaf,sex_t,age_aggregate_y55_64,mts_details_union,2007,14.65
zaf,sex_t,age_aggregate_y55_64,mts_details_union,2008,27.311
zaf,sex_t,age_aggregate_y55_64,mts_details_union,2009,23.016
zaf,sex_t,age_aggregate_y55_64,mts_details_union,2010,22.861
zaf,sex_t,age_aggregate_y55_64,mts_details_union,2011,21.238
zaf,sex_t,age_aggregate_y55_64,mts_details_union,2012,24.72
zaf,sex_t,age_aggregate_y55_64,mts_details_union,2013,22.076
zaf,sex_t,age_aggregate_y55_64,mts_details_union,2014,21.768
zaf,sex_t,age_aggregate_y55_64,mts_details_union,2015,35.382
zaf,sex_t,age_aggregate_y55_64,mts_details_union,2016,31.651
zaf,sex_t,age_aggregate_y55_64,mts_details_union,2017,39.204
zaf,sex_t,age_aggregate_y55_64,mts_details_union,2018,35.887
zaf,sex_t,age_aggregate_y55_64,mts_details_union,2019,35.599
zaf,sex_t,age_aggregate_y55_64,mts_details_union,2020,27.136
zaf,sex_t,age_aggregate_y55_64,mts_details_union,2021,30.066
zaf,sex_t,age_aggregate_y55_64,mts_details_union,2022,30.904
zaf,sex_t,age_aggregate_y55_64,mts_details_union,2023,36.3
zaf,sex_t,age_aggregate_y55_64,mts_details_union,2024,44.346
zaf,sex_t,age_aggregate_y55_64,mts_details_wid,2000,34.267
zaf,sex_t,age_aggregate_y55_64,mts_details_wid,2001,19.787
zaf,sex_t,age_aggregate_y55_64,mts_details_wid,2002,10.726
zaf,sex_t,age_aggregate_y55_64,mts_details_wid,2003,9.882
zaf,sex_t,age_aggregate_y55_64,mts_details_wid,2004,30.392
zaf,sex_t,age_aggregate_y55_64,mts_details_wid,2005,38.676
zaf,sex_t,age_aggregate_y55_64,mts_details_wid,2006,34.755
zaf,sex_t,age_aggregate_y55_64,mts_details_wid,2007,42.617
zaf,sex_t,age_aggregate_y55_64,mts_details_wid,2008,62.803
zaf,sex_t,age_aggregate_y55_64,mts_details_wid,2009,52.902
zaf,sex_t,age_aggregate_y55_64,mts_details_wid,2010,59.525
zaf,sex_t,age_aggregate_y55_64,mts_details_wid,2011,55.671
zaf,sex_t,age_aggregate_y55_64,mts_details_wid,2012,47.997
zaf,sex_t,age_aggregate_y55_64,mts_details_wid,2013,63.185
zaf,sex_t,age_aggregate_y55_64,mts_details_wid,2014,70.917
zaf,sex_t,age_aggregate_y55_64,mts_details_wid,2015,55.562
zaf,sex_t,age_aggregate_y55_64,mts_details_wid,2016,61.835
zaf,sex_t,age_aggregate_y55_64,mts_details_wid,2017,74.71
zaf,sex_t,age_aggregate_y55_64,mts_details_wid,2018,76.187
zaf,sex_t,age_aggregate_y55_64,mts_details_wid,2019,64.838
zaf,sex_t,age_aggregate_y55_64,mts_details_wid,2020,55.175
zaf,sex_t,age_aggregate_y55_64,mts_details_wid,2021,53.734
zaf,sex_t,age_aggregate_y55_64,mts_details_wid,2022,54.53
zaf,sex_t,age_aggregate_y55_64,mts_details_wid,2023,58.008
zaf,sex_t,age_aggregate_y55_64,mts_details_wid,2024,66.638
zaf,sex_t,age_aggregate_yge65,mts_aggregate_1,2000,22.837
zaf,sex_t,age_aggregate_yge65,mts_aggregate_1,2001,11.896
zaf,sex_t,age_aggregate_yge65,mts_aggregate_1,2002,10.594
zaf,sex_t,age_aggregate_yge65,mts_aggregate_1,2003,6.472
zaf,sex_t,age_aggregate_yge65,mts_aggregate_1,2004,15.046
zaf,sex_t,age_aggregate_yge65,mts_aggregate_1,2005,41.114
zaf,sex_t,age_aggregate_yge65,mts_aggregate_1,2006,37.544
zaf,sex_t,age_aggregate_yge65,mts_aggregate_1,2007,46.625
zaf,sex_t,age_aggregate_yge65,mts_aggregate_1,2008,33.931
zaf,sex_t,age_aggregate_yge65,mts_aggregate_1,2009,27.389
zaf,sex_t,age_aggregate_yge65,mts_aggregate_1,2010,26.746
zaf,sex_t,age_aggregate_yge65,mts_aggregate_1,2011,23.654
zaf,sex_t,age_aggregate_yge65,mts_aggregate_1,2012,25.991
zaf,sex_t,age_aggregate_yge65,mts_aggregate_1,2013,39.846
zaf,sex_t,age_aggregate_yge65,mts_aggregate_1,2014,34.769
zaf,sex_t,age_aggregate_yge65,mts_aggregate_1,2015,32.809
zaf,sex_t,age_aggregate_yge65,mts_aggregate_1,2016,35.324
zaf,sex_t,age_aggregate_yge65,mts_aggregate_1,2017,40.011
zaf,sex_t,age_aggregate_yge65,mts_aggregate_1,2018,41.693
zaf,sex_t,age_aggregate_yge65,mts_aggregate_1,2019,47.899
zaf,sex_t,age_aggregate_yge65,mts_aggregate_1,2020,36.706
zaf,sex_t,age_aggregate_yge65,mts_aggregate_1,2021,36.327
zaf,sex_t,age_aggregate_yge65,mts_aggregate_1,2022,38.461
zaf,sex_t,age_aggregate_yge65,mts_aggregate_1,2023,48.7
zaf,sex_t,age_aggregate_yge65,mts_aggregate_1,2024,61.131
zaf,sex_t,age_aggregate_yge65,mts_aggregate_2,2000,73.457
zaf,sex_t,age_aggregate_yge65,mts_aggregate_2,2001,110.06
zaf,sex_t,age_aggregate_yge65,mts_aggregate_2,2002,52.775
zaf,sex_t,age_aggregate_yge65,mts_aggregate_2,2003,53.834
zaf,sex_t,age_aggregate_yge65,mts_aggregate_2,2004,30.544
zaf,sex_t,age_aggregate_yge65,mts_aggregate_2,2005,31.427
zaf,sex_t,age_aggregate_yge65,mts_aggregate_2,2006,34.426
zaf,sex_t,age_aggregate_yge65,mts_aggregate_2,2007,33.23
zaf,sex_t,age_aggregate_yge65,mts_aggregate_2,2008,33.615
zaf,sex_t,age_aggregate_yge65,mts_aggregate_2,2009,27.241
zaf,sex_t,age_aggregate_yge65,mts_aggregate_2,2010,29.227
zaf,sex_t,age_aggregate_yge65,mts_aggregate_2,2011,18.463
zaf,sex_t,age_aggregate_yge65,mts_aggregate_2,2012,23.317
zaf,sex_t,age_aggregate_yge65,mts_aggregate_2,2013,27.286
zaf,sex_t,age_aggregate_yge65,mts_aggregate_2,2014,28.252
zaf,sex_t,age_aggregate_yge65,mts_aggregate_2,2015,31.957
zaf,sex_t,age_aggregate_yge65,mts_aggregate_2,2016,36.494
zaf,sex_t,age_aggregate_yge65,mts_aggregate_2,2017,39.936
zaf,sex_t,age_aggregate_yge65,mts_aggregate_2,2018,50.662
zaf,sex_t,age_aggregate_yge65,mts_aggregate_2,2019,43.687
zaf,sex_t,age_aggregate_yge65,mts_aggregate_2,2020,32.978
zaf,sex_t,age_aggregate_yge65,mts_aggregate_2,2021,32.586
zaf,sex_t,age_aggregate_yge65,mts_aggregate_2,2022,44.741
zaf,sex_t,age_aggregate_yge65,mts_aggregate_2,2023,42.126
zaf,sex_t,age_aggregate_yge65,mts_aggregate_2,2024,51.681
zaf,sex_t,age_aggregate_yge65,mts_aggregate_total,2000,96.294
zaf,sex_t,age_aggregate_yge65,mts_aggregate_total,2001,121.956
zaf,sex_t,age_aggregate_yge65,mts_aggregate_total,2002,63.511
zaf,sex_t,age_aggregate_yge65,mts_aggregate_total,2003,60.305
zaf,sex_t,age_aggregate_yge65,mts_aggregate_total,2004,45.59
zaf,sex_t,age_aggregate_yge65,mts_aggregate_total,2005,72.708
zaf,sex_t,age_aggregate_yge65,mts_aggregate_total,2006,72.269
zaf,sex_t,age_aggregate_yge65,mts_aggregate_total,2007,79.855
zaf,sex_t,age_aggregate_yge65,mts_aggregate_total,2008,67.546
zaf,sex_t,age_aggregate_yge65,mts_aggregate_total,2009,54.629
zaf,sex_t,age_aggregate_yge65,mts_aggregate_total,2010,55.973
zaf,sex_t,age_aggregate_yge65,mts_aggregate_total,2011,42.117
zaf,sex_t,age_aggregate_yge65,mts_aggregate_total,2012,49.308
zaf,sex_t,age_aggregate_yge65,mts_aggregate_total,2013,67.132
zaf,sex_t,age_aggregate_yge65,mts_aggregate_total,2014,63.02
zaf,sex_t,age_aggregate_yge65,mts_aggregate_total,2015,64.766
zaf,sex_t,age_aggregate_yge65,mts_aggregate_total,2016,71.818
zaf,sex_t,age_aggregate_yge65,mts_aggregate_total,2017,79.947
zaf,sex_t,age_aggregate_yge65,mts_aggregate_total,2018,92.355
zaf,sex_t,age_aggregate_yge65,mts_aggregate_total,2019,91.586
zaf,sex_t,age_aggregate_yge65,mts_aggregate_total,2020,69.684
zaf,sex_t,age_aggregate_yge65,mts_aggregate_total,2021,68.913
zaf,sex_t,age_aggregate_yge65,mts_aggregate_total,2022,83.202
zaf,sex_t,age_aggregate_yge65,mts_aggregate_total,2023,90.826
zaf,sex_t,age_aggregate_yge65,mts_aggregate_total,2024,112.811
zaf,sex_t,age_aggregate_yge65,mts_details_mrd,2000,40.335
zaf,sex_t,age_aggregate_yge65,mts_details_mrd,2001,60.029
zaf,sex_t,age_aggregate_yge65,mts_details_mrd,2002,34.218
zaf,sex_t,age_aggregate_yge65,mts_details_mrd,2003,36.248
zaf,sex_t,age_aggregate_yge65,mts_details_mrd,2004,21.938
zaf,sex_t,age_aggregate_yge65,mts_details_mrd,2005,27.13
zaf,sex_t,age_aggregate_yge65,mts_details_mrd,2006,31.626
zaf,sex_t,age_aggregate_yge65,mts_details_mrd,2007,28.347
zaf,sex_t,age_aggregate_yge65,mts_details_mrd,2008,30.285
zaf,sex_t,age_aggregate_yge65,mts_details_mrd,2009,23.094
zaf,sex_t,age_aggregate_yge65,mts_details_mrd,2010,26.268
zaf,sex_t,age_aggregate_yge65,mts_details_mrd,2011,16.09
zaf,sex_t,age_aggregate_yge65,mts_details_mrd,2012,21.998
zaf,sex_t,age_aggregate_yge65,mts_details_mrd,2013,25.854
zaf,sex_t,age_aggregate_yge65,mts_details_mrd,2014,26.368
zaf,sex_t,age_aggregate_yge65,mts_details_mrd,2015,25.362
zaf,sex_t,age_aggregate_yge65,mts_details_mrd,2016,32.197
zaf,sex_t,age_aggregate_yge65,mts_details_mrd,2017,34.915
zaf,sex_t,age_aggregate_yge65,mts_details_mrd,2018,44.427
zaf,sex_t,age_aggregate_yge65,mts_details_mrd,2019,38.331
zaf,sex_t,age_aggregate_yge65,mts_details_mrd,2020,28.748
zaf,sex_t,age_aggregate_yge65,mts_details_mrd,2021,30.024
zaf,sex_t,age_aggregate_yge65,mts_details_mrd,2022,40.436
zaf,sex_t,age_aggregate_yge65,mts_details_mrd,2023,37.352
zaf,sex_t,age_aggregate_yge65,mts_details_mrd,2024,44.662
zaf,sex_t,age_aggregate_yge65,mts_details_sep,2000,4.783
zaf,sex_t,age_aggregate_yge65,mts_details_sep,2001,7.849
zaf,sex_t,age_aggregate_yge65,mts_details_sep,2002,7.656
zaf,sex_t,age_aggregate_yge65,mts_details_sep,2003,3.826
zaf,sex_t,age_aggregate_yge65,mts_details_sep,2004,3.632
zaf,sex_t,age_aggregate_yge65,mts_details_sep,2005,3.869
zaf,sex_t,age_aggregate_yge65,mts_details_sep,2006,2.63
zaf,sex_t,age_aggregate_yge65,mts_details_sep,2007,10.372
zaf,sex_t,age_aggregate_yge65,mts_details_sep,2008,4.181
zaf,sex_t,age_aggregate_yge65,mts_details_sep,2009,2.553
zaf,sex_t,age_aggregate_yge65,mts_details_sep,2010,2.747
zaf,sex_t,age_aggregate_yge65,mts_details_sep,2011,2.606
zaf,sex_t,age_aggregate_yge65,mts_details_sep,2012,4.364
zaf,sex_t,age_aggregate_yge65,mts_details_sep,2013,6.548
zaf,sex_t,age_aggregate_yge65,mts_details_sep,2014,4.338
zaf,sex_t,age_aggregate_yge65,mts_details_sep,2015,3.324
zaf,sex_t,age_aggregate_yge65,mts_details_sep,2016,6.791
zaf,sex_t,age_aggregate_yge65,mts_details_sep,2017,2.263
zaf,sex_t,age_aggregate_yge65,mts_details_sep,2018,3.649
zaf,sex_t,age_aggregate_yge65,mts_details_sep,2019,7.209
zaf,sex_t,age_aggregate_yge65,mts_details_sep,2020,8.726
zaf,sex_t,age_aggregate_yge65,mts_details_sep,2021,8.299
zaf,sex_t,age_aggregate_yge65,mts_details_sep,2022,4.102
zaf,sex_t,age_aggregate_yge65,mts_details_sep,2023,6.461
zaf,sex_t,age_aggregate_yge65,mts_details_sep,2024,7.794
zaf,sex_t,age_aggregate_yge65,mts_details_sgle,2004,1.052
zaf,sex_t,age_aggregate_yge65,mts_details_sgle,2005,8.067
zaf,sex_t,age_aggregate_yge65,mts_details_sgle,2006,8.61
zaf,sex_t,age_aggregate_yge65,mts_details_sgle,2007,14.768
zaf,sex_t,age_aggregate_yge65,mts_details_sgle,2008,7.862
zaf,sex_t,age_aggregate_yge65,mts_details_sgle,2009,5.753
zaf,sex_t,age_aggregate_yge65,mts_details_sgle,2010,5.201
zaf,sex_t,age_aggregate_yge65,mts_details_sgle,2011,5.649
zaf,sex_t,age_aggregate_yge65,mts_details_sgle,2012,6.185
zaf,sex_t,age_aggregate_yge65,mts_details_sgle,2013,7.368
zaf,sex_t,age_aggregate_yge65,mts_details_sgle,2014,7.016
zaf,sex_t,age_aggregate_yge65,mts_details_sgle,2015,5.465
zaf,sex_t,age_aggregate_yge65,mts_details_sgle,2016,7.715
zaf,sex_t,age_aggregate_yge65,mts_details_sgle,2017,11.499
zaf,sex_t,age_aggregate_yge65,mts_details_sgle,2018,9.801
zaf,sex_t,age_aggregate_yge65,mts_details_sgle,2019,10.17
zaf,sex_t,age_aggregate_yge65,mts_details_sgle,2020,10.989
zaf,sex_t,age_aggregate_yge65,mts_details_sgle,2021,14.322
zaf,sex_t,age_aggregate_yge65,mts_details_sgle,2022,14.625
zaf,sex_t,age_aggregate_yge65,mts_details_sgle,2023,19.098
zaf,sex_t,age_aggregate_yge65,mts_details_sgle,2024,20.786
zaf,sex_t,age_aggregate_yge65,mts_details_total,2000,96.294
zaf,sex_t,age_aggregate_yge65,mts_details_total,2001,121.956
zaf,sex_t,age_aggregate_yge65,mts_details_total,2002,63.511
zaf,sex_t,age_aggregate_yge65,mts_details_total,2003,60.305
zaf,sex_t,age_aggregate_yge65,mts_details_total,2004,45.59
zaf,sex_t,age_aggregate_yge65,mts_details_total,2005,72.708
zaf,sex_t,age_aggregate_yge65,mts_details_total,2006,72.269
zaf,sex_t,age_aggregate_yge65,mts_details_total,2007,79.855
zaf,sex_t,age_aggregate_yge65,mts_details_total,2008,67.546
zaf,sex_t,age_aggregate_yge65,mts_details_total,2009,54.629
zaf,sex_t,age_aggregate_yge65,mts_details_total,2010,55.973
zaf,sex_t,age_aggregate_yge65,mts_details_total,2011,42.117
zaf,sex_t,age_aggregate_yge65,mts_details_total,2012,49.308
zaf,sex_t,age_aggregate_yge65,mts_details_total,2013,67.132
zaf,sex_t,age_aggregate_yge65,mts_details_total,2014,63.02
zaf,sex_t,age_aggregate_yge65,mts_details_total,2015,64.766
zaf,sex_t,age_aggregate_yge65,mts_details_total,2016,71.818
zaf,sex_t,age_aggregate_yge65,mts_details_total,2017,79.947
zaf,sex_t,age_aggregate_yge65,mts_details_total,2018,92.355
zaf,sex_t,age_aggregate_yge65,mts_details_total,2019,91.586
zaf,sex_t,age_aggregate_yge65,mts_details_total,2020,69.684
zaf,sex_t,age_aggregate_yge65,mts_details_total,2021,68.913
zaf,sex_t,age_aggregate_yge65,mts_details_total,2022,83.202
zaf,sex_t,age_aggregate_yge65,mts_details_total,2023,90.826
zaf,sex_t,age_aggregate_yge65,mts_details_total,2024,112.811
zaf,sex_t,age_aggregate_yge65,mts_details_union,2000,33.122
zaf,sex_t,age_aggregate_yge65,mts_details_union,2001,50.031
zaf,sex_t,age_aggregate_yge65,mts_details_union,2002,18.557
zaf,sex_t,age_aggregate_yge65,mts_details_union,2003,17.585
zaf,sex_t,age_aggregate_yge65,mts_details_union,2004,8.605
zaf,sex_t,age_aggregate_yge65,mts_details_union,2005,4.297
zaf,sex_t,age_aggregate_yge65,mts_details_union,2006,2.8
zaf,sex_t,age_aggregate_yge65,mts_details_union,2007,4.883
zaf,sex_t,age_aggregate_yge65,mts_details_union,2008,3.329
zaf,sex_t,age_aggregate_yge65,mts_details_union,2009,4.146
zaf,sex_t,age_aggregate_yge65,mts_details_union,2010,2.959
zaf,sex_t,age_aggregate_yge65,mts_details_union,2011,2.373
zaf,sex_t,age_aggregate_yge65,mts_details_union,2012,1.318
zaf,sex_t,age_aggregate_yge65,mts_details_union,2013,1.432
zaf,sex_t,age_aggregate_yge65,mts_details_union,2014,1.884
zaf,sex_t,age_aggregate_yge65,mts_details_union,2015,6.594
zaf,sex_t,age_aggregate_yge65,mts_details_union,2016,4.297
zaf,sex_t,age_aggregate_yge65,mts_details_union,2017,5.021
zaf,sex_t,age_aggregate_yge65,mts_details_union,2018,6.235
zaf,sex_t,age_aggregate_yge65,mts_details_union,2019,5.356
zaf,sex_t,age_aggregate_yge65,mts_details_union,2020,4.229
zaf,sex_t,age_aggregate_yge65,mts_details_union,2021,2.562
zaf,sex_t,age_aggregate_yge65,mts_details_union,2022,4.306
zaf,sex_t,age_aggregate_yge65,mts_details_union,2023,4.773
zaf,sex_t,age_aggregate_yge65,mts_details_union,2024,7.019
zaf,sex_t,age_aggregate_yge65,mts_details_wid,2000,18.054
zaf,sex_t,age_aggregate_yge65,mts_details_wid,2001,4.047
zaf,sex_t,age_aggregate_yge65,mts_details_wid,2002,2.938
zaf,sex_t,age_aggregate_yge65,mts_details_wid,2003,2.645
zaf,sex_t,age_aggregate_yge65,mts_details_wid,2004,10.362
zaf,sex_t,age_aggregate_yge65,mts_details_wid,2005,29.178
zaf,sex_t,age_aggregate_yge65,mts_details_wid,2006,26.305
zaf,sex_t,age_aggregate_yge65,mts_details_wid,2007,21.486
zaf,sex_t,age_aggregate_yge65,mts_details_wid,2008,21.889
zaf,sex_t,age_aggregate_yge65,mts_details_wid,2009,19.083
zaf,sex_t,age_aggregate_yge65,mts_details_wid,2010,18.799
zaf,sex_t,age_aggregate_yge65,mts_details_wid,2011,15.399
zaf,sex_t,age_aggregate_yge65,mts_details_wid,2012,15.443
zaf,sex_t,age_aggregate_yge65,mts_details_wid,2013,25.93
zaf,sex_t,age_aggregate_yge65,mts_details_wid,2014,23.415
zaf,sex_t,age_aggregate_yge65,mts_details_wid,2015,24.02
zaf,sex_t,age_aggregate_yge65,mts_details_wid,2016,20.818
zaf,sex_t,age_aggregate_yge65,mts_details_wid,2017,26.249
zaf,sex_t,age_aggregate_yge65,mts_details_wid,2018,28.244
zaf,sex_t,age_aggregate_yge65,mts_details_wid,2019,30.52
zaf,sex_t,age_aggregate_yge65,mts_details_wid,2020,16.991
zaf,sex_t,age_aggregate_yge65,mts_details_wid,2021,13.706
zaf,sex_t,age_aggregate_yge65,mts_details_wid,2022,19.735
zaf,sex_t,age_aggregate_yge65,mts_details_wid,2023,23.141
zaf,sex_t,age_aggregate_yge65,mts_details_wid,2024,32.55
zaf,sex_t,age_ythadult_y15_24,mts_aggregate_1,2000,138.599
zaf,sex_t,age_ythadult_y15_24,mts_aggregate_1,2001,320.265
zaf,sex_t,age_ythadult_y15_24,mts_aggregate_1,2002,217.062
zaf,sex_t,age_ythadult_y15_24,mts_aggregate_1,2003,179.544
zaf,sex_t,age_ythadult_y15_24,mts_aggregate_1,2004,202.685
zaf,sex_t,age_ythadult_y15_24,mts_aggregate_1,2005,219.12
zaf,sex_t,age_ythadult_y15_24,mts_aggregate_1,2006,240.164
zaf,sex_t,age_ythadult_y15_24,mts_aggregate_1,2007,200.661
zaf,sex_t,age_ythadult_y15_24,mts_aggregate_1,2008,573.001
zaf,sex_t,age_ythadult_y15_24,mts_aggregate_1,2009,478.801
zaf,sex_t,age_ythadult_y15_24,mts_aggregate_1,2010,444.865
zaf,sex_t,age_ythadult_y15_24,mts_aggregate_1,2011,422.174
zaf,sex_t,age_ythadult_y15_24,mts_aggregate_1,2012,383.973
zaf,sex_t,age_ythadult_y15_24,mts_aggregate_1,2013,406.449
zaf,sex_t,age_ythadult_y15_24,mts_aggregate_1,2014,406.453
zaf,sex_t,age_ythadult_y15_24,mts_aggregate_1,2015,455.473
zaf,sex_t,age_ythadult_y15_24,mts_aggregate_1,2016,401.038
zaf,sex_t,age_ythadult_y15_24,mts_aggregate_1,2017,433.452
zaf,sex_t,age_ythadult_y15_24,mts_aggregate_1,2018,422.162
zaf,sex_t,age_ythadult_y15_24,mts_aggregate_1,2019,383.777
zaf,sex_t,age_ythadult_y15_24,mts_aggregate_1,2020,280.263
zaf,sex_t,age_ythadult_y15_24,mts_aggregate_1,2021,261.782
zaf,sex_t,age_ythadult_y15_24,mts_aggregate_1,2022,337.711
zaf,sex_t,age_ythadult_y15_24,mts_aggregate_1,2023,352.277
zaf,sex_t,age_ythadult_y15_24,mts_aggregate_1,2024,388.452
zaf,sex_t,age_ythadult_y15_24,mts_aggregate_2,2000,228.824
zaf,sex_t,age_ythadult_y15_24,mts_aggregate_2,2001,59.624
zaf,sex_t,age_ythadult_y15_24,mts_aggregate_2,2002,33.55
zaf,sex_t,age_ythadult_y15_24,mts_aggregate_2,2003,32.868
zaf,sex_t,age_ythadult_y15_24,mts_aggregate_2,2004,40.001
zaf,sex_t,age_ythadult_y15_24,mts_aggregate_2,2005,41.566
zaf,sex_t,age_ythadult_y15_24,mts_aggregate_2,2006,38.931
zaf,sex_t,age_ythadult_y15_24,mts_aggregate_2,2007,38.638
zaf,sex_t,age_ythadult_y15_24,mts_aggregate_2,2008,89.139
zaf,sex_t,age_ythadult_y15_24,mts_aggregate_2,2009,71.179
zaf,sex_t,age_ythadult_y15_24,mts_aggregate_2,2010,59.64
zaf,sex_t,age_ythadult_y15_24,mts_aggregate_2,2011,62.973
zaf,sex_t,age_ythadult_y15_24,mts_aggregate_2,2012,65.03
zaf,sex_t,age_ythadult_y15_24,mts_aggregate_2,2013,67.255
zaf,sex_t,age_ythadult_y15_24,mts_aggregate_2,2014,61.978
zaf,sex_t,age_ythadult_y15_24,mts_aggregate_2,2015,65.684
zaf,sex_t,age_ythadult_y15_24,mts_aggregate_2,2016,77.753
zaf,sex_t,age_ythadult_y15_24,mts_aggregate_2,2017,67.925
zaf,sex_t,age_ythadult_y15_24,mts_aggregate_2,2018,66.466
zaf,sex_t,age_ythadult_y15_24,mts_aggregate_2,2019,56.517
zaf,sex_t,age_ythadult_y15_24,mts_aggregate_2,2020,40.477
zaf,sex_t,age_ythadult_y15_24,mts_aggregate_2,2021,41.376
zaf,sex_t,age_ythadult_y15_24,mts_aggregate_2,2022,46.65
zaf,sex_t,age_ythadult_y15_24,mts_aggregate_2,2023,54.816
zaf,sex_t,age_ythadult_y15_24,mts_aggregate_2,2024,58.097
zaf,sex_t,age_ythadult_y15_24,mts_aggregate_total,2000,367.931
zaf,sex_t,age_ythadult_y15_24,mts_aggregate_total,2001,379.889
zaf,sex_t,age_ythadult_y15_24,mts_aggregate_total,2002,250.612
zaf,sex_t,age_ythadult_y15_24,mts_aggregate_total,2003,212.412
zaf,sex_t,age_ythadult_y15_24,mts_aggregate_total,2004,242.685
zaf,sex_t,age_ythadult_y15_24,mts_aggregate_total,2005,260.729
zaf,sex_t,age_ythadult_y15_24,mts_aggregate_total,2006,279.095
zaf,sex_t,age_ythadult_y15_24,mts_aggregate_total,2007,239.299
zaf,sex_t,age_ythadult_y15_24,mts_aggregate_total,2008,662.14
zaf,sex_t,age_ythadult_y15_24,mts_aggregate_total,2009,549.98
zaf,sex_t,age_ythadult_y15_24,mts_aggregate_total,2010,504.505
zaf,sex_t,age_ythadult_y15_24,mts_aggregate_total,2011,485.147
zaf,sex_t,age_ythadult_y15_24,mts_aggregate_total,2012,449.003
zaf,sex_t,age_ythadult_y15_24,mts_aggregate_total,2013,473.704
zaf,sex_t,age_ythadult_y15_24,mts_aggregate_total,2014,468.43
zaf,sex_t,age_ythadult_y15_24,mts_aggregate_total,2015,521.157
zaf,sex_t,age_ythadult_y15_24,mts_aggregate_total,2016,478.791
zaf,sex_t,age_ythadult_y15_24,mts_aggregate_total,2017,501.377
zaf,sex_t,age_ythadult_y15_24,mts_aggregate_total,2018,488.628
zaf,sex_t,age_ythadult_y15_24,mts_aggregate_total,2019,440.294
zaf,sex_t,age_ythadult_y15_24,mts_aggregate_total,2020,320.741
zaf,sex_t,age_ythadult_y15_24,mts_aggregate_total,2021,303.158
zaf,sex_t,age_ythadult_y15_24,mts_aggregate_total,2022,384.361
zaf,sex_t,age_ythadult_y15_24,mts_aggregate_total,2023,407.093
zaf,sex_t,age_ythadult_y15_24,mts_aggregate_total,2024,446.548
zaf,sex_t,age_ythadult_y15_24,mts_details_mrd,2000,201.954
zaf,sex_t,age_ythadult_y15_24,mts_details_mrd,2001,58.425
zaf,sex_t,age_ythadult_y15_24,mts_details_mrd,2002,33.55
zaf,sex_t,age_ythadult_y15_24,mts_details_mrd,2003,32.588
zaf,sex_t,age_ythadult_y15_24,mts_details_mrd,2004,24.907
zaf,sex_t,age_ythadult_y15_24,mts_details_mrd,2005,18.336
zaf,sex_t,age_ythadult_y15_24,mts_details_mrd,2006,15.779
zaf,sex_t,age_ythadult_y15_24,mts_details_mrd,2007,15.188
zaf,sex_t,age_ythadult_y15_24,mts_details_mrd,2008,35.255
zaf,sex_t,age_ythadult_y15_24,mts_details_mrd,2009,28.634
zaf,sex_t,age_ythadult_y15_24,mts_details_mrd,2010,23.677
zaf,sex_t,age_ythadult_y15_24,mts_details_mrd,2011,24.395
zaf,sex_t,age_ythadult_y15_24,mts_details_mrd,2012,24.143
zaf,sex_t,age_ythadult_y15_24,mts_details_mrd,2013,23.27
zaf,sex_t,age_ythadult_y15_24,mts_details_mrd,2014,25.789
zaf,sex_t,age_ythadult_y15_24,mts_details_mrd,2015,28.766
zaf,sex_t,age_ythadult_y15_24,mts_details_mrd,2016,33.741
zaf,sex_t,age_ythadult_y15_24,mts_details_mrd,2017,30.511
zaf,sex_t,age_ythadult_y15_24,mts_details_mrd,2018,25.335
zaf,sex_t,age_ythadult_y15_24,mts_details_mrd,2019,19.756
zaf,sex_t,age_ythadult_y15_24,mts_details_mrd,2020,15.34
zaf,sex_t,age_ythadult_y15_24,mts_details_mrd,2021,10.622
zaf,sex_t,age_ythadult_y15_24,mts_details_mrd,2022,20.463
zaf,sex_t,age_ythadult_y15_24,mts_details_mrd,2023,17.692
zaf,sex_t,age_ythadult_y15_24,mts_details_mrd,2024,20.471
zaf,sex_t,age_ythadult_y15_24,mts_details_sep,2000,137.65
zaf,sex_t,age_ythadult_y15_24,mts_details_sep,2001,319.284
zaf,sex_t,age_ythadult_y15_24,mts_details_sep,2002,216.177
zaf,sex_t,age_ythadult_y15_24,mts_details_sep,2003,178.83
zaf,sex_t,age_ythadult_y15_24,mts_details_sep,2004,87.297
zaf,sex_t,age_ythadult_y15_24,mts_details_sep,2008,1.894
zaf,sex_t,age_ythadult_y15_24,mts_details_sep,2009,1.71
zaf,sex_t,age_ythadult_y15_24,mts_details_sep,2010,0.6
zaf,sex_t,age_ythadult_y15_24,mts_details_sep,2012,0.757
zaf,sex_t,age_ythadult_y15_24,mts_details_sep,2013,0.597
zaf,sex_t,age_ythadult_y15_24,mts_details_sep,2014,0.643
zaf,sex_t,age_ythadult_y15_24,mts_details_sep,2015,1.505
zaf,sex_t,age_ythadult_y15_24,mts_details_sep,2017,1.144
zaf,sex_t,age_ythadult_y15_24,mts_details_sep,2018,2.486
zaf,sex_t,age_ythadult_y15_24,mts_details_sep,2019,1.043
zaf,sex_t,age_ythadult_y15_24,mts_details_sgle,2004,114.162
zaf,sex_t,age_ythadult_y15_24,mts_details_sgle,2005,218.493
zaf,sex_t,age_ythadult_y15_24,mts_details_sgle,2006,239.983
zaf,sex_t,age_ythadult_y15_24,mts_details_sgle,2007,199.058
zaf,sex_t,age_ythadult_y15_24,mts_details_sgle,2008,570.618
zaf,sex_t,age_ythadult_y15_24,mts_details_sgle,2009,476.412
zaf,sex_t,age_ythadult_y15_24,mts_details_sgle,2010,443.893
zaf,sex_t,age_ythadult_y15_24,mts_details_sgle,2011,421.483
zaf,sex_t,age_ythadult_y15_24,mts_details_sgle,2012,382.956
zaf,sex_t,age_ythadult_y15_24,mts_details_sgle,2013,405.852
zaf,sex_t,age_ythadult_y15_24,mts_details_sgle,2014,405.749
zaf,sex_t,age_ythadult_y15_24,mts_details_sgle,2015,453.873
zaf,sex_t,age_ythadult_y15_24,mts_details_sgle,2016,401.038
zaf,sex_t,age_ythadult_y15_24,mts_details_sgle,2017,432.036
zaf,sex_t,age_ythadult_y15_24,mts_details_sgle,2018,419.454
zaf,sex_t,age_ythadult_y15_24,mts_details_sgle,2019,382.733
zaf,sex_t,age_ythadult_y15_24,mts_details_sgle,2020,280.263
zaf,sex_t,age_ythadult_y15_24,mts_details_sgle,2021,261.782
zaf,sex_t,age_ythadult_y15_24,mts_details_sgle,2022,336.998
zaf,sex_t,age_ythadult_y15_24,mts_details_sgle,2023,351.908
zaf,sex_t,age_ythadult_y15_24,mts_details_sgle,2024,387.738
zaf,sex_t,age_ythadult_y15_24,mts_details_total,2000,367.931
zaf,sex_t,age_ythadult_y15_24,mts_details_total,2001,379.889
zaf,sex_t,age_ythadult_y15_24,mts_details_total,2002,250.612
zaf,sex_t,age_ythadult_y15_24,mts_details_total,2003,212.412
zaf,sex_t,age_ythadult_y15_24,mts_details_total,2004,242.685
zaf,sex_t,age_ythadult_y15_24,mts_details_total,2005,260.729
zaf,sex_t,age_ythadult_y15_24,mts_details_total,2006,279.095
zaf,sex_t,age_ythadult_y15_24,mts_details_total,2007,239.299
zaf,sex_t,age_ythadult_y15_24,mts_details_total,2008,662.14
zaf,sex_t,age_ythadult_y15_24,mts_details_total,2009,549.98
zaf,sex_t,age_ythadult_y15_24,mts_details_total,2010,504.505
zaf,sex_t,age_ythadult_y15_24,mts_details_total,2011,485.147
zaf,sex_t,age_ythadult_y15_24,mts_details_total,2012,449.003
zaf,sex_t,age_ythadult_y15_24,mts_details_total,2013,473.704
zaf,sex_t,age_ythadult_y15_24,mts_details_total,2014,468.43
zaf,sex_t,age_ythadult_y15_24,mts_details_total,2015,521.157
zaf,sex_t,age_ythadult_y15_24,mts_details_total,2016,478.791
zaf,sex_t,age_ythadult_y15_24,mts_details_total,2017,501.377
zaf,sex_t,age_ythadult_y15_24,mts_details_total,2018,488.628
zaf,sex_t,age_ythadult_y15_24,mts_details_total,2019,440.294
zaf,sex_t,age_ythadult_y15_24,mts_details_total,2020,320.741
zaf,sex_t,age_ythadult_y15_24,mts_details_total,2021,303.158
zaf,sex_t,age_ythadult_y15_24,mts_details_total,2022,384.361
zaf,sex_t,age_ythadult_y15_24,mts_details_total,2023,407.093
zaf,sex_t,age_ythadult_y15_24,mts_details_total,2024,446.548
zaf,sex_t,age_ythadult_y15_24,mts_details_union,2000,26.869
zaf,sex_t,age_ythadult_y15_24,mts_details_union,2001,1.199
zaf,sex_t,age_ythadult_y15_24,mts_details_union,2004,15.094
zaf,sex_t,age_ythadult_y15_24,mts_details_union,2005,23.23
zaf,sex_t,age_ythadult_y15_24,mts_details_union,2006,23.152
zaf,sex_t,age_ythadult_y15_24,mts_details_union,2007,23.45
zaf,sex_t,age_ythadult_y15_24,mts_details_union,2008,53.884
zaf,sex_t,age_ythadult_y15_24,mts_details_union,2009,42.545
zaf,sex_t,age_ythadult_y15_24,mts_details_union,2010,35.963
zaf,sex_t,age_ythadult_y15_24,mts_details_union,2011,38.578
zaf,sex_t,age_ythadult_y15_24,mts_details_union,2012,40.887
zaf,sex_t,age_ythadult_y15_24,mts_details_union,2013,43.986
zaf,sex_t,age_ythadult_y15_24,mts_details_union,2014,36.188
zaf,sex_t,age_ythadult_y15_24,mts_details_union,2015,36.919
zaf,sex_t,age_ythadult_y15_24,mts_details_union,2016,44.012
zaf,sex_t,age_ythadult_y15_24,mts_details_union,2017,37.414
zaf,sex_t,age_ythadult_y15_24,mts_details_union,2018,41.131
zaf,sex_t,age_ythadult_y15_24,mts_details_union,2019,36.762
zaf,sex_t,age_ythadult_y15_24,mts_details_union,2020,25.137
zaf,sex_t,age_ythadult_y15_24,mts_details_union,2021,30.754
zaf,sex_t,age_ythadult_y15_24,mts_details_union,2022,26.187
zaf,sex_t,age_ythadult_y15_24,mts_details_union,2023,37.124
zaf,sex_t,age_ythadult_y15_24,mts_details_union,2024,37.626
zaf,sex_t,age_ythadult_y15_24,mts_details_wid,2001,0.981
zaf,sex_t,age_ythadult_y15_64,mts_aggregate_1,2000,675.084
zaf,sex_t,age_ythadult_y15_64,mts_aggregate_1,2001,1060.925
zaf,sex_t,age_ythadult_y15_64,mts_aggregate_1,2002,793.717
zaf,sex_t,age_ythadult_y15_64,mts_aggregate_1,2003,756.222
zaf,sex_t,age_ythadult_y15_64,mts_aggregate_1,2004,838.507
zaf,sex_t,age_ythadult_y15_64,mts_aggregate_1,2005,1016.426
zaf,sex_t,age_ythadult_y15_64,mts_aggregate_1,2006,1070.376
zaf,sex_t,age_ythadult_y15_64,mts_aggregate_1,2007,1003.821
zaf,sex_t,age_ythadult_y15_64,mts_aggregate_1,2008,2502.42
zaf,sex_t,age_ythadult_y15_64,mts_aggregate_1,2009,2320.029
zaf,sex_t,age_ythadult_y15_64,mts_aggregate_1,2010,2248.24
zaf,sex_t,age_ythadult_y15_64,mts_aggregate_1,2011,2268.292
zaf,sex_t,age_ythadult_y15_64,mts_aggregate_1,2012,2250.027
zaf,sex_t,age_ythadult_y15_64,mts_aggregate_1,2013,2372.575
zaf,sex_t,age_ythadult_y15_64,mts_aggregate_1,2014,2444.099
zaf,sex_t,age_ythadult_y15_64,mts_aggregate_1,2015,2656.305
zaf,sex_t,age_ythadult_y15_64,mts_aggregate_1,2016,2578.834
zaf,sex_t,age_ythadult_y15_64,mts_aggregate_1,2017,2736.497
zaf,sex_t,age_ythadult_y15_64,mts_aggregate_1,2018,2856.47
zaf,sex_t,age_ythadult_y15_64,mts_aggregate_1,2019,2770.303
zaf,sex_t,age_ythadult_y15_64,mts_aggregate_1,2020,2315.607
zaf,sex_t,age_ythadult_y15_64,mts_aggregate_1,2021,2295.346
zaf,sex_t,age_ythadult_y15_64,mts_aggregate_1,2022,2682.15
zaf,sex_t,age_ythadult_y15_64,mts_aggregate_1,2023,2888.692
zaf,sex_t,age_ythadult_y15_64,mts_aggregate_1,2024,3067.286
zaf,sex_t,age_ythadult_y15_64,mts_aggregate_2,2000,1893.129
zaf,sex_t,age_ythadult_y15_64,mts_aggregate_2,2001,1480.52
zaf,sex_t,age_ythadult_y15_64,mts_aggregate_2,2002,1072.864
zaf,sex_t,age_ythadult_y15_64,mts_aggregate_2,2003,1069.772
zaf,sex_t,age_ythadult_y15_64,mts_aggregate_2,2004,1017.918
zaf,sex_t,age_ythadult_y15_64,mts_aggregate_2,2005,1060.608
zaf,sex_t,age_ythadult_y15_64,mts_aggregate_2,2006,1046.117
zaf,sex_t,age_ythadult_y15_64,mts_aggregate_2,2007,988.279
zaf,sex_t,age_ythadult_y15_64,mts_aggregate_2,2008,1970.92
zaf,sex_t,age_ythadult_y15_64,mts_aggregate_2,2009,1823.163
zaf,sex_t,age_ythadult_y15_64,mts_aggregate_2,2010,1848.242
zaf,sex_t,age_ythadult_y15_64,mts_aggregate_2,2011,1737.199
zaf,sex_t,age_ythadult_y15_64,mts_aggregate_2,2012,1790.287
zaf,sex_t,age_ythadult_y15_64,mts_aggregate_2,2013,1793.377
zaf,sex_t,age_ythadult_y15_64,mts_aggregate_2,2014,1735.839
zaf,sex_t,age_ythadult_y15_64,mts_aggregate_2,2015,1981.926
zaf,sex_t,age_ythadult_y15_64,mts_aggregate_2,2016,2012.857
zaf,sex_t,age_ythadult_y15_64,mts_aggregate_2,2017,2037.885
zaf,sex_t,age_ythadult_y15_64,mts_aggregate_2,2018,2060.738
zaf,sex_t,age_ythadult_y15_64,mts_aggregate_2,2019,2118.666
zaf,sex_t,age_ythadult_y15_64,mts_aggregate_2,2020,1772.887
zaf,sex_t,age_ythadult_y15_64,mts_aggregate_2,2021,1798.218
zaf,sex_t,age_ythadult_y15_64,mts_aggregate_2,2022,1896.165
zaf,sex_t,age_ythadult_y15_64,mts_aggregate_2,2023,1951.971
zaf,sex_t,age_ythadult_y15_64,mts_aggregate_2,2024,2074.922
zaf,sex_t,age_ythadult_y15_64,mts_aggregate_total,2000,2569.107
zaf,sex_t,age_ythadult_y15_64,mts_aggregate_total,2001,2541.814
zaf,sex_t,age_ythadult_y15_64,mts_aggregate_total,2002,1866.918
zaf,sex_t,age_ythadult_y15_64,mts_aggregate_total,2003,1826.131
zaf,sex_t,age_ythadult_y15_64,mts_aggregate_total,2004,1856.491
zaf,sex_t,age_ythadult_y15_64,mts_aggregate_total,2005,2077.74
zaf,sex_t,age_ythadult_y15_64,mts_aggregate_total,2006,2116.493
zaf,sex_t,age_ythadult_y15_64,mts_aggregate_total,2007,1992.535
zaf,sex_t,age_ythadult_y15_64,mts_aggregate_total,2008,4473.34
zaf,sex_t,age_ythadult_y15_64,mts_aggregate_total,2009,4143.192
zaf,sex_t,age_ythadult_y15_64,mts_aggregate_total,2010,4096.482
zaf,sex_t,age_ythadult_y15_64,mts_aggregate_total,2011,4005.491
zaf,sex_t,age_ythadult_y15_64,mts_aggregate_total,2012,4040.314
zaf,sex_t,age_ythadult_y15_64,mts_aggregate_total,2013,4165.952
zaf,sex_t,age_ythadult_y15_64,mts_aggregate_total,2014,4179.938
zaf,sex_t,age_ythadult_y15_64,mts_aggregate_total,2015,4638.231
zaf,sex_t,age_ythadult_y15_64,mts_aggregate_total,2016,4591.691
zaf,sex_t,age_ythadult_y15_64,mts_aggregate_total,2017,4774.382
zaf,sex_t,age_ythadult_y15_64,mts_aggregate_total,2018,4917.208
zaf,sex_t,age_ythadult_y15_64,mts_aggregate_total,2019,4888.969
zaf,sex_t,age_ythadult_y15_64,mts_aggregate_total,2020,4088.494
zaf,sex_t,age_ythadult_y15_64,mts_aggregate_total,2021,4093.564
zaf,sex_t,age_ythadult_y15_64,mts_aggregate_total,2022,4578.315
zaf,sex_t,age_ythadult_y15_64,mts_aggregate_total,2023,4840.663
zaf,sex_t,age_ythadult_y15_64,mts_aggregate_total,2024,5142.208
zaf,sex_t,age_ythadult_y15_64,mts_aggregate_x,2005,0.706
zaf,sex_t,age_ythadult_y15_64,mts_details_mrd,2000,1204.873
zaf,sex_t,age_ythadult_y15_64,mts_details_mrd,2001,1328.374
zaf,sex_t,age_ythadult_y15_64,mts_details_mrd,2002,963.896
zaf,sex_t,age_ythadult_y15_64,mts_details_mrd,2003,956.144
zaf,sex_t,age_ythadult_y15_64,mts_details_mrd,2004,822.806
zaf,sex_t,age_ythadult_y15_64,mts_details_mrd,2005,737.607
zaf,sex_t,age_ythadult_y15_64,mts_details_mrd,2006,726.105
zaf,sex_t,age_ythadult_y15_64,mts_details_mrd,2007,674.105
zaf,sex_t,age_ythadult_y15_64,mts_details_mrd,2008,1310.71
zaf,sex_t,age_ythadult_y15_64,mts_details_mrd,2009,1185.59
zaf,sex_t,age_ythadult_y15_64,mts_details_mrd,2010,1206.59
zaf,sex_t,age_ythadult_y15_64,mts_details_mrd,2011,1159.517
zaf,sex_t,age_ythadult_y15_64,mts_details_mrd,2012,1187.707
zaf,sex_t,age_ythadult_y15_64,mts_details_mrd,2013,1196.171
zaf,sex_t,age_ythadult_y15_64,mts_details_mrd,2014,1146.058
zaf,sex_t,age_ythadult_y15_64,mts_details_mrd,2015,1289.575
zaf,sex_t,age_ythadult_y15_64,mts_details_mrd,2016,1293.354
zaf,sex_t,age_ythadult_y15_64,mts_details_mrd,2017,1310.861
zaf,sex_t,age_ythadult_y15_64,mts_details_mrd,2018,1292.514
zaf,sex_t,age_ythadult_y15_64,mts_details_mrd,2019,1370.722
zaf,sex_t,age_ythadult_y15_64,mts_details_mrd,2020,1148.426
zaf,sex_t,age_ythadult_y15_64,mts_details_mrd,2021,1169.338
zaf,sex_t,age_ythadult_y15_64,mts_details_mrd,2022,1178.157
zaf,sex_t,age_ythadult_y15_64,mts_details_mrd,2023,1245.019
zaf,sex_t,age_ythadult_y15_64,mts_details_mrd,2024,1312.258
zaf,sex_t,age_ythadult_y15_64,mts_details_sep,2000,543.724
zaf,sex_t,age_ythadult_y15_64,mts_details_sep,2001,953.279
zaf,sex_t,age_ythadult_y15_64,mts_details_sep,2002,704.534
zaf,sex_t,age_ythadult_y15_64,mts_details_sep,2003,668.589
zaf,sex_t,age_ythadult_y15_64,mts_details_sep,2004,361.737
zaf,sex_t,age_ythadult_y15_64,mts_details_sep,2005,83.198
zaf,sex_t,age_ythadult_y15_64,mts_details_sep,2007,70.393
zaf,sex_t,age_ythadult_y15_64,mts_details_sep,2008,145.512
zaf,sex_t,age_ythadult_y15_64,mts_details_sep,2009,134.363
zaf,sex_t,age_ythadult_y15_64,mts_details_sep,2010,140.012
zaf,sex_t,age_ythadult_y15_64,mts_details_sep,2011,117.133
zaf,sex_t,age_ythadult_y15_64,mts_details_sep,2012,144.724
zaf,sex_t,age_ythadult_y15_64,mts_details_sep,2013,138.797
zaf,sex_t,age_ythadult_y15_64,mts_details_sep,2014,127.734
zaf,sex_t,age_ythadult_y15_64,mts_details_sep,2015,141.24
zaf,sex_t,age_ythadult_y15_64,mts_details_sep,2017,131.883
zaf,sex_t,age_ythadult_y15_64,mts_details_sep,2018,133.22
zaf,sex_t,age_ythadult_y15_64,mts_details_sep,2019,129.097
zaf,sex_t,age_ythadult_y15_64,mts_details_sep,2022,117.572
zaf,sex_t,age_ythadult_y15_64,mts_details_sep,2023,118.007
zaf,sex_t,age_ythadult_y15_64,mts_details_sep,2024,136.22
zaf,sex_t,age_ythadult_y15_64,mts_details_sgle,2004,365.224
zaf,sex_t,age_ythadult_y15_64,mts_details_sgle,2005,810.293
zaf,sex_t,age_ythadult_y15_64,mts_details_sgle,2006,876.796
zaf,sex_t,age_ythadult_y15_64,mts_details_sgle,2007,819.061
zaf,sex_t,age_ythadult_y15_64,mts_details_sgle,2008,2155.994
zaf,sex_t,age_ythadult_y15_64,mts_details_sgle,2009,1993.15
zaf,sex_t,age_ythadult_y15_64,mts_details_sgle,2010,1919.012
zaf,sex_t,age_ythadult_y15_64,mts_details_sgle,2011,1971.197
zaf,sex_t,age_ythadult_y15_64,mts_details_sgle,2012,1941.566
zaf,sex_t,age_ythadult_y15_64,mts_details_sgle,2013,2060.498
zaf,sex_t,age_ythadult_y15_64,mts_details_sgle,2014,2131.658
zaf,sex_t,age_ythadult_y15_64,mts_details_sgle,2015,2353.438
zaf,sex_t,age_ythadult_y15_64,mts_details_sgle,2016,2285.364
zaf,sex_t,age_ythadult_y15_64,mts_details_sgle,2017,2404.97
zaf,sex_t,age_ythadult_y15_64,mts_details_sgle,2018,2532.749
zaf,sex_t,age_ythadult_y15_64,mts_details_sgle,2019,2459.408
zaf,sex_t,age_ythadult_y15_64,mts_details_sgle,2020,2068.862
zaf,sex_t,age_ythadult_y15_64,mts_details_sgle,2021,2056.296
zaf,sex_t,age_ythadult_y15_64,mts_details_sgle,2022,2443.336
zaf,sex_t,age_ythadult_y15_64,mts_details_sgle,2023,2637.296
zaf,sex_t,age_ythadult_y15_64,mts_details_sgle,2024,2796.22
zaf,sex_t,age_ythadult_y15_64,mts_details_total,2000,2569.107
zaf,sex_t,age_ythadult_y15_64,mts_details_total,2001,2541.814
zaf,sex_t,age_ythadult_y15_64,mts_details_total,2002,1866.918
zaf,sex_t,age_ythadult_y15_64,mts_details_total,2003,1826.131
zaf,sex_t,age_ythadult_y15_64,mts_details_total,2004,1856.491
zaf,sex_t,age_ythadult_y15_64,mts_details_total,2005,2077.74
zaf,sex_t,age_ythadult_y15_64,mts_details_total,2006,2116.493
zaf,sex_t,age_ythadult_y15_64,mts_details_total,2007,1992.535
zaf,sex_t,age_ythadult_y15_64,mts_details_total,2008,4473.34
zaf,sex_t,age_ythadult_y15_64,mts_details_total,2009,4143.192
zaf,sex_t,age_ythadult_y15_64,mts_details_total,2010,4096.482
zaf,sex_t,age_ythadult_y15_64,mts_details_total,2011,4005.491
zaf,sex_t,age_ythadult_y15_64,mts_details_total,2012,4040.314
zaf,sex_t,age_ythadult_y15_64,mts_details_total,2013,4165.952
zaf,sex_t,age_ythadult_y15_64,mts_details_total,2014,4179.938
zaf,sex_t,age_ythadult_y15_64,mts_details_total,2015,4638.231
zaf,sex_t,age_ythadult_y15_64,mts_details_total,2016,4591.691
zaf,sex_t,age_ythadult_y15_64,mts_details_total,2017,4774.382
zaf,sex_t,age_ythadult_y15_64,mts_details_total,2018,4917.208
zaf,sex_t,age_ythadult_y15_64,mts_details_total,2019,4888.969
zaf,sex_t,age_ythadult_y15_64,mts_details_total,2020,4088.494
zaf,sex_t,age_ythadult_y15_64,mts_details_total,2021,4093.564
zaf,sex_t,age_ythadult_y15_64,mts_details_total,2022,4578.315
zaf,sex_t,age_ythadult_y15_64,mts_details_total,2023,4840.663
zaf,sex_t,age_ythadult_y15_64,mts_details_total,2024,5142.208
zaf,sex_t,age_ythadult_y15_64,mts_details_union,2000,688.256
zaf,sex_t,age_ythadult_y15_64,mts_details_union,2001,152.146
zaf,sex_t,age_ythadult_y15_64,mts_details_union,2003,113.628
zaf,sex_t,age_ythadult_y15_64,mts_details_union,2004,195.111
zaf,sex_t,age_ythadult_y15_64,mts_details_union,2005,323.001
zaf,sex_t,age_ythadult_y15_64,mts_details_union,2006,320.012
zaf,sex_t,age_ythadult_y15_64,mts_details_union,2007,314.174
zaf,sex_t,age_ythadult_y15_64,mts_details_union,2008,660.21
zaf,sex_t,age_ythadult_y15_64,mts_details_union,2009,637.572
zaf,sex_t,age_ythadult_y15_64,mts_details_union,2010,641.651
zaf,sex_t,age_ythadult_y15_64,mts_details_union,2011,577.682
zaf,sex_t,age_ythadult_y15_64,mts_details_union,2012,602.58
zaf,sex_t,age_ythadult_y15_64,mts_details_union,2013,597.206
zaf,sex_t,age_ythadult_y15_64,mts_details_union,2014,589.781
zaf,sex_t,age_ythadult_y15_64,mts_details_union,2015,692.352
zaf,sex_t,age_ythadult_y15_64,mts_details_union,2016,719.503
zaf,sex_t,age_ythadult_y15_64,mts_details_union,2017,727.024
zaf,sex_t,age_ythadult_y15_64,mts_details_union,2018,768.224
zaf,sex_t,age_ythadult_y15_64,mts_details_union,2019,747.943
zaf,sex_t,age_ythadult_y15_64,mts_details_union,2020,624.461
zaf,sex_t,age_ythadult_y15_64,mts_details_union,2021,628.88
zaf,sex_t,age_ythadult_y15_64,mts_details_union,2022,718.007
zaf,sex_t,age_ythadult_y15_64,mts_details_union,2023,706.951
zaf,sex_t,age_ythadult_y15_64,mts_details_union,2024,762.664
zaf,sex_t,age_ythadult_y15_64,mts_details_wid,2000,131.36
zaf,sex_t,age_ythadult_y15_64,mts_details_wid,2001,107.645
zaf,sex_t,age_ythadult_y15_64,mts_details_wid,2002,89.183
zaf,sex_t,age_ythadult_y15_64,mts_details_wid,2003,87.633
zaf,sex_t,age_ythadult_y15_64,mts_details_wid,2004,111.545
zaf,sex_t,age_ythadult_y15_64,mts_details_wid,2005,122.935
zaf,sex_t,age_ythadult_y15_64,mts_details_wid,2006,121.436
zaf,sex_t,age_ythadult_y15_64,mts_details_wid,2007,114.366
zaf,sex_t,age_ythadult_y15_64,mts_details_wid,2008,200.914
zaf,sex_t,age_ythadult_y15_64,mts_details_wid,2009,192.517
zaf,sex_t,age_ythadult_y15_64,mts_details_wid,2010,189.216
zaf,sex_t,age_ythadult_y15_64,mts_details_wid,2011,179.962
zaf,sex_t,age_ythadult_y15_64,mts_details_wid,2012,163.736
zaf,sex_t,age_ythadult_y15_64,mts_details_wid,2014,184.707
zaf,sex_t,age_ythadult_y15_64,mts_details_wid,2015,161.626
zaf,sex_t,age_ythadult_y15_64,mts_details_wid,2017,199.645
zaf,sex_t,age_ythadult_y15_64,mts_details_wid,2018,190.501
zaf,sex_t,age_ythadult_y15_64,mts_details_wid,2022,121.242
zaf,sex_t,age_ythadult_y15_64,mts_details_x,2005,0.706
zaf,sex_t,age_ythadult_yge15,mts_aggregate_1,2000,697.921
zaf,sex_t,age_ythadult_yge15,mts_aggregate_1,2001,1072.82
zaf,sex_t,age_ythadult_yge15,mts_aggregate_1,2002,804.312
zaf,sex_t,age_ythadult_yge15,mts_aggregate_1,2003,762.694
zaf,sex_t,age_ythadult_yge15,mts_aggregate_1,2004,853.553
zaf,sex_t,age_ythadult_yge15,mts_aggregate_1,2005,1057.541
zaf,sex_t,age_ythadult_yge15,mts_aggregate_1,2006,1107.921
zaf,sex_t,age_ythadult_yge15,mts_aggregate_1,2007,1050.446
zaf,sex_t,age_ythadult_yge15,mts_aggregate_1,2008,2536.351
zaf,sex_t,age_ythadult_yge15,mts_aggregate_1,2009,2347.418
zaf,sex_t,age_ythadult_yge15,mts_aggregate_1,2010,2274.986
zaf,sex_t,age_ythadult_yge15,mts_aggregate_1,2011,2291.946
zaf,sex_t,age_ythadult_yge15,mts_aggregate_1,2012,2276.018
zaf,sex_t,age_ythadult_yge15,mts_aggregate_1,2013,2412.42
zaf,sex_t,age_ythadult_yge15,mts_aggregate_1,2014,2478.867
zaf,sex_t,age_ythadult_yge15,mts_aggregate_1,2015,2689.114
zaf,sex_t,age_ythadult_yge15,mts_aggregate_1,2016,2614.157
zaf,sex_t,age_ythadult_yge15,mts_aggregate_1,2017,2776.509
zaf,sex_t,age_ythadult_yge15,mts_aggregate_1,2018,2898.163
zaf,sex_t,age_ythadult_yge15,mts_aggregate_1,2019,2818.202
zaf,sex_t,age_ythadult_yge15,mts_aggregate_1,2020,2352.313
zaf,sex_t,age_ythadult_yge15,mts_aggregate_1,2021,2331.673
zaf,sex_t,age_ythadult_yge15,mts_aggregate_1,2022,2720.611
zaf,sex_t,age_ythadult_yge15,mts_aggregate_1,2023,2937.392
zaf,sex_t,age_ythadult_yge15,mts_aggregate_1,2024,3128.417
zaf,sex_t,age_ythadult_yge15,mts_aggregate_2,2000,1966.586
zaf,sex_t,age_ythadult_yge15,mts_aggregate_2,2001,1590.58
zaf,sex_t,age_ythadult_yge15,mts_aggregate_2,2002,1125.639
zaf,sex_t,age_ythadult_yge15,mts_aggregate_2,2003,1123.605
zaf,sex_t,age_ythadult_yge15,mts_aggregate_2,2004,1048.461
zaf,sex_t,age_ythadult_yge15,mts_aggregate_2,2005,1092.034
zaf,sex_t,age_ythadult_yge15,mts_aggregate_2,2006,1080.543
zaf,sex_t,age_ythadult_yge15,mts_aggregate_2,2007,1021.509
zaf,sex_t,age_ythadult_yge15,mts_aggregate_2,2008,2004.535
zaf,sex_t,age_ythadult_yge15,mts_aggregate_2,2009,1850.403
zaf,sex_t,age_ythadult_yge15,mts_aggregate_2,2010,1877.469
zaf,sex_t,age_ythadult_yge15,mts_aggregate_2,2011,1755.662
zaf,sex_t,age_ythadult_yge15,mts_aggregate_2,2012,1813.604
zaf,sex_t,age_ythadult_yge15,mts_aggregate_2,2013,1820.663
zaf,sex_t,age_ythadult_yge15,mts_aggregate_2,2014,1764.091
zaf,sex_t,age_ythadult_yge15,mts_aggregate_2,2015,2013.883
zaf,sex_t,age_ythadult_yge15,mts_aggregate_2,2016,2049.351
zaf,sex_t,age_ythadult_yge15,mts_aggregate_2,2017,2077.82
zaf,sex_t,age_ythadult_yge15,mts_aggregate_2,2018,2111.399
zaf,sex_t,age_ythadult_yge15,mts_aggregate_2,2019,2162.353
zaf,sex_t,age_ythadult_yge15,mts_aggregate_2,2020,1805.864
zaf,sex_t,age_ythadult_yge15,mts_aggregate_2,2021,1830.803
zaf,sex_t,age_ythadult_yge15,mts_aggregate_2,2022,1940.906
zaf,sex_t,age_ythadult_yge15,mts_aggregate_2,2023,1994.096
zaf,sex_t,age_ythadult_yge15,mts_aggregate_2,2024,2126.603
zaf,sex_t,age_ythadult_yge15,mts_aggregate_total,2000,2665.401
zaf,sex_t,age_ythadult_yge15,mts_aggregate_total,2001,2663.769
zaf,sex_t,age_ythadult_yge15,mts_aggregate_total,2002,1930.429
zaf,sex_t,age_ythadult_yge15,mts_aggregate_total,2003,1886.437
zaf,sex_t,age_ythadult_yge15,mts_aggregate_total,2004,1902.081
zaf,sex_t,age_ythadult_yge15,mts_aggregate_total,2005,2150.448
zaf,sex_t,age_ythadult_yge15,mts_aggregate_total,2006,2188.762
zaf,sex_t,age_ythadult_yge15,mts_aggregate_total,2007,2072.39
zaf,sex_t,age_ythadult_yge15,mts_aggregate_total,2008,4540.886
zaf,sex_t,age_ythadult_yge15,mts_aggregate_total,2009,4197.821
zaf,sex_t,age_ythadult_yge15,mts_aggregate_total,2010,4152.455
zaf,sex_t,age_ythadult_yge15,mts_aggregate_total,2011,4047.608
zaf,sex_t,age_ythadult_yge15,mts_aggregate_total,2012,4089.622
zaf,sex_t,age_ythadult_yge15,mts_aggregate_total,2013,4233.083
zaf,sex_t,age_ythadult_yge15,mts_aggregate_total,2014,4242.959
zaf,sex_t,age_ythadult_yge15,mts_aggregate_total,2015,4702.997
zaf,sex_t,age_ythadult_yge15,mts_aggregate_total,2016,4663.508
zaf,sex_t,age_ythadult_yge15,mts_aggregate_total,2017,4854.329
zaf,sex_t,age_ythadult_yge15,mts_aggregate_total,2018,5009.563
zaf,sex_t,age_ythadult_yge15,mts_aggregate_total,2019,4980.555
zaf,sex_t,age_ythadult_yge15,mts_aggregate_total,2020,4158.178
zaf,sex_t,age_ythadult_yge15,mts_aggregate_total,2021,4162.477
zaf,sex_t,age_ythadult_yge15,mts_aggregate_total,2022,4661.517
zaf,sex_t,age_ythadult_yge15,mts_aggregate_total,2023,4931.488
zaf,sex_t,age_ythadult_yge15,mts_aggregate_total,2024,5255.019
zaf,sex_t,age_ythadult_yge15,mts_aggregate_x,2000,0.894
zaf,sex_t,age_ythadult_yge15,mts_details_mrd,2000,1245.208
zaf,sex_t,age_ythadult_yge15,mts_details_mrd,2001,1388.402
zaf,sex_t,age_ythadult_yge15,mts_details_mrd,2002,998.114
zaf,sex_t,age_ythadult_yge15,mts_details_mrd,2003,992.392
zaf,sex_t,age_ythadult_yge15,mts_details_mrd,2004,844.745
zaf,sex_t,age_ythadult_yge15,mts_details_mrd,2005,764.737
zaf,sex_t,age_ythadult_yge15,mts_details_mrd,2006,757.731
zaf,sex_t,age_ythadult_yge15,mts_details_mrd,2007,702.451
zaf,sex_t,age_ythadult_yge15,mts_details_mrd,2008,1340.996
zaf,sex_t,age_ythadult_yge15,mts_details_mrd,2009,1208.685
zaf,sex_t,age_ythadult_yge15,mts_details_mrd,2010,1232.858
zaf,sex_t,age_ythadult_yge15,mts_details_mrd,2011,1175.606
zaf,sex_t,age_ythadult_yge15,mts_details_mrd,2012,1209.706
zaf,sex_t,age_ythadult_yge15,mts_details_mrd,2013,1222.025
zaf,sex_t,age_ythadult_yge15,mts_details_mrd,2014,1172.426
zaf,sex_t,age_ythadult_yge15,mts_details_mrd,2015,1314.937
zaf,sex_t,age_ythadult_yge15,mts_details_mrd,2016,1325.552
zaf,sex_t,age_ythadult_yge15,mts_details_mrd,2017,1345.776
zaf,sex_t,age_ythadult_yge15,mts_details_mrd,2018,1336.94
zaf,sex_t,age_ythadult_yge15,mts_details_mrd,2019,1409.053
zaf,sex_t,age_ythadult_yge15,mts_details_mrd,2020,1177.174
zaf,sex_t,age_ythadult_yge15,mts_details_mrd,2021,1199.361
zaf,sex_t,age_ythadult_yge15,mts_details_mrd,2022,1218.593
zaf,sex_t,age_ythadult_yge15,mts_details_mrd,2023,1282.372
zaf,sex_t,age_ythadult_yge15,mts_details_mrd,2024,1356.92
zaf,sex_t,age_ythadult_yge15,mts_details_sep,2000,548.507
zaf,sex_t,age_ythadult_yge15,mts_details_sep,2001,961.128
zaf,sex_t,age_ythadult_yge15,mts_details_sep,2002,712.19
zaf,sex_t,age_ythadult_yge15,mts_details_sep,2003,672.415
zaf,sex_t,age_ythadult_yge15,mts_details_sep,2004,365.37
zaf,sex_t,age_ythadult_yge15,mts_details_sep,2005,87.068
zaf,sex_t,age_ythadult_yge15,mts_details_sep,2006,74.774
zaf,sex_t,age_ythadult_yge15,mts_details_sep,2007,80.765
zaf,sex_t,age_ythadult_yge15,mts_details_sep,2008,149.693
zaf,sex_t,age_ythadult_yge15,mts_details_sep,2009,136.916
zaf,sex_t,age_ythadult_yge15,mts_details_sep,2010,142.758
zaf,sex_t,age_ythadult_yge15,mts_details_sep,2011,119.739
zaf,sex_t,age_ythadult_yge15,mts_details_sep,2012,149.088
zaf,sex_t,age_ythadult_yge15,mts_details_sep,2013,145.344
zaf,sex_t,age_ythadult_yge15,mts_details_sep,2014,132.072
zaf,sex_t,age_ythadult_yge15,mts_details_sep,2015,144.564
zaf,sex_t,age_ythadult_yge15,mts_details_sep,2016,133.673
zaf,sex_t,age_ythadult_yge15,mts_details_sep,2017,134.146
zaf,sex_t,age_ythadult_yge15,mts_details_sep,2018,136.869
zaf,sex_t,age_ythadult_yge15,mts_details_sep,2019,136.306
zaf,sex_t,age_ythadult_yge15,mts_details_sep,2020,117.74
zaf,sex_t,age_ythadult_yge15,mts_details_sep,2021,115.361
zaf,sex_t,age_ythadult_yge15,mts_details_sep,2022,121.674
zaf,sex_t,age_ythadult_yge15,mts_details_sep,2023,124.468
zaf,sex_t,age_ythadult_yge15,mts_details_sep,2024,144.014
zaf,sex_t,age_ythadult_yge15,mts_details_sgle,2004,366.276
zaf,sex_t,age_ythadult_yge15,mts_details_sgle,2005,818.36
zaf,sex_t,age_ythadult_yge15,mts_details_sgle,2006,885.406
zaf,sex_t,age_ythadult_yge15,mts_details_sgle,2007,833.828
zaf,sex_t,age_ythadult_yge15,mts_details_sgle,2008,2163.856
zaf,sex_t,age_ythadult_yge15,mts_details_sgle,2009,1998.903
zaf,sex_t,age_ythadult_yge15,mts_details_sgle,2010,1924.213
zaf,sex_t,age_ythadult_yge15,mts_details_sgle,2011,1976.846
zaf,sex_t,age_ythadult_yge15,mts_details_sgle,2012,1947.751
zaf,sex_t,age_ythadult_yge15,mts_details_sgle,2013,2067.866
zaf,sex_t,age_ythadult_yge15,mts_details_sgle,2014,2138.674
zaf,sex_t,age_ythadult_yge15,mts_details_sgle,2015,2358.903
zaf,sex_t,age_ythadult_yge15,mts_details_sgle,2016,2293.079
zaf,sex_t,age_ythadult_yge15,mts_details_sgle,2017,2416.469
zaf,sex_t,age_ythadult_yge15,mts_details_sgle,2018,2542.549
zaf,sex_t,age_ythadult_yge15,mts_details_sgle,2019,2469.578
zaf,sex_t,age_ythadult_yge15,mts_details_sgle,2020,2079.851
zaf,sex_t,age_ythadult_yge15,mts_details_sgle,2021,2070.618
zaf,sex_t,age_ythadult_yge15,mts_details_sgle,2022,2457.96
zaf,sex_t,age_ythadult_yge15,mts_details_sgle,2023,2656.394
zaf,sex_t,age_ythadult_yge15,mts_details_sgle,2024,2817.007
zaf,sex_t,age_ythadult_yge15,mts_details_total,2000,2665.401
zaf,sex_t,age_ythadult_yge15,mts_details_total,2001,2663.769
zaf,sex_t,age_ythadult_yge15,mts_details_total,2002,1930.429
zaf,sex_t,age_ythadult_yge15,mts_details_total,2003,1886.437
zaf,sex_t,age_ythadult_yge15,mts_details_total,2004,1902.081
zaf,sex_t,age_ythadult_yge15,mts_details_total,2005,2150.448
zaf,sex_t,age_ythadult_yge15,mts_details_total,2006,2188.762
zaf,sex_t,age_ythadult_yge15,mts_details_total,2007,2072.39
zaf,sex_t,age_ythadult_yge15,mts_details_total,2008,4540.886
zaf,sex_t,age_ythadult_yge15,mts_details_total,2009,4197.821
zaf,sex_t,age_ythadult_yge15,mts_details_total,2010,4152.455
zaf,sex_t,age_ythadult_yge15,mts_details_total,2011,4047.608
zaf,sex_t,age_ythadult_yge15,mts_details_total,2012,4089.622
zaf,sex_t,age_ythadult_yge15,mts_details_total,2013,4233.083
zaf,sex_t,age_ythadult_yge15,mts_details_total,2014,4242.959
zaf,sex_t,age_ythadult_yge15,mts_details_total,2015,4702.997
zaf,sex_t,age_ythadult_yge15,mts_details_total,2016,4663.508
zaf,sex_t,age_ythadult_yge15,mts_details_total,2017,4854.329
zaf,sex_t,age_ythadult_yge15,mts_details_total,2018,5009.563
zaf,sex_t,age_ythadult_yge15,mts_details_total,2019,4980.555
zaf,sex_t,age_ythadult_yge15,mts_details_total,2020,4158.178
zaf,sex_t,age_ythadult_yge15,mts_details_total,2021,4162.477
zaf,sex_t,age_ythadult_yge15,mts_details_total,2022,4661.517
zaf,sex_t,age_ythadult_yge15,mts_details_total,2023,4931.488
zaf,sex_t,age_ythadult_yge15,mts_details_total,2024,5255.019
zaf,sex_t,age_ythadult_yge15,mts_details_union,2000,721.378
zaf,sex_t,age_ythadult_yge15,mts_details_union,2001,202.177
zaf,sex_t,age_ythadult_yge15,mts_details_union,2002,127.524
zaf,sex_t,age_ythadult_yge15,mts_details_union,2003,131.213
zaf,sex_t,age_ythadult_yge15,mts_details_union,2004,203.716
zaf,sex_t,age_ythadult_yge15,mts_details_union,2005,327.298
zaf,sex_t,age_ythadult_yge15,mts_details_union,2006,322.812
zaf,sex_t,age_ythadult_yge15,mts_details_union,2007,319.058
zaf,sex_t,age_ythadult_yge15,mts_details_union,2008,663.539
zaf,sex_t,age_ythadult_yge15,mts_details_union,2009,641.719
zaf,sex_t,age_ythadult_yge15,mts_details_union,2010,644.61
zaf,sex_t,age_ythadult_yge15,mts_details_union,2011,580.055
zaf,sex_t,age_ythadult_yge15,mts_details_union,2012,603.898
zaf,sex_t,age_ythadult_yge15,mts_details_union,2013,598.638
zaf,sex_t,age_ythadult_yge15,mts_details_union,2014,591.665
zaf,sex_t,age_ythadult_yge15,mts_details_union,2015,698.946
zaf,sex_t,age_ythadult_yge15,mts_details_union,2016,723.8
zaf,sex_t,age_ythadult_yge15,mts_details_union,2017,732.045
zaf,sex_t,age_ythadult_yge15,mts_details_union,2018,774.459
zaf,sex_t,age_ythadult_yge15,mts_details_union,2019,753.299
zaf,sex_t,age_ythadult_yge15,mts_details_union,2020,628.691
zaf,sex_t,age_ythadult_yge15,mts_details_union,2021,631.442
zaf,sex_t,age_ythadult_yge15,mts_details_union,2022,722.313
zaf,sex_t,age_ythadult_yge15,mts_details_union,2023,711.724
zaf,sex_t,age_ythadult_yge15,mts_details_union,2024,769.682
zaf,sex_t,age_ythadult_yge15,mts_details_wid,2000,149.414
zaf,sex_t,age_ythadult_yge15,mts_details_wid,2001,111.692
zaf,sex_t,age_ythadult_yge15,mts_details_wid,2002,92.121
zaf,sex_t,age_ythadult_yge15,mts_details_wid,2003,90.278
zaf,sex_t,age_ythadult_yge15,mts_details_wid,2004,121.908
zaf,sex_t,age_ythadult_yge15,mts_details_wid,2005,152.113
zaf,sex_t,age_ythadult_yge15,mts_details_wid,2006,147.741
zaf,sex_t,age_ythadult_yge15,mts_details_wid,2007,135.852
zaf,sex_t,age_ythadult_yge15,mts_details_wid,2008,222.803
zaf,sex_t,age_ythadult_yge15,mts_details_wid,2009,211.6
zaf,sex_t,age_ythadult_yge15,mts_details_wid,2010,208.015
zaf,sex_t,age_ythadult_yge15,mts_details_wid,2011,195.36
zaf,sex_t,age_ythadult_yge15,mts_details_wid,2012,179.179
zaf,sex_t,age_ythadult_yge15,mts_details_wid,2013,199.21
zaf,sex_t,age_ythadult_yge15,mts_details_wid,2014,208.122
zaf,sex_t,age_ythadult_yge15,mts_details_wid,2015,185.647
zaf,sex_t,age_ythadult_yge15,mts_details_wid,2016,187.406
zaf,sex_t,age_ythadult_yge15,mts_details_wid,2017,225.894
zaf,sex_t,age_ythadult_yge15,mts_details_wid,2018,218.745
zaf,sex_t,age_ythadult_yge15,mts_details_wid,2019,212.318
zaf,sex_t,age_ythadult_yge15,mts_details_wid,2020,154.723
zaf,sex_t,age_ythadult_yge15,mts_details_wid,2021,145.694
zaf,sex_t,age_ythadult_yge15,mts_details_wid,2022,140.977
zaf,sex_t,age_ythadult_yge15,mts_details_wid,2023,156.53
zaf,sex_t,age_ythadult_yge15,mts_details_wid,2024,167.396
zaf,sex_t,age_ythadult_yge15,mts_details_x,2000,0.894
zaf,sex_t,age_ythadult_yge25,mts_aggregate_1,2000,559.322
zaf,sex_t,age_ythadult_yge25,mts_aggregate_1,2001,752.555
zaf,sex_t,age_ythadult_yge25,mts_aggregate_1,2002,587.25
zaf,sex_t,age_ythadult_yge25,mts_aggregate_1,2003,583.15
zaf,sex_t,age_ythadult_yge25,mts_aggregate_1,2004,650.868
zaf,sex_t,age_ythadult_yge25,mts_aggregate_1,2005,838.421
zaf,sex_t,age_ythadult_yge25,mts_aggregate_1,2006,867.757
zaf,sex_t,age_ythadult_yge25,mts_aggregate_1,2007,849.784
zaf,sex_t,age_ythadult_yge25,mts_aggregate_1,2008,1963.35
zaf,sex_t,age_ythadult_yge25,mts_aggregate_1,2009,1868.617
zaf,sex_t,age_ythadult_yge25,mts_aggregate_1,2010,1830.121
zaf,sex_t,age_ythadult_yge25,mts_aggregate_1,2011,1869.772
zaf,sex_t,age_ythadult_yge25,mts_aggregate_1,2012,1892.046
zaf,sex_t,age_ythadult_yge25,mts_aggregate_1,2013,2005.971
zaf,sex_t,age_ythadult_yge25,mts_aggregate_1,2014,2072.415
zaf,sex_t,age_ythadult_yge25,mts_aggregate_1,2015,2233.641
zaf,sex_t,age_ythadult_yge25,mts_aggregate_1,2016,2213.12
zaf,sex_t,age_ythadult_yge25,mts_aggregate_1,2017,2343.057
zaf,sex_t,age_ythadult_yge25,mts_aggregate_1,2018,2476.001
zaf,sex_t,age_ythadult_yge25,mts_aggregate_1,2019,2434.426
zaf,sex_t,age_ythadult_yge25,mts_aggregate_1,2020,2072.05
zaf,sex_t,age_ythadult_yge25,mts_aggregate_1,2021,2069.892
zaf,sex_t,age_ythadult_yge25,mts_aggregate_1,2022,2382.9
zaf,sex_t,age_ythadult_yge25,mts_aggregate_1,2023,2585.115
zaf,sex_t,age_ythadult_yge25,mts_aggregate_1,2024,2739.965
zaf,sex_t,age_ythadult_yge25,mts_aggregate_2,2000,1737.762
zaf,sex_t,age_ythadult_yge25,mts_aggregate_2,2001,1530.956
zaf,sex_t,age_ythadult_yge25,mts_aggregate_2,2002,1092.088
zaf,sex_t,age_ythadult_yge25,mts_aggregate_2,2003,1090.737
zaf,sex_t,age_ythadult_yge25,mts_aggregate_2,2004,1008.46
zaf,sex_t,age_ythadult_yge25,mts_aggregate_2,2005,1050.469
zaf,sex_t,age_ythadult_yge25,mts_aggregate_2,2006,1041.612
zaf,sex_t,age_ythadult_yge25,mts_aggregate_2,2007,982.871
zaf,sex_t,age_ythadult_yge25,mts_aggregate_2,2008,1915.396
zaf,sex_t,age_ythadult_yge25,mts_aggregate_2,2009,1779.224
zaf,sex_t,age_ythadult_yge25,mts_aggregate_2,2010,1817.829
zaf,sex_t,age_ythadult_yge25,mts_aggregate_2,2011,1692.689
zaf,sex_t,age_ythadult_yge25,mts_aggregate_2,2012,1748.574
zaf,sex_t,age_ythadult_yge25,mts_aggregate_2,2013,1753.408
zaf,sex_t,age_ythadult_yge25,mts_aggregate_2,2014,1702.114
zaf,sex_t,age_ythadult_yge25,mts_aggregate_2,2015,1948.199
zaf,sex_t,age_ythadult_yge25,mts_aggregate_2,2016,1971.598
zaf,sex_t,age_ythadult_yge25,mts_aggregate_2,2017,2009.895
zaf,sex_t,age_ythadult_yge25,mts_aggregate_2,2018,2044.934
zaf,sex_t,age_ythadult_yge25,mts_aggregate_2,2019,2105.835
zaf,sex_t,age_ythadult_yge25,mts_aggregate_2,2020,1765.387
zaf,sex_t,age_ythadult_yge25,mts_aggregate_2,2021,1789.427
zaf,sex_t,age_ythadult_yge25,mts_aggregate_2,2022,1894.256
zaf,sex_t,age_ythadult_yge25,mts_aggregate_2,2023,1939.28
zaf,sex_t,age_ythadult_yge25,mts_aggregate_2,2024,2068.506
zaf,sex_t,age_ythadult_yge25,mts_aggregate_total,2000,2297.47
zaf,sex_t,age_ythadult_yge25,mts_aggregate_total,2001,2283.88
zaf,sex_t,age_ythadult_yge25,mts_aggregate_total,2002,1679.817
zaf,sex_t,age_ythadult_yge25,mts_aggregate_total,2003,1674.024
zaf,sex_t,age_ythadult_yge25,mts_aggregate_total,2004,1659.395
zaf,sex_t,age_ythadult_yge25,mts_aggregate_total,2005,1889.719
zaf,sex_t,age_ythadult_yge25,mts_aggregate_total,2006,1909.667
zaf,sex_t,age_ythadult_yge25,mts_aggregate_total,2007,1833.091
zaf,sex_t,age_ythadult_yge25,mts_aggregate_total,2008,3878.746
zaf,sex_t,age_ythadult_yge25,mts_aggregate_total,2009,3647.841
zaf,sex_t,age_ythadult_yge25,mts_aggregate_total,2010,3647.95
zaf,sex_t,age_ythadult_yge25,mts_aggregate_total,2011,3562.46
zaf,sex_t,age_ythadult_yge25,mts_aggregate_total,2012,3640.619
zaf,sex_t,age_ythadult_yge25,mts_aggregate_total,2013,3759.379
zaf,sex_t,age_ythadult_yge25,mts_aggregate_total,2014,3774.528
zaf,sex_t,age_ythadult_yge25,mts_aggregate_total,2015,4181.84
zaf,sex_t,age_ythadult_yge25,mts_aggregate_total,2016,4184.718
zaf,sex_t,age_ythadult_yge25,mts_aggregate_total,2017,4352.952
zaf,sex_t,age_ythadult_yge25,mts_aggregate_total,2018,4520.935
zaf,sex_t,age_ythadult_yge25,mts_aggregate_total,2019,4540.261
zaf,sex_t,age_ythadult_yge25,mts_aggregate_total,2020,3837.437
zaf,sex_t,age_ythadult_yge25,mts_aggregate_total,2021,3859.319
zaf,sex_t,age_ythadult_yge25,mts_aggregate_total,2022,4277.156
zaf,sex_t,age_ythadult_yge25,mts_aggregate_total,2023,4524.395
zaf,sex_t,age_ythadult_yge25,mts_aggregate_total,2024,4808.471
zaf,sex_t,age_ythadult_yge25,mts_details_mrd,2000,1043.254
zaf,sex_t,age_ythadult_yge25,mts_details_mrd,2001,1329.978
zaf,sex_t,age_ythadult_yge25,mts_details_mrd,2002,964.564
zaf,sex_t,age_ythadult_yge25,mts_details_mrd,2003,959.804
zaf,sex_t,age_ythadult_yge25,mts_details_mrd,2004,819.838
zaf,sex_t,age_ythadult_yge25,mts_details_mrd,2005,746.401
zaf,sex_t,age_ythadult_yge25,mts_details_mrd,2006,741.952
zaf,sex_t,age_ythadult_yge25,mts_details_mrd,2007,687.264
zaf,sex_t,age_ythadult_yge25,mts_details_mrd,2008,1305.741
zaf,sex_t,age_ythadult_yge25,mts_details_mrd,2009,1180.05
zaf,sex_t,age_ythadult_yge25,mts_details_mrd,2010,1209.182
zaf,sex_t,age_ythadult_yge25,mts_details_mrd,2011,1151.211
zaf,sex_t,age_ythadult_yge25,mts_details_mrd,2012,1185.562
zaf,sex_t,age_ythadult_yge25,mts_details_mrd,2013,1198.756
zaf,sex_t,age_ythadult_yge25,mts_details_mrd,2014,1146.637
zaf,sex_t,age_ythadult_yge25,mts_details_mrd,2015,1286.172
zaf,sex_t,age_ythadult_yge25,mts_details_mrd,2016,1291.811
zaf,sex_t,age_ythadult_yge25,mts_details_mrd,2017,1315.265
zaf,sex_t,age_ythadult_yge25,mts_details_mrd,2018,1311.605
zaf,sex_t,age_ythadult_yge25,mts_details_mrd,2019,1389.298
zaf,sex_t,age_ythadult_yge25,mts_details_mrd,2020,1161.833
zaf,sex_t,age_ythadult_yge25,mts_details_mrd,2021,1188.739
zaf,sex_t,age_ythadult_yge25,mts_details_mrd,2022,1198.13
zaf,sex_t,age_ythadult_yge25,mts_details_mrd,2023,1264.68
zaf,sex_t,age_ythadult_yge25,mts_details_mrd,2024,1336.449
zaf,sex_t,age_ythadult_yge25,mts_details_sep,2000,410.857
zaf,sex_t,age_ythadult_yge25,mts_details_sep,2001,641.844
zaf,sex_t,age_ythadult_yge25,mts_details_sep,2002,496.013
zaf,sex_t,age_ythadult_yge25,mts_details_sep,2003,493.585
zaf,sex_t,age_ythadult_yge25,mts_details_sep,2004,278.072
zaf,sex_t,age_ythadult_yge25,mts_details_sep,2005,86.519
zaf,sex_t,age_ythadult_yge25,mts_details_sep,2006,74.774
zaf,sex_t,age_ythadult_yge25,mts_details_sep,2007,79.72
zaf,sex_t,age_ythadult_yge25,mts_details_sep,2008,147.799
zaf,sex_t,age_ythadult_yge25,mts_details_sep,2009,135.206
zaf,sex_t,age_ythadult_yge25,mts_details_sep,2010,142.158
zaf,sex_t,age_ythadult_yge25,mts_details_sep,2011,119.405
zaf,sex_t,age_ythadult_yge25,mts_details_sep,2012,148.331
zaf,sex_t,age_ythadult_yge25,mts_details_sep,2013,144.747
zaf,sex_t,age_ythadult_yge25,mts_details_sep,2014,131.429
zaf,sex_t,age_ythadult_yge25,mts_details_sep,2015,143.059
zaf,sex_t,age_ythadult_yge25,mts_details_sep,2016,133.673
zaf,sex_t,age_ythadult_yge25,mts_details_sep,2017,133.002
zaf,sex_t,age_ythadult_yge25,mts_details_sep,2018,134.383
zaf,sex_t,age_ythadult_yge25,mts_details_sep,2019,135.263
zaf,sex_t,age_ythadult_yge25,mts_details_sep,2020,117.74
zaf,sex_t,age_ythadult_yge25,mts_details_sep,2021,115.361
zaf,sex_t,age_ythadult_yge25,mts_details_sep,2022,121.309
zaf,sex_t,age_ythadult_yge25,mts_details_sep,2023,124.099
zaf,sex_t,age_ythadult_yge25,mts_details_sep,2024,143.301
zaf,sex_t,age_ythadult_yge25,mts_details_sgle,2004,252.113
zaf,sex_t,age_ythadult_yge25,mts_details_sgle,2005,599.867
zaf,sex_t,age_ythadult_yge25,mts_details_sgle,2006,645.424
zaf,sex_t,age_ythadult_yge25,mts_details_sgle,2007,634.77
zaf,sex_t,age_ythadult_yge25,mts_details_sgle,2008,1593.237
zaf,sex_t,age_ythadult_yge25,mts_details_sgle,2009,1522.49
zaf,sex_t,age_ythadult_yge25,mts_details_sgle,2010,1480.319
zaf,sex_t,age_ythadult_yge25,mts_details_sgle,2011,1555.363
zaf,sex_t,age_ythadult_yge25,mts_details_sgle,2012,1564.795
zaf,sex_t,age_ythadult_yge25,mts_details_sgle,2013,1662.014
zaf,sex_t,age_ythadult_yge25,mts_details_sgle,2014,1732.924
zaf,sex_t,age_ythadult_yge25,mts_details_sgle,2015,1905.029
zaf,sex_t,age_ythadult_yge25,mts_details_sgle,2016,1892.041
zaf,sex_t,age_ythadult_yge25,mts_details_sgle,2017,1984.433
zaf,sex_t,age_ythadult_yge25,mts_details_sgle,2018,2123.095
zaf,sex_t,age_ythadult_yge25,mts_details_sgle,2019,2086.845
zaf,sex_t,age_ythadult_yge25,mts_details_sgle,2020,1799.587
zaf,sex_t,age_ythadult_yge25,mts_details_sgle,2021,1808.836
zaf,sex_t,age_ythadult_yge25,mts_details_sgle,2022,2120.962
zaf,sex_t,age_ythadult_yge25,mts_details_sgle,2023,2304.486
zaf,sex_t,age_ythadult_yge25,mts_details_sgle,2024,2429.269
zaf,sex_t,age_ythadult_yge25,mts_details_total,2000,2297.47
zaf,sex_t,age_ythadult_yge25,mts_details_total,2001,2283.88
zaf,sex_t,age_ythadult_yge25,mts_details_total,2002,1679.817
zaf,sex_t,age_ythadult_yge25,mts_details_total,2003,1674.024
zaf,sex_t,age_ythadult_yge25,mts_details_total,2004,1659.395
zaf,sex_t,age_ythadult_yge25,mts_details_total,2005,1889.719
zaf,sex_t,age_ythadult_yge25,mts_details_total,2006,1909.667
zaf,sex_t,age_ythadult_yge25,mts_details_total,2007,1833.091
zaf,sex_t,age_ythadult_yge25,mts_details_total,2008,3878.746
zaf,sex_t,age_ythadult_yge25,mts_details_total,2009,3647.841
zaf,sex_t,age_ythadult_yge25,mts_details_total,2010,3647.95
zaf,sex_t,age_ythadult_yge25,mts_details_total,2011,3562.46
zaf,sex_t,age_ythadult_yge25,mts_details_total,2012,3640.619
zaf,sex_t,age_ythadult_yge25,mts_details_total,2013,3759.379
zaf,sex_t,age_ythadult_yge25,mts_details_total,2014,3774.528
zaf,sex_t,age_ythadult_yge25,mts_details_total,2015,4181.84
zaf,sex_t,age_ythadult_yge25,mts_details_total,2016,4184.718
zaf,sex_t,age_ythadult_yge25,mts_details_total,2017,4352.952
zaf,sex_t,age_ythadult_yge25,mts_details_total,2018,4520.935
zaf,sex_t,age_ythadult_yge25,mts_details_total,2019,4540.261
zaf,sex_t,age_ythadult_yge25,mts_details_total,2020,3837.437
zaf,sex_t,age_ythadult_yge25,mts_details_total,2021,3859.319
zaf,sex_t,age_ythadult_yge25,mts_details_total,2022,4277.156
zaf,sex_t,age_ythadult_yge25,mts_details_total,2023,4524.395
zaf,sex_t,age_ythadult_yge25,mts_details_total,2024,4808.471
zaf,sex_t,age_ythadult_yge25,mts_details_union,2000,694.508
zaf,sex_t,age_ythadult_yge25,mts_details_union,2001,200.978
zaf,sex_t,age_ythadult_yge25,mts_details_union,2002,127.524
zaf,sex_t,age_ythadult_yge25,mts_details_union,2003,130.933
zaf,sex_t,age_ythadult_yge25,mts_details_union,2004,188.622
zaf,sex_t,age_ythadult_yge25,mts_details_union,2005,304.068
zaf,sex_t,age_ythadult_yge25,mts_details_union,2006,299.659
zaf,sex_t,age_ythadult_yge25,mts_details_union,2007,295.608
zaf,sex_t,age_ythadult_yge25,mts_details_union,2008,609.655
zaf,sex_t,age_ythadult_yge25,mts_details_union,2009,599.174
zaf,sex_t,age_ythadult_yge25,mts_details_union,2010,608.647
zaf,sex_t,age_ythadult_yge25,mts_details_union,2011,541.478
zaf,sex_t,age_ythadult_yge25,mts_details_union,2012,563.012
zaf,sex_t,age_ythadult_yge25,mts_details_union,2013,554.652
zaf,sex_t,age_ythadult_yge25,mts_details_union,2014,555.477
zaf,sex_t,age_ythadult_yge25,mts_details_union,2015,662.027
zaf,sex_t,age_ythadult_yge25,mts_details_union,2016,679.787
zaf,sex_t,age_ythadult_yge25,mts_details_union,2017,694.631
zaf,sex_t,age_ythadult_yge25,mts_details_union,2018,733.328
zaf,sex_t,age_ythadult_yge25,mts_details_union,2019,716.537
zaf,sex_t,age_ythadult_yge25,mts_details_union,2020,603.554
zaf,sex_t,age_ythadult_yge25,mts_details_union,2021,600.688
zaf,sex_t,age_ythadult_yge25,mts_details_union,2022,696.126
zaf,sex_t,age_ythadult_yge25,mts_details_union,2023,674.6
zaf,sex_t,age_ythadult_yge25,mts_details_union,2024,732.056
zaf,sex_t,age_ythadult_yge25,mts_details_wid,2000,148.464
zaf,sex_t,age_ythadult_yge25,mts_details_wid,2001,110.711
zaf,sex_t,age_ythadult_yge25,mts_details_wid,2002,91.237
zaf,sex_t,age_ythadult_yge25,mts_details_wid,2003,89.565
zaf,sex_t,age_ythadult_yge25,mts_details_wid,2004,120.683
zaf,sex_t,age_ythadult_yge25,mts_details_wid,2005,152.035
zaf,sex_t,age_ythadult_yge25,mts_details_wid,2006,147.56
zaf,sex_t,age_ythadult_yge25,mts_details_wid,2007,135.294
zaf,sex_t,age_ythadult_yge25,mts_details_wid,2008,222.314
zaf,sex_t,age_ythadult_yge25,mts_details_wid,2009,210.921
zaf,sex_t,age_ythadult_yge25,mts_details_wid,2010,207.644
zaf,sex_t,age_ythadult_yge25,mts_details_wid,2011,195.003
zaf,sex_t,age_ythadult_yge25,mts_details_wid,2012,178.919
zaf,sex_t,age_ythadult_yge25,mts_details_wid,2013,199.21
zaf,sex_t,age_ythadult_yge25,mts_details_wid,2014,208.061
zaf,sex_t,age_ythadult_yge25,mts_details_wid,2015,185.552
zaf,sex_t,age_ythadult_yge25,mts_details_wid,2016,187.406
zaf,sex_t,age_ythadult_yge25,mts_details_wid,2017,225.622
zaf,sex_t,age_ythadult_yge25,mts_details_wid,2018,218.523
zaf,sex_t,age_ythadult_yge25,mts_details_wid,2019,212.318
zaf,sex_t,age_ythadult_yge25,mts_details_wid,2020,154.723
zaf,sex_t,age_ythadult_yge25,mts_details_wid,2021,145.694
zaf,sex_t,age_ythadult_yge25,mts_details_wid,2022,140.63
zaf,sex_t,age_ythadult_yge25,mts_details_wid,2023,156.53
zaf,sex_t,age_ythadult_yge25,mts_details_wid,2024,167.396
