ref_area,classif1,classif2,time,how_temp_eco_ocu_nb
sen,eco_aggregate_agr,ocu_isco08_0,2019,38.47
sen,eco_aggregate_agr,ocu_isco08_0,2024,51.09
sen,eco_aggregate_agr,ocu_isco08_2,2016,53.92
sen,eco_aggregate_agr,ocu_isco08_2,2022,48.42
sen,eco_aggregate_agr,ocu_isco08_2,2023,40.66
sen,eco_aggregate_agr,ocu_isco08_2,2024,45.59
sen,eco_aggregate_agr,ocu_isco08_3,2019,66.81
sen,eco_aggregate_agr,ocu_isco08_4,2022,40.67
sen,eco_aggregate_agr,ocu_isco08_4,2024,41.12
sen,eco_aggregate_agr,ocu_isco08_5,2015,36.87
sen,eco_aggregate_agr,ocu_isco08_5,2016,32.6
sen,eco_aggregate_agr,ocu_isco08_5,2019,57.52
sen,eco_aggregate_agr,ocu_isco08_5,2022,31.75
sen,eco_aggregate_agr,ocu_isco08_5,2023,52.6
sen,eco_aggregate_agr,ocu_isco08_5,2024,65.45
sen,eco_aggregate_agr,ocu_isco08_6,2015,31.07
sen,eco_aggregate_agr,ocu_isco08_6,2016,33.36
sen,eco_aggregate_agr,ocu_isco08_6,2019,30.53
sen,eco_aggregate_agr,ocu_isco08_6,2022,41.44
sen,eco_aggregate_agr,ocu_isco08_6,2023,38.53
sen,eco_aggregate_agr,ocu_isco08_6,2024,40.72
sen,eco_aggregate_agr,ocu_isco08_7,2016,24.89
sen,eco_aggregate_agr,ocu_isco08_7,2019,38.27
sen,eco_aggregate_agr,ocu_isco08_7,2024,45.87
sen,eco_aggregate_agr,ocu_isco08_8,2015,59.54
sen,eco_aggregate_agr,ocu_isco08_8,2016,26.53
sen,eco_aggregate_agr,ocu_isco08_8,2022,62.57
sen,eco_aggregate_agr,ocu_isco08_8,2024,61.95
sen,eco_aggregate_agr,ocu_isco08_9,2015,34.87
sen,eco_aggregate_agr,ocu_isco08_9,2016,45.42
sen,eco_aggregate_agr,ocu_isco08_9,2019,39.84
sen,eco_aggregate_agr,ocu_isco08_9,2022,35.61
sen,eco_aggregate_agr,ocu_isco08_9,2023,29.85
sen,eco_aggregate_agr,ocu_isco08_9,2024,35.23
sen,eco_aggregate_agr,ocu_isco08_total,2015,31.78
sen,eco_aggregate_agr,ocu_isco08_total,2016,33.04
sen,eco_aggregate_agr,ocu_isco08_total,2019,34.94
sen,eco_aggregate_agr,ocu_isco08_total,2022,38.1
sen,eco_aggregate_agr,ocu_isco08_total,2023,38.32
sen,eco_aggregate_agr,ocu_isco08_total,2024,43.4
sen,eco_aggregate_agr,ocu_isco08_x,2016,27.83
sen,eco_aggregate_agr,ocu_isco08_x,2019,37.94
sen,eco_aggregate_agr,ocu_isco08_x,2022,36.75
sen,eco_aggregate_agr,ocu_isco08_x,2023,39.33
sen,eco_aggregate_agr,ocu_isco08_x,2024,46.77
sen,eco_aggregate_agr,ocu_skill_l1,2015,34.87
sen,eco_aggregate_agr,ocu_skill_l1,2016,45.42
sen,eco_aggregate_agr,ocu_skill_l1,2019,39.84
sen,eco_aggregate_agr,ocu_skill_l1,2022,35.61
sen,eco_aggregate_agr,ocu_skill_l1,2023,29.85
sen,eco_aggregate_agr,ocu_skill_l1,2024,35.23
sen,eco_aggregate_agr,ocu_skill_l2,2015,31.44
sen,eco_aggregate_agr,ocu_skill_l2,2016,33.14
sen,eco_aggregate_agr,ocu_skill_l2,2019,30.94
sen,eco_aggregate_agr,ocu_skill_l2,2022,41.25
sen,eco_aggregate_agr,ocu_skill_l2,2023,38.83
sen,eco_aggregate_agr,ocu_skill_l2,2024,42.63
sen,eco_aggregate_agr,ocu_skill_l3_4,2015,48
sen,eco_aggregate_agr,ocu_skill_l3_4,2016,49.64
sen,eco_aggregate_agr,ocu_skill_l3_4,2019,62.34
sen,eco_aggregate_agr,ocu_skill_l3_4,2022,47.07
sen,eco_aggregate_agr,ocu_skill_l3_4,2023,40.64
sen,eco_aggregate_agr,ocu_skill_l3_4,2024,42.98
sen,eco_aggregate_agr,ocu_skill_total,2015,31.78
sen,eco_aggregate_agr,ocu_skill_total,2016,33.04
sen,eco_aggregate_agr,ocu_skill_total,2019,34.94
sen,eco_aggregate_agr,ocu_skill_total,2022,38.1
sen,eco_aggregate_agr,ocu_skill_total,2023,38.32
sen,eco_aggregate_agr,ocu_skill_total,2024,43.4
sen,eco_aggregate_agr,ocu_skill_x,2016,27.83
sen,eco_aggregate_agr,ocu_skill_x,2019,37.94
sen,eco_aggregate_agr,ocu_skill_x,2022,36.75
sen,eco_aggregate_agr,ocu_skill_x,2023,39.33
sen,eco_aggregate_agr,ocu_skill_x,2024,47.02
sen,eco_aggregate_con,ocu_isco08_2,2015,47.18
sen,eco_aggregate_con,ocu_isco08_2,2016,45.65
sen,eco_aggregate_con,ocu_isco08_2,2019,48.66
sen,eco_aggregate_con,ocu_isco08_2,2022,44.25
sen,eco_aggregate_con,ocu_isco08_2,2023,43.34
sen,eco_aggregate_con,ocu_isco08_2,2024,47.3
sen,eco_aggregate_con,ocu_isco08_3,2015,39.06
sen,eco_aggregate_con,ocu_isco08_3,2016,49.25
sen,eco_aggregate_con,ocu_isco08_3,2019,50.58
sen,eco_aggregate_con,ocu_isco08_3,2022,40.18
sen,eco_aggregate_con,ocu_isco08_3,2023,43.13
sen,eco_aggregate_con,ocu_isco08_3,2024,51.54
sen,eco_aggregate_con,ocu_isco08_5,2015,62.92
sen,eco_aggregate_con,ocu_isco08_5,2016,45.16
sen,eco_aggregate_con,ocu_isco08_5,2019,82.37
sen,eco_aggregate_con,ocu_isco08_5,2023,38.74
sen,eco_aggregate_con,ocu_isco08_7,2015,52.73
sen,eco_aggregate_con,ocu_isco08_7,2016,52.28
sen,eco_aggregate_con,ocu_isco08_7,2019,45.53
sen,eco_aggregate_con,ocu_isco08_7,2022,45.79
sen,eco_aggregate_con,ocu_isco08_7,2023,45.6
sen,eco_aggregate_con,ocu_isco08_7,2024,47.63
sen,eco_aggregate_con,ocu_isco08_8,2015,52.23
sen,eco_aggregate_con,ocu_isco08_8,2016,48.72
sen,eco_aggregate_con,ocu_isco08_8,2022,42.71
sen,eco_aggregate_con,ocu_isco08_8,2023,48.5
sen,eco_aggregate_con,ocu_isco08_8,2024,63.58
sen,eco_aggregate_con,ocu_isco08_9,2015,50.89
sen,eco_aggregate_con,ocu_isco08_9,2016,48.8
sen,eco_aggregate_con,ocu_isco08_9,2019,48.19
sen,eco_aggregate_con,ocu_isco08_9,2022,40.06
sen,eco_aggregate_con,ocu_isco08_9,2023,41.52
sen,eco_aggregate_con,ocu_isco08_9,2024,47.47
sen,eco_aggregate_con,ocu_isco08_total,2015,51.99
sen,eco_aggregate_con,ocu_isco08_total,2016,51.49
sen,eco_aggregate_con,ocu_isco08_total,2019,46.04
sen,eco_aggregate_con,ocu_isco08_total,2022,44.72
sen,eco_aggregate_con,ocu_isco08_total,2023,45.04
sen,eco_aggregate_con,ocu_isco08_total,2024,48.28
sen,eco_aggregate_con,ocu_isco08_x,2016,54.85
sen,eco_aggregate_con,ocu_isco08_x,2019,44.91
sen,eco_aggregate_con,ocu_isco08_x,2022,45.46
sen,eco_aggregate_con,ocu_isco08_x,2023,45.15
sen,eco_aggregate_con,ocu_isco08_x,2024,58
sen,eco_aggregate_con,ocu_skill_l1,2015,50.89
sen,eco_aggregate_con,ocu_skill_l1,2016,48.8
sen,eco_aggregate_con,ocu_skill_l1,2019,48.19
sen,eco_aggregate_con,ocu_skill_l1,2022,40.06
sen,eco_aggregate_con,ocu_skill_l1,2023,41.52
sen,eco_aggregate_con,ocu_skill_l1,2024,47.47
sen,eco_aggregate_con,ocu_skill_l2,2015,53.14
sen,eco_aggregate_con,ocu_skill_l2,2016,51.96
sen,eco_aggregate_con,ocu_skill_l2,2019,45.54
sen,eco_aggregate_con,ocu_skill_l2,2022,45.71
sen,eco_aggregate_con,ocu_skill_l2,2023,45.63
sen,eco_aggregate_con,ocu_skill_l2,2024,47.95
sen,eco_aggregate_con,ocu_skill_l3_4,2015,41.42
sen,eco_aggregate_con,ocu_skill_l3_4,2016,47.81
sen,eco_aggregate_con,ocu_skill_l3_4,2019,49.83
sen,eco_aggregate_con,ocu_skill_l3_4,2022,42.23
sen,eco_aggregate_con,ocu_skill_l3_4,2023,43.1
sen,eco_aggregate_con,ocu_skill_l3_4,2024,48.58
sen,eco_aggregate_con,ocu_skill_total,2015,51.99
sen,eco_aggregate_con,ocu_skill_total,2016,51.49
sen,eco_aggregate_con,ocu_skill_total,2019,46.04
sen,eco_aggregate_con,ocu_skill_total,2022,44.72
sen,eco_aggregate_con,ocu_skill_total,2023,45.04
sen,eco_aggregate_con,ocu_skill_total,2024,48.28
sen,eco_aggregate_con,ocu_skill_x,2016,54.85
sen,eco_aggregate_con,ocu_skill_x,2019,44.91
sen,eco_aggregate_con,ocu_skill_x,2022,45.46
sen,eco_aggregate_con,ocu_skill_x,2023,45.15
sen,eco_aggregate_con,ocu_skill_x,2024,58
sen,eco_aggregate_man,ocu_isco08_2,2016,53.74
sen,eco_aggregate_man,ocu_isco08_2,2019,42.13
sen,eco_aggregate_man,ocu_isco08_2,2022,39.09
sen,eco_aggregate_man,ocu_isco08_3,2016,42.44
sen,eco_aggregate_man,ocu_isco08_3,2019,45.75
sen,eco_aggregate_man,ocu_isco08_3,2022,43.43
sen,eco_aggregate_man,ocu_isco08_3,2023,39.06
sen,eco_aggregate_man,ocu_isco08_3,2024,53.76
sen,eco_aggregate_man,ocu_isco08_4,2019,54.18
sen,eco_aggregate_man,ocu_isco08_4,2023,46.96
sen,eco_aggregate_man,ocu_isco08_5,2015,45.34
sen,eco_aggregate_man,ocu_isco08_5,2016,59.87
sen,eco_aggregate_man,ocu_isco08_5,2019,50.76
sen,eco_aggregate_man,ocu_isco08_5,2022,43.93
sen,eco_aggregate_man,ocu_isco08_5,2023,40.54
sen,eco_aggregate_man,ocu_isco08_5,2024,51.62
sen,eco_aggregate_man,ocu_isco08_7,2015,51.96
sen,eco_aggregate_man,ocu_isco08_7,2016,54.43
sen,eco_aggregate_man,ocu_isco08_7,2019,51.49
sen,eco_aggregate_man,ocu_isco08_7,2022,51.59
sen,eco_aggregate_man,ocu_isco08_7,2023,49.38
sen,eco_aggregate_man,ocu_isco08_7,2024,50.13
sen,eco_aggregate_man,ocu_isco08_8,2015,43.73
sen,eco_aggregate_man,ocu_isco08_8,2016,50.76
sen,eco_aggregate_man,ocu_isco08_8,2019,46
sen,eco_aggregate_man,ocu_isco08_8,2022,43.5
sen,eco_aggregate_man,ocu_isco08_8,2023,42.44
sen,eco_aggregate_man,ocu_isco08_8,2024,48.6
sen,eco_aggregate_man,ocu_isco08_9,2015,49.15
sen,eco_aggregate_man,ocu_isco08_9,2016,49.7
sen,eco_aggregate_man,ocu_isco08_9,2019,45.46
sen,eco_aggregate_man,ocu_isco08_9,2022,40.06
sen,eco_aggregate_man,ocu_isco08_9,2023,45.61
sen,eco_aggregate_man,ocu_isco08_9,2024,44.51
sen,eco_aggregate_man,ocu_isco08_total,2015,50.26
sen,eco_aggregate_man,ocu_isco08_total,2016,53.53
sen,eco_aggregate_man,ocu_isco08_total,2019,50.29
sen,eco_aggregate_man,ocu_isco08_total,2022,48.51
sen,eco_aggregate_man,ocu_isco08_total,2023,47.95
sen,eco_aggregate_man,ocu_isco08_total,2024,49.62
sen,eco_aggregate_man,ocu_isco08_x,2016,49.18
sen,eco_aggregate_man,ocu_isco08_x,2019,47.03
sen,eco_aggregate_man,ocu_isco08_x,2022,41.38
sen,eco_aggregate_man,ocu_isco08_x,2023,46.06
sen,eco_aggregate_man,ocu_isco08_x,2024,49.24
sen,eco_aggregate_man,ocu_skill_l1,2015,49.15
sen,eco_aggregate_man,ocu_skill_l1,2016,49.7
sen,eco_aggregate_man,ocu_skill_l1,2019,45.46
sen,eco_aggregate_man,ocu_skill_l1,2022,40.06
sen,eco_aggregate_man,ocu_skill_l1,2023,45.61
sen,eco_aggregate_man,ocu_skill_l1,2024,44.51
sen,eco_aggregate_man,ocu_skill_l2,2015,50.38
sen,eco_aggregate_man,ocu_skill_l2,2016,54.43
sen,eco_aggregate_man,ocu_skill_l2,2019,51.34
sen,eco_aggregate_man,ocu_skill_l2,2022,50.75
sen,eco_aggregate_man,ocu_skill_l2,2023,48.63
sen,eco_aggregate_man,ocu_skill_l2,2024,49.96
sen,eco_aggregate_man,ocu_skill_l3_4,2016,47.3
sen,eco_aggregate_man,ocu_skill_l3_4,2019,44.17
sen,eco_aggregate_man,ocu_skill_l3_4,2022,42.6
sen,eco_aggregate_man,ocu_skill_l3_4,2023,39.82
sen,eco_aggregate_man,ocu_skill_l3_4,2024,53.99
sen,eco_aggregate_man,ocu_skill_total,2015,50.26
sen,eco_aggregate_man,ocu_skill_total,2016,53.53
sen,eco_aggregate_man,ocu_skill_total,2019,50.29
sen,eco_aggregate_man,ocu_skill_total,2022,48.51
sen,eco_aggregate_man,ocu_skill_total,2023,47.95
sen,eco_aggregate_man,ocu_skill_total,2024,49.62
sen,eco_aggregate_man,ocu_skill_x,2016,49.18
sen,eco_aggregate_man,ocu_skill_x,2019,46.85
sen,eco_aggregate_man,ocu_skill_x,2022,41.38
sen,eco_aggregate_man,ocu_skill_x,2023,46.09
sen,eco_aggregate_man,ocu_skill_x,2024,49.24
sen,eco_aggregate_mel,ocu_isco08_2,2015,49.91
sen,eco_aggregate_mel,ocu_isco08_2,2016,55.07
sen,eco_aggregate_mel,ocu_isco08_2,2019,40.2
sen,eco_aggregate_mel,ocu_isco08_2,2022,42.66
sen,eco_aggregate_mel,ocu_isco08_2,2023,36.32
sen,eco_aggregate_mel,ocu_isco08_2,2024,43.71
sen,eco_aggregate_mel,ocu_isco08_3,2015,57.4
sen,eco_aggregate_mel,ocu_isco08_3,2016,48.1
sen,eco_aggregate_mel,ocu_isco08_3,2019,47.41
sen,eco_aggregate_mel,ocu_isco08_3,2022,40.64
sen,eco_aggregate_mel,ocu_isco08_3,2023,53.41
sen,eco_aggregate_mel,ocu_isco08_3,2024,44.97
sen,eco_aggregate_mel,ocu_isco08_4,2015,44.41
sen,eco_aggregate_mel,ocu_isco08_4,2016,47.89
sen,eco_aggregate_mel,ocu_isco08_4,2019,43.26
sen,eco_aggregate_mel,ocu_isco08_4,2023,50.18
sen,eco_aggregate_mel,ocu_isco08_4,2024,50.03
sen,eco_aggregate_mel,ocu_isco08_5,2015,42.96
sen,eco_aggregate_mel,ocu_isco08_5,2016,44.78
sen,eco_aggregate_mel,ocu_isco08_5,2019,59.78
sen,eco_aggregate_mel,ocu_isco08_5,2022,50.51
sen,eco_aggregate_mel,ocu_isco08_5,2023,50.39
sen,eco_aggregate_mel,ocu_isco08_5,2024,60.38
sen,eco_aggregate_mel,ocu_isco08_7,2015,52.45
sen,eco_aggregate_mel,ocu_isco08_7,2016,45.48
sen,eco_aggregate_mel,ocu_isco08_7,2019,44.58
sen,eco_aggregate_mel,ocu_isco08_7,2022,43.61
sen,eco_aggregate_mel,ocu_isco08_7,2023,47.67
sen,eco_aggregate_mel,ocu_isco08_7,2024,47.4
sen,eco_aggregate_mel,ocu_isco08_8,2015,52.46
sen,eco_aggregate_mel,ocu_isco08_8,2016,56.59
sen,eco_aggregate_mel,ocu_isco08_8,2019,46.39
sen,eco_aggregate_mel,ocu_isco08_8,2022,51.56
sen,eco_aggregate_mel,ocu_isco08_8,2023,48.62
sen,eco_aggregate_mel,ocu_isco08_8,2024,58.82
sen,eco_aggregate_mel,ocu_isco08_9,2015,47.94
sen,eco_aggregate_mel,ocu_isco08_9,2016,55.73
sen,eco_aggregate_mel,ocu_isco08_9,2019,47.14
sen,eco_aggregate_mel,ocu_isco08_9,2022,44.59
sen,eco_aggregate_mel,ocu_isco08_9,2023,45.41
sen,eco_aggregate_mel,ocu_isco08_9,2024,39.27
sen,eco_aggregate_mel,ocu_isco08_total,2015,49.75
sen,eco_aggregate_mel,ocu_isco08_total,2016,50.4
sen,eco_aggregate_mel,ocu_isco08_total,2019,47.22
sen,eco_aggregate_mel,ocu_isco08_total,2022,45.56
sen,eco_aggregate_mel,ocu_isco08_total,2023,48.19
sen,eco_aggregate_mel,ocu_isco08_total,2024,48.94
sen,eco_aggregate_mel,ocu_isco08_x,2016,47.81
sen,eco_aggregate_mel,ocu_isco08_x,2019,47.09
sen,eco_aggregate_mel,ocu_isco08_x,2022,55.04
sen,eco_aggregate_mel,ocu_isco08_x,2023,50.74
sen,eco_aggregate_mel,ocu_isco08_x,2024,55.14
sen,eco_aggregate_mel,ocu_skill_l1,2015,47.94
sen,eco_aggregate_mel,ocu_skill_l1,2016,55.73
sen,eco_aggregate_mel,ocu_skill_l1,2019,47.14
sen,eco_aggregate_mel,ocu_skill_l1,2022,44.59
sen,eco_aggregate_mel,ocu_skill_l1,2023,45.41
sen,eco_aggregate_mel,ocu_skill_l1,2024,39.27
sen,eco_aggregate_mel,ocu_skill_l2,2015,49.49
sen,eco_aggregate_mel,ocu_skill_l2,2016,49.26
sen,eco_aggregate_mel,ocu_skill_l2,2019,47.53
sen,eco_aggregate_mel,ocu_skill_l2,2022,46.82
sen,eco_aggregate_mel,ocu_skill_l2,2023,48.99
sen,eco_aggregate_mel,ocu_skill_l2,2024,53.17
sen,eco_aggregate_mel,ocu_skill_l3_4,2015,51.5
sen,eco_aggregate_mel,ocu_skill_l3_4,2016,49.27
sen,eco_aggregate_mel,ocu_skill_l3_4,2019,46.43
sen,eco_aggregate_mel,ocu_skill_l3_4,2022,41.77
sen,eco_aggregate_mel,ocu_skill_l3_4,2023,46.66
sen,eco_aggregate_mel,ocu_skill_l3_4,2024,44.33
sen,eco_aggregate_mel,ocu_skill_total,2015,49.75
sen,eco_aggregate_mel,ocu_skill_total,2016,50.4
sen,eco_aggregate_mel,ocu_skill_total,2019,47.22
sen,eco_aggregate_mel,ocu_skill_total,2022,45.56
sen,eco_aggregate_mel,ocu_skill_total,2023,48.19
sen,eco_aggregate_mel,ocu_skill_total,2024,48.94
sen,eco_aggregate_mel,ocu_skill_x,2016,47.81
sen,eco_aggregate_mel,ocu_skill_x,2019,46.96
sen,eco_aggregate_mel,ocu_skill_x,2022,55.04
sen,eco_aggregate_mel,ocu_skill_x,2023,50.74
sen,eco_aggregate_mel,ocu_skill_x,2024,55.14
sen,eco_aggregate_mkt,ocu_isco08_0,2015,46.84
sen,eco_aggregate_mkt,ocu_isco08_0,2016,74.66
sen,eco_aggregate_mkt,ocu_isco08_0,2019,59.21
sen,eco_aggregate_mkt,ocu_isco08_0,2022,40.96
sen,eco_aggregate_mkt,ocu_isco08_0,2023,65.35
sen,eco_aggregate_mkt,ocu_isco08_0,2024,48.94
sen,eco_aggregate_mkt,ocu_isco08_1,2015,48.07
sen,eco_aggregate_mkt,ocu_isco08_1,2016,57.06
sen,eco_aggregate_mkt,ocu_isco08_1,2019,64.78
sen,eco_aggregate_mkt,ocu_isco08_1,2022,46.83
sen,eco_aggregate_mkt,ocu_isco08_1,2023,43.3
sen,eco_aggregate_mkt,ocu_isco08_1,2024,48.85
sen,eco_aggregate_mkt,ocu_isco08_2,2015,44.92
sen,eco_aggregate_mkt,ocu_isco08_2,2016,47.26
sen,eco_aggregate_mkt,ocu_isco08_2,2019,43.14
sen,eco_aggregate_mkt,ocu_isco08_2,2022,43.46
sen,eco_aggregate_mkt,ocu_isco08_2,2023,41.43
sen,eco_aggregate_mkt,ocu_isco08_2,2024,43.63
sen,eco_aggregate_mkt,ocu_isco08_3,2015,50.3
sen,eco_aggregate_mkt,ocu_isco08_3,2016,51.65
sen,eco_aggregate_mkt,ocu_isco08_3,2019,47.42
sen,eco_aggregate_mkt,ocu_isco08_3,2022,43.76
sen,eco_aggregate_mkt,ocu_isco08_3,2023,43.45
sen,eco_aggregate_mkt,ocu_isco08_3,2024,46.4
sen,eco_aggregate_mkt,ocu_isco08_4,2015,43.47
sen,eco_aggregate_mkt,ocu_isco08_4,2016,50.4
sen,eco_aggregate_mkt,ocu_isco08_4,2019,46.05
sen,eco_aggregate_mkt,ocu_isco08_4,2022,44.35
sen,eco_aggregate_mkt,ocu_isco08_4,2023,43.35
sen,eco_aggregate_mkt,ocu_isco08_4,2024,46.25
sen,eco_aggregate_mkt,ocu_isco08_5,2015,57.1
sen,eco_aggregate_mkt,ocu_isco08_5,2016,63.51
sen,eco_aggregate_mkt,ocu_isco08_5,2019,56.48
sen,eco_aggregate_mkt,ocu_isco08_5,2022,53.82
sen,eco_aggregate_mkt,ocu_isco08_5,2023,53.89
sen,eco_aggregate_mkt,ocu_isco08_5,2024,64.51
sen,eco_aggregate_mkt,ocu_isco08_6,2015,33.09
sen,eco_aggregate_mkt,ocu_isco08_6,2016,46.04
sen,eco_aggregate_mkt,ocu_isco08_6,2019,34.04
sen,eco_aggregate_mkt,ocu_isco08_7,2015,54.93
sen,eco_aggregate_mkt,ocu_isco08_7,2016,57.56
sen,eco_aggregate_mkt,ocu_isco08_7,2019,53.84
sen,eco_aggregate_mkt,ocu_isco08_7,2022,53.55
sen,eco_aggregate_mkt,ocu_isco08_7,2023,55.25
sen,eco_aggregate_mkt,ocu_isco08_7,2024,54.29
sen,eco_aggregate_mkt,ocu_isco08_8,2015,59.15
sen,eco_aggregate_mkt,ocu_isco08_8,2016,65.4
sen,eco_aggregate_mkt,ocu_isco08_8,2019,56.53
sen,eco_aggregate_mkt,ocu_isco08_8,2022,56.56
sen,eco_aggregate_mkt,ocu_isco08_8,2023,53.58
sen,eco_aggregate_mkt,ocu_isco08_8,2024,59.12
sen,eco_aggregate_mkt,ocu_isco08_9,2015,57.19
sen,eco_aggregate_mkt,ocu_isco08_9,2016,58.01
sen,eco_aggregate_mkt,ocu_isco08_9,2019,46.51
sen,eco_aggregate_mkt,ocu_isco08_9,2022,50.48
sen,eco_aggregate_mkt,ocu_isco08_9,2023,53.01
sen,eco_aggregate_mkt,ocu_isco08_9,2024,50.24
sen,eco_aggregate_mkt,ocu_isco08_total,2015,53.9
sen,eco_aggregate_mkt,ocu_isco08_total,2016,59.3
sen,eco_aggregate_mkt,ocu_isco08_total,2019,51.99
sen,eco_aggregate_mkt,ocu_isco08_total,2022,52.07
sen,eco_aggregate_mkt,ocu_isco08_total,2023,51.56
sen,eco_aggregate_mkt,ocu_isco08_total,2024,55.93
sen,eco_aggregate_mkt,ocu_isco08_x,2016,54.79
sen,eco_aggregate_mkt,ocu_isco08_x,2019,46.36
sen,eco_aggregate_mkt,ocu_isco08_x,2022,54.24
sen,eco_aggregate_mkt,ocu_isco08_x,2023,53.57
sen,eco_aggregate_mkt,ocu_isco08_x,2024,55.05
sen,eco_aggregate_mkt,ocu_skill_l1,2015,57.19
sen,eco_aggregate_mkt,ocu_skill_l1,2016,58.01
sen,eco_aggregate_mkt,ocu_skill_l1,2019,46.51
sen,eco_aggregate_mkt,ocu_skill_l1,2022,50.48
sen,eco_aggregate_mkt,ocu_skill_l1,2023,53.01
sen,eco_aggregate_mkt,ocu_skill_l1,2024,50.24
sen,eco_aggregate_mkt,ocu_skill_l2,2015,54.73
sen,eco_aggregate_mkt,ocu_skill_l2,2016,61.48
sen,eco_aggregate_mkt,ocu_skill_l2,2019,55.25
sen,eco_aggregate_mkt,ocu_skill_l2,2022,53.5
sen,eco_aggregate_mkt,ocu_skill_l2,2023,52.44
sen,eco_aggregate_mkt,ocu_skill_l2,2024,58.61
sen,eco_aggregate_mkt,ocu_skill_l3_4,2015,47.71
sen,eco_aggregate_mkt,ocu_skill_l3_4,2016,50.49
sen,eco_aggregate_mkt,ocu_skill_l3_4,2019,46.91
sen,eco_aggregate_mkt,ocu_skill_l3_4,2022,43.79
sen,eco_aggregate_mkt,ocu_skill_l3_4,2023,42.39
sen,eco_aggregate_mkt,ocu_skill_l3_4,2024,45.48
sen,eco_aggregate_mkt,ocu_skill_total,2015,53.9
sen,eco_aggregate_mkt,ocu_skill_total,2016,59.3
sen,eco_aggregate_mkt,ocu_skill_total,2019,51.99
sen,eco_aggregate_mkt,ocu_skill_total,2022,52.07
sen,eco_aggregate_mkt,ocu_skill_total,2023,51.56
sen,eco_aggregate_mkt,ocu_skill_total,2024,55.93
sen,eco_aggregate_mkt,ocu_skill_x,2015,46.84
sen,eco_aggregate_mkt,ocu_skill_x,2016,56.29
sen,eco_aggregate_mkt,ocu_skill_x,2019,46.57
sen,eco_aggregate_mkt,ocu_skill_x,2022,53.16
sen,eco_aggregate_mkt,ocu_skill_x,2023,53.95
sen,eco_aggregate_mkt,ocu_skill_x,2024,54.77
sen,eco_aggregate_pub,ocu_isco08_0,2015,64.39
sen,eco_aggregate_pub,ocu_isco08_0,2016,65.32
sen,eco_aggregate_pub,ocu_isco08_0,2019,57.3
sen,eco_aggregate_pub,ocu_isco08_0,2022,47.75
sen,eco_aggregate_pub,ocu_isco08_0,2023,50.8
sen,eco_aggregate_pub,ocu_isco08_0,2024,52.36
sen,eco_aggregate_pub,ocu_isco08_1,2015,46.63
sen,eco_aggregate_pub,ocu_isco08_1,2016,41.89
sen,eco_aggregate_pub,ocu_isco08_1,2019,54.35
sen,eco_aggregate_pub,ocu_isco08_1,2022,48.05
sen,eco_aggregate_pub,ocu_isco08_1,2023,41.37
sen,eco_aggregate_pub,ocu_isco08_1,2024,48.55
sen,eco_aggregate_pub,ocu_isco08_2,2015,38.94
sen,eco_aggregate_pub,ocu_isco08_2,2016,40.64
sen,eco_aggregate_pub,ocu_isco08_2,2019,40.33
sen,eco_aggregate_pub,ocu_isco08_2,2022,40.17
sen,eco_aggregate_pub,ocu_isco08_2,2023,40.92
sen,eco_aggregate_pub,ocu_isco08_2,2024,40.87
sen,eco_aggregate_pub,ocu_isco08_3,2015,45.43
sen,eco_aggregate_pub,ocu_isco08_3,2016,47.33
sen,eco_aggregate_pub,ocu_isco08_3,2019,44.18
sen,eco_aggregate_pub,ocu_isco08_3,2022,42.07
sen,eco_aggregate_pub,ocu_isco08_3,2023,42
sen,eco_aggregate_pub,ocu_isco08_3,2024,43.16
sen,eco_aggregate_pub,ocu_isco08_4,2015,46.66
sen,eco_aggregate_pub,ocu_isco08_4,2016,47.25
sen,eco_aggregate_pub,ocu_isco08_4,2019,40.18
sen,eco_aggregate_pub,ocu_isco08_4,2022,46.79
sen,eco_aggregate_pub,ocu_isco08_4,2023,43.89
sen,eco_aggregate_pub,ocu_isco08_4,2024,43.42
sen,eco_aggregate_pub,ocu_isco08_5,2015,55.12
sen,eco_aggregate_pub,ocu_isco08_5,2016,49.06
sen,eco_aggregate_pub,ocu_isco08_5,2019,59.78
sen,eco_aggregate_pub,ocu_isco08_5,2022,58.2
sen,eco_aggregate_pub,ocu_isco08_5,2023,50.85
sen,eco_aggregate_pub,ocu_isco08_5,2024,58.13
sen,eco_aggregate_pub,ocu_isco08_6,2015,26.42
sen,eco_aggregate_pub,ocu_isco08_6,2016,13.9
sen,eco_aggregate_pub,ocu_isco08_6,2019,38.19
sen,eco_aggregate_pub,ocu_isco08_6,2024,66.32
sen,eco_aggregate_pub,ocu_isco08_7,2015,57.57
sen,eco_aggregate_pub,ocu_isco08_7,2016,51.22
sen,eco_aggregate_pub,ocu_isco08_7,2019,50.97
sen,eco_aggregate_pub,ocu_isco08_7,2022,48.77
sen,eco_aggregate_pub,ocu_isco08_7,2023,50.68
sen,eco_aggregate_pub,ocu_isco08_7,2024,49.05
sen,eco_aggregate_pub,ocu_isco08_8,2015,51.62
sen,eco_aggregate_pub,ocu_isco08_8,2016,52.01
sen,eco_aggregate_pub,ocu_isco08_8,2019,58.02
sen,eco_aggregate_pub,ocu_isco08_8,2022,43.96
sen,eco_aggregate_pub,ocu_isco08_8,2023,49.35
sen,eco_aggregate_pub,ocu_isco08_8,2024,51.21
sen,eco_aggregate_pub,ocu_isco08_9,2015,40.97
sen,eco_aggregate_pub,ocu_isco08_9,2016,45.42
sen,eco_aggregate_pub,ocu_isco08_9,2019,41.59
sen,eco_aggregate_pub,ocu_isco08_9,2022,46.72
sen,eco_aggregate_pub,ocu_isco08_9,2023,46.62
sen,eco_aggregate_pub,ocu_isco08_9,2024,47.96
sen,eco_aggregate_pub,ocu_isco08_total,2015,44.5
sen,eco_aggregate_pub,ocu_isco08_total,2016,43.69
sen,eco_aggregate_pub,ocu_isco08_total,2019,46.09
sen,eco_aggregate_pub,ocu_isco08_total,2022,48.26
sen,eco_aggregate_pub,ocu_isco08_total,2023,45.83
sen,eco_aggregate_pub,ocu_isco08_total,2024,46.45
sen,eco_aggregate_pub,ocu_isco08_x,2016,38.78
sen,eco_aggregate_pub,ocu_isco08_x,2019,47.99
sen,eco_aggregate_pub,ocu_isco08_x,2022,52.98
sen,eco_aggregate_pub,ocu_isco08_x,2023,43.9
sen,eco_aggregate_pub,ocu_isco08_x,2024,43.19
sen,eco_aggregate_pub,ocu_skill_l1,2015,40.97
sen,eco_aggregate_pub,ocu_skill_l1,2016,45.42
sen,eco_aggregate_pub,ocu_skill_l1,2019,41.59
sen,eco_aggregate_pub,ocu_skill_l1,2022,46.72
sen,eco_aggregate_pub,ocu_skill_l1,2023,46.62
sen,eco_aggregate_pub,ocu_skill_l1,2024,47.96
sen,eco_aggregate_pub,ocu_skill_l2,2015,51.75
sen,eco_aggregate_pub,ocu_skill_l2,2016,47.94
sen,eco_aggregate_pub,ocu_skill_l2,2019,54.53
sen,eco_aggregate_pub,ocu_skill_l2,2022,53.34
sen,eco_aggregate_pub,ocu_skill_l2,2023,48.97
sen,eco_aggregate_pub,ocu_skill_l2,2024,52.17
sen,eco_aggregate_pub,ocu_skill_l3_4,2015,40.67
sen,eco_aggregate_pub,ocu_skill_l3_4,2016,41.26
sen,eco_aggregate_pub,ocu_skill_l3_4,2019,41.54
sen,eco_aggregate_pub,ocu_skill_l3_4,2022,40.66
sen,eco_aggregate_pub,ocu_skill_l3_4,2023,41.15
sen,eco_aggregate_pub,ocu_skill_l3_4,2024,41.62
sen,eco_aggregate_pub,ocu_skill_total,2015,44.5
sen,eco_aggregate_pub,ocu_skill_total,2016,43.69
sen,eco_aggregate_pub,ocu_skill_total,2019,46.09
sen,eco_aggregate_pub,ocu_skill_total,2022,48.26
sen,eco_aggregate_pub,ocu_skill_total,2023,45.83
sen,eco_aggregate_pub,ocu_skill_total,2024,46.45
sen,eco_aggregate_pub,ocu_skill_x,2015,64.39
sen,eco_aggregate_pub,ocu_skill_x,2016,40.38
sen,eco_aggregate_pub,ocu_skill_x,2019,48.96
sen,eco_aggregate_pub,ocu_skill_x,2022,52.3
sen,eco_aggregate_pub,ocu_skill_x,2023,44.84
sen,eco_aggregate_pub,ocu_skill_x,2024,44.11
sen,eco_aggregate_total,ocu_isco08_0,2015,58.77
sen,eco_aggregate_total,ocu_isco08_0,2016,66.97
sen,eco_aggregate_total,ocu_isco08_0,2019,56.36
sen,eco_aggregate_total,ocu_isco08_0,2022,45.84
sen,eco_aggregate_total,ocu_isco08_0,2023,52.58
sen,eco_aggregate_total,ocu_isco08_0,2024,51.46
sen,eco_aggregate_total,ocu_isco08_1,2015,47.8
sen,eco_aggregate_total,ocu_isco08_1,2016,47.2
sen,eco_aggregate_total,ocu_isco08_1,2019,55.02
sen,eco_aggregate_total,ocu_isco08_1,2022,46.55
sen,eco_aggregate_total,ocu_isco08_1,2023,42.74
sen,eco_aggregate_total,ocu_isco08_1,2024,48.74
sen,eco_aggregate_total,ocu_isco08_2,2015,40.4
sen,eco_aggregate_total,ocu_isco08_2,2016,41.62
sen,eco_aggregate_total,ocu_isco08_2,2019,40.72
sen,eco_aggregate_total,ocu_isco08_2,2022,41.07
sen,eco_aggregate_total,ocu_isco08_2,2023,40.93
sen,eco_aggregate_total,ocu_isco08_2,2024,41.78
sen,eco_aggregate_total,ocu_isco08_3,2015,47.26
sen,eco_aggregate_total,ocu_isco08_3,2016,48.74
sen,eco_aggregate_total,ocu_isco08_3,2019,46.95
sen,eco_aggregate_total,ocu_isco08_3,2022,42.51
sen,eco_aggregate_total,ocu_isco08_3,2023,43.06
sen,eco_aggregate_total,ocu_isco08_3,2024,45.14
sen,eco_aggregate_total,ocu_isco08_4,2015,45.81
sen,eco_aggregate_total,ocu_isco08_4,2016,48.69
sen,eco_aggregate_total,ocu_isco08_4,2019,43.65
sen,eco_aggregate_total,ocu_isco08_4,2022,45.07
sen,eco_aggregate_total,ocu_isco08_4,2023,43.95
sen,eco_aggregate_total,ocu_isco08_4,2024,44.6
sen,eco_aggregate_total,ocu_isco08_5,2015,55.55
sen,eco_aggregate_total,ocu_isco08_5,2016,53.06
sen,eco_aggregate_total,ocu_isco08_5,2019,57.67
sen,eco_aggregate_total,ocu_isco08_5,2022,55.09
sen,eco_aggregate_total,ocu_isco08_5,2023,51.7
sen,eco_aggregate_total,ocu_isco08_5,2024,61.49
sen,eco_aggregate_total,ocu_isco08_6,2015,30.99
sen,eco_aggregate_total,ocu_isco08_6,2016,33.08
sen,eco_aggregate_total,ocu_isco08_6,2019,30.6
sen,eco_aggregate_total,ocu_isco08_6,2022,41.56
sen,eco_aggregate_total,ocu_isco08_6,2023,38.58
sen,eco_aggregate_total,ocu_isco08_6,2024,40.92
sen,eco_aggregate_total,ocu_isco08_7,2015,54
sen,eco_aggregate_total,ocu_isco08_7,2016,52.43
sen,eco_aggregate_total,ocu_isco08_7,2019,49.68
sen,eco_aggregate_total,ocu_isco08_7,2022,49.17
sen,eco_aggregate_total,ocu_isco08_7,2023,48.68
sen,eco_aggregate_total,ocu_isco08_7,2024,49.37
sen,eco_aggregate_total,ocu_isco08_8,2015,56.59
sen,eco_aggregate_total,ocu_isco08_8,2016,62.05
sen,eco_aggregate_total,ocu_isco08_8,2019,55.26
sen,eco_aggregate_total,ocu_isco08_8,2022,54.21
sen,eco_aggregate_total,ocu_isco08_8,2023,52.15
sen,eco_aggregate_total,ocu_isco08_8,2024,57.79
sen,eco_aggregate_total,ocu_isco08_9,2015,43.35
sen,eco_aggregate_total,ocu_isco08_9,2016,47.12
sen,eco_aggregate_total,ocu_isco08_9,2019,42.87
sen,eco_aggregate_total,ocu_isco08_9,2022,45.51
sen,eco_aggregate_total,ocu_isco08_9,2023,45.21
sen,eco_aggregate_total,ocu_isco08_9,2024,44.41
sen,eco_aggregate_total,ocu_isco08_total,2015,43.21
sen,eco_aggregate_total,ocu_isco08_total,2016,42.71
sen,eco_aggregate_total,ocu_isco08_total,2019,45.4
sen,eco_aggregate_total,ocu_isco08_total,2022,46.95
sen,eco_aggregate_total,ocu_isco08_total,2023,45.89
sen,eco_aggregate_total,ocu_isco08_total,2024,48.31
sen,eco_aggregate_total,ocu_isco08_x,2016,34.84
sen,eco_aggregate_total,ocu_isco08_x,2019,42.56
sen,eco_aggregate_total,ocu_isco08_x,2022,44.69
sen,eco_aggregate_total,ocu_isco08_x,2023,43.18
sen,eco_aggregate_total,ocu_isco08_x,2024,47.38
sen,eco_aggregate_total,ocu_skill_l1,2015,43.35
sen,eco_aggregate_total,ocu_skill_l1,2016,47.12
sen,eco_aggregate_total,ocu_skill_l1,2019,42.87
sen,eco_aggregate_total,ocu_skill_l1,2022,45.51
sen,eco_aggregate_total,ocu_skill_l1,2023,45.21
sen,eco_aggregate_total,ocu_skill_l1,2024,44.41
sen,eco_aggregate_total,ocu_skill_l2,2015,43.03
sen,eco_aggregate_total,ocu_skill_l2,2016,44.23
sen,eco_aggregate_total,ocu_skill_l2,2019,47.72
sen,eco_aggregate_total,ocu_skill_l2,2022,49.97
sen,eco_aggregate_total,ocu_skill_l2,2023,48.24
sen,eco_aggregate_total,ocu_skill_l2,2024,51.15
sen,eco_aggregate_total,ocu_skill_l3_4,2015,43
sen,eco_aggregate_total,ocu_skill_l3_4,2016,43.2
sen,eco_aggregate_total,ocu_skill_l3_4,2019,43.04
sen,eco_aggregate_total,ocu_skill_l3_4,2022,41.64
sen,eco_aggregate_total,ocu_skill_l3_4,2023,41.64
sen,eco_aggregate_total,ocu_skill_l3_4,2024,43.06
sen,eco_aggregate_total,ocu_skill_total,2015,43.21
sen,eco_aggregate_total,ocu_skill_total,2016,42.71
sen,eco_aggregate_total,ocu_skill_total,2019,45.4
sen,eco_aggregate_total,ocu_skill_total,2022,46.95
sen,eco_aggregate_total,ocu_skill_total,2023,45.89
sen,eco_aggregate_total,ocu_skill_total,2024,48.31
sen,eco_aggregate_total,ocu_skill_x,2015,58.77
sen,eco_aggregate_total,ocu_skill_x,2016,35.8
sen,eco_aggregate_total,ocu_skill_x,2019,42.94
sen,eco_aggregate_total,ocu_skill_x,2022,44.75
sen,eco_aggregate_total,ocu_skill_x,2023,43.57
sen,eco_aggregate_total,ocu_skill_x,2024,47.66
sen,eco_isic4_a,ocu_isco08_0,2019,38.47
sen,eco_isic4_a,ocu_isco08_0,2024,51.09
sen,eco_isic4_a,ocu_isco08_2,2016,53.92
sen,eco_isic4_a,ocu_isco08_2,2022,48.42
sen,eco_isic4_a,ocu_isco08_2,2023,40.66
sen,eco_isic4_a,ocu_isco08_2,2024,45.59
sen,eco_isic4_a,ocu_isco08_3,2019,66.81
sen,eco_isic4_a,ocu_isco08_4,2022,40.67
sen,eco_isic4_a,ocu_isco08_4,2024,41.12
sen,eco_isic4_a,ocu_isco08_5,2015,36.87
sen,eco_isic4_a,ocu_isco08_5,2016,32.6
sen,eco_isic4_a,ocu_isco08_5,2019,57.52
sen,eco_isic4_a,ocu_isco08_5,2022,31.75
sen,eco_isic4_a,ocu_isco08_5,2023,52.6
sen,eco_isic4_a,ocu_isco08_5,2024,65.45
sen,eco_isic4_a,ocu_isco08_6,2015,31.07
sen,eco_isic4_a,ocu_isco08_6,2016,33.36
sen,eco_isic4_a,ocu_isco08_6,2019,30.53
sen,eco_isic4_a,ocu_isco08_6,2022,41.44
sen,eco_isic4_a,ocu_isco08_6,2023,38.53
sen,eco_isic4_a,ocu_isco08_6,2024,40.72
sen,eco_isic4_a,ocu_isco08_7,2016,24.89
sen,eco_isic4_a,ocu_isco08_7,2019,38.27
sen,eco_isic4_a,ocu_isco08_7,2024,45.87
sen,eco_isic4_a,ocu_isco08_8,2015,59.54
sen,eco_isic4_a,ocu_isco08_8,2016,26.53
sen,eco_isic4_a,ocu_isco08_8,2022,62.57
sen,eco_isic4_a,ocu_isco08_8,2024,61.95
sen,eco_isic4_a,ocu_isco08_9,2015,34.87
sen,eco_isic4_a,ocu_isco08_9,2016,45.42
sen,eco_isic4_a,ocu_isco08_9,2019,39.84
sen,eco_isic4_a,ocu_isco08_9,2022,35.61
sen,eco_isic4_a,ocu_isco08_9,2023,29.85
sen,eco_isic4_a,ocu_isco08_9,2024,35.23
sen,eco_isic4_a,ocu_isco08_total,2015,31.78
sen,eco_isic4_a,ocu_isco08_total,2016,33.04
sen,eco_isic4_a,ocu_isco08_total,2019,34.94
sen,eco_isic4_a,ocu_isco08_total,2022,38.1
sen,eco_isic4_a,ocu_isco08_total,2023,38.32
sen,eco_isic4_a,ocu_isco08_total,2024,43.4
sen,eco_isic4_a,ocu_isco08_x,2016,27.83
sen,eco_isic4_a,ocu_isco08_x,2019,37.94
sen,eco_isic4_a,ocu_isco08_x,2022,36.75
sen,eco_isic4_a,ocu_isco08_x,2023,39.33
sen,eco_isic4_a,ocu_isco08_x,2024,46.77
sen,eco_isic4_a,ocu_skill_l1,2015,34.87
sen,eco_isic4_a,ocu_skill_l1,2016,45.42
sen,eco_isic4_a,ocu_skill_l1,2019,39.84
sen,eco_isic4_a,ocu_skill_l1,2022,35.61
sen,eco_isic4_a,ocu_skill_l1,2023,29.85
sen,eco_isic4_a,ocu_skill_l1,2024,35.23
sen,eco_isic4_a,ocu_skill_l2,2015,31.44
sen,eco_isic4_a,ocu_skill_l2,2016,33.14
sen,eco_isic4_a,ocu_skill_l2,2019,30.94
sen,eco_isic4_a,ocu_skill_l2,2022,41.25
sen,eco_isic4_a,ocu_skill_l2,2023,38.83
sen,eco_isic4_a,ocu_skill_l2,2024,42.63
sen,eco_isic4_a,ocu_skill_l3_4,2015,48
sen,eco_isic4_a,ocu_skill_l3_4,2016,49.64
sen,eco_isic4_a,ocu_skill_l3_4,2019,62.34
sen,eco_isic4_a,ocu_skill_l3_4,2022,47.07
sen,eco_isic4_a,ocu_skill_l3_4,2023,40.64
sen,eco_isic4_a,ocu_skill_l3_4,2024,42.98
sen,eco_isic4_a,ocu_skill_total,2015,31.78
sen,eco_isic4_a,ocu_skill_total,2016,33.04
sen,eco_isic4_a,ocu_skill_total,2019,34.94
sen,eco_isic4_a,ocu_skill_total,2022,38.1
sen,eco_isic4_a,ocu_skill_total,2023,38.32
sen,eco_isic4_a,ocu_skill_total,2024,43.4
sen,eco_isic4_a,ocu_skill_x,2016,27.83
sen,eco_isic4_a,ocu_skill_x,2019,37.94
sen,eco_isic4_a,ocu_skill_x,2022,36.75
sen,eco_isic4_a,ocu_skill_x,2023,39.33
sen,eco_isic4_a,ocu_skill_x,2024,47.02
sen,eco_isic4_b,ocu_isco08_2,2015,46.61
sen,eco_isic4_b,ocu_isco08_2,2022,45.78
sen,eco_isic4_b,ocu_isco08_2,2024,48.53
sen,eco_isic4_b,ocu_isco08_3,2019,49.57
sen,eco_isic4_b,ocu_isco08_3,2022,40.38
sen,eco_isic4_b,ocu_isco08_3,2023,44.96
sen,eco_isic4_b,ocu_isco08_3,2024,44.58
sen,eco_isic4_b,ocu_isco08_4,2019,39.32
sen,eco_isic4_b,ocu_isco08_5,2019,50.8
sen,eco_isic4_b,ocu_isco08_5,2022,69.65
sen,eco_isic4_b,ocu_isco08_5,2023,52.35
sen,eco_isic4_b,ocu_isco08_5,2024,61.87
sen,eco_isic4_b,ocu_isco08_7,2015,58.81
sen,eco_isic4_b,ocu_isco08_7,2016,46.06
sen,eco_isic4_b,ocu_isco08_7,2019,48.44
sen,eco_isic4_b,ocu_isco08_7,2022,42.13
sen,eco_isic4_b,ocu_isco08_7,2023,50.1
sen,eco_isic4_b,ocu_isco08_7,2024,48.95
sen,eco_isic4_b,ocu_isco08_8,2015,48.79
sen,eco_isic4_b,ocu_isco08_8,2016,51.33
sen,eco_isic4_b,ocu_isco08_8,2019,45.9
sen,eco_isic4_b,ocu_isco08_8,2022,54.37
sen,eco_isic4_b,ocu_isco08_8,2023,50.91
sen,eco_isic4_b,ocu_isco08_8,2024,57.41
sen,eco_isic4_b,ocu_isco08_9,2015,45.93
sen,eco_isic4_b,ocu_isco08_9,2016,53.75
sen,eco_isic4_b,ocu_isco08_9,2019,48.77
sen,eco_isic4_b,ocu_isco08_9,2022,52.25
sen,eco_isic4_b,ocu_isco08_9,2023,38.57
sen,eco_isic4_b,ocu_isco08_9,2024,38.03
sen,eco_isic4_b,ocu_isco08_total,2015,50.36
sen,eco_isic4_b,ocu_isco08_total,2016,51.08
sen,eco_isic4_b,ocu_isco08_total,2019,48.72
sen,eco_isic4_b,ocu_isco08_total,2022,48.06
sen,eco_isic4_b,ocu_isco08_total,2023,44.61
sen,eco_isic4_b,ocu_isco08_total,2024,48.92
sen,eco_isic4_b,ocu_isco08_x,2016,49.11
sen,eco_isic4_b,ocu_isco08_x,2019,52.35
sen,eco_isic4_b,ocu_isco08_x,2022,51.51
sen,eco_isic4_b,ocu_isco08_x,2023,38.89
sen,eco_isic4_b,ocu_isco08_x,2024,47.98
sen,eco_isic4_b,ocu_skill_l1,2015,45.93
sen,eco_isic4_b,ocu_skill_l1,2016,53.75
sen,eco_isic4_b,ocu_skill_l1,2019,48.77
sen,eco_isic4_b,ocu_skill_l1,2022,52.25
sen,eco_isic4_b,ocu_skill_l1,2023,38.57
sen,eco_isic4_b,ocu_skill_l1,2024,38.03
sen,eco_isic4_b,ocu_skill_l2,2015,53.94
sen,eco_isic4_b,ocu_skill_l2,2016,49.46
sen,eco_isic4_b,ocu_skill_l2,2019,46.84
sen,eco_isic4_b,ocu_skill_l2,2022,50.07
sen,eco_isic4_b,ocu_skill_l2,2023,50.17
sen,eco_isic4_b,ocu_skill_l2,2024,54.74
sen,eco_isic4_b,ocu_skill_l3_4,2015,47.78
sen,eco_isic4_b,ocu_skill_l3_4,2016,53.62
sen,eco_isic4_b,ocu_skill_l3_4,2019,48.35
sen,eco_isic4_b,ocu_skill_l3_4,2022,42.41
sen,eco_isic4_b,ocu_skill_l3_4,2023,44.84
sen,eco_isic4_b,ocu_skill_l3_4,2024,46.71
sen,eco_isic4_b,ocu_skill_total,2015,50.36
sen,eco_isic4_b,ocu_skill_total,2016,51.08
sen,eco_isic4_b,ocu_skill_total,2019,48.72
sen,eco_isic4_b,ocu_skill_total,2022,48.06
sen,eco_isic4_b,ocu_skill_total,2023,44.61
sen,eco_isic4_b,ocu_skill_total,2024,48.92
sen,eco_isic4_b,ocu_skill_x,2016,49.11
sen,eco_isic4_b,ocu_skill_x,2019,52.03
sen,eco_isic4_b,ocu_skill_x,2022,51.51
sen,eco_isic4_b,ocu_skill_x,2023,38.89
sen,eco_isic4_b,ocu_skill_x,2024,47.98
sen,eco_isic4_c,ocu_isco08_2,2016,53.74
sen,eco_isic4_c,ocu_isco08_2,2019,42.13
sen,eco_isic4_c,ocu_isco08_2,2022,39.09
sen,eco_isic4_c,ocu_isco08_3,2016,42.44
sen,eco_isic4_c,ocu_isco08_3,2019,45.75
sen,eco_isic4_c,ocu_isco08_3,2022,43.43
sen,eco_isic4_c,ocu_isco08_3,2023,39.06
sen,eco_isic4_c,ocu_isco08_3,2024,53.76
sen,eco_isic4_c,ocu_isco08_4,2019,54.18
sen,eco_isic4_c,ocu_isco08_4,2023,46.96
sen,eco_isic4_c,ocu_isco08_5,2015,45.34
sen,eco_isic4_c,ocu_isco08_5,2016,59.87
sen,eco_isic4_c,ocu_isco08_5,2019,50.76
sen,eco_isic4_c,ocu_isco08_5,2022,43.93
sen,eco_isic4_c,ocu_isco08_5,2023,40.54
sen,eco_isic4_c,ocu_isco08_5,2024,51.62
sen,eco_isic4_c,ocu_isco08_7,2015,51.96
sen,eco_isic4_c,ocu_isco08_7,2016,54.43
sen,eco_isic4_c,ocu_isco08_7,2019,51.49
sen,eco_isic4_c,ocu_isco08_7,2022,51.59
sen,eco_isic4_c,ocu_isco08_7,2023,49.38
sen,eco_isic4_c,ocu_isco08_7,2024,50.13
sen,eco_isic4_c,ocu_isco08_8,2015,43.73
sen,eco_isic4_c,ocu_isco08_8,2016,50.76
sen,eco_isic4_c,ocu_isco08_8,2019,46
sen,eco_isic4_c,ocu_isco08_8,2022,43.5
sen,eco_isic4_c,ocu_isco08_8,2023,42.44
sen,eco_isic4_c,ocu_isco08_8,2024,48.6
sen,eco_isic4_c,ocu_isco08_9,2015,49.15
sen,eco_isic4_c,ocu_isco08_9,2016,49.7
sen,eco_isic4_c,ocu_isco08_9,2019,45.46
sen,eco_isic4_c,ocu_isco08_9,2022,40.06
sen,eco_isic4_c,ocu_isco08_9,2023,45.61
sen,eco_isic4_c,ocu_isco08_9,2024,44.51
sen,eco_isic4_c,ocu_isco08_total,2015,50.26
sen,eco_isic4_c,ocu_isco08_total,2016,53.53
sen,eco_isic4_c,ocu_isco08_total,2019,50.29
sen,eco_isic4_c,ocu_isco08_total,2022,48.51
sen,eco_isic4_c,ocu_isco08_total,2023,47.95
sen,eco_isic4_c,ocu_isco08_total,2024,49.62
sen,eco_isic4_c,ocu_isco08_x,2016,49.18
sen,eco_isic4_c,ocu_isco08_x,2019,47.03
sen,eco_isic4_c,ocu_isco08_x,2022,41.38
sen,eco_isic4_c,ocu_isco08_x,2023,46.06
sen,eco_isic4_c,ocu_isco08_x,2024,49.24
sen,eco_isic4_c,ocu_skill_l1,2015,49.15
sen,eco_isic4_c,ocu_skill_l1,2016,49.7
sen,eco_isic4_c,ocu_skill_l1,2019,45.46
sen,eco_isic4_c,ocu_skill_l1,2022,40.06
sen,eco_isic4_c,ocu_skill_l1,2023,45.61
sen,eco_isic4_c,ocu_skill_l1,2024,44.51
sen,eco_isic4_c,ocu_skill_l2,2015,50.38
sen,eco_isic4_c,ocu_skill_l2,2016,54.43
sen,eco_isic4_c,ocu_skill_l2,2019,51.34
sen,eco_isic4_c,ocu_skill_l2,2022,50.75
sen,eco_isic4_c,ocu_skill_l2,2023,48.63
sen,eco_isic4_c,ocu_skill_l2,2024,49.96
sen,eco_isic4_c,ocu_skill_l3_4,2016,47.3
sen,eco_isic4_c,ocu_skill_l3_4,2019,44.17
sen,eco_isic4_c,ocu_skill_l3_4,2022,42.6
sen,eco_isic4_c,ocu_skill_l3_4,2023,39.82
sen,eco_isic4_c,ocu_skill_l3_4,2024,53.99
sen,eco_isic4_c,ocu_skill_total,2015,50.26
sen,eco_isic4_c,ocu_skill_total,2016,53.53
sen,eco_isic4_c,ocu_skill_total,2019,50.29
sen,eco_isic4_c,ocu_skill_total,2022,48.51
sen,eco_isic4_c,ocu_skill_total,2023,47.95
sen,eco_isic4_c,ocu_skill_total,2024,49.62
sen,eco_isic4_c,ocu_skill_x,2016,49.18
sen,eco_isic4_c,ocu_skill_x,2019,46.85
sen,eco_isic4_c,ocu_skill_x,2022,41.38
sen,eco_isic4_c,ocu_skill_x,2023,46.09
sen,eco_isic4_c,ocu_skill_x,2024,49.24
sen,eco_isic4_d,ocu_isco08_2,2015,51.49
sen,eco_isic4_d,ocu_isco08_2,2022,41.88
sen,eco_isic4_d,ocu_isco08_2,2023,36.22
sen,eco_isic4_d,ocu_isco08_2,2024,40.51
sen,eco_isic4_d,ocu_isco08_3,2016,39.64
sen,eco_isic4_d,ocu_isco08_3,2019,43.54
sen,eco_isic4_d,ocu_isco08_3,2022,41.22
sen,eco_isic4_d,ocu_isco08_3,2023,47.83
sen,eco_isic4_d,ocu_isco08_3,2024,46.26
sen,eco_isic4_d,ocu_isco08_4,2016,45.41
sen,eco_isic4_d,ocu_isco08_5,2015,33.44
sen,eco_isic4_d,ocu_isco08_5,2016,42.7
sen,eco_isic4_d,ocu_isco08_5,2019,74.8
sen,eco_isic4_d,ocu_isco08_5,2022,48.22
sen,eco_isic4_d,ocu_isco08_5,2023,46.92
sen,eco_isic4_d,ocu_isco08_7,2015,38.81
sen,eco_isic4_d,ocu_isco08_7,2016,45.17
sen,eco_isic4_d,ocu_isco08_7,2019,41.87
sen,eco_isic4_d,ocu_isco08_7,2022,46.15
sen,eco_isic4_d,ocu_isco08_7,2023,44.98
sen,eco_isic4_d,ocu_isco08_7,2024,46.26
sen,eco_isic4_d,ocu_isco08_8,2019,39.66
sen,eco_isic4_d,ocu_isco08_8,2023,37.74
sen,eco_isic4_d,ocu_isco08_9,2015,58.01
sen,eco_isic4_d,ocu_isco08_9,2019,44.89
sen,eco_isic4_d,ocu_isco08_9,2023,56.26
sen,eco_isic4_d,ocu_isco08_total,2015,48.51
sen,eco_isic4_d,ocu_isco08_total,2016,45.89
sen,eco_isic4_d,ocu_isco08_total,2019,45.96
sen,eco_isic4_d,ocu_isco08_total,2022,43.93
sen,eco_isic4_d,ocu_isco08_total,2023,45.11
sen,eco_isic4_d,ocu_isco08_total,2024,46.14
sen,eco_isic4_d,ocu_isco08_x,2016,48.35
sen,eco_isic4_d,ocu_isco08_x,2019,39.46
sen,eco_isic4_d,ocu_isco08_x,2022,77.38
sen,eco_isic4_d,ocu_isco08_x,2023,47.11
sen,eco_isic4_d,ocu_skill_l1,2015,58.01
sen,eco_isic4_d,ocu_skill_l1,2019,44.89
sen,eco_isic4_d,ocu_skill_l1,2023,56.26
sen,eco_isic4_d,ocu_skill_l2,2015,39.03
sen,eco_isic4_d,ocu_skill_l2,2016,45.4
sen,eco_isic4_d,ocu_skill_l2,2019,47.91
sen,eco_isic4_d,ocu_skill_l2,2022,45.77
sen,eco_isic4_d,ocu_skill_l2,2023,45.16
sen,eco_isic4_d,ocu_skill_l2,2024,48.03
sen,eco_isic4_d,ocu_skill_l3_4,2015,54.26
sen,eco_isic4_d,ocu_skill_l3_4,2016,41.66
sen,eco_isic4_d,ocu_skill_l3_4,2019,45.11
sen,eco_isic4_d,ocu_skill_l3_4,2022,41.54
sen,eco_isic4_d,ocu_skill_l3_4,2023,42.26
sen,eco_isic4_d,ocu_skill_l3_4,2024,42.53
sen,eco_isic4_d,ocu_skill_total,2015,48.51
sen,eco_isic4_d,ocu_skill_total,2016,45.89
sen,eco_isic4_d,ocu_skill_total,2019,45.96
sen,eco_isic4_d,ocu_skill_total,2022,43.93
sen,eco_isic4_d,ocu_skill_total,2023,45.11
sen,eco_isic4_d,ocu_skill_total,2024,46.14
sen,eco_isic4_d,ocu_skill_x,2016,48.35
sen,eco_isic4_d,ocu_skill_x,2019,39.46
sen,eco_isic4_d,ocu_skill_x,2022,77.38
sen,eco_isic4_d,ocu_skill_x,2023,47.11
sen,eco_isic4_e,ocu_isco08_3,2023,75.78
sen,eco_isic4_e,ocu_isco08_7,2015,55.23
sen,eco_isic4_e,ocu_isco08_7,2022,42.13
sen,eco_isic4_e,ocu_isco08_9,2015,38.49
sen,eco_isic4_e,ocu_isco08_9,2016,59.81
sen,eco_isic4_e,ocu_isco08_9,2019,44.53
sen,eco_isic4_e,ocu_isco08_9,2022,37.48
sen,eco_isic4_e,ocu_isco08_9,2023,44.61
sen,eco_isic4_e,ocu_isco08_9,2024,42.4
sen,eco_isic4_e,ocu_isco08_total,2015,51.02
sen,eco_isic4_e,ocu_isco08_total,2016,60
sen,eco_isic4_e,ocu_isco08_total,2019,45.99
sen,eco_isic4_e,ocu_isco08_total,2022,44.57
sen,eco_isic4_e,ocu_isco08_total,2023,64.44
sen,eco_isic4_e,ocu_isco08_total,2024,54.43
sen,eco_isic4_e,ocu_isco08_x,2019,39.52
sen,eco_isic4_e,ocu_isco08_x,2022,52.99
sen,eco_isic4_e,ocu_isco08_x,2023,78.17
sen,eco_isic4_e,ocu_isco08_x,2024,68.73
sen,eco_isic4_e,ocu_skill_l1,2015,38.49
sen,eco_isic4_e,ocu_skill_l1,2016,59.81
sen,eco_isic4_e,ocu_skill_l1,2019,44.53
sen,eco_isic4_e,ocu_skill_l1,2022,37.48
sen,eco_isic4_e,ocu_skill_l1,2023,44.61
sen,eco_isic4_e,ocu_skill_l1,2024,42.4
sen,eco_isic4_e,ocu_skill_l2,2015,56.12
sen,eco_isic4_e,ocu_skill_l2,2016,63.21
sen,eco_isic4_e,ocu_skill_l2,2019,48.28
sen,eco_isic4_e,ocu_skill_l2,2022,44.82
sen,eco_isic4_e,ocu_skill_l2,2023,65.07
sen,eco_isic4_e,ocu_skill_l2,2024,54.79
sen,eco_isic4_e,ocu_skill_l3_4,2023,74.12
sen,eco_isic4_e,ocu_skill_total,2015,51.02
sen,eco_isic4_e,ocu_skill_total,2016,60
sen,eco_isic4_e,ocu_skill_total,2019,45.99
sen,eco_isic4_e,ocu_skill_total,2022,44.57
sen,eco_isic4_e,ocu_skill_total,2023,64.44
sen,eco_isic4_e,ocu_skill_total,2024,54.43
sen,eco_isic4_e,ocu_skill_x,2019,39.52
sen,eco_isic4_e,ocu_skill_x,2022,52.99
sen,eco_isic4_e,ocu_skill_x,2023,78.17
sen,eco_isic4_e,ocu_skill_x,2024,68.73
sen,eco_isic4_f,ocu_isco08_2,2015,47.18
sen,eco_isic4_f,ocu_isco08_2,2016,45.65
sen,eco_isic4_f,ocu_isco08_2,2019,48.66
sen,eco_isic4_f,ocu_isco08_2,2022,44.25
sen,eco_isic4_f,ocu_isco08_2,2023,43.34
sen,eco_isic4_f,ocu_isco08_2,2024,47.3
sen,eco_isic4_f,ocu_isco08_3,2015,39.06
sen,eco_isic4_f,ocu_isco08_3,2016,49.25
sen,eco_isic4_f,ocu_isco08_3,2019,50.58
sen,eco_isic4_f,ocu_isco08_3,2022,40.18
sen,eco_isic4_f,ocu_isco08_3,2023,43.13
sen,eco_isic4_f,ocu_isco08_3,2024,51.54
sen,eco_isic4_f,ocu_isco08_5,2015,62.92
sen,eco_isic4_f,ocu_isco08_5,2016,45.16
sen,eco_isic4_f,ocu_isco08_5,2019,82.37
sen,eco_isic4_f,ocu_isco08_5,2023,38.74
sen,eco_isic4_f,ocu_isco08_7,2015,52.73
sen,eco_isic4_f,ocu_isco08_7,2016,52.28
sen,eco_isic4_f,ocu_isco08_7,2019,45.53
sen,eco_isic4_f,ocu_isco08_7,2022,45.79
sen,eco_isic4_f,ocu_isco08_7,2023,45.6
sen,eco_isic4_f,ocu_isco08_7,2024,47.63
sen,eco_isic4_f,ocu_isco08_8,2015,52.23
sen,eco_isic4_f,ocu_isco08_8,2016,48.72
sen,eco_isic4_f,ocu_isco08_8,2022,42.71
sen,eco_isic4_f,ocu_isco08_8,2023,48.5
sen,eco_isic4_f,ocu_isco08_8,2024,63.58
sen,eco_isic4_f,ocu_isco08_9,2015,50.89
sen,eco_isic4_f,ocu_isco08_9,2016,48.8
sen,eco_isic4_f,ocu_isco08_9,2019,48.19
sen,eco_isic4_f,ocu_isco08_9,2022,40.06
sen,eco_isic4_f,ocu_isco08_9,2023,41.52
sen,eco_isic4_f,ocu_isco08_9,2024,47.47
sen,eco_isic4_f,ocu_isco08_total,2015,51.99
sen,eco_isic4_f,ocu_isco08_total,2016,51.49
sen,eco_isic4_f,ocu_isco08_total,2019,46.04
sen,eco_isic4_f,ocu_isco08_total,2022,44.72
sen,eco_isic4_f,ocu_isco08_total,2023,45.04
sen,eco_isic4_f,ocu_isco08_total,2024,48.28
sen,eco_isic4_f,ocu_isco08_x,2016,54.85
sen,eco_isic4_f,ocu_isco08_x,2019,44.91
sen,eco_isic4_f,ocu_isco08_x,2022,45.46
sen,eco_isic4_f,ocu_isco08_x,2023,45.15
sen,eco_isic4_f,ocu_isco08_x,2024,58
sen,eco_isic4_f,ocu_skill_l1,2015,50.89
sen,eco_isic4_f,ocu_skill_l1,2016,48.8
sen,eco_isic4_f,ocu_skill_l1,2019,48.19
sen,eco_isic4_f,ocu_skill_l1,2022,40.06
sen,eco_isic4_f,ocu_skill_l1,2023,41.52
sen,eco_isic4_f,ocu_skill_l1,2024,47.47
sen,eco_isic4_f,ocu_skill_l2,2015,53.14
sen,eco_isic4_f,ocu_skill_l2,2016,51.96
sen,eco_isic4_f,ocu_skill_l2,2019,45.54
sen,eco_isic4_f,ocu_skill_l2,2022,45.71
sen,eco_isic4_f,ocu_skill_l2,2023,45.63
sen,eco_isic4_f,ocu_skill_l2,2024,47.95
sen,eco_isic4_f,ocu_skill_l3_4,2015,41.42
sen,eco_isic4_f,ocu_skill_l3_4,2016,47.81
sen,eco_isic4_f,ocu_skill_l3_4,2019,49.83
sen,eco_isic4_f,ocu_skill_l3_4,2022,42.23
sen,eco_isic4_f,ocu_skill_l3_4,2023,43.1
sen,eco_isic4_f,ocu_skill_l3_4,2024,48.58
sen,eco_isic4_f,ocu_skill_total,2015,51.99
sen,eco_isic4_f,ocu_skill_total,2016,51.49
sen,eco_isic4_f,ocu_skill_total,2019,46.04
sen,eco_isic4_f,ocu_skill_total,2022,44.72
sen,eco_isic4_f,ocu_skill_total,2023,45.04
sen,eco_isic4_f,ocu_skill_total,2024,48.28
sen,eco_isic4_f,ocu_skill_x,2016,54.85
sen,eco_isic4_f,ocu_skill_x,2019,44.91
sen,eco_isic4_f,ocu_skill_x,2022,45.46
sen,eco_isic4_f,ocu_skill_x,2023,45.15
sen,eco_isic4_f,ocu_skill_x,2024,58
sen,eco_isic4_g,ocu_isco08_2,2019,44.4
sen,eco_isic4_g,ocu_isco08_2,2022,48.62
sen,eco_isic4_g,ocu_isco08_2,2023,48.2
sen,eco_isic4_g,ocu_isco08_2,2024,48.9
sen,eco_isic4_g,ocu_isco08_3,2015,52.8
sen,eco_isic4_g,ocu_isco08_3,2016,57.25
sen,eco_isic4_g,ocu_isco08_3,2019,43.7
sen,eco_isic4_g,ocu_isco08_3,2022,44.04
sen,eco_isic4_g,ocu_isco08_3,2023,42.06
sen,eco_isic4_g,ocu_isco08_3,2024,47.77
sen,eco_isic4_g,ocu_isco08_4,2016,51.89
sen,eco_isic4_g,ocu_isco08_4,2019,40.21
sen,eco_isic4_g,ocu_isco08_4,2023,55.54
sen,eco_isic4_g,ocu_isco08_4,2024,50.18
sen,eco_isic4_g,ocu_isco08_5,2015,56.33
sen,eco_isic4_g,ocu_isco08_5,2016,69.16
sen,eco_isic4_g,ocu_isco08_5,2019,58.98
sen,eco_isic4_g,ocu_isco08_5,2022,57.52
sen,eco_isic4_g,ocu_isco08_5,2023,58.16
sen,eco_isic4_g,ocu_isco08_5,2024,70.44
sen,eco_isic4_g,ocu_isco08_6,2015,29.77
sen,eco_isic4_g,ocu_isco08_6,2016,47.01
sen,eco_isic4_g,ocu_isco08_7,2015,58.33
sen,eco_isic4_g,ocu_isco08_7,2016,59.87
sen,eco_isic4_g,ocu_isco08_7,2019,54.46
sen,eco_isic4_g,ocu_isco08_7,2022,54.76
sen,eco_isic4_g,ocu_isco08_7,2023,54.69
sen,eco_isic4_g,ocu_isco08_7,2024,54.93
sen,eco_isic4_g,ocu_isco08_8,2015,69.16
sen,eco_isic4_g,ocu_isco08_8,2016,64.58
sen,eco_isic4_g,ocu_isco08_8,2019,64.48
sen,eco_isic4_g,ocu_isco08_8,2022,46.44
sen,eco_isic4_g,ocu_isco08_8,2023,43.82
sen,eco_isic4_g,ocu_isco08_8,2024,53.79
sen,eco_isic4_g,ocu_isco08_9,2015,54.32
sen,eco_isic4_g,ocu_isco08_9,2016,56.77
sen,eco_isic4_g,ocu_isco08_9,2019,49.31
sen,eco_isic4_g,ocu_isco08_9,2022,45.32
sen,eco_isic4_g,ocu_isco08_9,2023,50.47
sen,eco_isic4_g,ocu_isco08_9,2024,51.19
sen,eco_isic4_g,ocu_isco08_total,2015,55.65
sen,eco_isic4_g,ocu_isco08_total,2016,62.14
sen,eco_isic4_g,ocu_isco08_total,2019,53.01
sen,eco_isic4_g,ocu_isco08_total,2022,54.62
sen,eco_isic4_g,ocu_isco08_total,2023,55.45
sen,eco_isic4_g,ocu_isco08_total,2024,60.38
sen,eco_isic4_g,ocu_isco08_x,2016,58.9
sen,eco_isic4_g,ocu_isco08_x,2019,45.73
sen,eco_isic4_g,ocu_isco08_x,2022,55.51
sen,eco_isic4_g,ocu_isco08_x,2023,56.4
sen,eco_isic4_g,ocu_isco08_x,2024,56.02
sen,eco_isic4_g,ocu_skill_l1,2015,54.32
sen,eco_isic4_g,ocu_skill_l1,2016,56.77
sen,eco_isic4_g,ocu_skill_l1,2019,49.31
sen,eco_isic4_g,ocu_skill_l1,2022,45.32
sen,eco_isic4_g,ocu_skill_l1,2023,50.47
sen,eco_isic4_g,ocu_skill_l1,2024,51.19
sen,eco_isic4_g,ocu_skill_l2,2015,56.27
sen,eco_isic4_g,ocu_skill_l2,2016,63.84
sen,eco_isic4_g,ocu_skill_l2,2019,57.06
sen,eco_isic4_g,ocu_skill_l2,2022,55.77
sen,eco_isic4_g,ocu_skill_l2,2023,56.29
sen,eco_isic4_g,ocu_skill_l2,2024,63.48
sen,eco_isic4_g,ocu_skill_l3_4,2015,48.97
sen,eco_isic4_g,ocu_skill_l3_4,2016,58.61
sen,eco_isic4_g,ocu_skill_l3_4,2019,43.38
sen,eco_isic4_g,ocu_skill_l3_4,2022,46.31
sen,eco_isic4_g,ocu_skill_l3_4,2023,44.06
sen,eco_isic4_g,ocu_skill_l3_4,2024,48.59
sen,eco_isic4_g,ocu_skill_total,2015,55.65
sen,eco_isic4_g,ocu_skill_total,2016,62.14
sen,eco_isic4_g,ocu_skill_total,2019,53.01
sen,eco_isic4_g,ocu_skill_total,2022,54.62
sen,eco_isic4_g,ocu_skill_total,2023,55.45
sen,eco_isic4_g,ocu_skill_total,2024,60.38
sen,eco_isic4_g,ocu_skill_x,2016,58.9
sen,eco_isic4_g,ocu_skill_x,2019,45.73
sen,eco_isic4_g,ocu_skill_x,2022,55.51
sen,eco_isic4_g,ocu_skill_x,2023,56.4
sen,eco_isic4_g,ocu_skill_x,2024,55.86
sen,eco_isic4_h,ocu_isco08_3,2015,57.48
sen,eco_isic4_h,ocu_isco08_3,2016,56.15
sen,eco_isic4_h,ocu_isco08_3,2019,58.81
sen,eco_isic4_h,ocu_isco08_3,2023,41.85
sen,eco_isic4_h,ocu_isco08_3,2024,45.3
sen,eco_isic4_h,ocu_isco08_4,2015,42.25
sen,eco_isic4_h,ocu_isco08_4,2016,67.15
sen,eco_isic4_h,ocu_isco08_4,2019,47.67
sen,eco_isic4_h,ocu_isco08_4,2022,43.93
sen,eco_isic4_h,ocu_isco08_4,2023,42.55
sen,eco_isic4_h,ocu_isco08_4,2024,44.76
sen,eco_isic4_h,ocu_isco08_5,2015,62.09
sen,eco_isic4_h,ocu_isco08_5,2016,60.41
sen,eco_isic4_h,ocu_isco08_5,2019,55.8
sen,eco_isic4_h,ocu_isco08_5,2022,50.34
sen,eco_isic4_h,ocu_isco08_5,2023,41.76
sen,eco_isic4_h,ocu_isco08_5,2024,52.4
sen,eco_isic4_h,ocu_isco08_7,2015,56.47
sen,eco_isic4_h,ocu_isco08_7,2016,53.21
sen,eco_isic4_h,ocu_isco08_7,2019,53.17
sen,eco_isic4_h,ocu_isco08_7,2022,45.02
sen,eco_isic4_h,ocu_isco08_7,2023,62.83
sen,eco_isic4_h,ocu_isco08_7,2024,49.03
sen,eco_isic4_h,ocu_isco08_8,2015,58.54
sen,eco_isic4_h,ocu_isco08_8,2016,65.61
sen,eco_isic4_h,ocu_isco08_8,2019,56.28
sen,eco_isic4_h,ocu_isco08_8,2022,57.21
sen,eco_isic4_h,ocu_isco08_8,2023,53.92
sen,eco_isic4_h,ocu_isco08_8,2024,59.45
sen,eco_isic4_h,ocu_isco08_9,2015,62.96
sen,eco_isic4_h,ocu_isco08_9,2016,64.03
sen,eco_isic4_h,ocu_isco08_9,2019,54.51
sen,eco_isic4_h,ocu_isco08_9,2022,53.45
sen,eco_isic4_h,ocu_isco08_9,2023,59.6
sen,eco_isic4_h,ocu_isco08_9,2024,59.9
sen,eco_isic4_h,ocu_isco08_total,2015,59.12
sen,eco_isic4_h,ocu_isco08_total,2016,64.18
sen,eco_isic4_h,ocu_isco08_total,2019,55.08
sen,eco_isic4_h,ocu_isco08_total,2022,54.3
sen,eco_isic4_h,ocu_isco08_total,2023,53.38
sen,eco_isic4_h,ocu_isco08_total,2024,57.32
sen,eco_isic4_h,ocu_isco08_x,2016,61.09
sen,eco_isic4_h,ocu_isco08_x,2019,51.62
sen,eco_isic4_h,ocu_isco08_x,2022,54.5
sen,eco_isic4_h,ocu_isco08_x,2023,57.24
sen,eco_isic4_h,ocu_isco08_x,2024,58.7
sen,eco_isic4_h,ocu_skill_l1,2015,62.96
sen,eco_isic4_h,ocu_skill_l1,2016,64.03
sen,eco_isic4_h,ocu_skill_l1,2019,54.51
sen,eco_isic4_h,ocu_skill_l1,2022,53.45
sen,eco_isic4_h,ocu_skill_l1,2023,59.6
sen,eco_isic4_h,ocu_skill_l1,2024,59.9
sen,eco_isic4_h,ocu_skill_l2,2015,58.66
sen,eco_isic4_h,ocu_skill_l2,2016,64.74
sen,eco_isic4_h,ocu_skill_l2,2019,55.74
sen,eco_isic4_h,ocu_skill_l2,2022,55.1
sen,eco_isic4_h,ocu_skill_l2,2023,52.29
sen,eco_isic4_h,ocu_skill_l2,2024,57.59
sen,eco_isic4_h,ocu_skill_l3_4,2015,50.31
sen,eco_isic4_h,ocu_skill_l3_4,2016,56.36
sen,eco_isic4_h,ocu_skill_l3_4,2019,51.08
sen,eco_isic4_h,ocu_skill_l3_4,2023,39.9
sen,eco_isic4_h,ocu_skill_l3_4,2024,45.35
sen,eco_isic4_h,ocu_skill_total,2015,59.12
sen,eco_isic4_h,ocu_skill_total,2016,64.18
sen,eco_isic4_h,ocu_skill_total,2019,55.08
sen,eco_isic4_h,ocu_skill_total,2022,54.3
sen,eco_isic4_h,ocu_skill_total,2023,53.38
sen,eco_isic4_h,ocu_skill_total,2024,57.32
sen,eco_isic4_h,ocu_skill_x,2016,63.1
sen,eco_isic4_h,ocu_skill_x,2019,51.72
sen,eco_isic4_h,ocu_skill_x,2022,52.19
sen,eco_isic4_h,ocu_skill_x,2023,57.24
sen,eco_isic4_h,ocu_skill_x,2024,58.32
sen,eco_isic4_i,ocu_isco08_1,2024,60.24
sen,eco_isic4_i,ocu_isco08_4,2022,41.75
sen,eco_isic4_i,ocu_isco08_4,2023,42.75
sen,eco_isic4_i,ocu_isco08_4,2024,45.03
sen,eco_isic4_i,ocu_isco08_5,2015,59.87
sen,eco_isic4_i,ocu_isco08_5,2016,55.15
sen,eco_isic4_i,ocu_isco08_5,2019,46.98
sen,eco_isic4_i,ocu_isco08_5,2022,46.62
sen,eco_isic4_i,ocu_isco08_5,2023,48.56
sen,eco_isic4_i,ocu_isco08_5,2024,55.23
sen,eco_isic4_i,ocu_isco08_7,2015,48.17
sen,eco_isic4_i,ocu_isco08_7,2016,48.87
sen,eco_isic4_i,ocu_isco08_7,2022,39.23
sen,eco_isic4_i,ocu_isco08_9,2015,50.52
sen,eco_isic4_i,ocu_isco08_9,2016,52.76
sen,eco_isic4_i,ocu_isco08_9,2019,36.2
sen,eco_isic4_i,ocu_isco08_9,2022,49.7
sen,eco_isic4_i,ocu_isco08_9,2023,51.23
sen,eco_isic4_i,ocu_isco08_9,2024,40.44
sen,eco_isic4_i,ocu_isco08_total,2015,53.66
sen,eco_isic4_i,ocu_isco08_total,2016,55.18
sen,eco_isic4_i,ocu_isco08_total,2019,41.92
sen,eco_isic4_i,ocu_isco08_total,2022,46.37
sen,eco_isic4_i,ocu_isco08_total,2023,47.47
sen,eco_isic4_i,ocu_isco08_total,2024,51.44
sen,eco_isic4_i,ocu_isco08_x,2019,31.13
sen,eco_isic4_i,ocu_isco08_x,2022,43.89
sen,eco_isic4_i,ocu_isco08_x,2023,32.13
sen,eco_isic4_i,ocu_isco08_x,2024,63.89
sen,eco_isic4_i,ocu_skill_l1,2015,50.52
sen,eco_isic4_i,ocu_skill_l1,2016,52.76
sen,eco_isic4_i,ocu_skill_l1,2019,36.2
sen,eco_isic4_i,ocu_skill_l1,2022,49.7
sen,eco_isic4_i,ocu_skill_l1,2023,51.23
sen,eco_isic4_i,ocu_skill_l1,2024,40.44
sen,eco_isic4_i,ocu_skill_l2,2015,56.12
sen,eco_isic4_i,ocu_skill_l2,2016,56.8
sen,eco_isic4_i,ocu_skill_l2,2019,47.29
sen,eco_isic4_i,ocu_skill_l2,2022,45.73
sen,eco_isic4_i,ocu_skill_l2,2023,47.79
sen,eco_isic4_i,ocu_skill_l2,2024,54.51
sen,eco_isic4_i,ocu_skill_l3_4,2015,55.07
sen,eco_isic4_i,ocu_skill_l3_4,2016,66.61
sen,eco_isic4_i,ocu_skill_l3_4,2023,45.65
sen,eco_isic4_i,ocu_skill_l3_4,2024,54.86
sen,eco_isic4_i,ocu_skill_total,2015,53.66
sen,eco_isic4_i,ocu_skill_total,2016,55.18
sen,eco_isic4_i,ocu_skill_total,2019,41.92
sen,eco_isic4_i,ocu_skill_total,2022,46.37
sen,eco_isic4_i,ocu_skill_total,2023,47.47
sen,eco_isic4_i,ocu_skill_total,2024,51.44
sen,eco_isic4_i,ocu_skill_x,2019,31.13
sen,eco_isic4_i,ocu_skill_x,2022,43.89
sen,eco_isic4_i,ocu_skill_x,2023,32.13
sen,eco_isic4_i,ocu_skill_x,2024,63.89
sen,eco_isic4_j,ocu_isco08_2,2015,42.66
sen,eco_isic4_j,ocu_isco08_2,2016,50.97
sen,eco_isic4_j,ocu_isco08_2,2019,43.82
sen,eco_isic4_j,ocu_isco08_2,2022,41.73
sen,eco_isic4_j,ocu_isco08_2,2023,40.46
sen,eco_isic4_j,ocu_isco08_2,2024,44.76
sen,eco_isic4_j,ocu_isco08_3,2015,40.46
sen,eco_isic4_j,ocu_isco08_3,2016,40.94
sen,eco_isic4_j,ocu_isco08_3,2019,55.59
sen,eco_isic4_j,ocu_isco08_3,2022,41.89
sen,eco_isic4_j,ocu_isco08_3,2023,47.05
sen,eco_isic4_j,ocu_isco08_3,2024,44.28
sen,eco_isic4_j,ocu_isco08_4,2015,44.66
sen,eco_isic4_j,ocu_isco08_4,2016,45.72
sen,eco_isic4_j,ocu_isco08_4,2019,43.29
sen,eco_isic4_j,ocu_isco08_4,2022,47.51
sen,eco_isic4_j,ocu_isco08_4,2023,38.72
sen,eco_isic4_j,ocu_isco08_4,2024,47.5
sen,eco_isic4_j,ocu_isco08_5,2016,59.04
sen,eco_isic4_j,ocu_isco08_5,2019,44.99
sen,eco_isic4_j,ocu_isco08_5,2022,51.69
sen,eco_isic4_j,ocu_isco08_5,2023,49.24
sen,eco_isic4_j,ocu_isco08_7,2022,41.32
sen,eco_isic4_j,ocu_isco08_total,2015,44.02
sen,eco_isic4_j,ocu_isco08_total,2016,51.93
sen,eco_isic4_j,ocu_isco08_total,2019,47.24
sen,eco_isic4_j,ocu_isco08_total,2022,44.28
sen,eco_isic4_j,ocu_isco08_total,2023,40.48
sen,eco_isic4_j,ocu_isco08_total,2024,46.29
sen,eco_isic4_j,ocu_isco08_x,2016,67.36
sen,eco_isic4_j,ocu_isco08_x,2019,47.34
sen,eco_isic4_j,ocu_isco08_x,2022,43.91
sen,eco_isic4_j,ocu_isco08_x,2023,41.23
sen,eco_isic4_j,ocu_isco08_x,2024,47.72
sen,eco_isic4_j,ocu_skill_l2,2015,44.06
sen,eco_isic4_j,ocu_skill_l2,2016,49.59
sen,eco_isic4_j,ocu_skill_l2,2019,39.72
sen,eco_isic4_j,ocu_skill_l2,2022,48.09
sen,eco_isic4_j,ocu_skill_l2,2023,39.98
sen,eco_isic4_j,ocu_skill_l2,2024,47.37
sen,eco_isic4_j,ocu_skill_l3_4,2015,43.2
sen,eco_isic4_j,ocu_skill_l3_4,2016,46.65
sen,eco_isic4_j,ocu_skill_l3_4,2019,50.82
sen,eco_isic4_j,ocu_skill_l3_4,2022,41.95
sen,eco_isic4_j,ocu_skill_l3_4,2023,41.63
sen,eco_isic4_j,ocu_skill_l3_4,2024,44.83
sen,eco_isic4_j,ocu_skill_total,2015,44.02
sen,eco_isic4_j,ocu_skill_total,2016,51.93
sen,eco_isic4_j,ocu_skill_total,2019,47.24
sen,eco_isic4_j,ocu_skill_total,2022,44.28
sen,eco_isic4_j,ocu_skill_total,2023,40.48
sen,eco_isic4_j,ocu_skill_total,2024,46.29
sen,eco_isic4_j,ocu_skill_x,2016,68.87
sen,eco_isic4_j,ocu_skill_x,2019,47.34
sen,eco_isic4_j,ocu_skill_x,2022,43.5
sen,eco_isic4_j,ocu_skill_x,2023,41.23
sen,eco_isic4_j,ocu_skill_x,2024,48
sen,eco_isic4_k,ocu_isco08_1,2015,46.69
sen,eco_isic4_k,ocu_isco08_1,2016,47.09
sen,eco_isic4_k,ocu_isco08_1,2024,42.36
sen,eco_isic4_k,ocu_isco08_2,2015,52.75
sen,eco_isic4_k,ocu_isco08_2,2016,43.57
sen,eco_isic4_k,ocu_isco08_2,2019,42.28
sen,eco_isic4_k,ocu_isco08_2,2022,42.33
sen,eco_isic4_k,ocu_isco08_2,2023,42.94
sen,eco_isic4_k,ocu_isco08_3,2015,49.18
sen,eco_isic4_k,ocu_isco08_3,2019,44.31
sen,eco_isic4_k,ocu_isco08_3,2022,62.49
sen,eco_isic4_k,ocu_isco08_3,2024,47.95
sen,eco_isic4_k,ocu_isco08_4,2015,49.41
sen,eco_isic4_k,ocu_isco08_4,2016,46.51
sen,eco_isic4_k,ocu_isco08_4,2019,48.82
sen,eco_isic4_k,ocu_isco08_4,2022,41.92
sen,eco_isic4_k,ocu_isco08_4,2023,41.22
sen,eco_isic4_k,ocu_isco08_4,2024,45.62
sen,eco_isic4_k,ocu_isco08_5,2016,53.24
sen,eco_isic4_k,ocu_isco08_5,2019,58.97
sen,eco_isic4_k,ocu_isco08_5,2022,47.65
sen,eco_isic4_k,ocu_isco08_5,2023,55.56
sen,eco_isic4_k,ocu_isco08_5,2024,45.4
sen,eco_isic4_k,ocu_isco08_9,2023,34.57
sen,eco_isic4_k,ocu_isco08_total,2015,48.05
sen,eco_isic4_k,ocu_isco08_total,2016,47.57
sen,eco_isic4_k,ocu_isco08_total,2019,50.05
sen,eco_isic4_k,ocu_isco08_total,2022,44.33
sen,eco_isic4_k,ocu_isco08_total,2023,44.71
sen,eco_isic4_k,ocu_isco08_total,2024,44.11
sen,eco_isic4_k,ocu_isco08_x,2016,52.43
sen,eco_isic4_k,ocu_isco08_x,2019,58.55
sen,eco_isic4_k,ocu_isco08_x,2022,47.91
sen,eco_isic4_k,ocu_isco08_x,2023,46.97
sen,eco_isic4_k,ocu_isco08_x,2024,41.84
sen,eco_isic4_k,ocu_skill_l1,2023,34.57
sen,eco_isic4_k,ocu_skill_l2,2015,48.23
sen,eco_isic4_k,ocu_skill_l2,2016,48.03
sen,eco_isic4_k,ocu_skill_l2,2019,53.36
sen,eco_isic4_k,ocu_skill_l2,2022,44.74
sen,eco_isic4_k,ocu_skill_l2,2023,45.69
sen,eco_isic4_k,ocu_skill_l2,2024,45.54
sen,eco_isic4_k,ocu_skill_l3_4,2015,47.99
sen,eco_isic4_k,ocu_skill_l3_4,2016,43.35
sen,eco_isic4_k,ocu_skill_l3_4,2019,43.78
sen,eco_isic4_k,ocu_skill_l3_4,2022,45.18
sen,eco_isic4_k,ocu_skill_l3_4,2023,43.85
sen,eco_isic4_k,ocu_skill_l3_4,2024,43.57
sen,eco_isic4_k,ocu_skill_total,2015,48.05
sen,eco_isic4_k,ocu_skill_total,2016,47.57
sen,eco_isic4_k,ocu_skill_total,2019,50.05
sen,eco_isic4_k,ocu_skill_total,2022,44.33
sen,eco_isic4_k,ocu_skill_total,2023,44.71
sen,eco_isic4_k,ocu_skill_total,2024,44.11
sen,eco_isic4_k,ocu_skill_x,2016,52.43
sen,eco_isic4_k,ocu_skill_x,2019,58.91
sen,eco_isic4_k,ocu_skill_x,2022,47.91
sen,eco_isic4_k,ocu_skill_x,2023,46.61
sen,eco_isic4_k,ocu_skill_x,2024,42.9
sen,eco_isic4_l,ocu_isco08_3,2019,49.89
sen,eco_isic4_l,ocu_isco08_4,2024,52.32
sen,eco_isic4_l,ocu_isco08_7,2015,52.7
sen,eco_isic4_l,ocu_isco08_9,2019,28.82
sen,eco_isic4_l,ocu_isco08_total,2015,52.07
sen,eco_isic4_l,ocu_isco08_total,2016,51.15
sen,eco_isic4_l,ocu_isco08_total,2019,44.33
sen,eco_isic4_l,ocu_isco08_total,2022,47.63
sen,eco_isic4_l,ocu_isco08_total,2023,42.05
sen,eco_isic4_l,ocu_isco08_total,2024,53.05
sen,eco_isic4_l,ocu_isco08_x,2019,43.38
sen,eco_isic4_l,ocu_isco08_x,2024,61.41
sen,eco_isic4_l,ocu_skill_l1,2019,28.82
sen,eco_isic4_l,ocu_skill_l2,2015,51.78
sen,eco_isic4_l,ocu_skill_l2,2016,52.05
sen,eco_isic4_l,ocu_skill_l2,2019,52.26
sen,eco_isic4_l,ocu_skill_l2,2022,49.39
sen,eco_isic4_l,ocu_skill_l2,2023,41.41
sen,eco_isic4_l,ocu_skill_l2,2024,52.26
sen,eco_isic4_l,ocu_skill_l3_4,2019,49.89
sen,eco_isic4_l,ocu_skill_l3_4,2023,47.1
sen,eco_isic4_l,ocu_skill_total,2015,52.07
sen,eco_isic4_l,ocu_skill_total,2016,51.15
sen,eco_isic4_l,ocu_skill_total,2019,44.33
sen,eco_isic4_l,ocu_skill_total,2022,47.63
sen,eco_isic4_l,ocu_skill_total,2023,42.05
sen,eco_isic4_l,ocu_skill_total,2024,53.05
sen,eco_isic4_l,ocu_skill_x,2019,47.82
sen,eco_isic4_l,ocu_skill_x,2024,61.41
sen,eco_isic4_m,ocu_isco08_0,2016,76.48
sen,eco_isic4_m,ocu_isco08_0,2022,43.91
sen,eco_isic4_m,ocu_isco08_0,2023,67.3
sen,eco_isic4_m,ocu_isco08_1,2015,53.34
sen,eco_isic4_m,ocu_isco08_1,2023,34.85
sen,eco_isic4_m,ocu_isco08_2,2015,42.09
sen,eco_isic4_m,ocu_isco08_2,2016,43.49
sen,eco_isic4_m,ocu_isco08_2,2019,41.91
sen,eco_isic4_m,ocu_isco08_2,2022,44.48
sen,eco_isic4_m,ocu_isco08_2,2023,39.97
sen,eco_isic4_m,ocu_isco08_2,2024,43.6
sen,eco_isic4_m,ocu_isco08_3,2016,48.04
sen,eco_isic4_m,ocu_isco08_3,2022,45.97
sen,eco_isic4_m,ocu_isco08_3,2023,39.82
sen,eco_isic4_m,ocu_isco08_4,2015,40.6
sen,eco_isic4_m,ocu_isco08_4,2016,44.54
sen,eco_isic4_m,ocu_isco08_4,2019,42.96
sen,eco_isic4_m,ocu_isco08_4,2022,42.09
sen,eco_isic4_m,ocu_isco08_4,2023,43.41
sen,eco_isic4_m,ocu_isco08_4,2024,44.42
sen,eco_isic4_m,ocu_isco08_5,2022,43.69
sen,eco_isic4_m,ocu_isco08_5,2023,36.6
sen,eco_isic4_m,ocu_isco08_5,2024,49.93
sen,eco_isic4_m,ocu_isco08_7,2016,38.61
sen,eco_isic4_m,ocu_isco08_total,2015,43.49
sen,eco_isic4_m,ocu_isco08_total,2016,44.97
sen,eco_isic4_m,ocu_isco08_total,2019,47.89
sen,eco_isic4_m,ocu_isco08_total,2022,43.64
sen,eco_isic4_m,ocu_isco08_total,2023,42.6
sen,eco_isic4_m,ocu_isco08_total,2024,42.86
sen,eco_isic4_m,ocu_isco08_x,2016,40.4
sen,eco_isic4_m,ocu_isco08_x,2019,17.64
sen,eco_isic4_m,ocu_isco08_x,2022,42.72
sen,eco_isic4_m,ocu_isco08_x,2023,26.67
sen,eco_isic4_m,ocu_isco08_x,2024,38.58
sen,eco_isic4_m,ocu_skill_l2,2015,41.79
sen,eco_isic4_m,ocu_skill_l2,2016,41.07
sen,eco_isic4_m,ocu_skill_l2,2019,55.7
sen,eco_isic4_m,ocu_skill_l2,2022,42.6
sen,eco_isic4_m,ocu_skill_l2,2023,42.42
sen,eco_isic4_m,ocu_skill_l2,2024,46.11
sen,eco_isic4_m,ocu_skill_l3_4,2015,43.33
sen,eco_isic4_m,ocu_skill_l3_4,2016,44.37
sen,eco_isic4_m,ocu_skill_l3_4,2019,44.33
sen,eco_isic4_m,ocu_skill_l3_4,2022,44.64
sen,eco_isic4_m,ocu_skill_l3_4,2023,39.59
sen,eco_isic4_m,ocu_skill_l3_4,2024,42.28
sen,eco_isic4_m,ocu_skill_total,2015,43.49
sen,eco_isic4_m,ocu_skill_total,2016,44.97
sen,eco_isic4_m,ocu_skill_total,2019,47.89
sen,eco_isic4_m,ocu_skill_total,2022,43.64
sen,eco_isic4_m,ocu_skill_total,2023,42.6
sen,eco_isic4_m,ocu_skill_total,2024,42.86
sen,eco_isic4_m,ocu_skill_x,2016,48.74
sen,eco_isic4_m,ocu_skill_x,2019,26.07
sen,eco_isic4_m,ocu_skill_x,2022,43.36
sen,eco_isic4_m,ocu_skill_x,2023,46.02
sen,eco_isic4_m,ocu_skill_x,2024,40.82
sen,eco_isic4_n,ocu_isco08_0,2015,46.14
sen,eco_isic4_n,ocu_isco08_2,2023,41.29
sen,eco_isic4_n,ocu_isco08_3,2015,62.6
sen,eco_isic4_n,ocu_isco08_3,2016,56.74
sen,eco_isic4_n,ocu_isco08_3,2022,45.61
sen,eco_isic4_n,ocu_isco08_3,2023,44.47
sen,eco_isic4_n,ocu_isco08_4,2015,36.4
sen,eco_isic4_n,ocu_isco08_4,2016,43.43
sen,eco_isic4_n,ocu_isco08_4,2019,41.43
sen,eco_isic4_n,ocu_isco08_4,2022,47.99
sen,eco_isic4_n,ocu_isco08_4,2023,49.23
sen,eco_isic4_n,ocu_isco08_4,2024,41.57
sen,eco_isic4_n,ocu_isco08_5,2015,45.39
sen,eco_isic4_n,ocu_isco08_5,2016,54.14
sen,eco_isic4_n,ocu_isco08_5,2019,71.56
sen,eco_isic4_n,ocu_isco08_5,2022,52.41
sen,eco_isic4_n,ocu_isco08_5,2023,49.45
sen,eco_isic4_n,ocu_isco08_5,2024,62.75
sen,eco_isic4_n,ocu_isco08_9,2015,44.17
sen,eco_isic4_n,ocu_isco08_9,2019,42.56
sen,eco_isic4_n,ocu_isco08_9,2023,41.34
sen,eco_isic4_n,ocu_isco08_9,2024,62.88
sen,eco_isic4_n,ocu_isco08_total,2015,43.88
sen,eco_isic4_n,ocu_isco08_total,2016,47.61
sen,eco_isic4_n,ocu_isco08_total,2019,52.49
sen,eco_isic4_n,ocu_isco08_total,2022,48.31
sen,eco_isic4_n,ocu_isco08_total,2023,47.99
sen,eco_isic4_n,ocu_isco08_total,2024,49.83
sen,eco_isic4_n,ocu_isco08_x,2016,31.34
sen,eco_isic4_n,ocu_isco08_x,2019,52.34
sen,eco_isic4_n,ocu_isco08_x,2022,47.59
sen,eco_isic4_n,ocu_isco08_x,2023,47.57
sen,eco_isic4_n,ocu_isco08_x,2024,45.1
sen,eco_isic4_n,ocu_skill_l1,2015,44.17
sen,eco_isic4_n,ocu_skill_l1,2019,42.56
sen,eco_isic4_n,ocu_skill_l1,2023,41.34
sen,eco_isic4_n,ocu_skill_l1,2024,62.88
sen,eco_isic4_n,ocu_skill_l2,2015,38.44
sen,eco_isic4_n,ocu_skill_l2,2016,47.64
sen,eco_isic4_n,ocu_skill_l2,2019,55.29
sen,eco_isic4_n,ocu_skill_l2,2022,48.05
sen,eco_isic4_n,ocu_skill_l2,2023,50.79
sen,eco_isic4_n,ocu_skill_l2,2024,51.18
sen,eco_isic4_n,ocu_skill_l3_4,2015,59.36
sen,eco_isic4_n,ocu_skill_l3_4,2016,56.02
sen,eco_isic4_n,ocu_skill_l3_4,2022,47.86
sen,eco_isic4_n,ocu_skill_l3_4,2023,41.93
sen,eco_isic4_n,ocu_skill_l3_4,2024,45.07
sen,eco_isic4_n,ocu_skill_total,2015,43.88
sen,eco_isic4_n,ocu_skill_total,2016,47.61
sen,eco_isic4_n,ocu_skill_total,2019,52.49
sen,eco_isic4_n,ocu_skill_total,2022,48.31
sen,eco_isic4_n,ocu_skill_total,2023,47.99
sen,eco_isic4_n,ocu_skill_total,2024,49.83
sen,eco_isic4_n,ocu_skill_x,2015,46.14
sen,eco_isic4_n,ocu_skill_x,2016,39.55
sen,eco_isic4_n,ocu_skill_x,2019,50.92
sen,eco_isic4_n,ocu_skill_x,2022,48.33
sen,eco_isic4_n,ocu_skill_x,2023,47.58
sen,eco_isic4_n,ocu_skill_x,2024,46.69
sen,eco_isic4_o,ocu_isco08_0,2016,56.5
sen,eco_isic4_o,ocu_isco08_0,2022,62.99
sen,eco_isic4_o,ocu_isco08_0,2023,41.55
sen,eco_isic4_o,ocu_isco08_0,2024,40.7
sen,eco_isic4_o,ocu_isco08_1,2019,45.36
sen,eco_isic4_o,ocu_isco08_1,2023,42.47
sen,eco_isic4_o,ocu_isco08_1,2024,46.87
sen,eco_isic4_o,ocu_isco08_2,2023,42.33
sen,eco_isic4_o,ocu_isco08_2,2024,40
sen,eco_isic4_o,ocu_isco08_3,2019,38.21
sen,eco_isic4_o,ocu_isco08_3,2023,41.5
sen,eco_isic4_o,ocu_isco08_4,2016,40.04
sen,eco_isic4_o,ocu_isco08_4,2019,42.13
sen,eco_isic4_o,ocu_isco08_4,2022,37.9
sen,eco_isic4_o,ocu_isco08_4,2023,41.53
sen,eco_isic4_o,ocu_isco08_4,2024,42.01
sen,eco_isic4_o,ocu_isco08_5,2016,41.31
sen,eco_isic4_o,ocu_isco08_5,2019,50.81
sen,eco_isic4_o,ocu_isco08_5,2022,47.04
sen,eco_isic4_o,ocu_isco08_5,2023,36.29
sen,eco_isic4_o,ocu_isco08_5,2024,46.07
sen,eco_isic4_o,ocu_isco08_9,2019,24.93
sen,eco_isic4_o,ocu_isco08_9,2022,17.93
sen,eco_isic4_o,ocu_isco08_9,2023,30.94
sen,eco_isic4_o,ocu_isco08_total,2016,47.01
sen,eco_isic4_o,ocu_isco08_total,2019,43.29
sen,eco_isic4_o,ocu_isco08_total,2022,43.01
sen,eco_isic4_o,ocu_isco08_total,2023,40.13
sen,eco_isic4_o,ocu_isco08_total,2024,41.68
sen,eco_isic4_o,ocu_isco08_x,2016,47.78
sen,eco_isic4_o,ocu_isco08_x,2019,42.04
sen,eco_isic4_o,ocu_isco08_x,2022,48.88
sen,eco_isic4_o,ocu_isco08_x,2023,41.91
sen,eco_isic4_o,ocu_isco08_x,2024,43.38
sen,eco_isic4_o,ocu_skill_l1,2019,24.93
sen,eco_isic4_o,ocu_skill_l1,2022,17.93
sen,eco_isic4_o,ocu_skill_l1,2023,30.94
sen,eco_isic4_o,ocu_skill_l2,2016,40.82
sen,eco_isic4_o,ocu_skill_l2,2019,47.7
sen,eco_isic4_o,ocu_skill_l2,2022,43.07
sen,eco_isic4_o,ocu_skill_l2,2023,40.93
sen,eco_isic4_o,ocu_skill_l2,2024,42.89
sen,eco_isic4_o,ocu_skill_l3_4,2016,43.99
sen,eco_isic4_o,ocu_skill_l3_4,2019,41.42
sen,eco_isic4_o,ocu_skill_l3_4,2022,46.07
sen,eco_isic4_o,ocu_skill_l3_4,2023,42.21
sen,eco_isic4_o,ocu_skill_l3_4,2024,40.25
sen,eco_isic4_o,ocu_skill_total,2016,47.01
sen,eco_isic4_o,ocu_skill_total,2019,43.29
sen,eco_isic4_o,ocu_skill_total,2022,43.01
sen,eco_isic4_o,ocu_skill_total,2023,40.13
sen,eco_isic4_o,ocu_skill_total,2024,41.68
sen,eco_isic4_o,ocu_skill_x,2016,50.49
sen,eco_isic4_o,ocu_skill_x,2019,44.54
sen,eco_isic4_o,ocu_skill_x,2022,55.97
sen,eco_isic4_o,ocu_skill_x,2023,41.64
sen,eco_isic4_o,ocu_skill_x,2024,41.91
sen,eco_isic4_p,ocu_isco08_1,2015,40.9
sen,eco_isic4_p,ocu_isco08_1,2016,38.18
sen,eco_isic4_p,ocu_isco08_1,2019,50.29
sen,eco_isic4_p,ocu_isco08_1,2022,44.53
sen,eco_isic4_p,ocu_isco08_1,2023,40.99
sen,eco_isic4_p,ocu_isco08_1,2024,48.73
sen,eco_isic4_p,ocu_isco08_2,2015,37.24
sen,eco_isic4_p,ocu_isco08_2,2016,37.39
sen,eco_isic4_p,ocu_isco08_2,2019,38.95
sen,eco_isic4_p,ocu_isco08_2,2022,38.4
sen,eco_isic4_p,ocu_isco08_2,2023,39.53
sen,eco_isic4_p,ocu_isco08_2,2024,38.96
sen,eco_isic4_p,ocu_isco08_3,2015,42.31
sen,eco_isic4_p,ocu_isco08_3,2019,44.7
sen,eco_isic4_p,ocu_isco08_3,2022,40.6
sen,eco_isic4_p,ocu_isco08_3,2023,39.29
sen,eco_isic4_p,ocu_isco08_4,2015,39.91
sen,eco_isic4_p,ocu_isco08_4,2016,46.41
sen,eco_isic4_p,ocu_isco08_4,2019,35.48
sen,eco_isic4_p,ocu_isco08_4,2022,38.26
sen,eco_isic4_p,ocu_isco08_4,2023,40.79
sen,eco_isic4_p,ocu_isco08_4,2024,44.09
sen,eco_isic4_p,ocu_isco08_5,2016,54.03
sen,eco_isic4_p,ocu_isco08_5,2019,55.59
sen,eco_isic4_p,ocu_isco08_5,2022,47.33
sen,eco_isic4_p,ocu_isco08_5,2023,38.85
sen,eco_isic4_p,ocu_isco08_5,2024,39.27
sen,eco_isic4_p,ocu_isco08_9,2015,21.43
sen,eco_isic4_p,ocu_isco08_9,2016,50.57
sen,eco_isic4_p,ocu_isco08_9,2019,39.58
sen,eco_isic4_p,ocu_isco08_9,2022,19.65
sen,eco_isic4_p,ocu_isco08_9,2023,43.22
sen,eco_isic4_p,ocu_isco08_9,2024,33.15
sen,eco_isic4_p,ocu_isco08_total,2015,36.61
sen,eco_isic4_p,ocu_isco08_total,2016,39.32
sen,eco_isic4_p,ocu_isco08_total,2019,40.44
sen,eco_isic4_p,ocu_isco08_total,2022,39.54
sen,eco_isic4_p,ocu_isco08_total,2023,39.82
sen,eco_isic4_p,ocu_isco08_total,2024,39.39
sen,eco_isic4_p,ocu_isco08_x,2016,42.19
sen,eco_isic4_p,ocu_isco08_x,2019,40.63
sen,eco_isic4_p,ocu_isco08_x,2022,45.27
sen,eco_isic4_p,ocu_isco08_x,2023,40.83
sen,eco_isic4_p,ocu_isco08_x,2024,39.43
sen,eco_isic4_p,ocu_skill_l1,2015,21.43
sen,eco_isic4_p,ocu_skill_l1,2016,50.57
sen,eco_isic4_p,ocu_skill_l1,2019,39.58
sen,eco_isic4_p,ocu_skill_l1,2022,19.65
sen,eco_isic4_p,ocu_skill_l1,2023,43.22
sen,eco_isic4_p,ocu_skill_l1,2024,33.15
sen,eco_isic4_p,ocu_skill_l2,2015,40
sen,eco_isic4_p,ocu_skill_l2,2016,47.75
sen,eco_isic4_p,ocu_skill_l2,2019,49.72
sen,eco_isic4_p,ocu_skill_l2,2022,42.73
sen,eco_isic4_p,ocu_skill_l2,2023,39.87
sen,eco_isic4_p,ocu_skill_l2,2024,42.21
sen,eco_isic4_p,ocu_skill_l3_4,2015,37.55
sen,eco_isic4_p,ocu_skill_l3_4,2016,37.37
sen,eco_isic4_p,ocu_skill_l3_4,2019,39.51
sen,eco_isic4_p,ocu_skill_l3_4,2022,38.52
sen,eco_isic4_p,ocu_skill_l3_4,2023,39.55
sen,eco_isic4_p,ocu_skill_l3_4,2024,39.38
sen,eco_isic4_p,ocu_skill_total,2015,36.61
sen,eco_isic4_p,ocu_skill_total,2016,39.32
sen,eco_isic4_p,ocu_skill_total,2019,40.44
sen,eco_isic4_p,ocu_skill_total,2022,39.54
sen,eco_isic4_p,ocu_skill_total,2023,39.82
sen,eco_isic4_p,ocu_skill_total,2024,39.39
sen,eco_isic4_p,ocu_skill_x,2016,42.31
sen,eco_isic4_p,ocu_skill_x,2019,40.63
sen,eco_isic4_p,ocu_skill_x,2022,45.27
sen,eco_isic4_p,ocu_skill_x,2023,40.83
sen,eco_isic4_p,ocu_skill_x,2024,39.43
sen,eco_isic4_q,ocu_isco08_0,2015,61.71
sen,eco_isic4_q,ocu_isco08_1,2015,52.96
sen,eco_isic4_q,ocu_isco08_1,2023,42.1
sen,eco_isic4_q,ocu_isco08_2,2015,45.74
sen,eco_isic4_q,ocu_isco08_2,2016,52.86
sen,eco_isic4_q,ocu_isco08_2,2019,44.75
sen,eco_isic4_q,ocu_isco08_2,2022,46.79
sen,eco_isic4_q,ocu_isco08_2,2023,47.31
sen,eco_isic4_q,ocu_isco08_2,2024,49.4
sen,eco_isic4_q,ocu_isco08_3,2015,45.71
sen,eco_isic4_q,ocu_isco08_3,2016,45.78
sen,eco_isic4_q,ocu_isco08_3,2019,49.11
sen,eco_isic4_q,ocu_isco08_3,2022,43.24
sen,eco_isic4_q,ocu_isco08_3,2023,45.77
sen,eco_isic4_q,ocu_isco08_3,2024,47.02
sen,eco_isic4_q,ocu_isco08_4,2015,44.58
sen,eco_isic4_q,ocu_isco08_4,2016,51.25
sen,eco_isic4_q,ocu_isco08_4,2019,42.02
sen,eco_isic4_q,ocu_isco08_4,2022,42.5
sen,eco_isic4_q,ocu_isco08_4,2023,41.31
sen,eco_isic4_q,ocu_isco08_4,2024,52.58
sen,eco_isic4_q,ocu_isco08_5,2015,57.95
sen,eco_isic4_q,ocu_isco08_5,2016,53.56
sen,eco_isic4_q,ocu_isco08_5,2019,46.47
sen,eco_isic4_q,ocu_isco08_5,2022,58.12
sen,eco_isic4_q,ocu_isco08_5,2023,41.24
sen,eco_isic4_q,ocu_isco08_5,2024,43.14
sen,eco_isic4_q,ocu_isco08_8,2019,74.58
sen,eco_isic4_q,ocu_isco08_9,2015,38.68
sen,eco_isic4_q,ocu_isco08_9,2016,32.02
sen,eco_isic4_q,ocu_isco08_9,2019,30.18
sen,eco_isic4_q,ocu_isco08_9,2022,43.9
sen,eco_isic4_q,ocu_isco08_9,2023,35.97
sen,eco_isic4_q,ocu_isco08_9,2024,45.38
sen,eco_isic4_q,ocu_isco08_total,2015,46.71
sen,eco_isic4_q,ocu_isco08_total,2016,51.32
sen,eco_isic4_q,ocu_isco08_total,2019,45.76
sen,eco_isic4_q,ocu_isco08_total,2022,47.77
sen,eco_isic4_q,ocu_isco08_total,2023,45.41
sen,eco_isic4_q,ocu_isco08_total,2024,48.96
sen,eco_isic4_q,ocu_isco08_x,2016,52.87
sen,eco_isic4_q,ocu_isco08_x,2019,46.85
sen,eco_isic4_q,ocu_isco08_x,2022,67.08
sen,eco_isic4_q,ocu_isco08_x,2023,46.42
sen,eco_isic4_q,ocu_isco08_x,2024,52.4
sen,eco_isic4_q,ocu_skill_l1,2015,38.68
sen,eco_isic4_q,ocu_skill_l1,2016,32.02
sen,eco_isic4_q,ocu_skill_l1,2019,30.18
sen,eco_isic4_q,ocu_skill_l1,2022,43.9
sen,eco_isic4_q,ocu_skill_l1,2023,35.97
sen,eco_isic4_q,ocu_skill_l1,2024,45.38
sen,eco_isic4_q,ocu_skill_l2,2015,46.12
sen,eco_isic4_q,ocu_skill_l2,2016,53.98
sen,eco_isic4_q,ocu_skill_l2,2019,51.2
sen,eco_isic4_q,ocu_skill_l2,2022,51.37
sen,eco_isic4_q,ocu_skill_l2,2023,41.4
sen,eco_isic4_q,ocu_skill_l2,2024,47.59
sen,eco_isic4_q,ocu_skill_l3_4,2015,46.52
sen,eco_isic4_q,ocu_skill_l3_4,2016,51.3
sen,eco_isic4_q,ocu_skill_l3_4,2019,45.82
sen,eco_isic4_q,ocu_skill_l3_4,2022,45.34
sen,eco_isic4_q,ocu_skill_l3_4,2023,46.56
sen,eco_isic4_q,ocu_skill_l3_4,2024,48.61
sen,eco_isic4_q,ocu_skill_total,2015,46.71
sen,eco_isic4_q,ocu_skill_total,2016,51.32
sen,eco_isic4_q,ocu_skill_total,2019,45.76
sen,eco_isic4_q,ocu_skill_total,2022,47.77
sen,eco_isic4_q,ocu_skill_total,2023,45.41
sen,eco_isic4_q,ocu_skill_total,2024,48.96
sen,eco_isic4_q,ocu_skill_x,2015,61.71
sen,eco_isic4_q,ocu_skill_x,2016,57.55
sen,eco_isic4_q,ocu_skill_x,2019,46.61
sen,eco_isic4_q,ocu_skill_x,2022,67.08
sen,eco_isic4_q,ocu_skill_x,2023,46.43
sen,eco_isic4_q,ocu_skill_x,2024,53.02
sen,eco_isic4_r,ocu_isco08_2,2019,36.9
sen,eco_isic4_r,ocu_isco08_3,2019,30.77
sen,eco_isic4_r,ocu_isco08_total,2016,32.19
sen,eco_isic4_r,ocu_isco08_total,2019,30.03
sen,eco_isic4_r,ocu_isco08_total,2022,52.91
sen,eco_isic4_r,ocu_isco08_total,2023,29.61
sen,eco_isic4_r,ocu_isco08_total,2024,35.27
sen,eco_isic4_r,ocu_skill_l3_4,2019,32.67
sen,eco_isic4_r,ocu_skill_l3_4,2023,24.11
sen,eco_isic4_r,ocu_skill_total,2016,32.19
sen,eco_isic4_r,ocu_skill_total,2019,30.03
sen,eco_isic4_r,ocu_skill_total,2022,52.91
sen,eco_isic4_r,ocu_skill_total,2023,29.61
sen,eco_isic4_r,ocu_skill_total,2024,35.27
sen,eco_isic4_s,ocu_isco08_0,2015,66.96
sen,eco_isic4_s,ocu_isco08_0,2016,62.42
sen,eco_isic4_s,ocu_isco08_0,2019,61.11
sen,eco_isic4_s,ocu_isco08_0,2022,46.1
sen,eco_isic4_s,ocu_isco08_0,2023,54.43
sen,eco_isic4_s,ocu_isco08_0,2024,54.33
sen,eco_isic4_s,ocu_isco08_1,2015,50.93
sen,eco_isic4_s,ocu_isco08_1,2016,39.66
sen,eco_isic4_s,ocu_isco08_1,2019,67.28
sen,eco_isic4_s,ocu_isco08_1,2023,40.84
sen,eco_isic4_s,ocu_isco08_1,2024,47.05
sen,eco_isic4_s,ocu_isco08_2,2015,48.14
sen,eco_isic4_s,ocu_isco08_2,2016,52.61
sen,eco_isic4_s,ocu_isco08_2,2019,45.85
sen,eco_isic4_s,ocu_isco08_2,2022,42.66
sen,eco_isic4_s,ocu_isco08_2,2023,39.66
sen,eco_isic4_s,ocu_isco08_2,2024,41.07
sen,eco_isic4_s,ocu_isco08_3,2015,54.93
sen,eco_isic4_s,ocu_isco08_3,2016,49.14
sen,eco_isic4_s,ocu_isco08_3,2019,47.86
sen,eco_isic4_s,ocu_isco08_3,2022,37.49
sen,eco_isic4_s,ocu_isco08_3,2023,39.24
sen,eco_isic4_s,ocu_isco08_3,2024,41.56
sen,eco_isic4_s,ocu_isco08_4,2015,55.15
sen,eco_isic4_s,ocu_isco08_4,2016,45.88
sen,eco_isic4_s,ocu_isco08_4,2019,40.56
sen,eco_isic4_s,ocu_isco08_4,2022,53.33
sen,eco_isic4_s,ocu_isco08_4,2023,45.32
sen,eco_isic4_s,ocu_isco08_4,2024,42.7
sen,eco_isic4_s,ocu_isco08_5,2015,55.02
sen,eco_isic4_s,ocu_isco08_5,2016,51.91
sen,eco_isic4_s,ocu_isco08_5,2019,60.75
sen,eco_isic4_s,ocu_isco08_5,2022,60.15
sen,eco_isic4_s,ocu_isco08_5,2023,53
sen,eco_isic4_s,ocu_isco08_5,2024,60.8
sen,eco_isic4_s,ocu_isco08_6,2015,55.79
sen,eco_isic4_s,ocu_isco08_6,2016,25.99
sen,eco_isic4_s,ocu_isco08_7,2015,59.33
sen,eco_isic4_s,ocu_isco08_7,2016,51.94
sen,eco_isic4_s,ocu_isco08_7,2019,53.2
sen,eco_isic4_s,ocu_isco08_7,2022,49.47
sen,eco_isic4_s,ocu_isco08_7,2023,50.56
sen,eco_isic4_s,ocu_isco08_7,2024,49.21
sen,eco_isic4_s,ocu_isco08_8,2015,45.66
sen,eco_isic4_s,ocu_isco08_8,2016,52.42
sen,eco_isic4_s,ocu_isco08_8,2019,59.12
sen,eco_isic4_s,ocu_isco08_8,2022,44.14
sen,eco_isic4_s,ocu_isco08_8,2023,48.76
sen,eco_isic4_s,ocu_isco08_8,2024,51.72
sen,eco_isic4_s,ocu_isco08_9,2015,53.76
sen,eco_isic4_s,ocu_isco08_9,2016,49.86
sen,eco_isic4_s,ocu_isco08_9,2019,50.07
sen,eco_isic4_s,ocu_isco08_9,2022,52.17
sen,eco_isic4_s,ocu_isco08_9,2023,49.51
sen,eco_isic4_s,ocu_isco08_9,2024,48.72
sen,eco_isic4_s,ocu_isco08_total,2015,55.64
sen,eco_isic4_s,ocu_isco08_total,2016,51.61
sen,eco_isic4_s,ocu_isco08_total,2019,53.46
sen,eco_isic4_s,ocu_isco08_total,2022,53.24
sen,eco_isic4_s,ocu_isco08_total,2023,49.4
sen,eco_isic4_s,ocu_isco08_total,2024,51.98
sen,eco_isic4_s,ocu_isco08_x,2016,53.46
sen,eco_isic4_s,ocu_isco08_x,2019,52.64
sen,eco_isic4_s,ocu_isco08_x,2022,54.97
sen,eco_isic4_s,ocu_isco08_x,2023,48.37
sen,eco_isic4_s,ocu_isco08_x,2024,55.41
sen,eco_isic4_s,ocu_skill_l1,2015,53.76
sen,eco_isic4_s,ocu_skill_l1,2016,49.86
sen,eco_isic4_s,ocu_skill_l1,2019,50.07
sen,eco_isic4_s,ocu_skill_l1,2022,52.17
sen,eco_isic4_s,ocu_skill_l1,2023,49.51
sen,eco_isic4_s,ocu_skill_l1,2024,48.72
sen,eco_isic4_s,ocu_skill_l2,2015,56.41
sen,eco_isic4_s,ocu_skill_l2,2016,51.31
sen,eco_isic4_s,ocu_skill_l2,2019,55.94
sen,eco_isic4_s,ocu_skill_l2,2022,55.36
sen,eco_isic4_s,ocu_skill_l2,2023,50.88
sen,eco_isic4_s,ocu_skill_l2,2024,54.02
sen,eco_isic4_s,ocu_skill_l3_4,2015,51.98
sen,eco_isic4_s,ocu_skill_l3_4,2016,49.41
sen,eco_isic4_s,ocu_skill_l3_4,2019,48.94
sen,eco_isic4_s,ocu_skill_l3_4,2022,42.25
sen,eco_isic4_s,ocu_skill_l3_4,2023,39.58
sen,eco_isic4_s,ocu_skill_l3_4,2024,42.07
sen,eco_isic4_s,ocu_skill_total,2015,55.64
sen,eco_isic4_s,ocu_skill_total,2016,51.61
sen,eco_isic4_s,ocu_skill_total,2019,53.46
sen,eco_isic4_s,ocu_skill_total,2022,53.24
sen,eco_isic4_s,ocu_skill_total,2023,49.4
sen,eco_isic4_s,ocu_skill_total,2024,51.98
sen,eco_isic4_s,ocu_skill_x,2015,66.96
sen,eco_isic4_s,ocu_skill_x,2016,55.1
sen,eco_isic4_s,ocu_skill_x,2019,53.96
sen,eco_isic4_s,ocu_skill_x,2022,53.71
sen,eco_isic4_s,ocu_skill_x,2023,49.33
sen,eco_isic4_s,ocu_skill_x,2024,55.25
sen,eco_isic4_t,ocu_isco08_3,2015,31.14
sen,eco_isic4_t,ocu_isco08_5,2015,55.21
sen,eco_isic4_t,ocu_isco08_5,2016,39.09
sen,eco_isic4_t,ocu_isco08_5,2019,72.21
sen,eco_isic4_t,ocu_isco08_5,2022,48.75
sen,eco_isic4_t,ocu_isco08_5,2023,43.86
sen,eco_isic4_t,ocu_isco08_5,2024,47.03
sen,eco_isic4_t,ocu_isco08_6,2015,17.58
sen,eco_isic4_t,ocu_isco08_6,2016,11.88
sen,eco_isic4_t,ocu_isco08_7,2015,42
sen,eco_isic4_t,ocu_isco08_7,2016,46.05
sen,eco_isic4_t,ocu_isco08_7,2019,37.58
sen,eco_isic4_t,ocu_isco08_7,2022,44.7
sen,eco_isic4_t,ocu_isco08_7,2023,56.84
sen,eco_isic4_t,ocu_isco08_8,2015,82.99
sen,eco_isic4_t,ocu_isco08_8,2016,49.92
sen,eco_isic4_t,ocu_isco08_9,2015,38.91
sen,eco_isic4_t,ocu_isco08_9,2016,44.34
sen,eco_isic4_t,ocu_isco08_9,2019,38.46
sen,eco_isic4_t,ocu_isco08_9,2022,39.36
sen,eco_isic4_t,ocu_isco08_9,2023,40.99
sen,eco_isic4_t,ocu_isco08_9,2024,47.49
sen,eco_isic4_t,ocu_isco08_total,2015,39.93
sen,eco_isic4_t,ocu_isco08_total,2016,39.55
sen,eco_isic4_t,ocu_isco08_total,2019,41.23
sen,eco_isic4_t,ocu_isco08_total,2022,40.6
sen,eco_isic4_t,ocu_isco08_total,2023,39.06
sen,eco_isic4_t,ocu_isco08_total,2024,40.29
sen,eco_isic4_t,ocu_isco08_x,2016,32.78
sen,eco_isic4_t,ocu_isco08_x,2019,47.67
sen,eco_isic4_t,ocu_isco08_x,2022,43.23
sen,eco_isic4_t,ocu_isco08_x,2023,30.29
sen,eco_isic4_t,ocu_isco08_x,2024,31.09
sen,eco_isic4_t,ocu_skill_l1,2015,38.91
sen,eco_isic4_t,ocu_skill_l1,2016,44.34
sen,eco_isic4_t,ocu_skill_l1,2019,38.46
sen,eco_isic4_t,ocu_skill_l1,2022,39.36
sen,eco_isic4_t,ocu_skill_l1,2023,40.99
sen,eco_isic4_t,ocu_skill_l1,2024,47.49
sen,eco_isic4_t,ocu_skill_l2,2015,46.13
sen,eco_isic4_t,ocu_skill_l2,2016,34.47
sen,eco_isic4_t,ocu_skill_l2,2019,57.6
sen,eco_isic4_t,ocu_skill_l2,2022,46.65
sen,eco_isic4_t,ocu_skill_l2,2023,46.25
sen,eco_isic4_t,ocu_skill_l2,2024,47.64
sen,eco_isic4_t,ocu_skill_l3_4,2015,33.87
sen,eco_isic4_t,ocu_skill_l3_4,2016,81.65
sen,eco_isic4_t,ocu_skill_total,2015,39.93
sen,eco_isic4_t,ocu_skill_total,2016,39.55
sen,eco_isic4_t,ocu_skill_total,2019,41.23
sen,eco_isic4_t,ocu_skill_total,2022,40.6
sen,eco_isic4_t,ocu_skill_total,2023,39.06
sen,eco_isic4_t,ocu_skill_total,2024,40.29
sen,eco_isic4_t,ocu_skill_x,2016,32.78
sen,eco_isic4_t,ocu_skill_x,2019,47.62
sen,eco_isic4_t,ocu_skill_x,2022,43.23
sen,eco_isic4_t,ocu_skill_x,2023,30.29
sen,eco_isic4_t,ocu_skill_x,2024,31.35
sen,eco_isic4_total,ocu_isco08_0,2015,58.77
sen,eco_isic4_total,ocu_isco08_0,2016,66.97
sen,eco_isic4_total,ocu_isco08_0,2019,56.36
sen,eco_isic4_total,ocu_isco08_0,2022,45.84
sen,eco_isic4_total,ocu_isco08_0,2023,52.58
sen,eco_isic4_total,ocu_isco08_0,2024,51.46
sen,eco_isic4_total,ocu_isco08_1,2015,47.8
sen,eco_isic4_total,ocu_isco08_1,2016,47.2
sen,eco_isic4_total,ocu_isco08_1,2019,55.02
sen,eco_isic4_total,ocu_isco08_1,2022,46.55
sen,eco_isic4_total,ocu_isco08_1,2023,42.74
sen,eco_isic4_total,ocu_isco08_1,2024,48.74
sen,eco_isic4_total,ocu_isco08_2,2015,40.4
sen,eco_isic4_total,ocu_isco08_2,2016,41.62
sen,eco_isic4_total,ocu_isco08_2,2019,40.72
sen,eco_isic4_total,ocu_isco08_2,2022,41.07
sen,eco_isic4_total,ocu_isco08_2,2023,40.93
sen,eco_isic4_total,ocu_isco08_2,2024,41.78
sen,eco_isic4_total,ocu_isco08_3,2015,47.26
sen,eco_isic4_total,ocu_isco08_3,2016,48.74
sen,eco_isic4_total,ocu_isco08_3,2019,46.95
sen,eco_isic4_total,ocu_isco08_3,2022,42.51
sen,eco_isic4_total,ocu_isco08_3,2023,43.06
sen,eco_isic4_total,ocu_isco08_3,2024,45.14
sen,eco_isic4_total,ocu_isco08_4,2015,45.81
sen,eco_isic4_total,ocu_isco08_4,2016,48.69
sen,eco_isic4_total,ocu_isco08_4,2019,43.65
sen,eco_isic4_total,ocu_isco08_4,2022,45.07
sen,eco_isic4_total,ocu_isco08_4,2023,43.95
sen,eco_isic4_total,ocu_isco08_4,2024,44.6
sen,eco_isic4_total,ocu_isco08_5,2015,55.55
sen,eco_isic4_total,ocu_isco08_5,2016,53.06
sen,eco_isic4_total,ocu_isco08_5,2019,57.67
sen,eco_isic4_total,ocu_isco08_5,2022,55.09
sen,eco_isic4_total,ocu_isco08_5,2023,51.7
sen,eco_isic4_total,ocu_isco08_5,2024,61.49
sen,eco_isic4_total,ocu_isco08_6,2015,30.99
sen,eco_isic4_total,ocu_isco08_6,2016,33.08
sen,eco_isic4_total,ocu_isco08_6,2019,30.6
sen,eco_isic4_total,ocu_isco08_6,2022,41.56
sen,eco_isic4_total,ocu_isco08_6,2023,38.58
sen,eco_isic4_total,ocu_isco08_6,2024,40.92
sen,eco_isic4_total,ocu_isco08_7,2015,54
sen,eco_isic4_total,ocu_isco08_7,2016,52.43
sen,eco_isic4_total,ocu_isco08_7,2019,49.68
sen,eco_isic4_total,ocu_isco08_7,2022,49.17
sen,eco_isic4_total,ocu_isco08_7,2023,48.68
sen,eco_isic4_total,ocu_isco08_7,2024,49.37
sen,eco_isic4_total,ocu_isco08_8,2015,56.59
sen,eco_isic4_total,ocu_isco08_8,2016,62.05
sen,eco_isic4_total,ocu_isco08_8,2019,55.26
sen,eco_isic4_total,ocu_isco08_8,2022,54.21
sen,eco_isic4_total,ocu_isco08_8,2023,52.15
sen,eco_isic4_total,ocu_isco08_8,2024,57.79
sen,eco_isic4_total,ocu_isco08_9,2015,43.35
sen,eco_isic4_total,ocu_isco08_9,2016,47.12
sen,eco_isic4_total,ocu_isco08_9,2019,42.87
sen,eco_isic4_total,ocu_isco08_9,2022,45.51
sen,eco_isic4_total,ocu_isco08_9,2023,45.21
sen,eco_isic4_total,ocu_isco08_9,2024,44.41
sen,eco_isic4_total,ocu_isco08_total,2015,43.21
sen,eco_isic4_total,ocu_isco08_total,2016,42.71
sen,eco_isic4_total,ocu_isco08_total,2019,45.4
sen,eco_isic4_total,ocu_isco08_total,2022,46.95
sen,eco_isic4_total,ocu_isco08_total,2023,45.89
sen,eco_isic4_total,ocu_isco08_total,2024,48.31
sen,eco_isic4_total,ocu_isco08_x,2016,34.84
sen,eco_isic4_total,ocu_isco08_x,2019,42.56
sen,eco_isic4_total,ocu_isco08_x,2022,44.69
sen,eco_isic4_total,ocu_isco08_x,2023,43.18
sen,eco_isic4_total,ocu_isco08_x,2024,47.38
sen,eco_isic4_total,ocu_skill_l1,2015,43.35
sen,eco_isic4_total,ocu_skill_l1,2016,47.12
sen,eco_isic4_total,ocu_skill_l1,2019,42.87
sen,eco_isic4_total,ocu_skill_l1,2022,45.51
sen,eco_isic4_total,ocu_skill_l1,2023,45.21
sen,eco_isic4_total,ocu_skill_l1,2024,44.41
sen,eco_isic4_total,ocu_skill_l2,2015,43.03
sen,eco_isic4_total,ocu_skill_l2,2016,44.23
sen,eco_isic4_total,ocu_skill_l2,2019,47.72
sen,eco_isic4_total,ocu_skill_l2,2022,49.97
sen,eco_isic4_total,ocu_skill_l2,2023,48.24
sen,eco_isic4_total,ocu_skill_l2,2024,51.15
sen,eco_isic4_total,ocu_skill_l3_4,2015,43
sen,eco_isic4_total,ocu_skill_l3_4,2016,43.2
sen,eco_isic4_total,ocu_skill_l3_4,2019,43.04
sen,eco_isic4_total,ocu_skill_l3_4,2022,41.64
sen,eco_isic4_total,ocu_skill_l3_4,2023,41.64
sen,eco_isic4_total,ocu_skill_l3_4,2024,43.06
sen,eco_isic4_total,ocu_skill_total,2015,43.21
sen,eco_isic4_total,ocu_skill_total,2016,42.71
sen,eco_isic4_total,ocu_skill_total,2019,45.4
sen,eco_isic4_total,ocu_skill_total,2022,46.95
sen,eco_isic4_total,ocu_skill_total,2023,45.89
sen,eco_isic4_total,ocu_skill_total,2024,48.31
sen,eco_isic4_total,ocu_skill_x,2015,58.77
sen,eco_isic4_total,ocu_skill_x,2016,35.8
sen,eco_isic4_total,ocu_skill_x,2019,42.94
sen,eco_isic4_total,ocu_skill_x,2022,44.75
sen,eco_isic4_total,ocu_skill_x,2023,43.57
sen,eco_isic4_total,ocu_skill_x,2024,47.66
sen,eco_isic4_u,ocu_isco08_0,2015,59.68
sen,eco_isic4_u,ocu_isco08_0,2016,74.1
sen,eco_isic4_u,ocu_isco08_0,2019,55.83
sen,eco_isic4_u,ocu_isco08_0,2022,46.63
sen,eco_isic4_u,ocu_isco08_0,2024,70.04
sen,eco_isic4_u,ocu_isco08_4,2015,40.44
sen,eco_isic4_u,ocu_isco08_4,2022,44.75
sen,eco_isic4_u,ocu_isco08_4,2024,42.56
sen,eco_isic4_u,ocu_isco08_5,2015,58.76
sen,eco_isic4_u,ocu_isco08_7,2015,48.44
sen,eco_isic4_u,ocu_isco08_9,2015,46.8
sen,eco_isic4_u,ocu_isco08_9,2016,56.1
sen,eco_isic4_u,ocu_isco08_9,2019,38.46
sen,eco_isic4_u,ocu_isco08_9,2022,46.88
sen,eco_isic4_u,ocu_isco08_total,2015,47.3
sen,eco_isic4_u,ocu_isco08_total,2016,55.13
sen,eco_isic4_u,ocu_isco08_total,2019,45.93
sen,eco_isic4_u,ocu_isco08_total,2022,51
sen,eco_isic4_u,ocu_isco08_total,2023,61.83
sen,eco_isic4_u,ocu_isco08_total,2024,62.94
sen,eco_isic4_u,ocu_isco08_x,2016,44.77
sen,eco_isic4_u,ocu_isco08_x,2019,48.16
sen,eco_isic4_u,ocu_isco08_x,2022,66.09
sen,eco_isic4_u,ocu_isco08_x,2023,63.34
sen,eco_isic4_u,ocu_isco08_x,2024,39.99
sen,eco_isic4_u,ocu_skill_l1,2015,46.8
sen,eco_isic4_u,ocu_skill_l1,2016,56.1
sen,eco_isic4_u,ocu_skill_l1,2019,38.46
sen,eco_isic4_u,ocu_skill_l1,2022,46.88
sen,eco_isic4_u,ocu_skill_l2,2015,46.51
sen,eco_isic4_u,ocu_skill_l2,2016,50.35
sen,eco_isic4_u,ocu_skill_l2,2019,42.55
sen,eco_isic4_u,ocu_skill_l2,2022,35.83
sen,eco_isic4_u,ocu_skill_l2,2024,60.37
sen,eco_isic4_u,ocu_skill_l3_4,2015,39.95
sen,eco_isic4_u,ocu_skill_l3_4,2016,43.72
sen,eco_isic4_u,ocu_skill_total,2015,47.3
sen,eco_isic4_u,ocu_skill_total,2016,55.13
sen,eco_isic4_u,ocu_skill_total,2019,45.93
sen,eco_isic4_u,ocu_skill_total,2022,51
sen,eco_isic4_u,ocu_skill_total,2023,61.83
sen,eco_isic4_u,ocu_skill_total,2024,62.94
sen,eco_isic4_u,ocu_skill_x,2015,59.68
sen,eco_isic4_u,ocu_skill_x,2016,62.13
sen,eco_isic4_u,ocu_skill_x,2019,52.74
sen,eco_isic4_u,ocu_skill_x,2022,55.27
sen,eco_isic4_u,ocu_skill_x,2023,62.4
sen,eco_isic4_u,ocu_skill_x,2024,59.76
sen,eco_sector_agr,ocu_isco08_0,2019,38.47
sen,eco_sector_agr,ocu_isco08_0,2024,51.09
sen,eco_sector_agr,ocu_isco08_2,2016,53.92
sen,eco_sector_agr,ocu_isco08_2,2022,48.42
sen,eco_sector_agr,ocu_isco08_2,2023,40.66
sen,eco_sector_agr,ocu_isco08_2,2024,45.59
sen,eco_sector_agr,ocu_isco08_3,2019,66.81
sen,eco_sector_agr,ocu_isco08_4,2022,40.67
sen,eco_sector_agr,ocu_isco08_4,2024,41.12
sen,eco_sector_agr,ocu_isco08_5,2015,36.87
sen,eco_sector_agr,ocu_isco08_5,2016,32.6
sen,eco_sector_agr,ocu_isco08_5,2019,57.52
sen,eco_sector_agr,ocu_isco08_5,2022,31.75
sen,eco_sector_agr,ocu_isco08_5,2023,52.6
sen,eco_sector_agr,ocu_isco08_5,2024,65.45
sen,eco_sector_agr,ocu_isco08_6,2015,31.07
sen,eco_sector_agr,ocu_isco08_6,2016,33.36
sen,eco_sector_agr,ocu_isco08_6,2019,30.53
sen,eco_sector_agr,ocu_isco08_6,2022,41.44
sen,eco_sector_agr,ocu_isco08_6,2023,38.53
sen,eco_sector_agr,ocu_isco08_6,2024,40.72
sen,eco_sector_agr,ocu_isco08_7,2016,24.89
sen,eco_sector_agr,ocu_isco08_7,2019,38.27
sen,eco_sector_agr,ocu_isco08_7,2024,45.87
sen,eco_sector_agr,ocu_isco08_8,2015,59.54
sen,eco_sector_agr,ocu_isco08_8,2016,26.53
sen,eco_sector_agr,ocu_isco08_8,2022,62.57
sen,eco_sector_agr,ocu_isco08_8,2024,61.95
sen,eco_sector_agr,ocu_isco08_9,2015,34.87
sen,eco_sector_agr,ocu_isco08_9,2016,45.42
sen,eco_sector_agr,ocu_isco08_9,2019,39.84
sen,eco_sector_agr,ocu_isco08_9,2022,35.61
sen,eco_sector_agr,ocu_isco08_9,2023,29.85
sen,eco_sector_agr,ocu_isco08_9,2024,35.23
sen,eco_sector_agr,ocu_isco08_total,2015,31.78
sen,eco_sector_agr,ocu_isco08_total,2016,33.04
sen,eco_sector_agr,ocu_isco08_total,2019,34.94
sen,eco_sector_agr,ocu_isco08_total,2022,38.1
sen,eco_sector_agr,ocu_isco08_total,2023,38.32
sen,eco_sector_agr,ocu_isco08_total,2024,43.4
sen,eco_sector_agr,ocu_isco08_x,2016,27.83
sen,eco_sector_agr,ocu_isco08_x,2019,37.94
sen,eco_sector_agr,ocu_isco08_x,2022,36.75
sen,eco_sector_agr,ocu_isco08_x,2023,39.33
sen,eco_sector_agr,ocu_isco08_x,2024,46.77
sen,eco_sector_agr,ocu_skill_l1,2015,34.87
sen,eco_sector_agr,ocu_skill_l1,2016,45.42
sen,eco_sector_agr,ocu_skill_l1,2019,39.84
sen,eco_sector_agr,ocu_skill_l1,2022,35.61
sen,eco_sector_agr,ocu_skill_l1,2023,29.85
sen,eco_sector_agr,ocu_skill_l1,2024,35.23
sen,eco_sector_agr,ocu_skill_l2,2015,31.44
sen,eco_sector_agr,ocu_skill_l2,2016,33.14
sen,eco_sector_agr,ocu_skill_l2,2019,30.94
sen,eco_sector_agr,ocu_skill_l2,2022,41.25
sen,eco_sector_agr,ocu_skill_l2,2023,38.83
sen,eco_sector_agr,ocu_skill_l2,2024,42.63
sen,eco_sector_agr,ocu_skill_l3_4,2015,48
sen,eco_sector_agr,ocu_skill_l3_4,2016,49.64
sen,eco_sector_agr,ocu_skill_l3_4,2019,62.34
sen,eco_sector_agr,ocu_skill_l3_4,2022,47.07
sen,eco_sector_agr,ocu_skill_l3_4,2023,40.64
sen,eco_sector_agr,ocu_skill_l3_4,2024,42.98
sen,eco_sector_agr,ocu_skill_total,2015,31.78
sen,eco_sector_agr,ocu_skill_total,2016,33.04
sen,eco_sector_agr,ocu_skill_total,2019,34.94
sen,eco_sector_agr,ocu_skill_total,2022,38.1
sen,eco_sector_agr,ocu_skill_total,2023,38.32
sen,eco_sector_agr,ocu_skill_total,2024,43.4
sen,eco_sector_agr,ocu_skill_x,2016,27.83
sen,eco_sector_agr,ocu_skill_x,2019,37.94
sen,eco_sector_agr,ocu_skill_x,2022,36.75
sen,eco_sector_agr,ocu_skill_x,2023,39.33
sen,eco_sector_agr,ocu_skill_x,2024,47.02
sen,eco_sector_ind,ocu_isco08_1,2016,42.98
sen,eco_sector_ind,ocu_isco08_1,2019,51.33
sen,eco_sector_ind,ocu_isco08_1,2023,44.54
sen,eco_sector_ind,ocu_isco08_2,2015,48.19
sen,eco_sector_ind,ocu_isco08_2,2016,51.18
sen,eco_sector_ind,ocu_isco08_2,2019,43.47
sen,eco_sector_ind,ocu_isco08_2,2022,42.8
sen,eco_sector_ind,ocu_isco08_2,2023,39.89
sen,eco_sector_ind,ocu_isco08_2,2024,45.86
sen,eco_sector_ind,ocu_isco08_3,2015,45.95
sen,eco_sector_ind,ocu_isco08_3,2016,47
sen,eco_sector_ind,ocu_isco08_3,2019,47.97
sen,eco_sector_ind,ocu_isco08_3,2022,41.33
sen,eco_sector_ind,ocu_isco08_3,2023,44.42
sen,eco_sector_ind,ocu_isco08_3,2024,49.66
sen,eco_sector_ind,ocu_isco08_4,2015,48.53
sen,eco_sector_ind,ocu_isco08_4,2016,46.74
sen,eco_sector_ind,ocu_isco08_4,2019,46.63
sen,eco_sector_ind,ocu_isco08_4,2022,42.51
sen,eco_sector_ind,ocu_isco08_4,2023,48.02
sen,eco_sector_ind,ocu_isco08_4,2024,45.86
sen,eco_sector_ind,ocu_isco08_5,2015,51.53
sen,eco_sector_ind,ocu_isco08_5,2016,52.53
sen,eco_sector_ind,ocu_isco08_5,2019,54.85
sen,eco_sector_ind,ocu_isco08_5,2022,46.4
sen,eco_sector_ind,ocu_isco08_5,2023,43.6
sen,eco_sector_ind,ocu_isco08_5,2024,52.84
sen,eco_sector_ind,ocu_isco08_6,2024,50.27
sen,eco_sector_ind,ocu_isco08_7,2015,52.47
sen,eco_sector_ind,ocu_isco08_7,2016,53.29
sen,eco_sector_ind,ocu_isco08_7,2019,48.93
sen,eco_sector_ind,ocu_isco08_7,2022,48.5
sen,eco_sector_ind,ocu_isco08_7,2023,47.6
sen,eco_sector_ind,ocu_isco08_7,2024,48.8
sen,eco_sector_ind,ocu_isco08_8,2015,46.98
sen,eco_sector_ind,ocu_isco08_8,2016,52.87
sen,eco_sector_ind,ocu_isco08_8,2019,45.86
sen,eco_sector_ind,ocu_isco08_8,2022,44.6
sen,eco_sector_ind,ocu_isco08_8,2023,44.76
sen,eco_sector_ind,ocu_isco08_8,2024,52.66
sen,eco_sector_ind,ocu_isco08_9,2015,50.01
sen,eco_sector_ind,ocu_isco08_9,2016,50.19
sen,eco_sector_ind,ocu_isco08_9,2019,46.95
sen,eco_sector_ind,ocu_isco08_9,2022,40.55
sen,eco_sector_ind,ocu_isco08_9,2023,42.9
sen,eco_sector_ind,ocu_isco08_9,2024,45.49
sen,eco_sector_ind,ocu_isco08_total,2015,51.17
sen,eco_sector_ind,ocu_isco08_total,2016,52.39
sen,eco_sector_ind,ocu_isco08_total,2019,48.48
sen,eco_sector_ind,ocu_isco08_total,2022,46.53
sen,eco_sector_ind,ocu_isco08_total,2023,46.73
sen,eco_sector_ind,ocu_isco08_total,2024,48.98
sen,eco_sector_ind,ocu_isco08_x,2016,50.56
sen,eco_sector_ind,ocu_isco08_x,2019,46.76
sen,eco_sector_ind,ocu_isco08_x,2022,43.51
sen,eco_sector_ind,ocu_isco08_x,2023,46.88
sen,eco_sector_ind,ocu_isco08_x,2024,51.73
sen,eco_sector_ind,ocu_skill_l1,2015,50.01
sen,eco_sector_ind,ocu_skill_l1,2016,50.19
sen,eco_sector_ind,ocu_skill_l1,2019,46.95
sen,eco_sector_ind,ocu_skill_l1,2022,40.55
sen,eco_sector_ind,ocu_skill_l1,2023,42.9
sen,eco_sector_ind,ocu_skill_l1,2024,45.49
sen,eco_sector_ind,ocu_skill_l2,2015,51.89
sen,eco_sector_ind,ocu_skill_l2,2016,53.1
sen,eco_sector_ind,ocu_skill_l2,2019,48.98
sen,eco_sector_ind,ocu_skill_l2,2022,48.2
sen,eco_sector_ind,ocu_skill_l2,2023,47.35
sen,eco_sector_ind,ocu_skill_l2,2024,49.17
sen,eco_sector_ind,ocu_skill_l3_4,2015,47.53
sen,eco_sector_ind,ocu_skill_l3_4,2016,48.19
sen,eco_sector_ind,ocu_skill_l3_4,2019,46.64
sen,eco_sector_ind,ocu_skill_l3_4,2022,42.12
sen,eco_sector_ind,ocu_skill_l3_4,2023,42.85
sen,eco_sector_ind,ocu_skill_l3_4,2024,47.57
sen,eco_sector_ind,ocu_skill_total,2015,51.17
sen,eco_sector_ind,ocu_skill_total,2016,52.39
sen,eco_sector_ind,ocu_skill_total,2019,48.48
sen,eco_sector_ind,ocu_skill_total,2022,46.53
sen,eco_sector_ind,ocu_skill_total,2023,46.73
sen,eco_sector_ind,ocu_skill_total,2024,48.98
sen,eco_sector_ind,ocu_skill_x,2016,50.54
sen,eco_sector_ind,ocu_skill_x,2019,46.62
sen,eco_sector_ind,ocu_skill_x,2022,43.51
sen,eco_sector_ind,ocu_skill_x,2023,46.89
sen,eco_sector_ind,ocu_skill_x,2024,51.71
sen,eco_sector_nag,ocu_isco08_0,2015,58.77
sen,eco_sector_nag,ocu_isco08_0,2016,66.97
sen,eco_sector_nag,ocu_isco08_0,2019,56.81
sen,eco_sector_nag,ocu_isco08_0,2022,45.84
sen,eco_sector_nag,ocu_isco08_0,2023,52.58
sen,eco_sector_nag,ocu_isco08_0,2024,51.71
sen,eco_sector_nag,ocu_isco08_1,2015,47.68
sen,eco_sector_nag,ocu_isco08_1,2016,46.77
sen,eco_sector_nag,ocu_isco08_1,2019,55.42
sen,eco_sector_nag,ocu_isco08_1,2022,46.53
sen,eco_sector_nag,ocu_isco08_1,2023,42.68
sen,eco_sector_nag,ocu_isco08_1,2024,48.65
sen,eco_sector_nag,ocu_isco08_2,2015,40.33
sen,eco_sector_nag,ocu_isco08_2,2016,41.51
sen,eco_sector_nag,ocu_isco08_2,2019,40.7
sen,eco_sector_nag,ocu_isco08_2,2022,41
sen,eco_sector_nag,ocu_isco08_2,2023,40.94
sen,eco_sector_nag,ocu_isco08_2,2024,41.68
sen,eco_sector_nag,ocu_isco08_3,2015,47.27
sen,eco_sector_nag,ocu_isco08_3,2016,48.97
sen,eco_sector_nag,ocu_isco08_3,2019,46.31
sen,eco_sector_nag,ocu_isco08_3,2022,42.54
sen,eco_sector_nag,ocu_isco08_3,2023,43.08
sen,eco_sector_nag,ocu_isco08_3,2024,45.49
sen,eco_sector_nag,ocu_isco08_4,2015,45.64
sen,eco_sector_nag,ocu_isco08_4,2016,48.66
sen,eco_sector_nag,ocu_isco08_4,2019,43.57
sen,eco_sector_nag,ocu_isco08_4,2022,45.15
sen,eco_sector_nag,ocu_isco08_4,2023,43.96
sen,eco_sector_nag,ocu_isco08_4,2024,44.87
sen,eco_sector_nag,ocu_isco08_5,2015,56.03
sen,eco_sector_nag,ocu_isco08_5,2016,56.91
sen,eco_sector_nag,ocu_isco08_5,2019,57.67
sen,eco_sector_nag,ocu_isco08_5,2022,55.29
sen,eco_sector_nag,ocu_isco08_5,2023,51.69
sen,eco_sector_nag,ocu_isco08_5,2024,61.42
sen,eco_sector_nag,ocu_isco08_6,2015,28.45
sen,eco_sector_nag,ocu_isco08_6,2016,19.64
sen,eco_sector_nag,ocu_isco08_6,2019,38.62
sen,eco_sector_nag,ocu_isco08_6,2022,46.75
sen,eco_sector_nag,ocu_isco08_6,2024,55.14
sen,eco_sector_nag,ocu_isco08_7,2015,53.95
sen,eco_sector_nag,ocu_isco08_7,2016,53.44
sen,eco_sector_nag,ocu_isco08_7,2019,49.69
sen,eco_sector_nag,ocu_isco08_7,2022,49.23
sen,eco_sector_nag,ocu_isco08_7,2023,48.68
sen,eco_sector_nag,ocu_isco08_7,2024,49.48
sen,eco_sector_nag,ocu_isco08_8,2015,56.47
sen,eco_sector_nag,ocu_isco08_8,2016,63.25
sen,eco_sector_nag,ocu_isco08_8,2019,55.4
sen,eco_sector_nag,ocu_isco08_8,2022,54.15
sen,eco_sector_nag,ocu_isco08_8,2023,52.15
sen,eco_sector_nag,ocu_isco08_8,2024,57.47
sen,eco_sector_nag,ocu_isco08_9,2015,44.19
sen,eco_sector_nag,ocu_isco08_9,2016,47.68
sen,eco_sector_nag,ocu_isco08_9,2019,43.36
sen,eco_sector_nag,ocu_isco08_9,2022,46.41
sen,eco_sector_nag,ocu_isco08_9,2023,46.94
sen,eco_sector_nag,ocu_isco08_9,2024,47.83
sen,eco_sector_nag,ocu_isco08_total,2015,48.38
sen,eco_sector_nag,ocu_isco08_total,2016,49.25
sen,eco_sector_nag,ocu_isco08_total,2019,48.54
sen,eco_sector_nag,ocu_isco08_total,2022,48.89
sen,eco_sector_nag,ocu_isco08_total,2023,47.63
sen,eco_sector_nag,ocu_isco08_total,2024,49.95
sen,eco_sector_nag,ocu_isco08_x,2016,42.18
sen,eco_sector_nag,ocu_isco08_x,2019,47.11
sen,eco_sector_nag,ocu_isco08_x,2022,51.55
sen,eco_sector_nag,ocu_isco08_x,2023,47.71
sen,eco_sector_nag,ocu_isco08_x,2024,47.9
sen,eco_sector_nag,ocu_skill_l1,2015,44.19
sen,eco_sector_nag,ocu_skill_l1,2016,47.68
sen,eco_sector_nag,ocu_skill_l1,2019,43.36
sen,eco_sector_nag,ocu_skill_l1,2022,46.41
sen,eco_sector_nag,ocu_skill_l1,2023,46.94
sen,eco_sector_nag,ocu_skill_l1,2024,47.83
sen,eco_sector_nag,ocu_skill_l2,2015,52.91
sen,eco_sector_nag,ocu_skill_l2,2016,54.65
sen,eco_sector_nag,ocu_skill_l2,2019,52.24
sen,eco_sector_nag,ocu_skill_l2,2022,51.18
sen,eco_sector_nag,ocu_skill_l2,2023,49.27
sen,eco_sector_nag,ocu_skill_l2,2024,53.08
sen,eco_sector_nag,ocu_skill_l3_4,2015,42.93
sen,eco_sector_nag,ocu_skill_l3_4,2016,43.11
sen,eco_sector_nag,ocu_skill_l3_4,2019,42.88
sen,eco_sector_nag,ocu_skill_l3_4,2022,41.59
sen,eco_sector_nag,ocu_skill_l3_4,2023,41.66
sen,eco_sector_nag,ocu_skill_l3_4,2024,43.06
sen,eco_sector_nag,ocu_skill_total,2015,48.38
sen,eco_sector_nag,ocu_skill_total,2016,49.25
sen,eco_sector_nag,ocu_skill_total,2019,48.54
sen,eco_sector_nag,ocu_skill_total,2022,48.89
sen,eco_sector_nag,ocu_skill_total,2023,47.63
sen,eco_sector_nag,ocu_skill_total,2024,49.95
sen,eco_sector_nag,ocu_skill_x,2015,58.77
sen,eco_sector_nag,ocu_skill_x,2016,43.65
sen,eco_sector_nag,ocu_skill_x,2019,47.62
sen,eco_sector_nag,ocu_skill_x,2022,51.03
sen,eco_sector_nag,ocu_skill_x,2023,48.13
sen,eco_sector_nag,ocu_skill_x,2024,48.18
sen,eco_sector_ser,ocu_isco08_0,2015,58.77
sen,eco_sector_ser,ocu_isco08_0,2016,67.25
sen,eco_sector_ser,ocu_isco08_0,2019,57.53
sen,eco_sector_ser,ocu_isco08_0,2022,45.84
sen,eco_sector_ser,ocu_isco08_0,2023,52.65
sen,eco_sector_ser,ocu_isco08_0,2024,51.74
sen,eco_sector_ser,ocu_isco08_1,2015,47.39
sen,eco_sector_ser,ocu_isco08_1,2016,47.16
sen,eco_sector_ser,ocu_isco08_1,2019,56.25
sen,eco_sector_ser,ocu_isco08_1,2022,47.53
sen,eco_sector_ser,ocu_isco08_1,2023,42.4
sen,eco_sector_ser,ocu_isco08_1,2024,48.71
sen,eco_sector_ser,ocu_isco08_2,2015,39.82
sen,eco_sector_ser,ocu_isco08_2,2016,41.19
sen,eco_sector_ser,ocu_isco08_2,2019,40.56
sen,eco_sector_ser,ocu_isco08_2,2022,40.83
sen,eco_sector_ser,ocu_isco08_2,2023,41.02
sen,eco_sector_ser,ocu_isco08_2,2024,41.32
sen,eco_sector_ser,ocu_isco08_3,2015,47.53
sen,eco_sector_ser,ocu_isco08_3,2016,49.55
sen,eco_sector_ser,ocu_isco08_3,2019,45.89
sen,eco_sector_ser,ocu_isco08_3,2022,42.96
sen,eco_sector_ser,ocu_isco08_3,2023,42.58
sen,eco_sector_ser,ocu_isco08_3,2024,44.45
sen,eco_sector_ser,ocu_isco08_4,2015,45.46
sen,eco_sector_ser,ocu_isco08_4,2016,48.82
sen,eco_sector_ser,ocu_isco08_4,2019,43.11
sen,eco_sector_ser,ocu_isco08_4,2022,45.25
sen,eco_sector_ser,ocu_isco08_4,2023,43.64
sen,eco_sector_ser,ocu_isco08_4,2024,44.83
sen,eco_sector_ser,ocu_isco08_5,2015,56.25
sen,eco_sector_ser,ocu_isco08_5,2016,57.18
sen,eco_sector_ser,ocu_isco08_5,2019,57.85
sen,eco_sector_ser,ocu_isco08_5,2022,55.75
sen,eco_sector_ser,ocu_isco08_5,2023,52.39
sen,eco_sector_ser,ocu_isco08_5,2024,61.91
sen,eco_sector_ser,ocu_isco08_6,2015,28.33
sen,eco_sector_ser,ocu_isco08_6,2016,18.27
sen,eco_sector_ser,ocu_isco08_6,2019,36.71
sen,eco_sector_ser,ocu_isco08_6,2022,48.71
sen,eco_sector_ser,ocu_isco08_6,2024,59.53
sen,eco_sector_ser,ocu_isco08_7,2015,56.5
sen,eco_sector_ser,ocu_isco08_7,2016,53.7
sen,eco_sector_ser,ocu_isco08_7,2019,52.38
sen,eco_sector_ser,ocu_isco08_7,2022,51.25
sen,eco_sector_ser,ocu_isco08_7,2023,53.01
sen,eco_sector_ser,ocu_isco08_7,2024,52.05
sen,eco_sector_ser,ocu_isco08_8,2015,58.5
sen,eco_sector_ser,ocu_isco08_8,2016,64.45
sen,eco_sector_ser,ocu_isco08_8,2019,56.69
sen,eco_sector_ser,ocu_isco08_8,2022,55.99
sen,eco_sector_ser,ocu_isco08_8,2023,53.34
sen,eco_sector_ser,ocu_isco08_8,2024,58.74
sen,eco_sector_ser,ocu_isco08_9,2015,43.36
sen,eco_sector_ser,ocu_isco08_9,2016,47.37
sen,eco_sector_ser,ocu_isco08_9,2019,42.64
sen,eco_sector_ser,ocu_isco08_9,2022,47.47
sen,eco_sector_ser,ocu_isco08_9,2023,47.51
sen,eco_sector_ser,ocu_isco08_9,2024,48.31
sen,eco_sector_ser,ocu_isco08_total,2015,47.68
sen,eco_sector_ser,ocu_isco08_total,2016,48.35
sen,eco_sector_ser,ocu_isco08_total,2019,48.57
sen,eco_sector_ser,ocu_isco08_total,2022,49.87
sen,eco_sector_ser,ocu_isco08_total,2023,48.04
sen,eco_sector_ser,ocu_isco08_total,2024,50.37
sen,eco_sector_ser,ocu_isco08_x,2016,41.5
sen,eco_sector_ser,ocu_isco08_x,2019,47.19
sen,eco_sector_ser,ocu_isco08_x,2022,53.49
sen,eco_sector_ser,ocu_isco08_x,2023,47.85
sen,eco_sector_ser,ocu_isco08_x,2024,47.28
sen,eco_sector_ser,ocu_skill_l1,2015,43.36
sen,eco_sector_ser,ocu_skill_l1,2016,47.37
sen,eco_sector_ser,ocu_skill_l1,2019,42.64
sen,eco_sector_ser,ocu_skill_l1,2022,47.47
sen,eco_sector_ser,ocu_skill_l1,2023,47.51
sen,eco_sector_ser,ocu_skill_l1,2024,48.31
sen,eco_sector_ser,ocu_skill_l2,2015,53.33
sen,eco_sector_ser,ocu_skill_l2,2016,55.68
sen,eco_sector_ser,ocu_skill_l2,2019,54.98
sen,eco_sector_ser,ocu_skill_l2,2022,53.45
sen,eco_sector_ser,ocu_skill_l2,2023,51.01
sen,eco_sector_ser,ocu_skill_l2,2024,56.39
sen,eco_sector_ser,ocu_skill_l3_4,2015,42.49
sen,eco_sector_ser,ocu_skill_l3_4,2016,42.73
sen,eco_sector_ser,ocu_skill_l3_4,2019,42.5
sen,eco_sector_ser,ocu_skill_l3_4,2022,41.51
sen,eco_sector_ser,ocu_skill_l3_4,2023,41.48
sen,eco_sector_ser,ocu_skill_l3_4,2024,42.55
sen,eco_sector_ser,ocu_skill_total,2015,47.68
sen,eco_sector_ser,ocu_skill_total,2016,48.35
sen,eco_sector_ser,ocu_skill_total,2019,48.57
sen,eco_sector_ser,ocu_skill_total,2022,49.87
sen,eco_sector_ser,ocu_skill_total,2023,48.04
sen,eco_sector_ser,ocu_skill_total,2024,50.37
sen,eco_sector_ser,ocu_skill_x,2015,58.77
sen,eco_sector_ser,ocu_skill_x,2016,43.12
sen,eco_sector_ser,ocu_skill_x,2019,47.84
sen,eco_sector_ser,ocu_skill_x,2022,52.63
sen,eco_sector_ser,ocu_skill_x,2023,48.31
sen,eco_sector_ser,ocu_skill_x,2024,47.65
sen,eco_sector_total,ocu_isco08_0,2015,58.77
sen,eco_sector_total,ocu_isco08_0,2016,66.97
sen,eco_sector_total,ocu_isco08_0,2019,56.36
sen,eco_sector_total,ocu_isco08_0,2022,45.84
sen,eco_sector_total,ocu_isco08_0,2023,52.58
sen,eco_sector_total,ocu_isco08_0,2024,51.46
sen,eco_sector_total,ocu_isco08_1,2015,47.8
sen,eco_sector_total,ocu_isco08_1,2016,47.2
sen,eco_sector_total,ocu_isco08_1,2019,55.02
sen,eco_sector_total,ocu_isco08_1,2022,46.55
sen,eco_sector_total,ocu_isco08_1,2023,42.74
sen,eco_sector_total,ocu_isco08_1,2024,48.74
sen,eco_sector_total,ocu_isco08_2,2015,40.4
sen,eco_sector_total,ocu_isco08_2,2016,41.62
sen,eco_sector_total,ocu_isco08_2,2019,40.72
sen,eco_sector_total,ocu_isco08_2,2022,41.07
sen,eco_sector_total,ocu_isco08_2,2023,40.93
sen,eco_sector_total,ocu_isco08_2,2024,41.78
sen,eco_sector_total,ocu_isco08_3,2015,47.26
sen,eco_sector_total,ocu_isco08_3,2016,48.74
sen,eco_sector_total,ocu_isco08_3,2019,46.95
sen,eco_sector_total,ocu_isco08_3,2022,42.51
sen,eco_sector_total,ocu_isco08_3,2023,43.06
sen,eco_sector_total,ocu_isco08_3,2024,45.14
sen,eco_sector_total,ocu_isco08_4,2015,45.81
sen,eco_sector_total,ocu_isco08_4,2016,48.69
sen,eco_sector_total,ocu_isco08_4,2019,43.65
sen,eco_sector_total,ocu_isco08_4,2022,45.07
sen,eco_sector_total,ocu_isco08_4,2023,43.95
sen,eco_sector_total,ocu_isco08_4,2024,44.6
sen,eco_sector_total,ocu_isco08_5,2015,55.55
sen,eco_sector_total,ocu_isco08_5,2016,53.06
sen,eco_sector_total,ocu_isco08_5,2019,57.67
sen,eco_sector_total,ocu_isco08_5,2022,55.09
sen,eco_sector_total,ocu_isco08_5,2023,51.7
sen,eco_sector_total,ocu_isco08_5,2024,61.49
sen,eco_sector_total,ocu_isco08_6,2015,30.99
sen,eco_sector_total,ocu_isco08_6,2016,33.08
sen,eco_sector_total,ocu_isco08_6,2019,30.6
sen,eco_sector_total,ocu_isco08_6,2022,41.56
sen,eco_sector_total,ocu_isco08_6,2023,38.58
sen,eco_sector_total,ocu_isco08_6,2024,40.92
sen,eco_sector_total,ocu_isco08_7,2015,54
sen,eco_sector_total,ocu_isco08_7,2016,52.43
sen,eco_sector_total,ocu_isco08_7,2019,49.68
sen,eco_sector_total,ocu_isco08_7,2022,49.17
sen,eco_sector_total,ocu_isco08_7,2023,48.68
sen,eco_sector_total,ocu_isco08_7,2024,49.37
sen,eco_sector_total,ocu_isco08_8,2015,56.59
sen,eco_sector_total,ocu_isco08_8,2016,62.05
sen,eco_sector_total,ocu_isco08_8,2019,55.26
sen,eco_sector_total,ocu_isco08_8,2022,54.21
sen,eco_sector_total,ocu_isco08_8,2023,52.15
sen,eco_sector_total,ocu_isco08_8,2024,57.79
sen,eco_sector_total,ocu_isco08_9,2015,43.35
sen,eco_sector_total,ocu_isco08_9,2016,47.12
sen,eco_sector_total,ocu_isco08_9,2019,42.87
sen,eco_sector_total,ocu_isco08_9,2022,45.51
sen,eco_sector_total,ocu_isco08_9,2023,45.21
sen,eco_sector_total,ocu_isco08_9,2024,44.41
sen,eco_sector_total,ocu_isco08_total,2015,43.21
sen,eco_sector_total,ocu_isco08_total,2016,42.71
sen,eco_sector_total,ocu_isco08_total,2019,45.4
sen,eco_sector_total,ocu_isco08_total,2022,46.95
sen,eco_sector_total,ocu_isco08_total,2023,45.89
sen,eco_sector_total,ocu_isco08_total,2024,48.31
sen,eco_sector_total,ocu_isco08_x,2016,34.84
sen,eco_sector_total,ocu_isco08_x,2019,42.56
sen,eco_sector_total,ocu_isco08_x,2022,44.69
sen,eco_sector_total,ocu_isco08_x,2023,43.18
sen,eco_sector_total,ocu_isco08_x,2024,47.38
sen,eco_sector_total,ocu_skill_l1,2015,43.35
sen,eco_sector_total,ocu_skill_l1,2016,47.12
sen,eco_sector_total,ocu_skill_l1,2019,42.87
sen,eco_sector_total,ocu_skill_l1,2022,45.51
sen,eco_sector_total,ocu_skill_l1,2023,45.21
sen,eco_sector_total,ocu_skill_l1,2024,44.41
sen,eco_sector_total,ocu_skill_l2,2015,43.03
sen,eco_sector_total,ocu_skill_l2,2016,44.23
sen,eco_sector_total,ocu_skill_l2,2019,47.72
sen,eco_sector_total,ocu_skill_l2,2022,49.97
sen,eco_sector_total,ocu_skill_l2,2023,48.24
sen,eco_sector_total,ocu_skill_l2,2024,51.15
sen,eco_sector_total,ocu_skill_l3_4,2015,43
sen,eco_sector_total,ocu_skill_l3_4,2016,43.2
sen,eco_sector_total,ocu_skill_l3_4,2019,43.04
sen,eco_sector_total,ocu_skill_l3_4,2022,41.64
sen,eco_sector_total,ocu_skill_l3_4,2023,41.64
sen,eco_sector_total,ocu_skill_l3_4,2024,43.06
sen,eco_sector_total,ocu_skill_total,2015,43.21
sen,eco_sector_total,ocu_skill_total,2016,42.71
sen,eco_sector_total,ocu_skill_total,2019,45.4
sen,eco_sector_total,ocu_skill_total,2022,46.95
sen,eco_sector_total,ocu_skill_total,2023,45.89
sen,eco_sector_total,ocu_skill_total,2024,48.31
sen,eco_sector_total,ocu_skill_x,2015,58.77
sen,eco_sector_total,ocu_skill_x,2016,35.8
sen,eco_sector_total,ocu_skill_x,2019,42.94
sen,eco_sector_total,ocu_skill_x,2022,44.75
sen,eco_sector_total,ocu_skill_x,2023,43.57
sen,eco_sector_total,ocu_skill_x,2024,47.66
