ref_area,sex,classif1,classif2,time,how_temp_sex_est_mts_nb
ecu,sex_f,est_sizeaggregate_s1_4,mts_aggregate_1,2013,34.07
ecu,sex_f,est_sizeaggregate_s1_4,mts_aggregate_1,2014,33.52
ecu,sex_f,est_sizeaggregate_s1_4,mts_aggregate_1,2015,32.12
ecu,sex_f,est_sizeaggregate_s1_4,mts_aggregate_1,2016,29.9
ecu,sex_f,est_sizeaggregate_s1_4,mts_aggregate_1,2017,29.67
ecu,sex_f,est_sizeaggregate_s1_4,mts_aggregate_1,2018,30.62
ecu,sex_f,est_sizeaggregate_s1_4,mts_aggregate_1,2019,30.28
ecu,sex_f,est_sizeaggregate_s1_4,mts_aggregate_1,2021,27.42
ecu,sex_f,est_sizeaggregate_s1_4,mts_aggregate_1,2022,26.79
ecu,sex_f,est_sizeaggregate_s1_4,mts_aggregate_1,2023,28.03
ecu,sex_f,est_sizeaggregate_s1_4,mts_aggregate_1,2024,27.75
ecu,sex_f,est_sizeaggregate_s1_4,mts_aggregate_1,2025,28.04
ecu,sex_f,est_sizeaggregate_s1_4,mts_aggregate_2,2013,34.67
ecu,sex_f,est_sizeaggregate_s1_4,mts_aggregate_2,2014,33.75
ecu,sex_f,est_sizeaggregate_s1_4,mts_aggregate_2,2015,32.53
ecu,sex_f,est_sizeaggregate_s1_4,mts_aggregate_2,2016,30.5
ecu,sex_f,est_sizeaggregate_s1_4,mts_aggregate_2,2017,30.36
ecu,sex_f,est_sizeaggregate_s1_4,mts_aggregate_2,2018,31.5
ecu,sex_f,est_sizeaggregate_s1_4,mts_aggregate_2,2019,30.86
ecu,sex_f,est_sizeaggregate_s1_4,mts_aggregate_2,2021,28.47
ecu,sex_f,est_sizeaggregate_s1_4,mts_aggregate_2,2022,27.87
ecu,sex_f,est_sizeaggregate_s1_4,mts_aggregate_2,2023,29.63
ecu,sex_f,est_sizeaggregate_s1_4,mts_aggregate_2,2024,28.35
ecu,sex_f,est_sizeaggregate_s1_4,mts_aggregate_2,2025,28.95
ecu,sex_f,est_sizeaggregate_s1_4,mts_aggregate_total,2013,34.4
ecu,sex_f,est_sizeaggregate_s1_4,mts_aggregate_total,2014,33.65
ecu,sex_f,est_sizeaggregate_s1_4,mts_aggregate_total,2015,32.36
ecu,sex_f,est_sizeaggregate_s1_4,mts_aggregate_total,2016,30.26
ecu,sex_f,est_sizeaggregate_s1_4,mts_aggregate_total,2017,30.08
ecu,sex_f,est_sizeaggregate_s1_4,mts_aggregate_total,2018,31.13
ecu,sex_f,est_sizeaggregate_s1_4,mts_aggregate_total,2019,30.61
ecu,sex_f,est_sizeaggregate_s1_4,mts_aggregate_total,2021,28
ecu,sex_f,est_sizeaggregate_s1_4,mts_aggregate_total,2022,27.38
ecu,sex_f,est_sizeaggregate_s1_4,mts_aggregate_total,2023,28.84
ecu,sex_f,est_sizeaggregate_s1_4,mts_aggregate_total,2024,28.07
ecu,sex_f,est_sizeaggregate_s1_4,mts_aggregate_total,2025,28.52
ecu,sex_f,est_sizeaggregate_s1_4,mts_details_mrd,2013,35.18
ecu,sex_f,est_sizeaggregate_s1_4,mts_details_mrd,2014,34.61
ecu,sex_f,est_sizeaggregate_s1_4,mts_details_mrd,2015,33.71
ecu,sex_f,est_sizeaggregate_s1_4,mts_details_mrd,2016,32.13
ecu,sex_f,est_sizeaggregate_s1_4,mts_details_mrd,2017,31.78
ecu,sex_f,est_sizeaggregate_s1_4,mts_details_mrd,2018,32.76
ecu,sex_f,est_sizeaggregate_s1_4,mts_details_mrd,2019,32.29
ecu,sex_f,est_sizeaggregate_s1_4,mts_details_mrd,2021,29.87
ecu,sex_f,est_sizeaggregate_s1_4,mts_details_mrd,2022,28.97
ecu,sex_f,est_sizeaggregate_s1_4,mts_details_mrd,2023,30.43
ecu,sex_f,est_sizeaggregate_s1_4,mts_details_mrd,2024,29.68
ecu,sex_f,est_sizeaggregate_s1_4,mts_details_mrd,2025,30.25
ecu,sex_f,est_sizeaggregate_s1_4,mts_details_sep,2013,34.85
ecu,sex_f,est_sizeaggregate_s1_4,mts_details_sep,2014,33.77
ecu,sex_f,est_sizeaggregate_s1_4,mts_details_sep,2015,33.55
ecu,sex_f,est_sizeaggregate_s1_4,mts_details_sep,2016,31.53
ecu,sex_f,est_sizeaggregate_s1_4,mts_details_sep,2017,31.22
ecu,sex_f,est_sizeaggregate_s1_4,mts_details_sep,2018,32.4
ecu,sex_f,est_sizeaggregate_s1_4,mts_details_sep,2019,32.04
ecu,sex_f,est_sizeaggregate_s1_4,mts_details_sep,2021,28.1
ecu,sex_f,est_sizeaggregate_s1_4,mts_details_sep,2022,27.33
ecu,sex_f,est_sizeaggregate_s1_4,mts_details_sep,2023,28.96
ecu,sex_f,est_sizeaggregate_s1_4,mts_details_sep,2024,28.27
ecu,sex_f,est_sizeaggregate_s1_4,mts_details_sep,2025,28.4
ecu,sex_f,est_sizeaggregate_s1_4,mts_details_sgle,2013,34.03
ecu,sex_f,est_sizeaggregate_s1_4,mts_details_sgle,2014,33.9
ecu,sex_f,est_sizeaggregate_s1_4,mts_details_sgle,2015,31.52
ecu,sex_f,est_sizeaggregate_s1_4,mts_details_sgle,2016,29.02
ecu,sex_f,est_sizeaggregate_s1_4,mts_details_sgle,2017,28.65
ecu,sex_f,est_sizeaggregate_s1_4,mts_details_sgle,2018,29.74
ecu,sex_f,est_sizeaggregate_s1_4,mts_details_sgle,2019,29.67
ecu,sex_f,est_sizeaggregate_s1_4,mts_details_sgle,2021,27.32
ecu,sex_f,est_sizeaggregate_s1_4,mts_details_sgle,2022,27
ecu,sex_f,est_sizeaggregate_s1_4,mts_details_sgle,2023,28.21
ecu,sex_f,est_sizeaggregate_s1_4,mts_details_sgle,2024,28.07
ecu,sex_f,est_sizeaggregate_s1_4,mts_details_sgle,2025,28.1
ecu,sex_f,est_sizeaggregate_s1_4,mts_details_total,2013,34.4
ecu,sex_f,est_sizeaggregate_s1_4,mts_details_total,2014,33.65
ecu,sex_f,est_sizeaggregate_s1_4,mts_details_total,2015,32.36
ecu,sex_f,est_sizeaggregate_s1_4,mts_details_total,2016,30.26
ecu,sex_f,est_sizeaggregate_s1_4,mts_details_total,2017,30.08
ecu,sex_f,est_sizeaggregate_s1_4,mts_details_total,2018,31.13
ecu,sex_f,est_sizeaggregate_s1_4,mts_details_total,2019,30.61
ecu,sex_f,est_sizeaggregate_s1_4,mts_details_total,2021,28
ecu,sex_f,est_sizeaggregate_s1_4,mts_details_total,2022,27.38
ecu,sex_f,est_sizeaggregate_s1_4,mts_details_total,2023,28.84
ecu,sex_f,est_sizeaggregate_s1_4,mts_details_total,2024,28.07
ecu,sex_f,est_sizeaggregate_s1_4,mts_details_total,2025,28.52
ecu,sex_f,est_sizeaggregate_s1_4,mts_details_union,2013,33.35
ecu,sex_f,est_sizeaggregate_s1_4,mts_details_union,2014,31.9
ecu,sex_f,est_sizeaggregate_s1_4,mts_details_union,2015,30.31
ecu,sex_f,est_sizeaggregate_s1_4,mts_details_union,2016,27.62
ecu,sex_f,est_sizeaggregate_s1_4,mts_details_union,2017,27.94
ecu,sex_f,est_sizeaggregate_s1_4,mts_details_union,2018,29.39
ecu,sex_f,est_sizeaggregate_s1_4,mts_details_union,2019,28.48
ecu,sex_f,est_sizeaggregate_s1_4,mts_details_union,2021,26.4
ecu,sex_f,est_sizeaggregate_s1_4,mts_details_union,2022,26.17
ecu,sex_f,est_sizeaggregate_s1_4,mts_details_union,2023,28.23
ecu,sex_f,est_sizeaggregate_s1_4,mts_details_union,2024,26.29
ecu,sex_f,est_sizeaggregate_s1_4,mts_details_union,2025,27.26
ecu,sex_f,est_sizeaggregate_s1_4,mts_details_wid,2013,32.57
ecu,sex_f,est_sizeaggregate_s1_4,mts_details_wid,2014,31.76
ecu,sex_f,est_sizeaggregate_s1_4,mts_details_wid,2015,30.43
ecu,sex_f,est_sizeaggregate_s1_4,mts_details_wid,2016,28.83
ecu,sex_f,est_sizeaggregate_s1_4,mts_details_wid,2017,29.19
ecu,sex_f,est_sizeaggregate_s1_4,mts_details_wid,2018,28.67
ecu,sex_f,est_sizeaggregate_s1_4,mts_details_wid,2019,27.76
ecu,sex_f,est_sizeaggregate_s1_4,mts_details_wid,2021,25.8
ecu,sex_f,est_sizeaggregate_s1_4,mts_details_wid,2022,24.71
ecu,sex_f,est_sizeaggregate_s1_4,mts_details_wid,2023,25.06
ecu,sex_f,est_sizeaggregate_s1_4,mts_details_wid,2024,25.47
ecu,sex_f,est_sizeaggregate_s1_4,mts_details_wid,2025,26.78
ecu,sex_f,est_sizeaggregate_s5_49,mts_aggregate_1,2013,38.01
ecu,sex_f,est_sizeaggregate_s5_49,mts_aggregate_1,2014,38.15
ecu,sex_f,est_sizeaggregate_s5_49,mts_aggregate_1,2015,36.76
ecu,sex_f,est_sizeaggregate_s5_49,mts_aggregate_1,2016,34.41
ecu,sex_f,est_sizeaggregate_s5_49,mts_aggregate_1,2017,33.67
ecu,sex_f,est_sizeaggregate_s5_49,mts_aggregate_1,2018,34.54
ecu,sex_f,est_sizeaggregate_s5_49,mts_aggregate_1,2019,34.15
ecu,sex_f,est_sizeaggregate_s5_49,mts_aggregate_1,2021,31.77
ecu,sex_f,est_sizeaggregate_s5_49,mts_aggregate_1,2022,30.6
ecu,sex_f,est_sizeaggregate_s5_49,mts_aggregate_1,2023,31.63
ecu,sex_f,est_sizeaggregate_s5_49,mts_aggregate_1,2024,30.81
ecu,sex_f,est_sizeaggregate_s5_49,mts_aggregate_1,2025,31.36
ecu,sex_f,est_sizeaggregate_s5_49,mts_aggregate_2,2013,39.23
ecu,sex_f,est_sizeaggregate_s5_49,mts_aggregate_2,2014,38.69
ecu,sex_f,est_sizeaggregate_s5_49,mts_aggregate_2,2015,38.29
ecu,sex_f,est_sizeaggregate_s5_49,mts_aggregate_2,2016,36.83
ecu,sex_f,est_sizeaggregate_s5_49,mts_aggregate_2,2017,37.18
ecu,sex_f,est_sizeaggregate_s5_49,mts_aggregate_2,2018,37.45
ecu,sex_f,est_sizeaggregate_s5_49,mts_aggregate_2,2019,37.61
ecu,sex_f,est_sizeaggregate_s5_49,mts_aggregate_2,2021,33.73
ecu,sex_f,est_sizeaggregate_s5_49,mts_aggregate_2,2022,33.7
ecu,sex_f,est_sizeaggregate_s5_49,mts_aggregate_2,2023,35.66
ecu,sex_f,est_sizeaggregate_s5_49,mts_aggregate_2,2024,31.16
ecu,sex_f,est_sizeaggregate_s5_49,mts_aggregate_2,2025,33.32
ecu,sex_f,est_sizeaggregate_s5_49,mts_aggregate_total,2013,38.55
ecu,sex_f,est_sizeaggregate_s5_49,mts_aggregate_total,2014,38.41
ecu,sex_f,est_sizeaggregate_s5_49,mts_aggregate_total,2015,37.53
ecu,sex_f,est_sizeaggregate_s5_49,mts_aggregate_total,2016,35.66
ecu,sex_f,est_sizeaggregate_s5_49,mts_aggregate_total,2017,35.5
ecu,sex_f,est_sizeaggregate_s5_49,mts_aggregate_total,2018,36
ecu,sex_f,est_sizeaggregate_s5_49,mts_aggregate_total,2019,35.92
ecu,sex_f,est_sizeaggregate_s5_49,mts_aggregate_total,2021,32.78
ecu,sex_f,est_sizeaggregate_s5_49,mts_aggregate_total,2022,32.14
ecu,sex_f,est_sizeaggregate_s5_49,mts_aggregate_total,2023,33.47
ecu,sex_f,est_sizeaggregate_s5_49,mts_aggregate_total,2024,30.99
ecu,sex_f,est_sizeaggregate_s5_49,mts_aggregate_total,2025,32.29
ecu,sex_f,est_sizeaggregate_s5_49,mts_details_mrd,2013,39
ecu,sex_f,est_sizeaggregate_s5_49,mts_details_mrd,2014,39.08
ecu,sex_f,est_sizeaggregate_s5_49,mts_details_mrd,2015,38.61
ecu,sex_f,est_sizeaggregate_s5_49,mts_details_mrd,2016,37.33
ecu,sex_f,est_sizeaggregate_s5_49,mts_details_mrd,2017,37.33
ecu,sex_f,est_sizeaggregate_s5_49,mts_details_mrd,2018,38.26
ecu,sex_f,est_sizeaggregate_s5_49,mts_details_mrd,2019,38.4
ecu,sex_f,est_sizeaggregate_s5_49,mts_details_mrd,2021,34.51
ecu,sex_f,est_sizeaggregate_s5_49,mts_details_mrd,2022,33.8
ecu,sex_f,est_sizeaggregate_s5_49,mts_details_mrd,2023,36.49
ecu,sex_f,est_sizeaggregate_s5_49,mts_details_mrd,2024,32.41
ecu,sex_f,est_sizeaggregate_s5_49,mts_details_mrd,2025,34.81
ecu,sex_f,est_sizeaggregate_s5_49,mts_details_sep,2013,41.51
ecu,sex_f,est_sizeaggregate_s5_49,mts_details_sep,2014,40.9
ecu,sex_f,est_sizeaggregate_s5_49,mts_details_sep,2015,40.49
ecu,sex_f,est_sizeaggregate_s5_49,mts_details_sep,2016,40.89
ecu,sex_f,est_sizeaggregate_s5_49,mts_details_sep,2017,40.41
ecu,sex_f,est_sizeaggregate_s5_49,mts_details_sep,2018,39.63
ecu,sex_f,est_sizeaggregate_s5_49,mts_details_sep,2019,38.74
ecu,sex_f,est_sizeaggregate_s5_49,mts_details_sep,2021,35.85
ecu,sex_f,est_sizeaggregate_s5_49,mts_details_sep,2022,35.9
ecu,sex_f,est_sizeaggregate_s5_49,mts_details_sep,2023,38.09
ecu,sex_f,est_sizeaggregate_s5_49,mts_details_sep,2024,34.48
ecu,sex_f,est_sizeaggregate_s5_49,mts_details_sep,2025,36.34
ecu,sex_f,est_sizeaggregate_s5_49,mts_details_sgle,2013,37.04
ecu,sex_f,est_sizeaggregate_s5_49,mts_details_sgle,2014,36.72
ecu,sex_f,est_sizeaggregate_s5_49,mts_details_sgle,2015,35.11
ecu,sex_f,est_sizeaggregate_s5_49,mts_details_sgle,2016,32.46
ecu,sex_f,est_sizeaggregate_s5_49,mts_details_sgle,2017,31.36
ecu,sex_f,est_sizeaggregate_s5_49,mts_details_sgle,2018,32.42
ecu,sex_f,est_sizeaggregate_s5_49,mts_details_sgle,2019,32.57
ecu,sex_f,est_sizeaggregate_s5_49,mts_details_sgle,2021,30.64
ecu,sex_f,est_sizeaggregate_s5_49,mts_details_sgle,2022,28.46
ecu,sex_f,est_sizeaggregate_s5_49,mts_details_sgle,2023,29.18
ecu,sex_f,est_sizeaggregate_s5_49,mts_details_sgle,2024,29.58
ecu,sex_f,est_sizeaggregate_s5_49,mts_details_sgle,2025,29.59
ecu,sex_f,est_sizeaggregate_s5_49,mts_details_total,2013,38.55
ecu,sex_f,est_sizeaggregate_s5_49,mts_details_total,2014,38.41
ecu,sex_f,est_sizeaggregate_s5_49,mts_details_total,2015,37.53
ecu,sex_f,est_sizeaggregate_s5_49,mts_details_total,2016,35.66
ecu,sex_f,est_sizeaggregate_s5_49,mts_details_total,2017,35.5
ecu,sex_f,est_sizeaggregate_s5_49,mts_details_total,2018,36
ecu,sex_f,est_sizeaggregate_s5_49,mts_details_total,2019,35.92
ecu,sex_f,est_sizeaggregate_s5_49,mts_details_total,2021,32.78
ecu,sex_f,est_sizeaggregate_s5_49,mts_details_total,2022,32.14
ecu,sex_f,est_sizeaggregate_s5_49,mts_details_total,2023,33.47
ecu,sex_f,est_sizeaggregate_s5_49,mts_details_total,2024,30.99
ecu,sex_f,est_sizeaggregate_s5_49,mts_details_total,2025,32.29
ecu,sex_f,est_sizeaggregate_s5_49,mts_details_union,2013,39.87
ecu,sex_f,est_sizeaggregate_s5_49,mts_details_union,2014,37.89
ecu,sex_f,est_sizeaggregate_s5_49,mts_details_union,2015,37.7
ecu,sex_f,est_sizeaggregate_s5_49,mts_details_union,2016,35.83
ecu,sex_f,est_sizeaggregate_s5_49,mts_details_union,2017,36.89
ecu,sex_f,est_sizeaggregate_s5_49,mts_details_union,2018,35.96
ecu,sex_f,est_sizeaggregate_s5_49,mts_details_union,2019,35.84
ecu,sex_f,est_sizeaggregate_s5_49,mts_details_union,2021,32.48
ecu,sex_f,est_sizeaggregate_s5_49,mts_details_union,2022,33.56
ecu,sex_f,est_sizeaggregate_s5_49,mts_details_union,2023,34.33
ecu,sex_f,est_sizeaggregate_s5_49,mts_details_union,2024,29.51
ecu,sex_f,est_sizeaggregate_s5_49,mts_details_union,2025,31.61
ecu,sex_f,est_sizeaggregate_s5_49,mts_details_wid,2013,35.12
ecu,sex_f,est_sizeaggregate_s5_49,mts_details_wid,2014,41.05
ecu,sex_f,est_sizeaggregate_s5_49,mts_details_wid,2015,37.77
ecu,sex_f,est_sizeaggregate_s5_49,mts_details_wid,2016,35.67
ecu,sex_f,est_sizeaggregate_s5_49,mts_details_wid,2017,38.41
ecu,sex_f,est_sizeaggregate_s5_49,mts_details_wid,2018,35.78
ecu,sex_f,est_sizeaggregate_s5_49,mts_details_wid,2019,37.48
ecu,sex_f,est_sizeaggregate_s5_49,mts_details_wid,2021,29.63
ecu,sex_f,est_sizeaggregate_s5_49,mts_details_wid,2022,33.56
ecu,sex_f,est_sizeaggregate_s5_49,mts_details_wid,2023,31.37
ecu,sex_f,est_sizeaggregate_s5_49,mts_details_wid,2024,33.97
ecu,sex_f,est_sizeaggregate_s5_49,mts_details_wid,2025,32.93
ecu,sex_f,est_sizeaggregate_sge50,mts_aggregate_1,2013,41.97
ecu,sex_f,est_sizeaggregate_sge50,mts_aggregate_1,2014,41.44
ecu,sex_f,est_sizeaggregate_sge50,mts_aggregate_1,2015,41.73
ecu,sex_f,est_sizeaggregate_sge50,mts_aggregate_1,2016,40.95
ecu,sex_f,est_sizeaggregate_sge50,mts_aggregate_1,2017,41.16
ecu,sex_f,est_sizeaggregate_sge50,mts_aggregate_1,2018,41.33
ecu,sex_f,est_sizeaggregate_sge50,mts_aggregate_1,2019,40.71
ecu,sex_f,est_sizeaggregate_sge50,mts_aggregate_1,2021,40.9
ecu,sex_f,est_sizeaggregate_sge50,mts_aggregate_1,2022,40.46
ecu,sex_f,est_sizeaggregate_sge50,mts_aggregate_1,2023,39.92
ecu,sex_f,est_sizeaggregate_sge50,mts_aggregate_1,2024,39.03
ecu,sex_f,est_sizeaggregate_sge50,mts_aggregate_1,2025,39.57
ecu,sex_f,est_sizeaggregate_sge50,mts_aggregate_2,2013,41.38
ecu,sex_f,est_sizeaggregate_sge50,mts_aggregate_2,2014,41.09
ecu,sex_f,est_sizeaggregate_sge50,mts_aggregate_2,2015,41.3
ecu,sex_f,est_sizeaggregate_sge50,mts_aggregate_2,2016,40.87
ecu,sex_f,est_sizeaggregate_sge50,mts_aggregate_2,2017,40.9
ecu,sex_f,est_sizeaggregate_sge50,mts_aggregate_2,2018,40.83
ecu,sex_f,est_sizeaggregate_sge50,mts_aggregate_2,2019,40.08
ecu,sex_f,est_sizeaggregate_sge50,mts_aggregate_2,2021,40.02
ecu,sex_f,est_sizeaggregate_sge50,mts_aggregate_2,2022,40.84
ecu,sex_f,est_sizeaggregate_sge50,mts_aggregate_2,2023,39.95
ecu,sex_f,est_sizeaggregate_sge50,mts_aggregate_2,2024,38.98
ecu,sex_f,est_sizeaggregate_sge50,mts_aggregate_2,2025,39.01
ecu,sex_f,est_sizeaggregate_sge50,mts_aggregate_total,2013,41.68
ecu,sex_f,est_sizeaggregate_sge50,mts_aggregate_total,2014,41.26
ecu,sex_f,est_sizeaggregate_sge50,mts_aggregate_total,2015,41.5
ecu,sex_f,est_sizeaggregate_sge50,mts_aggregate_total,2016,40.91
ecu,sex_f,est_sizeaggregate_sge50,mts_aggregate_total,2017,41.02
ecu,sex_f,est_sizeaggregate_sge50,mts_aggregate_total,2018,41.07
ecu,sex_f,est_sizeaggregate_sge50,mts_aggregate_total,2019,40.39
ecu,sex_f,est_sizeaggregate_sge50,mts_aggregate_total,2021,40.44
ecu,sex_f,est_sizeaggregate_sge50,mts_aggregate_total,2022,40.64
ecu,sex_f,est_sizeaggregate_sge50,mts_aggregate_total,2023,39.94
ecu,sex_f,est_sizeaggregate_sge50,mts_aggregate_total,2024,39.01
ecu,sex_f,est_sizeaggregate_sge50,mts_aggregate_total,2025,39.3
ecu,sex_f,est_sizeaggregate_sge50,mts_details_mrd,2013,40.96
ecu,sex_f,est_sizeaggregate_sge50,mts_details_mrd,2014,40.86
ecu,sex_f,est_sizeaggregate_sge50,mts_details_mrd,2015,41.05
ecu,sex_f,est_sizeaggregate_sge50,mts_details_mrd,2016,40.55
ecu,sex_f,est_sizeaggregate_sge50,mts_details_mrd,2017,40.83
ecu,sex_f,est_sizeaggregate_sge50,mts_details_mrd,2018,40.72
ecu,sex_f,est_sizeaggregate_sge50,mts_details_mrd,2019,39.97
ecu,sex_f,est_sizeaggregate_sge50,mts_details_mrd,2021,40.46
ecu,sex_f,est_sizeaggregate_sge50,mts_details_mrd,2022,40.72
ecu,sex_f,est_sizeaggregate_sge50,mts_details_mrd,2023,40.14
ecu,sex_f,est_sizeaggregate_sge50,mts_details_mrd,2024,38.79
ecu,sex_f,est_sizeaggregate_sge50,mts_details_mrd,2025,39.04
ecu,sex_f,est_sizeaggregate_sge50,mts_details_sep,2013,42.75
ecu,sex_f,est_sizeaggregate_sge50,mts_details_sep,2014,42.44
ecu,sex_f,est_sizeaggregate_sge50,mts_details_sep,2015,42.2
ecu,sex_f,est_sizeaggregate_sge50,mts_details_sep,2016,41.58
ecu,sex_f,est_sizeaggregate_sge50,mts_details_sep,2017,41.95
ecu,sex_f,est_sizeaggregate_sge50,mts_details_sep,2018,42.3
ecu,sex_f,est_sizeaggregate_sge50,mts_details_sep,2019,41.47
ecu,sex_f,est_sizeaggregate_sge50,mts_details_sep,2021,41.81
ecu,sex_f,est_sizeaggregate_sge50,mts_details_sep,2022,41
ecu,sex_f,est_sizeaggregate_sge50,mts_details_sep,2023,40
ecu,sex_f,est_sizeaggregate_sge50,mts_details_sep,2024,39.67
ecu,sex_f,est_sizeaggregate_sge50,mts_details_sep,2025,39.76
ecu,sex_f,est_sizeaggregate_sge50,mts_details_sgle,2013,41.56
ecu,sex_f,est_sizeaggregate_sge50,mts_details_sgle,2014,40.85
ecu,sex_f,est_sizeaggregate_sge50,mts_details_sgle,2015,41.33
ecu,sex_f,est_sizeaggregate_sge50,mts_details_sgle,2016,40.57
ecu,sex_f,est_sizeaggregate_sge50,mts_details_sgle,2017,40.66
ecu,sex_f,est_sizeaggregate_sge50,mts_details_sgle,2018,40.66
ecu,sex_f,est_sizeaggregate_sge50,mts_details_sgle,2019,40.22
ecu,sex_f,est_sizeaggregate_sge50,mts_details_sgle,2021,40.24
ecu,sex_f,est_sizeaggregate_sge50,mts_details_sgle,2022,40.08
ecu,sex_f,est_sizeaggregate_sge50,mts_details_sgle,2023,39.77
ecu,sex_f,est_sizeaggregate_sge50,mts_details_sgle,2024,38.68
ecu,sex_f,est_sizeaggregate_sge50,mts_details_sgle,2025,39.49
ecu,sex_f,est_sizeaggregate_sge50,mts_details_total,2013,41.68
ecu,sex_f,est_sizeaggregate_sge50,mts_details_total,2014,41.26
ecu,sex_f,est_sizeaggregate_sge50,mts_details_total,2015,41.5
ecu,sex_f,est_sizeaggregate_sge50,mts_details_total,2016,40.91
ecu,sex_f,est_sizeaggregate_sge50,mts_details_total,2017,41.02
ecu,sex_f,est_sizeaggregate_sge50,mts_details_total,2018,41.07
ecu,sex_f,est_sizeaggregate_sge50,mts_details_total,2019,40.39
ecu,sex_f,est_sizeaggregate_sge50,mts_details_total,2021,40.44
ecu,sex_f,est_sizeaggregate_sge50,mts_details_total,2022,40.64
ecu,sex_f,est_sizeaggregate_sge50,mts_details_total,2023,39.94
ecu,sex_f,est_sizeaggregate_sge50,mts_details_total,2024,39.01
ecu,sex_f,est_sizeaggregate_sge50,mts_details_total,2025,39.3
ecu,sex_f,est_sizeaggregate_sge50,mts_details_union,2013,42.58
ecu,sex_f,est_sizeaggregate_sge50,mts_details_union,2014,41.67
ecu,sex_f,est_sizeaggregate_sge50,mts_details_union,2015,41.87
ecu,sex_f,est_sizeaggregate_sge50,mts_details_union,2016,41.62
ecu,sex_f,est_sizeaggregate_sge50,mts_details_union,2017,41.07
ecu,sex_f,est_sizeaggregate_sge50,mts_details_union,2018,41.06
ecu,sex_f,est_sizeaggregate_sge50,mts_details_union,2019,40.31
ecu,sex_f,est_sizeaggregate_sge50,mts_details_union,2021,39.23
ecu,sex_f,est_sizeaggregate_sge50,mts_details_union,2022,41.04
ecu,sex_f,est_sizeaggregate_sge50,mts_details_union,2023,39.64
ecu,sex_f,est_sizeaggregate_sge50,mts_details_union,2024,39.29
ecu,sex_f,est_sizeaggregate_sge50,mts_details_union,2025,38.96
ecu,sex_f,est_sizeaggregate_sge50,mts_details_wid,2013,42.17
ecu,sex_f,est_sizeaggregate_sge50,mts_details_wid,2014,41.61
ecu,sex_f,est_sizeaggregate_sge50,mts_details_wid,2015,43.02
ecu,sex_f,est_sizeaggregate_sge50,mts_details_wid,2016,41.19
ecu,sex_f,est_sizeaggregate_sge50,mts_details_wid,2017,41.36
ecu,sex_f,est_sizeaggregate_sge50,mts_details_wid,2018,41.86
ecu,sex_f,est_sizeaggregate_sge50,mts_details_wid,2019,40.81
ecu,sex_f,est_sizeaggregate_sge50,mts_details_wid,2021,40.58
ecu,sex_f,est_sizeaggregate_sge50,mts_details_wid,2022,39.99
ecu,sex_f,est_sizeaggregate_sge50,mts_details_wid,2023,41.09
ecu,sex_f,est_sizeaggregate_sge50,mts_details_wid,2024,37.7
ecu,sex_f,est_sizeaggregate_sge50,mts_details_wid,2025,38.39
ecu,sex_f,est_sizeaggregate_total,mts_aggregate_1,2013,36.61
ecu,sex_f,est_sizeaggregate_total,mts_aggregate_1,2014,36.21
ecu,sex_f,est_sizeaggregate_total,mts_aggregate_1,2015,35.11
ecu,sex_f,est_sizeaggregate_total,mts_aggregate_1,2016,32.95
ecu,sex_f,est_sizeaggregate_total,mts_aggregate_1,2017,32.68
ecu,sex_f,est_sizeaggregate_total,mts_aggregate_1,2018,33.43
ecu,sex_f,est_sizeaggregate_total,mts_aggregate_1,2019,32.97
ecu,sex_f,est_sizeaggregate_total,mts_aggregate_1,2021,30.49
ecu,sex_f,est_sizeaggregate_total,mts_aggregate_1,2022,29.83
ecu,sex_f,est_sizeaggregate_total,mts_aggregate_1,2023,30.7
ecu,sex_f,est_sizeaggregate_total,mts_aggregate_1,2024,30.31
ecu,sex_f,est_sizeaggregate_total,mts_aggregate_1,2025,30.81
ecu,sex_f,est_sizeaggregate_total,mts_aggregate_2,2013,36.56
ecu,sex_f,est_sizeaggregate_total,mts_aggregate_2,2014,35.88
ecu,sex_f,est_sizeaggregate_total,mts_aggregate_2,2015,34.96
ecu,sex_f,est_sizeaggregate_total,mts_aggregate_2,2016,33.17
ecu,sex_f,est_sizeaggregate_total,mts_aggregate_2,2017,32.97
ecu,sex_f,est_sizeaggregate_total,mts_aggregate_2,2018,33.8
ecu,sex_f,est_sizeaggregate_total,mts_aggregate_2,2019,33.18
ecu,sex_f,est_sizeaggregate_total,mts_aggregate_2,2021,30.99
ecu,sex_f,est_sizeaggregate_total,mts_aggregate_2,2022,30.56
ecu,sex_f,est_sizeaggregate_total,mts_aggregate_2,2023,32.05
ecu,sex_f,est_sizeaggregate_total,mts_aggregate_2,2024,30.6
ecu,sex_f,est_sizeaggregate_total,mts_aggregate_2,2025,31.23
ecu,sex_f,est_sizeaggregate_total,mts_aggregate_total,2013,36.58
ecu,sex_f,est_sizeaggregate_total,mts_aggregate_total,2014,36.03
ecu,sex_f,est_sizeaggregate_total,mts_aggregate_total,2015,35.03
ecu,sex_f,est_sizeaggregate_total,mts_aggregate_total,2016,33.08
ecu,sex_f,est_sizeaggregate_total,mts_aggregate_total,2017,32.85
ecu,sex_f,est_sizeaggregate_total,mts_aggregate_total,2018,33.64
ecu,sex_f,est_sizeaggregate_total,mts_aggregate_total,2019,33.09
ecu,sex_f,est_sizeaggregate_total,mts_aggregate_total,2021,30.76
ecu,sex_f,est_sizeaggregate_total,mts_aggregate_total,2022,30.22
ecu,sex_f,est_sizeaggregate_total,mts_aggregate_total,2023,31.37
ecu,sex_f,est_sizeaggregate_total,mts_aggregate_total,2024,30.46
ecu,sex_f,est_sizeaggregate_total,mts_aggregate_total,2025,31.03
ecu,sex_f,est_sizeaggregate_total,mts_details_mrd,2013,36.83
ecu,sex_f,est_sizeaggregate_total,mts_details_mrd,2014,36.49
ecu,sex_f,est_sizeaggregate_total,mts_details_mrd,2015,35.85
ecu,sex_f,est_sizeaggregate_total,mts_details_mrd,2016,34.44
ecu,sex_f,est_sizeaggregate_total,mts_details_mrd,2017,34.12
ecu,sex_f,est_sizeaggregate_total,mts_details_mrd,2018,34.88
ecu,sex_f,est_sizeaggregate_total,mts_details_mrd,2019,34.41
ecu,sex_f,est_sizeaggregate_total,mts_details_mrd,2021,32.26
ecu,sex_f,est_sizeaggregate_total,mts_details_mrd,2022,31.46
ecu,sex_f,est_sizeaggregate_total,mts_details_mrd,2023,32.7
ecu,sex_f,est_sizeaggregate_total,mts_details_mrd,2024,31.66
ecu,sex_f,est_sizeaggregate_total,mts_details_mrd,2025,32.37
ecu,sex_f,est_sizeaggregate_total,mts_details_sep,2013,37.45
ecu,sex_f,est_sizeaggregate_total,mts_details_sep,2014,36.64
ecu,sex_f,est_sizeaggregate_total,mts_details_sep,2015,36.43
ecu,sex_f,est_sizeaggregate_total,mts_details_sep,2016,34.59
ecu,sex_f,est_sizeaggregate_total,mts_details_sep,2017,34.39
ecu,sex_f,est_sizeaggregate_total,mts_details_sep,2018,35.2
ecu,sex_f,est_sizeaggregate_total,mts_details_sep,2019,34.61
ecu,sex_f,est_sizeaggregate_total,mts_details_sep,2021,31.43
ecu,sex_f,est_sizeaggregate_total,mts_details_sep,2022,30.8
ecu,sex_f,est_sizeaggregate_total,mts_details_sep,2023,31.89
ecu,sex_f,est_sizeaggregate_total,mts_details_sep,2024,31.05
ecu,sex_f,est_sizeaggregate_total,mts_details_sep,2025,31.49
ecu,sex_f,est_sizeaggregate_total,mts_details_sgle,2013,36.77
ecu,sex_f,est_sizeaggregate_total,mts_details_sgle,2014,36.53
ecu,sex_f,est_sizeaggregate_total,mts_details_sgle,2015,34.81
ecu,sex_f,est_sizeaggregate_total,mts_details_sgle,2016,32.5
ecu,sex_f,est_sizeaggregate_total,mts_details_sgle,2017,32
ecu,sex_f,est_sizeaggregate_total,mts_details_sgle,2018,32.88
ecu,sex_f,est_sizeaggregate_total,mts_details_sgle,2019,32.62
ecu,sex_f,est_sizeaggregate_total,mts_details_sgle,2021,30.49
ecu,sex_f,est_sizeaggregate_total,mts_details_sgle,2022,29.93
ecu,sex_f,est_sizeaggregate_total,mts_details_sgle,2023,30.8
ecu,sex_f,est_sizeaggregate_total,mts_details_sgle,2024,30.6
ecu,sex_f,est_sizeaggregate_total,mts_details_sgle,2025,30.93
ecu,sex_f,est_sizeaggregate_total,mts_details_total,2013,36.58
ecu,sex_f,est_sizeaggregate_total,mts_details_total,2014,36.03
ecu,sex_f,est_sizeaggregate_total,mts_details_total,2015,35.03
ecu,sex_f,est_sizeaggregate_total,mts_details_total,2016,33.08
ecu,sex_f,est_sizeaggregate_total,mts_details_total,2017,32.85
ecu,sex_f,est_sizeaggregate_total,mts_details_total,2018,33.64
ecu,sex_f,est_sizeaggregate_total,mts_details_total,2019,33.09
ecu,sex_f,est_sizeaggregate_total,mts_details_total,2021,30.76
ecu,sex_f,est_sizeaggregate_total,mts_details_total,2022,30.22
ecu,sex_f,est_sizeaggregate_total,mts_details_total,2023,31.37
ecu,sex_f,est_sizeaggregate_total,mts_details_total,2024,30.46
ecu,sex_f,est_sizeaggregate_total,mts_details_total,2025,31.03
ecu,sex_f,est_sizeaggregate_total,mts_details_union,2013,35.84
ecu,sex_f,est_sizeaggregate_total,mts_details_union,2014,34.54
ecu,sex_f,est_sizeaggregate_total,mts_details_union,2015,33.23
ecu,sex_f,est_sizeaggregate_total,mts_details_union,2016,30.78
ecu,sex_f,est_sizeaggregate_total,mts_details_union,2017,30.9
ecu,sex_f,est_sizeaggregate_total,mts_details_union,2018,31.88
ecu,sex_f,est_sizeaggregate_total,mts_details_union,2019,30.98
ecu,sex_f,est_sizeaggregate_total,mts_details_union,2021,29.05
ecu,sex_f,est_sizeaggregate_total,mts_details_union,2022,29.16
ecu,sex_f,est_sizeaggregate_total,mts_details_union,2023,30.91
ecu,sex_f,est_sizeaggregate_total,mts_details_union,2024,28.98
ecu,sex_f,est_sizeaggregate_total,mts_details_union,2025,29.73
ecu,sex_f,est_sizeaggregate_total,mts_details_wid,2013,33.61
ecu,sex_f,est_sizeaggregate_total,mts_details_wid,2014,33.3
ecu,sex_f,est_sizeaggregate_total,mts_details_wid,2015,32.16
ecu,sex_f,est_sizeaggregate_total,mts_details_wid,2016,30.17
ecu,sex_f,est_sizeaggregate_total,mts_details_wid,2017,30.58
ecu,sex_f,est_sizeaggregate_total,mts_details_wid,2018,30.19
ecu,sex_f,est_sizeaggregate_total,mts_details_wid,2019,29.46
ecu,sex_f,est_sizeaggregate_total,mts_details_wid,2021,27.32
ecu,sex_f,est_sizeaggregate_total,mts_details_wid,2022,26.19
ecu,sex_f,est_sizeaggregate_total,mts_details_wid,2023,26.39
ecu,sex_f,est_sizeaggregate_total,mts_details_wid,2024,26.68
ecu,sex_f,est_sizeaggregate_total,mts_details_wid,2025,27.62
ecu,sex_f,est_sizeaggregate_x,mts_aggregate_1,2013,41.76
ecu,sex_f,est_sizeaggregate_x,mts_aggregate_1,2014,40.94
ecu,sex_f,est_sizeaggregate_x,mts_aggregate_1,2015,40.36
ecu,sex_f,est_sizeaggregate_x,mts_aggregate_1,2016,40.05
ecu,sex_f,est_sizeaggregate_x,mts_aggregate_1,2017,40.59
ecu,sex_f,est_sizeaggregate_x,mts_aggregate_1,2018,40.14
ecu,sex_f,est_sizeaggregate_x,mts_aggregate_1,2019,39.48
ecu,sex_f,est_sizeaggregate_x,mts_aggregate_1,2021,40.32
ecu,sex_f,est_sizeaggregate_x,mts_aggregate_1,2022,40
ecu,sex_f,est_sizeaggregate_x,mts_aggregate_1,2023,39.57
ecu,sex_f,est_sizeaggregate_x,mts_aggregate_1,2024,38.67
ecu,sex_f,est_sizeaggregate_x,mts_aggregate_1,2025,38.67
ecu,sex_f,est_sizeaggregate_x,mts_aggregate_2,2013,40.83
ecu,sex_f,est_sizeaggregate_x,mts_aggregate_2,2014,40.05
ecu,sex_f,est_sizeaggregate_x,mts_aggregate_2,2015,40.74
ecu,sex_f,est_sizeaggregate_x,mts_aggregate_2,2016,41.12
ecu,sex_f,est_sizeaggregate_x,mts_aggregate_2,2017,39.62
ecu,sex_f,est_sizeaggregate_x,mts_aggregate_2,2018,41.2
ecu,sex_f,est_sizeaggregate_x,mts_aggregate_2,2019,38.63
ecu,sex_f,est_sizeaggregate_x,mts_aggregate_2,2021,39.92
ecu,sex_f,est_sizeaggregate_x,mts_aggregate_2,2022,37.7
ecu,sex_f,est_sizeaggregate_x,mts_aggregate_2,2023,40.5
ecu,sex_f,est_sizeaggregate_x,mts_aggregate_2,2024,38.8
ecu,sex_f,est_sizeaggregate_x,mts_aggregate_2,2025,39.14
ecu,sex_f,est_sizeaggregate_x,mts_aggregate_total,2013,41.36
ecu,sex_f,est_sizeaggregate_x,mts_aggregate_total,2014,40.51
ecu,sex_f,est_sizeaggregate_x,mts_aggregate_total,2015,40.57
ecu,sex_f,est_sizeaggregate_x,mts_aggregate_total,2016,40.56
ecu,sex_f,est_sizeaggregate_x,mts_aggregate_total,2017,40.07
ecu,sex_f,est_sizeaggregate_x,mts_aggregate_total,2018,40.64
ecu,sex_f,est_sizeaggregate_x,mts_aggregate_total,2019,39.06
ecu,sex_f,est_sizeaggregate_x,mts_aggregate_total,2021,40.12
ecu,sex_f,est_sizeaggregate_x,mts_aggregate_total,2022,38.86
ecu,sex_f,est_sizeaggregate_x,mts_aggregate_total,2023,40.04
ecu,sex_f,est_sizeaggregate_x,mts_aggregate_total,2024,38.73
ecu,sex_f,est_sizeaggregate_x,mts_aggregate_total,2025,38.88
ecu,sex_f,est_sizeaggregate_x,mts_details_mrd,2013,40.54
ecu,sex_f,est_sizeaggregate_x,mts_details_mrd,2014,39.62
ecu,sex_f,est_sizeaggregate_x,mts_details_mrd,2015,41.36
ecu,sex_f,est_sizeaggregate_x,mts_details_mrd,2016,41.22
ecu,sex_f,est_sizeaggregate_x,mts_details_mrd,2017,40.5
ecu,sex_f,est_sizeaggregate_x,mts_details_mrd,2018,41.25
ecu,sex_f,est_sizeaggregate_x,mts_details_mrd,2019,38.92
ecu,sex_f,est_sizeaggregate_x,mts_details_mrd,2021,39.89
ecu,sex_f,est_sizeaggregate_x,mts_details_mrd,2022,40.44
ecu,sex_f,est_sizeaggregate_x,mts_details_mrd,2023,40.67
ecu,sex_f,est_sizeaggregate_x,mts_details_mrd,2024,37.6
ecu,sex_f,est_sizeaggregate_x,mts_details_mrd,2025,39.37
ecu,sex_f,est_sizeaggregate_x,mts_details_sep,2013,42.93
ecu,sex_f,est_sizeaggregate_x,mts_details_sep,2014,41.24
ecu,sex_f,est_sizeaggregate_x,mts_details_sep,2015,40.45
ecu,sex_f,est_sizeaggregate_x,mts_details_sep,2016,41.18
ecu,sex_f,est_sizeaggregate_x,mts_details_sep,2017,41.03
ecu,sex_f,est_sizeaggregate_x,mts_details_sep,2018,39.72
ecu,sex_f,est_sizeaggregate_x,mts_details_sep,2019,40.49
ecu,sex_f,est_sizeaggregate_x,mts_details_sep,2021,41.47
ecu,sex_f,est_sizeaggregate_x,mts_details_sep,2022,41.01
ecu,sex_f,est_sizeaggregate_x,mts_details_sep,2023,39.31
ecu,sex_f,est_sizeaggregate_x,mts_details_sep,2024,40.36
ecu,sex_f,est_sizeaggregate_x,mts_details_sep,2025,38.99
ecu,sex_f,est_sizeaggregate_x,mts_details_sgle,2013,41.41
ecu,sex_f,est_sizeaggregate_x,mts_details_sgle,2014,41.12
ecu,sex_f,est_sizeaggregate_x,mts_details_sgle,2015,40.51
ecu,sex_f,est_sizeaggregate_x,mts_details_sgle,2016,39.14
ecu,sex_f,est_sizeaggregate_x,mts_details_sgle,2017,40.7
ecu,sex_f,est_sizeaggregate_x,mts_details_sgle,2018,40.7
ecu,sex_f,est_sizeaggregate_x,mts_details_sgle,2019,39.35
ecu,sex_f,est_sizeaggregate_x,mts_details_sgle,2021,39.35
ecu,sex_f,est_sizeaggregate_x,mts_details_sgle,2022,39.39
ecu,sex_f,est_sizeaggregate_x,mts_details_sgle,2023,39.65
ecu,sex_f,est_sizeaggregate_x,mts_details_sgle,2024,37.21
ecu,sex_f,est_sizeaggregate_x,mts_details_sgle,2025,38.86
ecu,sex_f,est_sizeaggregate_x,mts_details_total,2013,41.36
ecu,sex_f,est_sizeaggregate_x,mts_details_total,2014,40.51
ecu,sex_f,est_sizeaggregate_x,mts_details_total,2015,40.57
ecu,sex_f,est_sizeaggregate_x,mts_details_total,2016,40.56
ecu,sex_f,est_sizeaggregate_x,mts_details_total,2017,40.07
ecu,sex_f,est_sizeaggregate_x,mts_details_total,2018,40.64
ecu,sex_f,est_sizeaggregate_x,mts_details_total,2019,39.06
ecu,sex_f,est_sizeaggregate_x,mts_details_total,2021,40.12
ecu,sex_f,est_sizeaggregate_x,mts_details_total,2022,38.86
ecu,sex_f,est_sizeaggregate_x,mts_details_total,2023,40.04
ecu,sex_f,est_sizeaggregate_x,mts_details_total,2024,38.73
ecu,sex_f,est_sizeaggregate_x,mts_details_total,2025,38.88
ecu,sex_f,est_sizeaggregate_x,mts_details_union,2013,41.6
ecu,sex_f,est_sizeaggregate_x,mts_details_union,2014,40.96
ecu,sex_f,est_sizeaggregate_x,mts_details_union,2015,39.7
ecu,sex_f,est_sizeaggregate_x,mts_details_union,2016,40.96
ecu,sex_f,est_sizeaggregate_x,mts_details_union,2017,38.14
ecu,sex_f,est_sizeaggregate_x,mts_details_union,2018,41.09
ecu,sex_f,est_sizeaggregate_x,mts_details_union,2019,38.07
ecu,sex_f,est_sizeaggregate_x,mts_details_union,2021,39.96
ecu,sex_f,est_sizeaggregate_x,mts_details_union,2022,34.27
ecu,sex_f,est_sizeaggregate_x,mts_details_union,2023,40.2
ecu,sex_f,est_sizeaggregate_x,mts_details_union,2024,41.01
ecu,sex_f,est_sizeaggregate_x,mts_details_union,2025,38.87
ecu,sex_f,est_sizeaggregate_x,mts_details_wid,2013,38.33
ecu,sex_f,est_sizeaggregate_x,mts_details_wid,2014,36.91
ecu,sex_f,est_sizeaggregate_x,mts_details_wid,2015,36.89
ecu,sex_f,est_sizeaggregate_x,mts_details_wid,2016,41.49
ecu,sex_f,est_sizeaggregate_x,mts_details_wid,2017,31.63
ecu,sex_f,est_sizeaggregate_x,mts_details_wid,2018,35.79
ecu,sex_f,est_sizeaggregate_x,mts_details_wid,2019,34.09
ecu,sex_f,est_sizeaggregate_x,mts_details_wid,2021,41.74
ecu,sex_f,est_sizeaggregate_x,mts_details_wid,2022,37.36
ecu,sex_f,est_sizeaggregate_x,mts_details_wid,2023,42.35
ecu,sex_f,est_sizeaggregate_x,mts_details_wid,2024,40.88
ecu,sex_f,est_sizeaggregate_x,mts_details_wid,2025,30.36
ecu,sex_f,est_sizedetails_s1,mts_aggregate_1,2013,32.94
ecu,sex_f,est_sizedetails_s1,mts_aggregate_1,2014,32.43
ecu,sex_f,est_sizedetails_s1,mts_aggregate_1,2015,30.91
ecu,sex_f,est_sizedetails_s1,mts_aggregate_1,2016,28.87
ecu,sex_f,est_sizedetails_s1,mts_aggregate_1,2017,28.63
ecu,sex_f,est_sizedetails_s1,mts_aggregate_1,2018,30.17
ecu,sex_f,est_sizedetails_s1,mts_aggregate_1,2019,29.33
ecu,sex_f,est_sizedetails_s1,mts_aggregate_1,2021,26.24
ecu,sex_f,est_sizedetails_s1,mts_aggregate_1,2022,25.53
ecu,sex_f,est_sizedetails_s1,mts_aggregate_1,2023,26.25
ecu,sex_f,est_sizedetails_s1,mts_aggregate_1,2024,26.4
ecu,sex_f,est_sizedetails_s1,mts_aggregate_1,2025,26.64
ecu,sex_f,est_sizedetails_s1,mts_aggregate_2,2013,32.05
ecu,sex_f,est_sizedetails_s1,mts_aggregate_2,2014,31.04
ecu,sex_f,est_sizedetails_s1,mts_aggregate_2,2015,29.66
ecu,sex_f,est_sizedetails_s1,mts_aggregate_2,2016,26.84
ecu,sex_f,est_sizedetails_s1,mts_aggregate_2,2017,26.95
ecu,sex_f,est_sizedetails_s1,mts_aggregate_2,2018,28.1
ecu,sex_f,est_sizedetails_s1,mts_aggregate_2,2019,27.77
ecu,sex_f,est_sizedetails_s1,mts_aggregate_2,2021,24.52
ecu,sex_f,est_sizedetails_s1,mts_aggregate_2,2022,24.99
ecu,sex_f,est_sizedetails_s1,mts_aggregate_2,2023,26.58
ecu,sex_f,est_sizedetails_s1,mts_aggregate_2,2024,25.68
ecu,sex_f,est_sizedetails_s1,mts_aggregate_2,2025,26.34
ecu,sex_f,est_sizedetails_s1,mts_aggregate_total,2013,32.48
ecu,sex_f,est_sizedetails_s1,mts_aggregate_total,2014,31.69
ecu,sex_f,est_sizedetails_s1,mts_aggregate_total,2015,30.22
ecu,sex_f,est_sizedetails_s1,mts_aggregate_total,2016,27.73
ecu,sex_f,est_sizedetails_s1,mts_aggregate_total,2017,27.7
ecu,sex_f,est_sizedetails_s1,mts_aggregate_total,2018,29.08
ecu,sex_f,est_sizedetails_s1,mts_aggregate_total,2019,28.5
ecu,sex_f,est_sizedetails_s1,mts_aggregate_total,2021,25.4
ecu,sex_f,est_sizedetails_s1,mts_aggregate_total,2022,25.28
ecu,sex_f,est_sizedetails_s1,mts_aggregate_total,2023,26.4
ecu,sex_f,est_sizedetails_s1,mts_aggregate_total,2024,26.08
ecu,sex_f,est_sizedetails_s1,mts_aggregate_total,2025,26.51
ecu,sex_f,est_sizedetails_s1,mts_details_mrd,2013,32.77
ecu,sex_f,est_sizedetails_s1,mts_details_mrd,2014,32.28
ecu,sex_f,est_sizedetails_s1,mts_details_mrd,2015,30.91
ecu,sex_f,est_sizedetails_s1,mts_details_mrd,2016,28.57
ecu,sex_f,est_sizedetails_s1,mts_details_mrd,2017,28.47
ecu,sex_f,est_sizedetails_s1,mts_details_mrd,2018,29.48
ecu,sex_f,est_sizedetails_s1,mts_details_mrd,2019,29.18
ecu,sex_f,est_sizedetails_s1,mts_details_mrd,2021,25.71
ecu,sex_f,est_sizedetails_s1,mts_details_mrd,2022,25.71
ecu,sex_f,est_sizedetails_s1,mts_details_mrd,2023,27.27
ecu,sex_f,est_sizedetails_s1,mts_details_mrd,2024,27.27
ecu,sex_f,est_sizedetails_s1,mts_details_mrd,2025,27.8
ecu,sex_f,est_sizedetails_s1,mts_details_sep,2013,32.88
ecu,sex_f,est_sizedetails_s1,mts_details_sep,2014,31.92
ecu,sex_f,est_sizedetails_s1,mts_details_sep,2015,30.84
ecu,sex_f,est_sizedetails_s1,mts_details_sep,2016,28.53
ecu,sex_f,est_sizedetails_s1,mts_details_sep,2017,28.43
ecu,sex_f,est_sizedetails_s1,mts_details_sep,2018,30.23
ecu,sex_f,est_sizedetails_s1,mts_details_sep,2019,29.76
ecu,sex_f,est_sizedetails_s1,mts_details_sep,2021,25.86
ecu,sex_f,est_sizedetails_s1,mts_details_sep,2022,25.06
ecu,sex_f,est_sizedetails_s1,mts_details_sep,2023,26.48
ecu,sex_f,est_sizedetails_s1,mts_details_sep,2024,26.28
ecu,sex_f,est_sizedetails_s1,mts_details_sep,2025,26.24
ecu,sex_f,est_sizedetails_s1,mts_details_sgle,2013,34.06
ecu,sex_f,est_sizedetails_s1,mts_details_sgle,2014,34.28
ecu,sex_f,est_sizedetails_s1,mts_details_sgle,2015,32.17
ecu,sex_f,est_sizedetails_s1,mts_details_sgle,2016,30.05
ecu,sex_f,est_sizedetails_s1,mts_details_sgle,2017,29.58
ecu,sex_f,est_sizedetails_s1,mts_details_sgle,2018,31.42
ecu,sex_f,est_sizedetails_s1,mts_details_sgle,2019,30.1
ecu,sex_f,est_sizedetails_s1,mts_details_sgle,2021,27.81
ecu,sex_f,est_sizedetails_s1,mts_details_sgle,2022,27.38
ecu,sex_f,est_sizedetails_s1,mts_details_sgle,2023,27.41
ecu,sex_f,est_sizedetails_s1,mts_details_sgle,2024,27.84
ecu,sex_f,est_sizedetails_s1,mts_details_sgle,2025,27.82
ecu,sex_f,est_sizedetails_s1,mts_details_total,2013,32.48
ecu,sex_f,est_sizedetails_s1,mts_details_total,2014,31.69
ecu,sex_f,est_sizedetails_s1,mts_details_total,2015,30.22
ecu,sex_f,est_sizedetails_s1,mts_details_total,2016,27.73
ecu,sex_f,est_sizedetails_s1,mts_details_total,2017,27.7
ecu,sex_f,est_sizedetails_s1,mts_details_total,2018,29.08
ecu,sex_f,est_sizedetails_s1,mts_details_total,2019,28.5
ecu,sex_f,est_sizedetails_s1,mts_details_total,2021,25.4
ecu,sex_f,est_sizedetails_s1,mts_details_total,2022,25.28
ecu,sex_f,est_sizedetails_s1,mts_details_total,2023,26.4
ecu,sex_f,est_sizedetails_s1,mts_details_total,2024,26.08
ecu,sex_f,est_sizedetails_s1,mts_details_total,2025,26.51
ecu,sex_f,est_sizedetails_s1,mts_details_union,2013,30.44
ecu,sex_f,est_sizedetails_s1,mts_details_union,2014,28.73
ecu,sex_f,est_sizedetails_s1,mts_details_union,2015,27.59
ecu,sex_f,est_sizedetails_s1,mts_details_union,2016,24.3
ecu,sex_f,est_sizedetails_s1,mts_details_union,2017,24.63
ecu,sex_f,est_sizedetails_s1,mts_details_union,2018,26.22
ecu,sex_f,est_sizedetails_s1,mts_details_union,2019,25.81
ecu,sex_f,est_sizedetails_s1,mts_details_union,2021,22.95
ecu,sex_f,est_sizedetails_s1,mts_details_union,2022,24.03
ecu,sex_f,est_sizedetails_s1,mts_details_union,2023,25.58
ecu,sex_f,est_sizedetails_s1,mts_details_union,2024,23.57
ecu,sex_f,est_sizedetails_s1,mts_details_union,2025,24.56
ecu,sex_f,est_sizedetails_s1,mts_details_wid,2013,31
ecu,sex_f,est_sizedetails_s1,mts_details_wid,2014,30.29
ecu,sex_f,est_sizedetails_s1,mts_details_wid,2015,28.8
ecu,sex_f,est_sizedetails_s1,mts_details_wid,2016,27.49
ecu,sex_f,est_sizedetails_s1,mts_details_wid,2017,27.11
ecu,sex_f,est_sizedetails_s1,mts_details_wid,2018,27.51
ecu,sex_f,est_sizedetails_s1,mts_details_wid,2019,26.7
ecu,sex_f,est_sizedetails_s1,mts_details_wid,2021,24.08
ecu,sex_f,est_sizedetails_s1,mts_details_wid,2022,23.22
ecu,sex_f,est_sizedetails_s1,mts_details_wid,2023,23.55
ecu,sex_f,est_sizedetails_s1,mts_details_wid,2024,23.78
ecu,sex_f,est_sizedetails_s1,mts_details_wid,2025,25.05
ecu,sex_f,est_sizedetails_s10_19,mts_aggregate_1,2013,40.76
ecu,sex_f,est_sizedetails_s10_19,mts_aggregate_1,2014,40.4
ecu,sex_f,est_sizedetails_s10_19,mts_aggregate_1,2015,39.6
ecu,sex_f,est_sizedetails_s10_19,mts_aggregate_1,2016,39.29
ecu,sex_f,est_sizedetails_s10_19,mts_aggregate_1,2017,39.19
ecu,sex_f,est_sizedetails_s10_19,mts_aggregate_1,2018,39.77
ecu,sex_f,est_sizedetails_s10_19,mts_aggregate_1,2019,38.88
ecu,sex_f,est_sizedetails_s10_19,mts_aggregate_1,2021,37.12
ecu,sex_f,est_sizedetails_s10_19,mts_aggregate_1,2022,36.25
ecu,sex_f,est_sizedetails_s10_19,mts_aggregate_1,2023,36.62
ecu,sex_f,est_sizedetails_s10_19,mts_aggregate_1,2024,36.68
ecu,sex_f,est_sizedetails_s10_19,mts_aggregate_1,2025,37.81
ecu,sex_f,est_sizedetails_s10_19,mts_aggregate_2,2013,40.62
ecu,sex_f,est_sizedetails_s10_19,mts_aggregate_2,2014,39.7
ecu,sex_f,est_sizedetails_s10_19,mts_aggregate_2,2015,39.18
ecu,sex_f,est_sizedetails_s10_19,mts_aggregate_2,2016,38.37
ecu,sex_f,est_sizedetails_s10_19,mts_aggregate_2,2017,39.58
ecu,sex_f,est_sizedetails_s10_19,mts_aggregate_2,2018,38.75
ecu,sex_f,est_sizedetails_s10_19,mts_aggregate_2,2019,36.96
ecu,sex_f,est_sizedetails_s10_19,mts_aggregate_2,2021,38.29
ecu,sex_f,est_sizedetails_s10_19,mts_aggregate_2,2022,36.98
ecu,sex_f,est_sizedetails_s10_19,mts_aggregate_2,2023,37.39
ecu,sex_f,est_sizedetails_s10_19,mts_aggregate_2,2024,35.48
ecu,sex_f,est_sizedetails_s10_19,mts_aggregate_2,2025,38.3
ecu,sex_f,est_sizedetails_s10_19,mts_aggregate_total,2013,40.7
ecu,sex_f,est_sizedetails_s10_19,mts_aggregate_total,2014,40.06
ecu,sex_f,est_sizedetails_s10_19,mts_aggregate_total,2015,39.4
ecu,sex_f,est_sizedetails_s10_19,mts_aggregate_total,2016,38.83
ecu,sex_f,est_sizedetails_s10_19,mts_aggregate_total,2017,39.39
ecu,sex_f,est_sizedetails_s10_19,mts_aggregate_total,2018,39.27
ecu,sex_f,est_sizedetails_s10_19,mts_aggregate_total,2019,37.94
ecu,sex_f,est_sizedetails_s10_19,mts_aggregate_total,2021,37.62
ecu,sex_f,est_sizedetails_s10_19,mts_aggregate_total,2022,36.57
ecu,sex_f,est_sizedetails_s10_19,mts_aggregate_total,2023,36.95
ecu,sex_f,est_sizedetails_s10_19,mts_aggregate_total,2024,36.17
ecu,sex_f,est_sizedetails_s10_19,mts_aggregate_total,2025,38.02
ecu,sex_f,est_sizedetails_s10_19,mts_details_mrd,2013,40.41
ecu,sex_f,est_sizedetails_s10_19,mts_details_mrd,2014,39.73
ecu,sex_f,est_sizedetails_s10_19,mts_details_mrd,2015,39.32
ecu,sex_f,est_sizedetails_s10_19,mts_details_mrd,2016,38.33
ecu,sex_f,est_sizedetails_s10_19,mts_details_mrd,2017,39.93
ecu,sex_f,est_sizedetails_s10_19,mts_details_mrd,2018,39
ecu,sex_f,est_sizedetails_s10_19,mts_details_mrd,2019,37.09
ecu,sex_f,est_sizedetails_s10_19,mts_details_mrd,2021,37.61
ecu,sex_f,est_sizedetails_s10_19,mts_details_mrd,2022,36.36
ecu,sex_f,est_sizedetails_s10_19,mts_details_mrd,2023,38.4
ecu,sex_f,est_sizedetails_s10_19,mts_details_mrd,2024,36.1
ecu,sex_f,est_sizedetails_s10_19,mts_details_mrd,2025,40
ecu,sex_f,est_sizedetails_s10_19,mts_details_sep,2013,42.38
ecu,sex_f,est_sizedetails_s10_19,mts_details_sep,2014,41.64
ecu,sex_f,est_sizedetails_s10_19,mts_details_sep,2015,40.47
ecu,sex_f,est_sizedetails_s10_19,mts_details_sep,2016,39.4
ecu,sex_f,est_sizedetails_s10_19,mts_details_sep,2017,40.94
ecu,sex_f,est_sizedetails_s10_19,mts_details_sep,2018,39.58
ecu,sex_f,est_sizedetails_s10_19,mts_details_sep,2019,39.52
ecu,sex_f,est_sizedetails_s10_19,mts_details_sep,2021,35.82
ecu,sex_f,est_sizedetails_s10_19,mts_details_sep,2022,35.83
ecu,sex_f,est_sizedetails_s10_19,mts_details_sep,2023,38.93
ecu,sex_f,est_sizedetails_s10_19,mts_details_sep,2024,38.01
ecu,sex_f,est_sizedetails_s10_19,mts_details_sep,2025,37.62
ecu,sex_f,est_sizedetails_s10_19,mts_details_sgle,2013,40.19
ecu,sex_f,est_sizedetails_s10_19,mts_details_sgle,2014,39.52
ecu,sex_f,est_sizedetails_s10_19,mts_details_sgle,2015,38.92
ecu,sex_f,est_sizedetails_s10_19,mts_details_sgle,2016,39.09
ecu,sex_f,est_sizedetails_s10_19,mts_details_sgle,2017,38.19
ecu,sex_f,est_sizedetails_s10_19,mts_details_sgle,2018,39.86
ecu,sex_f,est_sizedetails_s10_19,mts_details_sgle,2019,38.52
ecu,sex_f,est_sizedetails_s10_19,mts_details_sgle,2021,38.24
ecu,sex_f,est_sizedetails_s10_19,mts_details_sgle,2022,36.72
ecu,sex_f,est_sizedetails_s10_19,mts_details_sgle,2023,35.31
ecu,sex_f,est_sizedetails_s10_19,mts_details_sgle,2024,36.46
ecu,sex_f,est_sizedetails_s10_19,mts_details_sgle,2025,37.96
ecu,sex_f,est_sizedetails_s10_19,mts_details_total,2013,40.7
ecu,sex_f,est_sizedetails_s10_19,mts_details_total,2014,40.06
ecu,sex_f,est_sizedetails_s10_19,mts_details_total,2015,39.4
ecu,sex_f,est_sizedetails_s10_19,mts_details_total,2016,38.83
ecu,sex_f,est_sizedetails_s10_19,mts_details_total,2017,39.39
ecu,sex_f,est_sizedetails_s10_19,mts_details_total,2018,39.27
ecu,sex_f,est_sizedetails_s10_19,mts_details_total,2019,37.94
ecu,sex_f,est_sizedetails_s10_19,mts_details_total,2021,37.62
ecu,sex_f,est_sizedetails_s10_19,mts_details_total,2022,36.57
ecu,sex_f,est_sizedetails_s10_19,mts_details_total,2023,36.95
ecu,sex_f,est_sizedetails_s10_19,mts_details_total,2024,36.17
ecu,sex_f,est_sizedetails_s10_19,mts_details_total,2025,38.02
ecu,sex_f,est_sizedetails_s10_19,mts_details_union,2013,41.17
ecu,sex_f,est_sizedetails_s10_19,mts_details_union,2014,39.64
ecu,sex_f,est_sizedetails_s10_19,mts_details_union,2015,38.95
ecu,sex_f,est_sizedetails_s10_19,mts_details_union,2016,38.45
ecu,sex_f,est_sizedetails_s10_19,mts_details_union,2017,39.03
ecu,sex_f,est_sizedetails_s10_19,mts_details_union,2018,38.38
ecu,sex_f,est_sizedetails_s10_19,mts_details_union,2019,36.7
ecu,sex_f,est_sizedetails_s10_19,mts_details_union,2021,39.17
ecu,sex_f,est_sizedetails_s10_19,mts_details_union,2022,37.52
ecu,sex_f,est_sizedetails_s10_19,mts_details_union,2023,36.3
ecu,sex_f,est_sizedetails_s10_19,mts_details_union,2024,34.7
ecu,sex_f,est_sizedetails_s10_19,mts_details_union,2025,36.13
ecu,sex_f,est_sizedetails_s10_19,mts_details_wid,2013,39.39
ecu,sex_f,est_sizedetails_s10_19,mts_details_wid,2014,44.68
ecu,sex_f,est_sizedetails_s10_19,mts_details_wid,2015,42
ecu,sex_f,est_sizedetails_s10_19,mts_details_wid,2016,40.65
ecu,sex_f,est_sizedetails_s10_19,mts_details_wid,2017,42.81
ecu,sex_f,est_sizedetails_s10_19,mts_details_wid,2018,40.3
ecu,sex_f,est_sizedetails_s10_19,mts_details_wid,2019,39.71
ecu,sex_f,est_sizedetails_s10_19,mts_details_wid,2021,31.58
ecu,sex_f,est_sizedetails_s10_19,mts_details_wid,2022,32.24
ecu,sex_f,est_sizedetails_s10_19,mts_details_wid,2023,35.97
ecu,sex_f,est_sizedetails_s10_19,mts_details_wid,2024,30.02
ecu,sex_f,est_sizedetails_s10_19,mts_details_wid,2025,36.82
ecu,sex_f,est_sizedetails_s2_4,mts_aggregate_1,2013,35.5
ecu,sex_f,est_sizedetails_s2_4,mts_aggregate_1,2014,34.99
ecu,sex_f,est_sizedetails_s2_4,mts_aggregate_1,2015,33.45
ecu,sex_f,est_sizedetails_s2_4,mts_aggregate_1,2016,31
ecu,sex_f,est_sizedetails_s2_4,mts_aggregate_1,2017,30.76
ecu,sex_f,est_sizedetails_s2_4,mts_aggregate_1,2018,31.14
ecu,sex_f,est_sizedetails_s2_4,mts_aggregate_1,2019,31.44
ecu,sex_f,est_sizedetails_s2_4,mts_aggregate_1,2021,28.71
ecu,sex_f,est_sizedetails_s2_4,mts_aggregate_1,2022,28.41
ecu,sex_f,est_sizedetails_s2_4,mts_aggregate_1,2023,30.3
ecu,sex_f,est_sizedetails_s2_4,mts_aggregate_1,2024,29.56
ecu,sex_f,est_sizedetails_s2_4,mts_aggregate_1,2025,30.04
ecu,sex_f,est_sizedetails_s2_4,mts_aggregate_2,2013,37.15
ecu,sex_f,est_sizedetails_s2_4,mts_aggregate_2,2014,36.43
ecu,sex_f,est_sizedetails_s2_4,mts_aggregate_2,2015,34.91
ecu,sex_f,est_sizedetails_s2_4,mts_aggregate_2,2016,33.43
ecu,sex_f,est_sizedetails_s2_4,mts_aggregate_2,2017,33.02
ecu,sex_f,est_sizedetails_s2_4,mts_aggregate_2,2018,34.12
ecu,sex_f,est_sizedetails_s2_4,mts_aggregate_2,2019,33.5
ecu,sex_f,est_sizedetails_s2_4,mts_aggregate_2,2021,31.21
ecu,sex_f,est_sizedetails_s2_4,mts_aggregate_2,2022,29.94
ecu,sex_f,est_sizedetails_s2_4,mts_aggregate_2,2023,31.96
ecu,sex_f,est_sizedetails_s2_4,mts_aggregate_2,2024,30.3
ecu,sex_f,est_sizedetails_s2_4,mts_aggregate_2,2025,30.86
ecu,sex_f,est_sizedetails_s2_4,mts_aggregate_total,2013,36.47
ecu,sex_f,est_sizedetails_s2_4,mts_aggregate_total,2014,35.87
ecu,sex_f,est_sizedetails_s2_4,mts_aggregate_total,2015,34.36
ecu,sex_f,est_sizedetails_s2_4,mts_aggregate_total,2016,32.53
ecu,sex_f,est_sizedetails_s2_4,mts_aggregate_total,2017,32.18
ecu,sex_f,est_sizedetails_s2_4,mts_aggregate_total,2018,33.01
ecu,sex_f,est_sizedetails_s2_4,mts_aggregate_total,2019,32.71
ecu,sex_f,est_sizedetails_s2_4,mts_aggregate_total,2021,30.22
ecu,sex_f,est_sizedetails_s2_4,mts_aggregate_total,2022,29.35
ecu,sex_f,est_sizedetails_s2_4,mts_aggregate_total,2023,31.25
ecu,sex_f,est_sizedetails_s2_4,mts_aggregate_total,2024,30
ecu,sex_f,est_sizedetails_s2_4,mts_aggregate_total,2025,30.54
ecu,sex_f,est_sizedetails_s2_4,mts_details_mrd,2013,37.28
ecu,sex_f,est_sizedetails_s2_4,mts_details_mrd,2014,36.74
ecu,sex_f,est_sizedetails_s2_4,mts_details_mrd,2015,35.85
ecu,sex_f,est_sizedetails_s2_4,mts_details_mrd,2016,34.66
ecu,sex_f,est_sizedetails_s2_4,mts_details_mrd,2017,34.19
ecu,sex_f,est_sizedetails_s2_4,mts_details_mrd,2018,34.95
ecu,sex_f,est_sizedetails_s2_4,mts_details_mrd,2019,34.63
ecu,sex_f,est_sizedetails_s2_4,mts_details_mrd,2021,32.54
ecu,sex_f,est_sizedetails_s2_4,mts_details_mrd,2022,31.11
ecu,sex_f,est_sizedetails_s2_4,mts_details_mrd,2023,32.53
ecu,sex_f,est_sizedetails_s2_4,mts_details_mrd,2024,31.24
ecu,sex_f,est_sizedetails_s2_4,mts_details_mrd,2025,31.94
ecu,sex_f,est_sizedetails_s2_4,mts_details_sep,2013,39.03
ecu,sex_f,est_sizedetails_s2_4,mts_details_sep,2014,37.83
ecu,sex_f,est_sizedetails_s2_4,mts_details_sep,2015,38.51
ecu,sex_f,est_sizedetails_s2_4,mts_details_sep,2016,36.76
ecu,sex_f,est_sizedetails_s2_4,mts_details_sep,2017,35.73
ecu,sex_f,est_sizedetails_s2_4,mts_details_sep,2018,36.28
ecu,sex_f,est_sizedetails_s2_4,mts_details_sep,2019,36.6
ecu,sex_f,est_sizedetails_s2_4,mts_details_sep,2021,32.27
ecu,sex_f,est_sizedetails_s2_4,mts_details_sep,2022,32.06
ecu,sex_f,est_sizedetails_s2_4,mts_details_sep,2023,34.04
ecu,sex_f,est_sizedetails_s2_4,mts_details_sep,2024,32.69
ecu,sex_f,est_sizedetails_s2_4,mts_details_sep,2025,33.15
ecu,sex_f,est_sizedetails_s2_4,mts_details_sgle,2013,34
ecu,sex_f,est_sizedetails_s2_4,mts_details_sgle,2014,33.59
ecu,sex_f,est_sizedetails_s2_4,mts_details_sgle,2015,31.13
ecu,sex_f,est_sizedetails_s2_4,mts_details_sgle,2016,28.4
ecu,sex_f,est_sizedetails_s2_4,mts_details_sgle,2017,28.04
ecu,sex_f,est_sizedetails_s2_4,mts_details_sgle,2018,28.57
ecu,sex_f,est_sizedetails_s2_4,mts_details_sgle,2019,29.35
ecu,sex_f,est_sizedetails_s2_4,mts_details_sgle,2021,27.01
ecu,sex_f,est_sizedetails_s2_4,mts_details_sgle,2022,26.72
ecu,sex_f,est_sizedetails_s2_4,mts_details_sgle,2023,28.8
ecu,sex_f,est_sizedetails_s2_4,mts_details_sgle,2024,28.26
ecu,sex_f,est_sizedetails_s2_4,mts_details_sgle,2025,28.35
ecu,sex_f,est_sizedetails_s2_4,mts_details_total,2013,36.47
ecu,sex_f,est_sizedetails_s2_4,mts_details_total,2014,35.87
ecu,sex_f,est_sizedetails_s2_4,mts_details_total,2015,34.36
ecu,sex_f,est_sizedetails_s2_4,mts_details_total,2016,32.53
ecu,sex_f,est_sizedetails_s2_4,mts_details_total,2017,32.18
ecu,sex_f,est_sizedetails_s2_4,mts_details_total,2018,33.01
ecu,sex_f,est_sizedetails_s2_4,mts_details_total,2019,32.71
ecu,sex_f,est_sizedetails_s2_4,mts_details_total,2021,30.22
ecu,sex_f,est_sizedetails_s2_4,mts_details_total,2022,29.35
ecu,sex_f,est_sizedetails_s2_4,mts_details_total,2023,31.25
ecu,sex_f,est_sizedetails_s2_4,mts_details_total,2024,30
ecu,sex_f,est_sizedetails_s2_4,mts_details_total,2025,30.54
ecu,sex_f,est_sizedetails_s2_4,mts_details_union,2013,36.77
ecu,sex_f,est_sizedetails_s2_4,mts_details_union,2014,35.69
ecu,sex_f,est_sizedetails_s2_4,mts_details_union,2015,32.95
ecu,sex_f,est_sizedetails_s2_4,mts_details_union,2016,30.91
ecu,sex_f,est_sizedetails_s2_4,mts_details_union,2017,30.87
ecu,sex_f,est_sizedetails_s2_4,mts_details_union,2018,32.48
ecu,sex_f,est_sizedetails_s2_4,mts_details_union,2019,31.31
ecu,sex_f,est_sizedetails_s2_4,mts_details_union,2021,29.09
ecu,sex_f,est_sizedetails_s2_4,mts_details_union,2022,27.95
ecu,sex_f,est_sizedetails_s2_4,mts_details_union,2023,30.79
ecu,sex_f,est_sizedetails_s2_4,mts_details_union,2024,28.64
ecu,sex_f,est_sizedetails_s2_4,mts_details_union,2025,29.38
ecu,sex_f,est_sizedetails_s2_4,mts_details_wid,2013,35.93
ecu,sex_f,est_sizedetails_s2_4,mts_details_wid,2014,35.1
ecu,sex_f,est_sizedetails_s2_4,mts_details_wid,2015,33.71
ecu,sex_f,est_sizedetails_s2_4,mts_details_wid,2016,31.43
ecu,sex_f,est_sizedetails_s2_4,mts_details_wid,2017,33.06
ecu,sex_f,est_sizedetails_s2_4,mts_details_wid,2018,30.81
ecu,sex_f,est_sizedetails_s2_4,mts_details_wid,2019,29.9
ecu,sex_f,est_sizedetails_s2_4,mts_details_wid,2021,28.44
ecu,sex_f,est_sizedetails_s2_4,mts_details_wid,2022,27.82
ecu,sex_f,est_sizedetails_s2_4,mts_details_wid,2023,28.54
ecu,sex_f,est_sizedetails_s2_4,mts_details_wid,2024,28.68
ecu,sex_f,est_sizedetails_s2_4,mts_details_wid,2025,30.63
ecu,sex_f,est_sizedetails_s5_9,mts_aggregate_1,2013,36.33
ecu,sex_f,est_sizedetails_s5_9,mts_aggregate_1,2014,36.87
ecu,sex_f,est_sizedetails_s5_9,mts_aggregate_1,2015,35.32
ecu,sex_f,est_sizedetails_s5_9,mts_aggregate_1,2016,32.52
ecu,sex_f,est_sizedetails_s5_9,mts_aggregate_1,2017,31.72
ecu,sex_f,est_sizedetails_s5_9,mts_aggregate_1,2018,32.69
ecu,sex_f,est_sizedetails_s5_9,mts_aggregate_1,2019,32.5
ecu,sex_f,est_sizedetails_s5_9,mts_aggregate_1,2021,30.06
ecu,sex_f,est_sizedetails_s5_9,mts_aggregate_1,2022,28.87
ecu,sex_f,est_sizedetails_s5_9,mts_aggregate_1,2023,30.08
ecu,sex_f,est_sizedetails_s5_9,mts_aggregate_1,2024,29.1
ecu,sex_f,est_sizedetails_s5_9,mts_aggregate_1,2025,29.21
ecu,sex_f,est_sizedetails_s5_9,mts_aggregate_2,2013,38.46
ecu,sex_f,est_sizedetails_s5_9,mts_aggregate_2,2014,38.07
ecu,sex_f,est_sizedetails_s5_9,mts_aggregate_2,2015,37.87
ecu,sex_f,est_sizedetails_s5_9,mts_aggregate_2,2016,36.27
ecu,sex_f,est_sizedetails_s5_9,mts_aggregate_2,2017,36.32
ecu,sex_f,est_sizedetails_s5_9,mts_aggregate_2,2018,37
ecu,sex_f,est_sizedetails_s5_9,mts_aggregate_2,2019,37.82
ecu,sex_f,est_sizedetails_s5_9,mts_aggregate_2,2021,32.78
ecu,sex_f,est_sizedetails_s5_9,mts_aggregate_2,2022,32.92
ecu,sex_f,est_sizedetails_s5_9,mts_aggregate_2,2023,35.2
ecu,sex_f,est_sizedetails_s5_9,mts_aggregate_2,2024,30.35
ecu,sex_f,est_sizedetails_s5_9,mts_aggregate_2,2025,32.08
ecu,sex_f,est_sizedetails_s5_9,mts_aggregate_total,2013,37.3
ecu,sex_f,est_sizedetails_s5_9,mts_aggregate_total,2014,37.43
ecu,sex_f,est_sizedetails_s5_9,mts_aggregate_total,2015,36.61
ecu,sex_f,est_sizedetails_s5_9,mts_aggregate_total,2016,34.47
ecu,sex_f,est_sizedetails_s5_9,mts_aggregate_total,2017,34.11
ecu,sex_f,est_sizedetails_s5_9,mts_aggregate_total,2018,34.86
ecu,sex_f,est_sizedetails_s5_9,mts_aggregate_total,2019,35.25
ecu,sex_f,est_sizedetails_s5_9,mts_aggregate_total,2021,31.52
ecu,sex_f,est_sizedetails_s5_9,mts_aggregate_total,2022,30.92
ecu,sex_f,est_sizedetails_s5_9,mts_aggregate_total,2023,32.46
ecu,sex_f,est_sizedetails_s5_9,mts_aggregate_total,2024,29.78
ecu,sex_f,est_sizedetails_s5_9,mts_aggregate_total,2025,30.62
ecu,sex_f,est_sizedetails_s5_9,mts_details_mrd,2013,38.27
ecu,sex_f,est_sizedetails_s5_9,mts_details_mrd,2014,38.68
ecu,sex_f,est_sizedetails_s5_9,mts_details_mrd,2015,38.28
ecu,sex_f,est_sizedetails_s5_9,mts_details_mrd,2016,36.95
ecu,sex_f,est_sizedetails_s5_9,mts_details_mrd,2017,36.5
ecu,sex_f,est_sizedetails_s5_9,mts_details_mrd,2018,38.04
ecu,sex_f,est_sizedetails_s5_9,mts_details_mrd,2019,38.79
ecu,sex_f,est_sizedetails_s5_9,mts_details_mrd,2021,33.94
ecu,sex_f,est_sizedetails_s5_9,mts_details_mrd,2022,33.35
ecu,sex_f,est_sizedetails_s5_9,mts_details_mrd,2023,36.09
ecu,sex_f,est_sizedetails_s5_9,mts_details_mrd,2024,31.74
ecu,sex_f,est_sizedetails_s5_9,mts_details_mrd,2025,33.44
ecu,sex_f,est_sizedetails_s5_9,mts_details_sep,2013,40.82
ecu,sex_f,est_sizedetails_s5_9,mts_details_sep,2014,40.47
ecu,sex_f,est_sizedetails_s5_9,mts_details_sep,2015,40.51
ecu,sex_f,est_sizedetails_s5_9,mts_details_sep,2016,41.82
ecu,sex_f,est_sizedetails_s5_9,mts_details_sep,2017,40.16
ecu,sex_f,est_sizedetails_s5_9,mts_details_sep,2018,39.65
ecu,sex_f,est_sizedetails_s5_9,mts_details_sep,2019,38.27
ecu,sex_f,est_sizedetails_s5_9,mts_details_sep,2021,35.88
ecu,sex_f,est_sizedetails_s5_9,mts_details_sep,2022,35.93
ecu,sex_f,est_sizedetails_s5_9,mts_details_sep,2023,37.69
ecu,sex_f,est_sizedetails_s5_9,mts_details_sep,2024,33.16
ecu,sex_f,est_sizedetails_s5_9,mts_details_sep,2025,35.7
ecu,sex_f,est_sizedetails_s5_9,mts_details_sgle,2013,35.25
ecu,sex_f,est_sizedetails_s5_9,mts_details_sgle,2014,35.11
ecu,sex_f,est_sizedetails_s5_9,mts_details_sgle,2015,33.41
ecu,sex_f,est_sizedetails_s5_9,mts_details_sgle,2016,30.34
ecu,sex_f,est_sizedetails_s5_9,mts_details_sgle,2017,29.23
ecu,sex_f,est_sizedetails_s5_9,mts_details_sgle,2018,30.15
ecu,sex_f,est_sizedetails_s5_9,mts_details_sgle,2019,30.82
ecu,sex_f,est_sizedetails_s5_9,mts_details_sgle,2021,28.7
ecu,sex_f,est_sizedetails_s5_9,mts_details_sgle,2022,26.35
ecu,sex_f,est_sizedetails_s5_9,mts_details_sgle,2023,27.52
ecu,sex_f,est_sizedetails_s5_9,mts_details_sgle,2024,27.64
ecu,sex_f,est_sizedetails_s5_9,mts_details_sgle,2025,27.2
ecu,sex_f,est_sizedetails_s5_9,mts_details_total,2013,37.3
ecu,sex_f,est_sizedetails_s5_9,mts_details_total,2014,37.43
ecu,sex_f,est_sizedetails_s5_9,mts_details_total,2015,36.61
ecu,sex_f,est_sizedetails_s5_9,mts_details_total,2016,34.47
ecu,sex_f,est_sizedetails_s5_9,mts_details_total,2017,34.11
ecu,sex_f,est_sizedetails_s5_9,mts_details_total,2018,34.86
ecu,sex_f,est_sizedetails_s5_9,mts_details_total,2019,35.25
ecu,sex_f,est_sizedetails_s5_9,mts_details_total,2021,31.52
ecu,sex_f,est_sizedetails_s5_9,mts_details_total,2022,30.92
ecu,sex_f,est_sizedetails_s5_9,mts_details_total,2023,32.46
ecu,sex_f,est_sizedetails_s5_9,mts_details_total,2024,29.78
ecu,sex_f,est_sizedetails_s5_9,mts_details_total,2025,30.62
ecu,sex_f,est_sizedetails_s5_9,mts_details_union,2013,39.07
ecu,sex_f,est_sizedetails_s5_9,mts_details_union,2014,36.86
ecu,sex_f,est_sizedetails_s5_9,mts_details_union,2015,37.08
ecu,sex_f,est_sizedetails_s5_9,mts_details_union,2016,34.91
ecu,sex_f,est_sizedetails_s5_9,mts_details_union,2017,35.92
ecu,sex_f,est_sizedetails_s5_9,mts_details_union,2018,34.98
ecu,sex_f,est_sizedetails_s5_9,mts_details_union,2019,35.53
ecu,sex_f,est_sizedetails_s5_9,mts_details_union,2021,30.87
ecu,sex_f,est_sizedetails_s5_9,mts_details_union,2022,32.14
ecu,sex_f,est_sizedetails_s5_9,mts_details_union,2023,33.65
ecu,sex_f,est_sizedetails_s5_9,mts_details_union,2024,28.51
ecu,sex_f,est_sizedetails_s5_9,mts_details_union,2025,30.57
ecu,sex_f,est_sizedetails_s5_9,mts_details_wid,2013,33.03
ecu,sex_f,est_sizedetails_s5_9,mts_details_wid,2014,38.98
ecu,sex_f,est_sizedetails_s5_9,mts_details_wid,2015,35.72
ecu,sex_f,est_sizedetails_s5_9,mts_details_wid,2016,32.57
ecu,sex_f,est_sizedetails_s5_9,mts_details_wid,2017,36.14
ecu,sex_f,est_sizedetails_s5_9,mts_details_wid,2018,34.91
ecu,sex_f,est_sizedetails_s5_9,mts_details_wid,2019,36.81
ecu,sex_f,est_sizedetails_s5_9,mts_details_wid,2021,29.14
ecu,sex_f,est_sizedetails_s5_9,mts_details_wid,2022,33.94
ecu,sex_f,est_sizedetails_s5_9,mts_details_wid,2023,30.95
ecu,sex_f,est_sizedetails_s5_9,mts_details_wid,2024,34.49
ecu,sex_f,est_sizedetails_s5_9,mts_details_wid,2025,31.85
ecu,sex_f,est_sizedetails_sge50,mts_aggregate_1,2013,41.97
ecu,sex_f,est_sizedetails_sge50,mts_aggregate_1,2014,41.44
ecu,sex_f,est_sizedetails_sge50,mts_aggregate_1,2015,41.73
ecu,sex_f,est_sizedetails_sge50,mts_aggregate_1,2016,40.95
ecu,sex_f,est_sizedetails_sge50,mts_aggregate_1,2017,41.16
ecu,sex_f,est_sizedetails_sge50,mts_aggregate_1,2018,41.33
ecu,sex_f,est_sizedetails_sge50,mts_aggregate_1,2019,40.71
ecu,sex_f,est_sizedetails_sge50,mts_aggregate_1,2021,40.9
ecu,sex_f,est_sizedetails_sge50,mts_aggregate_1,2022,40.46
ecu,sex_f,est_sizedetails_sge50,mts_aggregate_1,2023,39.92
ecu,sex_f,est_sizedetails_sge50,mts_aggregate_1,2024,39.03
ecu,sex_f,est_sizedetails_sge50,mts_aggregate_1,2025,39.57
ecu,sex_f,est_sizedetails_sge50,mts_aggregate_2,2013,41.38
ecu,sex_f,est_sizedetails_sge50,mts_aggregate_2,2014,41.09
ecu,sex_f,est_sizedetails_sge50,mts_aggregate_2,2015,41.3
ecu,sex_f,est_sizedetails_sge50,mts_aggregate_2,2016,40.87
ecu,sex_f,est_sizedetails_sge50,mts_aggregate_2,2017,40.9
ecu,sex_f,est_sizedetails_sge50,mts_aggregate_2,2018,40.83
ecu,sex_f,est_sizedetails_sge50,mts_aggregate_2,2019,40.08
ecu,sex_f,est_sizedetails_sge50,mts_aggregate_2,2021,40.02
ecu,sex_f,est_sizedetails_sge50,mts_aggregate_2,2022,40.84
ecu,sex_f,est_sizedetails_sge50,mts_aggregate_2,2023,39.95
ecu,sex_f,est_sizedetails_sge50,mts_aggregate_2,2024,38.98
ecu,sex_f,est_sizedetails_sge50,mts_aggregate_2,2025,39.01
ecu,sex_f,est_sizedetails_sge50,mts_aggregate_total,2013,41.68
ecu,sex_f,est_sizedetails_sge50,mts_aggregate_total,2014,41.26
ecu,sex_f,est_sizedetails_sge50,mts_aggregate_total,2015,41.5
ecu,sex_f,est_sizedetails_sge50,mts_aggregate_total,2016,40.91
ecu,sex_f,est_sizedetails_sge50,mts_aggregate_total,2017,41.02
ecu,sex_f,est_sizedetails_sge50,mts_aggregate_total,2018,41.07
ecu,sex_f,est_sizedetails_sge50,mts_aggregate_total,2019,40.39
ecu,sex_f,est_sizedetails_sge50,mts_aggregate_total,2021,40.44
ecu,sex_f,est_sizedetails_sge50,mts_aggregate_total,2022,40.64
ecu,sex_f,est_sizedetails_sge50,mts_aggregate_total,2023,39.94
ecu,sex_f,est_sizedetails_sge50,mts_aggregate_total,2024,39.01
ecu,sex_f,est_sizedetails_sge50,mts_aggregate_total,2025,39.3
ecu,sex_f,est_sizedetails_sge50,mts_details_mrd,2013,40.96
ecu,sex_f,est_sizedetails_sge50,mts_details_mrd,2014,40.86
ecu,sex_f,est_sizedetails_sge50,mts_details_mrd,2015,41.05
ecu,sex_f,est_sizedetails_sge50,mts_details_mrd,2016,40.55
ecu,sex_f,est_sizedetails_sge50,mts_details_mrd,2017,40.83
ecu,sex_f,est_sizedetails_sge50,mts_details_mrd,2018,40.72
ecu,sex_f,est_sizedetails_sge50,mts_details_mrd,2019,39.97
ecu,sex_f,est_sizedetails_sge50,mts_details_mrd,2021,40.46
ecu,sex_f,est_sizedetails_sge50,mts_details_mrd,2022,40.72
ecu,sex_f,est_sizedetails_sge50,mts_details_mrd,2023,40.14
ecu,sex_f,est_sizedetails_sge50,mts_details_mrd,2024,38.79
ecu,sex_f,est_sizedetails_sge50,mts_details_mrd,2025,39.04
ecu,sex_f,est_sizedetails_sge50,mts_details_sep,2013,42.75
ecu,sex_f,est_sizedetails_sge50,mts_details_sep,2014,42.44
ecu,sex_f,est_sizedetails_sge50,mts_details_sep,2015,42.2
ecu,sex_f,est_sizedetails_sge50,mts_details_sep,2016,41.58
ecu,sex_f,est_sizedetails_sge50,mts_details_sep,2017,41.95
ecu,sex_f,est_sizedetails_sge50,mts_details_sep,2018,42.3
ecu,sex_f,est_sizedetails_sge50,mts_details_sep,2019,41.47
ecu,sex_f,est_sizedetails_sge50,mts_details_sep,2021,41.81
ecu,sex_f,est_sizedetails_sge50,mts_details_sep,2022,41
ecu,sex_f,est_sizedetails_sge50,mts_details_sep,2023,40
ecu,sex_f,est_sizedetails_sge50,mts_details_sep,2024,39.67
ecu,sex_f,est_sizedetails_sge50,mts_details_sep,2025,39.76
ecu,sex_f,est_sizedetails_sge50,mts_details_sgle,2013,41.56
ecu,sex_f,est_sizedetails_sge50,mts_details_sgle,2014,40.85
ecu,sex_f,est_sizedetails_sge50,mts_details_sgle,2015,41.33
ecu,sex_f,est_sizedetails_sge50,mts_details_sgle,2016,40.57
ecu,sex_f,est_sizedetails_sge50,mts_details_sgle,2017,40.66
ecu,sex_f,est_sizedetails_sge50,mts_details_sgle,2018,40.66
ecu,sex_f,est_sizedetails_sge50,mts_details_sgle,2019,40.22
ecu,sex_f,est_sizedetails_sge50,mts_details_sgle,2021,40.24
ecu,sex_f,est_sizedetails_sge50,mts_details_sgle,2022,40.08
ecu,sex_f,est_sizedetails_sge50,mts_details_sgle,2023,39.77
ecu,sex_f,est_sizedetails_sge50,mts_details_sgle,2024,38.68
ecu,sex_f,est_sizedetails_sge50,mts_details_sgle,2025,39.49
ecu,sex_f,est_sizedetails_sge50,mts_details_total,2013,41.68
ecu,sex_f,est_sizedetails_sge50,mts_details_total,2014,41.26
ecu,sex_f,est_sizedetails_sge50,mts_details_total,2015,41.5
ecu,sex_f,est_sizedetails_sge50,mts_details_total,2016,40.91
ecu,sex_f,est_sizedetails_sge50,mts_details_total,2017,41.02
ecu,sex_f,est_sizedetails_sge50,mts_details_total,2018,41.07
ecu,sex_f,est_sizedetails_sge50,mts_details_total,2019,40.39
ecu,sex_f,est_sizedetails_sge50,mts_details_total,2021,40.44
ecu,sex_f,est_sizedetails_sge50,mts_details_total,2022,40.64
ecu,sex_f,est_sizedetails_sge50,mts_details_total,2023,39.94
ecu,sex_f,est_sizedetails_sge50,mts_details_total,2024,39.01
ecu,sex_f,est_sizedetails_sge50,mts_details_total,2025,39.3
ecu,sex_f,est_sizedetails_sge50,mts_details_union,2013,42.58
ecu,sex_f,est_sizedetails_sge50,mts_details_union,2014,41.67
ecu,sex_f,est_sizedetails_sge50,mts_details_union,2015,41.87
ecu,sex_f,est_sizedetails_sge50,mts_details_union,2016,41.62
ecu,sex_f,est_sizedetails_sge50,mts_details_union,2017,41.07
ecu,sex_f,est_sizedetails_sge50,mts_details_union,2018,41.06
ecu,sex_f,est_sizedetails_sge50,mts_details_union,2019,40.31
ecu,sex_f,est_sizedetails_sge50,mts_details_union,2021,39.23
ecu,sex_f,est_sizedetails_sge50,mts_details_union,2022,41.04
ecu,sex_f,est_sizedetails_sge50,mts_details_union,2023,39.64
ecu,sex_f,est_sizedetails_sge50,mts_details_union,2024,39.29
ecu,sex_f,est_sizedetails_sge50,mts_details_union,2025,38.96
ecu,sex_f,est_sizedetails_sge50,mts_details_wid,2013,42.17
ecu,sex_f,est_sizedetails_sge50,mts_details_wid,2014,41.61
ecu,sex_f,est_sizedetails_sge50,mts_details_wid,2015,43.02
ecu,sex_f,est_sizedetails_sge50,mts_details_wid,2016,41.19
ecu,sex_f,est_sizedetails_sge50,mts_details_wid,2017,41.36
ecu,sex_f,est_sizedetails_sge50,mts_details_wid,2018,41.86
ecu,sex_f,est_sizedetails_sge50,mts_details_wid,2019,40.81
ecu,sex_f,est_sizedetails_sge50,mts_details_wid,2021,40.58
ecu,sex_f,est_sizedetails_sge50,mts_details_wid,2022,39.99
ecu,sex_f,est_sizedetails_sge50,mts_details_wid,2023,41.09
ecu,sex_f,est_sizedetails_sge50,mts_details_wid,2024,37.7
ecu,sex_f,est_sizedetails_sge50,mts_details_wid,2025,38.39
ecu,sex_f,est_sizedetails_total,mts_aggregate_1,2013,36.61
ecu,sex_f,est_sizedetails_total,mts_aggregate_1,2014,36.21
ecu,sex_f,est_sizedetails_total,mts_aggregate_1,2015,35.11
ecu,sex_f,est_sizedetails_total,mts_aggregate_1,2016,32.95
ecu,sex_f,est_sizedetails_total,mts_aggregate_1,2017,32.68
ecu,sex_f,est_sizedetails_total,mts_aggregate_1,2018,33.43
ecu,sex_f,est_sizedetails_total,mts_aggregate_1,2019,32.97
ecu,sex_f,est_sizedetails_total,mts_aggregate_1,2021,30.49
ecu,sex_f,est_sizedetails_total,mts_aggregate_1,2022,29.83
ecu,sex_f,est_sizedetails_total,mts_aggregate_1,2023,30.7
ecu,sex_f,est_sizedetails_total,mts_aggregate_1,2024,30.31
ecu,sex_f,est_sizedetails_total,mts_aggregate_1,2025,30.81
ecu,sex_f,est_sizedetails_total,mts_aggregate_2,2013,36.56
ecu,sex_f,est_sizedetails_total,mts_aggregate_2,2014,35.88
ecu,sex_f,est_sizedetails_total,mts_aggregate_2,2015,34.96
ecu,sex_f,est_sizedetails_total,mts_aggregate_2,2016,33.17
ecu,sex_f,est_sizedetails_total,mts_aggregate_2,2017,32.97
ecu,sex_f,est_sizedetails_total,mts_aggregate_2,2018,33.8
ecu,sex_f,est_sizedetails_total,mts_aggregate_2,2019,33.18
ecu,sex_f,est_sizedetails_total,mts_aggregate_2,2021,30.99
ecu,sex_f,est_sizedetails_total,mts_aggregate_2,2022,30.56
ecu,sex_f,est_sizedetails_total,mts_aggregate_2,2023,32.05
ecu,sex_f,est_sizedetails_total,mts_aggregate_2,2024,30.6
ecu,sex_f,est_sizedetails_total,mts_aggregate_2,2025,31.23
ecu,sex_f,est_sizedetails_total,mts_aggregate_total,2013,36.58
ecu,sex_f,est_sizedetails_total,mts_aggregate_total,2014,36.03
ecu,sex_f,est_sizedetails_total,mts_aggregate_total,2015,35.03
ecu,sex_f,est_sizedetails_total,mts_aggregate_total,2016,33.08
ecu,sex_f,est_sizedetails_total,mts_aggregate_total,2017,32.85
ecu,sex_f,est_sizedetails_total,mts_aggregate_total,2018,33.64
ecu,sex_f,est_sizedetails_total,mts_aggregate_total,2019,33.09
ecu,sex_f,est_sizedetails_total,mts_aggregate_total,2021,30.76
ecu,sex_f,est_sizedetails_total,mts_aggregate_total,2022,30.22
ecu,sex_f,est_sizedetails_total,mts_aggregate_total,2023,31.37
ecu,sex_f,est_sizedetails_total,mts_aggregate_total,2024,30.46
ecu,sex_f,est_sizedetails_total,mts_aggregate_total,2025,31.03
ecu,sex_f,est_sizedetails_total,mts_details_mrd,2013,36.83
ecu,sex_f,est_sizedetails_total,mts_details_mrd,2014,36.49
ecu,sex_f,est_sizedetails_total,mts_details_mrd,2015,35.85
ecu,sex_f,est_sizedetails_total,mts_details_mrd,2016,34.44
ecu,sex_f,est_sizedetails_total,mts_details_mrd,2017,34.12
ecu,sex_f,est_sizedetails_total,mts_details_mrd,2018,34.88
ecu,sex_f,est_sizedetails_total,mts_details_mrd,2019,34.41
ecu,sex_f,est_sizedetails_total,mts_details_mrd,2021,32.26
ecu,sex_f,est_sizedetails_total,mts_details_mrd,2022,31.46
ecu,sex_f,est_sizedetails_total,mts_details_mrd,2023,32.7
ecu,sex_f,est_sizedetails_total,mts_details_mrd,2024,31.66
ecu,sex_f,est_sizedetails_total,mts_details_mrd,2025,32.37
ecu,sex_f,est_sizedetails_total,mts_details_sep,2013,37.45
ecu,sex_f,est_sizedetails_total,mts_details_sep,2014,36.64
ecu,sex_f,est_sizedetails_total,mts_details_sep,2015,36.43
ecu,sex_f,est_sizedetails_total,mts_details_sep,2016,34.59
ecu,sex_f,est_sizedetails_total,mts_details_sep,2017,34.39
ecu,sex_f,est_sizedetails_total,mts_details_sep,2018,35.2
ecu,sex_f,est_sizedetails_total,mts_details_sep,2019,34.61
ecu,sex_f,est_sizedetails_total,mts_details_sep,2021,31.43
ecu,sex_f,est_sizedetails_total,mts_details_sep,2022,30.8
ecu,sex_f,est_sizedetails_total,mts_details_sep,2023,31.89
ecu,sex_f,est_sizedetails_total,mts_details_sep,2024,31.05
ecu,sex_f,est_sizedetails_total,mts_details_sep,2025,31.49
ecu,sex_f,est_sizedetails_total,mts_details_sgle,2013,36.77
ecu,sex_f,est_sizedetails_total,mts_details_sgle,2014,36.53
ecu,sex_f,est_sizedetails_total,mts_details_sgle,2015,34.81
ecu,sex_f,est_sizedetails_total,mts_details_sgle,2016,32.5
ecu,sex_f,est_sizedetails_total,mts_details_sgle,2017,32
ecu,sex_f,est_sizedetails_total,mts_details_sgle,2018,32.88
ecu,sex_f,est_sizedetails_total,mts_details_sgle,2019,32.62
ecu,sex_f,est_sizedetails_total,mts_details_sgle,2021,30.49
ecu,sex_f,est_sizedetails_total,mts_details_sgle,2022,29.93
ecu,sex_f,est_sizedetails_total,mts_details_sgle,2023,30.8
ecu,sex_f,est_sizedetails_total,mts_details_sgle,2024,30.6
ecu,sex_f,est_sizedetails_total,mts_details_sgle,2025,30.93
ecu,sex_f,est_sizedetails_total,mts_details_total,2013,36.58
ecu,sex_f,est_sizedetails_total,mts_details_total,2014,36.03
ecu,sex_f,est_sizedetails_total,mts_details_total,2015,35.03
ecu,sex_f,est_sizedetails_total,mts_details_total,2016,33.08
ecu,sex_f,est_sizedetails_total,mts_details_total,2017,32.85
ecu,sex_f,est_sizedetails_total,mts_details_total,2018,33.64
ecu,sex_f,est_sizedetails_total,mts_details_total,2019,33.09
ecu,sex_f,est_sizedetails_total,mts_details_total,2021,30.76
ecu,sex_f,est_sizedetails_total,mts_details_total,2022,30.22
ecu,sex_f,est_sizedetails_total,mts_details_total,2023,31.37
ecu,sex_f,est_sizedetails_total,mts_details_total,2024,30.46
ecu,sex_f,est_sizedetails_total,mts_details_total,2025,31.03
ecu,sex_f,est_sizedetails_total,mts_details_union,2013,35.84
ecu,sex_f,est_sizedetails_total,mts_details_union,2014,34.54
ecu,sex_f,est_sizedetails_total,mts_details_union,2015,33.23
ecu,sex_f,est_sizedetails_total,mts_details_union,2016,30.78
ecu,sex_f,est_sizedetails_total,mts_details_union,2017,30.9
ecu,sex_f,est_sizedetails_total,mts_details_union,2018,31.88
ecu,sex_f,est_sizedetails_total,mts_details_union,2019,30.98
ecu,sex_f,est_sizedetails_total,mts_details_union,2021,29.05
ecu,sex_f,est_sizedetails_total,mts_details_union,2022,29.16
ecu,sex_f,est_sizedetails_total,mts_details_union,2023,30.91
ecu,sex_f,est_sizedetails_total,mts_details_union,2024,28.98
ecu,sex_f,est_sizedetails_total,mts_details_union,2025,29.73
ecu,sex_f,est_sizedetails_total,mts_details_wid,2013,33.61
ecu,sex_f,est_sizedetails_total,mts_details_wid,2014,33.3
ecu,sex_f,est_sizedetails_total,mts_details_wid,2015,32.16
ecu,sex_f,est_sizedetails_total,mts_details_wid,2016,30.17
ecu,sex_f,est_sizedetails_total,mts_details_wid,2017,30.58
ecu,sex_f,est_sizedetails_total,mts_details_wid,2018,30.19
ecu,sex_f,est_sizedetails_total,mts_details_wid,2019,29.46
ecu,sex_f,est_sizedetails_total,mts_details_wid,2021,27.32
ecu,sex_f,est_sizedetails_total,mts_details_wid,2022,26.19
ecu,sex_f,est_sizedetails_total,mts_details_wid,2023,26.39
ecu,sex_f,est_sizedetails_total,mts_details_wid,2024,26.68
ecu,sex_f,est_sizedetails_total,mts_details_wid,2025,27.62
ecu,sex_f,est_sizedetails_x,mts_aggregate_1,2013,41.76
ecu,sex_f,est_sizedetails_x,mts_aggregate_1,2014,40.94
ecu,sex_f,est_sizedetails_x,mts_aggregate_1,2015,40.36
ecu,sex_f,est_sizedetails_x,mts_aggregate_1,2016,40.05
ecu,sex_f,est_sizedetails_x,mts_aggregate_1,2017,40.59
ecu,sex_f,est_sizedetails_x,mts_aggregate_1,2018,40.14
ecu,sex_f,est_sizedetails_x,mts_aggregate_1,2019,39.48
ecu,sex_f,est_sizedetails_x,mts_aggregate_1,2021,40.32
ecu,sex_f,est_sizedetails_x,mts_aggregate_1,2022,40
ecu,sex_f,est_sizedetails_x,mts_aggregate_1,2023,39.57
ecu,sex_f,est_sizedetails_x,mts_aggregate_1,2024,38.67
ecu,sex_f,est_sizedetails_x,mts_aggregate_1,2025,38.67
ecu,sex_f,est_sizedetails_x,mts_aggregate_2,2013,40.83
ecu,sex_f,est_sizedetails_x,mts_aggregate_2,2014,40.05
ecu,sex_f,est_sizedetails_x,mts_aggregate_2,2015,40.74
ecu,sex_f,est_sizedetails_x,mts_aggregate_2,2016,41.12
ecu,sex_f,est_sizedetails_x,mts_aggregate_2,2017,39.62
ecu,sex_f,est_sizedetails_x,mts_aggregate_2,2018,41.2
ecu,sex_f,est_sizedetails_x,mts_aggregate_2,2019,38.63
ecu,sex_f,est_sizedetails_x,mts_aggregate_2,2021,39.92
ecu,sex_f,est_sizedetails_x,mts_aggregate_2,2022,37.7
ecu,sex_f,est_sizedetails_x,mts_aggregate_2,2023,40.5
ecu,sex_f,est_sizedetails_x,mts_aggregate_2,2024,38.8
ecu,sex_f,est_sizedetails_x,mts_aggregate_2,2025,39.14
ecu,sex_f,est_sizedetails_x,mts_aggregate_total,2013,41.36
ecu,sex_f,est_sizedetails_x,mts_aggregate_total,2014,40.51
ecu,sex_f,est_sizedetails_x,mts_aggregate_total,2015,40.57
ecu,sex_f,est_sizedetails_x,mts_aggregate_total,2016,40.56
ecu,sex_f,est_sizedetails_x,mts_aggregate_total,2017,40.07
ecu,sex_f,est_sizedetails_x,mts_aggregate_total,2018,40.64
ecu,sex_f,est_sizedetails_x,mts_aggregate_total,2019,39.06
ecu,sex_f,est_sizedetails_x,mts_aggregate_total,2021,40.12
ecu,sex_f,est_sizedetails_x,mts_aggregate_total,2022,38.86
ecu,sex_f,est_sizedetails_x,mts_aggregate_total,2023,40.04
ecu,sex_f,est_sizedetails_x,mts_aggregate_total,2024,38.73
ecu,sex_f,est_sizedetails_x,mts_aggregate_total,2025,38.88
ecu,sex_f,est_sizedetails_x,mts_details_mrd,2013,40.54
ecu,sex_f,est_sizedetails_x,mts_details_mrd,2014,39.62
ecu,sex_f,est_sizedetails_x,mts_details_mrd,2015,41.36
ecu,sex_f,est_sizedetails_x,mts_details_mrd,2016,41.22
ecu,sex_f,est_sizedetails_x,mts_details_mrd,2017,40.5
ecu,sex_f,est_sizedetails_x,mts_details_mrd,2018,41.25
ecu,sex_f,est_sizedetails_x,mts_details_mrd,2019,38.92
ecu,sex_f,est_sizedetails_x,mts_details_mrd,2021,39.89
ecu,sex_f,est_sizedetails_x,mts_details_mrd,2022,40.44
ecu,sex_f,est_sizedetails_x,mts_details_mrd,2023,40.67
ecu,sex_f,est_sizedetails_x,mts_details_mrd,2024,37.6
ecu,sex_f,est_sizedetails_x,mts_details_mrd,2025,39.37
ecu,sex_f,est_sizedetails_x,mts_details_sep,2013,42.93
ecu,sex_f,est_sizedetails_x,mts_details_sep,2014,41.24
ecu,sex_f,est_sizedetails_x,mts_details_sep,2015,40.45
ecu,sex_f,est_sizedetails_x,mts_details_sep,2016,41.18
ecu,sex_f,est_sizedetails_x,mts_details_sep,2017,41.03
ecu,sex_f,est_sizedetails_x,mts_details_sep,2018,39.72
ecu,sex_f,est_sizedetails_x,mts_details_sep,2019,40.49
ecu,sex_f,est_sizedetails_x,mts_details_sep,2021,41.47
ecu,sex_f,est_sizedetails_x,mts_details_sep,2022,41.01
ecu,sex_f,est_sizedetails_x,mts_details_sep,2023,39.31
ecu,sex_f,est_sizedetails_x,mts_details_sep,2024,40.36
ecu,sex_f,est_sizedetails_x,mts_details_sep,2025,38.99
ecu,sex_f,est_sizedetails_x,mts_details_sgle,2013,41.41
ecu,sex_f,est_sizedetails_x,mts_details_sgle,2014,41.12
ecu,sex_f,est_sizedetails_x,mts_details_sgle,2015,40.51
ecu,sex_f,est_sizedetails_x,mts_details_sgle,2016,39.14
ecu,sex_f,est_sizedetails_x,mts_details_sgle,2017,40.7
ecu,sex_f,est_sizedetails_x,mts_details_sgle,2018,40.7
ecu,sex_f,est_sizedetails_x,mts_details_sgle,2019,39.35
ecu,sex_f,est_sizedetails_x,mts_details_sgle,2021,39.35
ecu,sex_f,est_sizedetails_x,mts_details_sgle,2022,39.39
ecu,sex_f,est_sizedetails_x,mts_details_sgle,2023,39.65
ecu,sex_f,est_sizedetails_x,mts_details_sgle,2024,37.21
ecu,sex_f,est_sizedetails_x,mts_details_sgle,2025,38.86
ecu,sex_f,est_sizedetails_x,mts_details_total,2013,41.36
ecu,sex_f,est_sizedetails_x,mts_details_total,2014,40.51
ecu,sex_f,est_sizedetails_x,mts_details_total,2015,40.57
ecu,sex_f,est_sizedetails_x,mts_details_total,2016,40.56
ecu,sex_f,est_sizedetails_x,mts_details_total,2017,40.07
ecu,sex_f,est_sizedetails_x,mts_details_total,2018,40.64
ecu,sex_f,est_sizedetails_x,mts_details_total,2019,39.06
ecu,sex_f,est_sizedetails_x,mts_details_total,2021,40.12
ecu,sex_f,est_sizedetails_x,mts_details_total,2022,38.86
ecu,sex_f,est_sizedetails_x,mts_details_total,2023,40.04
ecu,sex_f,est_sizedetails_x,mts_details_total,2024,38.73
ecu,sex_f,est_sizedetails_x,mts_details_total,2025,38.88
ecu,sex_f,est_sizedetails_x,mts_details_union,2013,41.6
ecu,sex_f,est_sizedetails_x,mts_details_union,2014,40.96
ecu,sex_f,est_sizedetails_x,mts_details_union,2015,39.7
ecu,sex_f,est_sizedetails_x,mts_details_union,2016,40.96
ecu,sex_f,est_sizedetails_x,mts_details_union,2017,38.14
ecu,sex_f,est_sizedetails_x,mts_details_union,2018,41.09
ecu,sex_f,est_sizedetails_x,mts_details_union,2019,38.07
ecu,sex_f,est_sizedetails_x,mts_details_union,2021,39.96
ecu,sex_f,est_sizedetails_x,mts_details_union,2022,34.27
ecu,sex_f,est_sizedetails_x,mts_details_union,2023,40.2
ecu,sex_f,est_sizedetails_x,mts_details_union,2024,41.01
ecu,sex_f,est_sizedetails_x,mts_details_union,2025,38.87
ecu,sex_f,est_sizedetails_x,mts_details_wid,2013,38.33
ecu,sex_f,est_sizedetails_x,mts_details_wid,2014,36.91
ecu,sex_f,est_sizedetails_x,mts_details_wid,2015,36.89
ecu,sex_f,est_sizedetails_x,mts_details_wid,2016,41.49
ecu,sex_f,est_sizedetails_x,mts_details_wid,2017,31.63
ecu,sex_f,est_sizedetails_x,mts_details_wid,2018,35.79
ecu,sex_f,est_sizedetails_x,mts_details_wid,2019,34.09
ecu,sex_f,est_sizedetails_x,mts_details_wid,2021,41.74
ecu,sex_f,est_sizedetails_x,mts_details_wid,2022,37.36
ecu,sex_f,est_sizedetails_x,mts_details_wid,2023,42.35
ecu,sex_f,est_sizedetails_x,mts_details_wid,2024,40.88
ecu,sex_f,est_sizedetails_x,mts_details_wid,2025,30.36
ecu,sex_m,est_sizeaggregate_s1_4,mts_aggregate_1,2013,37.15
ecu,sex_m,est_sizeaggregate_s1_4,mts_aggregate_1,2014,36.65
ecu,sex_m,est_sizeaggregate_s1_4,mts_aggregate_1,2015,35.45
ecu,sex_m,est_sizeaggregate_s1_4,mts_aggregate_1,2016,33.46
ecu,sex_m,est_sizeaggregate_s1_4,mts_aggregate_1,2017,33.31
ecu,sex_m,est_sizeaggregate_s1_4,mts_aggregate_1,2018,33.81
ecu,sex_m,est_sizeaggregate_s1_4,mts_aggregate_1,2019,33.04
ecu,sex_m,est_sizeaggregate_s1_4,mts_aggregate_1,2021,31.2
ecu,sex_m,est_sizeaggregate_s1_4,mts_aggregate_1,2022,31
ecu,sex_m,est_sizeaggregate_s1_4,mts_aggregate_1,2023,31.51
ecu,sex_m,est_sizeaggregate_s1_4,mts_aggregate_1,2024,30.66
ecu,sex_m,est_sizeaggregate_s1_4,mts_aggregate_1,2025,31.05
ecu,sex_m,est_sizeaggregate_s1_4,mts_aggregate_2,2013,43.16
ecu,sex_m,est_sizeaggregate_s1_4,mts_aggregate_2,2014,41.94
ecu,sex_m,est_sizeaggregate_s1_4,mts_aggregate_2,2015,41.84
ecu,sex_m,est_sizeaggregate_s1_4,mts_aggregate_2,2016,40.96
ecu,sex_m,est_sizeaggregate_s1_4,mts_aggregate_2,2017,41.26
ecu,sex_m,est_sizeaggregate_s1_4,mts_aggregate_2,2018,40.89
ecu,sex_m,est_sizeaggregate_s1_4,mts_aggregate_2,2019,39.96
ecu,sex_m,est_sizeaggregate_s1_4,mts_aggregate_2,2021,37.19
ecu,sex_m,est_sizeaggregate_s1_4,mts_aggregate_2,2022,36.95
ecu,sex_m,est_sizeaggregate_s1_4,mts_aggregate_2,2023,37.72
ecu,sex_m,est_sizeaggregate_s1_4,mts_aggregate_2,2024,35.97
ecu,sex_m,est_sizeaggregate_s1_4,mts_aggregate_2,2025,36.6
ecu,sex_m,est_sizeaggregate_s1_4,mts_aggregate_total,2013,41
ecu,sex_m,est_sizeaggregate_s1_4,mts_aggregate_total,2014,40.24
ecu,sex_m,est_sizeaggregate_s1_4,mts_aggregate_total,2015,39.81
ecu,sex_m,est_sizeaggregate_s1_4,mts_aggregate_total,2016,38.5
ecu,sex_m,est_sizeaggregate_s1_4,mts_aggregate_total,2017,38.56
ecu,sex_m,est_sizeaggregate_s1_4,mts_aggregate_total,2018,38.4
ecu,sex_m,est_sizeaggregate_s1_4,mts_aggregate_total,2019,37.43
ecu,sex_m,est_sizeaggregate_s1_4,mts_aggregate_total,2021,34.85
ecu,sex_m,est_sizeaggregate_s1_4,mts_aggregate_total,2022,34.61
ecu,sex_m,est_sizeaggregate_s1_4,mts_aggregate_total,2023,35.32
ecu,sex_m,est_sizeaggregate_s1_4,mts_aggregate_total,2024,33.87
ecu,sex_m,est_sizeaggregate_s1_4,mts_aggregate_total,2025,34.42
ecu,sex_m,est_sizeaggregate_s1_4,mts_details_mrd,2013,43.5
ecu,sex_m,est_sizeaggregate_s1_4,mts_details_mrd,2014,42.25
ecu,sex_m,est_sizeaggregate_s1_4,mts_details_mrd,2015,42.34
ecu,sex_m,est_sizeaggregate_s1_4,mts_details_mrd,2016,41.16
ecu,sex_m,est_sizeaggregate_s1_4,mts_details_mrd,2017,41.28
ecu,sex_m,est_sizeaggregate_s1_4,mts_details_mrd,2018,41.14
ecu,sex_m,est_sizeaggregate_s1_4,mts_details_mrd,2019,40.15
ecu,sex_m,est_sizeaggregate_s1_4,mts_details_mrd,2021,37.52
ecu,sex_m,est_sizeaggregate_s1_4,mts_details_mrd,2022,37.32
ecu,sex_m,est_sizeaggregate_s1_4,mts_details_mrd,2023,38.01
ecu,sex_m,est_sizeaggregate_s1_4,mts_details_mrd,2024,36.32
ecu,sex_m,est_sizeaggregate_s1_4,mts_details_mrd,2025,36.93
ecu,sex_m,est_sizeaggregate_s1_4,mts_details_sep,2013,40.4
ecu,sex_m,est_sizeaggregate_s1_4,mts_details_sep,2014,39.47
ecu,sex_m,est_sizeaggregate_s1_4,mts_details_sep,2015,39.97
ecu,sex_m,est_sizeaggregate_s1_4,mts_details_sep,2016,37.51
ecu,sex_m,est_sizeaggregate_s1_4,mts_details_sep,2017,37.01
ecu,sex_m,est_sizeaggregate_s1_4,mts_details_sep,2018,38.02
ecu,sex_m,est_sizeaggregate_s1_4,mts_details_sep,2019,37.36
ecu,sex_m,est_sizeaggregate_s1_4,mts_details_sep,2021,34.66
ecu,sex_m,est_sizeaggregate_s1_4,mts_details_sep,2022,34.81
ecu,sex_m,est_sizeaggregate_s1_4,mts_details_sep,2023,35.31
ecu,sex_m,est_sizeaggregate_s1_4,mts_details_sep,2024,34.8
ecu,sex_m,est_sizeaggregate_s1_4,mts_details_sep,2025,34.24
ecu,sex_m,est_sizeaggregate_s1_4,mts_details_sgle,2013,36.36
ecu,sex_m,est_sizeaggregate_s1_4,mts_details_sgle,2014,35.94
ecu,sex_m,est_sizeaggregate_s1_4,mts_details_sgle,2015,34.43
ecu,sex_m,est_sizeaggregate_s1_4,mts_details_sgle,2016,32.49
ecu,sex_m,est_sizeaggregate_s1_4,mts_details_sgle,2017,32.48
ecu,sex_m,est_sizeaggregate_s1_4,mts_details_sgle,2018,32.63
ecu,sex_m,est_sizeaggregate_s1_4,mts_details_sgle,2019,32.05
ecu,sex_m,est_sizeaggregate_s1_4,mts_details_sgle,2021,30.15
ecu,sex_m,est_sizeaggregate_s1_4,mts_details_sgle,2022,29.94
ecu,sex_m,est_sizeaggregate_s1_4,mts_details_sgle,2023,30.65
ecu,sex_m,est_sizeaggregate_s1_4,mts_details_sgle,2024,29.67
ecu,sex_m,est_sizeaggregate_s1_4,mts_details_sgle,2025,30.1
ecu,sex_m,est_sizeaggregate_s1_4,mts_details_total,2013,41
ecu,sex_m,est_sizeaggregate_s1_4,mts_details_total,2014,40.24
ecu,sex_m,est_sizeaggregate_s1_4,mts_details_total,2015,39.81
ecu,sex_m,est_sizeaggregate_s1_4,mts_details_total,2016,38.5
ecu,sex_m,est_sizeaggregate_s1_4,mts_details_total,2017,38.56
ecu,sex_m,est_sizeaggregate_s1_4,mts_details_total,2018,38.4
ecu,sex_m,est_sizeaggregate_s1_4,mts_details_total,2019,37.43
ecu,sex_m,est_sizeaggregate_s1_4,mts_details_total,2021,34.85
ecu,sex_m,est_sizeaggregate_s1_4,mts_details_total,2022,34.61
ecu,sex_m,est_sizeaggregate_s1_4,mts_details_total,2023,35.32
ecu,sex_m,est_sizeaggregate_s1_4,mts_details_total,2024,33.87
ecu,sex_m,est_sizeaggregate_s1_4,mts_details_total,2025,34.42
ecu,sex_m,est_sizeaggregate_s1_4,mts_details_union,2013,42.52
ecu,sex_m,est_sizeaggregate_s1_4,mts_details_union,2014,41.45
ecu,sex_m,est_sizeaggregate_s1_4,mts_details_union,2015,41.13
ecu,sex_m,est_sizeaggregate_s1_4,mts_details_union,2016,40.69
ecu,sex_m,est_sizeaggregate_s1_4,mts_details_union,2017,41.22
ecu,sex_m,est_sizeaggregate_s1_4,mts_details_union,2018,40.57
ecu,sex_m,est_sizeaggregate_s1_4,mts_details_union,2019,39.71
ecu,sex_m,est_sizeaggregate_s1_4,mts_details_union,2021,36.8
ecu,sex_m,est_sizeaggregate_s1_4,mts_details_union,2022,36.49
ecu,sex_m,est_sizeaggregate_s1_4,mts_details_union,2023,37.35
ecu,sex_m,est_sizeaggregate_s1_4,mts_details_union,2024,35.57
ecu,sex_m,est_sizeaggregate_s1_4,mts_details_union,2025,36.26
ecu,sex_m,est_sizeaggregate_s1_4,mts_details_wid,2013,36.95
ecu,sex_m,est_sizeaggregate_s1_4,mts_details_wid,2014,36.01
ecu,sex_m,est_sizeaggregate_s1_4,mts_details_wid,2015,34.3
ecu,sex_m,est_sizeaggregate_s1_4,mts_details_wid,2016,32.96
ecu,sex_m,est_sizeaggregate_s1_4,mts_details_wid,2017,31.78
ecu,sex_m,est_sizeaggregate_s1_4,mts_details_wid,2018,34.28
ecu,sex_m,est_sizeaggregate_s1_4,mts_details_wid,2019,31.56
ecu,sex_m,est_sizeaggregate_s1_4,mts_details_wid,2021,31.02
ecu,sex_m,est_sizeaggregate_s1_4,mts_details_wid,2022,29.76
ecu,sex_m,est_sizeaggregate_s1_4,mts_details_wid,2023,28.36
ecu,sex_m,est_sizeaggregate_s1_4,mts_details_wid,2024,29.06
ecu,sex_m,est_sizeaggregate_s1_4,mts_details_wid,2025,30.53
ecu,sex_m,est_sizeaggregate_s5_49,mts_aggregate_1,2013,39.07
ecu,sex_m,est_sizeaggregate_s5_49,mts_aggregate_1,2014,39.16
ecu,sex_m,est_sizeaggregate_s5_49,mts_aggregate_1,2015,37.55
ecu,sex_m,est_sizeaggregate_s5_49,mts_aggregate_1,2016,35.86
ecu,sex_m,est_sizeaggregate_s5_49,mts_aggregate_1,2017,35.01
ecu,sex_m,est_sizeaggregate_s5_49,mts_aggregate_1,2018,35.78
ecu,sex_m,est_sizeaggregate_s5_49,mts_aggregate_1,2019,34.24
ecu,sex_m,est_sizeaggregate_s5_49,mts_aggregate_1,2021,33.11
ecu,sex_m,est_sizeaggregate_s5_49,mts_aggregate_1,2022,32.15
ecu,sex_m,est_sizeaggregate_s5_49,mts_aggregate_1,2023,33.48
ecu,sex_m,est_sizeaggregate_s5_49,mts_aggregate_1,2024,32.19
ecu,sex_m,est_sizeaggregate_s5_49,mts_aggregate_1,2025,32.73
ecu,sex_m,est_sizeaggregate_s5_49,mts_aggregate_2,2013,43.85
ecu,sex_m,est_sizeaggregate_s5_49,mts_aggregate_2,2014,43.12
ecu,sex_m,est_sizeaggregate_s5_49,mts_aggregate_2,2015,43.03
ecu,sex_m,est_sizeaggregate_s5_49,mts_aggregate_2,2016,43.36
ecu,sex_m,est_sizeaggregate_s5_49,mts_aggregate_2,2017,42.57
ecu,sex_m,est_sizeaggregate_s5_49,mts_aggregate_2,2018,42.51
ecu,sex_m,est_sizeaggregate_s5_49,mts_aggregate_2,2019,41.9
ecu,sex_m,est_sizeaggregate_s5_49,mts_aggregate_2,2021,39.01
ecu,sex_m,est_sizeaggregate_s5_49,mts_aggregate_2,2022,39.04
ecu,sex_m,est_sizeaggregate_s5_49,mts_aggregate_2,2023,39.95
ecu,sex_m,est_sizeaggregate_s5_49,mts_aggregate_2,2024,37.01
ecu,sex_m,est_sizeaggregate_s5_49,mts_aggregate_2,2025,37.98
ecu,sex_m,est_sizeaggregate_s5_49,mts_aggregate_total,2013,41.84
ecu,sex_m,est_sizeaggregate_s5_49,mts_aggregate_total,2014,41.62
ecu,sex_m,est_sizeaggregate_s5_49,mts_aggregate_total,2015,41.1
ecu,sex_m,est_sizeaggregate_s5_49,mts_aggregate_total,2016,40.62
ecu,sex_m,est_sizeaggregate_s5_49,mts_aggregate_total,2017,39.72
ecu,sex_m,est_sizeaggregate_s5_49,mts_aggregate_total,2018,39.81
ecu,sex_m,est_sizeaggregate_s5_49,mts_aggregate_total,2019,38.74
ecu,sex_m,est_sizeaggregate_s5_49,mts_aggregate_total,2021,36.45
ecu,sex_m,est_sizeaggregate_s5_49,mts_aggregate_total,2022,35.89
ecu,sex_m,est_sizeaggregate_s5_49,mts_aggregate_total,2023,37.11
ecu,sex_m,est_sizeaggregate_s5_49,mts_aggregate_total,2024,34.89
ecu,sex_m,est_sizeaggregate_s5_49,mts_aggregate_total,2025,35.54
ecu,sex_m,est_sizeaggregate_s5_49,mts_details_mrd,2013,44.21
ecu,sex_m,est_sizeaggregate_s5_49,mts_details_mrd,2014,43.62
ecu,sex_m,est_sizeaggregate_s5_49,mts_details_mrd,2015,43.51
ecu,sex_m,est_sizeaggregate_s5_49,mts_details_mrd,2016,43.51
ecu,sex_m,est_sizeaggregate_s5_49,mts_details_mrd,2017,42.93
ecu,sex_m,est_sizeaggregate_s5_49,mts_details_mrd,2018,43.07
ecu,sex_m,est_sizeaggregate_s5_49,mts_details_mrd,2019,43.06
ecu,sex_m,est_sizeaggregate_s5_49,mts_details_mrd,2021,40.31
ecu,sex_m,est_sizeaggregate_s5_49,mts_details_mrd,2022,39.61
ecu,sex_m,est_sizeaggregate_s5_49,mts_details_mrd,2023,40.44
ecu,sex_m,est_sizeaggregate_s5_49,mts_details_mrd,2024,37.77
ecu,sex_m,est_sizeaggregate_s5_49,mts_details_mrd,2025,38.55
ecu,sex_m,est_sizeaggregate_s5_49,mts_details_sep,2013,41.76
ecu,sex_m,est_sizeaggregate_s5_49,mts_details_sep,2014,41.97
ecu,sex_m,est_sizeaggregate_s5_49,mts_details_sep,2015,41.7
ecu,sex_m,est_sizeaggregate_s5_49,mts_details_sep,2016,41.19
ecu,sex_m,est_sizeaggregate_s5_49,mts_details_sep,2017,41.94
ecu,sex_m,est_sizeaggregate_s5_49,mts_details_sep,2018,42.63
ecu,sex_m,est_sizeaggregate_s5_49,mts_details_sep,2019,39.57
ecu,sex_m,est_sizeaggregate_s5_49,mts_details_sep,2021,36.24
ecu,sex_m,est_sizeaggregate_s5_49,mts_details_sep,2022,36.2
ecu,sex_m,est_sizeaggregate_s5_49,mts_details_sep,2023,37.88
ecu,sex_m,est_sizeaggregate_s5_49,mts_details_sep,2024,36.95
ecu,sex_m,est_sizeaggregate_s5_49,mts_details_sep,2025,38.85
ecu,sex_m,est_sizeaggregate_s5_49,mts_details_sgle,2013,38.67
ecu,sex_m,est_sizeaggregate_s5_49,mts_details_sgle,2014,38.75
ecu,sex_m,est_sizeaggregate_s5_49,mts_details_sgle,2015,36.88
ecu,sex_m,est_sizeaggregate_s5_49,mts_details_sgle,2016,35.04
ecu,sex_m,est_sizeaggregate_s5_49,mts_details_sgle,2017,33.98
ecu,sex_m,est_sizeaggregate_s5_49,mts_details_sgle,2018,34.58
ecu,sex_m,est_sizeaggregate_s5_49,mts_details_sgle,2019,33.39
ecu,sex_m,est_sizeaggregate_s5_49,mts_details_sgle,2021,32.48
ecu,sex_m,est_sizeaggregate_s5_49,mts_details_sgle,2022,31.46
ecu,sex_m,est_sizeaggregate_s5_49,mts_details_sgle,2023,32.91
ecu,sex_m,est_sizeaggregate_s5_49,mts_details_sgle,2024,31.55
ecu,sex_m,est_sizeaggregate_s5_49,mts_details_sgle,2025,31.71
ecu,sex_m,est_sizeaggregate_s5_49,mts_details_total,2013,41.84
ecu,sex_m,est_sizeaggregate_s5_49,mts_details_total,2014,41.62
ecu,sex_m,est_sizeaggregate_s5_49,mts_details_total,2015,41.1
ecu,sex_m,est_sizeaggregate_s5_49,mts_details_total,2016,40.62
ecu,sex_m,est_sizeaggregate_s5_49,mts_details_total,2017,39.72
ecu,sex_m,est_sizeaggregate_s5_49,mts_details_total,2018,39.81
ecu,sex_m,est_sizeaggregate_s5_49,mts_details_total,2019,38.74
ecu,sex_m,est_sizeaggregate_s5_49,mts_details_total,2021,36.45
ecu,sex_m,est_sizeaggregate_s5_49,mts_details_total,2022,35.89
ecu,sex_m,est_sizeaggregate_s5_49,mts_details_total,2023,37.11
ecu,sex_m,est_sizeaggregate_s5_49,mts_details_total,2024,34.89
ecu,sex_m,est_sizeaggregate_s5_49,mts_details_total,2025,35.54
ecu,sex_m,est_sizeaggregate_s5_49,mts_details_union,2013,43.36
ecu,sex_m,est_sizeaggregate_s5_49,mts_details_union,2014,42.57
ecu,sex_m,est_sizeaggregate_s5_49,mts_details_union,2015,42.53
ecu,sex_m,est_sizeaggregate_s5_49,mts_details_union,2016,43.18
ecu,sex_m,est_sizeaggregate_s5_49,mts_details_union,2017,42.21
ecu,sex_m,est_sizeaggregate_s5_49,mts_details_union,2018,41.99
ecu,sex_m,est_sizeaggregate_s5_49,mts_details_union,2019,40.72
ecu,sex_m,est_sizeaggregate_s5_49,mts_details_union,2021,37.93
ecu,sex_m,est_sizeaggregate_s5_49,mts_details_union,2022,38.56
ecu,sex_m,est_sizeaggregate_s5_49,mts_details_union,2023,39.47
ecu,sex_m,est_sizeaggregate_s5_49,mts_details_union,2024,36.37
ecu,sex_m,est_sizeaggregate_s5_49,mts_details_union,2025,37.55
ecu,sex_m,est_sizeaggregate_s5_49,mts_details_wid,2013,40.03
ecu,sex_m,est_sizeaggregate_s5_49,mts_details_wid,2014,38.11
ecu,sex_m,est_sizeaggregate_s5_49,mts_details_wid,2015,39.46
ecu,sex_m,est_sizeaggregate_s5_49,mts_details_wid,2016,38.01
ecu,sex_m,est_sizeaggregate_s5_49,mts_details_wid,2017,35.48
ecu,sex_m,est_sizeaggregate_s5_49,mts_details_wid,2018,36.61
ecu,sex_m,est_sizeaggregate_s5_49,mts_details_wid,2019,36.59
ecu,sex_m,est_sizeaggregate_s5_49,mts_details_wid,2021,36.84
ecu,sex_m,est_sizeaggregate_s5_49,mts_details_wid,2022,36.32
ecu,sex_m,est_sizeaggregate_s5_49,mts_details_wid,2023,31.63
ecu,sex_m,est_sizeaggregate_s5_49,mts_details_wid,2024,31.75
ecu,sex_m,est_sizeaggregate_s5_49,mts_details_wid,2025,30.28
ecu,sex_m,est_sizeaggregate_sge50,mts_aggregate_1,2013,44.07
ecu,sex_m,est_sizeaggregate_sge50,mts_aggregate_1,2014,42.93
ecu,sex_m,est_sizeaggregate_sge50,mts_aggregate_1,2015,43.07
ecu,sex_m,est_sizeaggregate_sge50,mts_aggregate_1,2016,43.12
ecu,sex_m,est_sizeaggregate_sge50,mts_aggregate_1,2017,43.15
ecu,sex_m,est_sizeaggregate_sge50,mts_aggregate_1,2018,42.47
ecu,sex_m,est_sizeaggregate_sge50,mts_aggregate_1,2019,41.84
ecu,sex_m,est_sizeaggregate_sge50,mts_aggregate_1,2021,41.55
ecu,sex_m,est_sizeaggregate_sge50,mts_aggregate_1,2022,41.65
ecu,sex_m,est_sizeaggregate_sge50,mts_aggregate_1,2023,41.08
ecu,sex_m,est_sizeaggregate_sge50,mts_aggregate_1,2024,40.61
ecu,sex_m,est_sizeaggregate_sge50,mts_aggregate_1,2025,40.55
ecu,sex_m,est_sizeaggregate_sge50,mts_aggregate_2,2013,45.98
ecu,sex_m,est_sizeaggregate_sge50,mts_aggregate_2,2014,45.15
ecu,sex_m,est_sizeaggregate_sge50,mts_aggregate_2,2015,45.44
ecu,sex_m,est_sizeaggregate_sge50,mts_aggregate_2,2016,45.96
ecu,sex_m,est_sizeaggregate_sge50,mts_aggregate_2,2017,45.52
ecu,sex_m,est_sizeaggregate_sge50,mts_aggregate_2,2018,45.15
ecu,sex_m,est_sizeaggregate_sge50,mts_aggregate_2,2019,44.32
ecu,sex_m,est_sizeaggregate_sge50,mts_aggregate_2,2021,43.89
ecu,sex_m,est_sizeaggregate_sge50,mts_aggregate_2,2022,43.9
ecu,sex_m,est_sizeaggregate_sge50,mts_aggregate_2,2023,43.28
ecu,sex_m,est_sizeaggregate_sge50,mts_aggregate_2,2024,42.86
ecu,sex_m,est_sizeaggregate_sge50,mts_aggregate_2,2025,42.31
ecu,sex_m,est_sizeaggregate_sge50,mts_aggregate_total,2013,45.36
ecu,sex_m,est_sizeaggregate_sge50,mts_aggregate_total,2014,44.47
ecu,sex_m,est_sizeaggregate_sge50,mts_aggregate_total,2015,44.77
ecu,sex_m,est_sizeaggregate_sge50,mts_aggregate_total,2016,45.21
ecu,sex_m,est_sizeaggregate_sge50,mts_aggregate_total,2017,44.87
ecu,sex_m,est_sizeaggregate_sge50,mts_aggregate_total,2018,44.36
ecu,sex_m,est_sizeaggregate_sge50,mts_aggregate_total,2019,43.56
ecu,sex_m,est_sizeaggregate_sge50,mts_aggregate_total,2021,43.16
ecu,sex_m,est_sizeaggregate_sge50,mts_aggregate_total,2022,43.18
ecu,sex_m,est_sizeaggregate_sge50,mts_aggregate_total,2023,42.54
ecu,sex_m,est_sizeaggregate_sge50,mts_aggregate_total,2024,42.06
ecu,sex_m,est_sizeaggregate_sge50,mts_aggregate_total,2025,41.69
ecu,sex_m,est_sizeaggregate_sge50,mts_details_mrd,2013,45.18
ecu,sex_m,est_sizeaggregate_sge50,mts_details_mrd,2014,44.56
ecu,sex_m,est_sizeaggregate_sge50,mts_details_mrd,2015,44.94
ecu,sex_m,est_sizeaggregate_sge50,mts_details_mrd,2016,45.45
ecu,sex_m,est_sizeaggregate_sge50,mts_details_mrd,2017,45.01
ecu,sex_m,est_sizeaggregate_sge50,mts_details_mrd,2018,44.67
ecu,sex_m,est_sizeaggregate_sge50,mts_details_mrd,2019,43.79
ecu,sex_m,est_sizeaggregate_sge50,mts_details_mrd,2021,43.59
ecu,sex_m,est_sizeaggregate_sge50,mts_details_mrd,2022,43.7
ecu,sex_m,est_sizeaggregate_sge50,mts_details_mrd,2023,43.25
ecu,sex_m,est_sizeaggregate_sge50,mts_details_mrd,2024,42.81
ecu,sex_m,est_sizeaggregate_sge50,mts_details_mrd,2025,42.24
ecu,sex_m,est_sizeaggregate_sge50,mts_details_sep,2013,47.06
ecu,sex_m,est_sizeaggregate_sge50,mts_details_sep,2014,44.43
ecu,sex_m,est_sizeaggregate_sge50,mts_details_sep,2015,45.04
ecu,sex_m,est_sizeaggregate_sge50,mts_details_sep,2016,44.98
ecu,sex_m,est_sizeaggregate_sge50,mts_details_sep,2017,43.68
ecu,sex_m,est_sizeaggregate_sge50,mts_details_sep,2018,44.26
ecu,sex_m,est_sizeaggregate_sge50,mts_details_sep,2019,43.58
ecu,sex_m,est_sizeaggregate_sge50,mts_details_sep,2021,43.76
ecu,sex_m,est_sizeaggregate_sge50,mts_details_sep,2022,42.56
ecu,sex_m,est_sizeaggregate_sge50,mts_details_sep,2023,41.78
ecu,sex_m,est_sizeaggregate_sge50,mts_details_sep,2024,41.29
ecu,sex_m,est_sizeaggregate_sge50,mts_details_sep,2025,41.44
ecu,sex_m,est_sizeaggregate_sge50,mts_details_sgle,2013,43.32
ecu,sex_m,est_sizeaggregate_sge50,mts_details_sgle,2014,42.55
ecu,sex_m,est_sizeaggregate_sge50,mts_details_sgle,2015,42.59
ecu,sex_m,est_sizeaggregate_sge50,mts_details_sgle,2016,42.67
ecu,sex_m,est_sizeaggregate_sge50,mts_details_sgle,2017,42.95
ecu,sex_m,est_sizeaggregate_sge50,mts_details_sgle,2018,41.92
ecu,sex_m,est_sizeaggregate_sge50,mts_details_sgle,2019,41.39
ecu,sex_m,est_sizeaggregate_sge50,mts_details_sgle,2021,40.86
ecu,sex_m,est_sizeaggregate_sge50,mts_details_sgle,2022,41.48
ecu,sex_m,est_sizeaggregate_sge50,mts_details_sgle,2023,40.9
ecu,sex_m,est_sizeaggregate_sge50,mts_details_sgle,2024,40.47
ecu,sex_m,est_sizeaggregate_sge50,mts_details_sgle,2025,40.3
ecu,sex_m,est_sizeaggregate_sge50,mts_details_total,2013,45.36
ecu,sex_m,est_sizeaggregate_sge50,mts_details_total,2014,44.47
ecu,sex_m,est_sizeaggregate_sge50,mts_details_total,2015,44.77
ecu,sex_m,est_sizeaggregate_sge50,mts_details_total,2016,45.21
ecu,sex_m,est_sizeaggregate_sge50,mts_details_total,2017,44.87
ecu,sex_m,est_sizeaggregate_sge50,mts_details_total,2018,44.36
ecu,sex_m,est_sizeaggregate_sge50,mts_details_total,2019,43.56
ecu,sex_m,est_sizeaggregate_sge50,mts_details_total,2021,43.16
ecu,sex_m,est_sizeaggregate_sge50,mts_details_total,2022,43.18
ecu,sex_m,est_sizeaggregate_sge50,mts_details_total,2023,42.54
ecu,sex_m,est_sizeaggregate_sge50,mts_details_total,2024,42.06
ecu,sex_m,est_sizeaggregate_sge50,mts_details_total,2025,41.69
ecu,sex_m,est_sizeaggregate_sge50,mts_details_union,2013,47.58
ecu,sex_m,est_sizeaggregate_sge50,mts_details_union,2014,46.15
ecu,sex_m,est_sizeaggregate_sge50,mts_details_union,2015,46.22
ecu,sex_m,est_sizeaggregate_sge50,mts_details_union,2016,46.73
ecu,sex_m,est_sizeaggregate_sge50,mts_details_union,2017,46.33
ecu,sex_m,est_sizeaggregate_sge50,mts_details_union,2018,45.87
ecu,sex_m,est_sizeaggregate_sge50,mts_details_union,2019,45.16
ecu,sex_m,est_sizeaggregate_sge50,mts_details_union,2021,44.3
ecu,sex_m,est_sizeaggregate_sge50,mts_details_union,2022,44.17
ecu,sex_m,est_sizeaggregate_sge50,mts_details_union,2023,43.32
ecu,sex_m,est_sizeaggregate_sge50,mts_details_union,2024,42.92
ecu,sex_m,est_sizeaggregate_sge50,mts_details_union,2025,42.39
ecu,sex_m,est_sizeaggregate_sge50,mts_details_wid,2013,46.9
ecu,sex_m,est_sizeaggregate_sge50,mts_details_wid,2014,42.7
ecu,sex_m,est_sizeaggregate_sge50,mts_details_wid,2015,42.71
ecu,sex_m,est_sizeaggregate_sge50,mts_details_wid,2016,43.11
ecu,sex_m,est_sizeaggregate_sge50,mts_details_wid,2017,45.78
ecu,sex_m,est_sizeaggregate_sge50,mts_details_wid,2018,45.75
ecu,sex_m,est_sizeaggregate_sge50,mts_details_wid,2019,42.67
ecu,sex_m,est_sizeaggregate_sge50,mts_details_wid,2021,42.41
ecu,sex_m,est_sizeaggregate_sge50,mts_details_wid,2022,38.55
ecu,sex_m,est_sizeaggregate_sge50,mts_details_wid,2023,40.63
ecu,sex_m,est_sizeaggregate_sge50,mts_details_wid,2024,39.57
ecu,sex_m,est_sizeaggregate_sge50,mts_details_wid,2025,42.78
ecu,sex_m,est_sizeaggregate_total,mts_aggregate_1,2013,39.29
ecu,sex_m,est_sizeaggregate_total,mts_aggregate_1,2014,38.86
ecu,sex_m,est_sizeaggregate_total,mts_aggregate_1,2015,37.84
ecu,sex_m,est_sizeaggregate_total,mts_aggregate_1,2016,36.15
ecu,sex_m,est_sizeaggregate_total,mts_aggregate_1,2017,35.81
ecu,sex_m,est_sizeaggregate_total,mts_aggregate_1,2018,36.13
ecu,sex_m,est_sizeaggregate_total,mts_aggregate_1,2019,35.16
ecu,sex_m,est_sizeaggregate_total,mts_aggregate_1,2021,33.44
ecu,sex_m,est_sizeaggregate_total,mts_aggregate_1,2022,33.25
ecu,sex_m,est_sizeaggregate_total,mts_aggregate_1,2023,33.8
ecu,sex_m,est_sizeaggregate_total,mts_aggregate_1,2024,33.02
ecu,sex_m,est_sizeaggregate_total,mts_aggregate_1,2025,33.34
ecu,sex_m,est_sizeaggregate_total,mts_aggregate_2,2013,44.13
ecu,sex_m,est_sizeaggregate_total,mts_aggregate_2,2014,43.09
ecu,sex_m,est_sizeaggregate_total,mts_aggregate_2,2015,43.13
ecu,sex_m,est_sizeaggregate_total,mts_aggregate_2,2016,42.77
ecu,sex_m,est_sizeaggregate_total,mts_aggregate_2,2017,42.66
ecu,sex_m,est_sizeaggregate_total,mts_aggregate_2,2018,42.3
ecu,sex_m,est_sizeaggregate_total,mts_aggregate_2,2019,41.44
ecu,sex_m,est_sizeaggregate_total,mts_aggregate_2,2021,39.09
ecu,sex_m,est_sizeaggregate_total,mts_aggregate_2,2022,39.05
ecu,sex_m,est_sizeaggregate_total,mts_aggregate_2,2023,39.4
ecu,sex_m,est_sizeaggregate_total,mts_aggregate_2,2024,37.78
ecu,sex_m,est_sizeaggregate_total,mts_aggregate_2,2025,38.2
ecu,sex_m,est_sizeaggregate_total,mts_aggregate_total,2013,42.39
ecu,sex_m,est_sizeaggregate_total,mts_aggregate_total,2014,41.71
ecu,sex_m,est_sizeaggregate_total,mts_aggregate_total,2015,41.47
ecu,sex_m,est_sizeaggregate_total,mts_aggregate_total,2016,40.67
ecu,sex_m,est_sizeaggregate_total,mts_aggregate_total,2017,40.41
ecu,sex_m,est_sizeaggregate_total,mts_aggregate_total,2018,40.17
ecu,sex_m,est_sizeaggregate_total,mts_aggregate_total,2019,39.18
ecu,sex_m,est_sizeaggregate_total,mts_aggregate_total,2021,36.95
ecu,sex_m,est_sizeaggregate_total,mts_aggregate_total,2022,36.81
ecu,sex_m,est_sizeaggregate_total,mts_aggregate_total,2023,37.25
ecu,sex_m,est_sizeaggregate_total,mts_aggregate_total,2024,35.9
ecu,sex_m,est_sizeaggregate_total,mts_aggregate_total,2025,36.28
ecu,sex_m,est_sizeaggregate_total,mts_details_mrd,2013,44.14
ecu,sex_m,est_sizeaggregate_total,mts_details_mrd,2014,43.16
ecu,sex_m,est_sizeaggregate_total,mts_details_mrd,2015,43.33
ecu,sex_m,est_sizeaggregate_total,mts_details_mrd,2016,42.75
ecu,sex_m,est_sizeaggregate_total,mts_details_mrd,2017,42.61
ecu,sex_m,est_sizeaggregate_total,mts_details_mrd,2018,42.4
ecu,sex_m,est_sizeaggregate_total,mts_details_mrd,2019,41.59
ecu,sex_m,est_sizeaggregate_total,mts_details_mrd,2021,39.47
ecu,sex_m,est_sizeaggregate_total,mts_details_mrd,2022,39.34
ecu,sex_m,est_sizeaggregate_total,mts_details_mrd,2023,39.66
ecu,sex_m,est_sizeaggregate_total,mts_details_mrd,2024,38.17
ecu,sex_m,est_sizeaggregate_total,mts_details_mrd,2025,38.5
ecu,sex_m,est_sizeaggregate_total,mts_details_sep,2013,42.44
ecu,sex_m,est_sizeaggregate_total,mts_details_sep,2014,41.22
ecu,sex_m,est_sizeaggregate_total,mts_details_sep,2015,41.66
ecu,sex_m,est_sizeaggregate_total,mts_details_sep,2016,39.86
ecu,sex_m,est_sizeaggregate_total,mts_details_sep,2017,39.27
ecu,sex_m,est_sizeaggregate_total,mts_details_sep,2018,40.06
ecu,sex_m,est_sizeaggregate_total,mts_details_sep,2019,39.03
ecu,sex_m,est_sizeaggregate_total,mts_details_sep,2021,36.64
ecu,sex_m,est_sizeaggregate_total,mts_details_sep,2022,36.65
ecu,sex_m,est_sizeaggregate_total,mts_details_sep,2023,36.93
ecu,sex_m,est_sizeaggregate_total,mts_details_sep,2024,36.52
ecu,sex_m,est_sizeaggregate_total,mts_details_sep,2025,36.34
ecu,sex_m,est_sizeaggregate_total,mts_details_sgle,2013,38.67
ecu,sex_m,est_sizeaggregate_total,mts_details_sgle,2014,38.39
ecu,sex_m,est_sizeaggregate_total,mts_details_sgle,2015,37.08
ecu,sex_m,est_sizeaggregate_total,mts_details_sgle,2016,35.39
ecu,sex_m,est_sizeaggregate_total,mts_details_sgle,2017,35.12
ecu,sex_m,est_sizeaggregate_total,mts_details_sgle,2018,35.16
ecu,sex_m,est_sizeaggregate_total,mts_details_sgle,2019,34.36
ecu,sex_m,est_sizeaggregate_total,mts_details_sgle,2021,32.6
ecu,sex_m,est_sizeaggregate_total,mts_details_sgle,2022,32.44
ecu,sex_m,est_sizeaggregate_total,mts_details_sgle,2023,33.24
ecu,sex_m,est_sizeaggregate_total,mts_details_sgle,2024,32.36
ecu,sex_m,est_sizeaggregate_total,mts_details_sgle,2025,32.66
ecu,sex_m,est_sizeaggregate_total,mts_details_total,2013,42.39
ecu,sex_m,est_sizeaggregate_total,mts_details_total,2014,41.71
ecu,sex_m,est_sizeaggregate_total,mts_details_total,2015,41.47
ecu,sex_m,est_sizeaggregate_total,mts_details_total,2016,40.67
ecu,sex_m,est_sizeaggregate_total,mts_details_total,2017,40.41
ecu,sex_m,est_sizeaggregate_total,mts_details_total,2018,40.17
ecu,sex_m,est_sizeaggregate_total,mts_details_total,2019,39.18
ecu,sex_m,est_sizeaggregate_total,mts_details_total,2021,36.95
ecu,sex_m,est_sizeaggregate_total,mts_details_total,2022,36.81
ecu,sex_m,est_sizeaggregate_total,mts_details_total,2023,37.25
ecu,sex_m,est_sizeaggregate_total,mts_details_total,2024,35.9
ecu,sex_m,est_sizeaggregate_total,mts_details_total,2025,36.28
ecu,sex_m,est_sizeaggregate_total,mts_details_union,2013,44.13
ecu,sex_m,est_sizeaggregate_total,mts_details_union,2014,42.99
ecu,sex_m,est_sizeaggregate_total,mts_details_union,2015,42.86
ecu,sex_m,est_sizeaggregate_total,mts_details_union,2016,42.78
ecu,sex_m,est_sizeaggregate_total,mts_details_union,2017,42.72
ecu,sex_m,est_sizeaggregate_total,mts_details_union,2018,42.18
ecu,sex_m,est_sizeaggregate_total,mts_details_union,2019,41.23
ecu,sex_m,est_sizeaggregate_total,mts_details_union,2021,38.65
ecu,sex_m,est_sizeaggregate_total,mts_details_union,2022,38.7
ecu,sex_m,est_sizeaggregate_total,mts_details_union,2023,39.06
ecu,sex_m,est_sizeaggregate_total,mts_details_union,2024,37.35
ecu,sex_m,est_sizeaggregate_total,mts_details_union,2025,37.91
ecu,sex_m,est_sizeaggregate_total,mts_details_wid,2013,38.22
ecu,sex_m,est_sizeaggregate_total,mts_details_wid,2014,37
ecu,sex_m,est_sizeaggregate_total,mts_details_wid,2015,35.58
ecu,sex_m,est_sizeaggregate_total,mts_details_wid,2016,34.34
ecu,sex_m,est_sizeaggregate_total,mts_details_wid,2017,33.34
ecu,sex_m,est_sizeaggregate_total,mts_details_wid,2018,36.05
ecu,sex_m,est_sizeaggregate_total,mts_details_wid,2019,33.58
ecu,sex_m,est_sizeaggregate_total,mts_details_wid,2021,32.49
ecu,sex_m,est_sizeaggregate_total,mts_details_wid,2022,31.09
ecu,sex_m,est_sizeaggregate_total,mts_details_wid,2023,29.73
ecu,sex_m,est_sizeaggregate_total,mts_details_wid,2024,30.17
ecu,sex_m,est_sizeaggregate_total,mts_details_wid,2025,31.32
ecu,sex_m,est_sizeaggregate_x,mts_aggregate_1,2013,44.08
ecu,sex_m,est_sizeaggregate_x,mts_aggregate_1,2014,43.91
ecu,sex_m,est_sizeaggregate_x,mts_aggregate_1,2015,43.8
ecu,sex_m,est_sizeaggregate_x,mts_aggregate_1,2016,44.2
ecu,sex_m,est_sizeaggregate_x,mts_aggregate_1,2017,42.81
ecu,sex_m,est_sizeaggregate_x,mts_aggregate_1,2018,43.43
ecu,sex_m,est_sizeaggregate_x,mts_aggregate_1,2019,41.01
ecu,sex_m,est_sizeaggregate_x,mts_aggregate_1,2021,41.09
ecu,sex_m,est_sizeaggregate_x,mts_aggregate_1,2022,39.68
ecu,sex_m,est_sizeaggregate_x,mts_aggregate_1,2023,41.24
ecu,sex_m,est_sizeaggregate_x,mts_aggregate_1,2024,41.39
ecu,sex_m,est_sizeaggregate_x,mts_aggregate_1,2025,41.6
ecu,sex_m,est_sizeaggregate_x,mts_aggregate_2,2013,47.95
ecu,sex_m,est_sizeaggregate_x,mts_aggregate_2,2014,45.74
ecu,sex_m,est_sizeaggregate_x,mts_aggregate_2,2015,46.24
ecu,sex_m,est_sizeaggregate_x,mts_aggregate_2,2016,45.72
ecu,sex_m,est_sizeaggregate_x,mts_aggregate_2,2017,45.5
ecu,sex_m,est_sizeaggregate_x,mts_aggregate_2,2018,44.97
ecu,sex_m,est_sizeaggregate_x,mts_aggregate_2,2019,45.29
ecu,sex_m,est_sizeaggregate_x,mts_aggregate_2,2021,42.8
ecu,sex_m,est_sizeaggregate_x,mts_aggregate_2,2022,45.27
ecu,sex_m,est_sizeaggregate_x,mts_aggregate_2,2023,42.73
ecu,sex_m,est_sizeaggregate_x,mts_aggregate_2,2024,41.5
ecu,sex_m,est_sizeaggregate_x,mts_aggregate_2,2025,42.61
ecu,sex_m,est_sizeaggregate_x,mts_aggregate_total,2013,46.58
ecu,sex_m,est_sizeaggregate_x,mts_aggregate_total,2014,45.16
ecu,sex_m,est_sizeaggregate_x,mts_aggregate_total,2015,45.53
ecu,sex_m,est_sizeaggregate_x,mts_aggregate_total,2016,45.27
ecu,sex_m,est_sizeaggregate_x,mts_aggregate_total,2017,44.67
ecu,sex_m,est_sizeaggregate_x,mts_aggregate_total,2018,44.47
ecu,sex_m,est_sizeaggregate_x,mts_aggregate_total,2019,43.74
ecu,sex_m,est_sizeaggregate_x,mts_aggregate_total,2021,42.28
ecu,sex_m,est_sizeaggregate_x,mts_aggregate_total,2022,43.28
ecu,sex_m,est_sizeaggregate_x,mts_aggregate_total,2023,42.18
ecu,sex_m,est_sizeaggregate_x,mts_aggregate_total,2024,41.46
ecu,sex_m,est_sizeaggregate_x,mts_aggregate_total,2025,42.23
ecu,sex_m,est_sizeaggregate_x,mts_details_mrd,2013,46.95
ecu,sex_m,est_sizeaggregate_x,mts_details_mrd,2014,45.15
ecu,sex_m,est_sizeaggregate_x,mts_details_mrd,2015,46.15
ecu,sex_m,est_sizeaggregate_x,mts_details_mrd,2016,45.28
ecu,sex_m,est_sizeaggregate_x,mts_details_mrd,2017,45.14
ecu,sex_m,est_sizeaggregate_x,mts_details_mrd,2018,44.51
ecu,sex_m,est_sizeaggregate_x,mts_details_mrd,2019,45
ecu,sex_m,est_sizeaggregate_x,mts_details_mrd,2021,43.33
ecu,sex_m,est_sizeaggregate_x,mts_details_mrd,2022,44.65
ecu,sex_m,est_sizeaggregate_x,mts_details_mrd,2023,44.38
ecu,sex_m,est_sizeaggregate_x,mts_details_mrd,2024,42.58
ecu,sex_m,est_sizeaggregate_x,mts_details_mrd,2025,42.14
ecu,sex_m,est_sizeaggregate_x,mts_details_sep,2013,49.32
ecu,sex_m,est_sizeaggregate_x,mts_details_sep,2014,43.67
ecu,sex_m,est_sizeaggregate_x,mts_details_sep,2015,45.64
ecu,sex_m,est_sizeaggregate_x,mts_details_sep,2016,45.21
ecu,sex_m,est_sizeaggregate_x,mts_details_sep,2017,45.27
ecu,sex_m,est_sizeaggregate_x,mts_details_sep,2018,45.99
ecu,sex_m,est_sizeaggregate_x,mts_details_sep,2019,42.64
ecu,sex_m,est_sizeaggregate_x,mts_details_sep,2021,43.08
ecu,sex_m,est_sizeaggregate_x,mts_details_sep,2022,42.61
ecu,sex_m,est_sizeaggregate_x,mts_details_sep,2023,40.25
ecu,sex_m,est_sizeaggregate_x,mts_details_sep,2024,43.43
ecu,sex_m,est_sizeaggregate_x,mts_details_sep,2025,42.21
ecu,sex_m,est_sizeaggregate_x,mts_details_sgle,2013,42.86
ecu,sex_m,est_sizeaggregate_x,mts_details_sgle,2014,44.02
ecu,sex_m,est_sizeaggregate_x,mts_details_sgle,2015,43.3
ecu,sex_m,est_sizeaggregate_x,mts_details_sgle,2016,43.89
ecu,sex_m,est_sizeaggregate_x,mts_details_sgle,2017,42.56
ecu,sex_m,est_sizeaggregate_x,mts_details_sgle,2018,42.88
ecu,sex_m,est_sizeaggregate_x,mts_details_sgle,2019,40.53
ecu,sex_m,est_sizeaggregate_x,mts_details_sgle,2021,40.59
ecu,sex_m,est_sizeaggregate_x,mts_details_sgle,2022,38.7
ecu,sex_m,est_sizeaggregate_x,mts_details_sgle,2023,41.36
ecu,sex_m,est_sizeaggregate_x,mts_details_sgle,2024,40.61
ecu,sex_m,est_sizeaggregate_x,mts_details_sgle,2025,41.26
ecu,sex_m,est_sizeaggregate_x,mts_details_total,2013,46.58
ecu,sex_m,est_sizeaggregate_x,mts_details_total,2014,45.16
ecu,sex_m,est_sizeaggregate_x,mts_details_total,2015,45.53
ecu,sex_m,est_sizeaggregate_x,mts_details_total,2016,45.27
ecu,sex_m,est_sizeaggregate_x,mts_details_total,2017,44.67
ecu,sex_m,est_sizeaggregate_x,mts_details_total,2018,44.47
ecu,sex_m,est_sizeaggregate_x,mts_details_total,2019,43.74
ecu,sex_m,est_sizeaggregate_x,mts_details_total,2021,42.28
ecu,sex_m,est_sizeaggregate_x,mts_details_total,2022,43.28
ecu,sex_m,est_sizeaggregate_x,mts_details_total,2023,42.18
ecu,sex_m,est_sizeaggregate_x,mts_details_total,2024,41.46
ecu,sex_m,est_sizeaggregate_x,mts_details_total,2025,42.23
ecu,sex_m,est_sizeaggregate_x,mts_details_union,2013,49.25
ecu,sex_m,est_sizeaggregate_x,mts_details_union,2014,46.43
ecu,sex_m,est_sizeaggregate_x,mts_details_union,2015,46.33
ecu,sex_m,est_sizeaggregate_x,mts_details_union,2016,46.14
ecu,sex_m,est_sizeaggregate_x,mts_details_union,2017,45.89
ecu,sex_m,est_sizeaggregate_x,mts_details_union,2018,45.45
ecu,sex_m,est_sizeaggregate_x,mts_details_union,2019,45.6
ecu,sex_m,est_sizeaggregate_x,mts_details_union,2021,42.38
ecu,sex_m,est_sizeaggregate_x,mts_details_union,2022,45.79
ecu,sex_m,est_sizeaggregate_x,mts_details_union,2023,41.1
ecu,sex_m,est_sizeaggregate_x,mts_details_union,2024,40.48
ecu,sex_m,est_sizeaggregate_x,mts_details_union,2025,43.06
ecu,sex_m,est_sizeaggregate_x,mts_details_wid,2013,45.04
ecu,sex_m,est_sizeaggregate_x,mts_details_wid,2014,42.41
ecu,sex_m,est_sizeaggregate_x,mts_details_wid,2015,44.94
ecu,sex_m,est_sizeaggregate_x,mts_details_wid,2016,42.41
ecu,sex_m,est_sizeaggregate_x,mts_details_wid,2017,28.9
ecu,sex_m,est_sizeaggregate_x,mts_details_wid,2018,43.62
ecu,sex_m,est_sizeaggregate_x,mts_details_wid,2019,45.59
ecu,sex_m,est_sizeaggregate_x,mts_details_wid,2021,42.56
ecu,sex_m,est_sizeaggregate_x,mts_details_wid,2022,40.38
ecu,sex_m,est_sizeaggregate_x,mts_details_wid,2023,47.39
ecu,sex_m,est_sizeaggregate_x,mts_details_wid,2024,49.75
ecu,sex_m,est_sizeaggregate_x,mts_details_wid,2025,44.09
ecu,sex_m,est_sizedetails_s1,mts_aggregate_1,2013,39.12
ecu,sex_m,est_sizedetails_s1,mts_aggregate_1,2014,37.91
ecu,sex_m,est_sizedetails_s1,mts_aggregate_1,2015,37.46
ecu,sex_m,est_sizedetails_s1,mts_aggregate_1,2016,34.99
ecu,sex_m,est_sizedetails_s1,mts_aggregate_1,2017,34.69
ecu,sex_m,est_sizedetails_s1,mts_aggregate_1,2018,36.03
ecu,sex_m,est_sizedetails_s1,mts_aggregate_1,2019,35.28
ecu,sex_m,est_sizedetails_s1,mts_aggregate_1,2021,33.11
ecu,sex_m,est_sizedetails_s1,mts_aggregate_1,2022,32.62
ecu,sex_m,est_sizedetails_s1,mts_aggregate_1,2023,33.28
ecu,sex_m,est_sizedetails_s1,mts_aggregate_1,2024,32.03
ecu,sex_m,est_sizedetails_s1,mts_aggregate_1,2025,32.62
ecu,sex_m,est_sizedetails_s1,mts_aggregate_2,2013,43.2
ecu,sex_m,est_sizedetails_s1,mts_aggregate_2,2014,42.19
ecu,sex_m,est_sizedetails_s1,mts_aggregate_2,2015,41.86
ecu,sex_m,est_sizedetails_s1,mts_aggregate_2,2016,40.65
ecu,sex_m,est_sizedetails_s1,mts_aggregate_2,2017,41.51
ecu,sex_m,est_sizedetails_s1,mts_aggregate_2,2018,40.92
ecu,sex_m,est_sizedetails_s1,mts_aggregate_2,2019,40.3
ecu,sex_m,est_sizedetails_s1,mts_aggregate_2,2021,37.55
ecu,sex_m,est_sizedetails_s1,mts_aggregate_2,2022,37.47
ecu,sex_m,est_sizedetails_s1,mts_aggregate_2,2023,37.88
ecu,sex_m,est_sizedetails_s1,mts_aggregate_2,2024,36.26
ecu,sex_m,est_sizedetails_s1,mts_aggregate_2,2025,37.11
ecu,sex_m,est_sizedetails_s1,mts_aggregate_total,2013,41.89
ecu,sex_m,est_sizedetails_s1,mts_aggregate_total,2014,40.98
ecu,sex_m,est_sizedetails_s1,mts_aggregate_total,2015,40.61
ecu,sex_m,est_sizedetails_s1,mts_aggregate_total,2016,38.94
ecu,sex_m,est_sizedetails_s1,mts_aggregate_total,2017,39.35
ecu,sex_m,est_sizedetails_s1,mts_aggregate_total,2018,39.27
ecu,sex_m,est_sizedetails_s1,mts_aggregate_total,2019,38.54
ecu,sex_m,est_sizedetails_s1,mts_aggregate_total,2021,35.88
ecu,sex_m,est_sizedetails_s1,mts_aggregate_total,2022,35.54
ecu,sex_m,est_sizedetails_s1,mts_aggregate_total,2023,36.12
ecu,sex_m,est_sizedetails_s1,mts_aggregate_total,2024,34.6
ecu,sex_m,est_sizedetails_s1,mts_aggregate_total,2025,35.27
ecu,sex_m,est_sizedetails_s1,mts_details_mrd,2013,43.29
ecu,sex_m,est_sizedetails_s1,mts_details_mrd,2014,42.19
ecu,sex_m,est_sizedetails_s1,mts_details_mrd,2015,42.07
ecu,sex_m,est_sizedetails_s1,mts_details_mrd,2016,40.84
ecu,sex_m,est_sizedetails_s1,mts_details_mrd,2017,41.28
ecu,sex_m,est_sizedetails_s1,mts_details_mrd,2018,40.71
ecu,sex_m,est_sizedetails_s1,mts_details_mrd,2019,40.04
ecu,sex_m,est_sizedetails_s1,mts_details_mrd,2021,37.59
ecu,sex_m,est_sizedetails_s1,mts_details_mrd,2022,37.58
ecu,sex_m,est_sizedetails_s1,mts_details_mrd,2023,37.71
ecu,sex_m,est_sizedetails_s1,mts_details_mrd,2024,36.12
ecu,sex_m,est_sizedetails_s1,mts_details_mrd,2025,36.85
ecu,sex_m,est_sizedetails_s1,mts_details_sep,2013,41.11
ecu,sex_m,est_sizedetails_s1,mts_details_sep,2014,39.27
ecu,sex_m,est_sizedetails_s1,mts_details_sep,2015,39.97
ecu,sex_m,est_sizedetails_s1,mts_details_sep,2016,36.83
ecu,sex_m,est_sizedetails_s1,mts_details_sep,2017,36.55
ecu,sex_m,est_sizedetails_s1,mts_details_sep,2018,38.43
ecu,sex_m,est_sizedetails_s1,mts_details_sep,2019,37.94
ecu,sex_m,est_sizedetails_s1,mts_details_sep,2021,35.52
ecu,sex_m,est_sizedetails_s1,mts_details_sep,2022,35.34
ecu,sex_m,est_sizedetails_s1,mts_details_sep,2023,35.93
ecu,sex_m,est_sizedetails_s1,mts_details_sep,2024,35.15
ecu,sex_m,est_sizedetails_s1,mts_details_sep,2025,34.52
ecu,sex_m,est_sizedetails_s1,mts_details_sgle,2013,38.79
ecu,sex_m,est_sizedetails_s1,mts_details_sgle,2014,37.69
ecu,sex_m,est_sizedetails_s1,mts_details_sgle,2015,37.05
ecu,sex_m,est_sizedetails_s1,mts_details_sgle,2016,34.53
ecu,sex_m,est_sizedetails_s1,mts_details_sgle,2017,34.36
ecu,sex_m,est_sizedetails_s1,mts_details_sgle,2018,35.04
ecu,sex_m,est_sizedetails_s1,mts_details_sgle,2019,34.55
ecu,sex_m,est_sizedetails_s1,mts_details_sgle,2021,32.11
ecu,sex_m,est_sizedetails_s1,mts_details_sgle,2022,31.82
ecu,sex_m,est_sizedetails_s1,mts_details_sgle,2023,32.7
ecu,sex_m,est_sizedetails_s1,mts_details_sgle,2024,30.9
ecu,sex_m,est_sizedetails_s1,mts_details_sgle,2025,31.88
ecu,sex_m,est_sizedetails_s1,mts_details_total,2013,41.89
ecu,sex_m,est_sizedetails_s1,mts_details_total,2014,40.98
ecu,sex_m,est_sizedetails_s1,mts_details_total,2015,40.61
ecu,sex_m,est_sizedetails_s1,mts_details_total,2016,38.94
ecu,sex_m,est_sizedetails_s1,mts_details_total,2017,39.35
ecu,sex_m,est_sizedetails_s1,mts_details_total,2018,39.27
ecu,sex_m,est_sizedetails_s1,mts_details_total,2019,38.54
ecu,sex_m,est_sizedetails_s1,mts_details_total,2021,35.88
ecu,sex_m,est_sizedetails_s1,mts_details_total,2022,35.54
ecu,sex_m,est_sizedetails_s1,mts_details_total,2023,36.12
ecu,sex_m,est_sizedetails_s1,mts_details_total,2024,34.6
ecu,sex_m,est_sizedetails_s1,mts_details_total,2025,35.27
ecu,sex_m,est_sizedetails_s1,mts_details_union,2013,43.02
ecu,sex_m,est_sizedetails_s1,mts_details_union,2014,42.19
ecu,sex_m,est_sizedetails_s1,mts_details_union,2015,41.57
ecu,sex_m,est_sizedetails_s1,mts_details_union,2016,40.39
ecu,sex_m,est_sizedetails_s1,mts_details_union,2017,41.83
ecu,sex_m,est_sizedetails_s1,mts_details_union,2018,41.18
ecu,sex_m,est_sizedetails_s1,mts_details_union,2019,40.65
ecu,sex_m,est_sizedetails_s1,mts_details_union,2021,37.51
ecu,sex_m,est_sizedetails_s1,mts_details_union,2022,37.34
ecu,sex_m,est_sizedetails_s1,mts_details_union,2023,38.11
ecu,sex_m,est_sizedetails_s1,mts_details_union,2024,36.42
ecu,sex_m,est_sizedetails_s1,mts_details_union,2025,37.42
ecu,sex_m,est_sizedetails_s1,mts_details_wid,2013,36.43
ecu,sex_m,est_sizedetails_s1,mts_details_wid,2014,35.07
ecu,sex_m,est_sizedetails_s1,mts_details_wid,2015,32.68
ecu,sex_m,est_sizedetails_s1,mts_details_wid,2016,32.28
ecu,sex_m,est_sizedetails_s1,mts_details_wid,2017,30.59
ecu,sex_m,est_sizedetails_s1,mts_details_wid,2018,34.17
ecu,sex_m,est_sizedetails_s1,mts_details_wid,2019,31.74
ecu,sex_m,est_sizedetails_s1,mts_details_wid,2021,30.31
ecu,sex_m,est_sizedetails_s1,mts_details_wid,2022,27.67
ecu,sex_m,est_sizedetails_s1,mts_details_wid,2023,28.16
ecu,sex_m,est_sizedetails_s1,mts_details_wid,2024,29.47
ecu,sex_m,est_sizedetails_s1,mts_details_wid,2025,30.71
ecu,sex_m,est_sizedetails_s10_19,mts_aggregate_1,2013,40.75
ecu,sex_m,est_sizedetails_s10_19,mts_aggregate_1,2014,40.69
ecu,sex_m,est_sizedetails_s10_19,mts_aggregate_1,2015,40.1
ecu,sex_m,est_sizedetails_s10_19,mts_aggregate_1,2016,39.47
ecu,sex_m,est_sizedetails_s10_19,mts_aggregate_1,2017,38.24
ecu,sex_m,est_sizedetails_s10_19,mts_aggregate_1,2018,41.2
ecu,sex_m,est_sizedetails_s10_19,mts_aggregate_1,2019,38.2
ecu,sex_m,est_sizedetails_s10_19,mts_aggregate_1,2021,38.92
ecu,sex_m,est_sizedetails_s10_19,mts_aggregate_1,2022,36.94
ecu,sex_m,est_sizedetails_s10_19,mts_aggregate_1,2023,38.78
ecu,sex_m,est_sizedetails_s10_19,mts_aggregate_1,2024,37.8
ecu,sex_m,est_sizedetails_s10_19,mts_aggregate_1,2025,38.23
ecu,sex_m,est_sizedetails_s10_19,mts_aggregate_2,2013,44.52
ecu,sex_m,est_sizedetails_s10_19,mts_aggregate_2,2014,43.53
ecu,sex_m,est_sizedetails_s10_19,mts_aggregate_2,2015,44.09
ecu,sex_m,est_sizedetails_s10_19,mts_aggregate_2,2016,44.02
ecu,sex_m,est_sizedetails_s10_19,mts_aggregate_2,2017,43.83
ecu,sex_m,est_sizedetails_s10_19,mts_aggregate_2,2018,43.78
ecu,sex_m,est_sizedetails_s10_19,mts_aggregate_2,2019,42.65
ecu,sex_m,est_sizedetails_s10_19,mts_aggregate_2,2021,40.96
ecu,sex_m,est_sizedetails_s10_19,mts_aggregate_2,2022,40.44
ecu,sex_m,est_sizedetails_s10_19,mts_aggregate_2,2023,41.44
ecu,sex_m,est_sizedetails_s10_19,mts_aggregate_2,2024,41.23
ecu,sex_m,est_sizedetails_s10_19,mts_aggregate_2,2025,41.06
ecu,sex_m,est_sizedetails_s10_19,mts_aggregate_total,2013,43
ecu,sex_m,est_sizedetails_s10_19,mts_aggregate_total,2014,42.49
ecu,sex_m,est_sizedetails_s10_19,mts_aggregate_total,2015,42.77
ecu,sex_m,est_sizedetails_s10_19,mts_aggregate_total,2016,42.48
ecu,sex_m,est_sizedetails_s10_19,mts_aggregate_total,2017,41.9
ecu,sex_m,est_sizedetails_s10_19,mts_aggregate_total,2018,42.83
ecu,sex_m,est_sizedetails_s10_19,mts_aggregate_total,2019,41.09
ecu,sex_m,est_sizedetails_s10_19,mts_aggregate_total,2021,40.11
ecu,sex_m,est_sizedetails_s10_19,mts_aggregate_total,2022,38.95
ecu,sex_m,est_sizedetails_s10_19,mts_aggregate_total,2023,40.36
ecu,sex_m,est_sizedetails_s10_19,mts_aggregate_total,2024,39.6
ecu,sex_m,est_sizedetails_s10_19,mts_aggregate_total,2025,39.73
ecu,sex_m,est_sizedetails_s10_19,mts_details_mrd,2013,44.79
ecu,sex_m,est_sizedetails_s10_19,mts_details_mrd,2014,43.68
ecu,sex_m,est_sizedetails_s10_19,mts_details_mrd,2015,44.27
ecu,sex_m,est_sizedetails_s10_19,mts_details_mrd,2016,43.94
ecu,sex_m,est_sizedetails_s10_19,mts_details_mrd,2017,44.1
ecu,sex_m,est_sizedetails_s10_19,mts_details_mrd,2018,44.19
ecu,sex_m,est_sizedetails_s10_19,mts_details_mrd,2019,43.21
ecu,sex_m,est_sizedetails_s10_19,mts_details_mrd,2021,42.07
ecu,sex_m,est_sizedetails_s10_19,mts_details_mrd,2022,41.55
ecu,sex_m,est_sizedetails_s10_19,mts_details_mrd,2023,42.12
ecu,sex_m,est_sizedetails_s10_19,mts_details_mrd,2024,41.77
ecu,sex_m,est_sizedetails_s10_19,mts_details_mrd,2025,41.65
ecu,sex_m,est_sizedetails_s10_19,mts_details_sep,2013,41.52
ecu,sex_m,est_sizedetails_s10_19,mts_details_sep,2014,43.42
ecu,sex_m,est_sizedetails_s10_19,mts_details_sep,2015,42.25
ecu,sex_m,est_sizedetails_s10_19,mts_details_sep,2016,42.24
ecu,sex_m,est_sizedetails_s10_19,mts_details_sep,2017,42.73
ecu,sex_m,est_sizedetails_s10_19,mts_details_sep,2018,45.1
ecu,sex_m,est_sizedetails_s10_19,mts_details_sep,2019,40.77
ecu,sex_m,est_sizedetails_s10_19,mts_details_sep,2021,41.06
ecu,sex_m,est_sizedetails_s10_19,mts_details_sep,2022,36.65
ecu,sex_m,est_sizedetails_s10_19,mts_details_sep,2023,39.6
ecu,sex_m,est_sizedetails_s10_19,mts_details_sep,2024,40.48
ecu,sex_m,est_sizedetails_s10_19,mts_details_sep,2025,40.12
ecu,sex_m,est_sizedetails_s10_19,mts_details_sgle,2013,40.67
ecu,sex_m,est_sizedetails_s10_19,mts_details_sgle,2014,40.29
ecu,sex_m,est_sizedetails_s10_19,mts_details_sgle,2015,39.64
ecu,sex_m,est_sizedetails_s10_19,mts_details_sgle,2016,38.82
ecu,sex_m,est_sizedetails_s10_19,mts_details_sgle,2017,37.41
ecu,sex_m,est_sizedetails_s10_19,mts_details_sgle,2018,40.24
ecu,sex_m,est_sizedetails_s10_19,mts_details_sgle,2019,37.42
ecu,sex_m,est_sizedetails_s10_19,mts_details_sgle,2021,38.69
ecu,sex_m,est_sizedetails_s10_19,mts_details_sgle,2022,36.98
ecu,sex_m,est_sizedetails_s10_19,mts_details_sgle,2023,38.68
ecu,sex_m,est_sizedetails_s10_19,mts_details_sgle,2024,37.31
ecu,sex_m,est_sizedetails_s10_19,mts_details_sgle,2025,37.83
ecu,sex_m,est_sizedetails_s10_19,mts_details_total,2013,43
ecu,sex_m,est_sizedetails_s10_19,mts_details_total,2014,42.49
ecu,sex_m,est_sizedetails_s10_19,mts_details_total,2015,42.77
ecu,sex_m,est_sizedetails_s10_19,mts_details_total,2016,42.48
ecu,sex_m,est_sizedetails_s10_19,mts_details_total,2017,41.9
ecu,sex_m,est_sizedetails_s10_19,mts_details_total,2018,42.83
ecu,sex_m,est_sizedetails_s10_19,mts_details_total,2019,41.09
ecu,sex_m,est_sizedetails_s10_19,mts_details_total,2021,40.11
ecu,sex_m,est_sizedetails_s10_19,mts_details_total,2022,38.95
ecu,sex_m,est_sizedetails_s10_19,mts_details_total,2023,40.36
ecu,sex_m,est_sizedetails_s10_19,mts_details_total,2024,39.6
ecu,sex_m,est_sizedetails_s10_19,mts_details_total,2025,39.73
ecu,sex_m,est_sizedetails_s10_19,mts_details_union,2013,44.18
ecu,sex_m,est_sizedetails_s10_19,mts_details_union,2014,43.35
ecu,sex_m,est_sizedetails_s10_19,mts_details_union,2015,43.9
ecu,sex_m,est_sizedetails_s10_19,mts_details_union,2016,44.1
ecu,sex_m,est_sizedetails_s10_19,mts_details_union,2017,43.59
ecu,sex_m,est_sizedetails_s10_19,mts_details_union,2018,43.42
ecu,sex_m,est_sizedetails_s10_19,mts_details_union,2019,42.18
ecu,sex_m,est_sizedetails_s10_19,mts_details_union,2021,40.17
ecu,sex_m,est_sizedetails_s10_19,mts_details_union,2022,39.68
ecu,sex_m,est_sizedetails_s10_19,mts_details_union,2023,40.92
ecu,sex_m,est_sizedetails_s10_19,mts_details_union,2024,40.74
ecu,sex_m,est_sizedetails_s10_19,mts_details_union,2025,40.51
ecu,sex_m,est_sizedetails_s10_19,mts_details_wid,2013,39.18
ecu,sex_m,est_sizedetails_s10_19,mts_details_wid,2014,36.79
ecu,sex_m,est_sizedetails_s10_19,mts_details_wid,2015,41.59
ecu,sex_m,est_sizedetails_s10_19,mts_details_wid,2016,43.11
ecu,sex_m,est_sizedetails_s10_19,mts_details_wid,2017,35.28
ecu,sex_m,est_sizedetails_s10_19,mts_details_wid,2018,41.13
ecu,sex_m,est_sizedetails_s10_19,mts_details_wid,2019,43.46
ecu,sex_m,est_sizedetails_s10_19,mts_details_wid,2021,31.23
ecu,sex_m,est_sizedetails_s10_19,mts_details_wid,2022,37.9
ecu,sex_m,est_sizedetails_s10_19,mts_details_wid,2023,37.2
ecu,sex_m,est_sizedetails_s10_19,mts_details_wid,2024,36.47
ecu,sex_m,est_sizedetails_s10_19,mts_details_wid,2025,37.12
ecu,sex_m,est_sizedetails_s2_4,mts_aggregate_1,2013,36.06
ecu,sex_m,est_sizedetails_s2_4,mts_aggregate_1,2014,35.97
ecu,sex_m,est_sizedetails_s2_4,mts_aggregate_1,2015,34.41
ecu,sex_m,est_sizedetails_s2_4,mts_aggregate_1,2016,32.63
ecu,sex_m,est_sizedetails_s2_4,mts_aggregate_1,2017,32.58
ecu,sex_m,est_sizedetails_s2_4,mts_aggregate_1,2018,32.51
ecu,sex_m,est_sizedetails_s2_4,mts_aggregate_1,2019,31.64
ecu,sex_m,est_sizedetails_s2_4,mts_aggregate_1,2021,30.06
ecu,sex_m,est_sizedetails_s2_4,mts_aggregate_1,2022,29.89
ecu,sex_m,est_sizedetails_s2_4,mts_aggregate_1,2023,30.3
ecu,sex_m,est_sizedetails_s2_4,mts_aggregate_1,2024,29.69
ecu,sex_m,est_sizedetails_s2_4,mts_aggregate_1,2025,29.87
ecu,sex_m,est_sizedetails_s2_4,mts_aggregate_2,2013,43.13
ecu,sex_m,est_sizedetails_s2_4,mts_aggregate_2,2014,41.75
ecu,sex_m,est_sizedetails_s2_4,mts_aggregate_2,2015,41.82
ecu,sex_m,est_sizedetails_s2_4,mts_aggregate_2,2016,41.16
ecu,sex_m,est_sizedetails_s2_4,mts_aggregate_2,2017,41.1
ecu,sex_m,est_sizedetails_s2_4,mts_aggregate_2,2018,40.88
ecu,sex_m,est_sizedetails_s2_4,mts_aggregate_2,2019,39.73
ecu,sex_m,est_sizedetails_s2_4,mts_aggregate_2,2021,36.94
ecu,sex_m,est_sizedetails_s2_4,mts_aggregate_2,2022,36.6
ecu,sex_m,est_sizedetails_s2_4,mts_aggregate_2,2023,37.61
ecu,sex_m,est_sizedetails_s2_4,mts_aggregate_2,2024,35.75
ecu,sex_m,est_sizedetails_s2_4,mts_aggregate_2,2025,36.27
ecu,sex_m,est_sizedetails_s2_4,mts_aggregate_total,2013,40.41
ecu,sex_m,est_sizedetails_s2_4,mts_aggregate_total,2014,39.74
ecu,sex_m,est_sizedetails_s2_4,mts_aggregate_total,2015,39.31
ecu,sex_m,est_sizedetails_s2_4,mts_aggregate_total,2016,38.23
ecu,sex_m,est_sizedetails_s2_4,mts_aggregate_total,2017,38.09
ecu,sex_m,est_sizedetails_s2_4,mts_aggregate_total,2018,37.85
ecu,sex_m,est_sizedetails_s2_4,mts_aggregate_total,2019,36.7
ecu,sex_m,est_sizedetails_s2_4,mts_aggregate_total,2021,34.2
ecu,sex_m,est_sizedetails_s2_4,mts_aggregate_total,2022,33.98
ecu,sex_m,est_sizedetails_s2_4,mts_aggregate_total,2023,34.78
ecu,sex_m,est_sizedetails_s2_4,mts_aggregate_total,2024,33.34
ecu,sex_m,est_sizedetails_s2_4,mts_aggregate_total,2025,33.82
ecu,sex_m,est_sizedetails_s2_4,mts_details_mrd,2013,43.64
ecu,sex_m,est_sizedetails_s2_4,mts_details_mrd,2014,42.3
ecu,sex_m,est_sizedetails_s2_4,mts_details_mrd,2015,42.52
ecu,sex_m,est_sizedetails_s2_4,mts_details_mrd,2016,41.37
ecu,sex_m,est_sizedetails_s2_4,mts_details_mrd,2017,41.29
ecu,sex_m,est_sizedetails_s2_4,mts_details_mrd,2018,41.42
ecu,sex_m,est_sizedetails_s2_4,mts_details_mrd,2019,40.22
ecu,sex_m,est_sizedetails_s2_4,mts_details_mrd,2021,37.47
ecu,sex_m,est_sizedetails_s2_4,mts_details_mrd,2022,37.15
ecu,sex_m,est_sizedetails_s2_4,mts_details_mrd,2023,38.22
ecu,sex_m,est_sizedetails_s2_4,mts_details_mrd,2024,36.45
ecu,sex_m,est_sizedetails_s2_4,mts_details_mrd,2025,36.99
ecu,sex_m,est_sizedetails_s2_4,mts_details_sep,2013,39.48
ecu,sex_m,est_sizedetails_s2_4,mts_details_sep,2014,39.73
ecu,sex_m,est_sizedetails_s2_4,mts_details_sep,2015,39.96
ecu,sex_m,est_sizedetails_s2_4,mts_details_sep,2016,38.37
ecu,sex_m,est_sizedetails_s2_4,mts_details_sep,2017,37.65
ecu,sex_m,est_sizedetails_s2_4,mts_details_sep,2018,37.45
ecu,sex_m,est_sizedetails_s2_4,mts_details_sep,2019,36.49
ecu,sex_m,est_sizedetails_s2_4,mts_details_sep,2021,33.47
ecu,sex_m,est_sizedetails_s2_4,mts_details_sep,2022,33.91
ecu,sex_m,est_sizedetails_s2_4,mts_details_sep,2023,34.39
ecu,sex_m,est_sizedetails_s2_4,mts_details_sep,2024,34.23
ecu,sex_m,est_sizedetails_s2_4,mts_details_sep,2025,33.75
ecu,sex_m,est_sizedetails_s2_4,mts_details_sgle,2013,35.44
ecu,sex_m,est_sizedetails_s2_4,mts_details_sgle,2014,35.29
ecu,sex_m,est_sizedetails_s2_4,mts_details_sgle,2015,33.48
ecu,sex_m,est_sizedetails_s2_4,mts_details_sgle,2016,31.7
ecu,sex_m,est_sizedetails_s2_4,mts_details_sgle,2017,31.78
ecu,sex_m,est_sizedetails_s2_4,mts_details_sgle,2018,31.62
ecu,sex_m,est_sizedetails_s2_4,mts_details_sgle,2019,30.94
ecu,sex_m,est_sizedetails_s2_4,mts_details_sgle,2021,29.34
ecu,sex_m,est_sizedetails_s2_4,mts_details_sgle,2022,29.05
ecu,sex_m,est_sizedetails_s2_4,mts_details_sgle,2023,29.66
ecu,sex_m,est_sizedetails_s2_4,mts_details_sgle,2024,29.06
ecu,sex_m,est_sizedetails_s2_4,mts_details_sgle,2025,29.19
ecu,sex_m,est_sizedetails_s2_4,mts_details_total,2013,40.41
ecu,sex_m,est_sizedetails_s2_4,mts_details_total,2014,39.74
ecu,sex_m,est_sizedetails_s2_4,mts_details_total,2015,39.31
ecu,sex_m,est_sizedetails_s2_4,mts_details_total,2016,38.23
ecu,sex_m,est_sizedetails_s2_4,mts_details_total,2017,38.09
ecu,sex_m,est_sizedetails_s2_4,mts_details_total,2018,37.85
ecu,sex_m,est_sizedetails_s2_4,mts_details_total,2019,36.7
ecu,sex_m,est_sizedetails_s2_4,mts_details_total,2021,34.2
ecu,sex_m,est_sizedetails_s2_4,mts_details_total,2022,33.98
ecu,sex_m,est_sizedetails_s2_4,mts_details_total,2023,34.78
ecu,sex_m,est_sizedetails_s2_4,mts_details_total,2024,33.34
ecu,sex_m,est_sizedetails_s2_4,mts_details_total,2025,33.82
ecu,sex_m,est_sizedetails_s2_4,mts_details_union,2013,42.14
ecu,sex_m,est_sizedetails_s2_4,mts_details_union,2014,40.93
ecu,sex_m,est_sizedetails_s2_4,mts_details_union,2015,40.85
ecu,sex_m,est_sizedetails_s2_4,mts_details_union,2016,40.88
ecu,sex_m,est_sizedetails_s2_4,mts_details_union,2017,40.86
ecu,sex_m,est_sizedetails_s2_4,mts_details_union,2018,40.16
ecu,sex_m,est_sizedetails_s2_4,mts_details_union,2019,39.07
ecu,sex_m,est_sizedetails_s2_4,mts_details_union,2021,36.34
ecu,sex_m,est_sizedetails_s2_4,mts_details_union,2022,35.94
ecu,sex_m,est_sizedetails_s2_4,mts_details_union,2023,36.81
ecu,sex_m,est_sizedetails_s2_4,mts_details_union,2024,34.95
ecu,sex_m,est_sizedetails_s2_4,mts_details_union,2025,35.57
ecu,sex_m,est_sizedetails_s2_4,mts_details_wid,2013,37.89
ecu,sex_m,est_sizedetails_s2_4,mts_details_wid,2014,37.51
ecu,sex_m,est_sizedetails_s2_4,mts_details_wid,2015,36.65
ecu,sex_m,est_sizedetails_s2_4,mts_details_wid,2016,34.04
ecu,sex_m,est_sizedetails_s2_4,mts_details_wid,2017,33.61
ecu,sex_m,est_sizedetails_s2_4,mts_details_wid,2018,34.47
ecu,sex_m,est_sizedetails_s2_4,mts_details_wid,2019,31.25
ecu,sex_m,est_sizedetails_s2_4,mts_details_wid,2021,32.06
ecu,sex_m,est_sizedetails_s2_4,mts_details_wid,2022,33.24
ecu,sex_m,est_sizedetails_s2_4,mts_details_wid,2023,28.67
ecu,sex_m,est_sizedetails_s2_4,mts_details_wid,2024,28.36
ecu,sex_m,est_sizedetails_s2_4,mts_details_wid,2025,30.17
ecu,sex_m,est_sizedetails_s5_9,mts_aggregate_1,2013,38.15
ecu,sex_m,est_sizedetails_s5_9,mts_aggregate_1,2014,38.34
ecu,sex_m,est_sizedetails_s5_9,mts_aggregate_1,2015,36.32
ecu,sex_m,est_sizedetails_s5_9,mts_aggregate_1,2016,34.36
ecu,sex_m,est_sizedetails_s5_9,mts_aggregate_1,2017,33.76
ecu,sex_m,est_sizedetails_s5_9,mts_aggregate_1,2018,33.73
ecu,sex_m,est_sizedetails_s5_9,mts_aggregate_1,2019,32.94
ecu,sex_m,est_sizedetails_s5_9,mts_aggregate_1,2021,31.14
ecu,sex_m,est_sizedetails_s5_9,mts_aggregate_1,2022,30.55
ecu,sex_m,est_sizedetails_s5_9,mts_aggregate_1,2023,31.6
ecu,sex_m,est_sizedetails_s5_9,mts_aggregate_1,2024,30.31
ecu,sex_m,est_sizedetails_s5_9,mts_aggregate_1,2025,31.12
ecu,sex_m,est_sizedetails_s5_9,mts_aggregate_2,2013,43.43
ecu,sex_m,est_sizedetails_s5_9,mts_aggregate_2,2014,42.88
ecu,sex_m,est_sizedetails_s5_9,mts_aggregate_2,2015,42.44
ecu,sex_m,est_sizedetails_s5_9,mts_aggregate_2,2016,43.03
ecu,sex_m,est_sizedetails_s5_9,mts_aggregate_2,2017,41.98
ecu,sex_m,est_sizedetails_s5_9,mts_aggregate_2,2018,41.92
ecu,sex_m,est_sizedetails_s5_9,mts_aggregate_2,2019,41.54
ecu,sex_m,est_sizedetails_s5_9,mts_aggregate_2,2021,38.29
ecu,sex_m,est_sizedetails_s5_9,mts_aggregate_2,2022,38.49
ecu,sex_m,est_sizedetails_s5_9,mts_aggregate_2,2023,39.31
ecu,sex_m,est_sizedetails_s5_9,mts_aggregate_2,2024,35.84
ecu,sex_m,est_sizedetails_s5_9,mts_aggregate_2,2025,37.11
ecu,sex_m,est_sizedetails_s5_9,mts_aggregate_total,2013,41.16
ecu,sex_m,est_sizedetails_s5_9,mts_aggregate_total,2014,41.13
ecu,sex_m,est_sizedetails_s5_9,mts_aggregate_total,2015,40.22
ecu,sex_m,est_sizedetails_s5_9,mts_aggregate_total,2016,39.77
ecu,sex_m,est_sizedetails_s5_9,mts_aggregate_total,2017,38.76
ecu,sex_m,est_sizedetails_s5_9,mts_aggregate_total,2018,38.51
ecu,sex_m,est_sizedetails_s5_9,mts_aggregate_total,2019,37.76
ecu,sex_m,est_sizedetails_s5_9,mts_aggregate_total,2021,35.14
ecu,sex_m,est_sizedetails_s5_9,mts_aggregate_total,2022,34.77
ecu,sex_m,est_sizedetails_s5_9,mts_aggregate_total,2023,35.83
ecu,sex_m,est_sizedetails_s5_9,mts_aggregate_total,2024,33.46
ecu,sex_m,est_sizedetails_s5_9,mts_aggregate_total,2025,34.35
ecu,sex_m,est_sizedetails_s5_9,mts_details_mrd,2013,43.86
ecu,sex_m,est_sizedetails_s5_9,mts_details_mrd,2014,43.59
ecu,sex_m,est_sizedetails_s5_9,mts_details_mrd,2015,43.07
ecu,sex_m,est_sizedetails_s5_9,mts_details_mrd,2016,43.31
ecu,sex_m,est_sizedetails_s5_9,mts_details_mrd,2017,42.41
ecu,sex_m,est_sizedetails_s5_9,mts_details_mrd,2018,42.58
ecu,sex_m,est_sizedetails_s5_9,mts_details_mrd,2019,43
ecu,sex_m,est_sizedetails_s5_9,mts_details_mrd,2021,39.73
ecu,sex_m,est_sizedetails_s5_9,mts_details_mrd,2022,38.95
ecu,sex_m,est_sizedetails_s5_9,mts_details_mrd,2023,39.83
ecu,sex_m,est_sizedetails_s5_9,mts_details_mrd,2024,36.59
ecu,sex_m,est_sizedetails_s5_9,mts_details_mrd,2025,37.53
ecu,sex_m,est_sizedetails_s5_9,mts_details_sep,2013,41.93
ecu,sex_m,est_sizedetails_s5_9,mts_details_sep,2014,41.02
ecu,sex_m,est_sizedetails_s5_9,mts_details_sep,2015,41.33
ecu,sex_m,est_sizedetails_s5_9,mts_details_sep,2016,40.55
ecu,sex_m,est_sizedetails_s5_9,mts_details_sep,2017,41.48
ecu,sex_m,est_sizedetails_s5_9,mts_details_sep,2018,41.18
ecu,sex_m,est_sizedetails_s5_9,mts_details_sep,2019,38.9
ecu,sex_m,est_sizedetails_s5_9,mts_details_sep,2021,34.11
ecu,sex_m,est_sizedetails_s5_9,mts_details_sep,2022,35.99
ecu,sex_m,est_sizedetails_s5_9,mts_details_sep,2023,37.09
ecu,sex_m,est_sizedetails_s5_9,mts_details_sep,2024,35.16
ecu,sex_m,est_sizedetails_s5_9,mts_details_sep,2025,38.37
ecu,sex_m,est_sizedetails_s5_9,mts_details_sgle,2013,37.59
ecu,sex_m,est_sizedetails_s5_9,mts_details_sgle,2014,37.95
ecu,sex_m,est_sizedetails_s5_9,mts_details_sgle,2015,35.63
ecu,sex_m,est_sizedetails_s5_9,mts_details_sgle,2016,33.57
ecu,sex_m,est_sizedetails_s5_9,mts_details_sgle,2017,32.74
ecu,sex_m,est_sizedetails_s5_9,mts_details_sgle,2018,32.6
ecu,sex_m,est_sizedetails_s5_9,mts_details_sgle,2019,32.18
ecu,sex_m,est_sizedetails_s5_9,mts_details_sgle,2021,30.48
ecu,sex_m,est_sizedetails_s5_9,mts_details_sgle,2022,29.72
ecu,sex_m,est_sizedetails_s5_9,mts_details_sgle,2023,30.94
ecu,sex_m,est_sizedetails_s5_9,mts_details_sgle,2024,29.72
ecu,sex_m,est_sizedetails_s5_9,mts_details_sgle,2025,29.99
ecu,sex_m,est_sizedetails_s5_9,mts_details_total,2013,41.16
ecu,sex_m,est_sizedetails_s5_9,mts_details_total,2014,41.13
ecu,sex_m,est_sizedetails_s5_9,mts_details_total,2015,40.22
ecu,sex_m,est_sizedetails_s5_9,mts_details_total,2016,39.77
ecu,sex_m,est_sizedetails_s5_9,mts_details_total,2017,38.76
ecu,sex_m,est_sizedetails_s5_9,mts_details_total,2018,38.51
ecu,sex_m,est_sizedetails_s5_9,mts_details_total,2019,37.76
ecu,sex_m,est_sizedetails_s5_9,mts_details_total,2021,35.14
ecu,sex_m,est_sizedetails_s5_9,mts_details_total,2022,34.77
ecu,sex_m,est_sizedetails_s5_9,mts_details_total,2023,35.83
ecu,sex_m,est_sizedetails_s5_9,mts_details_total,2024,33.46
ecu,sex_m,est_sizedetails_s5_9,mts_details_total,2025,34.35
ecu,sex_m,est_sizedetails_s5_9,mts_details_union,2013,42.82
ecu,sex_m,est_sizedetails_s5_9,mts_details_union,2014,42.11
ecu,sex_m,est_sizedetails_s5_9,mts_details_union,2015,41.81
ecu,sex_m,est_sizedetails_s5_9,mts_details_union,2016,42.72
ecu,sex_m,est_sizedetails_s5_9,mts_details_union,2017,41.5
ecu,sex_m,est_sizedetails_s5_9,mts_details_union,2018,41.27
ecu,sex_m,est_sizedetails_s5_9,mts_details_union,2019,39.92
ecu,sex_m,est_sizedetails_s5_9,mts_details_union,2021,37
ecu,sex_m,est_sizedetails_s5_9,mts_details_union,2022,38.07
ecu,sex_m,est_sizedetails_s5_9,mts_details_union,2023,38.74
ecu,sex_m,est_sizedetails_s5_9,mts_details_union,2024,35.22
ecu,sex_m,est_sizedetails_s5_9,mts_details_union,2025,36.82
ecu,sex_m,est_sizedetails_s5_9,mts_details_wid,2013,40.44
ecu,sex_m,est_sizedetails_s5_9,mts_details_wid,2014,38.8
ecu,sex_m,est_sizedetails_s5_9,mts_details_wid,2015,38.29
ecu,sex_m,est_sizedetails_s5_9,mts_details_wid,2016,35.35
ecu,sex_m,est_sizedetails_s5_9,mts_details_wid,2017,35.59
ecu,sex_m,est_sizedetails_s5_9,mts_details_wid,2018,34.94
ecu,sex_m,est_sizedetails_s5_9,mts_details_wid,2019,34.12
ecu,sex_m,est_sizedetails_s5_9,mts_details_wid,2021,39.26
ecu,sex_m,est_sizedetails_s5_9,mts_details_wid,2022,35.82
ecu,sex_m,est_sizedetails_s5_9,mts_details_wid,2023,29.37
ecu,sex_m,est_sizedetails_s5_9,mts_details_wid,2024,30.6
ecu,sex_m,est_sizedetails_s5_9,mts_details_wid,2025,29.07
ecu,sex_m,est_sizedetails_sge50,mts_aggregate_1,2013,44.07
ecu,sex_m,est_sizedetails_sge50,mts_aggregate_1,2014,42.93
ecu,sex_m,est_sizedetails_sge50,mts_aggregate_1,2015,43.07
ecu,sex_m,est_sizedetails_sge50,mts_aggregate_1,2016,43.12
ecu,sex_m,est_sizedetails_sge50,mts_aggregate_1,2017,43.15
ecu,sex_m,est_sizedetails_sge50,mts_aggregate_1,2018,42.47
ecu,sex_m,est_sizedetails_sge50,mts_aggregate_1,2019,41.84
ecu,sex_m,est_sizedetails_sge50,mts_aggregate_1,2021,41.55
ecu,sex_m,est_sizedetails_sge50,mts_aggregate_1,2022,41.65
ecu,sex_m,est_sizedetails_sge50,mts_aggregate_1,2023,41.08
ecu,sex_m,est_sizedetails_sge50,mts_aggregate_1,2024,40.61
ecu,sex_m,est_sizedetails_sge50,mts_aggregate_1,2025,40.55
ecu,sex_m,est_sizedetails_sge50,mts_aggregate_2,2013,45.98
ecu,sex_m,est_sizedetails_sge50,mts_aggregate_2,2014,45.15
ecu,sex_m,est_sizedetails_sge50,mts_aggregate_2,2015,45.44
ecu,sex_m,est_sizedetails_sge50,mts_aggregate_2,2016,45.96
ecu,sex_m,est_sizedetails_sge50,mts_aggregate_2,2017,45.52
ecu,sex_m,est_sizedetails_sge50,mts_aggregate_2,2018,45.15
ecu,sex_m,est_sizedetails_sge50,mts_aggregate_2,2019,44.32
ecu,sex_m,est_sizedetails_sge50,mts_aggregate_2,2021,43.89
ecu,sex_m,est_sizedetails_sge50,mts_aggregate_2,2022,43.9
ecu,sex_m,est_sizedetails_sge50,mts_aggregate_2,2023,43.28
ecu,sex_m,est_sizedetails_sge50,mts_aggregate_2,2024,42.86
ecu,sex_m,est_sizedetails_sge50,mts_aggregate_2,2025,42.31
ecu,sex_m,est_sizedetails_sge50,mts_aggregate_total,2013,45.36
ecu,sex_m,est_sizedetails_sge50,mts_aggregate_total,2014,44.47
ecu,sex_m,est_sizedetails_sge50,mts_aggregate_total,2015,44.77
ecu,sex_m,est_sizedetails_sge50,mts_aggregate_total,2016,45.21
ecu,sex_m,est_sizedetails_sge50,mts_aggregate_total,2017,44.87
ecu,sex_m,est_sizedetails_sge50,mts_aggregate_total,2018,44.36
ecu,sex_m,est_sizedetails_sge50,mts_aggregate_total,2019,43.56
ecu,sex_m,est_sizedetails_sge50,mts_aggregate_total,2021,43.16
ecu,sex_m,est_sizedetails_sge50,mts_aggregate_total,2022,43.18
ecu,sex_m,est_sizedetails_sge50,mts_aggregate_total,2023,42.54
ecu,sex_m,est_sizedetails_sge50,mts_aggregate_total,2024,42.06
ecu,sex_m,est_sizedetails_sge50,mts_aggregate_total,2025,41.69
ecu,sex_m,est_sizedetails_sge50,mts_details_mrd,2013,45.18
ecu,sex_m,est_sizedetails_sge50,mts_details_mrd,2014,44.56
ecu,sex_m,est_sizedetails_sge50,mts_details_mrd,2015,44.94
ecu,sex_m,est_sizedetails_sge50,mts_details_mrd,2016,45.45
ecu,sex_m,est_sizedetails_sge50,mts_details_mrd,2017,45.01
ecu,sex_m,est_sizedetails_sge50,mts_details_mrd,2018,44.67
ecu,sex_m,est_sizedetails_sge50,mts_details_mrd,2019,43.79
ecu,sex_m,est_sizedetails_sge50,mts_details_mrd,2021,43.59
ecu,sex_m,est_sizedetails_sge50,mts_details_mrd,2022,43.7
ecu,sex_m,est_sizedetails_sge50,mts_details_mrd,2023,43.25
ecu,sex_m,est_sizedetails_sge50,mts_details_mrd,2024,42.81
ecu,sex_m,est_sizedetails_sge50,mts_details_mrd,2025,42.24
ecu,sex_m,est_sizedetails_sge50,mts_details_sep,2013,47.06
ecu,sex_m,est_sizedetails_sge50,mts_details_sep,2014,44.43
ecu,sex_m,est_sizedetails_sge50,mts_details_sep,2015,45.04
ecu,sex_m,est_sizedetails_sge50,mts_details_sep,2016,44.98
ecu,sex_m,est_sizedetails_sge50,mts_details_sep,2017,43.68
ecu,sex_m,est_sizedetails_sge50,mts_details_sep,2018,44.26
ecu,sex_m,est_sizedetails_sge50,mts_details_sep,2019,43.58
ecu,sex_m,est_sizedetails_sge50,mts_details_sep,2021,43.76
ecu,sex_m,est_sizedetails_sge50,mts_details_sep,2022,42.56
ecu,sex_m,est_sizedetails_sge50,mts_details_sep,2023,41.78
ecu,sex_m,est_sizedetails_sge50,mts_details_sep,2024,41.29
ecu,sex_m,est_sizedetails_sge50,mts_details_sep,2025,41.44
ecu,sex_m,est_sizedetails_sge50,mts_details_sgle,2013,43.32
ecu,sex_m,est_sizedetails_sge50,mts_details_sgle,2014,42.55
ecu,sex_m,est_sizedetails_sge50,mts_details_sgle,2015,42.59
ecu,sex_m,est_sizedetails_sge50,mts_details_sgle,2016,42.67
ecu,sex_m,est_sizedetails_sge50,mts_details_sgle,2017,42.95
ecu,sex_m,est_sizedetails_sge50,mts_details_sgle,2018,41.92
ecu,sex_m,est_sizedetails_sge50,mts_details_sgle,2019,41.39
ecu,sex_m,est_sizedetails_sge50,mts_details_sgle,2021,40.86
ecu,sex_m,est_sizedetails_sge50,mts_details_sgle,2022,41.48
ecu,sex_m,est_sizedetails_sge50,mts_details_sgle,2023,40.9
ecu,sex_m,est_sizedetails_sge50,mts_details_sgle,2024,40.47
ecu,sex_m,est_sizedetails_sge50,mts_details_sgle,2025,40.3
ecu,sex_m,est_sizedetails_sge50,mts_details_total,2013,45.36
ecu,sex_m,est_sizedetails_sge50,mts_details_total,2014,44.47
ecu,sex_m,est_sizedetails_sge50,mts_details_total,2015,44.77
ecu,sex_m,est_sizedetails_sge50,mts_details_total,2016,45.21
ecu,sex_m,est_sizedetails_sge50,mts_details_total,2017,44.87
ecu,sex_m,est_sizedetails_sge50,mts_details_total,2018,44.36
ecu,sex_m,est_sizedetails_sge50,mts_details_total,2019,43.56
ecu,sex_m,est_sizedetails_sge50,mts_details_total,2021,43.16
ecu,sex_m,est_sizedetails_sge50,mts_details_total,2022,43.18
ecu,sex_m,est_sizedetails_sge50,mts_details_total,2023,42.54
ecu,sex_m,est_sizedetails_sge50,mts_details_total,2024,42.06
ecu,sex_m,est_sizedetails_sge50,mts_details_total,2025,41.69
ecu,sex_m,est_sizedetails_sge50,mts_details_union,2013,47.58
ecu,sex_m,est_sizedetails_sge50,mts_details_union,2014,46.15
ecu,sex_m,est_sizedetails_sge50,mts_details_union,2015,46.22
ecu,sex_m,est_sizedetails_sge50,mts_details_union,2016,46.73
ecu,sex_m,est_sizedetails_sge50,mts_details_union,2017,46.33
ecu,sex_m,est_sizedetails_sge50,mts_details_union,2018,45.87
ecu,sex_m,est_sizedetails_sge50,mts_details_union,2019,45.16
ecu,sex_m,est_sizedetails_sge50,mts_details_union,2021,44.3
ecu,sex_m,est_sizedetails_sge50,mts_details_union,2022,44.17
ecu,sex_m,est_sizedetails_sge50,mts_details_union,2023,43.32
ecu,sex_m,est_sizedetails_sge50,mts_details_union,2024,42.92
ecu,sex_m,est_sizedetails_sge50,mts_details_union,2025,42.39
ecu,sex_m,est_sizedetails_sge50,mts_details_wid,2013,46.9
ecu,sex_m,est_sizedetails_sge50,mts_details_wid,2014,42.7
ecu,sex_m,est_sizedetails_sge50,mts_details_wid,2015,42.71
ecu,sex_m,est_sizedetails_sge50,mts_details_wid,2016,43.11
ecu,sex_m,est_sizedetails_sge50,mts_details_wid,2017,45.78
ecu,sex_m,est_sizedetails_sge50,mts_details_wid,2018,45.75
ecu,sex_m,est_sizedetails_sge50,mts_details_wid,2019,42.67
ecu,sex_m,est_sizedetails_sge50,mts_details_wid,2021,42.41
ecu,sex_m,est_sizedetails_sge50,mts_details_wid,2022,38.55
ecu,sex_m,est_sizedetails_sge50,mts_details_wid,2023,40.63
ecu,sex_m,est_sizedetails_sge50,mts_details_wid,2024,39.57
ecu,sex_m,est_sizedetails_sge50,mts_details_wid,2025,42.78
ecu,sex_m,est_sizedetails_total,mts_aggregate_1,2013,39.29
ecu,sex_m,est_sizedetails_total,mts_aggregate_1,2014,38.86
ecu,sex_m,est_sizedetails_total,mts_aggregate_1,2015,37.84
ecu,sex_m,est_sizedetails_total,mts_aggregate_1,2016,36.15
ecu,sex_m,est_sizedetails_total,mts_aggregate_1,2017,35.81
ecu,sex_m,est_sizedetails_total,mts_aggregate_1,2018,36.13
ecu,sex_m,est_sizedetails_total,mts_aggregate_1,2019,35.16
ecu,sex_m,est_sizedetails_total,mts_aggregate_1,2021,33.44
ecu,sex_m,est_sizedetails_total,mts_aggregate_1,2022,33.25
ecu,sex_m,est_sizedetails_total,mts_aggregate_1,2023,33.8
ecu,sex_m,est_sizedetails_total,mts_aggregate_1,2024,33.02
ecu,sex_m,est_sizedetails_total,mts_aggregate_1,2025,33.34
ecu,sex_m,est_sizedetails_total,mts_aggregate_2,2013,44.13
ecu,sex_m,est_sizedetails_total,mts_aggregate_2,2014,43.09
ecu,sex_m,est_sizedetails_total,mts_aggregate_2,2015,43.13
ecu,sex_m,est_sizedetails_total,mts_aggregate_2,2016,42.77
ecu,sex_m,est_sizedetails_total,mts_aggregate_2,2017,42.66
ecu,sex_m,est_sizedetails_total,mts_aggregate_2,2018,42.3
ecu,sex_m,est_sizedetails_total,mts_aggregate_2,2019,41.44
ecu,sex_m,est_sizedetails_total,mts_aggregate_2,2021,39.09
ecu,sex_m,est_sizedetails_total,mts_aggregate_2,2022,39.05
ecu,sex_m,est_sizedetails_total,mts_aggregate_2,2023,39.4
ecu,sex_m,est_sizedetails_total,mts_aggregate_2,2024,37.78
ecu,sex_m,est_sizedetails_total,mts_aggregate_2,2025,38.2
ecu,sex_m,est_sizedetails_total,mts_aggregate_total,2013,42.39
ecu,sex_m,est_sizedetails_total,mts_aggregate_total,2014,41.71
ecu,sex_m,est_sizedetails_total,mts_aggregate_total,2015,41.47
ecu,sex_m,est_sizedetails_total,mts_aggregate_total,2016,40.67
ecu,sex_m,est_sizedetails_total,mts_aggregate_total,2017,40.41
ecu,sex_m,est_sizedetails_total,mts_aggregate_total,2018,40.17
ecu,sex_m,est_sizedetails_total,mts_aggregate_total,2019,39.18
ecu,sex_m,est_sizedetails_total,mts_aggregate_total,2021,36.95
ecu,sex_m,est_sizedetails_total,mts_aggregate_total,2022,36.81
ecu,sex_m,est_sizedetails_total,mts_aggregate_total,2023,37.25
ecu,sex_m,est_sizedetails_total,mts_aggregate_total,2024,35.9
ecu,sex_m,est_sizedetails_total,mts_aggregate_total,2025,36.28
ecu,sex_m,est_sizedetails_total,mts_details_mrd,2013,44.14
ecu,sex_m,est_sizedetails_total,mts_details_mrd,2014,43.16
ecu,sex_m,est_sizedetails_total,mts_details_mrd,2015,43.33
ecu,sex_m,est_sizedetails_total,mts_details_mrd,2016,42.75
ecu,sex_m,est_sizedetails_total,mts_details_mrd,2017,42.61
ecu,sex_m,est_sizedetails_total,mts_details_mrd,2018,42.4
ecu,sex_m,est_sizedetails_total,mts_details_mrd,2019,41.59
ecu,sex_m,est_sizedetails_total,mts_details_mrd,2021,39.47
ecu,sex_m,est_sizedetails_total,mts_details_mrd,2022,39.34
ecu,sex_m,est_sizedetails_total,mts_details_mrd,2023,39.66
ecu,sex_m,est_sizedetails_total,mts_details_mrd,2024,38.17
ecu,sex_m,est_sizedetails_total,mts_details_mrd,2025,38.5
ecu,sex_m,est_sizedetails_total,mts_details_sep,2013,42.44
ecu,sex_m,est_sizedetails_total,mts_details_sep,2014,41.22
ecu,sex_m,est_sizedetails_total,mts_details_sep,2015,41.66
ecu,sex_m,est_sizedetails_total,mts_details_sep,2016,39.86
ecu,sex_m,est_sizedetails_total,mts_details_sep,2017,39.27
ecu,sex_m,est_sizedetails_total,mts_details_sep,2018,40.06
ecu,sex_m,est_sizedetails_total,mts_details_sep,2019,39.03
ecu,sex_m,est_sizedetails_total,mts_details_sep,2021,36.64
ecu,sex_m,est_sizedetails_total,mts_details_sep,2022,36.65
ecu,sex_m,est_sizedetails_total,mts_details_sep,2023,36.93
ecu,sex_m,est_sizedetails_total,mts_details_sep,2024,36.52
ecu,sex_m,est_sizedetails_total,mts_details_sep,2025,36.34
ecu,sex_m,est_sizedetails_total,mts_details_sgle,2013,38.67
ecu,sex_m,est_sizedetails_total,mts_details_sgle,2014,38.39
ecu,sex_m,est_sizedetails_total,mts_details_sgle,2015,37.08
ecu,sex_m,est_sizedetails_total,mts_details_sgle,2016,35.39
ecu,sex_m,est_sizedetails_total,mts_details_sgle,2017,35.12
ecu,sex_m,est_sizedetails_total,mts_details_sgle,2018,35.16
ecu,sex_m,est_sizedetails_total,mts_details_sgle,2019,34.36
ecu,sex_m,est_sizedetails_total,mts_details_sgle,2021,32.6
ecu,sex_m,est_sizedetails_total,mts_details_sgle,2022,32.44
ecu,sex_m,est_sizedetails_total,mts_details_sgle,2023,33.24
ecu,sex_m,est_sizedetails_total,mts_details_sgle,2024,32.36
ecu,sex_m,est_sizedetails_total,mts_details_sgle,2025,32.66
ecu,sex_m,est_sizedetails_total,mts_details_total,2013,42.39
ecu,sex_m,est_sizedetails_total,mts_details_total,2014,41.71
ecu,sex_m,est_sizedetails_total,mts_details_total,2015,41.47
ecu,sex_m,est_sizedetails_total,mts_details_total,2016,40.67
ecu,sex_m,est_sizedetails_total,mts_details_total,2017,40.41
ecu,sex_m,est_sizedetails_total,mts_details_total,2018,40.17
ecu,sex_m,est_sizedetails_total,mts_details_total,2019,39.18
ecu,sex_m,est_sizedetails_total,mts_details_total,2021,36.95
ecu,sex_m,est_sizedetails_total,mts_details_total,2022,36.81
ecu,sex_m,est_sizedetails_total,mts_details_total,2023,37.25
ecu,sex_m,est_sizedetails_total,mts_details_total,2024,35.9
ecu,sex_m,est_sizedetails_total,mts_details_total,2025,36.28
ecu,sex_m,est_sizedetails_total,mts_details_union,2013,44.13
ecu,sex_m,est_sizedetails_total,mts_details_union,2014,42.99
ecu,sex_m,est_sizedetails_total,mts_details_union,2015,42.86
ecu,sex_m,est_sizedetails_total,mts_details_union,2016,42.78
ecu,sex_m,est_sizedetails_total,mts_details_union,2017,42.72
ecu,sex_m,est_sizedetails_total,mts_details_union,2018,42.18
ecu,sex_m,est_sizedetails_total,mts_details_union,2019,41.23
ecu,sex_m,est_sizedetails_total,mts_details_union,2021,38.65
ecu,sex_m,est_sizedetails_total,mts_details_union,2022,38.7
ecu,sex_m,est_sizedetails_total,mts_details_union,2023,39.06
ecu,sex_m,est_sizedetails_total,mts_details_union,2024,37.35
ecu,sex_m,est_sizedetails_total,mts_details_union,2025,37.91
ecu,sex_m,est_sizedetails_total,mts_details_wid,2013,38.22
ecu,sex_m,est_sizedetails_total,mts_details_wid,2014,37
ecu,sex_m,est_sizedetails_total,mts_details_wid,2015,35.58
ecu,sex_m,est_sizedetails_total,mts_details_wid,2016,34.34
ecu,sex_m,est_sizedetails_total,mts_details_wid,2017,33.34
ecu,sex_m,est_sizedetails_total,mts_details_wid,2018,36.05
ecu,sex_m,est_sizedetails_total,mts_details_wid,2019,33.58
ecu,sex_m,est_sizedetails_total,mts_details_wid,2021,32.49
ecu,sex_m,est_sizedetails_total,mts_details_wid,2022,31.09
ecu,sex_m,est_sizedetails_total,mts_details_wid,2023,29.73
ecu,sex_m,est_sizedetails_total,mts_details_wid,2024,30.17
ecu,sex_m,est_sizedetails_total,mts_details_wid,2025,31.32
ecu,sex_m,est_sizedetails_x,mts_aggregate_1,2013,44.08
ecu,sex_m,est_sizedetails_x,mts_aggregate_1,2014,43.91
ecu,sex_m,est_sizedetails_x,mts_aggregate_1,2015,43.8
ecu,sex_m,est_sizedetails_x,mts_aggregate_1,2016,44.2
ecu,sex_m,est_sizedetails_x,mts_aggregate_1,2017,42.81
ecu,sex_m,est_sizedetails_x,mts_aggregate_1,2018,43.43
ecu,sex_m,est_sizedetails_x,mts_aggregate_1,2019,41.01
ecu,sex_m,est_sizedetails_x,mts_aggregate_1,2021,41.09
ecu,sex_m,est_sizedetails_x,mts_aggregate_1,2022,39.68
ecu,sex_m,est_sizedetails_x,mts_aggregate_1,2023,41.24
ecu,sex_m,est_sizedetails_x,mts_aggregate_1,2024,41.39
ecu,sex_m,est_sizedetails_x,mts_aggregate_1,2025,41.6
ecu,sex_m,est_sizedetails_x,mts_aggregate_2,2013,47.95
ecu,sex_m,est_sizedetails_x,mts_aggregate_2,2014,45.74
ecu,sex_m,est_sizedetails_x,mts_aggregate_2,2015,46.24
ecu,sex_m,est_sizedetails_x,mts_aggregate_2,2016,45.72
ecu,sex_m,est_sizedetails_x,mts_aggregate_2,2017,45.5
ecu,sex_m,est_sizedetails_x,mts_aggregate_2,2018,44.97
ecu,sex_m,est_sizedetails_x,mts_aggregate_2,2019,45.29
ecu,sex_m,est_sizedetails_x,mts_aggregate_2,2021,42.8
ecu,sex_m,est_sizedetails_x,mts_aggregate_2,2022,45.27
ecu,sex_m,est_sizedetails_x,mts_aggregate_2,2023,42.73
ecu,sex_m,est_sizedetails_x,mts_aggregate_2,2024,41.5
ecu,sex_m,est_sizedetails_x,mts_aggregate_2,2025,42.61
ecu,sex_m,est_sizedetails_x,mts_aggregate_total,2013,46.58
ecu,sex_m,est_sizedetails_x,mts_aggregate_total,2014,45.16
ecu,sex_m,est_sizedetails_x,mts_aggregate_total,2015,45.53
ecu,sex_m,est_sizedetails_x,mts_aggregate_total,2016,45.27
ecu,sex_m,est_sizedetails_x,mts_aggregate_total,2017,44.67
ecu,sex_m,est_sizedetails_x,mts_aggregate_total,2018,44.47
ecu,sex_m,est_sizedetails_x,mts_aggregate_total,2019,43.74
ecu,sex_m,est_sizedetails_x,mts_aggregate_total,2021,42.28
ecu,sex_m,est_sizedetails_x,mts_aggregate_total,2022,43.28
ecu,sex_m,est_sizedetails_x,mts_aggregate_total,2023,42.18
ecu,sex_m,est_sizedetails_x,mts_aggregate_total,2024,41.46
ecu,sex_m,est_sizedetails_x,mts_aggregate_total,2025,42.23
ecu,sex_m,est_sizedetails_x,mts_details_mrd,2013,46.95
ecu,sex_m,est_sizedetails_x,mts_details_mrd,2014,45.15
ecu,sex_m,est_sizedetails_x,mts_details_mrd,2015,46.15
ecu,sex_m,est_sizedetails_x,mts_details_mrd,2016,45.28
ecu,sex_m,est_sizedetails_x,mts_details_mrd,2017,45.14
ecu,sex_m,est_sizedetails_x,mts_details_mrd,2018,44.51
ecu,sex_m,est_sizedetails_x,mts_details_mrd,2019,45
ecu,sex_m,est_sizedetails_x,mts_details_mrd,2021,43.33
ecu,sex_m,est_sizedetails_x,mts_details_mrd,2022,44.65
ecu,sex_m,est_sizedetails_x,mts_details_mrd,2023,44.38
ecu,sex_m,est_sizedetails_x,mts_details_mrd,2024,42.58
ecu,sex_m,est_sizedetails_x,mts_details_mrd,2025,42.14
ecu,sex_m,est_sizedetails_x,mts_details_sep,2013,49.32
ecu,sex_m,est_sizedetails_x,mts_details_sep,2014,43.67
ecu,sex_m,est_sizedetails_x,mts_details_sep,2015,45.64
ecu,sex_m,est_sizedetails_x,mts_details_sep,2016,45.21
ecu,sex_m,est_sizedetails_x,mts_details_sep,2017,45.27
ecu,sex_m,est_sizedetails_x,mts_details_sep,2018,45.99
ecu,sex_m,est_sizedetails_x,mts_details_sep,2019,42.64
ecu,sex_m,est_sizedetails_x,mts_details_sep,2021,43.08
ecu,sex_m,est_sizedetails_x,mts_details_sep,2022,42.61
ecu,sex_m,est_sizedetails_x,mts_details_sep,2023,40.25
ecu,sex_m,est_sizedetails_x,mts_details_sep,2024,43.43
ecu,sex_m,est_sizedetails_x,mts_details_sep,2025,42.21
ecu,sex_m,est_sizedetails_x,mts_details_sgle,2013,42.86
ecu,sex_m,est_sizedetails_x,mts_details_sgle,2014,44.02
ecu,sex_m,est_sizedetails_x,mts_details_sgle,2015,43.3
ecu,sex_m,est_sizedetails_x,mts_details_sgle,2016,43.89
ecu,sex_m,est_sizedetails_x,mts_details_sgle,2017,42.56
ecu,sex_m,est_sizedetails_x,mts_details_sgle,2018,42.88
ecu,sex_m,est_sizedetails_x,mts_details_sgle,2019,40.53
ecu,sex_m,est_sizedetails_x,mts_details_sgle,2021,40.59
ecu,sex_m,est_sizedetails_x,mts_details_sgle,2022,38.7
ecu,sex_m,est_sizedetails_x,mts_details_sgle,2023,41.36
ecu,sex_m,est_sizedetails_x,mts_details_sgle,2024,40.61
ecu,sex_m,est_sizedetails_x,mts_details_sgle,2025,41.26
ecu,sex_m,est_sizedetails_x,mts_details_total,2013,46.58
ecu,sex_m,est_sizedetails_x,mts_details_total,2014,45.16
ecu,sex_m,est_sizedetails_x,mts_details_total,2015,45.53
ecu,sex_m,est_sizedetails_x,mts_details_total,2016,45.27
ecu,sex_m,est_sizedetails_x,mts_details_total,2017,44.67
ecu,sex_m,est_sizedetails_x,mts_details_total,2018,44.47
ecu,sex_m,est_sizedetails_x,mts_details_total,2019,43.74
ecu,sex_m,est_sizedetails_x,mts_details_total,2021,42.28
ecu,sex_m,est_sizedetails_x,mts_details_total,2022,43.28
ecu,sex_m,est_sizedetails_x,mts_details_total,2023,42.18
ecu,sex_m,est_sizedetails_x,mts_details_total,2024,41.46
ecu,sex_m,est_sizedetails_x,mts_details_total,2025,42.23
ecu,sex_m,est_sizedetails_x,mts_details_union,2013,49.25
ecu,sex_m,est_sizedetails_x,mts_details_union,2014,46.43
ecu,sex_m,est_sizedetails_x,mts_details_union,2015,46.33
ecu,sex_m,est_sizedetails_x,mts_details_union,2016,46.14
ecu,sex_m,est_sizedetails_x,mts_details_union,2017,45.89
ecu,sex_m,est_sizedetails_x,mts_details_union,2018,45.45
ecu,sex_m,est_sizedetails_x,mts_details_union,2019,45.6
ecu,sex_m,est_sizedetails_x,mts_details_union,2021,42.38
ecu,sex_m,est_sizedetails_x,mts_details_union,2022,45.79
ecu,sex_m,est_sizedetails_x,mts_details_union,2023,41.1
ecu,sex_m,est_sizedetails_x,mts_details_union,2024,40.48
ecu,sex_m,est_sizedetails_x,mts_details_union,2025,43.06
ecu,sex_m,est_sizedetails_x,mts_details_wid,2013,45.04
ecu,sex_m,est_sizedetails_x,mts_details_wid,2014,42.41
ecu,sex_m,est_sizedetails_x,mts_details_wid,2015,44.94
ecu,sex_m,est_sizedetails_x,mts_details_wid,2016,42.41
ecu,sex_m,est_sizedetails_x,mts_details_wid,2017,28.9
ecu,sex_m,est_sizedetails_x,mts_details_wid,2018,43.62
ecu,sex_m,est_sizedetails_x,mts_details_wid,2019,45.59
ecu,sex_m,est_sizedetails_x,mts_details_wid,2021,42.56
ecu,sex_m,est_sizedetails_x,mts_details_wid,2022,40.38
ecu,sex_m,est_sizedetails_x,mts_details_wid,2023,47.39
ecu,sex_m,est_sizedetails_x,mts_details_wid,2024,49.75
ecu,sex_m,est_sizedetails_x,mts_details_wid,2025,44.09
ecu,sex_t,est_sizeaggregate_s1_4,mts_aggregate_1,2013,35.64
ecu,sex_t,est_sizeaggregate_s1_4,mts_aggregate_1,2014,35.07
ecu,sex_t,est_sizeaggregate_s1_4,mts_aggregate_1,2015,33.75
ecu,sex_t,est_sizeaggregate_s1_4,mts_aggregate_1,2016,31.65
ecu,sex_t,est_sizeaggregate_s1_4,mts_aggregate_1,2017,31.47
ecu,sex_t,est_sizeaggregate_s1_4,mts_aggregate_1,2018,32.23
ecu,sex_t,est_sizeaggregate_s1_4,mts_aggregate_1,2019,31.68
ecu,sex_t,est_sizeaggregate_s1_4,mts_aggregate_1,2021,29.39
ecu,sex_t,est_sizeaggregate_s1_4,mts_aggregate_1,2022,28.93
ecu,sex_t,est_sizeaggregate_s1_4,mts_aggregate_1,2023,29.69
ecu,sex_t,est_sizeaggregate_s1_4,mts_aggregate_1,2024,29.24
ecu,sex_t,est_sizeaggregate_s1_4,mts_aggregate_1,2025,29.58
ecu,sex_t,est_sizeaggregate_s1_4,mts_aggregate_2,2013,39.78
ecu,sex_t,est_sizeaggregate_s1_4,mts_aggregate_2,2014,38.74
ecu,sex_t,est_sizeaggregate_s1_4,mts_aggregate_2,2015,38.01
ecu,sex_t,est_sizeaggregate_s1_4,mts_aggregate_2,2016,36.45
ecu,sex_t,est_sizeaggregate_s1_4,mts_aggregate_2,2017,36.5
ecu,sex_t,est_sizeaggregate_s1_4,mts_aggregate_2,2018,36.89
ecu,sex_t,est_sizeaggregate_s1_4,mts_aggregate_2,2019,36.04
ecu,sex_t,est_sizeaggregate_s1_4,mts_aggregate_2,2021,33.54
ecu,sex_t,est_sizeaggregate_s1_4,mts_aggregate_2,2022,33.07
ecu,sex_t,est_sizeaggregate_s1_4,mts_aggregate_2,2023,34.38
ecu,sex_t,est_sizeaggregate_s1_4,mts_aggregate_2,2024,32.88
ecu,sex_t,est_sizeaggregate_s1_4,mts_aggregate_2,2025,33.51
ecu,sex_t,est_sizeaggregate_s1_4,mts_aggregate_total,2013,38.13
ecu,sex_t,est_sizeaggregate_s1_4,mts_aggregate_total,2014,37.39
ecu,sex_t,est_sizeaggregate_s1_4,mts_aggregate_total,2015,36.48
ecu,sex_t,est_sizeaggregate_s1_4,mts_aggregate_total,2016,34.71
ecu,sex_t,est_sizeaggregate_s1_4,mts_aggregate_total,2017,34.64
ecu,sex_t,est_sizeaggregate_s1_4,mts_aggregate_total,2018,35.1
ecu,sex_t,est_sizeaggregate_s1_4,mts_aggregate_total,2019,34.32
ecu,sex_t,est_sizeaggregate_s1_4,mts_aggregate_total,2021,31.81
ecu,sex_t,est_sizeaggregate_s1_4,mts_aggregate_total,2022,31.32
ecu,sex_t,est_sizeaggregate_s1_4,mts_aggregate_total,2023,32.34
ecu,sex_t,est_sizeaggregate_s1_4,mts_aggregate_total,2024,31.31
ecu,sex_t,est_sizeaggregate_s1_4,mts_aggregate_total,2025,31.82
ecu,sex_t,est_sizeaggregate_s1_4,mts_details_mrd,2013,39.98
ecu,sex_t,est_sizeaggregate_s1_4,mts_details_mrd,2014,39.08
ecu,sex_t,est_sizeaggregate_s1_4,mts_details_mrd,2015,38.58
ecu,sex_t,est_sizeaggregate_s1_4,mts_details_mrd,2016,37.07
ecu,sex_t,est_sizeaggregate_s1_4,mts_details_mrd,2017,36.92
ecu,sex_t,est_sizeaggregate_s1_4,mts_details_mrd,2018,37.38
ecu,sex_t,est_sizeaggregate_s1_4,mts_details_mrd,2019,36.58
ecu,sex_t,est_sizeaggregate_s1_4,mts_details_mrd,2021,34.12
ecu,sex_t,est_sizeaggregate_s1_4,mts_details_mrd,2022,33.55
ecu,sex_t,est_sizeaggregate_s1_4,mts_details_mrd,2023,34.64
ecu,sex_t,est_sizeaggregate_s1_4,mts_details_mrd,2024,33.4
ecu,sex_t,est_sizeaggregate_s1_4,mts_details_mrd,2025,34.06
ecu,sex_t,est_sizeaggregate_s1_4,mts_details_sep,2013,36.82
ecu,sex_t,est_sizeaggregate_s1_4,mts_details_sep,2014,35.67
ecu,sex_t,est_sizeaggregate_s1_4,mts_details_sep,2015,35.61
ecu,sex_t,est_sizeaggregate_s1_4,mts_details_sep,2016,33.52
ecu,sex_t,est_sizeaggregate_s1_4,mts_details_sep,2017,33.19
ecu,sex_t,est_sizeaggregate_s1_4,mts_details_sep,2018,34.34
ecu,sex_t,est_sizeaggregate_s1_4,mts_details_sep,2019,33.86
ecu,sex_t,est_sizeaggregate_s1_4,mts_details_sep,2021,30.58
ecu,sex_t,est_sizeaggregate_s1_4,mts_details_sep,2022,30.05
ecu,sex_t,est_sizeaggregate_s1_4,mts_details_sep,2023,31.1
ecu,sex_t,est_sizeaggregate_s1_4,mts_details_sep,2024,30.57
ecu,sex_t,est_sizeaggregate_s1_4,mts_details_sep,2025,30.54
ecu,sex_t,est_sizeaggregate_s1_4,mts_details_sgle,2013,35.45
ecu,sex_t,est_sizeaggregate_s1_4,mts_details_sgle,2014,35.16
ecu,sex_t,est_sizeaggregate_s1_4,mts_details_sgle,2015,33.27
ecu,sex_t,est_sizeaggregate_s1_4,mts_details_sgle,2016,31.1
ecu,sex_t,est_sizeaggregate_s1_4,mts_details_sgle,2017,30.94
ecu,sex_t,est_sizeaggregate_s1_4,mts_details_sgle,2018,31.52
ecu,sex_t,est_sizeaggregate_s1_4,mts_details_sgle,2019,31.14
ecu,sex_t,est_sizeaggregate_s1_4,mts_details_sgle,2021,29.11
ecu,sex_t,est_sizeaggregate_s1_4,mts_details_sgle,2022,28.82
ecu,sex_t,est_sizeaggregate_s1_4,mts_details_sgle,2023,29.65
ecu,sex_t,est_sizeaggregate_s1_4,mts_details_sgle,2024,29.07
ecu,sex_t,est_sizeaggregate_s1_4,mts_details_sgle,2025,29.34
ecu,sex_t,est_sizeaggregate_s1_4,mts_details_total,2013,38.13
ecu,sex_t,est_sizeaggregate_s1_4,mts_details_total,2014,37.39
ecu,sex_t,est_sizeaggregate_s1_4,mts_details_total,2015,36.48
ecu,sex_t,est_sizeaggregate_s1_4,mts_details_total,2016,34.71
ecu,sex_t,est_sizeaggregate_s1_4,mts_details_total,2017,34.64
ecu,sex_t,est_sizeaggregate_s1_4,mts_details_total,2018,35.1
ecu,sex_t,est_sizeaggregate_s1_4,mts_details_total,2019,34.32
ecu,sex_t,est_sizeaggregate_s1_4,mts_details_total,2021,31.81
ecu,sex_t,est_sizeaggregate_s1_4,mts_details_total,2022,31.32
ecu,sex_t,est_sizeaggregate_s1_4,mts_details_total,2023,32.34
ecu,sex_t,est_sizeaggregate_s1_4,mts_details_total,2024,31.31
ecu,sex_t,est_sizeaggregate_s1_4,mts_details_total,2025,31.82
ecu,sex_t,est_sizeaggregate_s1_4,mts_details_union,2013,39.36
ecu,sex_t,est_sizeaggregate_s1_4,mts_details_union,2014,38.15
ecu,sex_t,est_sizeaggregate_s1_4,mts_details_union,2015,37.11
ecu,sex_t,est_sizeaggregate_s1_4,mts_details_union,2016,35.5
ecu,sex_t,est_sizeaggregate_s1_4,mts_details_union,2017,35.87
ecu,sex_t,est_sizeaggregate_s1_4,mts_details_union,2018,36.18
ecu,sex_t,est_sizeaggregate_s1_4,mts_details_union,2019,35.27
ecu,sex_t,est_sizeaggregate_s1_4,mts_details_union,2021,32.8
ecu,sex_t,est_sizeaggregate_s1_4,mts_details_union,2022,32.41
ecu,sex_t,est_sizeaggregate_s1_4,mts_details_union,2023,33.99
ecu,sex_t,est_sizeaggregate_s1_4,mts_details_union,2024,32.22
ecu,sex_t,est_sizeaggregate_s1_4,mts_details_union,2025,32.89
ecu,sex_t,est_sizeaggregate_s1_4,mts_details_wid,2013,34.03
ecu,sex_t,est_sizeaggregate_s1_4,mts_details_wid,2014,32.96
ecu,sex_t,est_sizeaggregate_s1_4,mts_details_wid,2015,31.56
ecu,sex_t,est_sizeaggregate_s1_4,mts_details_wid,2016,29.93
ecu,sex_t,est_sizeaggregate_s1_4,mts_details_wid,2017,29.92
ecu,sex_t,est_sizeaggregate_s1_4,mts_details_wid,2018,30.26
ecu,sex_t,est_sizeaggregate_s1_4,mts_details_wid,2019,28.88
ecu,sex_t,est_sizeaggregate_s1_4,mts_details_wid,2021,27.44
ecu,sex_t,est_sizeaggregate_s1_4,mts_details_wid,2022,26.23
ecu,sex_t,est_sizeaggregate_s1_4,mts_details_wid,2023,26
ecu,sex_t,est_sizeaggregate_s1_4,mts_details_wid,2024,26.65
ecu,sex_t,est_sizeaggregate_s1_4,mts_details_wid,2025,28.08
ecu,sex_t,est_sizeaggregate_s5_49,mts_aggregate_1,2013,38.69
ecu,sex_t,est_sizeaggregate_s5_49,mts_aggregate_1,2014,38.8
ecu,sex_t,est_sizeaggregate_s5_49,mts_aggregate_1,2015,37.23
ecu,sex_t,est_sizeaggregate_s5_49,mts_aggregate_1,2016,35.28
ecu,sex_t,est_sizeaggregate_s5_49,mts_aggregate_1,2017,34.49
ecu,sex_t,est_sizeaggregate_s5_49,mts_aggregate_1,2018,35.29
ecu,sex_t,est_sizeaggregate_s5_49,mts_aggregate_1,2019,34.21
ecu,sex_t,est_sizeaggregate_s5_49,mts_aggregate_1,2021,32.63
ecu,sex_t,est_sizeaggregate_s5_49,mts_aggregate_1,2022,31.58
ecu,sex_t,est_sizeaggregate_s5_49,mts_aggregate_1,2023,32.74
ecu,sex_t,est_sizeaggregate_s5_49,mts_aggregate_1,2024,31.67
ecu,sex_t,est_sizeaggregate_s5_49,mts_aggregate_1,2025,32.23
ecu,sex_t,est_sizeaggregate_s5_49,mts_aggregate_2,2013,42.71
ecu,sex_t,est_sizeaggregate_s5_49,mts_aggregate_2,2014,42.07
ecu,sex_t,est_sizeaggregate_s5_49,mts_aggregate_2,2015,41.77
ecu,sex_t,est_sizeaggregate_s5_49,mts_aggregate_2,2016,41.48
ecu,sex_t,est_sizeaggregate_s5_49,mts_aggregate_2,2017,40.96
ecu,sex_t,est_sizeaggregate_s5_49,mts_aggregate_2,2018,40.95
ecu,sex_t,est_sizeaggregate_s5_49,mts_aggregate_2,2019,40.57
ecu,sex_t,est_sizeaggregate_s5_49,mts_aggregate_2,2021,37.34
ecu,sex_t,est_sizeaggregate_s5_49,mts_aggregate_2,2022,37.33
ecu,sex_t,est_sizeaggregate_s5_49,mts_aggregate_2,2023,38.65
ecu,sex_t,est_sizeaggregate_s5_49,mts_aggregate_2,2024,35.03
ecu,sex_t,est_sizeaggregate_s5_49,mts_aggregate_2,2025,36.54
ecu,sex_t,est_sizeaggregate_s5_49,mts_aggregate_total,2013,40.86
ecu,sex_t,est_sizeaggregate_s5_49,mts_aggregate_total,2014,40.7
ecu,sex_t,est_sizeaggregate_s5_49,mts_aggregate_total,2015,39.96
ecu,sex_t,est_sizeaggregate_s5_49,mts_aggregate_total,2016,38.97
ecu,sex_t,est_sizeaggregate_s5_49,mts_aggregate_total,2017,38.3
ecu,sex_t,est_sizeaggregate_s5_49,mts_aggregate_total,2018,38.49
ecu,sex_t,est_sizeaggregate_s5_49,mts_aggregate_total,2019,37.78
ecu,sex_t,est_sizeaggregate_s5_49,mts_aggregate_total,2021,35.21
ecu,sex_t,est_sizeaggregate_s5_49,mts_aggregate_total,2022,34.61
ecu,sex_t,est_sizeaggregate_s5_49,mts_aggregate_total,2023,35.84
ecu,sex_t,est_sizeaggregate_s5_49,mts_aggregate_total,2024,33.5
ecu,sex_t,est_sizeaggregate_s5_49,mts_aggregate_total,2025,34.45
ecu,sex_t,est_sizeaggregate_s5_49,mts_details_mrd,2013,42.67
ecu,sex_t,est_sizeaggregate_s5_49,mts_details_mrd,2014,42.33
ecu,sex_t,est_sizeaggregate_s5_49,mts_details_mrd,2015,41.96
ecu,sex_t,est_sizeaggregate_s5_49,mts_details_mrd,2016,41.41
ecu,sex_t,est_sizeaggregate_s5_49,mts_details_mrd,2017,40.93
ecu,sex_t,est_sizeaggregate_s5_49,mts_details_mrd,2018,41.29
ecu,sex_t,est_sizeaggregate_s5_49,mts_details_mrd,2019,41.28
ecu,sex_t,est_sizeaggregate_s5_49,mts_details_mrd,2021,38.09
ecu,sex_t,est_sizeaggregate_s5_49,mts_details_mrd,2022,37.37
ecu,sex_t,est_sizeaggregate_s5_49,mts_details_mrd,2023,39.05
ecu,sex_t,est_sizeaggregate_s5_49,mts_details_mrd,2024,35.69
ecu,sex_t,est_sizeaggregate_s5_49,mts_details_mrd,2025,37.22
ecu,sex_t,est_sizeaggregate_s5_49,mts_details_sep,2013,41.63
ecu,sex_t,est_sizeaggregate_s5_49,mts_details_sep,2014,41.38
ecu,sex_t,est_sizeaggregate_s5_49,mts_details_sep,2015,40.99
ecu,sex_t,est_sizeaggregate_s5_49,mts_details_sep,2016,41.03
ecu,sex_t,est_sizeaggregate_s5_49,mts_details_sep,2017,41.12
ecu,sex_t,est_sizeaggregate_s5_49,mts_details_sep,2018,40.97
ecu,sex_t,est_sizeaggregate_s5_49,mts_details_sep,2019,39.14
ecu,sex_t,est_sizeaggregate_s5_49,mts_details_sep,2021,36.06
ecu,sex_t,est_sizeaggregate_s5_49,mts_details_sep,2022,36.04
ecu,sex_t,est_sizeaggregate_s5_49,mts_details_sep,2023,38
ecu,sex_t,est_sizeaggregate_s5_49,mts_details_sep,2024,35.68
ecu,sex_t,est_sizeaggregate_s5_49,mts_details_sep,2025,37.62
ecu,sex_t,est_sizeaggregate_s5_49,mts_details_sgle,2013,38.14
ecu,sex_t,est_sizeaggregate_s5_49,mts_details_sgle,2014,38.13
ecu,sex_t,est_sizeaggregate_s5_49,mts_details_sgle,2015,36.28
ecu,sex_t,est_sizeaggregate_s5_49,mts_details_sgle,2016,34.1
ecu,sex_t,est_sizeaggregate_s5_49,mts_details_sgle,2017,33.05
ecu,sex_t,est_sizeaggregate_s5_49,mts_details_sgle,2018,33.82
ecu,sex_t,est_sizeaggregate_s5_49,mts_details_sgle,2019,33.11
ecu,sex_t,est_sizeaggregate_s5_49,mts_details_sgle,2021,31.87
ecu,sex_t,est_sizeaggregate_s5_49,mts_details_sgle,2022,30.5
ecu,sex_t,est_sizeaggregate_s5_49,mts_details_sgle,2023,31.6
ecu,sex_t,est_sizeaggregate_s5_49,mts_details_sgle,2024,30.88
ecu,sex_t,est_sizeaggregate_s5_49,mts_details_sgle,2025,31
ecu,sex_t,est_sizeaggregate_s5_49,mts_details_total,2013,40.86
ecu,sex_t,est_sizeaggregate_s5_49,mts_details_total,2014,40.7
ecu,sex_t,est_sizeaggregate_s5_49,mts_details_total,2015,39.96
ecu,sex_t,est_sizeaggregate_s5_49,mts_details_total,2016,38.97
ecu,sex_t,est_sizeaggregate_s5_49,mts_details_total,2017,38.3
ecu,sex_t,est_sizeaggregate_s5_49,mts_details_total,2018,38.49
ecu,sex_t,est_sizeaggregate_s5_49,mts_details_total,2019,37.78
ecu,sex_t,est_sizeaggregate_s5_49,mts_details_total,2021,35.21
ecu,sex_t,est_sizeaggregate_s5_49,mts_details_total,2022,34.61
ecu,sex_t,est_sizeaggregate_s5_49,mts_details_total,2023,35.84
ecu,sex_t,est_sizeaggregate_s5_49,mts_details_total,2024,33.5
ecu,sex_t,est_sizeaggregate_s5_49,mts_details_total,2025,34.45
ecu,sex_t,est_sizeaggregate_s5_49,mts_details_union,2013,42.78
ecu,sex_t,est_sizeaggregate_s5_49,mts_details_union,2014,41.75
ecu,sex_t,est_sizeaggregate_s5_49,mts_details_union,2015,41.54
ecu,sex_t,est_sizeaggregate_s5_49,mts_details_union,2016,41.56
ecu,sex_t,est_sizeaggregate_s5_49,mts_details_union,2017,41.01
ecu,sex_t,est_sizeaggregate_s5_49,mts_details_union,2018,40.57
ecu,sex_t,est_sizeaggregate_s5_49,mts_details_union,2019,39.65
ecu,sex_t,est_sizeaggregate_s5_49,mts_details_union,2021,36.58
ecu,sex_t,est_sizeaggregate_s5_49,mts_details_union,2022,37.28
ecu,sex_t,est_sizeaggregate_s5_49,mts_details_union,2023,38.2
ecu,sex_t,est_sizeaggregate_s5_49,mts_details_union,2024,34.38
ecu,sex_t,est_sizeaggregate_s5_49,mts_details_union,2025,35.96
ecu,sex_t,est_sizeaggregate_s5_49,mts_details_wid,2013,37.75
ecu,sex_t,est_sizeaggregate_s5_49,mts_details_wid,2014,39.86
ecu,sex_t,est_sizeaggregate_s5_49,mts_details_wid,2015,38.26
ecu,sex_t,est_sizeaggregate_s5_49,mts_details_wid,2016,36.6
ecu,sex_t,est_sizeaggregate_s5_49,mts_details_wid,2017,37.23
ecu,sex_t,est_sizeaggregate_s5_49,mts_details_wid,2018,36.1
ecu,sex_t,est_sizeaggregate_s5_49,mts_details_wid,2019,37.06
ecu,sex_t,est_sizeaggregate_s5_49,mts_details_wid,2021,32.7
ecu,sex_t,est_sizeaggregate_s5_49,mts_details_wid,2022,34.69
ecu,sex_t,est_sizeaggregate_s5_49,mts_details_wid,2023,31.5
ecu,sex_t,est_sizeaggregate_s5_49,mts_details_wid,2024,33.08
ecu,sex_t,est_sizeaggregate_s5_49,mts_details_wid,2025,31.4
ecu,sex_t,est_sizeaggregate_sge50,mts_aggregate_1,2013,43.08
ecu,sex_t,est_sizeaggregate_sge50,mts_aggregate_1,2014,42.21
ecu,sex_t,est_sizeaggregate_sge50,mts_aggregate_1,2015,42.42
ecu,sex_t,est_sizeaggregate_sge50,mts_aggregate_1,2016,42.06
ecu,sex_t,est_sizeaggregate_sge50,mts_aggregate_1,2017,42.17
ecu,sex_t,est_sizeaggregate_sge50,mts_aggregate_1,2018,41.93
ecu,sex_t,est_sizeaggregate_sge50,mts_aggregate_1,2019,41.3
ecu,sex_t,est_sizeaggregate_sge50,mts_aggregate_1,2021,41.24
ecu,sex_t,est_sizeaggregate_sge50,mts_aggregate_1,2022,41.09
ecu,sex_t,est_sizeaggregate_sge50,mts_aggregate_1,2023,40.52
ecu,sex_t,est_sizeaggregate_sge50,mts_aggregate_1,2024,39.9
ecu,sex_t,est_sizeaggregate_sge50,mts_aggregate_1,2025,40.1
ecu,sex_t,est_sizeaggregate_sge50,mts_aggregate_2,2013,44.64
ecu,sex_t,est_sizeaggregate_sge50,mts_aggregate_2,2014,43.96
ecu,sex_t,est_sizeaggregate_sge50,mts_aggregate_2,2015,44.25
ecu,sex_t,est_sizeaggregate_sge50,mts_aggregate_2,2016,44.44
ecu,sex_t,est_sizeaggregate_sge50,mts_aggregate_2,2017,44.16
ecu,sex_t,est_sizeaggregate_sge50,mts_aggregate_2,2018,43.92
ecu,sex_t,est_sizeaggregate_sge50,mts_aggregate_2,2019,43.08
ecu,sex_t,est_sizeaggregate_sge50,mts_aggregate_2,2021,42.73
ecu,sex_t,est_sizeaggregate_sge50,mts_aggregate_2,2022,43.03
ecu,sex_t,est_sizeaggregate_sge50,mts_aggregate_2,2023,42.28
ecu,sex_t,est_sizeaggregate_sge50,mts_aggregate_2,2024,41.67
ecu,sex_t,est_sizeaggregate_sge50,mts_aggregate_2,2025,41.31
ecu,sex_t,est_sizeaggregate_sge50,mts_aggregate_total,2013,44.02
ecu,sex_t,est_sizeaggregate_sge50,mts_aggregate_total,2014,43.31
ecu,sex_t,est_sizeaggregate_sge50,mts_aggregate_total,2015,43.61
ecu,sex_t,est_sizeaggregate_sge50,mts_aggregate_total,2016,43.65
ecu,sex_t,est_sizeaggregate_sge50,mts_aggregate_total,2017,43.48
ecu,sex_t,est_sizeaggregate_sge50,mts_aggregate_total,2018,43.2
ecu,sex_t,est_sizeaggregate_sge50,mts_aggregate_total,2019,42.42
ecu,sex_t,est_sizeaggregate_sge50,mts_aggregate_total,2021,42.17
ecu,sex_t,est_sizeaggregate_sge50,mts_aggregate_total,2022,42.28
ecu,sex_t,est_sizeaggregate_sge50,mts_aggregate_total,2023,41.57
ecu,sex_t,est_sizeaggregate_sge50,mts_aggregate_total,2024,40.95
ecu,sex_t,est_sizeaggregate_sge50,mts_aggregate_total,2025,40.81
ecu,sex_t,est_sizeaggregate_sge50,mts_details_mrd,2013,43.86
ecu,sex_t,est_sizeaggregate_sge50,mts_details_mrd,2014,43.38
ecu,sex_t,est_sizeaggregate_sge50,mts_details_mrd,2015,43.7
ecu,sex_t,est_sizeaggregate_sge50,mts_details_mrd,2016,43.83
ecu,sex_t,est_sizeaggregate_sge50,mts_details_mrd,2017,43.69
ecu,sex_t,est_sizeaggregate_sge50,mts_details_mrd,2018,43.43
ecu,sex_t,est_sizeaggregate_sge50,mts_details_mrd,2019,42.59
ecu,sex_t,est_sizeaggregate_sge50,mts_details_mrd,2021,42.6
ecu,sex_t,est_sizeaggregate_sge50,mts_details_mrd,2022,42.8
ecu,sex_t,est_sizeaggregate_sge50,mts_details_mrd,2023,42.26
ecu,sex_t,est_sizeaggregate_sge50,mts_details_mrd,2024,41.49
ecu,sex_t,est_sizeaggregate_sge50,mts_details_mrd,2025,41.2
ecu,sex_t,est_sizeaggregate_sge50,mts_details_sep,2013,44.43
ecu,sex_t,est_sizeaggregate_sge50,mts_details_sep,2014,43.19
ecu,sex_t,est_sizeaggregate_sge50,mts_details_sep,2015,43.22
ecu,sex_t,est_sizeaggregate_sge50,mts_details_sep,2016,42.83
ecu,sex_t,est_sizeaggregate_sge50,mts_details_sep,2017,42.58
ecu,sex_t,est_sizeaggregate_sge50,mts_details_sep,2018,43.01
ecu,sex_t,est_sizeaggregate_sge50,mts_details_sep,2019,42.23
ecu,sex_t,est_sizeaggregate_sge50,mts_details_sep,2021,42.56
ecu,sex_t,est_sizeaggregate_sge50,mts_details_sep,2022,41.61
ecu,sex_t,est_sizeaggregate_sge50,mts_details_sep,2023,40.64
ecu,sex_t,est_sizeaggregate_sge50,mts_details_sep,2024,40.29
ecu,sex_t,est_sizeaggregate_sge50,mts_details_sep,2025,40.33
ecu,sex_t,est_sizeaggregate_sge50,mts_details_sgle,2013,42.59
ecu,sex_t,est_sizeaggregate_sge50,mts_details_sgle,2014,41.85
ecu,sex_t,est_sizeaggregate_sge50,mts_details_sgle,2015,42.07
ecu,sex_t,est_sizeaggregate_sge50,mts_details_sgle,2016,41.78
ecu,sex_t,est_sizeaggregate_sge50,mts_details_sgle,2017,41.98
ecu,sex_t,est_sizeaggregate_sge50,mts_details_sgle,2018,41.42
ecu,sex_t,est_sizeaggregate_sge50,mts_details_sgle,2019,40.92
ecu,sex_t,est_sizeaggregate_sge50,mts_details_sgle,2021,40.62
ecu,sex_t,est_sizeaggregate_sge50,mts_details_sgle,2022,40.93
ecu,sex_t,est_sizeaggregate_sge50,mts_details_sgle,2023,40.45
ecu,sex_t,est_sizeaggregate_sge50,mts_details_sgle,2024,39.8
ecu,sex_t,est_sizeaggregate_sge50,mts_details_sgle,2025,39.99
ecu,sex_t,est_sizeaggregate_sge50,mts_details_total,2013,44.02
ecu,sex_t,est_sizeaggregate_sge50,mts_details_total,2014,43.31
ecu,sex_t,est_sizeaggregate_sge50,mts_details_total,2015,43.61
ecu,sex_t,est_sizeaggregate_sge50,mts_details_total,2016,43.65
ecu,sex_t,est_sizeaggregate_sge50,mts_details_total,2017,43.48
ecu,sex_t,est_sizeaggregate_sge50,mts_details_total,2018,43.2
ecu,sex_t,est_sizeaggregate_sge50,mts_details_total,2019,42.42
ecu,sex_t,est_sizeaggregate_sge50,mts_details_total,2021,42.17
ecu,sex_t,est_sizeaggregate_sge50,mts_details_total,2022,42.28
ecu,sex_t,est_sizeaggregate_sge50,mts_details_total,2023,41.57
ecu,sex_t,est_sizeaggregate_sge50,mts_details_total,2024,40.95
ecu,sex_t,est_sizeaggregate_sge50,mts_details_total,2025,40.81
ecu,sex_t,est_sizeaggregate_sge50,mts_details_union,2013,46.37
ecu,sex_t,est_sizeaggregate_sge50,mts_details_union,2014,45.06
ecu,sex_t,est_sizeaggregate_sge50,mts_details_union,2015,45.2
ecu,sex_t,est_sizeaggregate_sge50,mts_details_union,2016,45.5
ecu,sex_t,est_sizeaggregate_sge50,mts_details_union,2017,45
ecu,sex_t,est_sizeaggregate_sge50,mts_details_union,2018,44.72
ecu,sex_t,est_sizeaggregate_sge50,mts_details_union,2019,43.93
ecu,sex_t,est_sizeaggregate_sge50,mts_details_union,2021,42.92
ecu,sex_t,est_sizeaggregate_sge50,mts_details_union,2022,43.36
ecu,sex_t,est_sizeaggregate_sge50,mts_details_union,2023,42.31
ecu,sex_t,est_sizeaggregate_sge50,mts_details_union,2024,41.92
ecu,sex_t,est_sizeaggregate_sge50,mts_details_union,2025,41.46
ecu,sex_t,est_sizeaggregate_sge50,mts_details_wid,2013,43.72
ecu,sex_t,est_sizeaggregate_sge50,mts_details_wid,2014,41.94
ecu,sex_t,est_sizeaggregate_sge50,mts_details_wid,2015,42.93
ecu,sex_t,est_sizeaggregate_sge50,mts_details_wid,2016,41.79
ecu,sex_t,est_sizeaggregate_sge50,mts_details_wid,2017,42.8
ecu,sex_t,est_sizeaggregate_sge50,mts_details_wid,2018,43.46
ecu,sex_t,est_sizeaggregate_sge50,mts_details_wid,2019,41.55
ecu,sex_t,est_sizeaggregate_sge50,mts_details_wid,2021,41.2
ecu,sex_t,est_sizeaggregate_sge50,mts_details_wid,2022,39.43
ecu,sex_t,est_sizeaggregate_sge50,mts_details_wid,2023,40.93
ecu,sex_t,est_sizeaggregate_sge50,mts_details_wid,2024,38.52
ecu,sex_t,est_sizeaggregate_sge50,mts_details_wid,2025,40.25
ecu,sex_t,est_sizeaggregate_total,mts_aggregate_1,2013,38.05
ecu,sex_t,est_sizeaggregate_total,mts_aggregate_1,2014,37.6
ecu,sex_t,est_sizeaggregate_total,mts_aggregate_1,2015,36.51
ecu,sex_t,est_sizeaggregate_total,mts_aggregate_1,2016,34.59
ecu,sex_t,est_sizeaggregate_total,mts_aggregate_1,2017,34.29
ecu,sex_t,est_sizeaggregate_total,mts_aggregate_1,2018,34.84
ecu,sex_t,est_sizeaggregate_total,mts_aggregate_1,2019,34.13
ecu,sex_t,est_sizeaggregate_total,mts_aggregate_1,2021,32.08
ecu,sex_t,est_sizeaggregate_total,mts_aggregate_1,2022,31.65
ecu,sex_t,est_sizeaggregate_total,mts_aggregate_1,2023,32.26
ecu,sex_t,est_sizeaggregate_total,mts_aggregate_1,2024,31.77
ecu,sex_t,est_sizeaggregate_total,mts_aggregate_1,2025,32.17
ecu,sex_t,est_sizeaggregate_total,mts_aggregate_2,2013,41.49
ecu,sex_t,est_sizeaggregate_total,mts_aggregate_2,2014,40.63
ecu,sex_t,est_sizeaggregate_total,mts_aggregate_2,2015,40.2
ecu,sex_t,est_sizeaggregate_total,mts_aggregate_2,2016,39.14
ecu,sex_t,est_sizeaggregate_total,mts_aggregate_2,2017,38.95
ecu,sex_t,est_sizeaggregate_total,mts_aggregate_2,2018,39.1
ecu,sex_t,est_sizeaggregate_total,mts_aggregate_2,2019,38.28
ecu,sex_t,est_sizeaggregate_total,mts_aggregate_2,2021,36.02
ecu,sex_t,est_sizeaggregate_total,mts_aggregate_2,2022,35.8
ecu,sex_t,est_sizeaggregate_total,mts_aggregate_2,2023,36.64
ecu,sex_t,est_sizeaggregate_total,mts_aggregate_2,2024,35.1
ecu,sex_t,est_sizeaggregate_total,mts_aggregate_2,2025,35.64
ecu,sex_t,est_sizeaggregate_total,mts_aggregate_total,2013,40.09
ecu,sex_t,est_sizeaggregate_total,mts_aggregate_total,2014,39.48
ecu,sex_t,est_sizeaggregate_total,mts_aggregate_total,2015,38.86
ecu,sex_t,est_sizeaggregate_total,mts_aggregate_total,2016,37.5
ecu,sex_t,est_sizeaggregate_total,mts_aggregate_total,2017,37.23
ecu,sex_t,est_sizeaggregate_total,mts_aggregate_total,2018,37.46
ecu,sex_t,est_sizeaggregate_total,mts_aggregate_total,2019,36.64
ecu,sex_t,est_sizeaggregate_total,mts_aggregate_total,2021,34.4
ecu,sex_t,est_sizeaggregate_total,mts_aggregate_total,2022,34.05
ecu,sex_t,est_sizeaggregate_total,mts_aggregate_total,2023,34.74
ecu,sex_t,est_sizeaggregate_total,mts_aggregate_total,2024,33.67
ecu,sex_t,est_sizeaggregate_total,mts_aggregate_total,2025,34.13
ecu,sex_t,est_sizeaggregate_total,mts_details_mrd,2013,41.37
ecu,sex_t,est_sizeaggregate_total,mts_details_mrd,2014,40.68
ecu,sex_t,est_sizeaggregate_total,mts_details_mrd,2015,40.41
ecu,sex_t,est_sizeaggregate_total,mts_details_mrd,2016,39.37
ecu,sex_t,est_sizeaggregate_total,mts_details_mrd,2017,39.14
ecu,sex_t,est_sizeaggregate_total,mts_details_mrd,2018,39.35
ecu,sex_t,est_sizeaggregate_total,mts_details_mrd,2019,38.64
ecu,sex_t,est_sizeaggregate_total,mts_details_mrd,2021,36.52
ecu,sex_t,est_sizeaggregate_total,mts_details_mrd,2022,36.1
ecu,sex_t,est_sizeaggregate_total,mts_details_mrd,2023,36.84
ecu,sex_t,est_sizeaggregate_total,mts_details_mrd,2024,35.52
ecu,sex_t,est_sizeaggregate_total,mts_details_mrd,2025,36.07
ecu,sex_t,est_sizeaggregate_total,mts_details_sep,2013,39.33
ecu,sex_t,est_sizeaggregate_total,mts_details_sep,2014,38.29
ecu,sex_t,est_sizeaggregate_total,mts_details_sep,2015,38.21
ecu,sex_t,est_sizeaggregate_total,mts_details_sep,2016,36.46
ecu,sex_t,est_sizeaggregate_total,mts_details_sep,2017,36.14
ecu,sex_t,est_sizeaggregate_total,mts_details_sep,2018,36.95
ecu,sex_t,est_sizeaggregate_total,mts_details_sep,2019,36.21
ecu,sex_t,est_sizeaggregate_total,mts_details_sep,2021,33.48
ecu,sex_t,est_sizeaggregate_total,mts_details_sep,2022,33.01
ecu,sex_t,est_sizeaggregate_total,mts_details_sep,2023,33.65
ecu,sex_t,est_sizeaggregate_total,mts_details_sep,2024,33.09
ecu,sex_t,est_sizeaggregate_total,mts_details_sep,2025,33.34
ecu,sex_t,est_sizeaggregate_total,mts_details_sgle,2013,37.94
ecu,sex_t,est_sizeaggregate_total,mts_details_sgle,2014,37.69
ecu,sex_t,est_sizeaggregate_total,mts_details_sgle,2015,36.2
ecu,sex_t,est_sizeaggregate_total,mts_details_sgle,2016,34.24
ecu,sex_t,est_sizeaggregate_total,mts_details_sgle,2017,33.88
ecu,sex_t,est_sizeaggregate_total,mts_details_sgle,2018,34.29
ecu,sex_t,est_sizeaggregate_total,mts_details_sgle,2019,33.7
ecu,sex_t,est_sizeaggregate_total,mts_details_sgle,2021,31.83
ecu,sex_t,est_sizeaggregate_total,mts_details_sgle,2022,31.52
ecu,sex_t,est_sizeaggregate_total,mts_details_sgle,2023,32.27
ecu,sex_t,est_sizeaggregate_total,mts_details_sgle,2024,31.71
ecu,sex_t,est_sizeaggregate_total,mts_details_sgle,2025,32.02
ecu,sex_t,est_sizeaggregate_total,mts_details_total,2013,40.09
ecu,sex_t,est_sizeaggregate_total,mts_details_total,2014,39.48
ecu,sex_t,est_sizeaggregate_total,mts_details_total,2015,38.86
ecu,sex_t,est_sizeaggregate_total,mts_details_total,2016,37.5
ecu,sex_t,est_sizeaggregate_total,mts_details_total,2017,37.23
ecu,sex_t,est_sizeaggregate_total,mts_details_total,2018,37.46
ecu,sex_t,est_sizeaggregate_total,mts_details_total,2019,36.64
ecu,sex_t,est_sizeaggregate_total,mts_details_total,2021,34.4
ecu,sex_t,est_sizeaggregate_total,mts_details_total,2022,34.05
ecu,sex_t,est_sizeaggregate_total,mts_details_total,2023,34.74
ecu,sex_t,est_sizeaggregate_total,mts_details_total,2024,33.67
ecu,sex_t,est_sizeaggregate_total,mts_details_total,2025,34.13
ecu,sex_t,est_sizeaggregate_total,mts_details_union,2013,41.74
ecu,sex_t,est_sizeaggregate_total,mts_details_union,2014,40.54
ecu,sex_t,est_sizeaggregate_total,mts_details_union,2015,39.86
ecu,sex_t,est_sizeaggregate_total,mts_details_union,2016,38.78
ecu,sex_t,est_sizeaggregate_total,mts_details_union,2017,38.67
ecu,sex_t,est_sizeaggregate_total,mts_details_union,2018,38.74
ecu,sex_t,est_sizeaggregate_total,mts_details_union,2019,37.75
ecu,sex_t,est_sizeaggregate_total,mts_details_union,2021,35.37
ecu,sex_t,est_sizeaggregate_total,mts_details_union,2022,35.4
ecu,sex_t,est_sizeaggregate_total,mts_details_union,2023,36.37
ecu,sex_t,est_sizeaggregate_total,mts_details_union,2024,34.58
ecu,sex_t,est_sizeaggregate_total,mts_details_union,2025,35.16
ecu,sex_t,est_sizeaggregate_total,mts_details_wid,2013,35.21
ecu,sex_t,est_sizeaggregate_total,mts_details_wid,2014,34.38
ecu,sex_t,est_sizeaggregate_total,mts_details_wid,2015,33.16
ecu,sex_t,est_sizeaggregate_total,mts_details_wid,2016,31.33
ecu,sex_t,est_sizeaggregate_total,mts_details_wid,2017,31.38
ecu,sex_t,est_sizeaggregate_total,mts_details_wid,2018,31.97
ecu,sex_t,est_sizeaggregate_total,mts_details_wid,2019,30.77
ecu,sex_t,est_sizeaggregate_total,mts_details_wid,2021,28.99
ecu,sex_t,est_sizeaggregate_total,mts_details_wid,2022,27.72
ecu,sex_t,est_sizeaggregate_total,mts_details_wid,2023,27.4
ecu,sex_t,est_sizeaggregate_total,mts_details_wid,2024,27.87
ecu,sex_t,est_sizeaggregate_total,mts_details_wid,2025,28.97
ecu,sex_t,est_sizeaggregate_x,mts_aggregate_1,2013,43.07
ecu,sex_t,est_sizeaggregate_x,mts_aggregate_1,2014,42.75
ecu,sex_t,est_sizeaggregate_x,mts_aggregate_1,2015,42.35
ecu,sex_t,est_sizeaggregate_x,mts_aggregate_1,2016,42.44
ecu,sex_t,est_sizeaggregate_x,mts_aggregate_1,2017,41.94
ecu,sex_t,est_sizeaggregate_x,mts_aggregate_1,2018,42.06
ecu,sex_t,est_sizeaggregate_x,mts_aggregate_1,2019,40.45
ecu,sex_t,est_sizeaggregate_x,mts_aggregate_1,2021,40.75
ecu,sex_t,est_sizeaggregate_x,mts_aggregate_1,2022,39.81
ecu,sex_t,est_sizeaggregate_x,mts_aggregate_1,2023,40.6
ecu,sex_t,est_sizeaggregate_x,mts_aggregate_1,2024,40.35
ecu,sex_t,est_sizeaggregate_x,mts_aggregate_1,2025,40.37
ecu,sex_t,est_sizeaggregate_x,mts_aggregate_2,2013,46.22
ecu,sex_t,est_sizeaggregate_x,mts_aggregate_2,2014,44.5
ecu,sex_t,est_sizeaggregate_x,mts_aggregate_2,2015,44.8
ecu,sex_t,est_sizeaggregate_x,mts_aggregate_2,2016,44.69
ecu,sex_t,est_sizeaggregate_x,mts_aggregate_2,2017,44.05
ecu,sex_t,est_sizeaggregate_x,mts_aggregate_2,2018,44.08
ecu,sex_t,est_sizeaggregate_x,mts_aggregate_2,2019,43.68
ecu,sex_t,est_sizeaggregate_x,mts_aggregate_2,2021,42.07
ecu,sex_t,est_sizeaggregate_x,mts_aggregate_2,2022,43.33
ecu,sex_t,est_sizeaggregate_x,mts_aggregate_2,2023,42.12
ecu,sex_t,est_sizeaggregate_x,mts_aggregate_2,2024,40.83
ecu,sex_t,est_sizeaggregate_x,mts_aggregate_2,2025,41.73
ecu,sex_t,est_sizeaggregate_x,mts_aggregate_total,2013,44.89
ecu,sex_t,est_sizeaggregate_x,mts_aggregate_total,2014,43.84
ecu,sex_t,est_sizeaggregate_x,mts_aggregate_total,2015,43.96
ecu,sex_t,est_sizeaggregate_x,mts_aggregate_total,2016,43.87
ecu,sex_t,est_sizeaggregate_x,mts_aggregate_total,2017,43.3
ecu,sex_t,est_sizeaggregate_x,mts_aggregate_total,2018,43.29
ecu,sex_t,est_sizeaggregate_x,mts_aggregate_total,2019,42.38
ecu,sex_t,est_sizeaggregate_x,mts_aggregate_total,2021,41.58
ecu,sex_t,est_sizeaggregate_x,mts_aggregate_total,2022,41.92
ecu,sex_t,est_sizeaggregate_x,mts_aggregate_total,2023,41.5
ecu,sex_t,est_sizeaggregate_x,mts_aggregate_total,2024,40.62
ecu,sex_t,est_sizeaggregate_x,mts_aggregate_total,2025,41.14
ecu,sex_t,est_sizeaggregate_x,mts_details_mrd,2013,45.08
ecu,sex_t,est_sizeaggregate_x,mts_details_mrd,2014,43.7
ecu,sex_t,est_sizeaggregate_x,mts_details_mrd,2015,44.67
ecu,sex_t,est_sizeaggregate_x,mts_details_mrd,2016,44.21
ecu,sex_t,est_sizeaggregate_x,mts_details_mrd,2017,43.83
ecu,sex_t,est_sizeaggregate_x,mts_details_mrd,2018,43.54
ecu,sex_t,est_sizeaggregate_x,mts_details_mrd,2019,43.26
ecu,sex_t,est_sizeaggregate_x,mts_details_mrd,2021,42.28
ecu,sex_t,est_sizeaggregate_x,mts_details_mrd,2022,43.4
ecu,sex_t,est_sizeaggregate_x,mts_details_mrd,2023,43.15
ecu,sex_t,est_sizeaggregate_x,mts_details_mrd,2024,41.06
ecu,sex_t,est_sizeaggregate_x,mts_details_mrd,2025,41.38
ecu,sex_t,est_sizeaggregate_x,mts_details_sep,2013,45.7
ecu,sex_t,est_sizeaggregate_x,mts_details_sep,2014,42.33
ecu,sex_t,est_sizeaggregate_x,mts_details_sep,2015,42.39
ecu,sex_t,est_sizeaggregate_x,mts_details_sep,2016,42.93
ecu,sex_t,est_sizeaggregate_x,mts_details_sep,2017,43.06
ecu,sex_t,est_sizeaggregate_x,mts_details_sep,2018,42.11
ecu,sex_t,est_sizeaggregate_x,mts_details_sep,2019,41.45
ecu,sex_t,est_sizeaggregate_x,mts_details_sep,2021,42.1
ecu,sex_t,est_sizeaggregate_x,mts_details_sep,2022,41.77
ecu,sex_t,est_sizeaggregate_x,mts_details_sep,2023,39.76
ecu,sex_t,est_sizeaggregate_x,mts_details_sep,2024,41.85
ecu,sex_t,est_sizeaggregate_x,mts_details_sep,2025,40.76
ecu,sex_t,est_sizeaggregate_x,mts_details_sgle,2013,42.29
ecu,sex_t,est_sizeaggregate_x,mts_details_sgle,2014,43.13
ecu,sex_t,est_sizeaggregate_x,mts_details_sgle,2015,42.4
ecu,sex_t,est_sizeaggregate_x,mts_details_sgle,2016,42.22
ecu,sex_t,est_sizeaggregate_x,mts_details_sgle,2017,41.92
ecu,sex_t,est_sizeaggregate_x,mts_details_sgle,2018,42.14
ecu,sex_t,est_sizeaggregate_x,mts_details_sgle,2019,40.2
ecu,sex_t,est_sizeaggregate_x,mts_details_sgle,2021,40.16
ecu,sex_t,est_sizeaggregate_x,mts_details_sgle,2022,38.92
ecu,sex_t,est_sizeaggregate_x,mts_details_sgle,2023,40.78
ecu,sex_t,est_sizeaggregate_x,mts_details_sgle,2024,39.56
ecu,sex_t,est_sizeaggregate_x,mts_details_sgle,2025,40.31
ecu,sex_t,est_sizeaggregate_x,mts_details_total,2013,44.89
ecu,sex_t,est_sizeaggregate_x,mts_details_total,2014,43.84
ecu,sex_t,est_sizeaggregate_x,mts_details_total,2015,43.96
ecu,sex_t,est_sizeaggregate_x,mts_details_total,2016,43.87
ecu,sex_t,est_sizeaggregate_x,mts_details_total,2017,43.3
ecu,sex_t,est_sizeaggregate_x,mts_details_total,2018,43.29
ecu,sex_t,est_sizeaggregate_x,mts_details_total,2019,42.38
ecu,sex_t,est_sizeaggregate_x,mts_details_total,2021,41.58
ecu,sex_t,est_sizeaggregate_x,mts_details_total,2022,41.92
ecu,sex_t,est_sizeaggregate_x,mts_details_total,2023,41.5
ecu,sex_t,est_sizeaggregate_x,mts_details_total,2024,40.62
ecu,sex_t,est_sizeaggregate_x,mts_details_total,2025,41.14
ecu,sex_t,est_sizeaggregate_x,mts_details_union,2013,47.99
ecu,sex_t,est_sizeaggregate_x,mts_details_union,2014,45.54
ecu,sex_t,est_sizeaggregate_x,mts_details_union,2015,44.94
ecu,sex_t,est_sizeaggregate_x,mts_details_union,2016,45.21
ecu,sex_t,est_sizeaggregate_x,mts_details_union,2017,44.32
ecu,sex_t,est_sizeaggregate_x,mts_details_union,2018,44.74
ecu,sex_t,est_sizeaggregate_x,mts_details_union,2019,44.2
ecu,sex_t,est_sizeaggregate_x,mts_details_union,2021,41.87
ecu,sex_t,est_sizeaggregate_x,mts_details_union,2022,43.26
ecu,sex_t,est_sizeaggregate_x,mts_details_union,2023,40.91
ecu,sex_t,est_sizeaggregate_x,mts_details_union,2024,40.58
ecu,sex_t,est_sizeaggregate_x,mts_details_union,2025,42.08
ecu,sex_t,est_sizeaggregate_x,mts_details_wid,2013,42.33
ecu,sex_t,est_sizeaggregate_x,mts_details_wid,2014,38.82
ecu,sex_t,est_sizeaggregate_x,mts_details_wid,2015,40.61
ecu,sex_t,est_sizeaggregate_x,mts_details_wid,2016,41.76
ecu,sex_t,est_sizeaggregate_x,mts_details_wid,2017,30.01
ecu,sex_t,est_sizeaggregate_x,mts_details_wid,2018,39.57
ecu,sex_t,est_sizeaggregate_x,mts_details_wid,2019,38.28
ecu,sex_t,est_sizeaggregate_x,mts_details_wid,2021,41.84
ecu,sex_t,est_sizeaggregate_x,mts_details_wid,2022,38.98
ecu,sex_t,est_sizeaggregate_x,mts_details_wid,2023,45.84
ecu,sex_t,est_sizeaggregate_x,mts_details_wid,2024,43.28
ecu,sex_t,est_sizeaggregate_x,mts_details_wid,2025,35.18
ecu,sex_t,est_sizedetails_s1,mts_aggregate_1,2013,35.41
ecu,sex_t,est_sizedetails_s1,mts_aggregate_1,2014,34.48
ecu,sex_t,est_sizedetails_s1,mts_aggregate_1,2015,33.44
ecu,sex_t,est_sizedetails_s1,mts_aggregate_1,2016,31.29
ecu,sex_t,est_sizedetails_s1,mts_aggregate_1,2017,31.04
ecu,sex_t,est_sizedetails_s1,mts_aggregate_1,2018,32.58
ecu,sex_t,est_sizedetails_s1,mts_aggregate_1,2019,31.81
ecu,sex_t,est_sizedetails_s1,mts_aggregate_1,2021,29.25
ecu,sex_t,est_sizedetails_s1,mts_aggregate_1,2022,28.56
ecu,sex_t,est_sizedetails_s1,mts_aggregate_1,2023,29.05
ecu,sex_t,est_sizedetails_s1,mts_aggregate_1,2024,28.83
ecu,sex_t,est_sizedetails_s1,mts_aggregate_1,2025,29.23
ecu,sex_t,est_sizedetails_s1,mts_aggregate_2,2013,38.4
ecu,sex_t,est_sizedetails_s1,mts_aggregate_2,2014,37.4
ecu,sex_t,est_sizedetails_s1,mts_aggregate_2,2015,36.47
ecu,sex_t,est_sizedetails_s1,mts_aggregate_2,2016,34.29
ecu,sex_t,est_sizedetails_s1,mts_aggregate_2,2017,34.69
ecu,sex_t,est_sizedetails_s1,mts_aggregate_2,2018,35.15
ecu,sex_t,est_sizedetails_s1,mts_aggregate_2,2019,34.51
ecu,sex_t,est_sizedetails_s1,mts_aggregate_2,2021,31.99
ecu,sex_t,est_sizedetails_s1,mts_aggregate_2,2022,31.98
ecu,sex_t,est_sizedetails_s1,mts_aggregate_2,2023,33.05
ecu,sex_t,est_sizedetails_s1,mts_aggregate_2,2024,31.96
ecu,sex_t,est_sizedetails_s1,mts_aggregate_2,2025,32.6
ecu,sex_t,est_sizedetails_s1,mts_aggregate_total,2013,37.2
ecu,sex_t,est_sizedetails_s1,mts_aggregate_total,2014,36.3
ecu,sex_t,est_sizedetails_s1,mts_aggregate_total,2015,35.36
ecu,sex_t,est_sizedetails_s1,mts_aggregate_total,2016,33.18
ecu,sex_t,est_sizedetails_s1,mts_aggregate_total,2017,33.29
ecu,sex_t,est_sizedetails_s1,mts_aggregate_total,2018,34.11
ecu,sex_t,est_sizedetails_s1,mts_aggregate_total,2019,33.4
ecu,sex_t,est_sizedetails_s1,mts_aggregate_total,2021,30.78
ecu,sex_t,est_sizedetails_s1,mts_aggregate_total,2022,30.39
ecu,sex_t,est_sizedetails_s1,mts_aggregate_total,2023,31.16
ecu,sex_t,est_sizedetails_s1,mts_aggregate_total,2024,30.49
ecu,sex_t,est_sizedetails_s1,mts_aggregate_total,2025,30.97
ecu,sex_t,est_sizedetails_s1,mts_details_mrd,2013,38.58
ecu,sex_t,est_sizedetails_s1,mts_details_mrd,2014,37.83
ecu,sex_t,est_sizedetails_s1,mts_details_mrd,2015,37.02
ecu,sex_t,est_sizedetails_s1,mts_details_mrd,2016,35.14
ecu,sex_t,est_sizedetails_s1,mts_details_mrd,2017,35.16
ecu,sex_t,est_sizedetails_s1,mts_details_mrd,2018,35.63
ecu,sex_t,est_sizedetails_s1,mts_details_mrd,2019,34.96
ecu,sex_t,est_sizedetails_s1,mts_details_mrd,2021,32.35
ecu,sex_t,est_sizedetails_s1,mts_details_mrd,2022,32.27
ecu,sex_t,est_sizedetails_s1,mts_details_mrd,2023,33.09
ecu,sex_t,est_sizedetails_s1,mts_details_mrd,2024,32.36
ecu,sex_t,est_sizedetails_s1,mts_details_mrd,2025,33.03
ecu,sex_t,est_sizedetails_s1,mts_details_sep,2013,35.45
ecu,sex_t,est_sizedetails_s1,mts_details_sep,2014,34.04
ecu,sex_t,est_sizedetails_s1,mts_details_sep,2015,33.49
ecu,sex_t,est_sizedetails_s1,mts_details_sep,2016,31.07
ecu,sex_t,est_sizedetails_s1,mts_details_sep,2017,31.07
ecu,sex_t,est_sizedetails_s1,mts_details_sep,2018,32.88
ecu,sex_t,est_sizedetails_s1,mts_details_sep,2019,32.36
ecu,sex_t,est_sizedetails_s1,mts_details_sep,2021,29.26
ecu,sex_t,est_sizedetails_s1,mts_details_sep,2022,28.62
ecu,sex_t,est_sizedetails_s1,mts_details_sep,2023,29.43
ecu,sex_t,est_sizedetails_s1,mts_details_sep,2024,29.21
ecu,sex_t,est_sizedetails_s1,mts_details_sep,2025,29.12
ecu,sex_t,est_sizedetails_s1,mts_details_sgle,2013,36.44
ecu,sex_t,est_sizedetails_s1,mts_details_sgle,2014,35.98
ecu,sex_t,est_sizedetails_s1,mts_details_sgle,2015,34.69
ecu,sex_t,est_sizedetails_s1,mts_details_sgle,2016,32.39
ecu,sex_t,est_sizedetails_s1,mts_details_sgle,2017,31.98
ecu,sex_t,est_sizedetails_s1,mts_details_sgle,2018,33.35
ecu,sex_t,est_sizedetails_s1,mts_details_sgle,2019,32.51
ecu,sex_t,est_sizedetails_s1,mts_details_sgle,2021,30.22
ecu,sex_t,est_sizedetails_s1,mts_details_sgle,2022,29.82
ecu,sex_t,est_sizedetails_s1,mts_details_sgle,2023,30.18
ecu,sex_t,est_sizedetails_s1,mts_details_sgle,2024,29.54
ecu,sex_t,est_sizedetails_s1,mts_details_sgle,2025,30
ecu,sex_t,est_sizedetails_s1,mts_details_total,2013,37.2
ecu,sex_t,est_sizedetails_s1,mts_details_total,2014,36.3
ecu,sex_t,est_sizedetails_s1,mts_details_total,2015,35.36
ecu,sex_t,est_sizedetails_s1,mts_details_total,2016,33.18
ecu,sex_t,est_sizedetails_s1,mts_details_total,2017,33.29
ecu,sex_t,est_sizedetails_s1,mts_details_total,2018,34.11
ecu,sex_t,est_sizedetails_s1,mts_details_total,2019,33.4
ecu,sex_t,est_sizedetails_s1,mts_details_total,2021,30.78
ecu,sex_t,est_sizedetails_s1,mts_details_total,2022,30.39
ecu,sex_t,est_sizedetails_s1,mts_details_total,2023,31.16
ecu,sex_t,est_sizedetails_s1,mts_details_total,2024,30.49
ecu,sex_t,est_sizedetails_s1,mts_details_total,2025,30.97
ecu,sex_t,est_sizedetails_s1,mts_details_union,2013,38.03
ecu,sex_t,est_sizedetails_s1,mts_details_union,2014,36.64
ecu,sex_t,est_sizedetails_s1,mts_details_union,2015,35.63
ecu,sex_t,est_sizedetails_s1,mts_details_union,2016,33.08
ecu,sex_t,est_sizedetails_s1,mts_details_union,2017,34
ecu,sex_t,est_sizedetails_s1,mts_details_union,2018,34.52
ecu,sex_t,est_sizedetails_s1,mts_details_union,2019,33.91
ecu,sex_t,est_sizedetails_s1,mts_details_union,2021,31.56
ecu,sex_t,est_sizedetails_s1,mts_details_union,2022,31.61
ecu,sex_t,est_sizedetails_s1,mts_details_union,2023,32.99
ecu,sex_t,est_sizedetails_s1,mts_details_union,2024,31.48
ecu,sex_t,est_sizedetails_s1,mts_details_union,2025,32.09
ecu,sex_t,est_sizedetails_s1,mts_details_wid,2013,32.74
ecu,sex_t,est_sizedetails_s1,mts_details_wid,2014,31.52
ecu,sex_t,est_sizedetails_s1,mts_details_wid,2015,29.83
ecu,sex_t,est_sizedetails_s1,mts_details_wid,2016,28.7
ecu,sex_t,est_sizedetails_s1,mts_details_wid,2017,28.04
ecu,sex_t,est_sizedetails_s1,mts_details_wid,2018,29.36
ecu,sex_t,est_sizedetails_s1,mts_details_wid,2019,28.13
ecu,sex_t,est_sizedetails_s1,mts_details_wid,2021,26.02
ecu,sex_t,est_sizedetails_s1,mts_details_wid,2022,24.49
ecu,sex_t,est_sizedetails_s1,mts_details_wid,2023,24.74
ecu,sex_t,est_sizedetails_s1,mts_details_wid,2024,25.61
ecu,sex_t,est_sizedetails_s1,mts_details_wid,2025,26.95
ecu,sex_t,est_sizedetails_s10_19,mts_aggregate_1,2013,40.75
ecu,sex_t,est_sizedetails_s10_19,mts_aggregate_1,2014,40.58
ecu,sex_t,est_sizedetails_s10_19,mts_aggregate_1,2015,39.89
ecu,sex_t,est_sizedetails_s10_19,mts_aggregate_1,2016,39.4
ecu,sex_t,est_sizedetails_s10_19,mts_aggregate_1,2017,38.59
ecu,sex_t,est_sizedetails_s10_19,mts_aggregate_1,2018,40.65
ecu,sex_t,est_sizedetails_s10_19,mts_aggregate_1,2019,38.47
ecu,sex_t,est_sizedetails_s10_19,mts_aggregate_1,2021,38.29
ecu,sex_t,est_sizedetails_s10_19,mts_aggregate_1,2022,36.7
ecu,sex_t,est_sizedetails_s10_19,mts_aggregate_1,2023,37.97
ecu,sex_t,est_sizedetails_s10_19,mts_aggregate_1,2024,37.41
ecu,sex_t,est_sizedetails_s10_19,mts_aggregate_1,2025,38.07
ecu,sex_t,est_sizedetails_s10_19,mts_aggregate_2,2013,43.62
ecu,sex_t,est_sizedetails_s10_19,mts_aggregate_2,2014,42.61
ecu,sex_t,est_sizedetails_s10_19,mts_aggregate_2,2015,42.89
ecu,sex_t,est_sizedetails_s10_19,mts_aggregate_2,2016,42.62
ecu,sex_t,est_sizedetails_s10_19,mts_aggregate_2,2017,42.72
ecu,sex_t,est_sizedetails_s10_19,mts_aggregate_2,2018,42.46
ecu,sex_t,est_sizedetails_s10_19,mts_aggregate_2,2019,41.23
ecu,sex_t,est_sizedetails_s10_19,mts_aggregate_2,2021,40.36
ecu,sex_t,est_sizedetails_s10_19,mts_aggregate_2,2022,39.59
ecu,sex_t,est_sizedetails_s10_19,mts_aggregate_2,2023,40.51
ecu,sex_t,est_sizedetails_s10_19,mts_aggregate_2,2024,39.68
ecu,sex_t,est_sizedetails_s10_19,mts_aggregate_2,2025,40.27
ecu,sex_t,est_sizedetails_s10_19,mts_aggregate_total,2013,42.32
ecu,sex_t,est_sizedetails_s10_19,mts_aggregate_total,2014,41.78
ecu,sex_t,est_sizedetails_s10_19,mts_aggregate_total,2015,41.73
ecu,sex_t,est_sizedetails_s10_19,mts_aggregate_total,2016,41.38
ecu,sex_t,est_sizedetails_s10_19,mts_aggregate_total,2017,41.14
ecu,sex_t,est_sizedetails_s10_19,mts_aggregate_total,2018,41.72
ecu,sex_t,est_sizedetails_s10_19,mts_aggregate_total,2019,40.13
ecu,sex_t,est_sizedetails_s10_19,mts_aggregate_total,2021,39.4
ecu,sex_t,est_sizedetails_s10_19,mts_aggregate_total,2022,38.25
ecu,sex_t,est_sizedetails_s10_19,mts_aggregate_total,2023,39.35
ecu,sex_t,est_sizedetails_s10_19,mts_aggregate_total,2024,38.53
ecu,sex_t,est_sizedetails_s10_19,mts_aggregate_total,2025,39.15
ecu,sex_t,est_sizedetails_s10_19,mts_details_mrd,2013,43.57
ecu,sex_t,est_sizedetails_s10_19,mts_details_mrd,2014,42.55
ecu,sex_t,est_sizedetails_s10_19,mts_details_mrd,2015,42.87
ecu,sex_t,est_sizedetails_s10_19,mts_details_mrd,2016,42.24
ecu,sex_t,est_sizedetails_s10_19,mts_details_mrd,2017,42.82
ecu,sex_t,est_sizedetails_s10_19,mts_details_mrd,2018,42.56
ecu,sex_t,est_sizedetails_s10_19,mts_details_mrd,2019,41.22
ecu,sex_t,est_sizedetails_s10_19,mts_details_mrd,2021,40.81
ecu,sex_t,est_sizedetails_s10_19,mts_details_mrd,2022,40.15
ecu,sex_t,est_sizedetails_s10_19,mts_details_mrd,2023,41.13
ecu,sex_t,est_sizedetails_s10_19,mts_details_mrd,2024,40.08
ecu,sex_t,est_sizedetails_s10_19,mts_details_mrd,2025,41.13
ecu,sex_t,est_sizedetails_s10_19,mts_details_sep,2013,41.99
ecu,sex_t,est_sizedetails_s10_19,mts_details_sep,2014,42.47
ecu,sex_t,est_sizedetails_s10_19,mts_details_sep,2015,41.2
ecu,sex_t,est_sizedetails_s10_19,mts_details_sep,2016,40.72
ecu,sex_t,est_sizedetails_s10_19,mts_details_sep,2017,41.83
ecu,sex_t,est_sizedetails_s10_19,mts_details_sep,2018,42.12
ecu,sex_t,est_sizedetails_s10_19,mts_details_sep,2019,40.11
ecu,sex_t,est_sizedetails_s10_19,mts_details_sep,2021,38.33
ecu,sex_t,est_sizedetails_s10_19,mts_details_sep,2022,36.21
ecu,sex_t,est_sizedetails_s10_19,mts_details_sep,2023,39.2
ecu,sex_t,est_sizedetails_s10_19,mts_details_sep,2024,39.35
ecu,sex_t,est_sizedetails_s10_19,mts_details_sep,2025,38.78
ecu,sex_t,est_sizedetails_s10_19,mts_details_sgle,2013,40.51
ecu,sex_t,est_sizedetails_s10_19,mts_details_sgle,2014,40.05
ecu,sex_t,est_sizedetails_s10_19,mts_details_sgle,2015,39.4
ecu,sex_t,est_sizedetails_s10_19,mts_details_sgle,2016,38.91
ecu,sex_t,est_sizedetails_s10_19,mts_details_sgle,2017,37.67
ecu,sex_t,est_sizedetails_s10_19,mts_details_sgle,2018,40.11
ecu,sex_t,est_sizedetails_s10_19,mts_details_sgle,2019,37.8
ecu,sex_t,est_sizedetails_s10_19,mts_details_sgle,2021,38.56
ecu,sex_t,est_sizedetails_s10_19,mts_details_sgle,2022,36.91
ecu,sex_t,est_sizedetails_s10_19,mts_details_sgle,2023,37.63
ecu,sex_t,est_sizedetails_s10_19,mts_details_sgle,2024,37.04
ecu,sex_t,est_sizedetails_s10_19,mts_details_sgle,2025,37.87
ecu,sex_t,est_sizedetails_s10_19,mts_details_total,2013,42.32
ecu,sex_t,est_sizedetails_s10_19,mts_details_total,2014,41.78
ecu,sex_t,est_sizedetails_s10_19,mts_details_total,2015,41.73
ecu,sex_t,est_sizedetails_s10_19,mts_details_total,2016,41.38
ecu,sex_t,est_sizedetails_s10_19,mts_details_total,2017,41.14
ecu,sex_t,est_sizedetails_s10_19,mts_details_total,2018,41.72
ecu,sex_t,est_sizedetails_s10_19,mts_details_total,2019,40.13
ecu,sex_t,est_sizedetails_s10_19,mts_details_total,2021,39.4
ecu,sex_t,est_sizedetails_s10_19,mts_details_total,2022,38.25
ecu,sex_t,est_sizedetails_s10_19,mts_details_total,2023,39.35
ecu,sex_t,est_sizedetails_s10_19,mts_details_total,2024,38.53
ecu,sex_t,est_sizedetails_s10_19,mts_details_total,2025,39.15
ecu,sex_t,est_sizedetails_s10_19,mts_details_union,2013,43.69
ecu,sex_t,est_sizedetails_s10_19,mts_details_union,2014,42.7
ecu,sex_t,est_sizedetails_s10_19,mts_details_union,2015,42.91
ecu,sex_t,est_sizedetails_s10_19,mts_details_union,2016,43.09
ecu,sex_t,est_sizedetails_s10_19,mts_details_union,2017,42.62
ecu,sex_t,est_sizedetails_s10_19,mts_details_union,2018,42.36
ecu,sex_t,est_sizedetails_s10_19,mts_details_union,2019,41.23
ecu,sex_t,est_sizedetails_s10_19,mts_details_union,2021,39.99
ecu,sex_t,est_sizedetails_s10_19,mts_details_union,2022,39.19
ecu,sex_t,est_sizedetails_s10_19,mts_details_union,2023,39.99
ecu,sex_t,est_sizedetails_s10_19,mts_details_union,2024,39.29
ecu,sex_t,est_sizedetails_s10_19,mts_details_union,2025,39.38
ecu,sex_t,est_sizedetails_s10_19,mts_details_wid,2013,39.28
ecu,sex_t,est_sizedetails_s10_19,mts_details_wid,2014,41.59
ecu,sex_t,est_sizedetails_s10_19,mts_details_wid,2015,41.87
ecu,sex_t,est_sizedetails_s10_19,mts_details_wid,2016,41.56
ecu,sex_t,est_sizedetails_s10_19,mts_details_wid,2017,39.63
ecu,sex_t,est_sizedetails_s10_19,mts_details_wid,2018,40.72
ecu,sex_t,est_sizedetails_s10_19,mts_details_wid,2019,41.61
ecu,sex_t,est_sizedetails_s10_19,mts_details_wid,2021,31.39
ecu,sex_t,est_sizedetails_s10_19,mts_details_wid,2022,34.7
ecu,sex_t,est_sizedetails_s10_19,mts_details_wid,2023,36.9
ecu,sex_t,est_sizedetails_s10_19,mts_details_wid,2024,33.42
ecu,sex_t,est_sizedetails_s10_19,mts_details_wid,2025,36.97
ecu,sex_t,est_sizedetails_s2_4,mts_aggregate_1,2013,35.84
ecu,sex_t,est_sizedetails_s2_4,mts_aggregate_1,2014,35.58
ecu,sex_t,est_sizedetails_s2_4,mts_aggregate_1,2015,34
ecu,sex_t,est_sizedetails_s2_4,mts_aggregate_1,2016,31.92
ecu,sex_t,est_sizedetails_s2_4,mts_aggregate_1,2017,31.79
ecu,sex_t,est_sizedetails_s2_4,mts_aggregate_1,2018,31.93
ecu,sex_t,est_sizedetails_s2_4,mts_aggregate_1,2019,31.56
ecu,sex_t,est_sizedetails_s2_4,mts_aggregate_1,2021,29.51
ecu,sex_t,est_sizedetails_s2_4,mts_aggregate_1,2022,29.28
ecu,sex_t,est_sizedetails_s2_4,mts_aggregate_1,2023,30.3
ecu,sex_t,est_sizedetails_s2_4,mts_aggregate_1,2024,29.64
ecu,sex_t,est_sizedetails_s2_4,mts_aggregate_1,2025,29.94
ecu,sex_t,est_sizedetails_s2_4,mts_aggregate_2,2013,40.91
ecu,sex_t,est_sizedetails_s2_4,mts_aggregate_2,2014,39.85
ecu,sex_t,est_sizedetails_s2_4,mts_aggregate_2,2015,39.14
ecu,sex_t,est_sizedetails_s2_4,mts_aggregate_2,2016,37.99
ecu,sex_t,est_sizedetails_s2_4,mts_aggregate_2,2017,37.76
ecu,sex_t,est_sizedetails_s2_4,mts_aggregate_2,2018,38.11
ecu,sex_t,est_sizedetails_s2_4,mts_aggregate_2,2019,37.2
ecu,sex_t,est_sizedetails_s2_4,mts_aggregate_2,2021,34.58
ecu,sex_t,est_sizedetails_s2_4,mts_aggregate_2,2022,33.81
ecu,sex_t,est_sizedetails_s2_4,mts_aggregate_2,2023,35.33
ecu,sex_t,est_sizedetails_s2_4,mts_aggregate_2,2024,33.55
ecu,sex_t,est_sizedetails_s2_4,mts_aggregate_2,2025,34.14
ecu,sex_t,est_sizedetails_s2_4,mts_aggregate_total,2013,38.91
ecu,sex_t,est_sizedetails_s2_4,mts_aggregate_total,2014,38.3
ecu,sex_t,est_sizedetails_s2_4,mts_aggregate_total,2015,37.31
ecu,sex_t,est_sizedetails_s2_4,mts_aggregate_total,2016,35.84
ecu,sex_t,est_sizedetails_s2_4,mts_aggregate_total,2017,35.6
ecu,sex_t,est_sizedetails_s2_4,mts_aggregate_total,2018,35.85
ecu,sex_t,est_sizedetails_s2_4,mts_aggregate_total,2019,35.06
ecu,sex_t,est_sizedetails_s2_4,mts_aggregate_total,2021,32.56
ecu,sex_t,est_sizedetails_s2_4,mts_aggregate_total,2022,32.05
ecu,sex_t,est_sizedetails_s2_4,mts_aggregate_total,2023,33.29
ecu,sex_t,est_sizedetails_s2_4,mts_aggregate_total,2024,31.98
ecu,sex_t,est_sizedetails_s2_4,mts_aggregate_total,2025,32.52
ecu,sex_t,est_sizedetails_s2_4,mts_details_mrd,2013,41.07
ecu,sex_t,est_sizedetails_s2_4,mts_details_mrd,2014,40.09
ecu,sex_t,est_sizedetails_s2_4,mts_details_mrd,2015,39.69
ecu,sex_t,est_sizedetails_s2_4,mts_details_mrd,2016,38.38
ecu,sex_t,est_sizedetails_s2_4,mts_details_mrd,2017,38.12
ecu,sex_t,est_sizedetails_s2_4,mts_details_mrd,2018,38.53
ecu,sex_t,est_sizedetails_s2_4,mts_details_mrd,2019,37.73
ecu,sex_t,est_sizedetails_s2_4,mts_details_mrd,2021,35.27
ecu,sex_t,est_sizedetails_s2_4,mts_details_mrd,2022,34.4
ecu,sex_t,est_sizedetails_s2_4,mts_details_mrd,2023,35.68
ecu,sex_t,est_sizedetails_s2_4,mts_details_mrd,2024,34.11
ecu,sex_t,est_sizedetails_s2_4,mts_details_mrd,2025,34.79
ecu,sex_t,est_sizedetails_s2_4,mts_details_sep,2013,39.22
ecu,sex_t,est_sizedetails_s2_4,mts_details_sep,2014,38.62
ecu,sex_t,est_sizedetails_s2_4,mts_details_sep,2015,39.05
ecu,sex_t,est_sizedetails_s2_4,mts_details_sep,2016,37.37
ecu,sex_t,est_sizedetails_s2_4,mts_details_sep,2017,36.43
ecu,sex_t,est_sizedetails_s2_4,mts_details_sep,2018,36.73
ecu,sex_t,est_sizedetails_s2_4,mts_details_sep,2019,36.55
ecu,sex_t,est_sizedetails_s2_4,mts_details_sep,2021,32.78
ecu,sex_t,est_sizedetails_s2_4,mts_details_sep,2022,32.79
ecu,sex_t,est_sizedetails_s2_4,mts_details_sep,2023,34.17
ecu,sex_t,est_sizedetails_s2_4,mts_details_sep,2024,33.3
ecu,sex_t,est_sizedetails_s2_4,mts_details_sep,2025,33.39
ecu,sex_t,est_sizedetails_s2_4,mts_details_sgle,2013,34.96
ecu,sex_t,est_sizedetails_s2_4,mts_details_sgle,2014,34.74
ecu,sex_t,est_sizedetails_s2_4,mts_details_sgle,2015,32.64
ecu,sex_t,est_sizedetails_s2_4,mts_details_sgle,2016,30.49
ecu,sex_t,est_sizedetails_s2_4,mts_details_sgle,2017,30.44
ecu,sex_t,est_sizedetails_s2_4,mts_details_sgle,2018,30.58
ecu,sex_t,est_sizedetails_s2_4,mts_details_sgle,2019,30.4
ecu,sex_t,est_sizedetails_s2_4,mts_details_sgle,2021,28.56
ecu,sex_t,est_sizedetails_s2_4,mts_details_sgle,2022,28.26
ecu,sex_t,est_sizedetails_s2_4,mts_details_sgle,2023,29.34
ecu,sex_t,est_sizedetails_s2_4,mts_details_sgle,2024,28.79
ecu,sex_t,est_sizedetails_s2_4,mts_details_sgle,2025,28.91
ecu,sex_t,est_sizedetails_s2_4,mts_details_total,2013,38.91
ecu,sex_t,est_sizedetails_s2_4,mts_details_total,2014,38.3
ecu,sex_t,est_sizedetails_s2_4,mts_details_total,2015,37.31
ecu,sex_t,est_sizedetails_s2_4,mts_details_total,2016,35.84
ecu,sex_t,est_sizedetails_s2_4,mts_details_total,2017,35.6
ecu,sex_t,est_sizedetails_s2_4,mts_details_total,2018,35.85
ecu,sex_t,est_sizedetails_s2_4,mts_details_total,2019,35.06
ecu,sex_t,est_sizedetails_s2_4,mts_details_total,2021,32.56
ecu,sex_t,est_sizedetails_s2_4,mts_details_total,2022,32.05
ecu,sex_t,est_sizedetails_s2_4,mts_details_total,2023,33.29
ecu,sex_t,est_sizedetails_s2_4,mts_details_total,2024,31.98
ecu,sex_t,est_sizedetails_s2_4,mts_details_total,2025,32.52
ecu,sex_t,est_sizedetails_s2_4,mts_details_union,2013,40.54
ecu,sex_t,est_sizedetails_s2_4,mts_details_union,2014,39.42
ecu,sex_t,est_sizedetails_s2_4,mts_details_union,2015,38.23
ecu,sex_t,est_sizedetails_s2_4,mts_details_union,2016,37.36
ecu,sex_t,est_sizedetails_s2_4,mts_details_union,2017,37.21
ecu,sex_t,est_sizedetails_s2_4,mts_details_union,2018,37.46
ecu,sex_t,est_sizedetails_s2_4,mts_details_union,2019,36.37
ecu,sex_t,est_sizedetails_s2_4,mts_details_union,2021,33.67
ecu,sex_t,est_sizedetails_s2_4,mts_details_union,2022,32.99
ecu,sex_t,est_sizedetails_s2_4,mts_details_union,2023,34.78
ecu,sex_t,est_sizedetails_s2_4,mts_details_union,2024,32.78
ecu,sex_t,est_sizedetails_s2_4,mts_details_union,2025,33.42
ecu,sex_t,est_sizedetails_s2_4,mts_details_wid,2013,36.64
ecu,sex_t,est_sizedetails_s2_4,mts_details_wid,2014,35.89
ecu,sex_t,est_sizedetails_s2_4,mts_details_wid,2015,34.7
ecu,sex_t,est_sizedetails_s2_4,mts_details_wid,2016,32.19
ecu,sex_t,est_sizedetails_s2_4,mts_details_wid,2017,33.23
ecu,sex_t,est_sizedetails_s2_4,mts_details_wid,2018,31.89
ecu,sex_t,est_sizedetails_s2_4,mts_details_wid,2019,30.32
ecu,sex_t,est_sizedetails_s2_4,mts_details_wid,2021,29.59
ecu,sex_t,est_sizedetails_s2_4,mts_details_wid,2022,29.62
ecu,sex_t,est_sizedetails_s2_4,mts_details_wid,2023,28.58
ecu,sex_t,est_sizedetails_s2_4,mts_details_wid,2024,28.57
ecu,sex_t,est_sizedetails_s2_4,mts_details_wid,2025,30.46
ecu,sex_t,est_sizedetails_s5_9,mts_aggregate_1,2013,37.51
ecu,sex_t,est_sizedetails_s5_9,mts_aggregate_1,2014,37.82
ecu,sex_t,est_sizedetails_s5_9,mts_aggregate_1,2015,35.93
ecu,sex_t,est_sizedetails_s5_9,mts_aggregate_1,2016,33.62
ecu,sex_t,est_sizedetails_s5_9,mts_aggregate_1,2017,32.95
ecu,sex_t,est_sizedetails_s5_9,mts_aggregate_1,2018,33.31
ecu,sex_t,est_sizedetails_s5_9,mts_aggregate_1,2019,32.77
ecu,sex_t,est_sizedetails_s5_9,mts_aggregate_1,2021,30.75
ecu,sex_t,est_sizedetails_s5_9,mts_aggregate_1,2022,29.93
ecu,sex_t,est_sizedetails_s5_9,mts_aggregate_1,2023,30.98
ecu,sex_t,est_sizedetails_s5_9,mts_aggregate_1,2024,29.84
ecu,sex_t,est_sizedetails_s5_9,mts_aggregate_1,2025,30.44
ecu,sex_t,est_sizedetails_s5_9,mts_aggregate_2,2013,42.16
ecu,sex_t,est_sizedetails_s5_9,mts_aggregate_2,2014,41.75
ecu,sex_t,est_sizedetails_s5_9,mts_aggregate_2,2015,41.17
ecu,sex_t,est_sizedetails_s5_9,mts_aggregate_2,2016,40.96
ecu,sex_t,est_sizedetails_s5_9,mts_aggregate_2,2017,40.19
ecu,sex_t,est_sizedetails_s5_9,mts_aggregate_2,2018,40.31
ecu,sex_t,est_sizedetails_s5_9,mts_aggregate_2,2019,40.29
ecu,sex_t,est_sizedetails_s5_9,mts_aggregate_2,2021,36.39
ecu,sex_t,est_sizedetails_s5_9,mts_aggregate_2,2022,36.55
ecu,sex_t,est_sizedetails_s5_9,mts_aggregate_2,2023,37.96
ecu,sex_t,est_sizedetails_s5_9,mts_aggregate_2,2024,33.89
ecu,sex_t,est_sizedetails_s5_9,mts_aggregate_2,2025,35.53
ecu,sex_t,est_sizedetails_s5_9,mts_aggregate_total,2013,40
ecu,sex_t,est_sizedetails_s5_9,mts_aggregate_total,2014,40.07
ecu,sex_t,est_sizedetails_s5_9,mts_aggregate_total,2015,39.05
ecu,sex_t,est_sizedetails_s5_9,mts_aggregate_total,2016,37.94
ecu,sex_t,est_sizedetails_s5_9,mts_aggregate_total,2017,37.13
ecu,sex_t,est_sizedetails_s5_9,mts_aggregate_total,2018,37.19
ecu,sex_t,est_sizedetails_s5_9,mts_aggregate_total,2019,36.87
ecu,sex_t,est_sizedetails_s5_9,mts_aggregate_total,2021,33.86
ecu,sex_t,est_sizedetails_s5_9,mts_aggregate_total,2022,33.4
ecu,sex_t,est_sizedetails_s5_9,mts_aggregate_total,2023,34.6
ecu,sex_t,est_sizedetails_s5_9,mts_aggregate_total,2024,32.11
ecu,sex_t,est_sizedetails_s5_9,mts_aggregate_total,2025,33.1
ecu,sex_t,est_sizedetails_s5_9,mts_details_mrd,2013,42.15
ecu,sex_t,est_sizedetails_s5_9,mts_details_mrd,2014,42.2
ecu,sex_t,est_sizedetails_s5_9,mts_details_mrd,2015,41.46
ecu,sex_t,est_sizedetails_s5_9,mts_details_mrd,2016,41.05
ecu,sex_t,est_sizedetails_s5_9,mts_details_mrd,2017,40.18
ecu,sex_t,est_sizedetails_s5_9,mts_details_mrd,2018,40.79
ecu,sex_t,est_sizedetails_s5_9,mts_details_mrd,2019,41.3
ecu,sex_t,est_sizedetails_s5_9,mts_details_mrd,2021,37.35
ecu,sex_t,est_sizedetails_s5_9,mts_details_mrd,2022,36.62
ecu,sex_t,est_sizedetails_s5_9,mts_details_mrd,2023,38.42
ecu,sex_t,est_sizedetails_s5_9,mts_details_mrd,2024,34.59
ecu,sex_t,est_sizedetails_s5_9,mts_details_mrd,2025,36.02
ecu,sex_t,est_sizedetails_s5_9,mts_details_sep,2013,41.36
ecu,sex_t,est_sizedetails_s5_9,mts_details_sep,2014,40.71
ecu,sex_t,est_sizedetails_s5_9,mts_details_sep,2015,40.85
ecu,sex_t,est_sizedetails_s5_9,mts_details_sep,2016,41.22
ecu,sex_t,est_sizedetails_s5_9,mts_details_sep,2017,40.75
ecu,sex_t,est_sizedetails_s5_9,mts_details_sep,2018,40.33
ecu,sex_t,est_sizedetails_s5_9,mts_details_sep,2019,38.58
ecu,sex_t,est_sizedetails_s5_9,mts_details_sep,2021,34.89
ecu,sex_t,est_sizedetails_s5_9,mts_details_sep,2022,35.96
ecu,sex_t,est_sizedetails_s5_9,mts_details_sep,2023,37.44
ecu,sex_t,est_sizedetails_s5_9,mts_details_sep,2024,34.09
ecu,sex_t,est_sizedetails_s5_9,mts_details_sep,2025,37.12
ecu,sex_t,est_sizedetails_s5_9,mts_details_sgle,2013,36.84
ecu,sex_t,est_sizedetails_s5_9,mts_details_sgle,2014,37.11
ecu,sex_t,est_sizedetails_s5_9,mts_details_sgle,2015,34.87
ecu,sex_t,est_sizedetails_s5_9,mts_details_sgle,2016,32.35
ecu,sex_t,est_sizedetails_s5_9,mts_details_sgle,2017,31.46
ecu,sex_t,est_sizedetails_s5_9,mts_details_sgle,2018,31.72
ecu,sex_t,est_sizedetails_s5_9,mts_details_sgle,2019,31.71
ecu,sex_t,est_sizedetails_s5_9,mts_details_sgle,2021,29.87
ecu,sex_t,est_sizedetails_s5_9,mts_details_sgle,2022,28.61
ecu,sex_t,est_sizedetails_s5_9,mts_details_sgle,2023,29.7
ecu,sex_t,est_sizedetails_s5_9,mts_details_sgle,2024,29
ecu,sex_t,est_sizedetails_s5_9,mts_details_sgle,2025,29.06
ecu,sex_t,est_sizedetails_s5_9,mts_details_total,2013,40
ecu,sex_t,est_sizedetails_s5_9,mts_details_total,2014,40.07
ecu,sex_t,est_sizedetails_s5_9,mts_details_total,2015,39.05
ecu,sex_t,est_sizedetails_s5_9,mts_details_total,2016,37.94
ecu,sex_t,est_sizedetails_s5_9,mts_details_total,2017,37.13
ecu,sex_t,est_sizedetails_s5_9,mts_details_total,2018,37.19
ecu,sex_t,est_sizedetails_s5_9,mts_details_total,2019,36.87
ecu,sex_t,est_sizedetails_s5_9,mts_details_total,2021,33.86
ecu,sex_t,est_sizedetails_s5_9,mts_details_total,2022,33.4
ecu,sex_t,est_sizedetails_s5_9,mts_details_total,2023,34.6
ecu,sex_t,est_sizedetails_s5_9,mts_details_total,2024,32.11
ecu,sex_t,est_sizedetails_s5_9,mts_details_total,2025,33.1
ecu,sex_t,est_sizedetails_s5_9,mts_details_union,2013,42.19
ecu,sex_t,est_sizedetails_s5_9,mts_details_union,2014,41.2
ecu,sex_t,est_sizedetails_s5_9,mts_details_union,2015,40.83
ecu,sex_t,est_sizedetails_s5_9,mts_details_union,2016,40.84
ecu,sex_t,est_sizedetails_s5_9,mts_details_union,2017,40.2
ecu,sex_t,est_sizedetails_s5_9,mts_details_union,2018,39.72
ecu,sex_t,est_sizedetails_s5_9,mts_details_union,2019,38.86
ecu,sex_t,est_sizedetails_s5_9,mts_details_union,2021,35.33
ecu,sex_t,est_sizedetails_s5_9,mts_details_union,2022,36.48
ecu,sex_t,est_sizedetails_s5_9,mts_details_union,2023,37.37
ecu,sex_t,est_sizedetails_s5_9,mts_details_union,2024,33.2
ecu,sex_t,est_sizedetails_s5_9,mts_details_union,2025,35.14
ecu,sex_t,est_sizedetails_s5_9,mts_details_wid,2013,37
ecu,sex_t,est_sizedetails_s5_9,mts_details_wid,2014,38.91
ecu,sex_t,est_sizedetails_s5_9,mts_details_wid,2015,36.44
ecu,sex_t,est_sizedetails_s5_9,mts_details_wid,2016,33.72
ecu,sex_t,est_sizedetails_s5_9,mts_details_wid,2017,35.92
ecu,sex_t,est_sizedetails_s5_9,mts_details_wid,2018,34.92
ecu,sex_t,est_sizedetails_s5_9,mts_details_wid,2019,35.58
ecu,sex_t,est_sizedetails_s5_9,mts_details_wid,2021,33.12
ecu,sex_t,est_sizedetails_s5_9,mts_details_wid,2022,34.69
ecu,sex_t,est_sizedetails_s5_9,mts_details_wid,2023,30.3
ecu,sex_t,est_sizedetails_s5_9,mts_details_wid,2024,33.02
ecu,sex_t,est_sizedetails_s5_9,mts_details_wid,2025,30.19
ecu,sex_t,est_sizedetails_sge50,mts_aggregate_1,2013,43.08
ecu,sex_t,est_sizedetails_sge50,mts_aggregate_1,2014,42.21
ecu,sex_t,est_sizedetails_sge50,mts_aggregate_1,2015,42.42
ecu,sex_t,est_sizedetails_sge50,mts_aggregate_1,2016,42.06
ecu,sex_t,est_sizedetails_sge50,mts_aggregate_1,2017,42.17
ecu,sex_t,est_sizedetails_sge50,mts_aggregate_1,2018,41.93
ecu,sex_t,est_sizedetails_sge50,mts_aggregate_1,2019,41.3
ecu,sex_t,est_sizedetails_sge50,mts_aggregate_1,2021,41.24
ecu,sex_t,est_sizedetails_sge50,mts_aggregate_1,2022,41.09
ecu,sex_t,est_sizedetails_sge50,mts_aggregate_1,2023,40.52
ecu,sex_t,est_sizedetails_sge50,mts_aggregate_1,2024,39.9
ecu,sex_t,est_sizedetails_sge50,mts_aggregate_1,2025,40.1
ecu,sex_t,est_sizedetails_sge50,mts_aggregate_2,2013,44.64
ecu,sex_t,est_sizedetails_sge50,mts_aggregate_2,2014,43.96
ecu,sex_t,est_sizedetails_sge50,mts_aggregate_2,2015,44.25
ecu,sex_t,est_sizedetails_sge50,mts_aggregate_2,2016,44.44
ecu,sex_t,est_sizedetails_sge50,mts_aggregate_2,2017,44.16
ecu,sex_t,est_sizedetails_sge50,mts_aggregate_2,2018,43.92
ecu,sex_t,est_sizedetails_sge50,mts_aggregate_2,2019,43.08
ecu,sex_t,est_sizedetails_sge50,mts_aggregate_2,2021,42.73
ecu,sex_t,est_sizedetails_sge50,mts_aggregate_2,2022,43.03
ecu,sex_t,est_sizedetails_sge50,mts_aggregate_2,2023,42.28
ecu,sex_t,est_sizedetails_sge50,mts_aggregate_2,2024,41.67
ecu,sex_t,est_sizedetails_sge50,mts_aggregate_2,2025,41.31
ecu,sex_t,est_sizedetails_sge50,mts_aggregate_total,2013,44.02
ecu,sex_t,est_sizedetails_sge50,mts_aggregate_total,2014,43.31
ecu,sex_t,est_sizedetails_sge50,mts_aggregate_total,2015,43.61
ecu,sex_t,est_sizedetails_sge50,mts_aggregate_total,2016,43.65
ecu,sex_t,est_sizedetails_sge50,mts_aggregate_total,2017,43.48
ecu,sex_t,est_sizedetails_sge50,mts_aggregate_total,2018,43.2
ecu,sex_t,est_sizedetails_sge50,mts_aggregate_total,2019,42.42
ecu,sex_t,est_sizedetails_sge50,mts_aggregate_total,2021,42.17
ecu,sex_t,est_sizedetails_sge50,mts_aggregate_total,2022,42.28
ecu,sex_t,est_sizedetails_sge50,mts_aggregate_total,2023,41.57
ecu,sex_t,est_sizedetails_sge50,mts_aggregate_total,2024,40.95
ecu,sex_t,est_sizedetails_sge50,mts_aggregate_total,2025,40.81
ecu,sex_t,est_sizedetails_sge50,mts_details_mrd,2013,43.86
ecu,sex_t,est_sizedetails_sge50,mts_details_mrd,2014,43.38
ecu,sex_t,est_sizedetails_sge50,mts_details_mrd,2015,43.7
ecu,sex_t,est_sizedetails_sge50,mts_details_mrd,2016,43.83
ecu,sex_t,est_sizedetails_sge50,mts_details_mrd,2017,43.69
ecu,sex_t,est_sizedetails_sge50,mts_details_mrd,2018,43.43
ecu,sex_t,est_sizedetails_sge50,mts_details_mrd,2019,42.59
ecu,sex_t,est_sizedetails_sge50,mts_details_mrd,2021,42.6
ecu,sex_t,est_sizedetails_sge50,mts_details_mrd,2022,42.8
ecu,sex_t,est_sizedetails_sge50,mts_details_mrd,2023,42.26
ecu,sex_t,est_sizedetails_sge50,mts_details_mrd,2024,41.49
ecu,sex_t,est_sizedetails_sge50,mts_details_mrd,2025,41.2
ecu,sex_t,est_sizedetails_sge50,mts_details_sep,2013,44.43
ecu,sex_t,est_sizedetails_sge50,mts_details_sep,2014,43.19
ecu,sex_t,est_sizedetails_sge50,mts_details_sep,2015,43.22
ecu,sex_t,est_sizedetails_sge50,mts_details_sep,2016,42.83
ecu,sex_t,est_sizedetails_sge50,mts_details_sep,2017,42.58
ecu,sex_t,est_sizedetails_sge50,mts_details_sep,2018,43.01
ecu,sex_t,est_sizedetails_sge50,mts_details_sep,2019,42.23
ecu,sex_t,est_sizedetails_sge50,mts_details_sep,2021,42.56
ecu,sex_t,est_sizedetails_sge50,mts_details_sep,2022,41.61
ecu,sex_t,est_sizedetails_sge50,mts_details_sep,2023,40.64
ecu,sex_t,est_sizedetails_sge50,mts_details_sep,2024,40.29
ecu,sex_t,est_sizedetails_sge50,mts_details_sep,2025,40.33
ecu,sex_t,est_sizedetails_sge50,mts_details_sgle,2013,42.59
ecu,sex_t,est_sizedetails_sge50,mts_details_sgle,2014,41.85
ecu,sex_t,est_sizedetails_sge50,mts_details_sgle,2015,42.07
ecu,sex_t,est_sizedetails_sge50,mts_details_sgle,2016,41.78
ecu,sex_t,est_sizedetails_sge50,mts_details_sgle,2017,41.98
ecu,sex_t,est_sizedetails_sge50,mts_details_sgle,2018,41.42
ecu,sex_t,est_sizedetails_sge50,mts_details_sgle,2019,40.92
ecu,sex_t,est_sizedetails_sge50,mts_details_sgle,2021,40.62
ecu,sex_t,est_sizedetails_sge50,mts_details_sgle,2022,40.93
ecu,sex_t,est_sizedetails_sge50,mts_details_sgle,2023,40.45
ecu,sex_t,est_sizedetails_sge50,mts_details_sgle,2024,39.8
ecu,sex_t,est_sizedetails_sge50,mts_details_sgle,2025,39.99
ecu,sex_t,est_sizedetails_sge50,mts_details_total,2013,44.02
ecu,sex_t,est_sizedetails_sge50,mts_details_total,2014,43.31
ecu,sex_t,est_sizedetails_sge50,mts_details_total,2015,43.61
ecu,sex_t,est_sizedetails_sge50,mts_details_total,2016,43.65
ecu,sex_t,est_sizedetails_sge50,mts_details_total,2017,43.48
ecu,sex_t,est_sizedetails_sge50,mts_details_total,2018,43.2
ecu,sex_t,est_sizedetails_sge50,mts_details_total,2019,42.42
ecu,sex_t,est_sizedetails_sge50,mts_details_total,2021,42.17
ecu,sex_t,est_sizedetails_sge50,mts_details_total,2022,42.28
ecu,sex_t,est_sizedetails_sge50,mts_details_total,2023,41.57
ecu,sex_t,est_sizedetails_sge50,mts_details_total,2024,40.95
ecu,sex_t,est_sizedetails_sge50,mts_details_total,2025,40.81
ecu,sex_t,est_sizedetails_sge50,mts_details_union,2013,46.37
ecu,sex_t,est_sizedetails_sge50,mts_details_union,2014,45.06
ecu,sex_t,est_sizedetails_sge50,mts_details_union,2015,45.2
ecu,sex_t,est_sizedetails_sge50,mts_details_union,2016,45.5
ecu,sex_t,est_sizedetails_sge50,mts_details_union,2017,45
ecu,sex_t,est_sizedetails_sge50,mts_details_union,2018,44.72
ecu,sex_t,est_sizedetails_sge50,mts_details_union,2019,43.93
ecu,sex_t,est_sizedetails_sge50,mts_details_union,2021,42.92
ecu,sex_t,est_sizedetails_sge50,mts_details_union,2022,43.36
ecu,sex_t,est_sizedetails_sge50,mts_details_union,2023,42.31
ecu,sex_t,est_sizedetails_sge50,mts_details_union,2024,41.92
ecu,sex_t,est_sizedetails_sge50,mts_details_union,2025,41.46
ecu,sex_t,est_sizedetails_sge50,mts_details_wid,2013,43.72
ecu,sex_t,est_sizedetails_sge50,mts_details_wid,2014,41.94
ecu,sex_t,est_sizedetails_sge50,mts_details_wid,2015,42.93
ecu,sex_t,est_sizedetails_sge50,mts_details_wid,2016,41.79
ecu,sex_t,est_sizedetails_sge50,mts_details_wid,2017,42.8
ecu,sex_t,est_sizedetails_sge50,mts_details_wid,2018,43.46
ecu,sex_t,est_sizedetails_sge50,mts_details_wid,2019,41.55
ecu,sex_t,est_sizedetails_sge50,mts_details_wid,2021,41.2
ecu,sex_t,est_sizedetails_sge50,mts_details_wid,2022,39.43
ecu,sex_t,est_sizedetails_sge50,mts_details_wid,2023,40.93
ecu,sex_t,est_sizedetails_sge50,mts_details_wid,2024,38.52
ecu,sex_t,est_sizedetails_sge50,mts_details_wid,2025,40.25
ecu,sex_t,est_sizedetails_total,mts_aggregate_1,2013,38.05
ecu,sex_t,est_sizedetails_total,mts_aggregate_1,2014,37.6
ecu,sex_t,est_sizedetails_total,mts_aggregate_1,2015,36.51
ecu,sex_t,est_sizedetails_total,mts_aggregate_1,2016,34.59
ecu,sex_t,est_sizedetails_total,mts_aggregate_1,2017,34.29
ecu,sex_t,est_sizedetails_total,mts_aggregate_1,2018,34.84
ecu,sex_t,est_sizedetails_total,mts_aggregate_1,2019,34.13
ecu,sex_t,est_sizedetails_total,mts_aggregate_1,2021,32.08
ecu,sex_t,est_sizedetails_total,mts_aggregate_1,2022,31.65
ecu,sex_t,est_sizedetails_total,mts_aggregate_1,2023,32.26
ecu,sex_t,est_sizedetails_total,mts_aggregate_1,2024,31.77
ecu,sex_t,est_sizedetails_total,mts_aggregate_1,2025,32.17
ecu,sex_t,est_sizedetails_total,mts_aggregate_2,2013,41.49
ecu,sex_t,est_sizedetails_total,mts_aggregate_2,2014,40.63
ecu,sex_t,est_sizedetails_total,mts_aggregate_2,2015,40.2
ecu,sex_t,est_sizedetails_total,mts_aggregate_2,2016,39.14
ecu,sex_t,est_sizedetails_total,mts_aggregate_2,2017,38.95
ecu,sex_t,est_sizedetails_total,mts_aggregate_2,2018,39.1
ecu,sex_t,est_sizedetails_total,mts_aggregate_2,2019,38.28
ecu,sex_t,est_sizedetails_total,mts_aggregate_2,2021,36.02
ecu,sex_t,est_sizedetails_total,mts_aggregate_2,2022,35.8
ecu,sex_t,est_sizedetails_total,mts_aggregate_2,2023,36.64
ecu,sex_t,est_sizedetails_total,mts_aggregate_2,2024,35.1
ecu,sex_t,est_sizedetails_total,mts_aggregate_2,2025,35.64
ecu,sex_t,est_sizedetails_total,mts_aggregate_total,2013,40.09
ecu,sex_t,est_sizedetails_total,mts_aggregate_total,2014,39.48
ecu,sex_t,est_sizedetails_total,mts_aggregate_total,2015,38.86
ecu,sex_t,est_sizedetails_total,mts_aggregate_total,2016,37.5
ecu,sex_t,est_sizedetails_total,mts_aggregate_total,2017,37.23
ecu,sex_t,est_sizedetails_total,mts_aggregate_total,2018,37.46
ecu,sex_t,est_sizedetails_total,mts_aggregate_total,2019,36.64
ecu,sex_t,est_sizedetails_total,mts_aggregate_total,2021,34.4
ecu,sex_t,est_sizedetails_total,mts_aggregate_total,2022,34.05
ecu,sex_t,est_sizedetails_total,mts_aggregate_total,2023,34.74
ecu,sex_t,est_sizedetails_total,mts_aggregate_total,2024,33.67
ecu,sex_t,est_sizedetails_total,mts_aggregate_total,2025,34.13
ecu,sex_t,est_sizedetails_total,mts_details_mrd,2013,41.37
ecu,sex_t,est_sizedetails_total,mts_details_mrd,2014,40.68
ecu,sex_t,est_sizedetails_total,mts_details_mrd,2015,40.41
ecu,sex_t,est_sizedetails_total,mts_details_mrd,2016,39.37
ecu,sex_t,est_sizedetails_total,mts_details_mrd,2017,39.14
ecu,sex_t,est_sizedetails_total,mts_details_mrd,2018,39.35
ecu,sex_t,est_sizedetails_total,mts_details_mrd,2019,38.64
ecu,sex_t,est_sizedetails_total,mts_details_mrd,2021,36.52
ecu,sex_t,est_sizedetails_total,mts_details_mrd,2022,36.1
ecu,sex_t,est_sizedetails_total,mts_details_mrd,2023,36.84
ecu,sex_t,est_sizedetails_total,mts_details_mrd,2024,35.52
ecu,sex_t,est_sizedetails_total,mts_details_mrd,2025,36.07
ecu,sex_t,est_sizedetails_total,mts_details_sep,2013,39.33
ecu,sex_t,est_sizedetails_total,mts_details_sep,2014,38.29
ecu,sex_t,est_sizedetails_total,mts_details_sep,2015,38.21
ecu,sex_t,est_sizedetails_total,mts_details_sep,2016,36.46
ecu,sex_t,est_sizedetails_total,mts_details_sep,2017,36.14
ecu,sex_t,est_sizedetails_total,mts_details_sep,2018,36.95
ecu,sex_t,est_sizedetails_total,mts_details_sep,2019,36.21
ecu,sex_t,est_sizedetails_total,mts_details_sep,2021,33.48
ecu,sex_t,est_sizedetails_total,mts_details_sep,2022,33.01
ecu,sex_t,est_sizedetails_total,mts_details_sep,2023,33.65
ecu,sex_t,est_sizedetails_total,mts_details_sep,2024,33.09
ecu,sex_t,est_sizedetails_total,mts_details_sep,2025,33.34
ecu,sex_t,est_sizedetails_total,mts_details_sgle,2013,37.94
ecu,sex_t,est_sizedetails_total,mts_details_sgle,2014,37.69
ecu,sex_t,est_sizedetails_total,mts_details_sgle,2015,36.2
ecu,sex_t,est_sizedetails_total,mts_details_sgle,2016,34.24
ecu,sex_t,est_sizedetails_total,mts_details_sgle,2017,33.88
ecu,sex_t,est_sizedetails_total,mts_details_sgle,2018,34.29
ecu,sex_t,est_sizedetails_total,mts_details_sgle,2019,33.7
ecu,sex_t,est_sizedetails_total,mts_details_sgle,2021,31.83
ecu,sex_t,est_sizedetails_total,mts_details_sgle,2022,31.52
ecu,sex_t,est_sizedetails_total,mts_details_sgle,2023,32.27
ecu,sex_t,est_sizedetails_total,mts_details_sgle,2024,31.71
ecu,sex_t,est_sizedetails_total,mts_details_sgle,2025,32.02
ecu,sex_t,est_sizedetails_total,mts_details_total,2013,40.09
ecu,sex_t,est_sizedetails_total,mts_details_total,2014,39.48
ecu,sex_t,est_sizedetails_total,mts_details_total,2015,38.86
ecu,sex_t,est_sizedetails_total,mts_details_total,2016,37.5
ecu,sex_t,est_sizedetails_total,mts_details_total,2017,37.23
ecu,sex_t,est_sizedetails_total,mts_details_total,2018,37.46
ecu,sex_t,est_sizedetails_total,mts_details_total,2019,36.64
ecu,sex_t,est_sizedetails_total,mts_details_total,2021,34.4
ecu,sex_t,est_sizedetails_total,mts_details_total,2022,34.05
ecu,sex_t,est_sizedetails_total,mts_details_total,2023,34.74
ecu,sex_t,est_sizedetails_total,mts_details_total,2024,33.67
ecu,sex_t,est_sizedetails_total,mts_details_total,2025,34.13
ecu,sex_t,est_sizedetails_total,mts_details_union,2013,41.74
ecu,sex_t,est_sizedetails_total,mts_details_union,2014,40.54
ecu,sex_t,est_sizedetails_total,mts_details_union,2015,39.86
ecu,sex_t,est_sizedetails_total,mts_details_union,2016,38.78
ecu,sex_t,est_sizedetails_total,mts_details_union,2017,38.67
ecu,sex_t,est_sizedetails_total,mts_details_union,2018,38.74
ecu,sex_t,est_sizedetails_total,mts_details_union,2019,37.75
ecu,sex_t,est_sizedetails_total,mts_details_union,2021,35.37
ecu,sex_t,est_sizedetails_total,mts_details_union,2022,35.4
ecu,sex_t,est_sizedetails_total,mts_details_union,2023,36.37
ecu,sex_t,est_sizedetails_total,mts_details_union,2024,34.58
ecu,sex_t,est_sizedetails_total,mts_details_union,2025,35.16
ecu,sex_t,est_sizedetails_total,mts_details_wid,2013,35.21
ecu,sex_t,est_sizedetails_total,mts_details_wid,2014,34.38
ecu,sex_t,est_sizedetails_total,mts_details_wid,2015,33.16
ecu,sex_t,est_sizedetails_total,mts_details_wid,2016,31.33
ecu,sex_t,est_sizedetails_total,mts_details_wid,2017,31.38
ecu,sex_t,est_sizedetails_total,mts_details_wid,2018,31.97
ecu,sex_t,est_sizedetails_total,mts_details_wid,2019,30.77
ecu,sex_t,est_sizedetails_total,mts_details_wid,2021,28.99
ecu,sex_t,est_sizedetails_total,mts_details_wid,2022,27.72
ecu,sex_t,est_sizedetails_total,mts_details_wid,2023,27.4
ecu,sex_t,est_sizedetails_total,mts_details_wid,2024,27.87
ecu,sex_t,est_sizedetails_total,mts_details_wid,2025,28.97
ecu,sex_t,est_sizedetails_x,mts_aggregate_1,2013,43.07
ecu,sex_t,est_sizedetails_x,mts_aggregate_1,2014,42.75
ecu,sex_t,est_sizedetails_x,mts_aggregate_1,2015,42.35
ecu,sex_t,est_sizedetails_x,mts_aggregate_1,2016,42.44
ecu,sex_t,est_sizedetails_x,mts_aggregate_1,2017,41.94
ecu,sex_t,est_sizedetails_x,mts_aggregate_1,2018,42.06
ecu,sex_t,est_sizedetails_x,mts_aggregate_1,2019,40.45
ecu,sex_t,est_sizedetails_x,mts_aggregate_1,2021,40.75
ecu,sex_t,est_sizedetails_x,mts_aggregate_1,2022,39.81
ecu,sex_t,est_sizedetails_x,mts_aggregate_1,2023,40.6
ecu,sex_t,est_sizedetails_x,mts_aggregate_1,2024,40.35
ecu,sex_t,est_sizedetails_x,mts_aggregate_1,2025,40.37
ecu,sex_t,est_sizedetails_x,mts_aggregate_2,2013,46.22
ecu,sex_t,est_sizedetails_x,mts_aggregate_2,2014,44.5
ecu,sex_t,est_sizedetails_x,mts_aggregate_2,2015,44.8
ecu,sex_t,est_sizedetails_x,mts_aggregate_2,2016,44.69
ecu,sex_t,est_sizedetails_x,mts_aggregate_2,2017,44.05
ecu,sex_t,est_sizedetails_x,mts_aggregate_2,2018,44.08
ecu,sex_t,est_sizedetails_x,mts_aggregate_2,2019,43.68
ecu,sex_t,est_sizedetails_x,mts_aggregate_2,2021,42.07
ecu,sex_t,est_sizedetails_x,mts_aggregate_2,2022,43.33
ecu,sex_t,est_sizedetails_x,mts_aggregate_2,2023,42.12
ecu,sex_t,est_sizedetails_x,mts_aggregate_2,2024,40.83
ecu,sex_t,est_sizedetails_x,mts_aggregate_2,2025,41.73
ecu,sex_t,est_sizedetails_x,mts_aggregate_total,2013,44.89
ecu,sex_t,est_sizedetails_x,mts_aggregate_total,2014,43.84
ecu,sex_t,est_sizedetails_x,mts_aggregate_total,2015,43.96
ecu,sex_t,est_sizedetails_x,mts_aggregate_total,2016,43.87
ecu,sex_t,est_sizedetails_x,mts_aggregate_total,2017,43.3
ecu,sex_t,est_sizedetails_x,mts_aggregate_total,2018,43.29
ecu,sex_t,est_sizedetails_x,mts_aggregate_total,2019,42.38
ecu,sex_t,est_sizedetails_x,mts_aggregate_total,2021,41.58
ecu,sex_t,est_sizedetails_x,mts_aggregate_total,2022,41.92
ecu,sex_t,est_sizedetails_x,mts_aggregate_total,2023,41.5
ecu,sex_t,est_sizedetails_x,mts_aggregate_total,2024,40.62
ecu,sex_t,est_sizedetails_x,mts_aggregate_total,2025,41.14
ecu,sex_t,est_sizedetails_x,mts_details_mrd,2013,45.08
ecu,sex_t,est_sizedetails_x,mts_details_mrd,2014,43.7
ecu,sex_t,est_sizedetails_x,mts_details_mrd,2015,44.67
ecu,sex_t,est_sizedetails_x,mts_details_mrd,2016,44.21
ecu,sex_t,est_sizedetails_x,mts_details_mrd,2017,43.83
ecu,sex_t,est_sizedetails_x,mts_details_mrd,2018,43.54
ecu,sex_t,est_sizedetails_x,mts_details_mrd,2019,43.26
ecu,sex_t,est_sizedetails_x,mts_details_mrd,2021,42.28
ecu,sex_t,est_sizedetails_x,mts_details_mrd,2022,43.4
ecu,sex_t,est_sizedetails_x,mts_details_mrd,2023,43.15
ecu,sex_t,est_sizedetails_x,mts_details_mrd,2024,41.06
ecu,sex_t,est_sizedetails_x,mts_details_mrd,2025,41.38
ecu,sex_t,est_sizedetails_x,mts_details_sep,2013,45.7
ecu,sex_t,est_sizedetails_x,mts_details_sep,2014,42.33
ecu,sex_t,est_sizedetails_x,mts_details_sep,2015,42.39
ecu,sex_t,est_sizedetails_x,mts_details_sep,2016,42.93
ecu,sex_t,est_sizedetails_x,mts_details_sep,2017,43.06
ecu,sex_t,est_sizedetails_x,mts_details_sep,2018,42.11
ecu,sex_t,est_sizedetails_x,mts_details_sep,2019,41.45
ecu,sex_t,est_sizedetails_x,mts_details_sep,2021,42.1
ecu,sex_t,est_sizedetails_x,mts_details_sep,2022,41.77
ecu,sex_t,est_sizedetails_x,mts_details_sep,2023,39.76
ecu,sex_t,est_sizedetails_x,mts_details_sep,2024,41.85
ecu,sex_t,est_sizedetails_x,mts_details_sep,2025,40.76
ecu,sex_t,est_sizedetails_x,mts_details_sgle,2013,42.29
ecu,sex_t,est_sizedetails_x,mts_details_sgle,2014,43.13
ecu,sex_t,est_sizedetails_x,mts_details_sgle,2015,42.4
ecu,sex_t,est_sizedetails_x,mts_details_sgle,2016,42.22
ecu,sex_t,est_sizedetails_x,mts_details_sgle,2017,41.92
ecu,sex_t,est_sizedetails_x,mts_details_sgle,2018,42.14
ecu,sex_t,est_sizedetails_x,mts_details_sgle,2019,40.2
ecu,sex_t,est_sizedetails_x,mts_details_sgle,2021,40.16
ecu,sex_t,est_sizedetails_x,mts_details_sgle,2022,38.92
ecu,sex_t,est_sizedetails_x,mts_details_sgle,2023,40.78
ecu,sex_t,est_sizedetails_x,mts_details_sgle,2024,39.56
ecu,sex_t,est_sizedetails_x,mts_details_sgle,2025,40.31
ecu,sex_t,est_sizedetails_x,mts_details_total,2013,44.89
ecu,sex_t,est_sizedetails_x,mts_details_total,2014,43.84
ecu,sex_t,est_sizedetails_x,mts_details_total,2015,43.96
ecu,sex_t,est_sizedetails_x,mts_details_total,2016,43.87
ecu,sex_t,est_sizedetails_x,mts_details_total,2017,43.3
ecu,sex_t,est_sizedetails_x,mts_details_total,2018,43.29
ecu,sex_t,est_sizedetails_x,mts_details_total,2019,42.38
ecu,sex_t,est_sizedetails_x,mts_details_total,2021,41.58
ecu,sex_t,est_sizedetails_x,mts_details_total,2022,41.92
ecu,sex_t,est_sizedetails_x,mts_details_total,2023,41.5
ecu,sex_t,est_sizedetails_x,mts_details_total,2024,40.62
ecu,sex_t,est_sizedetails_x,mts_details_total,2025,41.14
ecu,sex_t,est_sizedetails_x,mts_details_union,2013,47.99
ecu,sex_t,est_sizedetails_x,mts_details_union,2014,45.54
ecu,sex_t,est_sizedetails_x,mts_details_union,2015,44.94
ecu,sex_t,est_sizedetails_x,mts_details_union,2016,45.21
ecu,sex_t,est_sizedetails_x,mts_details_union,2017,44.32
ecu,sex_t,est_sizedetails_x,mts_details_union,2018,44.74
ecu,sex_t,est_sizedetails_x,mts_details_union,2019,44.2
ecu,sex_t,est_sizedetails_x,mts_details_union,2021,41.87
ecu,sex_t,est_sizedetails_x,mts_details_union,2022,43.26
ecu,sex_t,est_sizedetails_x,mts_details_union,2023,40.91
ecu,sex_t,est_sizedetails_x,mts_details_union,2024,40.58
ecu,sex_t,est_sizedetails_x,mts_details_union,2025,42.08
ecu,sex_t,est_sizedetails_x,mts_details_wid,2013,42.33
ecu,sex_t,est_sizedetails_x,mts_details_wid,2014,38.82
ecu,sex_t,est_sizedetails_x,mts_details_wid,2015,40.61
ecu,sex_t,est_sizedetails_x,mts_details_wid,2016,41.76
ecu,sex_t,est_sizedetails_x,mts_details_wid,2017,30.01
ecu,sex_t,est_sizedetails_x,mts_details_wid,2018,39.57
ecu,sex_t,est_sizedetails_x,mts_details_wid,2019,38.28
ecu,sex_t,est_sizedetails_x,mts_details_wid,2021,41.84
ecu,sex_t,est_sizedetails_x,mts_details_wid,2022,38.98
ecu,sex_t,est_sizedetails_x,mts_details_wid,2023,45.84
ecu,sex_t,est_sizedetails_x,mts_details_wid,2024,43.28
ecu,sex_t,est_sizedetails_x,mts_details_wid,2025,35.18
