ref_area,sex,classif1,classif2,time,emp_norm_sex_skl_eco_nb
est,sex_f,skl_skill_match,eco_aggregate_agr,2006,4.435
est,sex_f,skl_skill_match,eco_aggregate_agr,2007,5.804
est,sex_f,skl_skill_match,eco_aggregate_agr,2008,4.731
est,sex_f,skl_skill_match,eco_aggregate_agr,2009,4.315
est,sex_f,skl_skill_match,eco_aggregate_agr,2010,4.115
est,sex_f,skl_skill_match,eco_aggregate_agr,2011,3.841
est,sex_f,skl_skill_match,eco_aggregate_agr,2012,4.459
est,sex_f,skl_skill_match,eco_aggregate_agr,2013,3.381
est,sex_f,skl_skill_match,eco_aggregate_agr,2014,3.691
est,sex_f,skl_skill_match,eco_aggregate_agr,2015,4.388
est,sex_f,skl_skill_match,eco_aggregate_agr,2016,3.484
est,sex_f,skl_skill_match,eco_aggregate_agr,2017,2.943
est,sex_f,skl_skill_match,eco_aggregate_agr,2018,2.42
est,sex_f,skl_skill_match,eco_aggregate_agr,2019,2.28
est,sex_f,skl_skill_match,eco_aggregate_agr,2020,2.202
est,sex_f,skl_skill_match,eco_aggregate_agr,2021,1.997
est,sex_f,skl_skill_match,eco_aggregate_agr,2022,2.764
est,sex_f,skl_skill_match,eco_aggregate_agr,2023,1.691
est,sex_f,skl_skill_match,eco_aggregate_con,2006,2.804
est,sex_f,skl_skill_match,eco_aggregate_con,2007,4.917
est,sex_f,skl_skill_match,eco_aggregate_con,2008,5.193
est,sex_f,skl_skill_match,eco_aggregate_con,2009,3.277
est,sex_f,skl_skill_match,eco_aggregate_con,2010,1.208
est,sex_f,skl_skill_match,eco_aggregate_con,2011,3.351
est,sex_f,skl_skill_match,eco_aggregate_con,2012,2.941
est,sex_f,skl_skill_match,eco_aggregate_con,2013,1.997
est,sex_f,skl_skill_match,eco_aggregate_con,2014,2.413
est,sex_f,skl_skill_match,eco_aggregate_con,2015,2.556
est,sex_f,skl_skill_match,eco_aggregate_con,2016,2.894
est,sex_f,skl_skill_match,eco_aggregate_con,2017,2.505
est,sex_f,skl_skill_match,eco_aggregate_con,2018,2.558
est,sex_f,skl_skill_match,eco_aggregate_con,2019,1.846
est,sex_f,skl_skill_match,eco_aggregate_con,2020,1.541
est,sex_f,skl_skill_match,eco_aggregate_con,2021,2.125
est,sex_f,skl_skill_match,eco_aggregate_con,2022,3.101
est,sex_f,skl_skill_match,eco_aggregate_con,2023,3.173
est,sex_f,skl_skill_match,eco_aggregate_man,2006,38.776
est,sex_f,skl_skill_match,eco_aggregate_man,2007,36.633
est,sex_f,skl_skill_match,eco_aggregate_man,2008,39.519
est,sex_f,skl_skill_match,eco_aggregate_man,2009,31.676
est,sex_f,skl_skill_match,eco_aggregate_man,2010,27.862
est,sex_f,skl_skill_match,eco_aggregate_man,2011,31.462
est,sex_f,skl_skill_match,eco_aggregate_man,2012,29.536
est,sex_f,skl_skill_match,eco_aggregate_man,2013,28.207
est,sex_f,skl_skill_match,eco_aggregate_man,2014,28.541
est,sex_f,skl_skill_match,eco_aggregate_man,2015,27.658
est,sex_f,skl_skill_match,eco_aggregate_man,2016,29.989
est,sex_f,skl_skill_match,eco_aggregate_man,2017,30.839
est,sex_f,skl_skill_match,eco_aggregate_man,2018,32.076
est,sex_f,skl_skill_match,eco_aggregate_man,2019,30.897
est,sex_f,skl_skill_match,eco_aggregate_man,2020,27.29
est,sex_f,skl_skill_match,eco_aggregate_man,2021,29.509
est,sex_f,skl_skill_match,eco_aggregate_man,2022,28.358
est,sex_f,skl_skill_match,eco_aggregate_man,2023,26.144
est,sex_f,skl_skill_match,eco_aggregate_mel,2006,0.997
est,sex_f,skl_skill_match,eco_aggregate_mel,2007,0.652
est,sex_f,skl_skill_match,eco_aggregate_mel,2008,1.554
est,sex_f,skl_skill_match,eco_aggregate_mel,2009,2.263
est,sex_f,skl_skill_match,eco_aggregate_mel,2010,1.952
est,sex_f,skl_skill_match,eco_aggregate_mel,2011,1.811
est,sex_f,skl_skill_match,eco_aggregate_mel,2012,1.187
est,sex_f,skl_skill_match,eco_aggregate_mel,2013,0.878
est,sex_f,skl_skill_match,eco_aggregate_mel,2014,1.316
est,sex_f,skl_skill_match,eco_aggregate_mel,2015,1.715
est,sex_f,skl_skill_match,eco_aggregate_mel,2016,1.254
est,sex_f,skl_skill_match,eco_aggregate_mel,2017,1.25
est,sex_f,skl_skill_match,eco_aggregate_mel,2018,1.459
est,sex_f,skl_skill_match,eco_aggregate_mel,2019,1.749
est,sex_f,skl_skill_match,eco_aggregate_mel,2020,1.421
est,sex_f,skl_skill_match,eco_aggregate_mel,2021,1.087
est,sex_f,skl_skill_match,eco_aggregate_mel,2022,1.51
est,sex_f,skl_skill_match,eco_aggregate_mel,2023,1.674
est,sex_f,skl_skill_match,eco_aggregate_mkt,2006,63.449
est,sex_f,skl_skill_match,eco_aggregate_mkt,2007,59.397
est,sex_f,skl_skill_match,eco_aggregate_mkt,2008,62.943
est,sex_f,skl_skill_match,eco_aggregate_mkt,2009,60.91
est,sex_f,skl_skill_match,eco_aggregate_mkt,2010,54.484
est,sex_f,skl_skill_match,eco_aggregate_mkt,2011,58.192
est,sex_f,skl_skill_match,eco_aggregate_mkt,2012,57.144
est,sex_f,skl_skill_match,eco_aggregate_mkt,2013,57.515
est,sex_f,skl_skill_match,eco_aggregate_mkt,2014,66.068
est,sex_f,skl_skill_match,eco_aggregate_mkt,2015,68.583
est,sex_f,skl_skill_match,eco_aggregate_mkt,2016,74.705
est,sex_f,skl_skill_match,eco_aggregate_mkt,2017,74.702
est,sex_f,skl_skill_match,eco_aggregate_mkt,2018,72.066
est,sex_f,skl_skill_match,eco_aggregate_mkt,2019,71.14
est,sex_f,skl_skill_match,eco_aggregate_mkt,2020,68.631
est,sex_f,skl_skill_match,eco_aggregate_mkt,2021,73.559
est,sex_f,skl_skill_match,eco_aggregate_mkt,2022,82.172
est,sex_f,skl_skill_match,eco_aggregate_mkt,2023,83.856
est,sex_f,skl_skill_match,eco_aggregate_pub,2006,42.242
est,sex_f,skl_skill_match,eco_aggregate_pub,2007,41.668
est,sex_f,skl_skill_match,eco_aggregate_pub,2008,41.313
est,sex_f,skl_skill_match,eco_aggregate_pub,2009,38.441
est,sex_f,skl_skill_match,eco_aggregate_pub,2010,38.714
est,sex_f,skl_skill_match,eco_aggregate_pub,2011,40.193
est,sex_f,skl_skill_match,eco_aggregate_pub,2012,40.827
est,sex_f,skl_skill_match,eco_aggregate_pub,2013,40.299
est,sex_f,skl_skill_match,eco_aggregate_pub,2014,75.099
est,sex_f,skl_skill_match,eco_aggregate_pub,2015,74.72
est,sex_f,skl_skill_match,eco_aggregate_pub,2016,73.376
est,sex_f,skl_skill_match,eco_aggregate_pub,2017,76.744
est,sex_f,skl_skill_match,eco_aggregate_pub,2018,79.156
est,sex_f,skl_skill_match,eco_aggregate_pub,2019,80.535
est,sex_f,skl_skill_match,eco_aggregate_pub,2020,81.259
est,sex_f,skl_skill_match,eco_aggregate_pub,2021,91.075
est,sex_f,skl_skill_match,eco_aggregate_pub,2022,96.359
est,sex_f,skl_skill_match,eco_aggregate_pub,2023,100.203
est,sex_f,skl_skill_match,eco_aggregate_total,2006,152.704
est,sex_f,skl_skill_match,eco_aggregate_total,2007,149.392
est,sex_f,skl_skill_match,eco_aggregate_total,2008,155.369
est,sex_f,skl_skill_match,eco_aggregate_total,2009,140.928
est,sex_f,skl_skill_match,eco_aggregate_total,2010,128.335
est,sex_f,skl_skill_match,eco_aggregate_total,2011,138.85
est,sex_f,skl_skill_match,eco_aggregate_total,2012,136.095
est,sex_f,skl_skill_match,eco_aggregate_total,2013,132.277
est,sex_f,skl_skill_match,eco_aggregate_total,2014,177.216
est,sex_f,skl_skill_match,eco_aggregate_total,2015,179.805
est,sex_f,skl_skill_match,eco_aggregate_total,2016,185.769
est,sex_f,skl_skill_match,eco_aggregate_total,2017,189.287
est,sex_f,skl_skill_match,eco_aggregate_total,2018,189.735
est,sex_f,skl_skill_match,eco_aggregate_total,2019,188.446
est,sex_f,skl_skill_match,eco_aggregate_total,2020,182.344
est,sex_f,skl_skill_match,eco_aggregate_total,2021,199.351
est,sex_f,skl_skill_match,eco_aggregate_total,2022,214.264
est,sex_f,skl_skill_match,eco_aggregate_total,2023,216.741
est,sex_f,skl_skill_match,eco_sector_agr,2006,4.435
est,sex_f,skl_skill_match,eco_sector_agr,2007,5.804
est,sex_f,skl_skill_match,eco_sector_agr,2008,4.731
est,sex_f,skl_skill_match,eco_sector_agr,2009,4.315
est,sex_f,skl_skill_match,eco_sector_agr,2010,4.115
est,sex_f,skl_skill_match,eco_sector_agr,2011,3.841
est,sex_f,skl_skill_match,eco_sector_agr,2012,4.459
est,sex_f,skl_skill_match,eco_sector_agr,2013,3.381
est,sex_f,skl_skill_match,eco_sector_agr,2014,3.691
est,sex_f,skl_skill_match,eco_sector_agr,2015,4.388
est,sex_f,skl_skill_match,eco_sector_agr,2016,3.484
est,sex_f,skl_skill_match,eco_sector_agr,2017,2.943
est,sex_f,skl_skill_match,eco_sector_agr,2018,2.42
est,sex_f,skl_skill_match,eco_sector_agr,2019,2.28
est,sex_f,skl_skill_match,eco_sector_agr,2020,2.202
est,sex_f,skl_skill_match,eco_sector_agr,2021,1.997
est,sex_f,skl_skill_match,eco_sector_agr,2022,2.764
est,sex_f,skl_skill_match,eco_sector_agr,2023,1.691
est,sex_f,skl_skill_match,eco_sector_ind,2006,42.577
est,sex_f,skl_skill_match,eco_sector_ind,2007,42.201
est,sex_f,skl_skill_match,eco_sector_ind,2008,46.266
est,sex_f,skl_skill_match,eco_sector_ind,2009,37.216
est,sex_f,skl_skill_match,eco_sector_ind,2010,31.022
est,sex_f,skl_skill_match,eco_sector_ind,2011,36.624
est,sex_f,skl_skill_match,eco_sector_ind,2012,33.665
est,sex_f,skl_skill_match,eco_sector_ind,2013,31.082
est,sex_f,skl_skill_match,eco_sector_ind,2014,32.27
est,sex_f,skl_skill_match,eco_sector_ind,2015,31.929
est,sex_f,skl_skill_match,eco_sector_ind,2016,34.137
est,sex_f,skl_skill_match,eco_sector_ind,2017,34.594
est,sex_f,skl_skill_match,eco_sector_ind,2018,36.093
est,sex_f,skl_skill_match,eco_sector_ind,2019,34.491
est,sex_f,skl_skill_match,eco_sector_ind,2020,30.253
est,sex_f,skl_skill_match,eco_sector_ind,2021,32.72
est,sex_f,skl_skill_match,eco_sector_ind,2022,32.969
est,sex_f,skl_skill_match,eco_sector_ind,2023,30.991
est,sex_f,skl_skill_match,eco_sector_nag,2006,148.269
est,sex_f,skl_skill_match,eco_sector_nag,2007,143.588
est,sex_f,skl_skill_match,eco_sector_nag,2008,150.638
est,sex_f,skl_skill_match,eco_sector_nag,2009,136.613
est,sex_f,skl_skill_match,eco_sector_nag,2010,124.22
est,sex_f,skl_skill_match,eco_sector_nag,2011,135.009
est,sex_f,skl_skill_match,eco_sector_nag,2012,131.636
est,sex_f,skl_skill_match,eco_sector_nag,2013,128.896
est,sex_f,skl_skill_match,eco_sector_nag,2014,173.524
est,sex_f,skl_skill_match,eco_sector_nag,2015,175.417
est,sex_f,skl_skill_match,eco_sector_nag,2016,182.285
est,sex_f,skl_skill_match,eco_sector_nag,2017,186.344
est,sex_f,skl_skill_match,eco_sector_nag,2018,187.315
est,sex_f,skl_skill_match,eco_sector_nag,2019,186.166
est,sex_f,skl_skill_match,eco_sector_nag,2020,180.142
est,sex_f,skl_skill_match,eco_sector_nag,2021,197.354
est,sex_f,skl_skill_match,eco_sector_nag,2022,211.5
est,sex_f,skl_skill_match,eco_sector_nag,2023,215.05
est,sex_f,skl_skill_match,eco_sector_ser,2006,105.692
est,sex_f,skl_skill_match,eco_sector_ser,2007,101.065
est,sex_f,skl_skill_match,eco_sector_ser,2008,104.256
est,sex_f,skl_skill_match,eco_sector_ser,2009,99.352
est,sex_f,skl_skill_match,eco_sector_ser,2010,93.198
est,sex_f,skl_skill_match,eco_sector_ser,2011,98.385
est,sex_f,skl_skill_match,eco_sector_ser,2012,97.971
est,sex_f,skl_skill_match,eco_sector_ser,2013,97.814
est,sex_f,skl_skill_match,eco_sector_ser,2014,141.167
est,sex_f,skl_skill_match,eco_sector_ser,2015,143.304
est,sex_f,skl_skill_match,eco_sector_ser,2016,148.081
est,sex_f,skl_skill_match,eco_sector_ser,2017,151.445
est,sex_f,skl_skill_match,eco_sector_ser,2018,151.222
est,sex_f,skl_skill_match,eco_sector_ser,2019,151.675
est,sex_f,skl_skill_match,eco_sector_ser,2020,149.889
est,sex_f,skl_skill_match,eco_sector_ser,2021,164.634
est,sex_f,skl_skill_match,eco_sector_ser,2022,178.531
est,sex_f,skl_skill_match,eco_sector_ser,2023,184.059
est,sex_f,skl_skill_match,eco_sector_total,2006,152.704
est,sex_f,skl_skill_match,eco_sector_total,2007,149.392
est,sex_f,skl_skill_match,eco_sector_total,2008,155.369
est,sex_f,skl_skill_match,eco_sector_total,2009,140.928
est,sex_f,skl_skill_match,eco_sector_total,2010,128.335
est,sex_f,skl_skill_match,eco_sector_total,2011,138.85
est,sex_f,skl_skill_match,eco_sector_total,2012,136.095
est,sex_f,skl_skill_match,eco_sector_total,2013,132.277
est,sex_f,skl_skill_match,eco_sector_total,2014,177.216
est,sex_f,skl_skill_match,eco_sector_total,2015,179.805
est,sex_f,skl_skill_match,eco_sector_total,2016,185.769
est,sex_f,skl_skill_match,eco_sector_total,2017,189.287
est,sex_f,skl_skill_match,eco_sector_total,2018,189.735
est,sex_f,skl_skill_match,eco_sector_total,2019,188.446
est,sex_f,skl_skill_match,eco_sector_total,2020,182.344
est,sex_f,skl_skill_match,eco_sector_total,2021,199.351
est,sex_f,skl_skill_match,eco_sector_total,2022,214.264
est,sex_f,skl_skill_match,eco_sector_total,2023,216.741
est,sex_f,skl_skill_over,eco_aggregate_agr,2006,4.08
est,sex_f,skl_skill_over,eco_aggregate_agr,2007,2.731
est,sex_f,skl_skill_over,eco_aggregate_agr,2008,2.024
est,sex_f,skl_skill_over,eco_aggregate_agr,2009,2.622
est,sex_f,skl_skill_over,eco_aggregate_agr,2010,2.276
est,sex_f,skl_skill_over,eco_aggregate_agr,2011,2.531
est,sex_f,skl_skill_over,eco_aggregate_agr,2012,2.308
est,sex_f,skl_skill_over,eco_aggregate_agr,2013,2.598
est,sex_f,skl_skill_over,eco_aggregate_agr,2014,1.977
est,sex_f,skl_skill_over,eco_aggregate_agr,2015,2.482
est,sex_f,skl_skill_over,eco_aggregate_agr,2016,1.954
est,sex_f,skl_skill_over,eco_aggregate_agr,2017,2.345
est,sex_f,skl_skill_over,eco_aggregate_agr,2018,2.194
est,sex_f,skl_skill_over,eco_aggregate_agr,2019,1.748
est,sex_f,skl_skill_over,eco_aggregate_agr,2020,2.217
est,sex_f,skl_skill_over,eco_aggregate_agr,2021,2.169
est,sex_f,skl_skill_over,eco_aggregate_agr,2022,2.382
est,sex_f,skl_skill_over,eco_aggregate_agr,2023,2.192
est,sex_f,skl_skill_over,eco_aggregate_con,2006,0.748
est,sex_f,skl_skill_over,eco_aggregate_con,2007,0.512
est,sex_f,skl_skill_over,eco_aggregate_con,2008,0.404
est,sex_f,skl_skill_over,eco_aggregate_con,2009,0.804
est,sex_f,skl_skill_over,eco_aggregate_con,2010,0.414
est,sex_f,skl_skill_over,eco_aggregate_con,2011,0.716
est,sex_f,skl_skill_over,eco_aggregate_con,2012,0.673
est,sex_f,skl_skill_over,eco_aggregate_con,2013,0.424
est,sex_f,skl_skill_over,eco_aggregate_con,2014,0.989
est,sex_f,skl_skill_over,eco_aggregate_con,2015,1.152
est,sex_f,skl_skill_over,eco_aggregate_con,2016,1.144
est,sex_f,skl_skill_over,eco_aggregate_con,2017,1.17
est,sex_f,skl_skill_over,eco_aggregate_con,2018,0.909
est,sex_f,skl_skill_over,eco_aggregate_con,2019,1.209
est,sex_f,skl_skill_over,eco_aggregate_con,2020,1.06
est,sex_f,skl_skill_over,eco_aggregate_con,2021,1.101
est,sex_f,skl_skill_over,eco_aggregate_con,2022,1.151
est,sex_f,skl_skill_over,eco_aggregate_con,2023,1.303
est,sex_f,skl_skill_over,eco_aggregate_man,2006,12.881
est,sex_f,skl_skill_over,eco_aggregate_man,2007,13.36
est,sex_f,skl_skill_over,eco_aggregate_man,2008,12.742
est,sex_f,skl_skill_over,eco_aggregate_man,2009,9.267
est,sex_f,skl_skill_over,eco_aggregate_man,2010,10.047
est,sex_f,skl_skill_over,eco_aggregate_man,2011,9.596
est,sex_f,skl_skill_over,eco_aggregate_man,2012,9.213
est,sex_f,skl_skill_over,eco_aggregate_man,2013,11.748
est,sex_f,skl_skill_over,eco_aggregate_man,2014,12.907
est,sex_f,skl_skill_over,eco_aggregate_man,2015,14.553
est,sex_f,skl_skill_over,eco_aggregate_man,2016,11.866
est,sex_f,skl_skill_over,eco_aggregate_man,2017,12.572
est,sex_f,skl_skill_over,eco_aggregate_man,2018,12.032
est,sex_f,skl_skill_over,eco_aggregate_man,2019,12.918
est,sex_f,skl_skill_over,eco_aggregate_man,2020,12.54
est,sex_f,skl_skill_over,eco_aggregate_man,2021,12.238
est,sex_f,skl_skill_over,eco_aggregate_man,2022,13.558
est,sex_f,skl_skill_over,eco_aggregate_man,2023,11.13
est,sex_f,skl_skill_over,eco_aggregate_mel,2006,0.74
est,sex_f,skl_skill_over,eco_aggregate_mel,2007,0.765
est,sex_f,skl_skill_over,eco_aggregate_mel,2008,0.982
est,sex_f,skl_skill_over,eco_aggregate_mel,2009,0.901
est,sex_f,skl_skill_over,eco_aggregate_mel,2010,0.82
est,sex_f,skl_skill_over,eco_aggregate_mel,2011,0.516
est,sex_f,skl_skill_over,eco_aggregate_mel,2012,0.597
est,sex_f,skl_skill_over,eco_aggregate_mel,2013,1.027
est,sex_f,skl_skill_over,eco_aggregate_mel,2014,1.607
est,sex_f,skl_skill_over,eco_aggregate_mel,2015,1.024
est,sex_f,skl_skill_over,eco_aggregate_mel,2016,0.933
est,sex_f,skl_skill_over,eco_aggregate_mel,2017,1.218
est,sex_f,skl_skill_over,eco_aggregate_mel,2018,1.052
est,sex_f,skl_skill_over,eco_aggregate_mel,2019,0.907
est,sex_f,skl_skill_over,eco_aggregate_mel,2020,0.639
est,sex_f,skl_skill_over,eco_aggregate_mel,2021,1.096
est,sex_f,skl_skill_over,eco_aggregate_mel,2022,0.834
est,sex_f,skl_skill_over,eco_aggregate_mel,2023,0.625
est,sex_f,skl_skill_over,eco_aggregate_mkt,2006,29.471
est,sex_f,skl_skill_over,eco_aggregate_mkt,2007,33.003
est,sex_f,skl_skill_over,eco_aggregate_mkt,2008,30.05
est,sex_f,skl_skill_over,eco_aggregate_mkt,2009,27.553
est,sex_f,skl_skill_over,eco_aggregate_mkt,2010,26.881
est,sex_f,skl_skill_over,eco_aggregate_mkt,2011,28.123
est,sex_f,skl_skill_over,eco_aggregate_mkt,2012,33.279
est,sex_f,skl_skill_over,eco_aggregate_mkt,2013,36.014
est,sex_f,skl_skill_over,eco_aggregate_mkt,2014,40.072
est,sex_f,skl_skill_over,eco_aggregate_mkt,2015,40.875
est,sex_f,skl_skill_over,eco_aggregate_mkt,2016,40.199
est,sex_f,skl_skill_over,eco_aggregate_mkt,2017,38.65
est,sex_f,skl_skill_over,eco_aggregate_mkt,2018,40.708
est,sex_f,skl_skill_over,eco_aggregate_mkt,2019,43.513
est,sex_f,skl_skill_over,eco_aggregate_mkt,2020,41.832
est,sex_f,skl_skill_over,eco_aggregate_mkt,2021,36.546
est,sex_f,skl_skill_over,eco_aggregate_mkt,2022,36.665
est,sex_f,skl_skill_over,eco_aggregate_mkt,2023,45.332
est,sex_f,skl_skill_over,eco_aggregate_pub,2006,20.162
est,sex_f,skl_skill_over,eco_aggregate_pub,2007,19.814
est,sex_f,skl_skill_over,eco_aggregate_pub,2008,21.231
est,sex_f,skl_skill_over,eco_aggregate_pub,2009,21.621
est,sex_f,skl_skill_over,eco_aggregate_pub,2010,19.111
est,sex_f,skl_skill_over,eco_aggregate_pub,2011,16.945
est,sex_f,skl_skill_over,eco_aggregate_pub,2012,18.256
est,sex_f,skl_skill_over,eco_aggregate_pub,2013,19.16
est,sex_f,skl_skill_over,eco_aggregate_pub,2014,29.475
est,sex_f,skl_skill_over,eco_aggregate_pub,2015,27.953
est,sex_f,skl_skill_over,eco_aggregate_pub,2016,27.02
est,sex_f,skl_skill_over,eco_aggregate_pub,2017,29.407
est,sex_f,skl_skill_over,eco_aggregate_pub,2018,28.479
est,sex_f,skl_skill_over,eco_aggregate_pub,2019,28.291
est,sex_f,skl_skill_over,eco_aggregate_pub,2020,27.739
est,sex_f,skl_skill_over,eco_aggregate_pub,2021,25.518
est,sex_f,skl_skill_over,eco_aggregate_pub,2022,28.106
est,sex_f,skl_skill_over,eco_aggregate_pub,2023,29.403
est,sex_f,skl_skill_over,eco_aggregate_total,2006,68.082
est,sex_f,skl_skill_over,eco_aggregate_total,2007,70.209
est,sex_f,skl_skill_over,eco_aggregate_total,2008,67.433
est,sex_f,skl_skill_over,eco_aggregate_total,2009,62.769
est,sex_f,skl_skill_over,eco_aggregate_total,2010,59.55
est,sex_f,skl_skill_over,eco_aggregate_total,2011,58.496
est,sex_f,skl_skill_over,eco_aggregate_total,2012,64.326
est,sex_f,skl_skill_over,eco_aggregate_total,2013,70.972
est,sex_f,skl_skill_over,eco_aggregate_total,2014,87.092
est,sex_f,skl_skill_over,eco_aggregate_total,2015,88.143
est,sex_f,skl_skill_over,eco_aggregate_total,2016,83.221
est,sex_f,skl_skill_over,eco_aggregate_total,2017,85.519
est,sex_f,skl_skill_over,eco_aggregate_total,2018,85.375
est,sex_f,skl_skill_over,eco_aggregate_total,2019,88.586
est,sex_f,skl_skill_over,eco_aggregate_total,2020,86.027
est,sex_f,skl_skill_over,eco_aggregate_total,2021,78.669
est,sex_f,skl_skill_over,eco_aggregate_total,2022,82.697
est,sex_f,skl_skill_over,eco_aggregate_total,2023,89.985
est,sex_f,skl_skill_over,eco_sector_agr,2006,4.08
est,sex_f,skl_skill_over,eco_sector_agr,2007,2.731
est,sex_f,skl_skill_over,eco_sector_agr,2008,2.024
est,sex_f,skl_skill_over,eco_sector_agr,2009,2.622
est,sex_f,skl_skill_over,eco_sector_agr,2010,2.276
est,sex_f,skl_skill_over,eco_sector_agr,2011,2.531
est,sex_f,skl_skill_over,eco_sector_agr,2012,2.308
est,sex_f,skl_skill_over,eco_sector_agr,2013,2.598
est,sex_f,skl_skill_over,eco_sector_agr,2014,1.977
est,sex_f,skl_skill_over,eco_sector_agr,2015,2.482
est,sex_f,skl_skill_over,eco_sector_agr,2016,1.954
est,sex_f,skl_skill_over,eco_sector_agr,2017,2.345
est,sex_f,skl_skill_over,eco_sector_agr,2018,2.194
est,sex_f,skl_skill_over,eco_sector_agr,2019,1.748
est,sex_f,skl_skill_over,eco_sector_agr,2020,2.217
est,sex_f,skl_skill_over,eco_sector_agr,2021,2.169
est,sex_f,skl_skill_over,eco_sector_agr,2022,2.382
est,sex_f,skl_skill_over,eco_sector_agr,2023,2.192
est,sex_f,skl_skill_over,eco_sector_ind,2006,14.369
est,sex_f,skl_skill_over,eco_sector_ind,2007,14.638
est,sex_f,skl_skill_over,eco_sector_ind,2008,14.127
est,sex_f,skl_skill_over,eco_sector_ind,2009,10.973
est,sex_f,skl_skill_over,eco_sector_ind,2010,11.281
est,sex_f,skl_skill_over,eco_sector_ind,2011,10.829
est,sex_f,skl_skill_over,eco_sector_ind,2012,10.483
est,sex_f,skl_skill_over,eco_sector_ind,2013,13.199
est,sex_f,skl_skill_over,eco_sector_ind,2014,15.503
est,sex_f,skl_skill_over,eco_sector_ind,2015,16.729
est,sex_f,skl_skill_over,eco_sector_ind,2016,13.944
est,sex_f,skl_skill_over,eco_sector_ind,2017,14.96
est,sex_f,skl_skill_over,eco_sector_ind,2018,13.994
est,sex_f,skl_skill_over,eco_sector_ind,2019,15.034
est,sex_f,skl_skill_over,eco_sector_ind,2020,14.239
est,sex_f,skl_skill_over,eco_sector_ind,2021,14.436
est,sex_f,skl_skill_over,eco_sector_ind,2022,15.543
est,sex_f,skl_skill_over,eco_sector_ind,2023,13.058
est,sex_f,skl_skill_over,eco_sector_nag,2006,64.002
est,sex_f,skl_skill_over,eco_sector_nag,2007,67.478
est,sex_f,skl_skill_over,eco_sector_nag,2008,65.408
est,sex_f,skl_skill_over,eco_sector_nag,2009,60.147
est,sex_f,skl_skill_over,eco_sector_nag,2010,57.274
est,sex_f,skl_skill_over,eco_sector_nag,2011,55.965
est,sex_f,skl_skill_over,eco_sector_nag,2012,62.017
est,sex_f,skl_skill_over,eco_sector_nag,2013,68.374
est,sex_f,skl_skill_over,eco_sector_nag,2014,85.115
est,sex_f,skl_skill_over,eco_sector_nag,2015,85.661
est,sex_f,skl_skill_over,eco_sector_nag,2016,81.267
est,sex_f,skl_skill_over,eco_sector_nag,2017,83.175
est,sex_f,skl_skill_over,eco_sector_nag,2018,83.181
est,sex_f,skl_skill_over,eco_sector_nag,2019,86.838
est,sex_f,skl_skill_over,eco_sector_nag,2020,83.81
est,sex_f,skl_skill_over,eco_sector_nag,2021,76.5
est,sex_f,skl_skill_over,eco_sector_nag,2022,80.314
est,sex_f,skl_skill_over,eco_sector_nag,2023,87.793
est,sex_f,skl_skill_over,eco_sector_ser,2006,49.633
est,sex_f,skl_skill_over,eco_sector_ser,2007,52.817
est,sex_f,skl_skill_over,eco_sector_ser,2008,51.281
est,sex_f,skl_skill_over,eco_sector_ser,2009,49.174
est,sex_f,skl_skill_over,eco_sector_ser,2010,45.992
est,sex_f,skl_skill_over,eco_sector_ser,2011,45.068
est,sex_f,skl_skill_over,eco_sector_ser,2012,51.535
est,sex_f,skl_skill_over,eco_sector_ser,2013,55.175
est,sex_f,skl_skill_over,eco_sector_ser,2014,69.548
est,sex_f,skl_skill_over,eco_sector_ser,2015,68.828
est,sex_f,skl_skill_over,eco_sector_ser,2016,67.219
est,sex_f,skl_skill_over,eco_sector_ser,2017,68.056
est,sex_f,skl_skill_over,eco_sector_ser,2018,69.187
est,sex_f,skl_skill_over,eco_sector_ser,2019,71.804
est,sex_f,skl_skill_over,eco_sector_ser,2020,69.571
est,sex_f,skl_skill_over,eco_sector_ser,2021,62.064
est,sex_f,skl_skill_over,eco_sector_ser,2022,64.771
est,sex_f,skl_skill_over,eco_sector_ser,2023,74.735
est,sex_f,skl_skill_over,eco_sector_total,2006,68.082
est,sex_f,skl_skill_over,eco_sector_total,2007,70.209
est,sex_f,skl_skill_over,eco_sector_total,2008,67.433
est,sex_f,skl_skill_over,eco_sector_total,2009,62.769
est,sex_f,skl_skill_over,eco_sector_total,2010,59.55
est,sex_f,skl_skill_over,eco_sector_total,2011,58.496
est,sex_f,skl_skill_over,eco_sector_total,2012,64.326
est,sex_f,skl_skill_over,eco_sector_total,2013,70.972
est,sex_f,skl_skill_over,eco_sector_total,2014,87.092
est,sex_f,skl_skill_over,eco_sector_total,2015,88.143
est,sex_f,skl_skill_over,eco_sector_total,2016,83.221
est,sex_f,skl_skill_over,eco_sector_total,2017,85.519
est,sex_f,skl_skill_over,eco_sector_total,2018,85.375
est,sex_f,skl_skill_over,eco_sector_total,2019,88.586
est,sex_f,skl_skill_over,eco_sector_total,2020,86.027
est,sex_f,skl_skill_over,eco_sector_total,2021,78.669
est,sex_f,skl_skill_over,eco_sector_total,2022,82.697
est,sex_f,skl_skill_over,eco_sector_total,2023,89.985
est,sex_f,skl_skill_total,eco_aggregate_agr,2006,10.252
est,sex_f,skl_skill_total,eco_aggregate_agr,2007,9.87
est,sex_f,skl_skill_total,eco_aggregate_agr,2008,7.778
est,sex_f,skl_skill_total,eco_aggregate_agr,2009,7.922
est,sex_f,skl_skill_total,eco_aggregate_agr,2010,8.177
est,sex_f,skl_skill_total,eco_aggregate_agr,2011,7.402
est,sex_f,skl_skill_total,eco_aggregate_agr,2012,7.712
est,sex_f,skl_skill_total,eco_aggregate_agr,2013,6.952
est,sex_f,skl_skill_total,eco_aggregate_agr,2014,6.827
est,sex_f,skl_skill_total,eco_aggregate_agr,2015,7.961
est,sex_f,skl_skill_total,eco_aggregate_agr,2016,6.142
est,sex_f,skl_skill_total,eco_aggregate_agr,2017,5.96
est,sex_f,skl_skill_total,eco_aggregate_agr,2018,5.319
est,sex_f,skl_skill_total,eco_aggregate_agr,2019,5.01
est,sex_f,skl_skill_total,eco_aggregate_agr,2020,4.94
est,sex_f,skl_skill_total,eco_aggregate_agr,2021,4.606
est,sex_f,skl_skill_total,eco_aggregate_agr,2022,5.547
est,sex_f,skl_skill_total,eco_aggregate_agr,2023,4.107
est,sex_f,skl_skill_total,eco_aggregate_con,2006,4.66
est,sex_f,skl_skill_total,eco_aggregate_con,2007,7.372
est,sex_f,skl_skill_total,eco_aggregate_con,2008,7.354
est,sex_f,skl_skill_total,eco_aggregate_con,2009,6.206
est,sex_f,skl_skill_total,eco_aggregate_con,2010,3.156
est,sex_f,skl_skill_total,eco_aggregate_con,2011,6.054
est,sex_f,skl_skill_total,eco_aggregate_con,2012,4.883
est,sex_f,skl_skill_total,eco_aggregate_con,2013,3.582
est,sex_f,skl_skill_total,eco_aggregate_con,2014,4.001
est,sex_f,skl_skill_total,eco_aggregate_con,2015,5.112
est,sex_f,skl_skill_total,eco_aggregate_con,2016,5.03
est,sex_f,skl_skill_total,eco_aggregate_con,2017,4.521
est,sex_f,skl_skill_total,eco_aggregate_con,2018,4.458
est,sex_f,skl_skill_total,eco_aggregate_con,2019,4.324
est,sex_f,skl_skill_total,eco_aggregate_con,2020,3.802
est,sex_f,skl_skill_total,eco_aggregate_con,2021,4.14
est,sex_f,skl_skill_total,eco_aggregate_con,2022,5.644
est,sex_f,skl_skill_total,eco_aggregate_con,2023,5.565
est,sex_f,skl_skill_total,eco_aggregate_man,2006,62.192
est,sex_f,skl_skill_total,eco_aggregate_man,2007,61.029
est,sex_f,skl_skill_total,eco_aggregate_man,2008,60.37
est,sex_f,skl_skill_total,eco_aggregate_man,2009,48.215
est,sex_f,skl_skill_total,eco_aggregate_man,2010,44.87
est,sex_f,skl_skill_total,eco_aggregate_man,2011,47.421
est,sex_f,skl_skill_total,eco_aggregate_man,2012,45.387
est,sex_f,skl_skill_total,eco_aggregate_man,2013,46.312
est,sex_f,skl_skill_total,eco_aggregate_man,2014,46.401
est,sex_f,skl_skill_total,eco_aggregate_man,2015,46.861
est,sex_f,skl_skill_total,eco_aggregate_man,2016,46.803
est,sex_f,skl_skill_total,eco_aggregate_man,2017,48.705
est,sex_f,skl_skill_total,eco_aggregate_man,2018,49.649
est,sex_f,skl_skill_total,eco_aggregate_man,2019,49.571
est,sex_f,skl_skill_total,eco_aggregate_man,2020,46.638
est,sex_f,skl_skill_total,eco_aggregate_man,2021,48.121
est,sex_f,skl_skill_total,eco_aggregate_man,2022,46.847
est,sex_f,skl_skill_total,eco_aggregate_man,2023,42.522
est,sex_f,skl_skill_total,eco_aggregate_mel,2006,2.794
est,sex_f,skl_skill_total,eco_aggregate_mel,2007,1.918
est,sex_f,skl_skill_total,eco_aggregate_mel,2008,3.51
est,sex_f,skl_skill_total,eco_aggregate_mel,2009,4.347
est,sex_f,skl_skill_total,eco_aggregate_mel,2010,4.245
est,sex_f,skl_skill_total,eco_aggregate_mel,2011,3.835
est,sex_f,skl_skill_total,eco_aggregate_mel,2012,3.765
est,sex_f,skl_skill_total,eco_aggregate_mel,2013,2.741
est,sex_f,skl_skill_total,eco_aggregate_mel,2014,3.05
est,sex_f,skl_skill_total,eco_aggregate_mel,2015,3.043
est,sex_f,skl_skill_total,eco_aggregate_mel,2016,2.712
est,sex_f,skl_skill_total,eco_aggregate_mel,2017,3.216
est,sex_f,skl_skill_total,eco_aggregate_mel,2018,2.836
est,sex_f,skl_skill_total,eco_aggregate_mel,2019,2.919
est,sex_f,skl_skill_total,eco_aggregate_mel,2020,2.409
est,sex_f,skl_skill_total,eco_aggregate_mel,2021,2.478
est,sex_f,skl_skill_total,eco_aggregate_mel,2022,2.741
est,sex_f,skl_skill_total,eco_aggregate_mel,2023,2.682
est,sex_f,skl_skill_total,eco_aggregate_mkt,2006,116.94
est,sex_f,skl_skill_total,eco_aggregate_mkt,2007,120.165
est,sex_f,skl_skill_total,eco_aggregate_mkt,2008,125.379
est,sex_f,skl_skill_total,eco_aggregate_mkt,2009,117.343
est,sex_f,skl_skill_total,eco_aggregate_mkt,2010,112.196
est,sex_f,skl_skill_total,eco_aggregate_mkt,2011,119.405
est,sex_f,skl_skill_total,eco_aggregate_mkt,2012,124.806
est,sex_f,skl_skill_total,eco_aggregate_mkt,2013,128.015
est,sex_f,skl_skill_total,eco_aggregate_mkt,2014,122.243
est,sex_f,skl_skill_total,eco_aggregate_mkt,2015,125.734
est,sex_f,skl_skill_total,eco_aggregate_mkt,2016,134.526
est,sex_f,skl_skill_total,eco_aggregate_mkt,2017,133.458
est,sex_f,skl_skill_total,eco_aggregate_mkt,2018,132.092
est,sex_f,skl_skill_total,eco_aggregate_mkt,2019,133.329
est,sex_f,skl_skill_total,eco_aggregate_mkt,2020,129.093
est,sex_f,skl_skill_total,eco_aggregate_mkt,2021,128.986
est,sex_f,skl_skill_total,eco_aggregate_mkt,2022,135.458
est,sex_f,skl_skill_total,eco_aggregate_mkt,2023,147.25
est,sex_f,skl_skill_total,eco_aggregate_pub,2006,124.858
est,sex_f,skl_skill_total,eco_aggregate_pub,2007,121.916
est,sex_f,skl_skill_total,eco_aggregate_pub,2008,117.208
est,sex_f,skl_skill_total,eco_aggregate_pub,2009,118.461
est,sex_f,skl_skill_total,eco_aggregate_pub,2010,117.688
est,sex_f,skl_skill_total,eco_aggregate_pub,2011,116.131
est,sex_f,skl_skill_total,eco_aggregate_pub,2012,118.88
est,sex_f,skl_skill_total,eco_aggregate_pub,2013,118.923
est,sex_f,skl_skill_total,eco_aggregate_pub,2014,122.011
est,sex_f,skl_skill_total,eco_aggregate_pub,2015,121.298
est,sex_f,skl_skill_total,eco_aggregate_pub,2016,118.091
est,sex_f,skl_skill_total,eco_aggregate_pub,2017,123.044
est,sex_f,skl_skill_total,eco_aggregate_pub,2018,126.313
est,sex_f,skl_skill_total,eco_aggregate_pub,2019,127.555
est,sex_f,skl_skill_total,eco_aggregate_pub,2020,128.572
est,sex_f,skl_skill_total,eco_aggregate_pub,2021,134.203
est,sex_f,skl_skill_total,eco_aggregate_pub,2022,141.137
est,sex_f,skl_skill_total,eco_aggregate_pub,2023,146.815
est,sex_f,skl_skill_total,eco_aggregate_total,2006,321.993
est,sex_f,skl_skill_total,eco_aggregate_total,2007,322.735
est,sex_f,skl_skill_total,eco_aggregate_total,2008,321.716
est,sex_f,skl_skill_total,eco_aggregate_total,2009,302.621
est,sex_f,skl_skill_total,eco_aggregate_total,2010,290.412
est,sex_f,skl_skill_total,eco_aggregate_total,2011,300.479
est,sex_f,skl_skill_total,eco_aggregate_total,2012,305.539
est,sex_f,skl_skill_total,eco_aggregate_total,2013,306.608
est,sex_f,skl_skill_total,eco_aggregate_total,2014,304.789
est,sex_f,skl_skill_total,eco_aggregate_total,2015,310.629
est,sex_f,skl_skill_total,eco_aggregate_total,2016,313.876
est,sex_f,skl_skill_total,eco_aggregate_total,2017,319.67
est,sex_f,skl_skill_total,eco_aggregate_total,2018,320.667
est,sex_f,skl_skill_total,eco_aggregate_total,2019,322.71
est,sex_f,skl_skill_total,eco_aggregate_total,2020,315.455
est,sex_f,skl_skill_total,eco_aggregate_total,2021,322.533
est,sex_f,skl_skill_total,eco_aggregate_total,2022,337.376
est,sex_f,skl_skill_total,eco_aggregate_total,2023,348.942
est,sex_f,skl_skill_total,eco_aggregate_x,2007,0.465
est,sex_f,skl_skill_total,eco_aggregate_x,2011,0.23
est,sex_f,skl_skill_total,eco_aggregate_x,2014,0.258
est,sex_f,skl_skill_total,eco_aggregate_x,2015,0.621
est,sex_f,skl_skill_total,eco_aggregate_x,2016,0.572
est,sex_f,skl_skill_total,eco_aggregate_x,2017,0.767
est,sex_f,skl_skill_total,eco_sector_agr,2006,10.252
est,sex_f,skl_skill_total,eco_sector_agr,2007,9.87
est,sex_f,skl_skill_total,eco_sector_agr,2008,7.778
est,sex_f,skl_skill_total,eco_sector_agr,2009,7.922
est,sex_f,skl_skill_total,eco_sector_agr,2010,8.177
est,sex_f,skl_skill_total,eco_sector_agr,2011,7.402
est,sex_f,skl_skill_total,eco_sector_agr,2012,7.712
est,sex_f,skl_skill_total,eco_sector_agr,2013,6.952
est,sex_f,skl_skill_total,eco_sector_agr,2014,6.827
est,sex_f,skl_skill_total,eco_sector_agr,2015,7.961
est,sex_f,skl_skill_total,eco_sector_agr,2016,6.142
est,sex_f,skl_skill_total,eco_sector_agr,2017,5.96
est,sex_f,skl_skill_total,eco_sector_agr,2018,5.319
est,sex_f,skl_skill_total,eco_sector_agr,2019,5.01
est,sex_f,skl_skill_total,eco_sector_agr,2020,4.94
est,sex_f,skl_skill_total,eco_sector_agr,2021,4.606
est,sex_f,skl_skill_total,eco_sector_agr,2022,5.547
est,sex_f,skl_skill_total,eco_sector_agr,2023,4.107
est,sex_f,skl_skill_total,eco_sector_ind,2006,69.646
est,sex_f,skl_skill_total,eco_sector_ind,2007,70.319
est,sex_f,skl_skill_total,eco_sector_ind,2008,71.234
est,sex_f,skl_skill_total,eco_sector_ind,2009,58.768
est,sex_f,skl_skill_total,eco_sector_ind,2010,52.271
est,sex_f,skl_skill_total,eco_sector_ind,2011,57.31
est,sex_f,skl_skill_total,eco_sector_ind,2012,54.036
est,sex_f,skl_skill_total,eco_sector_ind,2013,52.634
est,sex_f,skl_skill_total,eco_sector_ind,2014,53.452
est,sex_f,skl_skill_total,eco_sector_ind,2015,55.015
est,sex_f,skl_skill_total,eco_sector_ind,2016,54.544
est,sex_f,skl_skill_total,eco_sector_ind,2017,56.442
est,sex_f,skl_skill_total,eco_sector_ind,2018,56.944
est,sex_f,skl_skill_total,eco_sector_ind,2019,56.815
est,sex_f,skl_skill_total,eco_sector_ind,2020,52.849
est,sex_f,skl_skill_total,eco_sector_ind,2021,54.739
est,sex_f,skl_skill_total,eco_sector_ind,2022,55.233
est,sex_f,skl_skill_total,eco_sector_ind,2023,50.77
est,sex_f,skl_skill_total,eco_sector_nag,2006,311.741
est,sex_f,skl_skill_total,eco_sector_nag,2007,312.865
est,sex_f,skl_skill_total,eco_sector_nag,2008,313.937
est,sex_f,skl_skill_total,eco_sector_nag,2009,294.699
est,sex_f,skl_skill_total,eco_sector_nag,2010,282.236
est,sex_f,skl_skill_total,eco_sector_nag,2011,293.076
est,sex_f,skl_skill_total,eco_sector_nag,2012,297.826
est,sex_f,skl_skill_total,eco_sector_nag,2013,299.656
est,sex_f,skl_skill_total,eco_sector_nag,2014,297.962
est,sex_f,skl_skill_total,eco_sector_nag,2015,302.668
est,sex_f,skl_skill_total,eco_sector_nag,2016,307.734
est,sex_f,skl_skill_total,eco_sector_nag,2017,313.711
est,sex_f,skl_skill_total,eco_sector_nag,2018,315.349
est,sex_f,skl_skill_total,eco_sector_nag,2019,317.7
est,sex_f,skl_skill_total,eco_sector_nag,2020,310.515
est,sex_f,skl_skill_total,eco_sector_nag,2021,317.928
est,sex_f,skl_skill_total,eco_sector_nag,2022,331.829
est,sex_f,skl_skill_total,eco_sector_nag,2023,344.836
est,sex_f,skl_skill_total,eco_sector_ser,2006,241.798
est,sex_f,skl_skill_total,eco_sector_ser,2007,242.081
est,sex_f,skl_skill_total,eco_sector_ser,2008,242.587
est,sex_f,skl_skill_total,eco_sector_ser,2009,235.804
est,sex_f,skl_skill_total,eco_sector_ser,2010,229.884
est,sex_f,skl_skill_total,eco_sector_ser,2011,235.537
est,sex_f,skl_skill_total,eco_sector_ser,2012,243.687
est,sex_f,skl_skill_total,eco_sector_ser,2013,246.938
est,sex_f,skl_skill_total,eco_sector_ser,2014,244.253
est,sex_f,skl_skill_total,eco_sector_ser,2015,247.032
est,sex_f,skl_skill_total,eco_sector_ser,2016,252.617
est,sex_f,skl_skill_total,eco_sector_ser,2017,256.502
est,sex_f,skl_skill_total,eco_sector_ser,2018,258.405
est,sex_f,skl_skill_total,eco_sector_ser,2019,260.885
est,sex_f,skl_skill_total,eco_sector_ser,2020,257.666
est,sex_f,skl_skill_total,eco_sector_ser,2021,263.188
est,sex_f,skl_skill_total,eco_sector_ser,2022,276.596
est,sex_f,skl_skill_total,eco_sector_ser,2023,294.066
est,sex_f,skl_skill_total,eco_sector_total,2006,321.993
est,sex_f,skl_skill_total,eco_sector_total,2007,322.735
est,sex_f,skl_skill_total,eco_sector_total,2008,321.716
est,sex_f,skl_skill_total,eco_sector_total,2009,302.621
est,sex_f,skl_skill_total,eco_sector_total,2010,290.412
est,sex_f,skl_skill_total,eco_sector_total,2011,300.479
est,sex_f,skl_skill_total,eco_sector_total,2012,305.539
est,sex_f,skl_skill_total,eco_sector_total,2013,306.608
est,sex_f,skl_skill_total,eco_sector_total,2014,304.789
est,sex_f,skl_skill_total,eco_sector_total,2015,310.629
est,sex_f,skl_skill_total,eco_sector_total,2016,313.876
est,sex_f,skl_skill_total,eco_sector_total,2017,319.67
est,sex_f,skl_skill_total,eco_sector_total,2018,320.667
est,sex_f,skl_skill_total,eco_sector_total,2019,322.71
est,sex_f,skl_skill_total,eco_sector_total,2020,315.455
est,sex_f,skl_skill_total,eco_sector_total,2021,322.533
est,sex_f,skl_skill_total,eco_sector_total,2022,337.376
est,sex_f,skl_skill_total,eco_sector_total,2023,348.942
est,sex_f,skl_skill_total,eco_sector_x,2007,0.465
est,sex_f,skl_skill_total,eco_sector_x,2011,0.23
est,sex_f,skl_skill_total,eco_sector_x,2014,0.258
est,sex_f,skl_skill_total,eco_sector_x,2015,0.621
est,sex_f,skl_skill_total,eco_sector_x,2016,0.572
est,sex_f,skl_skill_total,eco_sector_x,2017,0.767
est,sex_f,skl_skill_under,eco_aggregate_agr,2006,1.737
est,sex_f,skl_skill_under,eco_aggregate_agr,2007,1.335
est,sex_f,skl_skill_under,eco_aggregate_agr,2008,1.023
est,sex_f,skl_skill_under,eco_aggregate_agr,2009,0.985
est,sex_f,skl_skill_under,eco_aggregate_agr,2010,1.785
est,sex_f,skl_skill_under,eco_aggregate_agr,2011,1.03
est,sex_f,skl_skill_under,eco_aggregate_agr,2012,0.945
est,sex_f,skl_skill_under,eco_aggregate_agr,2013,0.974
est,sex_f,skl_skill_under,eco_aggregate_agr,2014,1.159
est,sex_f,skl_skill_under,eco_aggregate_agr,2015,1.09
est,sex_f,skl_skill_under,eco_aggregate_agr,2016,0.704
est,sex_f,skl_skill_under,eco_aggregate_agr,2017,0.671
est,sex_f,skl_skill_under,eco_aggregate_agr,2018,0.705
est,sex_f,skl_skill_under,eco_aggregate_agr,2019,0.982
est,sex_f,skl_skill_under,eco_aggregate_agr,2020,0.521
est,sex_f,skl_skill_under,eco_aggregate_agr,2021,0.44
est,sex_f,skl_skill_under,eco_aggregate_agr,2022,0.401
est,sex_f,skl_skill_under,eco_aggregate_agr,2023,0.223
est,sex_f,skl_skill_under,eco_aggregate_con,2006,1.108
est,sex_f,skl_skill_under,eco_aggregate_con,2007,1.943
est,sex_f,skl_skill_under,eco_aggregate_con,2008,1.757
est,sex_f,skl_skill_under,eco_aggregate_con,2009,2.125
est,sex_f,skl_skill_under,eco_aggregate_con,2010,1.534
est,sex_f,skl_skill_under,eco_aggregate_con,2011,1.987
est,sex_f,skl_skill_under,eco_aggregate_con,2012,1.269
est,sex_f,skl_skill_under,eco_aggregate_con,2013,1.162
est,sex_f,skl_skill_under,eco_aggregate_con,2014,0.599
est,sex_f,skl_skill_under,eco_aggregate_con,2015,1.388
est,sex_f,skl_skill_under,eco_aggregate_con,2016,0.96
est,sex_f,skl_skill_under,eco_aggregate_con,2017,0.846
est,sex_f,skl_skill_under,eco_aggregate_con,2018,0.992
est,sex_f,skl_skill_under,eco_aggregate_con,2019,1.257
est,sex_f,skl_skill_under,eco_aggregate_con,2020,1.201
est,sex_f,skl_skill_under,eco_aggregate_con,2021,0.913
est,sex_f,skl_skill_under,eco_aggregate_con,2022,1.392
est,sex_f,skl_skill_under,eco_aggregate_con,2023,1.089
est,sex_f,skl_skill_under,eco_aggregate_man,2006,10.535
est,sex_f,skl_skill_under,eco_aggregate_man,2007,10.987
est,sex_f,skl_skill_under,eco_aggregate_man,2008,8.01
est,sex_f,skl_skill_under,eco_aggregate_man,2009,7.272
est,sex_f,skl_skill_under,eco_aggregate_man,2010,6.85
est,sex_f,skl_skill_under,eco_aggregate_man,2011,6.185
est,sex_f,skl_skill_under,eco_aggregate_man,2012,6.638
est,sex_f,skl_skill_under,eco_aggregate_man,2013,6.356
est,sex_f,skl_skill_under,eco_aggregate_man,2014,4.875
est,sex_f,skl_skill_under,eco_aggregate_man,2015,4.583
est,sex_f,skl_skill_under,eco_aggregate_man,2016,4.948
est,sex_f,skl_skill_under,eco_aggregate_man,2017,5.189
est,sex_f,skl_skill_under,eco_aggregate_man,2018,5.513
est,sex_f,skl_skill_under,eco_aggregate_man,2019,5.756
est,sex_f,skl_skill_under,eco_aggregate_man,2020,6.808
est,sex_f,skl_skill_under,eco_aggregate_man,2021,6.375
est,sex_f,skl_skill_under,eco_aggregate_man,2022,4.931
est,sex_f,skl_skill_under,eco_aggregate_man,2023,5.248
est,sex_f,skl_skill_under,eco_aggregate_mel,2006,1.057
est,sex_f,skl_skill_under,eco_aggregate_mel,2007,0.501
est,sex_f,skl_skill_under,eco_aggregate_mel,2008,0.974
est,sex_f,skl_skill_under,eco_aggregate_mel,2009,1.183
est,sex_f,skl_skill_under,eco_aggregate_mel,2010,1.472
est,sex_f,skl_skill_under,eco_aggregate_mel,2011,1.507
est,sex_f,skl_skill_under,eco_aggregate_mel,2012,1.93
est,sex_f,skl_skill_under,eco_aggregate_mel,2013,0.835
est,sex_f,skl_skill_under,eco_aggregate_mel,2015,0.303
est,sex_f,skl_skill_under,eco_aggregate_mel,2016,0.524
est,sex_f,skl_skill_under,eco_aggregate_mel,2017,0.749
est,sex_f,skl_skill_under,eco_aggregate_mel,2018,0.325
est,sex_f,skl_skill_under,eco_aggregate_mel,2019,0.226
est,sex_f,skl_skill_under,eco_aggregate_mel,2020,0.296
est,sex_f,skl_skill_under,eco_aggregate_mel,2021,0.295
est,sex_f,skl_skill_under,eco_aggregate_mel,2022,0.398
est,sex_f,skl_skill_under,eco_aggregate_mel,2023,0.383
est,sex_f,skl_skill_under,eco_aggregate_mkt,2006,23.351
est,sex_f,skl_skill_under,eco_aggregate_mkt,2007,27.392
est,sex_f,skl_skill_under,eco_aggregate_mkt,2008,32.284
est,sex_f,skl_skill_under,eco_aggregate_mkt,2009,28.567
est,sex_f,skl_skill_under,eco_aggregate_mkt,2010,30.757
est,sex_f,skl_skill_under,eco_aggregate_mkt,2011,32.472
est,sex_f,skl_skill_under,eco_aggregate_mkt,2012,33.769
est,sex_f,skl_skill_under,eco_aggregate_mkt,2013,34.01
est,sex_f,skl_skill_under,eco_aggregate_mkt,2014,15.486
est,sex_f,skl_skill_under,eco_aggregate_mkt,2015,16.022
est,sex_f,skl_skill_under,eco_aggregate_mkt,2016,19.622
est,sex_f,skl_skill_under,eco_aggregate_mkt,2017,19.945
est,sex_f,skl_skill_under,eco_aggregate_mkt,2018,19.175
est,sex_f,skl_skill_under,eco_aggregate_mkt,2019,18.677
est,sex_f,skl_skill_under,eco_aggregate_mkt,2020,18.517
est,sex_f,skl_skill_under,eco_aggregate_mkt,2021,18.88
est,sex_f,skl_skill_under,eco_aggregate_mkt,2022,16.532
est,sex_f,skl_skill_under,eco_aggregate_mkt,2023,18.063
est,sex_f,skl_skill_under,eco_aggregate_pub,2006,60.443
est,sex_f,skl_skill_under,eco_aggregate_pub,2007,59.679
est,sex_f,skl_skill_under,eco_aggregate_pub,2008,53.342
est,sex_f,skl_skill_under,eco_aggregate_pub,2009,57.252
est,sex_f,skl_skill_under,eco_aggregate_pub,2010,59.118
est,sex_f,skl_skill_under,eco_aggregate_pub,2011,57.437
est,sex_f,skl_skill_under,eco_aggregate_pub,2012,57.934
est,sex_f,skl_skill_under,eco_aggregate_pub,2013,57.719
est,sex_f,skl_skill_under,eco_aggregate_pub,2014,16.66
est,sex_f,skl_skill_under,eco_aggregate_pub,2015,17.923
est,sex_f,skl_skill_under,eco_aggregate_pub,2016,17.32
est,sex_f,skl_skill_under,eco_aggregate_pub,2017,16.384
est,sex_f,skl_skill_under,eco_aggregate_pub,2018,17.844
est,sex_f,skl_skill_under,eco_aggregate_pub,2019,18.303
est,sex_f,skl_skill_under,eco_aggregate_pub,2020,18.91
est,sex_f,skl_skill_under,eco_aggregate_pub,2021,17.47
est,sex_f,skl_skill_under,eco_aggregate_pub,2022,16.58
est,sex_f,skl_skill_under,eco_aggregate_pub,2023,17.153
est,sex_f,skl_skill_under,eco_aggregate_total,2006,98.284
est,sex_f,skl_skill_under,eco_aggregate_total,2007,101.836
est,sex_f,skl_skill_under,eco_aggregate_total,2008,97.391
est,sex_f,skl_skill_under,eco_aggregate_total,2009,97.383
est,sex_f,skl_skill_under,eco_aggregate_total,2010,101.516
est,sex_f,skl_skill_under,eco_aggregate_total,2011,100.717
est,sex_f,skl_skill_under,eco_aggregate_total,2012,102.554
est,sex_f,skl_skill_under,eco_aggregate_total,2013,101.055
est,sex_f,skl_skill_under,eco_aggregate_total,2014,38.904
est,sex_f,skl_skill_under,eco_aggregate_total,2015,41.309
est,sex_f,skl_skill_under,eco_aggregate_total,2016,44.077
est,sex_f,skl_skill_under,eco_aggregate_total,2017,43.804
est,sex_f,skl_skill_under,eco_aggregate_total,2018,44.552
est,sex_f,skl_skill_under,eco_aggregate_total,2019,45.201
est,sex_f,skl_skill_under,eco_aggregate_total,2020,46.253
est,sex_f,skl_skill_under,eco_aggregate_total,2021,44.374
est,sex_f,skl_skill_under,eco_aggregate_total,2022,40.233
est,sex_f,skl_skill_under,eco_aggregate_total,2023,42.16
est,sex_f,skl_skill_under,eco_sector_agr,2006,1.737
est,sex_f,skl_skill_under,eco_sector_agr,2007,1.335
est,sex_f,skl_skill_under,eco_sector_agr,2008,1.023
est,sex_f,skl_skill_under,eco_sector_agr,2009,0.985
est,sex_f,skl_skill_under,eco_sector_agr,2010,1.785
est,sex_f,skl_skill_under,eco_sector_agr,2011,1.03
est,sex_f,skl_skill_under,eco_sector_agr,2012,0.945
est,sex_f,skl_skill_under,eco_sector_agr,2013,0.974
est,sex_f,skl_skill_under,eco_sector_agr,2014,1.159
est,sex_f,skl_skill_under,eco_sector_agr,2015,1.09
est,sex_f,skl_skill_under,eco_sector_agr,2016,0.704
est,sex_f,skl_skill_under,eco_sector_agr,2017,0.671
est,sex_f,skl_skill_under,eco_sector_agr,2018,0.705
est,sex_f,skl_skill_under,eco_sector_agr,2019,0.982
est,sex_f,skl_skill_under,eco_sector_agr,2020,0.521
est,sex_f,skl_skill_under,eco_sector_agr,2021,0.44
est,sex_f,skl_skill_under,eco_sector_agr,2022,0.401
est,sex_f,skl_skill_under,eco_sector_agr,2023,0.223
est,sex_f,skl_skill_under,eco_sector_ind,2006,12.7
est,sex_f,skl_skill_under,eco_sector_ind,2007,13.431
est,sex_f,skl_skill_under,eco_sector_ind,2008,10.741
est,sex_f,skl_skill_under,eco_sector_ind,2009,10.579
est,sex_f,skl_skill_under,eco_sector_ind,2010,9.856
est,sex_f,skl_skill_under,eco_sector_ind,2011,9.679
est,sex_f,skl_skill_under,eco_sector_ind,2012,9.837
est,sex_f,skl_skill_under,eco_sector_ind,2013,8.353
est,sex_f,skl_skill_under,eco_sector_ind,2014,5.6
est,sex_f,skl_skill_under,eco_sector_ind,2015,6.274
est,sex_f,skl_skill_under,eco_sector_ind,2016,6.431
est,sex_f,skl_skill_under,eco_sector_ind,2017,6.783
est,sex_f,skl_skill_under,eco_sector_ind,2018,6.829
est,sex_f,skl_skill_under,eco_sector_ind,2019,7.239
est,sex_f,skl_skill_under,eco_sector_ind,2020,8.305
est,sex_f,skl_skill_under,eco_sector_ind,2021,7.583
est,sex_f,skl_skill_under,eco_sector_ind,2022,6.721
est,sex_f,skl_skill_under,eco_sector_ind,2023,6.721
est,sex_f,skl_skill_under,eco_sector_nag,2006,96.547
est,sex_f,skl_skill_under,eco_sector_nag,2007,100.502
est,sex_f,skl_skill_under,eco_sector_nag,2008,96.368
est,sex_f,skl_skill_under,eco_sector_nag,2009,96.398
est,sex_f,skl_skill_under,eco_sector_nag,2010,99.731
est,sex_f,skl_skill_under,eco_sector_nag,2011,99.686
est,sex_f,skl_skill_under,eco_sector_nag,2012,101.609
est,sex_f,skl_skill_under,eco_sector_nag,2013,100.082
est,sex_f,skl_skill_under,eco_sector_nag,2014,37.746
est,sex_f,skl_skill_under,eco_sector_nag,2015,40.219
est,sex_f,skl_skill_under,eco_sector_nag,2016,43.373
est,sex_f,skl_skill_under,eco_sector_nag,2017,43.133
est,sex_f,skl_skill_under,eco_sector_nag,2018,43.848
est,sex_f,skl_skill_under,eco_sector_nag,2019,44.219
est,sex_f,skl_skill_under,eco_sector_nag,2020,45.732
est,sex_f,skl_skill_under,eco_sector_nag,2021,43.934
est,sex_f,skl_skill_under,eco_sector_nag,2022,39.832
est,sex_f,skl_skill_under,eco_sector_nag,2023,41.937
est,sex_f,skl_skill_under,eco_sector_ser,2006,83.795
est,sex_f,skl_skill_under,eco_sector_ser,2007,87.071
est,sex_f,skl_skill_under,eco_sector_ser,2008,85.626
est,sex_f,skl_skill_under,eco_sector_ser,2009,85.819
est,sex_f,skl_skill_under,eco_sector_ser,2010,89.876
est,sex_f,skl_skill_under,eco_sector_ser,2011,89.91
est,sex_f,skl_skill_under,eco_sector_ser,2012,91.702
est,sex_f,skl_skill_under,eco_sector_ser,2013,91.729
est,sex_f,skl_skill_under,eco_sector_ser,2014,32.146
est,sex_f,skl_skill_under,eco_sector_ser,2015,33.945
est,sex_f,skl_skill_under,eco_sector_ser,2016,36.942
est,sex_f,skl_skill_under,eco_sector_ser,2017,36.329
est,sex_f,skl_skill_under,eco_sector_ser,2018,37.019
est,sex_f,skl_skill_under,eco_sector_ser,2019,36.98
est,sex_f,skl_skill_under,eco_sector_ser,2020,37.427
est,sex_f,skl_skill_under,eco_sector_ser,2021,36.35
est,sex_f,skl_skill_under,eco_sector_ser,2022,33.112
est,sex_f,skl_skill_under,eco_sector_ser,2023,35.216
est,sex_f,skl_skill_under,eco_sector_total,2006,98.284
est,sex_f,skl_skill_under,eco_sector_total,2007,101.836
est,sex_f,skl_skill_under,eco_sector_total,2008,97.391
est,sex_f,skl_skill_under,eco_sector_total,2009,97.383
est,sex_f,skl_skill_under,eco_sector_total,2010,101.516
est,sex_f,skl_skill_under,eco_sector_total,2011,100.717
est,sex_f,skl_skill_under,eco_sector_total,2012,102.554
est,sex_f,skl_skill_under,eco_sector_total,2013,101.055
est,sex_f,skl_skill_under,eco_sector_total,2014,38.904
est,sex_f,skl_skill_under,eco_sector_total,2015,41.309
est,sex_f,skl_skill_under,eco_sector_total,2016,44.077
est,sex_f,skl_skill_under,eco_sector_total,2017,43.804
est,sex_f,skl_skill_under,eco_sector_total,2018,44.552
est,sex_f,skl_skill_under,eco_sector_total,2019,45.201
est,sex_f,skl_skill_under,eco_sector_total,2020,46.253
est,sex_f,skl_skill_under,eco_sector_total,2021,44.374
est,sex_f,skl_skill_under,eco_sector_total,2022,40.233
est,sex_f,skl_skill_under,eco_sector_total,2023,42.16
est,sex_f,skl_skill_x,eco_aggregate_mkt,2006,0.669
est,sex_f,skl_skill_x,eco_aggregate_mkt,2007,0.374
est,sex_f,skl_skill_x,eco_aggregate_mkt,2009,0.312
est,sex_f,skl_skill_x,eco_aggregate_mkt,2011,0.618
est,sex_f,skl_skill_x,eco_aggregate_mkt,2012,0.615
est,sex_f,skl_skill_x,eco_aggregate_mkt,2013,0.475
est,sex_f,skl_skill_x,eco_aggregate_mkt,2014,0.616
est,sex_f,skl_skill_x,eco_aggregate_mkt,2015,0.254
est,sex_f,skl_skill_x,eco_aggregate_mkt,2017,0.162
est,sex_f,skl_skill_x,eco_aggregate_pub,2006,2.01
est,sex_f,skl_skill_x,eco_aggregate_pub,2007,0.755
est,sex_f,skl_skill_x,eco_aggregate_pub,2008,1.322
est,sex_f,skl_skill_x,eco_aggregate_pub,2009,1.147
est,sex_f,skl_skill_x,eco_aggregate_pub,2010,0.744
est,sex_f,skl_skill_x,eco_aggregate_pub,2011,1.556
est,sex_f,skl_skill_x,eco_aggregate_pub,2012,1.863
est,sex_f,skl_skill_x,eco_aggregate_pub,2013,1.745
est,sex_f,skl_skill_x,eco_aggregate_pub,2014,0.777
est,sex_f,skl_skill_x,eco_aggregate_pub,2015,0.703
est,sex_f,skl_skill_x,eco_aggregate_pub,2016,0.375
est,sex_f,skl_skill_x,eco_aggregate_pub,2017,0.509
est,sex_f,skl_skill_x,eco_aggregate_pub,2018,0.834
est,sex_f,skl_skill_x,eco_aggregate_pub,2019,0.427
est,sex_f,skl_skill_x,eco_aggregate_pub,2020,0.665
est,sex_f,skl_skill_x,eco_aggregate_total,2006,2.923
est,sex_f,skl_skill_x,eco_aggregate_total,2007,1.298
est,sex_f,skl_skill_x,eco_aggregate_total,2008,1.523
est,sex_f,skl_skill_x,eco_aggregate_total,2009,1.541
est,sex_f,skl_skill_x,eco_aggregate_total,2010,1.01
est,sex_f,skl_skill_x,eco_aggregate_total,2011,2.416
est,sex_f,skl_skill_x,eco_aggregate_total,2012,2.564
est,sex_f,skl_skill_x,eco_aggregate_total,2013,2.304
est,sex_f,skl_skill_x,eco_aggregate_total,2014,1.577
est,sex_f,skl_skill_x,eco_aggregate_total,2015,1.372
est,sex_f,skl_skill_x,eco_aggregate_total,2016,0.809
est,sex_f,skl_skill_x,eco_aggregate_total,2017,1.059
est,sex_f,skl_skill_x,eco_aggregate_total,2018,1.005
est,sex_f,skl_skill_x,eco_aggregate_total,2019,0.477
est,sex_f,skl_skill_x,eco_aggregate_total,2020,0.831
est,sex_f,skl_skill_x,eco_aggregate_x,2015,0.332
est,sex_f,skl_skill_x,eco_aggregate_x,2016,0.402
est,sex_f,skl_skill_x,eco_aggregate_x,2017,0.283
est,sex_f,skl_skill_x,eco_sector_nag,2010,1.01
est,sex_f,skl_skill_x,eco_sector_nag,2013,2.304
est,sex_f,skl_skill_x,eco_sector_ser,2006,2.679
est,sex_f,skl_skill_x,eco_sector_ser,2007,1.129
est,sex_f,skl_skill_x,eco_sector_ser,2008,1.423
est,sex_f,skl_skill_x,eco_sector_ser,2009,1.459
est,sex_f,skl_skill_x,eco_sector_ser,2010,0.819
est,sex_f,skl_skill_x,eco_sector_ser,2011,2.174
est,sex_f,skl_skill_x,eco_sector_ser,2012,2.478
est,sex_f,skl_skill_x,eco_sector_ser,2013,2.22
est,sex_f,skl_skill_x,eco_sector_ser,2014,1.393
est,sex_f,skl_skill_x,eco_sector_ser,2015,0.956
est,sex_f,skl_skill_x,eco_sector_ser,2016,0.375
est,sex_f,skl_skill_x,eco_sector_ser,2017,0.671
est,sex_f,skl_skill_x,eco_sector_ser,2018,0.977
est,sex_f,skl_skill_x,eco_sector_ser,2019,0.427
est,sex_f,skl_skill_x,eco_sector_ser,2020,0.778
est,sex_f,skl_skill_x,eco_sector_total,2006,2.923
est,sex_f,skl_skill_x,eco_sector_total,2007,1.298
est,sex_f,skl_skill_x,eco_sector_total,2008,1.523
est,sex_f,skl_skill_x,eco_sector_total,2009,1.541
est,sex_f,skl_skill_x,eco_sector_total,2010,1.01
est,sex_f,skl_skill_x,eco_sector_total,2011,2.416
est,sex_f,skl_skill_x,eco_sector_total,2012,2.564
est,sex_f,skl_skill_x,eco_sector_total,2013,2.304
est,sex_f,skl_skill_x,eco_sector_total,2014,1.577
est,sex_f,skl_skill_x,eco_sector_total,2015,1.372
est,sex_f,skl_skill_x,eco_sector_total,2016,0.809
est,sex_f,skl_skill_x,eco_sector_total,2017,1.059
est,sex_f,skl_skill_x,eco_sector_total,2018,1.005
est,sex_f,skl_skill_x,eco_sector_total,2019,0.477
est,sex_f,skl_skill_x,eco_sector_total,2020,0.831
est,sex_f,skl_skill_x,eco_sector_x,2015,0.332
est,sex_f,skl_skill_x,eco_sector_x,2016,0.402
est,sex_f,skl_skill_x,eco_sector_x,2017,0.283
est,sex_m,skl_skill_match,eco_aggregate_agr,2006,15.379
est,sex_m,skl_skill_match,eco_aggregate_agr,2007,14.237
est,sex_m,skl_skill_match,eco_aggregate_agr,2008,10.942
est,sex_m,skl_skill_match,eco_aggregate_agr,2009,10.611
est,sex_m,skl_skill_match,eco_aggregate_agr,2010,10.464
est,sex_m,skl_skill_match,eco_aggregate_agr,2011,12.246
est,sex_m,skl_skill_match,eco_aggregate_agr,2012,14.247
est,sex_m,skl_skill_match,eco_aggregate_agr,2013,13.907
est,sex_m,skl_skill_match,eco_aggregate_agr,2014,11.993
est,sex_m,skl_skill_match,eco_aggregate_agr,2015,11.969
est,sex_m,skl_skill_match,eco_aggregate_agr,2016,12.916
est,sex_m,skl_skill_match,eco_aggregate_agr,2017,12.386
est,sex_m,skl_skill_match,eco_aggregate_agr,2018,11.99
est,sex_m,skl_skill_match,eco_aggregate_agr,2019,12.926
est,sex_m,skl_skill_match,eco_aggregate_agr,2020,11.05
est,sex_m,skl_skill_match,eco_aggregate_agr,2021,9.873
est,sex_m,skl_skill_match,eco_aggregate_agr,2022,8.423
est,sex_m,skl_skill_match,eco_aggregate_agr,2023,10.123
est,sex_m,skl_skill_match,eco_aggregate_con,2006,43.086
est,sex_m,skl_skill_match,eco_aggregate_con,2007,54.436
est,sex_m,skl_skill_match,eco_aggregate_con,2008,56.764
est,sex_m,skl_skill_match,eco_aggregate_con,2009,39.769
est,sex_m,skl_skill_match,eco_aggregate_con,2010,31.895
est,sex_m,skl_skill_match,eco_aggregate_con,2011,37.976
est,sex_m,skl_skill_match,eco_aggregate_con,2012,37.53
est,sex_m,skl_skill_match,eco_aggregate_con,2013,36.587
est,sex_m,skl_skill_match,eco_aggregate_con,2014,36.625
est,sex_m,skl_skill_match,eco_aggregate_con,2015,40.493
est,sex_m,skl_skill_match,eco_aggregate_con,2016,40.219
est,sex_m,skl_skill_match,eco_aggregate_con,2017,37.935
est,sex_m,skl_skill_match,eco_aggregate_con,2018,37.497
est,sex_m,skl_skill_match,eco_aggregate_con,2019,38.469
est,sex_m,skl_skill_match,eco_aggregate_con,2020,39.436
est,sex_m,skl_skill_match,eco_aggregate_con,2021,37.754
est,sex_m,skl_skill_match,eco_aggregate_con,2022,36.941
est,sex_m,skl_skill_match,eco_aggregate_con,2023,38.65
est,sex_m,skl_skill_match,eco_aggregate_man,2006,55.631
est,sex_m,skl_skill_match,eco_aggregate_man,2007,52.281
est,sex_m,skl_skill_match,eco_aggregate_man,2008,51.898
est,sex_m,skl_skill_match,eco_aggregate_man,2009,45.775
est,sex_m,skl_skill_match,eco_aggregate_man,2010,44.63
est,sex_m,skl_skill_match,eco_aggregate_man,2011,49.513
est,sex_m,skl_skill_match,eco_aggregate_man,2012,49.003
est,sex_m,skl_skill_match,eco_aggregate_man,2013,50.164
est,sex_m,skl_skill_match,eco_aggregate_man,2014,50.092
est,sex_m,skl_skill_match,eco_aggregate_man,2015,52.044
est,sex_m,skl_skill_match,eco_aggregate_man,2016,54.04
est,sex_m,skl_skill_match,eco_aggregate_man,2017,52.409
est,sex_m,skl_skill_match,eco_aggregate_man,2018,51.214
est,sex_m,skl_skill_match,eco_aggregate_man,2019,50.12
est,sex_m,skl_skill_match,eco_aggregate_man,2020,49.178
est,sex_m,skl_skill_match,eco_aggregate_man,2021,48.97
est,sex_m,skl_skill_match,eco_aggregate_man,2022,52.931
est,sex_m,skl_skill_match,eco_aggregate_man,2023,53.187
est,sex_m,skl_skill_match,eco_aggregate_mel,2006,10.286
est,sex_m,skl_skill_match,eco_aggregate_mel,2007,9.022
est,sex_m,skl_skill_match,eco_aggregate_mel,2008,8.673
est,sex_m,skl_skill_match,eco_aggregate_mel,2009,7.682
est,sex_m,skl_skill_match,eco_aggregate_mel,2010,8.943
est,sex_m,skl_skill_match,eco_aggregate_mel,2011,9.451
est,sex_m,skl_skill_match,eco_aggregate_mel,2012,7.88
est,sex_m,skl_skill_match,eco_aggregate_mel,2013,7.914
est,sex_m,skl_skill_match,eco_aggregate_mel,2014,7.959
est,sex_m,skl_skill_match,eco_aggregate_mel,2015,6.994
est,sex_m,skl_skill_match,eco_aggregate_mel,2016,6.36
est,sex_m,skl_skill_match,eco_aggregate_mel,2017,7.639
est,sex_m,skl_skill_match,eco_aggregate_mel,2018,9.015
est,sex_m,skl_skill_match,eco_aggregate_mel,2019,7.281
est,sex_m,skl_skill_match,eco_aggregate_mel,2020,6.324
est,sex_m,skl_skill_match,eco_aggregate_mel,2021,6.999
est,sex_m,skl_skill_match,eco_aggregate_mel,2022,6.232
est,sex_m,skl_skill_match,eco_aggregate_mel,2023,6.13
est,sex_m,skl_skill_match,eco_aggregate_mkt,2006,65.782
est,sex_m,skl_skill_match,eco_aggregate_mkt,2007,64.016
est,sex_m,skl_skill_match,eco_aggregate_mkt,2008,68.767
est,sex_m,skl_skill_match,eco_aggregate_mkt,2009,64.188
est,sex_m,skl_skill_match,eco_aggregate_mkt,2010,61.828
est,sex_m,skl_skill_match,eco_aggregate_mkt,2011,57.312
est,sex_m,skl_skill_match,eco_aggregate_mkt,2012,60.557
est,sex_m,skl_skill_match,eco_aggregate_mkt,2013,64.075
est,sex_m,skl_skill_match,eco_aggregate_mkt,2014,76.879
est,sex_m,skl_skill_match,eco_aggregate_mkt,2015,71.459
est,sex_m,skl_skill_match,eco_aggregate_mkt,2016,73.944
est,sex_m,skl_skill_match,eco_aggregate_mkt,2017,80.23
est,sex_m,skl_skill_match,eco_aggregate_mkt,2018,83.891
est,sex_m,skl_skill_match,eco_aggregate_mkt,2019,83.695
est,sex_m,skl_skill_match,eco_aggregate_mkt,2020,74.331
est,sex_m,skl_skill_match,eco_aggregate_mkt,2021,77.842
est,sex_m,skl_skill_match,eco_aggregate_mkt,2022,89.06
est,sex_m,skl_skill_match,eco_aggregate_mkt,2023,88.331
est,sex_m,skl_skill_match,eco_aggregate_pub,2006,16.4
est,sex_m,skl_skill_match,eco_aggregate_pub,2007,15.977
est,sex_m,skl_skill_match,eco_aggregate_pub,2008,15.752
est,sex_m,skl_skill_match,eco_aggregate_pub,2009,13.344
est,sex_m,skl_skill_match,eco_aggregate_pub,2010,12.501
est,sex_m,skl_skill_match,eco_aggregate_pub,2011,13.283
est,sex_m,skl_skill_match,eco_aggregate_pub,2012,15.284
est,sex_m,skl_skill_match,eco_aggregate_pub,2013,16.267
est,sex_m,skl_skill_match,eco_aggregate_pub,2014,22.454
est,sex_m,skl_skill_match,eco_aggregate_pub,2015,25.359
est,sex_m,skl_skill_match,eco_aggregate_pub,2016,25.806
est,sex_m,skl_skill_match,eco_aggregate_pub,2017,21.122
est,sex_m,skl_skill_match,eco_aggregate_pub,2018,22.148
est,sex_m,skl_skill_match,eco_aggregate_pub,2019,23.145
est,sex_m,skl_skill_match,eco_aggregate_pub,2020,25.303
est,sex_m,skl_skill_match,eco_aggregate_pub,2021,25.661
est,sex_m,skl_skill_match,eco_aggregate_pub,2022,24.847
est,sex_m,skl_skill_match,eco_aggregate_pub,2023,25.655
est,sex_m,skl_skill_match,eco_aggregate_total,2006,206.565
est,sex_m,skl_skill_match,eco_aggregate_total,2007,209.969
est,sex_m,skl_skill_match,eco_aggregate_total,2008,212.907
est,sex_m,skl_skill_match,eco_aggregate_total,2009,181.456
est,sex_m,skl_skill_match,eco_aggregate_total,2010,170.635
est,sex_m,skl_skill_match,eco_aggregate_total,2011,179.98
est,sex_m,skl_skill_match,eco_aggregate_total,2012,184.654
est,sex_m,skl_skill_match,eco_aggregate_total,2013,189.013
est,sex_m,skl_skill_match,eco_aggregate_total,2014,206.002
est,sex_m,skl_skill_match,eco_aggregate_total,2015,208.318
est,sex_m,skl_skill_match,eco_aggregate_total,2016,213.443
est,sex_m,skl_skill_match,eco_aggregate_total,2017,211.936
est,sex_m,skl_skill_match,eco_aggregate_total,2018,215.755
est,sex_m,skl_skill_match,eco_aggregate_total,2019,215.637
est,sex_m,skl_skill_match,eco_aggregate_total,2020,205.622
est,sex_m,skl_skill_match,eco_aggregate_total,2021,207.099
est,sex_m,skl_skill_match,eco_aggregate_total,2022,218.435
est,sex_m,skl_skill_match,eco_aggregate_total,2023,222.077
est,sex_m,skl_skill_match,eco_sector_agr,2006,15.379
est,sex_m,skl_skill_match,eco_sector_agr,2007,14.237
est,sex_m,skl_skill_match,eco_sector_agr,2008,10.942
est,sex_m,skl_skill_match,eco_sector_agr,2009,10.611
est,sex_m,skl_skill_match,eco_sector_agr,2010,10.464
est,sex_m,skl_skill_match,eco_sector_agr,2011,12.246
est,sex_m,skl_skill_match,eco_sector_agr,2012,14.247
est,sex_m,skl_skill_match,eco_sector_agr,2013,13.907
est,sex_m,skl_skill_match,eco_sector_agr,2014,11.993
est,sex_m,skl_skill_match,eco_sector_agr,2015,11.969
est,sex_m,skl_skill_match,eco_sector_agr,2016,12.916
est,sex_m,skl_skill_match,eco_sector_agr,2017,12.386
est,sex_m,skl_skill_match,eco_sector_agr,2018,11.99
est,sex_m,skl_skill_match,eco_sector_agr,2019,12.926
est,sex_m,skl_skill_match,eco_sector_agr,2020,11.05
est,sex_m,skl_skill_match,eco_sector_agr,2021,9.873
est,sex_m,skl_skill_match,eco_sector_agr,2022,8.423
est,sex_m,skl_skill_match,eco_sector_agr,2023,10.123
est,sex_m,skl_skill_match,eco_sector_ind,2006,109.004
est,sex_m,skl_skill_match,eco_sector_ind,2007,115.738
est,sex_m,skl_skill_match,eco_sector_ind,2008,117.335
est,sex_m,skl_skill_match,eco_sector_ind,2009,93.226
est,sex_m,skl_skill_match,eco_sector_ind,2010,85.467
est,sex_m,skl_skill_match,eco_sector_ind,2011,96.94
est,sex_m,skl_skill_match,eco_sector_ind,2012,94.413
est,sex_m,skl_skill_match,eco_sector_ind,2013,94.665
est,sex_m,skl_skill_match,eco_sector_ind,2014,94.676
est,sex_m,skl_skill_match,eco_sector_ind,2015,99.531
est,sex_m,skl_skill_match,eco_sector_ind,2016,100.619
est,sex_m,skl_skill_match,eco_sector_ind,2017,97.982
est,sex_m,skl_skill_match,eco_sector_ind,2018,97.726
est,sex_m,skl_skill_match,eco_sector_ind,2019,95.87
est,sex_m,skl_skill_match,eco_sector_ind,2020,94.938
est,sex_m,skl_skill_match,eco_sector_ind,2021,93.723
est,sex_m,skl_skill_match,eco_sector_ind,2022,96.104
est,sex_m,skl_skill_match,eco_sector_ind,2023,97.968
est,sex_m,skl_skill_match,eco_sector_nag,2006,191.186
est,sex_m,skl_skill_match,eco_sector_nag,2007,195.732
est,sex_m,skl_skill_match,eco_sector_nag,2008,201.965
est,sex_m,skl_skill_match,eco_sector_nag,2009,170.844
est,sex_m,skl_skill_match,eco_sector_nag,2010,160.171
est,sex_m,skl_skill_match,eco_sector_nag,2011,167.734
est,sex_m,skl_skill_match,eco_sector_nag,2012,170.407
est,sex_m,skl_skill_match,eco_sector_nag,2013,175.106
est,sex_m,skl_skill_match,eco_sector_nag,2014,194.009
est,sex_m,skl_skill_match,eco_sector_nag,2015,196.349
est,sex_m,skl_skill_match,eco_sector_nag,2016,200.527
est,sex_m,skl_skill_match,eco_sector_nag,2017,199.55
est,sex_m,skl_skill_match,eco_sector_nag,2018,203.765
est,sex_m,skl_skill_match,eco_sector_nag,2019,202.71
est,sex_m,skl_skill_match,eco_sector_nag,2020,194.572
est,sex_m,skl_skill_match,eco_sector_nag,2021,197.226
est,sex_m,skl_skill_match,eco_sector_nag,2022,210.012
est,sex_m,skl_skill_match,eco_sector_nag,2023,211.954
est,sex_m,skl_skill_match,eco_sector_ser,2006,82.182
est,sex_m,skl_skill_match,eco_sector_ser,2007,79.994
est,sex_m,skl_skill_match,eco_sector_ser,2008,84.519
est,sex_m,skl_skill_match,eco_sector_ser,2009,77.531
est,sex_m,skl_skill_match,eco_sector_ser,2010,74.329
est,sex_m,skl_skill_match,eco_sector_ser,2011,70.595
est,sex_m,skl_skill_match,eco_sector_ser,2012,75.842
est,sex_m,skl_skill_match,eco_sector_ser,2013,80.342
est,sex_m,skl_skill_match,eco_sector_ser,2014,99.333
est,sex_m,skl_skill_match,eco_sector_ser,2015,96.818
est,sex_m,skl_skill_match,eco_sector_ser,2016,99.75
est,sex_m,skl_skill_match,eco_sector_ser,2017,101.353
est,sex_m,skl_skill_match,eco_sector_ser,2018,106.038
est,sex_m,skl_skill_match,eco_sector_ser,2019,106.84
est,sex_m,skl_skill_match,eco_sector_ser,2020,99.634
est,sex_m,skl_skill_match,eco_sector_ser,2021,103.503
est,sex_m,skl_skill_match,eco_sector_ser,2022,113.907
est,sex_m,skl_skill_match,eco_sector_ser,2023,113.986
est,sex_m,skl_skill_match,eco_sector_total,2006,206.565
est,sex_m,skl_skill_match,eco_sector_total,2007,209.969
est,sex_m,skl_skill_match,eco_sector_total,2008,212.907
est,sex_m,skl_skill_match,eco_sector_total,2009,181.456
est,sex_m,skl_skill_match,eco_sector_total,2010,170.635
est,sex_m,skl_skill_match,eco_sector_total,2011,179.98
est,sex_m,skl_skill_match,eco_sector_total,2012,184.654
est,sex_m,skl_skill_match,eco_sector_total,2013,189.013
est,sex_m,skl_skill_match,eco_sector_total,2014,206.002
est,sex_m,skl_skill_match,eco_sector_total,2015,208.318
est,sex_m,skl_skill_match,eco_sector_total,2016,213.443
est,sex_m,skl_skill_match,eco_sector_total,2017,211.936
est,sex_m,skl_skill_match,eco_sector_total,2018,215.755
est,sex_m,skl_skill_match,eco_sector_total,2019,215.637
est,sex_m,skl_skill_match,eco_sector_total,2020,205.622
est,sex_m,skl_skill_match,eco_sector_total,2021,207.099
est,sex_m,skl_skill_match,eco_sector_total,2022,218.435
est,sex_m,skl_skill_match,eco_sector_total,2023,222.077
est,sex_m,skl_skill_over,eco_aggregate_agr,2006,5.359
est,sex_m,skl_skill_over,eco_aggregate_agr,2007,4.958
est,sex_m,skl_skill_over,eco_aggregate_agr,2008,4.276
est,sex_m,skl_skill_over,eco_aggregate_agr,2009,3.213
est,sex_m,skl_skill_over,eco_aggregate_agr,2010,3.544
est,sex_m,skl_skill_over,eco_aggregate_agr,2011,5.87
est,sex_m,skl_skill_over,eco_aggregate_agr,2012,4.742
est,sex_m,skl_skill_over,eco_aggregate_agr,2013,4.152
est,sex_m,skl_skill_over,eco_aggregate_agr,2014,3.772
est,sex_m,skl_skill_over,eco_aggregate_agr,2015,4.113
est,sex_m,skl_skill_over,eco_aggregate_agr,2016,3.88
est,sex_m,skl_skill_over,eco_aggregate_agr,2017,3.447
est,sex_m,skl_skill_over,eco_aggregate_agr,2018,3.347
est,sex_m,skl_skill_over,eco_aggregate_agr,2019,2.999
est,sex_m,skl_skill_over,eco_aggregate_agr,2020,2.902
est,sex_m,skl_skill_over,eco_aggregate_agr,2021,2.574
est,sex_m,skl_skill_over,eco_aggregate_agr,2022,2.843
est,sex_m,skl_skill_over,eco_aggregate_agr,2023,3.225
est,sex_m,skl_skill_over,eco_aggregate_con,2006,7.403
est,sex_m,skl_skill_over,eco_aggregate_con,2007,9.602
est,sex_m,skl_skill_over,eco_aggregate_con,2008,7.754
est,sex_m,skl_skill_over,eco_aggregate_con,2009,5.095
est,sex_m,skl_skill_over,eco_aggregate_con,2010,5.481
est,sex_m,skl_skill_over,eco_aggregate_con,2011,6.984
est,sex_m,skl_skill_over,eco_aggregate_con,2012,5.945
est,sex_m,skl_skill_over,eco_aggregate_con,2013,5.74
est,sex_m,skl_skill_over,eco_aggregate_con,2014,8.52
est,sex_m,skl_skill_over,eco_aggregate_con,2015,8.119
est,sex_m,skl_skill_over,eco_aggregate_con,2016,7.117
est,sex_m,skl_skill_over,eco_aggregate_con,2017,6.895
est,sex_m,skl_skill_over,eco_aggregate_con,2018,6.42
est,sex_m,skl_skill_over,eco_aggregate_con,2019,6.695
est,sex_m,skl_skill_over,eco_aggregate_con,2020,8.29
est,sex_m,skl_skill_over,eco_aggregate_con,2021,7.472
est,sex_m,skl_skill_over,eco_aggregate_con,2022,7.848
est,sex_m,skl_skill_over,eco_aggregate_con,2023,6.442
est,sex_m,skl_skill_over,eco_aggregate_man,2006,8.217
est,sex_m,skl_skill_over,eco_aggregate_man,2007,9.497
est,sex_m,skl_skill_over,eco_aggregate_man,2008,10.676
est,sex_m,skl_skill_over,eco_aggregate_man,2009,9.114
est,sex_m,skl_skill_over,eco_aggregate_man,2010,8.626
est,sex_m,skl_skill_over,eco_aggregate_man,2011,10.037
est,sex_m,skl_skill_over,eco_aggregate_man,2012,9.416
est,sex_m,skl_skill_over,eco_aggregate_man,2013,9.154
est,sex_m,skl_skill_over,eco_aggregate_man,2014,10.669
est,sex_m,skl_skill_over,eco_aggregate_man,2015,12.356
est,sex_m,skl_skill_over,eco_aggregate_man,2016,11.728
est,sex_m,skl_skill_over,eco_aggregate_man,2017,12.703
est,sex_m,skl_skill_over,eco_aggregate_man,2018,13.717
est,sex_m,skl_skill_over,eco_aggregate_man,2019,12.806
est,sex_m,skl_skill_over,eco_aggregate_man,2020,12.068
est,sex_m,skl_skill_over,eco_aggregate_man,2021,10.947
est,sex_m,skl_skill_over,eco_aggregate_man,2022,12.153
est,sex_m,skl_skill_over,eco_aggregate_man,2023,11.567
est,sex_m,skl_skill_over,eco_aggregate_mel,2006,2.019
est,sex_m,skl_skill_over,eco_aggregate_mel,2007,2.318
est,sex_m,skl_skill_over,eco_aggregate_mel,2008,2.215
est,sex_m,skl_skill_over,eco_aggregate_mel,2009,2.178
est,sex_m,skl_skill_over,eco_aggregate_mel,2010,1.199
est,sex_m,skl_skill_over,eco_aggregate_mel,2011,1.756
est,sex_m,skl_skill_over,eco_aggregate_mel,2012,2.426
est,sex_m,skl_skill_over,eco_aggregate_mel,2013,1.961
est,sex_m,skl_skill_over,eco_aggregate_mel,2014,2.998
est,sex_m,skl_skill_over,eco_aggregate_mel,2015,1.982
est,sex_m,skl_skill_over,eco_aggregate_mel,2016,1.804
est,sex_m,skl_skill_over,eco_aggregate_mel,2017,1.709
est,sex_m,skl_skill_over,eco_aggregate_mel,2018,1.66
est,sex_m,skl_skill_over,eco_aggregate_mel,2019,1.574
est,sex_m,skl_skill_over,eco_aggregate_mel,2020,1.911
est,sex_m,skl_skill_over,eco_aggregate_mel,2021,1.67
est,sex_m,skl_skill_over,eco_aggregate_mel,2022,1.611
est,sex_m,skl_skill_over,eco_aggregate_mel,2023,2.591
est,sex_m,skl_skill_over,eco_aggregate_mkt,2006,17.701
est,sex_m,skl_skill_over,eco_aggregate_mkt,2007,14.901
est,sex_m,skl_skill_over,eco_aggregate_mkt,2008,16.31
est,sex_m,skl_skill_over,eco_aggregate_mkt,2009,16.602
est,sex_m,skl_skill_over,eco_aggregate_mkt,2010,13.009
est,sex_m,skl_skill_over,eco_aggregate_mkt,2011,15.332
est,sex_m,skl_skill_over,eco_aggregate_mkt,2012,15.812
est,sex_m,skl_skill_over,eco_aggregate_mkt,2013,14.916
est,sex_m,skl_skill_over,eco_aggregate_mkt,2014,20.418
est,sex_m,skl_skill_over,eco_aggregate_mkt,2015,17.733
est,sex_m,skl_skill_over,eco_aggregate_mkt,2016,20.771
est,sex_m,skl_skill_over,eco_aggregate_mkt,2017,24.142
est,sex_m,skl_skill_over,eco_aggregate_mkt,2018,21.389
est,sex_m,skl_skill_over,eco_aggregate_mkt,2019,25.621
est,sex_m,skl_skill_over,eco_aggregate_mkt,2020,24.458
est,sex_m,skl_skill_over,eco_aggregate_mkt,2021,27.723
est,sex_m,skl_skill_over,eco_aggregate_mkt,2022,24.856
est,sex_m,skl_skill_over,eco_aggregate_mkt,2023,25.907
est,sex_m,skl_skill_over,eco_aggregate_pub,2006,6.54
est,sex_m,skl_skill_over,eco_aggregate_pub,2007,6.322
est,sex_m,skl_skill_over,eco_aggregate_pub,2008,6.652
est,sex_m,skl_skill_over,eco_aggregate_pub,2009,5.829
est,sex_m,skl_skill_over,eco_aggregate_pub,2010,5.069
est,sex_m,skl_skill_over,eco_aggregate_pub,2011,5.772
est,sex_m,skl_skill_over,eco_aggregate_pub,2012,4.68
est,sex_m,skl_skill_over,eco_aggregate_pub,2013,5.603
est,sex_m,skl_skill_over,eco_aggregate_pub,2014,10.442
est,sex_m,skl_skill_over,eco_aggregate_pub,2015,8.253
est,sex_m,skl_skill_over,eco_aggregate_pub,2016,8.933
est,sex_m,skl_skill_over,eco_aggregate_pub,2017,9.563
est,sex_m,skl_skill_over,eco_aggregate_pub,2018,9.08
est,sex_m,skl_skill_over,eco_aggregate_pub,2019,10.633
est,sex_m,skl_skill_over,eco_aggregate_pub,2020,10.812
est,sex_m,skl_skill_over,eco_aggregate_pub,2021,12.873
est,sex_m,skl_skill_over,eco_aggregate_pub,2022,12.902
est,sex_m,skl_skill_over,eco_aggregate_pub,2023,13.817
est,sex_m,skl_skill_over,eco_aggregate_total,2006,47.239
est,sex_m,skl_skill_over,eco_aggregate_total,2007,47.598
est,sex_m,skl_skill_over,eco_aggregate_total,2008,48.035
est,sex_m,skl_skill_over,eco_aggregate_total,2009,42.236
est,sex_m,skl_skill_over,eco_aggregate_total,2010,36.974
est,sex_m,skl_skill_over,eco_aggregate_total,2011,45.75
est,sex_m,skl_skill_over,eco_aggregate_total,2012,43.021
est,sex_m,skl_skill_over,eco_aggregate_total,2013,41.526
est,sex_m,skl_skill_over,eco_aggregate_total,2014,56.82
est,sex_m,skl_skill_over,eco_aggregate_total,2015,52.675
est,sex_m,skl_skill_over,eco_aggregate_total,2016,54.313
est,sex_m,skl_skill_over,eco_aggregate_total,2017,58.519
est,sex_m,skl_skill_over,eco_aggregate_total,2018,55.613
est,sex_m,skl_skill_over,eco_aggregate_total,2019,60.328
est,sex_m,skl_skill_over,eco_aggregate_total,2020,60.441
est,sex_m,skl_skill_over,eco_aggregate_total,2021,63.259
est,sex_m,skl_skill_over,eco_aggregate_total,2022,62.214
est,sex_m,skl_skill_over,eco_aggregate_total,2023,63.548
est,sex_m,skl_skill_over,eco_sector_agr,2006,5.359
est,sex_m,skl_skill_over,eco_sector_agr,2007,4.958
est,sex_m,skl_skill_over,eco_sector_agr,2008,4.276
est,sex_m,skl_skill_over,eco_sector_agr,2009,3.213
est,sex_m,skl_skill_over,eco_sector_agr,2010,3.544
est,sex_m,skl_skill_over,eco_sector_agr,2011,5.87
est,sex_m,skl_skill_over,eco_sector_agr,2012,4.742
est,sex_m,skl_skill_over,eco_sector_agr,2013,4.152
est,sex_m,skl_skill_over,eco_sector_agr,2014,3.772
est,sex_m,skl_skill_over,eco_sector_agr,2015,4.113
est,sex_m,skl_skill_over,eco_sector_agr,2016,3.88
est,sex_m,skl_skill_over,eco_sector_agr,2017,3.447
est,sex_m,skl_skill_over,eco_sector_agr,2018,3.347
est,sex_m,skl_skill_over,eco_sector_agr,2019,2.999
est,sex_m,skl_skill_over,eco_sector_agr,2020,2.902
est,sex_m,skl_skill_over,eco_sector_agr,2021,2.574
est,sex_m,skl_skill_over,eco_sector_agr,2022,2.843
est,sex_m,skl_skill_over,eco_sector_agr,2023,3.225
est,sex_m,skl_skill_over,eco_sector_ind,2006,17.64
est,sex_m,skl_skill_over,eco_sector_ind,2007,21.417
est,sex_m,skl_skill_over,eco_sector_ind,2008,20.645
est,sex_m,skl_skill_over,eco_sector_ind,2009,16.387
est,sex_m,skl_skill_over,eco_sector_ind,2010,15.306
est,sex_m,skl_skill_over,eco_sector_ind,2011,18.777
est,sex_m,skl_skill_over,eco_sector_ind,2012,17.786
est,sex_m,skl_skill_over,eco_sector_ind,2013,16.855
est,sex_m,skl_skill_over,eco_sector_ind,2014,22.188
est,sex_m,skl_skill_over,eco_sector_ind,2015,22.456
est,sex_m,skl_skill_over,eco_sector_ind,2016,20.65
est,sex_m,skl_skill_over,eco_sector_ind,2017,21.307
est,sex_m,skl_skill_over,eco_sector_ind,2018,21.797
est,sex_m,skl_skill_over,eco_sector_ind,2019,21.075
est,sex_m,skl_skill_over,eco_sector_ind,2020,22.268
est,sex_m,skl_skill_over,eco_sector_ind,2021,20.09
est,sex_m,skl_skill_over,eco_sector_ind,2022,21.613
est,sex_m,skl_skill_over,eco_sector_ind,2023,20.599
est,sex_m,skl_skill_over,eco_sector_nag,2006,41.881
est,sex_m,skl_skill_over,eco_sector_nag,2007,42.639
est,sex_m,skl_skill_over,eco_sector_nag,2008,43.759
est,sex_m,skl_skill_over,eco_sector_nag,2009,39.023
est,sex_m,skl_skill_over,eco_sector_nag,2010,33.429
est,sex_m,skl_skill_over,eco_sector_nag,2011,39.88
est,sex_m,skl_skill_over,eco_sector_nag,2012,38.279
est,sex_m,skl_skill_over,eco_sector_nag,2013,37.374
est,sex_m,skl_skill_over,eco_sector_nag,2014,53.048
est,sex_m,skl_skill_over,eco_sector_nag,2015,48.562
est,sex_m,skl_skill_over,eco_sector_nag,2016,50.433
est,sex_m,skl_skill_over,eco_sector_nag,2017,55.072
est,sex_m,skl_skill_over,eco_sector_nag,2018,52.266
est,sex_m,skl_skill_over,eco_sector_nag,2019,57.329
est,sex_m,skl_skill_over,eco_sector_nag,2020,57.538
est,sex_m,skl_skill_over,eco_sector_nag,2021,60.686
est,sex_m,skl_skill_over,eco_sector_nag,2022,59.371
est,sex_m,skl_skill_over,eco_sector_nag,2023,60.323
est,sex_m,skl_skill_over,eco_sector_ser,2006,24.241
est,sex_m,skl_skill_over,eco_sector_ser,2007,21.223
est,sex_m,skl_skill_over,eco_sector_ser,2008,22.962
est,sex_m,skl_skill_over,eco_sector_ser,2009,22.431
est,sex_m,skl_skill_over,eco_sector_ser,2010,18.078
est,sex_m,skl_skill_over,eco_sector_ser,2011,21.104
est,sex_m,skl_skill_over,eco_sector_ser,2012,20.492
est,sex_m,skl_skill_over,eco_sector_ser,2013,20.518
est,sex_m,skl_skill_over,eco_sector_ser,2014,30.861
est,sex_m,skl_skill_over,eco_sector_ser,2015,25.986
est,sex_m,skl_skill_over,eco_sector_ser,2016,29.704
est,sex_m,skl_skill_over,eco_sector_ser,2017,33.705
est,sex_m,skl_skill_over,eco_sector_ser,2018,30.469
est,sex_m,skl_skill_over,eco_sector_ser,2019,36.254
est,sex_m,skl_skill_over,eco_sector_ser,2020,35.27
est,sex_m,skl_skill_over,eco_sector_ser,2021,40.596
est,sex_m,skl_skill_over,eco_sector_ser,2022,37.758
est,sex_m,skl_skill_over,eco_sector_ser,2023,39.724
est,sex_m,skl_skill_over,eco_sector_total,2006,47.239
est,sex_m,skl_skill_over,eco_sector_total,2007,47.598
est,sex_m,skl_skill_over,eco_sector_total,2008,48.035
est,sex_m,skl_skill_over,eco_sector_total,2009,42.236
est,sex_m,skl_skill_over,eco_sector_total,2010,36.974
est,sex_m,skl_skill_over,eco_sector_total,2011,45.75
est,sex_m,skl_skill_over,eco_sector_total,2012,43.021
est,sex_m,skl_skill_over,eco_sector_total,2013,41.526
est,sex_m,skl_skill_over,eco_sector_total,2014,56.82
est,sex_m,skl_skill_over,eco_sector_total,2015,52.675
est,sex_m,skl_skill_over,eco_sector_total,2016,54.313
est,sex_m,skl_skill_over,eco_sector_total,2017,58.519
est,sex_m,skl_skill_over,eco_sector_total,2018,55.613
est,sex_m,skl_skill_over,eco_sector_total,2019,60.328
est,sex_m,skl_skill_over,eco_sector_total,2020,60.441
est,sex_m,skl_skill_over,eco_sector_total,2021,63.259
est,sex_m,skl_skill_over,eco_sector_total,2022,62.214
est,sex_m,skl_skill_over,eco_sector_total,2023,63.548
est,sex_m,skl_skill_total,eco_aggregate_agr,2006,22.729
est,sex_m,skl_skill_total,eco_aggregate_agr,2007,21.514
est,sex_m,skl_skill_total,eco_aggregate_agr,2008,17.771
est,sex_m,skl_skill_total,eco_aggregate_agr,2009,16.119
est,sex_m,skl_skill_total,eco_aggregate_agr,2010,15.74
est,sex_m,skl_skill_total,eco_aggregate_agr,2011,19.194
est,sex_m,skl_skill_total,eco_aggregate_agr,2012,19.896
est,sex_m,skl_skill_total,eco_aggregate_agr,2013,19.502
est,sex_m,skl_skill_total,eco_aggregate_agr,2014,17.251
est,sex_m,skl_skill_total,eco_aggregate_agr,2015,17.503
est,sex_m,skl_skill_total,eco_aggregate_agr,2016,18.698
est,sex_m,skl_skill_total,eco_aggregate_agr,2017,17.527
est,sex_m,skl_skill_total,eco_aggregate_agr,2018,17.214
est,sex_m,skl_skill_total,eco_aggregate_agr,2019,17.109
est,sex_m,skl_skill_total,eco_aggregate_agr,2020,14.996
est,sex_m,skl_skill_total,eco_aggregate_agr,2021,12.955
est,sex_m,skl_skill_total,eco_aggregate_agr,2022,12.18
est,sex_m,skl_skill_total,eco_aggregate_agr,2023,14.053
est,sex_m,skl_skill_total,eco_aggregate_con,2006,59.223
est,sex_m,skl_skill_total,eco_aggregate_con,2007,73.981
est,sex_m,skl_skill_total,eco_aggregate_con,2008,73.277
est,sex_m,skl_skill_total,eco_aggregate_con,2009,51.904
est,sex_m,skl_skill_total,eco_aggregate_con,2010,44.566
est,sex_m,skl_skill_total,eco_aggregate_con,2011,52.855
est,sex_m,skl_skill_total,eco_aggregate_con,2012,53.35
est,sex_m,skl_skill_total,eco_aggregate_con,2013,53.024
est,sex_m,skl_skill_total,eco_aggregate_con,2014,54.671
est,sex_m,skl_skill_total,eco_aggregate_con,2015,57.99
est,sex_m,skl_skill_total,eco_aggregate_con,2016,54.795
est,sex_m,skl_skill_total,eco_aggregate_con,2017,52.838
est,sex_m,skl_skill_total,eco_aggregate_con,2018,53.825
est,sex_m,skl_skill_total,eco_aggregate_con,2019,54.949
est,sex_m,skl_skill_total,eco_aggregate_con,2020,56.843
est,sex_m,skl_skill_total,eco_aggregate_con,2021,53.027
est,sex_m,skl_skill_total,eco_aggregate_con,2022,52.679
est,sex_m,skl_skill_total,eco_aggregate_con,2023,52.569
est,sex_m,skl_skill_total,eco_aggregate_man,2006,74.619
est,sex_m,skl_skill_total,eco_aggregate_man,2007,73.384
est,sex_m,skl_skill_total,eco_aggregate_man,2008,73.523
est,sex_m,skl_skill_total,eco_aggregate_man,2009,64.007
est,sex_m,skl_skill_total,eco_aggregate_man,2010,61.777
est,sex_m,skl_skill_total,eco_aggregate_man,2011,71.668
est,sex_m,skl_skill_total,eco_aggregate_man,2012,70.087
est,sex_m,skl_skill_total,eco_aggregate_man,2013,70.096
est,sex_m,skl_skill_total,eco_aggregate_man,2014,67.622
est,sex_m,skl_skill_total,eco_aggregate_man,2015,74.182
est,sex_m,skl_skill_total,eco_aggregate_man,2016,73.571
est,sex_m,skl_skill_total,eco_aggregate_man,2017,75.174
est,sex_m,skl_skill_total,eco_aggregate_man,2018,75.256
est,sex_m,skl_skill_total,eco_aggregate_man,2019,72.667
est,sex_m,skl_skill_total,eco_aggregate_man,2020,72.665
est,sex_m,skl_skill_total,eco_aggregate_man,2021,70.969
est,sex_m,skl_skill_total,eco_aggregate_man,2022,76.706
est,sex_m,skl_skill_total,eco_aggregate_man,2023,77.762
est,sex_m,skl_skill_total,eco_aggregate_mel,2006,14.959
est,sex_m,skl_skill_total,eco_aggregate_mel,2007,13.117
est,sex_m,skl_skill_total,eco_aggregate_mel,2008,12.906
est,sex_m,skl_skill_total,eco_aggregate_mel,2009,11.754
est,sex_m,skl_skill_total,eco_aggregate_mel,2010,13.332
est,sex_m,skl_skill_total,eco_aggregate_mel,2011,13.672
est,sex_m,skl_skill_total,eco_aggregate_mel,2012,13.634
est,sex_m,skl_skill_total,eco_aggregate_mel,2013,12.151
est,sex_m,skl_skill_total,eco_aggregate_mel,2014,12.391
est,sex_m,skl_skill_total,eco_aggregate_mel,2015,10.294
est,sex_m,skl_skill_total,eco_aggregate_mel,2016,9.555
est,sex_m,skl_skill_total,eco_aggregate_mel,2017,11.001
est,sex_m,skl_skill_total,eco_aggregate_mel,2018,11.967
est,sex_m,skl_skill_total,eco_aggregate_mel,2019,10.102
est,sex_m,skl_skill_total,eco_aggregate_mel,2020,9.842
est,sex_m,skl_skill_total,eco_aggregate_mel,2021,11.124
est,sex_m,skl_skill_total,eco_aggregate_mel,2022,10.175
est,sex_m,skl_skill_total,eco_aggregate_mel,2023,10.505
est,sex_m,skl_skill_total,eco_aggregate_mkt,2006,113.024
est,sex_m,skl_skill_total,eco_aggregate_mkt,2007,110.114
est,sex_m,skl_skill_total,eco_aggregate_mkt,2008,115.694
est,sex_m,skl_skill_total,eco_aggregate_mkt,2009,108.919
est,sex_m,skl_skill_total,eco_aggregate_mkt,2010,103.483
est,sex_m,skl_skill_total,eco_aggregate_mkt,2011,106.568
est,sex_m,skl_skill_total,eco_aggregate_mkt,2012,108.678
est,sex_m,skl_skill_total,eco_aggregate_mkt,2013,113.927
est,sex_m,skl_skill_total,eco_aggregate_mkt,2014,122.732
est,sex_m,skl_skill_total,eco_aggregate_mkt,2015,116.894
est,sex_m,skl_skill_total,eco_aggregate_mkt,2016,121.443
est,sex_m,skl_skill_total,eco_aggregate_mkt,2017,133.225
est,sex_m,skl_skill_total,eco_aggregate_mkt,2018,135.748
est,sex_m,skl_skill_total,eco_aggregate_mkt,2019,138.64
est,sex_m,skl_skill_total,eco_aggregate_mkt,2020,127.138
est,sex_m,skl_skill_total,eco_aggregate_mkt,2021,132.826
est,sex_m,skl_skill_total,eco_aggregate_mkt,2022,141.307
est,sex_m,skl_skill_total,eco_aggregate_mkt,2023,143.691
est,sex_m,skl_skill_total,eco_aggregate_pub,2006,45.032
est,sex_m,skl_skill_total,eco_aggregate_pub,2007,42.649
est,sex_m,skl_skill_total,eco_aggregate_pub,2008,40.061
est,sex_m,skl_skill_total,eco_aggregate_pub,2009,37.748
est,sex_m,skl_skill_total,eco_aggregate_pub,2010,37.92
est,sex_m,skl_skill_total,eco_aggregate_pub,2011,38.562
est,sex_m,skl_skill_total,eco_aggregate_pub,2012,43.34
est,sex_m,skl_skill_total,eco_aggregate_pub,2013,45.469
est,sex_m,skl_skill_total,eco_aggregate_pub,2014,44.838
est,sex_m,skl_skill_total,eco_aggregate_pub,2015,44.737
est,sex_m,skl_skill_total,eco_aggregate_pub,2016,45.597
est,sex_m,skl_skill_total,eco_aggregate_pub,2017,39.095
est,sex_m,skl_skill_total,eco_aggregate_pub,2018,41.852
est,sex_m,skl_skill_total,eco_aggregate_pub,2019,46.043
est,sex_m,skl_skill_total,eco_aggregate_pub,2020,49.88
est,sex_m,skl_skill_total,eco_aggregate_pub,2021,50.793
est,sex_m,skl_skill_total,eco_aggregate_pub,2022,50.414
est,sex_m,skl_skill_total,eco_aggregate_pub,2023,52.478
est,sex_m,skl_skill_total,eco_aggregate_total,2006,329.712
est,sex_m,skl_skill_total,eco_aggregate_total,2007,334.856
est,sex_m,skl_skill_total,eco_aggregate_total,2008,334.291
est,sex_m,skl_skill_total,eco_aggregate_total,2009,291.272
est,sex_m,skl_skill_total,eco_aggregate_total,2010,277.558
est,sex_m,skl_skill_total,eco_aggregate_total,2011,302.718
est,sex_m,skl_skill_total,eco_aggregate_total,2012,309.387
est,sex_m,skl_skill_total,eco_aggregate_total,2013,314.731
est,sex_m,skl_skill_total,eco_aggregate_total,2014,320.041
est,sex_m,skl_skill_total,eco_aggregate_total,2015,322.135
est,sex_m,skl_skill_total,eco_aggregate_total,2016,324.784
est,sex_m,skl_skill_total,eco_aggregate_total,2017,330.655
est,sex_m,skl_skill_total,eco_aggregate_total,2018,335.862
est,sex_m,skl_skill_total,eco_aggregate_total,2019,339.51
est,sex_m,skl_skill_total,eco_aggregate_total,2020,331.365
est,sex_m,skl_skill_total,eco_aggregate_total,2021,331.695
est,sex_m,skl_skill_total,eco_aggregate_total,2022,343.461
est,sex_m,skl_skill_total,eco_aggregate_total,2023,351.059
est,sex_m,skl_skill_total,eco_aggregate_x,2008,1.06
est,sex_m,skl_skill_total,eco_aggregate_x,2009,0.822
est,sex_m,skl_skill_total,eco_aggregate_x,2010,0.739
est,sex_m,skl_skill_total,eco_aggregate_x,2012,0.401
est,sex_m,skl_skill_total,eco_aggregate_x,2013,0.562
est,sex_m,skl_skill_total,eco_aggregate_x,2014,0.536
est,sex_m,skl_skill_total,eco_aggregate_x,2015,0.536
est,sex_m,skl_skill_total,eco_aggregate_x,2016,1.125
est,sex_m,skl_skill_total,eco_aggregate_x,2017,1.795
est,sex_m,skl_skill_total,eco_sector_agr,2006,22.729
est,sex_m,skl_skill_total,eco_sector_agr,2007,21.514
est,sex_m,skl_skill_total,eco_sector_agr,2008,17.771
est,sex_m,skl_skill_total,eco_sector_agr,2009,16.119
est,sex_m,skl_skill_total,eco_sector_agr,2010,15.74
est,sex_m,skl_skill_total,eco_sector_agr,2011,19.194
est,sex_m,skl_skill_total,eco_sector_agr,2012,19.896
est,sex_m,skl_skill_total,eco_sector_agr,2013,19.502
est,sex_m,skl_skill_total,eco_sector_agr,2014,17.251
est,sex_m,skl_skill_total,eco_sector_agr,2015,17.503
est,sex_m,skl_skill_total,eco_sector_agr,2016,18.698
est,sex_m,skl_skill_total,eco_sector_agr,2017,17.527
est,sex_m,skl_skill_total,eco_sector_agr,2018,17.214
est,sex_m,skl_skill_total,eco_sector_agr,2019,17.109
est,sex_m,skl_skill_total,eco_sector_agr,2020,14.996
est,sex_m,skl_skill_total,eco_sector_agr,2021,12.955
est,sex_m,skl_skill_total,eco_sector_agr,2022,12.18
est,sex_m,skl_skill_total,eco_sector_agr,2023,14.053
est,sex_m,skl_skill_total,eco_sector_ind,2006,148.801
est,sex_m,skl_skill_total,eco_sector_ind,2007,160.482
est,sex_m,skl_skill_total,eco_sector_ind,2008,159.705
est,sex_m,skl_skill_total,eco_sector_ind,2009,127.665
est,sex_m,skl_skill_total,eco_sector_ind,2010,119.676
est,sex_m,skl_skill_total,eco_sector_ind,2011,138.194
est,sex_m,skl_skill_total,eco_sector_ind,2012,137.071
est,sex_m,skl_skill_total,eco_sector_ind,2013,135.271
est,sex_m,skl_skill_total,eco_sector_ind,2014,134.684
est,sex_m,skl_skill_total,eco_sector_ind,2015,142.465
est,sex_m,skl_skill_total,eco_sector_ind,2016,137.92
est,sex_m,skl_skill_total,eco_sector_ind,2017,139.013
est,sex_m,skl_skill_total,eco_sector_ind,2018,141.048
est,sex_m,skl_skill_total,eco_sector_ind,2019,137.717
est,sex_m,skl_skill_total,eco_sector_ind,2020,139.35
est,sex_m,skl_skill_total,eco_sector_ind,2021,135.121
est,sex_m,skl_skill_total,eco_sector_ind,2022,139.561
est,sex_m,skl_skill_total,eco_sector_ind,2023,140.836
est,sex_m,skl_skill_total,eco_sector_nag,2006,306.983
est,sex_m,skl_skill_total,eco_sector_nag,2007,313.342
est,sex_m,skl_skill_total,eco_sector_nag,2008,316.52
est,sex_m,skl_skill_total,eco_sector_nag,2009,275.154
est,sex_m,skl_skill_total,eco_sector_nag,2010,261.818
est,sex_m,skl_skill_total,eco_sector_nag,2011,283.524
est,sex_m,skl_skill_total,eco_sector_nag,2012,289.491
est,sex_m,skl_skill_total,eco_sector_nag,2013,295.229
est,sex_m,skl_skill_total,eco_sector_nag,2014,302.79
est,sex_m,skl_skill_total,eco_sector_nag,2015,304.632
est,sex_m,skl_skill_total,eco_sector_nag,2016,306.087
est,sex_m,skl_skill_total,eco_sector_nag,2017,313.128
est,sex_m,skl_skill_total,eco_sector_nag,2018,318.648
est,sex_m,skl_skill_total,eco_sector_nag,2019,322.401
est,sex_m,skl_skill_total,eco_sector_nag,2020,316.368
est,sex_m,skl_skill_total,eco_sector_nag,2021,318.74
est,sex_m,skl_skill_total,eco_sector_nag,2022,331.281
est,sex_m,skl_skill_total,eco_sector_nag,2023,337.005
est,sex_m,skl_skill_total,eco_sector_ser,2006,158.056
est,sex_m,skl_skill_total,eco_sector_ser,2007,152.764
est,sex_m,skl_skill_total,eco_sector_ser,2008,155.754
est,sex_m,skl_skill_total,eco_sector_ser,2009,146.667
est,sex_m,skl_skill_total,eco_sector_ser,2010,141.404
est,sex_m,skl_skill_total,eco_sector_ser,2011,145.13
est,sex_m,skl_skill_total,eco_sector_ser,2012,152.019
est,sex_m,skl_skill_total,eco_sector_ser,2013,159.396
est,sex_m,skl_skill_total,eco_sector_ser,2014,167.571
est,sex_m,skl_skill_total,eco_sector_ser,2015,161.631
est,sex_m,skl_skill_total,eco_sector_ser,2016,167.041
est,sex_m,skl_skill_total,eco_sector_ser,2017,172.32
est,sex_m,skl_skill_total,eco_sector_ser,2018,177.6
est,sex_m,skl_skill_total,eco_sector_ser,2019,184.684
est,sex_m,skl_skill_total,eco_sector_ser,2020,177.018
est,sex_m,skl_skill_total,eco_sector_ser,2021,183.619
est,sex_m,skl_skill_total,eco_sector_ser,2022,191.721
est,sex_m,skl_skill_total,eco_sector_ser,2023,196.169
est,sex_m,skl_skill_total,eco_sector_total,2006,329.712
est,sex_m,skl_skill_total,eco_sector_total,2007,334.856
est,sex_m,skl_skill_total,eco_sector_total,2008,334.291
est,sex_m,skl_skill_total,eco_sector_total,2009,291.272
est,sex_m,skl_skill_total,eco_sector_total,2010,277.558
est,sex_m,skl_skill_total,eco_sector_total,2011,302.718
est,sex_m,skl_skill_total,eco_sector_total,2012,309.387
est,sex_m,skl_skill_total,eco_sector_total,2013,314.731
est,sex_m,skl_skill_total,eco_sector_total,2014,320.041
est,sex_m,skl_skill_total,eco_sector_total,2015,322.135
est,sex_m,skl_skill_total,eco_sector_total,2016,324.784
est,sex_m,skl_skill_total,eco_sector_total,2017,330.655
est,sex_m,skl_skill_total,eco_sector_total,2018,335.862
est,sex_m,skl_skill_total,eco_sector_total,2019,339.51
est,sex_m,skl_skill_total,eco_sector_total,2020,331.365
est,sex_m,skl_skill_total,eco_sector_total,2021,331.695
est,sex_m,skl_skill_total,eco_sector_total,2022,343.461
est,sex_m,skl_skill_total,eco_sector_total,2023,351.059
est,sex_m,skl_skill_total,eco_sector_x,2008,1.06
est,sex_m,skl_skill_total,eco_sector_x,2009,0.822
est,sex_m,skl_skill_total,eco_sector_x,2010,0.739
est,sex_m,skl_skill_total,eco_sector_x,2012,0.401
est,sex_m,skl_skill_total,eco_sector_x,2013,0.562
est,sex_m,skl_skill_total,eco_sector_x,2014,0.536
est,sex_m,skl_skill_total,eco_sector_x,2015,0.536
est,sex_m,skl_skill_total,eco_sector_x,2016,1.125
est,sex_m,skl_skill_total,eco_sector_x,2017,1.795
est,sex_m,skl_skill_under,eco_aggregate_agr,2006,1.992
est,sex_m,skl_skill_under,eco_aggregate_agr,2007,2.318
est,sex_m,skl_skill_under,eco_aggregate_agr,2008,2.553
est,sex_m,skl_skill_under,eco_aggregate_agr,2009,2.294
est,sex_m,skl_skill_under,eco_aggregate_agr,2010,1.71
est,sex_m,skl_skill_under,eco_aggregate_agr,2011,1.079
est,sex_m,skl_skill_under,eco_aggregate_agr,2012,0.907
est,sex_m,skl_skill_under,eco_aggregate_agr,2013,1.363
est,sex_m,skl_skill_under,eco_aggregate_agr,2014,1.486
est,sex_m,skl_skill_under,eco_aggregate_agr,2015,1.421
est,sex_m,skl_skill_under,eco_aggregate_agr,2016,1.901
est,sex_m,skl_skill_under,eco_aggregate_agr,2017,1.693
est,sex_m,skl_skill_under,eco_aggregate_agr,2018,1.877
est,sex_m,skl_skill_under,eco_aggregate_agr,2019,1.184
est,sex_m,skl_skill_under,eco_aggregate_agr,2020,1.044
est,sex_m,skl_skill_under,eco_aggregate_agr,2021,0.508
est,sex_m,skl_skill_under,eco_aggregate_agr,2022,0.914
est,sex_m,skl_skill_under,eco_aggregate_agr,2023,0.705
est,sex_m,skl_skill_under,eco_aggregate_con,2006,8.733
est,sex_m,skl_skill_under,eco_aggregate_con,2007,9.943
est,sex_m,skl_skill_under,eco_aggregate_con,2008,8.759
est,sex_m,skl_skill_under,eco_aggregate_con,2009,7.039
est,sex_m,skl_skill_under,eco_aggregate_con,2010,7.081
est,sex_m,skl_skill_under,eco_aggregate_con,2011,7.8
est,sex_m,skl_skill_under,eco_aggregate_con,2012,9.876
est,sex_m,skl_skill_under,eco_aggregate_con,2013,10.696
est,sex_m,skl_skill_under,eco_aggregate_con,2014,9.473
est,sex_m,skl_skill_under,eco_aggregate_con,2015,9.379
est,sex_m,skl_skill_under,eco_aggregate_con,2016,7.458
est,sex_m,skl_skill_under,eco_aggregate_con,2017,8.008
est,sex_m,skl_skill_under,eco_aggregate_con,2018,9.908
est,sex_m,skl_skill_under,eco_aggregate_con,2019,9.785
est,sex_m,skl_skill_under,eco_aggregate_con,2020,9.083
est,sex_m,skl_skill_under,eco_aggregate_con,2021,7.801
est,sex_m,skl_skill_under,eco_aggregate_con,2022,7.89
est,sex_m,skl_skill_under,eco_aggregate_con,2023,7.477
est,sex_m,skl_skill_under,eco_aggregate_man,2006,10.594
est,sex_m,skl_skill_under,eco_aggregate_man,2007,11.606
est,sex_m,skl_skill_under,eco_aggregate_man,2008,10.769
est,sex_m,skl_skill_under,eco_aggregate_man,2009,9.119
est,sex_m,skl_skill_under,eco_aggregate_man,2010,8.521
est,sex_m,skl_skill_under,eco_aggregate_man,2011,12.086
est,sex_m,skl_skill_under,eco_aggregate_man,2012,11.51
est,sex_m,skl_skill_under,eco_aggregate_man,2013,10.71
est,sex_m,skl_skill_under,eco_aggregate_man,2014,6.861
est,sex_m,skl_skill_under,eco_aggregate_man,2015,9.644
est,sex_m,skl_skill_under,eco_aggregate_man,2016,7.718
est,sex_m,skl_skill_under,eco_aggregate_man,2017,9.978
est,sex_m,skl_skill_under,eco_aggregate_man,2018,10.298
est,sex_m,skl_skill_under,eco_aggregate_man,2019,9.741
est,sex_m,skl_skill_under,eco_aggregate_man,2020,11.298
est,sex_m,skl_skill_under,eco_aggregate_man,2021,11.052
est,sex_m,skl_skill_under,eco_aggregate_man,2022,11.622
est,sex_m,skl_skill_under,eco_aggregate_man,2023,13.007
est,sex_m,skl_skill_under,eco_aggregate_mel,2006,2.653
est,sex_m,skl_skill_under,eco_aggregate_mel,2007,1.777
est,sex_m,skl_skill_under,eco_aggregate_mel,2008,2.018
est,sex_m,skl_skill_under,eco_aggregate_mel,2009,1.894
est,sex_m,skl_skill_under,eco_aggregate_mel,2010,3.191
est,sex_m,skl_skill_under,eco_aggregate_mel,2011,2.465
est,sex_m,skl_skill_under,eco_aggregate_mel,2012,3.289
est,sex_m,skl_skill_under,eco_aggregate_mel,2013,2.168
est,sex_m,skl_skill_under,eco_aggregate_mel,2014,1.322
est,sex_m,skl_skill_under,eco_aggregate_mel,2015,1.19
est,sex_m,skl_skill_under,eco_aggregate_mel,2016,1.316
est,sex_m,skl_skill_under,eco_aggregate_mel,2017,1.51
est,sex_m,skl_skill_under,eco_aggregate_mel,2018,1.291
est,sex_m,skl_skill_under,eco_aggregate_mel,2019,1.247
est,sex_m,skl_skill_under,eco_aggregate_mel,2020,1.607
est,sex_m,skl_skill_under,eco_aggregate_mel,2021,2.456
est,sex_m,skl_skill_under,eco_aggregate_mel,2022,2.332
est,sex_m,skl_skill_under,eco_aggregate_mel,2023,1.784
est,sex_m,skl_skill_under,eco_aggregate_mkt,2006,29.038
est,sex_m,skl_skill_under,eco_aggregate_mkt,2007,30.922
est,sex_m,skl_skill_under,eco_aggregate_mkt,2008,30.236
est,sex_m,skl_skill_under,eco_aggregate_mkt,2009,27.83
est,sex_m,skl_skill_under,eco_aggregate_mkt,2010,28.398
est,sex_m,skl_skill_under,eco_aggregate_mkt,2011,33.531
est,sex_m,skl_skill_under,eco_aggregate_mkt,2012,32.193
est,sex_m,skl_skill_under,eco_aggregate_mkt,2013,34.23
est,sex_m,skl_skill_under,eco_aggregate_mkt,2014,25.209
est,sex_m,skl_skill_under,eco_aggregate_mkt,2015,27.621
est,sex_m,skl_skill_under,eco_aggregate_mkt,2016,26.394
est,sex_m,skl_skill_under,eco_aggregate_mkt,2017,28.429
est,sex_m,skl_skill_under,eco_aggregate_mkt,2018,30.302
est,sex_m,skl_skill_under,eco_aggregate_mkt,2019,29.193
est,sex_m,skl_skill_under,eco_aggregate_mkt,2020,28.274
est,sex_m,skl_skill_under,eco_aggregate_mkt,2021,27.261
est,sex_m,skl_skill_under,eco_aggregate_mkt,2022,27.39
est,sex_m,skl_skill_under,eco_aggregate_mkt,2023,29.454
est,sex_m,skl_skill_under,eco_aggregate_pub,2006,17.175
est,sex_m,skl_skill_under,eco_aggregate_pub,2007,15.746
est,sex_m,skl_skill_under,eco_aggregate_pub,2008,14.009
est,sex_m,skl_skill_under,eco_aggregate_pub,2009,15.674
est,sex_m,skl_skill_under,eco_aggregate_pub,2010,16.278
est,sex_m,skl_skill_under,eco_aggregate_pub,2011,16.288
est,sex_m,skl_skill_under,eco_aggregate_pub,2012,19.394
est,sex_m,skl_skill_under,eco_aggregate_pub,2013,19.983
est,sex_m,skl_skill_under,eco_aggregate_pub,2014,9.607
est,sex_m,skl_skill_under,eco_aggregate_pub,2015,8.758
est,sex_m,skl_skill_under,eco_aggregate_pub,2016,8.555
est,sex_m,skl_skill_under,eco_aggregate_pub,2017,5.954
est,sex_m,skl_skill_under,eco_aggregate_pub,2018,7.415
est,sex_m,skl_skill_under,eco_aggregate_pub,2019,8.631
est,sex_m,skl_skill_under,eco_aggregate_pub,2020,9.552
est,sex_m,skl_skill_under,eco_aggregate_pub,2021,9.269
est,sex_m,skl_skill_under,eco_aggregate_pub,2022,9.393
est,sex_m,skl_skill_under,eco_aggregate_pub,2023,10.043
est,sex_m,skl_skill_under,eco_aggregate_total,2006,70.311
est,sex_m,skl_skill_under,eco_aggregate_total,2007,72.312
est,sex_m,skl_skill_under,eco_aggregate_total,2008,68.343
est,sex_m,skl_skill_under,eco_aggregate_total,2009,63.919
est,sex_m,skl_skill_under,eco_aggregate_total,2010,65.18
est,sex_m,skl_skill_under,eco_aggregate_total,2011,73.249
est,sex_m,skl_skill_under,eco_aggregate_total,2012,77.224
est,sex_m,skl_skill_under,eco_aggregate_total,2013,79.28
est,sex_m,skl_skill_under,eco_aggregate_total,2014,54.063
est,sex_m,skl_skill_under,eco_aggregate_total,2015,58.242
est,sex_m,skl_skill_under,eco_aggregate_total,2016,53.342
est,sex_m,skl_skill_under,eco_aggregate_total,2017,55.879
est,sex_m,skl_skill_under,eco_aggregate_total,2018,61.09
est,sex_m,skl_skill_under,eco_aggregate_total,2019,59.78
est,sex_m,skl_skill_under,eco_aggregate_total,2020,60.859
est,sex_m,skl_skill_under,eco_aggregate_total,2021,58.346
est,sex_m,skl_skill_under,eco_aggregate_total,2022,59.54
est,sex_m,skl_skill_under,eco_aggregate_total,2023,62.47
est,sex_m,skl_skill_under,eco_sector_agr,2006,1.992
est,sex_m,skl_skill_under,eco_sector_agr,2007,2.318
est,sex_m,skl_skill_under,eco_sector_agr,2008,2.553
est,sex_m,skl_skill_under,eco_sector_agr,2009,2.294
est,sex_m,skl_skill_under,eco_sector_agr,2010,1.71
est,sex_m,skl_skill_under,eco_sector_agr,2011,1.079
est,sex_m,skl_skill_under,eco_sector_agr,2012,0.907
est,sex_m,skl_skill_under,eco_sector_agr,2013,1.363
est,sex_m,skl_skill_under,eco_sector_agr,2014,1.486
est,sex_m,skl_skill_under,eco_sector_agr,2015,1.421
est,sex_m,skl_skill_under,eco_sector_agr,2016,1.901
est,sex_m,skl_skill_under,eco_sector_agr,2017,1.693
est,sex_m,skl_skill_under,eco_sector_agr,2018,1.877
est,sex_m,skl_skill_under,eco_sector_agr,2019,1.184
est,sex_m,skl_skill_under,eco_sector_agr,2020,1.044
est,sex_m,skl_skill_under,eco_sector_agr,2021,0.508
est,sex_m,skl_skill_under,eco_sector_agr,2022,0.914
est,sex_m,skl_skill_under,eco_sector_agr,2023,0.705
est,sex_m,skl_skill_under,eco_sector_ind,2006,21.98
est,sex_m,skl_skill_under,eco_sector_ind,2007,23.327
est,sex_m,skl_skill_under,eco_sector_ind,2008,21.546
est,sex_m,skl_skill_under,eco_sector_ind,2009,18.053
est,sex_m,skl_skill_under,eco_sector_ind,2010,18.793
est,sex_m,skl_skill_under,eco_sector_ind,2011,22.351
est,sex_m,skl_skill_under,eco_sector_ind,2012,24.675
est,sex_m,skl_skill_under,eco_sector_ind,2013,23.574
est,sex_m,skl_skill_under,eco_sector_ind,2014,17.656
est,sex_m,skl_skill_under,eco_sector_ind,2015,20.213
est,sex_m,skl_skill_under,eco_sector_ind,2016,16.492
est,sex_m,skl_skill_under,eco_sector_ind,2017,19.496
est,sex_m,skl_skill_under,eco_sector_ind,2018,21.497
est,sex_m,skl_skill_under,eco_sector_ind,2019,20.772
est,sex_m,skl_skill_under,eco_sector_ind,2020,21.989
est,sex_m,skl_skill_under,eco_sector_ind,2021,21.309
est,sex_m,skl_skill_under,eco_sector_ind,2022,21.843
est,sex_m,skl_skill_under,eco_sector_ind,2023,22.268
est,sex_m,skl_skill_under,eco_sector_nag,2006,68.319
est,sex_m,skl_skill_under,eco_sector_nag,2007,69.994
est,sex_m,skl_skill_under,eco_sector_nag,2008,65.79
est,sex_m,skl_skill_under,eco_sector_nag,2009,61.625
est,sex_m,skl_skill_under,eco_sector_nag,2010,63.47
est,sex_m,skl_skill_under,eco_sector_nag,2011,72.17
est,sex_m,skl_skill_under,eco_sector_nag,2012,76.317
est,sex_m,skl_skill_under,eco_sector_nag,2013,77.917
est,sex_m,skl_skill_under,eco_sector_nag,2014,52.577
est,sex_m,skl_skill_under,eco_sector_nag,2015,56.822
est,sex_m,skl_skill_under,eco_sector_nag,2016,51.441
est,sex_m,skl_skill_under,eco_sector_nag,2017,54.185
est,sex_m,skl_skill_under,eco_sector_nag,2018,59.214
est,sex_m,skl_skill_under,eco_sector_nag,2019,58.596
est,sex_m,skl_skill_under,eco_sector_nag,2020,59.815
est,sex_m,skl_skill_under,eco_sector_nag,2021,57.838
est,sex_m,skl_skill_under,eco_sector_nag,2022,58.626
est,sex_m,skl_skill_under,eco_sector_nag,2023,61.765
est,sex_m,skl_skill_under,eco_sector_ser,2006,46.213
est,sex_m,skl_skill_under,eco_sector_ser,2007,46.667
est,sex_m,skl_skill_under,eco_sector_ser,2008,44.245
est,sex_m,skl_skill_under,eco_sector_ser,2009,43.503
est,sex_m,skl_skill_under,eco_sector_ser,2010,44.677
est,sex_m,skl_skill_under,eco_sector_ser,2011,49.82
est,sex_m,skl_skill_under,eco_sector_ser,2012,51.588
est,sex_m,skl_skill_under,eco_sector_ser,2013,54.213
est,sex_m,skl_skill_under,eco_sector_ser,2014,34.816
est,sex_m,skl_skill_under,eco_sector_ser,2015,36.378
est,sex_m,skl_skill_under,eco_sector_ser,2016,34.949
est,sex_m,skl_skill_under,eco_sector_ser,2017,34.382
est,sex_m,skl_skill_under,eco_sector_ser,2018,37.717
est,sex_m,skl_skill_under,eco_sector_ser,2019,37.824
est,sex_m,skl_skill_under,eco_sector_ser,2020,37.827
est,sex_m,skl_skill_under,eco_sector_ser,2021,36.53
est,sex_m,skl_skill_under,eco_sector_ser,2022,36.783
est,sex_m,skl_skill_under,eco_sector_ser,2023,39.497
est,sex_m,skl_skill_under,eco_sector_total,2006,70.311
est,sex_m,skl_skill_under,eco_sector_total,2007,72.312
est,sex_m,skl_skill_under,eco_sector_total,2008,68.343
est,sex_m,skl_skill_under,eco_sector_total,2009,63.919
est,sex_m,skl_skill_under,eco_sector_total,2010,65.18
est,sex_m,skl_skill_under,eco_sector_total,2011,73.249
est,sex_m,skl_skill_under,eco_sector_total,2012,77.224
est,sex_m,skl_skill_under,eco_sector_total,2013,79.28
est,sex_m,skl_skill_under,eco_sector_total,2014,54.063
est,sex_m,skl_skill_under,eco_sector_total,2015,58.242
est,sex_m,skl_skill_under,eco_sector_total,2016,53.342
est,sex_m,skl_skill_under,eco_sector_total,2017,55.879
est,sex_m,skl_skill_under,eco_sector_total,2018,61.09
est,sex_m,skl_skill_under,eco_sector_total,2019,59.78
est,sex_m,skl_skill_under,eco_sector_total,2020,60.859
est,sex_m,skl_skill_under,eco_sector_total,2021,58.346
est,sex_m,skl_skill_under,eco_sector_total,2022,59.54
est,sex_m,skl_skill_under,eco_sector_total,2023,62.47
est,sex_m,skl_skill_x,eco_aggregate_mkt,2006,0.503
est,sex_m,skl_skill_x,eco_aggregate_mkt,2007,0.276
est,sex_m,skl_skill_x,eco_aggregate_mkt,2008,0.381
est,sex_m,skl_skill_x,eco_aggregate_mkt,2010,0.248
est,sex_m,skl_skill_x,eco_aggregate_mkt,2011,0.393
est,sex_m,skl_skill_x,eco_aggregate_mkt,2013,0.707
est,sex_m,skl_skill_x,eco_aggregate_mkt,2014,0.226
est,sex_m,skl_skill_x,eco_aggregate_mkt,2017,0.424
est,sex_m,skl_skill_x,eco_aggregate_pub,2006,4.917
est,sex_m,skl_skill_x,eco_aggregate_pub,2007,4.605
est,sex_m,skl_skill_x,eco_aggregate_pub,2008,3.648
est,sex_m,skl_skill_x,eco_aggregate_pub,2009,2.902
est,sex_m,skl_skill_x,eco_aggregate_pub,2010,4.072
est,sex_m,skl_skill_x,eco_aggregate_pub,2011,3.219
est,sex_m,skl_skill_x,eco_aggregate_pub,2012,3.982
est,sex_m,skl_skill_x,eco_aggregate_pub,2013,3.616
est,sex_m,skl_skill_x,eco_aggregate_pub,2014,2.335
est,sex_m,skl_skill_x,eco_aggregate_pub,2015,2.367
est,sex_m,skl_skill_x,eco_aggregate_pub,2016,2.303
est,sex_m,skl_skill_x,eco_aggregate_pub,2017,2.456
est,sex_m,skl_skill_x,eco_aggregate_pub,2018,3.209
est,sex_m,skl_skill_x,eco_aggregate_pub,2019,3.634
est,sex_m,skl_skill_x,eco_aggregate_pub,2020,4.213
est,sex_m,skl_skill_x,eco_aggregate_pub,2021,2.99
est,sex_m,skl_skill_x,eco_aggregate_pub,2022,3.272
est,sex_m,skl_skill_x,eco_aggregate_pub,2023,2.963
est,sex_m,skl_skill_x,eco_aggregate_total,2006,5.597
est,sex_m,skl_skill_x,eco_aggregate_total,2007,4.977
est,sex_m,skl_skill_x,eco_aggregate_total,2008,5.006
est,sex_m,skl_skill_x,eco_aggregate_total,2009,3.662
est,sex_m,skl_skill_x,eco_aggregate_total,2010,4.77
est,sex_m,skl_skill_x,eco_aggregate_total,2011,3.739
est,sex_m,skl_skill_x,eco_aggregate_total,2012,4.487
est,sex_m,skl_skill_x,eco_aggregate_total,2013,4.912
est,sex_m,skl_skill_x,eco_aggregate_total,2014,3.156
est,sex_m,skl_skill_x,eco_aggregate_total,2015,2.9
est,sex_m,skl_skill_x,eco_aggregate_total,2016,3.686
est,sex_m,skl_skill_x,eco_aggregate_total,2017,4.32
est,sex_m,skl_skill_x,eco_aggregate_total,2018,3.403
est,sex_m,skl_skill_x,eco_aggregate_total,2019,3.765
est,sex_m,skl_skill_x,eco_aggregate_total,2020,4.443
est,sex_m,skl_skill_x,eco_aggregate_total,2021,2.99
est,sex_m,skl_skill_x,eco_aggregate_total,2022,3.272
est,sex_m,skl_skill_x,eco_aggregate_total,2023,2.963
est,sex_m,skl_skill_x,eco_aggregate_x,2008,0.797
est,sex_m,skl_skill_x,eco_aggregate_x,2013,0.333
est,sex_m,skl_skill_x,eco_aggregate_x,2014,0.431
est,sex_m,skl_skill_x,eco_aggregate_x,2016,0.889
est,sex_m,skl_skill_x,eco_aggregate_x,2017,1.213
est,sex_m,skl_skill_x,eco_sector_ind,2015,0.265
est,sex_m,skl_skill_x,eco_sector_nag,2010,4.748
est,sex_m,skl_skill_x,eco_sector_nag,2013,4.833
est,sex_m,skl_skill_x,eco_sector_ser,2006,5.42
est,sex_m,skl_skill_x,eco_sector_ser,2007,4.88
est,sex_m,skl_skill_x,eco_sector_ser,2008,4.029
est,sex_m,skl_skill_x,eco_sector_ser,2009,3.201
est,sex_m,skl_skill_x,eco_sector_ser,2010,4.32
est,sex_m,skl_skill_x,eco_sector_ser,2011,3.612
est,sex_m,skl_skill_x,eco_sector_ser,2012,4.097
est,sex_m,skl_skill_x,eco_sector_ser,2013,4.322
est,sex_m,skl_skill_x,eco_sector_ser,2014,2.561
est,sex_m,skl_skill_x,eco_sector_ser,2015,2.449
est,sex_m,skl_skill_x,eco_sector_ser,2016,2.637
est,sex_m,skl_skill_x,eco_sector_ser,2017,2.88
est,sex_m,skl_skill_x,eco_sector_ser,2018,3.376
est,sex_m,skl_skill_x,eco_sector_ser,2019,3.765
est,sex_m,skl_skill_x,eco_sector_ser,2020,4.288
est,sex_m,skl_skill_x,eco_sector_ser,2021,2.99
est,sex_m,skl_skill_x,eco_sector_ser,2022,3.272
est,sex_m,skl_skill_x,eco_sector_ser,2023,2.963
est,sex_m,skl_skill_x,eco_sector_total,2006,5.597
est,sex_m,skl_skill_x,eco_sector_total,2007,4.977
est,sex_m,skl_skill_x,eco_sector_total,2008,5.006
est,sex_m,skl_skill_x,eco_sector_total,2009,3.662
est,sex_m,skl_skill_x,eco_sector_total,2010,4.77
est,sex_m,skl_skill_x,eco_sector_total,2011,3.739
est,sex_m,skl_skill_x,eco_sector_total,2012,4.487
est,sex_m,skl_skill_x,eco_sector_total,2013,4.912
est,sex_m,skl_skill_x,eco_sector_total,2014,3.156
est,sex_m,skl_skill_x,eco_sector_total,2015,2.9
est,sex_m,skl_skill_x,eco_sector_total,2016,3.686
est,sex_m,skl_skill_x,eco_sector_total,2017,4.32
est,sex_m,skl_skill_x,eco_sector_total,2018,3.403
est,sex_m,skl_skill_x,eco_sector_total,2019,3.765
est,sex_m,skl_skill_x,eco_sector_total,2020,4.443
est,sex_m,skl_skill_x,eco_sector_total,2021,2.99
est,sex_m,skl_skill_x,eco_sector_total,2022,3.272
est,sex_m,skl_skill_x,eco_sector_total,2023,2.963
est,sex_m,skl_skill_x,eco_sector_x,2008,0.797
est,sex_m,skl_skill_x,eco_sector_x,2013,0.333
est,sex_m,skl_skill_x,eco_sector_x,2014,0.431
est,sex_m,skl_skill_x,eco_sector_x,2016,0.889
est,sex_m,skl_skill_x,eco_sector_x,2017,1.213
est,sex_t,skl_skill_match,eco_aggregate_agr,2006,19.814
est,sex_t,skl_skill_match,eco_aggregate_agr,2007,20.041
est,sex_t,skl_skill_match,eco_aggregate_agr,2008,15.673
est,sex_t,skl_skill_match,eco_aggregate_agr,2009,14.926
est,sex_t,skl_skill_match,eco_aggregate_agr,2010,14.578
est,sex_t,skl_skill_match,eco_aggregate_agr,2011,16.087
est,sex_t,skl_skill_match,eco_aggregate_agr,2012,18.706
est,sex_t,skl_skill_match,eco_aggregate_agr,2013,17.288
est,sex_t,skl_skill_match,eco_aggregate_agr,2014,15.684
est,sex_t,skl_skill_match,eco_aggregate_agr,2015,16.358
est,sex_t,skl_skill_match,eco_aggregate_agr,2016,16.401
est,sex_t,skl_skill_match,eco_aggregate_agr,2017,15.33
est,sex_t,skl_skill_match,eco_aggregate_agr,2018,14.41
est,sex_t,skl_skill_match,eco_aggregate_agr,2019,15.206
est,sex_t,skl_skill_match,eco_aggregate_agr,2020,13.252
est,sex_t,skl_skill_match,eco_aggregate_agr,2021,11.87
est,sex_t,skl_skill_match,eco_aggregate_agr,2022,11.187
est,sex_t,skl_skill_match,eco_aggregate_agr,2023,11.814
est,sex_t,skl_skill_match,eco_aggregate_con,2006,45.891
est,sex_t,skl_skill_match,eco_aggregate_con,2007,59.352
est,sex_t,skl_skill_match,eco_aggregate_con,2008,61.958
est,sex_t,skl_skill_match,eco_aggregate_con,2009,43.047
est,sex_t,skl_skill_match,eco_aggregate_con,2010,33.103
est,sex_t,skl_skill_match,eco_aggregate_con,2011,41.327
est,sex_t,skl_skill_match,eco_aggregate_con,2012,40.471
est,sex_t,skl_skill_match,eco_aggregate_con,2013,38.584
est,sex_t,skl_skill_match,eco_aggregate_con,2014,39.037
est,sex_t,skl_skill_match,eco_aggregate_con,2015,43.048
est,sex_t,skl_skill_match,eco_aggregate_con,2016,43.113
est,sex_t,skl_skill_match,eco_aggregate_con,2017,40.44
est,sex_t,skl_skill_match,eco_aggregate_con,2018,40.055
est,sex_t,skl_skill_match,eco_aggregate_con,2019,40.315
est,sex_t,skl_skill_match,eco_aggregate_con,2020,40.977
est,sex_t,skl_skill_match,eco_aggregate_con,2021,39.879
est,sex_t,skl_skill_match,eco_aggregate_con,2022,40.042
est,sex_t,skl_skill_match,eco_aggregate_con,2023,41.824
est,sex_t,skl_skill_match,eco_aggregate_man,2006,94.408
est,sex_t,skl_skill_match,eco_aggregate_man,2007,88.914
est,sex_t,skl_skill_match,eco_aggregate_man,2008,91.416
est,sex_t,skl_skill_match,eco_aggregate_man,2009,77.451
est,sex_t,skl_skill_match,eco_aggregate_man,2010,72.492
est,sex_t,skl_skill_match,eco_aggregate_man,2011,80.975
est,sex_t,skl_skill_match,eco_aggregate_man,2012,78.539
est,sex_t,skl_skill_match,eco_aggregate_man,2013,78.371
est,sex_t,skl_skill_match,eco_aggregate_man,2014,78.633
est,sex_t,skl_skill_match,eco_aggregate_man,2015,79.702
est,sex_t,skl_skill_match,eco_aggregate_man,2016,84.029
est,sex_t,skl_skill_match,eco_aggregate_man,2017,83.247
est,sex_t,skl_skill_match,eco_aggregate_man,2018,83.29
est,sex_t,skl_skill_match,eco_aggregate_man,2019,81.017
est,sex_t,skl_skill_match,eco_aggregate_man,2020,76.468
est,sex_t,skl_skill_match,eco_aggregate_man,2021,78.478
est,sex_t,skl_skill_match,eco_aggregate_man,2022,81.289
est,sex_t,skl_skill_match,eco_aggregate_man,2023,79.331
est,sex_t,skl_skill_match,eco_aggregate_mel,2006,11.283
est,sex_t,skl_skill_match,eco_aggregate_mel,2007,9.674
est,sex_t,skl_skill_match,eco_aggregate_mel,2008,10.227
est,sex_t,skl_skill_match,eco_aggregate_mel,2009,9.945
est,sex_t,skl_skill_match,eco_aggregate_mel,2010,10.895
est,sex_t,skl_skill_match,eco_aggregate_mel,2011,11.262
est,sex_t,skl_skill_match,eco_aggregate_mel,2012,9.067
est,sex_t,skl_skill_match,eco_aggregate_mel,2013,8.792
est,sex_t,skl_skill_match,eco_aggregate_mel,2014,9.275
est,sex_t,skl_skill_match,eco_aggregate_mel,2015,8.709
est,sex_t,skl_skill_match,eco_aggregate_mel,2016,7.614
est,sex_t,skl_skill_match,eco_aggregate_mel,2017,8.889
est,sex_t,skl_skill_match,eco_aggregate_mel,2018,10.474
est,sex_t,skl_skill_match,eco_aggregate_mel,2019,9.03
est,sex_t,skl_skill_match,eco_aggregate_mel,2020,7.745
est,sex_t,skl_skill_match,eco_aggregate_mel,2021,8.086
est,sex_t,skl_skill_match,eco_aggregate_mel,2022,7.742
est,sex_t,skl_skill_match,eco_aggregate_mel,2023,7.805
est,sex_t,skl_skill_match,eco_aggregate_mkt,2006,129.231
est,sex_t,skl_skill_match,eco_aggregate_mkt,2007,123.414
est,sex_t,skl_skill_match,eco_aggregate_mkt,2008,131.71
est,sex_t,skl_skill_match,eco_aggregate_mkt,2009,125.098
est,sex_t,skl_skill_match,eco_aggregate_mkt,2010,116.312
est,sex_t,skl_skill_match,eco_aggregate_mkt,2011,115.504
est,sex_t,skl_skill_match,eco_aggregate_mkt,2012,117.701
est,sex_t,skl_skill_match,eco_aggregate_mkt,2013,121.591
est,sex_t,skl_skill_match,eco_aggregate_mkt,2014,142.947
est,sex_t,skl_skill_match,eco_aggregate_mkt,2015,140.042
est,sex_t,skl_skill_match,eco_aggregate_mkt,2016,148.648
est,sex_t,skl_skill_match,eco_aggregate_mkt,2017,154.932
est,sex_t,skl_skill_match,eco_aggregate_mkt,2018,155.957
est,sex_t,skl_skill_match,eco_aggregate_mkt,2019,154.834
est,sex_t,skl_skill_match,eco_aggregate_mkt,2020,142.962
est,sex_t,skl_skill_match,eco_aggregate_mkt,2021,151.402
est,sex_t,skl_skill_match,eco_aggregate_mkt,2022,171.232
est,sex_t,skl_skill_match,eco_aggregate_mkt,2023,172.186
est,sex_t,skl_skill_match,eco_aggregate_pub,2006,58.642
est,sex_t,skl_skill_match,eco_aggregate_pub,2007,57.645
est,sex_t,skl_skill_match,eco_aggregate_pub,2008,57.065
est,sex_t,skl_skill_match,eco_aggregate_pub,2009,51.785
est,sex_t,skl_skill_match,eco_aggregate_pub,2010,51.215
est,sex_t,skl_skill_match,eco_aggregate_pub,2011,53.476
est,sex_t,skl_skill_match,eco_aggregate_pub,2012,56.112
est,sex_t,skl_skill_match,eco_aggregate_pub,2013,56.566
est,sex_t,skl_skill_match,eco_aggregate_pub,2014,97.553
est,sex_t,skl_skill_match,eco_aggregate_pub,2015,100.079
est,sex_t,skl_skill_match,eco_aggregate_pub,2016,99.183
est,sex_t,skl_skill_match,eco_aggregate_pub,2017,97.866
est,sex_t,skl_skill_match,eco_aggregate_pub,2018,101.304
est,sex_t,skl_skill_match,eco_aggregate_pub,2019,103.681
est,sex_t,skl_skill_match,eco_aggregate_pub,2020,106.561
est,sex_t,skl_skill_match,eco_aggregate_pub,2021,116.736
est,sex_t,skl_skill_match,eco_aggregate_pub,2022,121.206
est,sex_t,skl_skill_match,eco_aggregate_pub,2023,125.858
est,sex_t,skl_skill_match,eco_aggregate_total,2006,359.269
est,sex_t,skl_skill_match,eco_aggregate_total,2007,359.361
est,sex_t,skl_skill_match,eco_aggregate_total,2008,368.276
est,sex_t,skl_skill_match,eco_aggregate_total,2009,322.384
est,sex_t,skl_skill_match,eco_aggregate_total,2010,298.97
est,sex_t,skl_skill_match,eco_aggregate_total,2011,318.83
est,sex_t,skl_skill_match,eco_aggregate_total,2012,320.75
est,sex_t,skl_skill_match,eco_aggregate_total,2013,321.29
est,sex_t,skl_skill_match,eco_aggregate_total,2014,383.217
est,sex_t,skl_skill_match,eco_aggregate_total,2015,388.123
est,sex_t,skl_skill_match,eco_aggregate_total,2016,399.212
est,sex_t,skl_skill_match,eco_aggregate_total,2017,401.223
est,sex_t,skl_skill_match,eco_aggregate_total,2018,405.49
est,sex_t,skl_skill_match,eco_aggregate_total,2019,404.083
est,sex_t,skl_skill_match,eco_aggregate_total,2020,387.967
est,sex_t,skl_skill_match,eco_aggregate_total,2021,406.45
est,sex_t,skl_skill_match,eco_aggregate_total,2022,432.699
est,sex_t,skl_skill_match,eco_aggregate_total,2023,438.818
est,sex_t,skl_skill_match,eco_aggregate_x,2017,0.52
est,sex_t,skl_skill_match,eco_sector_agr,2006,19.814
est,sex_t,skl_skill_match,eco_sector_agr,2007,20.041
est,sex_t,skl_skill_match,eco_sector_agr,2008,15.673
est,sex_t,skl_skill_match,eco_sector_agr,2009,14.926
est,sex_t,skl_skill_match,eco_sector_agr,2010,14.578
est,sex_t,skl_skill_match,eco_sector_agr,2011,16.087
est,sex_t,skl_skill_match,eco_sector_agr,2012,18.706
est,sex_t,skl_skill_match,eco_sector_agr,2013,17.288
est,sex_t,skl_skill_match,eco_sector_agr,2014,15.684
est,sex_t,skl_skill_match,eco_sector_agr,2015,16.358
est,sex_t,skl_skill_match,eco_sector_agr,2016,16.401
est,sex_t,skl_skill_match,eco_sector_agr,2017,15.33
est,sex_t,skl_skill_match,eco_sector_agr,2018,14.41
est,sex_t,skl_skill_match,eco_sector_agr,2019,15.206
est,sex_t,skl_skill_match,eco_sector_agr,2020,13.252
est,sex_t,skl_skill_match,eco_sector_agr,2021,11.87
est,sex_t,skl_skill_match,eco_sector_agr,2022,11.187
est,sex_t,skl_skill_match,eco_sector_agr,2023,11.814
est,sex_t,skl_skill_match,eco_sector_ind,2006,151.582
est,sex_t,skl_skill_match,eco_sector_ind,2007,157.94
est,sex_t,skl_skill_match,eco_sector_ind,2008,163.601
est,sex_t,skl_skill_match,eco_sector_ind,2009,130.442
est,sex_t,skl_skill_match,eco_sector_ind,2010,116.49
est,sex_t,skl_skill_match,eco_sector_ind,2011,133.564
est,sex_t,skl_skill_match,eco_sector_ind,2012,128.077
est,sex_t,skl_skill_match,eco_sector_ind,2013,125.747
est,sex_t,skl_skill_match,eco_sector_ind,2014,126.946
est,sex_t,skl_skill_match,eco_sector_ind,2015,131.46
est,sex_t,skl_skill_match,eco_sector_ind,2016,134.756
est,sex_t,skl_skill_match,eco_sector_ind,2017,132.576
est,sex_t,skl_skill_match,eco_sector_ind,2018,133.819
est,sex_t,skl_skill_match,eco_sector_ind,2019,130.362
est,sex_t,skl_skill_match,eco_sector_ind,2020,125.191
est,sex_t,skl_skill_match,eco_sector_ind,2021,126.443
est,sex_t,skl_skill_match,eco_sector_ind,2022,129.074
est,sex_t,skl_skill_match,eco_sector_ind,2023,128.96
est,sex_t,skl_skill_match,eco_sector_nag,2006,339.455
est,sex_t,skl_skill_match,eco_sector_nag,2007,339.32
est,sex_t,skl_skill_match,eco_sector_nag,2008,352.603
est,sex_t,skl_skill_match,eco_sector_nag,2009,307.457
est,sex_t,skl_skill_match,eco_sector_nag,2010,284.391
est,sex_t,skl_skill_match,eco_sector_nag,2011,302.743
est,sex_t,skl_skill_match,eco_sector_nag,2012,302.044
est,sex_t,skl_skill_match,eco_sector_nag,2013,304.002
est,sex_t,skl_skill_match,eco_sector_nag,2014,367.533
est,sex_t,skl_skill_match,eco_sector_nag,2015,371.765
est,sex_t,skl_skill_match,eco_sector_nag,2016,382.812
est,sex_t,skl_skill_match,eco_sector_nag,2017,385.894
est,sex_t,skl_skill_match,eco_sector_nag,2018,391.08
est,sex_t,skl_skill_match,eco_sector_nag,2019,388.877
est,sex_t,skl_skill_match,eco_sector_nag,2020,374.714
est,sex_t,skl_skill_match,eco_sector_nag,2021,394.58
est,sex_t,skl_skill_match,eco_sector_nag,2022,421.512
est,sex_t,skl_skill_match,eco_sector_nag,2023,427.004
est,sex_t,skl_skill_match,eco_sector_ser,2006,187.873
est,sex_t,skl_skill_match,eco_sector_ser,2007,181.058
est,sex_t,skl_skill_match,eco_sector_ser,2008,188.775
est,sex_t,skl_skill_match,eco_sector_ser,2009,176.883
est,sex_t,skl_skill_match,eco_sector_ser,2010,167.526
est,sex_t,skl_skill_match,eco_sector_ser,2011,168.98
est,sex_t,skl_skill_match,eco_sector_ser,2012,173.813
est,sex_t,skl_skill_match,eco_sector_ser,2013,178.157
est,sex_t,skl_skill_match,eco_sector_ser,2014,240.5
est,sex_t,skl_skill_match,eco_sector_ser,2015,240.121
est,sex_t,skl_skill_match,eco_sector_ser,2016,247.831
est,sex_t,skl_skill_match,eco_sector_ser,2017,252.798
est,sex_t,skl_skill_match,eco_sector_ser,2018,257.26
est,sex_t,skl_skill_match,eco_sector_ser,2019,258.515
est,sex_t,skl_skill_match,eco_sector_ser,2020,249.524
est,sex_t,skl_skill_match,eco_sector_ser,2021,268.137
est,sex_t,skl_skill_match,eco_sector_ser,2022,292.438
est,sex_t,skl_skill_match,eco_sector_ser,2023,298.045
est,sex_t,skl_skill_match,eco_sector_total,2006,359.269
est,sex_t,skl_skill_match,eco_sector_total,2007,359.361
est,sex_t,skl_skill_match,eco_sector_total,2008,368.276
est,sex_t,skl_skill_match,eco_sector_total,2009,322.384
est,sex_t,skl_skill_match,eco_sector_total,2010,298.97
est,sex_t,skl_skill_match,eco_sector_total,2011,318.83
est,sex_t,skl_skill_match,eco_sector_total,2012,320.75
est,sex_t,skl_skill_match,eco_sector_total,2013,321.29
est,sex_t,skl_skill_match,eco_sector_total,2014,383.217
est,sex_t,skl_skill_match,eco_sector_total,2015,388.123
est,sex_t,skl_skill_match,eco_sector_total,2016,399.212
est,sex_t,skl_skill_match,eco_sector_total,2017,401.223
est,sex_t,skl_skill_match,eco_sector_total,2018,405.49
est,sex_t,skl_skill_match,eco_sector_total,2019,404.083
est,sex_t,skl_skill_match,eco_sector_total,2020,387.967
est,sex_t,skl_skill_match,eco_sector_total,2021,406.45
est,sex_t,skl_skill_match,eco_sector_total,2022,432.699
est,sex_t,skl_skill_match,eco_sector_total,2023,438.818
est,sex_t,skl_skill_match,eco_sector_x,2017,0.52
est,sex_t,skl_skill_over,eco_aggregate_agr,2006,9.438
est,sex_t,skl_skill_over,eco_aggregate_agr,2007,7.689
est,sex_t,skl_skill_over,eco_aggregate_agr,2008,6.3
est,sex_t,skl_skill_over,eco_aggregate_agr,2009,5.835
est,sex_t,skl_skill_over,eco_aggregate_agr,2010,5.82
est,sex_t,skl_skill_over,eco_aggregate_agr,2011,8.4
est,sex_t,skl_skill_over,eco_aggregate_agr,2012,7.05
est,sex_t,skl_skill_over,eco_aggregate_agr,2013,6.75
est,sex_t,skl_skill_over,eco_aggregate_agr,2014,5.749
est,sex_t,skl_skill_over,eco_aggregate_agr,2015,6.596
est,sex_t,skl_skill_over,eco_aggregate_agr,2016,5.834
est,sex_t,skl_skill_over,eco_aggregate_agr,2017,5.792
est,sex_t,skl_skill_over,eco_aggregate_agr,2018,5.541
est,sex_t,skl_skill_over,eco_aggregate_agr,2019,4.747
est,sex_t,skl_skill_over,eco_aggregate_agr,2020,5.119
est,sex_t,skl_skill_over,eco_aggregate_agr,2021,4.743
est,sex_t,skl_skill_over,eco_aggregate_agr,2022,5.226
est,sex_t,skl_skill_over,eco_aggregate_agr,2023,5.418
est,sex_t,skl_skill_over,eco_aggregate_con,2006,8.151
est,sex_t,skl_skill_over,eco_aggregate_con,2007,10.114
est,sex_t,skl_skill_over,eco_aggregate_con,2008,8.158
est,sex_t,skl_skill_over,eco_aggregate_con,2009,5.899
est,sex_t,skl_skill_over,eco_aggregate_con,2010,5.895
est,sex_t,skl_skill_over,eco_aggregate_con,2011,7.7
est,sex_t,skl_skill_over,eco_aggregate_con,2012,6.618
est,sex_t,skl_skill_over,eco_aggregate_con,2013,6.164
est,sex_t,skl_skill_over,eco_aggregate_con,2014,9.51
est,sex_t,skl_skill_over,eco_aggregate_con,2015,9.271
est,sex_t,skl_skill_over,eco_aggregate_con,2016,8.262
est,sex_t,skl_skill_over,eco_aggregate_con,2017,8.064
est,sex_t,skl_skill_over,eco_aggregate_con,2018,7.329
est,sex_t,skl_skill_over,eco_aggregate_con,2019,7.904
est,sex_t,skl_skill_over,eco_aggregate_con,2020,9.35
est,sex_t,skl_skill_over,eco_aggregate_con,2021,8.574
est,sex_t,skl_skill_over,eco_aggregate_con,2022,9
est,sex_t,skl_skill_over,eco_aggregate_con,2023,7.744
est,sex_t,skl_skill_over,eco_aggregate_man,2006,21.098
est,sex_t,skl_skill_over,eco_aggregate_man,2007,22.858
est,sex_t,skl_skill_over,eco_aggregate_man,2008,23.418
est,sex_t,skl_skill_over,eco_aggregate_man,2009,18.381
est,sex_t,skl_skill_over,eco_aggregate_man,2010,18.674
est,sex_t,skl_skill_over,eco_aggregate_man,2011,19.633
est,sex_t,skl_skill_over,eco_aggregate_man,2012,18.629
est,sex_t,skl_skill_over,eco_aggregate_man,2013,20.902
est,sex_t,skl_skill_over,eco_aggregate_man,2014,23.576
est,sex_t,skl_skill_over,eco_aggregate_man,2015,26.909
est,sex_t,skl_skill_over,eco_aggregate_man,2016,23.594
est,sex_t,skl_skill_over,eco_aggregate_man,2017,25.275
est,sex_t,skl_skill_over,eco_aggregate_man,2018,25.749
est,sex_t,skl_skill_over,eco_aggregate_man,2019,25.724
est,sex_t,skl_skill_over,eco_aggregate_man,2020,24.607
est,sex_t,skl_skill_over,eco_aggregate_man,2021,23.186
est,sex_t,skl_skill_over,eco_aggregate_man,2022,25.711
est,sex_t,skl_skill_over,eco_aggregate_man,2023,22.697
est,sex_t,skl_skill_over,eco_aggregate_mel,2006,2.76
est,sex_t,skl_skill_over,eco_aggregate_mel,2007,3.083
est,sex_t,skl_skill_over,eco_aggregate_mel,2008,3.196
est,sex_t,skl_skill_over,eco_aggregate_mel,2009,3.079
est,sex_t,skl_skill_over,eco_aggregate_mel,2010,2.019
est,sex_t,skl_skill_over,eco_aggregate_mel,2011,2.272
est,sex_t,skl_skill_over,eco_aggregate_mel,2012,3.023
est,sex_t,skl_skill_over,eco_aggregate_mel,2013,2.988
est,sex_t,skl_skill_over,eco_aggregate_mel,2014,4.605
est,sex_t,skl_skill_over,eco_aggregate_mel,2015,3.006
est,sex_t,skl_skill_over,eco_aggregate_mel,2016,2.737
est,sex_t,skl_skill_over,eco_aggregate_mel,2017,2.927
est,sex_t,skl_skill_over,eco_aggregate_mel,2018,2.713
est,sex_t,skl_skill_over,eco_aggregate_mel,2019,2.481
est,sex_t,skl_skill_over,eco_aggregate_mel,2020,2.55
est,sex_t,skl_skill_over,eco_aggregate_mel,2021,2.766
est,sex_t,skl_skill_over,eco_aggregate_mel,2022,2.445
est,sex_t,skl_skill_over,eco_aggregate_mel,2023,3.216
est,sex_t,skl_skill_over,eco_aggregate_mkt,2006,47.172
est,sex_t,skl_skill_over,eco_aggregate_mkt,2007,47.904
est,sex_t,skl_skill_over,eco_aggregate_mkt,2008,46.36
est,sex_t,skl_skill_over,eco_aggregate_mkt,2009,44.156
est,sex_t,skl_skill_over,eco_aggregate_mkt,2010,39.89
est,sex_t,skl_skill_over,eco_aggregate_mkt,2011,43.454
est,sex_t,skl_skill_over,eco_aggregate_mkt,2012,49.091
est,sex_t,skl_skill_over,eco_aggregate_mkt,2013,50.93
est,sex_t,skl_skill_over,eco_aggregate_mkt,2014,60.491
est,sex_t,skl_skill_over,eco_aggregate_mkt,2015,58.608
est,sex_t,skl_skill_over,eco_aggregate_mkt,2016,60.971
est,sex_t,skl_skill_over,eco_aggregate_mkt,2017,62.792
est,sex_t,skl_skill_over,eco_aggregate_mkt,2018,62.097
est,sex_t,skl_skill_over,eco_aggregate_mkt,2019,69.134
est,sex_t,skl_skill_over,eco_aggregate_mkt,2020,66.29
est,sex_t,skl_skill_over,eco_aggregate_mkt,2021,64.269
est,sex_t,skl_skill_over,eco_aggregate_mkt,2022,61.522
est,sex_t,skl_skill_over,eco_aggregate_mkt,2023,71.238
est,sex_t,skl_skill_over,eco_aggregate_pub,2006,26.702
est,sex_t,skl_skill_over,eco_aggregate_pub,2007,26.136
est,sex_t,skl_skill_over,eco_aggregate_pub,2008,27.882
est,sex_t,skl_skill_over,eco_aggregate_pub,2009,27.45
est,sex_t,skl_skill_over,eco_aggregate_pub,2010,24.18
est,sex_t,skl_skill_over,eco_aggregate_pub,2011,22.718
est,sex_t,skl_skill_over,eco_aggregate_pub,2012,22.936
est,sex_t,skl_skill_over,eco_aggregate_pub,2013,24.763
est,sex_t,skl_skill_over,eco_aggregate_pub,2014,39.917
est,sex_t,skl_skill_over,eco_aggregate_pub,2015,36.206
est,sex_t,skl_skill_over,eco_aggregate_pub,2016,35.953
est,sex_t,skl_skill_over,eco_aggregate_pub,2017,38.97
est,sex_t,skl_skill_over,eco_aggregate_pub,2018,37.56
est,sex_t,skl_skill_over,eco_aggregate_pub,2019,38.923
est,sex_t,skl_skill_over,eco_aggregate_pub,2020,38.551
est,sex_t,skl_skill_over,eco_aggregate_pub,2021,38.391
est,sex_t,skl_skill_over,eco_aggregate_pub,2022,41.008
est,sex_t,skl_skill_over,eco_aggregate_pub,2023,43.22
est,sex_t,skl_skill_over,eco_aggregate_total,2006,115.321
est,sex_t,skl_skill_over,eco_aggregate_total,2007,117.806
est,sex_t,skl_skill_over,eco_aggregate_total,2008,115.468
est,sex_t,skl_skill_over,eco_aggregate_total,2009,105.005
est,sex_t,skl_skill_over,eco_aggregate_total,2010,96.524
est,sex_t,skl_skill_over,eco_aggregate_total,2011,104.246
est,sex_t,skl_skill_over,eco_aggregate_total,2012,107.347
est,sex_t,skl_skill_over,eco_aggregate_total,2013,112.498
est,sex_t,skl_skill_over,eco_aggregate_total,2014,143.912
est,sex_t,skl_skill_over,eco_aggregate_total,2015,140.818
est,sex_t,skl_skill_over,eco_aggregate_total,2016,137.533
est,sex_t,skl_skill_over,eco_aggregate_total,2017,144.039
est,sex_t,skl_skill_over,eco_aggregate_total,2018,140.988
est,sex_t,skl_skill_over,eco_aggregate_total,2019,148.914
est,sex_t,skl_skill_over,eco_aggregate_total,2020,146.467
est,sex_t,skl_skill_over,eco_aggregate_total,2021,141.928
est,sex_t,skl_skill_over,eco_aggregate_total,2022,144.911
est,sex_t,skl_skill_over,eco_aggregate_total,2023,153.533
est,sex_t,skl_skill_over,eco_sector_agr,2006,9.438
est,sex_t,skl_skill_over,eco_sector_agr,2007,7.689
est,sex_t,skl_skill_over,eco_sector_agr,2008,6.3
est,sex_t,skl_skill_over,eco_sector_agr,2009,5.835
est,sex_t,skl_skill_over,eco_sector_agr,2010,5.82
est,sex_t,skl_skill_over,eco_sector_agr,2011,8.4
est,sex_t,skl_skill_over,eco_sector_agr,2012,7.05
est,sex_t,skl_skill_over,eco_sector_agr,2013,6.75
est,sex_t,skl_skill_over,eco_sector_agr,2014,5.749
est,sex_t,skl_skill_over,eco_sector_agr,2015,6.596
est,sex_t,skl_skill_over,eco_sector_agr,2016,5.834
est,sex_t,skl_skill_over,eco_sector_agr,2017,5.792
est,sex_t,skl_skill_over,eco_sector_agr,2018,5.541
est,sex_t,skl_skill_over,eco_sector_agr,2019,4.747
est,sex_t,skl_skill_over,eco_sector_agr,2020,5.119
est,sex_t,skl_skill_over,eco_sector_agr,2021,4.743
est,sex_t,skl_skill_over,eco_sector_agr,2022,5.226
est,sex_t,skl_skill_over,eco_sector_agr,2023,5.418
est,sex_t,skl_skill_over,eco_sector_ind,2006,32.008
est,sex_t,skl_skill_over,eco_sector_ind,2007,36.054
est,sex_t,skl_skill_over,eco_sector_ind,2008,34.772
est,sex_t,skl_skill_over,eco_sector_ind,2009,27.359
est,sex_t,skl_skill_over,eco_sector_ind,2010,26.588
est,sex_t,skl_skill_over,eco_sector_ind,2011,29.605
est,sex_t,skl_skill_over,eco_sector_ind,2012,28.269
est,sex_t,skl_skill_over,eco_sector_ind,2013,30.054
est,sex_t,skl_skill_over,eco_sector_ind,2014,37.691
est,sex_t,skl_skill_over,eco_sector_ind,2015,39.185
est,sex_t,skl_skill_over,eco_sector_ind,2016,34.593
est,sex_t,skl_skill_over,eco_sector_ind,2017,36.267
est,sex_t,skl_skill_over,eco_sector_ind,2018,35.791
est,sex_t,skl_skill_over,eco_sector_ind,2019,36.109
est,sex_t,skl_skill_over,eco_sector_ind,2020,36.507
est,sex_t,skl_skill_over,eco_sector_ind,2021,34.526
est,sex_t,skl_skill_over,eco_sector_ind,2022,37.156
est,sex_t,skl_skill_over,eco_sector_ind,2023,33.657
est,sex_t,skl_skill_over,eco_sector_nag,2006,105.883
est,sex_t,skl_skill_over,eco_sector_nag,2007,110.117
est,sex_t,skl_skill_over,eco_sector_nag,2008,109.168
est,sex_t,skl_skill_over,eco_sector_nag,2009,99.17
est,sex_t,skl_skill_over,eco_sector_nag,2010,90.703
est,sex_t,skl_skill_over,eco_sector_nag,2011,95.846
est,sex_t,skl_skill_over,eco_sector_nag,2012,100.296
est,sex_t,skl_skill_over,eco_sector_nag,2013,105.747
est,sex_t,skl_skill_over,eco_sector_nag,2014,138.163
est,sex_t,skl_skill_over,eco_sector_nag,2015,134.222
est,sex_t,skl_skill_over,eco_sector_nag,2016,131.7
est,sex_t,skl_skill_over,eco_sector_nag,2017,138.246
est,sex_t,skl_skill_over,eco_sector_nag,2018,135.447
est,sex_t,skl_skill_over,eco_sector_nag,2019,144.167
est,sex_t,skl_skill_over,eco_sector_nag,2020,141.348
est,sex_t,skl_skill_over,eco_sector_nag,2021,137.186
est,sex_t,skl_skill_over,eco_sector_nag,2022,139.686
est,sex_t,skl_skill_over,eco_sector_nag,2023,148.116
est,sex_t,skl_skill_over,eco_sector_ser,2006,73.874
est,sex_t,skl_skill_over,eco_sector_ser,2007,74.039
est,sex_t,skl_skill_over,eco_sector_ser,2008,74.243
est,sex_t,skl_skill_over,eco_sector_ser,2009,71.606
est,sex_t,skl_skill_over,eco_sector_ser,2010,64.07
est,sex_t,skl_skill_over,eco_sector_ser,2011,66.172
est,sex_t,skl_skill_over,eco_sector_ser,2012,72.028
est,sex_t,skl_skill_over,eco_sector_ser,2013,75.693
est,sex_t,skl_skill_over,eco_sector_ser,2014,100.408
est,sex_t,skl_skill_over,eco_sector_ser,2015,94.814
est,sex_t,skl_skill_over,eco_sector_ser,2016,96.924
est,sex_t,skl_skill_over,eco_sector_ser,2017,101.762
est,sex_t,skl_skill_over,eco_sector_ser,2018,99.656
est,sex_t,skl_skill_over,eco_sector_ser,2019,108.058
est,sex_t,skl_skill_over,eco_sector_ser,2020,104.841
est,sex_t,skl_skill_over,eco_sector_ser,2021,102.66
est,sex_t,skl_skill_over,eco_sector_ser,2022,102.53
est,sex_t,skl_skill_over,eco_sector_ser,2023,114.458
est,sex_t,skl_skill_over,eco_sector_total,2006,115.321
est,sex_t,skl_skill_over,eco_sector_total,2007,117.806
est,sex_t,skl_skill_over,eco_sector_total,2008,115.468
est,sex_t,skl_skill_over,eco_sector_total,2009,105.005
est,sex_t,skl_skill_over,eco_sector_total,2010,96.524
est,sex_t,skl_skill_over,eco_sector_total,2011,104.246
est,sex_t,skl_skill_over,eco_sector_total,2012,107.347
est,sex_t,skl_skill_over,eco_sector_total,2013,112.498
est,sex_t,skl_skill_over,eco_sector_total,2014,143.912
est,sex_t,skl_skill_over,eco_sector_total,2015,140.818
est,sex_t,skl_skill_over,eco_sector_total,2016,137.533
est,sex_t,skl_skill_over,eco_sector_total,2017,144.039
est,sex_t,skl_skill_over,eco_sector_total,2018,140.988
est,sex_t,skl_skill_over,eco_sector_total,2019,148.914
est,sex_t,skl_skill_over,eco_sector_total,2020,146.467
est,sex_t,skl_skill_over,eco_sector_total,2021,141.928
est,sex_t,skl_skill_over,eco_sector_total,2022,144.911
est,sex_t,skl_skill_over,eco_sector_total,2023,153.533
est,sex_t,skl_skill_total,eco_aggregate_agr,2006,32.981
est,sex_t,skl_skill_total,eco_aggregate_agr,2007,31.383
est,sex_t,skl_skill_total,eco_aggregate_agr,2008,25.549
est,sex_t,skl_skill_total,eco_aggregate_agr,2009,24.041
est,sex_t,skl_skill_total,eco_aggregate_agr,2010,23.917
est,sex_t,skl_skill_total,eco_aggregate_agr,2011,26.597
est,sex_t,skl_skill_total,eco_aggregate_agr,2012,27.608
est,sex_t,skl_skill_total,eco_aggregate_agr,2013,26.454
est,sex_t,skl_skill_total,eco_aggregate_agr,2014,24.077
est,sex_t,skl_skill_total,eco_aggregate_agr,2015,25.464
est,sex_t,skl_skill_total,eco_aggregate_agr,2016,24.84
est,sex_t,skl_skill_total,eco_aggregate_agr,2017,23.486
est,sex_t,skl_skill_total,eco_aggregate_agr,2018,22.532
est,sex_t,skl_skill_total,eco_aggregate_agr,2019,22.119
est,sex_t,skl_skill_total,eco_aggregate_agr,2020,19.937
est,sex_t,skl_skill_total,eco_aggregate_agr,2021,17.561
est,sex_t,skl_skill_total,eco_aggregate_agr,2022,17.727
est,sex_t,skl_skill_total,eco_aggregate_agr,2023,18.16
est,sex_t,skl_skill_total,eco_aggregate_con,2006,63.882
est,sex_t,skl_skill_total,eco_aggregate_con,2007,81.353
est,sex_t,skl_skill_total,eco_aggregate_con,2008,80.631
est,sex_t,skl_skill_total,eco_aggregate_con,2009,58.11
est,sex_t,skl_skill_total,eco_aggregate_con,2010,47.722
est,sex_t,skl_skill_total,eco_aggregate_con,2011,58.909
est,sex_t,skl_skill_total,eco_aggregate_con,2012,58.233
est,sex_t,skl_skill_total,eco_aggregate_con,2013,56.606
est,sex_t,skl_skill_total,eco_aggregate_con,2014,58.672
est,sex_t,skl_skill_total,eco_aggregate_con,2015,63.102
est,sex_t,skl_skill_total,eco_aggregate_con,2016,59.825
est,sex_t,skl_skill_total,eco_aggregate_con,2017,57.358
est,sex_t,skl_skill_total,eco_aggregate_con,2018,58.283
est,sex_t,skl_skill_total,eco_aggregate_con,2019,59.273
est,sex_t,skl_skill_total,eco_aggregate_con,2020,60.645
est,sex_t,skl_skill_total,eco_aggregate_con,2021,57.167
est,sex_t,skl_skill_total,eco_aggregate_con,2022,58.324
est,sex_t,skl_skill_total,eco_aggregate_con,2023,58.134
est,sex_t,skl_skill_total,eco_aggregate_man,2006,136.812
est,sex_t,skl_skill_total,eco_aggregate_man,2007,134.413
est,sex_t,skl_skill_total,eco_aggregate_man,2008,133.894
est,sex_t,skl_skill_total,eco_aggregate_man,2009,112.222
est,sex_t,skl_skill_total,eco_aggregate_man,2010,106.647
est,sex_t,skl_skill_total,eco_aggregate_man,2011,119.089
est,sex_t,skl_skill_total,eco_aggregate_man,2012,115.474
est,sex_t,skl_skill_total,eco_aggregate_man,2013,116.408
est,sex_t,skl_skill_total,eco_aggregate_man,2014,114.023
est,sex_t,skl_skill_total,eco_aggregate_man,2015,121.042
est,sex_t,skl_skill_total,eco_aggregate_man,2016,120.374
est,sex_t,skl_skill_total,eco_aggregate_man,2017,123.879
est,sex_t,skl_skill_total,eco_aggregate_man,2018,124.905
est,sex_t,skl_skill_total,eco_aggregate_man,2019,122.238
est,sex_t,skl_skill_total,eco_aggregate_man,2020,119.303
est,sex_t,skl_skill_total,eco_aggregate_man,2021,119.091
est,sex_t,skl_skill_total,eco_aggregate_man,2022,123.553
est,sex_t,skl_skill_total,eco_aggregate_man,2023,120.284
est,sex_t,skl_skill_total,eco_aggregate_mel,2006,17.753
est,sex_t,skl_skill_total,eco_aggregate_mel,2007,15.034
est,sex_t,skl_skill_total,eco_aggregate_mel,2008,16.415
est,sex_t,skl_skill_total,eco_aggregate_mel,2009,16.1
est,sex_t,skl_skill_total,eco_aggregate_mel,2010,17.578
est,sex_t,skl_skill_total,eco_aggregate_mel,2011,17.506
est,sex_t,skl_skill_total,eco_aggregate_mel,2012,17.399
est,sex_t,skl_skill_total,eco_aggregate_mel,2013,14.892
est,sex_t,skl_skill_total,eco_aggregate_mel,2014,15.441
est,sex_t,skl_skill_total,eco_aggregate_mel,2015,13.337
est,sex_t,skl_skill_total,eco_aggregate_mel,2016,12.267
est,sex_t,skl_skill_total,eco_aggregate_mel,2017,14.217
est,sex_t,skl_skill_total,eco_aggregate_mel,2018,14.803
est,sex_t,skl_skill_total,eco_aggregate_mel,2019,13.021
est,sex_t,skl_skill_total,eco_aggregate_mel,2020,12.252
est,sex_t,skl_skill_total,eco_aggregate_mel,2021,13.602
est,sex_t,skl_skill_total,eco_aggregate_mel,2022,12.917
est,sex_t,skl_skill_total,eco_aggregate_mel,2023,13.187
est,sex_t,skl_skill_total,eco_aggregate_mkt,2006,229.965
est,sex_t,skl_skill_total,eco_aggregate_mkt,2007,230.28
est,sex_t,skl_skill_total,eco_aggregate_mkt,2008,241.073
est,sex_t,skl_skill_total,eco_aggregate_mkt,2009,226.262
est,sex_t,skl_skill_total,eco_aggregate_mkt,2010,215.68
est,sex_t,skl_skill_total,eco_aggregate_mkt,2011,225.973
est,sex_t,skl_skill_total,eco_aggregate_mkt,2012,233.485
est,sex_t,skl_skill_total,eco_aggregate_mkt,2013,241.942
est,sex_t,skl_skill_total,eco_aggregate_mkt,2014,244.975
est,sex_t,skl_skill_total,eco_aggregate_mkt,2015,242.627
est,sex_t,skl_skill_total,eco_aggregate_mkt,2016,255.969
est,sex_t,skl_skill_total,eco_aggregate_mkt,2017,266.683
est,sex_t,skl_skill_total,eco_aggregate_mkt,2018,267.84
est,sex_t,skl_skill_total,eco_aggregate_mkt,2019,271.97
est,sex_t,skl_skill_total,eco_aggregate_mkt,2020,256.232
est,sex_t,skl_skill_total,eco_aggregate_mkt,2021,261.812
est,sex_t,skl_skill_total,eco_aggregate_mkt,2022,276.765
est,sex_t,skl_skill_total,eco_aggregate_mkt,2023,290.942
est,sex_t,skl_skill_total,eco_aggregate_pub,2006,169.89
est,sex_t,skl_skill_total,eco_aggregate_pub,2007,164.565
est,sex_t,skl_skill_total,eco_aggregate_pub,2008,157.268
est,sex_t,skl_skill_total,eco_aggregate_pub,2009,156.209
est,sex_t,skl_skill_total,eco_aggregate_pub,2010,155.608
est,sex_t,skl_skill_total,eco_aggregate_pub,2011,154.694
est,sex_t,skl_skill_total,eco_aggregate_pub,2012,162.221
est,sex_t,skl_skill_total,eco_aggregate_pub,2013,164.392
est,sex_t,skl_skill_total,eco_aggregate_pub,2014,166.849
est,sex_t,skl_skill_total,eco_aggregate_pub,2015,166.035
est,sex_t,skl_skill_total,eco_aggregate_pub,2016,163.689
est,sex_t,skl_skill_total,eco_aggregate_pub,2017,162.139
est,sex_t,skl_skill_total,eco_aggregate_pub,2018,168.165
est,sex_t,skl_skill_total,eco_aggregate_pub,2019,173.599
est,sex_t,skl_skill_total,eco_aggregate_pub,2020,178.452
est,sex_t,skl_skill_total,eco_aggregate_pub,2021,184.996
est,sex_t,skl_skill_total,eco_aggregate_pub,2022,191.551
est,sex_t,skl_skill_total,eco_aggregate_pub,2023,199.293
est,sex_t,skl_skill_total,eco_aggregate_total,2006,651.705
est,sex_t,skl_skill_total,eco_aggregate_total,2007,657.591
est,sex_t,skl_skill_total,eco_aggregate_total,2008,656.006
est,sex_t,skl_skill_total,eco_aggregate_total,2009,593.894
est,sex_t,skl_skill_total,eco_aggregate_total,2010,567.97
est,sex_t,skl_skill_total,eco_aggregate_total,2011,603.197
est,sex_t,skl_skill_total,eco_aggregate_total,2012,614.925
est,sex_t,skl_skill_total,eco_aggregate_total,2013,621.339
est,sex_t,skl_skill_total,eco_aggregate_total,2014,624.83
est,sex_t,skl_skill_total,eco_aggregate_total,2015,632.764
est,sex_t,skl_skill_total,eco_aggregate_total,2016,638.66
est,sex_t,skl_skill_total,eco_aggregate_total,2017,650.325
est,sex_t,skl_skill_total,eco_aggregate_total,2018,656.529
est,sex_t,skl_skill_total,eco_aggregate_total,2019,662.22
est,sex_t,skl_skill_total,eco_aggregate_total,2020,646.82
est,sex_t,skl_skill_total,eco_aggregate_total,2021,654.228
est,sex_t,skl_skill_total,eco_aggregate_total,2022,680.837
est,sex_t,skl_skill_total,eco_aggregate_total,2023,700.001
est,sex_t,skl_skill_total,eco_aggregate_x,2007,0.562
est,sex_t,skl_skill_total,eco_aggregate_x,2008,1.177
est,sex_t,skl_skill_total,eco_aggregate_x,2009,0.949
est,sex_t,skl_skill_total,eco_aggregate_x,2010,0.819
est,sex_t,skl_skill_total,eco_aggregate_x,2011,0.429
est,sex_t,skl_skill_total,eco_aggregate_x,2012,0.505
est,sex_t,skl_skill_total,eco_aggregate_x,2013,0.646
est,sex_t,skl_skill_total,eco_aggregate_x,2014,0.794
est,sex_t,skl_skill_total,eco_aggregate_x,2015,1.157
est,sex_t,skl_skill_total,eco_aggregate_x,2016,1.697
est,sex_t,skl_skill_total,eco_aggregate_x,2017,2.561
est,sex_t,skl_skill_total,eco_sector_agr,2006,32.981
est,sex_t,skl_skill_total,eco_sector_agr,2007,31.383
est,sex_t,skl_skill_total,eco_sector_agr,2008,25.549
est,sex_t,skl_skill_total,eco_sector_agr,2009,24.041
est,sex_t,skl_skill_total,eco_sector_agr,2010,23.917
est,sex_t,skl_skill_total,eco_sector_agr,2011,26.597
est,sex_t,skl_skill_total,eco_sector_agr,2012,27.608
est,sex_t,skl_skill_total,eco_sector_agr,2013,26.454
est,sex_t,skl_skill_total,eco_sector_agr,2014,24.077
est,sex_t,skl_skill_total,eco_sector_agr,2015,25.464
est,sex_t,skl_skill_total,eco_sector_agr,2016,24.84
est,sex_t,skl_skill_total,eco_sector_agr,2017,23.486
est,sex_t,skl_skill_total,eco_sector_agr,2018,22.532
est,sex_t,skl_skill_total,eco_sector_agr,2019,22.119
est,sex_t,skl_skill_total,eco_sector_agr,2020,19.937
est,sex_t,skl_skill_total,eco_sector_agr,2021,17.561
est,sex_t,skl_skill_total,eco_sector_agr,2022,17.727
est,sex_t,skl_skill_total,eco_sector_agr,2023,18.16
est,sex_t,skl_skill_total,eco_sector_ind,2006,218.447
est,sex_t,skl_skill_total,eco_sector_ind,2007,230.8
est,sex_t,skl_skill_total,eco_sector_ind,2008,230.94
est,sex_t,skl_skill_total,eco_sector_ind,2009,186.433
est,sex_t,skl_skill_total,eco_sector_ind,2010,171.947
est,sex_t,skl_skill_total,eco_sector_ind,2011,195.504
est,sex_t,skl_skill_total,eco_sector_ind,2012,191.107
est,sex_t,skl_skill_total,eco_sector_ind,2013,187.905
est,sex_t,skl_skill_total,eco_sector_ind,2014,188.135
est,sex_t,skl_skill_total,eco_sector_ind,2015,197.481
est,sex_t,skl_skill_total,eco_sector_ind,2016,192.465
est,sex_t,skl_skill_total,eco_sector_ind,2017,195.455
est,sex_t,skl_skill_total,eco_sector_ind,2018,197.992
est,sex_t,skl_skill_total,eco_sector_ind,2019,194.532
est,sex_t,skl_skill_total,eco_sector_ind,2020,192.2
est,sex_t,skl_skill_total,eco_sector_ind,2021,189.86
est,sex_t,skl_skill_total,eco_sector_ind,2022,194.794
est,sex_t,skl_skill_total,eco_sector_ind,2023,191.606
est,sex_t,skl_skill_total,eco_sector_nag,2006,618.724
est,sex_t,skl_skill_total,eco_sector_nag,2007,626.207
est,sex_t,skl_skill_total,eco_sector_nag,2008,630.457
est,sex_t,skl_skill_total,eco_sector_nag,2009,569.853
est,sex_t,skl_skill_total,eco_sector_nag,2010,544.054
est,sex_t,skl_skill_total,eco_sector_nag,2011,576.6
est,sex_t,skl_skill_total,eco_sector_nag,2012,587.317
est,sex_t,skl_skill_total,eco_sector_nag,2013,594.885
est,sex_t,skl_skill_total,eco_sector_nag,2014,600.752
est,sex_t,skl_skill_total,eco_sector_nag,2015,607.3
est,sex_t,skl_skill_total,eco_sector_nag,2016,613.82
est,sex_t,skl_skill_total,eco_sector_nag,2017,626.838
est,sex_t,skl_skill_total,eco_sector_nag,2018,633.997
est,sex_t,skl_skill_total,eco_sector_nag,2019,640.101
est,sex_t,skl_skill_total,eco_sector_nag,2020,626.883
est,sex_t,skl_skill_total,eco_sector_nag,2021,636.668
est,sex_t,skl_skill_total,eco_sector_nag,2022,663.11
est,sex_t,skl_skill_total,eco_sector_nag,2023,681.841
est,sex_t,skl_skill_total,eco_sector_ser,2006,399.855
est,sex_t,skl_skill_total,eco_sector_ser,2007,394.845
est,sex_t,skl_skill_total,eco_sector_ser,2008,398.341
est,sex_t,skl_skill_total,eco_sector_ser,2009,382.471
est,sex_t,skl_skill_total,eco_sector_ser,2010,371.288
est,sex_t,skl_skill_total,eco_sector_ser,2011,380.667
est,sex_t,skl_skill_total,eco_sector_ser,2012,395.706
est,sex_t,skl_skill_total,eco_sector_ser,2013,406.334
est,sex_t,skl_skill_total,eco_sector_ser,2014,411.824
est,sex_t,skl_skill_total,eco_sector_ser,2015,408.663
est,sex_t,skl_skill_total,eco_sector_ser,2016,419.658
est,sex_t,skl_skill_total,eco_sector_ser,2017,428.822
est,sex_t,skl_skill_total,eco_sector_ser,2018,436.005
est,sex_t,skl_skill_total,eco_sector_ser,2019,445.569
est,sex_t,skl_skill_total,eco_sector_ser,2020,434.684
est,sex_t,skl_skill_total,eco_sector_ser,2021,446.808
est,sex_t,skl_skill_total,eco_sector_ser,2022,468.316
est,sex_t,skl_skill_total,eco_sector_ser,2023,490.235
est,sex_t,skl_skill_total,eco_sector_total,2006,651.705
est,sex_t,skl_skill_total,eco_sector_total,2007,657.591
est,sex_t,skl_skill_total,eco_sector_total,2008,656.006
est,sex_t,skl_skill_total,eco_sector_total,2009,593.894
est,sex_t,skl_skill_total,eco_sector_total,2010,567.97
est,sex_t,skl_skill_total,eco_sector_total,2011,603.197
est,sex_t,skl_skill_total,eco_sector_total,2012,614.925
est,sex_t,skl_skill_total,eco_sector_total,2013,621.339
est,sex_t,skl_skill_total,eco_sector_total,2014,624.83
est,sex_t,skl_skill_total,eco_sector_total,2015,632.764
est,sex_t,skl_skill_total,eco_sector_total,2016,638.66
est,sex_t,skl_skill_total,eco_sector_total,2017,650.325
est,sex_t,skl_skill_total,eco_sector_total,2018,656.529
est,sex_t,skl_skill_total,eco_sector_total,2019,662.22
est,sex_t,skl_skill_total,eco_sector_total,2020,646.82
est,sex_t,skl_skill_total,eco_sector_total,2021,654.228
est,sex_t,skl_skill_total,eco_sector_total,2022,680.837
est,sex_t,skl_skill_total,eco_sector_total,2023,700.001
est,sex_t,skl_skill_total,eco_sector_x,2007,0.562
est,sex_t,skl_skill_total,eco_sector_x,2008,1.177
est,sex_t,skl_skill_total,eco_sector_x,2009,0.949
est,sex_t,skl_skill_total,eco_sector_x,2010,0.819
est,sex_t,skl_skill_total,eco_sector_x,2011,0.429
est,sex_t,skl_skill_total,eco_sector_x,2012,0.505
est,sex_t,skl_skill_total,eco_sector_x,2013,0.646
est,sex_t,skl_skill_total,eco_sector_x,2014,0.794
est,sex_t,skl_skill_total,eco_sector_x,2015,1.157
est,sex_t,skl_skill_total,eco_sector_x,2016,1.697
est,sex_t,skl_skill_total,eco_sector_x,2017,2.561
est,sex_t,skl_skill_under,eco_aggregate_agr,2006,3.729
est,sex_t,skl_skill_under,eco_aggregate_agr,2007,3.652
est,sex_t,skl_skill_under,eco_aggregate_agr,2008,3.576
est,sex_t,skl_skill_under,eco_aggregate_agr,2009,3.279
est,sex_t,skl_skill_under,eco_aggregate_agr,2010,3.495
est,sex_t,skl_skill_under,eco_aggregate_agr,2011,2.11
est,sex_t,skl_skill_under,eco_aggregate_agr,2012,1.851
est,sex_t,skl_skill_under,eco_aggregate_agr,2013,2.337
est,sex_t,skl_skill_under,eco_aggregate_agr,2014,2.644
est,sex_t,skl_skill_under,eco_aggregate_agr,2015,2.51
est,sex_t,skl_skill_under,eco_aggregate_agr,2016,2.605
est,sex_t,skl_skill_under,eco_aggregate_agr,2017,2.365
est,sex_t,skl_skill_under,eco_aggregate_agr,2018,2.581
est,sex_t,skl_skill_under,eco_aggregate_agr,2019,2.165
est,sex_t,skl_skill_under,eco_aggregate_agr,2020,1.565
est,sex_t,skl_skill_under,eco_aggregate_agr,2021,0.948
est,sex_t,skl_skill_under,eco_aggregate_agr,2022,1.315
est,sex_t,skl_skill_under,eco_aggregate_agr,2023,0.928
est,sex_t,skl_skill_under,eco_aggregate_con,2006,9.841
est,sex_t,skl_skill_under,eco_aggregate_con,2007,11.886
est,sex_t,skl_skill_under,eco_aggregate_con,2008,10.515
est,sex_t,skl_skill_under,eco_aggregate_con,2009,9.164
est,sex_t,skl_skill_under,eco_aggregate_con,2010,8.615
est,sex_t,skl_skill_under,eco_aggregate_con,2011,9.786
est,sex_t,skl_skill_under,eco_aggregate_con,2012,11.144
est,sex_t,skl_skill_under,eco_aggregate_con,2013,11.858
est,sex_t,skl_skill_under,eco_aggregate_con,2014,10.072
est,sex_t,skl_skill_under,eco_aggregate_con,2015,10.767
est,sex_t,skl_skill_under,eco_aggregate_con,2016,8.418
est,sex_t,skl_skill_under,eco_aggregate_con,2017,8.854
est,sex_t,skl_skill_under,eco_aggregate_con,2018,10.899
est,sex_t,skl_skill_under,eco_aggregate_con,2019,11.042
est,sex_t,skl_skill_under,eco_aggregate_con,2020,10.284
est,sex_t,skl_skill_under,eco_aggregate_con,2021,8.714
est,sex_t,skl_skill_under,eco_aggregate_con,2022,9.282
est,sex_t,skl_skill_under,eco_aggregate_con,2023,8.566
est,sex_t,skl_skill_under,eco_aggregate_man,2006,21.129
est,sex_t,skl_skill_under,eco_aggregate_man,2007,22.593
est,sex_t,skl_skill_under,eco_aggregate_man,2008,18.779
est,sex_t,skl_skill_under,eco_aggregate_man,2009,16.391
est,sex_t,skl_skill_under,eco_aggregate_man,2010,15.371
est,sex_t,skl_skill_under,eco_aggregate_man,2011,18.272
est,sex_t,skl_skill_under,eco_aggregate_man,2012,18.148
est,sex_t,skl_skill_under,eco_aggregate_man,2013,17.066
est,sex_t,skl_skill_under,eco_aggregate_man,2014,11.736
est,sex_t,skl_skill_under,eco_aggregate_man,2015,14.227
est,sex_t,skl_skill_under,eco_aggregate_man,2016,12.665
est,sex_t,skl_skill_under,eco_aggregate_man,2017,15.166
est,sex_t,skl_skill_under,eco_aggregate_man,2018,15.81
est,sex_t,skl_skill_under,eco_aggregate_man,2019,15.497
est,sex_t,skl_skill_under,eco_aggregate_man,2020,18.106
est,sex_t,skl_skill_under,eco_aggregate_man,2021,17.427
est,sex_t,skl_skill_under,eco_aggregate_man,2022,16.553
est,sex_t,skl_skill_under,eco_aggregate_man,2023,18.256
est,sex_t,skl_skill_under,eco_aggregate_mel,2006,3.71
est,sex_t,skl_skill_under,eco_aggregate_mel,2007,2.278
est,sex_t,skl_skill_under,eco_aggregate_mel,2008,2.992
est,sex_t,skl_skill_under,eco_aggregate_mel,2009,3.077
est,sex_t,skl_skill_under,eco_aggregate_mel,2010,4.663
est,sex_t,skl_skill_under,eco_aggregate_mel,2011,3.972
est,sex_t,skl_skill_under,eco_aggregate_mel,2012,5.22
est,sex_t,skl_skill_under,eco_aggregate_mel,2013,3.003
est,sex_t,skl_skill_under,eco_aggregate_mel,2014,1.448
est,sex_t,skl_skill_under,eco_aggregate_mel,2015,1.494
est,sex_t,skl_skill_under,eco_aggregate_mel,2016,1.84
est,sex_t,skl_skill_under,eco_aggregate_mel,2017,2.258
est,sex_t,skl_skill_under,eco_aggregate_mel,2018,1.616
est,sex_t,skl_skill_under,eco_aggregate_mel,2019,1.473
est,sex_t,skl_skill_under,eco_aggregate_mel,2020,1.904
est,sex_t,skl_skill_under,eco_aggregate_mel,2021,2.751
est,sex_t,skl_skill_under,eco_aggregate_mel,2022,2.729
est,sex_t,skl_skill_under,eco_aggregate_mel,2023,2.167
est,sex_t,skl_skill_under,eco_aggregate_mkt,2006,52.39
est,sex_t,skl_skill_under,eco_aggregate_mkt,2007,58.313
est,sex_t,skl_skill_under,eco_aggregate_mkt,2008,62.52
est,sex_t,skl_skill_under,eco_aggregate_mkt,2009,56.397
est,sex_t,skl_skill_under,eco_aggregate_mkt,2010,59.156
est,sex_t,skl_skill_under,eco_aggregate_mkt,2011,66.004
est,sex_t,skl_skill_under,eco_aggregate_mkt,2012,65.962
est,sex_t,skl_skill_under,eco_aggregate_mkt,2013,68.24
est,sex_t,skl_skill_under,eco_aggregate_mkt,2014,40.695
est,sex_t,skl_skill_under,eco_aggregate_mkt,2015,43.642
est,sex_t,skl_skill_under,eco_aggregate_mkt,2016,46.016
est,sex_t,skl_skill_under,eco_aggregate_mkt,2017,48.373
est,sex_t,skl_skill_under,eco_aggregate_mkt,2018,49.477
est,sex_t,skl_skill_under,eco_aggregate_mkt,2019,47.87
est,sex_t,skl_skill_under,eco_aggregate_mkt,2020,46.792
est,sex_t,skl_skill_under,eco_aggregate_mkt,2021,46.141
est,sex_t,skl_skill_under,eco_aggregate_mkt,2022,43.922
est,sex_t,skl_skill_under,eco_aggregate_mkt,2023,47.517
est,sex_t,skl_skill_under,eco_aggregate_pub,2006,77.618
est,sex_t,skl_skill_under,eco_aggregate_pub,2007,75.425
est,sex_t,skl_skill_under,eco_aggregate_pub,2008,67.351
est,sex_t,skl_skill_under,eco_aggregate_pub,2009,72.926
est,sex_t,skl_skill_under,eco_aggregate_pub,2010,75.396
est,sex_t,skl_skill_under,eco_aggregate_pub,2011,73.726
est,sex_t,skl_skill_under,eco_aggregate_pub,2012,77.328
est,sex_t,skl_skill_under,eco_aggregate_pub,2013,77.702
est,sex_t,skl_skill_under,eco_aggregate_pub,2014,26.267
est,sex_t,skl_skill_under,eco_aggregate_pub,2015,26.68
est,sex_t,skl_skill_under,eco_aggregate_pub,2016,25.875
est,sex_t,skl_skill_under,eco_aggregate_pub,2017,22.338
est,sex_t,skl_skill_under,eco_aggregate_pub,2018,25.259
est,sex_t,skl_skill_under,eco_aggregate_pub,2019,26.934
est,sex_t,skl_skill_under,eco_aggregate_pub,2020,28.462
est,sex_t,skl_skill_under,eco_aggregate_pub,2021,26.739
est,sex_t,skl_skill_under,eco_aggregate_pub,2022,25.973
est,sex_t,skl_skill_under,eco_aggregate_pub,2023,27.196
est,sex_t,skl_skill_under,eco_aggregate_total,2006,168.595
est,sex_t,skl_skill_under,eco_aggregate_total,2007,174.148
est,sex_t,skl_skill_under,eco_aggregate_total,2008,165.734
est,sex_t,skl_skill_under,eco_aggregate_total,2009,161.302
est,sex_t,skl_skill_under,eco_aggregate_total,2010,166.696
est,sex_t,skl_skill_under,eco_aggregate_total,2011,173.966
est,sex_t,skl_skill_under,eco_aggregate_total,2012,179.778
est,sex_t,skl_skill_under,eco_aggregate_total,2013,180.335
est,sex_t,skl_skill_under,eco_aggregate_total,2014,92.967
est,sex_t,skl_skill_under,eco_aggregate_total,2015,99.551
est,sex_t,skl_skill_under,eco_aggregate_total,2016,97.419
est,sex_t,skl_skill_under,eco_aggregate_total,2017,99.683
est,sex_t,skl_skill_under,eco_aggregate_total,2018,105.643
est,sex_t,skl_skill_under,eco_aggregate_total,2019,104.98
est,sex_t,skl_skill_under,eco_aggregate_total,2020,107.113
est,sex_t,skl_skill_under,eco_aggregate_total,2021,102.72
est,sex_t,skl_skill_under,eco_aggregate_total,2022,99.773
est,sex_t,skl_skill_under,eco_aggregate_total,2023,104.63
est,sex_t,skl_skill_under,eco_sector_agr,2006,3.729
est,sex_t,skl_skill_under,eco_sector_agr,2007,3.652
est,sex_t,skl_skill_under,eco_sector_agr,2008,3.576
est,sex_t,skl_skill_under,eco_sector_agr,2009,3.279
est,sex_t,skl_skill_under,eco_sector_agr,2010,3.495
est,sex_t,skl_skill_under,eco_sector_agr,2011,2.11
est,sex_t,skl_skill_under,eco_sector_agr,2012,1.851
est,sex_t,skl_skill_under,eco_sector_agr,2013,2.337
est,sex_t,skl_skill_under,eco_sector_agr,2014,2.644
est,sex_t,skl_skill_under,eco_sector_agr,2015,2.51
est,sex_t,skl_skill_under,eco_sector_agr,2016,2.605
est,sex_t,skl_skill_under,eco_sector_agr,2017,2.365
est,sex_t,skl_skill_under,eco_sector_agr,2018,2.581
est,sex_t,skl_skill_under,eco_sector_agr,2019,2.165
est,sex_t,skl_skill_under,eco_sector_agr,2020,1.565
est,sex_t,skl_skill_under,eco_sector_agr,2021,0.948
est,sex_t,skl_skill_under,eco_sector_agr,2022,1.315
est,sex_t,skl_skill_under,eco_sector_agr,2023,0.928
est,sex_t,skl_skill_under,eco_sector_ind,2006,34.68
est,sex_t,skl_skill_under,eco_sector_ind,2007,36.757
est,sex_t,skl_skill_under,eco_sector_ind,2008,32.287
est,sex_t,skl_skill_under,eco_sector_ind,2009,28.632
est,sex_t,skl_skill_under,eco_sector_ind,2010,28.649
est,sex_t,skl_skill_under,eco_sector_ind,2011,32.03
est,sex_t,skl_skill_under,eco_sector_ind,2012,34.512
est,sex_t,skl_skill_under,eco_sector_ind,2013,31.927
est,sex_t,skl_skill_under,eco_sector_ind,2014,23.256
est,sex_t,skl_skill_under,eco_sector_ind,2015,26.488
est,sex_t,skl_skill_under,eco_sector_ind,2016,22.923
est,sex_t,skl_skill_under,eco_sector_ind,2017,26.279
est,sex_t,skl_skill_under,eco_sector_ind,2018,28.326
est,sex_t,skl_skill_under,eco_sector_ind,2019,28.011
est,sex_t,skl_skill_under,eco_sector_ind,2020,30.294
est,sex_t,skl_skill_under,eco_sector_ind,2021,28.892
est,sex_t,skl_skill_under,eco_sector_ind,2022,28.564
est,sex_t,skl_skill_under,eco_sector_ind,2023,28.989
est,sex_t,skl_skill_under,eco_sector_nag,2006,164.866
est,sex_t,skl_skill_under,eco_sector_nag,2007,170.496
est,sex_t,skl_skill_under,eco_sector_nag,2008,162.158
est,sex_t,skl_skill_under,eco_sector_nag,2009,158.023
est,sex_t,skl_skill_under,eco_sector_nag,2010,163.201
est,sex_t,skl_skill_under,eco_sector_nag,2011,171.857
est,sex_t,skl_skill_under,eco_sector_nag,2012,177.926
est,sex_t,skl_skill_under,eco_sector_nag,2013,177.999
est,sex_t,skl_skill_under,eco_sector_nag,2014,90.323
est,sex_t,skl_skill_under,eco_sector_nag,2015,97.041
est,sex_t,skl_skill_under,eco_sector_nag,2016,94.814
est,sex_t,skl_skill_under,eco_sector_nag,2017,97.319
est,sex_t,skl_skill_under,eco_sector_nag,2018,103.061
est,sex_t,skl_skill_under,eco_sector_nag,2019,102.815
est,sex_t,skl_skill_under,eco_sector_nag,2020,105.548
est,sex_t,skl_skill_under,eco_sector_nag,2021,101.772
est,sex_t,skl_skill_under,eco_sector_nag,2022,98.459
est,sex_t,skl_skill_under,eco_sector_nag,2023,103.702
est,sex_t,skl_skill_under,eco_sector_ser,2006,130.008
est,sex_t,skl_skill_under,eco_sector_ser,2007,133.738
est,sex_t,skl_skill_under,eco_sector_ser,2008,129.871
est,sex_t,skl_skill_under,eco_sector_ser,2009,129.322
est,sex_t,skl_skill_under,eco_sector_ser,2010,134.552
est,sex_t,skl_skill_under,eco_sector_ser,2011,139.729
est,sex_t,skl_skill_under,eco_sector_ser,2012,143.29
est,sex_t,skl_skill_under,eco_sector_ser,2013,145.942
est,sex_t,skl_skill_under,eco_sector_ser,2014,66.962
est,sex_t,skl_skill_under,eco_sector_ser,2015,70.323
est,sex_t,skl_skill_under,eco_sector_ser,2016,71.891
est,sex_t,skl_skill_under,eco_sector_ser,2017,70.711
est,sex_t,skl_skill_under,eco_sector_ser,2018,74.736
est,sex_t,skl_skill_under,eco_sector_ser,2019,74.804
est,sex_t,skl_skill_under,eco_sector_ser,2020,75.254
est,sex_t,skl_skill_under,eco_sector_ser,2021,72.88
est,sex_t,skl_skill_under,eco_sector_ser,2022,69.895
est,sex_t,skl_skill_under,eco_sector_ser,2023,74.713
est,sex_t,skl_skill_under,eco_sector_total,2006,168.595
est,sex_t,skl_skill_under,eco_sector_total,2007,174.148
est,sex_t,skl_skill_under,eco_sector_total,2008,165.734
est,sex_t,skl_skill_under,eco_sector_total,2009,161.302
est,sex_t,skl_skill_under,eco_sector_total,2010,166.696
est,sex_t,skl_skill_under,eco_sector_total,2011,173.966
est,sex_t,skl_skill_under,eco_sector_total,2012,179.778
est,sex_t,skl_skill_under,eco_sector_total,2013,180.335
est,sex_t,skl_skill_under,eco_sector_total,2014,92.967
est,sex_t,skl_skill_under,eco_sector_total,2015,99.551
est,sex_t,skl_skill_under,eco_sector_total,2016,97.419
est,sex_t,skl_skill_under,eco_sector_total,2017,99.683
est,sex_t,skl_skill_under,eco_sector_total,2018,105.643
est,sex_t,skl_skill_under,eco_sector_total,2019,104.98
est,sex_t,skl_skill_under,eco_sector_total,2020,107.113
est,sex_t,skl_skill_under,eco_sector_total,2021,102.72
est,sex_t,skl_skill_under,eco_sector_total,2022,99.773
est,sex_t,skl_skill_under,eco_sector_total,2023,104.63
est,sex_t,skl_skill_x,eco_aggregate_mkt,2006,1.172
est,sex_t,skl_skill_x,eco_aggregate_mkt,2007,0.649
est,sex_t,skl_skill_x,eco_aggregate_mkt,2008,0.482
est,sex_t,skl_skill_x,eco_aggregate_mkt,2009,0.611
est,sex_t,skl_skill_x,eco_aggregate_mkt,2010,0.322
est,sex_t,skl_skill_x,eco_aggregate_mkt,2011,1.011
est,sex_t,skl_skill_x,eco_aggregate_mkt,2012,0.73
est,sex_t,skl_skill_x,eco_aggregate_mkt,2013,1.182
est,sex_t,skl_skill_x,eco_aggregate_mkt,2014,0.842
est,sex_t,skl_skill_x,eco_aggregate_mkt,2015,0.335
est,sex_t,skl_skill_x,eco_aggregate_mkt,2017,0.586
est,sex_t,skl_skill_x,eco_aggregate_mkt,2018,0.309
est,sex_t,skl_skill_x,eco_aggregate_mkt,2020,0.188
est,sex_t,skl_skill_x,eco_aggregate_pub,2006,6.927
est,sex_t,skl_skill_x,eco_aggregate_pub,2007,5.359
est,sex_t,skl_skill_x,eco_aggregate_pub,2008,4.97
est,sex_t,skl_skill_x,eco_aggregate_pub,2009,4.048
est,sex_t,skl_skill_x,eco_aggregate_pub,2010,4.816
est,sex_t,skl_skill_x,eco_aggregate_pub,2011,4.774
est,sex_t,skl_skill_x,eco_aggregate_pub,2012,5.845
est,sex_t,skl_skill_x,eco_aggregate_pub,2013,5.361
est,sex_t,skl_skill_x,eco_aggregate_pub,2014,3.112
est,sex_t,skl_skill_x,eco_aggregate_pub,2015,3.07
est,sex_t,skl_skill_x,eco_aggregate_pub,2016,2.678
est,sex_t,skl_skill_x,eco_aggregate_pub,2017,2.965
est,sex_t,skl_skill_x,eco_aggregate_pub,2018,4.043
est,sex_t,skl_skill_x,eco_aggregate_pub,2019,4.061
est,sex_t,skl_skill_x,eco_aggregate_pub,2020,4.877
est,sex_t,skl_skill_x,eco_aggregate_pub,2021,3.131
est,sex_t,skl_skill_x,eco_aggregate_pub,2022,3.365
est,sex_t,skl_skill_x,eco_aggregate_pub,2023,3.019
est,sex_t,skl_skill_x,eco_aggregate_total,2006,8.52
est,sex_t,skl_skill_x,eco_aggregate_total,2007,6.275
est,sex_t,skl_skill_x,eco_aggregate_total,2008,6.529
est,sex_t,skl_skill_x,eco_aggregate_total,2009,5.203
est,sex_t,skl_skill_x,eco_aggregate_total,2010,5.781
est,sex_t,skl_skill_x,eco_aggregate_total,2011,6.155
est,sex_t,skl_skill_x,eco_aggregate_total,2012,7.051
est,sex_t,skl_skill_x,eco_aggregate_total,2013,7.216
est,sex_t,skl_skill_x,eco_aggregate_total,2014,4.734
est,sex_t,skl_skill_x,eco_aggregate_total,2015,4.272
est,sex_t,skl_skill_x,eco_aggregate_total,2016,4.495
est,sex_t,skl_skill_x,eco_aggregate_total,2017,5.38
est,sex_t,skl_skill_x,eco_aggregate_total,2018,4.409
est,sex_t,skl_skill_x,eco_aggregate_total,2019,4.242
est,sex_t,skl_skill_x,eco_aggregate_total,2020,5.273
est,sex_t,skl_skill_x,eco_aggregate_total,2021,3.131
est,sex_t,skl_skill_x,eco_aggregate_total,2022,3.454
est,sex_t,skl_skill_x,eco_aggregate_total,2023,3.019
est,sex_t,skl_skill_x,eco_aggregate_x,2008,0.797
est,sex_t,skl_skill_x,eco_aggregate_x,2012,0.228
est,sex_t,skl_skill_x,eco_aggregate_x,2013,0.417
est,sex_t,skl_skill_x,eco_aggregate_x,2014,0.537
est,sex_t,skl_skill_x,eco_aggregate_x,2015,0.519
est,sex_t,skl_skill_x,eco_aggregate_x,2016,1.291
est,sex_t,skl_skill_x,eco_aggregate_x,2017,1.495
est,sex_t,skl_skill_x,eco_sector_ind,2011,0.305
est,sex_t,skl_skill_x,eco_sector_ind,2012,0.248
est,sex_t,skl_skill_x,eco_sector_ind,2014,0.243
est,sex_t,skl_skill_x,eco_sector_ind,2015,0.348
est,sex_t,skl_skill_x,eco_sector_ind,2020,0.208
est,sex_t,skl_skill_x,eco_sector_nag,2010,5.758
est,sex_t,skl_skill_x,eco_sector_nag,2013,7.137
est,sex_t,skl_skill_x,eco_sector_ser,2006,8.099
est,sex_t,skl_skill_x,eco_sector_ser,2007,6.009
est,sex_t,skl_skill_x,eco_sector_ser,2008,5.452
est,sex_t,skl_skill_x,eco_sector_ser,2009,4.66
est,sex_t,skl_skill_x,eco_sector_ser,2010,5.139
est,sex_t,skl_skill_x,eco_sector_ser,2011,5.786
est,sex_t,skl_skill_x,eco_sector_ser,2012,6.575
est,sex_t,skl_skill_x,eco_sector_ser,2013,6.542
est,sex_t,skl_skill_x,eco_sector_ser,2014,3.954
est,sex_t,skl_skill_x,eco_sector_ser,2015,3.405
est,sex_t,skl_skill_x,eco_sector_ser,2016,3.012
est,sex_t,skl_skill_x,eco_sector_ser,2017,3.551
est,sex_t,skl_skill_x,eco_sector_ser,2018,4.352
est,sex_t,skl_skill_x,eco_sector_ser,2019,4.192
est,sex_t,skl_skill_x,eco_sector_ser,2020,5.065
est,sex_t,skl_skill_x,eco_sector_ser,2021,3.131
est,sex_t,skl_skill_x,eco_sector_ser,2022,3.454
est,sex_t,skl_skill_x,eco_sector_ser,2023,3.019
est,sex_t,skl_skill_x,eco_sector_total,2006,8.52
est,sex_t,skl_skill_x,eco_sector_total,2007,6.275
est,sex_t,skl_skill_x,eco_sector_total,2008,6.529
est,sex_t,skl_skill_x,eco_sector_total,2009,5.203
est,sex_t,skl_skill_x,eco_sector_total,2010,5.781
est,sex_t,skl_skill_x,eco_sector_total,2011,6.155
est,sex_t,skl_skill_x,eco_sector_total,2012,7.051
est,sex_t,skl_skill_x,eco_sector_total,2013,7.216
est,sex_t,skl_skill_x,eco_sector_total,2014,4.734
est,sex_t,skl_skill_x,eco_sector_total,2015,4.272
est,sex_t,skl_skill_x,eco_sector_total,2016,4.495
est,sex_t,skl_skill_x,eco_sector_total,2017,5.38
est,sex_t,skl_skill_x,eco_sector_total,2018,4.409
est,sex_t,skl_skill_x,eco_sector_total,2019,4.242
est,sex_t,skl_skill_x,eco_sector_total,2020,5.273
est,sex_t,skl_skill_x,eco_sector_total,2021,3.131
est,sex_t,skl_skill_x,eco_sector_total,2022,3.454
est,sex_t,skl_skill_x,eco_sector_total,2023,3.019
est,sex_t,skl_skill_x,eco_sector_x,2008,0.797
est,sex_t,skl_skill_x,eco_sector_x,2012,0.228
est,sex_t,skl_skill_x,eco_sector_x,2013,0.417
est,sex_t,skl_skill_x,eco_sector_x,2014,0.537
est,sex_t,skl_skill_x,eco_sector_x,2015,0.519
est,sex_t,skl_skill_x,eco_sector_x,2016,1.291
est,sex_t,skl_skill_x,eco_sector_x,2017,1.495
