ref_area,sex,classif1,classif2,time,luu_xlu2_sex_age_edu_rt
slv,sex_f,age_aggregate_total,edu_aggregate_adv,2010,10.679
slv,sex_f,age_aggregate_total,edu_aggregate_adv,2011,7.331
slv,sex_f,age_aggregate_total,edu_aggregate_adv,2012,8.594
slv,sex_f,age_aggregate_total,edu_aggregate_adv,2013,9.248
slv,sex_f,age_aggregate_total,edu_aggregate_adv,2014,9.228
slv,sex_f,age_aggregate_total,edu_aggregate_adv,2015,9.148
slv,sex_f,age_aggregate_total,edu_aggregate_adv,2016,10.547
slv,sex_f,age_aggregate_total,edu_aggregate_adv,2017,10.49
slv,sex_f,age_aggregate_total,edu_aggregate_adv,2018,9.348
slv,sex_f,age_aggregate_total,edu_aggregate_adv,2019,11.623
slv,sex_f,age_aggregate_total,edu_aggregate_adv,2020,11.861
slv,sex_f,age_aggregate_total,edu_aggregate_adv,2021,8.971
slv,sex_f,age_aggregate_total,edu_aggregate_adv,2022,6.384
slv,sex_f,age_aggregate_total,edu_aggregate_adv,2023,7.202
slv,sex_f,age_aggregate_total,edu_aggregate_adv,2024,6.201
slv,sex_f,age_aggregate_total,edu_aggregate_bas,2010,10.934
slv,sex_f,age_aggregate_total,edu_aggregate_bas,2011,6.52
slv,sex_f,age_aggregate_total,edu_aggregate_bas,2012,9.957
slv,sex_f,age_aggregate_total,edu_aggregate_bas,2013,9.209
slv,sex_f,age_aggregate_total,edu_aggregate_bas,2014,11.202
slv,sex_f,age_aggregate_total,edu_aggregate_bas,2015,12.679
slv,sex_f,age_aggregate_total,edu_aggregate_bas,2016,14.731
slv,sex_f,age_aggregate_total,edu_aggregate_bas,2017,13.225
slv,sex_f,age_aggregate_total,edu_aggregate_bas,2018,12.486
slv,sex_f,age_aggregate_total,edu_aggregate_bas,2019,12.682
slv,sex_f,age_aggregate_total,edu_aggregate_bas,2020,9.466
slv,sex_f,age_aggregate_total,edu_aggregate_bas,2021,7.856
slv,sex_f,age_aggregate_total,edu_aggregate_bas,2022,5.979
slv,sex_f,age_aggregate_total,edu_aggregate_bas,2023,7.676
slv,sex_f,age_aggregate_total,edu_aggregate_bas,2024,6.967
slv,sex_f,age_aggregate_total,edu_aggregate_int,2010,9.305
slv,sex_f,age_aggregate_total,edu_aggregate_int,2011,9.865
slv,sex_f,age_aggregate_total,edu_aggregate_int,2012,8.705
slv,sex_f,age_aggregate_total,edu_aggregate_int,2013,9.939
slv,sex_f,age_aggregate_total,edu_aggregate_int,2014,12.625
slv,sex_f,age_aggregate_total,edu_aggregate_int,2015,11.704
slv,sex_f,age_aggregate_total,edu_aggregate_int,2016,14.219
slv,sex_f,age_aggregate_total,edu_aggregate_int,2017,14.028
slv,sex_f,age_aggregate_total,edu_aggregate_int,2018,13.505
slv,sex_f,age_aggregate_total,edu_aggregate_int,2019,13.755
slv,sex_f,age_aggregate_total,edu_aggregate_int,2020,17.004
slv,sex_f,age_aggregate_total,edu_aggregate_int,2021,15.024
slv,sex_f,age_aggregate_total,edu_aggregate_int,2022,10.344
slv,sex_f,age_aggregate_total,edu_aggregate_int,2023,8.846
slv,sex_f,age_aggregate_total,edu_aggregate_int,2024,8.93
slv,sex_f,age_aggregate_total,edu_aggregate_ltb,2010,14.046
slv,sex_f,age_aggregate_total,edu_aggregate_ltb,2011,6.266
slv,sex_f,age_aggregate_total,edu_aggregate_ltb,2012,11.11
slv,sex_f,age_aggregate_total,edu_aggregate_ltb,2013,11.848
slv,sex_f,age_aggregate_total,edu_aggregate_ltb,2014,13.265
slv,sex_f,age_aggregate_total,edu_aggregate_ltb,2015,12.906
slv,sex_f,age_aggregate_total,edu_aggregate_ltb,2016,18.038
slv,sex_f,age_aggregate_total,edu_aggregate_ltb,2017,16.386
slv,sex_f,age_aggregate_total,edu_aggregate_ltb,2018,12.777
slv,sex_f,age_aggregate_total,edu_aggregate_ltb,2019,15.303
slv,sex_f,age_aggregate_total,edu_aggregate_ltb,2020,8.032
slv,sex_f,age_aggregate_total,edu_aggregate_ltb,2021,6.021
slv,sex_f,age_aggregate_total,edu_aggregate_ltb,2022,4.738
slv,sex_f,age_aggregate_total,edu_aggregate_ltb,2023,5.239
slv,sex_f,age_aggregate_total,edu_aggregate_ltb,2024,4.79
slv,sex_f,age_aggregate_total,edu_aggregate_total,2010,11.748
slv,sex_f,age_aggregate_total,edu_aggregate_total,2011,6.961
slv,sex_f,age_aggregate_total,edu_aggregate_total,2012,9.827
slv,sex_f,age_aggregate_total,edu_aggregate_total,2013,10.149
slv,sex_f,age_aggregate_total,edu_aggregate_total,2014,11.377
slv,sex_f,age_aggregate_total,edu_aggregate_total,2015,11.555
slv,sex_f,age_aggregate_total,edu_aggregate_total,2016,14.444
slv,sex_f,age_aggregate_total,edu_aggregate_total,2017,13.503
slv,sex_f,age_aggregate_total,edu_aggregate_total,2018,11.75
slv,sex_f,age_aggregate_total,edu_aggregate_total,2019,13.223
slv,sex_f,age_aggregate_total,edu_aggregate_total,2020,10.93
slv,sex_f,age_aggregate_total,edu_aggregate_total,2021,8.821
slv,sex_f,age_aggregate_total,edu_aggregate_total,2022,6.458
slv,sex_f,age_aggregate_total,edu_aggregate_total,2023,7.108
slv,sex_f,age_aggregate_total,edu_aggregate_total,2024,6.578
slv,sex_f,age_aggregate_total,edu_aggregate_x,2020,13.135
slv,sex_f,age_aggregate_total,edu_aggregate_x,2021,8.816
slv,sex_f,age_aggregate_total,edu_aggregate_x,2022,5.529
slv,sex_f,age_aggregate_total,edu_aggregate_x,2023,8.466
slv,sex_f,age_aggregate_total,edu_aggregate_x,2024,9.863
slv,sex_f,age_aggregate_y15_24,edu_aggregate_adv,2010,26.046
slv,sex_f,age_aggregate_y15_24,edu_aggregate_adv,2011,19.826
slv,sex_f,age_aggregate_y15_24,edu_aggregate_adv,2012,16.985
slv,sex_f,age_aggregate_y15_24,edu_aggregate_adv,2013,19.429
slv,sex_f,age_aggregate_y15_24,edu_aggregate_adv,2014,18.904
slv,sex_f,age_aggregate_y15_24,edu_aggregate_adv,2015,20.778
slv,sex_f,age_aggregate_y15_24,edu_aggregate_adv,2016,17.663
slv,sex_f,age_aggregate_y15_24,edu_aggregate_adv,2017,22.787
slv,sex_f,age_aggregate_y15_24,edu_aggregate_adv,2018,22.735
slv,sex_f,age_aggregate_y15_24,edu_aggregate_adv,2019,24.971
slv,sex_f,age_aggregate_y15_24,edu_aggregate_adv,2020,24.421
slv,sex_f,age_aggregate_y15_24,edu_aggregate_adv,2021,15.244
slv,sex_f,age_aggregate_y15_24,edu_aggregate_adv,2022,17.065
slv,sex_f,age_aggregate_y15_24,edu_aggregate_adv,2023,15.012
slv,sex_f,age_aggregate_y15_24,edu_aggregate_adv,2024,11.41
slv,sex_f,age_aggregate_y15_24,edu_aggregate_bas,2010,13.517
slv,sex_f,age_aggregate_y15_24,edu_aggregate_bas,2011,8.639
slv,sex_f,age_aggregate_y15_24,edu_aggregate_bas,2012,14.186
slv,sex_f,age_aggregate_y15_24,edu_aggregate_bas,2013,12.707
slv,sex_f,age_aggregate_y15_24,edu_aggregate_bas,2014,11.233
slv,sex_f,age_aggregate_y15_24,edu_aggregate_bas,2015,14.468
slv,sex_f,age_aggregate_y15_24,edu_aggregate_bas,2016,14.418
slv,sex_f,age_aggregate_y15_24,edu_aggregate_bas,2017,17.782
slv,sex_f,age_aggregate_y15_24,edu_aggregate_bas,2018,15.486
slv,sex_f,age_aggregate_y15_24,edu_aggregate_bas,2019,16.357
slv,sex_f,age_aggregate_y15_24,edu_aggregate_bas,2020,16.066
slv,sex_f,age_aggregate_y15_24,edu_aggregate_bas,2021,12.004
slv,sex_f,age_aggregate_y15_24,edu_aggregate_bas,2022,10.691
slv,sex_f,age_aggregate_y15_24,edu_aggregate_bas,2023,11.151
slv,sex_f,age_aggregate_y15_24,edu_aggregate_bas,2024,12.38
slv,sex_f,age_aggregate_y15_24,edu_aggregate_int,2010,15.137
slv,sex_f,age_aggregate_y15_24,edu_aggregate_int,2011,12.637
slv,sex_f,age_aggregate_y15_24,edu_aggregate_int,2012,12.186
slv,sex_f,age_aggregate_y15_24,edu_aggregate_int,2013,14.555
slv,sex_f,age_aggregate_y15_24,edu_aggregate_int,2014,15.398
slv,sex_f,age_aggregate_y15_24,edu_aggregate_int,2015,10.48
slv,sex_f,age_aggregate_y15_24,edu_aggregate_int,2016,20.092
slv,sex_f,age_aggregate_y15_24,edu_aggregate_int,2017,18.785
slv,sex_f,age_aggregate_y15_24,edu_aggregate_int,2018,19.593
slv,sex_f,age_aggregate_y15_24,edu_aggregate_int,2019,17.174
slv,sex_f,age_aggregate_y15_24,edu_aggregate_int,2020,23.323
slv,sex_f,age_aggregate_y15_24,edu_aggregate_int,2021,24.894
slv,sex_f,age_aggregate_y15_24,edu_aggregate_int,2022,16.956
slv,sex_f,age_aggregate_y15_24,edu_aggregate_int,2023,15.518
slv,sex_f,age_aggregate_y15_24,edu_aggregate_int,2024,14.967
slv,sex_f,age_aggregate_y15_24,edu_aggregate_ltb,2010,15.187
slv,sex_f,age_aggregate_y15_24,edu_aggregate_ltb,2011,8.05
slv,sex_f,age_aggregate_y15_24,edu_aggregate_ltb,2012,12.079
slv,sex_f,age_aggregate_y15_24,edu_aggregate_ltb,2013,16.596
slv,sex_f,age_aggregate_y15_24,edu_aggregate_ltb,2014,14.097
slv,sex_f,age_aggregate_y15_24,edu_aggregate_ltb,2015,13.326
slv,sex_f,age_aggregate_y15_24,edu_aggregate_ltb,2016,18.88
slv,sex_f,age_aggregate_y15_24,edu_aggregate_ltb,2017,18.092
slv,sex_f,age_aggregate_y15_24,edu_aggregate_ltb,2018,15.695
slv,sex_f,age_aggregate_y15_24,edu_aggregate_ltb,2019,18.884
slv,sex_f,age_aggregate_y15_24,edu_aggregate_ltb,2020,14.411
slv,sex_f,age_aggregate_y15_24,edu_aggregate_ltb,2021,18.948
slv,sex_f,age_aggregate_y15_24,edu_aggregate_ltb,2022,13.901
slv,sex_f,age_aggregate_y15_24,edu_aggregate_ltb,2023,7.76
slv,sex_f,age_aggregate_y15_24,edu_aggregate_ltb,2024,8.612
slv,sex_f,age_aggregate_y15_24,edu_aggregate_total,2010,17.665
slv,sex_f,age_aggregate_y15_24,edu_aggregate_total,2011,12.41
slv,sex_f,age_aggregate_y15_24,edu_aggregate_total,2012,14.385
slv,sex_f,age_aggregate_y15_24,edu_aggregate_total,2013,15.634
slv,sex_f,age_aggregate_y15_24,edu_aggregate_total,2014,14.865
slv,sex_f,age_aggregate_y15_24,edu_aggregate_total,2015,15.596
slv,sex_f,age_aggregate_y15_24,edu_aggregate_total,2016,17.272
slv,sex_f,age_aggregate_y15_24,edu_aggregate_total,2017,19.325
slv,sex_f,age_aggregate_y15_24,edu_aggregate_total,2018,18.712
slv,sex_f,age_aggregate_y15_24,edu_aggregate_total,2019,19.067
slv,sex_f,age_aggregate_y15_24,edu_aggregate_total,2020,21.005
slv,sex_f,age_aggregate_y15_24,edu_aggregate_total,2021,17.204
slv,sex_f,age_aggregate_y15_24,edu_aggregate_total,2022,14.563
slv,sex_f,age_aggregate_y15_24,edu_aggregate_total,2023,13.013
slv,sex_f,age_aggregate_y15_24,edu_aggregate_total,2024,12.674
slv,sex_f,age_aggregate_y15_24,edu_aggregate_x,2020,28.4
slv,sex_f,age_aggregate_y15_24,edu_aggregate_x,2023,6.288
slv,sex_f,age_aggregate_y15_24,edu_aggregate_x,2024,7.212
slv,sex_f,age_aggregate_y25_54,edu_aggregate_adv,2010,7.379
slv,sex_f,age_aggregate_y25_54,edu_aggregate_adv,2011,4.84
slv,sex_f,age_aggregate_y25_54,edu_aggregate_adv,2012,7.061
slv,sex_f,age_aggregate_y25_54,edu_aggregate_adv,2013,6.867
slv,sex_f,age_aggregate_y25_54,edu_aggregate_adv,2014,7.235
slv,sex_f,age_aggregate_y25_54,edu_aggregate_adv,2015,6.865
slv,sex_f,age_aggregate_y25_54,edu_aggregate_adv,2016,9.888
slv,sex_f,age_aggregate_y25_54,edu_aggregate_adv,2017,8.85
slv,sex_f,age_aggregate_y25_54,edu_aggregate_adv,2018,7.352
slv,sex_f,age_aggregate_y25_54,edu_aggregate_adv,2019,9.91
slv,sex_f,age_aggregate_y25_54,edu_aggregate_adv,2020,10.563
slv,sex_f,age_aggregate_y25_54,edu_aggregate_adv,2021,8.43
slv,sex_f,age_aggregate_y25_54,edu_aggregate_adv,2022,5.177
slv,sex_f,age_aggregate_y25_54,edu_aggregate_adv,2023,6.762
slv,sex_f,age_aggregate_y25_54,edu_aggregate_adv,2024,5.901
slv,sex_f,age_aggregate_y25_54,edu_aggregate_bas,2010,10.023
slv,sex_f,age_aggregate_y25_54,edu_aggregate_bas,2011,6.272
slv,sex_f,age_aggregate_y25_54,edu_aggregate_bas,2012,8.687
slv,sex_f,age_aggregate_y25_54,edu_aggregate_bas,2013,8.314
slv,sex_f,age_aggregate_y25_54,edu_aggregate_bas,2014,11.649
slv,sex_f,age_aggregate_y25_54,edu_aggregate_bas,2015,12.183
slv,sex_f,age_aggregate_y25_54,edu_aggregate_bas,2016,14.534
slv,sex_f,age_aggregate_y25_54,edu_aggregate_bas,2017,11.91
slv,sex_f,age_aggregate_y25_54,edu_aggregate_bas,2018,11.115
slv,sex_f,age_aggregate_y25_54,edu_aggregate_bas,2019,11.663
slv,sex_f,age_aggregate_y25_54,edu_aggregate_bas,2020,9.485
slv,sex_f,age_aggregate_y25_54,edu_aggregate_bas,2021,7.392
slv,sex_f,age_aggregate_y25_54,edu_aggregate_bas,2022,5.697
slv,sex_f,age_aggregate_y25_54,edu_aggregate_bas,2023,7.464
slv,sex_f,age_aggregate_y25_54,edu_aggregate_bas,2024,5.996
slv,sex_f,age_aggregate_y25_54,edu_aggregate_int,2010,6.896
slv,sex_f,age_aggregate_y25_54,edu_aggregate_int,2011,8.923
slv,sex_f,age_aggregate_y25_54,edu_aggregate_int,2012,6.867
slv,sex_f,age_aggregate_y25_54,edu_aggregate_int,2013,7.745
slv,sex_f,age_aggregate_y25_54,edu_aggregate_int,2014,10.858
slv,sex_f,age_aggregate_y25_54,edu_aggregate_int,2015,12.182
slv,sex_f,age_aggregate_y25_54,edu_aggregate_int,2016,10.985
slv,sex_f,age_aggregate_y25_54,edu_aggregate_int,2017,11.198
slv,sex_f,age_aggregate_y25_54,edu_aggregate_int,2018,10.224
slv,sex_f,age_aggregate_y25_54,edu_aggregate_int,2019,12.173
slv,sex_f,age_aggregate_y25_54,edu_aggregate_int,2020,13.622
slv,sex_f,age_aggregate_y25_54,edu_aggregate_int,2021,10.282
slv,sex_f,age_aggregate_y25_54,edu_aggregate_int,2022,7.392
slv,sex_f,age_aggregate_y25_54,edu_aggregate_int,2023,6.146
slv,sex_f,age_aggregate_y25_54,edu_aggregate_int,2024,6.646
slv,sex_f,age_aggregate_y25_54,edu_aggregate_ltb,2010,14.035
slv,sex_f,age_aggregate_y25_54,edu_aggregate_ltb,2011,6.592
slv,sex_f,age_aggregate_y25_54,edu_aggregate_ltb,2012,11.861
slv,sex_f,age_aggregate_y25_54,edu_aggregate_ltb,2013,11.94
slv,sex_f,age_aggregate_y25_54,edu_aggregate_ltb,2014,14.079
slv,sex_f,age_aggregate_y25_54,edu_aggregate_ltb,2015,13.767
slv,sex_f,age_aggregate_y25_54,edu_aggregate_ltb,2016,18.004
slv,sex_f,age_aggregate_y25_54,edu_aggregate_ltb,2017,16.494
slv,sex_f,age_aggregate_y25_54,edu_aggregate_ltb,2018,12.619
slv,sex_f,age_aggregate_y25_54,edu_aggregate_ltb,2019,14.872
slv,sex_f,age_aggregate_y25_54,edu_aggregate_ltb,2020,8.592
slv,sex_f,age_aggregate_y25_54,edu_aggregate_ltb,2021,6.993
slv,sex_f,age_aggregate_y25_54,edu_aggregate_ltb,2022,4.63
slv,sex_f,age_aggregate_y25_54,edu_aggregate_ltb,2023,6.263
slv,sex_f,age_aggregate_y25_54,edu_aggregate_ltb,2024,6.309
slv,sex_f,age_aggregate_y25_54,edu_aggregate_total,2010,10.225
slv,sex_f,age_aggregate_y25_54,edu_aggregate_total,2011,6.18
slv,sex_f,age_aggregate_y25_54,edu_aggregate_total,2012,9.014
slv,sex_f,age_aggregate_y25_54,edu_aggregate_total,2013,8.933
slv,sex_f,age_aggregate_y25_54,edu_aggregate_total,2014,10.79
slv,sex_f,age_aggregate_y25_54,edu_aggregate_total,2015,10.825
slv,sex_f,age_aggregate_y25_54,edu_aggregate_total,2016,13.57
slv,sex_f,age_aggregate_y25_54,edu_aggregate_total,2017,12.125
slv,sex_f,age_aggregate_y25_54,edu_aggregate_total,2018,10.077
slv,sex_f,age_aggregate_y25_54,edu_aggregate_total,2019,11.959
slv,sex_f,age_aggregate_y25_54,edu_aggregate_total,2020,10.073
slv,sex_f,age_aggregate_y25_54,edu_aggregate_total,2021,8.109
slv,sex_f,age_aggregate_y25_54,edu_aggregate_total,2022,5.488
slv,sex_f,age_aggregate_y25_54,edu_aggregate_total,2023,6.786
slv,sex_f,age_aggregate_y25_54,edu_aggregate_total,2024,6.181
slv,sex_f,age_aggregate_y25_54,edu_aggregate_x,2021,11.027
slv,sex_f,age_aggregate_y25_54,edu_aggregate_x,2024,12.246
slv,sex_f,age_aggregate_y55_64,edu_aggregate_adv,2010,3.535
slv,sex_f,age_aggregate_y55_64,edu_aggregate_adv,2013,7.731
slv,sex_f,age_aggregate_y55_64,edu_aggregate_adv,2014,7.09
slv,sex_f,age_aggregate_y55_64,edu_aggregate_adv,2015,3.502
slv,sex_f,age_aggregate_y55_64,edu_aggregate_adv,2017,3.406
slv,sex_f,age_aggregate_y55_64,edu_aggregate_adv,2018,3.769
slv,sex_f,age_aggregate_y55_64,edu_aggregate_adv,2019,5.139
slv,sex_f,age_aggregate_y55_64,edu_aggregate_adv,2021,3.603
slv,sex_f,age_aggregate_y55_64,edu_aggregate_adv,2022,1.821
slv,sex_f,age_aggregate_y55_64,edu_aggregate_adv,2023,3.319
slv,sex_f,age_aggregate_y55_64,edu_aggregate_adv,2024,4.437
slv,sex_f,age_aggregate_y55_64,edu_aggregate_bas,2010,9.408
slv,sex_f,age_aggregate_y55_64,edu_aggregate_bas,2011,1.995
slv,sex_f,age_aggregate_y55_64,edu_aggregate_bas,2012,9.199
slv,sex_f,age_aggregate_y55_64,edu_aggregate_bas,2013,8.044
slv,sex_f,age_aggregate_y55_64,edu_aggregate_bas,2014,8.533
slv,sex_f,age_aggregate_y55_64,edu_aggregate_bas,2015,9.587
slv,sex_f,age_aggregate_y55_64,edu_aggregate_bas,2016,14.311
slv,sex_f,age_aggregate_y55_64,edu_aggregate_bas,2017,14.198
slv,sex_f,age_aggregate_y55_64,edu_aggregate_bas,2018,16.102
slv,sex_f,age_aggregate_y55_64,edu_aggregate_bas,2019,12.117
slv,sex_f,age_aggregate_y55_64,edu_aggregate_bas,2020,3.733
slv,sex_f,age_aggregate_y55_64,edu_aggregate_bas,2021,5.359
slv,sex_f,age_aggregate_y55_64,edu_aggregate_bas,2022,2.37
slv,sex_f,age_aggregate_y55_64,edu_aggregate_bas,2023,5.412
slv,sex_f,age_aggregate_y55_64,edu_aggregate_bas,2024,8.354
slv,sex_f,age_aggregate_y55_64,edu_aggregate_ltb,2010,13.887
slv,sex_f,age_aggregate_y55_64,edu_aggregate_ltb,2011,5.624
slv,sex_f,age_aggregate_y55_64,edu_aggregate_ltb,2012,9.279
slv,sex_f,age_aggregate_y55_64,edu_aggregate_ltb,2013,10.009
slv,sex_f,age_aggregate_y55_64,edu_aggregate_ltb,2014,11.04
slv,sex_f,age_aggregate_y55_64,edu_aggregate_ltb,2015,11.204
slv,sex_f,age_aggregate_y55_64,edu_aggregate_ltb,2016,20.57
slv,sex_f,age_aggregate_y55_64,edu_aggregate_ltb,2017,16.895
slv,sex_f,age_aggregate_y55_64,edu_aggregate_ltb,2018,14.266
slv,sex_f,age_aggregate_y55_64,edu_aggregate_ltb,2019,14.729
slv,sex_f,age_aggregate_y55_64,edu_aggregate_ltb,2020,11.069
slv,sex_f,age_aggregate_y55_64,edu_aggregate_ltb,2021,2.737
slv,sex_f,age_aggregate_y55_64,edu_aggregate_ltb,2022,4.338
slv,sex_f,age_aggregate_y55_64,edu_aggregate_ltb,2023,3.074
slv,sex_f,age_aggregate_y55_64,edu_aggregate_ltb,2024,3.442
slv,sex_f,age_aggregate_y55_64,edu_aggregate_total,2010,10.913
slv,sex_f,age_aggregate_y55_64,edu_aggregate_total,2011,3.889
slv,sex_f,age_aggregate_y55_64,edu_aggregate_total,2012,7.795
slv,sex_f,age_aggregate_y55_64,edu_aggregate_total,2013,8.919
slv,sex_f,age_aggregate_y55_64,edu_aggregate_total,2014,9.728
slv,sex_f,age_aggregate_y55_64,edu_aggregate_total,2015,9.476
slv,sex_f,age_aggregate_y55_64,edu_aggregate_total,2016,15.399
slv,sex_f,age_aggregate_y55_64,edu_aggregate_total,2017,13.608
slv,sex_f,age_aggregate_y55_64,edu_aggregate_total,2018,12.408
slv,sex_f,age_aggregate_y55_64,edu_aggregate_total,2019,11.262
slv,sex_f,age_aggregate_y55_64,edu_aggregate_total,2020,6.12
slv,sex_f,age_aggregate_y55_64,edu_aggregate_total,2021,3.647
slv,sex_f,age_aggregate_y55_64,edu_aggregate_total,2022,3.307
slv,sex_f,age_aggregate_y55_64,edu_aggregate_total,2023,3.809
slv,sex_f,age_aggregate_y55_64,edu_aggregate_total,2024,4.936
slv,sex_f,age_aggregate_yge65,edu_aggregate_bas,2010,16.622
slv,sex_f,age_aggregate_yge65,edu_aggregate_bas,2012,8.602
slv,sex_f,age_aggregate_yge65,edu_aggregate_bas,2013,7.626
slv,sex_f,age_aggregate_yge65,edu_aggregate_bas,2014,8.341
slv,sex_f,age_aggregate_yge65,edu_aggregate_bas,2015,17.429
slv,sex_f,age_aggregate_yge65,edu_aggregate_bas,2016,22.694
slv,sex_f,age_aggregate_yge65,edu_aggregate_bas,2017,8.156
slv,sex_f,age_aggregate_yge65,edu_aggregate_bas,2018,9.436
slv,sex_f,age_aggregate_yge65,edu_aggregate_bas,2019,12.267
slv,sex_f,age_aggregate_yge65,edu_aggregate_ltb,2010,13.405
slv,sex_f,age_aggregate_yge65,edu_aggregate_ltb,2011,3.765
slv,sex_f,age_aggregate_yge65,edu_aggregate_ltb,2012,8.595
slv,sex_f,age_aggregate_yge65,edu_aggregate_ltb,2013,11.454
slv,sex_f,age_aggregate_yge65,edu_aggregate_ltb,2014,11.426
slv,sex_f,age_aggregate_yge65,edu_aggregate_ltb,2015,10.69
slv,sex_f,age_aggregate_yge65,edu_aggregate_ltb,2016,14.447
slv,sex_f,age_aggregate_yge65,edu_aggregate_ltb,2017,14.392
slv,sex_f,age_aggregate_yge65,edu_aggregate_ltb,2018,10.242
slv,sex_f,age_aggregate_yge65,edu_aggregate_ltb,2019,16.814
slv,sex_f,age_aggregate_yge65,edu_aggregate_ltb,2021,1.952
slv,sex_f,age_aggregate_yge65,edu_aggregate_ltb,2022,2.589
slv,sex_f,age_aggregate_yge65,edu_aggregate_ltb,2023,3.312
slv,sex_f,age_aggregate_yge65,edu_aggregate_ltb,2024,0.995
slv,sex_f,age_aggregate_yge65,edu_aggregate_total,2010,13.113
slv,sex_f,age_aggregate_yge65,edu_aggregate_total,2011,3.619
slv,sex_f,age_aggregate_yge65,edu_aggregate_total,2012,8.587
slv,sex_f,age_aggregate_yge65,edu_aggregate_total,2013,10.5
slv,sex_f,age_aggregate_yge65,edu_aggregate_total,2014,10.652
slv,sex_f,age_aggregate_yge65,edu_aggregate_total,2015,12.193
slv,sex_f,age_aggregate_yge65,edu_aggregate_total,2016,14.938
slv,sex_f,age_aggregate_yge65,edu_aggregate_total,2017,12.07
slv,sex_f,age_aggregate_yge65,edu_aggregate_total,2018,9.544
slv,sex_f,age_aggregate_yge65,edu_aggregate_total,2019,15.226
slv,sex_f,age_aggregate_yge65,edu_aggregate_total,2021,3.186
slv,sex_f,age_aggregate_yge65,edu_aggregate_total,2022,2.116
slv,sex_f,age_aggregate_yge65,edu_aggregate_total,2023,2.91
slv,sex_f,age_aggregate_yge65,edu_aggregate_total,2024,0.898
slv,sex_f,age_ythadult_y15_24,edu_aggregate_adv,2010,26.046
slv,sex_f,age_ythadult_y15_24,edu_aggregate_adv,2011,19.826
slv,sex_f,age_ythadult_y15_24,edu_aggregate_adv,2012,16.985
slv,sex_f,age_ythadult_y15_24,edu_aggregate_adv,2013,19.429
slv,sex_f,age_ythadult_y15_24,edu_aggregate_adv,2014,18.904
slv,sex_f,age_ythadult_y15_24,edu_aggregate_adv,2015,20.778
slv,sex_f,age_ythadult_y15_24,edu_aggregate_adv,2016,17.663
slv,sex_f,age_ythadult_y15_24,edu_aggregate_adv,2017,22.787
slv,sex_f,age_ythadult_y15_24,edu_aggregate_adv,2018,22.735
slv,sex_f,age_ythadult_y15_24,edu_aggregate_adv,2019,24.971
slv,sex_f,age_ythadult_y15_24,edu_aggregate_adv,2020,24.421
slv,sex_f,age_ythadult_y15_24,edu_aggregate_adv,2021,15.244
slv,sex_f,age_ythadult_y15_24,edu_aggregate_adv,2022,17.065
slv,sex_f,age_ythadult_y15_24,edu_aggregate_adv,2023,15.012
slv,sex_f,age_ythadult_y15_24,edu_aggregate_adv,2024,11.41
slv,sex_f,age_ythadult_y15_24,edu_aggregate_bas,2010,13.517
slv,sex_f,age_ythadult_y15_24,edu_aggregate_bas,2011,8.639
slv,sex_f,age_ythadult_y15_24,edu_aggregate_bas,2012,14.186
slv,sex_f,age_ythadult_y15_24,edu_aggregate_bas,2013,12.707
slv,sex_f,age_ythadult_y15_24,edu_aggregate_bas,2014,11.233
slv,sex_f,age_ythadult_y15_24,edu_aggregate_bas,2015,14.468
slv,sex_f,age_ythadult_y15_24,edu_aggregate_bas,2016,14.418
slv,sex_f,age_ythadult_y15_24,edu_aggregate_bas,2017,17.782
slv,sex_f,age_ythadult_y15_24,edu_aggregate_bas,2018,15.486
slv,sex_f,age_ythadult_y15_24,edu_aggregate_bas,2019,16.357
slv,sex_f,age_ythadult_y15_24,edu_aggregate_bas,2020,16.066
slv,sex_f,age_ythadult_y15_24,edu_aggregate_bas,2021,12.004
slv,sex_f,age_ythadult_y15_24,edu_aggregate_bas,2022,10.691
slv,sex_f,age_ythadult_y15_24,edu_aggregate_bas,2023,11.151
slv,sex_f,age_ythadult_y15_24,edu_aggregate_bas,2024,12.38
slv,sex_f,age_ythadult_y15_24,edu_aggregate_int,2010,15.137
slv,sex_f,age_ythadult_y15_24,edu_aggregate_int,2011,12.637
slv,sex_f,age_ythadult_y15_24,edu_aggregate_int,2012,12.186
slv,sex_f,age_ythadult_y15_24,edu_aggregate_int,2013,14.555
slv,sex_f,age_ythadult_y15_24,edu_aggregate_int,2014,15.398
slv,sex_f,age_ythadult_y15_24,edu_aggregate_int,2015,10.48
slv,sex_f,age_ythadult_y15_24,edu_aggregate_int,2016,20.092
slv,sex_f,age_ythadult_y15_24,edu_aggregate_int,2017,18.785
slv,sex_f,age_ythadult_y15_24,edu_aggregate_int,2018,19.593
slv,sex_f,age_ythadult_y15_24,edu_aggregate_int,2019,17.174
slv,sex_f,age_ythadult_y15_24,edu_aggregate_int,2020,23.323
slv,sex_f,age_ythadult_y15_24,edu_aggregate_int,2021,24.894
slv,sex_f,age_ythadult_y15_24,edu_aggregate_int,2022,16.956
slv,sex_f,age_ythadult_y15_24,edu_aggregate_int,2023,15.518
slv,sex_f,age_ythadult_y15_24,edu_aggregate_int,2024,14.967
slv,sex_f,age_ythadult_y15_24,edu_aggregate_ltb,2010,15.187
slv,sex_f,age_ythadult_y15_24,edu_aggregate_ltb,2011,8.05
slv,sex_f,age_ythadult_y15_24,edu_aggregate_ltb,2012,12.079
slv,sex_f,age_ythadult_y15_24,edu_aggregate_ltb,2013,16.596
slv,sex_f,age_ythadult_y15_24,edu_aggregate_ltb,2014,14.097
slv,sex_f,age_ythadult_y15_24,edu_aggregate_ltb,2015,13.326
slv,sex_f,age_ythadult_y15_24,edu_aggregate_ltb,2016,18.88
slv,sex_f,age_ythadult_y15_24,edu_aggregate_ltb,2017,18.092
slv,sex_f,age_ythadult_y15_24,edu_aggregate_ltb,2018,15.695
slv,sex_f,age_ythadult_y15_24,edu_aggregate_ltb,2019,18.884
slv,sex_f,age_ythadult_y15_24,edu_aggregate_ltb,2020,14.411
slv,sex_f,age_ythadult_y15_24,edu_aggregate_ltb,2021,18.948
slv,sex_f,age_ythadult_y15_24,edu_aggregate_ltb,2022,13.901
slv,sex_f,age_ythadult_y15_24,edu_aggregate_ltb,2023,7.76
slv,sex_f,age_ythadult_y15_24,edu_aggregate_ltb,2024,8.612
slv,sex_f,age_ythadult_y15_24,edu_aggregate_total,2010,17.665
slv,sex_f,age_ythadult_y15_24,edu_aggregate_total,2011,12.41
slv,sex_f,age_ythadult_y15_24,edu_aggregate_total,2012,14.385
slv,sex_f,age_ythadult_y15_24,edu_aggregate_total,2013,15.634
slv,sex_f,age_ythadult_y15_24,edu_aggregate_total,2014,14.865
slv,sex_f,age_ythadult_y15_24,edu_aggregate_total,2015,15.596
slv,sex_f,age_ythadult_y15_24,edu_aggregate_total,2016,17.272
slv,sex_f,age_ythadult_y15_24,edu_aggregate_total,2017,19.325
slv,sex_f,age_ythadult_y15_24,edu_aggregate_total,2018,18.712
slv,sex_f,age_ythadult_y15_24,edu_aggregate_total,2019,19.067
slv,sex_f,age_ythadult_y15_24,edu_aggregate_total,2020,21.005
slv,sex_f,age_ythadult_y15_24,edu_aggregate_total,2021,17.204
slv,sex_f,age_ythadult_y15_24,edu_aggregate_total,2022,14.563
slv,sex_f,age_ythadult_y15_24,edu_aggregate_total,2023,13.013
slv,sex_f,age_ythadult_y15_24,edu_aggregate_total,2024,12.674
slv,sex_f,age_ythadult_y15_24,edu_aggregate_x,2020,28.4
slv,sex_f,age_ythadult_y15_24,edu_aggregate_x,2023,6.288
slv,sex_f,age_ythadult_y15_24,edu_aggregate_x,2024,7.212
slv,sex_f,age_ythadult_y15_64,edu_aggregate_adv,2010,10.727
slv,sex_f,age_ythadult_y15_64,edu_aggregate_adv,2011,7.376
slv,sex_f,age_ythadult_y15_64,edu_aggregate_adv,2012,8.594
slv,sex_f,age_ythadult_y15_64,edu_aggregate_adv,2013,9.273
slv,sex_f,age_ythadult_y15_64,edu_aggregate_adv,2014,9.275
slv,sex_f,age_ythadult_y15_64,edu_aggregate_adv,2015,9.098
slv,sex_f,age_ythadult_y15_64,edu_aggregate_adv,2016,10.651
slv,sex_f,age_ythadult_y15_64,edu_aggregate_adv,2017,10.605
slv,sex_f,age_ythadult_y15_64,edu_aggregate_adv,2018,9.408
slv,sex_f,age_ythadult_y15_64,edu_aggregate_adv,2019,11.699
slv,sex_f,age_ythadult_y15_64,edu_aggregate_adv,2020,12.007
slv,sex_f,age_ythadult_y15_64,edu_aggregate_adv,2021,8.993
slv,sex_f,age_ythadult_y15_64,edu_aggregate_adv,2022,6.466
slv,sex_f,age_ythadult_y15_64,edu_aggregate_adv,2023,7.357
slv,sex_f,age_ythadult_y15_64,edu_aggregate_adv,2024,6.313
slv,sex_f,age_ythadult_y15_64,edu_aggregate_bas,2010,10.783
slv,sex_f,age_ythadult_y15_64,edu_aggregate_bas,2011,6.579
slv,sex_f,age_ythadult_y15_64,edu_aggregate_bas,2012,10.001
slv,sex_f,age_ythadult_y15_64,edu_aggregate_bas,2013,9.252
slv,sex_f,age_ythadult_y15_64,edu_aggregate_bas,2014,11.28
slv,sex_f,age_ythadult_y15_64,edu_aggregate_bas,2015,12.512
slv,sex_f,age_ythadult_y15_64,edu_aggregate_bas,2016,14.487
slv,sex_f,age_ythadult_y15_64,edu_aggregate_bas,2017,13.448
slv,sex_f,age_ythadult_y15_64,edu_aggregate_bas,2018,12.612
slv,sex_f,age_ythadult_y15_64,edu_aggregate_bas,2019,12.696
slv,sex_f,age_ythadult_y15_64,edu_aggregate_bas,2020,9.962
slv,sex_f,age_ythadult_y15_64,edu_aggregate_bas,2021,8.053
slv,sex_f,age_ythadult_y15_64,edu_aggregate_bas,2022,6.199
slv,sex_f,age_ythadult_y15_64,edu_aggregate_bas,2023,7.904
slv,sex_f,age_ythadult_y15_64,edu_aggregate_bas,2024,7.239
slv,sex_f,age_ythadult_y15_64,edu_aggregate_int,2010,9.423
slv,sex_f,age_ythadult_y15_64,edu_aggregate_int,2011,9.884
slv,sex_f,age_ythadult_y15_64,edu_aggregate_int,2014,12.531
slv,sex_f,age_ythadult_y15_64,edu_aggregate_int,2015,11.73
slv,sex_f,age_ythadult_y15_64,edu_aggregate_int,2016,14.238
slv,sex_f,age_ythadult_y15_64,edu_aggregate_int,2017,14.013
slv,sex_f,age_ythadult_y15_64,edu_aggregate_int,2019,13.757
slv,sex_f,age_ythadult_y15_64,edu_aggregate_int,2021,15.06
slv,sex_f,age_ythadult_y15_64,edu_aggregate_int,2023,8.896
slv,sex_f,age_ythadult_y15_64,edu_aggregate_int,2024,8.914
slv,sex_f,age_ythadult_y15_64,edu_aggregate_ltb,2010,14.124
slv,sex_f,age_ythadult_y15_64,edu_aggregate_ltb,2011,6.558
slv,sex_f,age_ythadult_y15_64,edu_aggregate_ltb,2012,11.423
slv,sex_f,age_ythadult_y15_64,edu_aggregate_ltb,2013,11.894
slv,sex_f,age_ythadult_y15_64,edu_aggregate_ltb,2014,13.504
slv,sex_f,age_ythadult_y15_64,edu_aggregate_ltb,2015,13.223
slv,sex_f,age_ythadult_y15_64,edu_aggregate_ltb,2016,18.567
slv,sex_f,age_ythadult_y15_64,edu_aggregate_ltb,2017,16.662
slv,sex_f,age_ythadult_y15_64,edu_aggregate_ltb,2018,13.137
slv,sex_f,age_ythadult_y15_64,edu_aggregate_ltb,2019,15.052
slv,sex_f,age_ythadult_y15_64,edu_aggregate_ltb,2020,9.352
slv,sex_f,age_ythadult_y15_64,edu_aggregate_ltb,2021,6.667
slv,sex_f,age_ythadult_y15_64,edu_aggregate_ltb,2022,5.061
slv,sex_f,age_ythadult_y15_64,edu_aggregate_ltb,2023,5.573
slv,sex_f,age_ythadult_y15_64,edu_aggregate_ltb,2024,5.631
slv,sex_f,age_ythadult_y15_64,edu_aggregate_total,2010,11.679
slv,sex_f,age_ythadult_y15_64,edu_aggregate_total,2011,7.114
slv,sex_f,age_ythadult_y15_64,edu_aggregate_total,2012,9.888
slv,sex_f,age_ythadult_y15_64,edu_aggregate_total,2013,10.133
slv,sex_f,age_ythadult_y15_64,edu_aggregate_total,2014,11.414
slv,sex_f,age_ythadult_y15_64,edu_aggregate_total,2015,11.522
slv,sex_f,age_ythadult_y15_64,edu_aggregate_total,2016,14.417
slv,sex_f,age_ythadult_y15_64,edu_aggregate_total,2017,13.582
slv,sex_f,age_ythadult_y15_64,edu_aggregate_total,2018,11.868
slv,sex_f,age_ythadult_y15_64,edu_aggregate_total,2019,13.115
slv,sex_f,age_ythadult_y15_64,edu_aggregate_total,2020,11.576
slv,sex_f,age_ythadult_y15_64,edu_aggregate_total,2021,9.145
slv,sex_f,age_ythadult_y15_64,edu_aggregate_total,2022,6.682
slv,sex_f,age_ythadult_y15_64,edu_aggregate_total,2023,7.368
slv,sex_f,age_ythadult_y15_64,edu_aggregate_total,2024,6.929
slv,sex_f,age_ythadult_yge15,edu_aggregate_adv,2010,10.679
slv,sex_f,age_ythadult_yge15,edu_aggregate_adv,2011,7.331
slv,sex_f,age_ythadult_yge15,edu_aggregate_adv,2012,8.594
slv,sex_f,age_ythadult_yge15,edu_aggregate_adv,2013,9.248
slv,sex_f,age_ythadult_yge15,edu_aggregate_adv,2014,9.228
slv,sex_f,age_ythadult_yge15,edu_aggregate_adv,2015,9.148
slv,sex_f,age_ythadult_yge15,edu_aggregate_adv,2016,10.547
slv,sex_f,age_ythadult_yge15,edu_aggregate_adv,2017,10.49
slv,sex_f,age_ythadult_yge15,edu_aggregate_adv,2018,9.348
slv,sex_f,age_ythadult_yge15,edu_aggregate_adv,2019,11.623
slv,sex_f,age_ythadult_yge15,edu_aggregate_adv,2020,11.861
slv,sex_f,age_ythadult_yge15,edu_aggregate_adv,2021,8.971
slv,sex_f,age_ythadult_yge15,edu_aggregate_adv,2022,6.384
slv,sex_f,age_ythadult_yge15,edu_aggregate_adv,2023,7.202
slv,sex_f,age_ythadult_yge15,edu_aggregate_adv,2024,6.201
slv,sex_f,age_ythadult_yge15,edu_aggregate_bas,2010,10.934
slv,sex_f,age_ythadult_yge15,edu_aggregate_bas,2011,6.52
slv,sex_f,age_ythadult_yge15,edu_aggregate_bas,2012,9.957
slv,sex_f,age_ythadult_yge15,edu_aggregate_bas,2013,9.209
slv,sex_f,age_ythadult_yge15,edu_aggregate_bas,2014,11.202
slv,sex_f,age_ythadult_yge15,edu_aggregate_bas,2015,12.679
slv,sex_f,age_ythadult_yge15,edu_aggregate_bas,2016,14.731
slv,sex_f,age_ythadult_yge15,edu_aggregate_bas,2017,13.225
slv,sex_f,age_ythadult_yge15,edu_aggregate_bas,2018,12.486
slv,sex_f,age_ythadult_yge15,edu_aggregate_bas,2019,12.682
slv,sex_f,age_ythadult_yge15,edu_aggregate_bas,2020,9.466
slv,sex_f,age_ythadult_yge15,edu_aggregate_bas,2021,7.856
slv,sex_f,age_ythadult_yge15,edu_aggregate_bas,2022,5.979
slv,sex_f,age_ythadult_yge15,edu_aggregate_bas,2023,7.676
slv,sex_f,age_ythadult_yge15,edu_aggregate_bas,2024,6.967
slv,sex_f,age_ythadult_yge15,edu_aggregate_int,2010,9.305
slv,sex_f,age_ythadult_yge15,edu_aggregate_int,2011,9.865
slv,sex_f,age_ythadult_yge15,edu_aggregate_int,2012,8.705
slv,sex_f,age_ythadult_yge15,edu_aggregate_int,2013,9.939
slv,sex_f,age_ythadult_yge15,edu_aggregate_int,2014,12.625
slv,sex_f,age_ythadult_yge15,edu_aggregate_int,2015,11.704
slv,sex_f,age_ythadult_yge15,edu_aggregate_int,2016,14.219
slv,sex_f,age_ythadult_yge15,edu_aggregate_int,2017,14.028
slv,sex_f,age_ythadult_yge15,edu_aggregate_int,2018,13.505
slv,sex_f,age_ythadult_yge15,edu_aggregate_int,2019,13.755
slv,sex_f,age_ythadult_yge15,edu_aggregate_int,2020,17.004
slv,sex_f,age_ythadult_yge15,edu_aggregate_int,2021,15.024
slv,sex_f,age_ythadult_yge15,edu_aggregate_int,2022,10.344
slv,sex_f,age_ythadult_yge15,edu_aggregate_int,2023,8.846
slv,sex_f,age_ythadult_yge15,edu_aggregate_int,2024,8.93
slv,sex_f,age_ythadult_yge15,edu_aggregate_ltb,2010,14.046
slv,sex_f,age_ythadult_yge15,edu_aggregate_ltb,2011,6.266
slv,sex_f,age_ythadult_yge15,edu_aggregate_ltb,2012,11.11
slv,sex_f,age_ythadult_yge15,edu_aggregate_ltb,2013,11.848
slv,sex_f,age_ythadult_yge15,edu_aggregate_ltb,2014,13.265
slv,sex_f,age_ythadult_yge15,edu_aggregate_ltb,2015,12.906
slv,sex_f,age_ythadult_yge15,edu_aggregate_ltb,2016,18.038
slv,sex_f,age_ythadult_yge15,edu_aggregate_ltb,2017,16.386
slv,sex_f,age_ythadult_yge15,edu_aggregate_ltb,2018,12.777
slv,sex_f,age_ythadult_yge15,edu_aggregate_ltb,2019,15.303
slv,sex_f,age_ythadult_yge15,edu_aggregate_ltb,2020,8.032
slv,sex_f,age_ythadult_yge15,edu_aggregate_ltb,2021,6.021
slv,sex_f,age_ythadult_yge15,edu_aggregate_ltb,2022,4.738
slv,sex_f,age_ythadult_yge15,edu_aggregate_ltb,2023,5.239
slv,sex_f,age_ythadult_yge15,edu_aggregate_ltb,2024,4.79
slv,sex_f,age_ythadult_yge15,edu_aggregate_total,2010,11.748
slv,sex_f,age_ythadult_yge15,edu_aggregate_total,2011,6.961
slv,sex_f,age_ythadult_yge15,edu_aggregate_total,2012,9.827
slv,sex_f,age_ythadult_yge15,edu_aggregate_total,2013,10.149
slv,sex_f,age_ythadult_yge15,edu_aggregate_total,2014,11.377
slv,sex_f,age_ythadult_yge15,edu_aggregate_total,2015,11.555
slv,sex_f,age_ythadult_yge15,edu_aggregate_total,2016,14.444
slv,sex_f,age_ythadult_yge15,edu_aggregate_total,2017,13.503
slv,sex_f,age_ythadult_yge15,edu_aggregate_total,2018,11.75
slv,sex_f,age_ythadult_yge15,edu_aggregate_total,2019,13.223
slv,sex_f,age_ythadult_yge15,edu_aggregate_total,2020,10.93
slv,sex_f,age_ythadult_yge15,edu_aggregate_total,2021,8.821
slv,sex_f,age_ythadult_yge15,edu_aggregate_total,2022,6.458
slv,sex_f,age_ythadult_yge15,edu_aggregate_total,2023,7.108
slv,sex_f,age_ythadult_yge15,edu_aggregate_total,2024,6.578
slv,sex_f,age_ythadult_yge15,edu_aggregate_x,2020,13.135
slv,sex_f,age_ythadult_yge15,edu_aggregate_x,2021,8.816
slv,sex_f,age_ythadult_yge15,edu_aggregate_x,2022,5.529
slv,sex_f,age_ythadult_yge15,edu_aggregate_x,2023,8.466
slv,sex_f,age_ythadult_yge15,edu_aggregate_x,2024,9.863
slv,sex_f,age_ythadult_yge25,edu_aggregate_adv,2010,7.122
slv,sex_f,age_ythadult_yge25,edu_aggregate_adv,2011,4.532
slv,sex_f,age_ythadult_yge25,edu_aggregate_adv,2012,6.687
slv,sex_f,age_ythadult_yge25,edu_aggregate_adv,2013,6.919
slv,sex_f,age_ythadult_yge25,edu_aggregate_adv,2014,7.203
slv,sex_f,age_ythadult_yge25,edu_aggregate_adv,2015,6.686
slv,sex_f,age_ythadult_yge25,edu_aggregate_adv,2016,9.348
slv,sex_f,age_ythadult_yge25,edu_aggregate_adv,2017,8.359
slv,sex_f,age_ythadult_yge25,edu_aggregate_adv,2018,7.038
slv,sex_f,age_ythadult_yge25,edu_aggregate_adv,2019,9.358
slv,sex_f,age_ythadult_yge25,edu_aggregate_adv,2020,9.65
slv,sex_f,age_ythadult_yge25,edu_aggregate_adv,2021,8.01
slv,sex_f,age_ythadult_yge25,edu_aggregate_adv,2022,4.818
slv,sex_f,age_ythadult_yge25,edu_aggregate_adv,2023,6.27
slv,sex_f,age_ythadult_yge25,edu_aggregate_adv,2024,5.621
slv,sex_f,age_ythadult_yge25,edu_aggregate_bas,2010,10.178
slv,sex_f,age_ythadult_yge25,edu_aggregate_bas,2011,5.857
slv,sex_f,age_ythadult_yge25,edu_aggregate_bas,2012,8.732
slv,sex_f,age_ythadult_yge25,edu_aggregate_bas,2013,8.262
slv,sex_f,age_ythadult_yge25,edu_aggregate_bas,2014,11.193
slv,sex_f,age_ythadult_yge25,edu_aggregate_bas,2015,12.201
slv,sex_f,age_ythadult_yge25,edu_aggregate_bas,2016,14.816
slv,sex_f,age_ythadult_yge25,edu_aggregate_bas,2017,11.962
slv,sex_f,age_ythadult_yge25,edu_aggregate_bas,2018,11.703
slv,sex_f,age_ythadult_yge25,edu_aggregate_bas,2019,11.751
slv,sex_f,age_ythadult_yge25,edu_aggregate_bas,2020,7.993
slv,sex_f,age_ythadult_yge25,edu_aggregate_bas,2021,6.91
slv,sex_f,age_ythadult_yge25,edu_aggregate_bas,2022,5.033
slv,sex_f,age_ythadult_yge25,edu_aggregate_bas,2023,6.95
slv,sex_f,age_ythadult_yge25,edu_aggregate_bas,2024,6.045
slv,sex_f,age_ythadult_yge25,edu_aggregate_int,2010,6.713
slv,sex_f,age_ythadult_yge25,edu_aggregate_int,2011,8.638
slv,sex_f,age_ythadult_yge25,edu_aggregate_int,2012,6.8
slv,sex_f,age_ythadult_yge25,edu_aggregate_int,2013,7.539
slv,sex_f,age_ythadult_yge25,edu_aggregate_int,2014,11.02
slv,sex_f,age_ythadult_yge25,edu_aggregate_int,2015,12.296
slv,sex_f,age_ythadult_yge25,edu_aggregate_int,2016,10.645
slv,sex_f,age_ythadult_yge25,edu_aggregate_int,2017,11.028
slv,sex_f,age_ythadult_yge25,edu_aggregate_int,2018,9.917
slv,sex_f,age_ythadult_yge25,edu_aggregate_int,2019,11.875
slv,sex_f,age_ythadult_yge25,edu_aggregate_int,2020,13.044
slv,sex_f,age_ythadult_yge25,edu_aggregate_int,2021,10.016
slv,sex_f,age_ythadult_yge25,edu_aggregate_int,2022,7.333
slv,sex_f,age_ythadult_yge25,edu_aggregate_int,2023,6.039
slv,sex_f,age_ythadult_yge25,edu_aggregate_int,2024,6.53
slv,sex_f,age_ythadult_yge25,edu_aggregate_ltb,2010,13.936
slv,sex_f,age_ythadult_yge25,edu_aggregate_ltb,2011,6.113
slv,sex_f,age_ythadult_yge25,edu_aggregate_ltb,2012,11.032
slv,sex_f,age_ythadult_yge25,edu_aggregate_ltb,2013,11.533
slv,sex_f,age_ythadult_yge25,edu_aggregate_ltb,2014,13.207
slv,sex_f,age_ythadult_yge25,edu_aggregate_ltb,2015,12.879
slv,sex_f,age_ythadult_yge25,edu_aggregate_ltb,2016,17.989
slv,sex_f,age_ythadult_yge25,edu_aggregate_ltb,2017,16.306
slv,sex_f,age_ythadult_yge25,edu_aggregate_ltb,2018,12.628
slv,sex_f,age_ythadult_yge25,edu_aggregate_ltb,2019,15.137
slv,sex_f,age_ythadult_yge25,edu_aggregate_ltb,2020,7.743
slv,sex_f,age_ythadult_yge25,edu_aggregate_ltb,2021,5.404
slv,sex_f,age_ythadult_yge25,edu_aggregate_ltb,2022,4.29
slv,sex_f,age_ythadult_yge25,edu_aggregate_ltb,2023,5.139
slv,sex_f,age_ythadult_yge25,edu_aggregate_ltb,2024,4.673
slv,sex_f,age_ythadult_yge25,edu_aggregate_total,2010,10.469
slv,sex_f,age_ythadult_yge25,edu_aggregate_total,2011,5.806
slv,sex_f,age_ythadult_yge25,edu_aggregate_total,2012,8.858
slv,sex_f,age_ythadult_yge25,edu_aggregate_total,2013,9.014
slv,sex_f,age_ythadult_yge25,edu_aggregate_total,2014,10.66
slv,sex_f,age_ythadult_yge25,edu_aggregate_total,2015,10.753
slv,sex_f,age_ythadult_yge25,edu_aggregate_total,2016,13.866
slv,sex_f,age_ythadult_yge25,edu_aggregate_total,2017,12.301
slv,sex_f,age_ythadult_yge25,edu_aggregate_total,2018,10.336
slv,sex_f,age_ythadult_yge25,edu_aggregate_total,2019,12.069
slv,sex_f,age_ythadult_yge25,edu_aggregate_total,2020,8.92
slv,sex_f,age_ythadult_yge25,edu_aggregate_total,2021,7.231
slv,sex_f,age_ythadult_yge25,edu_aggregate_total,2022,5.022
slv,sex_f,age_ythadult_yge25,edu_aggregate_total,2023,6.139
slv,sex_f,age_ythadult_yge25,edu_aggregate_total,2024,5.658
slv,sex_f,age_ythadult_yge25,edu_aggregate_x,2021,11.027
slv,sex_f,age_ythadult_yge25,edu_aggregate_x,2024,12.246
slv,sex_m,age_aggregate_total,edu_aggregate_adv,2010,9.612
slv,sex_m,age_aggregate_total,edu_aggregate_adv,2011,8.661
slv,sex_m,age_aggregate_total,edu_aggregate_adv,2012,9.397
slv,sex_m,age_aggregate_total,edu_aggregate_adv,2013,7.539
slv,sex_m,age_aggregate_total,edu_aggregate_adv,2014,9.177
slv,sex_m,age_aggregate_total,edu_aggregate_adv,2015,8.632
slv,sex_m,age_aggregate_total,edu_aggregate_adv,2016,9.329
slv,sex_m,age_aggregate_total,edu_aggregate_adv,2017,9.761
slv,sex_m,age_aggregate_total,edu_aggregate_adv,2018,7.599
slv,sex_m,age_aggregate_total,edu_aggregate_adv,2019,8.253
slv,sex_m,age_aggregate_total,edu_aggregate_adv,2020,7.939
slv,sex_m,age_aggregate_total,edu_aggregate_adv,2021,6.99
slv,sex_m,age_aggregate_total,edu_aggregate_adv,2022,4.999
slv,sex_m,age_aggregate_total,edu_aggregate_adv,2023,4.883
slv,sex_m,age_aggregate_total,edu_aggregate_adv,2024,5.512
slv,sex_m,age_aggregate_total,edu_aggregate_bas,2010,12.549
slv,sex_m,age_aggregate_total,edu_aggregate_bas,2011,7.994
slv,sex_m,age_aggregate_total,edu_aggregate_bas,2012,8.787
slv,sex_m,age_aggregate_total,edu_aggregate_bas,2013,9.094
slv,sex_m,age_aggregate_total,edu_aggregate_bas,2014,11.285
slv,sex_m,age_aggregate_total,edu_aggregate_bas,2015,11.437
slv,sex_m,age_aggregate_total,edu_aggregate_bas,2016,12.206
slv,sex_m,age_aggregate_total,edu_aggregate_bas,2017,11.601
slv,sex_m,age_aggregate_total,edu_aggregate_bas,2018,11.457
slv,sex_m,age_aggregate_total,edu_aggregate_bas,2019,9.824
slv,sex_m,age_aggregate_total,edu_aggregate_bas,2020,8.615
slv,sex_m,age_aggregate_total,edu_aggregate_bas,2021,7.541
slv,sex_m,age_aggregate_total,edu_aggregate_bas,2022,5.321
slv,sex_m,age_aggregate_total,edu_aggregate_bas,2023,4.705
slv,sex_m,age_aggregate_total,edu_aggregate_bas,2024,5.413
slv,sex_m,age_aggregate_total,edu_aggregate_int,2010,11.107
slv,sex_m,age_aggregate_total,edu_aggregate_int,2011,10.288
slv,sex_m,age_aggregate_total,edu_aggregate_int,2012,10.589
slv,sex_m,age_aggregate_total,edu_aggregate_int,2013,10.396
slv,sex_m,age_aggregate_total,edu_aggregate_int,2014,10.566
slv,sex_m,age_aggregate_total,edu_aggregate_int,2015,9.516
slv,sex_m,age_aggregate_total,edu_aggregate_int,2016,12.463
slv,sex_m,age_aggregate_total,edu_aggregate_int,2017,14.061
slv,sex_m,age_aggregate_total,edu_aggregate_int,2018,11.725
slv,sex_m,age_aggregate_total,edu_aggregate_int,2019,11.062
slv,sex_m,age_aggregate_total,edu_aggregate_int,2020,12.716
slv,sex_m,age_aggregate_total,edu_aggregate_int,2021,8.861
slv,sex_m,age_aggregate_total,edu_aggregate_int,2022,5.242
slv,sex_m,age_aggregate_total,edu_aggregate_int,2023,7.581
slv,sex_m,age_aggregate_total,edu_aggregate_int,2024,4.729
slv,sex_m,age_aggregate_total,edu_aggregate_ltb,2010,13.178
slv,sex_m,age_aggregate_total,edu_aggregate_ltb,2011,7.523
slv,sex_m,age_aggregate_total,edu_aggregate_ltb,2012,8.366
slv,sex_m,age_aggregate_total,edu_aggregate_ltb,2013,8.961
slv,sex_m,age_aggregate_total,edu_aggregate_ltb,2014,12.46
slv,sex_m,age_aggregate_total,edu_aggregate_ltb,2015,13.169
slv,sex_m,age_aggregate_total,edu_aggregate_ltb,2016,14.626
slv,sex_m,age_aggregate_total,edu_aggregate_ltb,2017,13.445
slv,sex_m,age_aggregate_total,edu_aggregate_ltb,2018,11.275
slv,sex_m,age_aggregate_total,edu_aggregate_ltb,2019,11.472
slv,sex_m,age_aggregate_total,edu_aggregate_ltb,2020,6.511
slv,sex_m,age_aggregate_total,edu_aggregate_ltb,2021,6.911
slv,sex_m,age_aggregate_total,edu_aggregate_ltb,2022,4.843
slv,sex_m,age_aggregate_total,edu_aggregate_ltb,2023,4.876
slv,sex_m,age_aggregate_total,edu_aggregate_ltb,2024,5.613
slv,sex_m,age_aggregate_total,edu_aggregate_total,2010,12.018
slv,sex_m,age_aggregate_total,edu_aggregate_total,2011,8.158
slv,sex_m,age_aggregate_total,edu_aggregate_total,2012,8.945
slv,sex_m,age_aggregate_total,edu_aggregate_total,2013,8.803
slv,sex_m,age_aggregate_total,edu_aggregate_total,2014,11.039
slv,sex_m,age_aggregate_total,edu_aggregate_total,2015,11.043
slv,sex_m,age_aggregate_total,edu_aggregate_total,2016,12.307
slv,sex_m,age_aggregate_total,edu_aggregate_total,2017,12.059
slv,sex_m,age_aggregate_total,edu_aggregate_total,2018,10.506
slv,sex_m,age_aggregate_total,edu_aggregate_total,2019,10.048
slv,sex_m,age_aggregate_total,edu_aggregate_total,2020,8.506
slv,sex_m,age_aggregate_total,edu_aggregate_total,2021,7.411
slv,sex_m,age_aggregate_total,edu_aggregate_total,2022,5.099
slv,sex_m,age_aggregate_total,edu_aggregate_total,2023,5.311
slv,sex_m,age_aggregate_total,edu_aggregate_total,2024,5.38
slv,sex_m,age_aggregate_total,edu_aggregate_x,2020,14.109
slv,sex_m,age_aggregate_total,edu_aggregate_x,2021,7.151
slv,sex_m,age_aggregate_total,edu_aggregate_x,2023,14.593
slv,sex_m,age_aggregate_total,edu_aggregate_x,2024,5.985
slv,sex_m,age_aggregate_y15_24,edu_aggregate_adv,2010,19.097
slv,sex_m,age_aggregate_y15_24,edu_aggregate_adv,2011,16.487
slv,sex_m,age_aggregate_y15_24,edu_aggregate_adv,2012,19.563
slv,sex_m,age_aggregate_y15_24,edu_aggregate_adv,2013,19.679
slv,sex_m,age_aggregate_y15_24,edu_aggregate_adv,2014,20.39
slv,sex_m,age_aggregate_y15_24,edu_aggregate_adv,2015,16.01
slv,sex_m,age_aggregate_y15_24,edu_aggregate_adv,2016,22.286
slv,sex_m,age_aggregate_y15_24,edu_aggregate_adv,2017,18.727
slv,sex_m,age_aggregate_y15_24,edu_aggregate_adv,2018,13.321
slv,sex_m,age_aggregate_y15_24,edu_aggregate_adv,2019,17.653
slv,sex_m,age_aggregate_y15_24,edu_aggregate_adv,2020,15.276
slv,sex_m,age_aggregate_y15_24,edu_aggregate_adv,2021,12.632
slv,sex_m,age_aggregate_y15_24,edu_aggregate_adv,2022,7.274
slv,sex_m,age_aggregate_y15_24,edu_aggregate_adv,2023,9.457
slv,sex_m,age_aggregate_y15_24,edu_aggregate_adv,2024,10.302
slv,sex_m,age_aggregate_y15_24,edu_aggregate_bas,2010,15.233
slv,sex_m,age_aggregate_y15_24,edu_aggregate_bas,2011,9.106
slv,sex_m,age_aggregate_y15_24,edu_aggregate_bas,2012,10.98
slv,sex_m,age_aggregate_y15_24,edu_aggregate_bas,2013,11.258
slv,sex_m,age_aggregate_y15_24,edu_aggregate_bas,2014,15.385
slv,sex_m,age_aggregate_y15_24,edu_aggregate_bas,2015,15.648
slv,sex_m,age_aggregate_y15_24,edu_aggregate_bas,2016,17.781
slv,sex_m,age_aggregate_y15_24,edu_aggregate_bas,2017,17.08
slv,sex_m,age_aggregate_y15_24,edu_aggregate_bas,2018,15.878
slv,sex_m,age_aggregate_y15_24,edu_aggregate_bas,2019,11.72
slv,sex_m,age_aggregate_y15_24,edu_aggregate_bas,2020,13.944
slv,sex_m,age_aggregate_y15_24,edu_aggregate_bas,2021,10.103
slv,sex_m,age_aggregate_y15_24,edu_aggregate_bas,2022,9.182
slv,sex_m,age_aggregate_y15_24,edu_aggregate_bas,2023,5.664
slv,sex_m,age_aggregate_y15_24,edu_aggregate_bas,2024,8.022
slv,sex_m,age_aggregate_y15_24,edu_aggregate_int,2010,14.977
slv,sex_m,age_aggregate_y15_24,edu_aggregate_int,2011,14.572
slv,sex_m,age_aggregate_y15_24,edu_aggregate_int,2012,14.403
slv,sex_m,age_aggregate_y15_24,edu_aggregate_int,2013,13.276
slv,sex_m,age_aggregate_y15_24,edu_aggregate_int,2014,16.072
slv,sex_m,age_aggregate_y15_24,edu_aggregate_int,2015,12.595
slv,sex_m,age_aggregate_y15_24,edu_aggregate_int,2016,17.161
slv,sex_m,age_aggregate_y15_24,edu_aggregate_int,2017,19.512
slv,sex_m,age_aggregate_y15_24,edu_aggregate_int,2018,17.062
slv,sex_m,age_aggregate_y15_24,edu_aggregate_int,2019,14.727
slv,sex_m,age_aggregate_y15_24,edu_aggregate_int,2020,16.323
slv,sex_m,age_aggregate_y15_24,edu_aggregate_int,2021,13.521
slv,sex_m,age_aggregate_y15_24,edu_aggregate_int,2022,8.36
slv,sex_m,age_aggregate_y15_24,edu_aggregate_int,2023,12.076
slv,sex_m,age_aggregate_y15_24,edu_aggregate_int,2024,8.67
slv,sex_m,age_aggregate_y15_24,edu_aggregate_ltb,2010,18.073
slv,sex_m,age_aggregate_y15_24,edu_aggregate_ltb,2011,10.255
slv,sex_m,age_aggregate_y15_24,edu_aggregate_ltb,2012,10.371
slv,sex_m,age_aggregate_y15_24,edu_aggregate_ltb,2013,12.024
slv,sex_m,age_aggregate_y15_24,edu_aggregate_ltb,2014,16.405
slv,sex_m,age_aggregate_y15_24,edu_aggregate_ltb,2015,17.88
slv,sex_m,age_aggregate_y15_24,edu_aggregate_ltb,2016,20.951
slv,sex_m,age_aggregate_y15_24,edu_aggregate_ltb,2017,17.493
slv,sex_m,age_aggregate_y15_24,edu_aggregate_ltb,2018,17.566
slv,sex_m,age_aggregate_y15_24,edu_aggregate_ltb,2019,13.946
slv,sex_m,age_aggregate_y15_24,edu_aggregate_ltb,2020,11.822
slv,sex_m,age_aggregate_y15_24,edu_aggregate_ltb,2021,11.942
slv,sex_m,age_aggregate_y15_24,edu_aggregate_ltb,2022,7.383
slv,sex_m,age_aggregate_y15_24,edu_aggregate_ltb,2023,6.817
slv,sex_m,age_aggregate_y15_24,edu_aggregate_ltb,2024,10.686
slv,sex_m,age_aggregate_y15_24,edu_aggregate_total,2010,16.56
slv,sex_m,age_aggregate_y15_24,edu_aggregate_total,2011,11.503
slv,sex_m,age_aggregate_y15_24,edu_aggregate_total,2012,13.071
slv,sex_m,age_aggregate_y15_24,edu_aggregate_total,2013,13.298
slv,sex_m,age_aggregate_y15_24,edu_aggregate_total,2014,16.832
slv,sex_m,age_aggregate_y15_24,edu_aggregate_total,2015,15.606
slv,sex_m,age_aggregate_y15_24,edu_aggregate_total,2016,18.94
slv,sex_m,age_aggregate_y15_24,edu_aggregate_total,2017,18.019
slv,sex_m,age_aggregate_y15_24,edu_aggregate_total,2018,15.954
slv,sex_m,age_aggregate_y15_24,edu_aggregate_total,2019,13.831
slv,sex_m,age_aggregate_y15_24,edu_aggregate_total,2020,14.527
slv,sex_m,age_aggregate_y15_24,edu_aggregate_total,2021,11.663
slv,sex_m,age_aggregate_y15_24,edu_aggregate_total,2022,8.313
slv,sex_m,age_aggregate_y15_24,edu_aggregate_total,2023,8.227
slv,sex_m,age_aggregate_y15_24,edu_aggregate_total,2024,8.887
slv,sex_m,age_aggregate_y15_24,edu_aggregate_x,2021,13.862
slv,sex_m,age_aggregate_y25_54,edu_aggregate_adv,2010,7.748
slv,sex_m,age_aggregate_y25_54,edu_aggregate_adv,2011,6.494
slv,sex_m,age_aggregate_y25_54,edu_aggregate_adv,2012,6.76
slv,sex_m,age_aggregate_y25_54,edu_aggregate_adv,2013,4.721
slv,sex_m,age_aggregate_y25_54,edu_aggregate_adv,2014,6.466
slv,sex_m,age_aggregate_y25_54,edu_aggregate_adv,2015,6.547
slv,sex_m,age_aggregate_y25_54,edu_aggregate_adv,2016,6.699
slv,sex_m,age_aggregate_y25_54,edu_aggregate_adv,2017,8.127
slv,sex_m,age_aggregate_y25_54,edu_aggregate_adv,2018,6.464
slv,sex_m,age_aggregate_y25_54,edu_aggregate_adv,2019,6.403
slv,sex_m,age_aggregate_y25_54,edu_aggregate_adv,2020,6.88
slv,sex_m,age_aggregate_y25_54,edu_aggregate_adv,2021,6.279
slv,sex_m,age_aggregate_y25_54,edu_aggregate_adv,2022,5.035
slv,sex_m,age_aggregate_y25_54,edu_aggregate_adv,2023,4.288
slv,sex_m,age_aggregate_y25_54,edu_aggregate_adv,2024,4.9
slv,sex_m,age_aggregate_y25_54,edu_aggregate_bas,2010,11.034
slv,sex_m,age_aggregate_y25_54,edu_aggregate_bas,2011,7.643
slv,sex_m,age_aggregate_y25_54,edu_aggregate_bas,2012,7.487
slv,sex_m,age_aggregate_y25_54,edu_aggregate_bas,2013,7.343
slv,sex_m,age_aggregate_y25_54,edu_aggregate_bas,2014,9.479
slv,sex_m,age_aggregate_y25_54,edu_aggregate_bas,2015,9.074
slv,sex_m,age_aggregate_y25_54,edu_aggregate_bas,2016,9.419
slv,sex_m,age_aggregate_y25_54,edu_aggregate_bas,2017,9.644
slv,sex_m,age_aggregate_y25_54,edu_aggregate_bas,2018,9.832
slv,sex_m,age_aggregate_y25_54,edu_aggregate_bas,2019,8.501
slv,sex_m,age_aggregate_y25_54,edu_aggregate_bas,2020,7.203
slv,sex_m,age_aggregate_y25_54,edu_aggregate_bas,2021,6.587
slv,sex_m,age_aggregate_y25_54,edu_aggregate_bas,2022,4.058
slv,sex_m,age_aggregate_y25_54,edu_aggregate_bas,2023,4.149
slv,sex_m,age_aggregate_y25_54,edu_aggregate_bas,2024,5.039
slv,sex_m,age_aggregate_y25_54,edu_aggregate_int,2010,9.012
slv,sex_m,age_aggregate_y25_54,edu_aggregate_int,2011,7.415
slv,sex_m,age_aggregate_y25_54,edu_aggregate_int,2012,8.106
slv,sex_m,age_aggregate_y25_54,edu_aggregate_int,2013,8.794
slv,sex_m,age_aggregate_y25_54,edu_aggregate_int,2014,7.844
slv,sex_m,age_aggregate_y25_54,edu_aggregate_int,2015,8.041
slv,sex_m,age_aggregate_y25_54,edu_aggregate_int,2016,9.489
slv,sex_m,age_aggregate_y25_54,edu_aggregate_int,2017,10.432
slv,sex_m,age_aggregate_y25_54,edu_aggregate_int,2018,8.598
slv,sex_m,age_aggregate_y25_54,edu_aggregate_int,2019,9.303
slv,sex_m,age_aggregate_y25_54,edu_aggregate_int,2020,10.864
slv,sex_m,age_aggregate_y25_54,edu_aggregate_int,2021,6.354
slv,sex_m,age_aggregate_y25_54,edu_aggregate_int,2022,3.969
slv,sex_m,age_aggregate_y25_54,edu_aggregate_int,2023,5.894
slv,sex_m,age_aggregate_y25_54,edu_aggregate_int,2024,3.39
slv,sex_m,age_aggregate_y25_54,edu_aggregate_ltb,2010,12.515
slv,sex_m,age_aggregate_y25_54,edu_aggregate_ltb,2011,7.931
slv,sex_m,age_aggregate_y25_54,edu_aggregate_ltb,2012,8.674
slv,sex_m,age_aggregate_y25_54,edu_aggregate_ltb,2013,9.312
slv,sex_m,age_aggregate_y25_54,edu_aggregate_ltb,2014,12.198
slv,sex_m,age_aggregate_y25_54,edu_aggregate_ltb,2015,12.829
slv,sex_m,age_aggregate_y25_54,edu_aggregate_ltb,2016,14.494
slv,sex_m,age_aggregate_y25_54,edu_aggregate_ltb,2017,12.97
slv,sex_m,age_aggregate_y25_54,edu_aggregate_ltb,2018,11.758
slv,sex_m,age_aggregate_y25_54,edu_aggregate_ltb,2019,11.313
slv,sex_m,age_aggregate_y25_54,edu_aggregate_ltb,2020,7.455
slv,sex_m,age_aggregate_y25_54,edu_aggregate_ltb,2021,7.51
slv,sex_m,age_aggregate_y25_54,edu_aggregate_ltb,2022,5.683
slv,sex_m,age_aggregate_y25_54,edu_aggregate_ltb,2023,5.448
slv,sex_m,age_aggregate_y25_54,edu_aggregate_ltb,2024,6.485
slv,sex_m,age_aggregate_y25_54,edu_aggregate_total,2010,10.546
slv,sex_m,age_aggregate_y25_54,edu_aggregate_total,2011,7.411
slv,sex_m,age_aggregate_y25_54,edu_aggregate_total,2012,7.692
slv,sex_m,age_aggregate_y25_54,edu_aggregate_total,2013,7.314
slv,sex_m,age_aggregate_y25_54,edu_aggregate_total,2014,9.221
slv,sex_m,age_aggregate_y25_54,edu_aggregate_total,2015,9.306
slv,sex_m,age_aggregate_y25_54,edu_aggregate_total,2016,10.139
slv,sex_m,age_aggregate_y25_54,edu_aggregate_total,2017,10.273
slv,sex_m,age_aggregate_y25_54,edu_aggregate_total,2018,9.187
slv,sex_m,age_aggregate_y25_54,edu_aggregate_total,2019,8.695
slv,sex_m,age_aggregate_y25_54,edu_aggregate_total,2020,7.741
slv,sex_m,age_aggregate_y25_54,edu_aggregate_total,2021,6.668
slv,sex_m,age_aggregate_y25_54,edu_aggregate_total,2022,4.714
slv,sex_m,age_aggregate_y25_54,edu_aggregate_total,2023,4.835
slv,sex_m,age_aggregate_y25_54,edu_aggregate_total,2024,5.011
slv,sex_m,age_aggregate_y25_54,edu_aggregate_x,2020,16.755
slv,sex_m,age_aggregate_y25_54,edu_aggregate_x,2023,12.676
slv,sex_m,age_aggregate_y25_54,edu_aggregate_x,2024,6.96
slv,sex_m,age_aggregate_y55_64,edu_aggregate_adv,2010,2.891
slv,sex_m,age_aggregate_y55_64,edu_aggregate_adv,2011,5.662
slv,sex_m,age_aggregate_y55_64,edu_aggregate_adv,2012,6.882
slv,sex_m,age_aggregate_y55_64,edu_aggregate_adv,2013,7.217
slv,sex_m,age_aggregate_y55_64,edu_aggregate_adv,2014,2.823
slv,sex_m,age_aggregate_y55_64,edu_aggregate_adv,2015,8.408
slv,sex_m,age_aggregate_y55_64,edu_aggregate_adv,2016,5.899
slv,sex_m,age_aggregate_y55_64,edu_aggregate_adv,2017,5.629
slv,sex_m,age_aggregate_y55_64,edu_aggregate_adv,2018,8.834
slv,sex_m,age_aggregate_y55_64,edu_aggregate_adv,2019,8.126
slv,sex_m,age_aggregate_y55_64,edu_aggregate_adv,2020,3.495
slv,sex_m,age_aggregate_y55_64,edu_aggregate_adv,2021,2.922
slv,sex_m,age_aggregate_y55_64,edu_aggregate_adv,2022,1.942
slv,sex_m,age_aggregate_y55_64,edu_aggregate_adv,2023,3.227
slv,sex_m,age_aggregate_y55_64,edu_aggregate_adv,2024,5.959
slv,sex_m,age_aggregate_y55_64,edu_aggregate_bas,2010,10.738
slv,sex_m,age_aggregate_y55_64,edu_aggregate_bas,2011,7.425
slv,sex_m,age_aggregate_y55_64,edu_aggregate_bas,2012,10.026
slv,sex_m,age_aggregate_y55_64,edu_aggregate_bas,2013,12.15
slv,sex_m,age_aggregate_y55_64,edu_aggregate_bas,2014,10.206
slv,sex_m,age_aggregate_y55_64,edu_aggregate_bas,2015,12.026
slv,sex_m,age_aggregate_y55_64,edu_aggregate_bas,2016,11.593
slv,sex_m,age_aggregate_y55_64,edu_aggregate_bas,2017,8.856
slv,sex_m,age_aggregate_y55_64,edu_aggregate_bas,2018,7.817
slv,sex_m,age_aggregate_y55_64,edu_aggregate_bas,2019,10.596
slv,sex_m,age_aggregate_y55_64,edu_aggregate_bas,2020,5.35
slv,sex_m,age_aggregate_y55_64,edu_aggregate_bas,2021,6.702
slv,sex_m,age_aggregate_y55_64,edu_aggregate_bas,2022,5.016
slv,sex_m,age_aggregate_y55_64,edu_aggregate_bas,2023,6.083
slv,sex_m,age_aggregate_y55_64,edu_aggregate_bas,2024,3.108
slv,sex_m,age_aggregate_y55_64,edu_aggregate_int,2014,7.244
slv,sex_m,age_aggregate_y55_64,edu_aggregate_int,2016,12.116
slv,sex_m,age_aggregate_y55_64,edu_aggregate_int,2021,14.207
slv,sex_m,age_aggregate_y55_64,edu_aggregate_int,2023,9.312
slv,sex_m,age_aggregate_y55_64,edu_aggregate_ltb,2010,13.625
slv,sex_m,age_aggregate_y55_64,edu_aggregate_ltb,2011,5.631
slv,sex_m,age_aggregate_y55_64,edu_aggregate_ltb,2012,6.52
slv,sex_m,age_aggregate_y55_64,edu_aggregate_ltb,2013,7.021
slv,sex_m,age_aggregate_y55_64,edu_aggregate_ltb,2014,12.643
slv,sex_m,age_aggregate_y55_64,edu_aggregate_ltb,2015,11.787
slv,sex_m,age_aggregate_y55_64,edu_aggregate_ltb,2016,11.54
slv,sex_m,age_aggregate_y55_64,edu_aggregate_ltb,2017,13.005
slv,sex_m,age_aggregate_y55_64,edu_aggregate_ltb,2018,9.864
slv,sex_m,age_aggregate_y55_64,edu_aggregate_ltb,2019,10.532
slv,sex_m,age_aggregate_y55_64,edu_aggregate_ltb,2020,5.154
slv,sex_m,age_aggregate_y55_64,edu_aggregate_ltb,2021,5.249
slv,sex_m,age_aggregate_y55_64,edu_aggregate_ltb,2022,3.392
slv,sex_m,age_aggregate_y55_64,edu_aggregate_ltb,2023,4.848
slv,sex_m,age_aggregate_y55_64,edu_aggregate_ltb,2024,4.881
slv,sex_m,age_aggregate_y55_64,edu_aggregate_total,2010,10.787
slv,sex_m,age_aggregate_y55_64,edu_aggregate_total,2011,6.409
slv,sex_m,age_aggregate_y55_64,edu_aggregate_total,2012,7.67
slv,sex_m,age_aggregate_y55_64,edu_aggregate_total,2013,8.567
slv,sex_m,age_aggregate_y55_64,edu_aggregate_total,2014,10.002
slv,sex_m,age_aggregate_y55_64,edu_aggregate_total,2015,10.847
slv,sex_m,age_aggregate_y55_64,edu_aggregate_total,2016,10.371
slv,sex_m,age_aggregate_y55_64,edu_aggregate_total,2017,10.039
slv,sex_m,age_aggregate_y55_64,edu_aggregate_total,2018,8.848
slv,sex_m,age_aggregate_y55_64,edu_aggregate_total,2019,9.787
slv,sex_m,age_aggregate_y55_64,edu_aggregate_total,2020,5.137
slv,sex_m,age_aggregate_y55_64,edu_aggregate_total,2021,5.574
slv,sex_m,age_aggregate_y55_64,edu_aggregate_total,2022,3.625
slv,sex_m,age_aggregate_y55_64,edu_aggregate_total,2023,5.215
slv,sex_m,age_aggregate_y55_64,edu_aggregate_total,2024,4.506
slv,sex_m,age_aggregate_yge65,edu_aggregate_adv,2012,14.052
slv,sex_m,age_aggregate_yge65,edu_aggregate_adv,2014,11.31
slv,sex_m,age_aggregate_yge65,edu_aggregate_adv,2015,7.842
slv,sex_m,age_aggregate_yge65,edu_aggregate_adv,2016,8.991
slv,sex_m,age_aggregate_yge65,edu_aggregate_adv,2017,14.417
slv,sex_m,age_aggregate_yge65,edu_aggregate_adv,2018,4.254
slv,sex_m,age_aggregate_yge65,edu_aggregate_adv,2019,7.617
slv,sex_m,age_aggregate_yge65,edu_aggregate_bas,2010,18.93
slv,sex_m,age_aggregate_yge65,edu_aggregate_bas,2011,3.654
slv,sex_m,age_aggregate_yge65,edu_aggregate_bas,2012,7.532
slv,sex_m,age_aggregate_yge65,edu_aggregate_bas,2013,10.544
slv,sex_m,age_aggregate_yge65,edu_aggregate_bas,2014,8.918
slv,sex_m,age_aggregate_yge65,edu_aggregate_bas,2015,14.314
slv,sex_m,age_aggregate_yge65,edu_aggregate_bas,2016,15.144
slv,sex_m,age_aggregate_yge65,edu_aggregate_bas,2017,10.244
slv,sex_m,age_aggregate_yge65,edu_aggregate_bas,2018,13.273
slv,sex_m,age_aggregate_yge65,edu_aggregate_bas,2019,13.024
slv,sex_m,age_aggregate_yge65,edu_aggregate_bas,2020,2.756
slv,sex_m,age_aggregate_yge65,edu_aggregate_bas,2021,6.62
slv,sex_m,age_aggregate_yge65,edu_aggregate_bas,2022,2.413
slv,sex_m,age_aggregate_yge65,edu_aggregate_bas,2023,4.228
slv,sex_m,age_aggregate_yge65,edu_aggregate_bas,2024,4.18
slv,sex_m,age_aggregate_yge65,edu_aggregate_ltb,2010,10.155
slv,sex_m,age_aggregate_yge65,edu_aggregate_ltb,2011,4.876
slv,sex_m,age_aggregate_yge65,edu_aggregate_ltb,2012,7.396
slv,sex_m,age_aggregate_yge65,edu_aggregate_ltb,2013,6.813
slv,sex_m,age_aggregate_yge65,edu_aggregate_ltb,2014,10.055
slv,sex_m,age_aggregate_yge65,edu_aggregate_ltb,2015,12.393
slv,sex_m,age_aggregate_yge65,edu_aggregate_ltb,2016,13.661
slv,sex_m,age_aggregate_yge65,edu_aggregate_ltb,2017,12.926
slv,sex_m,age_aggregate_yge65,edu_aggregate_ltb,2018,6.814
slv,sex_m,age_aggregate_yge65,edu_aggregate_ltb,2019,11.659
slv,sex_m,age_aggregate_yge65,edu_aggregate_ltb,2020,2.113
slv,sex_m,age_aggregate_yge65,edu_aggregate_ltb,2021,3.673
slv,sex_m,age_aggregate_yge65,edu_aggregate_ltb,2022,2.17
slv,sex_m,age_aggregate_yge65,edu_aggregate_ltb,2023,2.021
slv,sex_m,age_aggregate_yge65,edu_aggregate_ltb,2024,1.703
slv,sex_m,age_aggregate_yge65,edu_aggregate_total,2010,11.332
slv,sex_m,age_aggregate_yge65,edu_aggregate_total,2011,5.089
slv,sex_m,age_aggregate_yge65,edu_aggregate_total,2012,7.784
slv,sex_m,age_aggregate_yge65,edu_aggregate_total,2013,6.984
slv,sex_m,age_aggregate_yge65,edu_aggregate_total,2014,9.831
slv,sex_m,age_aggregate_yge65,edu_aggregate_total,2015,12.082
slv,sex_m,age_aggregate_yge65,edu_aggregate_total,2016,13.708
slv,sex_m,age_aggregate_yge65,edu_aggregate_total,2017,12.676
slv,sex_m,age_aggregate_yge65,edu_aggregate_total,2018,8.623
slv,sex_m,age_aggregate_yge65,edu_aggregate_total,2019,11.666
slv,sex_m,age_aggregate_yge65,edu_aggregate_total,2020,2.257
slv,sex_m,age_aggregate_yge65,edu_aggregate_total,2021,4.391
slv,sex_m,age_aggregate_yge65,edu_aggregate_total,2022,2.004
slv,sex_m,age_aggregate_yge65,edu_aggregate_total,2023,2.865
slv,sex_m,age_aggregate_yge65,edu_aggregate_total,2024,2.184
slv,sex_m,age_ythadult_y15_24,edu_aggregate_adv,2010,19.097
slv,sex_m,age_ythadult_y15_24,edu_aggregate_adv,2011,16.487
slv,sex_m,age_ythadult_y15_24,edu_aggregate_adv,2012,19.563
slv,sex_m,age_ythadult_y15_24,edu_aggregate_adv,2013,19.679
slv,sex_m,age_ythadult_y15_24,edu_aggregate_adv,2014,20.39
slv,sex_m,age_ythadult_y15_24,edu_aggregate_adv,2015,16.01
slv,sex_m,age_ythadult_y15_24,edu_aggregate_adv,2016,22.286
slv,sex_m,age_ythadult_y15_24,edu_aggregate_adv,2017,18.727
slv,sex_m,age_ythadult_y15_24,edu_aggregate_adv,2018,13.321
slv,sex_m,age_ythadult_y15_24,edu_aggregate_adv,2019,17.653
slv,sex_m,age_ythadult_y15_24,edu_aggregate_adv,2020,15.276
slv,sex_m,age_ythadult_y15_24,edu_aggregate_adv,2021,12.632
slv,sex_m,age_ythadult_y15_24,edu_aggregate_adv,2022,7.274
slv,sex_m,age_ythadult_y15_24,edu_aggregate_adv,2023,9.457
slv,sex_m,age_ythadult_y15_24,edu_aggregate_adv,2024,10.302
slv,sex_m,age_ythadult_y15_24,edu_aggregate_bas,2010,15.233
slv,sex_m,age_ythadult_y15_24,edu_aggregate_bas,2011,9.106
slv,sex_m,age_ythadult_y15_24,edu_aggregate_bas,2012,10.98
slv,sex_m,age_ythadult_y15_24,edu_aggregate_bas,2013,11.258
slv,sex_m,age_ythadult_y15_24,edu_aggregate_bas,2014,15.385
slv,sex_m,age_ythadult_y15_24,edu_aggregate_bas,2015,15.648
slv,sex_m,age_ythadult_y15_24,edu_aggregate_bas,2016,17.781
slv,sex_m,age_ythadult_y15_24,edu_aggregate_bas,2017,17.08
slv,sex_m,age_ythadult_y15_24,edu_aggregate_bas,2018,15.878
slv,sex_m,age_ythadult_y15_24,edu_aggregate_bas,2019,11.72
slv,sex_m,age_ythadult_y15_24,edu_aggregate_bas,2020,13.944
slv,sex_m,age_ythadult_y15_24,edu_aggregate_bas,2021,10.103
slv,sex_m,age_ythadult_y15_24,edu_aggregate_bas,2022,9.182
slv,sex_m,age_ythadult_y15_24,edu_aggregate_bas,2023,5.664
slv,sex_m,age_ythadult_y15_24,edu_aggregate_bas,2024,8.022
slv,sex_m,age_ythadult_y15_24,edu_aggregate_int,2010,14.977
slv,sex_m,age_ythadult_y15_24,edu_aggregate_int,2011,14.572
slv,sex_m,age_ythadult_y15_24,edu_aggregate_int,2012,14.403
slv,sex_m,age_ythadult_y15_24,edu_aggregate_int,2013,13.276
slv,sex_m,age_ythadult_y15_24,edu_aggregate_int,2014,16.072
slv,sex_m,age_ythadult_y15_24,edu_aggregate_int,2015,12.595
slv,sex_m,age_ythadult_y15_24,edu_aggregate_int,2016,17.161
slv,sex_m,age_ythadult_y15_24,edu_aggregate_int,2017,19.512
slv,sex_m,age_ythadult_y15_24,edu_aggregate_int,2018,17.062
slv,sex_m,age_ythadult_y15_24,edu_aggregate_int,2019,14.727
slv,sex_m,age_ythadult_y15_24,edu_aggregate_int,2020,16.323
slv,sex_m,age_ythadult_y15_24,edu_aggregate_int,2021,13.521
slv,sex_m,age_ythadult_y15_24,edu_aggregate_int,2022,8.36
slv,sex_m,age_ythadult_y15_24,edu_aggregate_int,2023,12.076
slv,sex_m,age_ythadult_y15_24,edu_aggregate_int,2024,8.67
slv,sex_m,age_ythadult_y15_24,edu_aggregate_ltb,2010,18.073
slv,sex_m,age_ythadult_y15_24,edu_aggregate_ltb,2011,10.255
slv,sex_m,age_ythadult_y15_24,edu_aggregate_ltb,2012,10.371
slv,sex_m,age_ythadult_y15_24,edu_aggregate_ltb,2013,12.024
slv,sex_m,age_ythadult_y15_24,edu_aggregate_ltb,2014,16.405
slv,sex_m,age_ythadult_y15_24,edu_aggregate_ltb,2015,17.88
slv,sex_m,age_ythadult_y15_24,edu_aggregate_ltb,2016,20.951
slv,sex_m,age_ythadult_y15_24,edu_aggregate_ltb,2017,17.493
slv,sex_m,age_ythadult_y15_24,edu_aggregate_ltb,2018,17.566
slv,sex_m,age_ythadult_y15_24,edu_aggregate_ltb,2019,13.946
slv,sex_m,age_ythadult_y15_24,edu_aggregate_ltb,2020,11.822
slv,sex_m,age_ythadult_y15_24,edu_aggregate_ltb,2021,11.942
slv,sex_m,age_ythadult_y15_24,edu_aggregate_ltb,2022,7.383
slv,sex_m,age_ythadult_y15_24,edu_aggregate_ltb,2023,6.817
slv,sex_m,age_ythadult_y15_24,edu_aggregate_ltb,2024,10.686
slv,sex_m,age_ythadult_y15_24,edu_aggregate_total,2010,16.56
slv,sex_m,age_ythadult_y15_24,edu_aggregate_total,2011,11.503
slv,sex_m,age_ythadult_y15_24,edu_aggregate_total,2012,13.071
slv,sex_m,age_ythadult_y15_24,edu_aggregate_total,2013,13.298
slv,sex_m,age_ythadult_y15_24,edu_aggregate_total,2014,16.832
slv,sex_m,age_ythadult_y15_24,edu_aggregate_total,2015,15.606
slv,sex_m,age_ythadult_y15_24,edu_aggregate_total,2016,18.94
slv,sex_m,age_ythadult_y15_24,edu_aggregate_total,2017,18.019
slv,sex_m,age_ythadult_y15_24,edu_aggregate_total,2018,15.954
slv,sex_m,age_ythadult_y15_24,edu_aggregate_total,2019,13.831
slv,sex_m,age_ythadult_y15_24,edu_aggregate_total,2020,14.527
slv,sex_m,age_ythadult_y15_24,edu_aggregate_total,2021,11.663
slv,sex_m,age_ythadult_y15_24,edu_aggregate_total,2022,8.313
slv,sex_m,age_ythadult_y15_24,edu_aggregate_total,2023,8.227
slv,sex_m,age_ythadult_y15_24,edu_aggregate_total,2024,8.887
slv,sex_m,age_ythadult_y15_24,edu_aggregate_x,2021,13.862
slv,sex_m,age_ythadult_y15_64,edu_aggregate_adv,2010,9.662
slv,sex_m,age_ythadult_y15_64,edu_aggregate_adv,2011,8.611
slv,sex_m,age_ythadult_y15_64,edu_aggregate_adv,2012,9.312
slv,sex_m,age_ythadult_y15_64,edu_aggregate_adv,2013,7.689
slv,sex_m,age_ythadult_y15_64,edu_aggregate_adv,2014,9.131
slv,sex_m,age_ythadult_y15_64,edu_aggregate_adv,2015,8.664
slv,sex_m,age_ythadult_y15_64,edu_aggregate_adv,2016,9.34
slv,sex_m,age_ythadult_y15_64,edu_aggregate_adv,2017,9.652
slv,sex_m,age_ythadult_y15_64,edu_aggregate_adv,2018,7.716
slv,sex_m,age_ythadult_y15_64,edu_aggregate_adv,2019,8.275
slv,sex_m,age_ythadult_y15_64,edu_aggregate_adv,2020,8.074
slv,sex_m,age_ythadult_y15_64,edu_aggregate_adv,2021,7.046
slv,sex_m,age_ythadult_y15_64,edu_aggregate_adv,2022,5.122
slv,sex_m,age_ythadult_y15_64,edu_aggregate_adv,2023,4.896
slv,sex_m,age_ythadult_y15_64,edu_aggregate_adv,2024,5.705
slv,sex_m,age_ythadult_y15_64,edu_aggregate_bas,2010,12.348
slv,sex_m,age_ythadult_y15_64,edu_aggregate_bas,2011,8.115
slv,sex_m,age_ythadult_y15_64,edu_aggregate_bas,2012,8.825
slv,sex_m,age_ythadult_y15_64,edu_aggregate_bas,2013,9.042
slv,sex_m,age_ythadult_y15_64,edu_aggregate_bas,2014,11.364
slv,sex_m,age_ythadult_y15_64,edu_aggregate_bas,2015,11.331
slv,sex_m,age_ythadult_y15_64,edu_aggregate_bas,2016,12.084
slv,sex_m,age_ythadult_y15_64,edu_aggregate_bas,2017,11.658
slv,sex_m,age_ythadult_y15_64,edu_aggregate_bas,2018,11.348
slv,sex_m,age_ythadult_y15_64,edu_aggregate_bas,2019,9.666
slv,sex_m,age_ythadult_y15_64,edu_aggregate_bas,2020,8.921
slv,sex_m,age_ythadult_y15_64,edu_aggregate_bas,2021,7.585
slv,sex_m,age_ythadult_y15_64,edu_aggregate_bas,2022,5.468
slv,sex_m,age_ythadult_y15_64,edu_aggregate_bas,2023,4.732
slv,sex_m,age_ythadult_y15_64,edu_aggregate_bas,2024,5.494
slv,sex_m,age_ythadult_y15_64,edu_aggregate_int,2010,11.175
slv,sex_m,age_ythadult_y15_64,edu_aggregate_int,2011,10.349
slv,sex_m,age_ythadult_y15_64,edu_aggregate_int,2014,10.667
slv,sex_m,age_ythadult_y15_64,edu_aggregate_int,2015,9.478
slv,sex_m,age_ythadult_y15_64,edu_aggregate_int,2016,12.332
slv,sex_m,age_ythadult_y15_64,edu_aggregate_int,2017,13.966
slv,sex_m,age_ythadult_y15_64,edu_aggregate_int,2019,10.962
slv,sex_m,age_ythadult_y15_64,edu_aggregate_int,2021,8.955
slv,sex_m,age_ythadult_y15_64,edu_aggregate_int,2023,7.68
slv,sex_m,age_ythadult_y15_64,edu_aggregate_int,2024,4.763
slv,sex_m,age_ythadult_y15_64,edu_aggregate_ltb,2010,13.65
slv,sex_m,age_ythadult_y15_64,edu_aggregate_ltb,2011,7.953
slv,sex_m,age_ythadult_y15_64,edu_aggregate_ltb,2012,8.549
slv,sex_m,age_ythadult_y15_64,edu_aggregate_ltb,2013,9.34
slv,sex_m,age_ythadult_y15_64,edu_aggregate_ltb,2014,12.891
slv,sex_m,age_ythadult_y15_64,edu_aggregate_ltb,2015,13.316
slv,sex_m,age_ythadult_y15_64,edu_aggregate_ltb,2016,14.802
slv,sex_m,age_ythadult_y15_64,edu_aggregate_ltb,2017,13.534
slv,sex_m,age_ythadult_y15_64,edu_aggregate_ltb,2018,12.064
slv,sex_m,age_ythadult_y15_64,edu_aggregate_ltb,2019,11.437
slv,sex_m,age_ythadult_y15_64,edu_aggregate_ltb,2020,7.419
slv,sex_m,age_ythadult_y15_64,edu_aggregate_ltb,2021,7.519
slv,sex_m,age_ythadult_y15_64,edu_aggregate_ltb,2022,5.331
slv,sex_m,age_ythadult_y15_64,edu_aggregate_ltb,2023,5.454
slv,sex_m,age_ythadult_y15_64,edu_aggregate_ltb,2024,6.485
slv,sex_m,age_ythadult_y15_64,edu_aggregate_total,2010,12.063
slv,sex_m,age_ythadult_y15_64,edu_aggregate_total,2011,8.362
slv,sex_m,age_ythadult_y15_64,edu_aggregate_total,2012,9.029
slv,sex_m,age_ythadult_y15_64,edu_aggregate_total,2013,8.93
slv,sex_m,age_ythadult_y15_64,edu_aggregate_total,2014,11.122
slv,sex_m,age_ythadult_y15_64,edu_aggregate_total,2015,10.964
slv,sex_m,age_ythadult_y15_64,edu_aggregate_total,2016,12.206
slv,sex_m,age_ythadult_y15_64,edu_aggregate_total,2017,12.017
slv,sex_m,age_ythadult_y15_64,edu_aggregate_total,2018,10.648
slv,sex_m,age_ythadult_y15_64,edu_aggregate_total,2019,9.929
slv,sex_m,age_ythadult_y15_64,edu_aggregate_total,2020,8.967
slv,sex_m,age_ythadult_y15_64,edu_aggregate_total,2021,7.619
slv,sex_m,age_ythadult_y15_64,edu_aggregate_total,2022,5.311
slv,sex_m,age_ythadult_y15_64,edu_aggregate_total,2023,5.501
slv,sex_m,age_ythadult_y15_64,edu_aggregate_total,2024,5.642
slv,sex_m,age_ythadult_yge15,edu_aggregate_adv,2010,9.612
slv,sex_m,age_ythadult_yge15,edu_aggregate_adv,2011,8.661
slv,sex_m,age_ythadult_yge15,edu_aggregate_adv,2012,9.397
slv,sex_m,age_ythadult_yge15,edu_aggregate_adv,2013,7.539
slv,sex_m,age_ythadult_yge15,edu_aggregate_adv,2014,9.177
slv,sex_m,age_ythadult_yge15,edu_aggregate_adv,2015,8.632
slv,sex_m,age_ythadult_yge15,edu_aggregate_adv,2016,9.329
slv,sex_m,age_ythadult_yge15,edu_aggregate_adv,2017,9.761
slv,sex_m,age_ythadult_yge15,edu_aggregate_adv,2018,7.599
slv,sex_m,age_ythadult_yge15,edu_aggregate_adv,2019,8.253
slv,sex_m,age_ythadult_yge15,edu_aggregate_adv,2020,7.939
slv,sex_m,age_ythadult_yge15,edu_aggregate_adv,2021,6.99
slv,sex_m,age_ythadult_yge15,edu_aggregate_adv,2022,4.999
slv,sex_m,age_ythadult_yge15,edu_aggregate_adv,2023,4.883
slv,sex_m,age_ythadult_yge15,edu_aggregate_adv,2024,5.512
slv,sex_m,age_ythadult_yge15,edu_aggregate_bas,2010,12.549
slv,sex_m,age_ythadult_yge15,edu_aggregate_bas,2011,7.994
slv,sex_m,age_ythadult_yge15,edu_aggregate_bas,2012,8.787
slv,sex_m,age_ythadult_yge15,edu_aggregate_bas,2013,9.094
slv,sex_m,age_ythadult_yge15,edu_aggregate_bas,2014,11.285
slv,sex_m,age_ythadult_yge15,edu_aggregate_bas,2015,11.437
slv,sex_m,age_ythadult_yge15,edu_aggregate_bas,2016,12.206
slv,sex_m,age_ythadult_yge15,edu_aggregate_bas,2017,11.601
slv,sex_m,age_ythadult_yge15,edu_aggregate_bas,2018,11.457
slv,sex_m,age_ythadult_yge15,edu_aggregate_bas,2019,9.824
slv,sex_m,age_ythadult_yge15,edu_aggregate_bas,2020,8.615
slv,sex_m,age_ythadult_yge15,edu_aggregate_bas,2021,7.541
slv,sex_m,age_ythadult_yge15,edu_aggregate_bas,2022,5.321
slv,sex_m,age_ythadult_yge15,edu_aggregate_bas,2023,4.705
slv,sex_m,age_ythadult_yge15,edu_aggregate_bas,2024,5.413
slv,sex_m,age_ythadult_yge15,edu_aggregate_int,2010,11.107
slv,sex_m,age_ythadult_yge15,edu_aggregate_int,2011,10.288
slv,sex_m,age_ythadult_yge15,edu_aggregate_int,2012,10.589
slv,sex_m,age_ythadult_yge15,edu_aggregate_int,2013,10.396
slv,sex_m,age_ythadult_yge15,edu_aggregate_int,2014,10.566
slv,sex_m,age_ythadult_yge15,edu_aggregate_int,2015,9.516
slv,sex_m,age_ythadult_yge15,edu_aggregate_int,2016,12.463
slv,sex_m,age_ythadult_yge15,edu_aggregate_int,2017,14.061
slv,sex_m,age_ythadult_yge15,edu_aggregate_int,2018,11.725
slv,sex_m,age_ythadult_yge15,edu_aggregate_int,2019,11.062
slv,sex_m,age_ythadult_yge15,edu_aggregate_int,2020,12.716
slv,sex_m,age_ythadult_yge15,edu_aggregate_int,2021,8.861
slv,sex_m,age_ythadult_yge15,edu_aggregate_int,2022,5.242
slv,sex_m,age_ythadult_yge15,edu_aggregate_int,2023,7.581
slv,sex_m,age_ythadult_yge15,edu_aggregate_int,2024,4.729
slv,sex_m,age_ythadult_yge15,edu_aggregate_ltb,2010,13.178
slv,sex_m,age_ythadult_yge15,edu_aggregate_ltb,2011,7.523
slv,sex_m,age_ythadult_yge15,edu_aggregate_ltb,2012,8.366
slv,sex_m,age_ythadult_yge15,edu_aggregate_ltb,2013,8.961
slv,sex_m,age_ythadult_yge15,edu_aggregate_ltb,2014,12.46
slv,sex_m,age_ythadult_yge15,edu_aggregate_ltb,2015,13.169
slv,sex_m,age_ythadult_yge15,edu_aggregate_ltb,2016,14.626
slv,sex_m,age_ythadult_yge15,edu_aggregate_ltb,2017,13.445
slv,sex_m,age_ythadult_yge15,edu_aggregate_ltb,2018,11.275
slv,sex_m,age_ythadult_yge15,edu_aggregate_ltb,2019,11.472
slv,sex_m,age_ythadult_yge15,edu_aggregate_ltb,2020,6.511
slv,sex_m,age_ythadult_yge15,edu_aggregate_ltb,2021,6.911
slv,sex_m,age_ythadult_yge15,edu_aggregate_ltb,2022,4.843
slv,sex_m,age_ythadult_yge15,edu_aggregate_ltb,2023,4.876
slv,sex_m,age_ythadult_yge15,edu_aggregate_ltb,2024,5.613
slv,sex_m,age_ythadult_yge15,edu_aggregate_total,2010,12.018
slv,sex_m,age_ythadult_yge15,edu_aggregate_total,2011,8.158
slv,sex_m,age_ythadult_yge15,edu_aggregate_total,2012,8.945
slv,sex_m,age_ythadult_yge15,edu_aggregate_total,2013,8.803
slv,sex_m,age_ythadult_yge15,edu_aggregate_total,2014,11.039
slv,sex_m,age_ythadult_yge15,edu_aggregate_total,2015,11.043
slv,sex_m,age_ythadult_yge15,edu_aggregate_total,2016,12.307
slv,sex_m,age_ythadult_yge15,edu_aggregate_total,2017,12.059
slv,sex_m,age_ythadult_yge15,edu_aggregate_total,2018,10.506
slv,sex_m,age_ythadult_yge15,edu_aggregate_total,2019,10.048
slv,sex_m,age_ythadult_yge15,edu_aggregate_total,2020,8.506
slv,sex_m,age_ythadult_yge15,edu_aggregate_total,2021,7.411
slv,sex_m,age_ythadult_yge15,edu_aggregate_total,2022,5.099
slv,sex_m,age_ythadult_yge15,edu_aggregate_total,2023,5.311
slv,sex_m,age_ythadult_yge15,edu_aggregate_total,2024,5.38
slv,sex_m,age_ythadult_yge15,edu_aggregate_x,2020,14.109
slv,sex_m,age_ythadult_yge15,edu_aggregate_x,2021,7.151
slv,sex_m,age_ythadult_yge15,edu_aggregate_x,2023,14.593
slv,sex_m,age_ythadult_yge15,edu_aggregate_x,2024,5.985
slv,sex_m,age_ythadult_yge25,edu_aggregate_adv,2010,7.265
slv,sex_m,age_ythadult_yge25,edu_aggregate_adv,2011,6.535
slv,sex_m,age_ythadult_yge25,edu_aggregate_adv,2012,6.935
slv,sex_m,age_ythadult_yge25,edu_aggregate_adv,2013,4.866
slv,sex_m,age_ythadult_yge25,edu_aggregate_adv,2014,6.307
slv,sex_m,age_ythadult_yge25,edu_aggregate_adv,2015,6.784
slv,sex_m,age_ythadult_yge25,edu_aggregate_adv,2016,6.689
slv,sex_m,age_ythadult_yge25,edu_aggregate_adv,2017,8.065
slv,sex_m,age_ythadult_yge25,edu_aggregate_adv,2018,6.6
slv,sex_m,age_ythadult_yge25,edu_aggregate_adv,2019,6.626
slv,sex_m,age_ythadult_yge25,edu_aggregate_adv,2020,6.464
slv,sex_m,age_ythadult_yge25,edu_aggregate_adv,2021,5.901
slv,sex_m,age_ythadult_yge25,edu_aggregate_adv,2022,4.594
slv,sex_m,age_ythadult_yge25,edu_aggregate_adv,2023,4.19
slv,sex_m,age_ythadult_yge25,edu_aggregate_adv,2024,4.852
slv,sex_m,age_ythadult_yge25,edu_aggregate_bas,2010,11.354
slv,sex_m,age_ythadult_yge25,edu_aggregate_bas,2011,7.461
slv,sex_m,age_ythadult_yge25,edu_aggregate_bas,2012,7.783
slv,sex_m,age_ythadult_yge25,edu_aggregate_bas,2013,8.089
slv,sex_m,age_ythadult_yge25,edu_aggregate_bas,2014,9.545
slv,sex_m,age_ythadult_yge25,edu_aggregate_bas,2015,9.701
slv,sex_m,age_ythadult_yge25,edu_aggregate_bas,2016,10.013
slv,sex_m,age_ythadult_yge25,edu_aggregate_bas,2017,9.567
slv,sex_m,age_ythadult_yge25,edu_aggregate_bas,2018,9.842
slv,sex_m,age_ythadult_yge25,edu_aggregate_bas,2019,9.11
slv,sex_m,age_ythadult_yge25,edu_aggregate_bas,2020,6.663
slv,sex_m,age_ythadult_yge25,edu_aggregate_bas,2021,6.604
slv,sex_m,age_ythadult_yge25,edu_aggregate_bas,2022,4.093
slv,sex_m,age_ythadult_yge25,edu_aggregate_bas,2023,4.441
slv,sex_m,age_ythadult_yge25,edu_aggregate_bas,2024,4.675
slv,sex_m,age_ythadult_yge25,edu_aggregate_int,2010,8.8
slv,sex_m,age_ythadult_yge25,edu_aggregate_int,2011,7.839
slv,sex_m,age_ythadult_yge25,edu_aggregate_int,2012,8.164
slv,sex_m,age_ythadult_yge25,edu_aggregate_int,2013,8.743
slv,sex_m,age_ythadult_yge25,edu_aggregate_int,2014,7.712
slv,sex_m,age_ythadult_yge25,edu_aggregate_int,2015,7.828
slv,sex_m,age_ythadult_yge25,edu_aggregate_int,2016,9.883
slv,sex_m,age_ythadult_yge25,edu_aggregate_int,2017,10.406
slv,sex_m,age_ythadult_yge25,edu_aggregate_int,2018,8.692
slv,sex_m,age_ythadult_yge25,edu_aggregate_int,2019,9.225
slv,sex_m,age_ythadult_yge25,edu_aggregate_int,2020,10.706
slv,sex_m,age_ythadult_yge25,edu_aggregate_int,2021,6.622
slv,sex_m,age_ythadult_yge25,edu_aggregate_int,2022,3.77
slv,sex_m,age_ythadult_yge25,edu_aggregate_int,2023,5.947
slv,sex_m,age_ythadult_yge25,edu_aggregate_int,2024,3.313
slv,sex_m,age_ythadult_yge25,edu_aggregate_ltb,2010,12.322
slv,sex_m,age_ythadult_yge25,edu_aggregate_ltb,2011,7.054
slv,sex_m,age_ythadult_yge25,edu_aggregate_ltb,2012,8.06
slv,sex_m,age_ythadult_yge25,edu_aggregate_ltb,2013,8.473
slv,sex_m,age_ythadult_yge25,edu_aggregate_ltb,2014,11.9
slv,sex_m,age_ythadult_yge25,edu_aggregate_ltb,2015,12.574
slv,sex_m,age_ythadult_yge25,edu_aggregate_ltb,2016,13.817
slv,sex_m,age_ythadult_yge25,edu_aggregate_ltb,2017,12.969
slv,sex_m,age_ythadult_yge25,edu_aggregate_ltb,2018,10.582
slv,sex_m,age_ythadult_yge25,edu_aggregate_ltb,2019,11.23
slv,sex_m,age_ythadult_yge25,edu_aggregate_ltb,2020,6.022
slv,sex_m,age_ythadult_yge25,edu_aggregate_ltb,2021,6.423
slv,sex_m,age_ythadult_yge25,edu_aggregate_ltb,2022,4.604
slv,sex_m,age_ythadult_yge25,edu_aggregate_ltb,2023,4.691
slv,sex_m,age_ythadult_yge25,edu_aggregate_ltb,2024,5.191
slv,sex_m,age_ythadult_yge25,edu_aggregate_total,2010,10.639
slv,sex_m,age_ythadult_yge25,edu_aggregate_total,2011,7.102
slv,sex_m,age_ythadult_yge25,edu_aggregate_total,2012,7.697
slv,sex_m,age_ythadult_yge25,edu_aggregate_total,2013,7.449
slv,sex_m,age_ythadult_yge25,edu_aggregate_total,2014,9.367
slv,sex_m,age_ythadult_yge25,edu_aggregate_total,2015,9.755
slv,sex_m,age_ythadult_yge25,edu_aggregate_total,2016,10.478
slv,sex_m,age_ythadult_yge25,edu_aggregate_total,2017,10.438
slv,sex_m,age_ythadult_yge25,edu_aggregate_total,2018,9.094
slv,sex_m,age_ythadult_yge25,edu_aggregate_total,2019,9.097
slv,sex_m,age_ythadult_yge25,edu_aggregate_total,2020,6.944
slv,sex_m,age_ythadult_yge25,edu_aggregate_total,2021,6.343
slv,sex_m,age_ythadult_yge25,edu_aggregate_total,2022,4.351
slv,sex_m,age_ythadult_yge25,edu_aggregate_total,2023,4.716
slv,sex_m,age_ythadult_yge25,edu_aggregate_total,2024,4.681
slv,sex_m,age_ythadult_yge25,edu_aggregate_x,2020,15.819
slv,sex_m,age_ythadult_yge25,edu_aggregate_x,2023,14.139
slv,sex_m,age_ythadult_yge25,edu_aggregate_x,2024,6.96
slv,sex_t,age_aggregate_total,edu_aggregate_adv,2010,10.116
slv,sex_t,age_aggregate_total,edu_aggregate_adv,2011,8.06
slv,sex_t,age_aggregate_total,edu_aggregate_adv,2012,9.025
slv,sex_t,age_aggregate_total,edu_aggregate_adv,2013,8.329
slv,sex_t,age_aggregate_total,edu_aggregate_adv,2014,9.2
slv,sex_t,age_aggregate_total,edu_aggregate_adv,2015,8.867
slv,sex_t,age_aggregate_total,edu_aggregate_adv,2016,9.903
slv,sex_t,age_aggregate_total,edu_aggregate_adv,2017,10.1
slv,sex_t,age_aggregate_total,edu_aggregate_adv,2018,8.419
slv,sex_t,age_aggregate_total,edu_aggregate_adv,2019,9.787
slv,sex_t,age_aggregate_total,edu_aggregate_adv,2020,9.708
slv,sex_t,age_aggregate_total,edu_aggregate_adv,2021,7.905
slv,sex_t,age_aggregate_total,edu_aggregate_adv,2022,5.642
slv,sex_t,age_aggregate_total,edu_aggregate_adv,2023,5.982
slv,sex_t,age_aggregate_total,edu_aggregate_adv,2024,5.839
slv,sex_t,age_aggregate_total,edu_aggregate_bas,2010,11.944
slv,sex_t,age_aggregate_total,edu_aggregate_bas,2011,7.446
slv,sex_t,age_aggregate_total,edu_aggregate_bas,2012,9.219
slv,sex_t,age_aggregate_total,edu_aggregate_bas,2013,9.137
slv,sex_t,age_aggregate_total,edu_aggregate_bas,2014,11.253
slv,sex_t,age_aggregate_total,edu_aggregate_bas,2015,11.89
slv,sex_t,age_aggregate_total,edu_aggregate_bas,2016,13.182
slv,sex_t,age_aggregate_total,edu_aggregate_bas,2017,12.201
slv,sex_t,age_aggregate_total,edu_aggregate_bas,2018,11.836
slv,sex_t,age_aggregate_total,edu_aggregate_bas,2019,10.914
slv,sex_t,age_aggregate_total,edu_aggregate_bas,2020,8.93
slv,sex_t,age_aggregate_total,edu_aggregate_bas,2021,7.657
slv,sex_t,age_aggregate_total,edu_aggregate_bas,2022,5.571
slv,sex_t,age_aggregate_total,edu_aggregate_bas,2023,5.861
slv,sex_t,age_aggregate_total,edu_aggregate_bas,2024,6.003
slv,sex_t,age_aggregate_total,edu_aggregate_int,2010,10.245
slv,sex_t,age_aggregate_total,edu_aggregate_int,2011,10.093
slv,sex_t,age_aggregate_total,edu_aggregate_int,2012,9.768
slv,sex_t,age_aggregate_total,edu_aggregate_int,2013,10.187
slv,sex_t,age_aggregate_total,edu_aggregate_int,2014,11.474
slv,sex_t,age_aggregate_total,edu_aggregate_int,2015,10.46
slv,sex_t,age_aggregate_total,edu_aggregate_int,2016,13.178
slv,sex_t,age_aggregate_total,edu_aggregate_int,2017,14.047
slv,sex_t,age_aggregate_total,edu_aggregate_int,2018,12.454
slv,sex_t,age_aggregate_total,edu_aggregate_int,2019,12.175
slv,sex_t,age_aggregate_total,edu_aggregate_int,2020,14.502
slv,sex_t,age_aggregate_total,edu_aggregate_int,2021,11.54
slv,sex_t,age_aggregate_total,edu_aggregate_int,2022,7.479
slv,sex_t,age_aggregate_total,edu_aggregate_int,2023,8.14
slv,sex_t,age_aggregate_total,edu_aggregate_int,2024,6.54
slv,sex_t,age_aggregate_total,edu_aggregate_ltb,2010,13.53
slv,sex_t,age_aggregate_total,edu_aggregate_ltb,2011,7.009
slv,sex_t,age_aggregate_total,edu_aggregate_ltb,2012,9.509
slv,sex_t,age_aggregate_total,edu_aggregate_ltb,2013,10.19
slv,sex_t,age_aggregate_total,edu_aggregate_ltb,2014,12.795
slv,sex_t,age_aggregate_total,edu_aggregate_ltb,2015,13.059
slv,sex_t,age_aggregate_total,edu_aggregate_ltb,2016,16.034
slv,sex_t,age_aggregate_total,edu_aggregate_ltb,2017,14.652
slv,sex_t,age_aggregate_total,edu_aggregate_ltb,2018,11.891
slv,sex_t,age_aggregate_total,edu_aggregate_ltb,2019,13.061
slv,sex_t,age_aggregate_total,edu_aggregate_ltb,2020,7.152
slv,sex_t,age_aggregate_total,edu_aggregate_ltb,2021,6.545
slv,sex_t,age_aggregate_total,edu_aggregate_ltb,2022,4.8
slv,sex_t,age_aggregate_total,edu_aggregate_ltb,2023,5.033
slv,sex_t,age_aggregate_total,edu_aggregate_ltb,2024,5.275
slv,sex_t,age_aggregate_total,edu_aggregate_total,2010,11.905
slv,sex_t,age_aggregate_total,edu_aggregate_total,2011,7.665
slv,sex_t,age_aggregate_total,edu_aggregate_total,2012,9.311
slv,sex_t,age_aggregate_total,edu_aggregate_total,2013,9.373
slv,sex_t,age_aggregate_total,edu_aggregate_total,2014,11.181
slv,sex_t,age_aggregate_total,edu_aggregate_total,2015,11.255
slv,sex_t,age_aggregate_total,edu_aggregate_total,2016,13.201
slv,sex_t,age_aggregate_total,edu_aggregate_total,2017,12.656
slv,sex_t,age_aggregate_total,edu_aggregate_total,2018,11.02
slv,sex_t,age_aggregate_total,edu_aggregate_total,2019,11.366
slv,sex_t,age_aggregate_total,edu_aggregate_total,2020,9.511
slv,sex_t,age_aggregate_total,edu_aggregate_total,2021,8
slv,sex_t,age_aggregate_total,edu_aggregate_total,2022,5.672
slv,sex_t,age_aggregate_total,edu_aggregate_total,2023,6.09
slv,sex_t,age_aggregate_total,edu_aggregate_total,2024,5.889
slv,sex_t,age_aggregate_total,edu_aggregate_x,2020,13.601
slv,sex_t,age_aggregate_total,edu_aggregate_x,2021,8.111
slv,sex_t,age_aggregate_total,edu_aggregate_x,2022,5.361
slv,sex_t,age_aggregate_total,edu_aggregate_x,2023,11.368
slv,sex_t,age_aggregate_total,edu_aggregate_x,2024,8.051
slv,sex_t,age_aggregate_y15_24,edu_aggregate_adv,2010,22.288
slv,sex_t,age_aggregate_y15_24,edu_aggregate_adv,2011,17.87
slv,sex_t,age_aggregate_y15_24,edu_aggregate_adv,2012,18.403
slv,sex_t,age_aggregate_y15_24,edu_aggregate_adv,2013,19.561
slv,sex_t,age_aggregate_y15_24,edu_aggregate_adv,2014,19.764
slv,sex_t,age_aggregate_y15_24,edu_aggregate_adv,2015,18.02
slv,sex_t,age_aggregate_y15_24,edu_aggregate_adv,2016,20.289
slv,sex_t,age_aggregate_y15_24,edu_aggregate_adv,2017,20.543
slv,sex_t,age_aggregate_y15_24,edu_aggregate_adv,2018,17.712
slv,sex_t,age_aggregate_y15_24,edu_aggregate_adv,2019,20.953
slv,sex_t,age_aggregate_y15_24,edu_aggregate_adv,2020,19.149
slv,sex_t,age_aggregate_y15_24,edu_aggregate_adv,2021,13.713
slv,sex_t,age_aggregate_y15_24,edu_aggregate_adv,2022,11.416
slv,sex_t,age_aggregate_y15_24,edu_aggregate_adv,2023,11.801
slv,sex_t,age_aggregate_y15_24,edu_aggregate_adv,2024,10.775
slv,sex_t,age_aggregate_y15_24,edu_aggregate_bas,2010,14.708
slv,sex_t,age_aggregate_y15_24,edu_aggregate_bas,2011,8.964
slv,sex_t,age_aggregate_y15_24,edu_aggregate_bas,2012,11.927
slv,sex_t,age_aggregate_y15_24,edu_aggregate_bas,2013,11.68
slv,sex_t,age_aggregate_y15_24,edu_aggregate_bas,2014,14.131
slv,sex_t,age_aggregate_y15_24,edu_aggregate_bas,2015,15.302
slv,sex_t,age_aggregate_y15_24,edu_aggregate_bas,2016,16.692
slv,sex_t,age_aggregate_y15_24,edu_aggregate_bas,2017,17.304
slv,sex_t,age_aggregate_y15_24,edu_aggregate_bas,2018,15.756
slv,sex_t,age_aggregate_y15_24,edu_aggregate_bas,2019,13.171
slv,sex_t,age_aggregate_y15_24,edu_aggregate_bas,2020,14.55
slv,sex_t,age_aggregate_y15_24,edu_aggregate_bas,2021,10.653
slv,sex_t,age_aggregate_y15_24,edu_aggregate_bas,2022,9.631
slv,sex_t,age_aggregate_y15_24,edu_aggregate_bas,2023,7.516
slv,sex_t,age_aggregate_y15_24,edu_aggregate_bas,2024,9.274
slv,sex_t,age_aggregate_y15_24,edu_aggregate_int,2010,15.046
slv,sex_t,age_aggregate_y15_24,edu_aggregate_int,2011,13.76
slv,sex_t,age_aggregate_y15_24,edu_aggregate_int,2012,13.488
slv,sex_t,age_aggregate_y15_24,edu_aggregate_int,2013,13.841
slv,sex_t,age_aggregate_y15_24,edu_aggregate_int,2014,15.763
slv,sex_t,age_aggregate_y15_24,edu_aggregate_int,2015,11.724
slv,sex_t,age_aggregate_y15_24,edu_aggregate_int,2016,18.401
slv,sex_t,age_aggregate_y15_24,edu_aggregate_int,2017,19.208
slv,sex_t,age_aggregate_y15_24,edu_aggregate_int,2018,18.112
slv,sex_t,age_aggregate_y15_24,edu_aggregate_int,2019,15.775
slv,sex_t,age_aggregate_y15_24,edu_aggregate_int,2020,19.366
slv,sex_t,age_aggregate_y15_24,edu_aggregate_int,2021,18.566
slv,sex_t,age_aggregate_y15_24,edu_aggregate_int,2022,12.077
slv,sex_t,age_aggregate_y15_24,edu_aggregate_int,2023,13.686
slv,sex_t,age_aggregate_y15_24,edu_aggregate_int,2024,11.499
slv,sex_t,age_aggregate_y15_24,edu_aggregate_ltb,2010,17.243
slv,sex_t,age_aggregate_y15_24,edu_aggregate_ltb,2011,9.657
slv,sex_t,age_aggregate_y15_24,edu_aggregate_ltb,2012,10.86
slv,sex_t,age_aggregate_y15_24,edu_aggregate_ltb,2013,13.173
slv,sex_t,age_aggregate_y15_24,edu_aggregate_ltb,2014,15.778
slv,sex_t,age_aggregate_y15_24,edu_aggregate_ltb,2015,16.615
slv,sex_t,age_aggregate_y15_24,edu_aggregate_ltb,2016,20.426
slv,sex_t,age_aggregate_y15_24,edu_aggregate_ltb,2017,17.63
slv,sex_t,age_aggregate_y15_24,edu_aggregate_ltb,2018,17.091
slv,sex_t,age_aggregate_y15_24,edu_aggregate_ltb,2019,15.232
slv,sex_t,age_aggregate_y15_24,edu_aggregate_ltb,2020,12.526
slv,sex_t,age_aggregate_y15_24,edu_aggregate_ltb,2021,13.793
slv,sex_t,age_aggregate_y15_24,edu_aggregate_ltb,2022,9.161
slv,sex_t,age_aggregate_y15_24,edu_aggregate_ltb,2023,7.052
slv,sex_t,age_aggregate_y15_24,edu_aggregate_ltb,2024,10.246
slv,sex_t,age_aggregate_y15_24,edu_aggregate_total,2010,16.952
slv,sex_t,age_aggregate_y15_24,edu_aggregate_total,2011,11.81
slv,sex_t,age_aggregate_y15_24,edu_aggregate_total,2012,13.529
slv,sex_t,age_aggregate_y15_24,edu_aggregate_total,2013,14.121
slv,sex_t,age_aggregate_y15_24,edu_aggregate_total,2014,16.132
slv,sex_t,age_aggregate_y15_24,edu_aggregate_total,2015,15.602
slv,sex_t,age_aggregate_y15_24,edu_aggregate_total,2016,18.338
slv,sex_t,age_aggregate_y15_24,edu_aggregate_total,2017,18.49
slv,sex_t,age_aggregate_y15_24,edu_aggregate_total,2018,16.963
slv,sex_t,age_aggregate_y15_24,edu_aggregate_total,2019,15.76
slv,sex_t,age_aggregate_y15_24,edu_aggregate_total,2020,16.884
slv,sex_t,age_aggregate_y15_24,edu_aggregate_total,2021,13.677
slv,sex_t,age_aggregate_y15_24,edu_aggregate_total,2022,10.608
slv,sex_t,age_aggregate_y15_24,edu_aggregate_total,2023,10.088
slv,sex_t,age_aggregate_y15_24,edu_aggregate_total,2024,10.281
slv,sex_t,age_aggregate_y15_24,edu_aggregate_x,2020,21.117
slv,sex_t,age_aggregate_y15_24,edu_aggregate_x,2021,8.717
slv,sex_t,age_aggregate_y15_24,edu_aggregate_x,2023,9.759
slv,sex_t,age_aggregate_y15_24,edu_aggregate_x,2024,5.986
slv,sex_t,age_aggregate_y25_54,edu_aggregate_adv,2010,7.568
slv,sex_t,age_aggregate_y25_54,edu_aggregate_adv,2011,5.715
slv,sex_t,age_aggregate_y25_54,edu_aggregate_adv,2012,6.905
slv,sex_t,age_aggregate_y25_54,edu_aggregate_adv,2013,5.738
slv,sex_t,age_aggregate_y25_54,edu_aggregate_adv,2014,6.834
slv,sex_t,age_aggregate_y25_54,edu_aggregate_adv,2015,6.699
slv,sex_t,age_aggregate_y25_54,edu_aggregate_adv,2016,8.3
slv,sex_t,age_aggregate_y25_54,edu_aggregate_adv,2017,8.473
slv,sex_t,age_aggregate_y25_54,edu_aggregate_adv,2018,6.891
slv,sex_t,age_aggregate_y25_54,edu_aggregate_adv,2019,8.036
slv,sex_t,age_aggregate_y25_54,edu_aggregate_adv,2020,8.581
slv,sex_t,age_aggregate_y25_54,edu_aggregate_adv,2021,7.302
slv,sex_t,age_aggregate_y25_54,edu_aggregate_adv,2022,5.103
slv,sex_t,age_aggregate_y25_54,edu_aggregate_adv,2023,5.496
slv,sex_t,age_aggregate_y25_54,edu_aggregate_adv,2024,5.392
slv,sex_t,age_aggregate_y25_54,edu_aggregate_bas,2010,10.628
slv,sex_t,age_aggregate_y25_54,edu_aggregate_bas,2011,7.083
slv,sex_t,age_aggregate_y25_54,edu_aggregate_bas,2012,7.974
slv,sex_t,age_aggregate_y25_54,edu_aggregate_bas,2013,7.753
slv,sex_t,age_aggregate_y25_54,edu_aggregate_bas,2014,10.385
slv,sex_t,age_aggregate_y25_54,edu_aggregate_bas,2015,10.332
slv,sex_t,age_aggregate_y25_54,edu_aggregate_bas,2016,11.545
slv,sex_t,age_aggregate_y25_54,edu_aggregate_bas,2017,10.538
slv,sex_t,age_aggregate_y25_54,edu_aggregate_bas,2018,10.336
slv,sex_t,age_aggregate_y25_54,edu_aggregate_bas,2019,9.811
slv,sex_t,age_aggregate_y25_54,edu_aggregate_bas,2020,8.091
slv,sex_t,age_aggregate_y25_54,edu_aggregate_bas,2021,6.906
slv,sex_t,age_aggregate_y25_54,edu_aggregate_bas,2022,4.728
slv,sex_t,age_aggregate_y25_54,edu_aggregate_bas,2023,5.51
slv,sex_t,age_aggregate_y25_54,edu_aggregate_bas,2024,5.439
slv,sex_t,age_aggregate_y25_54,edu_aggregate_int,2010,7.945
slv,sex_t,age_aggregate_y25_54,edu_aggregate_int,2011,8.153
slv,sex_t,age_aggregate_y25_54,edu_aggregate_int,2012,7.541
slv,sex_t,age_aggregate_y25_54,edu_aggregate_int,2013,8.301
slv,sex_t,age_aggregate_y25_54,edu_aggregate_int,2014,9.153
slv,sex_t,age_aggregate_y25_54,edu_aggregate_int,2015,9.9
slv,sex_t,age_aggregate_y25_54,edu_aggregate_int,2016,10.092
slv,sex_t,age_aggregate_y25_54,edu_aggregate_int,2017,10.766
slv,sex_t,age_aggregate_y25_54,edu_aggregate_int,2018,9.252
slv,sex_t,age_aggregate_y25_54,edu_aggregate_int,2019,10.457
slv,sex_t,age_aggregate_y25_54,edu_aggregate_int,2020,11.996
slv,sex_t,age_aggregate_y25_54,edu_aggregate_int,2021,8.066
slv,sex_t,age_aggregate_y25_54,edu_aggregate_int,2022,5.482
slv,sex_t,age_aggregate_y25_54,edu_aggregate_int,2023,6.004
slv,sex_t,age_aggregate_y25_54,edu_aggregate_int,2024,4.767
slv,sex_t,age_aggregate_y25_54,edu_aggregate_ltb,2010,13.179
slv,sex_t,age_aggregate_y25_54,edu_aggregate_ltb,2011,7.335
slv,sex_t,age_aggregate_y25_54,edu_aggregate_ltb,2012,10.135
slv,sex_t,age_aggregate_y25_54,edu_aggregate_ltb,2013,10.54
slv,sex_t,age_aggregate_y25_54,edu_aggregate_ltb,2014,13.035
slv,sex_t,age_aggregate_y25_54,edu_aggregate_ltb,2015,13.243
slv,sex_t,age_aggregate_y25_54,edu_aggregate_ltb,2016,16.044
slv,sex_t,age_aggregate_y25_54,edu_aggregate_ltb,2017,14.49
slv,sex_t,age_aggregate_y25_54,edu_aggregate_ltb,2018,12.131
slv,sex_t,age_aggregate_y25_54,edu_aggregate_ltb,2019,12.884
slv,sex_t,age_aggregate_y25_54,edu_aggregate_ltb,2020,7.969
slv,sex_t,age_aggregate_y25_54,edu_aggregate_ltb,2021,7.289
slv,sex_t,age_aggregate_y25_54,edu_aggregate_ltb,2022,5.227
slv,sex_t,age_aggregate_y25_54,edu_aggregate_ltb,2023,5.821
slv,sex_t,age_aggregate_y25_54,edu_aggregate_ltb,2024,6.41
slv,sex_t,age_aggregate_y25_54,edu_aggregate_total,2010,10.403
slv,sex_t,age_aggregate_y25_54,edu_aggregate_total,2011,6.863
slv,sex_t,age_aggregate_y25_54,edu_aggregate_total,2012,8.286
slv,sex_t,age_aggregate_y25_54,edu_aggregate_total,2013,8.052
slv,sex_t,age_aggregate_y25_54,edu_aggregate_total,2014,9.921
slv,sex_t,age_aggregate_y25_54,edu_aggregate_total,2015,9.979
slv,sex_t,age_aggregate_y25_54,edu_aggregate_total,2016,11.67
slv,sex_t,age_aggregate_y25_54,edu_aggregate_total,2017,11.077
slv,sex_t,age_aggregate_y25_54,edu_aggregate_total,2018,9.572
slv,sex_t,age_aggregate_y25_54,edu_aggregate_total,2019,10.117
slv,sex_t,age_aggregate_y25_54,edu_aggregate_total,2020,8.75
slv,sex_t,age_aggregate_y25_54,edu_aggregate_total,2021,7.296
slv,sex_t,age_aggregate_y25_54,edu_aggregate_total,2022,5.057
slv,sex_t,age_aggregate_y25_54,edu_aggregate_total,2023,5.714
slv,sex_t,age_aggregate_y25_54,edu_aggregate_total,2024,5.532
slv,sex_t,age_aggregate_y25_54,edu_aggregate_x,2020,10.5
slv,sex_t,age_aggregate_y25_54,edu_aggregate_x,2021,7.753
slv,sex_t,age_aggregate_y25_54,edu_aggregate_x,2023,11.482
slv,sex_t,age_aggregate_y25_54,edu_aggregate_x,2024,9.443
slv,sex_t,age_aggregate_y55_64,edu_aggregate_adv,2010,3.13
slv,sex_t,age_aggregate_y55_64,edu_aggregate_adv,2011,3.668
slv,sex_t,age_aggregate_y55_64,edu_aggregate_adv,2012,4.791
slv,sex_t,age_aggregate_y55_64,edu_aggregate_adv,2013,7.407
slv,sex_t,age_aggregate_y55_64,edu_aggregate_adv,2014,4.577
slv,sex_t,age_aggregate_y55_64,edu_aggregate_adv,2015,6.388
slv,sex_t,age_aggregate_y55_64,edu_aggregate_adv,2016,4.93
slv,sex_t,age_aggregate_y55_64,edu_aggregate_adv,2017,4.737
slv,sex_t,age_aggregate_y55_64,edu_aggregate_adv,2018,6.714
slv,sex_t,age_aggregate_y55_64,edu_aggregate_adv,2019,6.776
slv,sex_t,age_aggregate_y55_64,edu_aggregate_adv,2020,2.444
slv,sex_t,age_aggregate_y55_64,edu_aggregate_adv,2021,3.216
slv,sex_t,age_aggregate_y55_64,edu_aggregate_adv,2022,1.889
slv,sex_t,age_aggregate_y55_64,edu_aggregate_adv,2023,3.27
slv,sex_t,age_aggregate_y55_64,edu_aggregate_adv,2024,5.28
slv,sex_t,age_aggregate_y55_64,edu_aggregate_bas,2010,10.174
slv,sex_t,age_aggregate_y55_64,edu_aggregate_bas,2011,5.519
slv,sex_t,age_aggregate_y55_64,edu_aggregate_bas,2012,9.737
slv,sex_t,age_aggregate_y55_64,edu_aggregate_bas,2013,10.566
slv,sex_t,age_aggregate_y55_64,edu_aggregate_bas,2014,9.572
slv,sex_t,age_aggregate_y55_64,edu_aggregate_bas,2015,11.31
slv,sex_t,age_aggregate_y55_64,edu_aggregate_bas,2016,12.66
slv,sex_t,age_aggregate_y55_64,edu_aggregate_bas,2017,10.642
slv,sex_t,age_aggregate_y55_64,edu_aggregate_bas,2018,11.141
slv,sex_t,age_aggregate_y55_64,edu_aggregate_bas,2019,11.179
slv,sex_t,age_aggregate_y55_64,edu_aggregate_bas,2020,4.625
slv,sex_t,age_aggregate_y55_64,edu_aggregate_bas,2021,6.165
slv,sex_t,age_aggregate_y55_64,edu_aggregate_bas,2022,4.027
slv,sex_t,age_aggregate_y55_64,edu_aggregate_bas,2023,5.835
slv,sex_t,age_aggregate_y55_64,edu_aggregate_bas,2024,5.013
slv,sex_t,age_aggregate_y55_64,edu_aggregate_int,2012,8.835
slv,sex_t,age_aggregate_y55_64,edu_aggregate_int,2014,8.773
slv,sex_t,age_aggregate_y55_64,edu_aggregate_int,2015,8.163
slv,sex_t,age_aggregate_y55_64,edu_aggregate_int,2016,9.421
slv,sex_t,age_aggregate_y55_64,edu_aggregate_int,2019,5.929
slv,sex_t,age_aggregate_y55_64,edu_aggregate_int,2021,10.063
slv,sex_t,age_aggregate_y55_64,edu_aggregate_int,2023,7.496
slv,sex_t,age_aggregate_y55_64,edu_aggregate_ltb,2010,13.736
slv,sex_t,age_aggregate_y55_64,edu_aggregate_ltb,2011,5.628
slv,sex_t,age_aggregate_y55_64,edu_aggregate_ltb,2012,7.686
slv,sex_t,age_aggregate_y55_64,edu_aggregate_ltb,2013,8.378
slv,sex_t,age_aggregate_y55_64,edu_aggregate_ltb,2014,11.919
slv,sex_t,age_aggregate_y55_64,edu_aggregate_ltb,2015,11.521
slv,sex_t,age_aggregate_y55_64,edu_aggregate_ltb,2016,15.434
slv,sex_t,age_aggregate_y55_64,edu_aggregate_ltb,2017,14.786
slv,sex_t,age_aggregate_y55_64,edu_aggregate_ltb,2018,11.778
slv,sex_t,age_aggregate_y55_64,edu_aggregate_ltb,2019,12.255
slv,sex_t,age_aggregate_y55_64,edu_aggregate_ltb,2020,7.531
slv,sex_t,age_aggregate_y55_64,edu_aggregate_ltb,2021,4.136
slv,sex_t,age_aggregate_y55_64,edu_aggregate_ltb,2022,3.781
slv,sex_t,age_aggregate_y55_64,edu_aggregate_ltb,2023,4.055
slv,sex_t,age_aggregate_y55_64,edu_aggregate_ltb,2024,4.263
slv,sex_t,age_aggregate_y55_64,edu_aggregate_total,2010,10.839
slv,sex_t,age_aggregate_y55_64,edu_aggregate_total,2011,5.397
slv,sex_t,age_aggregate_y55_64,edu_aggregate_total,2012,7.718
slv,sex_t,age_aggregate_y55_64,edu_aggregate_total,2013,8.715
slv,sex_t,age_aggregate_y55_64,edu_aggregate_total,2014,9.886
slv,sex_t,age_aggregate_y55_64,edu_aggregate_total,2015,10.295
slv,sex_t,age_aggregate_y55_64,edu_aggregate_total,2016,12.351
slv,sex_t,age_aggregate_y55_64,edu_aggregate_total,2017,11.502
slv,sex_t,age_aggregate_y55_64,edu_aggregate_total,2018,10.355
slv,sex_t,age_aggregate_y55_64,edu_aggregate_total,2019,10.396
slv,sex_t,age_aggregate_y55_64,edu_aggregate_total,2020,5.553
slv,sex_t,age_aggregate_y55_64,edu_aggregate_total,2021,4.757
slv,sex_t,age_aggregate_y55_64,edu_aggregate_total,2022,3.495
slv,sex_t,age_aggregate_y55_64,edu_aggregate_total,2023,4.618
slv,sex_t,age_aggregate_y55_64,edu_aggregate_total,2024,4.687
slv,sex_t,age_aggregate_yge65,edu_aggregate_adv,2012,13.022
slv,sex_t,age_aggregate_yge65,edu_aggregate_adv,2014,9.338
slv,sex_t,age_aggregate_yge65,edu_aggregate_adv,2015,8.94
slv,sex_t,age_aggregate_yge65,edu_aggregate_adv,2016,7.389
slv,sex_t,age_aggregate_yge65,edu_aggregate_adv,2017,10.23
slv,sex_t,age_aggregate_yge65,edu_aggregate_adv,2018,4.383
slv,sex_t,age_aggregate_yge65,edu_aggregate_adv,2019,6.555
slv,sex_t,age_aggregate_yge65,edu_aggregate_adv,2021,6.122
slv,sex_t,age_aggregate_yge65,edu_aggregate_bas,2010,18.153
slv,sex_t,age_aggregate_yge65,edu_aggregate_bas,2011,3.719
slv,sex_t,age_aggregate_yge65,edu_aggregate_bas,2012,7.944
slv,sex_t,age_aggregate_yge65,edu_aggregate_bas,2013,9.611
slv,sex_t,age_aggregate_yge65,edu_aggregate_bas,2014,8.722
slv,sex_t,age_aggregate_yge65,edu_aggregate_bas,2015,15.414
slv,sex_t,age_aggregate_yge65,edu_aggregate_bas,2016,17.558
slv,sex_t,age_aggregate_yge65,edu_aggregate_bas,2017,9.448
slv,sex_t,age_aggregate_yge65,edu_aggregate_bas,2018,12.158
slv,sex_t,age_aggregate_yge65,edu_aggregate_bas,2019,12.791
slv,sex_t,age_aggregate_yge65,edu_aggregate_bas,2020,1.734
slv,sex_t,age_aggregate_yge65,edu_aggregate_bas,2021,5.509
slv,sex_t,age_aggregate_yge65,edu_aggregate_bas,2022,2.118
slv,sex_t,age_aggregate_yge65,edu_aggregate_bas,2023,3.916
slv,sex_t,age_aggregate_yge65,edu_aggregate_bas,2024,3.112
slv,sex_t,age_aggregate_yge65,edu_aggregate_int,2017,25.71
slv,sex_t,age_aggregate_yge65,edu_aggregate_ltb,2010,11.303
slv,sex_t,age_aggregate_yge65,edu_aggregate_ltb,2011,4.498
slv,sex_t,age_aggregate_yge65,edu_aggregate_ltb,2012,7.795
slv,sex_t,age_aggregate_yge65,edu_aggregate_ltb,2013,8.386
slv,sex_t,age_aggregate_yge65,edu_aggregate_ltb,2014,10.535
slv,sex_t,age_aggregate_yge65,edu_aggregate_ltb,2015,11.78
slv,sex_t,age_aggregate_yge65,edu_aggregate_ltb,2016,13.951
slv,sex_t,age_aggregate_yge65,edu_aggregate_ltb,2017,13.461
slv,sex_t,age_aggregate_yge65,edu_aggregate_ltb,2018,8.068
slv,sex_t,age_aggregate_yge65,edu_aggregate_ltb,2019,13.645
slv,sex_t,age_aggregate_yge65,edu_aggregate_ltb,2020,1.455
slv,sex_t,age_aggregate_yge65,edu_aggregate_ltb,2021,3.026
slv,sex_t,age_aggregate_yge65,edu_aggregate_ltb,2022,2.324
slv,sex_t,age_aggregate_yge65,edu_aggregate_ltb,2023,2.538
slv,sex_t,age_aggregate_yge65,edu_aggregate_ltb,2024,1.414
slv,sex_t,age_aggregate_yge65,edu_aggregate_total,2010,11.964
slv,sex_t,age_aggregate_yge65,edu_aggregate_total,2011,4.604
slv,sex_t,age_aggregate_yge65,edu_aggregate_total,2012,8.051
slv,sex_t,age_aggregate_yge65,edu_aggregate_total,2013,8.143
slv,sex_t,age_aggregate_yge65,edu_aggregate_total,2014,10.117
slv,sex_t,age_aggregate_yge65,edu_aggregate_total,2015,12.118
slv,sex_t,age_aggregate_yge65,edu_aggregate_total,2016,14.14
slv,sex_t,age_aggregate_yge65,edu_aggregate_total,2017,12.454
slv,sex_t,age_aggregate_yge65,edu_aggregate_total,2018,8.933
slv,sex_t,age_aggregate_yge65,edu_aggregate_total,2019,12.901
slv,sex_t,age_aggregate_yge65,edu_aggregate_total,2020,1.523
slv,sex_t,age_aggregate_yge65,edu_aggregate_total,2021,3.936
slv,sex_t,age_aggregate_yge65,edu_aggregate_total,2022,2.044
slv,sex_t,age_aggregate_yge65,edu_aggregate_total,2023,2.882
slv,sex_t,age_aggregate_yge65,edu_aggregate_total,2024,1.718
slv,sex_t,age_ythadult_y15_24,edu_aggregate_adv,2010,22.288
slv,sex_t,age_ythadult_y15_24,edu_aggregate_adv,2011,17.87
slv,sex_t,age_ythadult_y15_24,edu_aggregate_adv,2012,18.403
slv,sex_t,age_ythadult_y15_24,edu_aggregate_adv,2013,19.561
slv,sex_t,age_ythadult_y15_24,edu_aggregate_adv,2014,19.764
slv,sex_t,age_ythadult_y15_24,edu_aggregate_adv,2015,18.02
slv,sex_t,age_ythadult_y15_24,edu_aggregate_adv,2016,20.289
slv,sex_t,age_ythadult_y15_24,edu_aggregate_adv,2017,20.543
slv,sex_t,age_ythadult_y15_24,edu_aggregate_adv,2018,17.712
slv,sex_t,age_ythadult_y15_24,edu_aggregate_adv,2019,20.953
slv,sex_t,age_ythadult_y15_24,edu_aggregate_adv,2020,19.149
slv,sex_t,age_ythadult_y15_24,edu_aggregate_adv,2021,13.713
slv,sex_t,age_ythadult_y15_24,edu_aggregate_adv,2022,11.416
slv,sex_t,age_ythadult_y15_24,edu_aggregate_adv,2023,11.801
slv,sex_t,age_ythadult_y15_24,edu_aggregate_adv,2024,10.775
slv,sex_t,age_ythadult_y15_24,edu_aggregate_bas,2010,14.708
slv,sex_t,age_ythadult_y15_24,edu_aggregate_bas,2011,8.964
slv,sex_t,age_ythadult_y15_24,edu_aggregate_bas,2012,11.927
slv,sex_t,age_ythadult_y15_24,edu_aggregate_bas,2013,11.68
slv,sex_t,age_ythadult_y15_24,edu_aggregate_bas,2014,14.131
slv,sex_t,age_ythadult_y15_24,edu_aggregate_bas,2015,15.302
slv,sex_t,age_ythadult_y15_24,edu_aggregate_bas,2016,16.692
slv,sex_t,age_ythadult_y15_24,edu_aggregate_bas,2017,17.304
slv,sex_t,age_ythadult_y15_24,edu_aggregate_bas,2018,15.756
slv,sex_t,age_ythadult_y15_24,edu_aggregate_bas,2019,13.171
slv,sex_t,age_ythadult_y15_24,edu_aggregate_bas,2020,14.55
slv,sex_t,age_ythadult_y15_24,edu_aggregate_bas,2021,10.653
slv,sex_t,age_ythadult_y15_24,edu_aggregate_bas,2022,9.631
slv,sex_t,age_ythadult_y15_24,edu_aggregate_bas,2023,7.516
slv,sex_t,age_ythadult_y15_24,edu_aggregate_bas,2024,9.274
slv,sex_t,age_ythadult_y15_24,edu_aggregate_int,2010,15.046
slv,sex_t,age_ythadult_y15_24,edu_aggregate_int,2011,13.76
slv,sex_t,age_ythadult_y15_24,edu_aggregate_int,2012,13.488
slv,sex_t,age_ythadult_y15_24,edu_aggregate_int,2013,13.841
slv,sex_t,age_ythadult_y15_24,edu_aggregate_int,2014,15.763
slv,sex_t,age_ythadult_y15_24,edu_aggregate_int,2015,11.724
slv,sex_t,age_ythadult_y15_24,edu_aggregate_int,2016,18.401
slv,sex_t,age_ythadult_y15_24,edu_aggregate_int,2017,19.208
slv,sex_t,age_ythadult_y15_24,edu_aggregate_int,2018,18.112
slv,sex_t,age_ythadult_y15_24,edu_aggregate_int,2019,15.775
slv,sex_t,age_ythadult_y15_24,edu_aggregate_int,2020,19.366
slv,sex_t,age_ythadult_y15_24,edu_aggregate_int,2021,18.566
slv,sex_t,age_ythadult_y15_24,edu_aggregate_int,2022,12.077
slv,sex_t,age_ythadult_y15_24,edu_aggregate_int,2023,13.686
slv,sex_t,age_ythadult_y15_24,edu_aggregate_int,2024,11.499
slv,sex_t,age_ythadult_y15_24,edu_aggregate_ltb,2010,17.243
slv,sex_t,age_ythadult_y15_24,edu_aggregate_ltb,2011,9.657
slv,sex_t,age_ythadult_y15_24,edu_aggregate_ltb,2012,10.86
slv,sex_t,age_ythadult_y15_24,edu_aggregate_ltb,2013,13.173
slv,sex_t,age_ythadult_y15_24,edu_aggregate_ltb,2014,15.778
slv,sex_t,age_ythadult_y15_24,edu_aggregate_ltb,2015,16.615
slv,sex_t,age_ythadult_y15_24,edu_aggregate_ltb,2016,20.426
slv,sex_t,age_ythadult_y15_24,edu_aggregate_ltb,2017,17.63
slv,sex_t,age_ythadult_y15_24,edu_aggregate_ltb,2018,17.091
slv,sex_t,age_ythadult_y15_24,edu_aggregate_ltb,2019,15.232
slv,sex_t,age_ythadult_y15_24,edu_aggregate_ltb,2020,12.526
slv,sex_t,age_ythadult_y15_24,edu_aggregate_ltb,2021,13.793
slv,sex_t,age_ythadult_y15_24,edu_aggregate_ltb,2022,9.161
slv,sex_t,age_ythadult_y15_24,edu_aggregate_ltb,2023,7.052
slv,sex_t,age_ythadult_y15_24,edu_aggregate_ltb,2024,10.246
slv,sex_t,age_ythadult_y15_24,edu_aggregate_total,2010,16.952
slv,sex_t,age_ythadult_y15_24,edu_aggregate_total,2011,11.81
slv,sex_t,age_ythadult_y15_24,edu_aggregate_total,2012,13.529
slv,sex_t,age_ythadult_y15_24,edu_aggregate_total,2013,14.121
slv,sex_t,age_ythadult_y15_24,edu_aggregate_total,2014,16.132
slv,sex_t,age_ythadult_y15_24,edu_aggregate_total,2015,15.602
slv,sex_t,age_ythadult_y15_24,edu_aggregate_total,2016,18.338
slv,sex_t,age_ythadult_y15_24,edu_aggregate_total,2017,18.49
slv,sex_t,age_ythadult_y15_24,edu_aggregate_total,2018,16.963
slv,sex_t,age_ythadult_y15_24,edu_aggregate_total,2019,15.76
slv,sex_t,age_ythadult_y15_24,edu_aggregate_total,2020,16.884
slv,sex_t,age_ythadult_y15_24,edu_aggregate_total,2021,13.677
slv,sex_t,age_ythadult_y15_24,edu_aggregate_total,2022,10.608
slv,sex_t,age_ythadult_y15_24,edu_aggregate_total,2023,10.088
slv,sex_t,age_ythadult_y15_24,edu_aggregate_total,2024,10.281
slv,sex_t,age_ythadult_y15_24,edu_aggregate_x,2020,21.117
slv,sex_t,age_ythadult_y15_24,edu_aggregate_x,2021,8.717
slv,sex_t,age_ythadult_y15_24,edu_aggregate_x,2023,9.759
slv,sex_t,age_ythadult_y15_24,edu_aggregate_x,2024,5.986
slv,sex_t,age_ythadult_y15_64,edu_aggregate_adv,2010,10.167
slv,sex_t,age_ythadult_y15_64,edu_aggregate_adv,2011,8.049
slv,sex_t,age_ythadult_y15_64,edu_aggregate_adv,2012,8.977
slv,sex_t,age_ythadult_y15_64,edu_aggregate_adv,2013,8.426
slv,sex_t,age_ythadult_y15_64,edu_aggregate_adv,2014,9.198
slv,sex_t,age_ythadult_y15_64,edu_aggregate_adv,2015,8.865
slv,sex_t,age_ythadult_y15_64,edu_aggregate_adv,2016,9.964
slv,sex_t,age_ythadult_y15_64,edu_aggregate_adv,2017,10.098
slv,sex_t,age_ythadult_y15_64,edu_aggregate_adv,2018,8.518
slv,sex_t,age_ythadult_y15_64,edu_aggregate_adv,2019,9.858
slv,sex_t,age_ythadult_y15_64,edu_aggregate_adv,2020,9.86
slv,sex_t,age_ythadult_y15_64,edu_aggregate_adv,2021,7.947
slv,sex_t,age_ythadult_y15_64,edu_aggregate_adv,2022,5.751
slv,sex_t,age_ythadult_y15_64,edu_aggregate_adv,2023,6.073
slv,sex_t,age_ythadult_y15_64,edu_aggregate_adv,2024,5.996
slv,sex_t,age_ythadult_y15_64,edu_aggregate_bas,2010,11.76
slv,sex_t,age_ythadult_y15_64,edu_aggregate_bas,2011,7.542
slv,sex_t,age_ythadult_y15_64,edu_aggregate_bas,2012,9.259
slv,sex_t,age_ythadult_y15_64,edu_aggregate_bas,2013,9.122
slv,sex_t,age_ythadult_y15_64,edu_aggregate_bas,2014,11.332
slv,sex_t,age_ythadult_y15_64,edu_aggregate_bas,2015,11.763
slv,sex_t,age_ythadult_y15_64,edu_aggregate_bas,2016,13.019
slv,sex_t,age_ythadult_y15_64,edu_aggregate_bas,2017,12.318
slv,sex_t,age_ythadult_y15_64,edu_aggregate_bas,2018,11.819
slv,sex_t,age_ythadult_y15_64,edu_aggregate_bas,2019,10.832
slv,sex_t,age_ythadult_y15_64,edu_aggregate_bas,2020,9.306
slv,sex_t,age_ythadult_y15_64,edu_aggregate_bas,2021,7.758
slv,sex_t,age_ythadult_y15_64,edu_aggregate_bas,2022,5.745
slv,sex_t,age_ythadult_y15_64,edu_aggregate_bas,2023,5.97
slv,sex_t,age_ythadult_y15_64,edu_aggregate_bas,2024,6.165
slv,sex_t,age_ythadult_y15_64,edu_aggregate_int,2010,10.34
slv,sex_t,age_ythadult_y15_64,edu_aggregate_int,2011,10.134
slv,sex_t,age_ythadult_y15_64,edu_aggregate_int,2014,11.492
slv,sex_t,age_ythadult_y15_64,edu_aggregate_int,2015,10.455
slv,sex_t,age_ythadult_y15_64,edu_aggregate_int,2016,13.11
slv,sex_t,age_ythadult_y15_64,edu_aggregate_int,2017,13.986
slv,sex_t,age_ythadult_y15_64,edu_aggregate_int,2019,12.117
slv,sex_t,age_ythadult_y15_64,edu_aggregate_int,2021,11.617
slv,sex_t,age_ythadult_y15_64,edu_aggregate_int,2023,8.219
slv,sex_t,age_ythadult_y15_64,edu_aggregate_int,2024,6.561
slv,sex_t,age_ythadult_y15_64,edu_aggregate_ltb,2010,13.846
slv,sex_t,age_ythadult_y15_64,edu_aggregate_ltb,2011,7.369
slv,sex_t,age_ythadult_y15_64,edu_aggregate_ltb,2012,9.786
slv,sex_t,age_ythadult_y15_64,edu_aggregate_ltb,2013,10.46
slv,sex_t,age_ythadult_y15_64,edu_aggregate_ltb,2014,13.152
slv,sex_t,age_ythadult_y15_64,edu_aggregate_ltb,2015,13.276
slv,sex_t,age_ythadult_y15_64,edu_aggregate_ltb,2016,16.383
slv,sex_t,age_ythadult_y15_64,edu_aggregate_ltb,2017,14.841
slv,sex_t,age_ythadult_y15_64,edu_aggregate_ltb,2018,12.512
slv,sex_t,age_ythadult_y15_64,edu_aggregate_ltb,2019,12.956
slv,sex_t,age_ythadult_y15_64,edu_aggregate_ltb,2020,8.246
slv,sex_t,age_ythadult_y15_64,edu_aggregate_ltb,2021,7.164
slv,sex_t,age_ythadult_y15_64,edu_aggregate_ltb,2022,5.219
slv,sex_t,age_ythadult_y15_64,edu_aggregate_ltb,2023,5.506
slv,sex_t,age_ythadult_y15_64,edu_aggregate_ltb,2024,6.135
slv,sex_t,age_ythadult_y15_64,edu_aggregate_total,2010,11.901
slv,sex_t,age_ythadult_y15_64,edu_aggregate_total,2011,7.842
slv,sex_t,age_ythadult_y15_64,edu_aggregate_total,2012,9.39
slv,sex_t,age_ythadult_y15_64,edu_aggregate_total,2013,9.446
slv,sex_t,age_ythadult_y15_64,edu_aggregate_total,2014,11.246
slv,sex_t,age_ythadult_y15_64,edu_aggregate_total,2015,11.197
slv,sex_t,age_ythadult_y15_64,edu_aggregate_total,2016,13.14
slv,sex_t,age_ythadult_y15_64,edu_aggregate_total,2017,12.668
slv,sex_t,age_ythadult_y15_64,edu_aggregate_total,2018,11.158
slv,sex_t,age_ythadult_y15_64,edu_aggregate_total,2019,11.267
slv,sex_t,age_ythadult_y15_64,edu_aggregate_total,2020,10.057
slv,sex_t,age_ythadult_y15_64,edu_aggregate_total,2021,8.261
slv,sex_t,age_ythadult_y15_64,edu_aggregate_total,2022,5.894
slv,sex_t,age_ythadult_y15_64,edu_aggregate_total,2023,6.317
slv,sex_t,age_ythadult_y15_64,edu_aggregate_total,2024,6.195
slv,sex_t,age_ythadult_yge15,edu_aggregate_adv,2010,10.116
slv,sex_t,age_ythadult_yge15,edu_aggregate_adv,2011,8.06
slv,sex_t,age_ythadult_yge15,edu_aggregate_adv,2012,9.025
slv,sex_t,age_ythadult_yge15,edu_aggregate_adv,2013,8.329
slv,sex_t,age_ythadult_yge15,edu_aggregate_adv,2014,9.2
slv,sex_t,age_ythadult_yge15,edu_aggregate_adv,2015,8.867
slv,sex_t,age_ythadult_yge15,edu_aggregate_adv,2016,9.903
slv,sex_t,age_ythadult_yge15,edu_aggregate_adv,2017,10.1
slv,sex_t,age_ythadult_yge15,edu_aggregate_adv,2018,8.419
slv,sex_t,age_ythadult_yge15,edu_aggregate_adv,2019,9.787
slv,sex_t,age_ythadult_yge15,edu_aggregate_adv,2020,9.708
slv,sex_t,age_ythadult_yge15,edu_aggregate_adv,2021,7.905
slv,sex_t,age_ythadult_yge15,edu_aggregate_adv,2022,5.642
slv,sex_t,age_ythadult_yge15,edu_aggregate_adv,2023,5.982
slv,sex_t,age_ythadult_yge15,edu_aggregate_adv,2024,5.839
slv,sex_t,age_ythadult_yge15,edu_aggregate_bas,2010,11.944
slv,sex_t,age_ythadult_yge15,edu_aggregate_bas,2011,7.446
slv,sex_t,age_ythadult_yge15,edu_aggregate_bas,2012,9.219
slv,sex_t,age_ythadult_yge15,edu_aggregate_bas,2013,9.137
slv,sex_t,age_ythadult_yge15,edu_aggregate_bas,2014,11.253
slv,sex_t,age_ythadult_yge15,edu_aggregate_bas,2015,11.89
slv,sex_t,age_ythadult_yge15,edu_aggregate_bas,2016,13.182
slv,sex_t,age_ythadult_yge15,edu_aggregate_bas,2017,12.201
slv,sex_t,age_ythadult_yge15,edu_aggregate_bas,2018,11.836
slv,sex_t,age_ythadult_yge15,edu_aggregate_bas,2019,10.914
slv,sex_t,age_ythadult_yge15,edu_aggregate_bas,2020,8.93
slv,sex_t,age_ythadult_yge15,edu_aggregate_bas,2021,7.657
slv,sex_t,age_ythadult_yge15,edu_aggregate_bas,2022,5.571
slv,sex_t,age_ythadult_yge15,edu_aggregate_bas,2023,5.861
slv,sex_t,age_ythadult_yge15,edu_aggregate_bas,2024,6.003
slv,sex_t,age_ythadult_yge15,edu_aggregate_int,2010,10.245
slv,sex_t,age_ythadult_yge15,edu_aggregate_int,2011,10.093
slv,sex_t,age_ythadult_yge15,edu_aggregate_int,2012,9.768
slv,sex_t,age_ythadult_yge15,edu_aggregate_int,2013,10.187
slv,sex_t,age_ythadult_yge15,edu_aggregate_int,2014,11.474
slv,sex_t,age_ythadult_yge15,edu_aggregate_int,2015,10.46
slv,sex_t,age_ythadult_yge15,edu_aggregate_int,2016,13.178
slv,sex_t,age_ythadult_yge15,edu_aggregate_int,2017,14.047
slv,sex_t,age_ythadult_yge15,edu_aggregate_int,2018,12.454
slv,sex_t,age_ythadult_yge15,edu_aggregate_int,2019,12.175
slv,sex_t,age_ythadult_yge15,edu_aggregate_int,2020,14.502
slv,sex_t,age_ythadult_yge15,edu_aggregate_int,2021,11.54
slv,sex_t,age_ythadult_yge15,edu_aggregate_int,2022,7.479
slv,sex_t,age_ythadult_yge15,edu_aggregate_int,2023,8.14
slv,sex_t,age_ythadult_yge15,edu_aggregate_int,2024,6.54
slv,sex_t,age_ythadult_yge15,edu_aggregate_ltb,2010,13.53
slv,sex_t,age_ythadult_yge15,edu_aggregate_ltb,2011,7.009
slv,sex_t,age_ythadult_yge15,edu_aggregate_ltb,2012,9.509
slv,sex_t,age_ythadult_yge15,edu_aggregate_ltb,2013,10.19
slv,sex_t,age_ythadult_yge15,edu_aggregate_ltb,2014,12.795
slv,sex_t,age_ythadult_yge15,edu_aggregate_ltb,2015,13.059
slv,sex_t,age_ythadult_yge15,edu_aggregate_ltb,2016,16.034
slv,sex_t,age_ythadult_yge15,edu_aggregate_ltb,2017,14.652
slv,sex_t,age_ythadult_yge15,edu_aggregate_ltb,2018,11.891
slv,sex_t,age_ythadult_yge15,edu_aggregate_ltb,2019,13.061
slv,sex_t,age_ythadult_yge15,edu_aggregate_ltb,2020,7.152
slv,sex_t,age_ythadult_yge15,edu_aggregate_ltb,2021,6.545
slv,sex_t,age_ythadult_yge15,edu_aggregate_ltb,2022,4.8
slv,sex_t,age_ythadult_yge15,edu_aggregate_ltb,2023,5.033
slv,sex_t,age_ythadult_yge15,edu_aggregate_ltb,2024,5.275
slv,sex_t,age_ythadult_yge15,edu_aggregate_total,2010,11.905
slv,sex_t,age_ythadult_yge15,edu_aggregate_total,2011,7.665
slv,sex_t,age_ythadult_yge15,edu_aggregate_total,2012,9.311
slv,sex_t,age_ythadult_yge15,edu_aggregate_total,2013,9.373
slv,sex_t,age_ythadult_yge15,edu_aggregate_total,2014,11.181
slv,sex_t,age_ythadult_yge15,edu_aggregate_total,2015,11.255
slv,sex_t,age_ythadult_yge15,edu_aggregate_total,2016,13.201
slv,sex_t,age_ythadult_yge15,edu_aggregate_total,2017,12.656
slv,sex_t,age_ythadult_yge15,edu_aggregate_total,2018,11.02
slv,sex_t,age_ythadult_yge15,edu_aggregate_total,2019,11.366
slv,sex_t,age_ythadult_yge15,edu_aggregate_total,2020,9.511
slv,sex_t,age_ythadult_yge15,edu_aggregate_total,2021,8
slv,sex_t,age_ythadult_yge15,edu_aggregate_total,2022,5.672
slv,sex_t,age_ythadult_yge15,edu_aggregate_total,2023,6.09
slv,sex_t,age_ythadult_yge15,edu_aggregate_total,2024,5.889
slv,sex_t,age_ythadult_yge15,edu_aggregate_x,2020,13.601
slv,sex_t,age_ythadult_yge15,edu_aggregate_x,2021,8.111
slv,sex_t,age_ythadult_yge15,edu_aggregate_x,2022,5.361
slv,sex_t,age_ythadult_yge15,edu_aggregate_x,2023,11.368
slv,sex_t,age_ythadult_yge15,edu_aggregate_x,2024,8.051
slv,sex_t,age_ythadult_yge25,edu_aggregate_adv,2010,7.197
slv,sex_t,age_ythadult_yge25,edu_aggregate_adv,2011,5.61
slv,sex_t,age_ythadult_yge25,edu_aggregate_adv,2012,6.82
slv,sex_t,age_ythadult_yge25,edu_aggregate_adv,2013,5.811
slv,sex_t,age_ythadult_yge25,edu_aggregate_adv,2014,6.729
slv,sex_t,age_ythadult_yge25,edu_aggregate_adv,2015,6.738
slv,sex_t,age_ythadult_yge25,edu_aggregate_adv,2016,7.963
slv,sex_t,age_ythadult_yge25,edu_aggregate_adv,2017,8.203
slv,sex_t,age_ythadult_yge25,edu_aggregate_adv,2018,6.806
slv,sex_t,age_ythadult_yge25,edu_aggregate_adv,2019,7.872
slv,sex_t,age_ythadult_yge25,edu_aggregate_adv,2020,7.918
slv,sex_t,age_ythadult_yge25,edu_aggregate_adv,2021,6.893
slv,sex_t,age_ythadult_yge25,edu_aggregate_adv,2022,4.7
slv,sex_t,age_ythadult_yge25,edu_aggregate_adv,2023,5.19
slv,sex_t,age_ythadult_yge25,edu_aggregate_adv,2024,5.221
slv,sex_t,age_ythadult_yge25,edu_aggregate_bas,2010,10.882
slv,sex_t,age_ythadult_yge25,edu_aggregate_bas,2011,6.819
slv,sex_t,age_ythadult_yge25,edu_aggregate_bas,2012,8.161
slv,sex_t,age_ythadult_yge25,edu_aggregate_bas,2013,8.16
slv,sex_t,age_ythadult_yge25,edu_aggregate_bas,2014,10.22
slv,sex_t,age_ythadult_yge25,edu_aggregate_bas,2015,10.677
slv,sex_t,age_ythadult_yge25,edu_aggregate_bas,2016,11.974
slv,sex_t,age_ythadult_yge25,edu_aggregate_bas,2017,10.492
slv,sex_t,age_ythadult_yge25,edu_aggregate_bas,2018,10.562
slv,sex_t,age_ythadult_yge25,edu_aggregate_bas,2019,10.177
slv,sex_t,age_ythadult_yge25,edu_aggregate_bas,2020,7.19
slv,sex_t,age_ythadult_yge25,edu_aggregate_bas,2021,6.725
slv,sex_t,age_ythadult_yge25,edu_aggregate_bas,2022,4.471
slv,sex_t,age_ythadult_yge25,edu_aggregate_bas,2023,5.45
slv,sex_t,age_ythadult_yge25,edu_aggregate_bas,2024,5.224
slv,sex_t,age_ythadult_yge25,edu_aggregate_int,2010,7.75
slv,sex_t,age_ythadult_yge25,edu_aggregate_int,2011,8.225
slv,sex_t,age_ythadult_yge25,edu_aggregate_int,2012,7.551
slv,sex_t,age_ythadult_yge25,edu_aggregate_int,2013,8.182
slv,sex_t,age_ythadult_yge25,edu_aggregate_int,2014,9.139
slv,sex_t,age_ythadult_yge25,edu_aggregate_int,2015,9.804
slv,sex_t,age_ythadult_yge25,edu_aggregate_int,2016,10.186
slv,sex_t,age_ythadult_yge25,edu_aggregate_int,2017,10.676
slv,sex_t,age_ythadult_yge25,edu_aggregate_int,2018,9.189
slv,sex_t,age_ythadult_yge25,edu_aggregate_int,2019,10.3
slv,sex_t,age_ythadult_yge25,edu_aggregate_int,2020,11.655
slv,sex_t,age_ythadult_yge25,edu_aggregate_int,2021,8.082
slv,sex_t,age_ythadult_yge25,edu_aggregate_int,2022,5.342
slv,sex_t,age_ythadult_yge25,edu_aggregate_int,2023,5.987
slv,sex_t,age_ythadult_yge25,edu_aggregate_int,2024,4.678
slv,sex_t,age_ythadult_yge25,edu_aggregate_ltb,2010,13.004
slv,sex_t,age_ythadult_yge25,edu_aggregate_ltb,2011,6.652
slv,sex_t,age_ythadult_yge25,edu_aggregate_ltb,2012,9.345
slv,sex_t,age_ythadult_yge25,edu_aggregate_ltb,2013,9.838
slv,sex_t,age_ythadult_yge25,edu_aggregate_ltb,2014,12.464
slv,sex_t,age_ythadult_yge25,edu_aggregate_ltb,2015,12.706
slv,sex_t,age_ythadult_yge25,edu_aggregate_ltb,2016,15.604
slv,sex_t,age_ythadult_yge25,edu_aggregate_ltb,2017,14.391
slv,sex_t,age_ythadult_yge25,edu_aggregate_ltb,2018,11.448
slv,sex_t,age_ythadult_yge25,edu_aggregate_ltb,2019,12.896
slv,sex_t,age_ythadult_yge25,edu_aggregate_ltb,2020,6.765
slv,sex_t,age_ythadult_yge25,edu_aggregate_ltb,2021,5.993
slv,sex_t,age_ythadult_yge25,edu_aggregate_ltb,2022,4.473
slv,sex_t,age_ythadult_yge25,edu_aggregate_ltb,2023,4.89
slv,sex_t,age_ythadult_yge25,edu_aggregate_ltb,2024,4.972
slv,sex_t,age_ythadult_yge25,edu_aggregate_total,2010,10.565
slv,sex_t,age_ythadult_yge25,edu_aggregate_total,2011,6.542
slv,sex_t,age_ythadult_yge25,edu_aggregate_total,2012,8.2
slv,sex_t,age_ythadult_yge25,edu_aggregate_total,2013,8.141
slv,sex_t,age_ythadult_yge25,edu_aggregate_total,2014,9.931
slv,sex_t,age_ythadult_yge25,edu_aggregate_total,2015,10.183
slv,sex_t,age_ythadult_yge25,edu_aggregate_total,2016,11.943
slv,sex_t,age_ythadult_yge25,edu_aggregate_total,2017,11.232
slv,sex_t,age_ythadult_yge25,edu_aggregate_total,2018,9.621
slv,sex_t,age_ythadult_yge25,edu_aggregate_total,2019,10.363
slv,sex_t,age_ythadult_yge25,edu_aggregate_total,2020,7.787
slv,sex_t,age_ythadult_yge25,edu_aggregate_total,2021,6.725
slv,sex_t,age_ythadult_yge25,edu_aggregate_total,2022,4.641
slv,sex_t,age_ythadult_yge25,edu_aggregate_total,2023,5.345
slv,sex_t,age_ythadult_yge25,edu_aggregate_total,2024,5.106
slv,sex_t,age_ythadult_yge25,edu_aggregate_x,2020,10.191
slv,sex_t,age_ythadult_yge25,edu_aggregate_x,2021,7.71
slv,sex_t,age_ythadult_yge25,edu_aggregate_x,2023,12.274
slv,sex_t,age_ythadult_yge25,edu_aggregate_x,2024,9.443
