ref_area,sex,classif1,classif2,time,emp_pifl_sex_age_eco_nb
zmb,sex_f,age_10yrbands_total,eco_aggregate_agr,2017,1630.528
zmb,sex_f,age_10yrbands_total,eco_aggregate_agr,2018,1616.162
zmb,sex_f,age_10yrbands_total,eco_aggregate_agr,2019,1545.319
zmb,sex_f,age_10yrbands_total,eco_aggregate_agr,2020,1684.24
zmb,sex_f,age_10yrbands_total,eco_aggregate_agr,2021,1609.331
zmb,sex_f,age_10yrbands_total,eco_aggregate_agr,2022,1575.855
zmb,sex_f,age_10yrbands_total,eco_aggregate_agr,2023,1828.052
zmb,sex_f,age_10yrbands_total,eco_aggregate_agr,2024,2002.807
zmb,sex_f,age_10yrbands_total,eco_aggregate_con,2021,2.701
zmb,sex_f,age_10yrbands_total,eco_aggregate_man,2017,44.25
zmb,sex_f,age_10yrbands_total,eco_aggregate_man,2018,43.373
zmb,sex_f,age_10yrbands_total,eco_aggregate_man,2019,41.381
zmb,sex_f,age_10yrbands_total,eco_aggregate_man,2020,54.83
zmb,sex_f,age_10yrbands_total,eco_aggregate_man,2021,62.587
zmb,sex_f,age_10yrbands_total,eco_aggregate_man,2022,63.816
zmb,sex_f,age_10yrbands_total,eco_aggregate_man,2023,55.782
zmb,sex_f,age_10yrbands_total,eco_aggregate_man,2024,67.839
zmb,sex_f,age_10yrbands_total,eco_aggregate_mel,2018,4.53
zmb,sex_f,age_10yrbands_total,eco_aggregate_mel,2019,6.313
zmb,sex_f,age_10yrbands_total,eco_aggregate_mel,2020,2.45
zmb,sex_f,age_10yrbands_total,eco_aggregate_mel,2022,2.523
zmb,sex_f,age_10yrbands_total,eco_aggregate_mel,2023,5.945
zmb,sex_f,age_10yrbands_total,eco_aggregate_mel,2024,5.467
zmb,sex_f,age_10yrbands_total,eco_aggregate_mkt,2017,392.685
zmb,sex_f,age_10yrbands_total,eco_aggregate_mkt,2018,348.691
zmb,sex_f,age_10yrbands_total,eco_aggregate_mkt,2019,431.454
zmb,sex_f,age_10yrbands_total,eco_aggregate_mkt,2020,422.316
zmb,sex_f,age_10yrbands_total,eco_aggregate_mkt,2021,452.658
zmb,sex_f,age_10yrbands_total,eco_aggregate_mkt,2022,509.164
zmb,sex_f,age_10yrbands_total,eco_aggregate_mkt,2023,550.628
zmb,sex_f,age_10yrbands_total,eco_aggregate_mkt,2024,496.624
zmb,sex_f,age_10yrbands_total,eco_aggregate_pub,2017,145.328
zmb,sex_f,age_10yrbands_total,eco_aggregate_pub,2018,118.906
zmb,sex_f,age_10yrbands_total,eco_aggregate_pub,2019,143.79
zmb,sex_f,age_10yrbands_total,eco_aggregate_pub,2020,124.044
zmb,sex_f,age_10yrbands_total,eco_aggregate_pub,2021,135.646
zmb,sex_f,age_10yrbands_total,eco_aggregate_pub,2022,149.845
zmb,sex_f,age_10yrbands_total,eco_aggregate_pub,2023,176.304
zmb,sex_f,age_10yrbands_total,eco_aggregate_pub,2024,165.946
zmb,sex_f,age_10yrbands_total,eco_aggregate_total,2017,2214.564
zmb,sex_f,age_10yrbands_total,eco_aggregate_total,2018,2132.11
zmb,sex_f,age_10yrbands_total,eco_aggregate_total,2019,2168.769
zmb,sex_f,age_10yrbands_total,eco_aggregate_total,2020,2289.037
zmb,sex_f,age_10yrbands_total,eco_aggregate_total,2021,2264.032
zmb,sex_f,age_10yrbands_total,eco_aggregate_total,2022,2302.017
zmb,sex_f,age_10yrbands_total,eco_aggregate_total,2023,2618.629
zmb,sex_f,age_10yrbands_total,eco_aggregate_total,2024,2740.251
zmb,sex_f,age_10yrbands_total,eco_sector_agr,2017,1630.528
zmb,sex_f,age_10yrbands_total,eco_sector_agr,2018,1616.162
zmb,sex_f,age_10yrbands_total,eco_sector_agr,2019,1545.319
zmb,sex_f,age_10yrbands_total,eco_sector_agr,2020,1684.24
zmb,sex_f,age_10yrbands_total,eco_sector_agr,2021,1609.331
zmb,sex_f,age_10yrbands_total,eco_sector_agr,2022,1575.855
zmb,sex_f,age_10yrbands_total,eco_sector_agr,2023,1828.052
zmb,sex_f,age_10yrbands_total,eco_sector_agr,2024,2002.807
zmb,sex_f,age_10yrbands_total,eco_sector_ind,2017,46.023
zmb,sex_f,age_10yrbands_total,eco_sector_ind,2018,48.351
zmb,sex_f,age_10yrbands_total,eco_sector_ind,2019,48.206
zmb,sex_f,age_10yrbands_total,eco_sector_ind,2020,58.437
zmb,sex_f,age_10yrbands_total,eco_sector_ind,2021,66.397
zmb,sex_f,age_10yrbands_total,eco_sector_ind,2022,67.152
zmb,sex_f,age_10yrbands_total,eco_sector_ind,2023,63.647
zmb,sex_f,age_10yrbands_total,eco_sector_ind,2024,74.874
zmb,sex_f,age_10yrbands_total,eco_sector_nag,2017,584.036
zmb,sex_f,age_10yrbands_total,eco_sector_nag,2018,515.948
zmb,sex_f,age_10yrbands_total,eco_sector_nag,2019,623.45
zmb,sex_f,age_10yrbands_total,eco_sector_nag,2020,604.797
zmb,sex_f,age_10yrbands_total,eco_sector_nag,2021,654.701
zmb,sex_f,age_10yrbands_total,eco_sector_nag,2022,726.162
zmb,sex_f,age_10yrbands_total,eco_sector_nag,2023,790.578
zmb,sex_f,age_10yrbands_total,eco_sector_nag,2024,737.444
zmb,sex_f,age_10yrbands_total,eco_sector_ser,2017,538.013
zmb,sex_f,age_10yrbands_total,eco_sector_ser,2018,467.596
zmb,sex_f,age_10yrbands_total,eco_sector_ser,2019,575.244
zmb,sex_f,age_10yrbands_total,eco_sector_ser,2020,546.36
zmb,sex_f,age_10yrbands_total,eco_sector_ser,2021,588.304
zmb,sex_f,age_10yrbands_total,eco_sector_ser,2022,659.009
zmb,sex_f,age_10yrbands_total,eco_sector_ser,2023,726.931
zmb,sex_f,age_10yrbands_total,eco_sector_ser,2024,662.57
zmb,sex_f,age_10yrbands_total,eco_sector_total,2017,2214.564
zmb,sex_f,age_10yrbands_total,eco_sector_total,2018,2132.11
zmb,sex_f,age_10yrbands_total,eco_sector_total,2019,2168.769
zmb,sex_f,age_10yrbands_total,eco_sector_total,2020,2289.037
zmb,sex_f,age_10yrbands_total,eco_sector_total,2021,2264.032
zmb,sex_f,age_10yrbands_total,eco_sector_total,2022,2302.017
zmb,sex_f,age_10yrbands_total,eco_sector_total,2023,2618.629
zmb,sex_f,age_10yrbands_total,eco_sector_total,2024,2740.251
zmb,sex_f,age_10yrbands_y15_24,eco_aggregate_agr,2017,497.05
zmb,sex_f,age_10yrbands_y15_24,eco_aggregate_agr,2018,457.159
zmb,sex_f,age_10yrbands_y15_24,eco_aggregate_agr,2019,455.922
zmb,sex_f,age_10yrbands_y15_24,eco_aggregate_agr,2020,524.441
zmb,sex_f,age_10yrbands_y15_24,eco_aggregate_agr,2021,443.044
zmb,sex_f,age_10yrbands_y15_24,eco_aggregate_agr,2022,432.812
zmb,sex_f,age_10yrbands_y15_24,eco_aggregate_agr,2023,488.57
zmb,sex_f,age_10yrbands_y15_24,eco_aggregate_agr,2024,553.507
zmb,sex_f,age_10yrbands_y15_24,eco_aggregate_con,2021,0
zmb,sex_f,age_10yrbands_y15_24,eco_aggregate_con,2022,0
zmb,sex_f,age_10yrbands_y15_24,eco_aggregate_con,2024,0
zmb,sex_f,age_10yrbands_y15_24,eco_aggregate_man,2017,4.418
zmb,sex_f,age_10yrbands_y15_24,eco_aggregate_man,2018,7.879
zmb,sex_f,age_10yrbands_y15_24,eco_aggregate_man,2019,5.152
zmb,sex_f,age_10yrbands_y15_24,eco_aggregate_man,2020,7.371
zmb,sex_f,age_10yrbands_y15_24,eco_aggregate_man,2021,8.218
zmb,sex_f,age_10yrbands_y15_24,eco_aggregate_man,2022,6.363
zmb,sex_f,age_10yrbands_y15_24,eco_aggregate_man,2023,9.622
zmb,sex_f,age_10yrbands_y15_24,eco_aggregate_man,2024,7.251
zmb,sex_f,age_10yrbands_y15_24,eco_aggregate_mkt,2017,51.367
zmb,sex_f,age_10yrbands_y15_24,eco_aggregate_mkt,2018,41.409
zmb,sex_f,age_10yrbands_y15_24,eco_aggregate_mkt,2019,55.063
zmb,sex_f,age_10yrbands_y15_24,eco_aggregate_mkt,2020,56.727
zmb,sex_f,age_10yrbands_y15_24,eco_aggregate_mkt,2021,55.748
zmb,sex_f,age_10yrbands_y15_24,eco_aggregate_mkt,2022,58.335
zmb,sex_f,age_10yrbands_y15_24,eco_aggregate_mkt,2023,70.858
zmb,sex_f,age_10yrbands_y15_24,eco_aggregate_mkt,2024,63.388
zmb,sex_f,age_10yrbands_y15_24,eco_aggregate_pub,2017,32.087
zmb,sex_f,age_10yrbands_y15_24,eco_aggregate_pub,2018,31.581
zmb,sex_f,age_10yrbands_y15_24,eco_aggregate_pub,2019,23.696
zmb,sex_f,age_10yrbands_y15_24,eco_aggregate_pub,2020,26.554
zmb,sex_f,age_10yrbands_y15_24,eco_aggregate_pub,2021,28.888
zmb,sex_f,age_10yrbands_y15_24,eco_aggregate_pub,2022,31.716
zmb,sex_f,age_10yrbands_y15_24,eco_aggregate_pub,2023,31.178
zmb,sex_f,age_10yrbands_y15_24,eco_aggregate_pub,2024,37.039
zmb,sex_f,age_10yrbands_y15_24,eco_aggregate_total,2017,585.653
zmb,sex_f,age_10yrbands_y15_24,eco_aggregate_total,2018,538.653
zmb,sex_f,age_10yrbands_y15_24,eco_aggregate_total,2019,540.822
zmb,sex_f,age_10yrbands_y15_24,eco_aggregate_total,2020,616.25
zmb,sex_f,age_10yrbands_y15_24,eco_aggregate_total,2021,535.899
zmb,sex_f,age_10yrbands_y15_24,eco_aggregate_total,2022,529.826
zmb,sex_f,age_10yrbands_y15_24,eco_aggregate_total,2023,602.761
zmb,sex_f,age_10yrbands_y15_24,eco_aggregate_total,2024,661.905
zmb,sex_f,age_10yrbands_y15_24,eco_sector_agr,2017,497.05
zmb,sex_f,age_10yrbands_y15_24,eco_sector_agr,2018,457.159
zmb,sex_f,age_10yrbands_y15_24,eco_sector_agr,2019,455.922
zmb,sex_f,age_10yrbands_y15_24,eco_sector_agr,2020,524.441
zmb,sex_f,age_10yrbands_y15_24,eco_sector_agr,2021,443.044
zmb,sex_f,age_10yrbands_y15_24,eco_sector_agr,2022,432.812
zmb,sex_f,age_10yrbands_y15_24,eco_sector_agr,2023,488.57
zmb,sex_f,age_10yrbands_y15_24,eco_sector_agr,2024,553.507
zmb,sex_f,age_10yrbands_y15_24,eco_sector_ind,2017,5.149
zmb,sex_f,age_10yrbands_y15_24,eco_sector_ind,2018,8.504
zmb,sex_f,age_10yrbands_y15_24,eco_sector_ind,2019,6.14
zmb,sex_f,age_10yrbands_y15_24,eco_sector_ind,2020,8.528
zmb,sex_f,age_10yrbands_y15_24,eco_sector_ind,2021,8.218
zmb,sex_f,age_10yrbands_y15_24,eco_sector_ind,2022,6.963
zmb,sex_f,age_10yrbands_y15_24,eco_sector_ind,2023,12.155
zmb,sex_f,age_10yrbands_y15_24,eco_sector_ind,2024,7.972
zmb,sex_f,age_10yrbands_y15_24,eco_sector_nag,2017,88.603
zmb,sex_f,age_10yrbands_y15_24,eco_sector_nag,2018,81.494
zmb,sex_f,age_10yrbands_y15_24,eco_sector_nag,2019,84.9
zmb,sex_f,age_10yrbands_y15_24,eco_sector_nag,2020,91.809
zmb,sex_f,age_10yrbands_y15_24,eco_sector_nag,2021,92.855
zmb,sex_f,age_10yrbands_y15_24,eco_sector_nag,2022,97.014
zmb,sex_f,age_10yrbands_y15_24,eco_sector_nag,2023,114.192
zmb,sex_f,age_10yrbands_y15_24,eco_sector_nag,2024,108.398
zmb,sex_f,age_10yrbands_y15_24,eco_sector_ser,2017,83.454
zmb,sex_f,age_10yrbands_y15_24,eco_sector_ser,2018,72.99
zmb,sex_f,age_10yrbands_y15_24,eco_sector_ser,2019,78.76
zmb,sex_f,age_10yrbands_y15_24,eco_sector_ser,2020,83.28
zmb,sex_f,age_10yrbands_y15_24,eco_sector_ser,2021,84.636
zmb,sex_f,age_10yrbands_y15_24,eco_sector_ser,2022,90.051
zmb,sex_f,age_10yrbands_y15_24,eco_sector_ser,2023,102.036
zmb,sex_f,age_10yrbands_y15_24,eco_sector_ser,2024,100.426
zmb,sex_f,age_10yrbands_y15_24,eco_sector_total,2017,585.653
zmb,sex_f,age_10yrbands_y15_24,eco_sector_total,2018,538.653
zmb,sex_f,age_10yrbands_y15_24,eco_sector_total,2019,540.822
zmb,sex_f,age_10yrbands_y15_24,eco_sector_total,2020,616.25
zmb,sex_f,age_10yrbands_y15_24,eco_sector_total,2021,535.899
zmb,sex_f,age_10yrbands_y15_24,eco_sector_total,2022,529.826
zmb,sex_f,age_10yrbands_y15_24,eco_sector_total,2023,602.761
zmb,sex_f,age_10yrbands_y15_24,eco_sector_total,2024,661.905
zmb,sex_f,age_10yrbands_y25_34,eco_aggregate_agr,2017,380.268
zmb,sex_f,age_10yrbands_y25_34,eco_aggregate_agr,2018,410.146
zmb,sex_f,age_10yrbands_y25_34,eco_aggregate_agr,2019,360.815
zmb,sex_f,age_10yrbands_y25_34,eco_aggregate_agr,2020,424.177
zmb,sex_f,age_10yrbands_y25_34,eco_aggregate_agr,2021,426.787
zmb,sex_f,age_10yrbands_y25_34,eco_aggregate_agr,2022,400.292
zmb,sex_f,age_10yrbands_y25_34,eco_aggregate_agr,2023,475.527
zmb,sex_f,age_10yrbands_y25_34,eco_aggregate_agr,2024,504.527
zmb,sex_f,age_10yrbands_y25_34,eco_aggregate_con,2019,0
zmb,sex_f,age_10yrbands_y25_34,eco_aggregate_con,2020,0
zmb,sex_f,age_10yrbands_y25_34,eco_aggregate_man,2017,14.374
zmb,sex_f,age_10yrbands_y25_34,eco_aggregate_man,2018,13.449
zmb,sex_f,age_10yrbands_y25_34,eco_aggregate_man,2019,7.297
zmb,sex_f,age_10yrbands_y25_34,eco_aggregate_man,2020,18.614
zmb,sex_f,age_10yrbands_y25_34,eco_aggregate_man,2021,15.308
zmb,sex_f,age_10yrbands_y25_34,eco_aggregate_man,2022,19.518
zmb,sex_f,age_10yrbands_y25_34,eco_aggregate_man,2023,10.928
zmb,sex_f,age_10yrbands_y25_34,eco_aggregate_man,2024,18.634
zmb,sex_f,age_10yrbands_y25_34,eco_aggregate_mel,2019,2.211
zmb,sex_f,age_10yrbands_y25_34,eco_aggregate_mkt,2017,124.698
zmb,sex_f,age_10yrbands_y25_34,eco_aggregate_mkt,2018,100.208
zmb,sex_f,age_10yrbands_y25_34,eco_aggregate_mkt,2019,114.314
zmb,sex_f,age_10yrbands_y25_34,eco_aggregate_mkt,2020,133.792
zmb,sex_f,age_10yrbands_y25_34,eco_aggregate_mkt,2021,142.409
zmb,sex_f,age_10yrbands_y25_34,eco_aggregate_mkt,2022,153.197
zmb,sex_f,age_10yrbands_y25_34,eco_aggregate_mkt,2023,153.584
zmb,sex_f,age_10yrbands_y25_34,eco_aggregate_mkt,2024,151.166
zmb,sex_f,age_10yrbands_y25_34,eco_aggregate_pub,2017,50.593
zmb,sex_f,age_10yrbands_y25_34,eco_aggregate_pub,2018,38.291
zmb,sex_f,age_10yrbands_y25_34,eco_aggregate_pub,2019,56.409
zmb,sex_f,age_10yrbands_y25_34,eco_aggregate_pub,2020,50.442
zmb,sex_f,age_10yrbands_y25_34,eco_aggregate_pub,2021,43.196
zmb,sex_f,age_10yrbands_y25_34,eco_aggregate_pub,2022,57.357
zmb,sex_f,age_10yrbands_y25_34,eco_aggregate_pub,2023,69.502
zmb,sex_f,age_10yrbands_y25_34,eco_aggregate_pub,2024,67.669
zmb,sex_f,age_10yrbands_y25_34,eco_aggregate_total,2017,570.177
zmb,sex_f,age_10yrbands_y25_34,eco_aggregate_total,2018,562.863
zmb,sex_f,age_10yrbands_y25_34,eco_aggregate_total,2019,541.045
zmb,sex_f,age_10yrbands_y25_34,eco_aggregate_total,2020,627.751
zmb,sex_f,age_10yrbands_y25_34,eco_aggregate_total,2021,628.79
zmb,sex_f,age_10yrbands_y25_34,eco_aggregate_total,2022,631.921
zmb,sex_f,age_10yrbands_y25_34,eco_aggregate_total,2023,711.268
zmb,sex_f,age_10yrbands_y25_34,eco_aggregate_total,2024,744.976
zmb,sex_f,age_10yrbands_y25_34,eco_sector_agr,2017,380.268
zmb,sex_f,age_10yrbands_y25_34,eco_sector_agr,2018,410.146
zmb,sex_f,age_10yrbands_y25_34,eco_sector_agr,2019,360.815
zmb,sex_f,age_10yrbands_y25_34,eco_sector_agr,2020,424.177
zmb,sex_f,age_10yrbands_y25_34,eco_sector_agr,2021,426.787
zmb,sex_f,age_10yrbands_y25_34,eco_sector_agr,2022,400.292
zmb,sex_f,age_10yrbands_y25_34,eco_sector_agr,2023,475.527
zmb,sex_f,age_10yrbands_y25_34,eco_sector_agr,2024,504.527
zmb,sex_f,age_10yrbands_y25_34,eco_sector_ind,2017,14.617
zmb,sex_f,age_10yrbands_y25_34,eco_sector_ind,2018,14.219
zmb,sex_f,age_10yrbands_y25_34,eco_sector_ind,2019,9.508
zmb,sex_f,age_10yrbands_y25_34,eco_sector_ind,2020,19.341
zmb,sex_f,age_10yrbands_y25_34,eco_sector_ind,2021,16.398
zmb,sex_f,age_10yrbands_y25_34,eco_sector_ind,2022,21.076
zmb,sex_f,age_10yrbands_y25_34,eco_sector_ind,2023,12.656
zmb,sex_f,age_10yrbands_y25_34,eco_sector_ind,2024,21.615
zmb,sex_f,age_10yrbands_y25_34,eco_sector_nag,2017,189.909
zmb,sex_f,age_10yrbands_y25_34,eco_sector_nag,2018,152.717
zmb,sex_f,age_10yrbands_y25_34,eco_sector_nag,2019,180.231
zmb,sex_f,age_10yrbands_y25_34,eco_sector_nag,2020,203.574
zmb,sex_f,age_10yrbands_y25_34,eco_sector_nag,2021,202.003
zmb,sex_f,age_10yrbands_y25_34,eco_sector_nag,2022,231.629
zmb,sex_f,age_10yrbands_y25_34,eco_sector_nag,2023,235.742
zmb,sex_f,age_10yrbands_y25_34,eco_sector_nag,2024,240.449
zmb,sex_f,age_10yrbands_y25_34,eco_sector_ser,2017,175.292
zmb,sex_f,age_10yrbands_y25_34,eco_sector_ser,2018,138.498
zmb,sex_f,age_10yrbands_y25_34,eco_sector_ser,2019,170.722
zmb,sex_f,age_10yrbands_y25_34,eco_sector_ser,2020,184.234
zmb,sex_f,age_10yrbands_y25_34,eco_sector_ser,2021,185.605
zmb,sex_f,age_10yrbands_y25_34,eco_sector_ser,2022,210.554
zmb,sex_f,age_10yrbands_y25_34,eco_sector_ser,2023,223.086
zmb,sex_f,age_10yrbands_y25_34,eco_sector_ser,2024,218.835
zmb,sex_f,age_10yrbands_y25_34,eco_sector_total,2017,570.177
zmb,sex_f,age_10yrbands_y25_34,eco_sector_total,2018,562.863
zmb,sex_f,age_10yrbands_y25_34,eco_sector_total,2019,541.045
zmb,sex_f,age_10yrbands_y25_34,eco_sector_total,2020,627.751
zmb,sex_f,age_10yrbands_y25_34,eco_sector_total,2021,628.79
zmb,sex_f,age_10yrbands_y25_34,eco_sector_total,2022,631.921
zmb,sex_f,age_10yrbands_y25_34,eco_sector_total,2023,711.268
zmb,sex_f,age_10yrbands_y25_34,eco_sector_total,2024,744.976
zmb,sex_f,age_10yrbands_y35_44,eco_aggregate_agr,2017,300.759
zmb,sex_f,age_10yrbands_y35_44,eco_aggregate_agr,2018,291.921
zmb,sex_f,age_10yrbands_y35_44,eco_aggregate_agr,2019,304.008
zmb,sex_f,age_10yrbands_y35_44,eco_aggregate_agr,2020,318.824
zmb,sex_f,age_10yrbands_y35_44,eco_aggregate_agr,2021,304.48
zmb,sex_f,age_10yrbands_y35_44,eco_aggregate_agr,2022,300.179
zmb,sex_f,age_10yrbands_y35_44,eco_aggregate_agr,2023,360.447
zmb,sex_f,age_10yrbands_y35_44,eco_aggregate_agr,2024,399.773
zmb,sex_f,age_10yrbands_y35_44,eco_aggregate_con,2019,0
zmb,sex_f,age_10yrbands_y35_44,eco_aggregate_con,2020,0
zmb,sex_f,age_10yrbands_y35_44,eco_aggregate_con,2022,0
zmb,sex_f,age_10yrbands_y35_44,eco_aggregate_con,2023,0
zmb,sex_f,age_10yrbands_y35_44,eco_aggregate_man,2017,13.541
zmb,sex_f,age_10yrbands_y35_44,eco_aggregate_man,2018,15.577
zmb,sex_f,age_10yrbands_y35_44,eco_aggregate_man,2019,14.48
zmb,sex_f,age_10yrbands_y35_44,eco_aggregate_man,2020,10.142
zmb,sex_f,age_10yrbands_y35_44,eco_aggregate_man,2021,17.893
zmb,sex_f,age_10yrbands_y35_44,eco_aggregate_man,2022,18.444
zmb,sex_f,age_10yrbands_y35_44,eco_aggregate_man,2023,11.271
zmb,sex_f,age_10yrbands_y35_44,eco_aggregate_man,2024,15.575
zmb,sex_f,age_10yrbands_y35_44,eco_aggregate_mkt,2017,108.2
zmb,sex_f,age_10yrbands_y35_44,eco_aggregate_mkt,2018,106.438
zmb,sex_f,age_10yrbands_y35_44,eco_aggregate_mkt,2019,153.451
zmb,sex_f,age_10yrbands_y35_44,eco_aggregate_mkt,2020,128.193
zmb,sex_f,age_10yrbands_y35_44,eco_aggregate_mkt,2021,137.236
zmb,sex_f,age_10yrbands_y35_44,eco_aggregate_mkt,2022,155.357
zmb,sex_f,age_10yrbands_y35_44,eco_aggregate_mkt,2023,167.63
zmb,sex_f,age_10yrbands_y35_44,eco_aggregate_mkt,2024,145.672
zmb,sex_f,age_10yrbands_y35_44,eco_aggregate_pub,2017,41.042
zmb,sex_f,age_10yrbands_y35_44,eco_aggregate_pub,2018,32.606
zmb,sex_f,age_10yrbands_y35_44,eco_aggregate_pub,2019,34.98
zmb,sex_f,age_10yrbands_y35_44,eco_aggregate_pub,2020,28.383
zmb,sex_f,age_10yrbands_y35_44,eco_aggregate_pub,2021,43.196
zmb,sex_f,age_10yrbands_y35_44,eco_aggregate_pub,2022,40.85
zmb,sex_f,age_10yrbands_y35_44,eco_aggregate_pub,2023,44.824
zmb,sex_f,age_10yrbands_y35_44,eco_aggregate_pub,2024,38.709
zmb,sex_f,age_10yrbands_y35_44,eco_aggregate_total,2017,463.542
zmb,sex_f,age_10yrbands_y35_44,eco_aggregate_total,2018,447.911
zmb,sex_f,age_10yrbands_y35_44,eco_aggregate_total,2019,508.225
zmb,sex_f,age_10yrbands_y35_44,eco_aggregate_total,2020,485.704
zmb,sex_f,age_10yrbands_y35_44,eco_aggregate_total,2021,504.511
zmb,sex_f,age_10yrbands_y35_44,eco_aggregate_total,2022,515.705
zmb,sex_f,age_10yrbands_y35_44,eco_aggregate_total,2023,585.912
zmb,sex_f,age_10yrbands_y35_44,eco_aggregate_total,2024,601.505
zmb,sex_f,age_10yrbands_y35_44,eco_sector_agr,2017,300.759
zmb,sex_f,age_10yrbands_y35_44,eco_sector_agr,2018,291.921
zmb,sex_f,age_10yrbands_y35_44,eco_sector_agr,2019,304.008
zmb,sex_f,age_10yrbands_y35_44,eco_sector_agr,2020,318.824
zmb,sex_f,age_10yrbands_y35_44,eco_sector_agr,2021,304.48
zmb,sex_f,age_10yrbands_y35_44,eco_sector_agr,2022,300.179
zmb,sex_f,age_10yrbands_y35_44,eco_sector_agr,2023,360.447
zmb,sex_f,age_10yrbands_y35_44,eco_sector_agr,2024,399.773
zmb,sex_f,age_10yrbands_y35_44,eco_sector_ind,2017,13.541
zmb,sex_f,age_10yrbands_y35_44,eco_sector_ind,2018,16.946
zmb,sex_f,age_10yrbands_y35_44,eco_sector_ind,2019,15.785
zmb,sex_f,age_10yrbands_y35_44,eco_sector_ind,2020,10.303
zmb,sex_f,age_10yrbands_y35_44,eco_sector_ind,2021,19.598
zmb,sex_f,age_10yrbands_y35_44,eco_sector_ind,2022,19.319
zmb,sex_f,age_10yrbands_y35_44,eco_sector_ind,2023,13.011
zmb,sex_f,age_10yrbands_y35_44,eco_sector_ind,2024,17.351
zmb,sex_f,age_10yrbands_y35_44,eco_sector_nag,2017,162.783
zmb,sex_f,age_10yrbands_y35_44,eco_sector_nag,2018,155.989
zmb,sex_f,age_10yrbands_y35_44,eco_sector_nag,2019,204.217
zmb,sex_f,age_10yrbands_y35_44,eco_sector_nag,2020,166.88
zmb,sex_f,age_10yrbands_y35_44,eco_sector_nag,2021,200.03
zmb,sex_f,age_10yrbands_y35_44,eco_sector_nag,2022,215.526
zmb,sex_f,age_10yrbands_y35_44,eco_sector_nag,2023,225.466
zmb,sex_f,age_10yrbands_y35_44,eco_sector_nag,2024,201.732
zmb,sex_f,age_10yrbands_y35_44,eco_sector_ser,2017,149.242
zmb,sex_f,age_10yrbands_y35_44,eco_sector_ser,2018,139.044
zmb,sex_f,age_10yrbands_y35_44,eco_sector_ser,2019,188.432
zmb,sex_f,age_10yrbands_y35_44,eco_sector_ser,2020,156.577
zmb,sex_f,age_10yrbands_y35_44,eco_sector_ser,2021,180.432
zmb,sex_f,age_10yrbands_y35_44,eco_sector_ser,2022,196.207
zmb,sex_f,age_10yrbands_y35_44,eco_sector_ser,2023,212.454
zmb,sex_f,age_10yrbands_y35_44,eco_sector_ser,2024,184.381
zmb,sex_f,age_10yrbands_y35_44,eco_sector_total,2017,463.542
zmb,sex_f,age_10yrbands_y35_44,eco_sector_total,2018,447.911
zmb,sex_f,age_10yrbands_y35_44,eco_sector_total,2019,508.225
zmb,sex_f,age_10yrbands_y35_44,eco_sector_total,2020,485.704
zmb,sex_f,age_10yrbands_y35_44,eco_sector_total,2021,504.511
zmb,sex_f,age_10yrbands_y35_44,eco_sector_total,2022,515.705
zmb,sex_f,age_10yrbands_y35_44,eco_sector_total,2023,585.912
zmb,sex_f,age_10yrbands_y35_44,eco_sector_total,2024,601.505
zmb,sex_f,age_10yrbands_y45_54,eco_aggregate_agr,2017,198.981
zmb,sex_f,age_10yrbands_y45_54,eco_aggregate_agr,2018,201.131
zmb,sex_f,age_10yrbands_y45_54,eco_aggregate_agr,2019,211.138
zmb,sex_f,age_10yrbands_y45_54,eco_aggregate_agr,2020,183.026
zmb,sex_f,age_10yrbands_y45_54,eco_aggregate_agr,2021,209.067
zmb,sex_f,age_10yrbands_y45_54,eco_aggregate_agr,2022,216.033
zmb,sex_f,age_10yrbands_y45_54,eco_aggregate_agr,2023,223.064
zmb,sex_f,age_10yrbands_y45_54,eco_aggregate_agr,2024,275.717
zmb,sex_f,age_10yrbands_y45_54,eco_aggregate_con,2019,0
zmb,sex_f,age_10yrbands_y45_54,eco_aggregate_con,2020,0
zmb,sex_f,age_10yrbands_y45_54,eco_aggregate_con,2021,1.015
zmb,sex_f,age_10yrbands_y45_54,eco_aggregate_con,2022,0
zmb,sex_f,age_10yrbands_y45_54,eco_aggregate_con,2023,0
zmb,sex_f,age_10yrbands_y45_54,eco_aggregate_con,2024,0
zmb,sex_f,age_10yrbands_y45_54,eco_aggregate_man,2017,5.809
zmb,sex_f,age_10yrbands_y45_54,eco_aggregate_man,2018,4.241
zmb,sex_f,age_10yrbands_y45_54,eco_aggregate_man,2019,7.221
zmb,sex_f,age_10yrbands_y45_54,eco_aggregate_man,2020,13.67
zmb,sex_f,age_10yrbands_y45_54,eco_aggregate_man,2021,10.309
zmb,sex_f,age_10yrbands_y45_54,eco_aggregate_man,2022,12.997
zmb,sex_f,age_10yrbands_y45_54,eco_aggregate_man,2023,14.808
zmb,sex_f,age_10yrbands_y45_54,eco_aggregate_man,2024,12.814
zmb,sex_f,age_10yrbands_y45_54,eco_aggregate_mkt,2017,67.242
zmb,sex_f,age_10yrbands_y45_54,eco_aggregate_mkt,2018,60.347
zmb,sex_f,age_10yrbands_y45_54,eco_aggregate_mkt,2019,63.823
zmb,sex_f,age_10yrbands_y45_54,eco_aggregate_mkt,2020,48.947
zmb,sex_f,age_10yrbands_y45_54,eco_aggregate_mkt,2021,72.821
zmb,sex_f,age_10yrbands_y45_54,eco_aggregate_mkt,2022,87.074
zmb,sex_f,age_10yrbands_y45_54,eco_aggregate_mkt,2023,104.106
zmb,sex_f,age_10yrbands_y45_54,eco_aggregate_mkt,2024,86.132
zmb,sex_f,age_10yrbands_y45_54,eco_aggregate_pub,2017,13.5
zmb,sex_f,age_10yrbands_y45_54,eco_aggregate_pub,2018,8.809
zmb,sex_f,age_10yrbands_y45_54,eco_aggregate_pub,2019,21.983
zmb,sex_f,age_10yrbands_y45_54,eco_aggregate_pub,2020,14.292
zmb,sex_f,age_10yrbands_y45_54,eco_aggregate_pub,2021,11.888
zmb,sex_f,age_10yrbands_y45_54,eco_aggregate_pub,2022,14.175
zmb,sex_f,age_10yrbands_y45_54,eco_aggregate_pub,2023,24.302
zmb,sex_f,age_10yrbands_y45_54,eco_aggregate_pub,2024,16.815
zmb,sex_f,age_10yrbands_y45_54,eco_aggregate_total,2017,286.33
zmb,sex_f,age_10yrbands_y45_54,eco_aggregate_total,2018,274.977
zmb,sex_f,age_10yrbands_y45_54,eco_aggregate_total,2019,306.006
zmb,sex_f,age_10yrbands_y45_54,eco_aggregate_total,2020,261.061
zmb,sex_f,age_10yrbands_y45_54,eco_aggregate_total,2021,305.1
zmb,sex_f,age_10yrbands_y45_54,eco_aggregate_total,2022,330.582
zmb,sex_f,age_10yrbands_y45_54,eco_aggregate_total,2023,366.572
zmb,sex_f,age_10yrbands_y45_54,eco_aggregate_total,2024,392.178
zmb,sex_f,age_10yrbands_y45_54,eco_sector_agr,2017,198.981
zmb,sex_f,age_10yrbands_y45_54,eco_sector_agr,2018,201.131
zmb,sex_f,age_10yrbands_y45_54,eco_sector_agr,2019,211.138
zmb,sex_f,age_10yrbands_y45_54,eco_sector_agr,2020,183.026
zmb,sex_f,age_10yrbands_y45_54,eco_sector_agr,2021,209.067
zmb,sex_f,age_10yrbands_y45_54,eco_sector_agr,2022,216.033
zmb,sex_f,age_10yrbands_y45_54,eco_sector_agr,2023,223.064
zmb,sex_f,age_10yrbands_y45_54,eco_sector_agr,2024,275.717
zmb,sex_f,age_10yrbands_y45_54,eco_sector_ind,2017,6.607
zmb,sex_f,age_10yrbands_y45_54,eco_sector_ind,2018,4.69
zmb,sex_f,age_10yrbands_y45_54,eco_sector_ind,2019,9.063
zmb,sex_f,age_10yrbands_y45_54,eco_sector_ind,2020,14.796
zmb,sex_f,age_10yrbands_y45_54,eco_sector_ind,2021,11.324
zmb,sex_f,age_10yrbands_y45_54,eco_sector_ind,2022,13.3
zmb,sex_f,age_10yrbands_y45_54,eco_sector_ind,2023,15.101
zmb,sex_f,age_10yrbands_y45_54,eco_sector_ind,2024,13.513
zmb,sex_f,age_10yrbands_y45_54,eco_sector_nag,2017,87.349
zmb,sex_f,age_10yrbands_y45_54,eco_sector_nag,2018,73.846
zmb,sex_f,age_10yrbands_y45_54,eco_sector_nag,2019,94.868
zmb,sex_f,age_10yrbands_y45_54,eco_sector_nag,2020,78.035
zmb,sex_f,age_10yrbands_y45_54,eco_sector_nag,2021,96.033
zmb,sex_f,age_10yrbands_y45_54,eco_sector_nag,2022,114.549
zmb,sex_f,age_10yrbands_y45_54,eco_sector_nag,2023,143.508
zmb,sex_f,age_10yrbands_y45_54,eco_sector_nag,2024,116.461
zmb,sex_f,age_10yrbands_y45_54,eco_sector_ser,2017,80.742
zmb,sex_f,age_10yrbands_y45_54,eco_sector_ser,2018,69.156
zmb,sex_f,age_10yrbands_y45_54,eco_sector_ser,2019,85.806
zmb,sex_f,age_10yrbands_y45_54,eco_sector_ser,2020,63.239
zmb,sex_f,age_10yrbands_y45_54,eco_sector_ser,2021,84.71
zmb,sex_f,age_10yrbands_y45_54,eco_sector_ser,2022,101.249
zmb,sex_f,age_10yrbands_y45_54,eco_sector_ser,2023,128.407
zmb,sex_f,age_10yrbands_y45_54,eco_sector_ser,2024,102.948
zmb,sex_f,age_10yrbands_y45_54,eco_sector_total,2017,286.33
zmb,sex_f,age_10yrbands_y45_54,eco_sector_total,2018,274.977
zmb,sex_f,age_10yrbands_y45_54,eco_sector_total,2019,306.006
zmb,sex_f,age_10yrbands_y45_54,eco_sector_total,2020,261.061
zmb,sex_f,age_10yrbands_y45_54,eco_sector_total,2021,305.1
zmb,sex_f,age_10yrbands_y45_54,eco_sector_total,2022,330.582
zmb,sex_f,age_10yrbands_y45_54,eco_sector_total,2023,366.572
zmb,sex_f,age_10yrbands_y45_54,eco_sector_total,2024,392.178
zmb,sex_f,age_10yrbands_y55_64,eco_aggregate_agr,2017,133.105
zmb,sex_f,age_10yrbands_y55_64,eco_aggregate_agr,2018,131.638
zmb,sex_f,age_10yrbands_y55_64,eco_aggregate_agr,2019,123.877
zmb,sex_f,age_10yrbands_y55_64,eco_aggregate_agr,2020,132.988
zmb,sex_f,age_10yrbands_y55_64,eco_aggregate_agr,2021,130.62
zmb,sex_f,age_10yrbands_y55_64,eco_aggregate_agr,2022,137.704
zmb,sex_f,age_10yrbands_y55_64,eco_aggregate_agr,2023,164.281
zmb,sex_f,age_10yrbands_y55_64,eco_aggregate_agr,2024,156.099
zmb,sex_f,age_10yrbands_y55_64,eco_aggregate_con,2019,0
zmb,sex_f,age_10yrbands_y55_64,eco_aggregate_con,2022,0
zmb,sex_f,age_10yrbands_y55_64,eco_aggregate_con,2023,0
zmb,sex_f,age_10yrbands_y55_64,eco_aggregate_man,2017,4.362
zmb,sex_f,age_10yrbands_y55_64,eco_aggregate_man,2018,1.916
zmb,sex_f,age_10yrbands_y55_64,eco_aggregate_man,2019,4.423
zmb,sex_f,age_10yrbands_y55_64,eco_aggregate_man,2020,4.494
zmb,sex_f,age_10yrbands_y55_64,eco_aggregate_man,2021,5.811
zmb,sex_f,age_10yrbands_y55_64,eco_aggregate_man,2022,5.785
zmb,sex_f,age_10yrbands_y55_64,eco_aggregate_man,2023,7.742
zmb,sex_f,age_10yrbands_y55_64,eco_aggregate_man,2024,9.39
zmb,sex_f,age_10yrbands_y55_64,eco_aggregate_mkt,2017,27.914
zmb,sex_f,age_10yrbands_y55_64,eco_aggregate_mkt,2018,25.808
zmb,sex_f,age_10yrbands_y55_64,eco_aggregate_mkt,2019,33.143
zmb,sex_f,age_10yrbands_y55_64,eco_aggregate_mkt,2020,39.954
zmb,sex_f,age_10yrbands_y55_64,eco_aggregate_mkt,2021,35.818
zmb,sex_f,age_10yrbands_y55_64,eco_aggregate_mkt,2022,37.129
zmb,sex_f,age_10yrbands_y55_64,eco_aggregate_mkt,2023,33.001
zmb,sex_f,age_10yrbands_y55_64,eco_aggregate_mkt,2024,34.358
zmb,sex_f,age_10yrbands_y55_64,eco_aggregate_pub,2017,7.682
zmb,sex_f,age_10yrbands_y55_64,eco_aggregate_pub,2018,6.208
zmb,sex_f,age_10yrbands_y55_64,eco_aggregate_pub,2019,3.591
zmb,sex_f,age_10yrbands_y55_64,eco_aggregate_pub,2020,3.023
zmb,sex_f,age_10yrbands_y55_64,eco_aggregate_pub,2021,7.323
zmb,sex_f,age_10yrbands_y55_64,eco_aggregate_pub,2022,2.603
zmb,sex_f,age_10yrbands_y55_64,eco_aggregate_pub,2023,4.895
zmb,sex_f,age_10yrbands_y55_64,eco_aggregate_pub,2024,4.402
zmb,sex_f,age_10yrbands_y55_64,eco_aggregate_total,2017,173.064
zmb,sex_f,age_10yrbands_y55_64,eco_aggregate_total,2018,166.432
zmb,sex_f,age_10yrbands_y55_64,eco_aggregate_total,2019,165.034
zmb,sex_f,age_10yrbands_y55_64,eco_aggregate_total,2020,180.459
zmb,sex_f,age_10yrbands_y55_64,eco_aggregate_total,2021,179.572
zmb,sex_f,age_10yrbands_y55_64,eco_aggregate_total,2022,183.222
zmb,sex_f,age_10yrbands_y55_64,eco_aggregate_total,2023,210.532
zmb,sex_f,age_10yrbands_y55_64,eco_aggregate_total,2024,205.106
zmb,sex_f,age_10yrbands_y55_64,eco_sector_agr,2017,133.105
zmb,sex_f,age_10yrbands_y55_64,eco_sector_agr,2018,131.638
zmb,sex_f,age_10yrbands_y55_64,eco_sector_agr,2019,123.877
zmb,sex_f,age_10yrbands_y55_64,eco_sector_agr,2020,132.988
zmb,sex_f,age_10yrbands_y55_64,eco_sector_agr,2021,130.62
zmb,sex_f,age_10yrbands_y55_64,eco_sector_agr,2022,137.704
zmb,sex_f,age_10yrbands_y55_64,eco_sector_agr,2023,164.281
zmb,sex_f,age_10yrbands_y55_64,eco_sector_agr,2024,156.099
zmb,sex_f,age_10yrbands_y55_64,eco_sector_ind,2017,4.362
zmb,sex_f,age_10yrbands_y55_64,eco_sector_ind,2018,2.78
zmb,sex_f,age_10yrbands_y55_64,eco_sector_ind,2019,4.423
zmb,sex_f,age_10yrbands_y55_64,eco_sector_ind,2020,4.494
zmb,sex_f,age_10yrbands_y55_64,eco_sector_ind,2021,5.811
zmb,sex_f,age_10yrbands_y55_64,eco_sector_ind,2022,5.785
zmb,sex_f,age_10yrbands_y55_64,eco_sector_ind,2023,8.355
zmb,sex_f,age_10yrbands_y55_64,eco_sector_ind,2024,10.248
zmb,sex_f,age_10yrbands_y55_64,eco_sector_nag,2017,39.958
zmb,sex_f,age_10yrbands_y55_64,eco_sector_nag,2018,34.795
zmb,sex_f,age_10yrbands_y55_64,eco_sector_nag,2019,41.157
zmb,sex_f,age_10yrbands_y55_64,eco_sector_nag,2020,47.471
zmb,sex_f,age_10yrbands_y55_64,eco_sector_nag,2021,48.952
zmb,sex_f,age_10yrbands_y55_64,eco_sector_nag,2022,45.517
zmb,sex_f,age_10yrbands_y55_64,eco_sector_nag,2023,46.251
zmb,sex_f,age_10yrbands_y55_64,eco_sector_nag,2024,49.007
zmb,sex_f,age_10yrbands_y55_64,eco_sector_ser,2017,35.596
zmb,sex_f,age_10yrbands_y55_64,eco_sector_ser,2018,32.015
zmb,sex_f,age_10yrbands_y55_64,eco_sector_ser,2019,36.734
zmb,sex_f,age_10yrbands_y55_64,eco_sector_ser,2020,42.977
zmb,sex_f,age_10yrbands_y55_64,eco_sector_ser,2021,43.141
zmb,sex_f,age_10yrbands_y55_64,eco_sector_ser,2022,39.732
zmb,sex_f,age_10yrbands_y55_64,eco_sector_ser,2023,37.896
zmb,sex_f,age_10yrbands_y55_64,eco_sector_ser,2024,38.759
zmb,sex_f,age_10yrbands_y55_64,eco_sector_total,2017,173.064
zmb,sex_f,age_10yrbands_y55_64,eco_sector_total,2018,166.432
zmb,sex_f,age_10yrbands_y55_64,eco_sector_total,2019,165.034
zmb,sex_f,age_10yrbands_y55_64,eco_sector_total,2020,180.459
zmb,sex_f,age_10yrbands_y55_64,eco_sector_total,2021,179.572
zmb,sex_f,age_10yrbands_y55_64,eco_sector_total,2022,183.222
zmb,sex_f,age_10yrbands_y55_64,eco_sector_total,2023,210.532
zmb,sex_f,age_10yrbands_y55_64,eco_sector_total,2024,205.106
zmb,sex_f,age_10yrbands_yge65,eco_aggregate_agr,2017,120.365
zmb,sex_f,age_10yrbands_yge65,eco_aggregate_agr,2018,124.167
zmb,sex_f,age_10yrbands_yge65,eco_aggregate_agr,2019,89.559
zmb,sex_f,age_10yrbands_yge65,eco_aggregate_agr,2020,100.784
zmb,sex_f,age_10yrbands_yge65,eco_aggregate_agr,2021,95.333
zmb,sex_f,age_10yrbands_yge65,eco_aggregate_agr,2022,88.835
zmb,sex_f,age_10yrbands_yge65,eco_aggregate_agr,2023,116.164
zmb,sex_f,age_10yrbands_yge65,eco_aggregate_agr,2024,113.184
zmb,sex_f,age_10yrbands_yge65,eco_aggregate_man,2017,1.746
zmb,sex_f,age_10yrbands_yge65,eco_aggregate_man,2019,2.81
zmb,sex_f,age_10yrbands_yge65,eco_aggregate_man,2021,5.047
zmb,sex_f,age_10yrbands_yge65,eco_aggregate_man,2024,4.176
zmb,sex_f,age_10yrbands_yge65,eco_aggregate_mkt,2017,13.264
zmb,sex_f,age_10yrbands_yge65,eco_aggregate_mkt,2018,14.481
zmb,sex_f,age_10yrbands_yge65,eco_aggregate_mkt,2019,11.659
zmb,sex_f,age_10yrbands_yge65,eco_aggregate_mkt,2020,14.704
zmb,sex_f,age_10yrbands_yge65,eco_aggregate_mkt,2021,8.627
zmb,sex_f,age_10yrbands_yge65,eco_aggregate_mkt,2022,18.073
zmb,sex_f,age_10yrbands_yge65,eco_aggregate_mkt,2023,21.448
zmb,sex_f,age_10yrbands_yge65,eco_aggregate_mkt,2024,15.909
zmb,sex_f,age_10yrbands_yge65,eco_aggregate_pub,2023,1.603
zmb,sex_f,age_10yrbands_yge65,eco_aggregate_total,2017,135.798
zmb,sex_f,age_10yrbands_yge65,eco_aggregate_total,2018,141.274
zmb,sex_f,age_10yrbands_yge65,eco_aggregate_total,2019,107.636
zmb,sex_f,age_10yrbands_yge65,eco_aggregate_total,2020,117.812
zmb,sex_f,age_10yrbands_yge65,eco_aggregate_total,2021,110.16
zmb,sex_f,age_10yrbands_yge65,eco_aggregate_total,2022,110.761
zmb,sex_f,age_10yrbands_yge65,eco_aggregate_total,2023,141.583
zmb,sex_f,age_10yrbands_yge65,eco_aggregate_total,2024,134.581
zmb,sex_f,age_10yrbands_yge65,eco_sector_agr,2017,120.365
zmb,sex_f,age_10yrbands_yge65,eco_sector_agr,2018,124.167
zmb,sex_f,age_10yrbands_yge65,eco_sector_agr,2019,89.559
zmb,sex_f,age_10yrbands_yge65,eco_sector_agr,2020,100.784
zmb,sex_f,age_10yrbands_yge65,eco_sector_agr,2021,95.333
zmb,sex_f,age_10yrbands_yge65,eco_sector_agr,2022,88.835
zmb,sex_f,age_10yrbands_yge65,eco_sector_agr,2023,116.164
zmb,sex_f,age_10yrbands_yge65,eco_sector_agr,2024,113.184
zmb,sex_f,age_10yrbands_yge65,eco_sector_ind,2017,1.746
zmb,sex_f,age_10yrbands_yge65,eco_sector_ind,2019,3.287
zmb,sex_f,age_10yrbands_yge65,eco_sector_ind,2021,5.047
zmb,sex_f,age_10yrbands_yge65,eco_sector_ind,2024,4.176
zmb,sex_f,age_10yrbands_yge65,eco_sector_nag,2017,15.434
zmb,sex_f,age_10yrbands_yge65,eco_sector_nag,2018,17.107
zmb,sex_f,age_10yrbands_yge65,eco_sector_nag,2019,18.077
zmb,sex_f,age_10yrbands_yge65,eco_sector_nag,2020,17.028
zmb,sex_f,age_10yrbands_yge65,eco_sector_nag,2021,14.828
zmb,sex_f,age_10yrbands_yge65,eco_sector_nag,2022,21.926
zmb,sex_f,age_10yrbands_yge65,eco_sector_nag,2023,25.419
zmb,sex_f,age_10yrbands_yge65,eco_sector_nag,2024,21.397
zmb,sex_f,age_10yrbands_yge65,eco_sector_ser,2017,13.688
zmb,sex_f,age_10yrbands_yge65,eco_sector_ser,2018,15.894
zmb,sex_f,age_10yrbands_yge65,eco_sector_ser,2019,14.79
zmb,sex_f,age_10yrbands_yge65,eco_sector_ser,2020,16.054
zmb,sex_f,age_10yrbands_yge65,eco_sector_ser,2021,9.781
zmb,sex_f,age_10yrbands_yge65,eco_sector_ser,2022,21.217
zmb,sex_f,age_10yrbands_yge65,eco_sector_ser,2023,23.051
zmb,sex_f,age_10yrbands_yge65,eco_sector_ser,2024,17.221
zmb,sex_f,age_10yrbands_yge65,eco_sector_total,2017,135.798
zmb,sex_f,age_10yrbands_yge65,eco_sector_total,2018,141.274
zmb,sex_f,age_10yrbands_yge65,eco_sector_total,2019,107.636
zmb,sex_f,age_10yrbands_yge65,eco_sector_total,2020,117.812
zmb,sex_f,age_10yrbands_yge65,eco_sector_total,2021,110.16
zmb,sex_f,age_10yrbands_yge65,eco_sector_total,2022,110.761
zmb,sex_f,age_10yrbands_yge65,eco_sector_total,2023,141.583
zmb,sex_f,age_10yrbands_yge65,eco_sector_total,2024,134.581
zmb,sex_f,age_aggregate_total,eco_aggregate_agr,2017,1630.528
zmb,sex_f,age_aggregate_total,eco_aggregate_agr,2018,1616.162
zmb,sex_f,age_aggregate_total,eco_aggregate_agr,2019,1545.319
zmb,sex_f,age_aggregate_total,eco_aggregate_agr,2020,1684.24
zmb,sex_f,age_aggregate_total,eco_aggregate_agr,2021,1609.331
zmb,sex_f,age_aggregate_total,eco_aggregate_agr,2022,1575.855
zmb,sex_f,age_aggregate_total,eco_aggregate_agr,2023,1828.052
zmb,sex_f,age_aggregate_total,eco_aggregate_agr,2024,2002.807
zmb,sex_f,age_aggregate_total,eco_aggregate_con,2021,2.701
zmb,sex_f,age_aggregate_total,eco_aggregate_man,2017,44.25
zmb,sex_f,age_aggregate_total,eco_aggregate_man,2018,43.373
zmb,sex_f,age_aggregate_total,eco_aggregate_man,2019,41.381
zmb,sex_f,age_aggregate_total,eco_aggregate_man,2020,54.83
zmb,sex_f,age_aggregate_total,eco_aggregate_man,2021,62.587
zmb,sex_f,age_aggregate_total,eco_aggregate_man,2022,63.816
zmb,sex_f,age_aggregate_total,eco_aggregate_man,2023,55.782
zmb,sex_f,age_aggregate_total,eco_aggregate_man,2024,67.839
zmb,sex_f,age_aggregate_total,eco_aggregate_mel,2018,4.53
zmb,sex_f,age_aggregate_total,eco_aggregate_mel,2019,6.313
zmb,sex_f,age_aggregate_total,eco_aggregate_mel,2020,2.45
zmb,sex_f,age_aggregate_total,eco_aggregate_mel,2022,2.523
zmb,sex_f,age_aggregate_total,eco_aggregate_mel,2023,5.945
zmb,sex_f,age_aggregate_total,eco_aggregate_mel,2024,5.467
zmb,sex_f,age_aggregate_total,eco_aggregate_mkt,2017,392.685
zmb,sex_f,age_aggregate_total,eco_aggregate_mkt,2018,348.691
zmb,sex_f,age_aggregate_total,eco_aggregate_mkt,2019,431.454
zmb,sex_f,age_aggregate_total,eco_aggregate_mkt,2020,422.316
zmb,sex_f,age_aggregate_total,eco_aggregate_mkt,2021,452.658
zmb,sex_f,age_aggregate_total,eco_aggregate_mkt,2022,509.164
zmb,sex_f,age_aggregate_total,eco_aggregate_mkt,2023,550.628
zmb,sex_f,age_aggregate_total,eco_aggregate_mkt,2024,496.624
zmb,sex_f,age_aggregate_total,eco_aggregate_pub,2017,145.328
zmb,sex_f,age_aggregate_total,eco_aggregate_pub,2018,118.906
zmb,sex_f,age_aggregate_total,eco_aggregate_pub,2019,143.79
zmb,sex_f,age_aggregate_total,eco_aggregate_pub,2020,124.044
zmb,sex_f,age_aggregate_total,eco_aggregate_pub,2021,135.646
zmb,sex_f,age_aggregate_total,eco_aggregate_pub,2022,149.845
zmb,sex_f,age_aggregate_total,eco_aggregate_pub,2023,176.304
zmb,sex_f,age_aggregate_total,eco_aggregate_pub,2024,165.946
zmb,sex_f,age_aggregate_total,eco_aggregate_total,2017,2214.564
zmb,sex_f,age_aggregate_total,eco_aggregate_total,2018,2132.11
zmb,sex_f,age_aggregate_total,eco_aggregate_total,2019,2168.769
zmb,sex_f,age_aggregate_total,eco_aggregate_total,2020,2289.037
zmb,sex_f,age_aggregate_total,eco_aggregate_total,2021,2264.032
zmb,sex_f,age_aggregate_total,eco_aggregate_total,2022,2302.017
zmb,sex_f,age_aggregate_total,eco_aggregate_total,2023,2618.629
zmb,sex_f,age_aggregate_total,eco_aggregate_total,2024,2740.251
zmb,sex_f,age_aggregate_total,eco_isic4_a,2017,1630.528
zmb,sex_f,age_aggregate_total,eco_isic4_a,2018,1616.162
zmb,sex_f,age_aggregate_total,eco_isic4_a,2019,1545.319
zmb,sex_f,age_aggregate_total,eco_isic4_a,2020,1684.24
zmb,sex_f,age_aggregate_total,eco_isic4_a,2021,1609.331
zmb,sex_f,age_aggregate_total,eco_isic4_a,2022,1575.855
zmb,sex_f,age_aggregate_total,eco_isic4_a,2023,1828.052
zmb,sex_f,age_aggregate_total,eco_isic4_a,2024,2002.807
zmb,sex_f,age_aggregate_total,eco_isic4_b,2018,4.53
zmb,sex_f,age_aggregate_total,eco_isic4_b,2019,6.313
zmb,sex_f,age_aggregate_total,eco_isic4_b,2022,1.844
zmb,sex_f,age_aggregate_total,eco_isic4_b,2023,4.367
zmb,sex_f,age_aggregate_total,eco_isic4_b,2024,4.801
zmb,sex_f,age_aggregate_total,eco_isic4_c,2017,44.25
zmb,sex_f,age_aggregate_total,eco_isic4_c,2018,43.373
zmb,sex_f,age_aggregate_total,eco_isic4_c,2019,41.381
zmb,sex_f,age_aggregate_total,eco_isic4_c,2020,54.83
zmb,sex_f,age_aggregate_total,eco_isic4_c,2021,62.587
zmb,sex_f,age_aggregate_total,eco_isic4_c,2022,63.816
zmb,sex_f,age_aggregate_total,eco_isic4_c,2023,55.782
zmb,sex_f,age_aggregate_total,eco_isic4_c,2024,67.839
zmb,sex_f,age_aggregate_total,eco_isic4_f,2021,2.701
zmb,sex_f,age_aggregate_total,eco_isic4_g,2017,354.655
zmb,sex_f,age_aggregate_total,eco_isic4_g,2018,304.445
zmb,sex_f,age_aggregate_total,eco_isic4_g,2019,382.67
zmb,sex_f,age_aggregate_total,eco_isic4_g,2020,362.462
zmb,sex_f,age_aggregate_total,eco_isic4_g,2021,360.465
zmb,sex_f,age_aggregate_total,eco_isic4_g,2022,430.963
zmb,sex_f,age_aggregate_total,eco_isic4_g,2023,460.103
zmb,sex_f,age_aggregate_total,eco_isic4_g,2024,469.459
zmb,sex_f,age_aggregate_total,eco_isic4_i,2017,14.142
zmb,sex_f,age_aggregate_total,eco_isic4_i,2018,22.63
zmb,sex_f,age_aggregate_total,eco_isic4_i,2019,24.945
zmb,sex_f,age_aggregate_total,eco_isic4_i,2020,28.455
zmb,sex_f,age_aggregate_total,eco_isic4_i,2021,37.422
zmb,sex_f,age_aggregate_total,eco_isic4_i,2022,33.906
zmb,sex_f,age_aggregate_total,eco_isic4_i,2023,35.266
zmb,sex_f,age_aggregate_total,eco_isic4_i,2024,10.938
zmb,sex_f,age_aggregate_total,eco_isic4_k,2020,2.832
zmb,sex_f,age_aggregate_total,eco_isic4_k,2021,2.951
zmb,sex_f,age_aggregate_total,eco_isic4_k,2022,7.136
zmb,sex_f,age_aggregate_total,eco_isic4_k,2023,5.525
zmb,sex_f,age_aggregate_total,eco_isic4_k,2024,2.828
zmb,sex_f,age_aggregate_total,eco_isic4_l,2017,10.724
zmb,sex_f,age_aggregate_total,eco_isic4_l,2018,4.161
zmb,sex_f,age_aggregate_total,eco_isic4_l,2019,4.767
zmb,sex_f,age_aggregate_total,eco_isic4_l,2020,5.733
zmb,sex_f,age_aggregate_total,eco_isic4_l,2021,9.484
zmb,sex_f,age_aggregate_total,eco_isic4_l,2022,8.429
zmb,sex_f,age_aggregate_total,eco_isic4_l,2023,7.846
zmb,sex_f,age_aggregate_total,eco_isic4_l,2024,8.512
zmb,sex_f,age_aggregate_total,eco_isic4_m,2017,4.847
zmb,sex_f,age_aggregate_total,eco_isic4_m,2020,2.904
zmb,sex_f,age_aggregate_total,eco_isic4_m,2021,1.999
zmb,sex_f,age_aggregate_total,eco_isic4_m,2022,2.534
zmb,sex_f,age_aggregate_total,eco_isic4_m,2023,2.156
zmb,sex_f,age_aggregate_total,eco_isic4_n,2017,5.801
zmb,sex_f,age_aggregate_total,eco_isic4_n,2018,14.79
zmb,sex_f,age_aggregate_total,eco_isic4_n,2019,17.748
zmb,sex_f,age_aggregate_total,eco_isic4_n,2020,17.451
zmb,sex_f,age_aggregate_total,eco_isic4_n,2021,37.07
zmb,sex_f,age_aggregate_total,eco_isic4_n,2022,24.977
zmb,sex_f,age_aggregate_total,eco_isic4_n,2023,38.169
zmb,sex_f,age_aggregate_total,eco_isic4_n,2024,3.593
zmb,sex_f,age_aggregate_total,eco_isic4_p,2017,4.839
zmb,sex_f,age_aggregate_total,eco_isic4_p,2018,2.451
zmb,sex_f,age_aggregate_total,eco_isic4_p,2023,4.795
zmb,sex_f,age_aggregate_total,eco_isic4_p,2024,2.629
zmb,sex_f,age_aggregate_total,eco_isic4_q,2017,1.419
zmb,sex_f,age_aggregate_total,eco_isic4_q,2018,8.927
zmb,sex_f,age_aggregate_total,eco_isic4_q,2019,5.595
zmb,sex_f,age_aggregate_total,eco_isic4_q,2020,5.675
zmb,sex_f,age_aggregate_total,eco_isic4_q,2021,5.529
zmb,sex_f,age_aggregate_total,eco_isic4_q,2022,5.988
zmb,sex_f,age_aggregate_total,eco_isic4_q,2023,8.768
zmb,sex_f,age_aggregate_total,eco_isic4_r,2021,1.923
zmb,sex_f,age_aggregate_total,eco_isic4_s,2017,30.813
zmb,sex_f,age_aggregate_total,eco_isic4_s,2018,52.661
zmb,sex_f,age_aggregate_total,eco_isic4_s,2019,56.779
zmb,sex_f,age_aggregate_total,eco_isic4_s,2020,56.944
zmb,sex_f,age_aggregate_total,eco_isic4_s,2021,49.074
zmb,sex_f,age_aggregate_total,eco_isic4_s,2022,59.019
zmb,sex_f,age_aggregate_total,eco_isic4_s,2023,44.409
zmb,sex_f,age_aggregate_total,eco_isic4_s,2024,38.628
zmb,sex_f,age_aggregate_total,eco_isic4_t,2017,107.482
zmb,sex_f,age_aggregate_total,eco_isic4_t,2018,53.754
zmb,sex_f,age_aggregate_total,eco_isic4_t,2019,76.965
zmb,sex_f,age_aggregate_total,eco_isic4_t,2020,60.45
zmb,sex_f,age_aggregate_total,eco_isic4_t,2021,72.139
zmb,sex_f,age_aggregate_total,eco_isic4_t,2022,72.988
zmb,sex_f,age_aggregate_total,eco_isic4_t,2023,118.332
zmb,sex_f,age_aggregate_total,eco_isic4_t,2024,121.314
zmb,sex_f,age_aggregate_total,eco_isic4_total,2017,2214.564
zmb,sex_f,age_aggregate_total,eco_isic4_total,2018,2132.11
zmb,sex_f,age_aggregate_total,eco_isic4_total,2019,2168.769
zmb,sex_f,age_aggregate_total,eco_isic4_total,2020,2289.037
zmb,sex_f,age_aggregate_total,eco_isic4_total,2021,2264.032
zmb,sex_f,age_aggregate_total,eco_isic4_total,2022,2302.017
zmb,sex_f,age_aggregate_total,eco_isic4_total,2023,2618.629
zmb,sex_f,age_aggregate_total,eco_isic4_total,2024,2740.251
zmb,sex_f,age_aggregate_total,eco_isic4_u,2019,3.943
zmb,sex_f,age_aggregate_total,eco_isic4_u,2021,5.383
zmb,sex_f,age_aggregate_total,eco_sector_agr,2017,1630.528
zmb,sex_f,age_aggregate_total,eco_sector_agr,2018,1616.162
zmb,sex_f,age_aggregate_total,eco_sector_agr,2019,1545.319
zmb,sex_f,age_aggregate_total,eco_sector_agr,2020,1684.24
zmb,sex_f,age_aggregate_total,eco_sector_agr,2021,1609.331
zmb,sex_f,age_aggregate_total,eco_sector_agr,2022,1575.855
zmb,sex_f,age_aggregate_total,eco_sector_agr,2023,1828.052
zmb,sex_f,age_aggregate_total,eco_sector_agr,2024,2002.807
zmb,sex_f,age_aggregate_total,eco_sector_ind,2017,46.023
zmb,sex_f,age_aggregate_total,eco_sector_ind,2018,48.351
zmb,sex_f,age_aggregate_total,eco_sector_ind,2019,48.206
zmb,sex_f,age_aggregate_total,eco_sector_ind,2020,58.437
zmb,sex_f,age_aggregate_total,eco_sector_ind,2021,66.397
zmb,sex_f,age_aggregate_total,eco_sector_ind,2022,67.152
zmb,sex_f,age_aggregate_total,eco_sector_ind,2023,63.647
zmb,sex_f,age_aggregate_total,eco_sector_ind,2024,74.874
zmb,sex_f,age_aggregate_total,eco_sector_nag,2017,584.036
zmb,sex_f,age_aggregate_total,eco_sector_nag,2018,515.948
zmb,sex_f,age_aggregate_total,eco_sector_nag,2019,623.45
zmb,sex_f,age_aggregate_total,eco_sector_nag,2020,604.797
zmb,sex_f,age_aggregate_total,eco_sector_nag,2021,654.701
zmb,sex_f,age_aggregate_total,eco_sector_nag,2022,726.162
zmb,sex_f,age_aggregate_total,eco_sector_nag,2023,790.578
zmb,sex_f,age_aggregate_total,eco_sector_nag,2024,737.444
zmb,sex_f,age_aggregate_total,eco_sector_ser,2017,538.013
zmb,sex_f,age_aggregate_total,eco_sector_ser,2018,467.596
zmb,sex_f,age_aggregate_total,eco_sector_ser,2019,575.244
zmb,sex_f,age_aggregate_total,eco_sector_ser,2020,546.36
zmb,sex_f,age_aggregate_total,eco_sector_ser,2021,588.304
zmb,sex_f,age_aggregate_total,eco_sector_ser,2022,659.009
zmb,sex_f,age_aggregate_total,eco_sector_ser,2023,726.931
zmb,sex_f,age_aggregate_total,eco_sector_ser,2024,662.57
zmb,sex_f,age_aggregate_total,eco_sector_total,2017,2214.564
zmb,sex_f,age_aggregate_total,eco_sector_total,2018,2132.11
zmb,sex_f,age_aggregate_total,eco_sector_total,2019,2168.769
zmb,sex_f,age_aggregate_total,eco_sector_total,2020,2289.037
zmb,sex_f,age_aggregate_total,eco_sector_total,2021,2264.032
zmb,sex_f,age_aggregate_total,eco_sector_total,2022,2302.017
zmb,sex_f,age_aggregate_total,eco_sector_total,2023,2618.629
zmb,sex_f,age_aggregate_total,eco_sector_total,2024,2740.251
zmb,sex_f,age_aggregate_y15_24,eco_aggregate_agr,2017,497.05
zmb,sex_f,age_aggregate_y15_24,eco_aggregate_agr,2018,457.159
zmb,sex_f,age_aggregate_y15_24,eco_aggregate_agr,2019,455.922
zmb,sex_f,age_aggregate_y15_24,eco_aggregate_agr,2020,524.441
zmb,sex_f,age_aggregate_y15_24,eco_aggregate_agr,2021,443.044
zmb,sex_f,age_aggregate_y15_24,eco_aggregate_agr,2022,432.812
zmb,sex_f,age_aggregate_y15_24,eco_aggregate_agr,2023,488.57
zmb,sex_f,age_aggregate_y15_24,eco_aggregate_agr,2024,553.507
zmb,sex_f,age_aggregate_y15_24,eco_aggregate_con,2021,0
zmb,sex_f,age_aggregate_y15_24,eco_aggregate_con,2022,0
zmb,sex_f,age_aggregate_y15_24,eco_aggregate_con,2024,0
zmb,sex_f,age_aggregate_y15_24,eco_aggregate_man,2017,4.418
zmb,sex_f,age_aggregate_y15_24,eco_aggregate_man,2018,7.879
zmb,sex_f,age_aggregate_y15_24,eco_aggregate_man,2019,5.152
zmb,sex_f,age_aggregate_y15_24,eco_aggregate_man,2020,7.371
zmb,sex_f,age_aggregate_y15_24,eco_aggregate_man,2021,8.218
zmb,sex_f,age_aggregate_y15_24,eco_aggregate_man,2022,6.363
zmb,sex_f,age_aggregate_y15_24,eco_aggregate_man,2023,9.622
zmb,sex_f,age_aggregate_y15_24,eco_aggregate_man,2024,7.251
zmb,sex_f,age_aggregate_y15_24,eco_aggregate_mkt,2017,51.367
zmb,sex_f,age_aggregate_y15_24,eco_aggregate_mkt,2018,41.409
zmb,sex_f,age_aggregate_y15_24,eco_aggregate_mkt,2019,55.063
zmb,sex_f,age_aggregate_y15_24,eco_aggregate_mkt,2020,56.727
zmb,sex_f,age_aggregate_y15_24,eco_aggregate_mkt,2021,55.748
zmb,sex_f,age_aggregate_y15_24,eco_aggregate_mkt,2022,58.335
zmb,sex_f,age_aggregate_y15_24,eco_aggregate_mkt,2023,70.858
zmb,sex_f,age_aggregate_y15_24,eco_aggregate_mkt,2024,63.388
zmb,sex_f,age_aggregate_y15_24,eco_aggregate_pub,2017,32.087
zmb,sex_f,age_aggregate_y15_24,eco_aggregate_pub,2018,31.581
zmb,sex_f,age_aggregate_y15_24,eco_aggregate_pub,2019,23.696
zmb,sex_f,age_aggregate_y15_24,eco_aggregate_pub,2020,26.554
zmb,sex_f,age_aggregate_y15_24,eco_aggregate_pub,2021,28.888
zmb,sex_f,age_aggregate_y15_24,eco_aggregate_pub,2022,31.716
zmb,sex_f,age_aggregate_y15_24,eco_aggregate_pub,2023,31.178
zmb,sex_f,age_aggregate_y15_24,eco_aggregate_pub,2024,37.039
zmb,sex_f,age_aggregate_y15_24,eco_aggregate_total,2017,585.653
zmb,sex_f,age_aggregate_y15_24,eco_aggregate_total,2018,538.653
zmb,sex_f,age_aggregate_y15_24,eco_aggregate_total,2019,540.822
zmb,sex_f,age_aggregate_y15_24,eco_aggregate_total,2020,616.25
zmb,sex_f,age_aggregate_y15_24,eco_aggregate_total,2021,535.899
zmb,sex_f,age_aggregate_y15_24,eco_aggregate_total,2022,529.826
zmb,sex_f,age_aggregate_y15_24,eco_aggregate_total,2023,602.761
zmb,sex_f,age_aggregate_y15_24,eco_aggregate_total,2024,661.905
zmb,sex_f,age_aggregate_y15_24,eco_isic4_a,2017,497.05
zmb,sex_f,age_aggregate_y15_24,eco_isic4_a,2018,457.159
zmb,sex_f,age_aggregate_y15_24,eco_isic4_a,2019,455.922
zmb,sex_f,age_aggregate_y15_24,eco_isic4_a,2020,524.441
zmb,sex_f,age_aggregate_y15_24,eco_isic4_a,2021,443.044
zmb,sex_f,age_aggregate_y15_24,eco_isic4_a,2022,432.812
zmb,sex_f,age_aggregate_y15_24,eco_isic4_a,2023,488.57
zmb,sex_f,age_aggregate_y15_24,eco_isic4_a,2024,553.507
zmb,sex_f,age_aggregate_y15_24,eco_isic4_c,2017,4.418
zmb,sex_f,age_aggregate_y15_24,eco_isic4_c,2018,7.879
zmb,sex_f,age_aggregate_y15_24,eco_isic4_c,2019,5.152
zmb,sex_f,age_aggregate_y15_24,eco_isic4_c,2020,7.371
zmb,sex_f,age_aggregate_y15_24,eco_isic4_c,2021,8.218
zmb,sex_f,age_aggregate_y15_24,eco_isic4_c,2022,6.363
zmb,sex_f,age_aggregate_y15_24,eco_isic4_c,2023,9.622
zmb,sex_f,age_aggregate_y15_24,eco_isic4_c,2024,7.251
zmb,sex_f,age_aggregate_y15_24,eco_isic4_f,2021,0
zmb,sex_f,age_aggregate_y15_24,eco_isic4_f,2022,0
zmb,sex_f,age_aggregate_y15_24,eco_isic4_f,2024,0
zmb,sex_f,age_aggregate_y15_24,eco_isic4_g,2017,44.448
zmb,sex_f,age_aggregate_y15_24,eco_isic4_g,2018,38.13
zmb,sex_f,age_aggregate_y15_24,eco_isic4_g,2019,45.729
zmb,sex_f,age_aggregate_y15_24,eco_isic4_g,2020,47.585
zmb,sex_f,age_aggregate_y15_24,eco_isic4_g,2021,42.857
zmb,sex_f,age_aggregate_y15_24,eco_isic4_g,2022,49.674
zmb,sex_f,age_aggregate_y15_24,eco_isic4_g,2023,59.525
zmb,sex_f,age_aggregate_y15_24,eco_isic4_g,2024,60.311
zmb,sex_f,age_aggregate_y15_24,eco_isic4_h,2022,0
zmb,sex_f,age_aggregate_y15_24,eco_isic4_h,2023,0
zmb,sex_f,age_aggregate_y15_24,eco_isic4_h,2024,0
zmb,sex_f,age_aggregate_y15_24,eco_isic4_i,2017,5.142
zmb,sex_f,age_aggregate_y15_24,eco_isic4_i,2018,1.941
zmb,sex_f,age_aggregate_y15_24,eco_isic4_i,2019,4.979
zmb,sex_f,age_aggregate_y15_24,eco_isic4_i,2020,3.893
zmb,sex_f,age_aggregate_y15_24,eco_isic4_i,2021,6.216
zmb,sex_f,age_aggregate_y15_24,eco_isic4_i,2022,5.463
zmb,sex_f,age_aggregate_y15_24,eco_isic4_i,2023,4.134
zmb,sex_f,age_aggregate_y15_24,eco_isic4_i,2024,3.076
zmb,sex_f,age_aggregate_y15_24,eco_isic4_n,2017,1.777
zmb,sex_f,age_aggregate_y15_24,eco_isic4_n,2019,3.792
zmb,sex_f,age_aggregate_y15_24,eco_isic4_n,2020,1.891
zmb,sex_f,age_aggregate_y15_24,eco_isic4_n,2021,4.421
zmb,sex_f,age_aggregate_y15_24,eco_isic4_n,2023,4.633
zmb,sex_f,age_aggregate_y15_24,eco_isic4_s,2017,8.082
zmb,sex_f,age_aggregate_y15_24,eco_isic4_s,2018,18.088
zmb,sex_f,age_aggregate_y15_24,eco_isic4_s,2019,10.883
zmb,sex_f,age_aggregate_y15_24,eco_isic4_s,2020,15.044
zmb,sex_f,age_aggregate_y15_24,eco_isic4_s,2021,14.539
zmb,sex_f,age_aggregate_y15_24,eco_isic4_s,2022,19.194
zmb,sex_f,age_aggregate_y15_24,eco_isic4_s,2023,12.919
zmb,sex_f,age_aggregate_y15_24,eco_isic4_s,2024,13.278
zmb,sex_f,age_aggregate_y15_24,eco_isic4_t,2017,22.549
zmb,sex_f,age_aggregate_y15_24,eco_isic4_t,2018,12.77
zmb,sex_f,age_aggregate_y15_24,eco_isic4_t,2019,11.319
zmb,sex_f,age_aggregate_y15_24,eco_isic4_t,2020,11.51
zmb,sex_f,age_aggregate_y15_24,eco_isic4_t,2021,12.181
zmb,sex_f,age_aggregate_y15_24,eco_isic4_t,2022,11.632
zmb,sex_f,age_aggregate_y15_24,eco_isic4_t,2023,17.953
zmb,sex_f,age_aggregate_y15_24,eco_isic4_t,2024,23.263
zmb,sex_f,age_aggregate_y15_24,eco_isic4_total,2017,585.653
zmb,sex_f,age_aggregate_y15_24,eco_isic4_total,2018,538.653
zmb,sex_f,age_aggregate_y15_24,eco_isic4_total,2019,540.822
zmb,sex_f,age_aggregate_y15_24,eco_isic4_total,2020,616.25
zmb,sex_f,age_aggregate_y15_24,eco_isic4_total,2021,535.899
zmb,sex_f,age_aggregate_y15_24,eco_isic4_total,2022,529.826
zmb,sex_f,age_aggregate_y15_24,eco_isic4_total,2023,602.761
zmb,sex_f,age_aggregate_y15_24,eco_isic4_total,2024,661.905
zmb,sex_f,age_aggregate_y15_24,eco_sector_agr,2017,497.05
zmb,sex_f,age_aggregate_y15_24,eco_sector_agr,2018,457.159
zmb,sex_f,age_aggregate_y15_24,eco_sector_agr,2019,455.922
zmb,sex_f,age_aggregate_y15_24,eco_sector_agr,2020,524.441
zmb,sex_f,age_aggregate_y15_24,eco_sector_agr,2021,443.044
zmb,sex_f,age_aggregate_y15_24,eco_sector_agr,2022,432.812
zmb,sex_f,age_aggregate_y15_24,eco_sector_agr,2023,488.57
zmb,sex_f,age_aggregate_y15_24,eco_sector_agr,2024,553.507
zmb,sex_f,age_aggregate_y15_24,eco_sector_ind,2017,5.149
zmb,sex_f,age_aggregate_y15_24,eco_sector_ind,2018,8.504
zmb,sex_f,age_aggregate_y15_24,eco_sector_ind,2019,6.14
zmb,sex_f,age_aggregate_y15_24,eco_sector_ind,2020,8.528
zmb,sex_f,age_aggregate_y15_24,eco_sector_ind,2021,8.218
zmb,sex_f,age_aggregate_y15_24,eco_sector_ind,2022,6.963
zmb,sex_f,age_aggregate_y15_24,eco_sector_ind,2023,12.155
zmb,sex_f,age_aggregate_y15_24,eco_sector_ind,2024,7.972
zmb,sex_f,age_aggregate_y15_24,eco_sector_nag,2017,88.603
zmb,sex_f,age_aggregate_y15_24,eco_sector_nag,2018,81.494
zmb,sex_f,age_aggregate_y15_24,eco_sector_nag,2019,84.9
zmb,sex_f,age_aggregate_y15_24,eco_sector_nag,2020,91.809
zmb,sex_f,age_aggregate_y15_24,eco_sector_nag,2021,92.855
zmb,sex_f,age_aggregate_y15_24,eco_sector_nag,2022,97.014
zmb,sex_f,age_aggregate_y15_24,eco_sector_nag,2023,114.192
zmb,sex_f,age_aggregate_y15_24,eco_sector_nag,2024,108.398
zmb,sex_f,age_aggregate_y15_24,eco_sector_ser,2017,83.454
zmb,sex_f,age_aggregate_y15_24,eco_sector_ser,2018,72.99
zmb,sex_f,age_aggregate_y15_24,eco_sector_ser,2019,78.76
zmb,sex_f,age_aggregate_y15_24,eco_sector_ser,2020,83.28
zmb,sex_f,age_aggregate_y15_24,eco_sector_ser,2021,84.636
zmb,sex_f,age_aggregate_y15_24,eco_sector_ser,2022,90.051
zmb,sex_f,age_aggregate_y15_24,eco_sector_ser,2023,102.036
zmb,sex_f,age_aggregate_y15_24,eco_sector_ser,2024,100.426
zmb,sex_f,age_aggregate_y15_24,eco_sector_total,2017,585.653
zmb,sex_f,age_aggregate_y15_24,eco_sector_total,2018,538.653
zmb,sex_f,age_aggregate_y15_24,eco_sector_total,2019,540.822
zmb,sex_f,age_aggregate_y15_24,eco_sector_total,2020,616.25
zmb,sex_f,age_aggregate_y15_24,eco_sector_total,2021,535.899
zmb,sex_f,age_aggregate_y15_24,eco_sector_total,2022,529.826
zmb,sex_f,age_aggregate_y15_24,eco_sector_total,2023,602.761
zmb,sex_f,age_aggregate_y15_24,eco_sector_total,2024,661.905
zmb,sex_f,age_aggregate_y25_54,eco_aggregate_agr,2017,880.008
zmb,sex_f,age_aggregate_y25_54,eco_aggregate_agr,2018,903.198
zmb,sex_f,age_aggregate_y25_54,eco_aggregate_agr,2019,875.961
zmb,sex_f,age_aggregate_y25_54,eco_aggregate_agr,2020,926.026
zmb,sex_f,age_aggregate_y25_54,eco_aggregate_agr,2021,940.335
zmb,sex_f,age_aggregate_y25_54,eco_aggregate_agr,2022,916.504
zmb,sex_f,age_aggregate_y25_54,eco_aggregate_agr,2023,1059.037
zmb,sex_f,age_aggregate_y25_54,eco_aggregate_agr,2024,1180.016
zmb,sex_f,age_aggregate_y25_54,eco_aggregate_con,2019,0
zmb,sex_f,age_aggregate_y25_54,eco_aggregate_con,2020,0
zmb,sex_f,age_aggregate_y25_54,eco_aggregate_con,2021,2.701
zmb,sex_f,age_aggregate_y25_54,eco_aggregate_man,2017,33.724
zmb,sex_f,age_aggregate_y25_54,eco_aggregate_man,2018,33.267
zmb,sex_f,age_aggregate_y25_54,eco_aggregate_man,2019,28.997
zmb,sex_f,age_aggregate_y25_54,eco_aggregate_man,2020,42.426
zmb,sex_f,age_aggregate_y25_54,eco_aggregate_man,2021,43.51
zmb,sex_f,age_aggregate_y25_54,eco_aggregate_man,2022,50.959
zmb,sex_f,age_aggregate_y25_54,eco_aggregate_man,2023,37.007
zmb,sex_f,age_aggregate_y25_54,eco_aggregate_man,2024,47.023
zmb,sex_f,age_aggregate_y25_54,eco_aggregate_mel,2018,2.588
zmb,sex_f,age_aggregate_y25_54,eco_aggregate_mel,2019,5.359
zmb,sex_f,age_aggregate_y25_54,eco_aggregate_mel,2022,1.923
zmb,sex_f,age_aggregate_y25_54,eco_aggregate_mel,2023,3.17
zmb,sex_f,age_aggregate_y25_54,eco_aggregate_mel,2024,4.08
zmb,sex_f,age_aggregate_y25_54,eco_aggregate_mkt,2017,300.14
zmb,sex_f,age_aggregate_y25_54,eco_aggregate_mkt,2018,266.993
zmb,sex_f,age_aggregate_y25_54,eco_aggregate_mkt,2019,331.588
zmb,sex_f,age_aggregate_y25_54,eco_aggregate_mkt,2020,310.932
zmb,sex_f,age_aggregate_y25_54,eco_aggregate_mkt,2021,352.466
zmb,sex_f,age_aggregate_y25_54,eco_aggregate_mkt,2022,395.627
zmb,sex_f,age_aggregate_y25_54,eco_aggregate_mkt,2023,425.32
zmb,sex_f,age_aggregate_y25_54,eco_aggregate_mkt,2024,382.97
zmb,sex_f,age_aggregate_y25_54,eco_aggregate_pub,2017,105.135
zmb,sex_f,age_aggregate_y25_54,eco_aggregate_pub,2018,79.705
zmb,sex_f,age_aggregate_y25_54,eco_aggregate_pub,2019,113.372
zmb,sex_f,age_aggregate_y25_54,eco_aggregate_pub,2020,93.117
zmb,sex_f,age_aggregate_y25_54,eco_aggregate_pub,2021,98.281
zmb,sex_f,age_aggregate_y25_54,eco_aggregate_pub,2022,112.382
zmb,sex_f,age_aggregate_y25_54,eco_aggregate_pub,2023,138.628
zmb,sex_f,age_aggregate_y25_54,eco_aggregate_pub,2024,123.194
zmb,sex_f,age_aggregate_y25_54,eco_aggregate_total,2017,1320.049
zmb,sex_f,age_aggregate_y25_54,eco_aggregate_total,2018,1285.751
zmb,sex_f,age_aggregate_y25_54,eco_aggregate_total,2019,1355.277
zmb,sex_f,age_aggregate_y25_54,eco_aggregate_total,2020,1374.516
zmb,sex_f,age_aggregate_y25_54,eco_aggregate_total,2021,1438.401
zmb,sex_f,age_aggregate_y25_54,eco_aggregate_total,2022,1478.208
zmb,sex_f,age_aggregate_y25_54,eco_aggregate_total,2023,1663.753
zmb,sex_f,age_aggregate_y25_54,eco_aggregate_total,2024,1738.659
zmb,sex_f,age_aggregate_y25_54,eco_isic4_a,2017,880.008
zmb,sex_f,age_aggregate_y25_54,eco_isic4_a,2018,903.198
zmb,sex_f,age_aggregate_y25_54,eco_isic4_a,2019,875.961
zmb,sex_f,age_aggregate_y25_54,eco_isic4_a,2020,926.026
zmb,sex_f,age_aggregate_y25_54,eco_isic4_a,2021,940.335
zmb,sex_f,age_aggregate_y25_54,eco_isic4_a,2022,916.504
zmb,sex_f,age_aggregate_y25_54,eco_isic4_a,2023,1059.037
zmb,sex_f,age_aggregate_y25_54,eco_isic4_a,2024,1180.016
zmb,sex_f,age_aggregate_y25_54,eco_isic4_b,2018,2.588
zmb,sex_f,age_aggregate_y25_54,eco_isic4_b,2019,5.359
zmb,sex_f,age_aggregate_y25_54,eco_isic4_b,2023,2.314
zmb,sex_f,age_aggregate_y25_54,eco_isic4_b,2024,4.08
zmb,sex_f,age_aggregate_y25_54,eco_isic4_c,2017,33.724
zmb,sex_f,age_aggregate_y25_54,eco_isic4_c,2018,33.267
zmb,sex_f,age_aggregate_y25_54,eco_isic4_c,2019,28.997
zmb,sex_f,age_aggregate_y25_54,eco_isic4_c,2020,42.426
zmb,sex_f,age_aggregate_y25_54,eco_isic4_c,2021,43.51
zmb,sex_f,age_aggregate_y25_54,eco_isic4_c,2022,50.959
zmb,sex_f,age_aggregate_y25_54,eco_isic4_c,2023,37.007
zmb,sex_f,age_aggregate_y25_54,eco_isic4_c,2024,47.023
zmb,sex_f,age_aggregate_y25_54,eco_isic4_f,2019,0
zmb,sex_f,age_aggregate_y25_54,eco_isic4_f,2020,0
zmb,sex_f,age_aggregate_y25_54,eco_isic4_f,2021,2.701
zmb,sex_f,age_aggregate_y25_54,eco_isic4_g,2017,280.465
zmb,sex_f,age_aggregate_y25_54,eco_isic4_g,2018,235.192
zmb,sex_f,age_aggregate_y25_54,eco_isic4_g,2019,297.697
zmb,sex_f,age_aggregate_y25_54,eco_isic4_g,2020,271.523
zmb,sex_f,age_aggregate_y25_54,eco_isic4_g,2021,284.142
zmb,sex_f,age_aggregate_y25_54,eco_isic4_g,2022,335.368
zmb,sex_f,age_aggregate_y25_54,eco_isic4_g,2023,362.178
zmb,sex_f,age_aggregate_y25_54,eco_isic4_g,2024,367.758
zmb,sex_f,age_aggregate_y25_54,eco_isic4_h,2019,0
zmb,sex_f,age_aggregate_y25_54,eco_isic4_i,2017,6.602
zmb,sex_f,age_aggregate_y25_54,eco_isic4_i,2018,17.774
zmb,sex_f,age_aggregate_y25_54,eco_isic4_i,2019,18.937
zmb,sex_f,age_aggregate_y25_54,eco_isic4_i,2020,19.564
zmb,sex_f,age_aggregate_y25_54,eco_isic4_i,2021,28.153
zmb,sex_f,age_aggregate_y25_54,eco_isic4_i,2022,24.597
zmb,sex_f,age_aggregate_y25_54,eco_isic4_i,2023,25.361
zmb,sex_f,age_aggregate_y25_54,eco_isic4_i,2024,5.57
zmb,sex_f,age_aggregate_y25_54,eco_isic4_k,2022,5.814
zmb,sex_f,age_aggregate_y25_54,eco_isic4_k,2023,3.23
zmb,sex_f,age_aggregate_y25_54,eco_isic4_k,2024,2.828
zmb,sex_f,age_aggregate_y25_54,eco_isic4_l,2017,4.189
zmb,sex_f,age_aggregate_y25_54,eco_isic4_l,2018,1.96
zmb,sex_f,age_aggregate_y25_54,eco_isic4_l,2020,2.471
zmb,sex_f,age_aggregate_y25_54,eco_isic4_l,2021,3.871
zmb,sex_f,age_aggregate_y25_54,eco_isic4_l,2022,3.891
zmb,sex_f,age_aggregate_y25_54,eco_isic4_l,2023,3.98
zmb,sex_f,age_aggregate_y25_54,eco_isic4_l,2024,3.6
zmb,sex_f,age_aggregate_y25_54,eco_isic4_m,2017,3.461
zmb,sex_f,age_aggregate_y25_54,eco_isic4_m,2022,2.534
zmb,sex_f,age_aggregate_y25_54,eco_isic4_m,2023,1.724
zmb,sex_f,age_aggregate_y25_54,eco_isic4_n,2017,3.513
zmb,sex_f,age_aggregate_y25_54,eco_isic4_n,2018,9.784
zmb,sex_f,age_aggregate_y25_54,eco_isic4_n,2019,11.922
zmb,sex_f,age_aggregate_y25_54,eco_isic4_n,2020,13.351
zmb,sex_f,age_aggregate_y25_54,eco_isic4_n,2021,31.08
zmb,sex_f,age_aggregate_y25_54,eco_isic4_n,2022,22.205
zmb,sex_f,age_aggregate_y25_54,eco_isic4_n,2023,27.714
zmb,sex_f,age_aggregate_y25_54,eco_isic4_n,2024,1.92
zmb,sex_f,age_aggregate_y25_54,eco_isic4_p,2017,4.369
zmb,sex_f,age_aggregate_y25_54,eco_isic4_p,2023,4.373
zmb,sex_f,age_aggregate_y25_54,eco_isic4_p,2024,2.629
zmb,sex_f,age_aggregate_y25_54,eco_isic4_q,2018,7.89
zmb,sex_f,age_aggregate_y25_54,eco_isic4_q,2019,3.899
zmb,sex_f,age_aggregate_y25_54,eco_isic4_q,2020,5.675
zmb,sex_f,age_aggregate_y25_54,eco_isic4_q,2021,3.93
zmb,sex_f,age_aggregate_y25_54,eco_isic4_q,2022,4.917
zmb,sex_f,age_aggregate_y25_54,eco_isic4_q,2023,8.461
zmb,sex_f,age_aggregate_y25_54,eco_isic4_r,2021,1.923
zmb,sex_f,age_aggregate_y25_54,eco_isic4_s,2017,22.73
zmb,sex_f,age_aggregate_y25_54,eco_isic4_s,2018,33.571
zmb,sex_f,age_aggregate_y25_54,eco_isic4_s,2019,45.896
zmb,sex_f,age_aggregate_y25_54,eco_isic4_s,2020,40.383
zmb,sex_f,age_aggregate_y25_54,eco_isic4_s,2021,33.316
zmb,sex_f,age_aggregate_y25_54,eco_isic4_s,2022,39.825
zmb,sex_f,age_aggregate_y25_54,eco_isic4_s,2023,29.902
zmb,sex_f,age_aggregate_y25_54,eco_isic4_s,2024,24.334
zmb,sex_f,age_aggregate_y25_54,eco_isic4_t,2017,77.006
zmb,sex_f,age_aggregate_y25_54,eco_isic4_t,2018,36.009
zmb,sex_f,age_aggregate_y25_54,eco_isic4_t,2019,60.646
zmb,sex_f,age_aggregate_y25_54,eco_isic4_t,2020,46.084
zmb,sex_f,age_aggregate_y25_54,eco_isic4_t,2021,53.614
zmb,sex_f,age_aggregate_y25_54,eco_isic4_t,2022,57.971
zmb,sex_f,age_aggregate_y25_54,eco_isic4_t,2023,95.891
zmb,sex_f,age_aggregate_y25_54,eco_isic4_t,2024,93.353
zmb,sex_f,age_aggregate_y25_54,eco_isic4_total,2017,1320.049
zmb,sex_f,age_aggregate_y25_54,eco_isic4_total,2018,1285.751
zmb,sex_f,age_aggregate_y25_54,eco_isic4_total,2019,1355.277
zmb,sex_f,age_aggregate_y25_54,eco_isic4_total,2020,1374.516
zmb,sex_f,age_aggregate_y25_54,eco_isic4_total,2021,1438.401
zmb,sex_f,age_aggregate_y25_54,eco_isic4_total,2022,1478.208
zmb,sex_f,age_aggregate_y25_54,eco_isic4_total,2023,1663.753
zmb,sex_f,age_aggregate_y25_54,eco_isic4_total,2024,1738.659
zmb,sex_f,age_aggregate_y25_54,eco_isic4_u,2021,4.543
zmb,sex_f,age_aggregate_y25_54,eco_sector_agr,2017,880.008
zmb,sex_f,age_aggregate_y25_54,eco_sector_agr,2018,903.198
zmb,sex_f,age_aggregate_y25_54,eco_sector_agr,2019,875.961
zmb,sex_f,age_aggregate_y25_54,eco_sector_agr,2020,926.026
zmb,sex_f,age_aggregate_y25_54,eco_sector_agr,2021,940.335
zmb,sex_f,age_aggregate_y25_54,eco_sector_agr,2022,916.504
zmb,sex_f,age_aggregate_y25_54,eco_sector_agr,2023,1059.037
zmb,sex_f,age_aggregate_y25_54,eco_sector_agr,2024,1180.016
zmb,sex_f,age_aggregate_y25_54,eco_sector_ind,2017,34.766
zmb,sex_f,age_aggregate_y25_54,eco_sector_ind,2018,35.855
zmb,sex_f,age_aggregate_y25_54,eco_sector_ind,2019,34.356
zmb,sex_f,age_aggregate_y25_54,eco_sector_ind,2020,44.44
zmb,sex_f,age_aggregate_y25_54,eco_sector_ind,2021,47.32
zmb,sex_f,age_aggregate_y25_54,eco_sector_ind,2022,53.695
zmb,sex_f,age_aggregate_y25_54,eco_sector_ind,2023,40.768
zmb,sex_f,age_aggregate_y25_54,eco_sector_ind,2024,52.479
zmb,sex_f,age_aggregate_y25_54,eco_sector_nag,2017,440.041
zmb,sex_f,age_aggregate_y25_54,eco_sector_nag,2018,382.552
zmb,sex_f,age_aggregate_y25_54,eco_sector_nag,2019,479.316
zmb,sex_f,age_aggregate_y25_54,eco_sector_nag,2020,448.489
zmb,sex_f,age_aggregate_y25_54,eco_sector_nag,2021,498.067
zmb,sex_f,age_aggregate_y25_54,eco_sector_nag,2022,561.704
zmb,sex_f,age_aggregate_y25_54,eco_sector_nag,2023,604.716
zmb,sex_f,age_aggregate_y25_54,eco_sector_nag,2024,558.642
zmb,sex_f,age_aggregate_y25_54,eco_sector_ser,2017,405.275
zmb,sex_f,age_aggregate_y25_54,eco_sector_ser,2018,346.698
zmb,sex_f,age_aggregate_y25_54,eco_sector_ser,2019,444.96
zmb,sex_f,age_aggregate_y25_54,eco_sector_ser,2020,404.049
zmb,sex_f,age_aggregate_y25_54,eco_sector_ser,2021,450.746
zmb,sex_f,age_aggregate_y25_54,eco_sector_ser,2022,508.009
zmb,sex_f,age_aggregate_y25_54,eco_sector_ser,2023,563.948
zmb,sex_f,age_aggregate_y25_54,eco_sector_ser,2024,506.163
zmb,sex_f,age_aggregate_y25_54,eco_sector_total,2017,1320.049
zmb,sex_f,age_aggregate_y25_54,eco_sector_total,2018,1285.751
zmb,sex_f,age_aggregate_y25_54,eco_sector_total,2019,1355.277
zmb,sex_f,age_aggregate_y25_54,eco_sector_total,2020,1374.516
zmb,sex_f,age_aggregate_y25_54,eco_sector_total,2021,1438.401
zmb,sex_f,age_aggregate_y25_54,eco_sector_total,2022,1478.208
zmb,sex_f,age_aggregate_y25_54,eco_sector_total,2023,1663.753
zmb,sex_f,age_aggregate_y25_54,eco_sector_total,2024,1738.659
zmb,sex_f,age_aggregate_y55_64,eco_aggregate_agr,2017,133.105
zmb,sex_f,age_aggregate_y55_64,eco_aggregate_agr,2018,131.638
zmb,sex_f,age_aggregate_y55_64,eco_aggregate_agr,2019,123.877
zmb,sex_f,age_aggregate_y55_64,eco_aggregate_agr,2020,132.988
zmb,sex_f,age_aggregate_y55_64,eco_aggregate_agr,2021,130.62
zmb,sex_f,age_aggregate_y55_64,eco_aggregate_agr,2022,137.704
zmb,sex_f,age_aggregate_y55_64,eco_aggregate_agr,2023,164.281
zmb,sex_f,age_aggregate_y55_64,eco_aggregate_agr,2024,156.099
zmb,sex_f,age_aggregate_y55_64,eco_aggregate_con,2019,0
zmb,sex_f,age_aggregate_y55_64,eco_aggregate_con,2022,0
zmb,sex_f,age_aggregate_y55_64,eco_aggregate_con,2023,0
zmb,sex_f,age_aggregate_y55_64,eco_aggregate_man,2017,4.362
zmb,sex_f,age_aggregate_y55_64,eco_aggregate_man,2018,1.916
zmb,sex_f,age_aggregate_y55_64,eco_aggregate_man,2019,4.423
zmb,sex_f,age_aggregate_y55_64,eco_aggregate_man,2020,4.494
zmb,sex_f,age_aggregate_y55_64,eco_aggregate_man,2021,5.811
zmb,sex_f,age_aggregate_y55_64,eco_aggregate_man,2022,5.785
zmb,sex_f,age_aggregate_y55_64,eco_aggregate_man,2023,7.742
zmb,sex_f,age_aggregate_y55_64,eco_aggregate_man,2024,9.39
zmb,sex_f,age_aggregate_y55_64,eco_aggregate_mkt,2017,27.914
zmb,sex_f,age_aggregate_y55_64,eco_aggregate_mkt,2018,25.808
zmb,sex_f,age_aggregate_y55_64,eco_aggregate_mkt,2019,33.143
zmb,sex_f,age_aggregate_y55_64,eco_aggregate_mkt,2020,39.954
zmb,sex_f,age_aggregate_y55_64,eco_aggregate_mkt,2021,35.818
zmb,sex_f,age_aggregate_y55_64,eco_aggregate_mkt,2022,37.129
zmb,sex_f,age_aggregate_y55_64,eco_aggregate_mkt,2023,33.001
zmb,sex_f,age_aggregate_y55_64,eco_aggregate_mkt,2024,34.358
zmb,sex_f,age_aggregate_y55_64,eco_aggregate_pub,2017,7.682
zmb,sex_f,age_aggregate_y55_64,eco_aggregate_pub,2018,6.208
zmb,sex_f,age_aggregate_y55_64,eco_aggregate_pub,2019,3.591
zmb,sex_f,age_aggregate_y55_64,eco_aggregate_pub,2020,3.023
zmb,sex_f,age_aggregate_y55_64,eco_aggregate_pub,2021,7.323
zmb,sex_f,age_aggregate_y55_64,eco_aggregate_pub,2022,2.603
zmb,sex_f,age_aggregate_y55_64,eco_aggregate_pub,2023,4.895
zmb,sex_f,age_aggregate_y55_64,eco_aggregate_pub,2024,4.402
zmb,sex_f,age_aggregate_y55_64,eco_aggregate_total,2017,173.064
zmb,sex_f,age_aggregate_y55_64,eco_aggregate_total,2018,166.432
zmb,sex_f,age_aggregate_y55_64,eco_aggregate_total,2019,165.034
zmb,sex_f,age_aggregate_y55_64,eco_aggregate_total,2020,180.459
zmb,sex_f,age_aggregate_y55_64,eco_aggregate_total,2021,179.572
zmb,sex_f,age_aggregate_y55_64,eco_aggregate_total,2022,183.222
zmb,sex_f,age_aggregate_y55_64,eco_aggregate_total,2023,210.532
zmb,sex_f,age_aggregate_y55_64,eco_aggregate_total,2024,205.106
zmb,sex_f,age_aggregate_y55_64,eco_isic4_a,2017,133.105
zmb,sex_f,age_aggregate_y55_64,eco_isic4_a,2018,131.638
zmb,sex_f,age_aggregate_y55_64,eco_isic4_a,2019,123.877
zmb,sex_f,age_aggregate_y55_64,eco_isic4_a,2020,132.988
zmb,sex_f,age_aggregate_y55_64,eco_isic4_a,2021,130.62
zmb,sex_f,age_aggregate_y55_64,eco_isic4_a,2022,137.704
zmb,sex_f,age_aggregate_y55_64,eco_isic4_a,2023,164.281
zmb,sex_f,age_aggregate_y55_64,eco_isic4_a,2024,156.099
zmb,sex_f,age_aggregate_y55_64,eco_isic4_c,2017,4.362
zmb,sex_f,age_aggregate_y55_64,eco_isic4_c,2018,1.916
zmb,sex_f,age_aggregate_y55_64,eco_isic4_c,2019,4.423
zmb,sex_f,age_aggregate_y55_64,eco_isic4_c,2020,4.494
zmb,sex_f,age_aggregate_y55_64,eco_isic4_c,2021,5.811
zmb,sex_f,age_aggregate_y55_64,eco_isic4_c,2022,5.785
zmb,sex_f,age_aggregate_y55_64,eco_isic4_c,2023,7.742
zmb,sex_f,age_aggregate_y55_64,eco_isic4_c,2024,9.39
zmb,sex_f,age_aggregate_y55_64,eco_isic4_f,2019,0
zmb,sex_f,age_aggregate_y55_64,eco_isic4_f,2022,0
zmb,sex_f,age_aggregate_y55_64,eco_isic4_f,2023,0
zmb,sex_f,age_aggregate_y55_64,eco_isic4_g,2017,21.742
zmb,sex_f,age_aggregate_y55_64,eco_isic4_g,2018,20.679
zmb,sex_f,age_aggregate_y55_64,eco_isic4_g,2019,29.534
zmb,sex_f,age_aggregate_y55_64,eco_isic4_g,2020,32.742
zmb,sex_f,age_aggregate_y55_64,eco_isic4_g,2021,27.899
zmb,sex_f,age_aggregate_y55_64,eco_isic4_g,2022,32.073
zmb,sex_f,age_aggregate_y55_64,eco_isic4_g,2023,24.119
zmb,sex_f,age_aggregate_y55_64,eco_isic4_g,2024,28.188
zmb,sex_f,age_aggregate_y55_64,eco_isic4_i,2020,3.812
zmb,sex_f,age_aggregate_y55_64,eco_isic4_i,2021,2.255
zmb,sex_f,age_aggregate_y55_64,eco_isic4_i,2022,2.662
zmb,sex_f,age_aggregate_y55_64,eco_isic4_l,2017,4.41
zmb,sex_f,age_aggregate_y55_64,eco_isic4_l,2021,3.351
zmb,sex_f,age_aggregate_y55_64,eco_isic4_l,2022,2.032
zmb,sex_f,age_aggregate_y55_64,eco_isic4_l,2024,2.916
zmb,sex_f,age_aggregate_y55_64,eco_isic4_n,2018,2.677
zmb,sex_f,age_aggregate_y55_64,eco_isic4_n,2023,5.026
zmb,sex_f,age_aggregate_y55_64,eco_isic4_t,2017,7.504
zmb,sex_f,age_aggregate_y55_64,eco_isic4_t,2018,3.871
zmb,sex_f,age_aggregate_y55_64,eco_isic4_t,2020,1.876
zmb,sex_f,age_aggregate_y55_64,eco_isic4_t,2021,5.191
zmb,sex_f,age_aggregate_y55_64,eco_isic4_t,2022,2.603
zmb,sex_f,age_aggregate_y55_64,eco_isic4_t,2023,3.718
zmb,sex_f,age_aggregate_y55_64,eco_isic4_t,2024,3.385
zmb,sex_f,age_aggregate_y55_64,eco_isic4_total,2017,173.064
zmb,sex_f,age_aggregate_y55_64,eco_isic4_total,2018,166.432
zmb,sex_f,age_aggregate_y55_64,eco_isic4_total,2019,165.034
zmb,sex_f,age_aggregate_y55_64,eco_isic4_total,2020,180.459
zmb,sex_f,age_aggregate_y55_64,eco_isic4_total,2021,179.572
zmb,sex_f,age_aggregate_y55_64,eco_isic4_total,2022,183.222
zmb,sex_f,age_aggregate_y55_64,eco_isic4_total,2023,210.532
zmb,sex_f,age_aggregate_y55_64,eco_isic4_total,2024,205.106
zmb,sex_f,age_aggregate_y55_64,eco_sector_agr,2017,133.105
zmb,sex_f,age_aggregate_y55_64,eco_sector_agr,2018,131.638
zmb,sex_f,age_aggregate_y55_64,eco_sector_agr,2019,123.877
zmb,sex_f,age_aggregate_y55_64,eco_sector_agr,2020,132.988
zmb,sex_f,age_aggregate_y55_64,eco_sector_agr,2021,130.62
zmb,sex_f,age_aggregate_y55_64,eco_sector_agr,2022,137.704
zmb,sex_f,age_aggregate_y55_64,eco_sector_agr,2023,164.281
zmb,sex_f,age_aggregate_y55_64,eco_sector_agr,2024,156.099
zmb,sex_f,age_aggregate_y55_64,eco_sector_ind,2017,4.362
zmb,sex_f,age_aggregate_y55_64,eco_sector_ind,2018,2.78
zmb,sex_f,age_aggregate_y55_64,eco_sector_ind,2019,4.423
zmb,sex_f,age_aggregate_y55_64,eco_sector_ind,2020,4.494
zmb,sex_f,age_aggregate_y55_64,eco_sector_ind,2021,5.811
zmb,sex_f,age_aggregate_y55_64,eco_sector_ind,2022,5.785
zmb,sex_f,age_aggregate_y55_64,eco_sector_ind,2023,8.355
zmb,sex_f,age_aggregate_y55_64,eco_sector_ind,2024,10.248
zmb,sex_f,age_aggregate_y55_64,eco_sector_nag,2017,39.958
zmb,sex_f,age_aggregate_y55_64,eco_sector_nag,2018,34.795
zmb,sex_f,age_aggregate_y55_64,eco_sector_nag,2019,41.157
zmb,sex_f,age_aggregate_y55_64,eco_sector_nag,2020,47.471
zmb,sex_f,age_aggregate_y55_64,eco_sector_nag,2021,48.952
zmb,sex_f,age_aggregate_y55_64,eco_sector_nag,2022,45.517
zmb,sex_f,age_aggregate_y55_64,eco_sector_nag,2023,46.251
zmb,sex_f,age_aggregate_y55_64,eco_sector_nag,2024,49.007
zmb,sex_f,age_aggregate_y55_64,eco_sector_ser,2017,35.596
zmb,sex_f,age_aggregate_y55_64,eco_sector_ser,2018,32.015
zmb,sex_f,age_aggregate_y55_64,eco_sector_ser,2019,36.734
zmb,sex_f,age_aggregate_y55_64,eco_sector_ser,2020,42.977
zmb,sex_f,age_aggregate_y55_64,eco_sector_ser,2021,43.141
zmb,sex_f,age_aggregate_y55_64,eco_sector_ser,2022,39.732
zmb,sex_f,age_aggregate_y55_64,eco_sector_ser,2023,37.896
zmb,sex_f,age_aggregate_y55_64,eco_sector_ser,2024,38.759
zmb,sex_f,age_aggregate_y55_64,eco_sector_total,2017,173.064
zmb,sex_f,age_aggregate_y55_64,eco_sector_total,2018,166.432
zmb,sex_f,age_aggregate_y55_64,eco_sector_total,2019,165.034
zmb,sex_f,age_aggregate_y55_64,eco_sector_total,2020,180.459
zmb,sex_f,age_aggregate_y55_64,eco_sector_total,2021,179.572
zmb,sex_f,age_aggregate_y55_64,eco_sector_total,2022,183.222
zmb,sex_f,age_aggregate_y55_64,eco_sector_total,2023,210.532
zmb,sex_f,age_aggregate_y55_64,eco_sector_total,2024,205.106
zmb,sex_f,age_aggregate_yge65,eco_aggregate_agr,2017,120.365
zmb,sex_f,age_aggregate_yge65,eco_aggregate_agr,2018,124.167
zmb,sex_f,age_aggregate_yge65,eco_aggregate_agr,2019,89.559
zmb,sex_f,age_aggregate_yge65,eco_aggregate_agr,2020,100.784
zmb,sex_f,age_aggregate_yge65,eco_aggregate_agr,2021,95.333
zmb,sex_f,age_aggregate_yge65,eco_aggregate_agr,2022,88.835
zmb,sex_f,age_aggregate_yge65,eco_aggregate_agr,2023,116.164
zmb,sex_f,age_aggregate_yge65,eco_aggregate_agr,2024,113.184
zmb,sex_f,age_aggregate_yge65,eco_aggregate_man,2017,1.746
zmb,sex_f,age_aggregate_yge65,eco_aggregate_man,2019,2.81
zmb,sex_f,age_aggregate_yge65,eco_aggregate_man,2021,5.047
zmb,sex_f,age_aggregate_yge65,eco_aggregate_man,2024,4.176
zmb,sex_f,age_aggregate_yge65,eco_aggregate_mkt,2017,13.264
zmb,sex_f,age_aggregate_yge65,eco_aggregate_mkt,2018,14.481
zmb,sex_f,age_aggregate_yge65,eco_aggregate_mkt,2019,11.659
zmb,sex_f,age_aggregate_yge65,eco_aggregate_mkt,2020,14.704
zmb,sex_f,age_aggregate_yge65,eco_aggregate_mkt,2021,8.627
zmb,sex_f,age_aggregate_yge65,eco_aggregate_mkt,2022,18.073
zmb,sex_f,age_aggregate_yge65,eco_aggregate_mkt,2023,21.448
zmb,sex_f,age_aggregate_yge65,eco_aggregate_mkt,2024,15.909
zmb,sex_f,age_aggregate_yge65,eco_aggregate_pub,2023,1.603
zmb,sex_f,age_aggregate_yge65,eco_aggregate_total,2017,135.798
zmb,sex_f,age_aggregate_yge65,eco_aggregate_total,2018,141.274
zmb,sex_f,age_aggregate_yge65,eco_aggregate_total,2019,107.636
zmb,sex_f,age_aggregate_yge65,eco_aggregate_total,2020,117.812
zmb,sex_f,age_aggregate_yge65,eco_aggregate_total,2021,110.16
zmb,sex_f,age_aggregate_yge65,eco_aggregate_total,2022,110.761
zmb,sex_f,age_aggregate_yge65,eco_aggregate_total,2023,141.583
zmb,sex_f,age_aggregate_yge65,eco_aggregate_total,2024,134.581
zmb,sex_f,age_aggregate_yge65,eco_isic4_a,2017,120.365
zmb,sex_f,age_aggregate_yge65,eco_isic4_a,2018,124.167
zmb,sex_f,age_aggregate_yge65,eco_isic4_a,2019,89.559
zmb,sex_f,age_aggregate_yge65,eco_isic4_a,2020,100.784
zmb,sex_f,age_aggregate_yge65,eco_isic4_a,2021,95.333
zmb,sex_f,age_aggregate_yge65,eco_isic4_a,2022,88.835
zmb,sex_f,age_aggregate_yge65,eco_isic4_a,2023,116.164
zmb,sex_f,age_aggregate_yge65,eco_isic4_a,2024,113.184
zmb,sex_f,age_aggregate_yge65,eco_isic4_c,2017,1.746
zmb,sex_f,age_aggregate_yge65,eco_isic4_c,2019,2.81
zmb,sex_f,age_aggregate_yge65,eco_isic4_c,2021,5.047
zmb,sex_f,age_aggregate_yge65,eco_isic4_c,2024,4.176
zmb,sex_f,age_aggregate_yge65,eco_isic4_g,2017,8
zmb,sex_f,age_aggregate_yge65,eco_isic4_g,2018,10.443
zmb,sex_f,age_aggregate_yge65,eco_isic4_g,2019,9.71
zmb,sex_f,age_aggregate_yge65,eco_isic4_g,2020,10.613
zmb,sex_f,age_aggregate_yge65,eco_isic4_g,2021,5.568
zmb,sex_f,age_aggregate_yge65,eco_isic4_g,2022,13.848
zmb,sex_f,age_aggregate_yge65,eco_isic4_g,2023,14.281
zmb,sex_f,age_aggregate_yge65,eco_isic4_g,2024,13.202
zmb,sex_f,age_aggregate_yge65,eco_isic4_i,2023,3.2
zmb,sex_f,age_aggregate_yge65,eco_isic4_l,2021,2.262
zmb,sex_f,age_aggregate_yge65,eco_isic4_l,2023,3.171
zmb,sex_f,age_aggregate_yge65,eco_isic4_l,2024,1.996
zmb,sex_f,age_aggregate_yge65,eco_isic4_total,2017,135.798
zmb,sex_f,age_aggregate_yge65,eco_isic4_total,2018,141.274
zmb,sex_f,age_aggregate_yge65,eco_isic4_total,2019,107.636
zmb,sex_f,age_aggregate_yge65,eco_isic4_total,2020,117.812
zmb,sex_f,age_aggregate_yge65,eco_isic4_total,2021,110.16
zmb,sex_f,age_aggregate_yge65,eco_isic4_total,2022,110.761
zmb,sex_f,age_aggregate_yge65,eco_isic4_total,2023,141.583
zmb,sex_f,age_aggregate_yge65,eco_isic4_total,2024,134.581
zmb,sex_f,age_aggregate_yge65,eco_sector_agr,2017,120.365
zmb,sex_f,age_aggregate_yge65,eco_sector_agr,2018,124.167
zmb,sex_f,age_aggregate_yge65,eco_sector_agr,2019,89.559
zmb,sex_f,age_aggregate_yge65,eco_sector_agr,2020,100.784
zmb,sex_f,age_aggregate_yge65,eco_sector_agr,2021,95.333
zmb,sex_f,age_aggregate_yge65,eco_sector_agr,2022,88.835
zmb,sex_f,age_aggregate_yge65,eco_sector_agr,2023,116.164
zmb,sex_f,age_aggregate_yge65,eco_sector_agr,2024,113.184
zmb,sex_f,age_aggregate_yge65,eco_sector_ind,2017,1.746
zmb,sex_f,age_aggregate_yge65,eco_sector_ind,2019,3.287
zmb,sex_f,age_aggregate_yge65,eco_sector_ind,2021,5.047
zmb,sex_f,age_aggregate_yge65,eco_sector_ind,2024,4.176
zmb,sex_f,age_aggregate_yge65,eco_sector_nag,2017,15.434
zmb,sex_f,age_aggregate_yge65,eco_sector_nag,2018,17.107
zmb,sex_f,age_aggregate_yge65,eco_sector_nag,2019,18.077
zmb,sex_f,age_aggregate_yge65,eco_sector_nag,2020,17.028
zmb,sex_f,age_aggregate_yge65,eco_sector_nag,2021,14.828
zmb,sex_f,age_aggregate_yge65,eco_sector_nag,2022,21.926
zmb,sex_f,age_aggregate_yge65,eco_sector_nag,2023,25.419
zmb,sex_f,age_aggregate_yge65,eco_sector_nag,2024,21.397
zmb,sex_f,age_aggregate_yge65,eco_sector_ser,2017,13.688
zmb,sex_f,age_aggregate_yge65,eco_sector_ser,2018,15.894
zmb,sex_f,age_aggregate_yge65,eco_sector_ser,2019,14.79
zmb,sex_f,age_aggregate_yge65,eco_sector_ser,2020,16.054
zmb,sex_f,age_aggregate_yge65,eco_sector_ser,2021,9.781
zmb,sex_f,age_aggregate_yge65,eco_sector_ser,2022,21.217
zmb,sex_f,age_aggregate_yge65,eco_sector_ser,2023,23.051
zmb,sex_f,age_aggregate_yge65,eco_sector_ser,2024,17.221
zmb,sex_f,age_aggregate_yge65,eco_sector_total,2017,135.798
zmb,sex_f,age_aggregate_yge65,eco_sector_total,2018,141.274
zmb,sex_f,age_aggregate_yge65,eco_sector_total,2019,107.636
zmb,sex_f,age_aggregate_yge65,eco_sector_total,2020,117.812
zmb,sex_f,age_aggregate_yge65,eco_sector_total,2021,110.16
zmb,sex_f,age_aggregate_yge65,eco_sector_total,2022,110.761
zmb,sex_f,age_aggregate_yge65,eco_sector_total,2023,141.583
zmb,sex_f,age_aggregate_yge65,eco_sector_total,2024,134.581
zmb,sex_f,age_ythadult_y15_24,eco_aggregate_agr,2017,497.05
zmb,sex_f,age_ythadult_y15_24,eco_aggregate_agr,2018,457.159
zmb,sex_f,age_ythadult_y15_24,eco_aggregate_agr,2019,455.922
zmb,sex_f,age_ythadult_y15_24,eco_aggregate_agr,2020,524.441
zmb,sex_f,age_ythadult_y15_24,eco_aggregate_agr,2021,443.044
zmb,sex_f,age_ythadult_y15_24,eco_aggregate_agr,2022,432.812
zmb,sex_f,age_ythadult_y15_24,eco_aggregate_agr,2023,488.57
zmb,sex_f,age_ythadult_y15_24,eco_aggregate_agr,2024,553.507
zmb,sex_f,age_ythadult_y15_24,eco_aggregate_con,2021,0
zmb,sex_f,age_ythadult_y15_24,eco_aggregate_con,2022,0
zmb,sex_f,age_ythadult_y15_24,eco_aggregate_con,2024,0
zmb,sex_f,age_ythadult_y15_24,eco_aggregate_man,2017,4.418
zmb,sex_f,age_ythadult_y15_24,eco_aggregate_man,2018,7.879
zmb,sex_f,age_ythadult_y15_24,eco_aggregate_man,2019,5.152
zmb,sex_f,age_ythadult_y15_24,eco_aggregate_man,2020,7.371
zmb,sex_f,age_ythadult_y15_24,eco_aggregate_man,2021,8.218
zmb,sex_f,age_ythadult_y15_24,eco_aggregate_man,2022,6.363
zmb,sex_f,age_ythadult_y15_24,eco_aggregate_man,2023,9.622
zmb,sex_f,age_ythadult_y15_24,eco_aggregate_man,2024,7.251
zmb,sex_f,age_ythadult_y15_24,eco_aggregate_mkt,2017,51.367
zmb,sex_f,age_ythadult_y15_24,eco_aggregate_mkt,2018,41.409
zmb,sex_f,age_ythadult_y15_24,eco_aggregate_mkt,2019,55.063
zmb,sex_f,age_ythadult_y15_24,eco_aggregate_mkt,2020,56.727
zmb,sex_f,age_ythadult_y15_24,eco_aggregate_mkt,2021,55.748
zmb,sex_f,age_ythadult_y15_24,eco_aggregate_mkt,2022,58.335
zmb,sex_f,age_ythadult_y15_24,eco_aggregate_mkt,2023,70.858
zmb,sex_f,age_ythadult_y15_24,eco_aggregate_mkt,2024,63.388
zmb,sex_f,age_ythadult_y15_24,eco_aggregate_pub,2017,32.087
zmb,sex_f,age_ythadult_y15_24,eco_aggregate_pub,2018,31.581
zmb,sex_f,age_ythadult_y15_24,eco_aggregate_pub,2019,23.696
zmb,sex_f,age_ythadult_y15_24,eco_aggregate_pub,2020,26.554
zmb,sex_f,age_ythadult_y15_24,eco_aggregate_pub,2021,28.888
zmb,sex_f,age_ythadult_y15_24,eco_aggregate_pub,2022,31.716
zmb,sex_f,age_ythadult_y15_24,eco_aggregate_pub,2023,31.178
zmb,sex_f,age_ythadult_y15_24,eco_aggregate_pub,2024,37.039
zmb,sex_f,age_ythadult_y15_24,eco_aggregate_total,2017,585.653
zmb,sex_f,age_ythadult_y15_24,eco_aggregate_total,2018,538.653
zmb,sex_f,age_ythadult_y15_24,eco_aggregate_total,2019,540.822
zmb,sex_f,age_ythadult_y15_24,eco_aggregate_total,2020,616.25
zmb,sex_f,age_ythadult_y15_24,eco_aggregate_total,2021,535.899
zmb,sex_f,age_ythadult_y15_24,eco_aggregate_total,2022,529.826
zmb,sex_f,age_ythadult_y15_24,eco_aggregate_total,2023,602.761
zmb,sex_f,age_ythadult_y15_24,eco_aggregate_total,2024,661.905
zmb,sex_f,age_ythadult_y15_24,eco_isic4_a,2017,497.05
zmb,sex_f,age_ythadult_y15_24,eco_isic4_a,2018,457.159
zmb,sex_f,age_ythadult_y15_24,eco_isic4_a,2019,455.922
zmb,sex_f,age_ythadult_y15_24,eco_isic4_a,2020,524.441
zmb,sex_f,age_ythadult_y15_24,eco_isic4_a,2021,443.044
zmb,sex_f,age_ythadult_y15_24,eco_isic4_a,2022,432.812
zmb,sex_f,age_ythadult_y15_24,eco_isic4_a,2023,488.57
zmb,sex_f,age_ythadult_y15_24,eco_isic4_a,2024,553.507
zmb,sex_f,age_ythadult_y15_24,eco_isic4_c,2017,4.418
zmb,sex_f,age_ythadult_y15_24,eco_isic4_c,2018,7.879
zmb,sex_f,age_ythadult_y15_24,eco_isic4_c,2019,5.152
zmb,sex_f,age_ythadult_y15_24,eco_isic4_c,2020,7.371
zmb,sex_f,age_ythadult_y15_24,eco_isic4_c,2021,8.218
zmb,sex_f,age_ythadult_y15_24,eco_isic4_c,2022,6.363
zmb,sex_f,age_ythadult_y15_24,eco_isic4_c,2023,9.622
zmb,sex_f,age_ythadult_y15_24,eco_isic4_c,2024,7.251
zmb,sex_f,age_ythadult_y15_24,eco_isic4_f,2021,0
zmb,sex_f,age_ythadult_y15_24,eco_isic4_f,2022,0
zmb,sex_f,age_ythadult_y15_24,eco_isic4_f,2024,0
zmb,sex_f,age_ythadult_y15_24,eco_isic4_g,2017,44.448
zmb,sex_f,age_ythadult_y15_24,eco_isic4_g,2018,38.13
zmb,sex_f,age_ythadult_y15_24,eco_isic4_g,2019,45.729
zmb,sex_f,age_ythadult_y15_24,eco_isic4_g,2020,47.585
zmb,sex_f,age_ythadult_y15_24,eco_isic4_g,2021,42.857
zmb,sex_f,age_ythadult_y15_24,eco_isic4_g,2022,49.674
zmb,sex_f,age_ythadult_y15_24,eco_isic4_g,2023,59.525
zmb,sex_f,age_ythadult_y15_24,eco_isic4_g,2024,60.311
zmb,sex_f,age_ythadult_y15_24,eco_isic4_h,2022,0
zmb,sex_f,age_ythadult_y15_24,eco_isic4_h,2023,0
zmb,sex_f,age_ythadult_y15_24,eco_isic4_h,2024,0
zmb,sex_f,age_ythadult_y15_24,eco_isic4_i,2017,5.142
zmb,sex_f,age_ythadult_y15_24,eco_isic4_i,2018,1.941
zmb,sex_f,age_ythadult_y15_24,eco_isic4_i,2019,4.979
zmb,sex_f,age_ythadult_y15_24,eco_isic4_i,2020,3.893
zmb,sex_f,age_ythadult_y15_24,eco_isic4_i,2021,6.216
zmb,sex_f,age_ythadult_y15_24,eco_isic4_i,2022,5.463
zmb,sex_f,age_ythadult_y15_24,eco_isic4_i,2023,4.134
zmb,sex_f,age_ythadult_y15_24,eco_isic4_i,2024,3.076
zmb,sex_f,age_ythadult_y15_24,eco_isic4_n,2017,1.777
zmb,sex_f,age_ythadult_y15_24,eco_isic4_n,2019,3.792
zmb,sex_f,age_ythadult_y15_24,eco_isic4_n,2020,1.891
zmb,sex_f,age_ythadult_y15_24,eco_isic4_n,2021,4.421
zmb,sex_f,age_ythadult_y15_24,eco_isic4_n,2023,4.633
zmb,sex_f,age_ythadult_y15_24,eco_isic4_s,2017,8.082
zmb,sex_f,age_ythadult_y15_24,eco_isic4_s,2018,18.088
zmb,sex_f,age_ythadult_y15_24,eco_isic4_s,2019,10.883
zmb,sex_f,age_ythadult_y15_24,eco_isic4_s,2020,15.044
zmb,sex_f,age_ythadult_y15_24,eco_isic4_s,2021,14.539
zmb,sex_f,age_ythadult_y15_24,eco_isic4_s,2022,19.194
zmb,sex_f,age_ythadult_y15_24,eco_isic4_s,2023,12.919
zmb,sex_f,age_ythadult_y15_24,eco_isic4_s,2024,13.278
zmb,sex_f,age_ythadult_y15_24,eco_isic4_t,2017,22.549
zmb,sex_f,age_ythadult_y15_24,eco_isic4_t,2018,12.77
zmb,sex_f,age_ythadult_y15_24,eco_isic4_t,2019,11.319
zmb,sex_f,age_ythadult_y15_24,eco_isic4_t,2020,11.51
zmb,sex_f,age_ythadult_y15_24,eco_isic4_t,2021,12.181
zmb,sex_f,age_ythadult_y15_24,eco_isic4_t,2022,11.632
zmb,sex_f,age_ythadult_y15_24,eco_isic4_t,2023,17.953
zmb,sex_f,age_ythadult_y15_24,eco_isic4_t,2024,23.263
zmb,sex_f,age_ythadult_y15_24,eco_isic4_total,2017,585.653
zmb,sex_f,age_ythadult_y15_24,eco_isic4_total,2018,538.653
zmb,sex_f,age_ythadult_y15_24,eco_isic4_total,2019,540.822
zmb,sex_f,age_ythadult_y15_24,eco_isic4_total,2020,616.25
zmb,sex_f,age_ythadult_y15_24,eco_isic4_total,2021,535.899
zmb,sex_f,age_ythadult_y15_24,eco_isic4_total,2022,529.826
zmb,sex_f,age_ythadult_y15_24,eco_isic4_total,2023,602.761
zmb,sex_f,age_ythadult_y15_24,eco_isic4_total,2024,661.905
zmb,sex_f,age_ythadult_y15_24,eco_sector_agr,2017,497.05
zmb,sex_f,age_ythadult_y15_24,eco_sector_agr,2018,457.159
zmb,sex_f,age_ythadult_y15_24,eco_sector_agr,2019,455.922
zmb,sex_f,age_ythadult_y15_24,eco_sector_agr,2020,524.441
zmb,sex_f,age_ythadult_y15_24,eco_sector_agr,2021,443.044
zmb,sex_f,age_ythadult_y15_24,eco_sector_agr,2022,432.812
zmb,sex_f,age_ythadult_y15_24,eco_sector_agr,2023,488.57
zmb,sex_f,age_ythadult_y15_24,eco_sector_agr,2024,553.507
zmb,sex_f,age_ythadult_y15_24,eco_sector_ind,2017,5.149
zmb,sex_f,age_ythadult_y15_24,eco_sector_ind,2018,8.504
zmb,sex_f,age_ythadult_y15_24,eco_sector_ind,2019,6.14
zmb,sex_f,age_ythadult_y15_24,eco_sector_ind,2020,8.528
zmb,sex_f,age_ythadult_y15_24,eco_sector_ind,2021,8.218
zmb,sex_f,age_ythadult_y15_24,eco_sector_ind,2022,6.963
zmb,sex_f,age_ythadult_y15_24,eco_sector_ind,2023,12.155
zmb,sex_f,age_ythadult_y15_24,eco_sector_ind,2024,7.972
zmb,sex_f,age_ythadult_y15_24,eco_sector_nag,2017,88.603
zmb,sex_f,age_ythadult_y15_24,eco_sector_nag,2018,81.494
zmb,sex_f,age_ythadult_y15_24,eco_sector_nag,2019,84.9
zmb,sex_f,age_ythadult_y15_24,eco_sector_nag,2020,91.809
zmb,sex_f,age_ythadult_y15_24,eco_sector_nag,2021,92.855
zmb,sex_f,age_ythadult_y15_24,eco_sector_nag,2022,97.014
zmb,sex_f,age_ythadult_y15_24,eco_sector_nag,2023,114.192
zmb,sex_f,age_ythadult_y15_24,eco_sector_nag,2024,108.398
zmb,sex_f,age_ythadult_y15_24,eco_sector_ser,2017,83.454
zmb,sex_f,age_ythadult_y15_24,eco_sector_ser,2018,72.99
zmb,sex_f,age_ythadult_y15_24,eco_sector_ser,2019,78.76
zmb,sex_f,age_ythadult_y15_24,eco_sector_ser,2020,83.28
zmb,sex_f,age_ythadult_y15_24,eco_sector_ser,2021,84.636
zmb,sex_f,age_ythadult_y15_24,eco_sector_ser,2022,90.051
zmb,sex_f,age_ythadult_y15_24,eco_sector_ser,2023,102.036
zmb,sex_f,age_ythadult_y15_24,eco_sector_ser,2024,100.426
zmb,sex_f,age_ythadult_y15_24,eco_sector_total,2017,585.653
zmb,sex_f,age_ythadult_y15_24,eco_sector_total,2018,538.653
zmb,sex_f,age_ythadult_y15_24,eco_sector_total,2019,540.822
zmb,sex_f,age_ythadult_y15_24,eco_sector_total,2020,616.25
zmb,sex_f,age_ythadult_y15_24,eco_sector_total,2021,535.899
zmb,sex_f,age_ythadult_y15_24,eco_sector_total,2022,529.826
zmb,sex_f,age_ythadult_y15_24,eco_sector_total,2023,602.761
zmb,sex_f,age_ythadult_y15_24,eco_sector_total,2024,661.905
zmb,sex_f,age_ythadult_y15_64,eco_aggregate_agr,2017,1510.163
zmb,sex_f,age_ythadult_y15_64,eco_aggregate_agr,2018,1491.995
zmb,sex_f,age_ythadult_y15_64,eco_aggregate_agr,2019,1455.76
zmb,sex_f,age_ythadult_y15_64,eco_aggregate_agr,2020,1583.456
zmb,sex_f,age_ythadult_y15_64,eco_aggregate_agr,2021,1513.999
zmb,sex_f,age_ythadult_y15_64,eco_aggregate_agr,2022,1487.021
zmb,sex_f,age_ythadult_y15_64,eco_aggregate_agr,2023,1711.888
zmb,sex_f,age_ythadult_y15_64,eco_aggregate_agr,2024,1889.622
zmb,sex_f,age_ythadult_y15_64,eco_aggregate_con,2017,0.732
zmb,sex_f,age_ythadult_y15_64,eco_aggregate_con,2018,0.448
zmb,sex_f,age_ythadult_y15_64,eco_aggregate_con,2019,0.511
zmb,sex_f,age_ythadult_y15_64,eco_aggregate_con,2020,1.157
zmb,sex_f,age_ythadult_y15_64,eco_aggregate_con,2021,2.701
zmb,sex_f,age_ythadult_y15_64,eco_aggregate_con,2022,0.813
zmb,sex_f,age_ythadult_y15_64,eco_aggregate_con,2023,1.919
zmb,sex_f,age_ythadult_y15_64,eco_aggregate_con,2024,1.569
zmb,sex_f,age_ythadult_y15_64,eco_aggregate_man,2017,42.504
zmb,sex_f,age_ythadult_y15_64,eco_aggregate_man,2018,43.061
zmb,sex_f,age_ythadult_y15_64,eco_aggregate_man,2019,38.572
zmb,sex_f,age_ythadult_y15_64,eco_aggregate_man,2020,54.292
zmb,sex_f,age_ythadult_y15_64,eco_aggregate_man,2021,57.54
zmb,sex_f,age_ythadult_y15_64,eco_aggregate_man,2022,63.107
zmb,sex_f,age_ythadult_y15_64,eco_aggregate_man,2023,54.372
zmb,sex_f,age_ythadult_y15_64,eco_aggregate_man,2024,63.663
zmb,sex_f,age_ythadult_y15_64,eco_aggregate_mel,2018,3.629
zmb,sex_f,age_ythadult_y15_64,eco_aggregate_mel,2019,5.836
zmb,sex_f,age_ythadult_y15_64,eco_aggregate_mel,2021,1.109
zmb,sex_f,age_ythadult_y15_64,eco_aggregate_mel,2022,2.523
zmb,sex_f,age_ythadult_y15_64,eco_aggregate_mel,2023,4.988
zmb,sex_f,age_ythadult_y15_64,eco_aggregate_mel,2024,5.467
zmb,sex_f,age_ythadult_y15_64,eco_aggregate_mkt,2017,379.421
zmb,sex_f,age_ythadult_y15_64,eco_aggregate_mkt,2018,334.209
zmb,sex_f,age_ythadult_y15_64,eco_aggregate_mkt,2019,419.794
zmb,sex_f,age_ythadult_y15_64,eco_aggregate_mkt,2020,407.613
zmb,sex_f,age_ythadult_y15_64,eco_aggregate_mkt,2021,444.031
zmb,sex_f,age_ythadult_y15_64,eco_aggregate_mkt,2022,491.091
zmb,sex_f,age_ythadult_y15_64,eco_aggregate_mkt,2023,529.179
zmb,sex_f,age_ythadult_y15_64,eco_aggregate_mkt,2024,480.715
zmb,sex_f,age_ythadult_y15_64,eco_aggregate_pub,2017,144.904
zmb,sex_f,age_ythadult_y15_64,eco_aggregate_pub,2018,117.493
zmb,sex_f,age_ythadult_y15_64,eco_aggregate_pub,2019,140.659
zmb,sex_f,age_ythadult_y15_64,eco_aggregate_pub,2020,122.694
zmb,sex_f,age_ythadult_y15_64,eco_aggregate_pub,2021,134.492
zmb,sex_f,age_ythadult_y15_64,eco_aggregate_pub,2022,146.701
zmb,sex_f,age_ythadult_y15_64,eco_aggregate_pub,2023,174.701
zmb,sex_f,age_ythadult_y15_64,eco_aggregate_pub,2024,164.634
zmb,sex_f,age_ythadult_y15_64,eco_aggregate_total,2017,2078.765
zmb,sex_f,age_ythadult_y15_64,eco_aggregate_total,2018,1990.836
zmb,sex_f,age_ythadult_y15_64,eco_aggregate_total,2019,2061.133
zmb,sex_f,age_ythadult_y15_64,eco_aggregate_total,2020,2171.225
zmb,sex_f,age_ythadult_y15_64,eco_aggregate_total,2021,2153.872
zmb,sex_f,age_ythadult_y15_64,eco_aggregate_total,2022,2191.256
zmb,sex_f,age_ythadult_y15_64,eco_aggregate_total,2023,2477.046
zmb,sex_f,age_ythadult_y15_64,eco_aggregate_total,2024,2605.67
zmb,sex_f,age_ythadult_y15_64,eco_isic4_a,2017,1510.163
zmb,sex_f,age_ythadult_y15_64,eco_isic4_a,2018,1491.995
zmb,sex_f,age_ythadult_y15_64,eco_isic4_a,2019,1455.76
zmb,sex_f,age_ythadult_y15_64,eco_isic4_a,2020,1583.456
zmb,sex_f,age_ythadult_y15_64,eco_isic4_a,2021,1513.999
zmb,sex_f,age_ythadult_y15_64,eco_isic4_a,2022,1487.021
zmb,sex_f,age_ythadult_y15_64,eco_isic4_a,2023,1711.888
zmb,sex_f,age_ythadult_y15_64,eco_isic4_a,2024,1889.622
zmb,sex_f,age_ythadult_y15_64,eco_isic4_b,2018,3.629
zmb,sex_f,age_ythadult_y15_64,eco_isic4_b,2019,5.836
zmb,sex_f,age_ythadult_y15_64,eco_isic4_b,2022,1.844
zmb,sex_f,age_ythadult_y15_64,eco_isic4_b,2023,3.41
zmb,sex_f,age_ythadult_y15_64,eco_isic4_c,2017,42.504
zmb,sex_f,age_ythadult_y15_64,eco_isic4_c,2018,43.061
zmb,sex_f,age_ythadult_y15_64,eco_isic4_c,2019,38.572
zmb,sex_f,age_ythadult_y15_64,eco_isic4_c,2020,54.292
zmb,sex_f,age_ythadult_y15_64,eco_isic4_c,2021,57.54
zmb,sex_f,age_ythadult_y15_64,eco_isic4_c,2022,63.107
zmb,sex_f,age_ythadult_y15_64,eco_isic4_c,2023,54.372
zmb,sex_f,age_ythadult_y15_64,eco_isic4_c,2024,63.663
zmb,sex_f,age_ythadult_y15_64,eco_isic4_e,2021,0
zmb,sex_f,age_ythadult_y15_64,eco_isic4_e,2024,0.665
zmb,sex_f,age_ythadult_y15_64,eco_isic4_f,2017,0.732
zmb,sex_f,age_ythadult_y15_64,eco_isic4_f,2018,0.448
zmb,sex_f,age_ythadult_y15_64,eco_isic4_f,2019,0.511
zmb,sex_f,age_ythadult_y15_64,eco_isic4_f,2020,1.157
zmb,sex_f,age_ythadult_y15_64,eco_isic4_f,2021,2.701
zmb,sex_f,age_ythadult_y15_64,eco_isic4_f,2022,0.813
zmb,sex_f,age_ythadult_y15_64,eco_isic4_f,2023,1.919
zmb,sex_f,age_ythadult_y15_64,eco_isic4_f,2024,1.569
zmb,sex_f,age_ythadult_y15_64,eco_isic4_g,2017,346.655
zmb,sex_f,age_ythadult_y15_64,eco_isic4_g,2018,294.001
zmb,sex_f,age_ythadult_y15_64,eco_isic4_g,2019,372.959
zmb,sex_f,age_ythadult_y15_64,eco_isic4_g,2020,351.849
zmb,sex_f,age_ythadult_y15_64,eco_isic4_g,2021,354.898
zmb,sex_f,age_ythadult_y15_64,eco_isic4_g,2022,417.114
zmb,sex_f,age_ythadult_y15_64,eco_isic4_g,2023,445.822
zmb,sex_f,age_ythadult_y15_64,eco_isic4_g,2024,456.257
zmb,sex_f,age_ythadult_y15_64,eco_isic4_h,2017,0.86
zmb,sex_f,age_ythadult_y15_64,eco_isic4_h,2018,0.506
zmb,sex_f,age_ythadult_y15_64,eco_isic4_h,2019,0.564
zmb,sex_f,age_ythadult_y15_64,eco_isic4_h,2020,1.995
zmb,sex_f,age_ythadult_y15_64,eco_isic4_h,2022,1.219
zmb,sex_f,age_ythadult_y15_64,eco_isic4_h,2023,0.5
zmb,sex_f,age_ythadult_y15_64,eco_isic4_h,2024,1.293
zmb,sex_f,age_ythadult_y15_64,eco_isic4_i,2017,12.972
zmb,sex_f,age_ythadult_y15_64,eco_isic4_i,2018,21.27
zmb,sex_f,age_ythadult_y15_64,eco_isic4_i,2019,24.414
zmb,sex_f,age_ythadult_y15_64,eco_isic4_i,2020,27.269
zmb,sex_f,age_ythadult_y15_64,eco_isic4_i,2021,36.625
zmb,sex_f,age_ythadult_y15_64,eco_isic4_i,2022,32.722
zmb,sex_f,age_ythadult_y15_64,eco_isic4_i,2023,32.066
zmb,sex_f,age_ythadult_y15_64,eco_isic4_i,2024,10.938
zmb,sex_f,age_ythadult_y15_64,eco_isic4_k,2018,1.177
zmb,sex_f,age_ythadult_y15_64,eco_isic4_k,2020,2.832
zmb,sex_f,age_ythadult_y15_64,eco_isic4_k,2021,2.951
zmb,sex_f,age_ythadult_y15_64,eco_isic4_k,2023,5.525
zmb,sex_f,age_ythadult_y15_64,eco_isic4_k,2024,2.828
zmb,sex_f,age_ythadult_y15_64,eco_isic4_m,2017,3.847
zmb,sex_f,age_ythadult_y15_64,eco_isic4_m,2019,0
zmb,sex_f,age_ythadult_y15_64,eco_isic4_n,2017,5.438
zmb,sex_f,age_ythadult_y15_64,eco_isic4_n,2018,13.417
zmb,sex_f,age_ythadult_y15_64,eco_isic4_n,2019,16.33
zmb,sex_f,age_ythadult_y15_64,eco_isic4_n,2020,16.288
zmb,sex_f,age_ythadult_y15_64,eco_isic4_n,2021,37.07
zmb,sex_f,age_ythadult_y15_64,eco_isic4_n,2022,24.442
zmb,sex_f,age_ythadult_y15_64,eco_isic4_n,2023,37.373
zmb,sex_f,age_ythadult_y15_64,eco_isic4_n,2024,2.882
zmb,sex_f,age_ythadult_y15_64,eco_isic4_p,2018,2.451
zmb,sex_f,age_ythadult_y15_64,eco_isic4_p,2020,0
zmb,sex_f,age_ythadult_y15_64,eco_isic4_q,2017,1.419
zmb,sex_f,age_ythadult_y15_64,eco_isic4_q,2021,5.529
zmb,sex_f,age_ythadult_y15_64,eco_isic4_s,2017,30.813
zmb,sex_f,age_ythadult_y15_64,eco_isic4_s,2018,52.661
zmb,sex_f,age_ythadult_y15_64,eco_isic4_s,2019,56.779
zmb,sex_f,age_ythadult_y15_64,eco_isic4_s,2020,56.574
zmb,sex_f,age_ythadult_y15_64,eco_isic4_s,2021,49.074
zmb,sex_f,age_ythadult_y15_64,eco_isic4_s,2023,43.998
zmb,sex_f,age_ythadult_y15_64,eco_isic4_s,2024,38.628
zmb,sex_f,age_ythadult_y15_64,eco_isic4_t,2017,107.059
zmb,sex_f,age_ythadult_y15_64,eco_isic4_t,2018,52.65
zmb,sex_f,age_ythadult_y15_64,eco_isic4_t,2019,74.588
zmb,sex_f,age_ythadult_y15_64,eco_isic4_t,2020,59.47
zmb,sex_f,age_ythadult_y15_64,eco_isic4_t,2021,70.986
zmb,sex_f,age_ythadult_y15_64,eco_isic4_t,2022,72.206
zmb,sex_f,age_ythadult_y15_64,eco_isic4_t,2023,117.562
zmb,sex_f,age_ythadult_y15_64,eco_isic4_t,2024,120.001
zmb,sex_f,age_ythadult_y15_64,eco_isic4_total,2017,2078.765
zmb,sex_f,age_ythadult_y15_64,eco_isic4_total,2018,1990.836
zmb,sex_f,age_ythadult_y15_64,eco_isic4_total,2019,2061.133
zmb,sex_f,age_ythadult_y15_64,eco_isic4_total,2020,2171.225
zmb,sex_f,age_ythadult_y15_64,eco_isic4_total,2021,2153.872
zmb,sex_f,age_ythadult_y15_64,eco_isic4_total,2022,2191.256
zmb,sex_f,age_ythadult_y15_64,eco_isic4_total,2023,2477.046
zmb,sex_f,age_ythadult_y15_64,eco_isic4_total,2024,2605.67
zmb,sex_f,age_ythadult_y15_64,eco_isic4_u,2018,0.949
zmb,sex_f,age_ythadult_y15_64,eco_isic4_u,2019,3.943
zmb,sex_f,age_ythadult_y15_64,eco_isic4_u,2020,0
zmb,sex_f,age_ythadult_y15_64,eco_sector_agr,2017,1510.163
zmb,sex_f,age_ythadult_y15_64,eco_sector_agr,2018,1491.995
zmb,sex_f,age_ythadult_y15_64,eco_sector_agr,2019,1455.76
zmb,sex_f,age_ythadult_y15_64,eco_sector_agr,2020,1583.456
zmb,sex_f,age_ythadult_y15_64,eco_sector_agr,2021,1513.999
zmb,sex_f,age_ythadult_y15_64,eco_sector_agr,2022,1487.021
zmb,sex_f,age_ythadult_y15_64,eco_sector_agr,2023,1711.888
zmb,sex_f,age_ythadult_y15_64,eco_sector_agr,2024,1889.622
zmb,sex_f,age_ythadult_y15_64,eco_sector_ind,2017,44.277
zmb,sex_f,age_ythadult_y15_64,eco_sector_ind,2018,47.138
zmb,sex_f,age_ythadult_y15_64,eco_sector_ind,2019,44.919
zmb,sex_f,age_ythadult_y15_64,eco_sector_ind,2020,57.463
zmb,sex_f,age_ythadult_y15_64,eco_sector_ind,2021,61.35
zmb,sex_f,age_ythadult_y15_64,eco_sector_ind,2022,66.443
zmb,sex_f,age_ythadult_y15_64,eco_sector_ind,2023,61.279
zmb,sex_f,age_ythadult_y15_64,eco_sector_ind,2024,70.699
zmb,sex_f,age_ythadult_y15_64,eco_sector_nag,2017,568.602
zmb,sex_f,age_ythadult_y15_64,eco_sector_nag,2018,498.841
zmb,sex_f,age_ythadult_y15_64,eco_sector_nag,2019,605.373
zmb,sex_f,age_ythadult_y15_64,eco_sector_nag,2020,587.769
zmb,sex_f,age_ythadult_y15_64,eco_sector_nag,2021,639.873
zmb,sex_f,age_ythadult_y15_64,eco_sector_nag,2022,704.236
zmb,sex_f,age_ythadult_y15_64,eco_sector_nag,2023,765.158
zmb,sex_f,age_ythadult_y15_64,eco_sector_nag,2024,716.048
zmb,sex_f,age_ythadult_y15_64,eco_sector_ser,2017,524.325
zmb,sex_f,age_ythadult_y15_64,eco_sector_ser,2018,451.703
zmb,sex_f,age_ythadult_y15_64,eco_sector_ser,2019,560.454
zmb,sex_f,age_ythadult_y15_64,eco_sector_ser,2020,530.306
zmb,sex_f,age_ythadult_y15_64,eco_sector_ser,2021,578.524
zmb,sex_f,age_ythadult_y15_64,eco_sector_ser,2022,637.792
zmb,sex_f,age_ythadult_y15_64,eco_sector_ser,2023,703.88
zmb,sex_f,age_ythadult_y15_64,eco_sector_ser,2024,645.349
zmb,sex_f,age_ythadult_y15_64,eco_sector_total,2017,2078.765
zmb,sex_f,age_ythadult_y15_64,eco_sector_total,2018,1990.836
zmb,sex_f,age_ythadult_y15_64,eco_sector_total,2019,2061.133
zmb,sex_f,age_ythadult_y15_64,eco_sector_total,2020,2171.225
zmb,sex_f,age_ythadult_y15_64,eco_sector_total,2021,2153.872
zmb,sex_f,age_ythadult_y15_64,eco_sector_total,2022,2191.256
zmb,sex_f,age_ythadult_y15_64,eco_sector_total,2023,2477.046
zmb,sex_f,age_ythadult_y15_64,eco_sector_total,2024,2605.67
zmb,sex_f,age_ythadult_yge15,eco_aggregate_agr,2017,1630.528
zmb,sex_f,age_ythadult_yge15,eco_aggregate_agr,2018,1616.162
zmb,sex_f,age_ythadult_yge15,eco_aggregate_agr,2019,1545.319
zmb,sex_f,age_ythadult_yge15,eco_aggregate_agr,2020,1684.24
zmb,sex_f,age_ythadult_yge15,eco_aggregate_agr,2021,1609.331
zmb,sex_f,age_ythadult_yge15,eco_aggregate_agr,2022,1575.855
zmb,sex_f,age_ythadult_yge15,eco_aggregate_agr,2023,1828.052
zmb,sex_f,age_ythadult_yge15,eco_aggregate_agr,2024,2002.807
zmb,sex_f,age_ythadult_yge15,eco_aggregate_con,2021,2.701
zmb,sex_f,age_ythadult_yge15,eco_aggregate_man,2017,44.25
zmb,sex_f,age_ythadult_yge15,eco_aggregate_man,2018,43.373
zmb,sex_f,age_ythadult_yge15,eco_aggregate_man,2019,41.381
zmb,sex_f,age_ythadult_yge15,eco_aggregate_man,2020,54.83
zmb,sex_f,age_ythadult_yge15,eco_aggregate_man,2021,62.587
zmb,sex_f,age_ythadult_yge15,eco_aggregate_man,2022,63.816
zmb,sex_f,age_ythadult_yge15,eco_aggregate_man,2023,55.782
zmb,sex_f,age_ythadult_yge15,eco_aggregate_man,2024,67.839
zmb,sex_f,age_ythadult_yge15,eco_aggregate_mel,2018,4.53
zmb,sex_f,age_ythadult_yge15,eco_aggregate_mel,2019,6.313
zmb,sex_f,age_ythadult_yge15,eco_aggregate_mel,2020,2.45
zmb,sex_f,age_ythadult_yge15,eco_aggregate_mel,2022,2.523
zmb,sex_f,age_ythadult_yge15,eco_aggregate_mel,2023,5.945
zmb,sex_f,age_ythadult_yge15,eco_aggregate_mel,2024,5.467
zmb,sex_f,age_ythadult_yge15,eco_aggregate_mkt,2017,392.685
zmb,sex_f,age_ythadult_yge15,eco_aggregate_mkt,2018,348.691
zmb,sex_f,age_ythadult_yge15,eco_aggregate_mkt,2019,431.454
zmb,sex_f,age_ythadult_yge15,eco_aggregate_mkt,2020,422.316
zmb,sex_f,age_ythadult_yge15,eco_aggregate_mkt,2021,452.658
zmb,sex_f,age_ythadult_yge15,eco_aggregate_mkt,2022,509.164
zmb,sex_f,age_ythadult_yge15,eco_aggregate_mkt,2023,550.628
zmb,sex_f,age_ythadult_yge15,eco_aggregate_mkt,2024,496.624
zmb,sex_f,age_ythadult_yge15,eco_aggregate_pub,2017,145.328
zmb,sex_f,age_ythadult_yge15,eco_aggregate_pub,2018,118.906
zmb,sex_f,age_ythadult_yge15,eco_aggregate_pub,2019,143.79
zmb,sex_f,age_ythadult_yge15,eco_aggregate_pub,2020,124.044
zmb,sex_f,age_ythadult_yge15,eco_aggregate_pub,2021,135.646
zmb,sex_f,age_ythadult_yge15,eco_aggregate_pub,2022,149.845
zmb,sex_f,age_ythadult_yge15,eco_aggregate_pub,2023,176.304
zmb,sex_f,age_ythadult_yge15,eco_aggregate_pub,2024,165.946
zmb,sex_f,age_ythadult_yge15,eco_aggregate_total,2017,2214.564
zmb,sex_f,age_ythadult_yge15,eco_aggregate_total,2018,2132.11
zmb,sex_f,age_ythadult_yge15,eco_aggregate_total,2019,2168.769
zmb,sex_f,age_ythadult_yge15,eco_aggregate_total,2020,2289.037
zmb,sex_f,age_ythadult_yge15,eco_aggregate_total,2021,2264.032
zmb,sex_f,age_ythadult_yge15,eco_aggregate_total,2022,2302.017
zmb,sex_f,age_ythadult_yge15,eco_aggregate_total,2023,2618.629
zmb,sex_f,age_ythadult_yge15,eco_aggregate_total,2024,2740.251
zmb,sex_f,age_ythadult_yge15,eco_isic4_a,2017,1630.528
zmb,sex_f,age_ythadult_yge15,eco_isic4_a,2018,1616.162
zmb,sex_f,age_ythadult_yge15,eco_isic4_a,2019,1545.319
zmb,sex_f,age_ythadult_yge15,eco_isic4_a,2020,1684.24
zmb,sex_f,age_ythadult_yge15,eco_isic4_a,2021,1609.331
zmb,sex_f,age_ythadult_yge15,eco_isic4_a,2022,1575.855
zmb,sex_f,age_ythadult_yge15,eco_isic4_a,2023,1828.052
zmb,sex_f,age_ythadult_yge15,eco_isic4_a,2024,2002.807
zmb,sex_f,age_ythadult_yge15,eco_isic4_b,2018,4.53
zmb,sex_f,age_ythadult_yge15,eco_isic4_b,2019,6.313
zmb,sex_f,age_ythadult_yge15,eco_isic4_b,2022,1.844
zmb,sex_f,age_ythadult_yge15,eco_isic4_b,2023,4.367
zmb,sex_f,age_ythadult_yge15,eco_isic4_b,2024,4.801
zmb,sex_f,age_ythadult_yge15,eco_isic4_c,2017,44.25
zmb,sex_f,age_ythadult_yge15,eco_isic4_c,2018,43.373
zmb,sex_f,age_ythadult_yge15,eco_isic4_c,2019,41.381
zmb,sex_f,age_ythadult_yge15,eco_isic4_c,2020,54.83
zmb,sex_f,age_ythadult_yge15,eco_isic4_c,2021,62.587
zmb,sex_f,age_ythadult_yge15,eco_isic4_c,2022,63.816
zmb,sex_f,age_ythadult_yge15,eco_isic4_c,2023,55.782
zmb,sex_f,age_ythadult_yge15,eco_isic4_c,2024,67.839
zmb,sex_f,age_ythadult_yge15,eco_isic4_f,2021,2.701
zmb,sex_f,age_ythadult_yge15,eco_isic4_g,2017,354.655
zmb,sex_f,age_ythadult_yge15,eco_isic4_g,2018,304.445
zmb,sex_f,age_ythadult_yge15,eco_isic4_g,2019,382.67
zmb,sex_f,age_ythadult_yge15,eco_isic4_g,2020,362.462
zmb,sex_f,age_ythadult_yge15,eco_isic4_g,2021,360.465
zmb,sex_f,age_ythadult_yge15,eco_isic4_g,2022,430.963
zmb,sex_f,age_ythadult_yge15,eco_isic4_g,2023,460.103
zmb,sex_f,age_ythadult_yge15,eco_isic4_g,2024,469.459
zmb,sex_f,age_ythadult_yge15,eco_isic4_i,2017,14.142
zmb,sex_f,age_ythadult_yge15,eco_isic4_i,2018,22.63
zmb,sex_f,age_ythadult_yge15,eco_isic4_i,2019,24.945
zmb,sex_f,age_ythadult_yge15,eco_isic4_i,2020,28.455
zmb,sex_f,age_ythadult_yge15,eco_isic4_i,2021,37.422
zmb,sex_f,age_ythadult_yge15,eco_isic4_i,2022,33.906
zmb,sex_f,age_ythadult_yge15,eco_isic4_i,2023,35.266
zmb,sex_f,age_ythadult_yge15,eco_isic4_i,2024,10.938
zmb,sex_f,age_ythadult_yge15,eco_isic4_k,2020,2.832
zmb,sex_f,age_ythadult_yge15,eco_isic4_k,2021,2.951
zmb,sex_f,age_ythadult_yge15,eco_isic4_k,2022,7.136
zmb,sex_f,age_ythadult_yge15,eco_isic4_k,2023,5.525
zmb,sex_f,age_ythadult_yge15,eco_isic4_k,2024,2.828
zmb,sex_f,age_ythadult_yge15,eco_isic4_l,2017,10.724
zmb,sex_f,age_ythadult_yge15,eco_isic4_l,2018,4.161
zmb,sex_f,age_ythadult_yge15,eco_isic4_l,2019,4.767
zmb,sex_f,age_ythadult_yge15,eco_isic4_l,2020,5.733
zmb,sex_f,age_ythadult_yge15,eco_isic4_l,2021,9.484
zmb,sex_f,age_ythadult_yge15,eco_isic4_l,2022,8.429
zmb,sex_f,age_ythadult_yge15,eco_isic4_l,2023,7.846
zmb,sex_f,age_ythadult_yge15,eco_isic4_l,2024,8.512
zmb,sex_f,age_ythadult_yge15,eco_isic4_m,2017,4.847
zmb,sex_f,age_ythadult_yge15,eco_isic4_m,2020,2.904
zmb,sex_f,age_ythadult_yge15,eco_isic4_m,2021,1.999
zmb,sex_f,age_ythadult_yge15,eco_isic4_m,2022,2.534
zmb,sex_f,age_ythadult_yge15,eco_isic4_m,2023,2.156
zmb,sex_f,age_ythadult_yge15,eco_isic4_n,2017,5.801
zmb,sex_f,age_ythadult_yge15,eco_isic4_n,2018,14.79
zmb,sex_f,age_ythadult_yge15,eco_isic4_n,2019,17.748
zmb,sex_f,age_ythadult_yge15,eco_isic4_n,2020,17.451
zmb,sex_f,age_ythadult_yge15,eco_isic4_n,2021,37.07
zmb,sex_f,age_ythadult_yge15,eco_isic4_n,2022,24.977
zmb,sex_f,age_ythadult_yge15,eco_isic4_n,2023,38.169
zmb,sex_f,age_ythadult_yge15,eco_isic4_n,2024,3.593
zmb,sex_f,age_ythadult_yge15,eco_isic4_p,2017,4.839
zmb,sex_f,age_ythadult_yge15,eco_isic4_p,2018,2.451
zmb,sex_f,age_ythadult_yge15,eco_isic4_p,2023,4.795
zmb,sex_f,age_ythadult_yge15,eco_isic4_p,2024,2.629
zmb,sex_f,age_ythadult_yge15,eco_isic4_q,2017,1.419
zmb,sex_f,age_ythadult_yge15,eco_isic4_q,2018,8.927
zmb,sex_f,age_ythadult_yge15,eco_isic4_q,2019,5.595
zmb,sex_f,age_ythadult_yge15,eco_isic4_q,2020,5.675
zmb,sex_f,age_ythadult_yge15,eco_isic4_q,2021,5.529
zmb,sex_f,age_ythadult_yge15,eco_isic4_q,2022,5.988
zmb,sex_f,age_ythadult_yge15,eco_isic4_q,2023,8.768
zmb,sex_f,age_ythadult_yge15,eco_isic4_r,2021,1.923
zmb,sex_f,age_ythadult_yge15,eco_isic4_s,2017,30.813
zmb,sex_f,age_ythadult_yge15,eco_isic4_s,2018,52.661
zmb,sex_f,age_ythadult_yge15,eco_isic4_s,2019,56.779
zmb,sex_f,age_ythadult_yge15,eco_isic4_s,2020,56.944
zmb,sex_f,age_ythadult_yge15,eco_isic4_s,2021,49.074
zmb,sex_f,age_ythadult_yge15,eco_isic4_s,2022,59.019
zmb,sex_f,age_ythadult_yge15,eco_isic4_s,2023,44.409
zmb,sex_f,age_ythadult_yge15,eco_isic4_s,2024,38.628
zmb,sex_f,age_ythadult_yge15,eco_isic4_t,2017,107.482
zmb,sex_f,age_ythadult_yge15,eco_isic4_t,2018,53.754
zmb,sex_f,age_ythadult_yge15,eco_isic4_t,2019,76.965
zmb,sex_f,age_ythadult_yge15,eco_isic4_t,2020,60.45
zmb,sex_f,age_ythadult_yge15,eco_isic4_t,2021,72.139
zmb,sex_f,age_ythadult_yge15,eco_isic4_t,2022,72.988
zmb,sex_f,age_ythadult_yge15,eco_isic4_t,2023,118.332
zmb,sex_f,age_ythadult_yge15,eco_isic4_t,2024,121.314
zmb,sex_f,age_ythadult_yge15,eco_isic4_total,2017,2214.564
zmb,sex_f,age_ythadult_yge15,eco_isic4_total,2018,2132.11
zmb,sex_f,age_ythadult_yge15,eco_isic4_total,2019,2168.769
zmb,sex_f,age_ythadult_yge15,eco_isic4_total,2020,2289.037
zmb,sex_f,age_ythadult_yge15,eco_isic4_total,2021,2264.032
zmb,sex_f,age_ythadult_yge15,eco_isic4_total,2022,2302.017
zmb,sex_f,age_ythadult_yge15,eco_isic4_total,2023,2618.629
zmb,sex_f,age_ythadult_yge15,eco_isic4_total,2024,2740.251
zmb,sex_f,age_ythadult_yge15,eco_isic4_u,2019,3.943
zmb,sex_f,age_ythadult_yge15,eco_isic4_u,2021,5.383
zmb,sex_f,age_ythadult_yge15,eco_sector_agr,2017,1630.528
zmb,sex_f,age_ythadult_yge15,eco_sector_agr,2018,1616.162
zmb,sex_f,age_ythadult_yge15,eco_sector_agr,2019,1545.319
zmb,sex_f,age_ythadult_yge15,eco_sector_agr,2020,1684.24
zmb,sex_f,age_ythadult_yge15,eco_sector_agr,2021,1609.331
zmb,sex_f,age_ythadult_yge15,eco_sector_agr,2022,1575.855
zmb,sex_f,age_ythadult_yge15,eco_sector_agr,2023,1828.052
zmb,sex_f,age_ythadult_yge15,eco_sector_agr,2024,2002.807
zmb,sex_f,age_ythadult_yge15,eco_sector_ind,2017,46.023
zmb,sex_f,age_ythadult_yge15,eco_sector_ind,2018,48.351
zmb,sex_f,age_ythadult_yge15,eco_sector_ind,2019,48.206
zmb,sex_f,age_ythadult_yge15,eco_sector_ind,2020,58.437
zmb,sex_f,age_ythadult_yge15,eco_sector_ind,2021,66.397
zmb,sex_f,age_ythadult_yge15,eco_sector_ind,2022,67.152
zmb,sex_f,age_ythadult_yge15,eco_sector_ind,2023,63.647
zmb,sex_f,age_ythadult_yge15,eco_sector_ind,2024,74.874
zmb,sex_f,age_ythadult_yge15,eco_sector_nag,2017,584.036
zmb,sex_f,age_ythadult_yge15,eco_sector_nag,2018,515.948
zmb,sex_f,age_ythadult_yge15,eco_sector_nag,2019,623.45
zmb,sex_f,age_ythadult_yge15,eco_sector_nag,2020,604.797
zmb,sex_f,age_ythadult_yge15,eco_sector_nag,2021,654.701
zmb,sex_f,age_ythadult_yge15,eco_sector_nag,2022,726.162
zmb,sex_f,age_ythadult_yge15,eco_sector_nag,2023,790.578
zmb,sex_f,age_ythadult_yge15,eco_sector_nag,2024,737.444
zmb,sex_f,age_ythadult_yge15,eco_sector_ser,2017,538.013
zmb,sex_f,age_ythadult_yge15,eco_sector_ser,2018,467.596
zmb,sex_f,age_ythadult_yge15,eco_sector_ser,2019,575.244
zmb,sex_f,age_ythadult_yge15,eco_sector_ser,2020,546.36
zmb,sex_f,age_ythadult_yge15,eco_sector_ser,2021,588.304
zmb,sex_f,age_ythadult_yge15,eco_sector_ser,2022,659.009
zmb,sex_f,age_ythadult_yge15,eco_sector_ser,2023,726.931
zmb,sex_f,age_ythadult_yge15,eco_sector_ser,2024,662.57
zmb,sex_f,age_ythadult_yge15,eco_sector_total,2017,2214.564
zmb,sex_f,age_ythadult_yge15,eco_sector_total,2018,2132.11
zmb,sex_f,age_ythadult_yge15,eco_sector_total,2019,2168.769
zmb,sex_f,age_ythadult_yge15,eco_sector_total,2020,2289.037
zmb,sex_f,age_ythadult_yge15,eco_sector_total,2021,2264.032
zmb,sex_f,age_ythadult_yge15,eco_sector_total,2022,2302.017
zmb,sex_f,age_ythadult_yge15,eco_sector_total,2023,2618.629
zmb,sex_f,age_ythadult_yge15,eco_sector_total,2024,2740.251
zmb,sex_f,age_ythadult_yge25,eco_aggregate_agr,2017,1133.478
zmb,sex_f,age_ythadult_yge25,eco_aggregate_agr,2018,1159.003
zmb,sex_f,age_ythadult_yge25,eco_aggregate_agr,2019,1089.397
zmb,sex_f,age_ythadult_yge25,eco_aggregate_agr,2020,1159.799
zmb,sex_f,age_ythadult_yge25,eco_aggregate_agr,2021,1166.287
zmb,sex_f,age_ythadult_yge25,eco_aggregate_agr,2022,1143.044
zmb,sex_f,age_ythadult_yge25,eco_aggregate_agr,2023,1339.482
zmb,sex_f,age_ythadult_yge25,eco_aggregate_agr,2024,1449.3
zmb,sex_f,age_ythadult_yge25,eco_aggregate_con,2019,0
zmb,sex_f,age_ythadult_yge25,eco_aggregate_con,2020,0
zmb,sex_f,age_ythadult_yge25,eco_aggregate_con,2021,2.701
zmb,sex_f,age_ythadult_yge25,eco_aggregate_man,2017,39.832
zmb,sex_f,age_ythadult_yge25,eco_aggregate_man,2018,35.494
zmb,sex_f,age_ythadult_yge25,eco_aggregate_man,2019,36.23
zmb,sex_f,age_ythadult_yge25,eco_aggregate_man,2020,47.458
zmb,sex_f,age_ythadult_yge25,eco_aggregate_man,2021,54.368
zmb,sex_f,age_ythadult_yge25,eco_aggregate_man,2022,57.454
zmb,sex_f,age_ythadult_yge25,eco_aggregate_man,2023,46.16
zmb,sex_f,age_ythadult_yge25,eco_aggregate_man,2024,60.588
zmb,sex_f,age_ythadult_yge25,eco_aggregate_mel,2018,4.353
zmb,sex_f,age_ythadult_yge25,eco_aggregate_mel,2019,5.836
zmb,sex_f,age_ythadult_yge25,eco_aggregate_mel,2020,2.45
zmb,sex_f,age_ythadult_yge25,eco_aggregate_mel,2022,1.923
zmb,sex_f,age_ythadult_yge25,eco_aggregate_mel,2023,4.74
zmb,sex_f,age_ythadult_yge25,eco_aggregate_mel,2024,4.746
zmb,sex_f,age_ythadult_yge25,eco_aggregate_mkt,2017,341.318
zmb,sex_f,age_ythadult_yge25,eco_aggregate_mkt,2018,307.281
zmb,sex_f,age_ythadult_yge25,eco_aggregate_mkt,2019,376.39
zmb,sex_f,age_ythadult_yge25,eco_aggregate_mkt,2020,365.59
zmb,sex_f,age_ythadult_yge25,eco_aggregate_mkt,2021,396.91
zmb,sex_f,age_ythadult_yge25,eco_aggregate_mkt,2022,450.829
zmb,sex_f,age_ythadult_yge25,eco_aggregate_mkt,2023,479.769
zmb,sex_f,age_ythadult_yge25,eco_aggregate_mkt,2024,433.236
zmb,sex_f,age_ythadult_yge25,eco_aggregate_pub,2017,113.241
zmb,sex_f,age_ythadult_yge25,eco_aggregate_pub,2018,87.325
zmb,sex_f,age_ythadult_yge25,eco_aggregate_pub,2019,120.094
zmb,sex_f,age_ythadult_yge25,eco_aggregate_pub,2020,97.49
zmb,sex_f,age_ythadult_yge25,eco_aggregate_pub,2021,106.757
zmb,sex_f,age_ythadult_yge25,eco_aggregate_pub,2022,118.129
zmb,sex_f,age_ythadult_yge25,eco_aggregate_pub,2023,145.126
zmb,sex_f,age_ythadult_yge25,eco_aggregate_pub,2024,128.908
zmb,sex_f,age_ythadult_yge25,eco_aggregate_total,2017,1628.911
zmb,sex_f,age_ythadult_yge25,eco_aggregate_total,2018,1593.457
zmb,sex_f,age_ythadult_yge25,eco_aggregate_total,2019,1627.947
zmb,sex_f,age_ythadult_yge25,eco_aggregate_total,2020,1672.787
zmb,sex_f,age_ythadult_yge25,eco_aggregate_total,2021,1728.134
zmb,sex_f,age_ythadult_yge25,eco_aggregate_total,2022,1772.191
zmb,sex_f,age_ythadult_yge25,eco_aggregate_total,2023,2015.868
zmb,sex_f,age_ythadult_yge25,eco_aggregate_total,2024,2078.346
zmb,sex_f,age_ythadult_yge25,eco_isic4_a,2017,1133.478
zmb,sex_f,age_ythadult_yge25,eco_isic4_a,2018,1159.003
zmb,sex_f,age_ythadult_yge25,eco_isic4_a,2019,1089.397
zmb,sex_f,age_ythadult_yge25,eco_isic4_a,2020,1159.799
zmb,sex_f,age_ythadult_yge25,eco_isic4_a,2021,1166.287
zmb,sex_f,age_ythadult_yge25,eco_isic4_a,2022,1143.044
zmb,sex_f,age_ythadult_yge25,eco_isic4_a,2023,1339.482
zmb,sex_f,age_ythadult_yge25,eco_isic4_a,2024,1449.3
zmb,sex_f,age_ythadult_yge25,eco_isic4_b,2018,4.353
zmb,sex_f,age_ythadult_yge25,eco_isic4_b,2019,5.836
zmb,sex_f,age_ythadult_yge25,eco_isic4_b,2023,3.884
zmb,sex_f,age_ythadult_yge25,eco_isic4_b,2024,4.08
zmb,sex_f,age_ythadult_yge25,eco_isic4_c,2017,39.832
zmb,sex_f,age_ythadult_yge25,eco_isic4_c,2018,35.494
zmb,sex_f,age_ythadult_yge25,eco_isic4_c,2019,36.23
zmb,sex_f,age_ythadult_yge25,eco_isic4_c,2020,47.458
zmb,sex_f,age_ythadult_yge25,eco_isic4_c,2021,54.368
zmb,sex_f,age_ythadult_yge25,eco_isic4_c,2022,57.454
zmb,sex_f,age_ythadult_yge25,eco_isic4_c,2023,46.16
zmb,sex_f,age_ythadult_yge25,eco_isic4_c,2024,60.588
zmb,sex_f,age_ythadult_yge25,eco_isic4_f,2019,0
zmb,sex_f,age_ythadult_yge25,eco_isic4_f,2020,0
zmb,sex_f,age_ythadult_yge25,eco_isic4_f,2021,2.701
zmb,sex_f,age_ythadult_yge25,eco_isic4_g,2017,310.207
zmb,sex_f,age_ythadult_yge25,eco_isic4_g,2018,266.315
zmb,sex_f,age_ythadult_yge25,eco_isic4_g,2019,336.941
zmb,sex_f,age_ythadult_yge25,eco_isic4_g,2020,314.878
zmb,sex_f,age_ythadult_yge25,eco_isic4_g,2021,317.609
zmb,sex_f,age_ythadult_yge25,eco_isic4_g,2022,381.289
zmb,sex_f,age_ythadult_yge25,eco_isic4_g,2023,400.578
zmb,sex_f,age_ythadult_yge25,eco_isic4_g,2024,409.148
zmb,sex_f,age_ythadult_yge25,eco_isic4_h,2019,0
zmb,sex_f,age_ythadult_yge25,eco_isic4_i,2017,9
zmb,sex_f,age_ythadult_yge25,eco_isic4_i,2018,20.689
zmb,sex_f,age_ythadult_yge25,eco_isic4_i,2019,19.967
zmb,sex_f,age_ythadult_yge25,eco_isic4_i,2020,24.561
zmb,sex_f,age_ythadult_yge25,eco_isic4_i,2021,31.206
zmb,sex_f,age_ythadult_yge25,eco_isic4_i,2022,28.442
zmb,sex_f,age_ythadult_yge25,eco_isic4_i,2023,31.131
zmb,sex_f,age_ythadult_yge25,eco_isic4_i,2024,7.862
zmb,sex_f,age_ythadult_yge25,eco_isic4_k,2022,5.814
zmb,sex_f,age_ythadult_yge25,eco_isic4_k,2023,3.821
zmb,sex_f,age_ythadult_yge25,eco_isic4_k,2024,2.828
zmb,sex_f,age_ythadult_yge25,eco_isic4_l,2017,10.724
zmb,sex_f,age_ythadult_yge25,eco_isic4_l,2018,4.161
zmb,sex_f,age_ythadult_yge25,eco_isic4_l,2019,4.767
zmb,sex_f,age_ythadult_yge25,eco_isic4_l,2020,5.733
zmb,sex_f,age_ythadult_yge25,eco_isic4_l,2021,9.484
zmb,sex_f,age_ythadult_yge25,eco_isic4_l,2022,8.429
zmb,sex_f,age_ythadult_yge25,eco_isic4_l,2023,7.846
zmb,sex_f,age_ythadult_yge25,eco_isic4_l,2024,8.512
zmb,sex_f,age_ythadult_yge25,eco_isic4_m,2017,4.847
zmb,sex_f,age_ythadult_yge25,eco_isic4_m,2020,2.904
zmb,sex_f,age_ythadult_yge25,eco_isic4_m,2021,1.999
zmb,sex_f,age_ythadult_yge25,eco_isic4_m,2022,2.534
zmb,sex_f,age_ythadult_yge25,eco_isic4_m,2023,1.724
zmb,sex_f,age_ythadult_yge25,eco_isic4_n,2017,4.025
zmb,sex_f,age_ythadult_yge25,eco_isic4_n,2018,13.833
zmb,sex_f,age_ythadult_yge25,eco_isic4_n,2019,13.956
zmb,sex_f,age_ythadult_yge25,eco_isic4_n,2020,15.56
zmb,sex_f,age_ythadult_yge25,eco_isic4_n,2021,32.65
zmb,sex_f,age_ythadult_yge25,eco_isic4_n,2022,23.102
zmb,sex_f,age_ythadult_yge25,eco_isic4_n,2023,33.536
zmb,sex_f,age_ythadult_yge25,eco_isic4_n,2024,3.593
zmb,sex_f,age_ythadult_yge25,eco_isic4_p,2017,4.369
zmb,sex_f,age_ythadult_yge25,eco_isic4_p,2023,4.795
zmb,sex_f,age_ythadult_yge25,eco_isic4_p,2024,2.629
zmb,sex_f,age_ythadult_yge25,eco_isic4_q,2018,8.927
zmb,sex_f,age_ythadult_yge25,eco_isic4_q,2019,4.653
zmb,sex_f,age_ythadult_yge25,eco_isic4_q,2020,5.675
zmb,sex_f,age_ythadult_yge25,eco_isic4_q,2021,4.842
zmb,sex_f,age_ythadult_yge25,eco_isic4_q,2022,5.324
zmb,sex_f,age_ythadult_yge25,eco_isic4_q,2023,8.461
zmb,sex_f,age_ythadult_yge25,eco_isic4_r,2021,1.923
zmb,sex_f,age_ythadult_yge25,eco_isic4_s,2017,22.73
zmb,sex_f,age_ythadult_yge25,eco_isic4_s,2018,34.572
zmb,sex_f,age_ythadult_yge25,eco_isic4_s,2019,45.896
zmb,sex_f,age_ythadult_yge25,eco_isic4_s,2020,41.9
zmb,sex_f,age_ythadult_yge25,eco_isic4_s,2021,34.535
zmb,sex_f,age_ythadult_yge25,eco_isic4_s,2022,39.825
zmb,sex_f,age_ythadult_yge25,eco_isic4_s,2023,31.49
zmb,sex_f,age_ythadult_yge25,eco_isic4_s,2024,25.35
zmb,sex_f,age_ythadult_yge25,eco_isic4_t,2017,84.934
zmb,sex_f,age_ythadult_yge25,eco_isic4_t,2018,40.983
zmb,sex_f,age_ythadult_yge25,eco_isic4_t,2019,65.645
zmb,sex_f,age_ythadult_yge25,eco_isic4_t,2020,48.94
zmb,sex_f,age_ythadult_yge25,eco_isic4_t,2021,59.958
zmb,sex_f,age_ythadult_yge25,eco_isic4_t,2022,61.356
zmb,sex_f,age_ythadult_yge25,eco_isic4_t,2023,100.379
zmb,sex_f,age_ythadult_yge25,eco_isic4_t,2024,98.051
zmb,sex_f,age_ythadult_yge25,eco_isic4_total,2017,1628.911
zmb,sex_f,age_ythadult_yge25,eco_isic4_total,2018,1593.457
zmb,sex_f,age_ythadult_yge25,eco_isic4_total,2019,1627.947
zmb,sex_f,age_ythadult_yge25,eco_isic4_total,2020,1672.787
zmb,sex_f,age_ythadult_yge25,eco_isic4_total,2021,1728.134
zmb,sex_f,age_ythadult_yge25,eco_isic4_total,2022,1772.191
zmb,sex_f,age_ythadult_yge25,eco_isic4_total,2023,2015.868
zmb,sex_f,age_ythadult_yge25,eco_isic4_total,2024,2078.346
zmb,sex_f,age_ythadult_yge25,eco_isic4_u,2021,4.543
zmb,sex_f,age_ythadult_yge25,eco_sector_agr,2017,1133.478
zmb,sex_f,age_ythadult_yge25,eco_sector_agr,2018,1159.003
zmb,sex_f,age_ythadult_yge25,eco_sector_agr,2019,1089.397
zmb,sex_f,age_ythadult_yge25,eco_sector_agr,2020,1159.799
zmb,sex_f,age_ythadult_yge25,eco_sector_agr,2021,1166.287
zmb,sex_f,age_ythadult_yge25,eco_sector_agr,2022,1143.044
zmb,sex_f,age_ythadult_yge25,eco_sector_agr,2023,1339.482
zmb,sex_f,age_ythadult_yge25,eco_sector_agr,2024,1449.3
zmb,sex_f,age_ythadult_yge25,eco_sector_ind,2017,40.874
zmb,sex_f,age_ythadult_yge25,eco_sector_ind,2018,39.847
zmb,sex_f,age_ythadult_yge25,eco_sector_ind,2019,42.066
zmb,sex_f,age_ythadult_yge25,eco_sector_ind,2020,49.909
zmb,sex_f,age_ythadult_yge25,eco_sector_ind,2021,58.179
zmb,sex_f,age_ythadult_yge25,eco_sector_ind,2022,60.189
zmb,sex_f,age_ythadult_yge25,eco_sector_ind,2023,51.491
zmb,sex_f,age_ythadult_yge25,eco_sector_ind,2024,66.903
zmb,sex_f,age_ythadult_yge25,eco_sector_nag,2017,495.433
zmb,sex_f,age_ythadult_yge25,eco_sector_nag,2018,434.454
zmb,sex_f,age_ythadult_yge25,eco_sector_nag,2019,538.55
zmb,sex_f,age_ythadult_yge25,eco_sector_nag,2020,512.988
zmb,sex_f,age_ythadult_yge25,eco_sector_nag,2021,561.846
zmb,sex_f,age_ythadult_yge25,eco_sector_nag,2022,629.148
zmb,sex_f,age_ythadult_yge25,eco_sector_nag,2023,676.386
zmb,sex_f,age_ythadult_yge25,eco_sector_nag,2024,629.047
zmb,sex_f,age_ythadult_yge25,eco_sector_ser,2017,454.559
zmb,sex_f,age_ythadult_yge25,eco_sector_ser,2018,394.607
zmb,sex_f,age_ythadult_yge25,eco_sector_ser,2019,496.484
zmb,sex_f,age_ythadult_yge25,eco_sector_ser,2020,463.08
zmb,sex_f,age_ythadult_yge25,eco_sector_ser,2021,503.668
zmb,sex_f,age_ythadult_yge25,eco_sector_ser,2022,568.958
zmb,sex_f,age_ythadult_yge25,eco_sector_ser,2023,624.895
zmb,sex_f,age_ythadult_yge25,eco_sector_ser,2024,562.144
zmb,sex_f,age_ythadult_yge25,eco_sector_total,2017,1628.911
zmb,sex_f,age_ythadult_yge25,eco_sector_total,2018,1593.457
zmb,sex_f,age_ythadult_yge25,eco_sector_total,2019,1627.947
zmb,sex_f,age_ythadult_yge25,eco_sector_total,2020,1672.787
zmb,sex_f,age_ythadult_yge25,eco_sector_total,2021,1728.134
zmb,sex_f,age_ythadult_yge25,eco_sector_total,2022,1772.191
zmb,sex_f,age_ythadult_yge25,eco_sector_total,2023,2015.868
zmb,sex_f,age_ythadult_yge25,eco_sector_total,2024,2078.346
zmb,sex_m,age_10yrbands_total,eco_aggregate_agr,2017,1425.633
zmb,sex_m,age_10yrbands_total,eco_aggregate_agr,2018,1378.564
zmb,sex_m,age_10yrbands_total,eco_aggregate_agr,2019,1406.041
zmb,sex_m,age_10yrbands_total,eco_aggregate_agr,2020,1536.785
zmb,sex_m,age_10yrbands_total,eco_aggregate_agr,2021,1558.996
zmb,sex_m,age_10yrbands_total,eco_aggregate_agr,2022,1552.562
zmb,sex_m,age_10yrbands_total,eco_aggregate_agr,2023,1820.448
zmb,sex_m,age_10yrbands_total,eco_aggregate_agr,2024,2165.061
zmb,sex_m,age_10yrbands_total,eco_aggregate_con,2017,89.789
zmb,sex_m,age_10yrbands_total,eco_aggregate_con,2018,113.233
zmb,sex_m,age_10yrbands_total,eco_aggregate_con,2019,114.195
zmb,sex_m,age_10yrbands_total,eco_aggregate_con,2020,118.098
zmb,sex_m,age_10yrbands_total,eco_aggregate_con,2021,126.909
zmb,sex_m,age_10yrbands_total,eco_aggregate_con,2022,114.949
zmb,sex_m,age_10yrbands_total,eco_aggregate_con,2023,182.997
zmb,sex_m,age_10yrbands_total,eco_aggregate_con,2024,142.709
zmb,sex_m,age_10yrbands_total,eco_aggregate_man,2017,82.253
zmb,sex_m,age_10yrbands_total,eco_aggregate_man,2018,81.083
zmb,sex_m,age_10yrbands_total,eco_aggregate_man,2019,90.36
zmb,sex_m,age_10yrbands_total,eco_aggregate_man,2020,89.43
zmb,sex_m,age_10yrbands_total,eco_aggregate_man,2021,130.076
zmb,sex_m,age_10yrbands_total,eco_aggregate_man,2022,118.787
zmb,sex_m,age_10yrbands_total,eco_aggregate_man,2023,101.17
zmb,sex_m,age_10yrbands_total,eco_aggregate_man,2024,83.356
zmb,sex_m,age_10yrbands_total,eco_aggregate_mel,2017,3.383
zmb,sex_m,age_10yrbands_total,eco_aggregate_mel,2018,7.28
zmb,sex_m,age_10yrbands_total,eco_aggregate_mel,2019,17.211
zmb,sex_m,age_10yrbands_total,eco_aggregate_mel,2020,11.31
zmb,sex_m,age_10yrbands_total,eco_aggregate_mel,2021,9.091
zmb,sex_m,age_10yrbands_total,eco_aggregate_mel,2022,15.046
zmb,sex_m,age_10yrbands_total,eco_aggregate_mel,2023,19.733
zmb,sex_m,age_10yrbands_total,eco_aggregate_mel,2024,16.871
zmb,sex_m,age_10yrbands_total,eco_aggregate_mkt,2017,308.116
zmb,sex_m,age_10yrbands_total,eco_aggregate_mkt,2018,266.577
zmb,sex_m,age_10yrbands_total,eco_aggregate_mkt,2019,341.573
zmb,sex_m,age_10yrbands_total,eco_aggregate_mkt,2020,344.874
zmb,sex_m,age_10yrbands_total,eco_aggregate_mkt,2021,359.155
zmb,sex_m,age_10yrbands_total,eco_aggregate_mkt,2022,393.241
zmb,sex_m,age_10yrbands_total,eco_aggregate_mkt,2023,373.759
zmb,sex_m,age_10yrbands_total,eco_aggregate_mkt,2024,351.133
zmb,sex_m,age_10yrbands_total,eco_aggregate_pub,2017,105.62
zmb,sex_m,age_10yrbands_total,eco_aggregate_pub,2018,87.871
zmb,sex_m,age_10yrbands_total,eco_aggregate_pub,2019,110.93
zmb,sex_m,age_10yrbands_total,eco_aggregate_pub,2020,81.732
zmb,sex_m,age_10yrbands_total,eco_aggregate_pub,2021,87.606
zmb,sex_m,age_10yrbands_total,eco_aggregate_pub,2022,81.933
zmb,sex_m,age_10yrbands_total,eco_aggregate_pub,2023,122.028
zmb,sex_m,age_10yrbands_total,eco_aggregate_pub,2024,97.63
zmb,sex_m,age_10yrbands_total,eco_aggregate_total,2017,2014.794
zmb,sex_m,age_10yrbands_total,eco_aggregate_total,2018,1934.61
zmb,sex_m,age_10yrbands_total,eco_aggregate_total,2019,2080.308
zmb,sex_m,age_10yrbands_total,eco_aggregate_total,2020,2182.23
zmb,sex_m,age_10yrbands_total,eco_aggregate_total,2021,2271.833
zmb,sex_m,age_10yrbands_total,eco_aggregate_total,2022,2276.518
zmb,sex_m,age_10yrbands_total,eco_aggregate_total,2023,2620.134
zmb,sex_m,age_10yrbands_total,eco_aggregate_total,2024,2856.759
zmb,sex_m,age_10yrbands_total,eco_sector_agr,2017,1425.633
zmb,sex_m,age_10yrbands_total,eco_sector_agr,2018,1378.564
zmb,sex_m,age_10yrbands_total,eco_sector_agr,2019,1406.041
zmb,sex_m,age_10yrbands_total,eco_sector_agr,2020,1536.785
zmb,sex_m,age_10yrbands_total,eco_sector_agr,2021,1558.996
zmb,sex_m,age_10yrbands_total,eco_sector_agr,2022,1552.562
zmb,sex_m,age_10yrbands_total,eco_sector_agr,2023,1820.448
zmb,sex_m,age_10yrbands_total,eco_sector_agr,2024,2165.061
zmb,sex_m,age_10yrbands_total,eco_sector_ind,2017,175.426
zmb,sex_m,age_10yrbands_total,eco_sector_ind,2018,201.596
zmb,sex_m,age_10yrbands_total,eco_sector_ind,2019,221.766
zmb,sex_m,age_10yrbands_total,eco_sector_ind,2020,218.838
zmb,sex_m,age_10yrbands_total,eco_sector_ind,2021,266.076
zmb,sex_m,age_10yrbands_total,eco_sector_ind,2022,248.782
zmb,sex_m,age_10yrbands_total,eco_sector_ind,2023,303.899
zmb,sex_m,age_10yrbands_total,eco_sector_ind,2024,242.936
zmb,sex_m,age_10yrbands_total,eco_sector_nag,2017,589.161
zmb,sex_m,age_10yrbands_total,eco_sector_nag,2018,556.045
zmb,sex_m,age_10yrbands_total,eco_sector_nag,2019,674.268
zmb,sex_m,age_10yrbands_total,eco_sector_nag,2020,645.444
zmb,sex_m,age_10yrbands_total,eco_sector_nag,2021,712.837
zmb,sex_m,age_10yrbands_total,eco_sector_nag,2022,723.956
zmb,sex_m,age_10yrbands_total,eco_sector_nag,2023,799.686
zmb,sex_m,age_10yrbands_total,eco_sector_nag,2024,691.699
zmb,sex_m,age_10yrbands_total,eco_sector_ser,2017,413.736
zmb,sex_m,age_10yrbands_total,eco_sector_ser,2018,354.449
zmb,sex_m,age_10yrbands_total,eco_sector_ser,2019,452.502
zmb,sex_m,age_10yrbands_total,eco_sector_ser,2020,426.607
zmb,sex_m,age_10yrbands_total,eco_sector_ser,2021,446.762
zmb,sex_m,age_10yrbands_total,eco_sector_ser,2022,475.174
zmb,sex_m,age_10yrbands_total,eco_sector_ser,2023,495.787
zmb,sex_m,age_10yrbands_total,eco_sector_ser,2024,448.763
zmb,sex_m,age_10yrbands_total,eco_sector_total,2017,2014.794
zmb,sex_m,age_10yrbands_total,eco_sector_total,2018,1934.61
zmb,sex_m,age_10yrbands_total,eco_sector_total,2019,2080.308
zmb,sex_m,age_10yrbands_total,eco_sector_total,2020,2182.23
zmb,sex_m,age_10yrbands_total,eco_sector_total,2021,2271.833
zmb,sex_m,age_10yrbands_total,eco_sector_total,2022,2276.518
zmb,sex_m,age_10yrbands_total,eco_sector_total,2023,2620.134
zmb,sex_m,age_10yrbands_total,eco_sector_total,2024,2856.759
zmb,sex_m,age_10yrbands_y15_24,eco_aggregate_agr,2017,429.64
zmb,sex_m,age_10yrbands_y15_24,eco_aggregate_agr,2018,390.105
zmb,sex_m,age_10yrbands_y15_24,eco_aggregate_agr,2019,425.165
zmb,sex_m,age_10yrbands_y15_24,eco_aggregate_agr,2020,453.182
zmb,sex_m,age_10yrbands_y15_24,eco_aggregate_agr,2021,487.272
zmb,sex_m,age_10yrbands_y15_24,eco_aggregate_agr,2022,462.516
zmb,sex_m,age_10yrbands_y15_24,eco_aggregate_agr,2023,527.002
zmb,sex_m,age_10yrbands_y15_24,eco_aggregate_agr,2024,631.993
zmb,sex_m,age_10yrbands_y15_24,eco_aggregate_con,2017,10.955
zmb,sex_m,age_10yrbands_y15_24,eco_aggregate_con,2018,16.666
zmb,sex_m,age_10yrbands_y15_24,eco_aggregate_con,2019,15.572
zmb,sex_m,age_10yrbands_y15_24,eco_aggregate_con,2020,10.666
zmb,sex_m,age_10yrbands_y15_24,eco_aggregate_con,2021,17.246
zmb,sex_m,age_10yrbands_y15_24,eco_aggregate_con,2022,11.061
zmb,sex_m,age_10yrbands_y15_24,eco_aggregate_con,2023,27.245
zmb,sex_m,age_10yrbands_y15_24,eco_aggregate_con,2024,14.99
zmb,sex_m,age_10yrbands_y15_24,eco_aggregate_man,2017,9.705
zmb,sex_m,age_10yrbands_y15_24,eco_aggregate_man,2018,11.186
zmb,sex_m,age_10yrbands_y15_24,eco_aggregate_man,2019,10.161
zmb,sex_m,age_10yrbands_y15_24,eco_aggregate_man,2020,10.644
zmb,sex_m,age_10yrbands_y15_24,eco_aggregate_man,2021,21.308
zmb,sex_m,age_10yrbands_y15_24,eco_aggregate_man,2022,10.614
zmb,sex_m,age_10yrbands_y15_24,eco_aggregate_man,2023,12.807
zmb,sex_m,age_10yrbands_y15_24,eco_aggregate_man,2024,14.961
zmb,sex_m,age_10yrbands_y15_24,eco_aggregate_mel,2018,1.414
zmb,sex_m,age_10yrbands_y15_24,eco_aggregate_mel,2019,2.654
zmb,sex_m,age_10yrbands_y15_24,eco_aggregate_mel,2023,4.49
zmb,sex_m,age_10yrbands_y15_24,eco_aggregate_mel,2024,5.363
zmb,sex_m,age_10yrbands_y15_24,eco_aggregate_mkt,2017,44.826
zmb,sex_m,age_10yrbands_y15_24,eco_aggregate_mkt,2018,37.448
zmb,sex_m,age_10yrbands_y15_24,eco_aggregate_mkt,2019,52.642
zmb,sex_m,age_10yrbands_y15_24,eco_aggregate_mkt,2020,51.92
zmb,sex_m,age_10yrbands_y15_24,eco_aggregate_mkt,2021,65.488
zmb,sex_m,age_10yrbands_y15_24,eco_aggregate_mkt,2022,68.443
zmb,sex_m,age_10yrbands_y15_24,eco_aggregate_mkt,2023,59.134
zmb,sex_m,age_10yrbands_y15_24,eco_aggregate_mkt,2024,53.779
zmb,sex_m,age_10yrbands_y15_24,eco_aggregate_pub,2017,24.85
zmb,sex_m,age_10yrbands_y15_24,eco_aggregate_pub,2018,14.196
zmb,sex_m,age_10yrbands_y15_24,eco_aggregate_pub,2019,17.855
zmb,sex_m,age_10yrbands_y15_24,eco_aggregate_pub,2020,13.465
zmb,sex_m,age_10yrbands_y15_24,eco_aggregate_pub,2021,22.021
zmb,sex_m,age_10yrbands_y15_24,eco_aggregate_pub,2022,16.36
zmb,sex_m,age_10yrbands_y15_24,eco_aggregate_pub,2023,20.223
zmb,sex_m,age_10yrbands_y15_24,eco_aggregate_pub,2024,22.107
zmb,sex_m,age_10yrbands_y15_24,eco_aggregate_total,2017,519.976
zmb,sex_m,age_10yrbands_y15_24,eco_aggregate_total,2018,471.016
zmb,sex_m,age_10yrbands_y15_24,eco_aggregate_total,2019,524.049
zmb,sex_m,age_10yrbands_y15_24,eco_aggregate_total,2020,540.895
zmb,sex_m,age_10yrbands_y15_24,eco_aggregate_total,2021,614.481
zmb,sex_m,age_10yrbands_y15_24,eco_aggregate_total,2022,570.435
zmb,sex_m,age_10yrbands_y15_24,eco_aggregate_total,2023,650.9
zmb,sex_m,age_10yrbands_y15_24,eco_aggregate_total,2024,743.193
zmb,sex_m,age_10yrbands_y15_24,eco_sector_agr,2017,429.64
zmb,sex_m,age_10yrbands_y15_24,eco_sector_agr,2018,390.105
zmb,sex_m,age_10yrbands_y15_24,eco_sector_agr,2019,425.165
zmb,sex_m,age_10yrbands_y15_24,eco_sector_agr,2020,453.182
zmb,sex_m,age_10yrbands_y15_24,eco_sector_agr,2021,487.272
zmb,sex_m,age_10yrbands_y15_24,eco_sector_agr,2022,462.516
zmb,sex_m,age_10yrbands_y15_24,eco_sector_agr,2023,527.002
zmb,sex_m,age_10yrbands_y15_24,eco_sector_agr,2024,631.993
zmb,sex_m,age_10yrbands_y15_24,eco_sector_ind,2017,20.66
zmb,sex_m,age_10yrbands_y15_24,eco_sector_ind,2018,29.267
zmb,sex_m,age_10yrbands_y15_24,eco_sector_ind,2019,28.387
zmb,sex_m,age_10yrbands_y15_24,eco_sector_ind,2020,22.329
zmb,sex_m,age_10yrbands_y15_24,eco_sector_ind,2021,39.7
zmb,sex_m,age_10yrbands_y15_24,eco_sector_ind,2022,23.116
zmb,sex_m,age_10yrbands_y15_24,eco_sector_ind,2023,44.542
zmb,sex_m,age_10yrbands_y15_24,eco_sector_ind,2024,35.313
zmb,sex_m,age_10yrbands_y15_24,eco_sector_nag,2017,90.336
zmb,sex_m,age_10yrbands_y15_24,eco_sector_nag,2018,80.911
zmb,sex_m,age_10yrbands_y15_24,eco_sector_nag,2019,98.884
zmb,sex_m,age_10yrbands_y15_24,eco_sector_nag,2020,87.714
zmb,sex_m,age_10yrbands_y15_24,eco_sector_nag,2021,127.209
zmb,sex_m,age_10yrbands_y15_24,eco_sector_nag,2022,107.918
zmb,sex_m,age_10yrbands_y15_24,eco_sector_nag,2023,123.898
zmb,sex_m,age_10yrbands_y15_24,eco_sector_nag,2024,111.2
zmb,sex_m,age_10yrbands_y15_24,eco_sector_ser,2017,69.676
zmb,sex_m,age_10yrbands_y15_24,eco_sector_ser,2018,51.644
zmb,sex_m,age_10yrbands_y15_24,eco_sector_ser,2019,70.497
zmb,sex_m,age_10yrbands_y15_24,eco_sector_ser,2020,65.385
zmb,sex_m,age_10yrbands_y15_24,eco_sector_ser,2021,87.509
zmb,sex_m,age_10yrbands_y15_24,eco_sector_ser,2022,84.802
zmb,sex_m,age_10yrbands_y15_24,eco_sector_ser,2023,79.356
zmb,sex_m,age_10yrbands_y15_24,eco_sector_ser,2024,75.886
zmb,sex_m,age_10yrbands_y15_24,eco_sector_total,2017,519.976
zmb,sex_m,age_10yrbands_y15_24,eco_sector_total,2018,471.016
zmb,sex_m,age_10yrbands_y15_24,eco_sector_total,2019,524.049
zmb,sex_m,age_10yrbands_y15_24,eco_sector_total,2020,540.895
zmb,sex_m,age_10yrbands_y15_24,eco_sector_total,2021,614.481
zmb,sex_m,age_10yrbands_y15_24,eco_sector_total,2022,570.435
zmb,sex_m,age_10yrbands_y15_24,eco_sector_total,2023,650.9
zmb,sex_m,age_10yrbands_y15_24,eco_sector_total,2024,743.193
zmb,sex_m,age_10yrbands_y25_34,eco_aggregate_agr,2017,343.858
zmb,sex_m,age_10yrbands_y25_34,eco_aggregate_agr,2018,342.514
zmb,sex_m,age_10yrbands_y25_34,eco_aggregate_agr,2019,315.302
zmb,sex_m,age_10yrbands_y25_34,eco_aggregate_agr,2020,398.762
zmb,sex_m,age_10yrbands_y25_34,eco_aggregate_agr,2021,392.618
zmb,sex_m,age_10yrbands_y25_34,eco_aggregate_agr,2022,395.986
zmb,sex_m,age_10yrbands_y25_34,eco_aggregate_agr,2023,487.386
zmb,sex_m,age_10yrbands_y25_34,eco_aggregate_agr,2024,537.88
zmb,sex_m,age_10yrbands_y25_34,eco_aggregate_con,2017,29.51
zmb,sex_m,age_10yrbands_y25_34,eco_aggregate_con,2018,42.302
zmb,sex_m,age_10yrbands_y25_34,eco_aggregate_con,2019,37.341
zmb,sex_m,age_10yrbands_y25_34,eco_aggregate_con,2020,42.469
zmb,sex_m,age_10yrbands_y25_34,eco_aggregate_con,2021,45.512
zmb,sex_m,age_10yrbands_y25_34,eco_aggregate_con,2022,39.765
zmb,sex_m,age_10yrbands_y25_34,eco_aggregate_con,2023,57.812
zmb,sex_m,age_10yrbands_y25_34,eco_aggregate_con,2024,47.781
zmb,sex_m,age_10yrbands_y25_34,eco_aggregate_man,2017,26.507
zmb,sex_m,age_10yrbands_y25_34,eco_aggregate_man,2018,21.587
zmb,sex_m,age_10yrbands_y25_34,eco_aggregate_man,2019,19.112
zmb,sex_m,age_10yrbands_y25_34,eco_aggregate_man,2020,20.927
zmb,sex_m,age_10yrbands_y25_34,eco_aggregate_man,2021,32.334
zmb,sex_m,age_10yrbands_y25_34,eco_aggregate_man,2022,37.478
zmb,sex_m,age_10yrbands_y25_34,eco_aggregate_man,2023,28.881
zmb,sex_m,age_10yrbands_y25_34,eco_aggregate_man,2024,28.974
zmb,sex_m,age_10yrbands_y25_34,eco_aggregate_mel,2018,3.521
zmb,sex_m,age_10yrbands_y25_34,eco_aggregate_mel,2019,5.618
zmb,sex_m,age_10yrbands_y25_34,eco_aggregate_mel,2020,5.695
zmb,sex_m,age_10yrbands_y25_34,eco_aggregate_mel,2021,4.166
zmb,sex_m,age_10yrbands_y25_34,eco_aggregate_mel,2022,7.556
zmb,sex_m,age_10yrbands_y25_34,eco_aggregate_mel,2023,5.234
zmb,sex_m,age_10yrbands_y25_34,eco_aggregate_mel,2024,6.38
zmb,sex_m,age_10yrbands_y25_34,eco_aggregate_mkt,2017,94.512
zmb,sex_m,age_10yrbands_y25_34,eco_aggregate_mkt,2018,98.451
zmb,sex_m,age_10yrbands_y25_34,eco_aggregate_mkt,2019,115.479
zmb,sex_m,age_10yrbands_y25_34,eco_aggregate_mkt,2020,128.962
zmb,sex_m,age_10yrbands_y25_34,eco_aggregate_mkt,2021,142.454
zmb,sex_m,age_10yrbands_y25_34,eco_aggregate_mkt,2022,147.867
zmb,sex_m,age_10yrbands_y25_34,eco_aggregate_mkt,2023,148.559
zmb,sex_m,age_10yrbands_y25_34,eco_aggregate_mkt,2024,122.426
zmb,sex_m,age_10yrbands_y25_34,eco_aggregate_pub,2017,41.695
zmb,sex_m,age_10yrbands_y25_34,eco_aggregate_pub,2018,38.428
zmb,sex_m,age_10yrbands_y25_34,eco_aggregate_pub,2019,49.573
zmb,sex_m,age_10yrbands_y25_34,eco_aggregate_pub,2020,34.296
zmb,sex_m,age_10yrbands_y25_34,eco_aggregate_pub,2021,34.134
zmb,sex_m,age_10yrbands_y25_34,eco_aggregate_pub,2022,36.26
zmb,sex_m,age_10yrbands_y25_34,eco_aggregate_pub,2023,48.651
zmb,sex_m,age_10yrbands_y25_34,eco_aggregate_pub,2024,38.986
zmb,sex_m,age_10yrbands_y25_34,eco_aggregate_total,2017,537.49
zmb,sex_m,age_10yrbands_y25_34,eco_aggregate_total,2018,546.804
zmb,sex_m,age_10yrbands_y25_34,eco_aggregate_total,2019,542.425
zmb,sex_m,age_10yrbands_y25_34,eco_aggregate_total,2020,631.111
zmb,sex_m,age_10yrbands_y25_34,eco_aggregate_total,2021,651.218
zmb,sex_m,age_10yrbands_y25_34,eco_aggregate_total,2022,664.912
zmb,sex_m,age_10yrbands_y25_34,eco_aggregate_total,2023,776.524
zmb,sex_m,age_10yrbands_y25_34,eco_aggregate_total,2024,782.427
zmb,sex_m,age_10yrbands_y25_34,eco_sector_agr,2017,343.858
zmb,sex_m,age_10yrbands_y25_34,eco_sector_agr,2018,342.514
zmb,sex_m,age_10yrbands_y25_34,eco_sector_agr,2019,315.302
zmb,sex_m,age_10yrbands_y25_34,eco_sector_agr,2020,398.762
zmb,sex_m,age_10yrbands_y25_34,eco_sector_agr,2021,392.618
zmb,sex_m,age_10yrbands_y25_34,eco_sector_agr,2022,395.986
zmb,sex_m,age_10yrbands_y25_34,eco_sector_agr,2023,487.386
zmb,sex_m,age_10yrbands_y25_34,eco_sector_agr,2024,537.88
zmb,sex_m,age_10yrbands_y25_34,eco_sector_ind,2017,57.425
zmb,sex_m,age_10yrbands_y25_34,eco_sector_ind,2018,67.41
zmb,sex_m,age_10yrbands_y25_34,eco_sector_ind,2019,62.071
zmb,sex_m,age_10yrbands_y25_34,eco_sector_ind,2020,69.091
zmb,sex_m,age_10yrbands_y25_34,eco_sector_ind,2021,82.012
zmb,sex_m,age_10yrbands_y25_34,eco_sector_ind,2022,84.799
zmb,sex_m,age_10yrbands_y25_34,eco_sector_ind,2023,91.928
zmb,sex_m,age_10yrbands_y25_34,eco_sector_ind,2024,83.134
zmb,sex_m,age_10yrbands_y25_34,eco_sector_nag,2017,193.632
zmb,sex_m,age_10yrbands_y25_34,eco_sector_nag,2018,204.289
zmb,sex_m,age_10yrbands_y25_34,eco_sector_nag,2019,227.124
zmb,sex_m,age_10yrbands_y25_34,eco_sector_nag,2020,232.349
zmb,sex_m,age_10yrbands_y25_34,eco_sector_nag,2021,258.6
zmb,sex_m,age_10yrbands_y25_34,eco_sector_nag,2022,268.926
zmb,sex_m,age_10yrbands_y25_34,eco_sector_nag,2023,289.138
zmb,sex_m,age_10yrbands_y25_34,eco_sector_nag,2024,244.547
zmb,sex_m,age_10yrbands_y25_34,eco_sector_ser,2017,136.207
zmb,sex_m,age_10yrbands_y25_34,eco_sector_ser,2018,136.879
zmb,sex_m,age_10yrbands_y25_34,eco_sector_ser,2019,165.052
zmb,sex_m,age_10yrbands_y25_34,eco_sector_ser,2020,163.258
zmb,sex_m,age_10yrbands_y25_34,eco_sector_ser,2021,176.588
zmb,sex_m,age_10yrbands_y25_34,eco_sector_ser,2022,184.127
zmb,sex_m,age_10yrbands_y25_34,eco_sector_ser,2023,197.21
zmb,sex_m,age_10yrbands_y25_34,eco_sector_ser,2024,161.413
zmb,sex_m,age_10yrbands_y25_34,eco_sector_total,2017,537.49
zmb,sex_m,age_10yrbands_y25_34,eco_sector_total,2018,546.804
zmb,sex_m,age_10yrbands_y25_34,eco_sector_total,2019,542.425
zmb,sex_m,age_10yrbands_y25_34,eco_sector_total,2020,631.111
zmb,sex_m,age_10yrbands_y25_34,eco_sector_total,2021,651.218
zmb,sex_m,age_10yrbands_y25_34,eco_sector_total,2022,664.912
zmb,sex_m,age_10yrbands_y25_34,eco_sector_total,2023,776.524
zmb,sex_m,age_10yrbands_y25_34,eco_sector_total,2024,782.427
zmb,sex_m,age_10yrbands_y35_44,eco_aggregate_agr,2017,262.752
zmb,sex_m,age_10yrbands_y35_44,eco_aggregate_agr,2018,277.692
zmb,sex_m,age_10yrbands_y35_44,eco_aggregate_agr,2019,268.845
zmb,sex_m,age_10yrbands_y35_44,eco_aggregate_agr,2020,269.995
zmb,sex_m,age_10yrbands_y35_44,eco_aggregate_agr,2021,261.083
zmb,sex_m,age_10yrbands_y35_44,eco_aggregate_agr,2022,266.213
zmb,sex_m,age_10yrbands_y35_44,eco_aggregate_agr,2023,326.682
zmb,sex_m,age_10yrbands_y35_44,eco_aggregate_agr,2024,410.999
zmb,sex_m,age_10yrbands_y35_44,eco_aggregate_con,2017,28.298
zmb,sex_m,age_10yrbands_y35_44,eco_aggregate_con,2018,31.695
zmb,sex_m,age_10yrbands_y35_44,eco_aggregate_con,2019,35.581
zmb,sex_m,age_10yrbands_y35_44,eco_aggregate_con,2020,41.11
zmb,sex_m,age_10yrbands_y35_44,eco_aggregate_con,2021,36.184
zmb,sex_m,age_10yrbands_y35_44,eco_aggregate_con,2022,30.416
zmb,sex_m,age_10yrbands_y35_44,eco_aggregate_con,2023,58.863
zmb,sex_m,age_10yrbands_y35_44,eco_aggregate_con,2024,44.752
zmb,sex_m,age_10yrbands_y35_44,eco_aggregate_man,2017,22.862
zmb,sex_m,age_10yrbands_y35_44,eco_aggregate_man,2018,22.159
zmb,sex_m,age_10yrbands_y35_44,eco_aggregate_man,2019,27.449
zmb,sex_m,age_10yrbands_y35_44,eco_aggregate_man,2020,29.102
zmb,sex_m,age_10yrbands_y35_44,eco_aggregate_man,2021,40.41
zmb,sex_m,age_10yrbands_y35_44,eco_aggregate_man,2022,34.234
zmb,sex_m,age_10yrbands_y35_44,eco_aggregate_man,2023,29.313
zmb,sex_m,age_10yrbands_y35_44,eco_aggregate_man,2024,15.603
zmb,sex_m,age_10yrbands_y35_44,eco_aggregate_mel,2019,4.493
zmb,sex_m,age_10yrbands_y35_44,eco_aggregate_mel,2020,2.723
zmb,sex_m,age_10yrbands_y35_44,eco_aggregate_mel,2022,4.639
zmb,sex_m,age_10yrbands_y35_44,eco_aggregate_mel,2023,8.657
zmb,sex_m,age_10yrbands_y35_44,eco_aggregate_mel,2024,3.872
zmb,sex_m,age_10yrbands_y35_44,eco_aggregate_mkt,2017,89.835
zmb,sex_m,age_10yrbands_y35_44,eco_aggregate_mkt,2018,76.084
zmb,sex_m,age_10yrbands_y35_44,eco_aggregate_mkt,2019,97.172
zmb,sex_m,age_10yrbands_y35_44,eco_aggregate_mkt,2020,98.062
zmb,sex_m,age_10yrbands_y35_44,eco_aggregate_mkt,2021,90.735
zmb,sex_m,age_10yrbands_y35_44,eco_aggregate_mkt,2022,95.328
zmb,sex_m,age_10yrbands_y35_44,eco_aggregate_mkt,2023,102.605
zmb,sex_m,age_10yrbands_y35_44,eco_aggregate_mkt,2024,93.321
zmb,sex_m,age_10yrbands_y35_44,eco_aggregate_pub,2017,22.666
zmb,sex_m,age_10yrbands_y35_44,eco_aggregate_pub,2018,19.789
zmb,sex_m,age_10yrbands_y35_44,eco_aggregate_pub,2019,23.082
zmb,sex_m,age_10yrbands_y35_44,eco_aggregate_pub,2020,19.08
zmb,sex_m,age_10yrbands_y35_44,eco_aggregate_pub,2021,15.646
zmb,sex_m,age_10yrbands_y35_44,eco_aggregate_pub,2022,14.478
zmb,sex_m,age_10yrbands_y35_44,eco_aggregate_pub,2023,31.95
zmb,sex_m,age_10yrbands_y35_44,eco_aggregate_pub,2024,17.179
zmb,sex_m,age_10yrbands_y35_44,eco_aggregate_total,2017,427.426
zmb,sex_m,age_10yrbands_y35_44,eco_aggregate_total,2018,428.148
zmb,sex_m,age_10yrbands_y35_44,eco_aggregate_total,2019,456.623
zmb,sex_m,age_10yrbands_y35_44,eco_aggregate_total,2020,460.072
zmb,sex_m,age_10yrbands_y35_44,eco_aggregate_total,2021,445.007
zmb,sex_m,age_10yrbands_y35_44,eco_aggregate_total,2022,445.307
zmb,sex_m,age_10yrbands_y35_44,eco_aggregate_total,2023,558.07
zmb,sex_m,age_10yrbands_y35_44,eco_aggregate_total,2024,585.728
zmb,sex_m,age_10yrbands_y35_44,eco_sector_agr,2017,262.752
zmb,sex_m,age_10yrbands_y35_44,eco_sector_agr,2018,277.692
zmb,sex_m,age_10yrbands_y35_44,eco_sector_agr,2019,268.845
zmb,sex_m,age_10yrbands_y35_44,eco_sector_agr,2020,269.995
zmb,sex_m,age_10yrbands_y35_44,eco_sector_agr,2021,261.083
zmb,sex_m,age_10yrbands_y35_44,eco_sector_agr,2022,266.213
zmb,sex_m,age_10yrbands_y35_44,eco_sector_agr,2023,326.682
zmb,sex_m,age_10yrbands_y35_44,eco_sector_agr,2024,410.999
zmb,sex_m,age_10yrbands_y35_44,eco_sector_ind,2017,52.173
zmb,sex_m,age_10yrbands_y35_44,eco_sector_ind,2018,54.584
zmb,sex_m,age_10yrbands_y35_44,eco_sector_ind,2019,67.523
zmb,sex_m,age_10yrbands_y35_44,eco_sector_ind,2020,72.935
zmb,sex_m,age_10yrbands_y35_44,eco_sector_ind,2021,77.542
zmb,sex_m,age_10yrbands_y35_44,eco_sector_ind,2022,69.288
zmb,sex_m,age_10yrbands_y35_44,eco_sector_ind,2023,96.834
zmb,sex_m,age_10yrbands_y35_44,eco_sector_ind,2024,64.228
zmb,sex_m,age_10yrbands_y35_44,eco_sector_nag,2017,164.674
zmb,sex_m,age_10yrbands_y35_44,eco_sector_nag,2018,150.457
zmb,sex_m,age_10yrbands_y35_44,eco_sector_nag,2019,187.778
zmb,sex_m,age_10yrbands_y35_44,eco_sector_nag,2020,190.077
zmb,sex_m,age_10yrbands_y35_44,eco_sector_nag,2021,183.923
zmb,sex_m,age_10yrbands_y35_44,eco_sector_nag,2022,179.094
zmb,sex_m,age_10yrbands_y35_44,eco_sector_nag,2023,231.389
zmb,sex_m,age_10yrbands_y35_44,eco_sector_nag,2024,174.728
zmb,sex_m,age_10yrbands_y35_44,eco_sector_ser,2017,112.501
zmb,sex_m,age_10yrbands_y35_44,eco_sector_ser,2018,95.873
zmb,sex_m,age_10yrbands_y35_44,eco_sector_ser,2019,120.254
zmb,sex_m,age_10yrbands_y35_44,eco_sector_ser,2020,117.142
zmb,sex_m,age_10yrbands_y35_44,eco_sector_ser,2021,106.382
zmb,sex_m,age_10yrbands_y35_44,eco_sector_ser,2022,109.806
zmb,sex_m,age_10yrbands_y35_44,eco_sector_ser,2023,134.555
zmb,sex_m,age_10yrbands_y35_44,eco_sector_ser,2024,110.5
zmb,sex_m,age_10yrbands_y35_44,eco_sector_total,2017,427.426
zmb,sex_m,age_10yrbands_y35_44,eco_sector_total,2018,428.148
zmb,sex_m,age_10yrbands_y35_44,eco_sector_total,2019,456.623
zmb,sex_m,age_10yrbands_y35_44,eco_sector_total,2020,460.072
zmb,sex_m,age_10yrbands_y35_44,eco_sector_total,2021,445.007
zmb,sex_m,age_10yrbands_y35_44,eco_sector_total,2022,445.307
zmb,sex_m,age_10yrbands_y35_44,eco_sector_total,2023,558.07
zmb,sex_m,age_10yrbands_y35_44,eco_sector_total,2024,585.728
zmb,sex_m,age_10yrbands_y45_54,eco_aggregate_agr,2017,170.49
zmb,sex_m,age_10yrbands_y45_54,eco_aggregate_agr,2018,176.814
zmb,sex_m,age_10yrbands_y45_54,eco_aggregate_agr,2019,191.161
zmb,sex_m,age_10yrbands_y45_54,eco_aggregate_agr,2020,207.195
zmb,sex_m,age_10yrbands_y45_54,eco_aggregate_agr,2021,204.097
zmb,sex_m,age_10yrbands_y45_54,eco_aggregate_agr,2022,202.359
zmb,sex_m,age_10yrbands_y45_54,eco_aggregate_agr,2023,213.488
zmb,sex_m,age_10yrbands_y45_54,eco_aggregate_agr,2024,302.187
zmb,sex_m,age_10yrbands_y45_54,eco_aggregate_con,2017,16.335
zmb,sex_m,age_10yrbands_y45_54,eco_aggregate_con,2018,12.558
zmb,sex_m,age_10yrbands_y45_54,eco_aggregate_con,2019,12.602
zmb,sex_m,age_10yrbands_y45_54,eco_aggregate_con,2020,20.233
zmb,sex_m,age_10yrbands_y45_54,eco_aggregate_con,2021,23.473
zmb,sex_m,age_10yrbands_y45_54,eco_aggregate_con,2022,23.365
zmb,sex_m,age_10yrbands_y45_54,eco_aggregate_con,2023,25.01
zmb,sex_m,age_10yrbands_y45_54,eco_aggregate_con,2024,25.467
zmb,sex_m,age_10yrbands_y45_54,eco_aggregate_man,2017,13.367
zmb,sex_m,age_10yrbands_y45_54,eco_aggregate_man,2018,17.499
zmb,sex_m,age_10yrbands_y45_54,eco_aggregate_man,2019,20.014
zmb,sex_m,age_10yrbands_y45_54,eco_aggregate_man,2020,16.635
zmb,sex_m,age_10yrbands_y45_54,eco_aggregate_man,2021,21.803
zmb,sex_m,age_10yrbands_y45_54,eco_aggregate_man,2022,22.78
zmb,sex_m,age_10yrbands_y45_54,eco_aggregate_man,2023,17.56
zmb,sex_m,age_10yrbands_y45_54,eco_aggregate_man,2024,13.279
zmb,sex_m,age_10yrbands_y45_54,eco_aggregate_mel,2019,3.083
zmb,sex_m,age_10yrbands_y45_54,eco_aggregate_mkt,2017,43.342
zmb,sex_m,age_10yrbands_y45_54,eco_aggregate_mkt,2018,36.225
zmb,sex_m,age_10yrbands_y45_54,eco_aggregate_mkt,2019,51.741
zmb,sex_m,age_10yrbands_y45_54,eco_aggregate_mkt,2020,40.88
zmb,sex_m,age_10yrbands_y45_54,eco_aggregate_mkt,2021,39.692
zmb,sex_m,age_10yrbands_y45_54,eco_aggregate_mkt,2022,47.74
zmb,sex_m,age_10yrbands_y45_54,eco_aggregate_mkt,2023,37.577
zmb,sex_m,age_10yrbands_y45_54,eco_aggregate_mkt,2024,52.511
zmb,sex_m,age_10yrbands_y45_54,eco_aggregate_pub,2017,10.462
zmb,sex_m,age_10yrbands_y45_54,eco_aggregate_pub,2018,8.921
zmb,sex_m,age_10yrbands_y45_54,eco_aggregate_pub,2019,10.543
zmb,sex_m,age_10yrbands_y45_54,eco_aggregate_pub,2020,10.738
zmb,sex_m,age_10yrbands_y45_54,eco_aggregate_pub,2021,12.093
zmb,sex_m,age_10yrbands_y45_54,eco_aggregate_pub,2022,12.455
zmb,sex_m,age_10yrbands_y45_54,eco_aggregate_pub,2023,14.706
zmb,sex_m,age_10yrbands_y45_54,eco_aggregate_pub,2024,11.844
zmb,sex_m,age_10yrbands_y45_54,eco_aggregate_total,2017,254.49
zmb,sex_m,age_10yrbands_y45_54,eco_aggregate_total,2018,253.631
zmb,sex_m,age_10yrbands_y45_54,eco_aggregate_total,2019,289.143
zmb,sex_m,age_10yrbands_y45_54,eco_aggregate_total,2020,296.64
zmb,sex_m,age_10yrbands_y45_54,eco_aggregate_total,2021,301.518
zmb,sex_m,age_10yrbands_y45_54,eco_aggregate_total,2022,309.21
zmb,sex_m,age_10yrbands_y45_54,eco_aggregate_total,2023,309.692
zmb,sex_m,age_10yrbands_y45_54,eco_aggregate_total,2024,405.952
zmb,sex_m,age_10yrbands_y45_54,eco_sector_agr,2017,170.49
zmb,sex_m,age_10yrbands_y45_54,eco_sector_agr,2018,176.814
zmb,sex_m,age_10yrbands_y45_54,eco_sector_agr,2019,191.161
zmb,sex_m,age_10yrbands_y45_54,eco_sector_agr,2020,207.195
zmb,sex_m,age_10yrbands_y45_54,eco_sector_agr,2021,204.097
zmb,sex_m,age_10yrbands_y45_54,eco_sector_agr,2022,202.359
zmb,sex_m,age_10yrbands_y45_54,eco_sector_agr,2023,213.488
zmb,sex_m,age_10yrbands_y45_54,eco_sector_agr,2024,302.187
zmb,sex_m,age_10yrbands_y45_54,eco_sector_ind,2017,30.197
zmb,sex_m,age_10yrbands_y45_54,eco_sector_ind,2018,31.672
zmb,sex_m,age_10yrbands_y45_54,eco_sector_ind,2019,35.699
zmb,sex_m,age_10yrbands_y45_54,eco_sector_ind,2020,37.827
zmb,sex_m,age_10yrbands_y45_54,eco_sector_ind,2021,45.636
zmb,sex_m,age_10yrbands_y45_54,eco_sector_ind,2022,46.657
zmb,sex_m,age_10yrbands_y45_54,eco_sector_ind,2023,43.922
zmb,sex_m,age_10yrbands_y45_54,eco_sector_ind,2024,39.409
zmb,sex_m,age_10yrbands_y45_54,eco_sector_nag,2017,84
zmb,sex_m,age_10yrbands_y45_54,eco_sector_nag,2018,76.818
zmb,sex_m,age_10yrbands_y45_54,eco_sector_nag,2019,97.983
zmb,sex_m,age_10yrbands_y45_54,eco_sector_nag,2020,89.445
zmb,sex_m,age_10yrbands_y45_54,eco_sector_nag,2021,97.421
zmb,sex_m,age_10yrbands_y45_54,eco_sector_nag,2022,106.851
zmb,sex_m,age_10yrbands_y45_54,eco_sector_nag,2023,96.204
zmb,sex_m,age_10yrbands_y45_54,eco_sector_nag,2024,103.764
zmb,sex_m,age_10yrbands_y45_54,eco_sector_ser,2017,53.804
zmb,sex_m,age_10yrbands_y45_54,eco_sector_ser,2018,45.146
zmb,sex_m,age_10yrbands_y45_54,eco_sector_ser,2019,62.283
zmb,sex_m,age_10yrbands_y45_54,eco_sector_ser,2020,51.618
zmb,sex_m,age_10yrbands_y45_54,eco_sector_ser,2021,51.785
zmb,sex_m,age_10yrbands_y45_54,eco_sector_ser,2022,60.195
zmb,sex_m,age_10yrbands_y45_54,eco_sector_ser,2023,52.283
zmb,sex_m,age_10yrbands_y45_54,eco_sector_ser,2024,64.355
zmb,sex_m,age_10yrbands_y45_54,eco_sector_total,2017,254.49
zmb,sex_m,age_10yrbands_y45_54,eco_sector_total,2018,253.631
zmb,sex_m,age_10yrbands_y45_54,eco_sector_total,2019,289.143
zmb,sex_m,age_10yrbands_y45_54,eco_sector_total,2020,296.64
zmb,sex_m,age_10yrbands_y45_54,eco_sector_total,2021,301.518
zmb,sex_m,age_10yrbands_y45_54,eco_sector_total,2022,309.21
zmb,sex_m,age_10yrbands_y45_54,eco_sector_total,2023,309.692
zmb,sex_m,age_10yrbands_y45_54,eco_sector_total,2024,405.952
zmb,sex_m,age_10yrbands_y55_64,eco_aggregate_agr,2017,103.166
zmb,sex_m,age_10yrbands_y55_64,eco_aggregate_agr,2018,100.623
zmb,sex_m,age_10yrbands_y55_64,eco_aggregate_agr,2019,110.496
zmb,sex_m,age_10yrbands_y55_64,eco_aggregate_agr,2020,117.752
zmb,sex_m,age_10yrbands_y55_64,eco_aggregate_agr,2021,126.399
zmb,sex_m,age_10yrbands_y55_64,eco_aggregate_agr,2022,126.487
zmb,sex_m,age_10yrbands_y55_64,eco_aggregate_agr,2023,143.435
zmb,sex_m,age_10yrbands_y55_64,eco_aggregate_agr,2024,166.036
zmb,sex_m,age_10yrbands_y55_64,eco_aggregate_con,2017,3.396
zmb,sex_m,age_10yrbands_y55_64,eco_aggregate_con,2018,8.446
zmb,sex_m,age_10yrbands_y55_64,eco_aggregate_con,2019,10.62
zmb,sex_m,age_10yrbands_y55_64,eco_aggregate_con,2020,3.62
zmb,sex_m,age_10yrbands_y55_64,eco_aggregate_con,2021,3.877
zmb,sex_m,age_10yrbands_y55_64,eco_aggregate_con,2022,7.941
zmb,sex_m,age_10yrbands_y55_64,eco_aggregate_con,2023,11.792
zmb,sex_m,age_10yrbands_y55_64,eco_aggregate_con,2024,7.436
zmb,sex_m,age_10yrbands_y55_64,eco_aggregate_man,2017,5.565
zmb,sex_m,age_10yrbands_y55_64,eco_aggregate_man,2018,5.808
zmb,sex_m,age_10yrbands_y55_64,eco_aggregate_man,2019,10.339
zmb,sex_m,age_10yrbands_y55_64,eco_aggregate_man,2020,8.467
zmb,sex_m,age_10yrbands_y55_64,eco_aggregate_man,2021,11.134
zmb,sex_m,age_10yrbands_y55_64,eco_aggregate_man,2022,10.274
zmb,sex_m,age_10yrbands_y55_64,eco_aggregate_man,2023,9.248
zmb,sex_m,age_10yrbands_y55_64,eco_aggregate_man,2024,8.344
zmb,sex_m,age_10yrbands_y55_64,eco_aggregate_mkt,2017,19.64
zmb,sex_m,age_10yrbands_y55_64,eco_aggregate_mkt,2018,12.038
zmb,sex_m,age_10yrbands_y55_64,eco_aggregate_mkt,2019,15.256
zmb,sex_m,age_10yrbands_y55_64,eco_aggregate_mkt,2020,14.913
zmb,sex_m,age_10yrbands_y55_64,eco_aggregate_mkt,2021,12.36
zmb,sex_m,age_10yrbands_y55_64,eco_aggregate_mkt,2022,22.62
zmb,sex_m,age_10yrbands_y55_64,eco_aggregate_mkt,2023,18.674
zmb,sex_m,age_10yrbands_y55_64,eco_aggregate_mkt,2024,21.184
zmb,sex_m,age_10yrbands_y55_64,eco_aggregate_pub,2017,4.037
zmb,sex_m,age_10yrbands_y55_64,eco_aggregate_pub,2018,4.268
zmb,sex_m,age_10yrbands_y55_64,eco_aggregate_pub,2019,6.578
zmb,sex_m,age_10yrbands_y55_64,eco_aggregate_pub,2020,2.834
zmb,sex_m,age_10yrbands_y55_64,eco_aggregate_pub,2023,4.339
zmb,sex_m,age_10yrbands_y55_64,eco_aggregate_pub,2024,5.473
zmb,sex_m,age_10yrbands_y55_64,eco_aggregate_total,2017,135.805
zmb,sex_m,age_10yrbands_y55_64,eco_aggregate_total,2018,131.183
zmb,sex_m,age_10yrbands_y55_64,eco_aggregate_total,2019,154.65
zmb,sex_m,age_10yrbands_y55_64,eco_aggregate_total,2020,147.588
zmb,sex_m,age_10yrbands_y55_64,eco_aggregate_total,2021,157.49
zmb,sex_m,age_10yrbands_y55_64,eco_aggregate_total,2022,168.601
zmb,sex_m,age_10yrbands_y55_64,eco_aggregate_total,2023,187.488
zmb,sex_m,age_10yrbands_y55_64,eco_aggregate_total,2024,209.067
zmb,sex_m,age_10yrbands_y55_64,eco_sector_agr,2017,103.166
zmb,sex_m,age_10yrbands_y55_64,eco_sector_agr,2018,100.623
zmb,sex_m,age_10yrbands_y55_64,eco_sector_agr,2019,110.496
zmb,sex_m,age_10yrbands_y55_64,eco_sector_agr,2020,117.752
zmb,sex_m,age_10yrbands_y55_64,eco_sector_agr,2021,126.399
zmb,sex_m,age_10yrbands_y55_64,eco_sector_agr,2022,126.487
zmb,sex_m,age_10yrbands_y55_64,eco_sector_agr,2023,143.435
zmb,sex_m,age_10yrbands_y55_64,eco_sector_agr,2024,166.036
zmb,sex_m,age_10yrbands_y55_64,eco_sector_ind,2017,8.961
zmb,sex_m,age_10yrbands_y55_64,eco_sector_ind,2018,14.254
zmb,sex_m,age_10yrbands_y55_64,eco_sector_ind,2019,22.32
zmb,sex_m,age_10yrbands_y55_64,eco_sector_ind,2020,12.088
zmb,sex_m,age_10yrbands_y55_64,eco_sector_ind,2021,17.479
zmb,sex_m,age_10yrbands_y55_64,eco_sector_ind,2022,18.8
zmb,sex_m,age_10yrbands_y55_64,eco_sector_ind,2023,21.04
zmb,sex_m,age_10yrbands_y55_64,eco_sector_ind,2024,16.373
zmb,sex_m,age_10yrbands_y55_64,eco_sector_nag,2017,32.639
zmb,sex_m,age_10yrbands_y55_64,eco_sector_nag,2018,30.56
zmb,sex_m,age_10yrbands_y55_64,eco_sector_nag,2019,44.154
zmb,sex_m,age_10yrbands_y55_64,eco_sector_nag,2020,29.835
zmb,sex_m,age_10yrbands_y55_64,eco_sector_nag,2021,31.092
zmb,sex_m,age_10yrbands_y55_64,eco_sector_nag,2022,42.114
zmb,sex_m,age_10yrbands_y55_64,eco_sector_nag,2023,44.053
zmb,sex_m,age_10yrbands_y55_64,eco_sector_nag,2024,43.031
zmb,sex_m,age_10yrbands_y55_64,eco_sector_ser,2017,23.678
zmb,sex_m,age_10yrbands_y55_64,eco_sector_ser,2018,16.306
zmb,sex_m,age_10yrbands_y55_64,eco_sector_ser,2019,21.834
zmb,sex_m,age_10yrbands_y55_64,eco_sector_ser,2020,17.747
zmb,sex_m,age_10yrbands_y55_64,eco_sector_ser,2021,13.613
zmb,sex_m,age_10yrbands_y55_64,eco_sector_ser,2022,23.313
zmb,sex_m,age_10yrbands_y55_64,eco_sector_ser,2023,23.013
zmb,sex_m,age_10yrbands_y55_64,eco_sector_ser,2024,26.657
zmb,sex_m,age_10yrbands_y55_64,eco_sector_total,2017,135.805
zmb,sex_m,age_10yrbands_y55_64,eco_sector_total,2018,131.183
zmb,sex_m,age_10yrbands_y55_64,eco_sector_total,2019,154.65
zmb,sex_m,age_10yrbands_y55_64,eco_sector_total,2020,147.588
zmb,sex_m,age_10yrbands_y55_64,eco_sector_total,2021,157.49
zmb,sex_m,age_10yrbands_y55_64,eco_sector_total,2022,168.601
zmb,sex_m,age_10yrbands_y55_64,eco_sector_total,2023,187.488
zmb,sex_m,age_10yrbands_y55_64,eco_sector_total,2024,209.067
zmb,sex_m,age_10yrbands_yge65,eco_aggregate_agr,2017,115.726
zmb,sex_m,age_10yrbands_yge65,eco_aggregate_agr,2018,90.817
zmb,sex_m,age_10yrbands_yge65,eco_aggregate_agr,2019,95.073
zmb,sex_m,age_10yrbands_yge65,eco_aggregate_agr,2020,89.899
zmb,sex_m,age_10yrbands_yge65,eco_aggregate_agr,2021,87.526
zmb,sex_m,age_10yrbands_yge65,eco_aggregate_agr,2022,99
zmb,sex_m,age_10yrbands_yge65,eco_aggregate_agr,2023,122.456
zmb,sex_m,age_10yrbands_yge65,eco_aggregate_agr,2024,115.964
zmb,sex_m,age_10yrbands_yge65,eco_aggregate_con,2019,2.478
zmb,sex_m,age_10yrbands_yge65,eco_aggregate_con,2022,2.401
zmb,sex_m,age_10yrbands_yge65,eco_aggregate_con,2024,2.283
zmb,sex_m,age_10yrbands_yge65,eco_aggregate_man,2017,4.248
zmb,sex_m,age_10yrbands_yge65,eco_aggregate_man,2018,2.843
zmb,sex_m,age_10yrbands_yge65,eco_aggregate_man,2019,3.286
zmb,sex_m,age_10yrbands_yge65,eco_aggregate_man,2020,3.655
zmb,sex_m,age_10yrbands_yge65,eco_aggregate_man,2021,3.088
zmb,sex_m,age_10yrbands_yge65,eco_aggregate_man,2022,3.406
zmb,sex_m,age_10yrbands_yge65,eco_aggregate_man,2023,3.361
zmb,sex_m,age_10yrbands_yge65,eco_aggregate_man,2024,2.195
zmb,sex_m,age_10yrbands_yge65,eco_aggregate_mkt,2017,15.961
zmb,sex_m,age_10yrbands_yge65,eco_aggregate_mkt,2018,6.332
zmb,sex_m,age_10yrbands_yge65,eco_aggregate_mkt,2019,9.284
zmb,sex_m,age_10yrbands_yge65,eco_aggregate_mkt,2020,10.137
zmb,sex_m,age_10yrbands_yge65,eco_aggregate_mkt,2021,8.425
zmb,sex_m,age_10yrbands_yge65,eco_aggregate_mkt,2022,11.244
zmb,sex_m,age_10yrbands_yge65,eco_aggregate_mkt,2023,7.211
zmb,sex_m,age_10yrbands_yge65,eco_aggregate_mkt,2024,7.911
zmb,sex_m,age_10yrbands_yge65,eco_aggregate_pub,2017,1.909
zmb,sex_m,age_10yrbands_yge65,eco_aggregate_pub,2018,2.269
zmb,sex_m,age_10yrbands_yge65,eco_aggregate_pub,2019,3.297
zmb,sex_m,age_10yrbands_yge65,eco_aggregate_pub,2020,1.319
zmb,sex_m,age_10yrbands_yge65,eco_aggregate_pub,2021,2.461
zmb,sex_m,age_10yrbands_yge65,eco_aggregate_pub,2022,1.686
zmb,sex_m,age_10yrbands_yge65,eco_aggregate_pub,2024,2.04
zmb,sex_m,age_10yrbands_yge65,eco_aggregate_total,2017,139.606
zmb,sex_m,age_10yrbands_yge65,eco_aggregate_total,2018,103.827
zmb,sex_m,age_10yrbands_yge65,eco_aggregate_total,2019,113.418
zmb,sex_m,age_10yrbands_yge65,eco_aggregate_total,2020,105.924
zmb,sex_m,age_10yrbands_yge65,eco_aggregate_total,2021,102.118
zmb,sex_m,age_10yrbands_yge65,eco_aggregate_total,2022,118.052
zmb,sex_m,age_10yrbands_yge65,eco_aggregate_total,2023,137.461
zmb,sex_m,age_10yrbands_yge65,eco_aggregate_total,2024,130.393
zmb,sex_m,age_10yrbands_yge65,eco_sector_agr,2017,115.726
zmb,sex_m,age_10yrbands_yge65,eco_sector_agr,2018,90.817
zmb,sex_m,age_10yrbands_yge65,eco_sector_agr,2019,95.073
zmb,sex_m,age_10yrbands_yge65,eco_sector_agr,2020,89.899
zmb,sex_m,age_10yrbands_yge65,eco_sector_agr,2021,87.526
zmb,sex_m,age_10yrbands_yge65,eco_sector_agr,2022,99
zmb,sex_m,age_10yrbands_yge65,eco_sector_agr,2023,122.456
zmb,sex_m,age_10yrbands_yge65,eco_sector_agr,2024,115.964
zmb,sex_m,age_10yrbands_yge65,eco_sector_ind,2017,6.01
zmb,sex_m,age_10yrbands_yge65,eco_sector_ind,2018,4.409
zmb,sex_m,age_10yrbands_yge65,eco_sector_ind,2019,5.764
zmb,sex_m,age_10yrbands_yge65,eco_sector_ind,2020,4.568
zmb,sex_m,age_10yrbands_yge65,eco_sector_ind,2021,3.706
zmb,sex_m,age_10yrbands_yge65,eco_sector_ind,2022,6.122
zmb,sex_m,age_10yrbands_yge65,eco_sector_ind,2023,5.635
zmb,sex_m,age_10yrbands_yge65,eco_sector_ind,2024,4.478
zmb,sex_m,age_10yrbands_yge65,eco_sector_nag,2017,23.88
zmb,sex_m,age_10yrbands_yge65,eco_sector_nag,2018,13.01
zmb,sex_m,age_10yrbands_yge65,eco_sector_nag,2019,18.346
zmb,sex_m,age_10yrbands_yge65,eco_sector_nag,2020,16.024
zmb,sex_m,age_10yrbands_yge65,eco_sector_nag,2021,14.592
zmb,sex_m,age_10yrbands_yge65,eco_sector_nag,2022,19.052
zmb,sex_m,age_10yrbands_yge65,eco_sector_nag,2023,15.004
zmb,sex_m,age_10yrbands_yge65,eco_sector_nag,2024,14.428
zmb,sex_m,age_10yrbands_yge65,eco_sector_ser,2017,17.87
zmb,sex_m,age_10yrbands_yge65,eco_sector_ser,2018,8.601
zmb,sex_m,age_10yrbands_yge65,eco_sector_ser,2019,12.581
zmb,sex_m,age_10yrbands_yge65,eco_sector_ser,2020,11.456
zmb,sex_m,age_10yrbands_yge65,eco_sector_ser,2021,10.886
zmb,sex_m,age_10yrbands_yge65,eco_sector_ser,2022,12.931
zmb,sex_m,age_10yrbands_yge65,eco_sector_ser,2023,9.37
zmb,sex_m,age_10yrbands_yge65,eco_sector_ser,2024,9.951
zmb,sex_m,age_10yrbands_yge65,eco_sector_total,2017,139.606
zmb,sex_m,age_10yrbands_yge65,eco_sector_total,2018,103.827
zmb,sex_m,age_10yrbands_yge65,eco_sector_total,2019,113.418
zmb,sex_m,age_10yrbands_yge65,eco_sector_total,2020,105.924
zmb,sex_m,age_10yrbands_yge65,eco_sector_total,2021,102.118
zmb,sex_m,age_10yrbands_yge65,eco_sector_total,2022,118.052
zmb,sex_m,age_10yrbands_yge65,eco_sector_total,2023,137.461
zmb,sex_m,age_10yrbands_yge65,eco_sector_total,2024,130.393
zmb,sex_m,age_aggregate_total,eco_aggregate_agr,2017,1425.633
zmb,sex_m,age_aggregate_total,eco_aggregate_agr,2018,1378.564
zmb,sex_m,age_aggregate_total,eco_aggregate_agr,2019,1406.041
zmb,sex_m,age_aggregate_total,eco_aggregate_agr,2020,1536.785
zmb,sex_m,age_aggregate_total,eco_aggregate_agr,2021,1558.996
zmb,sex_m,age_aggregate_total,eco_aggregate_agr,2022,1552.562
zmb,sex_m,age_aggregate_total,eco_aggregate_agr,2023,1820.448
zmb,sex_m,age_aggregate_total,eco_aggregate_agr,2024,2165.061
zmb,sex_m,age_aggregate_total,eco_aggregate_con,2017,89.789
zmb,sex_m,age_aggregate_total,eco_aggregate_con,2018,113.233
zmb,sex_m,age_aggregate_total,eco_aggregate_con,2019,114.195
zmb,sex_m,age_aggregate_total,eco_aggregate_con,2020,118.098
zmb,sex_m,age_aggregate_total,eco_aggregate_con,2021,126.909
zmb,sex_m,age_aggregate_total,eco_aggregate_con,2022,114.949
zmb,sex_m,age_aggregate_total,eco_aggregate_con,2023,182.997
zmb,sex_m,age_aggregate_total,eco_aggregate_con,2024,142.709
zmb,sex_m,age_aggregate_total,eco_aggregate_man,2017,82.253
zmb,sex_m,age_aggregate_total,eco_aggregate_man,2018,81.083
zmb,sex_m,age_aggregate_total,eco_aggregate_man,2019,90.36
zmb,sex_m,age_aggregate_total,eco_aggregate_man,2020,89.43
zmb,sex_m,age_aggregate_total,eco_aggregate_man,2021,130.076
zmb,sex_m,age_aggregate_total,eco_aggregate_man,2022,118.787
zmb,sex_m,age_aggregate_total,eco_aggregate_man,2023,101.17
zmb,sex_m,age_aggregate_total,eco_aggregate_man,2024,83.356
zmb,sex_m,age_aggregate_total,eco_aggregate_mel,2017,3.383
zmb,sex_m,age_aggregate_total,eco_aggregate_mel,2018,7.28
zmb,sex_m,age_aggregate_total,eco_aggregate_mel,2019,17.211
zmb,sex_m,age_aggregate_total,eco_aggregate_mel,2020,11.31
zmb,sex_m,age_aggregate_total,eco_aggregate_mel,2021,9.091
zmb,sex_m,age_aggregate_total,eco_aggregate_mel,2022,15.046
zmb,sex_m,age_aggregate_total,eco_aggregate_mel,2023,19.733
zmb,sex_m,age_aggregate_total,eco_aggregate_mel,2024,16.871
zmb,sex_m,age_aggregate_total,eco_aggregate_mkt,2017,308.116
zmb,sex_m,age_aggregate_total,eco_aggregate_mkt,2018,266.577
zmb,sex_m,age_aggregate_total,eco_aggregate_mkt,2019,341.573
zmb,sex_m,age_aggregate_total,eco_aggregate_mkt,2020,344.874
zmb,sex_m,age_aggregate_total,eco_aggregate_mkt,2021,359.155
zmb,sex_m,age_aggregate_total,eco_aggregate_mkt,2022,393.241
zmb,sex_m,age_aggregate_total,eco_aggregate_mkt,2023,373.759
zmb,sex_m,age_aggregate_total,eco_aggregate_mkt,2024,351.133
zmb,sex_m,age_aggregate_total,eco_aggregate_pub,2017,105.62
zmb,sex_m,age_aggregate_total,eco_aggregate_pub,2018,87.871
zmb,sex_m,age_aggregate_total,eco_aggregate_pub,2019,110.93
zmb,sex_m,age_aggregate_total,eco_aggregate_pub,2020,81.732
zmb,sex_m,age_aggregate_total,eco_aggregate_pub,2021,87.606
zmb,sex_m,age_aggregate_total,eco_aggregate_pub,2022,81.933
zmb,sex_m,age_aggregate_total,eco_aggregate_pub,2023,122.028
zmb,sex_m,age_aggregate_total,eco_aggregate_pub,2024,97.63
zmb,sex_m,age_aggregate_total,eco_aggregate_total,2017,2014.794
zmb,sex_m,age_aggregate_total,eco_aggregate_total,2018,1934.61
zmb,sex_m,age_aggregate_total,eco_aggregate_total,2019,2080.308
zmb,sex_m,age_aggregate_total,eco_aggregate_total,2020,2182.23
zmb,sex_m,age_aggregate_total,eco_aggregate_total,2021,2271.833
zmb,sex_m,age_aggregate_total,eco_aggregate_total,2022,2276.518
zmb,sex_m,age_aggregate_total,eco_aggregate_total,2023,2620.134
zmb,sex_m,age_aggregate_total,eco_aggregate_total,2024,2856.759
zmb,sex_m,age_aggregate_total,eco_isic4_a,2017,1425.633
zmb,sex_m,age_aggregate_total,eco_isic4_a,2018,1378.564
zmb,sex_m,age_aggregate_total,eco_isic4_a,2019,1406.041
zmb,sex_m,age_aggregate_total,eco_isic4_a,2020,1536.785
zmb,sex_m,age_aggregate_total,eco_isic4_a,2021,1558.996
zmb,sex_m,age_aggregate_total,eco_isic4_a,2022,1552.562
zmb,sex_m,age_aggregate_total,eco_isic4_a,2023,1820.448
zmb,sex_m,age_aggregate_total,eco_isic4_a,2024,2165.061
zmb,sex_m,age_aggregate_total,eco_isic4_b,2017,2.916
zmb,sex_m,age_aggregate_total,eco_isic4_b,2018,5.484
zmb,sex_m,age_aggregate_total,eco_isic4_b,2019,15.163
zmb,sex_m,age_aggregate_total,eco_isic4_b,2020,11.124
zmb,sex_m,age_aggregate_total,eco_isic4_b,2021,5.332
zmb,sex_m,age_aggregate_total,eco_isic4_b,2022,14.301
zmb,sex_m,age_aggregate_total,eco_isic4_b,2023,16.861
zmb,sex_m,age_aggregate_total,eco_isic4_b,2024,14.43
zmb,sex_m,age_aggregate_total,eco_isic4_c,2017,82.253
zmb,sex_m,age_aggregate_total,eco_isic4_c,2018,81.083
zmb,sex_m,age_aggregate_total,eco_isic4_c,2019,90.36
zmb,sex_m,age_aggregate_total,eco_isic4_c,2020,89.43
zmb,sex_m,age_aggregate_total,eco_isic4_c,2021,130.076
zmb,sex_m,age_aggregate_total,eco_isic4_c,2022,118.787
zmb,sex_m,age_aggregate_total,eco_isic4_c,2023,101.17
zmb,sex_m,age_aggregate_total,eco_isic4_c,2024,83.356
zmb,sex_m,age_aggregate_total,eco_isic4_e,2021,3.758
zmb,sex_m,age_aggregate_total,eco_isic4_e,2023,2.704
zmb,sex_m,age_aggregate_total,eco_isic4_f,2017,89.789
zmb,sex_m,age_aggregate_total,eco_isic4_f,2018,113.233
zmb,sex_m,age_aggregate_total,eco_isic4_f,2019,114.195
zmb,sex_m,age_aggregate_total,eco_isic4_f,2020,118.098
zmb,sex_m,age_aggregate_total,eco_isic4_f,2021,126.909
zmb,sex_m,age_aggregate_total,eco_isic4_f,2022,114.949
zmb,sex_m,age_aggregate_total,eco_isic4_f,2023,182.997
zmb,sex_m,age_aggregate_total,eco_isic4_f,2024,142.709
zmb,sex_m,age_aggregate_total,eco_isic4_g,2017,222.895
zmb,sex_m,age_aggregate_total,eco_isic4_g,2018,178.272
zmb,sex_m,age_aggregate_total,eco_isic4_g,2019,242.549
zmb,sex_m,age_aggregate_total,eco_isic4_g,2020,227.315
zmb,sex_m,age_aggregate_total,eco_isic4_g,2021,217.129
zmb,sex_m,age_aggregate_total,eco_isic4_g,2022,257.434
zmb,sex_m,age_aggregate_total,eco_isic4_g,2023,217.607
zmb,sex_m,age_aggregate_total,eco_isic4_g,2024,219.084
zmb,sex_m,age_aggregate_total,eco_isic4_h,2017,49.495
zmb,sex_m,age_aggregate_total,eco_isic4_h,2018,53.343
zmb,sex_m,age_aggregate_total,eco_isic4_h,2019,60.368
zmb,sex_m,age_aggregate_total,eco_isic4_h,2020,77.468
zmb,sex_m,age_aggregate_total,eco_isic4_h,2021,75.499
zmb,sex_m,age_aggregate_total,eco_isic4_h,2022,82.274
zmb,sex_m,age_aggregate_total,eco_isic4_h,2023,97.458
zmb,sex_m,age_aggregate_total,eco_isic4_h,2024,97.439
zmb,sex_m,age_aggregate_total,eco_isic4_i,2017,4.102
zmb,sex_m,age_aggregate_total,eco_isic4_i,2018,9.129
zmb,sex_m,age_aggregate_total,eco_isic4_i,2019,9.31
zmb,sex_m,age_aggregate_total,eco_isic4_i,2020,5.424
zmb,sex_m,age_aggregate_total,eco_isic4_i,2021,10.28
zmb,sex_m,age_aggregate_total,eco_isic4_i,2022,9.762
zmb,sex_m,age_aggregate_total,eco_isic4_i,2023,8.785
zmb,sex_m,age_aggregate_total,eco_isic4_i,2024,7.721
zmb,sex_m,age_aggregate_total,eco_isic4_j,2018,2.659
zmb,sex_m,age_aggregate_total,eco_isic4_j,2019,3.748
zmb,sex_m,age_aggregate_total,eco_isic4_j,2020,8.433
zmb,sex_m,age_aggregate_total,eco_isic4_j,2021,4.083
zmb,sex_m,age_aggregate_total,eco_isic4_j,2023,3.165
zmb,sex_m,age_aggregate_total,eco_isic4_k,2018,3.375
zmb,sex_m,age_aggregate_total,eco_isic4_k,2020,2.184
zmb,sex_m,age_aggregate_total,eco_isic4_k,2021,6.785
zmb,sex_m,age_aggregate_total,eco_isic4_k,2022,5.531
zmb,sex_m,age_aggregate_total,eco_isic4_k,2023,3.259
zmb,sex_m,age_aggregate_total,eco_isic4_k,2024,2.829
zmb,sex_m,age_aggregate_total,eco_isic4_l,2017,16.15
zmb,sex_m,age_aggregate_total,eco_isic4_l,2018,2.118
zmb,sex_m,age_aggregate_total,eco_isic4_l,2019,4.662
zmb,sex_m,age_aggregate_total,eco_isic4_l,2020,5.941
zmb,sex_m,age_aggregate_total,eco_isic4_l,2021,4.114
zmb,sex_m,age_aggregate_total,eco_isic4_l,2022,8.095
zmb,sex_m,age_aggregate_total,eco_isic4_l,2023,4.608
zmb,sex_m,age_aggregate_total,eco_isic4_l,2024,6.577
zmb,sex_m,age_aggregate_total,eco_isic4_m,2017,7.735
zmb,sex_m,age_aggregate_total,eco_isic4_m,2018,3.035
zmb,sex_m,age_aggregate_total,eco_isic4_m,2019,2.229
zmb,sex_m,age_aggregate_total,eco_isic4_m,2020,3.212
zmb,sex_m,age_aggregate_total,eco_isic4_m,2021,1.846
zmb,sex_m,age_aggregate_total,eco_isic4_m,2022,4.666
zmb,sex_m,age_aggregate_total,eco_isic4_m,2023,4.882
zmb,sex_m,age_aggregate_total,eco_isic4_m,2024,4.209
zmb,sex_m,age_aggregate_total,eco_isic4_n,2017,7.42
zmb,sex_m,age_aggregate_total,eco_isic4_n,2018,14.647
zmb,sex_m,age_aggregate_total,eco_isic4_n,2019,13.956
zmb,sex_m,age_aggregate_total,eco_isic4_n,2020,14.898
zmb,sex_m,age_aggregate_total,eco_isic4_n,2021,39.42
zmb,sex_m,age_aggregate_total,eco_isic4_n,2022,24.146
zmb,sex_m,age_aggregate_total,eco_isic4_n,2023,33.997
zmb,sex_m,age_aggregate_total,eco_isic4_n,2024,12.362
zmb,sex_m,age_aggregate_total,eco_isic4_p,2017,3.809
zmb,sex_m,age_aggregate_total,eco_isic4_p,2018,2.171
zmb,sex_m,age_aggregate_total,eco_isic4_p,2019,3.598
zmb,sex_m,age_aggregate_total,eco_isic4_p,2020,1.929
zmb,sex_m,age_aggregate_total,eco_isic4_p,2024,2.001
zmb,sex_m,age_aggregate_total,eco_isic4_q,2017,1.892
zmb,sex_m,age_aggregate_total,eco_isic4_q,2018,2.584
zmb,sex_m,age_aggregate_total,eco_isic4_q,2019,5.466
zmb,sex_m,age_aggregate_total,eco_isic4_q,2021,2.804
zmb,sex_m,age_aggregate_total,eco_isic4_q,2022,3.094
zmb,sex_m,age_aggregate_total,eco_isic4_q,2023,6.944
zmb,sex_m,age_aggregate_total,eco_isic4_q,2024,1.81
zmb,sex_m,age_aggregate_total,eco_isic4_r,2018,1.508
zmb,sex_m,age_aggregate_total,eco_isic4_r,2019,3.546
zmb,sex_m,age_aggregate_total,eco_isic4_r,2020,5.768
zmb,sex_m,age_aggregate_total,eco_isic4_r,2021,6.845
zmb,sex_m,age_aggregate_total,eco_isic4_r,2022,7.328
zmb,sex_m,age_aggregate_total,eco_isic4_r,2023,6.119
zmb,sex_m,age_aggregate_total,eco_isic4_s,2017,28.689
zmb,sex_m,age_aggregate_total,eco_isic4_s,2018,45.47
zmb,sex_m,age_aggregate_total,eco_isic4_s,2019,47.006
zmb,sex_m,age_aggregate_total,eco_isic4_s,2020,34.321
zmb,sex_m,age_aggregate_total,eco_isic4_s,2021,37.919
zmb,sex_m,age_aggregate_total,eco_isic4_s,2022,47.25
zmb,sex_m,age_aggregate_total,eco_isic4_s,2023,49.944
zmb,sex_m,age_aggregate_total,eco_isic4_s,2024,20.823
zmb,sex_m,age_aggregate_total,eco_isic4_t,2017,69.433
zmb,sex_m,age_aggregate_total,eco_isic4_t,2018,33.403
zmb,sex_m,age_aggregate_total,eco_isic4_t,2019,49.567
zmb,sex_m,age_aggregate_total,eco_isic4_t,2020,35.763
zmb,sex_m,age_aggregate_total,eco_isic4_t,2021,34.037
zmb,sex_m,age_aggregate_total,eco_isic4_t,2022,23.442
zmb,sex_m,age_aggregate_total,eco_isic4_t,2023,56.048
zmb,sex_m,age_aggregate_total,eco_isic4_t,2024,68.976
zmb,sex_m,age_aggregate_total,eco_isic4_total,2017,2014.794
zmb,sex_m,age_aggregate_total,eco_isic4_total,2018,1934.61
zmb,sex_m,age_aggregate_total,eco_isic4_total,2019,2080.308
zmb,sex_m,age_aggregate_total,eco_isic4_total,2020,2182.23
zmb,sex_m,age_aggregate_total,eco_isic4_total,2021,2271.833
zmb,sex_m,age_aggregate_total,eco_isic4_total,2022,2276.518
zmb,sex_m,age_aggregate_total,eco_isic4_total,2023,2620.134
zmb,sex_m,age_aggregate_total,eco_isic4_total,2024,2856.759
zmb,sex_m,age_aggregate_total,eco_isic4_u,2018,2.106
zmb,sex_m,age_aggregate_total,eco_isic4_u,2021,3.917
zmb,sex_m,age_aggregate_total,eco_sector_agr,2017,1425.633
zmb,sex_m,age_aggregate_total,eco_sector_agr,2018,1378.564
zmb,sex_m,age_aggregate_total,eco_sector_agr,2019,1406.041
zmb,sex_m,age_aggregate_total,eco_sector_agr,2020,1536.785
zmb,sex_m,age_aggregate_total,eco_sector_agr,2021,1558.996
zmb,sex_m,age_aggregate_total,eco_sector_agr,2022,1552.562
zmb,sex_m,age_aggregate_total,eco_sector_agr,2023,1820.448
zmb,sex_m,age_aggregate_total,eco_sector_agr,2024,2165.061
zmb,sex_m,age_aggregate_total,eco_sector_ind,2017,175.426
zmb,sex_m,age_aggregate_total,eco_sector_ind,2018,201.596
zmb,sex_m,age_aggregate_total,eco_sector_ind,2019,221.766
zmb,sex_m,age_aggregate_total,eco_sector_ind,2020,218.838
zmb,sex_m,age_aggregate_total,eco_sector_ind,2021,266.076
zmb,sex_m,age_aggregate_total,eco_sector_ind,2022,248.782
zmb,sex_m,age_aggregate_total,eco_sector_ind,2023,303.899
zmb,sex_m,age_aggregate_total,eco_sector_ind,2024,242.936
zmb,sex_m,age_aggregate_total,eco_sector_nag,2017,589.161
zmb,sex_m,age_aggregate_total,eco_sector_nag,2018,556.045
zmb,sex_m,age_aggregate_total,eco_sector_nag,2019,674.268
zmb,sex_m,age_aggregate_total,eco_sector_nag,2020,645.444
zmb,sex_m,age_aggregate_total,eco_sector_nag,2021,712.837
zmb,sex_m,age_aggregate_total,eco_sector_nag,2022,723.956
zmb,sex_m,age_aggregate_total,eco_sector_nag,2023,799.686
zmb,sex_m,age_aggregate_total,eco_sector_nag,2024,691.699
zmb,sex_m,age_aggregate_total,eco_sector_ser,2017,413.736
zmb,sex_m,age_aggregate_total,eco_sector_ser,2018,354.449
zmb,sex_m,age_aggregate_total,eco_sector_ser,2019,452.502
zmb,sex_m,age_aggregate_total,eco_sector_ser,2020,426.607
zmb,sex_m,age_aggregate_total,eco_sector_ser,2021,446.762
zmb,sex_m,age_aggregate_total,eco_sector_ser,2022,475.174
zmb,sex_m,age_aggregate_total,eco_sector_ser,2023,495.787
zmb,sex_m,age_aggregate_total,eco_sector_ser,2024,448.763
zmb,sex_m,age_aggregate_total,eco_sector_total,2017,2014.794
zmb,sex_m,age_aggregate_total,eco_sector_total,2018,1934.61
zmb,sex_m,age_aggregate_total,eco_sector_total,2019,2080.308
zmb,sex_m,age_aggregate_total,eco_sector_total,2020,2182.23
zmb,sex_m,age_aggregate_total,eco_sector_total,2021,2271.833
zmb,sex_m,age_aggregate_total,eco_sector_total,2022,2276.518
zmb,sex_m,age_aggregate_total,eco_sector_total,2023,2620.134
zmb,sex_m,age_aggregate_total,eco_sector_total,2024,2856.759
zmb,sex_m,age_aggregate_y15_24,eco_aggregate_agr,2017,429.64
zmb,sex_m,age_aggregate_y15_24,eco_aggregate_agr,2018,390.105
zmb,sex_m,age_aggregate_y15_24,eco_aggregate_agr,2019,425.165
zmb,sex_m,age_aggregate_y15_24,eco_aggregate_agr,2020,453.182
zmb,sex_m,age_aggregate_y15_24,eco_aggregate_agr,2021,487.272
zmb,sex_m,age_aggregate_y15_24,eco_aggregate_agr,2022,462.516
zmb,sex_m,age_aggregate_y15_24,eco_aggregate_agr,2023,527.002
zmb,sex_m,age_aggregate_y15_24,eco_aggregate_agr,2024,631.993
zmb,sex_m,age_aggregate_y15_24,eco_aggregate_con,2017,10.955
zmb,sex_m,age_aggregate_y15_24,eco_aggregate_con,2018,16.666
zmb,sex_m,age_aggregate_y15_24,eco_aggregate_con,2019,15.572
zmb,sex_m,age_aggregate_y15_24,eco_aggregate_con,2020,10.666
zmb,sex_m,age_aggregate_y15_24,eco_aggregate_con,2021,17.246
zmb,sex_m,age_aggregate_y15_24,eco_aggregate_con,2022,11.061
zmb,sex_m,age_aggregate_y15_24,eco_aggregate_con,2023,27.245
zmb,sex_m,age_aggregate_y15_24,eco_aggregate_con,2024,14.99
zmb,sex_m,age_aggregate_y15_24,eco_aggregate_man,2017,9.705
zmb,sex_m,age_aggregate_y15_24,eco_aggregate_man,2018,11.186
zmb,sex_m,age_aggregate_y15_24,eco_aggregate_man,2019,10.161
zmb,sex_m,age_aggregate_y15_24,eco_aggregate_man,2020,10.644
zmb,sex_m,age_aggregate_y15_24,eco_aggregate_man,2021,21.308
zmb,sex_m,age_aggregate_y15_24,eco_aggregate_man,2022,10.614
zmb,sex_m,age_aggregate_y15_24,eco_aggregate_man,2023,12.807
zmb,sex_m,age_aggregate_y15_24,eco_aggregate_man,2024,14.961
zmb,sex_m,age_aggregate_y15_24,eco_aggregate_mel,2018,1.414
zmb,sex_m,age_aggregate_y15_24,eco_aggregate_mel,2019,2.654
zmb,sex_m,age_aggregate_y15_24,eco_aggregate_mel,2023,4.49
zmb,sex_m,age_aggregate_y15_24,eco_aggregate_mel,2024,5.363
zmb,sex_m,age_aggregate_y15_24,eco_aggregate_mkt,2017,44.826
zmb,sex_m,age_aggregate_y15_24,eco_aggregate_mkt,2018,37.448
zmb,sex_m,age_aggregate_y15_24,eco_aggregate_mkt,2019,52.642
zmb,sex_m,age_aggregate_y15_24,eco_aggregate_mkt,2020,51.92
zmb,sex_m,age_aggregate_y15_24,eco_aggregate_mkt,2021,65.488
zmb,sex_m,age_aggregate_y15_24,eco_aggregate_mkt,2022,68.443
zmb,sex_m,age_aggregate_y15_24,eco_aggregate_mkt,2023,59.134
zmb,sex_m,age_aggregate_y15_24,eco_aggregate_mkt,2024,53.779
zmb,sex_m,age_aggregate_y15_24,eco_aggregate_pub,2017,24.85
zmb,sex_m,age_aggregate_y15_24,eco_aggregate_pub,2018,14.196
zmb,sex_m,age_aggregate_y15_24,eco_aggregate_pub,2019,17.855
zmb,sex_m,age_aggregate_y15_24,eco_aggregate_pub,2020,13.465
zmb,sex_m,age_aggregate_y15_24,eco_aggregate_pub,2021,22.021
zmb,sex_m,age_aggregate_y15_24,eco_aggregate_pub,2022,16.36
zmb,sex_m,age_aggregate_y15_24,eco_aggregate_pub,2023,20.223
zmb,sex_m,age_aggregate_y15_24,eco_aggregate_pub,2024,22.107
zmb,sex_m,age_aggregate_y15_24,eco_aggregate_total,2017,519.976
zmb,sex_m,age_aggregate_y15_24,eco_aggregate_total,2018,471.016
zmb,sex_m,age_aggregate_y15_24,eco_aggregate_total,2019,524.049
zmb,sex_m,age_aggregate_y15_24,eco_aggregate_total,2020,540.895
zmb,sex_m,age_aggregate_y15_24,eco_aggregate_total,2021,614.481
zmb,sex_m,age_aggregate_y15_24,eco_aggregate_total,2022,570.435
zmb,sex_m,age_aggregate_y15_24,eco_aggregate_total,2023,650.9
zmb,sex_m,age_aggregate_y15_24,eco_aggregate_total,2024,743.193
zmb,sex_m,age_aggregate_y15_24,eco_isic4_a,2017,429.64
zmb,sex_m,age_aggregate_y15_24,eco_isic4_a,2018,390.105
zmb,sex_m,age_aggregate_y15_24,eco_isic4_a,2019,425.165
zmb,sex_m,age_aggregate_y15_24,eco_isic4_a,2020,453.182
zmb,sex_m,age_aggregate_y15_24,eco_isic4_a,2021,487.272
zmb,sex_m,age_aggregate_y15_24,eco_isic4_a,2022,462.516
zmb,sex_m,age_aggregate_y15_24,eco_isic4_a,2023,527.002
zmb,sex_m,age_aggregate_y15_24,eco_isic4_a,2024,631.993
zmb,sex_m,age_aggregate_y15_24,eco_isic4_b,2019,2.654
zmb,sex_m,age_aggregate_y15_24,eco_isic4_b,2023,2.906
zmb,sex_m,age_aggregate_y15_24,eco_isic4_b,2024,4.847
zmb,sex_m,age_aggregate_y15_24,eco_isic4_c,2017,9.705
zmb,sex_m,age_aggregate_y15_24,eco_isic4_c,2018,11.186
zmb,sex_m,age_aggregate_y15_24,eco_isic4_c,2019,10.161
zmb,sex_m,age_aggregate_y15_24,eco_isic4_c,2020,10.644
zmb,sex_m,age_aggregate_y15_24,eco_isic4_c,2021,21.308
zmb,sex_m,age_aggregate_y15_24,eco_isic4_c,2022,10.614
zmb,sex_m,age_aggregate_y15_24,eco_isic4_c,2023,12.807
zmb,sex_m,age_aggregate_y15_24,eco_isic4_c,2024,14.961
zmb,sex_m,age_aggregate_y15_24,eco_isic4_f,2017,10.955
zmb,sex_m,age_aggregate_y15_24,eco_isic4_f,2018,16.666
zmb,sex_m,age_aggregate_y15_24,eco_isic4_f,2019,15.572
zmb,sex_m,age_aggregate_y15_24,eco_isic4_f,2020,10.666
zmb,sex_m,age_aggregate_y15_24,eco_isic4_f,2021,17.246
zmb,sex_m,age_aggregate_y15_24,eco_isic4_f,2022,11.061
zmb,sex_m,age_aggregate_y15_24,eco_isic4_f,2023,27.245
zmb,sex_m,age_aggregate_y15_24,eco_isic4_f,2024,14.99
zmb,sex_m,age_aggregate_y15_24,eco_isic4_g,2017,33.938
zmb,sex_m,age_aggregate_y15_24,eco_isic4_g,2018,25.587
zmb,sex_m,age_aggregate_y15_24,eco_isic4_g,2019,41.157
zmb,sex_m,age_aggregate_y15_24,eco_isic4_g,2020,31.213
zmb,sex_m,age_aggregate_y15_24,eco_isic4_g,2021,36.659
zmb,sex_m,age_aggregate_y15_24,eco_isic4_g,2022,47.578
zmb,sex_m,age_aggregate_y15_24,eco_isic4_g,2023,40.371
zmb,sex_m,age_aggregate_y15_24,eco_isic4_g,2024,30.968
zmb,sex_m,age_aggregate_y15_24,eco_isic4_h,2017,6.997
zmb,sex_m,age_aggregate_y15_24,eco_isic4_h,2018,6.498
zmb,sex_m,age_aggregate_y15_24,eco_isic4_h,2019,8.592
zmb,sex_m,age_aggregate_y15_24,eco_isic4_h,2020,7.812
zmb,sex_m,age_aggregate_y15_24,eco_isic4_h,2021,14.2
zmb,sex_m,age_aggregate_y15_24,eco_isic4_h,2022,9.022
zmb,sex_m,age_aggregate_y15_24,eco_isic4_h,2023,14.518
zmb,sex_m,age_aggregate_y15_24,eco_isic4_h,2024,18.664
zmb,sex_m,age_aggregate_y15_24,eco_isic4_i,2022,3.09
zmb,sex_m,age_aggregate_y15_24,eco_isic4_n,2017,2.788
zmb,sex_m,age_aggregate_y15_24,eco_isic4_n,2020,5.429
zmb,sex_m,age_aggregate_y15_24,eco_isic4_n,2021,8.358
zmb,sex_m,age_aggregate_y15_24,eco_isic4_n,2022,5.93
zmb,sex_m,age_aggregate_y15_24,eco_isic4_n,2023,3.586
zmb,sex_m,age_aggregate_y15_24,eco_isic4_n,2024,2.306
zmb,sex_m,age_aggregate_y15_24,eco_isic4_r,2020,3.846
zmb,sex_m,age_aggregate_y15_24,eco_isic4_r,2022,2.728
zmb,sex_m,age_aggregate_y15_24,eco_isic4_s,2017,9.274
zmb,sex_m,age_aggregate_y15_24,eco_isic4_s,2018,6.732
zmb,sex_m,age_aggregate_y15_24,eco_isic4_s,2019,8.662
zmb,sex_m,age_aggregate_y15_24,eco_isic4_s,2020,5.265
zmb,sex_m,age_aggregate_y15_24,eco_isic4_s,2021,9.818
zmb,sex_m,age_aggregate_y15_24,eco_isic4_s,2022,9.536
zmb,sex_m,age_aggregate_y15_24,eco_isic4_s,2023,11.44
zmb,sex_m,age_aggregate_y15_24,eco_isic4_s,2024,4.692
zmb,sex_m,age_aggregate_y15_24,eco_isic4_t,2017,13.377
zmb,sex_m,age_aggregate_y15_24,eco_isic4_t,2018,5.853
zmb,sex_m,age_aggregate_y15_24,eco_isic4_t,2019,7.3
zmb,sex_m,age_aggregate_y15_24,eco_isic4_t,2020,2.566
zmb,sex_m,age_aggregate_y15_24,eco_isic4_t,2021,8.78
zmb,sex_m,age_aggregate_y15_24,eco_isic4_t,2022,3.183
zmb,sex_m,age_aggregate_y15_24,eco_isic4_t,2023,7.687
zmb,sex_m,age_aggregate_y15_24,eco_isic4_t,2024,15.289
zmb,sex_m,age_aggregate_y15_24,eco_isic4_total,2017,519.976
zmb,sex_m,age_aggregate_y15_24,eco_isic4_total,2018,471.016
zmb,sex_m,age_aggregate_y15_24,eco_isic4_total,2019,524.049
zmb,sex_m,age_aggregate_y15_24,eco_isic4_total,2020,540.895
zmb,sex_m,age_aggregate_y15_24,eco_isic4_total,2021,614.481
zmb,sex_m,age_aggregate_y15_24,eco_isic4_total,2022,570.435
zmb,sex_m,age_aggregate_y15_24,eco_isic4_total,2023,650.9
zmb,sex_m,age_aggregate_y15_24,eco_isic4_total,2024,743.193
zmb,sex_m,age_aggregate_y15_24,eco_sector_agr,2017,429.64
zmb,sex_m,age_aggregate_y15_24,eco_sector_agr,2018,390.105
zmb,sex_m,age_aggregate_y15_24,eco_sector_agr,2019,425.165
zmb,sex_m,age_aggregate_y15_24,eco_sector_agr,2020,453.182
zmb,sex_m,age_aggregate_y15_24,eco_sector_agr,2021,487.272
zmb,sex_m,age_aggregate_y15_24,eco_sector_agr,2022,462.516
zmb,sex_m,age_aggregate_y15_24,eco_sector_agr,2023,527.002
zmb,sex_m,age_aggregate_y15_24,eco_sector_agr,2024,631.993
zmb,sex_m,age_aggregate_y15_24,eco_sector_ind,2017,20.66
zmb,sex_m,age_aggregate_y15_24,eco_sector_ind,2018,29.267
zmb,sex_m,age_aggregate_y15_24,eco_sector_ind,2019,28.387
zmb,sex_m,age_aggregate_y15_24,eco_sector_ind,2020,22.329
zmb,sex_m,age_aggregate_y15_24,eco_sector_ind,2021,39.7
zmb,sex_m,age_aggregate_y15_24,eco_sector_ind,2022,23.116
zmb,sex_m,age_aggregate_y15_24,eco_sector_ind,2023,44.542
zmb,sex_m,age_aggregate_y15_24,eco_sector_ind,2024,35.313
zmb,sex_m,age_aggregate_y15_24,eco_sector_nag,2017,90.336
zmb,sex_m,age_aggregate_y15_24,eco_sector_nag,2018,80.911
zmb,sex_m,age_aggregate_y15_24,eco_sector_nag,2019,98.884
zmb,sex_m,age_aggregate_y15_24,eco_sector_nag,2020,87.714
zmb,sex_m,age_aggregate_y15_24,eco_sector_nag,2021,127.209
zmb,sex_m,age_aggregate_y15_24,eco_sector_nag,2022,107.918
zmb,sex_m,age_aggregate_y15_24,eco_sector_nag,2023,123.898
zmb,sex_m,age_aggregate_y15_24,eco_sector_nag,2024,111.2
zmb,sex_m,age_aggregate_y15_24,eco_sector_ser,2017,69.676
zmb,sex_m,age_aggregate_y15_24,eco_sector_ser,2018,51.644
zmb,sex_m,age_aggregate_y15_24,eco_sector_ser,2019,70.497
zmb,sex_m,age_aggregate_y15_24,eco_sector_ser,2020,65.385
zmb,sex_m,age_aggregate_y15_24,eco_sector_ser,2021,87.509
zmb,sex_m,age_aggregate_y15_24,eco_sector_ser,2022,84.802
zmb,sex_m,age_aggregate_y15_24,eco_sector_ser,2023,79.356
zmb,sex_m,age_aggregate_y15_24,eco_sector_ser,2024,75.886
zmb,sex_m,age_aggregate_y15_24,eco_sector_total,2017,519.976
zmb,sex_m,age_aggregate_y15_24,eco_sector_total,2018,471.016
zmb,sex_m,age_aggregate_y15_24,eco_sector_total,2019,524.049
zmb,sex_m,age_aggregate_y15_24,eco_sector_total,2020,540.895
zmb,sex_m,age_aggregate_y15_24,eco_sector_total,2021,614.481
zmb,sex_m,age_aggregate_y15_24,eco_sector_total,2022,570.435
zmb,sex_m,age_aggregate_y15_24,eco_sector_total,2023,650.9
zmb,sex_m,age_aggregate_y15_24,eco_sector_total,2024,743.193
zmb,sex_m,age_aggregate_y25_54,eco_aggregate_agr,2017,777.101
zmb,sex_m,age_aggregate_y25_54,eco_aggregate_agr,2018,797.019
zmb,sex_m,age_aggregate_y25_54,eco_aggregate_agr,2019,775.307
zmb,sex_m,age_aggregate_y25_54,eco_aggregate_agr,2020,875.952
zmb,sex_m,age_aggregate_y25_54,eco_aggregate_agr,2021,857.799
zmb,sex_m,age_aggregate_y25_54,eco_aggregate_agr,2022,864.558
zmb,sex_m,age_aggregate_y25_54,eco_aggregate_agr,2023,1027.556
zmb,sex_m,age_aggregate_y25_54,eco_aggregate_agr,2024,1251.067
zmb,sex_m,age_aggregate_y25_54,eco_aggregate_con,2017,74.143
zmb,sex_m,age_aggregate_y25_54,eco_aggregate_con,2018,86.555
zmb,sex_m,age_aggregate_y25_54,eco_aggregate_con,2019,85.524
zmb,sex_m,age_aggregate_y25_54,eco_aggregate_con,2020,103.812
zmb,sex_m,age_aggregate_y25_54,eco_aggregate_con,2021,105.169
zmb,sex_m,age_aggregate_y25_54,eco_aggregate_con,2022,93.546
zmb,sex_m,age_aggregate_y25_54,eco_aggregate_con,2023,141.685
zmb,sex_m,age_aggregate_y25_54,eco_aggregate_con,2024,118
zmb,sex_m,age_aggregate_y25_54,eco_aggregate_man,2017,62.736
zmb,sex_m,age_aggregate_y25_54,eco_aggregate_man,2018,61.245
zmb,sex_m,age_aggregate_y25_54,eco_aggregate_man,2019,66.574
zmb,sex_m,age_aggregate_y25_54,eco_aggregate_man,2020,66.664
zmb,sex_m,age_aggregate_y25_54,eco_aggregate_man,2021,94.547
zmb,sex_m,age_aggregate_y25_54,eco_aggregate_man,2022,94.492
zmb,sex_m,age_aggregate_y25_54,eco_aggregate_man,2023,75.755
zmb,sex_m,age_aggregate_y25_54,eco_aggregate_man,2024,57.856
zmb,sex_m,age_aggregate_y25_54,eco_aggregate_mel,2017,2.916
zmb,sex_m,age_aggregate_y25_54,eco_aggregate_mel,2018,5.866
zmb,sex_m,age_aggregate_y25_54,eco_aggregate_mel,2019,13.195
zmb,sex_m,age_aggregate_y25_54,eco_aggregate_mel,2020,9.377
zmb,sex_m,age_aggregate_y25_54,eco_aggregate_mel,2021,5.475
zmb,sex_m,age_aggregate_y25_54,eco_aggregate_mel,2022,12.706
zmb,sex_m,age_aggregate_y25_54,eco_aggregate_mel,2023,15.243
zmb,sex_m,age_aggregate_y25_54,eco_aggregate_mel,2024,10.915
zmb,sex_m,age_aggregate_y25_54,eco_aggregate_mkt,2017,227.688
zmb,sex_m,age_aggregate_y25_54,eco_aggregate_mkt,2018,210.76
zmb,sex_m,age_aggregate_y25_54,eco_aggregate_mkt,2019,264.391
zmb,sex_m,age_aggregate_y25_54,eco_aggregate_mkt,2020,267.904
zmb,sex_m,age_aggregate_y25_54,eco_aggregate_mkt,2021,272.882
zmb,sex_m,age_aggregate_y25_54,eco_aggregate_mkt,2022,290.934
zmb,sex_m,age_aggregate_y25_54,eco_aggregate_mkt,2023,288.741
zmb,sex_m,age_aggregate_y25_54,eco_aggregate_mkt,2024,268.259
zmb,sex_m,age_aggregate_y25_54,eco_aggregate_pub,2017,74.823
zmb,sex_m,age_aggregate_y25_54,eco_aggregate_pub,2018,67.138
zmb,sex_m,age_aggregate_y25_54,eco_aggregate_pub,2019,83.199
zmb,sex_m,age_aggregate_y25_54,eco_aggregate_pub,2020,64.114
zmb,sex_m,age_aggregate_y25_54,eco_aggregate_pub,2021,61.873
zmb,sex_m,age_aggregate_y25_54,eco_aggregate_pub,2022,63.193
zmb,sex_m,age_aggregate_y25_54,eco_aggregate_pub,2023,95.306
zmb,sex_m,age_aggregate_y25_54,eco_aggregate_pub,2024,68.01
zmb,sex_m,age_aggregate_y25_54,eco_aggregate_total,2017,1219.407
zmb,sex_m,age_aggregate_y25_54,eco_aggregate_total,2018,1228.583
zmb,sex_m,age_aggregate_y25_54,eco_aggregate_total,2019,1288.191
zmb,sex_m,age_aggregate_y25_54,eco_aggregate_total,2020,1387.823
zmb,sex_m,age_aggregate_y25_54,eco_aggregate_total,2021,1397.744
zmb,sex_m,age_aggregate_y25_54,eco_aggregate_total,2022,1419.429
zmb,sex_m,age_aggregate_y25_54,eco_aggregate_total,2023,1644.286
zmb,sex_m,age_aggregate_y25_54,eco_aggregate_total,2024,1774.107
zmb,sex_m,age_aggregate_y25_54,eco_isic4_a,2017,777.101
zmb,sex_m,age_aggregate_y25_54,eco_isic4_a,2018,797.019
zmb,sex_m,age_aggregate_y25_54,eco_isic4_a,2019,775.307
zmb,sex_m,age_aggregate_y25_54,eco_isic4_a,2020,875.952
zmb,sex_m,age_aggregate_y25_54,eco_isic4_a,2021,857.799
zmb,sex_m,age_aggregate_y25_54,eco_isic4_a,2022,864.558
zmb,sex_m,age_aggregate_y25_54,eco_isic4_a,2023,1027.556
zmb,sex_m,age_aggregate_y25_54,eco_isic4_a,2024,1251.067
zmb,sex_m,age_aggregate_y25_54,eco_isic4_b,2017,2.916
zmb,sex_m,age_aggregate_y25_54,eco_isic4_b,2018,4.676
zmb,sex_m,age_aggregate_y25_54,eco_isic4_b,2019,11.934
zmb,sex_m,age_aggregate_y25_54,eco_isic4_b,2020,9.377
zmb,sex_m,age_aggregate_y25_54,eco_isic4_b,2021,4.067
zmb,sex_m,age_aggregate_y25_54,eco_isic4_b,2022,11.961
zmb,sex_m,age_aggregate_y25_54,eco_isic4_b,2023,13.955
zmb,sex_m,age_aggregate_y25_54,eco_isic4_b,2024,9.584
zmb,sex_m,age_aggregate_y25_54,eco_isic4_c,2017,62.736
zmb,sex_m,age_aggregate_y25_54,eco_isic4_c,2018,61.245
zmb,sex_m,age_aggregate_y25_54,eco_isic4_c,2019,66.574
zmb,sex_m,age_aggregate_y25_54,eco_isic4_c,2020,66.664
zmb,sex_m,age_aggregate_y25_54,eco_isic4_c,2021,94.547
zmb,sex_m,age_aggregate_y25_54,eco_isic4_c,2022,94.492
zmb,sex_m,age_aggregate_y25_54,eco_isic4_c,2023,75.755
zmb,sex_m,age_aggregate_y25_54,eco_isic4_c,2024,57.856
zmb,sex_m,age_aggregate_y25_54,eco_isic4_f,2017,74.143
zmb,sex_m,age_aggregate_y25_54,eco_isic4_f,2018,86.555
zmb,sex_m,age_aggregate_y25_54,eco_isic4_f,2019,85.524
zmb,sex_m,age_aggregate_y25_54,eco_isic4_f,2020,103.812
zmb,sex_m,age_aggregate_y25_54,eco_isic4_f,2021,105.169
zmb,sex_m,age_aggregate_y25_54,eco_isic4_f,2022,93.546
zmb,sex_m,age_aggregate_y25_54,eco_isic4_f,2023,141.685
zmb,sex_m,age_aggregate_y25_54,eco_isic4_f,2024,118
zmb,sex_m,age_aggregate_y25_54,eco_isic4_g,2017,168.88
zmb,sex_m,age_aggregate_y25_54,eco_isic4_g,2018,140.06
zmb,sex_m,age_aggregate_y25_54,eco_isic4_g,2019,188.369
zmb,sex_m,age_aggregate_y25_54,eco_isic4_g,2020,178.443
zmb,sex_m,age_aggregate_y25_54,eco_isic4_g,2021,169.019
zmb,sex_m,age_aggregate_y25_54,eco_isic4_g,2022,190.463
zmb,sex_m,age_aggregate_y25_54,eco_isic4_g,2023,163.745
zmb,sex_m,age_aggregate_y25_54,eco_isic4_g,2024,170.534
zmb,sex_m,age_aggregate_y25_54,eco_isic4_h,2017,41.34
zmb,sex_m,age_aggregate_y25_54,eco_isic4_h,2018,46.614
zmb,sex_m,age_aggregate_y25_54,eco_isic4_h,2019,50.672
zmb,sex_m,age_aggregate_y25_54,eco_isic4_h,2020,69.168
zmb,sex_m,age_aggregate_y25_54,eco_isic4_h,2021,59.424
zmb,sex_m,age_aggregate_y25_54,eco_isic4_h,2022,69.926
zmb,sex_m,age_aggregate_y25_54,eco_isic4_h,2023,79.968
zmb,sex_m,age_aggregate_y25_54,eco_isic4_h,2024,75.174
zmb,sex_m,age_aggregate_y25_54,eco_isic4_i,2017,2.348
zmb,sex_m,age_aggregate_y25_54,eco_isic4_i,2018,6.354
zmb,sex_m,age_aggregate_y25_54,eco_isic4_i,2019,6.466
zmb,sex_m,age_aggregate_y25_54,eco_isic4_i,2020,2.668
zmb,sex_m,age_aggregate_y25_54,eco_isic4_i,2021,8.411
zmb,sex_m,age_aggregate_y25_54,eco_isic4_i,2022,5.295
zmb,sex_m,age_aggregate_y25_54,eco_isic4_i,2023,6.965
zmb,sex_m,age_aggregate_y25_54,eco_isic4_i,2024,6.058
zmb,sex_m,age_aggregate_y25_54,eco_isic4_j,2023,3.165
zmb,sex_m,age_aggregate_y25_54,eco_isic4_k,2020,1.8
zmb,sex_m,age_aggregate_y25_54,eco_isic4_k,2021,4.121
zmb,sex_m,age_aggregate_y25_54,eco_isic4_k,2022,3.426
zmb,sex_m,age_aggregate_y25_54,eco_isic4_k,2023,2.6
zmb,sex_m,age_aggregate_y25_54,eco_isic4_k,2024,2.192
zmb,sex_m,age_aggregate_y25_54,eco_isic4_l,2017,8.68
zmb,sex_m,age_aggregate_y25_54,eco_isic4_l,2019,2.198
zmb,sex_m,age_aggregate_y25_54,eco_isic4_l,2020,3.292
zmb,sex_m,age_aggregate_y25_54,eco_isic4_l,2024,2.506
zmb,sex_m,age_aggregate_y25_54,eco_isic4_m,2017,2.891
zmb,sex_m,age_aggregate_y25_54,eco_isic4_m,2018,2.97
zmb,sex_m,age_aggregate_y25_54,eco_isic4_m,2020,3.212
zmb,sex_m,age_aggregate_y25_54,eco_isic4_m,2022,4.454
zmb,sex_m,age_aggregate_y25_54,eco_isic4_m,2023,4.42
zmb,sex_m,age_aggregate_y25_54,eco_isic4_m,2024,3.624
zmb,sex_m,age_aggregate_y25_54,eco_isic4_n,2017,3.231
zmb,sex_m,age_aggregate_y25_54,eco_isic4_n,2018,11.481
zmb,sex_m,age_aggregate_y25_54,eco_isic4_n,2019,9.409
zmb,sex_m,age_aggregate_y25_54,eco_isic4_n,2020,7.292
zmb,sex_m,age_aggregate_y25_54,eco_isic4_n,2021,27.305
zmb,sex_m,age_aggregate_y25_54,eco_isic4_n,2022,15.681
zmb,sex_m,age_aggregate_y25_54,eco_isic4_n,2023,25.699
zmb,sex_m,age_aggregate_y25_54,eco_isic4_n,2024,7.258
zmb,sex_m,age_aggregate_y25_54,eco_isic4_p,2017,2.751
zmb,sex_m,age_aggregate_y25_54,eco_isic4_p,2024,2.001
zmb,sex_m,age_aggregate_y25_54,eco_isic4_q,2018,2.217
zmb,sex_m,age_aggregate_y25_54,eco_isic4_q,2019,4.33
zmb,sex_m,age_aggregate_y25_54,eco_isic4_q,2021,2.209
zmb,sex_m,age_aggregate_y25_54,eco_isic4_q,2022,2.183
zmb,sex_m,age_aggregate_y25_54,eco_isic4_q,2023,6.24
zmb,sex_m,age_aggregate_y25_54,eco_isic4_r,2019,3.037
zmb,sex_m,age_aggregate_y25_54,eco_isic4_r,2020,1.922
zmb,sex_m,age_aggregate_y25_54,eco_isic4_r,2021,5.698
zmb,sex_m,age_aggregate_y25_54,eco_isic4_r,2022,4.6
zmb,sex_m,age_aggregate_y25_54,eco_isic4_r,2023,5.528
zmb,sex_m,age_aggregate_y25_54,eco_isic4_s,2017,18.955
zmb,sex_m,age_aggregate_y25_54,eco_isic4_s,2018,36.145
zmb,sex_m,age_aggregate_y25_54,eco_isic4_s,2019,35.649
zmb,sex_m,age_aggregate_y25_54,eco_isic4_s,2020,26.974
zmb,sex_m,age_aggregate_y25_54,eco_isic4_s,2021,26.319
zmb,sex_m,age_aggregate_y25_54,eco_isic4_s,2022,37.388
zmb,sex_m,age_aggregate_y25_54,eco_isic4_s,2023,34.952
zmb,sex_m,age_aggregate_y25_54,eco_isic4_s,2024,14.128
zmb,sex_m,age_aggregate_y25_54,eco_isic4_t,2017,50.965
zmb,sex_m,age_aggregate_y25_54,eco_isic4_t,2018,24.216
zmb,sex_m,age_aggregate_y25_54,eco_isic4_t,2019,36.222
zmb,sex_m,age_aggregate_y25_54,eco_isic4_t,2020,32.003
zmb,sex_m,age_aggregate_y25_54,eco_isic4_t,2021,23.598
zmb,sex_m,age_aggregate_y25_54,eco_isic4_t,2022,18.205
zmb,sex_m,age_aggregate_y25_54,eco_isic4_t,2023,46.119
zmb,sex_m,age_aggregate_y25_54,eco_isic4_t,2024,49.099
zmb,sex_m,age_aggregate_y25_54,eco_isic4_total,2017,1219.407
zmb,sex_m,age_aggregate_y25_54,eco_isic4_total,2018,1228.583
zmb,sex_m,age_aggregate_y25_54,eco_isic4_total,2019,1288.191
zmb,sex_m,age_aggregate_y25_54,eco_isic4_total,2020,1387.823
zmb,sex_m,age_aggregate_y25_54,eco_isic4_total,2021,1397.744
zmb,sex_m,age_aggregate_y25_54,eco_isic4_total,2022,1419.429
zmb,sex_m,age_aggregate_y25_54,eco_isic4_total,2023,1644.286
zmb,sex_m,age_aggregate_y25_54,eco_isic4_total,2024,1774.107
zmb,sex_m,age_aggregate_y25_54,eco_isic4_u,2021,2.893
zmb,sex_m,age_aggregate_y25_54,eco_sector_agr,2017,777.101
zmb,sex_m,age_aggregate_y25_54,eco_sector_agr,2018,797.019
zmb,sex_m,age_aggregate_y25_54,eco_sector_agr,2019,775.307
zmb,sex_m,age_aggregate_y25_54,eco_sector_agr,2020,875.952
zmb,sex_m,age_aggregate_y25_54,eco_sector_agr,2021,857.799
zmb,sex_m,age_aggregate_y25_54,eco_sector_agr,2022,864.558
zmb,sex_m,age_aggregate_y25_54,eco_sector_agr,2023,1027.556
zmb,sex_m,age_aggregate_y25_54,eco_sector_agr,2024,1251.067
zmb,sex_m,age_aggregate_y25_54,eco_sector_ind,2017,139.795
zmb,sex_m,age_aggregate_y25_54,eco_sector_ind,2018,153.666
zmb,sex_m,age_aggregate_y25_54,eco_sector_ind,2019,165.294
zmb,sex_m,age_aggregate_y25_54,eco_sector_ind,2020,179.853
zmb,sex_m,age_aggregate_y25_54,eco_sector_ind,2021,205.19
zmb,sex_m,age_aggregate_y25_54,eco_sector_ind,2022,200.744
zmb,sex_m,age_aggregate_y25_54,eco_sector_ind,2023,232.683
zmb,sex_m,age_aggregate_y25_54,eco_sector_ind,2024,186.772
zmb,sex_m,age_aggregate_y25_54,eco_sector_nag,2017,442.307
zmb,sex_m,age_aggregate_y25_54,eco_sector_nag,2018,431.564
zmb,sex_m,age_aggregate_y25_54,eco_sector_nag,2019,512.884
zmb,sex_m,age_aggregate_y25_54,eco_sector_nag,2020,511.871
zmb,sex_m,age_aggregate_y25_54,eco_sector_nag,2021,539.945
zmb,sex_m,age_aggregate_y25_54,eco_sector_nag,2022,554.871
zmb,sex_m,age_aggregate_y25_54,eco_sector_nag,2023,616.731
zmb,sex_m,age_aggregate_y25_54,eco_sector_nag,2024,523.04
zmb,sex_m,age_aggregate_y25_54,eco_sector_ser,2017,302.512
zmb,sex_m,age_aggregate_y25_54,eco_sector_ser,2018,277.898
zmb,sex_m,age_aggregate_y25_54,eco_sector_ser,2019,347.59
zmb,sex_m,age_aggregate_y25_54,eco_sector_ser,2020,332.018
zmb,sex_m,age_aggregate_y25_54,eco_sector_ser,2021,334.754
zmb,sex_m,age_aggregate_y25_54,eco_sector_ser,2022,354.128
zmb,sex_m,age_aggregate_y25_54,eco_sector_ser,2023,384.048
zmb,sex_m,age_aggregate_y25_54,eco_sector_ser,2024,336.268
zmb,sex_m,age_aggregate_y25_54,eco_sector_total,2017,1219.407
zmb,sex_m,age_aggregate_y25_54,eco_sector_total,2018,1228.583
zmb,sex_m,age_aggregate_y25_54,eco_sector_total,2019,1288.191
zmb,sex_m,age_aggregate_y25_54,eco_sector_total,2020,1387.823
zmb,sex_m,age_aggregate_y25_54,eco_sector_total,2021,1397.744
zmb,sex_m,age_aggregate_y25_54,eco_sector_total,2022,1419.429
zmb,sex_m,age_aggregate_y25_54,eco_sector_total,2023,1644.286
zmb,sex_m,age_aggregate_y25_54,eco_sector_total,2024,1774.107
zmb,sex_m,age_aggregate_y55_64,eco_aggregate_agr,2017,103.166
zmb,sex_m,age_aggregate_y55_64,eco_aggregate_agr,2018,100.623
zmb,sex_m,age_aggregate_y55_64,eco_aggregate_agr,2019,110.496
zmb,sex_m,age_aggregate_y55_64,eco_aggregate_agr,2020,117.752
zmb,sex_m,age_aggregate_y55_64,eco_aggregate_agr,2021,126.399
zmb,sex_m,age_aggregate_y55_64,eco_aggregate_agr,2022,126.487
zmb,sex_m,age_aggregate_y55_64,eco_aggregate_agr,2023,143.435
zmb,sex_m,age_aggregate_y55_64,eco_aggregate_agr,2024,166.036
zmb,sex_m,age_aggregate_y55_64,eco_aggregate_con,2017,3.396
zmb,sex_m,age_aggregate_y55_64,eco_aggregate_con,2018,8.446
zmb,sex_m,age_aggregate_y55_64,eco_aggregate_con,2019,10.62
zmb,sex_m,age_aggregate_y55_64,eco_aggregate_con,2020,3.62
zmb,sex_m,age_aggregate_y55_64,eco_aggregate_con,2021,3.877
zmb,sex_m,age_aggregate_y55_64,eco_aggregate_con,2022,7.941
zmb,sex_m,age_aggregate_y55_64,eco_aggregate_con,2023,11.792
zmb,sex_m,age_aggregate_y55_64,eco_aggregate_con,2024,7.436
zmb,sex_m,age_aggregate_y55_64,eco_aggregate_man,2017,5.565
zmb,sex_m,age_aggregate_y55_64,eco_aggregate_man,2018,5.808
zmb,sex_m,age_aggregate_y55_64,eco_aggregate_man,2019,10.339
zmb,sex_m,age_aggregate_y55_64,eco_aggregate_man,2020,8.467
zmb,sex_m,age_aggregate_y55_64,eco_aggregate_man,2021,11.134
zmb,sex_m,age_aggregate_y55_64,eco_aggregate_man,2022,10.274
zmb,sex_m,age_aggregate_y55_64,eco_aggregate_man,2023,9.248
zmb,sex_m,age_aggregate_y55_64,eco_aggregate_man,2024,8.344
zmb,sex_m,age_aggregate_y55_64,eco_aggregate_mkt,2017,19.64
zmb,sex_m,age_aggregate_y55_64,eco_aggregate_mkt,2018,12.038
zmb,sex_m,age_aggregate_y55_64,eco_aggregate_mkt,2019,15.256
zmb,sex_m,age_aggregate_y55_64,eco_aggregate_mkt,2020,14.913
zmb,sex_m,age_aggregate_y55_64,eco_aggregate_mkt,2021,12.36
zmb,sex_m,age_aggregate_y55_64,eco_aggregate_mkt,2022,22.62
zmb,sex_m,age_aggregate_y55_64,eco_aggregate_mkt,2023,18.674
zmb,sex_m,age_aggregate_y55_64,eco_aggregate_mkt,2024,21.184
zmb,sex_m,age_aggregate_y55_64,eco_aggregate_pub,2017,4.037
zmb,sex_m,age_aggregate_y55_64,eco_aggregate_pub,2018,4.268
zmb,sex_m,age_aggregate_y55_64,eco_aggregate_pub,2019,6.578
zmb,sex_m,age_aggregate_y55_64,eco_aggregate_pub,2020,2.834
zmb,sex_m,age_aggregate_y55_64,eco_aggregate_pub,2023,4.339
zmb,sex_m,age_aggregate_y55_64,eco_aggregate_pub,2024,5.473
zmb,sex_m,age_aggregate_y55_64,eco_aggregate_total,2017,135.805
zmb,sex_m,age_aggregate_y55_64,eco_aggregate_total,2018,131.183
zmb,sex_m,age_aggregate_y55_64,eco_aggregate_total,2019,154.65
zmb,sex_m,age_aggregate_y55_64,eco_aggregate_total,2020,147.588
zmb,sex_m,age_aggregate_y55_64,eco_aggregate_total,2021,157.49
zmb,sex_m,age_aggregate_y55_64,eco_aggregate_total,2022,168.601
zmb,sex_m,age_aggregate_y55_64,eco_aggregate_total,2023,187.488
zmb,sex_m,age_aggregate_y55_64,eco_aggregate_total,2024,209.067
zmb,sex_m,age_aggregate_y55_64,eco_isic4_a,2017,103.166
zmb,sex_m,age_aggregate_y55_64,eco_isic4_a,2018,100.623
zmb,sex_m,age_aggregate_y55_64,eco_isic4_a,2019,110.496
zmb,sex_m,age_aggregate_y55_64,eco_isic4_a,2020,117.752
zmb,sex_m,age_aggregate_y55_64,eco_isic4_a,2021,126.399
zmb,sex_m,age_aggregate_y55_64,eco_isic4_a,2022,126.487
zmb,sex_m,age_aggregate_y55_64,eco_isic4_a,2023,143.435
zmb,sex_m,age_aggregate_y55_64,eco_isic4_a,2024,166.036
zmb,sex_m,age_aggregate_y55_64,eco_isic4_c,2017,5.565
zmb,sex_m,age_aggregate_y55_64,eco_isic4_c,2018,5.808
zmb,sex_m,age_aggregate_y55_64,eco_isic4_c,2019,10.339
zmb,sex_m,age_aggregate_y55_64,eco_isic4_c,2020,8.467
zmb,sex_m,age_aggregate_y55_64,eco_isic4_c,2021,11.134
zmb,sex_m,age_aggregate_y55_64,eco_isic4_c,2022,10.274
zmb,sex_m,age_aggregate_y55_64,eco_isic4_c,2023,9.248
zmb,sex_m,age_aggregate_y55_64,eco_isic4_c,2024,8.344
zmb,sex_m,age_aggregate_y55_64,eco_isic4_f,2017,3.396
zmb,sex_m,age_aggregate_y55_64,eco_isic4_f,2018,8.446
zmb,sex_m,age_aggregate_y55_64,eco_isic4_f,2019,10.62
zmb,sex_m,age_aggregate_y55_64,eco_isic4_f,2020,3.62
zmb,sex_m,age_aggregate_y55_64,eco_isic4_f,2021,3.877
zmb,sex_m,age_aggregate_y55_64,eco_isic4_f,2022,7.941
zmb,sex_m,age_aggregate_y55_64,eco_isic4_f,2023,11.792
zmb,sex_m,age_aggregate_y55_64,eco_isic4_f,2024,7.436
zmb,sex_m,age_aggregate_y55_64,eco_isic4_g,2017,13.824
zmb,sex_m,age_aggregate_y55_64,eco_isic4_g,2018,8.845
zmb,sex_m,age_aggregate_y55_64,eco_isic4_g,2019,8.327
zmb,sex_m,age_aggregate_y55_64,eco_isic4_g,2020,11.874
zmb,sex_m,age_aggregate_y55_64,eco_isic4_g,2021,7.056
zmb,sex_m,age_aggregate_y55_64,eco_isic4_g,2022,15.115
zmb,sex_m,age_aggregate_y55_64,eco_isic4_g,2023,10.368
zmb,sex_m,age_aggregate_y55_64,eco_isic4_g,2024,13.815
zmb,sex_m,age_aggregate_y55_64,eco_isic4_h,2023,2.972
zmb,sex_m,age_aggregate_y55_64,eco_isic4_h,2024,3.602
zmb,sex_m,age_aggregate_y55_64,eco_isic4_l,2017,2.86
zmb,sex_m,age_aggregate_y55_64,eco_isic4_n,2021,2.611
zmb,sex_m,age_aggregate_y55_64,eco_isic4_n,2022,2.175
zmb,sex_m,age_aggregate_y55_64,eco_isic4_n,2024,2.215
zmb,sex_m,age_aggregate_y55_64,eco_isic4_s,2023,2.044
zmb,sex_m,age_aggregate_y55_64,eco_isic4_t,2017,3.182
zmb,sex_m,age_aggregate_y55_64,eco_isic4_t,2018,1.796
zmb,sex_m,age_aggregate_y55_64,eco_isic4_t,2019,4.069
zmb,sex_m,age_aggregate_y55_64,eco_isic4_t,2024,3.2
zmb,sex_m,age_aggregate_y55_64,eco_isic4_total,2017,135.805
zmb,sex_m,age_aggregate_y55_64,eco_isic4_total,2018,131.183
zmb,sex_m,age_aggregate_y55_64,eco_isic4_total,2019,154.65
zmb,sex_m,age_aggregate_y55_64,eco_isic4_total,2020,147.588
zmb,sex_m,age_aggregate_y55_64,eco_isic4_total,2021,157.49
zmb,sex_m,age_aggregate_y55_64,eco_isic4_total,2022,168.601
zmb,sex_m,age_aggregate_y55_64,eco_isic4_total,2023,187.488
zmb,sex_m,age_aggregate_y55_64,eco_isic4_total,2024,209.067
zmb,sex_m,age_aggregate_y55_64,eco_sector_agr,2017,103.166
zmb,sex_m,age_aggregate_y55_64,eco_sector_agr,2018,100.623
zmb,sex_m,age_aggregate_y55_64,eco_sector_agr,2019,110.496
zmb,sex_m,age_aggregate_y55_64,eco_sector_agr,2020,117.752
zmb,sex_m,age_aggregate_y55_64,eco_sector_agr,2021,126.399
zmb,sex_m,age_aggregate_y55_64,eco_sector_agr,2022,126.487
zmb,sex_m,age_aggregate_y55_64,eco_sector_agr,2023,143.435
zmb,sex_m,age_aggregate_y55_64,eco_sector_agr,2024,166.036
zmb,sex_m,age_aggregate_y55_64,eco_sector_ind,2017,8.961
zmb,sex_m,age_aggregate_y55_64,eco_sector_ind,2018,14.254
zmb,sex_m,age_aggregate_y55_64,eco_sector_ind,2019,22.32
zmb,sex_m,age_aggregate_y55_64,eco_sector_ind,2020,12.088
zmb,sex_m,age_aggregate_y55_64,eco_sector_ind,2021,17.479
zmb,sex_m,age_aggregate_y55_64,eco_sector_ind,2022,18.8
zmb,sex_m,age_aggregate_y55_64,eco_sector_ind,2023,21.04
zmb,sex_m,age_aggregate_y55_64,eco_sector_ind,2024,16.373
zmb,sex_m,age_aggregate_y55_64,eco_sector_nag,2017,32.639
zmb,sex_m,age_aggregate_y55_64,eco_sector_nag,2018,30.56
zmb,sex_m,age_aggregate_y55_64,eco_sector_nag,2019,44.154
zmb,sex_m,age_aggregate_y55_64,eco_sector_nag,2020,29.835
zmb,sex_m,age_aggregate_y55_64,eco_sector_nag,2021,31.092
zmb,sex_m,age_aggregate_y55_64,eco_sector_nag,2022,42.114
zmb,sex_m,age_aggregate_y55_64,eco_sector_nag,2023,44.053
zmb,sex_m,age_aggregate_y55_64,eco_sector_nag,2024,43.031
zmb,sex_m,age_aggregate_y55_64,eco_sector_ser,2017,23.678
zmb,sex_m,age_aggregate_y55_64,eco_sector_ser,2018,16.306
zmb,sex_m,age_aggregate_y55_64,eco_sector_ser,2019,21.834
zmb,sex_m,age_aggregate_y55_64,eco_sector_ser,2020,17.747
zmb,sex_m,age_aggregate_y55_64,eco_sector_ser,2021,13.613
zmb,sex_m,age_aggregate_y55_64,eco_sector_ser,2022,23.313
zmb,sex_m,age_aggregate_y55_64,eco_sector_ser,2023,23.013
zmb,sex_m,age_aggregate_y55_64,eco_sector_ser,2024,26.657
zmb,sex_m,age_aggregate_y55_64,eco_sector_total,2017,135.805
zmb,sex_m,age_aggregate_y55_64,eco_sector_total,2018,131.183
zmb,sex_m,age_aggregate_y55_64,eco_sector_total,2019,154.65
zmb,sex_m,age_aggregate_y55_64,eco_sector_total,2020,147.588
zmb,sex_m,age_aggregate_y55_64,eco_sector_total,2021,157.49
zmb,sex_m,age_aggregate_y55_64,eco_sector_total,2022,168.601
zmb,sex_m,age_aggregate_y55_64,eco_sector_total,2023,187.488
zmb,sex_m,age_aggregate_y55_64,eco_sector_total,2024,209.067
zmb,sex_m,age_aggregate_yge65,eco_aggregate_agr,2017,115.726
zmb,sex_m,age_aggregate_yge65,eco_aggregate_agr,2018,90.817
zmb,sex_m,age_aggregate_yge65,eco_aggregate_agr,2019,95.073
zmb,sex_m,age_aggregate_yge65,eco_aggregate_agr,2020,89.899
zmb,sex_m,age_aggregate_yge65,eco_aggregate_agr,2021,87.526
zmb,sex_m,age_aggregate_yge65,eco_aggregate_agr,2022,99
zmb,sex_m,age_aggregate_yge65,eco_aggregate_agr,2023,122.456
zmb,sex_m,age_aggregate_yge65,eco_aggregate_agr,2024,115.964
zmb,sex_m,age_aggregate_yge65,eco_aggregate_con,2019,2.478
zmb,sex_m,age_aggregate_yge65,eco_aggregate_con,2022,2.401
zmb,sex_m,age_aggregate_yge65,eco_aggregate_con,2024,2.283
zmb,sex_m,age_aggregate_yge65,eco_aggregate_man,2017,4.248
zmb,sex_m,age_aggregate_yge65,eco_aggregate_man,2018,2.843
zmb,sex_m,age_aggregate_yge65,eco_aggregate_man,2019,3.286
zmb,sex_m,age_aggregate_yge65,eco_aggregate_man,2020,3.655
zmb,sex_m,age_aggregate_yge65,eco_aggregate_man,2021,3.088
zmb,sex_m,age_aggregate_yge65,eco_aggregate_man,2022,3.406
zmb,sex_m,age_aggregate_yge65,eco_aggregate_man,2023,3.361
zmb,sex_m,age_aggregate_yge65,eco_aggregate_man,2024,2.195
zmb,sex_m,age_aggregate_yge65,eco_aggregate_mkt,2017,15.961
zmb,sex_m,age_aggregate_yge65,eco_aggregate_mkt,2018,6.332
zmb,sex_m,age_aggregate_yge65,eco_aggregate_mkt,2019,9.284
zmb,sex_m,age_aggregate_yge65,eco_aggregate_mkt,2020,10.137
zmb,sex_m,age_aggregate_yge65,eco_aggregate_mkt,2021,8.425
zmb,sex_m,age_aggregate_yge65,eco_aggregate_mkt,2022,11.244
zmb,sex_m,age_aggregate_yge65,eco_aggregate_mkt,2023,7.211
zmb,sex_m,age_aggregate_yge65,eco_aggregate_mkt,2024,7.911
zmb,sex_m,age_aggregate_yge65,eco_aggregate_pub,2017,1.909
zmb,sex_m,age_aggregate_yge65,eco_aggregate_pub,2018,2.269
zmb,sex_m,age_aggregate_yge65,eco_aggregate_pub,2019,3.297
zmb,sex_m,age_aggregate_yge65,eco_aggregate_pub,2020,1.319
zmb,sex_m,age_aggregate_yge65,eco_aggregate_pub,2021,2.461
zmb,sex_m,age_aggregate_yge65,eco_aggregate_pub,2022,1.686
zmb,sex_m,age_aggregate_yge65,eco_aggregate_pub,2024,2.04
zmb,sex_m,age_aggregate_yge65,eco_aggregate_total,2017,139.606
zmb,sex_m,age_aggregate_yge65,eco_aggregate_total,2018,103.827
zmb,sex_m,age_aggregate_yge65,eco_aggregate_total,2019,113.418
zmb,sex_m,age_aggregate_yge65,eco_aggregate_total,2020,105.924
zmb,sex_m,age_aggregate_yge65,eco_aggregate_total,2021,102.118
zmb,sex_m,age_aggregate_yge65,eco_aggregate_total,2022,118.052
zmb,sex_m,age_aggregate_yge65,eco_aggregate_total,2023,137.461
zmb,sex_m,age_aggregate_yge65,eco_aggregate_total,2024,130.393
zmb,sex_m,age_aggregate_yge65,eco_isic4_a,2017,115.726
zmb,sex_m,age_aggregate_yge65,eco_isic4_a,2018,90.817
zmb,sex_m,age_aggregate_yge65,eco_isic4_a,2019,95.073
zmb,sex_m,age_aggregate_yge65,eco_isic4_a,2020,89.899
zmb,sex_m,age_aggregate_yge65,eco_isic4_a,2021,87.526
zmb,sex_m,age_aggregate_yge65,eco_isic4_a,2022,99
zmb,sex_m,age_aggregate_yge65,eco_isic4_a,2023,122.456
zmb,sex_m,age_aggregate_yge65,eco_isic4_a,2024,115.964
zmb,sex_m,age_aggregate_yge65,eco_isic4_c,2017,4.248
zmb,sex_m,age_aggregate_yge65,eco_isic4_c,2018,2.843
zmb,sex_m,age_aggregate_yge65,eco_isic4_c,2019,3.286
zmb,sex_m,age_aggregate_yge65,eco_isic4_c,2020,3.655
zmb,sex_m,age_aggregate_yge65,eco_isic4_c,2021,3.088
zmb,sex_m,age_aggregate_yge65,eco_isic4_c,2022,3.406
zmb,sex_m,age_aggregate_yge65,eco_isic4_c,2023,3.361
zmb,sex_m,age_aggregate_yge65,eco_isic4_c,2024,2.195
zmb,sex_m,age_aggregate_yge65,eco_isic4_f,2019,2.478
zmb,sex_m,age_aggregate_yge65,eco_isic4_f,2022,2.401
zmb,sex_m,age_aggregate_yge65,eco_isic4_f,2024,2.283
zmb,sex_m,age_aggregate_yge65,eco_isic4_g,2017,6.253
zmb,sex_m,age_aggregate_yge65,eco_isic4_g,2018,3.779
zmb,sex_m,age_aggregate_yge65,eco_isic4_g,2019,4.696
zmb,sex_m,age_aggregate_yge65,eco_isic4_g,2020,5.785
zmb,sex_m,age_aggregate_yge65,eco_isic4_g,2021,4.394
zmb,sex_m,age_aggregate_yge65,eco_isic4_g,2022,4.279
zmb,sex_m,age_aggregate_yge65,eco_isic4_g,2023,3.122
zmb,sex_m,age_aggregate_yge65,eco_isic4_g,2024,3.766
zmb,sex_m,age_aggregate_yge65,eco_isic4_h,2021,1.875
zmb,sex_m,age_aggregate_yge65,eco_isic4_l,2017,4.61
zmb,sex_m,age_aggregate_yge65,eco_isic4_l,2020,2.124
zmb,sex_m,age_aggregate_yge65,eco_isic4_l,2022,4.455
zmb,sex_m,age_aggregate_yge65,eco_isic4_l,2024,3.161
zmb,sex_m,age_aggregate_yge65,eco_isic4_t,2017,1.909
zmb,sex_m,age_aggregate_yge65,eco_isic4_total,2017,139.606
zmb,sex_m,age_aggregate_yge65,eco_isic4_total,2018,103.827
zmb,sex_m,age_aggregate_yge65,eco_isic4_total,2019,113.418
zmb,sex_m,age_aggregate_yge65,eco_isic4_total,2020,105.924
zmb,sex_m,age_aggregate_yge65,eco_isic4_total,2021,102.118
zmb,sex_m,age_aggregate_yge65,eco_isic4_total,2022,118.052
zmb,sex_m,age_aggregate_yge65,eco_isic4_total,2023,137.461
zmb,sex_m,age_aggregate_yge65,eco_isic4_total,2024,130.393
zmb,sex_m,age_aggregate_yge65,eco_sector_agr,2017,115.726
zmb,sex_m,age_aggregate_yge65,eco_sector_agr,2018,90.817
zmb,sex_m,age_aggregate_yge65,eco_sector_agr,2019,95.073
zmb,sex_m,age_aggregate_yge65,eco_sector_agr,2020,89.899
zmb,sex_m,age_aggregate_yge65,eco_sector_agr,2021,87.526
zmb,sex_m,age_aggregate_yge65,eco_sector_agr,2022,99
zmb,sex_m,age_aggregate_yge65,eco_sector_agr,2023,122.456
zmb,sex_m,age_aggregate_yge65,eco_sector_agr,2024,115.964
zmb,sex_m,age_aggregate_yge65,eco_sector_ind,2017,6.01
zmb,sex_m,age_aggregate_yge65,eco_sector_ind,2018,4.409
zmb,sex_m,age_aggregate_yge65,eco_sector_ind,2019,5.764
zmb,sex_m,age_aggregate_yge65,eco_sector_ind,2020,4.568
zmb,sex_m,age_aggregate_yge65,eco_sector_ind,2021,3.706
zmb,sex_m,age_aggregate_yge65,eco_sector_ind,2022,6.122
zmb,sex_m,age_aggregate_yge65,eco_sector_ind,2023,5.635
zmb,sex_m,age_aggregate_yge65,eco_sector_ind,2024,4.478
zmb,sex_m,age_aggregate_yge65,eco_sector_nag,2017,23.88
zmb,sex_m,age_aggregate_yge65,eco_sector_nag,2018,13.01
zmb,sex_m,age_aggregate_yge65,eco_sector_nag,2019,18.346
zmb,sex_m,age_aggregate_yge65,eco_sector_nag,2020,16.024
zmb,sex_m,age_aggregate_yge65,eco_sector_nag,2021,14.592
zmb,sex_m,age_aggregate_yge65,eco_sector_nag,2022,19.052
zmb,sex_m,age_aggregate_yge65,eco_sector_nag,2023,15.004
zmb,sex_m,age_aggregate_yge65,eco_sector_nag,2024,14.428
zmb,sex_m,age_aggregate_yge65,eco_sector_ser,2017,17.87
zmb,sex_m,age_aggregate_yge65,eco_sector_ser,2018,8.601
zmb,sex_m,age_aggregate_yge65,eco_sector_ser,2019,12.581
zmb,sex_m,age_aggregate_yge65,eco_sector_ser,2020,11.456
zmb,sex_m,age_aggregate_yge65,eco_sector_ser,2021,10.886
zmb,sex_m,age_aggregate_yge65,eco_sector_ser,2022,12.931
zmb,sex_m,age_aggregate_yge65,eco_sector_ser,2023,9.37
zmb,sex_m,age_aggregate_yge65,eco_sector_ser,2024,9.951
zmb,sex_m,age_aggregate_yge65,eco_sector_total,2017,139.606
zmb,sex_m,age_aggregate_yge65,eco_sector_total,2018,103.827
zmb,sex_m,age_aggregate_yge65,eco_sector_total,2019,113.418
zmb,sex_m,age_aggregate_yge65,eco_sector_total,2020,105.924
zmb,sex_m,age_aggregate_yge65,eco_sector_total,2021,102.118
zmb,sex_m,age_aggregate_yge65,eco_sector_total,2022,118.052
zmb,sex_m,age_aggregate_yge65,eco_sector_total,2023,137.461
zmb,sex_m,age_aggregate_yge65,eco_sector_total,2024,130.393
zmb,sex_m,age_ythadult_y15_24,eco_aggregate_agr,2017,429.64
zmb,sex_m,age_ythadult_y15_24,eco_aggregate_agr,2018,390.105
zmb,sex_m,age_ythadult_y15_24,eco_aggregate_agr,2019,425.165
zmb,sex_m,age_ythadult_y15_24,eco_aggregate_agr,2020,453.182
zmb,sex_m,age_ythadult_y15_24,eco_aggregate_agr,2021,487.272
zmb,sex_m,age_ythadult_y15_24,eco_aggregate_agr,2022,462.516
zmb,sex_m,age_ythadult_y15_24,eco_aggregate_agr,2023,527.002
zmb,sex_m,age_ythadult_y15_24,eco_aggregate_agr,2024,631.993
zmb,sex_m,age_ythadult_y15_24,eco_aggregate_con,2017,10.955
zmb,sex_m,age_ythadult_y15_24,eco_aggregate_con,2018,16.666
zmb,sex_m,age_ythadult_y15_24,eco_aggregate_con,2019,15.572
zmb,sex_m,age_ythadult_y15_24,eco_aggregate_con,2020,10.666
zmb,sex_m,age_ythadult_y15_24,eco_aggregate_con,2021,17.246
zmb,sex_m,age_ythadult_y15_24,eco_aggregate_con,2022,11.061
zmb,sex_m,age_ythadult_y15_24,eco_aggregate_con,2023,27.245
zmb,sex_m,age_ythadult_y15_24,eco_aggregate_con,2024,14.99
zmb,sex_m,age_ythadult_y15_24,eco_aggregate_man,2017,9.705
zmb,sex_m,age_ythadult_y15_24,eco_aggregate_man,2018,11.186
zmb,sex_m,age_ythadult_y15_24,eco_aggregate_man,2019,10.161
zmb,sex_m,age_ythadult_y15_24,eco_aggregate_man,2020,10.644
zmb,sex_m,age_ythadult_y15_24,eco_aggregate_man,2021,21.308
zmb,sex_m,age_ythadult_y15_24,eco_aggregate_man,2022,10.614
zmb,sex_m,age_ythadult_y15_24,eco_aggregate_man,2023,12.807
zmb,sex_m,age_ythadult_y15_24,eco_aggregate_man,2024,14.961
zmb,sex_m,age_ythadult_y15_24,eco_aggregate_mel,2018,1.414
zmb,sex_m,age_ythadult_y15_24,eco_aggregate_mel,2019,2.654
zmb,sex_m,age_ythadult_y15_24,eco_aggregate_mel,2023,4.49
zmb,sex_m,age_ythadult_y15_24,eco_aggregate_mel,2024,5.363
zmb,sex_m,age_ythadult_y15_24,eco_aggregate_mkt,2017,44.826
zmb,sex_m,age_ythadult_y15_24,eco_aggregate_mkt,2018,37.448
zmb,sex_m,age_ythadult_y15_24,eco_aggregate_mkt,2019,52.642
zmb,sex_m,age_ythadult_y15_24,eco_aggregate_mkt,2020,51.92
zmb,sex_m,age_ythadult_y15_24,eco_aggregate_mkt,2021,65.488
zmb,sex_m,age_ythadult_y15_24,eco_aggregate_mkt,2022,68.443
zmb,sex_m,age_ythadult_y15_24,eco_aggregate_mkt,2023,59.134
zmb,sex_m,age_ythadult_y15_24,eco_aggregate_mkt,2024,53.779
zmb,sex_m,age_ythadult_y15_24,eco_aggregate_pub,2017,24.85
zmb,sex_m,age_ythadult_y15_24,eco_aggregate_pub,2018,14.196
zmb,sex_m,age_ythadult_y15_24,eco_aggregate_pub,2019,17.855
zmb,sex_m,age_ythadult_y15_24,eco_aggregate_pub,2020,13.465
zmb,sex_m,age_ythadult_y15_24,eco_aggregate_pub,2021,22.021
zmb,sex_m,age_ythadult_y15_24,eco_aggregate_pub,2022,16.36
zmb,sex_m,age_ythadult_y15_24,eco_aggregate_pub,2023,20.223
zmb,sex_m,age_ythadult_y15_24,eco_aggregate_pub,2024,22.107
zmb,sex_m,age_ythadult_y15_24,eco_aggregate_total,2017,519.976
zmb,sex_m,age_ythadult_y15_24,eco_aggregate_total,2018,471.016
zmb,sex_m,age_ythadult_y15_24,eco_aggregate_total,2019,524.049
zmb,sex_m,age_ythadult_y15_24,eco_aggregate_total,2020,540.895
zmb,sex_m,age_ythadult_y15_24,eco_aggregate_total,2021,614.481
zmb,sex_m,age_ythadult_y15_24,eco_aggregate_total,2022,570.435
zmb,sex_m,age_ythadult_y15_24,eco_aggregate_total,2023,650.9
zmb,sex_m,age_ythadult_y15_24,eco_aggregate_total,2024,743.193
zmb,sex_m,age_ythadult_y15_24,eco_isic4_a,2017,429.64
zmb,sex_m,age_ythadult_y15_24,eco_isic4_a,2018,390.105
zmb,sex_m,age_ythadult_y15_24,eco_isic4_a,2019,425.165
zmb,sex_m,age_ythadult_y15_24,eco_isic4_a,2020,453.182
zmb,sex_m,age_ythadult_y15_24,eco_isic4_a,2021,487.272
zmb,sex_m,age_ythadult_y15_24,eco_isic4_a,2022,462.516
zmb,sex_m,age_ythadult_y15_24,eco_isic4_a,2023,527.002
zmb,sex_m,age_ythadult_y15_24,eco_isic4_a,2024,631.993
zmb,sex_m,age_ythadult_y15_24,eco_isic4_b,2019,2.654
zmb,sex_m,age_ythadult_y15_24,eco_isic4_b,2023,2.906
zmb,sex_m,age_ythadult_y15_24,eco_isic4_b,2024,4.847
zmb,sex_m,age_ythadult_y15_24,eco_isic4_c,2017,9.705
zmb,sex_m,age_ythadult_y15_24,eco_isic4_c,2018,11.186
zmb,sex_m,age_ythadult_y15_24,eco_isic4_c,2019,10.161
zmb,sex_m,age_ythadult_y15_24,eco_isic4_c,2020,10.644
zmb,sex_m,age_ythadult_y15_24,eco_isic4_c,2021,21.308
zmb,sex_m,age_ythadult_y15_24,eco_isic4_c,2022,10.614
zmb,sex_m,age_ythadult_y15_24,eco_isic4_c,2023,12.807
zmb,sex_m,age_ythadult_y15_24,eco_isic4_c,2024,14.961
zmb,sex_m,age_ythadult_y15_24,eco_isic4_f,2017,10.955
zmb,sex_m,age_ythadult_y15_24,eco_isic4_f,2018,16.666
zmb,sex_m,age_ythadult_y15_24,eco_isic4_f,2019,15.572
zmb,sex_m,age_ythadult_y15_24,eco_isic4_f,2020,10.666
zmb,sex_m,age_ythadult_y15_24,eco_isic4_f,2021,17.246
zmb,sex_m,age_ythadult_y15_24,eco_isic4_f,2022,11.061
zmb,sex_m,age_ythadult_y15_24,eco_isic4_f,2023,27.245
zmb,sex_m,age_ythadult_y15_24,eco_isic4_f,2024,14.99
zmb,sex_m,age_ythadult_y15_24,eco_isic4_g,2017,33.938
zmb,sex_m,age_ythadult_y15_24,eco_isic4_g,2018,25.587
zmb,sex_m,age_ythadult_y15_24,eco_isic4_g,2019,41.157
zmb,sex_m,age_ythadult_y15_24,eco_isic4_g,2020,31.213
zmb,sex_m,age_ythadult_y15_24,eco_isic4_g,2021,36.659
zmb,sex_m,age_ythadult_y15_24,eco_isic4_g,2022,47.578
zmb,sex_m,age_ythadult_y15_24,eco_isic4_g,2023,40.371
zmb,sex_m,age_ythadult_y15_24,eco_isic4_g,2024,30.968
zmb,sex_m,age_ythadult_y15_24,eco_isic4_h,2017,6.997
zmb,sex_m,age_ythadult_y15_24,eco_isic4_h,2018,6.498
zmb,sex_m,age_ythadult_y15_24,eco_isic4_h,2019,8.592
zmb,sex_m,age_ythadult_y15_24,eco_isic4_h,2020,7.812
zmb,sex_m,age_ythadult_y15_24,eco_isic4_h,2021,14.2
zmb,sex_m,age_ythadult_y15_24,eco_isic4_h,2022,9.022
zmb,sex_m,age_ythadult_y15_24,eco_isic4_h,2023,14.518
zmb,sex_m,age_ythadult_y15_24,eco_isic4_h,2024,18.664
zmb,sex_m,age_ythadult_y15_24,eco_isic4_i,2022,3.09
zmb,sex_m,age_ythadult_y15_24,eco_isic4_n,2017,2.788
zmb,sex_m,age_ythadult_y15_24,eco_isic4_n,2020,5.429
zmb,sex_m,age_ythadult_y15_24,eco_isic4_n,2021,8.358
zmb,sex_m,age_ythadult_y15_24,eco_isic4_n,2022,5.93
zmb,sex_m,age_ythadult_y15_24,eco_isic4_n,2023,3.586
zmb,sex_m,age_ythadult_y15_24,eco_isic4_n,2024,2.306
zmb,sex_m,age_ythadult_y15_24,eco_isic4_r,2020,3.846
zmb,sex_m,age_ythadult_y15_24,eco_isic4_r,2022,2.728
zmb,sex_m,age_ythadult_y15_24,eco_isic4_s,2017,9.274
zmb,sex_m,age_ythadult_y15_24,eco_isic4_s,2018,6.732
zmb,sex_m,age_ythadult_y15_24,eco_isic4_s,2019,8.662
zmb,sex_m,age_ythadult_y15_24,eco_isic4_s,2020,5.265
zmb,sex_m,age_ythadult_y15_24,eco_isic4_s,2021,9.818
zmb,sex_m,age_ythadult_y15_24,eco_isic4_s,2022,9.536
zmb,sex_m,age_ythadult_y15_24,eco_isic4_s,2023,11.44
zmb,sex_m,age_ythadult_y15_24,eco_isic4_s,2024,4.692
zmb,sex_m,age_ythadult_y15_24,eco_isic4_t,2017,13.377
zmb,sex_m,age_ythadult_y15_24,eco_isic4_t,2018,5.853
zmb,sex_m,age_ythadult_y15_24,eco_isic4_t,2019,7.3
zmb,sex_m,age_ythadult_y15_24,eco_isic4_t,2020,2.566
zmb,sex_m,age_ythadult_y15_24,eco_isic4_t,2021,8.78
zmb,sex_m,age_ythadult_y15_24,eco_isic4_t,2022,3.183
zmb,sex_m,age_ythadult_y15_24,eco_isic4_t,2023,7.687
zmb,sex_m,age_ythadult_y15_24,eco_isic4_t,2024,15.289
zmb,sex_m,age_ythadult_y15_24,eco_isic4_total,2017,519.976
zmb,sex_m,age_ythadult_y15_24,eco_isic4_total,2018,471.016
zmb,sex_m,age_ythadult_y15_24,eco_isic4_total,2019,524.049
zmb,sex_m,age_ythadult_y15_24,eco_isic4_total,2020,540.895
zmb,sex_m,age_ythadult_y15_24,eco_isic4_total,2021,614.481
zmb,sex_m,age_ythadult_y15_24,eco_isic4_total,2022,570.435
zmb,sex_m,age_ythadult_y15_24,eco_isic4_total,2023,650.9
zmb,sex_m,age_ythadult_y15_24,eco_isic4_total,2024,743.193
zmb,sex_m,age_ythadult_y15_24,eco_sector_agr,2017,429.64
zmb,sex_m,age_ythadult_y15_24,eco_sector_agr,2018,390.105
zmb,sex_m,age_ythadult_y15_24,eco_sector_agr,2019,425.165
zmb,sex_m,age_ythadult_y15_24,eco_sector_agr,2020,453.182
zmb,sex_m,age_ythadult_y15_24,eco_sector_agr,2021,487.272
zmb,sex_m,age_ythadult_y15_24,eco_sector_agr,2022,462.516
zmb,sex_m,age_ythadult_y15_24,eco_sector_agr,2023,527.002
zmb,sex_m,age_ythadult_y15_24,eco_sector_agr,2024,631.993
zmb,sex_m,age_ythadult_y15_24,eco_sector_ind,2017,20.66
zmb,sex_m,age_ythadult_y15_24,eco_sector_ind,2018,29.267
zmb,sex_m,age_ythadult_y15_24,eco_sector_ind,2019,28.387
zmb,sex_m,age_ythadult_y15_24,eco_sector_ind,2020,22.329
zmb,sex_m,age_ythadult_y15_24,eco_sector_ind,2021,39.7
zmb,sex_m,age_ythadult_y15_24,eco_sector_ind,2022,23.116
zmb,sex_m,age_ythadult_y15_24,eco_sector_ind,2023,44.542
zmb,sex_m,age_ythadult_y15_24,eco_sector_ind,2024,35.313
zmb,sex_m,age_ythadult_y15_24,eco_sector_nag,2017,90.336
zmb,sex_m,age_ythadult_y15_24,eco_sector_nag,2018,80.911
zmb,sex_m,age_ythadult_y15_24,eco_sector_nag,2019,98.884
zmb,sex_m,age_ythadult_y15_24,eco_sector_nag,2020,87.714
zmb,sex_m,age_ythadult_y15_24,eco_sector_nag,2021,127.209
zmb,sex_m,age_ythadult_y15_24,eco_sector_nag,2022,107.918
zmb,sex_m,age_ythadult_y15_24,eco_sector_nag,2023,123.898
zmb,sex_m,age_ythadult_y15_24,eco_sector_nag,2024,111.2
zmb,sex_m,age_ythadult_y15_24,eco_sector_ser,2017,69.676
zmb,sex_m,age_ythadult_y15_24,eco_sector_ser,2018,51.644
zmb,sex_m,age_ythadult_y15_24,eco_sector_ser,2019,70.497
zmb,sex_m,age_ythadult_y15_24,eco_sector_ser,2020,65.385
zmb,sex_m,age_ythadult_y15_24,eco_sector_ser,2021,87.509
zmb,sex_m,age_ythadult_y15_24,eco_sector_ser,2022,84.802
zmb,sex_m,age_ythadult_y15_24,eco_sector_ser,2023,79.356
zmb,sex_m,age_ythadult_y15_24,eco_sector_ser,2024,75.886
zmb,sex_m,age_ythadult_y15_24,eco_sector_total,2017,519.976
zmb,sex_m,age_ythadult_y15_24,eco_sector_total,2018,471.016
zmb,sex_m,age_ythadult_y15_24,eco_sector_total,2019,524.049
zmb,sex_m,age_ythadult_y15_24,eco_sector_total,2020,540.895
zmb,sex_m,age_ythadult_y15_24,eco_sector_total,2021,614.481
zmb,sex_m,age_ythadult_y15_24,eco_sector_total,2022,570.435
zmb,sex_m,age_ythadult_y15_24,eco_sector_total,2023,650.9
zmb,sex_m,age_ythadult_y15_24,eco_sector_total,2024,743.193
zmb,sex_m,age_ythadult_y15_64,eco_aggregate_agr,2017,1309.907
zmb,sex_m,age_ythadult_y15_64,eco_aggregate_agr,2018,1287.747
zmb,sex_m,age_ythadult_y15_64,eco_aggregate_agr,2019,1310.968
zmb,sex_m,age_ythadult_y15_64,eco_aggregate_agr,2020,1446.886
zmb,sex_m,age_ythadult_y15_64,eco_aggregate_agr,2021,1471.47
zmb,sex_m,age_ythadult_y15_64,eco_aggregate_agr,2022,1453.562
zmb,sex_m,age_ythadult_y15_64,eco_aggregate_agr,2023,1697.992
zmb,sex_m,age_ythadult_y15_64,eco_aggregate_agr,2024,2049.096
zmb,sex_m,age_ythadult_y15_64,eco_aggregate_con,2017,88.494
zmb,sex_m,age_ythadult_y15_64,eco_aggregate_con,2018,111.667
zmb,sex_m,age_ythadult_y15_64,eco_aggregate_con,2019,111.717
zmb,sex_m,age_ythadult_y15_64,eco_aggregate_con,2020,118.098
zmb,sex_m,age_ythadult_y15_64,eco_aggregate_con,2021,126.291
zmb,sex_m,age_ythadult_y15_64,eco_aggregate_con,2022,112.548
zmb,sex_m,age_ythadult_y15_64,eco_aggregate_con,2023,180.722
zmb,sex_m,age_ythadult_y15_64,eco_aggregate_con,2024,140.426
zmb,sex_m,age_ythadult_y15_64,eco_aggregate_man,2017,78.006
zmb,sex_m,age_ythadult_y15_64,eco_aggregate_man,2018,78.24
zmb,sex_m,age_ythadult_y15_64,eco_aggregate_man,2019,87.074
zmb,sex_m,age_ythadult_y15_64,eco_aggregate_man,2020,85.775
zmb,sex_m,age_ythadult_y15_64,eco_aggregate_man,2021,126.988
zmb,sex_m,age_ythadult_y15_64,eco_aggregate_man,2022,115.38
zmb,sex_m,age_ythadult_y15_64,eco_aggregate_man,2023,97.809
zmb,sex_m,age_ythadult_y15_64,eco_aggregate_man,2024,81.161
zmb,sex_m,age_ythadult_y15_64,eco_aggregate_mel,2018,7.28
zmb,sex_m,age_ythadult_y15_64,eco_aggregate_mel,2019,17.211
zmb,sex_m,age_ythadult_y15_64,eco_aggregate_mel,2021,9.091
zmb,sex_m,age_ythadult_y15_64,eco_aggregate_mel,2022,14.732
zmb,sex_m,age_ythadult_y15_64,eco_aggregate_mel,2023,19.733
zmb,sex_m,age_ythadult_y15_64,eco_aggregate_mel,2024,16.871
zmb,sex_m,age_ythadult_y15_64,eco_aggregate_mkt,2017,292.154
zmb,sex_m,age_ythadult_y15_64,eco_aggregate_mkt,2018,260.246
zmb,sex_m,age_ythadult_y15_64,eco_aggregate_mkt,2019,332.289
zmb,sex_m,age_ythadult_y15_64,eco_aggregate_mkt,2020,334.737
zmb,sex_m,age_ythadult_y15_64,eco_aggregate_mkt,2021,350.73
zmb,sex_m,age_ythadult_y15_64,eco_aggregate_mkt,2022,381.997
zmb,sex_m,age_ythadult_y15_64,eco_aggregate_mkt,2023,366.548
zmb,sex_m,age_ythadult_y15_64,eco_aggregate_mkt,2024,343.222
zmb,sex_m,age_ythadult_y15_64,eco_aggregate_pub,2017,103.71
zmb,sex_m,age_ythadult_y15_64,eco_aggregate_pub,2018,85.602
zmb,sex_m,age_ythadult_y15_64,eco_aggregate_pub,2019,107.632
zmb,sex_m,age_ythadult_y15_64,eco_aggregate_pub,2020,80.414
zmb,sex_m,age_ythadult_y15_64,eco_aggregate_pub,2021,85.146
zmb,sex_m,age_ythadult_y15_64,eco_aggregate_pub,2022,80.246
zmb,sex_m,age_ythadult_y15_64,eco_aggregate_pub,2023,119.869
zmb,sex_m,age_ythadult_y15_64,eco_aggregate_pub,2024,95.59
zmb,sex_m,age_ythadult_y15_64,eco_aggregate_total,2017,1875.188
zmb,sex_m,age_ythadult_y15_64,eco_aggregate_total,2018,1830.783
zmb,sex_m,age_ythadult_y15_64,eco_aggregate_total,2019,1966.89
zmb,sex_m,age_ythadult_y15_64,eco_aggregate_total,2020,2076.306
zmb,sex_m,age_ythadult_y15_64,eco_aggregate_total,2021,2169.715
zmb,sex_m,age_ythadult_y15_64,eco_aggregate_total,2022,2158.465
zmb,sex_m,age_ythadult_y15_64,eco_aggregate_total,2023,2482.674
zmb,sex_m,age_ythadult_y15_64,eco_aggregate_total,2024,2726.367
zmb,sex_m,age_ythadult_y15_64,eco_isic4_a,2017,1309.907
zmb,sex_m,age_ythadult_y15_64,eco_isic4_a,2018,1287.747
zmb,sex_m,age_ythadult_y15_64,eco_isic4_a,2019,1310.968
zmb,sex_m,age_ythadult_y15_64,eco_isic4_a,2020,1446.886
zmb,sex_m,age_ythadult_y15_64,eco_isic4_a,2021,1471.47
zmb,sex_m,age_ythadult_y15_64,eco_isic4_a,2022,1453.562
zmb,sex_m,age_ythadult_y15_64,eco_isic4_a,2023,1697.992
zmb,sex_m,age_ythadult_y15_64,eco_isic4_a,2024,2049.096
zmb,sex_m,age_ythadult_y15_64,eco_isic4_b,2018,5.484
zmb,sex_m,age_ythadult_y15_64,eco_isic4_b,2019,15.163
zmb,sex_m,age_ythadult_y15_64,eco_isic4_b,2022,13.987
zmb,sex_m,age_ythadult_y15_64,eco_isic4_b,2023,16.861
zmb,sex_m,age_ythadult_y15_64,eco_isic4_c,2017,78.006
zmb,sex_m,age_ythadult_y15_64,eco_isic4_c,2018,78.24
zmb,sex_m,age_ythadult_y15_64,eco_isic4_c,2019,87.074
zmb,sex_m,age_ythadult_y15_64,eco_isic4_c,2020,85.775
zmb,sex_m,age_ythadult_y15_64,eco_isic4_c,2021,126.988
zmb,sex_m,age_ythadult_y15_64,eco_isic4_c,2022,115.38
zmb,sex_m,age_ythadult_y15_64,eco_isic4_c,2023,97.809
zmb,sex_m,age_ythadult_y15_64,eco_isic4_c,2024,81.161
zmb,sex_m,age_ythadult_y15_64,eco_isic4_e,2021,3.758
zmb,sex_m,age_ythadult_y15_64,eco_isic4_e,2024,1.503
zmb,sex_m,age_ythadult_y15_64,eco_isic4_f,2017,88.494
zmb,sex_m,age_ythadult_y15_64,eco_isic4_f,2018,111.667
zmb,sex_m,age_ythadult_y15_64,eco_isic4_f,2019,111.717
zmb,sex_m,age_ythadult_y15_64,eco_isic4_f,2020,118.098
zmb,sex_m,age_ythadult_y15_64,eco_isic4_f,2021,126.291
zmb,sex_m,age_ythadult_y15_64,eco_isic4_f,2022,112.548
zmb,sex_m,age_ythadult_y15_64,eco_isic4_f,2023,180.722
zmb,sex_m,age_ythadult_y15_64,eco_isic4_f,2024,140.426
zmb,sex_m,age_ythadult_y15_64,eco_isic4_g,2017,216.642
zmb,sex_m,age_ythadult_y15_64,eco_isic4_g,2018,174.492
zmb,sex_m,age_ythadult_y15_64,eco_isic4_g,2019,237.853
zmb,sex_m,age_ythadult_y15_64,eco_isic4_g,2020,221.53
zmb,sex_m,age_ythadult_y15_64,eco_isic4_g,2021,212.734
zmb,sex_m,age_ythadult_y15_64,eco_isic4_g,2022,253.155
zmb,sex_m,age_ythadult_y15_64,eco_isic4_g,2023,214.484
zmb,sex_m,age_ythadult_y15_64,eco_isic4_g,2024,215.317
zmb,sex_m,age_ythadult_y15_64,eco_isic4_h,2017,49.495
zmb,sex_m,age_ythadult_y15_64,eco_isic4_h,2018,53.343
zmb,sex_m,age_ythadult_y15_64,eco_isic4_h,2019,60.368
zmb,sex_m,age_ythadult_y15_64,eco_isic4_h,2020,77.468
zmb,sex_m,age_ythadult_y15_64,eco_isic4_h,2022,80.955
zmb,sex_m,age_ythadult_y15_64,eco_isic4_h,2023,97.458
zmb,sex_m,age_ythadult_y15_64,eco_isic4_h,2024,97.439
zmb,sex_m,age_ythadult_y15_64,eco_isic4_i,2017,3.188
zmb,sex_m,age_ythadult_y15_64,eco_isic4_i,2018,8.242
zmb,sex_m,age_ythadult_y15_64,eco_isic4_i,2019,8.304
zmb,sex_m,age_ythadult_y15_64,eco_isic4_i,2020,4.775
zmb,sex_m,age_ythadult_y15_64,eco_isic4_i,2021,10.28
zmb,sex_m,age_ythadult_y15_64,eco_isic4_i,2022,9.142
zmb,sex_m,age_ythadult_y15_64,eco_isic4_i,2023,8.194
zmb,sex_m,age_ythadult_y15_64,eco_isic4_i,2024,7.319
zmb,sex_m,age_ythadult_y15_64,eco_isic4_k,2018,3.375
zmb,sex_m,age_ythadult_y15_64,eco_isic4_k,2020,2.184
zmb,sex_m,age_ythadult_y15_64,eco_isic4_k,2021,6.785
zmb,sex_m,age_ythadult_y15_64,eco_isic4_k,2023,3.259
zmb,sex_m,age_ythadult_y15_64,eco_isic4_k,2024,2.829
zmb,sex_m,age_ythadult_y15_64,eco_isic4_m,2017,4.5
zmb,sex_m,age_ythadult_y15_64,eco_isic4_m,2019,2.229
zmb,sex_m,age_ythadult_y15_64,eco_isic4_n,2017,6.47
zmb,sex_m,age_ythadult_y15_64,eco_isic4_n,2018,14.198
zmb,sex_m,age_ythadult_y15_64,eco_isic4_n,2019,12.262
zmb,sex_m,age_ythadult_y15_64,eco_isic4_n,2020,13.318
zmb,sex_m,age_ythadult_y15_64,eco_isic4_n,2021,38.274
zmb,sex_m,age_ythadult_y15_64,eco_isic4_n,2022,23.786
zmb,sex_m,age_ythadult_y15_64,eco_isic4_n,2023,31.109
zmb,sex_m,age_ythadult_y15_64,eco_isic4_n,2024,11.78
zmb,sex_m,age_ythadult_y15_64,eco_isic4_p,2018,2.171
zmb,sex_m,age_ythadult_y15_64,eco_isic4_p,2020,1.929
zmb,sex_m,age_ythadult_y15_64,eco_isic4_q,2017,1.892
zmb,sex_m,age_ythadult_y15_64,eco_isic4_q,2021,2.804
zmb,sex_m,age_ythadult_y15_64,eco_isic4_s,2017,28.689
zmb,sex_m,age_ythadult_y15_64,eco_isic4_s,2018,44.74
zmb,sex_m,age_ythadult_y15_64,eco_isic4_s,2019,46.102
zmb,sex_m,age_ythadult_y15_64,eco_isic4_s,2020,33.563
zmb,sex_m,age_ythadult_y15_64,eco_isic4_s,2021,36.591
zmb,sex_m,age_ythadult_y15_64,eco_isic4_s,2023,48.437
zmb,sex_m,age_ythadult_y15_64,eco_isic4_s,2024,20.412
zmb,sex_m,age_ythadult_y15_64,eco_isic4_t,2017,67.523
zmb,sex_m,age_ythadult_y15_64,eco_isic4_t,2018,31.864
zmb,sex_m,age_ythadult_y15_64,eco_isic4_t,2019,47.592
zmb,sex_m,age_ythadult_y15_64,eco_isic4_t,2020,35.202
zmb,sex_m,age_ythadult_y15_64,eco_isic4_t,2021,33.177
zmb,sex_m,age_ythadult_y15_64,eco_isic4_t,2022,22.082
zmb,sex_m,age_ythadult_y15_64,eco_isic4_t,2023,55.397
zmb,sex_m,age_ythadult_y15_64,eco_isic4_t,2024,67.587
zmb,sex_m,age_ythadult_y15_64,eco_isic4_total,2017,1875.188
zmb,sex_m,age_ythadult_y15_64,eco_isic4_total,2018,1830.783
zmb,sex_m,age_ythadult_y15_64,eco_isic4_total,2019,1966.89
zmb,sex_m,age_ythadult_y15_64,eco_isic4_total,2020,2076.306
zmb,sex_m,age_ythadult_y15_64,eco_isic4_total,2021,2169.715
zmb,sex_m,age_ythadult_y15_64,eco_isic4_total,2022,2158.465
zmb,sex_m,age_ythadult_y15_64,eco_isic4_total,2023,2482.674
zmb,sex_m,age_ythadult_y15_64,eco_isic4_total,2024,2726.367
zmb,sex_m,age_ythadult_y15_64,eco_isic4_u,2018,2.106
zmb,sex_m,age_ythadult_y15_64,eco_isic4_u,2019,0.705
zmb,sex_m,age_ythadult_y15_64,eco_isic4_u,2020,1.648
zmb,sex_m,age_ythadult_y15_64,eco_sector_agr,2017,1309.907
zmb,sex_m,age_ythadult_y15_64,eco_sector_agr,2018,1287.747
zmb,sex_m,age_ythadult_y15_64,eco_sector_agr,2019,1310.968
zmb,sex_m,age_ythadult_y15_64,eco_sector_agr,2020,1446.886
zmb,sex_m,age_ythadult_y15_64,eco_sector_agr,2021,1471.47
zmb,sex_m,age_ythadult_y15_64,eco_sector_agr,2022,1453.562
zmb,sex_m,age_ythadult_y15_64,eco_sector_agr,2023,1697.992
zmb,sex_m,age_ythadult_y15_64,eco_sector_agr,2024,2049.096
zmb,sex_m,age_ythadult_y15_64,eco_sector_ind,2017,169.416
zmb,sex_m,age_ythadult_y15_64,eco_sector_ind,2018,197.187
zmb,sex_m,age_ythadult_y15_64,eco_sector_ind,2019,216.001
zmb,sex_m,age_ythadult_y15_64,eco_sector_ind,2020,214.27
zmb,sex_m,age_ythadult_y15_64,eco_sector_ind,2021,262.37
zmb,sex_m,age_ythadult_y15_64,eco_sector_ind,2022,242.66
zmb,sex_m,age_ythadult_y15_64,eco_sector_ind,2023,298.264
zmb,sex_m,age_ythadult_y15_64,eco_sector_ind,2024,238.458
zmb,sex_m,age_ythadult_y15_64,eco_sector_nag,2017,565.281
zmb,sex_m,age_ythadult_y15_64,eco_sector_nag,2018,543.035
zmb,sex_m,age_ythadult_y15_64,eco_sector_nag,2019,655.922
zmb,sex_m,age_ythadult_y15_64,eco_sector_nag,2020,629.42
zmb,sex_m,age_ythadult_y15_64,eco_sector_nag,2021,698.246
zmb,sex_m,age_ythadult_y15_64,eco_sector_nag,2022,704.903
zmb,sex_m,age_ythadult_y15_64,eco_sector_nag,2023,784.682
zmb,sex_m,age_ythadult_y15_64,eco_sector_nag,2024,677.27
zmb,sex_m,age_ythadult_y15_64,eco_sector_ser,2017,395.865
zmb,sex_m,age_ythadult_y15_64,eco_sector_ser,2018,345.848
zmb,sex_m,age_ythadult_y15_64,eco_sector_ser,2019,439.921
zmb,sex_m,age_ythadult_y15_64,eco_sector_ser,2020,415.15
zmb,sex_m,age_ythadult_y15_64,eco_sector_ser,2021,435.876
zmb,sex_m,age_ythadult_y15_64,eco_sector_ser,2022,462.243
zmb,sex_m,age_ythadult_y15_64,eco_sector_ser,2023,486.417
zmb,sex_m,age_ythadult_y15_64,eco_sector_ser,2024,438.812
zmb,sex_m,age_ythadult_y15_64,eco_sector_total,2017,1875.188
zmb,sex_m,age_ythadult_y15_64,eco_sector_total,2018,1830.783
zmb,sex_m,age_ythadult_y15_64,eco_sector_total,2019,1966.89
zmb,sex_m,age_ythadult_y15_64,eco_sector_total,2020,2076.306
zmb,sex_m,age_ythadult_y15_64,eco_sector_total,2021,2169.715
zmb,sex_m,age_ythadult_y15_64,eco_sector_total,2022,2158.465
zmb,sex_m,age_ythadult_y15_64,eco_sector_total,2023,2482.674
zmb,sex_m,age_ythadult_y15_64,eco_sector_total,2024,2726.367
zmb,sex_m,age_ythadult_yge15,eco_aggregate_agr,2017,1425.633
zmb,sex_m,age_ythadult_yge15,eco_aggregate_agr,2018,1378.564
zmb,sex_m,age_ythadult_yge15,eco_aggregate_agr,2019,1406.041
zmb,sex_m,age_ythadult_yge15,eco_aggregate_agr,2020,1536.785
zmb,sex_m,age_ythadult_yge15,eco_aggregate_agr,2021,1558.996
zmb,sex_m,age_ythadult_yge15,eco_aggregate_agr,2022,1552.562
zmb,sex_m,age_ythadult_yge15,eco_aggregate_agr,2023,1820.448
zmb,sex_m,age_ythadult_yge15,eco_aggregate_agr,2024,2165.061
zmb,sex_m,age_ythadult_yge15,eco_aggregate_con,2017,89.789
zmb,sex_m,age_ythadult_yge15,eco_aggregate_con,2018,113.233
zmb,sex_m,age_ythadult_yge15,eco_aggregate_con,2019,114.195
zmb,sex_m,age_ythadult_yge15,eco_aggregate_con,2020,118.098
zmb,sex_m,age_ythadult_yge15,eco_aggregate_con,2021,126.909
zmb,sex_m,age_ythadult_yge15,eco_aggregate_con,2022,114.949
zmb,sex_m,age_ythadult_yge15,eco_aggregate_con,2023,182.997
zmb,sex_m,age_ythadult_yge15,eco_aggregate_con,2024,142.709
zmb,sex_m,age_ythadult_yge15,eco_aggregate_man,2017,82.253
zmb,sex_m,age_ythadult_yge15,eco_aggregate_man,2018,81.083
zmb,sex_m,age_ythadult_yge15,eco_aggregate_man,2019,90.36
zmb,sex_m,age_ythadult_yge15,eco_aggregate_man,2020,89.43
zmb,sex_m,age_ythadult_yge15,eco_aggregate_man,2021,130.076
zmb,sex_m,age_ythadult_yge15,eco_aggregate_man,2022,118.787
zmb,sex_m,age_ythadult_yge15,eco_aggregate_man,2023,101.17
zmb,sex_m,age_ythadult_yge15,eco_aggregate_man,2024,83.356
zmb,sex_m,age_ythadult_yge15,eco_aggregate_mel,2017,3.383
zmb,sex_m,age_ythadult_yge15,eco_aggregate_mel,2018,7.28
zmb,sex_m,age_ythadult_yge15,eco_aggregate_mel,2019,17.211
zmb,sex_m,age_ythadult_yge15,eco_aggregate_mel,2020,11.31
zmb,sex_m,age_ythadult_yge15,eco_aggregate_mel,2021,9.091
zmb,sex_m,age_ythadult_yge15,eco_aggregate_mel,2022,15.046
zmb,sex_m,age_ythadult_yge15,eco_aggregate_mel,2023,19.733
zmb,sex_m,age_ythadult_yge15,eco_aggregate_mel,2024,16.871
zmb,sex_m,age_ythadult_yge15,eco_aggregate_mkt,2017,308.116
zmb,sex_m,age_ythadult_yge15,eco_aggregate_mkt,2018,266.577
zmb,sex_m,age_ythadult_yge15,eco_aggregate_mkt,2019,341.573
zmb,sex_m,age_ythadult_yge15,eco_aggregate_mkt,2020,344.874
zmb,sex_m,age_ythadult_yge15,eco_aggregate_mkt,2021,359.155
zmb,sex_m,age_ythadult_yge15,eco_aggregate_mkt,2022,393.241
zmb,sex_m,age_ythadult_yge15,eco_aggregate_mkt,2023,373.759
zmb,sex_m,age_ythadult_yge15,eco_aggregate_mkt,2024,351.133
zmb,sex_m,age_ythadult_yge15,eco_aggregate_pub,2017,105.62
zmb,sex_m,age_ythadult_yge15,eco_aggregate_pub,2018,87.871
zmb,sex_m,age_ythadult_yge15,eco_aggregate_pub,2019,110.93
zmb,sex_m,age_ythadult_yge15,eco_aggregate_pub,2020,81.732
zmb,sex_m,age_ythadult_yge15,eco_aggregate_pub,2021,87.606
zmb,sex_m,age_ythadult_yge15,eco_aggregate_pub,2022,81.933
zmb,sex_m,age_ythadult_yge15,eco_aggregate_pub,2023,122.028
zmb,sex_m,age_ythadult_yge15,eco_aggregate_pub,2024,97.63
zmb,sex_m,age_ythadult_yge15,eco_aggregate_total,2017,2014.794
zmb,sex_m,age_ythadult_yge15,eco_aggregate_total,2018,1934.61
zmb,sex_m,age_ythadult_yge15,eco_aggregate_total,2019,2080.308
zmb,sex_m,age_ythadult_yge15,eco_aggregate_total,2020,2182.23
zmb,sex_m,age_ythadult_yge15,eco_aggregate_total,2021,2271.833
zmb,sex_m,age_ythadult_yge15,eco_aggregate_total,2022,2276.518
zmb,sex_m,age_ythadult_yge15,eco_aggregate_total,2023,2620.134
zmb,sex_m,age_ythadult_yge15,eco_aggregate_total,2024,2856.759
zmb,sex_m,age_ythadult_yge15,eco_isic4_a,2017,1425.633
zmb,sex_m,age_ythadult_yge15,eco_isic4_a,2018,1378.564
zmb,sex_m,age_ythadult_yge15,eco_isic4_a,2019,1406.041
zmb,sex_m,age_ythadult_yge15,eco_isic4_a,2020,1536.785
zmb,sex_m,age_ythadult_yge15,eco_isic4_a,2021,1558.996
zmb,sex_m,age_ythadult_yge15,eco_isic4_a,2022,1552.562
zmb,sex_m,age_ythadult_yge15,eco_isic4_a,2023,1820.448
zmb,sex_m,age_ythadult_yge15,eco_isic4_a,2024,2165.061
zmb,sex_m,age_ythadult_yge15,eco_isic4_b,2017,2.916
zmb,sex_m,age_ythadult_yge15,eco_isic4_b,2018,5.484
zmb,sex_m,age_ythadult_yge15,eco_isic4_b,2019,15.163
zmb,sex_m,age_ythadult_yge15,eco_isic4_b,2020,11.124
zmb,sex_m,age_ythadult_yge15,eco_isic4_b,2021,5.332
zmb,sex_m,age_ythadult_yge15,eco_isic4_b,2022,14.301
zmb,sex_m,age_ythadult_yge15,eco_isic4_b,2023,16.861
zmb,sex_m,age_ythadult_yge15,eco_isic4_b,2024,14.43
zmb,sex_m,age_ythadult_yge15,eco_isic4_c,2017,82.253
zmb,sex_m,age_ythadult_yge15,eco_isic4_c,2018,81.083
zmb,sex_m,age_ythadult_yge15,eco_isic4_c,2019,90.36
zmb,sex_m,age_ythadult_yge15,eco_isic4_c,2020,89.43
zmb,sex_m,age_ythadult_yge15,eco_isic4_c,2021,130.076
zmb,sex_m,age_ythadult_yge15,eco_isic4_c,2022,118.787
zmb,sex_m,age_ythadult_yge15,eco_isic4_c,2023,101.17
zmb,sex_m,age_ythadult_yge15,eco_isic4_c,2024,83.356
zmb,sex_m,age_ythadult_yge15,eco_isic4_e,2021,3.758
zmb,sex_m,age_ythadult_yge15,eco_isic4_e,2023,2.704
zmb,sex_m,age_ythadult_yge15,eco_isic4_f,2017,89.789
zmb,sex_m,age_ythadult_yge15,eco_isic4_f,2018,113.233
zmb,sex_m,age_ythadult_yge15,eco_isic4_f,2019,114.195
zmb,sex_m,age_ythadult_yge15,eco_isic4_f,2020,118.098
zmb,sex_m,age_ythadult_yge15,eco_isic4_f,2021,126.909
zmb,sex_m,age_ythadult_yge15,eco_isic4_f,2022,114.949
zmb,sex_m,age_ythadult_yge15,eco_isic4_f,2023,182.997
zmb,sex_m,age_ythadult_yge15,eco_isic4_f,2024,142.709
zmb,sex_m,age_ythadult_yge15,eco_isic4_g,2017,222.895
zmb,sex_m,age_ythadult_yge15,eco_isic4_g,2018,178.272
zmb,sex_m,age_ythadult_yge15,eco_isic4_g,2019,242.549
zmb,sex_m,age_ythadult_yge15,eco_isic4_g,2020,227.315
zmb,sex_m,age_ythadult_yge15,eco_isic4_g,2021,217.129
zmb,sex_m,age_ythadult_yge15,eco_isic4_g,2022,257.434
zmb,sex_m,age_ythadult_yge15,eco_isic4_g,2023,217.607
zmb,sex_m,age_ythadult_yge15,eco_isic4_g,2024,219.084
zmb,sex_m,age_ythadult_yge15,eco_isic4_h,2017,49.495
zmb,sex_m,age_ythadult_yge15,eco_isic4_h,2018,53.343
zmb,sex_m,age_ythadult_yge15,eco_isic4_h,2019,60.368
zmb,sex_m,age_ythadult_yge15,eco_isic4_h,2020,77.468
zmb,sex_m,age_ythadult_yge15,eco_isic4_h,2021,75.499
zmb,sex_m,age_ythadult_yge15,eco_isic4_h,2022,82.274
zmb,sex_m,age_ythadult_yge15,eco_isic4_h,2023,97.458
zmb,sex_m,age_ythadult_yge15,eco_isic4_h,2024,97.439
zmb,sex_m,age_ythadult_yge15,eco_isic4_i,2017,4.102
zmb,sex_m,age_ythadult_yge15,eco_isic4_i,2018,9.129
zmb,sex_m,age_ythadult_yge15,eco_isic4_i,2019,9.31
zmb,sex_m,age_ythadult_yge15,eco_isic4_i,2020,5.424
zmb,sex_m,age_ythadult_yge15,eco_isic4_i,2021,10.28
zmb,sex_m,age_ythadult_yge15,eco_isic4_i,2022,9.762
zmb,sex_m,age_ythadult_yge15,eco_isic4_i,2023,8.785
zmb,sex_m,age_ythadult_yge15,eco_isic4_i,2024,7.721
zmb,sex_m,age_ythadult_yge15,eco_isic4_j,2018,2.659
zmb,sex_m,age_ythadult_yge15,eco_isic4_j,2019,3.748
zmb,sex_m,age_ythadult_yge15,eco_isic4_j,2020,8.433
zmb,sex_m,age_ythadult_yge15,eco_isic4_j,2021,4.083
zmb,sex_m,age_ythadult_yge15,eco_isic4_j,2023,3.165
zmb,sex_m,age_ythadult_yge15,eco_isic4_k,2018,3.375
zmb,sex_m,age_ythadult_yge15,eco_isic4_k,2020,2.184
zmb,sex_m,age_ythadult_yge15,eco_isic4_k,2021,6.785
zmb,sex_m,age_ythadult_yge15,eco_isic4_k,2022,5.531
zmb,sex_m,age_ythadult_yge15,eco_isic4_k,2023,3.259
zmb,sex_m,age_ythadult_yge15,eco_isic4_k,2024,2.829
zmb,sex_m,age_ythadult_yge15,eco_isic4_l,2017,16.15
zmb,sex_m,age_ythadult_yge15,eco_isic4_l,2018,2.118
zmb,sex_m,age_ythadult_yge15,eco_isic4_l,2019,4.662
zmb,sex_m,age_ythadult_yge15,eco_isic4_l,2020,5.941
zmb,sex_m,age_ythadult_yge15,eco_isic4_l,2021,4.114
zmb,sex_m,age_ythadult_yge15,eco_isic4_l,2022,8.095
zmb,sex_m,age_ythadult_yge15,eco_isic4_l,2023,4.608
zmb,sex_m,age_ythadult_yge15,eco_isic4_l,2024,6.577
zmb,sex_m,age_ythadult_yge15,eco_isic4_m,2017,7.735
zmb,sex_m,age_ythadult_yge15,eco_isic4_m,2018,3.035
zmb,sex_m,age_ythadult_yge15,eco_isic4_m,2019,2.229
zmb,sex_m,age_ythadult_yge15,eco_isic4_m,2020,3.212
zmb,sex_m,age_ythadult_yge15,eco_isic4_m,2021,1.846
zmb,sex_m,age_ythadult_yge15,eco_isic4_m,2022,4.666
zmb,sex_m,age_ythadult_yge15,eco_isic4_m,2023,4.882
zmb,sex_m,age_ythadult_yge15,eco_isic4_m,2024,4.209
zmb,sex_m,age_ythadult_yge15,eco_isic4_n,2017,7.42
zmb,sex_m,age_ythadult_yge15,eco_isic4_n,2018,14.647
zmb,sex_m,age_ythadult_yge15,eco_isic4_n,2019,13.956
zmb,sex_m,age_ythadult_yge15,eco_isic4_n,2020,14.898
zmb,sex_m,age_ythadult_yge15,eco_isic4_n,2021,39.42
zmb,sex_m,age_ythadult_yge15,eco_isic4_n,2022,24.146
zmb,sex_m,age_ythadult_yge15,eco_isic4_n,2023,33.997
zmb,sex_m,age_ythadult_yge15,eco_isic4_n,2024,12.362
zmb,sex_m,age_ythadult_yge15,eco_isic4_p,2017,3.809
zmb,sex_m,age_ythadult_yge15,eco_isic4_p,2018,2.171
zmb,sex_m,age_ythadult_yge15,eco_isic4_p,2019,3.598
zmb,sex_m,age_ythadult_yge15,eco_isic4_p,2020,1.929
zmb,sex_m,age_ythadult_yge15,eco_isic4_p,2024,2.001
zmb,sex_m,age_ythadult_yge15,eco_isic4_q,2017,1.892
zmb,sex_m,age_ythadult_yge15,eco_isic4_q,2018,2.584
zmb,sex_m,age_ythadult_yge15,eco_isic4_q,2019,5.466
zmb,sex_m,age_ythadult_yge15,eco_isic4_q,2021,2.804
zmb,sex_m,age_ythadult_yge15,eco_isic4_q,2022,3.094
zmb,sex_m,age_ythadult_yge15,eco_isic4_q,2023,6.944
zmb,sex_m,age_ythadult_yge15,eco_isic4_q,2024,1.81
zmb,sex_m,age_ythadult_yge15,eco_isic4_r,2018,1.508
zmb,sex_m,age_ythadult_yge15,eco_isic4_r,2019,3.546
zmb,sex_m,age_ythadult_yge15,eco_isic4_r,2020,5.768
zmb,sex_m,age_ythadult_yge15,eco_isic4_r,2021,6.845
zmb,sex_m,age_ythadult_yge15,eco_isic4_r,2022,7.328
zmb,sex_m,age_ythadult_yge15,eco_isic4_r,2023,6.119
zmb,sex_m,age_ythadult_yge15,eco_isic4_s,2017,28.689
zmb,sex_m,age_ythadult_yge15,eco_isic4_s,2018,45.47
zmb,sex_m,age_ythadult_yge15,eco_isic4_s,2019,47.006
zmb,sex_m,age_ythadult_yge15,eco_isic4_s,2020,34.321
zmb,sex_m,age_ythadult_yge15,eco_isic4_s,2021,37.919
zmb,sex_m,age_ythadult_yge15,eco_isic4_s,2022,47.25
zmb,sex_m,age_ythadult_yge15,eco_isic4_s,2023,49.944
zmb,sex_m,age_ythadult_yge15,eco_isic4_s,2024,20.823
zmb,sex_m,age_ythadult_yge15,eco_isic4_t,2017,69.433
zmb,sex_m,age_ythadult_yge15,eco_isic4_t,2018,33.403
zmb,sex_m,age_ythadult_yge15,eco_isic4_t,2019,49.567
zmb,sex_m,age_ythadult_yge15,eco_isic4_t,2020,35.763
zmb,sex_m,age_ythadult_yge15,eco_isic4_t,2021,34.037
zmb,sex_m,age_ythadult_yge15,eco_isic4_t,2022,23.442
zmb,sex_m,age_ythadult_yge15,eco_isic4_t,2023,56.048
zmb,sex_m,age_ythadult_yge15,eco_isic4_t,2024,68.976
zmb,sex_m,age_ythadult_yge15,eco_isic4_total,2017,2014.794
zmb,sex_m,age_ythadult_yge15,eco_isic4_total,2018,1934.61
zmb,sex_m,age_ythadult_yge15,eco_isic4_total,2019,2080.308
zmb,sex_m,age_ythadult_yge15,eco_isic4_total,2020,2182.23
zmb,sex_m,age_ythadult_yge15,eco_isic4_total,2021,2271.833
zmb,sex_m,age_ythadult_yge15,eco_isic4_total,2022,2276.518
zmb,sex_m,age_ythadult_yge15,eco_isic4_total,2023,2620.134
zmb,sex_m,age_ythadult_yge15,eco_isic4_total,2024,2856.759
zmb,sex_m,age_ythadult_yge15,eco_isic4_u,2018,2.106
zmb,sex_m,age_ythadult_yge15,eco_isic4_u,2021,3.917
zmb,sex_m,age_ythadult_yge15,eco_sector_agr,2017,1425.633
zmb,sex_m,age_ythadult_yge15,eco_sector_agr,2018,1378.564
zmb,sex_m,age_ythadult_yge15,eco_sector_agr,2019,1406.041
zmb,sex_m,age_ythadult_yge15,eco_sector_agr,2020,1536.785
zmb,sex_m,age_ythadult_yge15,eco_sector_agr,2021,1558.996
zmb,sex_m,age_ythadult_yge15,eco_sector_agr,2022,1552.562
zmb,sex_m,age_ythadult_yge15,eco_sector_agr,2023,1820.448
zmb,sex_m,age_ythadult_yge15,eco_sector_agr,2024,2165.061
zmb,sex_m,age_ythadult_yge15,eco_sector_ind,2017,175.426
zmb,sex_m,age_ythadult_yge15,eco_sector_ind,2018,201.596
zmb,sex_m,age_ythadult_yge15,eco_sector_ind,2019,221.766
zmb,sex_m,age_ythadult_yge15,eco_sector_ind,2020,218.838
zmb,sex_m,age_ythadult_yge15,eco_sector_ind,2021,266.076
zmb,sex_m,age_ythadult_yge15,eco_sector_ind,2022,248.782
zmb,sex_m,age_ythadult_yge15,eco_sector_ind,2023,303.899
zmb,sex_m,age_ythadult_yge15,eco_sector_ind,2024,242.936
zmb,sex_m,age_ythadult_yge15,eco_sector_nag,2017,589.161
zmb,sex_m,age_ythadult_yge15,eco_sector_nag,2018,556.045
zmb,sex_m,age_ythadult_yge15,eco_sector_nag,2019,674.268
zmb,sex_m,age_ythadult_yge15,eco_sector_nag,2020,645.444
zmb,sex_m,age_ythadult_yge15,eco_sector_nag,2021,712.837
zmb,sex_m,age_ythadult_yge15,eco_sector_nag,2022,723.956
zmb,sex_m,age_ythadult_yge15,eco_sector_nag,2023,799.686
zmb,sex_m,age_ythadult_yge15,eco_sector_nag,2024,691.699
zmb,sex_m,age_ythadult_yge15,eco_sector_ser,2017,413.736
zmb,sex_m,age_ythadult_yge15,eco_sector_ser,2018,354.449
zmb,sex_m,age_ythadult_yge15,eco_sector_ser,2019,452.502
zmb,sex_m,age_ythadult_yge15,eco_sector_ser,2020,426.607
zmb,sex_m,age_ythadult_yge15,eco_sector_ser,2021,446.762
zmb,sex_m,age_ythadult_yge15,eco_sector_ser,2022,475.174
zmb,sex_m,age_ythadult_yge15,eco_sector_ser,2023,495.787
zmb,sex_m,age_ythadult_yge15,eco_sector_ser,2024,448.763
zmb,sex_m,age_ythadult_yge15,eco_sector_total,2017,2014.794
zmb,sex_m,age_ythadult_yge15,eco_sector_total,2018,1934.61
zmb,sex_m,age_ythadult_yge15,eco_sector_total,2019,2080.308
zmb,sex_m,age_ythadult_yge15,eco_sector_total,2020,2182.23
zmb,sex_m,age_ythadult_yge15,eco_sector_total,2021,2271.833
zmb,sex_m,age_ythadult_yge15,eco_sector_total,2022,2276.518
zmb,sex_m,age_ythadult_yge15,eco_sector_total,2023,2620.134
zmb,sex_m,age_ythadult_yge15,eco_sector_total,2024,2856.759
zmb,sex_m,age_ythadult_yge25,eco_aggregate_agr,2017,995.993
zmb,sex_m,age_ythadult_yge25,eco_aggregate_agr,2018,988.459
zmb,sex_m,age_ythadult_yge25,eco_aggregate_agr,2019,980.876
zmb,sex_m,age_ythadult_yge25,eco_aggregate_agr,2020,1083.603
zmb,sex_m,age_ythadult_yge25,eco_aggregate_agr,2021,1071.724
zmb,sex_m,age_ythadult_yge25,eco_aggregate_agr,2022,1090.046
zmb,sex_m,age_ythadult_yge25,eco_aggregate_agr,2023,1293.447
zmb,sex_m,age_ythadult_yge25,eco_aggregate_agr,2024,1533.068
zmb,sex_m,age_ythadult_yge25,eco_aggregate_con,2017,78.834
zmb,sex_m,age_ythadult_yge25,eco_aggregate_con,2018,96.567
zmb,sex_m,age_ythadult_yge25,eco_aggregate_con,2019,98.622
zmb,sex_m,age_ythadult_yge25,eco_aggregate_con,2020,107.433
zmb,sex_m,age_ythadult_yge25,eco_aggregate_con,2021,109.663
zmb,sex_m,age_ythadult_yge25,eco_aggregate_con,2022,103.888
zmb,sex_m,age_ythadult_yge25,eco_aggregate_con,2023,155.751
zmb,sex_m,age_ythadult_yge25,eco_aggregate_con,2024,127.719
zmb,sex_m,age_ythadult_yge25,eco_aggregate_man,2017,72.548
zmb,sex_m,age_ythadult_yge25,eco_aggregate_man,2018,69.896
zmb,sex_m,age_ythadult_yge25,eco_aggregate_man,2019,80.199
zmb,sex_m,age_ythadult_yge25,eco_aggregate_man,2020,78.786
zmb,sex_m,age_ythadult_yge25,eco_aggregate_man,2021,108.769
zmb,sex_m,age_ythadult_yge25,eco_aggregate_man,2022,108.172
zmb,sex_m,age_ythadult_yge25,eco_aggregate_man,2023,88.363
zmb,sex_m,age_ythadult_yge25,eco_aggregate_man,2024,68.395
zmb,sex_m,age_ythadult_yge25,eco_aggregate_mel,2017,3.383
zmb,sex_m,age_ythadult_yge25,eco_aggregate_mel,2018,5.866
zmb,sex_m,age_ythadult_yge25,eco_aggregate_mel,2019,14.557
zmb,sex_m,age_ythadult_yge25,eco_aggregate_mel,2020,10.29
zmb,sex_m,age_ythadult_yge25,eco_aggregate_mel,2021,7.944
zmb,sex_m,age_ythadult_yge25,eco_aggregate_mel,2022,13.605
zmb,sex_m,age_ythadult_yge25,eco_aggregate_mel,2023,15.243
zmb,sex_m,age_ythadult_yge25,eco_aggregate_mel,2024,11.508
zmb,sex_m,age_ythadult_yge25,eco_aggregate_mkt,2017,263.29
zmb,sex_m,age_ythadult_yge25,eco_aggregate_mkt,2018,229.129
zmb,sex_m,age_ythadult_yge25,eco_aggregate_mkt,2019,288.931
zmb,sex_m,age_ythadult_yge25,eco_aggregate_mkt,2020,292.954
zmb,sex_m,age_ythadult_yge25,eco_aggregate_mkt,2021,293.667
zmb,sex_m,age_ythadult_yge25,eco_aggregate_mkt,2022,324.798
zmb,sex_m,age_ythadult_yge25,eco_aggregate_mkt,2023,314.626
zmb,sex_m,age_ythadult_yge25,eco_aggregate_mkt,2024,297.354
zmb,sex_m,age_ythadult_yge25,eco_aggregate_pub,2017,80.77
zmb,sex_m,age_ythadult_yge25,eco_aggregate_pub,2018,73.675
zmb,sex_m,age_ythadult_yge25,eco_aggregate_pub,2019,93.074
zmb,sex_m,age_ythadult_yge25,eco_aggregate_pub,2020,68.267
zmb,sex_m,age_ythadult_yge25,eco_aggregate_pub,2021,65.586
zmb,sex_m,age_ythadult_yge25,eco_aggregate_pub,2022,65.573
zmb,sex_m,age_ythadult_yge25,eco_aggregate_pub,2023,101.805
zmb,sex_m,age_ythadult_yge25,eco_aggregate_pub,2024,75.523
zmb,sex_m,age_ythadult_yge25,eco_aggregate_total,2017,1494.818
zmb,sex_m,age_ythadult_yge25,eco_aggregate_total,2018,1463.593
zmb,sex_m,age_ythadult_yge25,eco_aggregate_total,2019,1556.259
zmb,sex_m,age_ythadult_yge25,eco_aggregate_total,2020,1641.334
zmb,sex_m,age_ythadult_yge25,eco_aggregate_total,2021,1657.352
zmb,sex_m,age_ythadult_yge25,eco_aggregate_total,2022,1706.083
zmb,sex_m,age_ythadult_yge25,eco_aggregate_total,2023,1969.234
zmb,sex_m,age_ythadult_yge25,eco_aggregate_total,2024,2113.566
zmb,sex_m,age_ythadult_yge25,eco_isic4_a,2017,995.993
zmb,sex_m,age_ythadult_yge25,eco_isic4_a,2018,988.459
zmb,sex_m,age_ythadult_yge25,eco_isic4_a,2019,980.876
zmb,sex_m,age_ythadult_yge25,eco_isic4_a,2020,1083.603
zmb,sex_m,age_ythadult_yge25,eco_isic4_a,2021,1071.724
zmb,sex_m,age_ythadult_yge25,eco_isic4_a,2022,1090.046
zmb,sex_m,age_ythadult_yge25,eco_isic4_a,2023,1293.447
zmb,sex_m,age_ythadult_yge25,eco_isic4_a,2024,1533.068
zmb,sex_m,age_ythadult_yge25,eco_isic4_b,2017,2.916
zmb,sex_m,age_ythadult_yge25,eco_isic4_b,2018,4.676
zmb,sex_m,age_ythadult_yge25,eco_isic4_b,2019,12.509
zmb,sex_m,age_ythadult_yge25,eco_isic4_b,2020,10.105
zmb,sex_m,age_ythadult_yge25,eco_isic4_b,2021,5.332
zmb,sex_m,age_ythadult_yge25,eco_isic4_b,2022,12.861
zmb,sex_m,age_ythadult_yge25,eco_isic4_b,2023,13.955
zmb,sex_m,age_ythadult_yge25,eco_isic4_b,2024,9.584
zmb,sex_m,age_ythadult_yge25,eco_isic4_c,2017,72.548
zmb,sex_m,age_ythadult_yge25,eco_isic4_c,2018,69.896
zmb,sex_m,age_ythadult_yge25,eco_isic4_c,2019,80.199
zmb,sex_m,age_ythadult_yge25,eco_isic4_c,2020,78.786
zmb,sex_m,age_ythadult_yge25,eco_isic4_c,2021,108.769
zmb,sex_m,age_ythadult_yge25,eco_isic4_c,2022,108.172
zmb,sex_m,age_ythadult_yge25,eco_isic4_c,2023,88.363
zmb,sex_m,age_ythadult_yge25,eco_isic4_c,2024,68.395
zmb,sex_m,age_ythadult_yge25,eco_isic4_f,2017,78.834
zmb,sex_m,age_ythadult_yge25,eco_isic4_f,2018,96.567
zmb,sex_m,age_ythadult_yge25,eco_isic4_f,2019,98.622
zmb,sex_m,age_ythadult_yge25,eco_isic4_f,2020,107.433
zmb,sex_m,age_ythadult_yge25,eco_isic4_f,2021,109.663
zmb,sex_m,age_ythadult_yge25,eco_isic4_f,2022,103.888
zmb,sex_m,age_ythadult_yge25,eco_isic4_f,2023,155.751
zmb,sex_m,age_ythadult_yge25,eco_isic4_f,2024,127.719
zmb,sex_m,age_ythadult_yge25,eco_isic4_g,2017,188.957
zmb,sex_m,age_ythadult_yge25,eco_isic4_g,2018,152.685
zmb,sex_m,age_ythadult_yge25,eco_isic4_g,2019,201.392
zmb,sex_m,age_ythadult_yge25,eco_isic4_g,2020,196.102
zmb,sex_m,age_ythadult_yge25,eco_isic4_g,2021,180.469
zmb,sex_m,age_ythadult_yge25,eco_isic4_g,2022,209.856
zmb,sex_m,age_ythadult_yge25,eco_isic4_g,2023,177.235
zmb,sex_m,age_ythadult_yge25,eco_isic4_g,2024,188.115
zmb,sex_m,age_ythadult_yge25,eco_isic4_h,2017,42.498
zmb,sex_m,age_ythadult_yge25,eco_isic4_h,2018,46.846
zmb,sex_m,age_ythadult_yge25,eco_isic4_h,2019,51.776
zmb,sex_m,age_ythadult_yge25,eco_isic4_h,2020,69.656
zmb,sex_m,age_ythadult_yge25,eco_isic4_h,2021,61.299
zmb,sex_m,age_ythadult_yge25,eco_isic4_h,2022,73.252
zmb,sex_m,age_ythadult_yge25,eco_isic4_h,2023,82.94
zmb,sex_m,age_ythadult_yge25,eco_isic4_h,2024,78.776
zmb,sex_m,age_ythadult_yge25,eco_isic4_i,2017,3.715
zmb,sex_m,age_ythadult_yge25,eco_isic4_i,2018,7.588
zmb,sex_m,age_ythadult_yge25,eco_isic4_i,2019,8.748
zmb,sex_m,age_ythadult_yge25,eco_isic4_i,2020,4.745
zmb,sex_m,age_ythadult_yge25,eco_isic4_i,2021,8.411
zmb,sex_m,age_ythadult_yge25,eco_isic4_i,2022,6.672
zmb,sex_m,age_ythadult_yge25,eco_isic4_i,2023,8.785
zmb,sex_m,age_ythadult_yge25,eco_isic4_i,2024,6.82
zmb,sex_m,age_ythadult_yge25,eco_isic4_j,2023,3.165
zmb,sex_m,age_ythadult_yge25,eco_isic4_k,2020,1.8
zmb,sex_m,age_ythadult_yge25,eco_isic4_k,2021,4.755
zmb,sex_m,age_ythadult_yge25,eco_isic4_k,2022,3.426
zmb,sex_m,age_ythadult_yge25,eco_isic4_k,2023,2.6
zmb,sex_m,age_ythadult_yge25,eco_isic4_k,2024,2.473
zmb,sex_m,age_ythadult_yge25,eco_isic4_l,2017,16.15
zmb,sex_m,age_ythadult_yge25,eco_isic4_l,2018,2.118
zmb,sex_m,age_ythadult_yge25,eco_isic4_l,2019,4.662
zmb,sex_m,age_ythadult_yge25,eco_isic4_l,2020,5.941
zmb,sex_m,age_ythadult_yge25,eco_isic4_l,2021,4.114
zmb,sex_m,age_ythadult_yge25,eco_isic4_l,2022,8.095
zmb,sex_m,age_ythadult_yge25,eco_isic4_l,2023,4.608
zmb,sex_m,age_ythadult_yge25,eco_isic4_l,2024,6.577
zmb,sex_m,age_ythadult_yge25,eco_isic4_m,2017,7.02
zmb,sex_m,age_ythadult_yge25,eco_isic4_m,2018,3.035
zmb,sex_m,age_ythadult_yge25,eco_isic4_m,2020,3.212
zmb,sex_m,age_ythadult_yge25,eco_isic4_m,2021,1.846
zmb,sex_m,age_ythadult_yge25,eco_isic4_m,2022,4.666
zmb,sex_m,age_ythadult_yge25,eco_isic4_m,2023,4.882
zmb,sex_m,age_ythadult_yge25,eco_isic4_m,2024,3.624
zmb,sex_m,age_ythadult_yge25,eco_isic4_n,2017,4.631
zmb,sex_m,age_ythadult_yge25,eco_isic4_n,2018,12.85
zmb,sex_m,age_ythadult_yge25,eco_isic4_n,2019,13.269
zmb,sex_m,age_ythadult_yge25,eco_isic4_n,2020,9.469
zmb,sex_m,age_ythadult_yge25,eco_isic4_n,2021,31.062
zmb,sex_m,age_ythadult_yge25,eco_isic4_n,2022,18.216
zmb,sex_m,age_ythadult_yge25,eco_isic4_n,2023,30.411
zmb,sex_m,age_ythadult_yge25,eco_isic4_n,2024,10.056
zmb,sex_m,age_ythadult_yge25,eco_isic4_p,2017,2.751
zmb,sex_m,age_ythadult_yge25,eco_isic4_p,2024,2.001
zmb,sex_m,age_ythadult_yge25,eco_isic4_q,2018,2.217
zmb,sex_m,age_ythadult_yge25,eco_isic4_q,2019,5.466
zmb,sex_m,age_ythadult_yge25,eco_isic4_q,2021,2.209
zmb,sex_m,age_ythadult_yge25,eco_isic4_q,2022,2.183
zmb,sex_m,age_ythadult_yge25,eco_isic4_q,2023,6.944
zmb,sex_m,age_ythadult_yge25,eco_isic4_q,2024,1.81
zmb,sex_m,age_ythadult_yge25,eco_isic4_r,2018,1.508
zmb,sex_m,age_ythadult_yge25,eco_isic4_r,2019,3.037
zmb,sex_m,age_ythadult_yge25,eco_isic4_r,2020,1.922
zmb,sex_m,age_ythadult_yge25,eco_isic4_r,2021,5.698
zmb,sex_m,age_ythadult_yge25,eco_isic4_r,2022,4.6
zmb,sex_m,age_ythadult_yge25,eco_isic4_r,2023,5.528
zmb,sex_m,age_ythadult_yge25,eco_isic4_s,2017,19.415
zmb,sex_m,age_ythadult_yge25,eco_isic4_s,2018,38.738
zmb,sex_m,age_ythadult_yge25,eco_isic4_s,2019,38.344
zmb,sex_m,age_ythadult_yge25,eco_isic4_s,2020,29.056
zmb,sex_m,age_ythadult_yge25,eco_isic4_s,2021,28.101
zmb,sex_m,age_ythadult_yge25,eco_isic4_s,2022,37.714
zmb,sex_m,age_ythadult_yge25,eco_isic4_s,2023,38.503
zmb,sex_m,age_ythadult_yge25,eco_isic4_s,2024,16.131
zmb,sex_m,age_ythadult_yge25,eco_isic4_t,2017,56.056
zmb,sex_m,age_ythadult_yge25,eco_isic4_t,2018,27.55
zmb,sex_m,age_ythadult_yge25,eco_isic4_t,2019,42.267
zmb,sex_m,age_ythadult_yge25,eco_isic4_t,2020,33.197
zmb,sex_m,age_ythadult_yge25,eco_isic4_t,2021,25.256
zmb,sex_m,age_ythadult_yge25,eco_isic4_t,2022,20.259
zmb,sex_m,age_ythadult_yge25,eco_isic4_t,2023,48.362
zmb,sex_m,age_ythadult_yge25,eco_isic4_t,2024,53.687
zmb,sex_m,age_ythadult_yge25,eco_isic4_total,2017,1494.818
zmb,sex_m,age_ythadult_yge25,eco_isic4_total,2018,1463.593
zmb,sex_m,age_ythadult_yge25,eco_isic4_total,2019,1556.259
zmb,sex_m,age_ythadult_yge25,eco_isic4_total,2020,1641.334
zmb,sex_m,age_ythadult_yge25,eco_isic4_total,2021,1657.352
zmb,sex_m,age_ythadult_yge25,eco_isic4_total,2022,1706.083
zmb,sex_m,age_ythadult_yge25,eco_isic4_total,2023,1969.234
zmb,sex_m,age_ythadult_yge25,eco_isic4_total,2024,2113.566
zmb,sex_m,age_ythadult_yge25,eco_isic4_u,2018,1.331
zmb,sex_m,age_ythadult_yge25,eco_isic4_u,2021,2.893
zmb,sex_m,age_ythadult_yge25,eco_sector_agr,2017,995.993
zmb,sex_m,age_ythadult_yge25,eco_sector_agr,2018,988.459
zmb,sex_m,age_ythadult_yge25,eco_sector_agr,2019,980.876
zmb,sex_m,age_ythadult_yge25,eco_sector_agr,2020,1083.603
zmb,sex_m,age_ythadult_yge25,eco_sector_agr,2021,1071.724
zmb,sex_m,age_ythadult_yge25,eco_sector_agr,2022,1090.046
zmb,sex_m,age_ythadult_yge25,eco_sector_agr,2023,1293.447
zmb,sex_m,age_ythadult_yge25,eco_sector_agr,2024,1533.068
zmb,sex_m,age_ythadult_yge25,eco_sector_ind,2017,154.766
zmb,sex_m,age_ythadult_yge25,eco_sector_ind,2018,172.33
zmb,sex_m,age_ythadult_yge25,eco_sector_ind,2019,193.378
zmb,sex_m,age_ythadult_yge25,eco_sector_ind,2020,196.509
zmb,sex_m,age_ythadult_yge25,eco_sector_ind,2021,226.375
zmb,sex_m,age_ythadult_yge25,eco_sector_ind,2022,225.666
zmb,sex_m,age_ythadult_yge25,eco_sector_ind,2023,259.358
zmb,sex_m,age_ythadult_yge25,eco_sector_ind,2024,207.622
zmb,sex_m,age_ythadult_yge25,eco_sector_nag,2017,498.826
zmb,sex_m,age_ythadult_yge25,eco_sector_nag,2018,475.134
zmb,sex_m,age_ythadult_yge25,eco_sector_nag,2019,575.383
zmb,sex_m,age_ythadult_yge25,eco_sector_nag,2020,557.731
zmb,sex_m,age_ythadult_yge25,eco_sector_nag,2021,585.628
zmb,sex_m,age_ythadult_yge25,eco_sector_nag,2022,616.037
zmb,sex_m,age_ythadult_yge25,eco_sector_nag,2023,675.788
zmb,sex_m,age_ythadult_yge25,eco_sector_nag,2024,580.499
zmb,sex_m,age_ythadult_yge25,eco_sector_ser,2017,344.06
zmb,sex_m,age_ythadult_yge25,eco_sector_ser,2018,302.804
zmb,sex_m,age_ythadult_yge25,eco_sector_ser,2019,382.005
zmb,sex_m,age_ythadult_yge25,eco_sector_ser,2020,361.222
zmb,sex_m,age_ythadult_yge25,eco_sector_ser,2021,359.252
zmb,sex_m,age_ythadult_yge25,eco_sector_ser,2022,390.371
zmb,sex_m,age_ythadult_yge25,eco_sector_ser,2023,416.43
zmb,sex_m,age_ythadult_yge25,eco_sector_ser,2024,372.877
zmb,sex_m,age_ythadult_yge25,eco_sector_total,2017,1494.818
zmb,sex_m,age_ythadult_yge25,eco_sector_total,2018,1463.593
zmb,sex_m,age_ythadult_yge25,eco_sector_total,2019,1556.259
zmb,sex_m,age_ythadult_yge25,eco_sector_total,2020,1641.334
zmb,sex_m,age_ythadult_yge25,eco_sector_total,2021,1657.352
zmb,sex_m,age_ythadult_yge25,eco_sector_total,2022,1706.083
zmb,sex_m,age_ythadult_yge25,eco_sector_total,2023,1969.234
zmb,sex_m,age_ythadult_yge25,eco_sector_total,2024,2113.566
zmb,sex_t,age_10yrbands_total,eco_aggregate_agr,2017,3056.16
zmb,sex_t,age_10yrbands_total,eco_aggregate_agr,2018,2994.727
zmb,sex_t,age_10yrbands_total,eco_aggregate_agr,2019,2951.359
zmb,sex_t,age_10yrbands_total,eco_aggregate_agr,2020,3221.025
zmb,sex_t,age_10yrbands_total,eco_aggregate_agr,2021,3168.327
zmb,sex_t,age_10yrbands_total,eco_aggregate_agr,2022,3128.417
zmb,sex_t,age_10yrbands_total,eco_aggregate_agr,2023,3648.5
zmb,sex_t,age_10yrbands_total,eco_aggregate_agr,2024,4167.868
zmb,sex_t,age_10yrbands_total,eco_aggregate_con,2017,90.521
zmb,sex_t,age_10yrbands_total,eco_aggregate_con,2018,113.682
zmb,sex_t,age_10yrbands_total,eco_aggregate_con,2019,114.706
zmb,sex_t,age_10yrbands_total,eco_aggregate_con,2020,119.256
zmb,sex_t,age_10yrbands_total,eco_aggregate_con,2021,129.61
zmb,sex_t,age_10yrbands_total,eco_aggregate_con,2022,115.762
zmb,sex_t,age_10yrbands_total,eco_aggregate_con,2023,184.916
zmb,sex_t,age_10yrbands_total,eco_aggregate_con,2024,144.278
zmb,sex_t,age_10yrbands_total,eco_aggregate_man,2017,126.504
zmb,sex_t,age_10yrbands_total,eco_aggregate_man,2018,124.456
zmb,sex_t,age_10yrbands_total,eco_aggregate_man,2019,131.741
zmb,sex_t,age_10yrbands_total,eco_aggregate_man,2020,144.26
zmb,sex_t,age_10yrbands_total,eco_aggregate_man,2021,192.663
zmb,sex_t,age_10yrbands_total,eco_aggregate_man,2022,182.603
zmb,sex_t,age_10yrbands_total,eco_aggregate_man,2023,156.952
zmb,sex_t,age_10yrbands_total,eco_aggregate_man,2024,151.195
zmb,sex_t,age_10yrbands_total,eco_aggregate_mel,2017,4.425
zmb,sex_t,age_10yrbands_total,eco_aggregate_mel,2018,11.81
zmb,sex_t,age_10yrbands_total,eco_aggregate_mel,2019,23.524
zmb,sex_t,age_10yrbands_total,eco_aggregate_mel,2020,13.76
zmb,sex_t,age_10yrbands_total,eco_aggregate_mel,2021,10.2
zmb,sex_t,age_10yrbands_total,eco_aggregate_mel,2022,17.569
zmb,sex_t,age_10yrbands_total,eco_aggregate_mel,2023,25.678
zmb,sex_t,age_10yrbands_total,eco_aggregate_mel,2024,22.338
zmb,sex_t,age_10yrbands_total,eco_aggregate_mkt,2017,700.801
zmb,sex_t,age_10yrbands_total,eco_aggregate_mkt,2018,615.268
zmb,sex_t,age_10yrbands_total,eco_aggregate_mkt,2019,773.027
zmb,sex_t,age_10yrbands_total,eco_aggregate_mkt,2020,767.19
zmb,sex_t,age_10yrbands_total,eco_aggregate_mkt,2021,811.814
zmb,sex_t,age_10yrbands_total,eco_aggregate_mkt,2022,902.405
zmb,sex_t,age_10yrbands_total,eco_aggregate_mkt,2023,924.387
zmb,sex_t,age_10yrbands_total,eco_aggregate_mkt,2024,847.757
zmb,sex_t,age_10yrbands_total,eco_aggregate_pub,2017,250.948
zmb,sex_t,age_10yrbands_total,eco_aggregate_pub,2018,206.777
zmb,sex_t,age_10yrbands_total,eco_aggregate_pub,2019,254.72
zmb,sex_t,age_10yrbands_total,eco_aggregate_pub,2020,205.776
zmb,sex_t,age_10yrbands_total,eco_aggregate_pub,2021,223.252
zmb,sex_t,age_10yrbands_total,eco_aggregate_pub,2022,231.778
zmb,sex_t,age_10yrbands_total,eco_aggregate_pub,2023,298.331
zmb,sex_t,age_10yrbands_total,eco_aggregate_pub,2024,263.576
zmb,sex_t,age_10yrbands_total,eco_aggregate_total,2017,4229.358
zmb,sex_t,age_10yrbands_total,eco_aggregate_total,2018,4066.719
zmb,sex_t,age_10yrbands_total,eco_aggregate_total,2019,4249.077
zmb,sex_t,age_10yrbands_total,eco_aggregate_total,2020,4471.267
zmb,sex_t,age_10yrbands_total,eco_aggregate_total,2021,4535.866
zmb,sex_t,age_10yrbands_total,eco_aggregate_total,2022,4578.534
zmb,sex_t,age_10yrbands_total,eco_aggregate_total,2023,5238.764
zmb,sex_t,age_10yrbands_total,eco_aggregate_total,2024,5597.011
zmb,sex_t,age_10yrbands_total,eco_sector_agr,2017,3056.16
zmb,sex_t,age_10yrbands_total,eco_sector_agr,2018,2994.727
zmb,sex_t,age_10yrbands_total,eco_sector_agr,2019,2951.359
zmb,sex_t,age_10yrbands_total,eco_sector_agr,2020,3221.025
zmb,sex_t,age_10yrbands_total,eco_sector_agr,2021,3168.327
zmb,sex_t,age_10yrbands_total,eco_sector_agr,2022,3128.417
zmb,sex_t,age_10yrbands_total,eco_sector_agr,2023,3648.5
zmb,sex_t,age_10yrbands_total,eco_sector_agr,2024,4167.868
zmb,sex_t,age_10yrbands_total,eco_sector_ind,2017,221.449
zmb,sex_t,age_10yrbands_total,eco_sector_ind,2018,249.948
zmb,sex_t,age_10yrbands_total,eco_sector_ind,2019,269.971
zmb,sex_t,age_10yrbands_total,eco_sector_ind,2020,277.275
zmb,sex_t,age_10yrbands_total,eco_sector_ind,2021,332.473
zmb,sex_t,age_10yrbands_total,eco_sector_ind,2022,315.934
zmb,sex_t,age_10yrbands_total,eco_sector_ind,2023,367.546
zmb,sex_t,age_10yrbands_total,eco_sector_ind,2024,317.81
zmb,sex_t,age_10yrbands_total,eco_sector_nag,2017,1173.197
zmb,sex_t,age_10yrbands_total,eco_sector_nag,2018,1071.993
zmb,sex_t,age_10yrbands_total,eco_sector_nag,2019,1297.718
zmb,sex_t,age_10yrbands_total,eco_sector_nag,2020,1250.242
zmb,sex_t,age_10yrbands_total,eco_sector_nag,2021,1367.538
zmb,sex_t,age_10yrbands_total,eco_sector_nag,2022,1450.117
zmb,sex_t,age_10yrbands_total,eco_sector_nag,2023,1590.264
zmb,sex_t,age_10yrbands_total,eco_sector_nag,2024,1429.143
zmb,sex_t,age_10yrbands_total,eco_sector_ser,2017,951.748
zmb,sex_t,age_10yrbands_total,eco_sector_ser,2018,822.045
zmb,sex_t,age_10yrbands_total,eco_sector_ser,2019,1027.746
zmb,sex_t,age_10yrbands_total,eco_sector_ser,2020,972.967
zmb,sex_t,age_10yrbands_total,eco_sector_ser,2021,1035.066
zmb,sex_t,age_10yrbands_total,eco_sector_ser,2022,1134.183
zmb,sex_t,age_10yrbands_total,eco_sector_ser,2023,1222.718
zmb,sex_t,age_10yrbands_total,eco_sector_ser,2024,1111.333
zmb,sex_t,age_10yrbands_total,eco_sector_total,2017,4229.358
zmb,sex_t,age_10yrbands_total,eco_sector_total,2018,4066.719
zmb,sex_t,age_10yrbands_total,eco_sector_total,2019,4249.077
zmb,sex_t,age_10yrbands_total,eco_sector_total,2020,4471.267
zmb,sex_t,age_10yrbands_total,eco_sector_total,2021,4535.866
zmb,sex_t,age_10yrbands_total,eco_sector_total,2022,4578.534
zmb,sex_t,age_10yrbands_total,eco_sector_total,2023,5238.764
zmb,sex_t,age_10yrbands_total,eco_sector_total,2024,5597.011
zmb,sex_t,age_10yrbands_y15_24,eco_aggregate_agr,2017,926.69
zmb,sex_t,age_10yrbands_y15_24,eco_aggregate_agr,2018,847.264
zmb,sex_t,age_10yrbands_y15_24,eco_aggregate_agr,2019,881.086
zmb,sex_t,age_10yrbands_y15_24,eco_aggregate_agr,2020,977.623
zmb,sex_t,age_10yrbands_y15_24,eco_aggregate_agr,2021,930.316
zmb,sex_t,age_10yrbands_y15_24,eco_aggregate_agr,2022,895.328
zmb,sex_t,age_10yrbands_y15_24,eco_aggregate_agr,2023,1015.571
zmb,sex_t,age_10yrbands_y15_24,eco_aggregate_agr,2024,1185.501
zmb,sex_t,age_10yrbands_y15_24,eco_aggregate_con,2017,11.687
zmb,sex_t,age_10yrbands_y15_24,eco_aggregate_con,2018,17.114
zmb,sex_t,age_10yrbands_y15_24,eco_aggregate_con,2019,16.084
zmb,sex_t,age_10yrbands_y15_24,eco_aggregate_con,2020,11.823
zmb,sex_t,age_10yrbands_y15_24,eco_aggregate_con,2021,17.246
zmb,sex_t,age_10yrbands_y15_24,eco_aggregate_con,2022,11.061
zmb,sex_t,age_10yrbands_y15_24,eco_aggregate_con,2023,28.573
zmb,sex_t,age_10yrbands_y15_24,eco_aggregate_con,2024,14.99
zmb,sex_t,age_10yrbands_y15_24,eco_aggregate_man,2017,14.123
zmb,sex_t,age_10yrbands_y15_24,eco_aggregate_man,2018,19.065
zmb,sex_t,age_10yrbands_y15_24,eco_aggregate_man,2019,15.312
zmb,sex_t,age_10yrbands_y15_24,eco_aggregate_man,2020,18.015
zmb,sex_t,age_10yrbands_y15_24,eco_aggregate_man,2021,29.526
zmb,sex_t,age_10yrbands_y15_24,eco_aggregate_man,2022,16.977
zmb,sex_t,age_10yrbands_y15_24,eco_aggregate_man,2023,22.429
zmb,sex_t,age_10yrbands_y15_24,eco_aggregate_man,2024,22.211
zmb,sex_t,age_10yrbands_y15_24,eco_aggregate_mel,2018,1.591
zmb,sex_t,age_10yrbands_y15_24,eco_aggregate_mel,2019,3.131
zmb,sex_t,age_10yrbands_y15_24,eco_aggregate_mel,2022,2.041
zmb,sex_t,age_10yrbands_y15_24,eco_aggregate_mel,2023,5.695
zmb,sex_t,age_10yrbands_y15_24,eco_aggregate_mel,2024,6.084
zmb,sex_t,age_10yrbands_y15_24,eco_aggregate_mkt,2017,96.193
zmb,sex_t,age_10yrbands_y15_24,eco_aggregate_mkt,2018,78.858
zmb,sex_t,age_10yrbands_y15_24,eco_aggregate_mkt,2019,107.705
zmb,sex_t,age_10yrbands_y15_24,eco_aggregate_mkt,2020,108.646
zmb,sex_t,age_10yrbands_y15_24,eco_aggregate_mkt,2021,121.237
zmb,sex_t,age_10yrbands_y15_24,eco_aggregate_mkt,2022,126.778
zmb,sex_t,age_10yrbands_y15_24,eco_aggregate_mkt,2023,129.992
zmb,sex_t,age_10yrbands_y15_24,eco_aggregate_mkt,2024,117.167
zmb,sex_t,age_10yrbands_y15_24,eco_aggregate_pub,2017,56.937
zmb,sex_t,age_10yrbands_y15_24,eco_aggregate_pub,2018,45.777
zmb,sex_t,age_10yrbands_y15_24,eco_aggregate_pub,2019,41.552
zmb,sex_t,age_10yrbands_y15_24,eco_aggregate_pub,2020,40.019
zmb,sex_t,age_10yrbands_y15_24,eco_aggregate_pub,2021,50.909
zmb,sex_t,age_10yrbands_y15_24,eco_aggregate_pub,2022,48.076
zmb,sex_t,age_10yrbands_y15_24,eco_aggregate_pub,2023,51.401
zmb,sex_t,age_10yrbands_y15_24,eco_aggregate_pub,2024,59.146
zmb,sex_t,age_10yrbands_y15_24,eco_aggregate_total,2017,1105.628
zmb,sex_t,age_10yrbands_y15_24,eco_aggregate_total,2018,1009.669
zmb,sex_t,age_10yrbands_y15_24,eco_aggregate_total,2019,1064.871
zmb,sex_t,age_10yrbands_y15_24,eco_aggregate_total,2020,1157.145
zmb,sex_t,age_10yrbands_y15_24,eco_aggregate_total,2021,1150.38
zmb,sex_t,age_10yrbands_y15_24,eco_aggregate_total,2022,1100.261
zmb,sex_t,age_10yrbands_y15_24,eco_aggregate_total,2023,1253.661
zmb,sex_t,age_10yrbands_y15_24,eco_aggregate_total,2024,1405.098
zmb,sex_t,age_10yrbands_y15_24,eco_sector_agr,2017,926.69
zmb,sex_t,age_10yrbands_y15_24,eco_sector_agr,2018,847.264
zmb,sex_t,age_10yrbands_y15_24,eco_sector_agr,2019,881.086
zmb,sex_t,age_10yrbands_y15_24,eco_sector_agr,2020,977.623
zmb,sex_t,age_10yrbands_y15_24,eco_sector_agr,2021,930.316
zmb,sex_t,age_10yrbands_y15_24,eco_sector_agr,2022,895.328
zmb,sex_t,age_10yrbands_y15_24,eco_sector_agr,2023,1015.571
zmb,sex_t,age_10yrbands_y15_24,eco_sector_agr,2024,1185.501
zmb,sex_t,age_10yrbands_y15_24,eco_sector_ind,2017,25.809
zmb,sex_t,age_10yrbands_y15_24,eco_sector_ind,2018,37.771
zmb,sex_t,age_10yrbands_y15_24,eco_sector_ind,2019,34.527
zmb,sex_t,age_10yrbands_y15_24,eco_sector_ind,2020,30.857
zmb,sex_t,age_10yrbands_y15_24,eco_sector_ind,2021,47.919
zmb,sex_t,age_10yrbands_y15_24,eco_sector_ind,2022,30.079
zmb,sex_t,age_10yrbands_y15_24,eco_sector_ind,2023,56.697
zmb,sex_t,age_10yrbands_y15_24,eco_sector_ind,2024,43.285
zmb,sex_t,age_10yrbands_y15_24,eco_sector_nag,2017,178.939
zmb,sex_t,age_10yrbands_y15_24,eco_sector_nag,2018,162.405
zmb,sex_t,age_10yrbands_y15_24,eco_sector_nag,2019,183.784
zmb,sex_t,age_10yrbands_y15_24,eco_sector_nag,2020,179.523
zmb,sex_t,age_10yrbands_y15_24,eco_sector_nag,2021,220.064
zmb,sex_t,age_10yrbands_y15_24,eco_sector_nag,2022,204.932
zmb,sex_t,age_10yrbands_y15_24,eco_sector_nag,2023,238.09
zmb,sex_t,age_10yrbands_y15_24,eco_sector_nag,2024,219.598
zmb,sex_t,age_10yrbands_y15_24,eco_sector_ser,2017,153.13
zmb,sex_t,age_10yrbands_y15_24,eco_sector_ser,2018,124.634
zmb,sex_t,age_10yrbands_y15_24,eco_sector_ser,2019,149.257
zmb,sex_t,age_10yrbands_y15_24,eco_sector_ser,2020,148.665
zmb,sex_t,age_10yrbands_y15_24,eco_sector_ser,2021,172.146
zmb,sex_t,age_10yrbands_y15_24,eco_sector_ser,2022,174.853
zmb,sex_t,age_10yrbands_y15_24,eco_sector_ser,2023,181.393
zmb,sex_t,age_10yrbands_y15_24,eco_sector_ser,2024,176.313
zmb,sex_t,age_10yrbands_y15_24,eco_sector_total,2017,1105.628
zmb,sex_t,age_10yrbands_y15_24,eco_sector_total,2018,1009.669
zmb,sex_t,age_10yrbands_y15_24,eco_sector_total,2019,1064.871
zmb,sex_t,age_10yrbands_y15_24,eco_sector_total,2020,1157.145
zmb,sex_t,age_10yrbands_y15_24,eco_sector_total,2021,1150.38
zmb,sex_t,age_10yrbands_y15_24,eco_sector_total,2022,1100.261
zmb,sex_t,age_10yrbands_y15_24,eco_sector_total,2023,1253.661
zmb,sex_t,age_10yrbands_y15_24,eco_sector_total,2024,1405.098
zmb,sex_t,age_10yrbands_y25_34,eco_aggregate_agr,2017,724.126
zmb,sex_t,age_10yrbands_y25_34,eco_aggregate_agr,2018,752.66
zmb,sex_t,age_10yrbands_y25_34,eco_aggregate_agr,2019,676.116
zmb,sex_t,age_10yrbands_y25_34,eco_aggregate_agr,2020,822.939
zmb,sex_t,age_10yrbands_y25_34,eco_aggregate_agr,2021,819.405
zmb,sex_t,age_10yrbands_y25_34,eco_aggregate_agr,2022,796.278
zmb,sex_t,age_10yrbands_y25_34,eco_aggregate_agr,2023,962.913
zmb,sex_t,age_10yrbands_y25_34,eco_aggregate_agr,2024,1042.407
zmb,sex_t,age_10yrbands_y25_34,eco_aggregate_con,2017,29.51
zmb,sex_t,age_10yrbands_y25_34,eco_aggregate_con,2018,42.302
zmb,sex_t,age_10yrbands_y25_34,eco_aggregate_con,2019,37.341
zmb,sex_t,age_10yrbands_y25_34,eco_aggregate_con,2020,42.469
zmb,sex_t,age_10yrbands_y25_34,eco_aggregate_con,2021,46.32
zmb,sex_t,age_10yrbands_y25_34,eco_aggregate_con,2022,40.578
zmb,sex_t,age_10yrbands_y25_34,eco_aggregate_con,2023,58.403
zmb,sex_t,age_10yrbands_y25_34,eco_aggregate_con,2024,48.504
zmb,sex_t,age_10yrbands_y25_34,eco_aggregate_man,2017,40.881
zmb,sex_t,age_10yrbands_y25_34,eco_aggregate_man,2018,35.036
zmb,sex_t,age_10yrbands_y25_34,eco_aggregate_man,2019,26.409
zmb,sex_t,age_10yrbands_y25_34,eco_aggregate_man,2020,39.541
zmb,sex_t,age_10yrbands_y25_34,eco_aggregate_man,2021,47.643
zmb,sex_t,age_10yrbands_y25_34,eco_aggregate_man,2022,56.996
zmb,sex_t,age_10yrbands_y25_34,eco_aggregate_man,2023,39.81
zmb,sex_t,age_10yrbands_y25_34,eco_aggregate_man,2024,47.607
zmb,sex_t,age_10yrbands_y25_34,eco_aggregate_mel,2017,1.652
zmb,sex_t,age_10yrbands_y25_34,eco_aggregate_mel,2018,4.291
zmb,sex_t,age_10yrbands_y25_34,eco_aggregate_mel,2019,7.829
zmb,sex_t,age_10yrbands_y25_34,eco_aggregate_mel,2020,6.422
zmb,sex_t,age_10yrbands_y25_34,eco_aggregate_mel,2021,4.448
zmb,sex_t,age_10yrbands_y25_34,eco_aggregate_mel,2022,8.3
zmb,sex_t,age_10yrbands_y25_34,eco_aggregate_mel,2023,6.37
zmb,sex_t,age_10yrbands_y25_34,eco_aggregate_mel,2024,8.638
zmb,sex_t,age_10yrbands_y25_34,eco_aggregate_mkt,2017,219.21
zmb,sex_t,age_10yrbands_y25_34,eco_aggregate_mkt,2018,198.658
zmb,sex_t,age_10yrbands_y25_34,eco_aggregate_mkt,2019,229.792
zmb,sex_t,age_10yrbands_y25_34,eco_aggregate_mkt,2020,262.754
zmb,sex_t,age_10yrbands_y25_34,eco_aggregate_mkt,2021,284.863
zmb,sex_t,age_10yrbands_y25_34,eco_aggregate_mkt,2022,301.064
zmb,sex_t,age_10yrbands_y25_34,eco_aggregate_mkt,2023,302.143
zmb,sex_t,age_10yrbands_y25_34,eco_aggregate_mkt,2024,273.592
zmb,sex_t,age_10yrbands_y25_34,eco_aggregate_pub,2017,92.289
zmb,sex_t,age_10yrbands_y25_34,eco_aggregate_pub,2018,76.719
zmb,sex_t,age_10yrbands_y25_34,eco_aggregate_pub,2019,105.982
zmb,sex_t,age_10yrbands_y25_34,eco_aggregate_pub,2020,84.738
zmb,sex_t,age_10yrbands_y25_34,eco_aggregate_pub,2021,77.33
zmb,sex_t,age_10yrbands_y25_34,eco_aggregate_pub,2022,93.616
zmb,sex_t,age_10yrbands_y25_34,eco_aggregate_pub,2023,118.153
zmb,sex_t,age_10yrbands_y25_34,eco_aggregate_pub,2024,106.656
zmb,sex_t,age_10yrbands_y25_34,eco_aggregate_total,2017,1107.668
zmb,sex_t,age_10yrbands_y25_34,eco_aggregate_total,2018,1109.666
zmb,sex_t,age_10yrbands_y25_34,eco_aggregate_total,2019,1083.471
zmb,sex_t,age_10yrbands_y25_34,eco_aggregate_total,2020,1258.862
zmb,sex_t,age_10yrbands_y25_34,eco_aggregate_total,2021,1280.009
zmb,sex_t,age_10yrbands_y25_34,eco_aggregate_total,2022,1296.833
zmb,sex_t,age_10yrbands_y25_34,eco_aggregate_total,2023,1487.792
zmb,sex_t,age_10yrbands_y25_34,eco_aggregate_total,2024,1527.403
zmb,sex_t,age_10yrbands_y25_34,eco_sector_agr,2017,724.126
zmb,sex_t,age_10yrbands_y25_34,eco_sector_agr,2018,752.66
zmb,sex_t,age_10yrbands_y25_34,eco_sector_agr,2019,676.116
zmb,sex_t,age_10yrbands_y25_34,eco_sector_agr,2020,822.939
zmb,sex_t,age_10yrbands_y25_34,eco_sector_agr,2021,819.405
zmb,sex_t,age_10yrbands_y25_34,eco_sector_agr,2022,796.278
zmb,sex_t,age_10yrbands_y25_34,eco_sector_agr,2023,962.913
zmb,sex_t,age_10yrbands_y25_34,eco_sector_agr,2024,1042.407
zmb,sex_t,age_10yrbands_y25_34,eco_sector_ind,2017,72.042
zmb,sex_t,age_10yrbands_y25_34,eco_sector_ind,2018,81.629
zmb,sex_t,age_10yrbands_y25_34,eco_sector_ind,2019,71.58
zmb,sex_t,age_10yrbands_y25_34,eco_sector_ind,2020,88.432
zmb,sex_t,age_10yrbands_y25_34,eco_sector_ind,2021,98.411
zmb,sex_t,age_10yrbands_y25_34,eco_sector_ind,2022,105.874
zmb,sex_t,age_10yrbands_y25_34,eco_sector_ind,2023,104.583
zmb,sex_t,age_10yrbands_y25_34,eco_sector_ind,2024,104.749
zmb,sex_t,age_10yrbands_y25_34,eco_sector_nag,2017,383.541
zmb,sex_t,age_10yrbands_y25_34,eco_sector_nag,2018,357.006
zmb,sex_t,age_10yrbands_y25_34,eco_sector_nag,2019,407.354
zmb,sex_t,age_10yrbands_y25_34,eco_sector_nag,2020,435.924
zmb,sex_t,age_10yrbands_y25_34,eco_sector_nag,2021,460.604
zmb,sex_t,age_10yrbands_y25_34,eco_sector_nag,2022,500.555
zmb,sex_t,age_10yrbands_y25_34,eco_sector_nag,2023,524.879
zmb,sex_t,age_10yrbands_y25_34,eco_sector_nag,2024,484.997
zmb,sex_t,age_10yrbands_y25_34,eco_sector_ser,2017,311.499
zmb,sex_t,age_10yrbands_y25_34,eco_sector_ser,2018,275.377
zmb,sex_t,age_10yrbands_y25_34,eco_sector_ser,2019,335.775
zmb,sex_t,age_10yrbands_y25_34,eco_sector_ser,2020,347.492
zmb,sex_t,age_10yrbands_y25_34,eco_sector_ser,2021,362.193
zmb,sex_t,age_10yrbands_y25_34,eco_sector_ser,2022,394.68
zmb,sex_t,age_10yrbands_y25_34,eco_sector_ser,2023,420.296
zmb,sex_t,age_10yrbands_y25_34,eco_sector_ser,2024,380.247
zmb,sex_t,age_10yrbands_y25_34,eco_sector_total,2017,1107.668
zmb,sex_t,age_10yrbands_y25_34,eco_sector_total,2018,1109.666
zmb,sex_t,age_10yrbands_y25_34,eco_sector_total,2019,1083.471
zmb,sex_t,age_10yrbands_y25_34,eco_sector_total,2020,1258.862
zmb,sex_t,age_10yrbands_y25_34,eco_sector_total,2021,1280.009
zmb,sex_t,age_10yrbands_y25_34,eco_sector_total,2022,1296.833
zmb,sex_t,age_10yrbands_y25_34,eco_sector_total,2023,1487.792
zmb,sex_t,age_10yrbands_y25_34,eco_sector_total,2024,1527.403
zmb,sex_t,age_10yrbands_y35_44,eco_aggregate_agr,2017,563.511
zmb,sex_t,age_10yrbands_y35_44,eco_aggregate_agr,2018,569.613
zmb,sex_t,age_10yrbands_y35_44,eco_aggregate_agr,2019,572.854
zmb,sex_t,age_10yrbands_y35_44,eco_aggregate_agr,2020,588.819
zmb,sex_t,age_10yrbands_y35_44,eco_aggregate_agr,2021,565.564
zmb,sex_t,age_10yrbands_y35_44,eco_aggregate_agr,2022,566.392
zmb,sex_t,age_10yrbands_y35_44,eco_aggregate_agr,2023,687.128
zmb,sex_t,age_10yrbands_y35_44,eco_aggregate_agr,2024,810.773
zmb,sex_t,age_10yrbands_y35_44,eco_aggregate_con,2017,28.298
zmb,sex_t,age_10yrbands_y35_44,eco_aggregate_con,2018,31.695
zmb,sex_t,age_10yrbands_y35_44,eco_aggregate_con,2019,35.581
zmb,sex_t,age_10yrbands_y35_44,eco_aggregate_con,2020,41.11
zmb,sex_t,age_10yrbands_y35_44,eco_aggregate_con,2021,37.062
zmb,sex_t,age_10yrbands_y35_44,eco_aggregate_con,2022,30.416
zmb,sex_t,age_10yrbands_y35_44,eco_aggregate_con,2023,58.863
zmb,sex_t,age_10yrbands_y35_44,eco_aggregate_con,2024,45.405
zmb,sex_t,age_10yrbands_y35_44,eco_aggregate_man,2017,36.403
zmb,sex_t,age_10yrbands_y35_44,eco_aggregate_man,2018,37.736
zmb,sex_t,age_10yrbands_y35_44,eco_aggregate_man,2019,41.929
zmb,sex_t,age_10yrbands_y35_44,eco_aggregate_man,2020,39.245
zmb,sex_t,age_10yrbands_y35_44,eco_aggregate_man,2021,58.303
zmb,sex_t,age_10yrbands_y35_44,eco_aggregate_man,2022,52.678
zmb,sex_t,age_10yrbands_y35_44,eco_aggregate_man,2023,40.584
zmb,sex_t,age_10yrbands_y35_44,eco_aggregate_man,2024,31.178
zmb,sex_t,age_10yrbands_y35_44,eco_aggregate_mel,2018,2.099
zmb,sex_t,age_10yrbands_y35_44,eco_aggregate_mel,2019,5.799
zmb,sex_t,age_10yrbands_y35_44,eco_aggregate_mel,2020,2.884
zmb,sex_t,age_10yrbands_y35_44,eco_aggregate_mel,2021,1.775
zmb,sex_t,age_10yrbands_y35_44,eco_aggregate_mel,2022,5.514
zmb,sex_t,age_10yrbands_y35_44,eco_aggregate_mel,2023,10.398
zmb,sex_t,age_10yrbands_y35_44,eco_aggregate_mel,2024,4.996
zmb,sex_t,age_10yrbands_y35_44,eco_aggregate_mkt,2017,198.035
zmb,sex_t,age_10yrbands_y35_44,eco_aggregate_mkt,2018,182.522
zmb,sex_t,age_10yrbands_y35_44,eco_aggregate_mkt,2019,250.623
zmb,sex_t,age_10yrbands_y35_44,eco_aggregate_mkt,2020,226.255
zmb,sex_t,age_10yrbands_y35_44,eco_aggregate_mkt,2021,227.971
zmb,sex_t,age_10yrbands_y35_44,eco_aggregate_mkt,2022,250.684
zmb,sex_t,age_10yrbands_y35_44,eco_aggregate_mkt,2023,270.236
zmb,sex_t,age_10yrbands_y35_44,eco_aggregate_mkt,2024,238.993
zmb,sex_t,age_10yrbands_y35_44,eco_aggregate_pub,2017,63.708
zmb,sex_t,age_10yrbands_y35_44,eco_aggregate_pub,2018,52.395
zmb,sex_t,age_10yrbands_y35_44,eco_aggregate_pub,2019,58.063
zmb,sex_t,age_10yrbands_y35_44,eco_aggregate_pub,2020,47.463
zmb,sex_t,age_10yrbands_y35_44,eco_aggregate_pub,2021,58.842
zmb,sex_t,age_10yrbands_y35_44,eco_aggregate_pub,2022,55.328
zmb,sex_t,age_10yrbands_y35_44,eco_aggregate_pub,2023,76.774
zmb,sex_t,age_10yrbands_y35_44,eco_aggregate_pub,2024,55.889
zmb,sex_t,age_10yrbands_y35_44,eco_aggregate_total,2017,890.968
zmb,sex_t,age_10yrbands_y35_44,eco_aggregate_total,2018,876.059
zmb,sex_t,age_10yrbands_y35_44,eco_aggregate_total,2019,964.848
zmb,sex_t,age_10yrbands_y35_44,eco_aggregate_total,2020,945.776
zmb,sex_t,age_10yrbands_y35_44,eco_aggregate_total,2021,949.517
zmb,sex_t,age_10yrbands_y35_44,eco_aggregate_total,2022,961.012
zmb,sex_t,age_10yrbands_y35_44,eco_aggregate_total,2023,1143.983
zmb,sex_t,age_10yrbands_y35_44,eco_aggregate_total,2024,1187.233
zmb,sex_t,age_10yrbands_y35_44,eco_sector_agr,2017,563.511
zmb,sex_t,age_10yrbands_y35_44,eco_sector_agr,2018,569.613
zmb,sex_t,age_10yrbands_y35_44,eco_sector_agr,2019,572.854
zmb,sex_t,age_10yrbands_y35_44,eco_sector_agr,2020,588.819
zmb,sex_t,age_10yrbands_y35_44,eco_sector_agr,2021,565.564
zmb,sex_t,age_10yrbands_y35_44,eco_sector_agr,2022,566.392
zmb,sex_t,age_10yrbands_y35_44,eco_sector_agr,2023,687.128
zmb,sex_t,age_10yrbands_y35_44,eco_sector_agr,2024,810.773
zmb,sex_t,age_10yrbands_y35_44,eco_sector_ind,2017,65.714
zmb,sex_t,age_10yrbands_y35_44,eco_sector_ind,2018,71.53
zmb,sex_t,age_10yrbands_y35_44,eco_sector_ind,2019,83.308
zmb,sex_t,age_10yrbands_y35_44,eco_sector_ind,2020,83.238
zmb,sex_t,age_10yrbands_y35_44,eco_sector_ind,2021,97.14
zmb,sex_t,age_10yrbands_y35_44,eco_sector_ind,2022,88.608
zmb,sex_t,age_10yrbands_y35_44,eco_sector_ind,2023,109.845
zmb,sex_t,age_10yrbands_y35_44,eco_sector_ind,2024,81.579
zmb,sex_t,age_10yrbands_y35_44,eco_sector_nag,2017,327.457
zmb,sex_t,age_10yrbands_y35_44,eco_sector_nag,2018,306.446
zmb,sex_t,age_10yrbands_y35_44,eco_sector_nag,2019,391.994
zmb,sex_t,age_10yrbands_y35_44,eco_sector_nag,2020,356.957
zmb,sex_t,age_10yrbands_y35_44,eco_sector_nag,2021,383.954
zmb,sex_t,age_10yrbands_y35_44,eco_sector_nag,2022,394.62
zmb,sex_t,age_10yrbands_y35_44,eco_sector_nag,2023,456.855
zmb,sex_t,age_10yrbands_y35_44,eco_sector_nag,2024,376.461
zmb,sex_t,age_10yrbands_y35_44,eco_sector_ser,2017,261.743
zmb,sex_t,age_10yrbands_y35_44,eco_sector_ser,2018,234.917
zmb,sex_t,age_10yrbands_y35_44,eco_sector_ser,2019,308.686
zmb,sex_t,age_10yrbands_y35_44,eco_sector_ser,2020,273.719
zmb,sex_t,age_10yrbands_y35_44,eco_sector_ser,2021,286.813
zmb,sex_t,age_10yrbands_y35_44,eco_sector_ser,2022,306.012
zmb,sex_t,age_10yrbands_y35_44,eco_sector_ser,2023,347.01
zmb,sex_t,age_10yrbands_y35_44,eco_sector_ser,2024,294.881
zmb,sex_t,age_10yrbands_y35_44,eco_sector_total,2017,890.968
zmb,sex_t,age_10yrbands_y35_44,eco_sector_total,2018,876.059
zmb,sex_t,age_10yrbands_y35_44,eco_sector_total,2019,964.848
zmb,sex_t,age_10yrbands_y35_44,eco_sector_total,2020,945.776
zmb,sex_t,age_10yrbands_y35_44,eco_sector_total,2021,949.517
zmb,sex_t,age_10yrbands_y35_44,eco_sector_total,2022,961.012
zmb,sex_t,age_10yrbands_y35_44,eco_sector_total,2023,1143.983
zmb,sex_t,age_10yrbands_y35_44,eco_sector_total,2024,1187.233
zmb,sex_t,age_10yrbands_y45_54,eco_aggregate_agr,2017,369.471
zmb,sex_t,age_10yrbands_y45_54,eco_aggregate_agr,2018,377.944
zmb,sex_t,age_10yrbands_y45_54,eco_aggregate_agr,2019,402.298
zmb,sex_t,age_10yrbands_y45_54,eco_aggregate_agr,2020,390.221
zmb,sex_t,age_10yrbands_y45_54,eco_aggregate_agr,2021,413.165
zmb,sex_t,age_10yrbands_y45_54,eco_aggregate_agr,2022,418.392
zmb,sex_t,age_10yrbands_y45_54,eco_aggregate_agr,2023,436.552
zmb,sex_t,age_10yrbands_y45_54,eco_aggregate_agr,2024,577.904
zmb,sex_t,age_10yrbands_y45_54,eco_aggregate_con,2017,16.335
zmb,sex_t,age_10yrbands_y45_54,eco_aggregate_con,2018,12.558
zmb,sex_t,age_10yrbands_y45_54,eco_aggregate_con,2019,12.602
zmb,sex_t,age_10yrbands_y45_54,eco_aggregate_con,2020,20.233
zmb,sex_t,age_10yrbands_y45_54,eco_aggregate_con,2021,24.488
zmb,sex_t,age_10yrbands_y45_54,eco_aggregate_con,2022,23.365
zmb,sex_t,age_10yrbands_y45_54,eco_aggregate_con,2023,25.01
zmb,sex_t,age_10yrbands_y45_54,eco_aggregate_con,2024,25.467
zmb,sex_t,age_10yrbands_y45_54,eco_aggregate_man,2017,19.176
zmb,sex_t,age_10yrbands_y45_54,eco_aggregate_man,2018,21.74
zmb,sex_t,age_10yrbands_y45_54,eco_aggregate_man,2019,27.234
zmb,sex_t,age_10yrbands_y45_54,eco_aggregate_man,2020,30.305
zmb,sex_t,age_10yrbands_y45_54,eco_aggregate_man,2021,32.111
zmb,sex_t,age_10yrbands_y45_54,eco_aggregate_man,2022,35.777
zmb,sex_t,age_10yrbands_y45_54,eco_aggregate_man,2023,32.368
zmb,sex_t,age_10yrbands_y45_54,eco_aggregate_man,2024,26.094
zmb,sex_t,age_10yrbands_y45_54,eco_aggregate_mel,2019,4.926
zmb,sex_t,age_10yrbands_y45_54,eco_aggregate_mel,2023,1.645
zmb,sex_t,age_10yrbands_y45_54,eco_aggregate_mkt,2017,110.584
zmb,sex_t,age_10yrbands_y45_54,eco_aggregate_mkt,2018,96.573
zmb,sex_t,age_10yrbands_y45_54,eco_aggregate_mkt,2019,115.564
zmb,sex_t,age_10yrbands_y45_54,eco_aggregate_mkt,2020,89.828
zmb,sex_t,age_10yrbands_y45_54,eco_aggregate_mkt,2021,112.513
zmb,sex_t,age_10yrbands_y45_54,eco_aggregate_mkt,2022,134.813
zmb,sex_t,age_10yrbands_y45_54,eco_aggregate_mkt,2023,141.682
zmb,sex_t,age_10yrbands_y45_54,eco_aggregate_mkt,2024,138.644
zmb,sex_t,age_10yrbands_y45_54,eco_aggregate_pub,2017,23.962
zmb,sex_t,age_10yrbands_y45_54,eco_aggregate_pub,2018,17.729
zmb,sex_t,age_10yrbands_y45_54,eco_aggregate_pub,2019,32.525
zmb,sex_t,age_10yrbands_y45_54,eco_aggregate_pub,2020,25.029
zmb,sex_t,age_10yrbands_y45_54,eco_aggregate_pub,2021,23.982
zmb,sex_t,age_10yrbands_y45_54,eco_aggregate_pub,2022,26.631
zmb,sex_t,age_10yrbands_y45_54,eco_aggregate_pub,2023,39.008
zmb,sex_t,age_10yrbands_y45_54,eco_aggregate_pub,2024,28.659
zmb,sex_t,age_10yrbands_y45_54,eco_aggregate_total,2017,540.82
zmb,sex_t,age_10yrbands_y45_54,eco_aggregate_total,2018,528.608
zmb,sex_t,age_10yrbands_y45_54,eco_aggregate_total,2019,595.15
zmb,sex_t,age_10yrbands_y45_54,eco_aggregate_total,2020,557.701
zmb,sex_t,age_10yrbands_y45_54,eco_aggregate_total,2021,606.619
zmb,sex_t,age_10yrbands_y45_54,eco_aggregate_total,2022,639.792
zmb,sex_t,age_10yrbands_y45_54,eco_aggregate_total,2023,676.264
zmb,sex_t,age_10yrbands_y45_54,eco_aggregate_total,2024,798.129
zmb,sex_t,age_10yrbands_y45_54,eco_sector_agr,2017,369.471
zmb,sex_t,age_10yrbands_y45_54,eco_sector_agr,2018,377.944
zmb,sex_t,age_10yrbands_y45_54,eco_sector_agr,2019,402.298
zmb,sex_t,age_10yrbands_y45_54,eco_sector_agr,2020,390.221
zmb,sex_t,age_10yrbands_y45_54,eco_sector_agr,2021,413.165
zmb,sex_t,age_10yrbands_y45_54,eco_sector_agr,2022,418.392
zmb,sex_t,age_10yrbands_y45_54,eco_sector_agr,2023,436.552
zmb,sex_t,age_10yrbands_y45_54,eco_sector_agr,2024,577.904
zmb,sex_t,age_10yrbands_y45_54,eco_sector_ind,2017,36.804
zmb,sex_t,age_10yrbands_y45_54,eco_sector_ind,2018,36.362
zmb,sex_t,age_10yrbands_y45_54,eco_sector_ind,2019,44.762
zmb,sex_t,age_10yrbands_y45_54,eco_sector_ind,2020,52.623
zmb,sex_t,age_10yrbands_y45_54,eco_sector_ind,2021,56.96
zmb,sex_t,age_10yrbands_y45_54,eco_sector_ind,2022,59.957
zmb,sex_t,age_10yrbands_y45_54,eco_sector_ind,2023,59.023
zmb,sex_t,age_10yrbands_y45_54,eco_sector_ind,2024,52.923
zmb,sex_t,age_10yrbands_y45_54,eco_sector_nag,2017,171.349
zmb,sex_t,age_10yrbands_y45_54,eco_sector_nag,2018,150.664
zmb,sex_t,age_10yrbands_y45_54,eco_sector_nag,2019,192.851
zmb,sex_t,age_10yrbands_y45_54,eco_sector_nag,2020,167.48
zmb,sex_t,age_10yrbands_y45_54,eco_sector_nag,2021,193.454
zmb,sex_t,age_10yrbands_y45_54,eco_sector_nag,2022,221.4
zmb,sex_t,age_10yrbands_y45_54,eco_sector_nag,2023,239.713
zmb,sex_t,age_10yrbands_y45_54,eco_sector_nag,2024,220.225
zmb,sex_t,age_10yrbands_y45_54,eco_sector_ser,2017,134.545
zmb,sex_t,age_10yrbands_y45_54,eco_sector_ser,2018,114.302
zmb,sex_t,age_10yrbands_y45_54,eco_sector_ser,2019,148.089
zmb,sex_t,age_10yrbands_y45_54,eco_sector_ser,2020,114.857
zmb,sex_t,age_10yrbands_y45_54,eco_sector_ser,2021,136.494
zmb,sex_t,age_10yrbands_y45_54,eco_sector_ser,2022,161.444
zmb,sex_t,age_10yrbands_y45_54,eco_sector_ser,2023,180.69
zmb,sex_t,age_10yrbands_y45_54,eco_sector_ser,2024,167.303
zmb,sex_t,age_10yrbands_y45_54,eco_sector_total,2017,540.82
zmb,sex_t,age_10yrbands_y45_54,eco_sector_total,2018,528.608
zmb,sex_t,age_10yrbands_y45_54,eco_sector_total,2019,595.15
zmb,sex_t,age_10yrbands_y45_54,eco_sector_total,2020,557.701
zmb,sex_t,age_10yrbands_y45_54,eco_sector_total,2021,606.619
zmb,sex_t,age_10yrbands_y45_54,eco_sector_total,2022,639.792
zmb,sex_t,age_10yrbands_y45_54,eco_sector_total,2023,676.264
zmb,sex_t,age_10yrbands_y45_54,eco_sector_total,2024,798.129
zmb,sex_t,age_10yrbands_y55_64,eco_aggregate_agr,2017,236.272
zmb,sex_t,age_10yrbands_y55_64,eco_aggregate_agr,2018,232.261
zmb,sex_t,age_10yrbands_y55_64,eco_aggregate_agr,2019,234.373
zmb,sex_t,age_10yrbands_y55_64,eco_aggregate_agr,2020,250.741
zmb,sex_t,age_10yrbands_y55_64,eco_aggregate_agr,2021,257.019
zmb,sex_t,age_10yrbands_y55_64,eco_aggregate_agr,2022,264.192
zmb,sex_t,age_10yrbands_y55_64,eco_aggregate_agr,2023,307.716
zmb,sex_t,age_10yrbands_y55_64,eco_aggregate_agr,2024,322.135
zmb,sex_t,age_10yrbands_y55_64,eco_aggregate_con,2017,3.396
zmb,sex_t,age_10yrbands_y55_64,eco_aggregate_con,2018,8.446
zmb,sex_t,age_10yrbands_y55_64,eco_aggregate_con,2019,10.62
zmb,sex_t,age_10yrbands_y55_64,eco_aggregate_con,2020,3.62
zmb,sex_t,age_10yrbands_y55_64,eco_aggregate_con,2021,3.877
zmb,sex_t,age_10yrbands_y55_64,eco_aggregate_con,2022,7.941
zmb,sex_t,age_10yrbands_y55_64,eco_aggregate_con,2023,11.792
zmb,sex_t,age_10yrbands_y55_64,eco_aggregate_con,2024,7.629
zmb,sex_t,age_10yrbands_y55_64,eco_aggregate_man,2017,9.927
zmb,sex_t,age_10yrbands_y55_64,eco_aggregate_man,2018,7.724
zmb,sex_t,age_10yrbands_y55_64,eco_aggregate_man,2019,14.761
zmb,sex_t,age_10yrbands_y55_64,eco_aggregate_man,2020,12.962
zmb,sex_t,age_10yrbands_y55_64,eco_aggregate_man,2021,16.945
zmb,sex_t,age_10yrbands_y55_64,eco_aggregate_man,2022,16.059
zmb,sex_t,age_10yrbands_y55_64,eco_aggregate_man,2023,16.99
zmb,sex_t,age_10yrbands_y55_64,eco_aggregate_man,2024,17.734
zmb,sex_t,age_10yrbands_y55_64,eco_aggregate_mkt,2017,47.554
zmb,sex_t,age_10yrbands_y55_64,eco_aggregate_mkt,2018,37.845
zmb,sex_t,age_10yrbands_y55_64,eco_aggregate_mkt,2019,48.399
zmb,sex_t,age_10yrbands_y55_64,eco_aggregate_mkt,2020,54.866
zmb,sex_t,age_10yrbands_y55_64,eco_aggregate_mkt,2021,48.178
zmb,sex_t,age_10yrbands_y55_64,eco_aggregate_mkt,2022,59.749
zmb,sex_t,age_10yrbands_y55_64,eco_aggregate_mkt,2023,51.674
zmb,sex_t,age_10yrbands_y55_64,eco_aggregate_mkt,2024,55.542
zmb,sex_t,age_10yrbands_y55_64,eco_aggregate_pub,2017,11.719
zmb,sex_t,age_10yrbands_y55_64,eco_aggregate_pub,2018,10.476
zmb,sex_t,age_10yrbands_y55_64,eco_aggregate_pub,2019,10.169
zmb,sex_t,age_10yrbands_y55_64,eco_aggregate_pub,2020,5.858
zmb,sex_t,age_10yrbands_y55_64,eco_aggregate_pub,2021,8.575
zmb,sex_t,age_10yrbands_y55_64,eco_aggregate_pub,2022,3.297
zmb,sex_t,age_10yrbands_y55_64,eco_aggregate_pub,2023,9.235
zmb,sex_t,age_10yrbands_y55_64,eco_aggregate_pub,2024,9.875
zmb,sex_t,age_10yrbands_y55_64,eco_aggregate_total,2017,308.868
zmb,sex_t,age_10yrbands_y55_64,eco_aggregate_total,2018,297.616
zmb,sex_t,age_10yrbands_y55_64,eco_aggregate_total,2019,319.684
zmb,sex_t,age_10yrbands_y55_64,eco_aggregate_total,2020,328.047
zmb,sex_t,age_10yrbands_y55_64,eco_aggregate_total,2021,337.063
zmb,sex_t,age_10yrbands_y55_64,eco_aggregate_total,2022,351.823
zmb,sex_t,age_10yrbands_y55_64,eco_aggregate_total,2023,398.02
zmb,sex_t,age_10yrbands_y55_64,eco_aggregate_total,2024,414.173
zmb,sex_t,age_10yrbands_y55_64,eco_sector_agr,2017,236.272
zmb,sex_t,age_10yrbands_y55_64,eco_sector_agr,2018,232.261
zmb,sex_t,age_10yrbands_y55_64,eco_sector_agr,2019,234.373
zmb,sex_t,age_10yrbands_y55_64,eco_sector_agr,2020,250.741
zmb,sex_t,age_10yrbands_y55_64,eco_sector_agr,2021,257.019
zmb,sex_t,age_10yrbands_y55_64,eco_sector_agr,2022,264.192
zmb,sex_t,age_10yrbands_y55_64,eco_sector_agr,2023,307.716
zmb,sex_t,age_10yrbands_y55_64,eco_sector_agr,2024,322.135
zmb,sex_t,age_10yrbands_y55_64,eco_sector_ind,2017,13.323
zmb,sex_t,age_10yrbands_y55_64,eco_sector_ind,2018,17.034
zmb,sex_t,age_10yrbands_y55_64,eco_sector_ind,2019,26.743
zmb,sex_t,age_10yrbands_y55_64,eco_sector_ind,2020,16.582
zmb,sex_t,age_10yrbands_y55_64,eco_sector_ind,2021,23.29
zmb,sex_t,age_10yrbands_y55_64,eco_sector_ind,2022,24.586
zmb,sex_t,age_10yrbands_y55_64,eco_sector_ind,2023,29.395
zmb,sex_t,age_10yrbands_y55_64,eco_sector_ind,2024,26.621
zmb,sex_t,age_10yrbands_y55_64,eco_sector_nag,2017,72.597
zmb,sex_t,age_10yrbands_y55_64,eco_sector_nag,2018,65.354
zmb,sex_t,age_10yrbands_y55_64,eco_sector_nag,2019,85.311
zmb,sex_t,age_10yrbands_y55_64,eco_sector_nag,2020,77.306
zmb,sex_t,age_10yrbands_y55_64,eco_sector_nag,2021,80.044
zmb,sex_t,age_10yrbands_y55_64,eco_sector_nag,2022,87.631
zmb,sex_t,age_10yrbands_y55_64,eco_sector_nag,2023,90.304
zmb,sex_t,age_10yrbands_y55_64,eco_sector_nag,2024,92.038
zmb,sex_t,age_10yrbands_y55_64,eco_sector_ser,2017,59.274
zmb,sex_t,age_10yrbands_y55_64,eco_sector_ser,2018,48.321
zmb,sex_t,age_10yrbands_y55_64,eco_sector_ser,2019,58.568
zmb,sex_t,age_10yrbands_y55_64,eco_sector_ser,2020,60.724
zmb,sex_t,age_10yrbands_y55_64,eco_sector_ser,2021,56.753
zmb,sex_t,age_10yrbands_y55_64,eco_sector_ser,2022,63.045
zmb,sex_t,age_10yrbands_y55_64,eco_sector_ser,2023,60.909
zmb,sex_t,age_10yrbands_y55_64,eco_sector_ser,2024,65.417
zmb,sex_t,age_10yrbands_y55_64,eco_sector_total,2017,308.868
zmb,sex_t,age_10yrbands_y55_64,eco_sector_total,2018,297.616
zmb,sex_t,age_10yrbands_y55_64,eco_sector_total,2019,319.684
zmb,sex_t,age_10yrbands_y55_64,eco_sector_total,2020,328.047
zmb,sex_t,age_10yrbands_y55_64,eco_sector_total,2021,337.063
zmb,sex_t,age_10yrbands_y55_64,eco_sector_total,2022,351.823
zmb,sex_t,age_10yrbands_y55_64,eco_sector_total,2023,398.02
zmb,sex_t,age_10yrbands_y55_64,eco_sector_total,2024,414.173
zmb,sex_t,age_10yrbands_yge65,eco_aggregate_agr,2017,236.091
zmb,sex_t,age_10yrbands_yge65,eco_aggregate_agr,2018,214.984
zmb,sex_t,age_10yrbands_yge65,eco_aggregate_agr,2019,184.631
zmb,sex_t,age_10yrbands_yge65,eco_aggregate_agr,2020,190.683
zmb,sex_t,age_10yrbands_yge65,eco_aggregate_agr,2021,182.859
zmb,sex_t,age_10yrbands_yge65,eco_aggregate_agr,2022,187.835
zmb,sex_t,age_10yrbands_yge65,eco_aggregate_agr,2023,238.62
zmb,sex_t,age_10yrbands_yge65,eco_aggregate_agr,2024,229.149
zmb,sex_t,age_10yrbands_yge65,eco_aggregate_con,2019,2.478
zmb,sex_t,age_10yrbands_yge65,eco_aggregate_con,2022,2.401
zmb,sex_t,age_10yrbands_yge65,eco_aggregate_con,2024,2.283
zmb,sex_t,age_10yrbands_yge65,eco_aggregate_man,2017,5.994
zmb,sex_t,age_10yrbands_yge65,eco_aggregate_man,2018,3.155
zmb,sex_t,age_10yrbands_yge65,eco_aggregate_man,2019,6.096
zmb,sex_t,age_10yrbands_yge65,eco_aggregate_man,2020,4.192
zmb,sex_t,age_10yrbands_yge65,eco_aggregate_man,2021,8.136
zmb,sex_t,age_10yrbands_yge65,eco_aggregate_man,2022,4.116
zmb,sex_t,age_10yrbands_yge65,eco_aggregate_man,2023,4.771
zmb,sex_t,age_10yrbands_yge65,eco_aggregate_man,2024,6.37
zmb,sex_t,age_10yrbands_yge65,eco_aggregate_mkt,2017,29.225
zmb,sex_t,age_10yrbands_yge65,eco_aggregate_mkt,2018,20.813
zmb,sex_t,age_10yrbands_yge65,eco_aggregate_mkt,2019,20.943
zmb,sex_t,age_10yrbands_yge65,eco_aggregate_mkt,2020,24.841
zmb,sex_t,age_10yrbands_yge65,eco_aggregate_mkt,2021,17.052
zmb,sex_t,age_10yrbands_yge65,eco_aggregate_mkt,2022,29.317
zmb,sex_t,age_10yrbands_yge65,eco_aggregate_mkt,2023,28.659
zmb,sex_t,age_10yrbands_yge65,eco_aggregate_mkt,2024,23.82
zmb,sex_t,age_10yrbands_yge65,eco_aggregate_pub,2017,2.333
zmb,sex_t,age_10yrbands_yge65,eco_aggregate_pub,2018,3.682
zmb,sex_t,age_10yrbands_yge65,eco_aggregate_pub,2019,6.428
zmb,sex_t,age_10yrbands_yge65,eco_aggregate_pub,2020,2.669
zmb,sex_t,age_10yrbands_yge65,eco_aggregate_pub,2021,3.614
zmb,sex_t,age_10yrbands_yge65,eco_aggregate_pub,2022,4.83
zmb,sex_t,age_10yrbands_yge65,eco_aggregate_pub,2023,3.762
zmb,sex_t,age_10yrbands_yge65,eco_aggregate_pub,2024,3.352
zmb,sex_t,age_10yrbands_yge65,eco_aggregate_total,2017,275.405
zmb,sex_t,age_10yrbands_yge65,eco_aggregate_total,2018,245.101
zmb,sex_t,age_10yrbands_yge65,eco_aggregate_total,2019,221.054
zmb,sex_t,age_10yrbands_yge65,eco_aggregate_total,2020,223.736
zmb,sex_t,age_10yrbands_yge65,eco_aggregate_total,2021,212.278
zmb,sex_t,age_10yrbands_yge65,eco_aggregate_total,2022,228.813
zmb,sex_t,age_10yrbands_yge65,eco_aggregate_total,2023,279.044
zmb,sex_t,age_10yrbands_yge65,eco_aggregate_total,2024,264.974
zmb,sex_t,age_10yrbands_yge65,eco_sector_agr,2017,236.091
zmb,sex_t,age_10yrbands_yge65,eco_sector_agr,2018,214.984
zmb,sex_t,age_10yrbands_yge65,eco_sector_agr,2019,184.631
zmb,sex_t,age_10yrbands_yge65,eco_sector_agr,2020,190.683
zmb,sex_t,age_10yrbands_yge65,eco_sector_agr,2021,182.859
zmb,sex_t,age_10yrbands_yge65,eco_sector_agr,2022,187.835
zmb,sex_t,age_10yrbands_yge65,eco_sector_agr,2023,238.62
zmb,sex_t,age_10yrbands_yge65,eco_sector_agr,2024,229.149
zmb,sex_t,age_10yrbands_yge65,eco_sector_ind,2017,7.756
zmb,sex_t,age_10yrbands_yge65,eco_sector_ind,2018,5.622
zmb,sex_t,age_10yrbands_yge65,eco_sector_ind,2019,9.051
zmb,sex_t,age_10yrbands_yge65,eco_sector_ind,2020,5.543
zmb,sex_t,age_10yrbands_yge65,eco_sector_ind,2021,8.753
zmb,sex_t,age_10yrbands_yge65,eco_sector_ind,2022,6.831
zmb,sex_t,age_10yrbands_yge65,eco_sector_ind,2023,8.003
zmb,sex_t,age_10yrbands_yge65,eco_sector_ind,2024,8.653
zmb,sex_t,age_10yrbands_yge65,eco_sector_nag,2017,39.314
zmb,sex_t,age_10yrbands_yge65,eco_sector_nag,2018,30.117
zmb,sex_t,age_10yrbands_yge65,eco_sector_nag,2019,36.423
zmb,sex_t,age_10yrbands_yge65,eco_sector_nag,2020,33.053
zmb,sex_t,age_10yrbands_yge65,eco_sector_nag,2021,29.419
zmb,sex_t,age_10yrbands_yge65,eco_sector_nag,2022,40.978
zmb,sex_t,age_10yrbands_yge65,eco_sector_nag,2023,40.424
zmb,sex_t,age_10yrbands_yge65,eco_sector_nag,2024,35.825
zmb,sex_t,age_10yrbands_yge65,eco_sector_ser,2017,31.558
zmb,sex_t,age_10yrbands_yge65,eco_sector_ser,2018,24.494
zmb,sex_t,age_10yrbands_yge65,eco_sector_ser,2019,27.371
zmb,sex_t,age_10yrbands_yge65,eco_sector_ser,2020,27.51
zmb,sex_t,age_10yrbands_yge65,eco_sector_ser,2021,20.666
zmb,sex_t,age_10yrbands_yge65,eco_sector_ser,2022,34.147
zmb,sex_t,age_10yrbands_yge65,eco_sector_ser,2023,32.421
zmb,sex_t,age_10yrbands_yge65,eco_sector_ser,2024,27.172
zmb,sex_t,age_10yrbands_yge65,eco_sector_total,2017,275.405
zmb,sex_t,age_10yrbands_yge65,eco_sector_total,2018,245.101
zmb,sex_t,age_10yrbands_yge65,eco_sector_total,2019,221.054
zmb,sex_t,age_10yrbands_yge65,eco_sector_total,2020,223.736
zmb,sex_t,age_10yrbands_yge65,eco_sector_total,2021,212.278
zmb,sex_t,age_10yrbands_yge65,eco_sector_total,2022,228.813
zmb,sex_t,age_10yrbands_yge65,eco_sector_total,2023,279.044
zmb,sex_t,age_10yrbands_yge65,eco_sector_total,2024,264.974
zmb,sex_t,age_aggregate_total,eco_aggregate_agr,2017,3056.16
zmb,sex_t,age_aggregate_total,eco_aggregate_agr,2018,2994.727
zmb,sex_t,age_aggregate_total,eco_aggregate_agr,2019,2951.359
zmb,sex_t,age_aggregate_total,eco_aggregate_agr,2020,3221.025
zmb,sex_t,age_aggregate_total,eco_aggregate_agr,2021,3168.327
zmb,sex_t,age_aggregate_total,eco_aggregate_agr,2022,3128.417
zmb,sex_t,age_aggregate_total,eco_aggregate_agr,2023,3648.5
zmb,sex_t,age_aggregate_total,eco_aggregate_agr,2024,4167.868
zmb,sex_t,age_aggregate_total,eco_aggregate_con,2017,90.521
zmb,sex_t,age_aggregate_total,eco_aggregate_con,2018,113.682
zmb,sex_t,age_aggregate_total,eco_aggregate_con,2019,114.706
zmb,sex_t,age_aggregate_total,eco_aggregate_con,2020,119.256
zmb,sex_t,age_aggregate_total,eco_aggregate_con,2021,129.61
zmb,sex_t,age_aggregate_total,eco_aggregate_con,2022,115.762
zmb,sex_t,age_aggregate_total,eco_aggregate_con,2023,184.916
zmb,sex_t,age_aggregate_total,eco_aggregate_con,2024,144.278
zmb,sex_t,age_aggregate_total,eco_aggregate_man,2017,126.504
zmb,sex_t,age_aggregate_total,eco_aggregate_man,2018,124.456
zmb,sex_t,age_aggregate_total,eco_aggregate_man,2019,131.741
zmb,sex_t,age_aggregate_total,eco_aggregate_man,2020,144.26
zmb,sex_t,age_aggregate_total,eco_aggregate_man,2021,192.663
zmb,sex_t,age_aggregate_total,eco_aggregate_man,2022,182.603
zmb,sex_t,age_aggregate_total,eco_aggregate_man,2023,156.952
zmb,sex_t,age_aggregate_total,eco_aggregate_man,2024,151.195
zmb,sex_t,age_aggregate_total,eco_aggregate_mel,2017,4.425
zmb,sex_t,age_aggregate_total,eco_aggregate_mel,2018,11.81
zmb,sex_t,age_aggregate_total,eco_aggregate_mel,2019,23.524
zmb,sex_t,age_aggregate_total,eco_aggregate_mel,2020,13.76
zmb,sex_t,age_aggregate_total,eco_aggregate_mel,2021,10.2
zmb,sex_t,age_aggregate_total,eco_aggregate_mel,2022,17.569
zmb,sex_t,age_aggregate_total,eco_aggregate_mel,2023,25.678
zmb,sex_t,age_aggregate_total,eco_aggregate_mel,2024,22.338
zmb,sex_t,age_aggregate_total,eco_aggregate_mkt,2017,700.801
zmb,sex_t,age_aggregate_total,eco_aggregate_mkt,2018,615.268
zmb,sex_t,age_aggregate_total,eco_aggregate_mkt,2019,773.027
zmb,sex_t,age_aggregate_total,eco_aggregate_mkt,2020,767.19
zmb,sex_t,age_aggregate_total,eco_aggregate_mkt,2021,811.814
zmb,sex_t,age_aggregate_total,eco_aggregate_mkt,2022,902.405
zmb,sex_t,age_aggregate_total,eco_aggregate_mkt,2023,924.387
zmb,sex_t,age_aggregate_total,eco_aggregate_mkt,2024,847.757
zmb,sex_t,age_aggregate_total,eco_aggregate_pub,2017,250.948
zmb,sex_t,age_aggregate_total,eco_aggregate_pub,2018,206.777
zmb,sex_t,age_aggregate_total,eco_aggregate_pub,2019,254.72
zmb,sex_t,age_aggregate_total,eco_aggregate_pub,2020,205.776
zmb,sex_t,age_aggregate_total,eco_aggregate_pub,2021,223.252
zmb,sex_t,age_aggregate_total,eco_aggregate_pub,2022,231.778
zmb,sex_t,age_aggregate_total,eco_aggregate_pub,2023,298.331
zmb,sex_t,age_aggregate_total,eco_aggregate_pub,2024,263.576
zmb,sex_t,age_aggregate_total,eco_aggregate_total,2017,4229.358
zmb,sex_t,age_aggregate_total,eco_aggregate_total,2018,4066.719
zmb,sex_t,age_aggregate_total,eco_aggregate_total,2019,4249.077
zmb,sex_t,age_aggregate_total,eco_aggregate_total,2020,4471.267
zmb,sex_t,age_aggregate_total,eco_aggregate_total,2021,4535.866
zmb,sex_t,age_aggregate_total,eco_aggregate_total,2022,4578.534
zmb,sex_t,age_aggregate_total,eco_aggregate_total,2023,5238.764
zmb,sex_t,age_aggregate_total,eco_aggregate_total,2024,5597.011
zmb,sex_t,age_aggregate_total,eco_isic4_a,2017,3056.16
zmb,sex_t,age_aggregate_total,eco_isic4_a,2018,2994.727
zmb,sex_t,age_aggregate_total,eco_isic4_a,2019,2951.359
zmb,sex_t,age_aggregate_total,eco_isic4_a,2020,3221.025
zmb,sex_t,age_aggregate_total,eco_isic4_a,2021,3168.327
zmb,sex_t,age_aggregate_total,eco_isic4_a,2022,3128.417
zmb,sex_t,age_aggregate_total,eco_isic4_a,2023,3648.5
zmb,sex_t,age_aggregate_total,eco_isic4_a,2024,4167.868
zmb,sex_t,age_aggregate_total,eco_isic4_b,2017,3.714
zmb,sex_t,age_aggregate_total,eco_isic4_b,2018,10.014
zmb,sex_t,age_aggregate_total,eco_isic4_b,2019,21.476
zmb,sex_t,age_aggregate_total,eco_isic4_b,2020,12.102
zmb,sex_t,age_aggregate_total,eco_isic4_b,2021,6.441
zmb,sex_t,age_aggregate_total,eco_isic4_b,2022,16.145
zmb,sex_t,age_aggregate_total,eco_isic4_b,2023,21.228
zmb,sex_t,age_aggregate_total,eco_isic4_b,2024,19.232
zmb,sex_t,age_aggregate_total,eco_isic4_c,2017,126.504
zmb,sex_t,age_aggregate_total,eco_isic4_c,2018,124.456
zmb,sex_t,age_aggregate_total,eco_isic4_c,2019,131.741
zmb,sex_t,age_aggregate_total,eco_isic4_c,2020,144.26
zmb,sex_t,age_aggregate_total,eco_isic4_c,2021,192.663
zmb,sex_t,age_aggregate_total,eco_isic4_c,2022,182.603
zmb,sex_t,age_aggregate_total,eco_isic4_c,2023,156.952
zmb,sex_t,age_aggregate_total,eco_isic4_c,2024,151.195
zmb,sex_t,age_aggregate_total,eco_isic4_e,2021,3.758
zmb,sex_t,age_aggregate_total,eco_isic4_e,2023,3.56
zmb,sex_t,age_aggregate_total,eco_isic4_f,2017,90.521
zmb,sex_t,age_aggregate_total,eco_isic4_f,2018,113.682
zmb,sex_t,age_aggregate_total,eco_isic4_f,2019,114.706
zmb,sex_t,age_aggregate_total,eco_isic4_f,2020,119.256
zmb,sex_t,age_aggregate_total,eco_isic4_f,2021,129.61
zmb,sex_t,age_aggregate_total,eco_isic4_f,2022,115.762
zmb,sex_t,age_aggregate_total,eco_isic4_f,2023,184.916
zmb,sex_t,age_aggregate_total,eco_isic4_f,2024,144.278
zmb,sex_t,age_aggregate_total,eco_isic4_g,2017,577.55
zmb,sex_t,age_aggregate_total,eco_isic4_g,2018,482.716
zmb,sex_t,age_aggregate_total,eco_isic4_g,2019,625.219
zmb,sex_t,age_aggregate_total,eco_isic4_g,2020,589.777
zmb,sex_t,age_aggregate_total,eco_isic4_g,2021,577.594
zmb,sex_t,age_aggregate_total,eco_isic4_g,2022,688.396
zmb,sex_t,age_aggregate_total,eco_isic4_g,2023,677.709
zmb,sex_t,age_aggregate_total,eco_isic4_g,2024,688.543
zmb,sex_t,age_aggregate_total,eco_isic4_h,2017,50.96
zmb,sex_t,age_aggregate_total,eco_isic4_h,2018,53.85
zmb,sex_t,age_aggregate_total,eco_isic4_h,2019,60.932
zmb,sex_t,age_aggregate_total,eco_isic4_h,2020,79.464
zmb,sex_t,age_aggregate_total,eco_isic4_h,2021,77.463
zmb,sex_t,age_aggregate_total,eco_isic4_h,2022,83.492
zmb,sex_t,age_aggregate_total,eco_isic4_h,2023,97.957
zmb,sex_t,age_aggregate_total,eco_isic4_h,2024,98.732
zmb,sex_t,age_aggregate_total,eco_isic4_i,2017,18.244
zmb,sex_t,age_aggregate_total,eco_isic4_i,2018,31.759
zmb,sex_t,age_aggregate_total,eco_isic4_i,2019,34.255
zmb,sex_t,age_aggregate_total,eco_isic4_i,2020,33.878
zmb,sex_t,age_aggregate_total,eco_isic4_i,2021,47.702
zmb,sex_t,age_aggregate_total,eco_isic4_i,2022,43.667
zmb,sex_t,age_aggregate_total,eco_isic4_i,2023,44.05
zmb,sex_t,age_aggregate_total,eco_isic4_i,2024,18.659
zmb,sex_t,age_aggregate_total,eco_isic4_j,2018,2.659
zmb,sex_t,age_aggregate_total,eco_isic4_j,2019,3.748
zmb,sex_t,age_aggregate_total,eco_isic4_j,2020,8.917
zmb,sex_t,age_aggregate_total,eco_isic4_j,2021,5.386
zmb,sex_t,age_aggregate_total,eco_isic4_j,2023,4.229
zmb,sex_t,age_aggregate_total,eco_isic4_k,2018,4.551
zmb,sex_t,age_aggregate_total,eco_isic4_k,2019,5.51
zmb,sex_t,age_aggregate_total,eco_isic4_k,2020,5.016
zmb,sex_t,age_aggregate_total,eco_isic4_k,2021,9.736
zmb,sex_t,age_aggregate_total,eco_isic4_k,2022,12.667
zmb,sex_t,age_aggregate_total,eco_isic4_k,2023,8.784
zmb,sex_t,age_aggregate_total,eco_isic4_k,2024,5.657
zmb,sex_t,age_aggregate_total,eco_isic4_l,2017,26.873
zmb,sex_t,age_aggregate_total,eco_isic4_l,2018,6.279
zmb,sex_t,age_aggregate_total,eco_isic4_l,2019,9.429
zmb,sex_t,age_aggregate_total,eco_isic4_l,2020,11.674
zmb,sex_t,age_aggregate_total,eco_isic4_l,2021,13.598
zmb,sex_t,age_aggregate_total,eco_isic4_l,2022,16.524
zmb,sex_t,age_aggregate_total,eco_isic4_l,2023,12.454
zmb,sex_t,age_aggregate_total,eco_isic4_l,2024,15.09
zmb,sex_t,age_aggregate_total,eco_isic4_m,2017,12.582
zmb,sex_t,age_aggregate_total,eco_isic4_m,2018,4.018
zmb,sex_t,age_aggregate_total,eco_isic4_m,2019,2.229
zmb,sex_t,age_aggregate_total,eco_isic4_m,2020,6.116
zmb,sex_t,age_aggregate_total,eco_isic4_m,2021,3.845
zmb,sex_t,age_aggregate_total,eco_isic4_m,2022,7.201
zmb,sex_t,age_aggregate_total,eco_isic4_m,2023,7.037
zmb,sex_t,age_aggregate_total,eco_isic4_m,2024,4.209
zmb,sex_t,age_aggregate_total,eco_isic4_n,2017,13.221
zmb,sex_t,age_aggregate_total,eco_isic4_n,2018,29.436
zmb,sex_t,age_aggregate_total,eco_isic4_n,2019,31.704
zmb,sex_t,age_aggregate_total,eco_isic4_n,2020,32.349
zmb,sex_t,age_aggregate_total,eco_isic4_n,2021,76.49
zmb,sex_t,age_aggregate_total,eco_isic4_n,2022,49.123
zmb,sex_t,age_aggregate_total,eco_isic4_n,2023,72.165
zmb,sex_t,age_aggregate_total,eco_isic4_n,2024,15.955
zmb,sex_t,age_aggregate_total,eco_isic4_o,2021,2.384
zmb,sex_t,age_aggregate_total,eco_isic4_p,2017,8.648
zmb,sex_t,age_aggregate_total,eco_isic4_p,2018,4.622
zmb,sex_t,age_aggregate_total,eco_isic4_p,2019,4.106
zmb,sex_t,age_aggregate_total,eco_isic4_p,2020,1.929
zmb,sex_t,age_aggregate_total,eco_isic4_p,2022,2.611
zmb,sex_t,age_aggregate_total,eco_isic4_p,2023,6.173
zmb,sex_t,age_aggregate_total,eco_isic4_p,2024,4.63
zmb,sex_t,age_aggregate_total,eco_isic4_q,2017,3.311
zmb,sex_t,age_aggregate_total,eco_isic4_q,2018,11.511
zmb,sex_t,age_aggregate_total,eco_isic4_q,2019,11.06
zmb,sex_t,age_aggregate_total,eco_isic4_q,2020,7.614
zmb,sex_t,age_aggregate_total,eco_isic4_q,2021,8.334
zmb,sex_t,age_aggregate_total,eco_isic4_q,2022,9.082
zmb,sex_t,age_aggregate_total,eco_isic4_q,2023,15.712
zmb,sex_t,age_aggregate_total,eco_isic4_q,2024,2.211
zmb,sex_t,age_aggregate_total,eco_isic4_r,2018,1.672
zmb,sex_t,age_aggregate_total,eco_isic4_r,2019,3.546
zmb,sex_t,age_aggregate_total,eco_isic4_r,2020,6.743
zmb,sex_t,age_aggregate_total,eco_isic4_r,2021,8.769
zmb,sex_t,age_aggregate_total,eco_isic4_r,2022,9.806
zmb,sex_t,age_aggregate_total,eco_isic4_r,2023,6.119
zmb,sex_t,age_aggregate_total,eco_isic4_r,2024,3.334
zmb,sex_t,age_aggregate_total,eco_isic4_s,2017,59.501
zmb,sex_t,age_aggregate_total,eco_isic4_s,2018,98.131
zmb,sex_t,age_aggregate_total,eco_isic4_s,2019,103.784
zmb,sex_t,age_aggregate_total,eco_isic4_s,2020,91.264
zmb,sex_t,age_aggregate_total,eco_isic4_s,2021,86.993
zmb,sex_t,age_aggregate_total,eco_isic4_s,2022,106.269
zmb,sex_t,age_aggregate_total,eco_isic4_s,2023,94.352
zmb,sex_t,age_aggregate_total,eco_isic4_s,2024,59.451
zmb,sex_t,age_aggregate_total,eco_isic4_t,2017,176.915
zmb,sex_t,age_aggregate_total,eco_isic4_t,2018,87.157
zmb,sex_t,age_aggregate_total,eco_isic4_t,2019,126.532
zmb,sex_t,age_aggregate_total,eco_isic4_t,2020,96.214
zmb,sex_t,age_aggregate_total,eco_isic4_t,2021,106.176
zmb,sex_t,age_aggregate_total,eco_isic4_t,2022,96.43
zmb,sex_t,age_aggregate_total,eco_isic4_t,2023,174.38
zmb,sex_t,age_aggregate_total,eco_isic4_t,2024,190.29
zmb,sex_t,age_aggregate_total,eco_isic4_total,2017,4229.358
zmb,sex_t,age_aggregate_total,eco_isic4_total,2018,4066.719
zmb,sex_t,age_aggregate_total,eco_isic4_total,2019,4249.077
zmb,sex_t,age_aggregate_total,eco_isic4_total,2020,4471.267
zmb,sex_t,age_aggregate_total,eco_isic4_total,2021,4535.866
zmb,sex_t,age_aggregate_total,eco_isic4_total,2022,4578.534
zmb,sex_t,age_aggregate_total,eco_isic4_total,2023,5238.764
zmb,sex_t,age_aggregate_total,eco_isic4_total,2024,5597.011
zmb,sex_t,age_aggregate_total,eco_isic4_u,2018,3.055
zmb,sex_t,age_aggregate_total,eco_isic4_u,2019,4.649
zmb,sex_t,age_aggregate_total,eco_isic4_u,2021,9.299
zmb,sex_t,age_aggregate_total,eco_sector_agr,2017,3056.16
zmb,sex_t,age_aggregate_total,eco_sector_agr,2018,2994.727
zmb,sex_t,age_aggregate_total,eco_sector_agr,2019,2951.359
zmb,sex_t,age_aggregate_total,eco_sector_agr,2020,3221.025
zmb,sex_t,age_aggregate_total,eco_sector_agr,2021,3168.327
zmb,sex_t,age_aggregate_total,eco_sector_agr,2022,3128.417
zmb,sex_t,age_aggregate_total,eco_sector_agr,2023,3648.5
zmb,sex_t,age_aggregate_total,eco_sector_agr,2024,4167.868
zmb,sex_t,age_aggregate_total,eco_sector_ind,2017,221.449
zmb,sex_t,age_aggregate_total,eco_sector_ind,2018,249.948
zmb,sex_t,age_aggregate_total,eco_sector_ind,2019,269.971
zmb,sex_t,age_aggregate_total,eco_sector_ind,2020,277.275
zmb,sex_t,age_aggregate_total,eco_sector_ind,2021,332.473
zmb,sex_t,age_aggregate_total,eco_sector_ind,2022,315.934
zmb,sex_t,age_aggregate_total,eco_sector_ind,2023,367.546
zmb,sex_t,age_aggregate_total,eco_sector_ind,2024,317.81
zmb,sex_t,age_aggregate_total,eco_sector_nag,2017,1173.197
zmb,sex_t,age_aggregate_total,eco_sector_nag,2018,1071.993
zmb,sex_t,age_aggregate_total,eco_sector_nag,2019,1297.718
zmb,sex_t,age_aggregate_total,eco_sector_nag,2020,1250.242
zmb,sex_t,age_aggregate_total,eco_sector_nag,2021,1367.538
zmb,sex_t,age_aggregate_total,eco_sector_nag,2022,1450.117
zmb,sex_t,age_aggregate_total,eco_sector_nag,2023,1590.264
zmb,sex_t,age_aggregate_total,eco_sector_nag,2024,1429.143
zmb,sex_t,age_aggregate_total,eco_sector_ser,2017,951.748
zmb,sex_t,age_aggregate_total,eco_sector_ser,2018,822.045
zmb,sex_t,age_aggregate_total,eco_sector_ser,2019,1027.746
zmb,sex_t,age_aggregate_total,eco_sector_ser,2020,972.967
zmb,sex_t,age_aggregate_total,eco_sector_ser,2021,1035.066
zmb,sex_t,age_aggregate_total,eco_sector_ser,2022,1134.183
zmb,sex_t,age_aggregate_total,eco_sector_ser,2023,1222.718
zmb,sex_t,age_aggregate_total,eco_sector_ser,2024,1111.333
zmb,sex_t,age_aggregate_total,eco_sector_total,2017,4229.358
zmb,sex_t,age_aggregate_total,eco_sector_total,2018,4066.719
zmb,sex_t,age_aggregate_total,eco_sector_total,2019,4249.077
zmb,sex_t,age_aggregate_total,eco_sector_total,2020,4471.267
zmb,sex_t,age_aggregate_total,eco_sector_total,2021,4535.866
zmb,sex_t,age_aggregate_total,eco_sector_total,2022,4578.534
zmb,sex_t,age_aggregate_total,eco_sector_total,2023,5238.764
zmb,sex_t,age_aggregate_total,eco_sector_total,2024,5597.011
zmb,sex_t,age_aggregate_y15_24,eco_aggregate_agr,2017,926.69
zmb,sex_t,age_aggregate_y15_24,eco_aggregate_agr,2018,847.264
zmb,sex_t,age_aggregate_y15_24,eco_aggregate_agr,2019,881.086
zmb,sex_t,age_aggregate_y15_24,eco_aggregate_agr,2020,977.623
zmb,sex_t,age_aggregate_y15_24,eco_aggregate_agr,2021,930.316
zmb,sex_t,age_aggregate_y15_24,eco_aggregate_agr,2022,895.328
zmb,sex_t,age_aggregate_y15_24,eco_aggregate_agr,2023,1015.571
zmb,sex_t,age_aggregate_y15_24,eco_aggregate_agr,2024,1185.501
zmb,sex_t,age_aggregate_y15_24,eco_aggregate_con,2017,11.687
zmb,sex_t,age_aggregate_y15_24,eco_aggregate_con,2018,17.114
zmb,sex_t,age_aggregate_y15_24,eco_aggregate_con,2019,16.084
zmb,sex_t,age_aggregate_y15_24,eco_aggregate_con,2020,11.823
zmb,sex_t,age_aggregate_y15_24,eco_aggregate_con,2021,17.246
zmb,sex_t,age_aggregate_y15_24,eco_aggregate_con,2022,11.061
zmb,sex_t,age_aggregate_y15_24,eco_aggregate_con,2023,28.573
zmb,sex_t,age_aggregate_y15_24,eco_aggregate_con,2024,14.99
zmb,sex_t,age_aggregate_y15_24,eco_aggregate_man,2017,14.123
zmb,sex_t,age_aggregate_y15_24,eco_aggregate_man,2018,19.065
zmb,sex_t,age_aggregate_y15_24,eco_aggregate_man,2019,15.312
zmb,sex_t,age_aggregate_y15_24,eco_aggregate_man,2020,18.015
zmb,sex_t,age_aggregate_y15_24,eco_aggregate_man,2021,29.526
zmb,sex_t,age_aggregate_y15_24,eco_aggregate_man,2022,16.977
zmb,sex_t,age_aggregate_y15_24,eco_aggregate_man,2023,22.429
zmb,sex_t,age_aggregate_y15_24,eco_aggregate_man,2024,22.211
zmb,sex_t,age_aggregate_y15_24,eco_aggregate_mel,2018,1.591
zmb,sex_t,age_aggregate_y15_24,eco_aggregate_mel,2019,3.131
zmb,sex_t,age_aggregate_y15_24,eco_aggregate_mel,2022,2.041
zmb,sex_t,age_aggregate_y15_24,eco_aggregate_mel,2023,5.695
zmb,sex_t,age_aggregate_y15_24,eco_aggregate_mel,2024,6.084
zmb,sex_t,age_aggregate_y15_24,eco_aggregate_mkt,2017,96.193
zmb,sex_t,age_aggregate_y15_24,eco_aggregate_mkt,2018,78.858
zmb,sex_t,age_aggregate_y15_24,eco_aggregate_mkt,2019,107.705
zmb,sex_t,age_aggregate_y15_24,eco_aggregate_mkt,2020,108.646
zmb,sex_t,age_aggregate_y15_24,eco_aggregate_mkt,2021,121.237
zmb,sex_t,age_aggregate_y15_24,eco_aggregate_mkt,2022,126.778
zmb,sex_t,age_aggregate_y15_24,eco_aggregate_mkt,2023,129.992
zmb,sex_t,age_aggregate_y15_24,eco_aggregate_mkt,2024,117.167
zmb,sex_t,age_aggregate_y15_24,eco_aggregate_pub,2017,56.937
zmb,sex_t,age_aggregate_y15_24,eco_aggregate_pub,2018,45.777
zmb,sex_t,age_aggregate_y15_24,eco_aggregate_pub,2019,41.552
zmb,sex_t,age_aggregate_y15_24,eco_aggregate_pub,2020,40.019
zmb,sex_t,age_aggregate_y15_24,eco_aggregate_pub,2021,50.909
zmb,sex_t,age_aggregate_y15_24,eco_aggregate_pub,2022,48.076
zmb,sex_t,age_aggregate_y15_24,eco_aggregate_pub,2023,51.401
zmb,sex_t,age_aggregate_y15_24,eco_aggregate_pub,2024,59.146
zmb,sex_t,age_aggregate_y15_24,eco_aggregate_total,2017,1105.628
zmb,sex_t,age_aggregate_y15_24,eco_aggregate_total,2018,1009.669
zmb,sex_t,age_aggregate_y15_24,eco_aggregate_total,2019,1064.871
zmb,sex_t,age_aggregate_y15_24,eco_aggregate_total,2020,1157.145
zmb,sex_t,age_aggregate_y15_24,eco_aggregate_total,2021,1150.38
zmb,sex_t,age_aggregate_y15_24,eco_aggregate_total,2022,1100.261
zmb,sex_t,age_aggregate_y15_24,eco_aggregate_total,2023,1253.661
zmb,sex_t,age_aggregate_y15_24,eco_aggregate_total,2024,1405.098
zmb,sex_t,age_aggregate_y15_24,eco_isic4_a,2017,926.69
zmb,sex_t,age_aggregate_y15_24,eco_isic4_a,2018,847.264
zmb,sex_t,age_aggregate_y15_24,eco_isic4_a,2019,881.086
zmb,sex_t,age_aggregate_y15_24,eco_isic4_a,2020,977.623
zmb,sex_t,age_aggregate_y15_24,eco_isic4_a,2021,930.316
zmb,sex_t,age_aggregate_y15_24,eco_isic4_a,2022,895.328
zmb,sex_t,age_aggregate_y15_24,eco_isic4_a,2023,1015.571
zmb,sex_t,age_aggregate_y15_24,eco_isic4_a,2024,1185.501
zmb,sex_t,age_aggregate_y15_24,eco_isic4_b,2019,3.131
zmb,sex_t,age_aggregate_y15_24,eco_isic4_b,2022,2.041
zmb,sex_t,age_aggregate_y15_24,eco_isic4_b,2023,3.39
zmb,sex_t,age_aggregate_y15_24,eco_isic4_b,2024,5.568
zmb,sex_t,age_aggregate_y15_24,eco_isic4_c,2017,14.123
zmb,sex_t,age_aggregate_y15_24,eco_isic4_c,2018,19.065
zmb,sex_t,age_aggregate_y15_24,eco_isic4_c,2019,15.312
zmb,sex_t,age_aggregate_y15_24,eco_isic4_c,2020,18.015
zmb,sex_t,age_aggregate_y15_24,eco_isic4_c,2021,29.526
zmb,sex_t,age_aggregate_y15_24,eco_isic4_c,2022,16.977
zmb,sex_t,age_aggregate_y15_24,eco_isic4_c,2023,22.429
zmb,sex_t,age_aggregate_y15_24,eco_isic4_c,2024,22.211
zmb,sex_t,age_aggregate_y15_24,eco_isic4_f,2017,11.687
zmb,sex_t,age_aggregate_y15_24,eco_isic4_f,2018,17.114
zmb,sex_t,age_aggregate_y15_24,eco_isic4_f,2019,16.084
zmb,sex_t,age_aggregate_y15_24,eco_isic4_f,2020,11.823
zmb,sex_t,age_aggregate_y15_24,eco_isic4_f,2021,17.246
zmb,sex_t,age_aggregate_y15_24,eco_isic4_f,2022,11.061
zmb,sex_t,age_aggregate_y15_24,eco_isic4_f,2023,28.573
zmb,sex_t,age_aggregate_y15_24,eco_isic4_f,2024,14.99
zmb,sex_t,age_aggregate_y15_24,eco_isic4_g,2017,78.386
zmb,sex_t,age_aggregate_y15_24,eco_isic4_g,2018,63.716
zmb,sex_t,age_aggregate_y15_24,eco_isic4_g,2019,86.886
zmb,sex_t,age_aggregate_y15_24,eco_isic4_g,2020,78.798
zmb,sex_t,age_aggregate_y15_24,eco_isic4_g,2021,79.516
zmb,sex_t,age_aggregate_y15_24,eco_isic4_g,2022,97.251
zmb,sex_t,age_aggregate_y15_24,eco_isic4_g,2023,99.896
zmb,sex_t,age_aggregate_y15_24,eco_isic4_g,2024,91.28
zmb,sex_t,age_aggregate_y15_24,eco_isic4_h,2017,6.997
zmb,sex_t,age_aggregate_y15_24,eco_isic4_h,2018,6.671
zmb,sex_t,age_aggregate_y15_24,eco_isic4_h,2019,9.156
zmb,sex_t,age_aggregate_y15_24,eco_isic4_h,2020,9.211
zmb,sex_t,age_aggregate_y15_24,eco_isic4_h,2021,15.087
zmb,sex_t,age_aggregate_y15_24,eco_isic4_h,2022,9.022
zmb,sex_t,age_aggregate_y15_24,eco_isic4_h,2023,14.518
zmb,sex_t,age_aggregate_y15_24,eco_isic4_h,2024,18.664
zmb,sex_t,age_aggregate_y15_24,eco_isic4_i,2017,5.529
zmb,sex_t,age_aggregate_y15_24,eco_isic4_i,2018,3.482
zmb,sex_t,age_aggregate_y15_24,eco_isic4_i,2019,5.54
zmb,sex_t,age_aggregate_y15_24,eco_isic4_i,2020,4.572
zmb,sex_t,age_aggregate_y15_24,eco_isic4_i,2021,8.085
zmb,sex_t,age_aggregate_y15_24,eco_isic4_i,2022,8.553
zmb,sex_t,age_aggregate_y15_24,eco_isic4_i,2023,4.134
zmb,sex_t,age_aggregate_y15_24,eco_isic4_i,2024,3.977
zmb,sex_t,age_aggregate_y15_24,eco_isic4_j,2020,6.887
zmb,sex_t,age_aggregate_y15_24,eco_isic4_k,2021,3.398
zmb,sex_t,age_aggregate_y15_24,eco_isic4_k,2022,3.427
zmb,sex_t,age_aggregate_y15_24,eco_isic4_n,2017,4.565
zmb,sex_t,age_aggregate_y15_24,eco_isic4_n,2018,2.753
zmb,sex_t,age_aggregate_y15_24,eco_isic4_n,2019,4.479
zmb,sex_t,age_aggregate_y15_24,eco_isic4_n,2020,7.32
zmb,sex_t,age_aggregate_y15_24,eco_isic4_n,2021,12.779
zmb,sex_t,age_aggregate_y15_24,eco_isic4_n,2022,7.805
zmb,sex_t,age_aggregate_y15_24,eco_isic4_n,2023,8.218
zmb,sex_t,age_aggregate_y15_24,eco_isic4_n,2024,2.306
zmb,sex_t,age_aggregate_y15_24,eco_isic4_p,2017,1.528
zmb,sex_t,age_aggregate_y15_24,eco_isic4_p,2018,1.191
zmb,sex_t,age_aggregate_y15_24,eco_isic4_q,2017,1.177
zmb,sex_t,age_aggregate_y15_24,eco_isic4_r,2020,3.846
zmb,sex_t,age_aggregate_y15_24,eco_isic4_r,2022,2.728
zmb,sex_t,age_aggregate_y15_24,eco_isic4_s,2017,17.356
zmb,sex_t,age_aggregate_y15_24,eco_isic4_s,2018,24.82
zmb,sex_t,age_aggregate_y15_24,eco_isic4_s,2019,19.544
zmb,sex_t,age_aggregate_y15_24,eco_isic4_s,2020,20.309
zmb,sex_t,age_aggregate_y15_24,eco_isic4_s,2021,24.357
zmb,sex_t,age_aggregate_y15_24,eco_isic4_s,2022,28.731
zmb,sex_t,age_aggregate_y15_24,eco_isic4_s,2023,24.359
zmb,sex_t,age_aggregate_y15_24,eco_isic4_s,2024,17.97
zmb,sex_t,age_aggregate_y15_24,eco_isic4_t,2017,35.926
zmb,sex_t,age_aggregate_y15_24,eco_isic4_t,2018,18.623
zmb,sex_t,age_aggregate_y15_24,eco_isic4_t,2019,18.619
zmb,sex_t,age_aggregate_y15_24,eco_isic4_t,2020,14.076
zmb,sex_t,age_aggregate_y15_24,eco_isic4_t,2021,20.962
zmb,sex_t,age_aggregate_y15_24,eco_isic4_t,2022,14.815
zmb,sex_t,age_aggregate_y15_24,eco_isic4_t,2023,25.64
zmb,sex_t,age_aggregate_y15_24,eco_isic4_t,2024,38.553
zmb,sex_t,age_aggregate_y15_24,eco_isic4_total,2017,1105.628
zmb,sex_t,age_aggregate_y15_24,eco_isic4_total,2018,1009.669
zmb,sex_t,age_aggregate_y15_24,eco_isic4_total,2019,1064.871
zmb,sex_t,age_aggregate_y15_24,eco_isic4_total,2020,1157.145
zmb,sex_t,age_aggregate_y15_24,eco_isic4_total,2021,1150.38
zmb,sex_t,age_aggregate_y15_24,eco_isic4_total,2022,1100.261
zmb,sex_t,age_aggregate_y15_24,eco_isic4_total,2023,1253.661
zmb,sex_t,age_aggregate_y15_24,eco_isic4_total,2024,1405.098
zmb,sex_t,age_aggregate_y15_24,eco_sector_agr,2017,926.69
zmb,sex_t,age_aggregate_y15_24,eco_sector_agr,2018,847.264
zmb,sex_t,age_aggregate_y15_24,eco_sector_agr,2019,881.086
zmb,sex_t,age_aggregate_y15_24,eco_sector_agr,2020,977.623
zmb,sex_t,age_aggregate_y15_24,eco_sector_agr,2021,930.316
zmb,sex_t,age_aggregate_y15_24,eco_sector_agr,2022,895.328
zmb,sex_t,age_aggregate_y15_24,eco_sector_agr,2023,1015.571
zmb,sex_t,age_aggregate_y15_24,eco_sector_agr,2024,1185.501
zmb,sex_t,age_aggregate_y15_24,eco_sector_ind,2017,25.809
zmb,sex_t,age_aggregate_y15_24,eco_sector_ind,2018,37.771
zmb,sex_t,age_aggregate_y15_24,eco_sector_ind,2019,34.527
zmb,sex_t,age_aggregate_y15_24,eco_sector_ind,2020,30.857
zmb,sex_t,age_aggregate_y15_24,eco_sector_ind,2021,47.919
zmb,sex_t,age_aggregate_y15_24,eco_sector_ind,2022,30.079
zmb,sex_t,age_aggregate_y15_24,eco_sector_ind,2023,56.697
zmb,sex_t,age_aggregate_y15_24,eco_sector_ind,2024,43.285
zmb,sex_t,age_aggregate_y15_24,eco_sector_nag,2017,178.939
zmb,sex_t,age_aggregate_y15_24,eco_sector_nag,2018,162.405
zmb,sex_t,age_aggregate_y15_24,eco_sector_nag,2019,183.784
zmb,sex_t,age_aggregate_y15_24,eco_sector_nag,2020,179.523
zmb,sex_t,age_aggregate_y15_24,eco_sector_nag,2021,220.064
zmb,sex_t,age_aggregate_y15_24,eco_sector_nag,2022,204.932
zmb,sex_t,age_aggregate_y15_24,eco_sector_nag,2023,238.09
zmb,sex_t,age_aggregate_y15_24,eco_sector_nag,2024,219.598
zmb,sex_t,age_aggregate_y15_24,eco_sector_ser,2017,153.13
zmb,sex_t,age_aggregate_y15_24,eco_sector_ser,2018,124.634
zmb,sex_t,age_aggregate_y15_24,eco_sector_ser,2019,149.257
zmb,sex_t,age_aggregate_y15_24,eco_sector_ser,2020,148.665
zmb,sex_t,age_aggregate_y15_24,eco_sector_ser,2021,172.146
zmb,sex_t,age_aggregate_y15_24,eco_sector_ser,2022,174.853
zmb,sex_t,age_aggregate_y15_24,eco_sector_ser,2023,181.393
zmb,sex_t,age_aggregate_y15_24,eco_sector_ser,2024,176.313
zmb,sex_t,age_aggregate_y15_24,eco_sector_total,2017,1105.628
zmb,sex_t,age_aggregate_y15_24,eco_sector_total,2018,1009.669
zmb,sex_t,age_aggregate_y15_24,eco_sector_total,2019,1064.871
zmb,sex_t,age_aggregate_y15_24,eco_sector_total,2020,1157.145
zmb,sex_t,age_aggregate_y15_24,eco_sector_total,2021,1150.38
zmb,sex_t,age_aggregate_y15_24,eco_sector_total,2022,1100.261
zmb,sex_t,age_aggregate_y15_24,eco_sector_total,2023,1253.661
zmb,sex_t,age_aggregate_y15_24,eco_sector_total,2024,1405.098
zmb,sex_t,age_aggregate_y25_54,eco_aggregate_agr,2017,1657.109
zmb,sex_t,age_aggregate_y25_54,eco_aggregate_agr,2018,1700.217
zmb,sex_t,age_aggregate_y25_54,eco_aggregate_agr,2019,1651.268
zmb,sex_t,age_aggregate_y25_54,eco_aggregate_agr,2020,1801.978
zmb,sex_t,age_aggregate_y25_54,eco_aggregate_agr,2021,1798.134
zmb,sex_t,age_aggregate_y25_54,eco_aggregate_agr,2022,1781.062
zmb,sex_t,age_aggregate_y25_54,eco_aggregate_agr,2023,2086.593
zmb,sex_t,age_aggregate_y25_54,eco_aggregate_agr,2024,2431.083
zmb,sex_t,age_aggregate_y25_54,eco_aggregate_con,2017,74.143
zmb,sex_t,age_aggregate_y25_54,eco_aggregate_con,2018,86.555
zmb,sex_t,age_aggregate_y25_54,eco_aggregate_con,2019,85.524
zmb,sex_t,age_aggregate_y25_54,eco_aggregate_con,2020,103.812
zmb,sex_t,age_aggregate_y25_54,eco_aggregate_con,2021,107.87
zmb,sex_t,age_aggregate_y25_54,eco_aggregate_con,2022,94.359
zmb,sex_t,age_aggregate_y25_54,eco_aggregate_con,2023,142.276
zmb,sex_t,age_aggregate_y25_54,eco_aggregate_con,2024,119.376
zmb,sex_t,age_aggregate_y25_54,eco_aggregate_man,2017,96.46
zmb,sex_t,age_aggregate_y25_54,eco_aggregate_man,2018,94.512
zmb,sex_t,age_aggregate_y25_54,eco_aggregate_man,2019,95.572
zmb,sex_t,age_aggregate_y25_54,eco_aggregate_man,2020,109.09
zmb,sex_t,age_aggregate_y25_54,eco_aggregate_man,2021,138.057
zmb,sex_t,age_aggregate_y25_54,eco_aggregate_man,2022,145.451
zmb,sex_t,age_aggregate_y25_54,eco_aggregate_man,2023,112.762
zmb,sex_t,age_aggregate_y25_54,eco_aggregate_man,2024,104.879
zmb,sex_t,age_aggregate_y25_54,eco_aggregate_mel,2017,3.958
zmb,sex_t,age_aggregate_y25_54,eco_aggregate_mel,2018,8.454
zmb,sex_t,age_aggregate_y25_54,eco_aggregate_mel,2019,18.554
zmb,sex_t,age_aggregate_y25_54,eco_aggregate_mel,2020,11.391
zmb,sex_t,age_aggregate_y25_54,eco_aggregate_mel,2021,6.584
zmb,sex_t,age_aggregate_y25_54,eco_aggregate_mel,2022,14.628
zmb,sex_t,age_aggregate_y25_54,eco_aggregate_mel,2023,18.413
zmb,sex_t,age_aggregate_y25_54,eco_aggregate_mel,2024,14.996
zmb,sex_t,age_aggregate_y25_54,eco_aggregate_mkt,2017,527.828
zmb,sex_t,age_aggregate_y25_54,eco_aggregate_mkt,2018,477.752
zmb,sex_t,age_aggregate_y25_54,eco_aggregate_mkt,2019,595.979
zmb,sex_t,age_aggregate_y25_54,eco_aggregate_mkt,2020,578.837
zmb,sex_t,age_aggregate_y25_54,eco_aggregate_mkt,2021,625.347
zmb,sex_t,age_aggregate_y25_54,eco_aggregate_mkt,2022,686.561
zmb,sex_t,age_aggregate_y25_54,eco_aggregate_mkt,2023,714.061
zmb,sex_t,age_aggregate_y25_54,eco_aggregate_mkt,2024,651.228
zmb,sex_t,age_aggregate_y25_54,eco_aggregate_pub,2017,179.959
zmb,sex_t,age_aggregate_y25_54,eco_aggregate_pub,2018,146.843
zmb,sex_t,age_aggregate_y25_54,eco_aggregate_pub,2019,196.571
zmb,sex_t,age_aggregate_y25_54,eco_aggregate_pub,2020,157.231
zmb,sex_t,age_aggregate_y25_54,eco_aggregate_pub,2021,160.154
zmb,sex_t,age_aggregate_y25_54,eco_aggregate_pub,2022,175.575
zmb,sex_t,age_aggregate_y25_54,eco_aggregate_pub,2023,233.934
zmb,sex_t,age_aggregate_y25_54,eco_aggregate_pub,2024,191.203
zmb,sex_t,age_aggregate_y25_54,eco_aggregate_total,2017,2539.456
zmb,sex_t,age_aggregate_y25_54,eco_aggregate_total,2018,2514.334
zmb,sex_t,age_aggregate_y25_54,eco_aggregate_total,2019,2643.468
zmb,sex_t,age_aggregate_y25_54,eco_aggregate_total,2020,2762.339
zmb,sex_t,age_aggregate_y25_54,eco_aggregate_total,2021,2836.145
zmb,sex_t,age_aggregate_y25_54,eco_aggregate_total,2022,2897.638
zmb,sex_t,age_aggregate_y25_54,eco_aggregate_total,2023,3308.039
zmb,sex_t,age_aggregate_y25_54,eco_aggregate_total,2024,3512.766
zmb,sex_t,age_aggregate_y25_54,eco_isic4_a,2017,1657.109
zmb,sex_t,age_aggregate_y25_54,eco_isic4_a,2018,1700.217
zmb,sex_t,age_aggregate_y25_54,eco_isic4_a,2019,1651.268
zmb,sex_t,age_aggregate_y25_54,eco_isic4_a,2020,1801.978
zmb,sex_t,age_aggregate_y25_54,eco_isic4_a,2021,1798.134
zmb,sex_t,age_aggregate_y25_54,eco_isic4_a,2022,1781.062
zmb,sex_t,age_aggregate_y25_54,eco_isic4_a,2023,2086.593
zmb,sex_t,age_aggregate_y25_54,eco_isic4_a,2024,2431.083
zmb,sex_t,age_aggregate_y25_54,eco_isic4_b,2017,3.714
zmb,sex_t,age_aggregate_y25_54,eco_isic4_b,2018,7.264
zmb,sex_t,age_aggregate_y25_54,eco_isic4_b,2019,17.294
zmb,sex_t,age_aggregate_y25_54,eco_isic4_b,2020,9.918
zmb,sex_t,age_aggregate_y25_54,eco_isic4_b,2021,5.176
zmb,sex_t,age_aggregate_y25_54,eco_isic4_b,2022,13.205
zmb,sex_t,age_aggregate_y25_54,eco_isic4_b,2023,16.268
zmb,sex_t,age_aggregate_y25_54,eco_isic4_b,2024,13.664
zmb,sex_t,age_aggregate_y25_54,eco_isic4_c,2017,96.46
zmb,sex_t,age_aggregate_y25_54,eco_isic4_c,2018,94.512
zmb,sex_t,age_aggregate_y25_54,eco_isic4_c,2019,95.572
zmb,sex_t,age_aggregate_y25_54,eco_isic4_c,2020,109.09
zmb,sex_t,age_aggregate_y25_54,eco_isic4_c,2021,138.057
zmb,sex_t,age_aggregate_y25_54,eco_isic4_c,2022,145.451
zmb,sex_t,age_aggregate_y25_54,eco_isic4_c,2023,112.762
zmb,sex_t,age_aggregate_y25_54,eco_isic4_c,2024,104.879
zmb,sex_t,age_aggregate_y25_54,eco_isic4_f,2017,74.143
zmb,sex_t,age_aggregate_y25_54,eco_isic4_f,2018,86.555
zmb,sex_t,age_aggregate_y25_54,eco_isic4_f,2019,85.524
zmb,sex_t,age_aggregate_y25_54,eco_isic4_f,2020,103.812
zmb,sex_t,age_aggregate_y25_54,eco_isic4_f,2021,107.87
zmb,sex_t,age_aggregate_y25_54,eco_isic4_f,2022,94.359
zmb,sex_t,age_aggregate_y25_54,eco_isic4_f,2023,142.276
zmb,sex_t,age_aggregate_y25_54,eco_isic4_f,2024,119.376
zmb,sex_t,age_aggregate_y25_54,eco_isic4_g,2017,449.345
zmb,sex_t,age_aggregate_y25_54,eco_isic4_g,2018,375.252
zmb,sex_t,age_aggregate_y25_54,eco_isic4_g,2019,486.066
zmb,sex_t,age_aggregate_y25_54,eco_isic4_g,2020,449.966
zmb,sex_t,age_aggregate_y25_54,eco_isic4_g,2021,453.161
zmb,sex_t,age_aggregate_y25_54,eco_isic4_g,2022,525.831
zmb,sex_t,age_aggregate_y25_54,eco_isic4_g,2023,525.923
zmb,sex_t,age_aggregate_y25_54,eco_isic4_g,2024,538.292
zmb,sex_t,age_aggregate_y25_54,eco_isic4_h,2017,42.199
zmb,sex_t,age_aggregate_y25_54,eco_isic4_h,2018,46.947
zmb,sex_t,age_aggregate_y25_54,eco_isic4_h,2019,50.672
zmb,sex_t,age_aggregate_y25_54,eco_isic4_h,2020,69.764
zmb,sex_t,age_aggregate_y25_54,eco_isic4_h,2021,60.501
zmb,sex_t,age_aggregate_y25_54,eco_isic4_h,2022,71.144
zmb,sex_t,age_aggregate_y25_54,eco_isic4_h,2023,80.467
zmb,sex_t,age_aggregate_y25_54,eco_isic4_h,2024,76.466
zmb,sex_t,age_aggregate_y25_54,eco_isic4_i,2017,8.95
zmb,sex_t,age_aggregate_y25_54,eco_isic4_i,2018,24.128
zmb,sex_t,age_aggregate_y25_54,eco_isic4_i,2019,25.404
zmb,sex_t,age_aggregate_y25_54,eco_isic4_i,2020,22.232
zmb,sex_t,age_aggregate_y25_54,eco_isic4_i,2021,36.564
zmb,sex_t,age_aggregate_y25_54,eco_isic4_i,2022,29.892
zmb,sex_t,age_aggregate_y25_54,eco_isic4_i,2023,32.326
zmb,sex_t,age_aggregate_y25_54,eco_isic4_i,2024,11.628
zmb,sex_t,age_aggregate_y25_54,eco_isic4_j,2021,3.014
zmb,sex_t,age_aggregate_y25_54,eco_isic4_j,2023,3.798
zmb,sex_t,age_aggregate_y25_54,eco_isic4_k,2019,5.235
zmb,sex_t,age_aggregate_y25_54,eco_isic4_k,2020,2.775
zmb,sex_t,age_aggregate_y25_54,eco_isic4_k,2021,5.704
zmb,sex_t,age_aggregate_y25_54,eco_isic4_k,2022,9.24
zmb,sex_t,age_aggregate_y25_54,eco_isic4_k,2023,5.83
zmb,sex_t,age_aggregate_y25_54,eco_isic4_k,2024,5.021
zmb,sex_t,age_aggregate_y25_54,eco_isic4_l,2017,12.869
zmb,sex_t,age_aggregate_y25_54,eco_isic4_l,2018,2.681
zmb,sex_t,age_aggregate_y25_54,eco_isic4_l,2019,4.47
zmb,sex_t,age_aggregate_y25_54,eco_isic4_l,2020,5.763
zmb,sex_t,age_aggregate_y25_54,eco_isic4_l,2021,5.278
zmb,sex_t,age_aggregate_y25_54,eco_isic4_l,2022,4.966
zmb,sex_t,age_aggregate_y25_54,eco_isic4_l,2023,6.16
zmb,sex_t,age_aggregate_y25_54,eco_isic4_l,2024,6.106
zmb,sex_t,age_aggregate_y25_54,eco_isic4_m,2017,6.352
zmb,sex_t,age_aggregate_y25_54,eco_isic4_m,2018,3.953
zmb,sex_t,age_aggregate_y25_54,eco_isic4_m,2020,5.664
zmb,sex_t,age_aggregate_y25_54,eco_isic4_m,2021,2.74
zmb,sex_t,age_aggregate_y25_54,eco_isic4_m,2022,6.988
zmb,sex_t,age_aggregate_y25_54,eco_isic4_m,2023,6.144
zmb,sex_t,age_aggregate_y25_54,eco_isic4_m,2024,3.624
zmb,sex_t,age_aggregate_y25_54,eco_isic4_n,2017,6.745
zmb,sex_t,age_aggregate_y25_54,eco_isic4_n,2018,21.264
zmb,sex_t,age_aggregate_y25_54,eco_isic4_n,2019,21.331
zmb,sex_t,age_aggregate_y25_54,eco_isic4_n,2020,20.643
zmb,sex_t,age_aggregate_y25_54,eco_isic4_n,2021,58.385
zmb,sex_t,age_aggregate_y25_54,eco_isic4_n,2022,37.886
zmb,sex_t,age_aggregate_y25_54,eco_isic4_n,2023,53.413
zmb,sex_t,age_aggregate_y25_54,eco_isic4_n,2024,9.179
zmb,sex_t,age_aggregate_y25_54,eco_isic4_o,2021,2.111
zmb,sex_t,age_aggregate_y25_54,eco_isic4_p,2017,7.12
zmb,sex_t,age_aggregate_y25_54,eco_isic4_p,2018,2.85
zmb,sex_t,age_aggregate_y25_54,eco_isic4_p,2022,2.386
zmb,sex_t,age_aggregate_y25_54,eco_isic4_p,2023,5.246
zmb,sex_t,age_aggregate_y25_54,eco_isic4_p,2024,4.63
zmb,sex_t,age_aggregate_y25_54,eco_isic4_q,2018,10.108
zmb,sex_t,age_aggregate_y25_54,eco_isic4_q,2019,8.229
zmb,sex_t,age_aggregate_y25_54,eco_isic4_q,2020,7.328
zmb,sex_t,age_aggregate_y25_54,eco_isic4_q,2021,6.139
zmb,sex_t,age_aggregate_y25_54,eco_isic4_q,2022,7.099
zmb,sex_t,age_aggregate_y25_54,eco_isic4_q,2023,14.702
zmb,sex_t,age_aggregate_y25_54,eco_isic4_r,2019,3.037
zmb,sex_t,age_aggregate_y25_54,eco_isic4_r,2020,2.897
zmb,sex_t,age_aggregate_y25_54,eco_isic4_r,2021,7.622
zmb,sex_t,age_aggregate_y25_54,eco_isic4_r,2022,5.123
zmb,sex_t,age_aggregate_y25_54,eco_isic4_r,2023,5.528
zmb,sex_t,age_aggregate_y25_54,eco_isic4_s,2017,41.685
zmb,sex_t,age_aggregate_y25_54,eco_isic4_s,2018,69.716
zmb,sex_t,age_aggregate_y25_54,eco_isic4_s,2019,81.545
zmb,sex_t,age_aggregate_y25_54,eco_isic4_s,2020,67.357
zmb,sex_t,age_aggregate_y25_54,eco_isic4_s,2021,59.635
zmb,sex_t,age_aggregate_y25_54,eco_isic4_s,2022,77.212
zmb,sex_t,age_aggregate_y25_54,eco_isic4_s,2023,64.854
zmb,sex_t,age_aggregate_y25_54,eco_isic4_s,2024,38.463
zmb,sex_t,age_aggregate_y25_54,eco_isic4_t,2017,127.971
zmb,sex_t,age_aggregate_y25_54,eco_isic4_t,2018,60.225
zmb,sex_t,age_aggregate_y25_54,eco_isic4_t,2019,96.868
zmb,sex_t,age_aggregate_y25_54,eco_isic4_t,2020,78.087
zmb,sex_t,age_aggregate_y25_54,eco_isic4_t,2021,77.212
zmb,sex_t,age_aggregate_y25_54,eco_isic4_t,2022,76.176
zmb,sex_t,age_aggregate_y25_54,eco_isic4_t,2023,142.01
zmb,sex_t,age_aggregate_y25_54,eco_isic4_t,2024,142.451
zmb,sex_t,age_aggregate_y25_54,eco_isic4_total,2017,2539.456
zmb,sex_t,age_aggregate_y25_54,eco_isic4_total,2018,2514.334
zmb,sex_t,age_aggregate_y25_54,eco_isic4_total,2019,2643.468
zmb,sex_t,age_aggregate_y25_54,eco_isic4_total,2020,2762.339
zmb,sex_t,age_aggregate_y25_54,eco_isic4_total,2021,2836.145
zmb,sex_t,age_aggregate_y25_54,eco_isic4_total,2022,2897.638
zmb,sex_t,age_aggregate_y25_54,eco_isic4_total,2023,3308.039
zmb,sex_t,age_aggregate_y25_54,eco_isic4_total,2024,3512.766
zmb,sex_t,age_aggregate_y25_54,eco_isic4_u,2018,2.155
zmb,sex_t,age_aggregate_y25_54,eco_isic4_u,2021,7.436
zmb,sex_t,age_aggregate_y25_54,eco_sector_agr,2017,1657.109
zmb,sex_t,age_aggregate_y25_54,eco_sector_agr,2018,1700.217
zmb,sex_t,age_aggregate_y25_54,eco_sector_agr,2019,1651.268
zmb,sex_t,age_aggregate_y25_54,eco_sector_agr,2020,1801.978
zmb,sex_t,age_aggregate_y25_54,eco_sector_agr,2021,1798.134
zmb,sex_t,age_aggregate_y25_54,eco_sector_agr,2022,1781.062
zmb,sex_t,age_aggregate_y25_54,eco_sector_agr,2023,2086.593
zmb,sex_t,age_aggregate_y25_54,eco_sector_agr,2024,2431.083
zmb,sex_t,age_aggregate_y25_54,eco_sector_ind,2017,174.561
zmb,sex_t,age_aggregate_y25_54,eco_sector_ind,2018,189.521
zmb,sex_t,age_aggregate_y25_54,eco_sector_ind,2019,199.65
zmb,sex_t,age_aggregate_y25_54,eco_sector_ind,2020,224.293
zmb,sex_t,age_aggregate_y25_54,eco_sector_ind,2021,252.511
zmb,sex_t,age_aggregate_y25_54,eco_sector_ind,2022,254.439
zmb,sex_t,age_aggregate_y25_54,eco_sector_ind,2023,273.451
zmb,sex_t,age_aggregate_y25_54,eco_sector_ind,2024,239.251
zmb,sex_t,age_aggregate_y25_54,eco_sector_nag,2017,882.348
zmb,sex_t,age_aggregate_y25_54,eco_sector_nag,2018,814.117
zmb,sex_t,age_aggregate_y25_54,eco_sector_nag,2019,992.2
zmb,sex_t,age_aggregate_y25_54,eco_sector_nag,2020,960.361
zmb,sex_t,age_aggregate_y25_54,eco_sector_nag,2021,1038.011
zmb,sex_t,age_aggregate_y25_54,eco_sector_nag,2022,1116.575
zmb,sex_t,age_aggregate_y25_54,eco_sector_nag,2023,1221.446
zmb,sex_t,age_aggregate_y25_54,eco_sector_nag,2024,1081.682
zmb,sex_t,age_aggregate_y25_54,eco_sector_ser,2017,707.787
zmb,sex_t,age_aggregate_y25_54,eco_sector_ser,2018,624.596
zmb,sex_t,age_aggregate_y25_54,eco_sector_ser,2019,792.55
zmb,sex_t,age_aggregate_y25_54,eco_sector_ser,2020,736.067
zmb,sex_t,age_aggregate_y25_54,eco_sector_ser,2021,785.501
zmb,sex_t,age_aggregate_y25_54,eco_sector_ser,2022,862.137
zmb,sex_t,age_aggregate_y25_54,eco_sector_ser,2023,947.995
zmb,sex_t,age_aggregate_y25_54,eco_sector_ser,2024,842.431
zmb,sex_t,age_aggregate_y25_54,eco_sector_total,2017,2539.456
zmb,sex_t,age_aggregate_y25_54,eco_sector_total,2018,2514.334
zmb,sex_t,age_aggregate_y25_54,eco_sector_total,2019,2643.468
zmb,sex_t,age_aggregate_y25_54,eco_sector_total,2020,2762.339
zmb,sex_t,age_aggregate_y25_54,eco_sector_total,2021,2836.145
zmb,sex_t,age_aggregate_y25_54,eco_sector_total,2022,2897.638
zmb,sex_t,age_aggregate_y25_54,eco_sector_total,2023,3308.039
zmb,sex_t,age_aggregate_y25_54,eco_sector_total,2024,3512.766
zmb,sex_t,age_aggregate_y55_64,eco_aggregate_agr,2017,236.272
zmb,sex_t,age_aggregate_y55_64,eco_aggregate_agr,2018,232.261
zmb,sex_t,age_aggregate_y55_64,eco_aggregate_agr,2019,234.373
zmb,sex_t,age_aggregate_y55_64,eco_aggregate_agr,2020,250.741
zmb,sex_t,age_aggregate_y55_64,eco_aggregate_agr,2021,257.019
zmb,sex_t,age_aggregate_y55_64,eco_aggregate_agr,2022,264.192
zmb,sex_t,age_aggregate_y55_64,eco_aggregate_agr,2023,307.716
zmb,sex_t,age_aggregate_y55_64,eco_aggregate_agr,2024,322.135
zmb,sex_t,age_aggregate_y55_64,eco_aggregate_con,2017,3.396
zmb,sex_t,age_aggregate_y55_64,eco_aggregate_con,2018,8.446
zmb,sex_t,age_aggregate_y55_64,eco_aggregate_con,2019,10.62
zmb,sex_t,age_aggregate_y55_64,eco_aggregate_con,2020,3.62
zmb,sex_t,age_aggregate_y55_64,eco_aggregate_con,2021,3.877
zmb,sex_t,age_aggregate_y55_64,eco_aggregate_con,2022,7.941
zmb,sex_t,age_aggregate_y55_64,eco_aggregate_con,2023,11.792
zmb,sex_t,age_aggregate_y55_64,eco_aggregate_con,2024,7.629
zmb,sex_t,age_aggregate_y55_64,eco_aggregate_man,2017,9.927
zmb,sex_t,age_aggregate_y55_64,eco_aggregate_man,2018,7.724
zmb,sex_t,age_aggregate_y55_64,eco_aggregate_man,2019,14.761
zmb,sex_t,age_aggregate_y55_64,eco_aggregate_man,2020,12.962
zmb,sex_t,age_aggregate_y55_64,eco_aggregate_man,2021,16.945
zmb,sex_t,age_aggregate_y55_64,eco_aggregate_man,2022,16.059
zmb,sex_t,age_aggregate_y55_64,eco_aggregate_man,2023,16.99
zmb,sex_t,age_aggregate_y55_64,eco_aggregate_man,2024,17.734
zmb,sex_t,age_aggregate_y55_64,eco_aggregate_mkt,2017,47.554
zmb,sex_t,age_aggregate_y55_64,eco_aggregate_mkt,2018,37.845
zmb,sex_t,age_aggregate_y55_64,eco_aggregate_mkt,2019,48.399
zmb,sex_t,age_aggregate_y55_64,eco_aggregate_mkt,2020,54.866
zmb,sex_t,age_aggregate_y55_64,eco_aggregate_mkt,2021,48.178
zmb,sex_t,age_aggregate_y55_64,eco_aggregate_mkt,2022,59.749
zmb,sex_t,age_aggregate_y55_64,eco_aggregate_mkt,2023,51.674
zmb,sex_t,age_aggregate_y55_64,eco_aggregate_mkt,2024,55.542
zmb,sex_t,age_aggregate_y55_64,eco_aggregate_pub,2017,11.719
zmb,sex_t,age_aggregate_y55_64,eco_aggregate_pub,2018,10.476
zmb,sex_t,age_aggregate_y55_64,eco_aggregate_pub,2019,10.169
zmb,sex_t,age_aggregate_y55_64,eco_aggregate_pub,2020,5.858
zmb,sex_t,age_aggregate_y55_64,eco_aggregate_pub,2021,8.575
zmb,sex_t,age_aggregate_y55_64,eco_aggregate_pub,2022,3.297
zmb,sex_t,age_aggregate_y55_64,eco_aggregate_pub,2023,9.235
zmb,sex_t,age_aggregate_y55_64,eco_aggregate_pub,2024,9.875
zmb,sex_t,age_aggregate_y55_64,eco_aggregate_total,2017,308.868
zmb,sex_t,age_aggregate_y55_64,eco_aggregate_total,2018,297.616
zmb,sex_t,age_aggregate_y55_64,eco_aggregate_total,2019,319.684
zmb,sex_t,age_aggregate_y55_64,eco_aggregate_total,2020,328.047
zmb,sex_t,age_aggregate_y55_64,eco_aggregate_total,2021,337.063
zmb,sex_t,age_aggregate_y55_64,eco_aggregate_total,2022,351.823
zmb,sex_t,age_aggregate_y55_64,eco_aggregate_total,2023,398.02
zmb,sex_t,age_aggregate_y55_64,eco_aggregate_total,2024,414.173
zmb,sex_t,age_aggregate_y55_64,eco_isic4_a,2017,236.272
zmb,sex_t,age_aggregate_y55_64,eco_isic4_a,2018,232.261
zmb,sex_t,age_aggregate_y55_64,eco_isic4_a,2019,234.373
zmb,sex_t,age_aggregate_y55_64,eco_isic4_a,2020,250.741
zmb,sex_t,age_aggregate_y55_64,eco_isic4_a,2021,257.019
zmb,sex_t,age_aggregate_y55_64,eco_isic4_a,2022,264.192
zmb,sex_t,age_aggregate_y55_64,eco_isic4_a,2023,307.716
zmb,sex_t,age_aggregate_y55_64,eco_isic4_a,2024,322.135
zmb,sex_t,age_aggregate_y55_64,eco_isic4_c,2017,9.927
zmb,sex_t,age_aggregate_y55_64,eco_isic4_c,2018,7.724
zmb,sex_t,age_aggregate_y55_64,eco_isic4_c,2019,14.761
zmb,sex_t,age_aggregate_y55_64,eco_isic4_c,2020,12.962
zmb,sex_t,age_aggregate_y55_64,eco_isic4_c,2021,16.945
zmb,sex_t,age_aggregate_y55_64,eco_isic4_c,2022,16.059
zmb,sex_t,age_aggregate_y55_64,eco_isic4_c,2023,16.99
zmb,sex_t,age_aggregate_y55_64,eco_isic4_c,2024,17.734
zmb,sex_t,age_aggregate_y55_64,eco_isic4_f,2017,3.396
zmb,sex_t,age_aggregate_y55_64,eco_isic4_f,2018,8.446
zmb,sex_t,age_aggregate_y55_64,eco_isic4_f,2019,10.62
zmb,sex_t,age_aggregate_y55_64,eco_isic4_f,2020,3.62
zmb,sex_t,age_aggregate_y55_64,eco_isic4_f,2021,3.877
zmb,sex_t,age_aggregate_y55_64,eco_isic4_f,2022,7.941
zmb,sex_t,age_aggregate_y55_64,eco_isic4_f,2023,11.792
zmb,sex_t,age_aggregate_y55_64,eco_isic4_f,2024,7.629
zmb,sex_t,age_aggregate_y55_64,eco_isic4_g,2017,35.566
zmb,sex_t,age_aggregate_y55_64,eco_isic4_g,2018,29.525
zmb,sex_t,age_aggregate_y55_64,eco_isic4_g,2019,37.861
zmb,sex_t,age_aggregate_y55_64,eco_isic4_g,2020,44.616
zmb,sex_t,age_aggregate_y55_64,eco_isic4_g,2021,34.955
zmb,sex_t,age_aggregate_y55_64,eco_isic4_g,2022,47.188
zmb,sex_t,age_aggregate_y55_64,eco_isic4_g,2023,34.487
zmb,sex_t,age_aggregate_y55_64,eco_isic4_g,2024,42.003
zmb,sex_t,age_aggregate_y55_64,eco_isic4_h,2023,2.972
zmb,sex_t,age_aggregate_y55_64,eco_isic4_h,2024,3.602
zmb,sex_t,age_aggregate_y55_64,eco_isic4_i,2018,1.902
zmb,sex_t,age_aggregate_y55_64,eco_isic4_i,2020,5.241
zmb,sex_t,age_aggregate_y55_64,eco_isic4_i,2021,2.255
zmb,sex_t,age_aggregate_y55_64,eco_isic4_i,2022,3.42
zmb,sex_t,age_aggregate_y55_64,eco_isic4_i,2023,3.799
zmb,sex_t,age_aggregate_y55_64,eco_isic4_i,2024,2.652
zmb,sex_t,age_aggregate_y55_64,eco_isic4_l,2017,7.27
zmb,sex_t,age_aggregate_y55_64,eco_isic4_l,2019,3.936
zmb,sex_t,age_aggregate_y55_64,eco_isic4_l,2020,2.045
zmb,sex_t,age_aggregate_y55_64,eco_isic4_l,2021,5.411
zmb,sex_t,age_aggregate_y55_64,eco_isic4_l,2022,4.597
zmb,sex_t,age_aggregate_y55_64,eco_isic4_l,2023,2.748
zmb,sex_t,age_aggregate_y55_64,eco_isic4_l,2024,3.827
zmb,sex_t,age_aggregate_y55_64,eco_isic4_n,2018,3.598
zmb,sex_t,age_aggregate_y55_64,eco_isic4_n,2019,2.782
zmb,sex_t,age_aggregate_y55_64,eco_isic4_n,2020,1.643
zmb,sex_t,age_aggregate_y55_64,eco_isic4_n,2021,4.18
zmb,sex_t,age_aggregate_y55_64,eco_isic4_n,2022,2.537
zmb,sex_t,age_aggregate_y55_64,eco_isic4_n,2023,6.85
zmb,sex_t,age_aggregate_y55_64,eco_isic4_n,2024,3.177
zmb,sex_t,age_aggregate_y55_64,eco_isic4_s,2018,2.865
zmb,sex_t,age_aggregate_y55_64,eco_isic4_s,2020,2.47
zmb,sex_t,age_aggregate_y55_64,eco_isic4_s,2023,3.221
zmb,sex_t,age_aggregate_y55_64,eco_isic4_t,2017,10.685
zmb,sex_t,age_aggregate_y55_64,eco_isic4_t,2018,5.666
zmb,sex_t,age_aggregate_y55_64,eco_isic4_t,2019,6.692
zmb,sex_t,age_aggregate_y55_64,eco_isic4_t,2020,2.509
zmb,sex_t,age_aggregate_y55_64,eco_isic4_t,2021,5.989
zmb,sex_t,age_aggregate_y55_64,eco_isic4_t,2022,3.297
zmb,sex_t,age_aggregate_y55_64,eco_isic4_t,2023,5.309
zmb,sex_t,age_aggregate_y55_64,eco_isic4_t,2024,6.585
zmb,sex_t,age_aggregate_y55_64,eco_isic4_total,2017,308.868
zmb,sex_t,age_aggregate_y55_64,eco_isic4_total,2018,297.616
zmb,sex_t,age_aggregate_y55_64,eco_isic4_total,2019,319.684
zmb,sex_t,age_aggregate_y55_64,eco_isic4_total,2020,328.047
zmb,sex_t,age_aggregate_y55_64,eco_isic4_total,2021,337.063
zmb,sex_t,age_aggregate_y55_64,eco_isic4_total,2022,351.823
zmb,sex_t,age_aggregate_y55_64,eco_isic4_total,2023,398.02
zmb,sex_t,age_aggregate_y55_64,eco_isic4_total,2024,414.173
zmb,sex_t,age_aggregate_y55_64,eco_sector_agr,2017,236.272
zmb,sex_t,age_aggregate_y55_64,eco_sector_agr,2018,232.261
zmb,sex_t,age_aggregate_y55_64,eco_sector_agr,2019,234.373
zmb,sex_t,age_aggregate_y55_64,eco_sector_agr,2020,250.741
zmb,sex_t,age_aggregate_y55_64,eco_sector_agr,2021,257.019
zmb,sex_t,age_aggregate_y55_64,eco_sector_agr,2022,264.192
zmb,sex_t,age_aggregate_y55_64,eco_sector_agr,2023,307.716
zmb,sex_t,age_aggregate_y55_64,eco_sector_agr,2024,322.135
zmb,sex_t,age_aggregate_y55_64,eco_sector_ind,2017,13.323
zmb,sex_t,age_aggregate_y55_64,eco_sector_ind,2018,17.034
zmb,sex_t,age_aggregate_y55_64,eco_sector_ind,2019,26.743
zmb,sex_t,age_aggregate_y55_64,eco_sector_ind,2020,16.582
zmb,sex_t,age_aggregate_y55_64,eco_sector_ind,2021,23.29
zmb,sex_t,age_aggregate_y55_64,eco_sector_ind,2022,24.586
zmb,sex_t,age_aggregate_y55_64,eco_sector_ind,2023,29.395
zmb,sex_t,age_aggregate_y55_64,eco_sector_ind,2024,26.621
zmb,sex_t,age_aggregate_y55_64,eco_sector_nag,2017,72.597
zmb,sex_t,age_aggregate_y55_64,eco_sector_nag,2018,65.354
zmb,sex_t,age_aggregate_y55_64,eco_sector_nag,2019,85.311
zmb,sex_t,age_aggregate_y55_64,eco_sector_nag,2020,77.306
zmb,sex_t,age_aggregate_y55_64,eco_sector_nag,2021,80.044
zmb,sex_t,age_aggregate_y55_64,eco_sector_nag,2022,87.631
zmb,sex_t,age_aggregate_y55_64,eco_sector_nag,2023,90.304
zmb,sex_t,age_aggregate_y55_64,eco_sector_nag,2024,92.038
zmb,sex_t,age_aggregate_y55_64,eco_sector_ser,2017,59.274
zmb,sex_t,age_aggregate_y55_64,eco_sector_ser,2018,48.321
zmb,sex_t,age_aggregate_y55_64,eco_sector_ser,2019,58.568
zmb,sex_t,age_aggregate_y55_64,eco_sector_ser,2020,60.724
zmb,sex_t,age_aggregate_y55_64,eco_sector_ser,2021,56.753
zmb,sex_t,age_aggregate_y55_64,eco_sector_ser,2022,63.045
zmb,sex_t,age_aggregate_y55_64,eco_sector_ser,2023,60.909
zmb,sex_t,age_aggregate_y55_64,eco_sector_ser,2024,65.417
zmb,sex_t,age_aggregate_y55_64,eco_sector_total,2017,308.868
zmb,sex_t,age_aggregate_y55_64,eco_sector_total,2018,297.616
zmb,sex_t,age_aggregate_y55_64,eco_sector_total,2019,319.684
zmb,sex_t,age_aggregate_y55_64,eco_sector_total,2020,328.047
zmb,sex_t,age_aggregate_y55_64,eco_sector_total,2021,337.063
zmb,sex_t,age_aggregate_y55_64,eco_sector_total,2022,351.823
zmb,sex_t,age_aggregate_y55_64,eco_sector_total,2023,398.02
zmb,sex_t,age_aggregate_y55_64,eco_sector_total,2024,414.173
zmb,sex_t,age_aggregate_yge65,eco_aggregate_agr,2017,236.091
zmb,sex_t,age_aggregate_yge65,eco_aggregate_agr,2018,214.984
zmb,sex_t,age_aggregate_yge65,eco_aggregate_agr,2019,184.631
zmb,sex_t,age_aggregate_yge65,eco_aggregate_agr,2020,190.683
zmb,sex_t,age_aggregate_yge65,eco_aggregate_agr,2021,182.859
zmb,sex_t,age_aggregate_yge65,eco_aggregate_agr,2022,187.835
zmb,sex_t,age_aggregate_yge65,eco_aggregate_agr,2023,238.62
zmb,sex_t,age_aggregate_yge65,eco_aggregate_agr,2024,229.149
zmb,sex_t,age_aggregate_yge65,eco_aggregate_con,2019,2.478
zmb,sex_t,age_aggregate_yge65,eco_aggregate_con,2022,2.401
zmb,sex_t,age_aggregate_yge65,eco_aggregate_con,2024,2.283
zmb,sex_t,age_aggregate_yge65,eco_aggregate_man,2017,5.994
zmb,sex_t,age_aggregate_yge65,eco_aggregate_man,2018,3.155
zmb,sex_t,age_aggregate_yge65,eco_aggregate_man,2019,6.096
zmb,sex_t,age_aggregate_yge65,eco_aggregate_man,2020,4.192
zmb,sex_t,age_aggregate_yge65,eco_aggregate_man,2021,8.136
zmb,sex_t,age_aggregate_yge65,eco_aggregate_man,2022,4.116
zmb,sex_t,age_aggregate_yge65,eco_aggregate_man,2023,4.771
zmb,sex_t,age_aggregate_yge65,eco_aggregate_man,2024,6.37
zmb,sex_t,age_aggregate_yge65,eco_aggregate_mkt,2017,29.225
zmb,sex_t,age_aggregate_yge65,eco_aggregate_mkt,2018,20.813
zmb,sex_t,age_aggregate_yge65,eco_aggregate_mkt,2019,20.943
zmb,sex_t,age_aggregate_yge65,eco_aggregate_mkt,2020,24.841
zmb,sex_t,age_aggregate_yge65,eco_aggregate_mkt,2021,17.052
zmb,sex_t,age_aggregate_yge65,eco_aggregate_mkt,2022,29.317
zmb,sex_t,age_aggregate_yge65,eco_aggregate_mkt,2023,28.659
zmb,sex_t,age_aggregate_yge65,eco_aggregate_mkt,2024,23.82
zmb,sex_t,age_aggregate_yge65,eco_aggregate_pub,2017,2.333
zmb,sex_t,age_aggregate_yge65,eco_aggregate_pub,2018,3.682
zmb,sex_t,age_aggregate_yge65,eco_aggregate_pub,2019,6.428
zmb,sex_t,age_aggregate_yge65,eco_aggregate_pub,2020,2.669
zmb,sex_t,age_aggregate_yge65,eco_aggregate_pub,2021,3.614
zmb,sex_t,age_aggregate_yge65,eco_aggregate_pub,2022,4.83
zmb,sex_t,age_aggregate_yge65,eco_aggregate_pub,2023,3.762
zmb,sex_t,age_aggregate_yge65,eco_aggregate_pub,2024,3.352
zmb,sex_t,age_aggregate_yge65,eco_aggregate_total,2017,275.405
zmb,sex_t,age_aggregate_yge65,eco_aggregate_total,2018,245.101
zmb,sex_t,age_aggregate_yge65,eco_aggregate_total,2019,221.054
zmb,sex_t,age_aggregate_yge65,eco_aggregate_total,2020,223.736
zmb,sex_t,age_aggregate_yge65,eco_aggregate_total,2021,212.278
zmb,sex_t,age_aggregate_yge65,eco_aggregate_total,2022,228.813
zmb,sex_t,age_aggregate_yge65,eco_aggregate_total,2023,279.044
zmb,sex_t,age_aggregate_yge65,eco_aggregate_total,2024,264.974
zmb,sex_t,age_aggregate_yge65,eco_isic4_a,2017,236.091
zmb,sex_t,age_aggregate_yge65,eco_isic4_a,2018,214.984
zmb,sex_t,age_aggregate_yge65,eco_isic4_a,2019,184.631
zmb,sex_t,age_aggregate_yge65,eco_isic4_a,2020,190.683
zmb,sex_t,age_aggregate_yge65,eco_isic4_a,2021,182.859
zmb,sex_t,age_aggregate_yge65,eco_isic4_a,2022,187.835
zmb,sex_t,age_aggregate_yge65,eco_isic4_a,2023,238.62
zmb,sex_t,age_aggregate_yge65,eco_isic4_a,2024,229.149
zmb,sex_t,age_aggregate_yge65,eco_isic4_c,2017,5.994
zmb,sex_t,age_aggregate_yge65,eco_isic4_c,2018,3.155
zmb,sex_t,age_aggregate_yge65,eco_isic4_c,2019,6.096
zmb,sex_t,age_aggregate_yge65,eco_isic4_c,2020,4.192
zmb,sex_t,age_aggregate_yge65,eco_isic4_c,2021,8.136
zmb,sex_t,age_aggregate_yge65,eco_isic4_c,2022,4.116
zmb,sex_t,age_aggregate_yge65,eco_isic4_c,2023,4.771
zmb,sex_t,age_aggregate_yge65,eco_isic4_c,2024,6.37
zmb,sex_t,age_aggregate_yge65,eco_isic4_f,2019,2.478
zmb,sex_t,age_aggregate_yge65,eco_isic4_f,2022,2.401
zmb,sex_t,age_aggregate_yge65,eco_isic4_f,2024,2.283
zmb,sex_t,age_aggregate_yge65,eco_isic4_g,2017,14.253
zmb,sex_t,age_aggregate_yge65,eco_isic4_g,2018,14.223
zmb,sex_t,age_aggregate_yge65,eco_isic4_g,2019,14.406
zmb,sex_t,age_aggregate_yge65,eco_isic4_g,2020,16.398
zmb,sex_t,age_aggregate_yge65,eco_isic4_g,2021,9.962
zmb,sex_t,age_aggregate_yge65,eco_isic4_g,2022,18.127
zmb,sex_t,age_aggregate_yge65,eco_isic4_g,2023,17.403
zmb,sex_t,age_aggregate_yge65,eco_isic4_g,2024,16.968
zmb,sex_t,age_aggregate_yge65,eco_isic4_h,2021,1.875
zmb,sex_t,age_aggregate_yge65,eco_isic4_i,2017,2.083
zmb,sex_t,age_aggregate_yge65,eco_isic4_i,2018,2.246
zmb,sex_t,age_aggregate_yge65,eco_isic4_i,2020,1.834
zmb,sex_t,age_aggregate_yge65,eco_isic4_i,2022,1.803
zmb,sex_t,age_aggregate_yge65,eco_isic4_i,2023,3.792
zmb,sex_t,age_aggregate_yge65,eco_isic4_l,2017,6.735
zmb,sex_t,age_aggregate_yge65,eco_isic4_l,2018,2.458
zmb,sex_t,age_aggregate_yge65,eco_isic4_l,2020,3.866
zmb,sex_t,age_aggregate_yge65,eco_isic4_l,2021,2.909
zmb,sex_t,age_aggregate_yge65,eco_isic4_l,2022,6.961
zmb,sex_t,age_aggregate_yge65,eco_isic4_l,2023,3.546
zmb,sex_t,age_aggregate_yge65,eco_isic4_l,2024,5.157
zmb,sex_t,age_aggregate_yge65,eco_isic4_m,2017,4.235
zmb,sex_t,age_aggregate_yge65,eco_isic4_n,2019,3.112
zmb,sex_t,age_aggregate_yge65,eco_isic4_n,2020,2.743
zmb,sex_t,age_aggregate_yge65,eco_isic4_n,2023,3.684
zmb,sex_t,age_aggregate_yge65,eco_isic4_s,2020,1.128
zmb,sex_t,age_aggregate_yge65,eco_isic4_s,2023,1.918
zmb,sex_t,age_aggregate_yge65,eco_isic4_t,2017,2.333
zmb,sex_t,age_aggregate_yge65,eco_isic4_t,2018,2.642
zmb,sex_t,age_aggregate_yge65,eco_isic4_t,2019,4.352
zmb,sex_t,age_aggregate_yge65,eco_isic4_t,2021,2.014
zmb,sex_t,age_aggregate_yge65,eco_isic4_t,2022,2.143
zmb,sex_t,age_aggregate_yge65,eco_isic4_t,2024,2.701
zmb,sex_t,age_aggregate_yge65,eco_isic4_total,2017,275.405
zmb,sex_t,age_aggregate_yge65,eco_isic4_total,2018,245.101
zmb,sex_t,age_aggregate_yge65,eco_isic4_total,2019,221.054
zmb,sex_t,age_aggregate_yge65,eco_isic4_total,2020,223.736
zmb,sex_t,age_aggregate_yge65,eco_isic4_total,2021,212.278
zmb,sex_t,age_aggregate_yge65,eco_isic4_total,2022,228.813
zmb,sex_t,age_aggregate_yge65,eco_isic4_total,2023,279.044
zmb,sex_t,age_aggregate_yge65,eco_isic4_total,2024,264.974
zmb,sex_t,age_aggregate_yge65,eco_sector_agr,2017,236.091
zmb,sex_t,age_aggregate_yge65,eco_sector_agr,2018,214.984
zmb,sex_t,age_aggregate_yge65,eco_sector_agr,2019,184.631
zmb,sex_t,age_aggregate_yge65,eco_sector_agr,2020,190.683
zmb,sex_t,age_aggregate_yge65,eco_sector_agr,2021,182.859
zmb,sex_t,age_aggregate_yge65,eco_sector_agr,2022,187.835
zmb,sex_t,age_aggregate_yge65,eco_sector_agr,2023,238.62
zmb,sex_t,age_aggregate_yge65,eco_sector_agr,2024,229.149
zmb,sex_t,age_aggregate_yge65,eco_sector_ind,2017,7.756
zmb,sex_t,age_aggregate_yge65,eco_sector_ind,2018,5.622
zmb,sex_t,age_aggregate_yge65,eco_sector_ind,2019,9.051
zmb,sex_t,age_aggregate_yge65,eco_sector_ind,2020,5.543
zmb,sex_t,age_aggregate_yge65,eco_sector_ind,2021,8.753
zmb,sex_t,age_aggregate_yge65,eco_sector_ind,2022,6.831
zmb,sex_t,age_aggregate_yge65,eco_sector_ind,2023,8.003
zmb,sex_t,age_aggregate_yge65,eco_sector_ind,2024,8.653
zmb,sex_t,age_aggregate_yge65,eco_sector_nag,2017,39.314
zmb,sex_t,age_aggregate_yge65,eco_sector_nag,2018,30.117
zmb,sex_t,age_aggregate_yge65,eco_sector_nag,2019,36.423
zmb,sex_t,age_aggregate_yge65,eco_sector_nag,2020,33.053
zmb,sex_t,age_aggregate_yge65,eco_sector_nag,2021,29.419
zmb,sex_t,age_aggregate_yge65,eco_sector_nag,2022,40.978
zmb,sex_t,age_aggregate_yge65,eco_sector_nag,2023,40.424
zmb,sex_t,age_aggregate_yge65,eco_sector_nag,2024,35.825
zmb,sex_t,age_aggregate_yge65,eco_sector_ser,2017,31.558
zmb,sex_t,age_aggregate_yge65,eco_sector_ser,2018,24.494
zmb,sex_t,age_aggregate_yge65,eco_sector_ser,2019,27.371
zmb,sex_t,age_aggregate_yge65,eco_sector_ser,2020,27.51
zmb,sex_t,age_aggregate_yge65,eco_sector_ser,2021,20.666
zmb,sex_t,age_aggregate_yge65,eco_sector_ser,2022,34.147
zmb,sex_t,age_aggregate_yge65,eco_sector_ser,2023,32.421
zmb,sex_t,age_aggregate_yge65,eco_sector_ser,2024,27.172
zmb,sex_t,age_aggregate_yge65,eco_sector_total,2017,275.405
zmb,sex_t,age_aggregate_yge65,eco_sector_total,2018,245.101
zmb,sex_t,age_aggregate_yge65,eco_sector_total,2019,221.054
zmb,sex_t,age_aggregate_yge65,eco_sector_total,2020,223.736
zmb,sex_t,age_aggregate_yge65,eco_sector_total,2021,212.278
zmb,sex_t,age_aggregate_yge65,eco_sector_total,2022,228.813
zmb,sex_t,age_aggregate_yge65,eco_sector_total,2023,279.044
zmb,sex_t,age_aggregate_yge65,eco_sector_total,2024,264.974
zmb,sex_t,age_ythadult_y15_24,eco_aggregate_agr,2017,926.69
zmb,sex_t,age_ythadult_y15_24,eco_aggregate_agr,2018,847.264
zmb,sex_t,age_ythadult_y15_24,eco_aggregate_agr,2019,881.086
zmb,sex_t,age_ythadult_y15_24,eco_aggregate_agr,2020,977.623
zmb,sex_t,age_ythadult_y15_24,eco_aggregate_agr,2021,930.316
zmb,sex_t,age_ythadult_y15_24,eco_aggregate_agr,2022,895.328
zmb,sex_t,age_ythadult_y15_24,eco_aggregate_agr,2023,1015.571
zmb,sex_t,age_ythadult_y15_24,eco_aggregate_agr,2024,1185.501
zmb,sex_t,age_ythadult_y15_24,eco_aggregate_con,2017,11.687
zmb,sex_t,age_ythadult_y15_24,eco_aggregate_con,2018,17.114
zmb,sex_t,age_ythadult_y15_24,eco_aggregate_con,2019,16.084
zmb,sex_t,age_ythadult_y15_24,eco_aggregate_con,2020,11.823
zmb,sex_t,age_ythadult_y15_24,eco_aggregate_con,2021,17.246
zmb,sex_t,age_ythadult_y15_24,eco_aggregate_con,2022,11.061
zmb,sex_t,age_ythadult_y15_24,eco_aggregate_con,2023,28.573
zmb,sex_t,age_ythadult_y15_24,eco_aggregate_con,2024,14.99
zmb,sex_t,age_ythadult_y15_24,eco_aggregate_man,2017,14.123
zmb,sex_t,age_ythadult_y15_24,eco_aggregate_man,2018,19.065
zmb,sex_t,age_ythadult_y15_24,eco_aggregate_man,2019,15.312
zmb,sex_t,age_ythadult_y15_24,eco_aggregate_man,2020,18.015
zmb,sex_t,age_ythadult_y15_24,eco_aggregate_man,2021,29.526
zmb,sex_t,age_ythadult_y15_24,eco_aggregate_man,2022,16.977
zmb,sex_t,age_ythadult_y15_24,eco_aggregate_man,2023,22.429
zmb,sex_t,age_ythadult_y15_24,eco_aggregate_man,2024,22.211
zmb,sex_t,age_ythadult_y15_24,eco_aggregate_mel,2018,1.591
zmb,sex_t,age_ythadult_y15_24,eco_aggregate_mel,2019,3.131
zmb,sex_t,age_ythadult_y15_24,eco_aggregate_mel,2022,2.041
zmb,sex_t,age_ythadult_y15_24,eco_aggregate_mel,2023,5.695
zmb,sex_t,age_ythadult_y15_24,eco_aggregate_mel,2024,6.084
zmb,sex_t,age_ythadult_y15_24,eco_aggregate_mkt,2017,96.193
zmb,sex_t,age_ythadult_y15_24,eco_aggregate_mkt,2018,78.858
zmb,sex_t,age_ythadult_y15_24,eco_aggregate_mkt,2019,107.705
zmb,sex_t,age_ythadult_y15_24,eco_aggregate_mkt,2020,108.646
zmb,sex_t,age_ythadult_y15_24,eco_aggregate_mkt,2021,121.237
zmb,sex_t,age_ythadult_y15_24,eco_aggregate_mkt,2022,126.778
zmb,sex_t,age_ythadult_y15_24,eco_aggregate_mkt,2023,129.992
zmb,sex_t,age_ythadult_y15_24,eco_aggregate_mkt,2024,117.167
zmb,sex_t,age_ythadult_y15_24,eco_aggregate_pub,2017,56.937
zmb,sex_t,age_ythadult_y15_24,eco_aggregate_pub,2018,45.777
zmb,sex_t,age_ythadult_y15_24,eco_aggregate_pub,2019,41.552
zmb,sex_t,age_ythadult_y15_24,eco_aggregate_pub,2020,40.019
zmb,sex_t,age_ythadult_y15_24,eco_aggregate_pub,2021,50.909
zmb,sex_t,age_ythadult_y15_24,eco_aggregate_pub,2022,48.076
zmb,sex_t,age_ythadult_y15_24,eco_aggregate_pub,2023,51.401
zmb,sex_t,age_ythadult_y15_24,eco_aggregate_pub,2024,59.146
zmb,sex_t,age_ythadult_y15_24,eco_aggregate_total,2017,1105.628
zmb,sex_t,age_ythadult_y15_24,eco_aggregate_total,2018,1009.669
zmb,sex_t,age_ythadult_y15_24,eco_aggregate_total,2019,1064.871
zmb,sex_t,age_ythadult_y15_24,eco_aggregate_total,2020,1157.145
zmb,sex_t,age_ythadult_y15_24,eco_aggregate_total,2021,1150.38
zmb,sex_t,age_ythadult_y15_24,eco_aggregate_total,2022,1100.261
zmb,sex_t,age_ythadult_y15_24,eco_aggregate_total,2023,1253.661
zmb,sex_t,age_ythadult_y15_24,eco_aggregate_total,2024,1405.098
zmb,sex_t,age_ythadult_y15_24,eco_isic4_a,2017,926.69
zmb,sex_t,age_ythadult_y15_24,eco_isic4_a,2018,847.264
zmb,sex_t,age_ythadult_y15_24,eco_isic4_a,2019,881.086
zmb,sex_t,age_ythadult_y15_24,eco_isic4_a,2020,977.623
zmb,sex_t,age_ythadult_y15_24,eco_isic4_a,2021,930.316
zmb,sex_t,age_ythadult_y15_24,eco_isic4_a,2022,895.328
zmb,sex_t,age_ythadult_y15_24,eco_isic4_a,2023,1015.571
zmb,sex_t,age_ythadult_y15_24,eco_isic4_a,2024,1185.501
zmb,sex_t,age_ythadult_y15_24,eco_isic4_b,2019,3.131
zmb,sex_t,age_ythadult_y15_24,eco_isic4_b,2022,2.041
zmb,sex_t,age_ythadult_y15_24,eco_isic4_b,2023,3.39
zmb,sex_t,age_ythadult_y15_24,eco_isic4_b,2024,5.568
zmb,sex_t,age_ythadult_y15_24,eco_isic4_c,2017,14.123
zmb,sex_t,age_ythadult_y15_24,eco_isic4_c,2018,19.065
zmb,sex_t,age_ythadult_y15_24,eco_isic4_c,2019,15.312
zmb,sex_t,age_ythadult_y15_24,eco_isic4_c,2020,18.015
zmb,sex_t,age_ythadult_y15_24,eco_isic4_c,2021,29.526
zmb,sex_t,age_ythadult_y15_24,eco_isic4_c,2022,16.977
zmb,sex_t,age_ythadult_y15_24,eco_isic4_c,2023,22.429
zmb,sex_t,age_ythadult_y15_24,eco_isic4_c,2024,22.211
zmb,sex_t,age_ythadult_y15_24,eco_isic4_f,2017,11.687
zmb,sex_t,age_ythadult_y15_24,eco_isic4_f,2018,17.114
zmb,sex_t,age_ythadult_y15_24,eco_isic4_f,2019,16.084
zmb,sex_t,age_ythadult_y15_24,eco_isic4_f,2020,11.823
zmb,sex_t,age_ythadult_y15_24,eco_isic4_f,2021,17.246
zmb,sex_t,age_ythadult_y15_24,eco_isic4_f,2022,11.061
zmb,sex_t,age_ythadult_y15_24,eco_isic4_f,2023,28.573
zmb,sex_t,age_ythadult_y15_24,eco_isic4_f,2024,14.99
zmb,sex_t,age_ythadult_y15_24,eco_isic4_g,2017,78.386
zmb,sex_t,age_ythadult_y15_24,eco_isic4_g,2018,63.716
zmb,sex_t,age_ythadult_y15_24,eco_isic4_g,2019,86.886
zmb,sex_t,age_ythadult_y15_24,eco_isic4_g,2020,78.798
zmb,sex_t,age_ythadult_y15_24,eco_isic4_g,2021,79.516
zmb,sex_t,age_ythadult_y15_24,eco_isic4_g,2022,97.251
zmb,sex_t,age_ythadult_y15_24,eco_isic4_g,2023,99.896
zmb,sex_t,age_ythadult_y15_24,eco_isic4_g,2024,91.28
zmb,sex_t,age_ythadult_y15_24,eco_isic4_h,2017,6.997
zmb,sex_t,age_ythadult_y15_24,eco_isic4_h,2018,6.671
zmb,sex_t,age_ythadult_y15_24,eco_isic4_h,2019,9.156
zmb,sex_t,age_ythadult_y15_24,eco_isic4_h,2020,9.211
zmb,sex_t,age_ythadult_y15_24,eco_isic4_h,2021,15.087
zmb,sex_t,age_ythadult_y15_24,eco_isic4_h,2022,9.022
zmb,sex_t,age_ythadult_y15_24,eco_isic4_h,2023,14.518
zmb,sex_t,age_ythadult_y15_24,eco_isic4_h,2024,18.664
zmb,sex_t,age_ythadult_y15_24,eco_isic4_i,2017,5.529
zmb,sex_t,age_ythadult_y15_24,eco_isic4_i,2018,3.482
zmb,sex_t,age_ythadult_y15_24,eco_isic4_i,2019,5.54
zmb,sex_t,age_ythadult_y15_24,eco_isic4_i,2020,4.572
zmb,sex_t,age_ythadult_y15_24,eco_isic4_i,2021,8.085
zmb,sex_t,age_ythadult_y15_24,eco_isic4_i,2022,8.553
zmb,sex_t,age_ythadult_y15_24,eco_isic4_i,2023,4.134
zmb,sex_t,age_ythadult_y15_24,eco_isic4_i,2024,3.977
zmb,sex_t,age_ythadult_y15_24,eco_isic4_j,2020,6.887
zmb,sex_t,age_ythadult_y15_24,eco_isic4_k,2021,3.398
zmb,sex_t,age_ythadult_y15_24,eco_isic4_k,2022,3.427
zmb,sex_t,age_ythadult_y15_24,eco_isic4_n,2017,4.565
zmb,sex_t,age_ythadult_y15_24,eco_isic4_n,2018,2.753
zmb,sex_t,age_ythadult_y15_24,eco_isic4_n,2019,4.479
zmb,sex_t,age_ythadult_y15_24,eco_isic4_n,2020,7.32
zmb,sex_t,age_ythadult_y15_24,eco_isic4_n,2021,12.779
zmb,sex_t,age_ythadult_y15_24,eco_isic4_n,2022,7.805
zmb,sex_t,age_ythadult_y15_24,eco_isic4_n,2023,8.218
zmb,sex_t,age_ythadult_y15_24,eco_isic4_n,2024,2.306
zmb,sex_t,age_ythadult_y15_24,eco_isic4_p,2017,1.528
zmb,sex_t,age_ythadult_y15_24,eco_isic4_p,2018,1.191
zmb,sex_t,age_ythadult_y15_24,eco_isic4_q,2017,1.177
zmb,sex_t,age_ythadult_y15_24,eco_isic4_r,2020,3.846
zmb,sex_t,age_ythadult_y15_24,eco_isic4_r,2022,2.728
zmb,sex_t,age_ythadult_y15_24,eco_isic4_s,2017,17.356
zmb,sex_t,age_ythadult_y15_24,eco_isic4_s,2018,24.82
zmb,sex_t,age_ythadult_y15_24,eco_isic4_s,2019,19.544
zmb,sex_t,age_ythadult_y15_24,eco_isic4_s,2020,20.309
zmb,sex_t,age_ythadult_y15_24,eco_isic4_s,2021,24.357
zmb,sex_t,age_ythadult_y15_24,eco_isic4_s,2022,28.731
zmb,sex_t,age_ythadult_y15_24,eco_isic4_s,2023,24.359
zmb,sex_t,age_ythadult_y15_24,eco_isic4_s,2024,17.97
zmb,sex_t,age_ythadult_y15_24,eco_isic4_t,2017,35.926
zmb,sex_t,age_ythadult_y15_24,eco_isic4_t,2018,18.623
zmb,sex_t,age_ythadult_y15_24,eco_isic4_t,2019,18.619
zmb,sex_t,age_ythadult_y15_24,eco_isic4_t,2020,14.076
zmb,sex_t,age_ythadult_y15_24,eco_isic4_t,2021,20.962
zmb,sex_t,age_ythadult_y15_24,eco_isic4_t,2022,14.815
zmb,sex_t,age_ythadult_y15_24,eco_isic4_t,2023,25.64
zmb,sex_t,age_ythadult_y15_24,eco_isic4_t,2024,38.553
zmb,sex_t,age_ythadult_y15_24,eco_isic4_total,2017,1105.628
zmb,sex_t,age_ythadult_y15_24,eco_isic4_total,2018,1009.669
zmb,sex_t,age_ythadult_y15_24,eco_isic4_total,2019,1064.871
zmb,sex_t,age_ythadult_y15_24,eco_isic4_total,2020,1157.145
zmb,sex_t,age_ythadult_y15_24,eco_isic4_total,2021,1150.38
zmb,sex_t,age_ythadult_y15_24,eco_isic4_total,2022,1100.261
zmb,sex_t,age_ythadult_y15_24,eco_isic4_total,2023,1253.661
zmb,sex_t,age_ythadult_y15_24,eco_isic4_total,2024,1405.098
zmb,sex_t,age_ythadult_y15_24,eco_sector_agr,2017,926.69
zmb,sex_t,age_ythadult_y15_24,eco_sector_agr,2018,847.264
zmb,sex_t,age_ythadult_y15_24,eco_sector_agr,2019,881.086
zmb,sex_t,age_ythadult_y15_24,eco_sector_agr,2020,977.623
zmb,sex_t,age_ythadult_y15_24,eco_sector_agr,2021,930.316
zmb,sex_t,age_ythadult_y15_24,eco_sector_agr,2022,895.328
zmb,sex_t,age_ythadult_y15_24,eco_sector_agr,2023,1015.571
zmb,sex_t,age_ythadult_y15_24,eco_sector_agr,2024,1185.501
zmb,sex_t,age_ythadult_y15_24,eco_sector_ind,2017,25.809
zmb,sex_t,age_ythadult_y15_24,eco_sector_ind,2018,37.771
zmb,sex_t,age_ythadult_y15_24,eco_sector_ind,2019,34.527
zmb,sex_t,age_ythadult_y15_24,eco_sector_ind,2020,30.857
zmb,sex_t,age_ythadult_y15_24,eco_sector_ind,2021,47.919
zmb,sex_t,age_ythadult_y15_24,eco_sector_ind,2022,30.079
zmb,sex_t,age_ythadult_y15_24,eco_sector_ind,2023,56.697
zmb,sex_t,age_ythadult_y15_24,eco_sector_ind,2024,43.285
zmb,sex_t,age_ythadult_y15_24,eco_sector_nag,2017,178.939
zmb,sex_t,age_ythadult_y15_24,eco_sector_nag,2018,162.405
zmb,sex_t,age_ythadult_y15_24,eco_sector_nag,2019,183.784
zmb,sex_t,age_ythadult_y15_24,eco_sector_nag,2020,179.523
zmb,sex_t,age_ythadult_y15_24,eco_sector_nag,2021,220.064
zmb,sex_t,age_ythadult_y15_24,eco_sector_nag,2022,204.932
zmb,sex_t,age_ythadult_y15_24,eco_sector_nag,2023,238.09
zmb,sex_t,age_ythadult_y15_24,eco_sector_nag,2024,219.598
zmb,sex_t,age_ythadult_y15_24,eco_sector_ser,2017,153.13
zmb,sex_t,age_ythadult_y15_24,eco_sector_ser,2018,124.634
zmb,sex_t,age_ythadult_y15_24,eco_sector_ser,2019,149.257
zmb,sex_t,age_ythadult_y15_24,eco_sector_ser,2020,148.665
zmb,sex_t,age_ythadult_y15_24,eco_sector_ser,2021,172.146
zmb,sex_t,age_ythadult_y15_24,eco_sector_ser,2022,174.853
zmb,sex_t,age_ythadult_y15_24,eco_sector_ser,2023,181.393
zmb,sex_t,age_ythadult_y15_24,eco_sector_ser,2024,176.313
zmb,sex_t,age_ythadult_y15_24,eco_sector_total,2017,1105.628
zmb,sex_t,age_ythadult_y15_24,eco_sector_total,2018,1009.669
zmb,sex_t,age_ythadult_y15_24,eco_sector_total,2019,1064.871
zmb,sex_t,age_ythadult_y15_24,eco_sector_total,2020,1157.145
zmb,sex_t,age_ythadult_y15_24,eco_sector_total,2021,1150.38
zmb,sex_t,age_ythadult_y15_24,eco_sector_total,2022,1100.261
zmb,sex_t,age_ythadult_y15_24,eco_sector_total,2023,1253.661
zmb,sex_t,age_ythadult_y15_24,eco_sector_total,2024,1405.098
zmb,sex_t,age_ythadult_y15_64,eco_aggregate_agr,2017,2820.07
zmb,sex_t,age_ythadult_y15_64,eco_aggregate_agr,2018,2779.743
zmb,sex_t,age_ythadult_y15_64,eco_aggregate_agr,2019,2766.728
zmb,sex_t,age_ythadult_y15_64,eco_aggregate_agr,2020,3030.342
zmb,sex_t,age_ythadult_y15_64,eco_aggregate_agr,2021,2985.468
zmb,sex_t,age_ythadult_y15_64,eco_aggregate_agr,2022,2940.582
zmb,sex_t,age_ythadult_y15_64,eco_aggregate_agr,2023,3409.88
zmb,sex_t,age_ythadult_y15_64,eco_aggregate_agr,2024,3938.719
zmb,sex_t,age_ythadult_y15_64,eco_aggregate_con,2017,89.225
zmb,sex_t,age_ythadult_y15_64,eco_aggregate_con,2018,112.115
zmb,sex_t,age_ythadult_y15_64,eco_aggregate_con,2019,112.228
zmb,sex_t,age_ythadult_y15_64,eco_aggregate_con,2020,119.256
zmb,sex_t,age_ythadult_y15_64,eco_aggregate_con,2021,128.992
zmb,sex_t,age_ythadult_y15_64,eco_aggregate_con,2022,113.361
zmb,sex_t,age_ythadult_y15_64,eco_aggregate_con,2023,182.642
zmb,sex_t,age_ythadult_y15_64,eco_aggregate_con,2024,141.995
zmb,sex_t,age_ythadult_y15_64,eco_aggregate_man,2017,120.51
zmb,sex_t,age_ythadult_y15_64,eco_aggregate_man,2018,121.301
zmb,sex_t,age_ythadult_y15_64,eco_aggregate_man,2019,125.645
zmb,sex_t,age_ythadult_y15_64,eco_aggregate_man,2020,140.067
zmb,sex_t,age_ythadult_y15_64,eco_aggregate_man,2021,184.528
zmb,sex_t,age_ythadult_y15_64,eco_aggregate_man,2022,178.488
zmb,sex_t,age_ythadult_y15_64,eco_aggregate_man,2023,152.181
zmb,sex_t,age_ythadult_y15_64,eco_aggregate_man,2024,144.824
zmb,sex_t,age_ythadult_y15_64,eco_aggregate_mel,2018,10.909
zmb,sex_t,age_ythadult_y15_64,eco_aggregate_mel,2019,23.047
zmb,sex_t,age_ythadult_y15_64,eco_aggregate_mel,2021,10.2
zmb,sex_t,age_ythadult_y15_64,eco_aggregate_mel,2022,17.255
zmb,sex_t,age_ythadult_y15_64,eco_aggregate_mel,2023,24.721
zmb,sex_t,age_ythadult_y15_64,eco_aggregate_mel,2024,22.338
zmb,sex_t,age_ythadult_y15_64,eco_aggregate_mkt,2017,671.576
zmb,sex_t,age_ythadult_y15_64,eco_aggregate_mkt,2018,594.455
zmb,sex_t,age_ythadult_y15_64,eco_aggregate_mkt,2019,752.083
zmb,sex_t,age_ythadult_y15_64,eco_aggregate_mkt,2020,742.349
zmb,sex_t,age_ythadult_y15_64,eco_aggregate_mkt,2021,794.762
zmb,sex_t,age_ythadult_y15_64,eco_aggregate_mkt,2022,873.088
zmb,sex_t,age_ythadult_y15_64,eco_aggregate_mkt,2023,895.728
zmb,sex_t,age_ythadult_y15_64,eco_aggregate_mkt,2024,823.937
zmb,sex_t,age_ythadult_y15_64,eco_aggregate_pub,2017,248.615
zmb,sex_t,age_ythadult_y15_64,eco_aggregate_pub,2018,203.095
zmb,sex_t,age_ythadult_y15_64,eco_aggregate_pub,2019,248.292
zmb,sex_t,age_ythadult_y15_64,eco_aggregate_pub,2020,203.107
zmb,sex_t,age_ythadult_y15_64,eco_aggregate_pub,2021,219.638
zmb,sex_t,age_ythadult_y15_64,eco_aggregate_pub,2022,226.948
zmb,sex_t,age_ythadult_y15_64,eco_aggregate_pub,2023,294.569
zmb,sex_t,age_ythadult_y15_64,eco_aggregate_pub,2024,260.224
zmb,sex_t,age_ythadult_y15_64,eco_aggregate_total,2017,3953.953
zmb,sex_t,age_ythadult_y15_64,eco_aggregate_total,2018,3821.618
zmb,sex_t,age_ythadult_y15_64,eco_aggregate_total,2019,4028.023
zmb,sex_t,age_ythadult_y15_64,eco_aggregate_total,2020,4247.531
zmb,sex_t,age_ythadult_y15_64,eco_aggregate_total,2021,4323.587
zmb,sex_t,age_ythadult_y15_64,eco_aggregate_total,2022,4349.721
zmb,sex_t,age_ythadult_y15_64,eco_aggregate_total,2023,4959.72
zmb,sex_t,age_ythadult_y15_64,eco_aggregate_total,2024,5332.036
zmb,sex_t,age_ythadult_y15_64,eco_isic4_a,2017,2820.07
zmb,sex_t,age_ythadult_y15_64,eco_isic4_a,2018,2779.743
zmb,sex_t,age_ythadult_y15_64,eco_isic4_a,2019,2766.728
zmb,sex_t,age_ythadult_y15_64,eco_isic4_a,2020,3030.342
zmb,sex_t,age_ythadult_y15_64,eco_isic4_a,2021,2985.468
zmb,sex_t,age_ythadult_y15_64,eco_isic4_a,2022,2940.582
zmb,sex_t,age_ythadult_y15_64,eco_isic4_a,2023,3409.88
zmb,sex_t,age_ythadult_y15_64,eco_isic4_a,2024,3938.719
zmb,sex_t,age_ythadult_y15_64,eco_isic4_b,2018,9.113
zmb,sex_t,age_ythadult_y15_64,eco_isic4_b,2019,20.999
zmb,sex_t,age_ythadult_y15_64,eco_isic4_b,2022,15.831
zmb,sex_t,age_ythadult_y15_64,eco_isic4_b,2023,20.271
zmb,sex_t,age_ythadult_y15_64,eco_isic4_c,2017,120.51
zmb,sex_t,age_ythadult_y15_64,eco_isic4_c,2018,121.301
zmb,sex_t,age_ythadult_y15_64,eco_isic4_c,2019,125.645
zmb,sex_t,age_ythadult_y15_64,eco_isic4_c,2020,140.067
zmb,sex_t,age_ythadult_y15_64,eco_isic4_c,2021,184.528
zmb,sex_t,age_ythadult_y15_64,eco_isic4_c,2022,178.488
zmb,sex_t,age_ythadult_y15_64,eco_isic4_c,2023,152.181
zmb,sex_t,age_ythadult_y15_64,eco_isic4_c,2024,144.824
zmb,sex_t,age_ythadult_y15_64,eco_isic4_e,2021,3.758
zmb,sex_t,age_ythadult_y15_64,eco_isic4_e,2024,2.168
zmb,sex_t,age_ythadult_y15_64,eco_isic4_f,2017,89.225
zmb,sex_t,age_ythadult_y15_64,eco_isic4_f,2018,112.115
zmb,sex_t,age_ythadult_y15_64,eco_isic4_f,2019,112.228
zmb,sex_t,age_ythadult_y15_64,eco_isic4_f,2020,119.256
zmb,sex_t,age_ythadult_y15_64,eco_isic4_f,2021,128.992
zmb,sex_t,age_ythadult_y15_64,eco_isic4_f,2022,113.361
zmb,sex_t,age_ythadult_y15_64,eco_isic4_f,2023,182.642
zmb,sex_t,age_ythadult_y15_64,eco_isic4_f,2024,141.995
zmb,sex_t,age_ythadult_y15_64,eco_isic4_g,2017,563.297
zmb,sex_t,age_ythadult_y15_64,eco_isic4_g,2018,468.493
zmb,sex_t,age_ythadult_y15_64,eco_isic4_g,2019,610.812
zmb,sex_t,age_ythadult_y15_64,eco_isic4_g,2020,573.379
zmb,sex_t,age_ythadult_y15_64,eco_isic4_g,2021,567.632
zmb,sex_t,age_ythadult_y15_64,eco_isic4_g,2022,670.269
zmb,sex_t,age_ythadult_y15_64,eco_isic4_g,2023,660.306
zmb,sex_t,age_ythadult_y15_64,eco_isic4_g,2024,671.575
zmb,sex_t,age_ythadult_y15_64,eco_isic4_h,2017,50.355
zmb,sex_t,age_ythadult_y15_64,eco_isic4_h,2018,53.85
zmb,sex_t,age_ythadult_y15_64,eco_isic4_h,2019,60.932
zmb,sex_t,age_ythadult_y15_64,eco_isic4_h,2020,79.464
zmb,sex_t,age_ythadult_y15_64,eco_isic4_h,2022,82.174
zmb,sex_t,age_ythadult_y15_64,eco_isic4_h,2023,97.957
zmb,sex_t,age_ythadult_y15_64,eco_isic4_h,2024,98.732
zmb,sex_t,age_ythadult_y15_64,eco_isic4_i,2017,16.161
zmb,sex_t,age_ythadult_y15_64,eco_isic4_i,2018,29.512
zmb,sex_t,age_ythadult_y15_64,eco_isic4_i,2019,32.718
zmb,sex_t,age_ythadult_y15_64,eco_isic4_i,2020,32.044
zmb,sex_t,age_ythadult_y15_64,eco_isic4_i,2021,46.904
zmb,sex_t,age_ythadult_y15_64,eco_isic4_i,2022,41.864
zmb,sex_t,age_ythadult_y15_64,eco_isic4_i,2023,40.259
zmb,sex_t,age_ythadult_y15_64,eco_isic4_i,2024,18.257
zmb,sex_t,age_ythadult_y15_64,eco_isic4_k,2018,4.551
zmb,sex_t,age_ythadult_y15_64,eco_isic4_k,2020,5.016
zmb,sex_t,age_ythadult_y15_64,eco_isic4_k,2021,9.736
zmb,sex_t,age_ythadult_y15_64,eco_isic4_k,2023,8.784
zmb,sex_t,age_ythadult_y15_64,eco_isic4_k,2024,5.657
zmb,sex_t,age_ythadult_y15_64,eco_isic4_m,2017,8.348
zmb,sex_t,age_ythadult_y15_64,eco_isic4_m,2019,2.229
zmb,sex_t,age_ythadult_y15_64,eco_isic4_m,2023,6.803
zmb,sex_t,age_ythadult_y15_64,eco_isic4_n,2017,11.907
zmb,sex_t,age_ythadult_y15_64,eco_isic4_n,2018,27.615
zmb,sex_t,age_ythadult_y15_64,eco_isic4_n,2019,28.592
zmb,sex_t,age_ythadult_y15_64,eco_isic4_n,2020,29.606
zmb,sex_t,age_ythadult_y15_64,eco_isic4_n,2021,75.344
zmb,sex_t,age_ythadult_y15_64,eco_isic4_n,2022,48.228
zmb,sex_t,age_ythadult_y15_64,eco_isic4_n,2023,68.482
zmb,sex_t,age_ythadult_y15_64,eco_isic4_n,2024,14.662
zmb,sex_t,age_ythadult_y15_64,eco_isic4_p,2018,4.622
zmb,sex_t,age_ythadult_y15_64,eco_isic4_p,2020,1.929
zmb,sex_t,age_ythadult_y15_64,eco_isic4_q,2017,3.311
zmb,sex_t,age_ythadult_y15_64,eco_isic4_q,2018,11.23
zmb,sex_t,age_ythadult_y15_64,eco_isic4_q,2019,9.888
zmb,sex_t,age_ythadult_y15_64,eco_isic4_q,2021,8.334
zmb,sex_t,age_ythadult_y15_64,eco_isic4_q,2023,15.712
zmb,sex_t,age_ythadult_y15_64,eco_isic4_s,2017,59.501
zmb,sex_t,age_ythadult_y15_64,eco_isic4_s,2018,97.401
zmb,sex_t,age_ythadult_y15_64,eco_isic4_s,2019,102.881
zmb,sex_t,age_ythadult_y15_64,eco_isic4_s,2020,90.136
zmb,sex_t,age_ythadult_y15_64,eco_isic4_s,2021,85.665
zmb,sex_t,age_ythadult_y15_64,eco_isic4_s,2023,92.434
zmb,sex_t,age_ythadult_y15_64,eco_isic4_s,2024,59.04
zmb,sex_t,age_ythadult_y15_64,eco_isic4_t,2017,174.582
zmb,sex_t,age_ythadult_y15_64,eco_isic4_t,2018,84.514
zmb,sex_t,age_ythadult_y15_64,eco_isic4_t,2019,122.18
zmb,sex_t,age_ythadult_y15_64,eco_isic4_t,2020,94.672
zmb,sex_t,age_ythadult_y15_64,eco_isic4_t,2021,104.162
zmb,sex_t,age_ythadult_y15_64,eco_isic4_t,2022,94.288
zmb,sex_t,age_ythadult_y15_64,eco_isic4_t,2023,172.959
zmb,sex_t,age_ythadult_y15_64,eco_isic4_t,2024,187.589
zmb,sex_t,age_ythadult_y15_64,eco_isic4_total,2017,3953.953
zmb,sex_t,age_ythadult_y15_64,eco_isic4_total,2018,3821.618
zmb,sex_t,age_ythadult_y15_64,eco_isic4_total,2019,4028.023
zmb,sex_t,age_ythadult_y15_64,eco_isic4_total,2020,4247.531
zmb,sex_t,age_ythadult_y15_64,eco_isic4_total,2021,4323.587
zmb,sex_t,age_ythadult_y15_64,eco_isic4_total,2022,4349.721
zmb,sex_t,age_ythadult_y15_64,eco_isic4_total,2023,4959.72
zmb,sex_t,age_ythadult_y15_64,eco_isic4_total,2024,5332.036
zmb,sex_t,age_ythadult_y15_64,eco_isic4_u,2018,3.055
zmb,sex_t,age_ythadult_y15_64,eco_isic4_u,2019,4.649
zmb,sex_t,age_ythadult_y15_64,eco_isic4_u,2020,1.648
zmb,sex_t,age_ythadult_y15_64,eco_sector_agr,2017,2820.07
zmb,sex_t,age_ythadult_y15_64,eco_sector_agr,2018,2779.743
zmb,sex_t,age_ythadult_y15_64,eco_sector_agr,2019,2766.728
zmb,sex_t,age_ythadult_y15_64,eco_sector_agr,2020,3030.342
zmb,sex_t,age_ythadult_y15_64,eco_sector_agr,2021,2985.468
zmb,sex_t,age_ythadult_y15_64,eco_sector_agr,2022,2940.582
zmb,sex_t,age_ythadult_y15_64,eco_sector_agr,2023,3409.88
zmb,sex_t,age_ythadult_y15_64,eco_sector_agr,2024,3938.719
zmb,sex_t,age_ythadult_y15_64,eco_sector_ind,2017,213.693
zmb,sex_t,age_ythadult_y15_64,eco_sector_ind,2018,244.325
zmb,sex_t,age_ythadult_y15_64,eco_sector_ind,2019,260.92
zmb,sex_t,age_ythadult_y15_64,eco_sector_ind,2020,271.733
zmb,sex_t,age_ythadult_y15_64,eco_sector_ind,2021,323.719
zmb,sex_t,age_ythadult_y15_64,eco_sector_ind,2022,309.104
zmb,sex_t,age_ythadult_y15_64,eco_sector_ind,2023,359.543
zmb,sex_t,age_ythadult_y15_64,eco_sector_ind,2024,309.157
zmb,sex_t,age_ythadult_y15_64,eco_sector_nag,2017,1133.883
zmb,sex_t,age_ythadult_y15_64,eco_sector_nag,2018,1041.876
zmb,sex_t,age_ythadult_y15_64,eco_sector_nag,2019,1261.295
zmb,sex_t,age_ythadult_y15_64,eco_sector_nag,2020,1217.189
zmb,sex_t,age_ythadult_y15_64,eco_sector_nag,2021,1338.119
zmb,sex_t,age_ythadult_y15_64,eco_sector_nag,2022,1409.139
zmb,sex_t,age_ythadult_y15_64,eco_sector_nag,2023,1549.84
zmb,sex_t,age_ythadult_y15_64,eco_sector_nag,2024,1393.318
zmb,sex_t,age_ythadult_y15_64,eco_sector_ser,2017,920.19
zmb,sex_t,age_ythadult_y15_64,eco_sector_ser,2018,797.551
zmb,sex_t,age_ythadult_y15_64,eco_sector_ser,2019,1000.375
zmb,sex_t,age_ythadult_y15_64,eco_sector_ser,2020,945.456
zmb,sex_t,age_ythadult_y15_64,eco_sector_ser,2021,1014.4
zmb,sex_t,age_ythadult_y15_64,eco_sector_ser,2022,1100.035
zmb,sex_t,age_ythadult_y15_64,eco_sector_ser,2023,1190.297
zmb,sex_t,age_ythadult_y15_64,eco_sector_ser,2024,1084.161
zmb,sex_t,age_ythadult_y15_64,eco_sector_total,2017,3953.953
zmb,sex_t,age_ythadult_y15_64,eco_sector_total,2018,3821.618
zmb,sex_t,age_ythadult_y15_64,eco_sector_total,2019,4028.023
zmb,sex_t,age_ythadult_y15_64,eco_sector_total,2020,4247.531
zmb,sex_t,age_ythadult_y15_64,eco_sector_total,2021,4323.587
zmb,sex_t,age_ythadult_y15_64,eco_sector_total,2022,4349.721
zmb,sex_t,age_ythadult_y15_64,eco_sector_total,2023,4959.72
zmb,sex_t,age_ythadult_y15_64,eco_sector_total,2024,5332.036
zmb,sex_t,age_ythadult_yge15,eco_aggregate_agr,2017,3056.16
zmb,sex_t,age_ythadult_yge15,eco_aggregate_agr,2018,2994.727
zmb,sex_t,age_ythadult_yge15,eco_aggregate_agr,2019,2951.359
zmb,sex_t,age_ythadult_yge15,eco_aggregate_agr,2020,3221.025
zmb,sex_t,age_ythadult_yge15,eco_aggregate_agr,2021,3168.327
zmb,sex_t,age_ythadult_yge15,eco_aggregate_agr,2022,3128.417
zmb,sex_t,age_ythadult_yge15,eco_aggregate_agr,2023,3648.5
zmb,sex_t,age_ythadult_yge15,eco_aggregate_agr,2024,4167.868
zmb,sex_t,age_ythadult_yge15,eco_aggregate_con,2017,90.521
zmb,sex_t,age_ythadult_yge15,eco_aggregate_con,2018,113.682
zmb,sex_t,age_ythadult_yge15,eco_aggregate_con,2019,114.706
zmb,sex_t,age_ythadult_yge15,eco_aggregate_con,2020,119.256
zmb,sex_t,age_ythadult_yge15,eco_aggregate_con,2021,129.61
zmb,sex_t,age_ythadult_yge15,eco_aggregate_con,2022,115.762
zmb,sex_t,age_ythadult_yge15,eco_aggregate_con,2023,184.916
zmb,sex_t,age_ythadult_yge15,eco_aggregate_con,2024,144.278
zmb,sex_t,age_ythadult_yge15,eco_aggregate_man,2017,126.504
zmb,sex_t,age_ythadult_yge15,eco_aggregate_man,2018,124.456
zmb,sex_t,age_ythadult_yge15,eco_aggregate_man,2019,131.741
zmb,sex_t,age_ythadult_yge15,eco_aggregate_man,2020,144.26
zmb,sex_t,age_ythadult_yge15,eco_aggregate_man,2021,192.663
zmb,sex_t,age_ythadult_yge15,eco_aggregate_man,2022,182.603
zmb,sex_t,age_ythadult_yge15,eco_aggregate_man,2023,156.952
zmb,sex_t,age_ythadult_yge15,eco_aggregate_man,2024,151.195
zmb,sex_t,age_ythadult_yge15,eco_aggregate_mel,2017,4.425
zmb,sex_t,age_ythadult_yge15,eco_aggregate_mel,2018,11.81
zmb,sex_t,age_ythadult_yge15,eco_aggregate_mel,2019,23.524
zmb,sex_t,age_ythadult_yge15,eco_aggregate_mel,2020,13.76
zmb,sex_t,age_ythadult_yge15,eco_aggregate_mel,2021,10.2
zmb,sex_t,age_ythadult_yge15,eco_aggregate_mel,2022,17.569
zmb,sex_t,age_ythadult_yge15,eco_aggregate_mel,2023,25.678
zmb,sex_t,age_ythadult_yge15,eco_aggregate_mel,2024,22.338
zmb,sex_t,age_ythadult_yge15,eco_aggregate_mkt,2017,700.801
zmb,sex_t,age_ythadult_yge15,eco_aggregate_mkt,2018,615.268
zmb,sex_t,age_ythadult_yge15,eco_aggregate_mkt,2019,773.027
zmb,sex_t,age_ythadult_yge15,eco_aggregate_mkt,2020,767.19
zmb,sex_t,age_ythadult_yge15,eco_aggregate_mkt,2021,811.814
zmb,sex_t,age_ythadult_yge15,eco_aggregate_mkt,2022,902.405
zmb,sex_t,age_ythadult_yge15,eco_aggregate_mkt,2023,924.387
zmb,sex_t,age_ythadult_yge15,eco_aggregate_mkt,2024,847.757
zmb,sex_t,age_ythadult_yge15,eco_aggregate_pub,2017,250.948
zmb,sex_t,age_ythadult_yge15,eco_aggregate_pub,2018,206.777
zmb,sex_t,age_ythadult_yge15,eco_aggregate_pub,2019,254.72
zmb,sex_t,age_ythadult_yge15,eco_aggregate_pub,2020,205.776
zmb,sex_t,age_ythadult_yge15,eco_aggregate_pub,2021,223.252
zmb,sex_t,age_ythadult_yge15,eco_aggregate_pub,2022,231.778
zmb,sex_t,age_ythadult_yge15,eco_aggregate_pub,2023,298.331
zmb,sex_t,age_ythadult_yge15,eco_aggregate_pub,2024,263.576
zmb,sex_t,age_ythadult_yge15,eco_aggregate_total,2017,4229.358
zmb,sex_t,age_ythadult_yge15,eco_aggregate_total,2018,4066.719
zmb,sex_t,age_ythadult_yge15,eco_aggregate_total,2019,4249.077
zmb,sex_t,age_ythadult_yge15,eco_aggregate_total,2020,4471.267
zmb,sex_t,age_ythadult_yge15,eco_aggregate_total,2021,4535.866
zmb,sex_t,age_ythadult_yge15,eco_aggregate_total,2022,4578.534
zmb,sex_t,age_ythadult_yge15,eco_aggregate_total,2023,5238.764
zmb,sex_t,age_ythadult_yge15,eco_aggregate_total,2024,5597.011
zmb,sex_t,age_ythadult_yge15,eco_isic4_a,2017,3056.16
zmb,sex_t,age_ythadult_yge15,eco_isic4_a,2018,2994.727
zmb,sex_t,age_ythadult_yge15,eco_isic4_a,2019,2951.359
zmb,sex_t,age_ythadult_yge15,eco_isic4_a,2020,3221.025
zmb,sex_t,age_ythadult_yge15,eco_isic4_a,2021,3168.327
zmb,sex_t,age_ythadult_yge15,eco_isic4_a,2022,3128.417
zmb,sex_t,age_ythadult_yge15,eco_isic4_a,2023,3648.5
zmb,sex_t,age_ythadult_yge15,eco_isic4_a,2024,4167.868
zmb,sex_t,age_ythadult_yge15,eco_isic4_b,2017,3.714
zmb,sex_t,age_ythadult_yge15,eco_isic4_b,2018,10.014
zmb,sex_t,age_ythadult_yge15,eco_isic4_b,2019,21.476
zmb,sex_t,age_ythadult_yge15,eco_isic4_b,2020,12.102
zmb,sex_t,age_ythadult_yge15,eco_isic4_b,2021,6.441
zmb,sex_t,age_ythadult_yge15,eco_isic4_b,2022,16.145
zmb,sex_t,age_ythadult_yge15,eco_isic4_b,2023,21.228
zmb,sex_t,age_ythadult_yge15,eco_isic4_b,2024,19.232
zmb,sex_t,age_ythadult_yge15,eco_isic4_c,2017,126.504
zmb,sex_t,age_ythadult_yge15,eco_isic4_c,2018,124.456
zmb,sex_t,age_ythadult_yge15,eco_isic4_c,2019,131.741
zmb,sex_t,age_ythadult_yge15,eco_isic4_c,2020,144.26
zmb,sex_t,age_ythadult_yge15,eco_isic4_c,2021,192.663
zmb,sex_t,age_ythadult_yge15,eco_isic4_c,2022,182.603
zmb,sex_t,age_ythadult_yge15,eco_isic4_c,2023,156.952
zmb,sex_t,age_ythadult_yge15,eco_isic4_c,2024,151.195
zmb,sex_t,age_ythadult_yge15,eco_isic4_e,2021,3.758
zmb,sex_t,age_ythadult_yge15,eco_isic4_e,2023,3.56
zmb,sex_t,age_ythadult_yge15,eco_isic4_f,2017,90.521
zmb,sex_t,age_ythadult_yge15,eco_isic4_f,2018,113.682
zmb,sex_t,age_ythadult_yge15,eco_isic4_f,2019,114.706
zmb,sex_t,age_ythadult_yge15,eco_isic4_f,2020,119.256
zmb,sex_t,age_ythadult_yge15,eco_isic4_f,2021,129.61
zmb,sex_t,age_ythadult_yge15,eco_isic4_f,2022,115.762
zmb,sex_t,age_ythadult_yge15,eco_isic4_f,2023,184.916
zmb,sex_t,age_ythadult_yge15,eco_isic4_f,2024,144.278
zmb,sex_t,age_ythadult_yge15,eco_isic4_g,2017,577.55
zmb,sex_t,age_ythadult_yge15,eco_isic4_g,2018,482.716
zmb,sex_t,age_ythadult_yge15,eco_isic4_g,2019,625.219
zmb,sex_t,age_ythadult_yge15,eco_isic4_g,2020,589.777
zmb,sex_t,age_ythadult_yge15,eco_isic4_g,2021,577.594
zmb,sex_t,age_ythadult_yge15,eco_isic4_g,2022,688.396
zmb,sex_t,age_ythadult_yge15,eco_isic4_g,2023,677.709
zmb,sex_t,age_ythadult_yge15,eco_isic4_g,2024,688.543
zmb,sex_t,age_ythadult_yge15,eco_isic4_h,2017,50.96
zmb,sex_t,age_ythadult_yge15,eco_isic4_h,2018,53.85
zmb,sex_t,age_ythadult_yge15,eco_isic4_h,2019,60.932
zmb,sex_t,age_ythadult_yge15,eco_isic4_h,2020,79.464
zmb,sex_t,age_ythadult_yge15,eco_isic4_h,2021,77.463
zmb,sex_t,age_ythadult_yge15,eco_isic4_h,2022,83.492
zmb,sex_t,age_ythadult_yge15,eco_isic4_h,2023,97.957
zmb,sex_t,age_ythadult_yge15,eco_isic4_h,2024,98.732
zmb,sex_t,age_ythadult_yge15,eco_isic4_i,2017,18.244
zmb,sex_t,age_ythadult_yge15,eco_isic4_i,2018,31.759
zmb,sex_t,age_ythadult_yge15,eco_isic4_i,2019,34.255
zmb,sex_t,age_ythadult_yge15,eco_isic4_i,2020,33.878
zmb,sex_t,age_ythadult_yge15,eco_isic4_i,2021,47.702
zmb,sex_t,age_ythadult_yge15,eco_isic4_i,2022,43.667
zmb,sex_t,age_ythadult_yge15,eco_isic4_i,2023,44.05
zmb,sex_t,age_ythadult_yge15,eco_isic4_i,2024,18.659
zmb,sex_t,age_ythadult_yge15,eco_isic4_j,2018,2.659
zmb,sex_t,age_ythadult_yge15,eco_isic4_j,2019,3.748
zmb,sex_t,age_ythadult_yge15,eco_isic4_j,2020,8.917
zmb,sex_t,age_ythadult_yge15,eco_isic4_j,2021,5.386
zmb,sex_t,age_ythadult_yge15,eco_isic4_j,2023,4.229
zmb,sex_t,age_ythadult_yge15,eco_isic4_k,2018,4.551
zmb,sex_t,age_ythadult_yge15,eco_isic4_k,2019,5.51
zmb,sex_t,age_ythadult_yge15,eco_isic4_k,2020,5.016
zmb,sex_t,age_ythadult_yge15,eco_isic4_k,2021,9.736
zmb,sex_t,age_ythadult_yge15,eco_isic4_k,2022,12.667
zmb,sex_t,age_ythadult_yge15,eco_isic4_k,2023,8.784
zmb,sex_t,age_ythadult_yge15,eco_isic4_k,2024,5.657
zmb,sex_t,age_ythadult_yge15,eco_isic4_l,2017,26.873
zmb,sex_t,age_ythadult_yge15,eco_isic4_l,2018,6.279
zmb,sex_t,age_ythadult_yge15,eco_isic4_l,2019,9.429
zmb,sex_t,age_ythadult_yge15,eco_isic4_l,2020,11.674
zmb,sex_t,age_ythadult_yge15,eco_isic4_l,2021,13.598
zmb,sex_t,age_ythadult_yge15,eco_isic4_l,2022,16.524
zmb,sex_t,age_ythadult_yge15,eco_isic4_l,2023,12.454
zmb,sex_t,age_ythadult_yge15,eco_isic4_l,2024,15.09
zmb,sex_t,age_ythadult_yge15,eco_isic4_m,2017,12.582
zmb,sex_t,age_ythadult_yge15,eco_isic4_m,2018,4.018
zmb,sex_t,age_ythadult_yge15,eco_isic4_m,2019,2.229
zmb,sex_t,age_ythadult_yge15,eco_isic4_m,2020,6.116
zmb,sex_t,age_ythadult_yge15,eco_isic4_m,2021,3.845
zmb,sex_t,age_ythadult_yge15,eco_isic4_m,2022,7.201
zmb,sex_t,age_ythadult_yge15,eco_isic4_m,2023,7.037
zmb,sex_t,age_ythadult_yge15,eco_isic4_m,2024,4.209
zmb,sex_t,age_ythadult_yge15,eco_isic4_n,2017,13.221
zmb,sex_t,age_ythadult_yge15,eco_isic4_n,2018,29.436
zmb,sex_t,age_ythadult_yge15,eco_isic4_n,2019,31.704
zmb,sex_t,age_ythadult_yge15,eco_isic4_n,2020,32.349
zmb,sex_t,age_ythadult_yge15,eco_isic4_n,2021,76.49
zmb,sex_t,age_ythadult_yge15,eco_isic4_n,2022,49.123
zmb,sex_t,age_ythadult_yge15,eco_isic4_n,2023,72.165
zmb,sex_t,age_ythadult_yge15,eco_isic4_n,2024,15.955
zmb,sex_t,age_ythadult_yge15,eco_isic4_o,2021,2.384
zmb,sex_t,age_ythadult_yge15,eco_isic4_p,2017,8.648
zmb,sex_t,age_ythadult_yge15,eco_isic4_p,2018,4.622
zmb,sex_t,age_ythadult_yge15,eco_isic4_p,2019,4.106
zmb,sex_t,age_ythadult_yge15,eco_isic4_p,2020,1.929
zmb,sex_t,age_ythadult_yge15,eco_isic4_p,2022,2.611
zmb,sex_t,age_ythadult_yge15,eco_isic4_p,2023,6.173
zmb,sex_t,age_ythadult_yge15,eco_isic4_p,2024,4.63
zmb,sex_t,age_ythadult_yge15,eco_isic4_q,2017,3.311
zmb,sex_t,age_ythadult_yge15,eco_isic4_q,2018,11.511
zmb,sex_t,age_ythadult_yge15,eco_isic4_q,2019,11.06
zmb,sex_t,age_ythadult_yge15,eco_isic4_q,2020,7.614
zmb,sex_t,age_ythadult_yge15,eco_isic4_q,2021,8.334
zmb,sex_t,age_ythadult_yge15,eco_isic4_q,2022,9.082
zmb,sex_t,age_ythadult_yge15,eco_isic4_q,2023,15.712
zmb,sex_t,age_ythadult_yge15,eco_isic4_q,2024,2.211
zmb,sex_t,age_ythadult_yge15,eco_isic4_r,2018,1.672
zmb,sex_t,age_ythadult_yge15,eco_isic4_r,2019,3.546
zmb,sex_t,age_ythadult_yge15,eco_isic4_r,2020,6.743
zmb,sex_t,age_ythadult_yge15,eco_isic4_r,2021,8.769
zmb,sex_t,age_ythadult_yge15,eco_isic4_r,2022,9.806
zmb,sex_t,age_ythadult_yge15,eco_isic4_r,2023,6.119
zmb,sex_t,age_ythadult_yge15,eco_isic4_r,2024,3.334
zmb,sex_t,age_ythadult_yge15,eco_isic4_s,2017,59.501
zmb,sex_t,age_ythadult_yge15,eco_isic4_s,2018,98.131
zmb,sex_t,age_ythadult_yge15,eco_isic4_s,2019,103.784
zmb,sex_t,age_ythadult_yge15,eco_isic4_s,2020,91.264
zmb,sex_t,age_ythadult_yge15,eco_isic4_s,2021,86.993
zmb,sex_t,age_ythadult_yge15,eco_isic4_s,2022,106.269
zmb,sex_t,age_ythadult_yge15,eco_isic4_s,2023,94.352
zmb,sex_t,age_ythadult_yge15,eco_isic4_s,2024,59.451
zmb,sex_t,age_ythadult_yge15,eco_isic4_t,2017,176.915
zmb,sex_t,age_ythadult_yge15,eco_isic4_t,2018,87.157
zmb,sex_t,age_ythadult_yge15,eco_isic4_t,2019,126.532
zmb,sex_t,age_ythadult_yge15,eco_isic4_t,2020,96.214
zmb,sex_t,age_ythadult_yge15,eco_isic4_t,2021,106.176
zmb,sex_t,age_ythadult_yge15,eco_isic4_t,2022,96.43
zmb,sex_t,age_ythadult_yge15,eco_isic4_t,2023,174.38
zmb,sex_t,age_ythadult_yge15,eco_isic4_t,2024,190.29
zmb,sex_t,age_ythadult_yge15,eco_isic4_total,2017,4229.358
zmb,sex_t,age_ythadult_yge15,eco_isic4_total,2018,4066.719
zmb,sex_t,age_ythadult_yge15,eco_isic4_total,2019,4249.077
zmb,sex_t,age_ythadult_yge15,eco_isic4_total,2020,4471.267
zmb,sex_t,age_ythadult_yge15,eco_isic4_total,2021,4535.866
zmb,sex_t,age_ythadult_yge15,eco_isic4_total,2022,4578.534
zmb,sex_t,age_ythadult_yge15,eco_isic4_total,2023,5238.764
zmb,sex_t,age_ythadult_yge15,eco_isic4_total,2024,5597.011
zmb,sex_t,age_ythadult_yge15,eco_isic4_u,2018,3.055
zmb,sex_t,age_ythadult_yge15,eco_isic4_u,2019,4.649
zmb,sex_t,age_ythadult_yge15,eco_isic4_u,2021,9.299
zmb,sex_t,age_ythadult_yge15,eco_sector_agr,2017,3056.16
zmb,sex_t,age_ythadult_yge15,eco_sector_agr,2018,2994.727
zmb,sex_t,age_ythadult_yge15,eco_sector_agr,2019,2951.359
zmb,sex_t,age_ythadult_yge15,eco_sector_agr,2020,3221.025
zmb,sex_t,age_ythadult_yge15,eco_sector_agr,2021,3168.327
zmb,sex_t,age_ythadult_yge15,eco_sector_agr,2022,3128.417
zmb,sex_t,age_ythadult_yge15,eco_sector_agr,2023,3648.5
zmb,sex_t,age_ythadult_yge15,eco_sector_agr,2024,4167.868
zmb,sex_t,age_ythadult_yge15,eco_sector_ind,2017,221.449
zmb,sex_t,age_ythadult_yge15,eco_sector_ind,2018,249.948
zmb,sex_t,age_ythadult_yge15,eco_sector_ind,2019,269.971
zmb,sex_t,age_ythadult_yge15,eco_sector_ind,2020,277.275
zmb,sex_t,age_ythadult_yge15,eco_sector_ind,2021,332.473
zmb,sex_t,age_ythadult_yge15,eco_sector_ind,2022,315.934
zmb,sex_t,age_ythadult_yge15,eco_sector_ind,2023,367.546
zmb,sex_t,age_ythadult_yge15,eco_sector_ind,2024,317.81
zmb,sex_t,age_ythadult_yge15,eco_sector_nag,2017,1173.197
zmb,sex_t,age_ythadult_yge15,eco_sector_nag,2018,1071.993
zmb,sex_t,age_ythadult_yge15,eco_sector_nag,2019,1297.718
zmb,sex_t,age_ythadult_yge15,eco_sector_nag,2020,1250.242
zmb,sex_t,age_ythadult_yge15,eco_sector_nag,2021,1367.538
zmb,sex_t,age_ythadult_yge15,eco_sector_nag,2022,1450.117
zmb,sex_t,age_ythadult_yge15,eco_sector_nag,2023,1590.264
zmb,sex_t,age_ythadult_yge15,eco_sector_nag,2024,1429.143
zmb,sex_t,age_ythadult_yge15,eco_sector_ser,2017,951.748
zmb,sex_t,age_ythadult_yge15,eco_sector_ser,2018,822.045
zmb,sex_t,age_ythadult_yge15,eco_sector_ser,2019,1027.746
zmb,sex_t,age_ythadult_yge15,eco_sector_ser,2020,972.967
zmb,sex_t,age_ythadult_yge15,eco_sector_ser,2021,1035.066
zmb,sex_t,age_ythadult_yge15,eco_sector_ser,2022,1134.183
zmb,sex_t,age_ythadult_yge15,eco_sector_ser,2023,1222.718
zmb,sex_t,age_ythadult_yge15,eco_sector_ser,2024,1111.333
zmb,sex_t,age_ythadult_yge15,eco_sector_total,2017,4229.358
zmb,sex_t,age_ythadult_yge15,eco_sector_total,2018,4066.719
zmb,sex_t,age_ythadult_yge15,eco_sector_total,2019,4249.077
zmb,sex_t,age_ythadult_yge15,eco_sector_total,2020,4471.267
zmb,sex_t,age_ythadult_yge15,eco_sector_total,2021,4535.866
zmb,sex_t,age_ythadult_yge15,eco_sector_total,2022,4578.534
zmb,sex_t,age_ythadult_yge15,eco_sector_total,2023,5238.764
zmb,sex_t,age_ythadult_yge15,eco_sector_total,2024,5597.011
zmb,sex_t,age_ythadult_yge25,eco_aggregate_agr,2017,2129.471
zmb,sex_t,age_ythadult_yge25,eco_aggregate_agr,2018,2147.462
zmb,sex_t,age_ythadult_yge25,eco_aggregate_agr,2019,2070.273
zmb,sex_t,age_ythadult_yge25,eco_aggregate_agr,2020,2243.402
zmb,sex_t,age_ythadult_yge25,eco_aggregate_agr,2021,2238.012
zmb,sex_t,age_ythadult_yge25,eco_aggregate_agr,2022,2233.089
zmb,sex_t,age_ythadult_yge25,eco_aggregate_agr,2023,2632.928
zmb,sex_t,age_ythadult_yge25,eco_aggregate_agr,2024,2982.367
zmb,sex_t,age_ythadult_yge25,eco_aggregate_con,2017,78.834
zmb,sex_t,age_ythadult_yge25,eco_aggregate_con,2018,96.567
zmb,sex_t,age_ythadult_yge25,eco_aggregate_con,2019,98.622
zmb,sex_t,age_ythadult_yge25,eco_aggregate_con,2020,107.433
zmb,sex_t,age_ythadult_yge25,eco_aggregate_con,2021,112.364
zmb,sex_t,age_ythadult_yge25,eco_aggregate_con,2022,104.701
zmb,sex_t,age_ythadult_yge25,eco_aggregate_con,2023,156.343
zmb,sex_t,age_ythadult_yge25,eco_aggregate_con,2024,129.288
zmb,sex_t,age_ythadult_yge25,eco_aggregate_man,2017,112.381
zmb,sex_t,age_ythadult_yge25,eco_aggregate_man,2018,105.39
zmb,sex_t,age_ythadult_yge25,eco_aggregate_man,2019,116.429
zmb,sex_t,age_ythadult_yge25,eco_aggregate_man,2020,126.245
zmb,sex_t,age_ythadult_yge25,eco_aggregate_man,2021,163.137
zmb,sex_t,age_ythadult_yge25,eco_aggregate_man,2022,165.626
zmb,sex_t,age_ythadult_yge25,eco_aggregate_man,2023,134.523
zmb,sex_t,age_ythadult_yge25,eco_aggregate_man,2024,128.983
zmb,sex_t,age_ythadult_yge25,eco_aggregate_mel,2017,4.425
zmb,sex_t,age_ythadult_yge25,eco_aggregate_mel,2018,10.219
zmb,sex_t,age_ythadult_yge25,eco_aggregate_mel,2019,20.393
zmb,sex_t,age_ythadult_yge25,eco_aggregate_mel,2020,12.741
zmb,sex_t,age_ythadult_yge25,eco_aggregate_mel,2021,9.053
zmb,sex_t,age_ythadult_yge25,eco_aggregate_mel,2022,15.528
zmb,sex_t,age_ythadult_yge25,eco_aggregate_mel,2023,19.983
zmb,sex_t,age_ythadult_yge25,eco_aggregate_mel,2024,16.254
zmb,sex_t,age_ythadult_yge25,eco_aggregate_mkt,2017,604.608
zmb,sex_t,age_ythadult_yge25,eco_aggregate_mkt,2018,536.41
zmb,sex_t,age_ythadult_yge25,eco_aggregate_mkt,2019,665.321
zmb,sex_t,age_ythadult_yge25,eco_aggregate_mkt,2020,658.544
zmb,sex_t,age_ythadult_yge25,eco_aggregate_mkt,2021,690.577
zmb,sex_t,age_ythadult_yge25,eco_aggregate_mkt,2022,775.627
zmb,sex_t,age_ythadult_yge25,eco_aggregate_mkt,2023,794.394
zmb,sex_t,age_ythadult_yge25,eco_aggregate_mkt,2024,730.59
zmb,sex_t,age_ythadult_yge25,eco_aggregate_pub,2017,194.011
zmb,sex_t,age_ythadult_yge25,eco_aggregate_pub,2018,161.001
zmb,sex_t,age_ythadult_yge25,eco_aggregate_pub,2019,213.168
zmb,sex_t,age_ythadult_yge25,eco_aggregate_pub,2020,165.757
zmb,sex_t,age_ythadult_yge25,eco_aggregate_pub,2021,172.343
zmb,sex_t,age_ythadult_yge25,eco_aggregate_pub,2022,183.702
zmb,sex_t,age_ythadult_yge25,eco_aggregate_pub,2023,246.93
zmb,sex_t,age_ythadult_yge25,eco_aggregate_pub,2024,204.43
zmb,sex_t,age_ythadult_yge25,eco_aggregate_total,2017,3123.729
zmb,sex_t,age_ythadult_yge25,eco_aggregate_total,2018,3057.05
zmb,sex_t,age_ythadult_yge25,eco_aggregate_total,2019,3184.206
zmb,sex_t,age_ythadult_yge25,eco_aggregate_total,2020,3314.122
zmb,sex_t,age_ythadult_yge25,eco_aggregate_total,2021,3385.486
zmb,sex_t,age_ythadult_yge25,eco_aggregate_total,2022,3478.274
zmb,sex_t,age_ythadult_yge25,eco_aggregate_total,2023,3985.102
zmb,sex_t,age_ythadult_yge25,eco_aggregate_total,2024,4191.913
zmb,sex_t,age_ythadult_yge25,eco_isic4_a,2017,2129.471
zmb,sex_t,age_ythadult_yge25,eco_isic4_a,2018,2147.462
zmb,sex_t,age_ythadult_yge25,eco_isic4_a,2019,2070.273
zmb,sex_t,age_ythadult_yge25,eco_isic4_a,2020,2243.402
zmb,sex_t,age_ythadult_yge25,eco_isic4_a,2021,2238.012
zmb,sex_t,age_ythadult_yge25,eco_isic4_a,2022,2233.089
zmb,sex_t,age_ythadult_yge25,eco_isic4_a,2023,2632.928
zmb,sex_t,age_ythadult_yge25,eco_isic4_a,2024,2982.367
zmb,sex_t,age_ythadult_yge25,eco_isic4_b,2017,3.714
zmb,sex_t,age_ythadult_yge25,eco_isic4_b,2018,9.03
zmb,sex_t,age_ythadult_yge25,eco_isic4_b,2019,18.345
zmb,sex_t,age_ythadult_yge25,eco_isic4_b,2020,11.082
zmb,sex_t,age_ythadult_yge25,eco_isic4_b,2021,6.441
zmb,sex_t,age_ythadult_yge25,eco_isic4_b,2022,14.104
zmb,sex_t,age_ythadult_yge25,eco_isic4_b,2023,17.838
zmb,sex_t,age_ythadult_yge25,eco_isic4_b,2024,13.664
zmb,sex_t,age_ythadult_yge25,eco_isic4_c,2017,112.381
zmb,sex_t,age_ythadult_yge25,eco_isic4_c,2018,105.39
zmb,sex_t,age_ythadult_yge25,eco_isic4_c,2019,116.429
zmb,sex_t,age_ythadult_yge25,eco_isic4_c,2020,126.245
zmb,sex_t,age_ythadult_yge25,eco_isic4_c,2021,163.137
zmb,sex_t,age_ythadult_yge25,eco_isic4_c,2022,165.626
zmb,sex_t,age_ythadult_yge25,eco_isic4_c,2023,134.523
zmb,sex_t,age_ythadult_yge25,eco_isic4_c,2024,128.983
zmb,sex_t,age_ythadult_yge25,eco_isic4_f,2017,78.834
zmb,sex_t,age_ythadult_yge25,eco_isic4_f,2018,96.567
zmb,sex_t,age_ythadult_yge25,eco_isic4_f,2019,98.622
zmb,sex_t,age_ythadult_yge25,eco_isic4_f,2020,107.433
zmb,sex_t,age_ythadult_yge25,eco_isic4_f,2021,112.364
zmb,sex_t,age_ythadult_yge25,eco_isic4_f,2022,104.701
zmb,sex_t,age_ythadult_yge25,eco_isic4_f,2023,156.343
zmb,sex_t,age_ythadult_yge25,eco_isic4_f,2024,129.288
zmb,sex_t,age_ythadult_yge25,eco_isic4_g,2017,499.164
zmb,sex_t,age_ythadult_yge25,eco_isic4_g,2018,419
zmb,sex_t,age_ythadult_yge25,eco_isic4_g,2019,538.333
zmb,sex_t,age_ythadult_yge25,eco_isic4_g,2020,510.979
zmb,sex_t,age_ythadult_yge25,eco_isic4_g,2021,498.078
zmb,sex_t,age_ythadult_yge25,eco_isic4_g,2022,591.145
zmb,sex_t,age_ythadult_yge25,eco_isic4_g,2023,577.813
zmb,sex_t,age_ythadult_yge25,eco_isic4_g,2024,597.263
zmb,sex_t,age_ythadult_yge25,eco_isic4_h,2017,43.963
zmb,sex_t,age_ythadult_yge25,eco_isic4_h,2018,47.179
zmb,sex_t,age_ythadult_yge25,eco_isic4_h,2019,51.776
zmb,sex_t,age_ythadult_yge25,eco_isic4_h,2020,70.252
zmb,sex_t,age_ythadult_yge25,eco_isic4_h,2021,62.376
zmb,sex_t,age_ythadult_yge25,eco_isic4_h,2022,74.47
zmb,sex_t,age_ythadult_yge25,eco_isic4_h,2023,83.439
zmb,sex_t,age_ythadult_yge25,eco_isic4_h,2024,80.068
zmb,sex_t,age_ythadult_yge25,eco_isic4_i,2017,12.715
zmb,sex_t,age_ythadult_yge25,eco_isic4_i,2018,28.277
zmb,sex_t,age_ythadult_yge25,eco_isic4_i,2019,28.715
zmb,sex_t,age_ythadult_yge25,eco_isic4_i,2020,29.306
zmb,sex_t,age_ythadult_yge25,eco_isic4_i,2021,39.617
zmb,sex_t,age_ythadult_yge25,eco_isic4_i,2022,35.114
zmb,sex_t,age_ythadult_yge25,eco_isic4_i,2023,39.916
zmb,sex_t,age_ythadult_yge25,eco_isic4_i,2024,14.682
zmb,sex_t,age_ythadult_yge25,eco_isic4_j,2021,3.014
zmb,sex_t,age_ythadult_yge25,eco_isic4_j,2023,3.798
zmb,sex_t,age_ythadult_yge25,eco_isic4_k,2018,3.08
zmb,sex_t,age_ythadult_yge25,eco_isic4_k,2019,5.235
zmb,sex_t,age_ythadult_yge25,eco_isic4_k,2020,3.157
zmb,sex_t,age_ythadult_yge25,eco_isic4_k,2021,6.338
zmb,sex_t,age_ythadult_yge25,eco_isic4_k,2022,9.24
zmb,sex_t,age_ythadult_yge25,eco_isic4_k,2023,6.422
zmb,sex_t,age_ythadult_yge25,eco_isic4_k,2024,5.302
zmb,sex_t,age_ythadult_yge25,eco_isic4_l,2017,26.873
zmb,sex_t,age_ythadult_yge25,eco_isic4_l,2018,6.279
zmb,sex_t,age_ythadult_yge25,eco_isic4_l,2019,9.429
zmb,sex_t,age_ythadult_yge25,eco_isic4_l,2020,11.674
zmb,sex_t,age_ythadult_yge25,eco_isic4_l,2021,13.598
zmb,sex_t,age_ythadult_yge25,eco_isic4_l,2022,16.524
zmb,sex_t,age_ythadult_yge25,eco_isic4_l,2023,12.454
zmb,sex_t,age_ythadult_yge25,eco_isic4_l,2024,15.09
zmb,sex_t,age_ythadult_yge25,eco_isic4_m,2017,11.867
zmb,sex_t,age_ythadult_yge25,eco_isic4_m,2018,4.018
zmb,sex_t,age_ythadult_yge25,eco_isic4_m,2020,6.116
zmb,sex_t,age_ythadult_yge25,eco_isic4_m,2021,3.845
zmb,sex_t,age_ythadult_yge25,eco_isic4_m,2022,7.201
zmb,sex_t,age_ythadult_yge25,eco_isic4_m,2023,6.606
zmb,sex_t,age_ythadult_yge25,eco_isic4_m,2024,3.624
zmb,sex_t,age_ythadult_yge25,eco_isic4_n,2017,8.656
zmb,sex_t,age_ythadult_yge25,eco_isic4_n,2018,26.683
zmb,sex_t,age_ythadult_yge25,eco_isic4_n,2019,27.226
zmb,sex_t,age_ythadult_yge25,eco_isic4_n,2020,25.029
zmb,sex_t,age_ythadult_yge25,eco_isic4_n,2021,63.712
zmb,sex_t,age_ythadult_yge25,eco_isic4_n,2022,41.318
zmb,sex_t,age_ythadult_yge25,eco_isic4_n,2023,63.947
zmb,sex_t,age_ythadult_yge25,eco_isic4_n,2024,13.649
zmb,sex_t,age_ythadult_yge25,eco_isic4_o,2021,2.384
zmb,sex_t,age_ythadult_yge25,eco_isic4_p,2017,7.12
zmb,sex_t,age_ythadult_yge25,eco_isic4_p,2018,3.43
zmb,sex_t,age_ythadult_yge25,eco_isic4_p,2022,2.386
zmb,sex_t,age_ythadult_yge25,eco_isic4_p,2023,5.669
zmb,sex_t,age_ythadult_yge25,eco_isic4_p,2024,4.63
zmb,sex_t,age_ythadult_yge25,eco_isic4_q,2017,2.133
zmb,sex_t,age_ythadult_yge25,eco_isic4_q,2018,11.144
zmb,sex_t,age_ythadult_yge25,eco_isic4_q,2019,10.119
zmb,sex_t,age_ythadult_yge25,eco_isic4_q,2020,7.328
zmb,sex_t,age_ythadult_yge25,eco_isic4_q,2021,7.052
zmb,sex_t,age_ythadult_yge25,eco_isic4_q,2022,7.506
zmb,sex_t,age_ythadult_yge25,eco_isic4_q,2023,15.406
zmb,sex_t,age_ythadult_yge25,eco_isic4_q,2024,2.211
zmb,sex_t,age_ythadult_yge25,eco_isic4_r,2018,1.672
zmb,sex_t,age_ythadult_yge25,eco_isic4_r,2019,3.037
zmb,sex_t,age_ythadult_yge25,eco_isic4_r,2020,2.897
zmb,sex_t,age_ythadult_yge25,eco_isic4_r,2021,7.622
zmb,sex_t,age_ythadult_yge25,eco_isic4_r,2022,7.078
zmb,sex_t,age_ythadult_yge25,eco_isic4_r,2023,5.528
zmb,sex_t,age_ythadult_yge25,eco_isic4_s,2017,42.145
zmb,sex_t,age_ythadult_yge25,eco_isic4_s,2018,73.31
zmb,sex_t,age_ythadult_yge25,eco_isic4_s,2019,84.24
zmb,sex_t,age_ythadult_yge25,eco_isic4_s,2020,70.956
zmb,sex_t,age_ythadult_yge25,eco_isic4_s,2021,62.636
zmb,sex_t,age_ythadult_yge25,eco_isic4_s,2022,77.538
zmb,sex_t,age_ythadult_yge25,eco_isic4_s,2023,69.993
zmb,sex_t,age_ythadult_yge25,eco_isic4_s,2024,41.481
zmb,sex_t,age_ythadult_yge25,eco_isic4_t,2017,140.99
zmb,sex_t,age_ythadult_yge25,eco_isic4_t,2018,68.534
zmb,sex_t,age_ythadult_yge25,eco_isic4_t,2019,107.912
zmb,sex_t,age_ythadult_yge25,eco_isic4_t,2020,82.137
zmb,sex_t,age_ythadult_yge25,eco_isic4_t,2021,85.214
zmb,sex_t,age_ythadult_yge25,eco_isic4_t,2022,81.615
zmb,sex_t,age_ythadult_yge25,eco_isic4_t,2023,148.74
zmb,sex_t,age_ythadult_yge25,eco_isic4_t,2024,151.738
zmb,sex_t,age_ythadult_yge25,eco_isic4_total,2017,3123.729
zmb,sex_t,age_ythadult_yge25,eco_isic4_total,2018,3057.05
zmb,sex_t,age_ythadult_yge25,eco_isic4_total,2019,3184.206
zmb,sex_t,age_ythadult_yge25,eco_isic4_total,2020,3314.122
zmb,sex_t,age_ythadult_yge25,eco_isic4_total,2021,3385.486
zmb,sex_t,age_ythadult_yge25,eco_isic4_total,2022,3478.274
zmb,sex_t,age_ythadult_yge25,eco_isic4_total,2023,3985.102
zmb,sex_t,age_ythadult_yge25,eco_isic4_total,2024,4191.913
zmb,sex_t,age_ythadult_yge25,eco_isic4_u,2018,2.28
zmb,sex_t,age_ythadult_yge25,eco_isic4_u,2019,4.097
zmb,sex_t,age_ythadult_yge25,eco_isic4_u,2021,7.436
zmb,sex_t,age_ythadult_yge25,eco_sector_agr,2017,2129.471
zmb,sex_t,age_ythadult_yge25,eco_sector_agr,2018,2147.462
zmb,sex_t,age_ythadult_yge25,eco_sector_agr,2019,2070.273
zmb,sex_t,age_ythadult_yge25,eco_sector_agr,2020,2243.402
zmb,sex_t,age_ythadult_yge25,eco_sector_agr,2021,2238.012
zmb,sex_t,age_ythadult_yge25,eco_sector_agr,2022,2233.089
zmb,sex_t,age_ythadult_yge25,eco_sector_agr,2023,2632.928
zmb,sex_t,age_ythadult_yge25,eco_sector_agr,2024,2982.367
zmb,sex_t,age_ythadult_yge25,eco_sector_ind,2017,195.64
zmb,sex_t,age_ythadult_yge25,eco_sector_ind,2018,212.177
zmb,sex_t,age_ythadult_yge25,eco_sector_ind,2019,235.444
zmb,sex_t,age_ythadult_yge25,eco_sector_ind,2020,246.418
zmb,sex_t,age_ythadult_yge25,eco_sector_ind,2021,284.554
zmb,sex_t,age_ythadult_yge25,eco_sector_ind,2022,285.855
zmb,sex_t,age_ythadult_yge25,eco_sector_ind,2023,310.849
zmb,sex_t,age_ythadult_yge25,eco_sector_ind,2024,274.525
zmb,sex_t,age_ythadult_yge25,eco_sector_nag,2017,994.258
zmb,sex_t,age_ythadult_yge25,eco_sector_nag,2018,909.588
zmb,sex_t,age_ythadult_yge25,eco_sector_nag,2019,1113.934
zmb,sex_t,age_ythadult_yge25,eco_sector_nag,2020,1070.719
zmb,sex_t,age_ythadult_yge25,eco_sector_nag,2021,1147.474
zmb,sex_t,age_ythadult_yge25,eco_sector_nag,2022,1245.185
zmb,sex_t,age_ythadult_yge25,eco_sector_nag,2023,1352.174
zmb,sex_t,age_ythadult_yge25,eco_sector_nag,2024,1209.545
zmb,sex_t,age_ythadult_yge25,eco_sector_ser,2017,798.619
zmb,sex_t,age_ythadult_yge25,eco_sector_ser,2018,697.411
zmb,sex_t,age_ythadult_yge25,eco_sector_ser,2019,878.489
zmb,sex_t,age_ythadult_yge25,eco_sector_ser,2020,824.301
zmb,sex_t,age_ythadult_yge25,eco_sector_ser,2021,862.92
zmb,sex_t,age_ythadult_yge25,eco_sector_ser,2022,959.33
zmb,sex_t,age_ythadult_yge25,eco_sector_ser,2023,1041.325
zmb,sex_t,age_ythadult_yge25,eco_sector_ser,2024,935.02
zmb,sex_t,age_ythadult_yge25,eco_sector_total,2017,3123.729
zmb,sex_t,age_ythadult_yge25,eco_sector_total,2018,3057.05
zmb,sex_t,age_ythadult_yge25,eco_sector_total,2019,3184.206
zmb,sex_t,age_ythadult_yge25,eco_sector_total,2020,3314.122
zmb,sex_t,age_ythadult_yge25,eco_sector_total,2021,3385.486
zmb,sex_t,age_ythadult_yge25,eco_sector_total,2022,3478.274
zmb,sex_t,age_ythadult_yge25,eco_sector_total,2023,3985.102
zmb,sex_t,age_ythadult_yge25,eco_sector_total,2024,4191.913
