ref_area,sex,classif1,classif2,time,how_temp_sex_ocu_edu_nb
syc,sex_f,ocu_isco08_0,edu_aggregate_adv,2019,48.7
syc,sex_f,ocu_isco08_0,edu_aggregate_int,2023,44.72
syc,sex_f,ocu_isco08_0,edu_aggregate_total,2015,50.26
syc,sex_f,ocu_isco08_0,edu_aggregate_total,2019,44.91
syc,sex_f,ocu_isco08_0,edu_aggregate_total,2023,44.82
syc,sex_f,ocu_isco08_0,edu_isced11_total,2023,44.82
syc,sex_f,ocu_isco08_1,edu_aggregate_adv,2014,44.74
syc,sex_f,ocu_isco08_1,edu_aggregate_adv,2015,44.54
syc,sex_f,ocu_isco08_1,edu_aggregate_adv,2016,46.07
syc,sex_f,ocu_isco08_1,edu_aggregate_adv,2017,39.83
syc,sex_f,ocu_isco08_1,edu_aggregate_adv,2018,42.2
syc,sex_f,ocu_isco08_1,edu_aggregate_adv,2019,43
syc,sex_f,ocu_isco08_1,edu_aggregate_adv,2020,40.09
syc,sex_f,ocu_isco08_1,edu_aggregate_adv,2023,40.49
syc,sex_f,ocu_isco08_1,edu_aggregate_adv,2024,44.62
syc,sex_f,ocu_isco08_1,edu_aggregate_bas,2014,51.3
syc,sex_f,ocu_isco08_1,edu_aggregate_bas,2016,46.27
syc,sex_f,ocu_isco08_1,edu_aggregate_bas,2023,36.54
syc,sex_f,ocu_isco08_1,edu_aggregate_bas,2024,38.96
syc,sex_f,ocu_isco08_1,edu_aggregate_int,2014,47.49
syc,sex_f,ocu_isco08_1,edu_aggregate_int,2015,47.89
syc,sex_f,ocu_isco08_1,edu_aggregate_int,2016,44.87
syc,sex_f,ocu_isco08_1,edu_aggregate_int,2017,47.41
syc,sex_f,ocu_isco08_1,edu_aggregate_int,2018,51.07
syc,sex_f,ocu_isco08_1,edu_aggregate_int,2019,45.22
syc,sex_f,ocu_isco08_1,edu_aggregate_int,2020,42.47
syc,sex_f,ocu_isco08_1,edu_aggregate_int,2023,41.25
syc,sex_f,ocu_isco08_1,edu_aggregate_int,2024,42.3
syc,sex_f,ocu_isco08_1,edu_aggregate_total,2014,45.62
syc,sex_f,ocu_isco08_1,edu_aggregate_total,2015,45.46
syc,sex_f,ocu_isco08_1,edu_aggregate_total,2016,45.71
syc,sex_f,ocu_isco08_1,edu_aggregate_total,2017,42.37
syc,sex_f,ocu_isco08_1,edu_aggregate_total,2018,45.28
syc,sex_f,ocu_isco08_1,edu_aggregate_total,2019,43.49
syc,sex_f,ocu_isco08_1,edu_aggregate_total,2020,40.73
syc,sex_f,ocu_isco08_1,edu_aggregate_total,2023,40.41
syc,sex_f,ocu_isco08_1,edu_aggregate_total,2024,42.61
syc,sex_f,ocu_isco08_1,edu_aggregate_x,2014,40.32
syc,sex_f,ocu_isco08_1,edu_isced11_1,2023,46.92
syc,sex_f,ocu_isco08_1,edu_isced11_1,2024,47.85
syc,sex_f,ocu_isco08_1,edu_isced11_2,2023,32.43
syc,sex_f,ocu_isco08_1,edu_isced11_2,2024,34.92
syc,sex_f,ocu_isco08_1,edu_isced11_3,2023,40.85
syc,sex_f,ocu_isco08_1,edu_isced11_3,2024,40.82
syc,sex_f,ocu_isco08_1,edu_isced11_4,2023,42.19
syc,sex_f,ocu_isco08_1,edu_isced11_4,2024,45.02
syc,sex_f,ocu_isco08_1,edu_isced11_6,2023,40.51
syc,sex_f,ocu_isco08_1,edu_isced11_6,2024,49.68
syc,sex_f,ocu_isco08_1,edu_isced11_7,2023,40.47
syc,sex_f,ocu_isco08_1,edu_isced11_7,2024,37.57
syc,sex_f,ocu_isco08_1,edu_isced11_total,2023,40.41
syc,sex_f,ocu_isco08_1,edu_isced11_total,2024,42.61
syc,sex_f,ocu_isco08_2,edu_aggregate_adv,2014,36.56
syc,sex_f,ocu_isco08_2,edu_aggregate_adv,2015,37.83
syc,sex_f,ocu_isco08_2,edu_aggregate_adv,2016,36.78
syc,sex_f,ocu_isco08_2,edu_aggregate_adv,2017,36.42
syc,sex_f,ocu_isco08_2,edu_aggregate_adv,2018,37.26
syc,sex_f,ocu_isco08_2,edu_aggregate_adv,2019,36.67
syc,sex_f,ocu_isco08_2,edu_aggregate_adv,2020,37.42
syc,sex_f,ocu_isco08_2,edu_aggregate_adv,2023,36.27
syc,sex_f,ocu_isco08_2,edu_aggregate_adv,2024,36.77
syc,sex_f,ocu_isco08_2,edu_aggregate_bas,2016,34.05
syc,sex_f,ocu_isco08_2,edu_aggregate_bas,2023,35.74
syc,sex_f,ocu_isco08_2,edu_aggregate_int,2014,35.33
syc,sex_f,ocu_isco08_2,edu_aggregate_int,2015,37.83
syc,sex_f,ocu_isco08_2,edu_aggregate_int,2016,35.95
syc,sex_f,ocu_isco08_2,edu_aggregate_int,2017,32.68
syc,sex_f,ocu_isco08_2,edu_aggregate_int,2018,34.33
syc,sex_f,ocu_isco08_2,edu_aggregate_int,2019,37.04
syc,sex_f,ocu_isco08_2,edu_aggregate_int,2020,36.64
syc,sex_f,ocu_isco08_2,edu_aggregate_int,2023,36.04
syc,sex_f,ocu_isco08_2,edu_aggregate_int,2024,36.74
syc,sex_f,ocu_isco08_2,edu_aggregate_total,2014,36.37
syc,sex_f,ocu_isco08_2,edu_aggregate_total,2015,37.83
syc,sex_f,ocu_isco08_2,edu_aggregate_total,2016,36.63
syc,sex_f,ocu_isco08_2,edu_aggregate_total,2017,35.93
syc,sex_f,ocu_isco08_2,edu_aggregate_total,2018,36.87
syc,sex_f,ocu_isco08_2,edu_aggregate_total,2019,36.66
syc,sex_f,ocu_isco08_2,edu_aggregate_total,2020,37.3
syc,sex_f,ocu_isco08_2,edu_aggregate_total,2023,36.02
syc,sex_f,ocu_isco08_2,edu_aggregate_total,2024,36.74
syc,sex_f,ocu_isco08_2,edu_isced11_2,2023,36.83
syc,sex_f,ocu_isco08_2,edu_isced11_3,2023,35.83
syc,sex_f,ocu_isco08_2,edu_isced11_3,2024,38.61
syc,sex_f,ocu_isco08_2,edu_isced11_4,2023,36.27
syc,sex_f,ocu_isco08_2,edu_isced11_4,2024,34.85
syc,sex_f,ocu_isco08_2,edu_isced11_6,2023,36.09
syc,sex_f,ocu_isco08_2,edu_isced11_6,2024,36.59
syc,sex_f,ocu_isco08_2,edu_isced11_7,2023,36.56
syc,sex_f,ocu_isco08_2,edu_isced11_7,2024,37.01
syc,sex_f,ocu_isco08_2,edu_isced11_total,2023,36.02
syc,sex_f,ocu_isco08_2,edu_isced11_total,2024,36.74
syc,sex_f,ocu_isco08_3,edu_aggregate_adv,2014,38.06
syc,sex_f,ocu_isco08_3,edu_aggregate_adv,2015,38.36
syc,sex_f,ocu_isco08_3,edu_aggregate_adv,2016,38.95
syc,sex_f,ocu_isco08_3,edu_aggregate_adv,2017,38.03
syc,sex_f,ocu_isco08_3,edu_aggregate_adv,2018,37.75
syc,sex_f,ocu_isco08_3,edu_aggregate_adv,2019,38.07
syc,sex_f,ocu_isco08_3,edu_aggregate_adv,2020,36.23
syc,sex_f,ocu_isco08_3,edu_aggregate_adv,2023,32.64
syc,sex_f,ocu_isco08_3,edu_aggregate_adv,2024,39.91
syc,sex_f,ocu_isco08_3,edu_aggregate_bas,2014,33.83
syc,sex_f,ocu_isco08_3,edu_aggregate_bas,2023,36.82
syc,sex_f,ocu_isco08_3,edu_aggregate_bas,2024,34.28
syc,sex_f,ocu_isco08_3,edu_aggregate_int,2014,38.37
syc,sex_f,ocu_isco08_3,edu_aggregate_int,2015,39.18
syc,sex_f,ocu_isco08_3,edu_aggregate_int,2016,38.77
syc,sex_f,ocu_isco08_3,edu_aggregate_int,2017,36.36
syc,sex_f,ocu_isco08_3,edu_aggregate_int,2018,38.81
syc,sex_f,ocu_isco08_3,edu_aggregate_int,2019,38.27
syc,sex_f,ocu_isco08_3,edu_aggregate_int,2020,37.89
syc,sex_f,ocu_isco08_3,edu_aggregate_int,2023,36.6
syc,sex_f,ocu_isco08_3,edu_aggregate_int,2024,36.69
syc,sex_f,ocu_isco08_3,edu_aggregate_total,2014,38.15
syc,sex_f,ocu_isco08_3,edu_aggregate_total,2015,38.56
syc,sex_f,ocu_isco08_3,edu_aggregate_total,2016,38.96
syc,sex_f,ocu_isco08_3,edu_aggregate_total,2017,37.5
syc,sex_f,ocu_isco08_3,edu_aggregate_total,2018,38.03
syc,sex_f,ocu_isco08_3,edu_aggregate_total,2019,38.13
syc,sex_f,ocu_isco08_3,edu_aggregate_total,2020,36.68
syc,sex_f,ocu_isco08_3,edu_aggregate_total,2023,36.12
syc,sex_f,ocu_isco08_3,edu_aggregate_total,2024,36.78
syc,sex_f,ocu_isco08_3,edu_aggregate_x,2024,38.73
syc,sex_f,ocu_isco08_3,edu_isced11_2,2023,38.91
syc,sex_f,ocu_isco08_3,edu_isced11_2,2024,34.28
syc,sex_f,ocu_isco08_3,edu_isced11_3,2023,37.22
syc,sex_f,ocu_isco08_3,edu_isced11_3,2024,36.74
syc,sex_f,ocu_isco08_3,edu_isced11_4,2023,35.21
syc,sex_f,ocu_isco08_3,edu_isced11_4,2024,36.56
syc,sex_f,ocu_isco08_3,edu_isced11_6,2023,39.79
syc,sex_f,ocu_isco08_3,edu_isced11_6,2024,38.35
syc,sex_f,ocu_isco08_3,edu_isced11_7,2023,26.59
syc,sex_f,ocu_isco08_3,edu_isced11_9,2024,38.73
syc,sex_f,ocu_isco08_3,edu_isced11_total,2023,36.12
syc,sex_f,ocu_isco08_3,edu_isced11_total,2024,36.78
syc,sex_f,ocu_isco08_4,edu_aggregate_adv,2014,39.79
syc,sex_f,ocu_isco08_4,edu_aggregate_adv,2015,39.71
syc,sex_f,ocu_isco08_4,edu_aggregate_adv,2016,39.71
syc,sex_f,ocu_isco08_4,edu_aggregate_adv,2017,38.42
syc,sex_f,ocu_isco08_4,edu_aggregate_adv,2018,38.43
syc,sex_f,ocu_isco08_4,edu_aggregate_adv,2019,38.53
syc,sex_f,ocu_isco08_4,edu_aggregate_adv,2020,39
syc,sex_f,ocu_isco08_4,edu_aggregate_adv,2023,34.68
syc,sex_f,ocu_isco08_4,edu_aggregate_bas,2014,34.59
syc,sex_f,ocu_isco08_4,edu_aggregate_bas,2023,35.25
syc,sex_f,ocu_isco08_4,edu_aggregate_bas,2024,37.93
syc,sex_f,ocu_isco08_4,edu_aggregate_int,2014,41.64
syc,sex_f,ocu_isco08_4,edu_aggregate_int,2015,40.72
syc,sex_f,ocu_isco08_4,edu_aggregate_int,2016,39.68
syc,sex_f,ocu_isco08_4,edu_aggregate_int,2017,38.01
syc,sex_f,ocu_isco08_4,edu_aggregate_int,2018,38.51
syc,sex_f,ocu_isco08_4,edu_aggregate_int,2019,37.9
syc,sex_f,ocu_isco08_4,edu_aggregate_int,2020,37.63
syc,sex_f,ocu_isco08_4,edu_aggregate_int,2023,38.98
syc,sex_f,ocu_isco08_4,edu_aggregate_int,2024,38.83
syc,sex_f,ocu_isco08_4,edu_aggregate_total,2014,40.28
syc,sex_f,ocu_isco08_4,edu_aggregate_total,2015,40.11
syc,sex_f,ocu_isco08_4,edu_aggregate_total,2016,39.66
syc,sex_f,ocu_isco08_4,edu_aggregate_total,2017,38.25
syc,sex_f,ocu_isco08_4,edu_aggregate_total,2018,38.45
syc,sex_f,ocu_isco08_4,edu_aggregate_total,2019,38.28
syc,sex_f,ocu_isco08_4,edu_aggregate_total,2020,38.57
syc,sex_f,ocu_isco08_4,edu_aggregate_total,2023,38.42
syc,sex_f,ocu_isco08_4,edu_aggregate_total,2024,38.64
syc,sex_f,ocu_isco08_4,edu_isced11_1,2023,29.2
syc,sex_f,ocu_isco08_4,edu_isced11_2,2023,36.52
syc,sex_f,ocu_isco08_4,edu_isced11_2,2024,38.42
syc,sex_f,ocu_isco08_4,edu_isced11_3,2023,38.92
syc,sex_f,ocu_isco08_4,edu_isced11_3,2024,39.06
syc,sex_f,ocu_isco08_4,edu_isced11_4,2023,39.22
syc,sex_f,ocu_isco08_4,edu_isced11_4,2024,37.35
syc,sex_f,ocu_isco08_4,edu_isced11_6,2023,27.56
syc,sex_f,ocu_isco08_4,edu_isced11_7,2023,37.91
syc,sex_f,ocu_isco08_4,edu_isced11_total,2023,38.42
syc,sex_f,ocu_isco08_4,edu_isced11_total,2024,38.64
syc,sex_f,ocu_isco08_5,edu_aggregate_adv,2014,43.42
syc,sex_f,ocu_isco08_5,edu_aggregate_adv,2015,41.89
syc,sex_f,ocu_isco08_5,edu_aggregate_adv,2016,43.49
syc,sex_f,ocu_isco08_5,edu_aggregate_adv,2017,42.63
syc,sex_f,ocu_isco08_5,edu_aggregate_adv,2018,43.15
syc,sex_f,ocu_isco08_5,edu_aggregate_adv,2019,42.53
syc,sex_f,ocu_isco08_5,edu_aggregate_adv,2020,40.8
syc,sex_f,ocu_isco08_5,edu_aggregate_adv,2023,36.88
syc,sex_f,ocu_isco08_5,edu_aggregate_bas,2014,43.53
syc,sex_f,ocu_isco08_5,edu_aggregate_bas,2015,39.53
syc,sex_f,ocu_isco08_5,edu_aggregate_bas,2016,41.19
syc,sex_f,ocu_isco08_5,edu_aggregate_bas,2017,38.2
syc,sex_f,ocu_isco08_5,edu_aggregate_bas,2018,43.05
syc,sex_f,ocu_isco08_5,edu_aggregate_bas,2019,39.72
syc,sex_f,ocu_isco08_5,edu_aggregate_bas,2020,39.26
syc,sex_f,ocu_isco08_5,edu_aggregate_bas,2023,39.58
syc,sex_f,ocu_isco08_5,edu_aggregate_bas,2024,38
syc,sex_f,ocu_isco08_5,edu_aggregate_int,2014,42.05
syc,sex_f,ocu_isco08_5,edu_aggregate_int,2015,42.14
syc,sex_f,ocu_isco08_5,edu_aggregate_int,2016,42.66
syc,sex_f,ocu_isco08_5,edu_aggregate_int,2017,40.43
syc,sex_f,ocu_isco08_5,edu_aggregate_int,2018,41.8
syc,sex_f,ocu_isco08_5,edu_aggregate_int,2019,41.69
syc,sex_f,ocu_isco08_5,edu_aggregate_int,2020,40.15
syc,sex_f,ocu_isco08_5,edu_aggregate_int,2023,40.7
syc,sex_f,ocu_isco08_5,edu_aggregate_int,2024,40.89
syc,sex_f,ocu_isco08_5,edu_aggregate_ltb,2014,44.67
syc,sex_f,ocu_isco08_5,edu_aggregate_ltb,2015,55.15
syc,sex_f,ocu_isco08_5,edu_aggregate_ltb,2016,37.9
syc,sex_f,ocu_isco08_5,edu_aggregate_ltb,2019,39.97
syc,sex_f,ocu_isco08_5,edu_aggregate_ltb,2020,42.35
syc,sex_f,ocu_isco08_5,edu_aggregate_ltb,2023,35.29
syc,sex_f,ocu_isco08_5,edu_aggregate_total,2014,42.67
syc,sex_f,ocu_isco08_5,edu_aggregate_total,2015,42.05
syc,sex_f,ocu_isco08_5,edu_aggregate_total,2016,42.83
syc,sex_f,ocu_isco08_5,edu_aggregate_total,2017,40.97
syc,sex_f,ocu_isco08_5,edu_aggregate_total,2018,42.26
syc,sex_f,ocu_isco08_5,edu_aggregate_total,2019,41.88
syc,sex_f,ocu_isco08_5,edu_aggregate_total,2020,40.32
syc,sex_f,ocu_isco08_5,edu_aggregate_total,2023,40.3
syc,sex_f,ocu_isco08_5,edu_aggregate_total,2024,40.44
syc,sex_f,ocu_isco08_5,edu_aggregate_x,2014,43.39
syc,sex_f,ocu_isco08_5,edu_aggregate_x,2023,41.62
syc,sex_f,ocu_isco08_5,edu_aggregate_x,2024,40.53
syc,sex_f,ocu_isco08_5,edu_isced11_0,2023,33.41
syc,sex_f,ocu_isco08_5,edu_isced11_1,2023,37.17
syc,sex_f,ocu_isco08_5,edu_isced11_1,2024,36.93
syc,sex_f,ocu_isco08_5,edu_isced11_2,2023,40.59
syc,sex_f,ocu_isco08_5,edu_isced11_2,2024,38.47
syc,sex_f,ocu_isco08_5,edu_isced11_3,2023,40.72
syc,sex_f,ocu_isco08_5,edu_isced11_3,2024,40.85
syc,sex_f,ocu_isco08_5,edu_isced11_4,2023,40.44
syc,sex_f,ocu_isco08_5,edu_isced11_4,2024,41.37
syc,sex_f,ocu_isco08_5,edu_isced11_6,2023,39.71
syc,sex_f,ocu_isco08_5,edu_isced11_7,2023,35.99
syc,sex_f,ocu_isco08_5,edu_isced11_9,2023,41.62
syc,sex_f,ocu_isco08_5,edu_isced11_9,2024,40.53
syc,sex_f,ocu_isco08_5,edu_isced11_total,2023,40.3
syc,sex_f,ocu_isco08_5,edu_isced11_total,2024,40.44
syc,sex_f,ocu_isco08_6,edu_aggregate_adv,2014,37.95
syc,sex_f,ocu_isco08_6,edu_aggregate_adv,2015,41.88
syc,sex_f,ocu_isco08_6,edu_aggregate_adv,2016,45.96
syc,sex_f,ocu_isco08_6,edu_aggregate_adv,2017,35.7
syc,sex_f,ocu_isco08_6,edu_aggregate_adv,2018,37.77
syc,sex_f,ocu_isco08_6,edu_aggregate_adv,2020,40.17
syc,sex_f,ocu_isco08_6,edu_aggregate_bas,2014,44.3
syc,sex_f,ocu_isco08_6,edu_aggregate_bas,2015,26.96
syc,sex_f,ocu_isco08_6,edu_aggregate_bas,2016,32.4
syc,sex_f,ocu_isco08_6,edu_aggregate_bas,2023,37.16
syc,sex_f,ocu_isco08_6,edu_aggregate_int,2014,38.44
syc,sex_f,ocu_isco08_6,edu_aggregate_int,2015,42.07
syc,sex_f,ocu_isco08_6,edu_aggregate_int,2016,54.11
syc,sex_f,ocu_isco08_6,edu_aggregate_int,2017,41.84
syc,sex_f,ocu_isco08_6,edu_aggregate_int,2018,41.86
syc,sex_f,ocu_isco08_6,edu_aggregate_int,2019,38.24
syc,sex_f,ocu_isco08_6,edu_aggregate_int,2020,37.54
syc,sex_f,ocu_isco08_6,edu_aggregate_int,2023,39.66
syc,sex_f,ocu_isco08_6,edu_aggregate_int,2024,35.89
syc,sex_f,ocu_isco08_6,edu_aggregate_total,2014,39.25
syc,sex_f,ocu_isco08_6,edu_aggregate_total,2015,38.24
syc,sex_f,ocu_isco08_6,edu_aggregate_total,2016,48.46
syc,sex_f,ocu_isco08_6,edu_aggregate_total,2017,40.57
syc,sex_f,ocu_isco08_6,edu_aggregate_total,2018,40.64
syc,sex_f,ocu_isco08_6,edu_aggregate_total,2019,36.58
syc,sex_f,ocu_isco08_6,edu_aggregate_total,2020,35.88
syc,sex_f,ocu_isco08_6,edu_aggregate_total,2023,38.51
syc,sex_f,ocu_isco08_6,edu_aggregate_total,2024,38.71
syc,sex_f,ocu_isco08_6,edu_isced11_2,2023,35.04
syc,sex_f,ocu_isco08_6,edu_isced11_3,2023,39.66
syc,sex_f,ocu_isco08_6,edu_isced11_3,2024,35.89
syc,sex_f,ocu_isco08_6,edu_isced11_total,2023,38.51
syc,sex_f,ocu_isco08_6,edu_isced11_total,2024,38.71
syc,sex_f,ocu_isco08_7,edu_aggregate_adv,2014,43.19
syc,sex_f,ocu_isco08_7,edu_aggregate_adv,2015,39.84
syc,sex_f,ocu_isco08_7,edu_aggregate_adv,2016,40.77
syc,sex_f,ocu_isco08_7,edu_aggregate_adv,2017,40.71
syc,sex_f,ocu_isco08_7,edu_aggregate_adv,2018,37.08
syc,sex_f,ocu_isco08_7,edu_aggregate_adv,2019,37
syc,sex_f,ocu_isco08_7,edu_aggregate_adv,2020,40.63
syc,sex_f,ocu_isco08_7,edu_aggregate_bas,2014,38.66
syc,sex_f,ocu_isco08_7,edu_aggregate_bas,2015,39.16
syc,sex_f,ocu_isco08_7,edu_aggregate_bas,2016,45.17
syc,sex_f,ocu_isco08_7,edu_aggregate_bas,2017,26.77
syc,sex_f,ocu_isco08_7,edu_aggregate_bas,2018,34.66
syc,sex_f,ocu_isco08_7,edu_aggregate_bas,2023,37.15
syc,sex_f,ocu_isco08_7,edu_aggregate_bas,2024,35.51
syc,sex_f,ocu_isco08_7,edu_aggregate_int,2014,40.13
syc,sex_f,ocu_isco08_7,edu_aggregate_int,2015,41.31
syc,sex_f,ocu_isco08_7,edu_aggregate_int,2016,40.53
syc,sex_f,ocu_isco08_7,edu_aggregate_int,2017,39.38
syc,sex_f,ocu_isco08_7,edu_aggregate_int,2018,41.91
syc,sex_f,ocu_isco08_7,edu_aggregate_int,2019,38.03
syc,sex_f,ocu_isco08_7,edu_aggregate_int,2020,41.06
syc,sex_f,ocu_isco08_7,edu_aggregate_int,2023,36.94
syc,sex_f,ocu_isco08_7,edu_aggregate_int,2024,40.54
syc,sex_f,ocu_isco08_7,edu_aggregate_total,2014,41.15
syc,sex_f,ocu_isco08_7,edu_aggregate_total,2015,40.72
syc,sex_f,ocu_isco08_7,edu_aggregate_total,2016,40.8
syc,sex_f,ocu_isco08_7,edu_aggregate_total,2017,39.14
syc,sex_f,ocu_isco08_7,edu_aggregate_total,2018,39.4
syc,sex_f,ocu_isco08_7,edu_aggregate_total,2019,37.3
syc,sex_f,ocu_isco08_7,edu_aggregate_total,2020,40.57
syc,sex_f,ocu_isco08_7,edu_aggregate_total,2023,36.01
syc,sex_f,ocu_isco08_7,edu_aggregate_total,2024,39.13
syc,sex_f,ocu_isco08_7,edu_isced11_1,2023,31.68
syc,sex_f,ocu_isco08_7,edu_isced11_2,2023,39.85
syc,sex_f,ocu_isco08_7,edu_isced11_2,2024,36.39
syc,sex_f,ocu_isco08_7,edu_isced11_3,2023,36.73
syc,sex_f,ocu_isco08_7,edu_isced11_3,2024,39.65
syc,sex_f,ocu_isco08_7,edu_isced11_4,2023,39.04
syc,sex_f,ocu_isco08_7,edu_isced11_total,2023,36.01
syc,sex_f,ocu_isco08_7,edu_isced11_total,2024,39.13
syc,sex_f,ocu_isco08_8,edu_aggregate_adv,2014,38.37
syc,sex_f,ocu_isco08_8,edu_aggregate_adv,2015,43.57
syc,sex_f,ocu_isco08_8,edu_aggregate_adv,2016,37.72
syc,sex_f,ocu_isco08_8,edu_aggregate_adv,2017,40.22
syc,sex_f,ocu_isco08_8,edu_aggregate_adv,2018,46.75
syc,sex_f,ocu_isco08_8,edu_aggregate_adv,2019,42.83
syc,sex_f,ocu_isco08_8,edu_aggregate_adv,2020,45.26
syc,sex_f,ocu_isco08_8,edu_aggregate_bas,2015,50.28
syc,sex_f,ocu_isco08_8,edu_aggregate_bas,2024,42.46
syc,sex_f,ocu_isco08_8,edu_aggregate_int,2014,42.28
syc,sex_f,ocu_isco08_8,edu_aggregate_int,2015,39.98
syc,sex_f,ocu_isco08_8,edu_aggregate_int,2016,39.33
syc,sex_f,ocu_isco08_8,edu_aggregate_int,2017,39.18
syc,sex_f,ocu_isco08_8,edu_aggregate_int,2018,40.3
syc,sex_f,ocu_isco08_8,edu_aggregate_int,2019,49.96
syc,sex_f,ocu_isco08_8,edu_aggregate_int,2020,39.6
syc,sex_f,ocu_isco08_8,edu_aggregate_int,2023,46.61
syc,sex_f,ocu_isco08_8,edu_aggregate_int,2024,45.13
syc,sex_f,ocu_isco08_8,edu_aggregate_total,2014,40.48
syc,sex_f,ocu_isco08_8,edu_aggregate_total,2015,42.8
syc,sex_f,ocu_isco08_8,edu_aggregate_total,2016,38.91
syc,sex_f,ocu_isco08_8,edu_aggregate_total,2017,39.49
syc,sex_f,ocu_isco08_8,edu_aggregate_total,2018,42.11
syc,sex_f,ocu_isco08_8,edu_aggregate_total,2019,46.47
syc,sex_f,ocu_isco08_8,edu_aggregate_total,2020,42.26
syc,sex_f,ocu_isco08_8,edu_aggregate_total,2023,44.5
syc,sex_f,ocu_isco08_8,edu_aggregate_total,2024,44.09
syc,sex_f,ocu_isco08_8,edu_isced11_3,2023,46.61
syc,sex_f,ocu_isco08_8,edu_isced11_3,2024,44.89
syc,sex_f,ocu_isco08_8,edu_isced11_total,2023,44.5
syc,sex_f,ocu_isco08_8,edu_isced11_total,2024,44.09
syc,sex_f,ocu_isco08_9,edu_aggregate_adv,2014,40.53
syc,sex_f,ocu_isco08_9,edu_aggregate_adv,2015,41.15
syc,sex_f,ocu_isco08_9,edu_aggregate_adv,2016,41.59
syc,sex_f,ocu_isco08_9,edu_aggregate_adv,2017,40.48
syc,sex_f,ocu_isco08_9,edu_aggregate_adv,2018,40.47
syc,sex_f,ocu_isco08_9,edu_aggregate_adv,2019,39.11
syc,sex_f,ocu_isco08_9,edu_aggregate_adv,2020,39.51
syc,sex_f,ocu_isco08_9,edu_aggregate_bas,2014,33.84
syc,sex_f,ocu_isco08_9,edu_aggregate_bas,2015,37.83
syc,sex_f,ocu_isco08_9,edu_aggregate_bas,2016,38.32
syc,sex_f,ocu_isco08_9,edu_aggregate_bas,2017,34.5
syc,sex_f,ocu_isco08_9,edu_aggregate_bas,2018,35.68
syc,sex_f,ocu_isco08_9,edu_aggregate_bas,2019,36.8
syc,sex_f,ocu_isco08_9,edu_aggregate_bas,2020,35.03
syc,sex_f,ocu_isco08_9,edu_aggregate_bas,2023,34.21
syc,sex_f,ocu_isco08_9,edu_aggregate_bas,2024,36.03
syc,sex_f,ocu_isco08_9,edu_aggregate_int,2014,38.48
syc,sex_f,ocu_isco08_9,edu_aggregate_int,2015,37.93
syc,sex_f,ocu_isco08_9,edu_aggregate_int,2016,38.38
syc,sex_f,ocu_isco08_9,edu_aggregate_int,2017,36.58
syc,sex_f,ocu_isco08_9,edu_aggregate_int,2018,38.49
syc,sex_f,ocu_isco08_9,edu_aggregate_int,2019,36.52
syc,sex_f,ocu_isco08_9,edu_aggregate_int,2020,37.69
syc,sex_f,ocu_isco08_9,edu_aggregate_int,2023,37.31
syc,sex_f,ocu_isco08_9,edu_aggregate_int,2024,38.02
syc,sex_f,ocu_isco08_9,edu_aggregate_ltb,2014,36.27
syc,sex_f,ocu_isco08_9,edu_aggregate_ltb,2015,34.08
syc,sex_f,ocu_isco08_9,edu_aggregate_ltb,2016,30.87
syc,sex_f,ocu_isco08_9,edu_aggregate_ltb,2017,36.63
syc,sex_f,ocu_isco08_9,edu_aggregate_ltb,2023,26.88
syc,sex_f,ocu_isco08_9,edu_aggregate_ltb,2024,35.01
syc,sex_f,ocu_isco08_9,edu_aggregate_total,2014,37.84
syc,sex_f,ocu_isco08_9,edu_aggregate_total,2015,38.32
syc,sex_f,ocu_isco08_9,edu_aggregate_total,2016,38.52
syc,sex_f,ocu_isco08_9,edu_aggregate_total,2017,37.03
syc,sex_f,ocu_isco08_9,edu_aggregate_total,2018,38.61
syc,sex_f,ocu_isco08_9,edu_aggregate_total,2019,36.89
syc,sex_f,ocu_isco08_9,edu_aggregate_total,2020,37.68
syc,sex_f,ocu_isco08_9,edu_aggregate_total,2023,36.3
syc,sex_f,ocu_isco08_9,edu_aggregate_total,2024,37.36
syc,sex_f,ocu_isco08_9,edu_aggregate_x,2014,30.99
syc,sex_f,ocu_isco08_9,edu_aggregate_x,2023,41.41
syc,sex_f,ocu_isco08_9,edu_isced11_0,2023,26.88
syc,sex_f,ocu_isco08_9,edu_isced11_0,2024,35.01
syc,sex_f,ocu_isco08_9,edu_isced11_1,2023,34.81
syc,sex_f,ocu_isco08_9,edu_isced11_1,2024,37.2
syc,sex_f,ocu_isco08_9,edu_isced11_2,2023,33.87
syc,sex_f,ocu_isco08_9,edu_isced11_2,2024,35.3
syc,sex_f,ocu_isco08_9,edu_isced11_3,2023,37.6
syc,sex_f,ocu_isco08_9,edu_isced11_3,2024,37.89
syc,sex_f,ocu_isco08_9,edu_isced11_4,2023,28.09
syc,sex_f,ocu_isco08_9,edu_isced11_4,2024,40.18
syc,sex_f,ocu_isco08_9,edu_isced11_9,2023,41.41
syc,sex_f,ocu_isco08_9,edu_isced11_total,2023,36.3
syc,sex_f,ocu_isco08_9,edu_isced11_total,2024,37.36
syc,sex_f,ocu_isco08_total,edu_aggregate_adv,2014,40.25
syc,sex_f,ocu_isco08_total,edu_aggregate_adv,2015,40.19
syc,sex_f,ocu_isco08_total,edu_aggregate_adv,2016,40.6
syc,sex_f,ocu_isco08_total,edu_aggregate_adv,2017,39.09
syc,sex_f,ocu_isco08_total,edu_aggregate_adv,2018,39.49
syc,sex_f,ocu_isco08_total,edu_aggregate_adv,2019,39.51
syc,sex_f,ocu_isco08_total,edu_aggregate_adv,2020,38.79
syc,sex_f,ocu_isco08_total,edu_aggregate_adv,2023,36.68
syc,sex_f,ocu_isco08_total,edu_aggregate_adv,2024,39.43
syc,sex_f,ocu_isco08_total,edu_aggregate_bas,2014,39.86
syc,sex_f,ocu_isco08_total,edu_aggregate_bas,2015,38.19
syc,sex_f,ocu_isco08_total,edu_aggregate_bas,2016,40.01
syc,sex_f,ocu_isco08_total,edu_aggregate_bas,2017,36.29
syc,sex_f,ocu_isco08_total,edu_aggregate_bas,2018,40.19
syc,sex_f,ocu_isco08_total,edu_aggregate_bas,2019,37.27
syc,sex_f,ocu_isco08_total,edu_aggregate_bas,2020,36.45
syc,sex_f,ocu_isco08_total,edu_aggregate_bas,2023,37.56
syc,sex_f,ocu_isco08_total,edu_aggregate_bas,2024,38.06
syc,sex_f,ocu_isco08_total,edu_aggregate_int,2014,40.89
syc,sex_f,ocu_isco08_total,edu_aggregate_int,2015,41.05
syc,sex_f,ocu_isco08_total,edu_aggregate_int,2016,40.9
syc,sex_f,ocu_isco08_total,edu_aggregate_int,2017,39.15
syc,sex_f,ocu_isco08_total,edu_aggregate_int,2018,40.62
syc,sex_f,ocu_isco08_total,edu_aggregate_int,2019,39.77
syc,sex_f,ocu_isco08_total,edu_aggregate_int,2020,39.06
syc,sex_f,ocu_isco08_total,edu_aggregate_int,2023,38.85
syc,sex_f,ocu_isco08_total,edu_aggregate_int,2024,39.66
syc,sex_f,ocu_isco08_total,edu_aggregate_ltb,2014,44.78
syc,sex_f,ocu_isco08_total,edu_aggregate_ltb,2015,45.42
syc,sex_f,ocu_isco08_total,edu_aggregate_ltb,2016,32.9
syc,sex_f,ocu_isco08_total,edu_aggregate_ltb,2017,37.83
syc,sex_f,ocu_isco08_total,edu_aggregate_ltb,2018,31.37
syc,sex_f,ocu_isco08_total,edu_aggregate_ltb,2019,41.16
syc,sex_f,ocu_isco08_total,edu_aggregate_ltb,2020,38
syc,sex_f,ocu_isco08_total,edu_aggregate_ltb,2023,29.91
syc,sex_f,ocu_isco08_total,edu_aggregate_ltb,2024,37.44
syc,sex_f,ocu_isco08_total,edu_aggregate_total,2014,40.52
syc,sex_f,ocu_isco08_total,edu_aggregate_total,2015,40.56
syc,sex_f,ocu_isco08_total,edu_aggregate_total,2016,40.65
syc,sex_f,ocu_isco08_total,edu_aggregate_total,2017,39.01
syc,sex_f,ocu_isco08_total,edu_aggregate_total,2018,40.05
syc,sex_f,ocu_isco08_total,edu_aggregate_total,2019,39.55
syc,sex_f,ocu_isco08_total,edu_aggregate_total,2020,38.81
syc,sex_f,ocu_isco08_total,edu_aggregate_total,2023,38.33
syc,sex_f,ocu_isco08_total,edu_aggregate_total,2024,39.39
syc,sex_f,ocu_isco08_total,edu_aggregate_x,2014,38.71
syc,sex_f,ocu_isco08_total,edu_aggregate_x,2015,49.42
syc,sex_f,ocu_isco08_total,edu_aggregate_x,2017,47.21
syc,sex_f,ocu_isco08_total,edu_aggregate_x,2019,24.07
syc,sex_f,ocu_isco08_total,edu_aggregate_x,2020,38.08
syc,sex_f,ocu_isco08_total,edu_aggregate_x,2023,38.99
syc,sex_f,ocu_isco08_total,edu_aggregate_x,2024,39.88
syc,sex_f,ocu_isco08_total,edu_isced11_0,2023,28.8
syc,sex_f,ocu_isco08_total,edu_isced11_0,2024,37.21
syc,sex_f,ocu_isco08_total,edu_isced11_1,2023,36.35
syc,sex_f,ocu_isco08_total,edu_isced11_1,2024,37.17
syc,sex_f,ocu_isco08_total,edu_isced11_2,2023,38.08
syc,sex_f,ocu_isco08_total,edu_isced11_2,2024,38.41
syc,sex_f,ocu_isco08_total,edu_isced11_3,2023,39.14
syc,sex_f,ocu_isco08_total,edu_isced11_3,2024,39.8
syc,sex_f,ocu_isco08_total,edu_isced11_4,2023,37.67
syc,sex_f,ocu_isco08_total,edu_isced11_4,2024,39.06
syc,sex_f,ocu_isco08_total,edu_isced11_6,2023,37.44
syc,sex_f,ocu_isco08_total,edu_isced11_6,2024,39.68
syc,sex_f,ocu_isco08_total,edu_isced11_7,2023,35.86
syc,sex_f,ocu_isco08_total,edu_isced11_7,2024,39.15
syc,sex_f,ocu_isco08_total,edu_isced11_9,2023,38.99
syc,sex_f,ocu_isco08_total,edu_isced11_9,2024,39.88
syc,sex_f,ocu_isco08_total,edu_isced11_total,2023,38.33
syc,sex_f,ocu_isco08_total,edu_isced11_total,2024,39.39
syc,sex_f,ocu_isco08_x,edu_aggregate_adv,2014,46.88
syc,sex_f,ocu_isco08_x,edu_aggregate_adv,2015,34.77
syc,sex_f,ocu_isco08_x,edu_aggregate_adv,2018,36.51
syc,sex_f,ocu_isco08_x,edu_aggregate_adv,2023,36.3
syc,sex_f,ocu_isco08_x,edu_aggregate_adv,2024,38.72
syc,sex_f,ocu_isco08_x,edu_aggregate_bas,2023,60.06
syc,sex_f,ocu_isco08_x,edu_aggregate_bas,2024,38.53
syc,sex_f,ocu_isco08_x,edu_aggregate_int,2014,42.47
syc,sex_f,ocu_isco08_x,edu_aggregate_int,2015,49.24
syc,sex_f,ocu_isco08_x,edu_aggregate_int,2018,40.22
syc,sex_f,ocu_isco08_x,edu_aggregate_int,2023,40.51
syc,sex_f,ocu_isco08_x,edu_aggregate_int,2024,40.09
syc,sex_f,ocu_isco08_x,edu_aggregate_ltb,2024,37.58
syc,sex_f,ocu_isco08_x,edu_aggregate_total,2014,45.91
syc,sex_f,ocu_isco08_x,edu_aggregate_total,2015,44.86
syc,sex_f,ocu_isco08_x,edu_aggregate_total,2016,43.45
syc,sex_f,ocu_isco08_x,edu_aggregate_total,2018,38.75
syc,sex_f,ocu_isco08_x,edu_aggregate_total,2020,43.2
syc,sex_f,ocu_isco08_x,edu_aggregate_total,2023,41.92
syc,sex_f,ocu_isco08_x,edu_aggregate_total,2024,39.68
syc,sex_f,ocu_isco08_x,edu_aggregate_x,2024,38.98
syc,sex_f,ocu_isco08_x,edu_isced11_0,2024,37.22
syc,sex_f,ocu_isco08_x,edu_isced11_1,2024,36.4
syc,sex_f,ocu_isco08_x,edu_isced11_2,2024,39.31
syc,sex_f,ocu_isco08_x,edu_isced11_3,2023,40.45
syc,sex_f,ocu_isco08_x,edu_isced11_3,2024,40.13
syc,sex_f,ocu_isco08_x,edu_isced11_4,2023,40.59
syc,sex_f,ocu_isco08_x,edu_isced11_4,2024,39.94
syc,sex_f,ocu_isco08_x,edu_isced11_6,2024,38.35
syc,sex_f,ocu_isco08_x,edu_isced11_7,2024,39.07
syc,sex_f,ocu_isco08_x,edu_isced11_9,2024,38.98
syc,sex_f,ocu_isco08_x,edu_isced11_total,2023,41.92
syc,sex_f,ocu_isco08_x,edu_isced11_total,2024,39.68
syc,sex_f,ocu_skill_l1,edu_aggregate_adv,2014,40.53
syc,sex_f,ocu_skill_l1,edu_aggregate_adv,2015,41.15
syc,sex_f,ocu_skill_l1,edu_aggregate_adv,2016,41.59
syc,sex_f,ocu_skill_l1,edu_aggregate_adv,2017,40.48
syc,sex_f,ocu_skill_l1,edu_aggregate_adv,2018,40.47
syc,sex_f,ocu_skill_l1,edu_aggregate_adv,2019,39.11
syc,sex_f,ocu_skill_l1,edu_aggregate_adv,2020,39.51
syc,sex_f,ocu_skill_l1,edu_aggregate_bas,2014,33.84
syc,sex_f,ocu_skill_l1,edu_aggregate_bas,2015,37.83
syc,sex_f,ocu_skill_l1,edu_aggregate_bas,2016,38.32
syc,sex_f,ocu_skill_l1,edu_aggregate_bas,2017,34.5
syc,sex_f,ocu_skill_l1,edu_aggregate_bas,2018,35.68
syc,sex_f,ocu_skill_l1,edu_aggregate_bas,2019,36.8
syc,sex_f,ocu_skill_l1,edu_aggregate_bas,2020,35.03
syc,sex_f,ocu_skill_l1,edu_aggregate_bas,2023,34.21
syc,sex_f,ocu_skill_l1,edu_aggregate_bas,2024,36.03
syc,sex_f,ocu_skill_l1,edu_aggregate_int,2014,38.48
syc,sex_f,ocu_skill_l1,edu_aggregate_int,2015,37.93
syc,sex_f,ocu_skill_l1,edu_aggregate_int,2016,38.38
syc,sex_f,ocu_skill_l1,edu_aggregate_int,2017,36.58
syc,sex_f,ocu_skill_l1,edu_aggregate_int,2018,38.49
syc,sex_f,ocu_skill_l1,edu_aggregate_int,2019,36.52
syc,sex_f,ocu_skill_l1,edu_aggregate_int,2020,37.69
syc,sex_f,ocu_skill_l1,edu_aggregate_int,2023,37.31
syc,sex_f,ocu_skill_l1,edu_aggregate_int,2024,38.02
syc,sex_f,ocu_skill_l1,edu_aggregate_ltb,2014,36.27
syc,sex_f,ocu_skill_l1,edu_aggregate_ltb,2015,34.08
syc,sex_f,ocu_skill_l1,edu_aggregate_ltb,2016,30.87
syc,sex_f,ocu_skill_l1,edu_aggregate_ltb,2017,36.63
syc,sex_f,ocu_skill_l1,edu_aggregate_ltb,2023,26.88
syc,sex_f,ocu_skill_l1,edu_aggregate_ltb,2024,35.01
syc,sex_f,ocu_skill_l1,edu_aggregate_total,2014,37.84
syc,sex_f,ocu_skill_l1,edu_aggregate_total,2015,38.32
syc,sex_f,ocu_skill_l1,edu_aggregate_total,2016,38.52
syc,sex_f,ocu_skill_l1,edu_aggregate_total,2017,37.03
syc,sex_f,ocu_skill_l1,edu_aggregate_total,2018,38.61
syc,sex_f,ocu_skill_l1,edu_aggregate_total,2019,36.89
syc,sex_f,ocu_skill_l1,edu_aggregate_total,2020,37.68
syc,sex_f,ocu_skill_l1,edu_aggregate_total,2023,36.3
syc,sex_f,ocu_skill_l1,edu_aggregate_total,2024,37.36
syc,sex_f,ocu_skill_l1,edu_aggregate_x,2014,30.99
syc,sex_f,ocu_skill_l1,edu_aggregate_x,2023,41.41
syc,sex_f,ocu_skill_l1,edu_isced11_0,2023,26.88
syc,sex_f,ocu_skill_l1,edu_isced11_0,2024,35.01
syc,sex_f,ocu_skill_l1,edu_isced11_1,2023,34.81
syc,sex_f,ocu_skill_l1,edu_isced11_1,2024,37.2
syc,sex_f,ocu_skill_l1,edu_isced11_2,2023,33.87
syc,sex_f,ocu_skill_l1,edu_isced11_2,2024,35.3
syc,sex_f,ocu_skill_l1,edu_isced11_3,2023,37.6
syc,sex_f,ocu_skill_l1,edu_isced11_3,2024,37.89
syc,sex_f,ocu_skill_l1,edu_isced11_4,2023,28.09
syc,sex_f,ocu_skill_l1,edu_isced11_4,2024,40.18
syc,sex_f,ocu_skill_l1,edu_isced11_9,2023,41.41
syc,sex_f,ocu_skill_l1,edu_isced11_total,2023,36.3
syc,sex_f,ocu_skill_l1,edu_isced11_total,2024,37.36
syc,sex_f,ocu_skill_l2,edu_aggregate_adv,2014,41.74
syc,sex_f,ocu_skill_l2,edu_aggregate_adv,2015,40.99
syc,sex_f,ocu_skill_l2,edu_aggregate_adv,2016,42.13
syc,sex_f,ocu_skill_l2,edu_aggregate_adv,2017,40.93
syc,sex_f,ocu_skill_l2,edu_aggregate_adv,2018,41.2
syc,sex_f,ocu_skill_l2,edu_aggregate_adv,2019,40.82
syc,sex_f,ocu_skill_l2,edu_aggregate_adv,2020,40.2
syc,sex_f,ocu_skill_l2,edu_aggregate_adv,2023,35.56
syc,sex_f,ocu_skill_l2,edu_aggregate_adv,2024,42.45
syc,sex_f,ocu_skill_l2,edu_aggregate_bas,2014,42.94
syc,sex_f,ocu_skill_l2,edu_aggregate_bas,2015,38.4
syc,sex_f,ocu_skill_l2,edu_aggregate_bas,2016,40.8
syc,sex_f,ocu_skill_l2,edu_aggregate_bas,2017,37.55
syc,sex_f,ocu_skill_l2,edu_aggregate_bas,2018,42.02
syc,sex_f,ocu_skill_l2,edu_aggregate_bas,2019,37.79
syc,sex_f,ocu_skill_l2,edu_aggregate_bas,2020,37.46
syc,sex_f,ocu_skill_l2,edu_aggregate_bas,2023,38.79
syc,sex_f,ocu_skill_l2,edu_aggregate_bas,2024,38.3
syc,sex_f,ocu_skill_l2,edu_aggregate_int,2014,41.79
syc,sex_f,ocu_skill_l2,edu_aggregate_int,2015,41.81
syc,sex_f,ocu_skill_l2,edu_aggregate_int,2016,42.23
syc,sex_f,ocu_skill_l2,edu_aggregate_int,2017,40
syc,sex_f,ocu_skill_l2,edu_aggregate_int,2018,41.29
syc,sex_f,ocu_skill_l2,edu_aggregate_int,2019,40.96
syc,sex_f,ocu_skill_l2,edu_aggregate_int,2020,39.77
syc,sex_f,ocu_skill_l2,edu_aggregate_int,2023,40.23
syc,sex_f,ocu_skill_l2,edu_aggregate_int,2024,40.38
syc,sex_f,ocu_skill_l2,edu_aggregate_ltb,2014,44.8
syc,sex_f,ocu_skill_l2,edu_aggregate_ltb,2015,49.92
syc,sex_f,ocu_skill_l2,edu_aggregate_ltb,2016,37.17
syc,sex_f,ocu_skill_l2,edu_aggregate_ltb,2019,42.7
syc,sex_f,ocu_skill_l2,edu_aggregate_ltb,2020,40.76
syc,sex_f,ocu_skill_l2,edu_aggregate_ltb,2023,33.1
syc,sex_f,ocu_skill_l2,edu_aggregate_ltb,2024,41.67
syc,sex_f,ocu_skill_l2,edu_aggregate_total,2014,41.9
syc,sex_f,ocu_skill_l2,edu_aggregate_total,2015,41.42
syc,sex_f,ocu_skill_l2,edu_aggregate_total,2016,42.09
syc,sex_f,ocu_skill_l2,edu_aggregate_total,2017,40.23
syc,sex_f,ocu_skill_l2,edu_aggregate_total,2018,41.28
syc,sex_f,ocu_skill_l2,edu_aggregate_total,2019,40.8
syc,sex_f,ocu_skill_l2,edu_aggregate_total,2020,39.84
syc,sex_f,ocu_skill_l2,edu_aggregate_total,2023,39.73
syc,sex_f,ocu_skill_l2,edu_aggregate_total,2024,40.06
syc,sex_f,ocu_skill_l2,edu_aggregate_x,2014,40.32
syc,sex_f,ocu_skill_l2,edu_aggregate_x,2020,37.17
syc,sex_f,ocu_skill_l2,edu_aggregate_x,2023,41.43
syc,sex_f,ocu_skill_l2,edu_aggregate_x,2024,40.41
syc,sex_f,ocu_skill_l2,edu_isced11_0,2023,31.55
syc,sex_f,ocu_skill_l2,edu_isced11_1,2023,36.39
syc,sex_f,ocu_skill_l2,edu_isced11_1,2024,36.98
syc,sex_f,ocu_skill_l2,edu_isced11_2,2023,39.78
syc,sex_f,ocu_skill_l2,edu_isced11_2,2024,38.85
syc,sex_f,ocu_skill_l2,edu_isced11_3,2023,40.28
syc,sex_f,ocu_skill_l2,edu_isced11_3,2024,40.38
syc,sex_f,ocu_skill_l2,edu_isced11_4,2023,39.84
syc,sex_f,ocu_skill_l2,edu_isced11_4,2024,40.34
syc,sex_f,ocu_skill_l2,edu_isced11_6,2023,32.28
syc,sex_f,ocu_skill_l2,edu_isced11_6,2024,25.28
syc,sex_f,ocu_skill_l2,edu_isced11_7,2023,36.85
syc,sex_f,ocu_skill_l2,edu_isced11_9,2023,41.43
syc,sex_f,ocu_skill_l2,edu_isced11_9,2024,40.41
syc,sex_f,ocu_skill_l2,edu_isced11_total,2023,39.73
syc,sex_f,ocu_skill_l2,edu_isced11_total,2024,40.06
syc,sex_f,ocu_skill_l3_4,edu_aggregate_adv,2014,38.9
syc,sex_f,ocu_skill_l3_4,edu_aggregate_adv,2015,39.52
syc,sex_f,ocu_skill_l3_4,edu_aggregate_adv,2016,39.37
syc,sex_f,ocu_skill_l3_4,edu_aggregate_adv,2017,37.69
syc,sex_f,ocu_skill_l3_4,edu_aggregate_adv,2018,38.24
syc,sex_f,ocu_skill_l3_4,edu_aggregate_adv,2019,38.54
syc,sex_f,ocu_skill_l3_4,edu_aggregate_adv,2020,37.49
syc,sex_f,ocu_skill_l3_4,edu_aggregate_adv,2023,36.66
syc,sex_f,ocu_skill_l3_4,edu_aggregate_adv,2024,40.28
syc,sex_f,ocu_skill_l3_4,edu_aggregate_bas,2014,40.46
syc,sex_f,ocu_skill_l3_4,edu_aggregate_bas,2015,37.43
syc,sex_f,ocu_skill_l3_4,edu_aggregate_bas,2016,43.01
syc,sex_f,ocu_skill_l3_4,edu_aggregate_bas,2017,35.05
syc,sex_f,ocu_skill_l3_4,edu_aggregate_bas,2018,50.24
syc,sex_f,ocu_skill_l3_4,edu_aggregate_bas,2023,36.42
syc,sex_f,ocu_skill_l3_4,edu_aggregate_bas,2024,36.85
syc,sex_f,ocu_skill_l3_4,edu_aggregate_int,2014,40.58
syc,sex_f,ocu_skill_l3_4,edu_aggregate_int,2015,41.47
syc,sex_f,ocu_skill_l3_4,edu_aggregate_int,2016,39.81
syc,sex_f,ocu_skill_l3_4,edu_aggregate_int,2017,39.06
syc,sex_f,ocu_skill_l3_4,edu_aggregate_int,2018,41.2
syc,sex_f,ocu_skill_l3_4,edu_aggregate_int,2019,40.01
syc,sex_f,ocu_skill_l3_4,edu_aggregate_int,2020,38.3
syc,sex_f,ocu_skill_l3_4,edu_aggregate_int,2023,37.41
syc,sex_f,ocu_skill_l3_4,edu_aggregate_int,2024,37.99
syc,sex_f,ocu_skill_l3_4,edu_aggregate_total,2014,39.34
syc,sex_f,ocu_skill_l3_4,edu_aggregate_total,2015,39.96
syc,sex_f,ocu_skill_l3_4,edu_aggregate_total,2016,39.53
syc,sex_f,ocu_skill_l3_4,edu_aggregate_total,2017,38.01
syc,sex_f,ocu_skill_l3_4,edu_aggregate_total,2018,38.93
syc,sex_f,ocu_skill_l3_4,edu_aggregate_total,2019,38.82
syc,sex_f,ocu_skill_l3_4,edu_aggregate_total,2020,37.67
syc,sex_f,ocu_skill_l3_4,edu_aggregate_total,2023,37.12
syc,sex_f,ocu_skill_l3_4,edu_aggregate_total,2024,38.36
syc,sex_f,ocu_skill_l3_4,edu_aggregate_x,2014,42.03
syc,sex_f,ocu_skill_l3_4,edu_aggregate_x,2023,29.63
syc,sex_f,ocu_skill_l3_4,edu_aggregate_x,2024,39.54
syc,sex_f,ocu_skill_l3_4,edu_isced11_1,2023,38.95
syc,sex_f,ocu_skill_l3_4,edu_isced11_1,2024,47.85
syc,sex_f,ocu_skill_l3_4,edu_isced11_2,2023,35.61
syc,sex_f,ocu_skill_l3_4,edu_isced11_2,2024,34.7
syc,sex_f,ocu_skill_l3_4,edu_isced11_3,2023,37.7
syc,sex_f,ocu_skill_l3_4,edu_isced11_3,2024,38.24
syc,sex_f,ocu_skill_l3_4,edu_isced11_4,2023,36.92
syc,sex_f,ocu_skill_l3_4,edu_isced11_4,2024,37.55
syc,sex_f,ocu_skill_l3_4,edu_isced11_6,2023,37.86
syc,sex_f,ocu_skill_l3_4,edu_isced11_6,2024,42.12
syc,sex_f,ocu_skill_l3_4,edu_isced11_7,2023,35.08
syc,sex_f,ocu_skill_l3_4,edu_isced11_7,2024,37.76
syc,sex_f,ocu_skill_l3_4,edu_isced11_9,2023,29.63
syc,sex_f,ocu_skill_l3_4,edu_isced11_9,2024,39.54
syc,sex_f,ocu_skill_l3_4,edu_isced11_total,2023,37.12
syc,sex_f,ocu_skill_l3_4,edu_isced11_total,2024,38.36
syc,sex_f,ocu_skill_total,edu_aggregate_adv,2014,40.25
syc,sex_f,ocu_skill_total,edu_aggregate_adv,2015,40.19
syc,sex_f,ocu_skill_total,edu_aggregate_adv,2016,40.6
syc,sex_f,ocu_skill_total,edu_aggregate_adv,2017,39.09
syc,sex_f,ocu_skill_total,edu_aggregate_adv,2018,39.49
syc,sex_f,ocu_skill_total,edu_aggregate_adv,2019,39.51
syc,sex_f,ocu_skill_total,edu_aggregate_adv,2020,38.79
syc,sex_f,ocu_skill_total,edu_aggregate_adv,2023,36.68
syc,sex_f,ocu_skill_total,edu_aggregate_adv,2024,39.43
syc,sex_f,ocu_skill_total,edu_aggregate_bas,2014,39.86
syc,sex_f,ocu_skill_total,edu_aggregate_bas,2015,38.19
syc,sex_f,ocu_skill_total,edu_aggregate_bas,2016,40.01
syc,sex_f,ocu_skill_total,edu_aggregate_bas,2017,36.29
syc,sex_f,ocu_skill_total,edu_aggregate_bas,2018,40.19
syc,sex_f,ocu_skill_total,edu_aggregate_bas,2019,37.27
syc,sex_f,ocu_skill_total,edu_aggregate_bas,2020,36.45
syc,sex_f,ocu_skill_total,edu_aggregate_bas,2023,37.56
syc,sex_f,ocu_skill_total,edu_aggregate_bas,2024,38.06
syc,sex_f,ocu_skill_total,edu_aggregate_int,2014,40.89
syc,sex_f,ocu_skill_total,edu_aggregate_int,2015,41.05
syc,sex_f,ocu_skill_total,edu_aggregate_int,2016,40.9
syc,sex_f,ocu_skill_total,edu_aggregate_int,2017,39.15
syc,sex_f,ocu_skill_total,edu_aggregate_int,2018,40.62
syc,sex_f,ocu_skill_total,edu_aggregate_int,2019,39.77
syc,sex_f,ocu_skill_total,edu_aggregate_int,2020,39.06
syc,sex_f,ocu_skill_total,edu_aggregate_int,2023,38.85
syc,sex_f,ocu_skill_total,edu_aggregate_int,2024,39.66
syc,sex_f,ocu_skill_total,edu_aggregate_ltb,2014,44.78
syc,sex_f,ocu_skill_total,edu_aggregate_ltb,2015,45.42
syc,sex_f,ocu_skill_total,edu_aggregate_ltb,2016,32.9
syc,sex_f,ocu_skill_total,edu_aggregate_ltb,2017,37.83
syc,sex_f,ocu_skill_total,edu_aggregate_ltb,2018,31.37
syc,sex_f,ocu_skill_total,edu_aggregate_ltb,2019,41.16
syc,sex_f,ocu_skill_total,edu_aggregate_ltb,2020,38
syc,sex_f,ocu_skill_total,edu_aggregate_ltb,2023,29.91
syc,sex_f,ocu_skill_total,edu_aggregate_ltb,2024,37.44
syc,sex_f,ocu_skill_total,edu_aggregate_total,2014,40.52
syc,sex_f,ocu_skill_total,edu_aggregate_total,2015,40.56
syc,sex_f,ocu_skill_total,edu_aggregate_total,2016,40.65
syc,sex_f,ocu_skill_total,edu_aggregate_total,2017,39.01
syc,sex_f,ocu_skill_total,edu_aggregate_total,2018,40.05
syc,sex_f,ocu_skill_total,edu_aggregate_total,2019,39.55
syc,sex_f,ocu_skill_total,edu_aggregate_total,2020,38.81
syc,sex_f,ocu_skill_total,edu_aggregate_total,2023,38.33
syc,sex_f,ocu_skill_total,edu_aggregate_total,2024,39.39
syc,sex_f,ocu_skill_total,edu_aggregate_x,2014,38.71
syc,sex_f,ocu_skill_total,edu_aggregate_x,2015,49.42
syc,sex_f,ocu_skill_total,edu_aggregate_x,2017,47.21
syc,sex_f,ocu_skill_total,edu_aggregate_x,2019,24.07
syc,sex_f,ocu_skill_total,edu_aggregate_x,2020,38.08
syc,sex_f,ocu_skill_total,edu_aggregate_x,2023,38.99
syc,sex_f,ocu_skill_total,edu_aggregate_x,2024,39.88
syc,sex_f,ocu_skill_total,edu_isced11_0,2023,28.8
syc,sex_f,ocu_skill_total,edu_isced11_0,2024,37.21
syc,sex_f,ocu_skill_total,edu_isced11_1,2023,36.35
syc,sex_f,ocu_skill_total,edu_isced11_1,2024,37.17
syc,sex_f,ocu_skill_total,edu_isced11_2,2023,38.08
syc,sex_f,ocu_skill_total,edu_isced11_2,2024,38.41
syc,sex_f,ocu_skill_total,edu_isced11_3,2023,39.14
syc,sex_f,ocu_skill_total,edu_isced11_3,2024,39.8
syc,sex_f,ocu_skill_total,edu_isced11_4,2023,37.67
syc,sex_f,ocu_skill_total,edu_isced11_4,2024,39.06
syc,sex_f,ocu_skill_total,edu_isced11_6,2023,37.44
syc,sex_f,ocu_skill_total,edu_isced11_6,2024,39.68
syc,sex_f,ocu_skill_total,edu_isced11_7,2023,35.86
syc,sex_f,ocu_skill_total,edu_isced11_7,2024,39.15
syc,sex_f,ocu_skill_total,edu_isced11_9,2023,38.99
syc,sex_f,ocu_skill_total,edu_isced11_9,2024,39.88
syc,sex_f,ocu_skill_total,edu_isced11_total,2023,38.33
syc,sex_f,ocu_skill_total,edu_isced11_total,2024,39.39
syc,sex_f,ocu_skill_x,edu_aggregate_adv,2014,51.74
syc,sex_f,ocu_skill_x,edu_aggregate_adv,2015,37.66
syc,sex_f,ocu_skill_x,edu_aggregate_adv,2016,47.16
syc,sex_f,ocu_skill_x,edu_aggregate_adv,2018,36.51
syc,sex_f,ocu_skill_x,edu_aggregate_adv,2019,46.78
syc,sex_f,ocu_skill_x,edu_aggregate_adv,2020,45.02
syc,sex_f,ocu_skill_x,edu_aggregate_adv,2023,36.3
syc,sex_f,ocu_skill_x,edu_aggregate_adv,2024,38.72
syc,sex_f,ocu_skill_x,edu_aggregate_bas,2023,53.97
syc,sex_f,ocu_skill_x,edu_aggregate_bas,2024,38.52
syc,sex_f,ocu_skill_x,edu_aggregate_int,2014,44.55
syc,sex_f,ocu_skill_x,edu_aggregate_int,2015,51.05
syc,sex_f,ocu_skill_x,edu_aggregate_int,2018,40.14
syc,sex_f,ocu_skill_x,edu_aggregate_int,2023,41.77
syc,sex_f,ocu_skill_x,edu_aggregate_int,2024,40.12
syc,sex_f,ocu_skill_x,edu_aggregate_ltb,2024,37.58
syc,sex_f,ocu_skill_x,edu_aggregate_total,2014,48.63
syc,sex_f,ocu_skill_x,edu_aggregate_total,2015,47.01
syc,sex_f,ocu_skill_x,edu_aggregate_total,2016,44.82
syc,sex_f,ocu_skill_x,edu_aggregate_total,2018,38.72
syc,sex_f,ocu_skill_x,edu_aggregate_total,2019,39.07
syc,sex_f,ocu_skill_x,edu_aggregate_total,2020,40.28
syc,sex_f,ocu_skill_x,edu_aggregate_total,2023,42.57
syc,sex_f,ocu_skill_x,edu_aggregate_total,2024,39.7
syc,sex_f,ocu_skill_x,edu_aggregate_x,2024,38.98
syc,sex_f,ocu_skill_x,edu_isced11_0,2024,37.22
syc,sex_f,ocu_skill_x,edu_isced11_1,2024,36.39
syc,sex_f,ocu_skill_x,edu_isced11_2,2024,39.31
syc,sex_f,ocu_skill_x,edu_isced11_3,2023,39.9
syc,sex_f,ocu_skill_x,edu_isced11_3,2024,40.16
syc,sex_f,ocu_skill_x,edu_isced11_4,2023,45.27
syc,sex_f,ocu_skill_x,edu_isced11_4,2024,39.94
syc,sex_f,ocu_skill_x,edu_isced11_6,2024,38.35
syc,sex_f,ocu_skill_x,edu_isced11_7,2024,39.07
syc,sex_f,ocu_skill_x,edu_isced11_9,2024,38.98
syc,sex_f,ocu_skill_x,edu_isced11_total,2023,42.57
syc,sex_f,ocu_skill_x,edu_isced11_total,2024,39.7
syc,sex_m,ocu_isco08_0,edu_aggregate_adv,2014,61.22
syc,sex_m,ocu_isco08_0,edu_aggregate_adv,2015,68.15
syc,sex_m,ocu_isco08_0,edu_aggregate_adv,2016,61.63
syc,sex_m,ocu_isco08_0,edu_aggregate_adv,2017,61.93
syc,sex_m,ocu_isco08_0,edu_aggregate_adv,2018,75.54
syc,sex_m,ocu_isco08_0,edu_aggregate_adv,2019,61.35
syc,sex_m,ocu_isco08_0,edu_aggregate_adv,2020,61.17
syc,sex_m,ocu_isco08_0,edu_aggregate_int,2014,72.29
syc,sex_m,ocu_isco08_0,edu_aggregate_int,2015,66.44
syc,sex_m,ocu_isco08_0,edu_aggregate_int,2016,64.42
syc,sex_m,ocu_isco08_0,edu_aggregate_int,2017,57.95
syc,sex_m,ocu_isco08_0,edu_aggregate_int,2018,68.73
syc,sex_m,ocu_isco08_0,edu_aggregate_int,2019,50.1
syc,sex_m,ocu_isco08_0,edu_aggregate_int,2020,76.9
syc,sex_m,ocu_isco08_0,edu_aggregate_int,2023,55.6
syc,sex_m,ocu_isco08_0,edu_aggregate_int,2024,54.48
syc,sex_m,ocu_isco08_0,edu_aggregate_total,2014,66.22
syc,sex_m,ocu_isco08_0,edu_aggregate_total,2015,67.35
syc,sex_m,ocu_isco08_0,edu_aggregate_total,2016,63.33
syc,sex_m,ocu_isco08_0,edu_aggregate_total,2017,60.23
syc,sex_m,ocu_isco08_0,edu_aggregate_total,2018,71.09
syc,sex_m,ocu_isco08_0,edu_aggregate_total,2019,57.76
syc,sex_m,ocu_isco08_0,edu_aggregate_total,2020,67.73
syc,sex_m,ocu_isco08_0,edu_aggregate_total,2023,56.15
syc,sex_m,ocu_isco08_0,edu_aggregate_total,2024,52.83
syc,sex_m,ocu_isco08_0,edu_isced11_3,2023,56.35
syc,sex_m,ocu_isco08_0,edu_isced11_3,2024,53.77
syc,sex_m,ocu_isco08_0,edu_isced11_total,2023,56.15
syc,sex_m,ocu_isco08_0,edu_isced11_total,2024,52.83
syc,sex_m,ocu_isco08_1,edu_aggregate_adv,2014,48.38
syc,sex_m,ocu_isco08_1,edu_aggregate_adv,2015,50.47
syc,sex_m,ocu_isco08_1,edu_aggregate_adv,2016,50.31
syc,sex_m,ocu_isco08_1,edu_aggregate_adv,2017,49.34
syc,sex_m,ocu_isco08_1,edu_aggregate_adv,2018,48.17
syc,sex_m,ocu_isco08_1,edu_aggregate_adv,2019,47.73
syc,sex_m,ocu_isco08_1,edu_aggregate_adv,2020,44.24
syc,sex_m,ocu_isco08_1,edu_aggregate_adv,2023,46.55
syc,sex_m,ocu_isco08_1,edu_aggregate_adv,2024,52.57
syc,sex_m,ocu_isco08_1,edu_aggregate_bas,2014,48.86
syc,sex_m,ocu_isco08_1,edu_aggregate_bas,2015,61.18
syc,sex_m,ocu_isco08_1,edu_aggregate_bas,2016,55.21
syc,sex_m,ocu_isco08_1,edu_aggregate_bas,2017,52.51
syc,sex_m,ocu_isco08_1,edu_aggregate_bas,2018,42.21
syc,sex_m,ocu_isco08_1,edu_aggregate_bas,2019,43.69
syc,sex_m,ocu_isco08_1,edu_aggregate_bas,2023,41.07
syc,sex_m,ocu_isco08_1,edu_aggregate_bas,2024,48.05
syc,sex_m,ocu_isco08_1,edu_aggregate_int,2014,49.16
syc,sex_m,ocu_isco08_1,edu_aggregate_int,2015,49.77
syc,sex_m,ocu_isco08_1,edu_aggregate_int,2016,53.01
syc,sex_m,ocu_isco08_1,edu_aggregate_int,2017,55
syc,sex_m,ocu_isco08_1,edu_aggregate_int,2018,50.99
syc,sex_m,ocu_isco08_1,edu_aggregate_int,2019,51.39
syc,sex_m,ocu_isco08_1,edu_aggregate_int,2020,47.37
syc,sex_m,ocu_isco08_1,edu_aggregate_int,2023,43.85
syc,sex_m,ocu_isco08_1,edu_aggregate_int,2024,43.45
syc,sex_m,ocu_isco08_1,edu_aggregate_ltb,2014,53.48
syc,sex_m,ocu_isco08_1,edu_aggregate_total,2014,48.87
syc,sex_m,ocu_isco08_1,edu_aggregate_total,2015,50.58
syc,sex_m,ocu_isco08_1,edu_aggregate_total,2016,51.09
syc,sex_m,ocu_isco08_1,edu_aggregate_total,2017,50.68
syc,sex_m,ocu_isco08_1,edu_aggregate_total,2018,48.65
syc,sex_m,ocu_isco08_1,edu_aggregate_total,2019,48.46
syc,sex_m,ocu_isco08_1,edu_aggregate_total,2020,44.98
syc,sex_m,ocu_isco08_1,edu_aggregate_total,2023,44.6
syc,sex_m,ocu_isco08_1,edu_aggregate_total,2024,46.94
syc,sex_m,ocu_isco08_1,edu_aggregate_x,2014,57.44
syc,sex_m,ocu_isco08_1,edu_isced11_1,2023,35.98
syc,sex_m,ocu_isco08_1,edu_isced11_1,2024,52.46
syc,sex_m,ocu_isco08_1,edu_isced11_2,2023,43.68
syc,sex_m,ocu_isco08_1,edu_isced11_2,2024,44.94
syc,sex_m,ocu_isco08_1,edu_isced11_3,2023,44.4
syc,sex_m,ocu_isco08_1,edu_isced11_3,2024,42.9
syc,sex_m,ocu_isco08_1,edu_isced11_4,2023,42.41
syc,sex_m,ocu_isco08_1,edu_isced11_4,2024,45.15
syc,sex_m,ocu_isco08_1,edu_isced11_6,2023,44.98
syc,sex_m,ocu_isco08_1,edu_isced11_6,2024,52.46
syc,sex_m,ocu_isco08_1,edu_isced11_7,2023,48.9
syc,sex_m,ocu_isco08_1,edu_isced11_7,2024,52.8
syc,sex_m,ocu_isco08_1,edu_isced11_total,2023,44.6
syc,sex_m,ocu_isco08_1,edu_isced11_total,2024,46.94
syc,sex_m,ocu_isco08_2,edu_aggregate_adv,2014,41.52
syc,sex_m,ocu_isco08_2,edu_aggregate_adv,2015,40.35
syc,sex_m,ocu_isco08_2,edu_aggregate_adv,2016,42.79
syc,sex_m,ocu_isco08_2,edu_aggregate_adv,2017,38.97
syc,sex_m,ocu_isco08_2,edu_aggregate_adv,2018,40.05
syc,sex_m,ocu_isco08_2,edu_aggregate_adv,2019,39.74
syc,sex_m,ocu_isco08_2,edu_aggregate_adv,2020,40.36
syc,sex_m,ocu_isco08_2,edu_aggregate_adv,2023,42.54
syc,sex_m,ocu_isco08_2,edu_aggregate_adv,2024,36.06
syc,sex_m,ocu_isco08_2,edu_aggregate_bas,2019,27.1
syc,sex_m,ocu_isco08_2,edu_aggregate_int,2014,42.11
syc,sex_m,ocu_isco08_2,edu_aggregate_int,2015,39.47
syc,sex_m,ocu_isco08_2,edu_aggregate_int,2016,39.92
syc,sex_m,ocu_isco08_2,edu_aggregate_int,2017,32.32
syc,sex_m,ocu_isco08_2,edu_aggregate_int,2018,34.6
syc,sex_m,ocu_isco08_2,edu_aggregate_int,2019,42.89
syc,sex_m,ocu_isco08_2,edu_aggregate_int,2020,35.14
syc,sex_m,ocu_isco08_2,edu_aggregate_int,2023,38.26
syc,sex_m,ocu_isco08_2,edu_aggregate_int,2024,40.66
syc,sex_m,ocu_isco08_2,edu_aggregate_total,2014,41.46
syc,sex_m,ocu_isco08_2,edu_aggregate_total,2015,40.18
syc,sex_m,ocu_isco08_2,edu_aggregate_total,2016,42.31
syc,sex_m,ocu_isco08_2,edu_aggregate_total,2017,38.38
syc,sex_m,ocu_isco08_2,edu_aggregate_total,2018,39.27
syc,sex_m,ocu_isco08_2,edu_aggregate_total,2019,39.82
syc,sex_m,ocu_isco08_2,edu_aggregate_total,2020,39.71
syc,sex_m,ocu_isco08_2,edu_aggregate_total,2023,40.3
syc,sex_m,ocu_isco08_2,edu_aggregate_total,2024,38.06
syc,sex_m,ocu_isco08_2,edu_isced11_3,2023,37.93
syc,sex_m,ocu_isco08_2,edu_isced11_3,2024,40.24
syc,sex_m,ocu_isco08_2,edu_isced11_4,2023,38.62
syc,sex_m,ocu_isco08_2,edu_isced11_4,2024,41.22
syc,sex_m,ocu_isco08_2,edu_isced11_6,2023,41.99
syc,sex_m,ocu_isco08_2,edu_isced11_6,2024,36.27
syc,sex_m,ocu_isco08_2,edu_isced11_7,2023,43.4
syc,sex_m,ocu_isco08_2,edu_isced11_7,2024,35.8
syc,sex_m,ocu_isco08_2,edu_isced11_total,2023,40.3
syc,sex_m,ocu_isco08_2,edu_isced11_total,2024,38.06
syc,sex_m,ocu_isco08_3,edu_aggregate_adv,2014,43.85
syc,sex_m,ocu_isco08_3,edu_aggregate_adv,2015,45.93
syc,sex_m,ocu_isco08_3,edu_aggregate_adv,2016,43.58
syc,sex_m,ocu_isco08_3,edu_aggregate_adv,2017,45.11
syc,sex_m,ocu_isco08_3,edu_aggregate_adv,2018,45.94
syc,sex_m,ocu_isco08_3,edu_aggregate_adv,2019,42.92
syc,sex_m,ocu_isco08_3,edu_aggregate_adv,2020,40.59
syc,sex_m,ocu_isco08_3,edu_aggregate_adv,2023,42.85
syc,sex_m,ocu_isco08_3,edu_aggregate_adv,2024,42.93
syc,sex_m,ocu_isco08_3,edu_aggregate_bas,2014,48.28
syc,sex_m,ocu_isco08_3,edu_aggregate_bas,2015,40.95
syc,sex_m,ocu_isco08_3,edu_aggregate_bas,2016,54.88
syc,sex_m,ocu_isco08_3,edu_aggregate_bas,2017,37.26
syc,sex_m,ocu_isco08_3,edu_aggregate_bas,2023,36.36
syc,sex_m,ocu_isco08_3,edu_aggregate_bas,2024,45.43
syc,sex_m,ocu_isco08_3,edu_aggregate_int,2014,42.39
syc,sex_m,ocu_isco08_3,edu_aggregate_int,2015,43.73
syc,sex_m,ocu_isco08_3,edu_aggregate_int,2016,44.07
syc,sex_m,ocu_isco08_3,edu_aggregate_int,2017,43.81
syc,sex_m,ocu_isco08_3,edu_aggregate_int,2018,40.09
syc,sex_m,ocu_isco08_3,edu_aggregate_int,2019,41.88
syc,sex_m,ocu_isco08_3,edu_aggregate_int,2020,39.18
syc,sex_m,ocu_isco08_3,edu_aggregate_int,2023,40.77
syc,sex_m,ocu_isco08_3,edu_aggregate_int,2024,41.77
syc,sex_m,ocu_isco08_3,edu_aggregate_total,2014,43.57
syc,sex_m,ocu_isco08_3,edu_aggregate_total,2015,45
syc,sex_m,ocu_isco08_3,edu_aggregate_total,2016,43.87
syc,sex_m,ocu_isco08_3,edu_aggregate_total,2017,44.65
syc,sex_m,ocu_isco08_3,edu_aggregate_total,2018,44.57
syc,sex_m,ocu_isco08_3,edu_aggregate_total,2019,42.71
syc,sex_m,ocu_isco08_3,edu_aggregate_total,2020,40.28
syc,sex_m,ocu_isco08_3,edu_aggregate_total,2023,40.86
syc,sex_m,ocu_isco08_3,edu_aggregate_total,2024,42.18
syc,sex_m,ocu_isco08_3,edu_aggregate_x,2023,53.64
syc,sex_m,ocu_isco08_3,edu_isced11_1,2023,45.67
syc,sex_m,ocu_isco08_3,edu_isced11_2,2023,32.93
syc,sex_m,ocu_isco08_3,edu_isced11_2,2024,45.22
syc,sex_m,ocu_isco08_3,edu_isced11_3,2023,40.89
syc,sex_m,ocu_isco08_3,edu_isced11_3,2024,42.08
syc,sex_m,ocu_isco08_3,edu_isced11_4,2023,40.31
syc,sex_m,ocu_isco08_3,edu_isced11_4,2024,40.9
syc,sex_m,ocu_isco08_3,edu_isced11_6,2023,43.37
syc,sex_m,ocu_isco08_3,edu_isced11_6,2024,48.65
syc,sex_m,ocu_isco08_3,edu_isced11_7,2023,42.37
syc,sex_m,ocu_isco08_3,edu_isced11_7,2024,39.21
syc,sex_m,ocu_isco08_3,edu_isced11_9,2023,53.64
syc,sex_m,ocu_isco08_3,edu_isced11_total,2023,40.86
syc,sex_m,ocu_isco08_3,edu_isced11_total,2024,42.18
syc,sex_m,ocu_isco08_4,edu_aggregate_adv,2014,43.95
syc,sex_m,ocu_isco08_4,edu_aggregate_adv,2015,41.79
syc,sex_m,ocu_isco08_4,edu_aggregate_adv,2016,43.15
syc,sex_m,ocu_isco08_4,edu_aggregate_adv,2017,40.96
syc,sex_m,ocu_isco08_4,edu_aggregate_adv,2018,44.11
syc,sex_m,ocu_isco08_4,edu_aggregate_adv,2019,40.48
syc,sex_m,ocu_isco08_4,edu_aggregate_adv,2020,42.93
syc,sex_m,ocu_isco08_4,edu_aggregate_bas,2023,52.36
syc,sex_m,ocu_isco08_4,edu_aggregate_int,2014,44.5
syc,sex_m,ocu_isco08_4,edu_aggregate_int,2015,41.43
syc,sex_m,ocu_isco08_4,edu_aggregate_int,2016,41.97
syc,sex_m,ocu_isco08_4,edu_aggregate_int,2017,41.8
syc,sex_m,ocu_isco08_4,edu_aggregate_int,2018,42.09
syc,sex_m,ocu_isco08_4,edu_aggregate_int,2019,40.69
syc,sex_m,ocu_isco08_4,edu_aggregate_int,2020,42.39
syc,sex_m,ocu_isco08_4,edu_aggregate_int,2023,40.09
syc,sex_m,ocu_isco08_4,edu_aggregate_int,2024,43.84
syc,sex_m,ocu_isco08_4,edu_aggregate_total,2014,44
syc,sex_m,ocu_isco08_4,edu_aggregate_total,2015,41.51
syc,sex_m,ocu_isco08_4,edu_aggregate_total,2016,42.62
syc,sex_m,ocu_isco08_4,edu_aggregate_total,2017,40.97
syc,sex_m,ocu_isco08_4,edu_aggregate_total,2018,43.2
syc,sex_m,ocu_isco08_4,edu_aggregate_total,2019,40.48
syc,sex_m,ocu_isco08_4,edu_aggregate_total,2020,42.72
syc,sex_m,ocu_isco08_4,edu_aggregate_total,2023,41.96
syc,sex_m,ocu_isco08_4,edu_aggregate_total,2024,41.53
syc,sex_m,ocu_isco08_4,edu_isced11_2,2023,54.45
syc,sex_m,ocu_isco08_4,edu_isced11_3,2023,39.85
syc,sex_m,ocu_isco08_4,edu_isced11_3,2024,42.49
syc,sex_m,ocu_isco08_4,edu_isced11_4,2023,41.07
syc,sex_m,ocu_isco08_4,edu_isced11_4,2024,46.5
syc,sex_m,ocu_isco08_4,edu_isced11_total,2023,41.96
syc,sex_m,ocu_isco08_4,edu_isced11_total,2024,41.53
syc,sex_m,ocu_isco08_5,edu_aggregate_adv,2014,50.27
syc,sex_m,ocu_isco08_5,edu_aggregate_adv,2015,49.48
syc,sex_m,ocu_isco08_5,edu_aggregate_adv,2016,49.4
syc,sex_m,ocu_isco08_5,edu_aggregate_adv,2017,50
syc,sex_m,ocu_isco08_5,edu_aggregate_adv,2018,48.26
syc,sex_m,ocu_isco08_5,edu_aggregate_adv,2019,47.04
syc,sex_m,ocu_isco08_5,edu_aggregate_adv,2020,46.37
syc,sex_m,ocu_isco08_5,edu_aggregate_adv,2023,43.84
syc,sex_m,ocu_isco08_5,edu_aggregate_adv,2024,47.58
syc,sex_m,ocu_isco08_5,edu_aggregate_bas,2014,51.48
syc,sex_m,ocu_isco08_5,edu_aggregate_bas,2015,52.09
syc,sex_m,ocu_isco08_5,edu_aggregate_bas,2016,53.3
syc,sex_m,ocu_isco08_5,edu_aggregate_bas,2017,54.59
syc,sex_m,ocu_isco08_5,edu_aggregate_bas,2018,46.8
syc,sex_m,ocu_isco08_5,edu_aggregate_bas,2019,50.9
syc,sex_m,ocu_isco08_5,edu_aggregate_bas,2020,45.06
syc,sex_m,ocu_isco08_5,edu_aggregate_bas,2023,44.55
syc,sex_m,ocu_isco08_5,edu_aggregate_bas,2024,46.41
syc,sex_m,ocu_isco08_5,edu_aggregate_int,2014,51.22
syc,sex_m,ocu_isco08_5,edu_aggregate_int,2015,50.17
syc,sex_m,ocu_isco08_5,edu_aggregate_int,2016,51.01
syc,sex_m,ocu_isco08_5,edu_aggregate_int,2017,47.1
syc,sex_m,ocu_isco08_5,edu_aggregate_int,2018,50.41
syc,sex_m,ocu_isco08_5,edu_aggregate_int,2019,46.35
syc,sex_m,ocu_isco08_5,edu_aggregate_int,2020,47.05
syc,sex_m,ocu_isco08_5,edu_aggregate_int,2023,46.54
syc,sex_m,ocu_isco08_5,edu_aggregate_int,2024,45.17
syc,sex_m,ocu_isco08_5,edu_aggregate_ltb,2014,61.44
syc,sex_m,ocu_isco08_5,edu_aggregate_ltb,2015,46.54
syc,sex_m,ocu_isco08_5,edu_aggregate_ltb,2016,39.93
syc,sex_m,ocu_isco08_5,edu_aggregate_total,2014,51
syc,sex_m,ocu_isco08_5,edu_aggregate_total,2015,50.03
syc,sex_m,ocu_isco08_5,edu_aggregate_total,2016,50.59
syc,sex_m,ocu_isco08_5,edu_aggregate_total,2017,48.66
syc,sex_m,ocu_isco08_5,edu_aggregate_total,2018,49.35
syc,sex_m,ocu_isco08_5,edu_aggregate_total,2019,47.03
syc,sex_m,ocu_isco08_5,edu_aggregate_total,2020,46.66
syc,sex_m,ocu_isco08_5,edu_aggregate_total,2023,46.23
syc,sex_m,ocu_isco08_5,edu_aggregate_total,2024,45.17
syc,sex_m,ocu_isco08_5,edu_aggregate_x,2014,47.96
syc,sex_m,ocu_isco08_5,edu_aggregate_x,2023,45.55
syc,sex_m,ocu_isco08_5,edu_aggregate_x,2024,37.45
syc,sex_m,ocu_isco08_5,edu_isced11_1,2023,45.18
syc,sex_m,ocu_isco08_5,edu_isced11_1,2024,46.58
syc,sex_m,ocu_isco08_5,edu_isced11_2,2023,44.06
syc,sex_m,ocu_isco08_5,edu_isced11_2,2024,46.38
syc,sex_m,ocu_isco08_5,edu_isced11_3,2023,46.59
syc,sex_m,ocu_isco08_5,edu_isced11_3,2024,44.81
syc,sex_m,ocu_isco08_5,edu_isced11_4,2023,45.98
syc,sex_m,ocu_isco08_5,edu_isced11_4,2024,48.35
syc,sex_m,ocu_isco08_5,edu_isced11_6,2023,44.66
syc,sex_m,ocu_isco08_5,edu_isced11_7,2023,42.13
syc,sex_m,ocu_isco08_5,edu_isced11_7,2024,47.44
syc,sex_m,ocu_isco08_5,edu_isced11_9,2023,45.55
syc,sex_m,ocu_isco08_5,edu_isced11_9,2024,37.45
syc,sex_m,ocu_isco08_5,edu_isced11_total,2023,46.23
syc,sex_m,ocu_isco08_5,edu_isced11_total,2024,45.17
syc,sex_m,ocu_isco08_6,edu_aggregate_adv,2014,43.66
syc,sex_m,ocu_isco08_6,edu_aggregate_adv,2015,48.96
syc,sex_m,ocu_isco08_6,edu_aggregate_adv,2016,52.79
syc,sex_m,ocu_isco08_6,edu_aggregate_adv,2017,50.24
syc,sex_m,ocu_isco08_6,edu_aggregate_adv,2018,46.63
syc,sex_m,ocu_isco08_6,edu_aggregate_adv,2019,46.07
syc,sex_m,ocu_isco08_6,edu_aggregate_adv,2020,43.24
syc,sex_m,ocu_isco08_6,edu_aggregate_bas,2014,43.31
syc,sex_m,ocu_isco08_6,edu_aggregate_bas,2015,45.11
syc,sex_m,ocu_isco08_6,edu_aggregate_bas,2016,50.71
syc,sex_m,ocu_isco08_6,edu_aggregate_bas,2017,41.4
syc,sex_m,ocu_isco08_6,edu_aggregate_bas,2018,42.03
syc,sex_m,ocu_isco08_6,edu_aggregate_bas,2019,36.8
syc,sex_m,ocu_isco08_6,edu_aggregate_bas,2020,55.49
syc,sex_m,ocu_isco08_6,edu_aggregate_bas,2023,35.42
syc,sex_m,ocu_isco08_6,edu_aggregate_bas,2024,44.02
syc,sex_m,ocu_isco08_6,edu_aggregate_int,2014,46.17
syc,sex_m,ocu_isco08_6,edu_aggregate_int,2015,49.68
syc,sex_m,ocu_isco08_6,edu_aggregate_int,2016,49.15
syc,sex_m,ocu_isco08_6,edu_aggregate_int,2017,48.27
syc,sex_m,ocu_isco08_6,edu_aggregate_int,2018,43.88
syc,sex_m,ocu_isco08_6,edu_aggregate_int,2019,42.68
syc,sex_m,ocu_isco08_6,edu_aggregate_int,2020,39.8
syc,sex_m,ocu_isco08_6,edu_aggregate_int,2023,39.79
syc,sex_m,ocu_isco08_6,edu_aggregate_int,2024,37.23
syc,sex_m,ocu_isco08_6,edu_aggregate_ltb,2014,49.22
syc,sex_m,ocu_isco08_6,edu_aggregate_ltb,2015,37.95
syc,sex_m,ocu_isco08_6,edu_aggregate_ltb,2016,42.56
syc,sex_m,ocu_isco08_6,edu_aggregate_ltb,2017,80.33
syc,sex_m,ocu_isco08_6,edu_aggregate_ltb,2019,44.18
syc,sex_m,ocu_isco08_6,edu_aggregate_ltb,2024,39.15
syc,sex_m,ocu_isco08_6,edu_aggregate_total,2014,45.03
syc,sex_m,ocu_isco08_6,edu_aggregate_total,2015,48.19
syc,sex_m,ocu_isco08_6,edu_aggregate_total,2016,50.23
syc,sex_m,ocu_isco08_6,edu_aggregate_total,2017,48.5
syc,sex_m,ocu_isco08_6,edu_aggregate_total,2018,44.59
syc,sex_m,ocu_isco08_6,edu_aggregate_total,2019,43
syc,sex_m,ocu_isco08_6,edu_aggregate_total,2020,42.81
syc,sex_m,ocu_isco08_6,edu_aggregate_total,2023,37.93
syc,sex_m,ocu_isco08_6,edu_aggregate_total,2024,39.25
syc,sex_m,ocu_isco08_6,edu_aggregate_x,2014,31.58
syc,sex_m,ocu_isco08_6,edu_aggregate_x,2020,32.56
syc,sex_m,ocu_isco08_6,edu_aggregate_x,2023,30.87
syc,sex_m,ocu_isco08_6,edu_isced11_0,2024,41.26
syc,sex_m,ocu_isco08_6,edu_isced11_1,2023,24.59
syc,sex_m,ocu_isco08_6,edu_isced11_1,2024,48.53
syc,sex_m,ocu_isco08_6,edu_isced11_2,2023,40.81
syc,sex_m,ocu_isco08_6,edu_isced11_2,2024,40.94
syc,sex_m,ocu_isco08_6,edu_isced11_3,2023,39.56
syc,sex_m,ocu_isco08_6,edu_isced11_3,2024,37.25
syc,sex_m,ocu_isco08_6,edu_isced11_4,2023,43.72
syc,sex_m,ocu_isco08_6,edu_isced11_9,2023,30.87
syc,sex_m,ocu_isco08_6,edu_isced11_total,2023,37.93
syc,sex_m,ocu_isco08_6,edu_isced11_total,2024,39.25
syc,sex_m,ocu_isco08_7,edu_aggregate_adv,2014,44.03
syc,sex_m,ocu_isco08_7,edu_aggregate_adv,2015,45.64
syc,sex_m,ocu_isco08_7,edu_aggregate_adv,2016,43.97
syc,sex_m,ocu_isco08_7,edu_aggregate_adv,2017,42.83
syc,sex_m,ocu_isco08_7,edu_aggregate_adv,2018,44.84
syc,sex_m,ocu_isco08_7,edu_aggregate_adv,2019,43.29
syc,sex_m,ocu_isco08_7,edu_aggregate_adv,2020,41.39
syc,sex_m,ocu_isco08_7,edu_aggregate_adv,2023,37.81
syc,sex_m,ocu_isco08_7,edu_aggregate_adv,2024,42.78
syc,sex_m,ocu_isco08_7,edu_aggregate_bas,2014,39.92
syc,sex_m,ocu_isco08_7,edu_aggregate_bas,2015,43.83
syc,sex_m,ocu_isco08_7,edu_aggregate_bas,2016,41.7
syc,sex_m,ocu_isco08_7,edu_aggregate_bas,2017,44.01
syc,sex_m,ocu_isco08_7,edu_aggregate_bas,2018,46.68
syc,sex_m,ocu_isco08_7,edu_aggregate_bas,2019,41.62
syc,sex_m,ocu_isco08_7,edu_aggregate_bas,2020,39.97
syc,sex_m,ocu_isco08_7,edu_aggregate_bas,2023,40.13
syc,sex_m,ocu_isco08_7,edu_aggregate_bas,2024,41.09
syc,sex_m,ocu_isco08_7,edu_aggregate_int,2014,43.48
syc,sex_m,ocu_isco08_7,edu_aggregate_int,2015,46.47
syc,sex_m,ocu_isco08_7,edu_aggregate_int,2016,45.82
syc,sex_m,ocu_isco08_7,edu_aggregate_int,2017,43.27
syc,sex_m,ocu_isco08_7,edu_aggregate_int,2018,44.35
syc,sex_m,ocu_isco08_7,edu_aggregate_int,2019,42.08
syc,sex_m,ocu_isco08_7,edu_aggregate_int,2020,41.02
syc,sex_m,ocu_isco08_7,edu_aggregate_int,2023,40.82
syc,sex_m,ocu_isco08_7,edu_aggregate_int,2024,41.48
syc,sex_m,ocu_isco08_7,edu_aggregate_ltb,2014,44.58
syc,sex_m,ocu_isco08_7,edu_aggregate_ltb,2016,44.67
syc,sex_m,ocu_isco08_7,edu_aggregate_ltb,2017,34.73
syc,sex_m,ocu_isco08_7,edu_aggregate_ltb,2019,48.72
syc,sex_m,ocu_isco08_7,edu_aggregate_ltb,2023,41.05
syc,sex_m,ocu_isco08_7,edu_aggregate_total,2014,43.28
syc,sex_m,ocu_isco08_7,edu_aggregate_total,2015,45.92
syc,sex_m,ocu_isco08_7,edu_aggregate_total,2016,44.59
syc,sex_m,ocu_isco08_7,edu_aggregate_total,2017,43.06
syc,sex_m,ocu_isco08_7,edu_aggregate_total,2018,44.67
syc,sex_m,ocu_isco08_7,edu_aggregate_total,2019,42.79
syc,sex_m,ocu_isco08_7,edu_aggregate_total,2020,41.23
syc,sex_m,ocu_isco08_7,edu_aggregate_total,2023,40.61
syc,sex_m,ocu_isco08_7,edu_aggregate_total,2024,41.52
syc,sex_m,ocu_isco08_7,edu_aggregate_x,2014,41.35
syc,sex_m,ocu_isco08_7,edu_aggregate_x,2020,46.41
syc,sex_m,ocu_isco08_7,edu_aggregate_x,2023,41.75
syc,sex_m,ocu_isco08_7,edu_aggregate_x,2024,45.51
syc,sex_m,ocu_isco08_7,edu_isced11_0,2023,39.8
syc,sex_m,ocu_isco08_7,edu_isced11_1,2023,42.35
syc,sex_m,ocu_isco08_7,edu_isced11_1,2024,34.44
syc,sex_m,ocu_isco08_7,edu_isced11_2,2023,38.09
syc,sex_m,ocu_isco08_7,edu_isced11_2,2024,42.76
syc,sex_m,ocu_isco08_7,edu_isced11_3,2023,40.2
syc,sex_m,ocu_isco08_7,edu_isced11_3,2024,41.12
syc,sex_m,ocu_isco08_7,edu_isced11_4,2023,48.63
syc,sex_m,ocu_isco08_7,edu_isced11_4,2024,43.8
syc,sex_m,ocu_isco08_7,edu_isced11_6,2023,37.68
syc,sex_m,ocu_isco08_7,edu_isced11_7,2023,37.98
syc,sex_m,ocu_isco08_7,edu_isced11_9,2023,41.75
syc,sex_m,ocu_isco08_7,edu_isced11_9,2024,45.51
syc,sex_m,ocu_isco08_7,edu_isced11_total,2023,40.61
syc,sex_m,ocu_isco08_7,edu_isced11_total,2024,41.52
syc,sex_m,ocu_isco08_8,edu_aggregate_adv,2014,50.16
syc,sex_m,ocu_isco08_8,edu_aggregate_adv,2015,53.24
syc,sex_m,ocu_isco08_8,edu_aggregate_adv,2016,51.49
syc,sex_m,ocu_isco08_8,edu_aggregate_adv,2017,51.6
syc,sex_m,ocu_isco08_8,edu_aggregate_adv,2018,48.16
syc,sex_m,ocu_isco08_8,edu_aggregate_adv,2019,47.93
syc,sex_m,ocu_isco08_8,edu_aggregate_adv,2020,46.9
syc,sex_m,ocu_isco08_8,edu_aggregate_adv,2023,43.73
syc,sex_m,ocu_isco08_8,edu_aggregate_bas,2014,48.93
syc,sex_m,ocu_isco08_8,edu_aggregate_bas,2015,46.86
syc,sex_m,ocu_isco08_8,edu_aggregate_bas,2016,49.41
syc,sex_m,ocu_isco08_8,edu_aggregate_bas,2017,53.7
syc,sex_m,ocu_isco08_8,edu_aggregate_bas,2018,42.08
syc,sex_m,ocu_isco08_8,edu_aggregate_bas,2019,43.29
syc,sex_m,ocu_isco08_8,edu_aggregate_bas,2020,44.78
syc,sex_m,ocu_isco08_8,edu_aggregate_bas,2023,46.07
syc,sex_m,ocu_isco08_8,edu_aggregate_bas,2024,45.69
syc,sex_m,ocu_isco08_8,edu_aggregate_int,2014,46.85
syc,sex_m,ocu_isco08_8,edu_aggregate_int,2015,49.66
syc,sex_m,ocu_isco08_8,edu_aggregate_int,2016,48.04
syc,sex_m,ocu_isco08_8,edu_aggregate_int,2017,48.14
syc,sex_m,ocu_isco08_8,edu_aggregate_int,2018,48.69
syc,sex_m,ocu_isco08_8,edu_aggregate_int,2019,46.05
syc,sex_m,ocu_isco08_8,edu_aggregate_int,2020,44.64
syc,sex_m,ocu_isco08_8,edu_aggregate_int,2023,42.29
syc,sex_m,ocu_isco08_8,edu_aggregate_int,2024,41.46
syc,sex_m,ocu_isco08_8,edu_aggregate_ltb,2019,41.15
syc,sex_m,ocu_isco08_8,edu_aggregate_ltb,2023,41.54
syc,sex_m,ocu_isco08_8,edu_aggregate_total,2014,48.48
syc,sex_m,ocu_isco08_8,edu_aggregate_total,2015,50.64
syc,sex_m,ocu_isco08_8,edu_aggregate_total,2016,49.32
syc,sex_m,ocu_isco08_8,edu_aggregate_total,2017,49.82
syc,sex_m,ocu_isco08_8,edu_aggregate_total,2018,48.05
syc,sex_m,ocu_isco08_8,edu_aggregate_total,2019,46.57
syc,sex_m,ocu_isco08_8,edu_aggregate_total,2020,45.59
syc,sex_m,ocu_isco08_8,edu_aggregate_total,2023,43.24
syc,sex_m,ocu_isco08_8,edu_aggregate_total,2024,43.37
syc,sex_m,ocu_isco08_8,edu_aggregate_x,2014,64.25
syc,sex_m,ocu_isco08_8,edu_aggregate_x,2020,43.83
syc,sex_m,ocu_isco08_8,edu_aggregate_x,2023,54.16
syc,sex_m,ocu_isco08_8,edu_aggregate_x,2024,61.94
syc,sex_m,ocu_isco08_8,edu_isced11_0,2023,45.23
syc,sex_m,ocu_isco08_8,edu_isced11_1,2023,42.24
syc,sex_m,ocu_isco08_8,edu_isced11_1,2024,36.67
syc,sex_m,ocu_isco08_8,edu_isced11_2,2023,47.64
syc,sex_m,ocu_isco08_8,edu_isced11_2,2024,51.39
syc,sex_m,ocu_isco08_8,edu_isced11_3,2023,42.25
syc,sex_m,ocu_isco08_8,edu_isced11_3,2024,41.5
syc,sex_m,ocu_isco08_8,edu_isced11_4,2023,43.55
syc,sex_m,ocu_isco08_8,edu_isced11_4,2024,40.84
syc,sex_m,ocu_isco08_8,edu_isced11_7,2023,44.62
syc,sex_m,ocu_isco08_8,edu_isced11_9,2023,54.16
syc,sex_m,ocu_isco08_8,edu_isced11_9,2024,61.94
syc,sex_m,ocu_isco08_8,edu_isced11_total,2023,43.24
syc,sex_m,ocu_isco08_8,edu_isced11_total,2024,43.37
syc,sex_m,ocu_isco08_9,edu_aggregate_adv,2014,40.86
syc,sex_m,ocu_isco08_9,edu_aggregate_adv,2015,41.35
syc,sex_m,ocu_isco08_9,edu_aggregate_adv,2016,43.15
syc,sex_m,ocu_isco08_9,edu_aggregate_adv,2017,42.93
syc,sex_m,ocu_isco08_9,edu_aggregate_adv,2018,39.91
syc,sex_m,ocu_isco08_9,edu_aggregate_adv,2019,42.62
syc,sex_m,ocu_isco08_9,edu_aggregate_adv,2020,40.17
syc,sex_m,ocu_isco08_9,edu_aggregate_bas,2014,38.77
syc,sex_m,ocu_isco08_9,edu_aggregate_bas,2015,38.87
syc,sex_m,ocu_isco08_9,edu_aggregate_bas,2016,38.28
syc,sex_m,ocu_isco08_9,edu_aggregate_bas,2017,42.09
syc,sex_m,ocu_isco08_9,edu_aggregate_bas,2018,34.2
syc,sex_m,ocu_isco08_9,edu_aggregate_bas,2019,41.25
syc,sex_m,ocu_isco08_9,edu_aggregate_bas,2020,33.36
syc,sex_m,ocu_isco08_9,edu_aggregate_bas,2023,37.71
syc,sex_m,ocu_isco08_9,edu_aggregate_bas,2024,34.94
syc,sex_m,ocu_isco08_9,edu_aggregate_int,2014,39.77
syc,sex_m,ocu_isco08_9,edu_aggregate_int,2015,38.23
syc,sex_m,ocu_isco08_9,edu_aggregate_int,2016,41.23
syc,sex_m,ocu_isco08_9,edu_aggregate_int,2017,40.04
syc,sex_m,ocu_isco08_9,edu_aggregate_int,2018,37.88
syc,sex_m,ocu_isco08_9,edu_aggregate_int,2019,39.44
syc,sex_m,ocu_isco08_9,edu_aggregate_int,2020,36.92
syc,sex_m,ocu_isco08_9,edu_aggregate_int,2023,38.72
syc,sex_m,ocu_isco08_9,edu_aggregate_int,2024,39.21
syc,sex_m,ocu_isco08_9,edu_aggregate_ltb,2014,43.47
syc,sex_m,ocu_isco08_9,edu_aggregate_ltb,2015,33.93
syc,sex_m,ocu_isco08_9,edu_aggregate_ltb,2016,33.8
syc,sex_m,ocu_isco08_9,edu_aggregate_ltb,2017,37.45
syc,sex_m,ocu_isco08_9,edu_aggregate_ltb,2019,39.84
syc,sex_m,ocu_isco08_9,edu_aggregate_ltb,2023,30.6
syc,sex_m,ocu_isco08_9,edu_aggregate_ltb,2024,39.88
syc,sex_m,ocu_isco08_9,edu_aggregate_total,2014,40.06
syc,sex_m,ocu_isco08_9,edu_aggregate_total,2015,39.01
syc,sex_m,ocu_isco08_9,edu_aggregate_total,2016,41.36
syc,sex_m,ocu_isco08_9,edu_aggregate_total,2017,41.04
syc,sex_m,ocu_isco08_9,edu_aggregate_total,2018,38.09
syc,sex_m,ocu_isco08_9,edu_aggregate_total,2019,40.68
syc,sex_m,ocu_isco08_9,edu_aggregate_total,2020,37.72
syc,sex_m,ocu_isco08_9,edu_aggregate_total,2023,38.09
syc,sex_m,ocu_isco08_9,edu_aggregate_total,2024,38.26
syc,sex_m,ocu_isco08_9,edu_aggregate_x,2014,56.75
syc,sex_m,ocu_isco08_9,edu_aggregate_x,2023,37.63
syc,sex_m,ocu_isco08_9,edu_aggregate_x,2024,42.83
syc,sex_m,ocu_isco08_9,edu_isced11_0,2023,28.66
syc,sex_m,ocu_isco08_9,edu_isced11_0,2024,39.88
syc,sex_m,ocu_isco08_9,edu_isced11_1,2023,37.77
syc,sex_m,ocu_isco08_9,edu_isced11_1,2024,34.21
syc,sex_m,ocu_isco08_9,edu_isced11_2,2023,37.68
syc,sex_m,ocu_isco08_9,edu_isced11_2,2024,35.41
syc,sex_m,ocu_isco08_9,edu_isced11_3,2023,38.53
syc,sex_m,ocu_isco08_9,edu_isced11_3,2024,39.14
syc,sex_m,ocu_isco08_9,edu_isced11_4,2023,44.11
syc,sex_m,ocu_isco08_9,edu_isced11_4,2024,41.42
syc,sex_m,ocu_isco08_9,edu_isced11_9,2023,37.63
syc,sex_m,ocu_isco08_9,edu_isced11_9,2024,42.83
syc,sex_m,ocu_isco08_9,edu_isced11_total,2023,38.09
syc,sex_m,ocu_isco08_9,edu_isced11_total,2024,38.26
syc,sex_m,ocu_isco08_9,edu_isced11_x,2023,33.08
syc,sex_m,ocu_isco08_total,edu_aggregate_adv,2014,45.64
syc,sex_m,ocu_isco08_total,edu_aggregate_adv,2015,46.58
syc,sex_m,ocu_isco08_total,edu_aggregate_adv,2016,46.26
syc,sex_m,ocu_isco08_total,edu_aggregate_adv,2017,45.63
syc,sex_m,ocu_isco08_total,edu_aggregate_adv,2018,45.49
syc,sex_m,ocu_isco08_total,edu_aggregate_adv,2019,44.4
syc,sex_m,ocu_isco08_total,edu_aggregate_adv,2020,42.98
syc,sex_m,ocu_isco08_total,edu_aggregate_adv,2023,43.68
syc,sex_m,ocu_isco08_total,edu_aggregate_adv,2024,43.08
syc,sex_m,ocu_isco08_total,edu_aggregate_bas,2014,44.21
syc,sex_m,ocu_isco08_total,edu_aggregate_bas,2015,45.53
syc,sex_m,ocu_isco08_total,edu_aggregate_bas,2016,46.77
syc,sex_m,ocu_isco08_total,edu_aggregate_bas,2017,46.27
syc,sex_m,ocu_isco08_total,edu_aggregate_bas,2018,41.39
syc,sex_m,ocu_isco08_total,edu_aggregate_bas,2019,43.7
syc,sex_m,ocu_isco08_total,edu_aggregate_bas,2020,44.91
syc,sex_m,ocu_isco08_total,edu_aggregate_bas,2023,40.31
syc,sex_m,ocu_isco08_total,edu_aggregate_bas,2024,42.46
syc,sex_m,ocu_isco08_total,edu_aggregate_int,2014,45.64
syc,sex_m,ocu_isco08_total,edu_aggregate_int,2015,46.49
syc,sex_m,ocu_isco08_total,edu_aggregate_int,2016,46.8
syc,sex_m,ocu_isco08_total,edu_aggregate_int,2017,45.09
syc,sex_m,ocu_isco08_total,edu_aggregate_int,2018,45.18
syc,sex_m,ocu_isco08_total,edu_aggregate_int,2019,43.92
syc,sex_m,ocu_isco08_total,edu_aggregate_int,2020,42.26
syc,sex_m,ocu_isco08_total,edu_aggregate_int,2023,41.61
syc,sex_m,ocu_isco08_total,edu_aggregate_int,2024,42.65
syc,sex_m,ocu_isco08_total,edu_aggregate_ltb,2014,49.17
syc,sex_m,ocu_isco08_total,edu_aggregate_ltb,2015,39.88
syc,sex_m,ocu_isco08_total,edu_aggregate_ltb,2016,41.09
syc,sex_m,ocu_isco08_total,edu_aggregate_ltb,2017,52.81
syc,sex_m,ocu_isco08_total,edu_aggregate_ltb,2018,43.96
syc,sex_m,ocu_isco08_total,edu_aggregate_ltb,2019,44.35
syc,sex_m,ocu_isco08_total,edu_aggregate_ltb,2023,38.53
syc,sex_m,ocu_isco08_total,edu_aggregate_ltb,2024,39.23
syc,sex_m,ocu_isco08_total,edu_aggregate_total,2014,45.57
syc,sex_m,ocu_isco08_total,edu_aggregate_total,2015,46.41
syc,sex_m,ocu_isco08_total,edu_aggregate_total,2016,46.52
syc,sex_m,ocu_isco08_total,edu_aggregate_total,2017,45.48
syc,sex_m,ocu_isco08_total,edu_aggregate_total,2018,45.15
syc,sex_m,ocu_isco08_total,edu_aggregate_total,2019,44.17
syc,sex_m,ocu_isco08_total,edu_aggregate_total,2020,42.75
syc,sex_m,ocu_isco08_total,edu_aggregate_total,2023,41.63
syc,sex_m,ocu_isco08_total,edu_aggregate_total,2024,42.69
syc,sex_m,ocu_isco08_total,edu_aggregate_x,2014,47.96
syc,sex_m,ocu_isco08_total,edu_aggregate_x,2015,47.88
syc,sex_m,ocu_isco08_total,edu_aggregate_x,2016,61.69
syc,sex_m,ocu_isco08_total,edu_aggregate_x,2017,44.8
syc,sex_m,ocu_isco08_total,edu_aggregate_x,2018,43.43
syc,sex_m,ocu_isco08_total,edu_aggregate_x,2019,47.48
syc,sex_m,ocu_isco08_total,edu_aggregate_x,2020,43.64
syc,sex_m,ocu_isco08_total,edu_aggregate_x,2023,44.1
syc,sex_m,ocu_isco08_total,edu_aggregate_x,2024,46.34
syc,sex_m,ocu_isco08_total,edu_isced11_0,2023,39.68
syc,sex_m,ocu_isco08_total,edu_isced11_0,2024,39.45
syc,sex_m,ocu_isco08_total,edu_isced11_1,2023,39.14
syc,sex_m,ocu_isco08_total,edu_isced11_1,2024,41.18
syc,sex_m,ocu_isco08_total,edu_isced11_2,2023,41.03
syc,sex_m,ocu_isco08_total,edu_isced11_2,2024,43.06
syc,sex_m,ocu_isco08_total,edu_isced11_3,2023,41.56
syc,sex_m,ocu_isco08_total,edu_isced11_3,2024,42.35
syc,sex_m,ocu_isco08_total,edu_isced11_4,2023,41.93
syc,sex_m,ocu_isco08_total,edu_isced11_4,2024,44.46
syc,sex_m,ocu_isco08_total,edu_isced11_6,2023,43.07
syc,sex_m,ocu_isco08_total,edu_isced11_6,2024,43.87
syc,sex_m,ocu_isco08_total,edu_isced11_7,2023,44.54
syc,sex_m,ocu_isco08_total,edu_isced11_7,2024,42.06
syc,sex_m,ocu_isco08_total,edu_isced11_9,2023,44.1
syc,sex_m,ocu_isco08_total,edu_isced11_9,2024,46.34
syc,sex_m,ocu_isco08_total,edu_isced11_total,2023,41.63
syc,sex_m,ocu_isco08_total,edu_isced11_total,2024,42.69
syc,sex_m,ocu_isco08_total,edu_isced11_x,2023,36.8
syc,sex_m,ocu_isco08_total,edu_isced11_x,2024,38.37
syc,sex_m,ocu_isco08_x,edu_aggregate_adv,2014,44.64
syc,sex_m,ocu_isco08_x,edu_aggregate_adv,2016,40.04
syc,sex_m,ocu_isco08_x,edu_aggregate_adv,2018,42.14
syc,sex_m,ocu_isco08_x,edu_aggregate_adv,2019,42.43
syc,sex_m,ocu_isco08_x,edu_aggregate_adv,2024,42.35
syc,sex_m,ocu_isco08_x,edu_aggregate_bas,2018,39.87
syc,sex_m,ocu_isco08_x,edu_aggregate_bas,2023,19.78
syc,sex_m,ocu_isco08_x,edu_aggregate_bas,2024,42.54
syc,sex_m,ocu_isco08_x,edu_aggregate_int,2014,39.59
syc,sex_m,ocu_isco08_x,edu_aggregate_int,2015,55.89
syc,sex_m,ocu_isco08_x,edu_aggregate_int,2016,49.1
syc,sex_m,ocu_isco08_x,edu_aggregate_int,2018,47.39
syc,sex_m,ocu_isco08_x,edu_aggregate_int,2023,35.77
syc,sex_m,ocu_isco08_x,edu_aggregate_int,2024,43.06
syc,sex_m,ocu_isco08_x,edu_aggregate_ltb,2024,38.77
syc,sex_m,ocu_isco08_x,edu_aggregate_total,2014,43.32
syc,sex_m,ocu_isco08_x,edu_aggregate_total,2015,52.94
syc,sex_m,ocu_isco08_x,edu_aggregate_total,2016,44.87
syc,sex_m,ocu_isco08_x,edu_aggregate_total,2018,44.68
syc,sex_m,ocu_isco08_x,edu_aggregate_total,2019,35.4
syc,sex_m,ocu_isco08_x,edu_aggregate_total,2020,51.33
syc,sex_m,ocu_isco08_x,edu_aggregate_total,2023,33.62
syc,sex_m,ocu_isco08_x,edu_aggregate_total,2024,42.95
syc,sex_m,ocu_isco08_x,edu_aggregate_x,2024,48.07
syc,sex_m,ocu_isco08_x,edu_isced11_0,2024,38.82
syc,sex_m,ocu_isco08_x,edu_isced11_1,2024,42.08
syc,sex_m,ocu_isco08_x,edu_isced11_2,2023,17.75
syc,sex_m,ocu_isco08_x,edu_isced11_2,2024,42.81
syc,sex_m,ocu_isco08_x,edu_isced11_3,2023,35.47
syc,sex_m,ocu_isco08_x,edu_isced11_3,2024,42.72
syc,sex_m,ocu_isco08_x,edu_isced11_4,2024,45.34
syc,sex_m,ocu_isco08_x,edu_isced11_6,2024,42.86
syc,sex_m,ocu_isco08_x,edu_isced11_7,2024,41.67
syc,sex_m,ocu_isco08_x,edu_isced11_9,2024,48.07
syc,sex_m,ocu_isco08_x,edu_isced11_total,2023,33.62
syc,sex_m,ocu_isco08_x,edu_isced11_total,2024,42.95
syc,sex_m,ocu_skill_l1,edu_aggregate_adv,2014,40.86
syc,sex_m,ocu_skill_l1,edu_aggregate_adv,2015,41.35
syc,sex_m,ocu_skill_l1,edu_aggregate_adv,2016,43.15
syc,sex_m,ocu_skill_l1,edu_aggregate_adv,2017,42.93
syc,sex_m,ocu_skill_l1,edu_aggregate_adv,2018,39.91
syc,sex_m,ocu_skill_l1,edu_aggregate_adv,2019,42.62
syc,sex_m,ocu_skill_l1,edu_aggregate_adv,2020,40.17
syc,sex_m,ocu_skill_l1,edu_aggregate_bas,2014,38.77
syc,sex_m,ocu_skill_l1,edu_aggregate_bas,2015,38.87
syc,sex_m,ocu_skill_l1,edu_aggregate_bas,2016,38.28
syc,sex_m,ocu_skill_l1,edu_aggregate_bas,2017,42.09
syc,sex_m,ocu_skill_l1,edu_aggregate_bas,2018,34.2
syc,sex_m,ocu_skill_l1,edu_aggregate_bas,2019,41.25
syc,sex_m,ocu_skill_l1,edu_aggregate_bas,2020,33.36
syc,sex_m,ocu_skill_l1,edu_aggregate_bas,2023,37.71
syc,sex_m,ocu_skill_l1,edu_aggregate_bas,2024,34.94
syc,sex_m,ocu_skill_l1,edu_aggregate_int,2014,39.77
syc,sex_m,ocu_skill_l1,edu_aggregate_int,2015,38.23
syc,sex_m,ocu_skill_l1,edu_aggregate_int,2016,41.23
syc,sex_m,ocu_skill_l1,edu_aggregate_int,2017,40.04
syc,sex_m,ocu_skill_l1,edu_aggregate_int,2018,37.88
syc,sex_m,ocu_skill_l1,edu_aggregate_int,2019,39.44
syc,sex_m,ocu_skill_l1,edu_aggregate_int,2020,36.92
syc,sex_m,ocu_skill_l1,edu_aggregate_int,2023,38.72
syc,sex_m,ocu_skill_l1,edu_aggregate_int,2024,39.21
syc,sex_m,ocu_skill_l1,edu_aggregate_ltb,2014,43.47
syc,sex_m,ocu_skill_l1,edu_aggregate_ltb,2015,33.93
syc,sex_m,ocu_skill_l1,edu_aggregate_ltb,2016,33.8
syc,sex_m,ocu_skill_l1,edu_aggregate_ltb,2017,37.45
syc,sex_m,ocu_skill_l1,edu_aggregate_ltb,2019,39.84
syc,sex_m,ocu_skill_l1,edu_aggregate_ltb,2023,30.6
syc,sex_m,ocu_skill_l1,edu_aggregate_ltb,2024,39.88
syc,sex_m,ocu_skill_l1,edu_aggregate_total,2014,40.06
syc,sex_m,ocu_skill_l1,edu_aggregate_total,2015,39.01
syc,sex_m,ocu_skill_l1,edu_aggregate_total,2016,41.36
syc,sex_m,ocu_skill_l1,edu_aggregate_total,2017,41.04
syc,sex_m,ocu_skill_l1,edu_aggregate_total,2018,38.09
syc,sex_m,ocu_skill_l1,edu_aggregate_total,2019,40.68
syc,sex_m,ocu_skill_l1,edu_aggregate_total,2020,37.72
syc,sex_m,ocu_skill_l1,edu_aggregate_total,2023,38.09
syc,sex_m,ocu_skill_l1,edu_aggregate_total,2024,38.26
syc,sex_m,ocu_skill_l1,edu_aggregate_x,2014,56.75
syc,sex_m,ocu_skill_l1,edu_aggregate_x,2023,37.63
syc,sex_m,ocu_skill_l1,edu_aggregate_x,2024,42.83
syc,sex_m,ocu_skill_l1,edu_isced11_0,2023,28.66
syc,sex_m,ocu_skill_l1,edu_isced11_0,2024,39.88
syc,sex_m,ocu_skill_l1,edu_isced11_1,2023,37.77
syc,sex_m,ocu_skill_l1,edu_isced11_1,2024,34.21
syc,sex_m,ocu_skill_l1,edu_isced11_2,2023,37.68
syc,sex_m,ocu_skill_l1,edu_isced11_2,2024,35.41
syc,sex_m,ocu_skill_l1,edu_isced11_3,2023,38.53
syc,sex_m,ocu_skill_l1,edu_isced11_3,2024,39.14
syc,sex_m,ocu_skill_l1,edu_isced11_4,2023,44.11
syc,sex_m,ocu_skill_l1,edu_isced11_4,2024,41.42
syc,sex_m,ocu_skill_l1,edu_isced11_9,2023,37.63
syc,sex_m,ocu_skill_l1,edu_isced11_9,2024,42.83
syc,sex_m,ocu_skill_l1,edu_isced11_total,2023,38.09
syc,sex_m,ocu_skill_l1,edu_isced11_total,2024,38.26
syc,sex_m,ocu_skill_l1,edu_isced11_x,2023,33.08
syc,sex_m,ocu_skill_l2,edu_aggregate_adv,2014,47.07
syc,sex_m,ocu_skill_l2,edu_aggregate_adv,2015,48.17
syc,sex_m,ocu_skill_l2,edu_aggregate_adv,2016,47.53
syc,sex_m,ocu_skill_l2,edu_aggregate_adv,2017,47.05
syc,sex_m,ocu_skill_l2,edu_aggregate_adv,2018,46.68
syc,sex_m,ocu_skill_l2,edu_aggregate_adv,2019,45.26
syc,sex_m,ocu_skill_l2,edu_aggregate_adv,2020,44.12
syc,sex_m,ocu_skill_l2,edu_aggregate_adv,2023,41.72
syc,sex_m,ocu_skill_l2,edu_aggregate_adv,2024,44.82
syc,sex_m,ocu_skill_l2,edu_aggregate_bas,2014,45.75
syc,sex_m,ocu_skill_l2,edu_aggregate_bas,2015,46.67
syc,sex_m,ocu_skill_l2,edu_aggregate_bas,2016,48.5
syc,sex_m,ocu_skill_l2,edu_aggregate_bas,2017,47.47
syc,sex_m,ocu_skill_l2,edu_aggregate_bas,2018,44.09
syc,sex_m,ocu_skill_l2,edu_aggregate_bas,2019,43.42
syc,sex_m,ocu_skill_l2,edu_aggregate_bas,2020,47.28
syc,sex_m,ocu_skill_l2,edu_aggregate_bas,2023,41.99
syc,sex_m,ocu_skill_l2,edu_aggregate_bas,2024,43.73
syc,sex_m,ocu_skill_l2,edu_aggregate_int,2014,46.8
syc,sex_m,ocu_skill_l2,edu_aggregate_int,2015,48.51
syc,sex_m,ocu_skill_l2,edu_aggregate_int,2016,48.15
syc,sex_m,ocu_skill_l2,edu_aggregate_int,2017,46.24
syc,sex_m,ocu_skill_l2,edu_aggregate_int,2018,46.85
syc,sex_m,ocu_skill_l2,edu_aggregate_int,2019,44.51
syc,sex_m,ocu_skill_l2,edu_aggregate_int,2020,43.48
syc,sex_m,ocu_skill_l2,edu_aggregate_int,2023,42.62
syc,sex_m,ocu_skill_l2,edu_aggregate_int,2024,42.63
syc,sex_m,ocu_skill_l2,edu_aggregate_ltb,2014,50.3
syc,sex_m,ocu_skill_l2,edu_aggregate_ltb,2015,41.95
syc,sex_m,ocu_skill_l2,edu_aggregate_ltb,2016,41.83
syc,sex_m,ocu_skill_l2,edu_aggregate_ltb,2017,57.31
syc,sex_m,ocu_skill_l2,edu_aggregate_ltb,2018,52.53
syc,sex_m,ocu_skill_l2,edu_aggregate_ltb,2019,45.56
syc,sex_m,ocu_skill_l2,edu_aggregate_ltb,2023,43.83
syc,sex_m,ocu_skill_l2,edu_aggregate_ltb,2024,39.67
syc,sex_m,ocu_skill_l2,edu_aggregate_total,2014,46.81
syc,sex_m,ocu_skill_l2,edu_aggregate_total,2015,48.16
syc,sex_m,ocu_skill_l2,edu_aggregate_total,2016,47.93
syc,sex_m,ocu_skill_l2,edu_aggregate_total,2017,46.76
syc,sex_m,ocu_skill_l2,edu_aggregate_total,2018,46.63
syc,sex_m,ocu_skill_l2,edu_aggregate_total,2019,44.82
syc,sex_m,ocu_skill_l2,edu_aggregate_total,2020,43.96
syc,sex_m,ocu_skill_l2,edu_aggregate_total,2023,42.52
syc,sex_m,ocu_skill_l2,edu_aggregate_total,2024,42.88
syc,sex_m,ocu_skill_l2,edu_aggregate_x,2014,44.39
syc,sex_m,ocu_skill_l2,edu_aggregate_x,2015,52.51
syc,sex_m,ocu_skill_l2,edu_aggregate_x,2016,66.73
syc,sex_m,ocu_skill_l2,edu_aggregate_x,2019,56.78
syc,sex_m,ocu_skill_l2,edu_aggregate_x,2020,42.27
syc,sex_m,ocu_skill_l2,edu_aggregate_x,2023,44.17
syc,sex_m,ocu_skill_l2,edu_aggregate_x,2024,42.75
syc,sex_m,ocu_skill_l2,edu_isced11_0,2023,45.72
syc,sex_m,ocu_skill_l2,edu_isced11_0,2024,40.65
syc,sex_m,ocu_skill_l2,edu_isced11_1,2023,40.09
syc,sex_m,ocu_skill_l2,edu_isced11_1,2024,41.12
syc,sex_m,ocu_skill_l2,edu_isced11_2,2023,43.2
syc,sex_m,ocu_skill_l2,edu_isced11_2,2024,44.56
syc,sex_m,ocu_skill_l2,edu_isced11_3,2023,42.4
syc,sex_m,ocu_skill_l2,edu_isced11_3,2024,42.3
syc,sex_m,ocu_skill_l2,edu_isced11_4,2023,45.39
syc,sex_m,ocu_skill_l2,edu_isced11_4,2024,45.43
syc,sex_m,ocu_skill_l2,edu_isced11_6,2023,42.14
syc,sex_m,ocu_skill_l2,edu_isced11_6,2024,44.86
syc,sex_m,ocu_skill_l2,edu_isced11_7,2023,41.25
syc,sex_m,ocu_skill_l2,edu_isced11_7,2024,44.79
syc,sex_m,ocu_skill_l2,edu_isced11_9,2023,44.17
syc,sex_m,ocu_skill_l2,edu_isced11_9,2024,42.75
syc,sex_m,ocu_skill_l2,edu_isced11_total,2023,42.52
syc,sex_m,ocu_skill_l2,edu_isced11_total,2024,42.88
syc,sex_m,ocu_skill_l2,edu_isced11_x,2023,40.17
syc,sex_m,ocu_skill_l2,edu_isced11_x,2024,38.37
syc,sex_m,ocu_skill_l3_4,edu_aggregate_adv,2014,44.25
syc,sex_m,ocu_skill_l3_4,edu_aggregate_adv,2015,45.26
syc,sex_m,ocu_skill_l3_4,edu_aggregate_adv,2016,45.35
syc,sex_m,ocu_skill_l3_4,edu_aggregate_adv,2017,44.4
syc,sex_m,ocu_skill_l3_4,edu_aggregate_adv,2018,44.64
syc,sex_m,ocu_skill_l3_4,edu_aggregate_adv,2019,43.4
syc,sex_m,ocu_skill_l3_4,edu_aggregate_adv,2020,41.61
syc,sex_m,ocu_skill_l3_4,edu_aggregate_adv,2023,44.06
syc,sex_m,ocu_skill_l3_4,edu_aggregate_adv,2024,43.66
syc,sex_m,ocu_skill_l3_4,edu_aggregate_bas,2014,46.16
syc,sex_m,ocu_skill_l3_4,edu_aggregate_bas,2015,49.3
syc,sex_m,ocu_skill_l3_4,edu_aggregate_bas,2016,49.17
syc,sex_m,ocu_skill_l3_4,edu_aggregate_bas,2017,44.22
syc,sex_m,ocu_skill_l3_4,edu_aggregate_bas,2018,36.93
syc,sex_m,ocu_skill_l3_4,edu_aggregate_bas,2019,39.14
syc,sex_m,ocu_skill_l3_4,edu_aggregate_bas,2020,42.32
syc,sex_m,ocu_skill_l3_4,edu_aggregate_bas,2023,38.76
syc,sex_m,ocu_skill_l3_4,edu_aggregate_bas,2024,44.74
syc,sex_m,ocu_skill_l3_4,edu_aggregate_int,2014,44.89
syc,sex_m,ocu_skill_l3_4,edu_aggregate_int,2015,44.76
syc,sex_m,ocu_skill_l3_4,edu_aggregate_int,2016,46.77
syc,sex_m,ocu_skill_l3_4,edu_aggregate_int,2017,46.25
syc,sex_m,ocu_skill_l3_4,edu_aggregate_int,2018,42.6
syc,sex_m,ocu_skill_l3_4,edu_aggregate_int,2019,46.34
syc,sex_m,ocu_skill_l3_4,edu_aggregate_int,2020,41.6
syc,sex_m,ocu_skill_l3_4,edu_aggregate_int,2023,40.9
syc,sex_m,ocu_skill_l3_4,edu_aggregate_int,2024,42.13
syc,sex_m,ocu_skill_l3_4,edu_aggregate_ltb,2014,49.97
syc,sex_m,ocu_skill_l3_4,edu_aggregate_total,2014,44.57
syc,sex_m,ocu_skill_l3_4,edu_aggregate_total,2015,45.2
syc,sex_m,ocu_skill_l3_4,edu_aggregate_total,2016,45.71
syc,sex_m,ocu_skill_l3_4,edu_aggregate_total,2017,44.76
syc,sex_m,ocu_skill_l3_4,edu_aggregate_total,2018,44.18
syc,sex_m,ocu_skill_l3_4,edu_aggregate_total,2019,43.9
syc,sex_m,ocu_skill_l3_4,edu_aggregate_total,2020,41.62
syc,sex_m,ocu_skill_l3_4,edu_aggregate_total,2023,41.84
syc,sex_m,ocu_skill_l3_4,edu_aggregate_total,2024,42.92
syc,sex_m,ocu_skill_l3_4,edu_aggregate_x,2014,53.82
syc,sex_m,ocu_skill_l3_4,edu_aggregate_x,2019,42.57
syc,sex_m,ocu_skill_l3_4,edu_aggregate_x,2023,57.12
syc,sex_m,ocu_skill_l3_4,edu_aggregate_x,2024,53.91
syc,sex_m,ocu_skill_l3_4,edu_isced11_1,2023,39.5
syc,sex_m,ocu_skill_l3_4,edu_isced11_1,2024,44.68
syc,sex_m,ocu_skill_l3_4,edu_isced11_2,2023,38.43
syc,sex_m,ocu_skill_l3_4,edu_isced11_2,2024,44.77
syc,sex_m,ocu_skill_l3_4,edu_isced11_3,2023,41.23
syc,sex_m,ocu_skill_l3_4,edu_isced11_3,2024,42.05
syc,sex_m,ocu_skill_l3_4,edu_isced11_4,2023,40.1
syc,sex_m,ocu_skill_l3_4,edu_isced11_4,2024,42.31
syc,sex_m,ocu_skill_l3_4,edu_isced11_6,2023,43.28
syc,sex_m,ocu_skill_l3_4,edu_isced11_6,2024,44.92
syc,sex_m,ocu_skill_l3_4,edu_isced11_7,2023,45.18
syc,sex_m,ocu_skill_l3_4,edu_isced11_7,2024,41.9
syc,sex_m,ocu_skill_l3_4,edu_isced11_9,2023,57.12
syc,sex_m,ocu_skill_l3_4,edu_isced11_9,2024,53.91
syc,sex_m,ocu_skill_l3_4,edu_isced11_total,2023,41.84
syc,sex_m,ocu_skill_l3_4,edu_isced11_total,2024,42.92
syc,sex_m,ocu_skill_total,edu_aggregate_adv,2014,45.64
syc,sex_m,ocu_skill_total,edu_aggregate_adv,2015,46.58
syc,sex_m,ocu_skill_total,edu_aggregate_adv,2016,46.26
syc,sex_m,ocu_skill_total,edu_aggregate_adv,2017,45.63
syc,sex_m,ocu_skill_total,edu_aggregate_adv,2018,45.49
syc,sex_m,ocu_skill_total,edu_aggregate_adv,2019,44.4
syc,sex_m,ocu_skill_total,edu_aggregate_adv,2020,42.98
syc,sex_m,ocu_skill_total,edu_aggregate_adv,2023,43.68
syc,sex_m,ocu_skill_total,edu_aggregate_adv,2024,43.08
syc,sex_m,ocu_skill_total,edu_aggregate_bas,2014,44.21
syc,sex_m,ocu_skill_total,edu_aggregate_bas,2015,45.53
syc,sex_m,ocu_skill_total,edu_aggregate_bas,2016,46.77
syc,sex_m,ocu_skill_total,edu_aggregate_bas,2017,46.27
syc,sex_m,ocu_skill_total,edu_aggregate_bas,2018,41.39
syc,sex_m,ocu_skill_total,edu_aggregate_bas,2019,43.7
syc,sex_m,ocu_skill_total,edu_aggregate_bas,2020,44.91
syc,sex_m,ocu_skill_total,edu_aggregate_bas,2023,40.31
syc,sex_m,ocu_skill_total,edu_aggregate_bas,2024,42.46
syc,sex_m,ocu_skill_total,edu_aggregate_int,2014,45.64
syc,sex_m,ocu_skill_total,edu_aggregate_int,2015,46.49
syc,sex_m,ocu_skill_total,edu_aggregate_int,2016,46.8
syc,sex_m,ocu_skill_total,edu_aggregate_int,2017,45.09
syc,sex_m,ocu_skill_total,edu_aggregate_int,2018,45.18
syc,sex_m,ocu_skill_total,edu_aggregate_int,2019,43.92
syc,sex_m,ocu_skill_total,edu_aggregate_int,2020,42.26
syc,sex_m,ocu_skill_total,edu_aggregate_int,2023,41.61
syc,sex_m,ocu_skill_total,edu_aggregate_int,2024,42.65
syc,sex_m,ocu_skill_total,edu_aggregate_ltb,2014,49.17
syc,sex_m,ocu_skill_total,edu_aggregate_ltb,2015,39.88
syc,sex_m,ocu_skill_total,edu_aggregate_ltb,2016,41.09
syc,sex_m,ocu_skill_total,edu_aggregate_ltb,2017,52.81
syc,sex_m,ocu_skill_total,edu_aggregate_ltb,2018,43.96
syc,sex_m,ocu_skill_total,edu_aggregate_ltb,2019,44.35
syc,sex_m,ocu_skill_total,edu_aggregate_ltb,2023,38.53
syc,sex_m,ocu_skill_total,edu_aggregate_ltb,2024,39.23
syc,sex_m,ocu_skill_total,edu_aggregate_total,2014,45.57
syc,sex_m,ocu_skill_total,edu_aggregate_total,2015,46.41
syc,sex_m,ocu_skill_total,edu_aggregate_total,2016,46.52
syc,sex_m,ocu_skill_total,edu_aggregate_total,2017,45.48
syc,sex_m,ocu_skill_total,edu_aggregate_total,2018,45.15
syc,sex_m,ocu_skill_total,edu_aggregate_total,2019,44.17
syc,sex_m,ocu_skill_total,edu_aggregate_total,2020,42.75
syc,sex_m,ocu_skill_total,edu_aggregate_total,2023,41.63
syc,sex_m,ocu_skill_total,edu_aggregate_total,2024,42.69
syc,sex_m,ocu_skill_total,edu_aggregate_x,2014,47.96
syc,sex_m,ocu_skill_total,edu_aggregate_x,2015,47.88
syc,sex_m,ocu_skill_total,edu_aggregate_x,2016,61.69
syc,sex_m,ocu_skill_total,edu_aggregate_x,2017,44.8
syc,sex_m,ocu_skill_total,edu_aggregate_x,2018,43.43
syc,sex_m,ocu_skill_total,edu_aggregate_x,2019,47.48
syc,sex_m,ocu_skill_total,edu_aggregate_x,2020,43.64
syc,sex_m,ocu_skill_total,edu_aggregate_x,2023,44.1
syc,sex_m,ocu_skill_total,edu_aggregate_x,2024,46.34
syc,sex_m,ocu_skill_total,edu_isced11_0,2023,39.68
syc,sex_m,ocu_skill_total,edu_isced11_0,2024,39.45
syc,sex_m,ocu_skill_total,edu_isced11_1,2023,39.14
syc,sex_m,ocu_skill_total,edu_isced11_1,2024,41.18
syc,sex_m,ocu_skill_total,edu_isced11_2,2023,41.03
syc,sex_m,ocu_skill_total,edu_isced11_2,2024,43.06
syc,sex_m,ocu_skill_total,edu_isced11_3,2023,41.56
syc,sex_m,ocu_skill_total,edu_isced11_3,2024,42.35
syc,sex_m,ocu_skill_total,edu_isced11_4,2023,41.93
syc,sex_m,ocu_skill_total,edu_isced11_4,2024,44.46
syc,sex_m,ocu_skill_total,edu_isced11_6,2023,43.07
syc,sex_m,ocu_skill_total,edu_isced11_6,2024,43.87
syc,sex_m,ocu_skill_total,edu_isced11_7,2023,44.54
syc,sex_m,ocu_skill_total,edu_isced11_7,2024,42.06
syc,sex_m,ocu_skill_total,edu_isced11_9,2023,44.1
syc,sex_m,ocu_skill_total,edu_isced11_9,2024,46.34
syc,sex_m,ocu_skill_total,edu_isced11_total,2023,41.63
syc,sex_m,ocu_skill_total,edu_isced11_total,2024,42.69
syc,sex_m,ocu_skill_total,edu_isced11_x,2023,36.8
syc,sex_m,ocu_skill_total,edu_isced11_x,2024,38.37
syc,sex_m,ocu_skill_x,edu_aggregate_adv,2014,55.66
syc,sex_m,ocu_skill_x,edu_aggregate_adv,2015,64.25
syc,sex_m,ocu_skill_x,edu_aggregate_adv,2016,54.55
syc,sex_m,ocu_skill_x,edu_aggregate_adv,2017,59.72
syc,sex_m,ocu_skill_x,edu_aggregate_adv,2018,50.76
syc,sex_m,ocu_skill_x,edu_aggregate_adv,2019,53.76
syc,sex_m,ocu_skill_x,edu_aggregate_adv,2020,59.25
syc,sex_m,ocu_skill_x,edu_aggregate_adv,2023,42.54
syc,sex_m,ocu_skill_x,edu_aggregate_adv,2024,42.35
syc,sex_m,ocu_skill_x,edu_aggregate_bas,2018,39.87
syc,sex_m,ocu_skill_x,edu_aggregate_bas,2023,25.66
syc,sex_m,ocu_skill_x,edu_aggregate_bas,2024,42.65
syc,sex_m,ocu_skill_x,edu_aggregate_int,2014,65.28
syc,sex_m,ocu_skill_x,edu_aggregate_int,2015,64.71
syc,sex_m,ocu_skill_x,edu_aggregate_int,2016,60.37
syc,sex_m,ocu_skill_x,edu_aggregate_int,2017,57.95
syc,sex_m,ocu_skill_x,edu_aggregate_int,2018,54.6
syc,sex_m,ocu_skill_x,edu_aggregate_int,2019,46.87
syc,sex_m,ocu_skill_x,edu_aggregate_int,2020,73.02
syc,sex_m,ocu_skill_x,edu_aggregate_int,2023,42.43
syc,sex_m,ocu_skill_x,edu_aggregate_int,2024,43.15
syc,sex_m,ocu_skill_x,edu_aggregate_ltb,2024,38.77
syc,sex_m,ocu_skill_x,edu_aggregate_total,2014,59.69
syc,sex_m,ocu_skill_x,edu_aggregate_total,2015,64.94
syc,sex_m,ocu_skill_x,edu_aggregate_total,2016,57.96
syc,sex_m,ocu_skill_x,edu_aggregate_total,2017,59.09
syc,sex_m,ocu_skill_x,edu_aggregate_total,2018,52.36
syc,sex_m,ocu_skill_x,edu_aggregate_total,2019,51.88
syc,sex_m,ocu_skill_x,edu_aggregate_total,2020,64.89
syc,sex_m,ocu_skill_x,edu_aggregate_total,2023,39.96
syc,sex_m,ocu_skill_x,edu_aggregate_total,2024,43.03
syc,sex_m,ocu_skill_x,edu_aggregate_x,2024,48.07
syc,sex_m,ocu_skill_x,edu_isced11_0,2024,38.82
syc,sex_m,ocu_skill_x,edu_isced11_1,2024,42.08
syc,sex_m,ocu_skill_x,edu_isced11_2,2023,27.85
syc,sex_m,ocu_skill_x,edu_isced11_2,2024,42.98
syc,sex_m,ocu_skill_x,edu_isced11_3,2023,42.48
syc,sex_m,ocu_skill_x,edu_isced11_3,2024,42.81
syc,sex_m,ocu_skill_x,edu_isced11_4,2023,41.88
syc,sex_m,ocu_skill_x,edu_isced11_4,2024,45.44
syc,sex_m,ocu_skill_x,edu_isced11_6,2024,42.86
syc,sex_m,ocu_skill_x,edu_isced11_7,2024,41.67
syc,sex_m,ocu_skill_x,edu_isced11_9,2024,48.07
syc,sex_m,ocu_skill_x,edu_isced11_total,2023,39.96
syc,sex_m,ocu_skill_x,edu_isced11_total,2024,43.03
syc,sex_t,ocu_isco08_0,edu_aggregate_adv,2014,62.41
syc,sex_t,ocu_isco08_0,edu_aggregate_adv,2015,63.49
syc,sex_t,ocu_isco08_0,edu_aggregate_adv,2016,61.96
syc,sex_t,ocu_isco08_0,edu_aggregate_adv,2017,60.57
syc,sex_t,ocu_isco08_0,edu_aggregate_adv,2018,75.54
syc,sex_t,ocu_isco08_0,edu_aggregate_adv,2019,57.99
syc,sex_t,ocu_isco08_0,edu_aggregate_adv,2020,59.69
syc,sex_t,ocu_isco08_0,edu_aggregate_int,2014,72.27
syc,sex_t,ocu_isco08_0,edu_aggregate_int,2015,63.85
syc,sex_t,ocu_isco08_0,edu_aggregate_int,2016,61.77
syc,sex_t,ocu_isco08_0,edu_aggregate_int,2017,57.95
syc,sex_t,ocu_isco08_0,edu_aggregate_int,2018,67.91
syc,sex_t,ocu_isco08_0,edu_aggregate_int,2019,48.95
syc,sex_t,ocu_isco08_0,edu_aggregate_int,2020,76.9
syc,sex_t,ocu_isco08_0,edu_aggregate_int,2023,53.1
syc,sex_t,ocu_isco08_0,edu_aggregate_int,2024,55.99
syc,sex_t,ocu_isco08_0,edu_aggregate_total,2014,66.5
syc,sex_t,ocu_isco08_0,edu_aggregate_total,2015,64.14
syc,sex_t,ocu_isco08_0,edu_aggregate_total,2016,61.85
syc,sex_t,ocu_isco08_0,edu_aggregate_total,2017,59.55
syc,sex_t,ocu_isco08_0,edu_aggregate_total,2018,70.51
syc,sex_t,ocu_isco08_0,edu_aggregate_total,2019,56.03
syc,sex_t,ocu_isco08_0,edu_aggregate_total,2020,62.79
syc,sex_t,ocu_isco08_0,edu_aggregate_total,2023,52.83
syc,sex_t,ocu_isco08_0,edu_aggregate_total,2024,53.52
syc,sex_t,ocu_isco08_0,edu_isced11_3,2023,53
syc,sex_t,ocu_isco08_0,edu_isced11_3,2024,56.37
syc,sex_t,ocu_isco08_0,edu_isced11_total,2023,52.83
syc,sex_t,ocu_isco08_0,edu_isced11_total,2024,53.52
syc,sex_t,ocu_isco08_1,edu_aggregate_adv,2014,46.55
syc,sex_t,ocu_isco08_1,edu_aggregate_adv,2015,47.53
syc,sex_t,ocu_isco08_1,edu_aggregate_adv,2016,48.52
syc,sex_t,ocu_isco08_1,edu_aggregate_adv,2017,45.25
syc,sex_t,ocu_isco08_1,edu_aggregate_adv,2018,45.45
syc,sex_t,ocu_isco08_1,edu_aggregate_adv,2019,45.45
syc,sex_t,ocu_isco08_1,edu_aggregate_adv,2020,42.46
syc,sex_t,ocu_isco08_1,edu_aggregate_adv,2023,44
syc,sex_t,ocu_isco08_1,edu_aggregate_adv,2024,48.73
syc,sex_t,ocu_isco08_1,edu_aggregate_bas,2014,49.59
syc,sex_t,ocu_isco08_1,edu_aggregate_bas,2015,57.23
syc,sex_t,ocu_isco08_1,edu_aggregate_bas,2016,49.71
syc,sex_t,ocu_isco08_1,edu_aggregate_bas,2017,51.59
syc,sex_t,ocu_isco08_1,edu_aggregate_bas,2018,46.87
syc,sex_t,ocu_isco08_1,edu_aggregate_bas,2019,40.67
syc,sex_t,ocu_isco08_1,edu_aggregate_bas,2020,48.09
syc,sex_t,ocu_isco08_1,edu_aggregate_bas,2023,38.97
syc,sex_t,ocu_isco08_1,edu_aggregate_bas,2024,43.95
syc,sex_t,ocu_isco08_1,edu_aggregate_int,2014,48.35
syc,sex_t,ocu_isco08_1,edu_aggregate_int,2015,48.9
syc,sex_t,ocu_isco08_1,edu_aggregate_int,2016,48.78
syc,sex_t,ocu_isco08_1,edu_aggregate_int,2017,50.7
syc,sex_t,ocu_isco08_1,edu_aggregate_int,2018,51.04
syc,sex_t,ocu_isco08_1,edu_aggregate_int,2019,48.32
syc,sex_t,ocu_isco08_1,edu_aggregate_int,2020,45.44
syc,sex_t,ocu_isco08_1,edu_aggregate_int,2023,42.42
syc,sex_t,ocu_isco08_1,edu_aggregate_int,2024,42.86
syc,sex_t,ocu_isco08_1,edu_aggregate_ltb,2014,56.56
syc,sex_t,ocu_isco08_1,edu_aggregate_total,2014,47.29
syc,sex_t,ocu_isco08_1,edu_aggregate_total,2015,48.13
syc,sex_t,ocu_isco08_1,edu_aggregate_total,2016,48.66
syc,sex_t,ocu_isco08_1,edu_aggregate_total,2017,46.85
syc,sex_t,ocu_isco08_1,edu_aggregate_total,2018,47.01
syc,sex_t,ocu_isco08_1,edu_aggregate_total,2019,46.09
syc,sex_t,ocu_isco08_1,edu_aggregate_total,2020,43.21
syc,sex_t,ocu_isco08_1,edu_aggregate_total,2023,42.52
syc,sex_t,ocu_isco08_1,edu_aggregate_total,2024,44.81
syc,sex_t,ocu_isco08_1,edu_aggregate_x,2014,48.86
syc,sex_t,ocu_isco08_1,edu_aggregate_x,2023,53.81
syc,sex_t,ocu_isco08_1,edu_aggregate_x,2024,60.07
syc,sex_t,ocu_isco08_1,edu_isced11_1,2023,40.55
syc,sex_t,ocu_isco08_1,edu_isced11_1,2024,50.69
syc,sex_t,ocu_isco08_1,edu_isced11_2,2023,38.26
syc,sex_t,ocu_isco08_1,edu_isced11_2,2024,40.03
syc,sex_t,ocu_isco08_1,edu_isced11_3,2023,42.48
syc,sex_t,ocu_isco08_1,edu_isced11_3,2024,41.9
syc,sex_t,ocu_isco08_1,edu_isced11_4,2023,42.28
syc,sex_t,ocu_isco08_1,edu_isced11_4,2024,45.07
syc,sex_t,ocu_isco08_1,edu_isced11_6,2023,43.16
syc,sex_t,ocu_isco08_1,edu_isced11_6,2024,51.22
syc,sex_t,ocu_isco08_1,edu_isced11_7,2023,45.17
syc,sex_t,ocu_isco08_1,edu_isced11_7,2024,44.54
syc,sex_t,ocu_isco08_1,edu_isced11_9,2023,53.81
syc,sex_t,ocu_isco08_1,edu_isced11_9,2024,60.07
syc,sex_t,ocu_isco08_1,edu_isced11_total,2023,42.52
syc,sex_t,ocu_isco08_1,edu_isced11_total,2024,44.81
syc,sex_t,ocu_isco08_2,edu_aggregate_adv,2014,38.51
syc,sex_t,ocu_isco08_2,edu_aggregate_adv,2015,38.8
syc,sex_t,ocu_isco08_2,edu_aggregate_adv,2016,39.12
syc,sex_t,ocu_isco08_2,edu_aggregate_adv,2017,37.45
syc,sex_t,ocu_isco08_2,edu_aggregate_adv,2018,38.16
syc,sex_t,ocu_isco08_2,edu_aggregate_adv,2019,37.77
syc,sex_t,ocu_isco08_2,edu_aggregate_adv,2020,38.36
syc,sex_t,ocu_isco08_2,edu_aggregate_adv,2023,39.26
syc,sex_t,ocu_isco08_2,edu_aggregate_adv,2024,36.42
syc,sex_t,ocu_isco08_2,edu_aggregate_bas,2016,30.45
syc,sex_t,ocu_isco08_2,edu_aggregate_bas,2019,30.63
syc,sex_t,ocu_isco08_2,edu_aggregate_bas,2023,35.95
syc,sex_t,ocu_isco08_2,edu_aggregate_int,2014,37.99
syc,sex_t,ocu_isco08_2,edu_aggregate_int,2015,38.61
syc,sex_t,ocu_isco08_2,edu_aggregate_int,2016,37.11
syc,sex_t,ocu_isco08_2,edu_aggregate_int,2017,32.57
syc,sex_t,ocu_isco08_2,edu_aggregate_int,2018,34.42
syc,sex_t,ocu_isco08_2,edu_aggregate_int,2019,38.57
syc,sex_t,ocu_isco08_2,edu_aggregate_int,2020,36.23
syc,sex_t,ocu_isco08_2,edu_aggregate_int,2023,36.81
syc,sex_t,ocu_isco08_2,edu_aggregate_int,2024,37.79
syc,sex_t,ocu_isco08_2,edu_aggregate_total,2014,38.37
syc,sex_t,ocu_isco08_2,edu_aggregate_total,2015,38.77
syc,sex_t,ocu_isco08_2,edu_aggregate_total,2016,38.77
syc,sex_t,ocu_isco08_2,edu_aggregate_total,2017,36.89
syc,sex_t,ocu_isco08_2,edu_aggregate_total,2018,37.64
syc,sex_t,ocu_isco08_2,edu_aggregate_total,2019,37.76
syc,sex_t,ocu_isco08_2,edu_aggregate_total,2020,38.05
syc,sex_t,ocu_isco08_2,edu_aggregate_total,2023,37.7
syc,sex_t,ocu_isco08_2,edu_aggregate_total,2024,37.2
syc,sex_t,ocu_isco08_2,edu_isced11_2,2023,37.66
syc,sex_t,ocu_isco08_2,edu_isced11_3,2023,36.57
syc,sex_t,ocu_isco08_2,edu_isced11_3,2024,39.09
syc,sex_t,ocu_isco08_2,edu_isced11_4,2023,37.08
syc,sex_t,ocu_isco08_2,edu_isced11_4,2024,36.39
syc,sex_t,ocu_isco08_2,edu_isced11_6,2023,38.89
syc,sex_t,ocu_isco08_2,edu_isced11_6,2024,36.43
syc,sex_t,ocu_isco08_2,edu_isced11_7,2023,39.84
syc,sex_t,ocu_isco08_2,edu_isced11_7,2024,36.39
syc,sex_t,ocu_isco08_2,edu_isced11_total,2023,37.7
syc,sex_t,ocu_isco08_2,edu_isced11_total,2024,37.2
syc,sex_t,ocu_isco08_3,edu_aggregate_adv,2014,40.98
syc,sex_t,ocu_isco08_3,edu_aggregate_adv,2015,41.82
syc,sex_t,ocu_isco08_3,edu_aggregate_adv,2016,41.33
syc,sex_t,ocu_isco08_3,edu_aggregate_adv,2017,41.62
syc,sex_t,ocu_isco08_3,edu_aggregate_adv,2018,41.69
syc,sex_t,ocu_isco08_3,edu_aggregate_adv,2019,40.2
syc,sex_t,ocu_isco08_3,edu_aggregate_adv,2020,38.22
syc,sex_t,ocu_isco08_3,edu_aggregate_adv,2023,36.88
syc,sex_t,ocu_isco08_3,edu_aggregate_adv,2024,41.68
syc,sex_t,ocu_isco08_3,edu_aggregate_bas,2014,43.12
syc,sex_t,ocu_isco08_3,edu_aggregate_bas,2015,39.75
syc,sex_t,ocu_isco08_3,edu_aggregate_bas,2016,51.79
syc,sex_t,ocu_isco08_3,edu_aggregate_bas,2017,36.19
syc,sex_t,ocu_isco08_3,edu_aggregate_bas,2023,36.54
syc,sex_t,ocu_isco08_3,edu_aggregate_bas,2024,39.85
syc,sex_t,ocu_isco08_3,edu_aggregate_int,2014,40.38
syc,sex_t,ocu_isco08_3,edu_aggregate_int,2015,41.57
syc,sex_t,ocu_isco08_3,edu_aggregate_int,2016,41.12
syc,sex_t,ocu_isco08_3,edu_aggregate_int,2017,39.5
syc,sex_t,ocu_isco08_3,edu_aggregate_int,2018,39.38
syc,sex_t,ocu_isco08_3,edu_aggregate_int,2019,39.67
syc,sex_t,ocu_isco08_3,edu_aggregate_int,2020,38.43
syc,sex_t,ocu_isco08_3,edu_aggregate_int,2023,38.38
syc,sex_t,ocu_isco08_3,edu_aggregate_int,2024,38.59
syc,sex_t,ocu_isco08_3,edu_aggregate_ltb,2014,43.87
syc,sex_t,ocu_isco08_3,edu_aggregate_total,2014,40.9
syc,sex_t,ocu_isco08_3,edu_aggregate_total,2015,41.69
syc,sex_t,ocu_isco08_3,edu_aggregate_total,2016,41.4
syc,sex_t,ocu_isco08_3,edu_aggregate_total,2017,41
syc,sex_t,ocu_isco08_3,edu_aggregate_total,2018,41.14
syc,sex_t,ocu_isco08_3,edu_aggregate_total,2019,40.09
syc,sex_t,ocu_isco08_3,edu_aggregate_total,2020,38.29
syc,sex_t,ocu_isco08_3,edu_aggregate_total,2023,38.22
syc,sex_t,ocu_isco08_3,edu_aggregate_total,2024,38.91
syc,sex_t,ocu_isco08_3,edu_aggregate_x,2023,51.58
syc,sex_t,ocu_isco08_3,edu_aggregate_x,2024,38.22
syc,sex_t,ocu_isco08_3,edu_isced11_1,2023,40.13
syc,sex_t,ocu_isco08_3,edu_isced11_2,2023,35.28
syc,sex_t,ocu_isco08_3,edu_isced11_2,2024,39.28
syc,sex_t,ocu_isco08_3,edu_isced11_3,2023,38.92
syc,sex_t,ocu_isco08_3,edu_isced11_3,2024,38.72
syc,sex_t,ocu_isco08_3,edu_isced11_4,2023,36.94
syc,sex_t,ocu_isco08_3,edu_isced11_4,2024,38.2
syc,sex_t,ocu_isco08_3,edu_isced11_6,2023,41.32
syc,sex_t,ocu_isco08_3,edu_isced11_6,2024,43.42
syc,sex_t,ocu_isco08_3,edu_isced11_7,2023,32.99
syc,sex_t,ocu_isco08_3,edu_isced11_7,2024,40.14
syc,sex_t,ocu_isco08_3,edu_isced11_9,2023,51.58
syc,sex_t,ocu_isco08_3,edu_isced11_9,2024,38.22
syc,sex_t,ocu_isco08_3,edu_isced11_total,2023,38.22
syc,sex_t,ocu_isco08_3,edu_isced11_total,2024,38.91
syc,sex_t,ocu_isco08_4,edu_aggregate_adv,2014,40.45
syc,sex_t,ocu_isco08_4,edu_aggregate_adv,2015,40.11
syc,sex_t,ocu_isco08_4,edu_aggregate_adv,2016,40.41
syc,sex_t,ocu_isco08_4,edu_aggregate_adv,2017,38.93
syc,sex_t,ocu_isco08_4,edu_aggregate_adv,2018,39.37
syc,sex_t,ocu_isco08_4,edu_aggregate_adv,2019,38.94
syc,sex_t,ocu_isco08_4,edu_aggregate_adv,2020,39.88
syc,sex_t,ocu_isco08_4,edu_aggregate_adv,2023,35.94
syc,sex_t,ocu_isco08_4,edu_aggregate_adv,2024,32.84
syc,sex_t,ocu_isco08_4,edu_aggregate_bas,2014,35.35
syc,sex_t,ocu_isco08_4,edu_aggregate_bas,2023,40.29
syc,sex_t,ocu_isco08_4,edu_aggregate_bas,2024,36.81
syc,sex_t,ocu_isco08_4,edu_aggregate_int,2014,42.13
syc,sex_t,ocu_isco08_4,edu_aggregate_int,2015,40.88
syc,sex_t,ocu_isco08_4,edu_aggregate_int,2016,40.19
syc,sex_t,ocu_isco08_4,edu_aggregate_int,2017,38.66
syc,sex_t,ocu_isco08_4,edu_aggregate_int,2018,39.15
syc,sex_t,ocu_isco08_4,edu_aggregate_int,2019,38.4
syc,sex_t,ocu_isco08_4,edu_aggregate_int,2020,38.79
syc,sex_t,ocu_isco08_4,edu_aggregate_int,2023,39.23
syc,sex_t,ocu_isco08_4,edu_aggregate_int,2024,39.47
syc,sex_t,ocu_isco08_4,edu_aggregate_total,2014,40.89
syc,sex_t,ocu_isco08_4,edu_aggregate_total,2015,40.4
syc,sex_t,ocu_isco08_4,edu_aggregate_total,2016,40.28
syc,sex_t,ocu_isco08_4,edu_aggregate_total,2017,38.79
syc,sex_t,ocu_isco08_4,edu_aggregate_total,2018,39.27
syc,sex_t,ocu_isco08_4,edu_aggregate_total,2019,38.72
syc,sex_t,ocu_isco08_4,edu_aggregate_total,2020,39.52
syc,sex_t,ocu_isco08_4,edu_aggregate_total,2023,39.23
syc,sex_t,ocu_isco08_4,edu_aggregate_total,2024,39.1
syc,sex_t,ocu_isco08_4,edu_isced11_1,2023,35.35
syc,sex_t,ocu_isco08_4,edu_isced11_2,2023,41.48
syc,sex_t,ocu_isco08_4,edu_isced11_2,2024,36.65
syc,sex_t,ocu_isco08_4,edu_isced11_3,2023,39.13
syc,sex_t,ocu_isco08_4,edu_isced11_3,2024,39.4
syc,sex_t,ocu_isco08_4,edu_isced11_4,2023,39.67
syc,sex_t,ocu_isco08_4,edu_isced11_4,2024,39.85
syc,sex_t,ocu_isco08_4,edu_isced11_6,2023,32.67
syc,sex_t,ocu_isco08_4,edu_isced11_7,2023,37.7
syc,sex_t,ocu_isco08_4,edu_isced11_total,2023,39.23
syc,sex_t,ocu_isco08_4,edu_isced11_total,2024,39.1
syc,sex_t,ocu_isco08_5,edu_aggregate_adv,2014,46.17
syc,sex_t,ocu_isco08_5,edu_aggregate_adv,2015,44.93
syc,sex_t,ocu_isco08_5,edu_aggregate_adv,2016,45.67
syc,sex_t,ocu_isco08_5,edu_aggregate_adv,2017,45.35
syc,sex_t,ocu_isco08_5,edu_aggregate_adv,2018,45.09
syc,sex_t,ocu_isco08_5,edu_aggregate_adv,2019,44.09
syc,sex_t,ocu_isco08_5,edu_aggregate_adv,2020,42.69
syc,sex_t,ocu_isco08_5,edu_aggregate_adv,2023,39.79
syc,sex_t,ocu_isco08_5,edu_aggregate_adv,2024,48.8
syc,sex_t,ocu_isco08_5,edu_aggregate_bas,2014,45.98
syc,sex_t,ocu_isco08_5,edu_aggregate_bas,2015,43.94
syc,sex_t,ocu_isco08_5,edu_aggregate_bas,2016,46.75
syc,sex_t,ocu_isco08_5,edu_aggregate_bas,2017,44.12
syc,sex_t,ocu_isco08_5,edu_aggregate_bas,2018,43.92
syc,sex_t,ocu_isco08_5,edu_aggregate_bas,2019,44.68
syc,sex_t,ocu_isco08_5,edu_aggregate_bas,2020,41.03
syc,sex_t,ocu_isco08_5,edu_aggregate_bas,2023,40.69
syc,sex_t,ocu_isco08_5,edu_aggregate_bas,2024,40.66
syc,sex_t,ocu_isco08_5,edu_aggregate_int,2014,44.57
syc,sex_t,ocu_isco08_5,edu_aggregate_int,2015,44.33
syc,sex_t,ocu_isco08_5,edu_aggregate_int,2016,44.97
syc,sex_t,ocu_isco08_5,edu_aggregate_int,2017,42.41
syc,sex_t,ocu_isco08_5,edu_aggregate_int,2018,44.11
syc,sex_t,ocu_isco08_5,edu_aggregate_int,2019,43.01
syc,sex_t,ocu_isco08_5,edu_aggregate_int,2020,42.21
syc,sex_t,ocu_isco08_5,edu_aggregate_int,2023,42.5
syc,sex_t,ocu_isco08_5,edu_aggregate_int,2024,42.29
syc,sex_t,ocu_isco08_5,edu_aggregate_ltb,2014,50.68
syc,sex_t,ocu_isco08_5,edu_aggregate_ltb,2015,52.91
syc,sex_t,ocu_isco08_5,edu_aggregate_ltb,2016,38.79
syc,sex_t,ocu_isco08_5,edu_aggregate_ltb,2019,42.23
syc,sex_t,ocu_isco08_5,edu_aggregate_ltb,2020,41.87
syc,sex_t,ocu_isco08_5,edu_aggregate_ltb,2023,42
syc,sex_t,ocu_isco08_5,edu_aggregate_ltb,2024,39.57
syc,sex_t,ocu_isco08_5,edu_aggregate_total,2014,45.33
syc,sex_t,ocu_isco08_5,edu_aggregate_total,2015,44.6
syc,sex_t,ocu_isco08_5,edu_aggregate_total,2016,45.35
syc,sex_t,ocu_isco08_5,edu_aggregate_total,2017,43.46
syc,sex_t,ocu_isco08_5,edu_aggregate_total,2018,44.41
syc,sex_t,ocu_isco08_5,edu_aggregate_total,2019,43.5
syc,sex_t,ocu_isco08_5,edu_aggregate_total,2020,42.3
syc,sex_t,ocu_isco08_5,edu_aggregate_total,2023,42.06
syc,sex_t,ocu_isco08_5,edu_aggregate_total,2024,42.02
syc,sex_t,ocu_isco08_5,edu_aggregate_x,2014,44.28
syc,sex_t,ocu_isco08_5,edu_aggregate_x,2015,53.21
syc,sex_t,ocu_isco08_5,edu_aggregate_x,2017,52.08
syc,sex_t,ocu_isco08_5,edu_aggregate_x,2019,49.91
syc,sex_t,ocu_isco08_5,edu_aggregate_x,2020,32.87
syc,sex_t,ocu_isco08_5,edu_aggregate_x,2023,43.39
syc,sex_t,ocu_isco08_5,edu_aggregate_x,2024,38.65
syc,sex_t,ocu_isco08_5,edu_isced11_0,2023,41.57
syc,sex_t,ocu_isco08_5,edu_isced11_1,2023,39.57
syc,sex_t,ocu_isco08_5,edu_isced11_1,2024,38.43
syc,sex_t,ocu_isco08_5,edu_isced11_2,2023,41.25
syc,sex_t,ocu_isco08_5,edu_isced11_2,2024,41.38
syc,sex_t,ocu_isco08_5,edu_isced11_3,2023,42.54
syc,sex_t,ocu_isco08_5,edu_isced11_3,2024,42.13
syc,sex_t,ocu_isco08_5,edu_isced11_4,2023,42.12
syc,sex_t,ocu_isco08_5,edu_isced11_4,2024,43.94
syc,sex_t,ocu_isco08_5,edu_isced11_6,2023,43.03
syc,sex_t,ocu_isco08_5,edu_isced11_7,2023,37.43
syc,sex_t,ocu_isco08_5,edu_isced11_7,2024,51.67
syc,sex_t,ocu_isco08_5,edu_isced11_9,2023,43.39
syc,sex_t,ocu_isco08_5,edu_isced11_9,2024,38.65
syc,sex_t,ocu_isco08_5,edu_isced11_total,2023,42.06
syc,sex_t,ocu_isco08_5,edu_isced11_total,2024,42.02
syc,sex_t,ocu_isco08_6,edu_aggregate_adv,2014,42.55
syc,sex_t,ocu_isco08_6,edu_aggregate_adv,2015,47.6
syc,sex_t,ocu_isco08_6,edu_aggregate_adv,2016,52.05
syc,sex_t,ocu_isco08_6,edu_aggregate_adv,2017,49.46
syc,sex_t,ocu_isco08_6,edu_aggregate_adv,2018,45.81
syc,sex_t,ocu_isco08_6,edu_aggregate_adv,2019,45.35
syc,sex_t,ocu_isco08_6,edu_aggregate_adv,2020,42.89
syc,sex_t,ocu_isco08_6,edu_aggregate_bas,2014,43.48
syc,sex_t,ocu_isco08_6,edu_aggregate_bas,2015,40.36
syc,sex_t,ocu_isco08_6,edu_aggregate_bas,2016,48.69
syc,sex_t,ocu_isco08_6,edu_aggregate_bas,2017,41.28
syc,sex_t,ocu_isco08_6,edu_aggregate_bas,2018,41.91
syc,sex_t,ocu_isco08_6,edu_aggregate_bas,2019,35.24
syc,sex_t,ocu_isco08_6,edu_aggregate_bas,2020,50.02
syc,sex_t,ocu_isco08_6,edu_aggregate_bas,2023,35.69
syc,sex_t,ocu_isco08_6,edu_aggregate_bas,2024,44.54
syc,sex_t,ocu_isco08_6,edu_aggregate_int,2014,45.16
syc,sex_t,ocu_isco08_6,edu_aggregate_int,2015,48.22
syc,sex_t,ocu_isco08_6,edu_aggregate_int,2016,49.69
syc,sex_t,ocu_isco08_6,edu_aggregate_int,2017,47.54
syc,sex_t,ocu_isco08_6,edu_aggregate_int,2018,43.65
syc,sex_t,ocu_isco08_6,edu_aggregate_int,2019,41.97
syc,sex_t,ocu_isco08_6,edu_aggregate_int,2020,39.47
syc,sex_t,ocu_isco08_6,edu_aggregate_int,2023,39.77
syc,sex_t,ocu_isco08_6,edu_aggregate_int,2024,36.99
syc,sex_t,ocu_isco08_6,edu_aggregate_ltb,2014,48.19
syc,sex_t,ocu_isco08_6,edu_aggregate_ltb,2015,37.25
syc,sex_t,ocu_isco08_6,edu_aggregate_ltb,2016,42.56
syc,sex_t,ocu_isco08_6,edu_aggregate_ltb,2017,80.33
syc,sex_t,ocu_isco08_6,edu_aggregate_ltb,2019,45.92
syc,sex_t,ocu_isco08_6,edu_aggregate_ltb,2024,39.15
syc,sex_t,ocu_isco08_6,edu_aggregate_total,2014,44.15
syc,sex_t,ocu_isco08_6,edu_aggregate_total,2015,46.13
syc,sex_t,ocu_isco08_6,edu_aggregate_total,2016,50.05
syc,sex_t,ocu_isco08_6,edu_aggregate_total,2017,47.83
syc,sex_t,ocu_isco08_6,edu_aggregate_total,2018,44.17
syc,sex_t,ocu_isco08_6,edu_aggregate_total,2019,42.12
syc,sex_t,ocu_isco08_6,edu_aggregate_total,2020,41.75
syc,sex_t,ocu_isco08_6,edu_aggregate_total,2023,38.01
syc,sex_t,ocu_isco08_6,edu_aggregate_total,2024,39.19
syc,sex_t,ocu_isco08_6,edu_aggregate_x,2014,32.26
syc,sex_t,ocu_isco08_6,edu_aggregate_x,2020,32.56
syc,sex_t,ocu_isco08_6,edu_aggregate_x,2023,30.87
syc,sex_t,ocu_isco08_6,edu_isced11_0,2024,41.26
syc,sex_t,ocu_isco08_6,edu_isced11_1,2023,26.4
syc,sex_t,ocu_isco08_6,edu_isced11_1,2024,48.53
syc,sex_t,ocu_isco08_6,edu_isced11_2,2023,39.68
syc,sex_t,ocu_isco08_6,edu_isced11_2,2024,42.14
syc,sex_t,ocu_isco08_6,edu_isced11_3,2023,39.57
syc,sex_t,ocu_isco08_6,edu_isced11_3,2024,37
syc,sex_t,ocu_isco08_6,edu_isced11_4,2023,43.72
syc,sex_t,ocu_isco08_6,edu_isced11_9,2023,30.87
syc,sex_t,ocu_isco08_6,edu_isced11_total,2023,38.01
syc,sex_t,ocu_isco08_6,edu_isced11_total,2024,39.19
syc,sex_t,ocu_isco08_7,edu_aggregate_adv,2014,43.92
syc,sex_t,ocu_isco08_7,edu_aggregate_adv,2015,44.91
syc,sex_t,ocu_isco08_7,edu_aggregate_adv,2016,43.66
syc,sex_t,ocu_isco08_7,edu_aggregate_adv,2017,42.62
syc,sex_t,ocu_isco08_7,edu_aggregate_adv,2018,43.96
syc,sex_t,ocu_isco08_7,edu_aggregate_adv,2019,42.61
syc,sex_t,ocu_isco08_7,edu_aggregate_adv,2020,41.31
syc,sex_t,ocu_isco08_7,edu_aggregate_adv,2023,37.27
syc,sex_t,ocu_isco08_7,edu_aggregate_adv,2024,41.88
syc,sex_t,ocu_isco08_7,edu_aggregate_bas,2014,39.76
syc,sex_t,ocu_isco08_7,edu_aggregate_bas,2015,43.28
syc,sex_t,ocu_isco08_7,edu_aggregate_bas,2016,42.03
syc,sex_t,ocu_isco08_7,edu_aggregate_bas,2017,42.03
syc,sex_t,ocu_isco08_7,edu_aggregate_bas,2018,43.88
syc,sex_t,ocu_isco08_7,edu_aggregate_bas,2019,40.46
syc,sex_t,ocu_isco08_7,edu_aggregate_bas,2020,39.12
syc,sex_t,ocu_isco08_7,edu_aggregate_bas,2023,39.74
syc,sex_t,ocu_isco08_7,edu_aggregate_bas,2024,40.44
syc,sex_t,ocu_isco08_7,edu_aggregate_int,2014,42.92
syc,sex_t,ocu_isco08_7,edu_aggregate_int,2015,45.4
syc,sex_t,ocu_isco08_7,edu_aggregate_int,2016,44.81
syc,sex_t,ocu_isco08_7,edu_aggregate_int,2017,42.54
syc,sex_t,ocu_isco08_7,edu_aggregate_int,2018,44.01
syc,sex_t,ocu_isco08_7,edu_aggregate_int,2019,41.34
syc,sex_t,ocu_isco08_7,edu_aggregate_int,2020,41.03
syc,sex_t,ocu_isco08_7,edu_aggregate_int,2023,40.28
syc,sex_t,ocu_isco08_7,edu_aggregate_int,2024,41.38
syc,sex_t,ocu_isco08_7,edu_aggregate_ltb,2014,46.18
syc,sex_t,ocu_isco08_7,edu_aggregate_ltb,2016,42.85
syc,sex_t,ocu_isco08_7,edu_aggregate_ltb,2017,34.73
syc,sex_t,ocu_isco08_7,edu_aggregate_ltb,2019,48.72
syc,sex_t,ocu_isco08_7,edu_aggregate_ltb,2023,33.99
syc,sex_t,ocu_isco08_7,edu_aggregate_total,2014,42.97
syc,sex_t,ocu_isco08_7,edu_aggregate_total,2015,45.04
syc,sex_t,ocu_isco08_7,edu_aggregate_total,2016,44.05
syc,sex_t,ocu_isco08_7,edu_aggregate_total,2017,42.49
syc,sex_t,ocu_isco08_7,edu_aggregate_total,2018,43.96
syc,sex_t,ocu_isco08_7,edu_aggregate_total,2019,42.03
syc,sex_t,ocu_isco08_7,edu_aggregate_total,2020,41.13
syc,sex_t,ocu_isco08_7,edu_aggregate_total,2023,39.98
syc,sex_t,ocu_isco08_7,edu_aggregate_total,2024,41.26
syc,sex_t,ocu_isco08_7,edu_aggregate_x,2014,41.05
syc,sex_t,ocu_isco08_7,edu_aggregate_x,2020,45.8
syc,sex_t,ocu_isco08_7,edu_aggregate_x,2023,41.75
syc,sex_t,ocu_isco08_7,edu_aggregate_x,2024,45.51
syc,sex_t,ocu_isco08_7,edu_isced11_0,2023,27.63
syc,sex_t,ocu_isco08_7,edu_isced11_1,2023,41.33
syc,sex_t,ocu_isco08_7,edu_isced11_1,2024,34.15
syc,sex_t,ocu_isco08_7,edu_isced11_2,2023,38.38
syc,sex_t,ocu_isco08_7,edu_isced11_2,2024,42.01
syc,sex_t,ocu_isco08_7,edu_isced11_3,2023,39.73
syc,sex_t,ocu_isco08_7,edu_isced11_3,2024,40.95
syc,sex_t,ocu_isco08_7,edu_isced11_4,2023,46.98
syc,sex_t,ocu_isco08_7,edu_isced11_4,2024,44.27
syc,sex_t,ocu_isco08_7,edu_isced11_6,2023,36.8
syc,sex_t,ocu_isco08_7,edu_isced11_6,2024,44.94
syc,sex_t,ocu_isco08_7,edu_isced11_7,2023,37.98
syc,sex_t,ocu_isco08_7,edu_isced11_9,2023,41.75
syc,sex_t,ocu_isco08_7,edu_isced11_9,2024,45.51
syc,sex_t,ocu_isco08_7,edu_isced11_total,2023,39.98
syc,sex_t,ocu_isco08_7,edu_isced11_total,2024,41.26
syc,sex_t,ocu_isco08_8,edu_aggregate_adv,2014,49.03
syc,sex_t,ocu_isco08_8,edu_aggregate_adv,2015,52.81
syc,sex_t,ocu_isco08_8,edu_aggregate_adv,2016,50.65
syc,sex_t,ocu_isco08_8,edu_aggregate_adv,2017,50.93
syc,sex_t,ocu_isco08_8,edu_aggregate_adv,2018,48.08
syc,sex_t,ocu_isco08_8,edu_aggregate_adv,2019,47.53
syc,sex_t,ocu_isco08_8,edu_aggregate_adv,2020,46.82
syc,sex_t,ocu_isco08_8,edu_aggregate_adv,2023,42.83
syc,sex_t,ocu_isco08_8,edu_aggregate_bas,2014,48.52
syc,sex_t,ocu_isco08_8,edu_aggregate_bas,2015,47.47
syc,sex_t,ocu_isco08_8,edu_aggregate_bas,2016,49.24
syc,sex_t,ocu_isco08_8,edu_aggregate_bas,2017,52.61
syc,sex_t,ocu_isco08_8,edu_aggregate_bas,2018,41.95
syc,sex_t,ocu_isco08_8,edu_aggregate_bas,2019,43
syc,sex_t,ocu_isco08_8,edu_aggregate_bas,2020,45.33
syc,sex_t,ocu_isco08_8,edu_aggregate_bas,2023,45.11
syc,sex_t,ocu_isco08_8,edu_aggregate_bas,2024,45.19
syc,sex_t,ocu_isco08_8,edu_aggregate_int,2014,46.44
syc,sex_t,ocu_isco08_8,edu_aggregate_int,2015,48.78
syc,sex_t,ocu_isco08_8,edu_aggregate_int,2016,47.18
syc,sex_t,ocu_isco08_8,edu_aggregate_int,2017,46.91
syc,sex_t,ocu_isco08_8,edu_aggregate_int,2018,47.79
syc,sex_t,ocu_isco08_8,edu_aggregate_int,2019,46.31
syc,sex_t,ocu_isco08_8,edu_aggregate_int,2020,44.31
syc,sex_t,ocu_isco08_8,edu_aggregate_int,2023,42.74
syc,sex_t,ocu_isco08_8,edu_aggregate_int,2024,41.89
syc,sex_t,ocu_isco08_8,edu_aggregate_ltb,2019,41.15
syc,sex_t,ocu_isco08_8,edu_aggregate_ltb,2023,41.54
syc,sex_t,ocu_isco08_8,edu_aggregate_total,2014,47.8
syc,sex_t,ocu_isco08_8,edu_aggregate_total,2015,49.97
syc,sex_t,ocu_isco08_8,edu_aggregate_total,2016,48.51
syc,sex_t,ocu_isco08_8,edu_aggregate_total,2017,48.74
syc,sex_t,ocu_isco08_8,edu_aggregate_total,2018,47.56
syc,sex_t,ocu_isco08_8,edu_aggregate_total,2019,46.56
syc,sex_t,ocu_isco08_8,edu_aggregate_total,2020,45.39
syc,sex_t,ocu_isco08_8,edu_aggregate_total,2023,43.36
syc,sex_t,ocu_isco08_8,edu_aggregate_total,2024,43.46
syc,sex_t,ocu_isco08_8,edu_aggregate_x,2014,64.25
syc,sex_t,ocu_isco08_8,edu_aggregate_x,2020,43.83
syc,sex_t,ocu_isco08_8,edu_aggregate_x,2023,54.16
syc,sex_t,ocu_isco08_8,edu_aggregate_x,2024,59.64
syc,sex_t,ocu_isco08_8,edu_isced11_0,2023,45.23
syc,sex_t,ocu_isco08_8,edu_isced11_1,2023,40.43
syc,sex_t,ocu_isco08_8,edu_isced11_1,2024,37.32
syc,sex_t,ocu_isco08_8,edu_isced11_2,2023,47.56
syc,sex_t,ocu_isco08_8,edu_isced11_2,2024,49.37
syc,sex_t,ocu_isco08_8,edu_isced11_3,2023,42.71
syc,sex_t,ocu_isco08_8,edu_isced11_3,2024,41.91
syc,sex_t,ocu_isco08_8,edu_isced11_4,2023,43.55
syc,sex_t,ocu_isco08_8,edu_isced11_4,2024,41.59
syc,sex_t,ocu_isco08_8,edu_isced11_7,2023,43.47
syc,sex_t,ocu_isco08_8,edu_isced11_9,2023,54.16
syc,sex_t,ocu_isco08_8,edu_isced11_9,2024,59.64
syc,sex_t,ocu_isco08_8,edu_isced11_total,2023,43.36
syc,sex_t,ocu_isco08_8,edu_isced11_total,2024,43.46
syc,sex_t,ocu_isco08_9,edu_aggregate_adv,2014,40.71
syc,sex_t,ocu_isco08_9,edu_aggregate_adv,2015,41.27
syc,sex_t,ocu_isco08_9,edu_aggregate_adv,2016,42.64
syc,sex_t,ocu_isco08_9,edu_aggregate_adv,2017,42.1
syc,sex_t,ocu_isco08_9,edu_aggregate_adv,2018,40.18
syc,sex_t,ocu_isco08_9,edu_aggregate_adv,2019,41.37
syc,sex_t,ocu_isco08_9,edu_aggregate_adv,2020,39.91
syc,sex_t,ocu_isco08_9,edu_aggregate_adv,2023,46.4
syc,sex_t,ocu_isco08_9,edu_aggregate_bas,2014,36.23
syc,sex_t,ocu_isco08_9,edu_aggregate_bas,2015,38.31
syc,sex_t,ocu_isco08_9,edu_aggregate_bas,2016,38.3
syc,sex_t,ocu_isco08_9,edu_aggregate_bas,2017,37.78
syc,sex_t,ocu_isco08_9,edu_aggregate_bas,2018,35.06
syc,sex_t,ocu_isco08_9,edu_aggregate_bas,2019,38.82
syc,sex_t,ocu_isco08_9,edu_aggregate_bas,2020,34.51
syc,sex_t,ocu_isco08_9,edu_aggregate_bas,2023,35.81
syc,sex_t,ocu_isco08_9,edu_aggregate_bas,2024,35.51
syc,sex_t,ocu_isco08_9,edu_aggregate_int,2014,39
syc,sex_t,ocu_isco08_9,edu_aggregate_int,2015,38.06
syc,sex_t,ocu_isco08_9,edu_aggregate_int,2016,39.61
syc,sex_t,ocu_isco08_9,edu_aggregate_int,2017,38.29
syc,sex_t,ocu_isco08_9,edu_aggregate_int,2018,38.24
syc,sex_t,ocu_isco08_9,edu_aggregate_int,2019,37.68
syc,sex_t,ocu_isco08_9,edu_aggregate_int,2020,37.36
syc,sex_t,ocu_isco08_9,edu_aggregate_int,2023,38.06
syc,sex_t,ocu_isco08_9,edu_aggregate_int,2024,38.67
syc,sex_t,ocu_isco08_9,edu_aggregate_ltb,2014,39.11
syc,sex_t,ocu_isco08_9,edu_aggregate_ltb,2015,34
syc,sex_t,ocu_isco08_9,edu_aggregate_ltb,2016,31.8
syc,sex_t,ocu_isco08_9,edu_aggregate_ltb,2017,36.87
syc,sex_t,ocu_isco08_9,edu_aggregate_ltb,2019,38.57
syc,sex_t,ocu_isco08_9,edu_aggregate_ltb,2023,29.17
syc,sex_t,ocu_isco08_9,edu_aggregate_ltb,2024,36.99
syc,sex_t,ocu_isco08_9,edu_aggregate_total,2014,38.82
syc,sex_t,ocu_isco08_9,edu_aggregate_total,2015,38.65
syc,sex_t,ocu_isco08_9,edu_aggregate_total,2016,39.85
syc,sex_t,ocu_isco08_9,edu_aggregate_total,2017,39.14
syc,sex_t,ocu_isco08_9,edu_aggregate_total,2018,38.38
syc,sex_t,ocu_isco08_9,edu_aggregate_total,2019,38.63
syc,sex_t,ocu_isco08_9,edu_aggregate_total,2020,37.7
syc,sex_t,ocu_isco08_9,edu_aggregate_total,2023,37.23
syc,sex_t,ocu_isco08_9,edu_aggregate_total,2024,37.83
syc,sex_t,ocu_isco08_9,edu_aggregate_x,2014,39.61
syc,sex_t,ocu_isco08_9,edu_aggregate_x,2019,42.19
syc,sex_t,ocu_isco08_9,edu_aggregate_x,2023,38.63
syc,sex_t,ocu_isco08_9,edu_aggregate_x,2024,42.92
syc,sex_t,ocu_isco08_9,edu_isced11_0,2023,27.72
syc,sex_t,ocu_isco08_9,edu_isced11_0,2024,37.05
syc,sex_t,ocu_isco08_9,edu_isced11_1,2023,36.24
syc,sex_t,ocu_isco08_9,edu_isced11_1,2024,35.76
syc,sex_t,ocu_isco08_9,edu_isced11_2,2023,35.55
syc,sex_t,ocu_isco08_9,edu_isced11_2,2024,35.35
syc,sex_t,ocu_isco08_9,edu_isced11_3,2023,38.1
syc,sex_t,ocu_isco08_9,edu_isced11_3,2024,38.58
syc,sex_t,ocu_isco08_9,edu_isced11_4,2023,36.93
syc,sex_t,ocu_isco08_9,edu_isced11_4,2024,40.7
syc,sex_t,ocu_isco08_9,edu_isced11_9,2023,38.63
syc,sex_t,ocu_isco08_9,edu_isced11_9,2024,42.92
syc,sex_t,ocu_isco08_9,edu_isced11_total,2023,37.23
syc,sex_t,ocu_isco08_9,edu_isced11_total,2024,37.83
syc,sex_t,ocu_isco08_9,edu_isced11_x,2023,33.08
syc,sex_t,ocu_isco08_total,edu_aggregate_adv,2014,42.94
syc,sex_t,ocu_isco08_total,edu_aggregate_adv,2015,43.38
syc,sex_t,ocu_isco08_total,edu_aggregate_adv,2016,43.58
syc,sex_t,ocu_isco08_total,edu_aggregate_adv,2017,42.58
syc,sex_t,ocu_isco08_total,edu_aggregate_adv,2018,42.46
syc,sex_t,ocu_isco08_total,edu_aggregate_adv,2019,41.94
syc,sex_t,ocu_isco08_total,edu_aggregate_adv,2020,40.83
syc,sex_t,ocu_isco08_total,edu_aggregate_adv,2023,40.12
syc,sex_t,ocu_isco08_total,edu_aggregate_adv,2024,41.29
syc,sex_t,ocu_isco08_total,edu_aggregate_bas,2014,42.22
syc,sex_t,ocu_isco08_total,edu_aggregate_bas,2015,42.47
syc,sex_t,ocu_isco08_total,edu_aggregate_bas,2016,44.02
syc,sex_t,ocu_isco08_total,edu_aggregate_bas,2017,42.41
syc,sex_t,ocu_isco08_total,edu_aggregate_bas,2018,40.82
syc,sex_t,ocu_isco08_total,edu_aggregate_bas,2019,41.52
syc,sex_t,ocu_isco08_total,edu_aggregate_bas,2020,41.01
syc,sex_t,ocu_isco08_total,edu_aggregate_bas,2023,38.93
syc,sex_t,ocu_isco08_total,edu_aggregate_bas,2024,40.35
syc,sex_t,ocu_isco08_total,edu_aggregate_int,2014,43.16
syc,sex_t,ocu_isco08_total,edu_aggregate_int,2015,43.75
syc,sex_t,ocu_isco08_total,edu_aggregate_int,2016,43.74
syc,sex_t,ocu_isco08_total,edu_aggregate_int,2017,42.04
syc,sex_t,ocu_isco08_total,edu_aggregate_int,2018,42.76
syc,sex_t,ocu_isco08_total,edu_aggregate_int,2019,41.73
syc,sex_t,ocu_isco08_total,edu_aggregate_int,2020,40.61
syc,sex_t,ocu_isco08_total,edu_aggregate_int,2023,40.18
syc,sex_t,ocu_isco08_total,edu_aggregate_int,2024,41.05
syc,sex_t,ocu_isco08_total,edu_aggregate_ltb,2014,47.43
syc,sex_t,ocu_isco08_total,edu_aggregate_ltb,2015,42.53
syc,sex_t,ocu_isco08_total,edu_aggregate_ltb,2016,37.54
syc,sex_t,ocu_isco08_total,edu_aggregate_ltb,2017,46.99
syc,sex_t,ocu_isco08_total,edu_aggregate_ltb,2018,39.51
syc,sex_t,ocu_isco08_total,edu_aggregate_ltb,2019,43.47
syc,sex_t,ocu_isco08_total,edu_aggregate_ltb,2020,37.46
syc,sex_t,ocu_isco08_total,edu_aggregate_ltb,2023,35.34
syc,sex_t,ocu_isco08_total,edu_aggregate_ltb,2024,38.62
syc,sex_t,ocu_isco08_total,edu_aggregate_total,2014,43.03
syc,sex_t,ocu_isco08_total,edu_aggregate_total,2015,43.51
syc,sex_t,ocu_isco08_total,edu_aggregate_total,2016,43.65
syc,sex_t,ocu_isco08_total,edu_aggregate_total,2017,42.35
syc,sex_t,ocu_isco08_total,edu_aggregate_total,2018,42.52
syc,sex_t,ocu_isco08_total,edu_aggregate_total,2019,41.83
syc,sex_t,ocu_isco08_total,edu_aggregate_total,2020,40.73
syc,sex_t,ocu_isco08_total,edu_aggregate_total,2023,39.95
syc,sex_t,ocu_isco08_total,edu_aggregate_total,2024,40.99
syc,sex_t,ocu_isco08_total,edu_aggregate_x,2014,43.39
syc,sex_t,ocu_isco08_total,edu_aggregate_x,2015,48.34
syc,sex_t,ocu_isco08_total,edu_aggregate_x,2016,55.88
syc,sex_t,ocu_isco08_total,edu_aggregate_x,2017,45.55
syc,sex_t,ocu_isco08_total,edu_aggregate_x,2018,40.68
syc,sex_t,ocu_isco08_total,edu_aggregate_x,2019,40.63
syc,sex_t,ocu_isco08_total,edu_aggregate_x,2020,41.09
syc,sex_t,ocu_isco08_total,edu_aggregate_x,2023,42.53
syc,sex_t,ocu_isco08_total,edu_aggregate_x,2024,44.07
syc,sex_t,ocu_isco08_total,edu_isced11_0,2023,34.49
syc,sex_t,ocu_isco08_total,edu_isced11_0,2024,38.6
syc,sex_t,ocu_isco08_total,edu_isced11_1,2023,37.9
syc,sex_t,ocu_isco08_total,edu_isced11_1,2024,39.4
syc,sex_t,ocu_isco08_total,edu_isced11_2,2023,39.46
syc,sex_t,ocu_isco08_total,edu_isced11_2,2024,40.76
syc,sex_t,ocu_isco08_total,edu_isced11_3,2023,40.36
syc,sex_t,ocu_isco08_total,edu_isced11_3,2024,41.03
syc,sex_t,ocu_isco08_total,edu_isced11_4,2023,39.3
syc,sex_t,ocu_isco08_total,edu_isced11_4,2024,41.15
syc,sex_t,ocu_isco08_total,edu_isced11_6,2023,40.36
syc,sex_t,ocu_isco08_total,edu_isced11_6,2024,41.9
syc,sex_t,ocu_isco08_total,edu_isced11_7,2023,39.82
syc,sex_t,ocu_isco08_total,edu_isced11_7,2024,40.56
syc,sex_t,ocu_isco08_total,edu_isced11_9,2023,42.53
syc,sex_t,ocu_isco08_total,edu_isced11_9,2024,44.07
syc,sex_t,ocu_isco08_total,edu_isced11_total,2023,39.95
syc,sex_t,ocu_isco08_total,edu_isced11_total,2024,40.99
syc,sex_t,ocu_isco08_total,edu_isced11_x,2023,37.59
syc,sex_t,ocu_isco08_total,edu_isced11_x,2024,38.72
syc,sex_t,ocu_isco08_x,edu_aggregate_adv,2014,45.56
syc,sex_t,ocu_isco08_x,edu_aggregate_adv,2015,40.52
syc,sex_t,ocu_isco08_x,edu_aggregate_adv,2016,41.74
syc,sex_t,ocu_isco08_x,edu_aggregate_adv,2018,39.34
syc,sex_t,ocu_isco08_x,edu_aggregate_adv,2019,41.83
syc,sex_t,ocu_isco08_x,edu_aggregate_adv,2020,46.74
syc,sex_t,ocu_isco08_x,edu_aggregate_adv,2023,37.22
syc,sex_t,ocu_isco08_x,edu_aggregate_adv,2024,40.48
syc,sex_t,ocu_isco08_x,edu_aggregate_bas,2018,42.06
syc,sex_t,ocu_isco08_x,edu_aggregate_bas,2023,33.06
syc,sex_t,ocu_isco08_x,edu_aggregate_bas,2024,40.51
syc,sex_t,ocu_isco08_x,edu_aggregate_int,2014,41.69
syc,sex_t,ocu_isco08_x,edu_aggregate_int,2015,51.46
syc,sex_t,ocu_isco08_x,edu_aggregate_int,2016,47.27
syc,sex_t,ocu_isco08_x,edu_aggregate_int,2018,44.03
syc,sex_t,ocu_isco08_x,edu_aggregate_int,2019,36.14
syc,sex_t,ocu_isco08_x,edu_aggregate_int,2023,37
syc,sex_t,ocu_isco08_x,edu_aggregate_int,2024,41.55
syc,sex_t,ocu_isco08_x,edu_aggregate_ltb,2024,38.38
syc,sex_t,ocu_isco08_x,edu_aggregate_total,2014,44.84
syc,sex_t,ocu_isco08_x,edu_aggregate_total,2015,47.8
syc,sex_t,ocu_isco08_x,edu_aggregate_total,2016,44.37
syc,sex_t,ocu_isco08_x,edu_aggregate_total,2018,41.86
syc,sex_t,ocu_isco08_x,edu_aggregate_total,2019,35.17
syc,sex_t,ocu_isco08_x,edu_aggregate_total,2020,45.92
syc,sex_t,ocu_isco08_x,edu_aggregate_total,2023,36.61
syc,sex_t,ocu_isco08_x,edu_aggregate_total,2024,41.3
syc,sex_t,ocu_isco08_x,edu_aggregate_x,2023,41.31
syc,sex_t,ocu_isco08_x,edu_aggregate_x,2024,44.9
syc,sex_t,ocu_isco08_x,edu_isced11_0,2024,38.27
syc,sex_t,ocu_isco08_x,edu_isced11_1,2023,30.14
syc,sex_t,ocu_isco08_x,edu_isced11_1,2024,39.66
syc,sex_t,ocu_isco08_x,edu_isced11_2,2023,35.11
syc,sex_t,ocu_isco08_x,edu_isced11_2,2024,40.91
syc,sex_t,ocu_isco08_x,edu_isced11_3,2023,36.43
syc,sex_t,ocu_isco08_x,edu_isced11_3,2024,41.44
syc,sex_t,ocu_isco08_x,edu_isced11_4,2023,39.87
syc,sex_t,ocu_isco08_x,edu_isced11_4,2024,42.08
syc,sex_t,ocu_isco08_x,edu_isced11_6,2023,38.42
syc,sex_t,ocu_isco08_x,edu_isced11_6,2024,40.72
syc,sex_t,ocu_isco08_x,edu_isced11_7,2024,40.22
syc,sex_t,ocu_isco08_x,edu_isced11_9,2023,41.31
syc,sex_t,ocu_isco08_x,edu_isced11_9,2024,44.9
syc,sex_t,ocu_isco08_x,edu_isced11_total,2023,36.61
syc,sex_t,ocu_isco08_x,edu_isced11_total,2024,41.3
syc,sex_t,ocu_skill_l1,edu_aggregate_adv,2014,40.71
syc,sex_t,ocu_skill_l1,edu_aggregate_adv,2015,41.27
syc,sex_t,ocu_skill_l1,edu_aggregate_adv,2016,42.64
syc,sex_t,ocu_skill_l1,edu_aggregate_adv,2017,42.1
syc,sex_t,ocu_skill_l1,edu_aggregate_adv,2018,40.18
syc,sex_t,ocu_skill_l1,edu_aggregate_adv,2019,41.37
syc,sex_t,ocu_skill_l1,edu_aggregate_adv,2020,39.91
syc,sex_t,ocu_skill_l1,edu_aggregate_adv,2023,46.4
syc,sex_t,ocu_skill_l1,edu_aggregate_bas,2014,36.23
syc,sex_t,ocu_skill_l1,edu_aggregate_bas,2015,38.31
syc,sex_t,ocu_skill_l1,edu_aggregate_bas,2016,38.3
syc,sex_t,ocu_skill_l1,edu_aggregate_bas,2017,37.78
syc,sex_t,ocu_skill_l1,edu_aggregate_bas,2018,35.06
syc,sex_t,ocu_skill_l1,edu_aggregate_bas,2019,38.82
syc,sex_t,ocu_skill_l1,edu_aggregate_bas,2020,34.51
syc,sex_t,ocu_skill_l1,edu_aggregate_bas,2023,35.81
syc,sex_t,ocu_skill_l1,edu_aggregate_bas,2024,35.51
syc,sex_t,ocu_skill_l1,edu_aggregate_int,2014,39
syc,sex_t,ocu_skill_l1,edu_aggregate_int,2015,38.06
syc,sex_t,ocu_skill_l1,edu_aggregate_int,2016,39.61
syc,sex_t,ocu_skill_l1,edu_aggregate_int,2017,38.29
syc,sex_t,ocu_skill_l1,edu_aggregate_int,2018,38.24
syc,sex_t,ocu_skill_l1,edu_aggregate_int,2019,37.68
syc,sex_t,ocu_skill_l1,edu_aggregate_int,2020,37.36
syc,sex_t,ocu_skill_l1,edu_aggregate_int,2023,38.06
syc,sex_t,ocu_skill_l1,edu_aggregate_int,2024,38.67
syc,sex_t,ocu_skill_l1,edu_aggregate_ltb,2014,39.11
syc,sex_t,ocu_skill_l1,edu_aggregate_ltb,2015,34
syc,sex_t,ocu_skill_l1,edu_aggregate_ltb,2016,31.8
syc,sex_t,ocu_skill_l1,edu_aggregate_ltb,2017,36.87
syc,sex_t,ocu_skill_l1,edu_aggregate_ltb,2019,38.57
syc,sex_t,ocu_skill_l1,edu_aggregate_ltb,2023,29.17
syc,sex_t,ocu_skill_l1,edu_aggregate_ltb,2024,36.99
syc,sex_t,ocu_skill_l1,edu_aggregate_total,2014,38.82
syc,sex_t,ocu_skill_l1,edu_aggregate_total,2015,38.65
syc,sex_t,ocu_skill_l1,edu_aggregate_total,2016,39.85
syc,sex_t,ocu_skill_l1,edu_aggregate_total,2017,39.14
syc,sex_t,ocu_skill_l1,edu_aggregate_total,2018,38.38
syc,sex_t,ocu_skill_l1,edu_aggregate_total,2019,38.63
syc,sex_t,ocu_skill_l1,edu_aggregate_total,2020,37.7
syc,sex_t,ocu_skill_l1,edu_aggregate_total,2023,37.23
syc,sex_t,ocu_skill_l1,edu_aggregate_total,2024,37.83
syc,sex_t,ocu_skill_l1,edu_aggregate_x,2014,39.61
syc,sex_t,ocu_skill_l1,edu_aggregate_x,2019,42.19
syc,sex_t,ocu_skill_l1,edu_aggregate_x,2023,38.63
syc,sex_t,ocu_skill_l1,edu_aggregate_x,2024,42.92
syc,sex_t,ocu_skill_l1,edu_isced11_0,2023,27.72
syc,sex_t,ocu_skill_l1,edu_isced11_0,2024,37.05
syc,sex_t,ocu_skill_l1,edu_isced11_1,2023,36.24
syc,sex_t,ocu_skill_l1,edu_isced11_1,2024,35.76
syc,sex_t,ocu_skill_l1,edu_isced11_2,2023,35.55
syc,sex_t,ocu_skill_l1,edu_isced11_2,2024,35.35
syc,sex_t,ocu_skill_l1,edu_isced11_3,2023,38.1
syc,sex_t,ocu_skill_l1,edu_isced11_3,2024,38.58
syc,sex_t,ocu_skill_l1,edu_isced11_4,2023,36.93
syc,sex_t,ocu_skill_l1,edu_isced11_4,2024,40.7
syc,sex_t,ocu_skill_l1,edu_isced11_9,2023,38.63
syc,sex_t,ocu_skill_l1,edu_isced11_9,2024,42.92
syc,sex_t,ocu_skill_l1,edu_isced11_total,2023,37.23
syc,sex_t,ocu_skill_l1,edu_isced11_total,2024,37.83
syc,sex_t,ocu_skill_l1,edu_isced11_x,2023,33.08
syc,sex_t,ocu_skill_l2,edu_aggregate_adv,2014,44.57
syc,sex_t,ocu_skill_l2,edu_aggregate_adv,2015,44.91
syc,sex_t,ocu_skill_l2,edu_aggregate_adv,2016,45.13
syc,sex_t,ocu_skill_l2,edu_aggregate_adv,2017,44.4
syc,sex_t,ocu_skill_l2,edu_aggregate_adv,2018,44.27
syc,sex_t,ocu_skill_l2,edu_aggregate_adv,2019,43.26
syc,sex_t,ocu_skill_l2,edu_aggregate_adv,2020,42.29
syc,sex_t,ocu_skill_l2,edu_aggregate_adv,2023,38.55
syc,sex_t,ocu_skill_l2,edu_aggregate_adv,2024,44.1
syc,sex_t,ocu_skill_l2,edu_aggregate_bas,2014,44.52
syc,sex_t,ocu_skill_l2,edu_aggregate_bas,2015,43.44
syc,sex_t,ocu_skill_l2,edu_aggregate_bas,2016,46.23
syc,sex_t,ocu_skill_l2,edu_aggregate_bas,2017,44.13
syc,sex_t,ocu_skill_l2,edu_aggregate_bas,2018,43.19
syc,sex_t,ocu_skill_l2,edu_aggregate_bas,2019,41.71
syc,sex_t,ocu_skill_l2,edu_aggregate_bas,2020,43.59
syc,sex_t,ocu_skill_l2,edu_aggregate_bas,2023,40.42
syc,sex_t,ocu_skill_l2,edu_aggregate_bas,2024,41.38
syc,sex_t,ocu_skill_l2,edu_aggregate_int,2014,44.28
syc,sex_t,ocu_skill_l2,edu_aggregate_int,2015,45.17
syc,sex_t,ocu_skill_l2,edu_aggregate_int,2016,45.25
syc,sex_t,ocu_skill_l2,edu_aggregate_int,2017,43.11
syc,sex_t,ocu_skill_l2,edu_aggregate_int,2018,44.03
syc,sex_t,ocu_skill_l2,edu_aggregate_int,2019,42.75
syc,sex_t,ocu_skill_l2,edu_aggregate_int,2020,41.67
syc,sex_t,ocu_skill_l2,edu_aggregate_int,2023,41.45
syc,sex_t,ocu_skill_l2,edu_aggregate_int,2024,41.42
syc,sex_t,ocu_skill_l2,edu_aggregate_ltb,2014,48.47
syc,sex_t,ocu_skill_l2,edu_aggregate_ltb,2015,45.69
syc,sex_t,ocu_skill_l2,edu_aggregate_ltb,2016,40.64
syc,sex_t,ocu_skill_l2,edu_aggregate_ltb,2017,55.1
syc,sex_t,ocu_skill_l2,edu_aggregate_ltb,2018,43.77
syc,sex_t,ocu_skill_l2,edu_aggregate_ltb,2019,44.77
syc,sex_t,ocu_skill_l2,edu_aggregate_ltb,2020,39.65
syc,sex_t,ocu_skill_l2,edu_aggregate_ltb,2023,39.58
syc,sex_t,ocu_skill_l2,edu_aggregate_ltb,2024,40.09
syc,sex_t,ocu_skill_l2,edu_aggregate_total,2014,44.45
syc,sex_t,ocu_skill_l2,edu_aggregate_total,2015,44.97
syc,sex_t,ocu_skill_l2,edu_aggregate_total,2016,45.28
syc,sex_t,ocu_skill_l2,edu_aggregate_total,2017,43.73
syc,sex_t,ocu_skill_l2,edu_aggregate_total,2018,44.08
syc,sex_t,ocu_skill_l2,edu_aggregate_total,2019,42.95
syc,sex_t,ocu_skill_l2,edu_aggregate_total,2020,42.01
syc,sex_t,ocu_skill_l2,edu_aggregate_total,2023,41.17
syc,sex_t,ocu_skill_l2,edu_aggregate_total,2024,41.46
syc,sex_t,ocu_skill_l2,edu_aggregate_x,2014,42.61
syc,sex_t,ocu_skill_l2,edu_aggregate_x,2015,53.23
syc,sex_t,ocu_skill_l2,edu_aggregate_x,2016,62.7
syc,sex_t,ocu_skill_l2,edu_aggregate_x,2017,49.26
syc,sex_t,ocu_skill_l2,edu_aggregate_x,2018,42.11
syc,sex_t,ocu_skill_l2,edu_aggregate_x,2019,51.27
syc,sex_t,ocu_skill_l2,edu_aggregate_x,2020,40.65
syc,sex_t,ocu_skill_l2,edu_aggregate_x,2023,43.32
syc,sex_t,ocu_skill_l2,edu_aggregate_x,2024,42.24
syc,sex_t,ocu_skill_l2,edu_isced11_0,2023,39.07
syc,sex_t,ocu_skill_l2,edu_isced11_0,2024,41.03
syc,sex_t,ocu_skill_l2,edu_isced11_1,2023,38.54
syc,sex_t,ocu_skill_l2,edu_isced11_1,2024,39.13
syc,sex_t,ocu_skill_l2,edu_isced11_2,2023,41.4
syc,sex_t,ocu_skill_l2,edu_isced11_2,2024,42.18
syc,sex_t,ocu_skill_l2,edu_isced11_3,2023,41.38
syc,sex_t,ocu_skill_l2,edu_isced11_3,2024,41.26
syc,sex_t,ocu_skill_l2,edu_isced11_4,2023,42.18
syc,sex_t,ocu_skill_l2,edu_isced11_4,2024,42.87
syc,sex_t,ocu_skill_l2,edu_isced11_6,2023,38.56
syc,sex_t,ocu_skill_l2,edu_isced11_6,2024,38.81
syc,sex_t,ocu_skill_l2,edu_isced11_7,2023,38.54
syc,sex_t,ocu_skill_l2,edu_isced11_7,2024,47.24
syc,sex_t,ocu_skill_l2,edu_isced11_9,2023,43.32
syc,sex_t,ocu_skill_l2,edu_isced11_9,2024,42.24
syc,sex_t,ocu_skill_l2,edu_isced11_total,2023,41.17
syc,sex_t,ocu_skill_l2,edu_isced11_total,2024,41.46
syc,sex_t,ocu_skill_l2,edu_isced11_x,2023,41.13
syc,sex_t,ocu_skill_l2,edu_isced11_x,2024,38.55
syc,sex_t,ocu_skill_l3_4,edu_aggregate_adv,2014,41.34
syc,sex_t,ocu_skill_l3_4,edu_aggregate_adv,2015,42.05
syc,sex_t,ocu_skill_l3_4,edu_aggregate_adv,2016,42.24
syc,sex_t,ocu_skill_l3_4,edu_aggregate_adv,2017,40.93
syc,sex_t,ocu_skill_l3_4,edu_aggregate_adv,2018,40.96
syc,sex_t,ocu_skill_l3_4,edu_aggregate_adv,2019,40.62
syc,sex_t,ocu_skill_l3_4,edu_aggregate_adv,2020,39.23
syc,sex_t,ocu_skill_l3_4,edu_aggregate_adv,2023,40.35
syc,sex_t,ocu_skill_l3_4,edu_aggregate_adv,2024,42.03
syc,sex_t,ocu_skill_l3_4,edu_aggregate_bas,2014,44.08
syc,sex_t,ocu_skill_l3_4,edu_aggregate_bas,2015,46.87
syc,sex_t,ocu_skill_l3_4,edu_aggregate_bas,2016,45.83
syc,sex_t,ocu_skill_l3_4,edu_aggregate_bas,2017,42.35
syc,sex_t,ocu_skill_l3_4,edu_aggregate_bas,2018,41.9
syc,sex_t,ocu_skill_l3_4,edu_aggregate_bas,2019,38.23
syc,sex_t,ocu_skill_l3_4,edu_aggregate_bas,2020,44.55
syc,sex_t,ocu_skill_l3_4,edu_aggregate_bas,2023,37.61
syc,sex_t,ocu_skill_l3_4,edu_aggregate_bas,2024,41.1
syc,sex_t,ocu_skill_l3_4,edu_aggregate_int,2014,42.66
syc,sex_t,ocu_skill_l3_4,edu_aggregate_int,2015,43.17
syc,sex_t,ocu_skill_l3_4,edu_aggregate_int,2016,42.75
syc,sex_t,ocu_skill_l3_4,edu_aggregate_int,2017,41.97
syc,sex_t,ocu_skill_l3_4,edu_aggregate_int,2018,41.78
syc,sex_t,ocu_skill_l3_4,edu_aggregate_int,2019,42.54
syc,sex_t,ocu_skill_l3_4,edu_aggregate_int,2020,39.71
syc,sex_t,ocu_skill_l3_4,edu_aggregate_int,2023,38.84
syc,sex_t,ocu_skill_l3_4,edu_aggregate_int,2024,39.53
syc,sex_t,ocu_skill_l3_4,edu_aggregate_ltb,2014,50.81
syc,sex_t,ocu_skill_l3_4,edu_aggregate_ltb,2023,33.01
syc,sex_t,ocu_skill_l3_4,edu_aggregate_total,2014,41.78
syc,sex_t,ocu_skill_l3_4,edu_aggregate_total,2015,42.39
syc,sex_t,ocu_skill_l3_4,edu_aggregate_total,2016,42.42
syc,sex_t,ocu_skill_l3_4,edu_aggregate_total,2017,41.18
syc,sex_t,ocu_skill_l3_4,edu_aggregate_total,2018,41.16
syc,sex_t,ocu_skill_l3_4,edu_aggregate_total,2019,40.99
syc,sex_t,ocu_skill_l3_4,edu_aggregate_total,2020,39.34
syc,sex_t,ocu_skill_l3_4,edu_aggregate_total,2023,39.21
syc,sex_t,ocu_skill_l3_4,edu_aggregate_total,2024,40.26
syc,sex_t,ocu_skill_l3_4,edu_aggregate_x,2014,47.75
syc,sex_t,ocu_skill_l3_4,edu_aggregate_x,2019,35.46
syc,sex_t,ocu_skill_l3_4,edu_aggregate_x,2020,37.74
syc,sex_t,ocu_skill_l3_4,edu_aggregate_x,2023,47.68
syc,sex_t,ocu_skill_l3_4,edu_aggregate_x,2024,45.94
syc,sex_t,ocu_skill_l3_4,edu_isced11_1,2023,39.26
syc,sex_t,ocu_skill_l3_4,edu_isced11_1,2024,45.62
syc,sex_t,ocu_skill_l3_4,edu_isced11_2,2023,36.98
syc,sex_t,ocu_skill_l3_4,edu_isced11_2,2024,39.56
syc,sex_t,ocu_skill_l3_4,edu_isced11_3,2023,39.23
syc,sex_t,ocu_skill_l3_4,edu_isced11_3,2024,39.75
syc,sex_t,ocu_skill_l3_4,edu_isced11_4,2023,38.06
syc,sex_t,ocu_skill_l3_4,edu_isced11_4,2024,39.08
syc,sex_t,ocu_skill_l3_4,edu_isced11_6,2023,40.61
syc,sex_t,ocu_skill_l3_4,edu_isced11_6,2024,43.58
syc,sex_t,ocu_skill_l3_4,edu_isced11_7,2023,40.01
syc,sex_t,ocu_skill_l3_4,edu_isced11_7,2024,39.89
syc,sex_t,ocu_skill_l3_4,edu_isced11_9,2023,47.68
syc,sex_t,ocu_skill_l3_4,edu_isced11_9,2024,45.94
syc,sex_t,ocu_skill_l3_4,edu_isced11_total,2023,39.21
syc,sex_t,ocu_skill_l3_4,edu_isced11_total,2024,40.26
syc,sex_t,ocu_skill_total,edu_aggregate_adv,2014,42.94
syc,sex_t,ocu_skill_total,edu_aggregate_adv,2015,43.38
syc,sex_t,ocu_skill_total,edu_aggregate_adv,2016,43.58
syc,sex_t,ocu_skill_total,edu_aggregate_adv,2017,42.58
syc,sex_t,ocu_skill_total,edu_aggregate_adv,2018,42.46
syc,sex_t,ocu_skill_total,edu_aggregate_adv,2019,41.94
syc,sex_t,ocu_skill_total,edu_aggregate_adv,2020,40.83
syc,sex_t,ocu_skill_total,edu_aggregate_adv,2023,40.12
syc,sex_t,ocu_skill_total,edu_aggregate_adv,2024,41.29
syc,sex_t,ocu_skill_total,edu_aggregate_bas,2014,42.22
syc,sex_t,ocu_skill_total,edu_aggregate_bas,2015,42.47
syc,sex_t,ocu_skill_total,edu_aggregate_bas,2016,44.02
syc,sex_t,ocu_skill_total,edu_aggregate_bas,2017,42.41
syc,sex_t,ocu_skill_total,edu_aggregate_bas,2018,40.82
syc,sex_t,ocu_skill_total,edu_aggregate_bas,2019,41.52
syc,sex_t,ocu_skill_total,edu_aggregate_bas,2020,41.01
syc,sex_t,ocu_skill_total,edu_aggregate_bas,2023,38.93
syc,sex_t,ocu_skill_total,edu_aggregate_bas,2024,40.35
syc,sex_t,ocu_skill_total,edu_aggregate_int,2014,43.16
syc,sex_t,ocu_skill_total,edu_aggregate_int,2015,43.75
syc,sex_t,ocu_skill_total,edu_aggregate_int,2016,43.74
syc,sex_t,ocu_skill_total,edu_aggregate_int,2017,42.04
syc,sex_t,ocu_skill_total,edu_aggregate_int,2018,42.76
syc,sex_t,ocu_skill_total,edu_aggregate_int,2019,41.73
syc,sex_t,ocu_skill_total,edu_aggregate_int,2020,40.61
syc,sex_t,ocu_skill_total,edu_aggregate_int,2023,40.18
syc,sex_t,ocu_skill_total,edu_aggregate_int,2024,41.05
syc,sex_t,ocu_skill_total,edu_aggregate_ltb,2014,47.43
syc,sex_t,ocu_skill_total,edu_aggregate_ltb,2015,42.53
syc,sex_t,ocu_skill_total,edu_aggregate_ltb,2016,37.54
syc,sex_t,ocu_skill_total,edu_aggregate_ltb,2017,46.99
syc,sex_t,ocu_skill_total,edu_aggregate_ltb,2018,39.51
syc,sex_t,ocu_skill_total,edu_aggregate_ltb,2019,43.47
syc,sex_t,ocu_skill_total,edu_aggregate_ltb,2020,37.46
syc,sex_t,ocu_skill_total,edu_aggregate_ltb,2023,35.34
syc,sex_t,ocu_skill_total,edu_aggregate_ltb,2024,38.62
syc,sex_t,ocu_skill_total,edu_aggregate_total,2014,43.03
syc,sex_t,ocu_skill_total,edu_aggregate_total,2015,43.51
syc,sex_t,ocu_skill_total,edu_aggregate_total,2016,43.65
syc,sex_t,ocu_skill_total,edu_aggregate_total,2017,42.35
syc,sex_t,ocu_skill_total,edu_aggregate_total,2018,42.52
syc,sex_t,ocu_skill_total,edu_aggregate_total,2019,41.83
syc,sex_t,ocu_skill_total,edu_aggregate_total,2020,40.73
syc,sex_t,ocu_skill_total,edu_aggregate_total,2023,39.95
syc,sex_t,ocu_skill_total,edu_aggregate_total,2024,40.99
syc,sex_t,ocu_skill_total,edu_aggregate_x,2014,43.39
syc,sex_t,ocu_skill_total,edu_aggregate_x,2015,48.34
syc,sex_t,ocu_skill_total,edu_aggregate_x,2016,55.88
syc,sex_t,ocu_skill_total,edu_aggregate_x,2017,45.55
syc,sex_t,ocu_skill_total,edu_aggregate_x,2018,40.68
syc,sex_t,ocu_skill_total,edu_aggregate_x,2019,40.63
syc,sex_t,ocu_skill_total,edu_aggregate_x,2020,41.09
syc,sex_t,ocu_skill_total,edu_aggregate_x,2023,42.53
syc,sex_t,ocu_skill_total,edu_aggregate_x,2024,44.07
syc,sex_t,ocu_skill_total,edu_isced11_0,2023,34.49
syc,sex_t,ocu_skill_total,edu_isced11_0,2024,38.6
syc,sex_t,ocu_skill_total,edu_isced11_1,2023,37.9
syc,sex_t,ocu_skill_total,edu_isced11_1,2024,39.4
syc,sex_t,ocu_skill_total,edu_isced11_2,2023,39.46
syc,sex_t,ocu_skill_total,edu_isced11_2,2024,40.76
syc,sex_t,ocu_skill_total,edu_isced11_3,2023,40.36
syc,sex_t,ocu_skill_total,edu_isced11_3,2024,41.03
syc,sex_t,ocu_skill_total,edu_isced11_4,2023,39.3
syc,sex_t,ocu_skill_total,edu_isced11_4,2024,41.15
syc,sex_t,ocu_skill_total,edu_isced11_6,2023,40.36
syc,sex_t,ocu_skill_total,edu_isced11_6,2024,41.9
syc,sex_t,ocu_skill_total,edu_isced11_7,2023,39.82
syc,sex_t,ocu_skill_total,edu_isced11_7,2024,40.56
syc,sex_t,ocu_skill_total,edu_isced11_9,2023,42.53
syc,sex_t,ocu_skill_total,edu_isced11_9,2024,44.07
syc,sex_t,ocu_skill_total,edu_isced11_total,2023,39.95
syc,sex_t,ocu_skill_total,edu_isced11_total,2024,40.99
syc,sex_t,ocu_skill_total,edu_isced11_x,2023,37.59
syc,sex_t,ocu_skill_total,edu_isced11_x,2024,38.72
syc,sex_t,ocu_skill_x,edu_aggregate_adv,2014,54.85
syc,sex_t,ocu_skill_x,edu_aggregate_adv,2015,56.1
syc,sex_t,ocu_skill_x,edu_aggregate_adv,2016,52.68
syc,sex_t,ocu_skill_x,edu_aggregate_adv,2017,58.61
syc,sex_t,ocu_skill_x,edu_aggregate_adv,2018,44.72
syc,sex_t,ocu_skill_x,edu_aggregate_adv,2019,52.36
syc,sex_t,ocu_skill_x,edu_aggregate_adv,2020,54.88
syc,sex_t,ocu_skill_x,edu_aggregate_adv,2023,37.91
syc,sex_t,ocu_skill_x,edu_aggregate_adv,2024,40.48
syc,sex_t,ocu_skill_x,edu_aggregate_bas,2014,48
syc,sex_t,ocu_skill_x,edu_aggregate_bas,2018,42.06
syc,sex_t,ocu_skill_x,edu_aggregate_bas,2023,37.43
syc,sex_t,ocu_skill_x,edu_aggregate_bas,2024,40.58
syc,sex_t,ocu_skill_x,edu_aggregate_int,2014,57.32
syc,sex_t,ocu_skill_x,edu_aggregate_int,2015,59.92
syc,sex_t,ocu_skill_x,edu_aggregate_int,2016,57.87
syc,sex_t,ocu_skill_x,edu_aggregate_int,2017,57.95
syc,sex_t,ocu_skill_x,edu_aggregate_int,2018,49.22
syc,sex_t,ocu_skill_x,edu_aggregate_int,2019,44.76
syc,sex_t,ocu_skill_x,edu_aggregate_int,2020,69.93
syc,sex_t,ocu_skill_x,edu_aggregate_int,2023,42.27
syc,sex_t,ocu_skill_x,edu_aggregate_int,2024,41.61
syc,sex_t,ocu_skill_x,edu_aggregate_ltb,2024,38.38
syc,sex_t,ocu_skill_x,edu_aggregate_total,2014,56.22
syc,sex_t,ocu_skill_x,edu_aggregate_total,2015,59.08
syc,sex_t,ocu_skill_x,edu_aggregate_total,2016,55.45
syc,sex_t,ocu_skill_x,edu_aggregate_total,2017,58.47
syc,sex_t,ocu_skill_x,edu_aggregate_total,2018,47.01
syc,sex_t,ocu_skill_x,edu_aggregate_total,2019,49.14
syc,sex_t,ocu_skill_x,edu_aggregate_total,2020,56.9
syc,sex_t,ocu_skill_x,edu_aggregate_total,2023,40.86
syc,sex_t,ocu_skill_x,edu_aggregate_total,2024,41.35
syc,sex_t,ocu_skill_x,edu_aggregate_x,2023,41.31
syc,sex_t,ocu_skill_x,edu_aggregate_x,2024,44.9
syc,sex_t,ocu_skill_x,edu_isced11_0,2024,38.27
syc,sex_t,ocu_skill_x,edu_isced11_1,2023,30.14
syc,sex_t,ocu_skill_x,edu_isced11_1,2024,39.65
syc,sex_t,ocu_skill_x,edu_isced11_2,2023,40.7
syc,sex_t,ocu_skill_x,edu_isced11_2,2024,41.01
syc,sex_t,ocu_skill_x,edu_isced11_3,2023,41.99
syc,sex_t,ocu_skill_x,edu_isced11_3,2024,41.51
syc,sex_t,ocu_skill_x,edu_isced11_4,2023,43.8
syc,sex_t,ocu_skill_x,edu_isced11_4,2024,42.12
syc,sex_t,ocu_skill_x,edu_isced11_6,2023,39.8
syc,sex_t,ocu_skill_x,edu_isced11_6,2024,40.72
syc,sex_t,ocu_skill_x,edu_isced11_7,2024,40.22
syc,sex_t,ocu_skill_x,edu_isced11_9,2023,41.31
syc,sex_t,ocu_skill_x,edu_isced11_9,2024,44.9
syc,sex_t,ocu_skill_x,edu_isced11_total,2023,40.86
syc,sex_t,ocu_skill_x,edu_isced11_total,2024,41.35
