ref_area,sex,classif1,classif2,time,emp_pifl_sex_eco_edu_nb
nam,sex_f,eco_aggregate_agr,edu_aggregate_adv,2012,0.252
nam,sex_f,eco_aggregate_agr,edu_aggregate_adv,2013,0.385
nam,sex_f,eco_aggregate_agr,edu_aggregate_adv,2014,0.26
nam,sex_f,eco_aggregate_agr,edu_aggregate_adv,2016,0.854
nam,sex_f,eco_aggregate_agr,edu_aggregate_adv,2018,1.306
nam,sex_f,eco_aggregate_agr,edu_aggregate_bas,2012,28.825
nam,sex_f,eco_aggregate_agr,edu_aggregate_bas,2013,36.492
nam,sex_f,eco_aggregate_agr,edu_aggregate_bas,2014,41.265
nam,sex_f,eco_aggregate_agr,edu_aggregate_bas,2016,18.331
nam,sex_f,eco_aggregate_agr,edu_aggregate_bas,2018,28.232
nam,sex_f,eco_aggregate_agr,edu_aggregate_int,2014,0.324
nam,sex_f,eco_aggregate_agr,edu_aggregate_int,2016,1.931
nam,sex_f,eco_aggregate_agr,edu_aggregate_int,2018,18.373
nam,sex_f,eco_aggregate_agr,edu_aggregate_ltb,2012,38.911
nam,sex_f,eco_aggregate_agr,edu_aggregate_ltb,2013,56.71
nam,sex_f,eco_aggregate_agr,edu_aggregate_ltb,2014,50.658
nam,sex_f,eco_aggregate_agr,edu_aggregate_ltb,2016,16.296
nam,sex_f,eco_aggregate_agr,edu_aggregate_ltb,2018,15.242
nam,sex_f,eco_aggregate_agr,edu_aggregate_total,2012,69.469
nam,sex_f,eco_aggregate_agr,edu_aggregate_total,2013,94.62
nam,sex_f,eco_aggregate_agr,edu_aggregate_total,2014,93.313
nam,sex_f,eco_aggregate_agr,edu_aggregate_total,2016,53.289
nam,sex_f,eco_aggregate_agr,edu_aggregate_total,2018,67.304
nam,sex_f,eco_aggregate_agr,edu_aggregate_x,2012,1.433
nam,sex_f,eco_aggregate_agr,edu_aggregate_x,2013,0.842
nam,sex_f,eco_aggregate_agr,edu_aggregate_x,2014,0.806
nam,sex_f,eco_aggregate_agr,edu_aggregate_x,2016,15.877
nam,sex_f,eco_aggregate_agr,edu_aggregate_x,2018,4.15
nam,sex_f,eco_aggregate_agr,edu_isced11_0,2012,20.777
nam,sex_f,eco_aggregate_agr,edu_isced11_0,2013,31.51
nam,sex_f,eco_aggregate_agr,edu_isced11_0,2014,29.864
nam,sex_f,eco_aggregate_agr,edu_isced11_0,2016,15.351
nam,sex_f,eco_aggregate_agr,edu_isced11_1,2012,18.392
nam,sex_f,eco_aggregate_agr,edu_isced11_1,2013,22.787
nam,sex_f,eco_aggregate_agr,edu_isced11_1,2014,24.509
nam,sex_f,eco_aggregate_agr,edu_isced11_1,2016,11.413
nam,sex_f,eco_aggregate_agr,edu_isced11_2,2012,10.432
nam,sex_f,eco_aggregate_agr,edu_isced11_2,2013,13.705
nam,sex_f,eco_aggregate_agr,edu_isced11_2,2014,16.757
nam,sex_f,eco_aggregate_agr,edu_isced11_2,2016,6.917
nam,sex_f,eco_aggregate_agr,edu_isced11_3,2016,1.871
nam,sex_f,eco_aggregate_agr,edu_isced11_5,2016,0.305
nam,sex_f,eco_aggregate_agr,edu_isced11_6,2014,0.26
nam,sex_f,eco_aggregate_agr,edu_isced11_6,2016,0.344
nam,sex_f,eco_aggregate_agr,edu_isced11_9,2012,1.433
nam,sex_f,eco_aggregate_agr,edu_isced11_9,2013,0.842
nam,sex_f,eco_aggregate_agr,edu_isced11_9,2014,0.806
nam,sex_f,eco_aggregate_agr,edu_isced11_9,2016,15.877
nam,sex_f,eco_aggregate_agr,edu_isced11_total,2012,69.469
nam,sex_f,eco_aggregate_agr,edu_isced11_total,2013,94.62
nam,sex_f,eco_aggregate_agr,edu_isced11_total,2014,93.313
nam,sex_f,eco_aggregate_agr,edu_isced11_total,2016,53.289
nam,sex_f,eco_aggregate_agr,edu_isced11_x,2012,18.135
nam,sex_f,eco_aggregate_agr,edu_isced11_x,2013,25.2
nam,sex_f,eco_aggregate_agr,edu_isced11_x,2014,20.794
nam,sex_f,eco_aggregate_agr,edu_isced11_x,2016,0.944
nam,sex_f,eco_aggregate_con,edu_aggregate_bas,2012,1.001
nam,sex_f,eco_aggregate_con,edu_aggregate_bas,2013,1.738
nam,sex_f,eco_aggregate_con,edu_aggregate_bas,2014,1.745
nam,sex_f,eco_aggregate_con,edu_aggregate_bas,2016,1.451
nam,sex_f,eco_aggregate_con,edu_aggregate_bas,2018,0.407
nam,sex_f,eco_aggregate_con,edu_aggregate_int,2016,0.337
nam,sex_f,eco_aggregate_con,edu_aggregate_int,2018,0.54
nam,sex_f,eco_aggregate_con,edu_aggregate_ltb,2012,0.569
nam,sex_f,eco_aggregate_con,edu_aggregate_ltb,2013,0.402
nam,sex_f,eco_aggregate_con,edu_aggregate_ltb,2014,0.61
nam,sex_f,eco_aggregate_con,edu_aggregate_ltb,2016,0.216
nam,sex_f,eco_aggregate_con,edu_aggregate_total,2012,1.57
nam,sex_f,eco_aggregate_con,edu_aggregate_total,2013,2.14
nam,sex_f,eco_aggregate_con,edu_aggregate_total,2014,2.355
nam,sex_f,eco_aggregate_con,edu_aggregate_total,2016,2.566
nam,sex_f,eco_aggregate_con,edu_aggregate_total,2018,1.072
nam,sex_f,eco_aggregate_con,edu_aggregate_x,2016,0.418
nam,sex_f,eco_aggregate_con,edu_isced11_0,2012,0.396
nam,sex_f,eco_aggregate_con,edu_isced11_0,2013,0.341
nam,sex_f,eco_aggregate_con,edu_isced11_0,2014,0.522
nam,sex_f,eco_aggregate_con,edu_isced11_0,2016,0.216
nam,sex_f,eco_aggregate_con,edu_isced11_1,2012,0.421
nam,sex_f,eco_aggregate_con,edu_isced11_1,2013,0.458
nam,sex_f,eco_aggregate_con,edu_isced11_1,2014,0.226
nam,sex_f,eco_aggregate_con,edu_isced11_1,2016,0.87
nam,sex_f,eco_aggregate_con,edu_isced11_2,2012,0.58
nam,sex_f,eco_aggregate_con,edu_isced11_2,2013,1.28
nam,sex_f,eco_aggregate_con,edu_isced11_2,2014,1.519
nam,sex_f,eco_aggregate_con,edu_isced11_2,2016,0.581
nam,sex_f,eco_aggregate_con,edu_isced11_3,2016,0.337
nam,sex_f,eco_aggregate_con,edu_isced11_9,2016,0.418
nam,sex_f,eco_aggregate_con,edu_isced11_total,2012,1.57
nam,sex_f,eco_aggregate_con,edu_isced11_total,2013,2.14
nam,sex_f,eco_aggregate_con,edu_isced11_total,2014,2.355
nam,sex_f,eco_aggregate_con,edu_isced11_total,2016,2.566
nam,sex_f,eco_aggregate_man,edu_aggregate_adv,2016,0.579
nam,sex_f,eco_aggregate_man,edu_aggregate_bas,2012,2.92
nam,sex_f,eco_aggregate_man,edu_aggregate_bas,2013,3.716
nam,sex_f,eco_aggregate_man,edu_aggregate_bas,2014,1.876
nam,sex_f,eco_aggregate_man,edu_aggregate_bas,2016,4.394
nam,sex_f,eco_aggregate_man,edu_aggregate_bas,2018,1.979
nam,sex_f,eco_aggregate_man,edu_aggregate_int,2016,1.481
nam,sex_f,eco_aggregate_man,edu_aggregate_int,2018,4.595
nam,sex_f,eco_aggregate_man,edu_aggregate_ltb,2012,0.942
nam,sex_f,eco_aggregate_man,edu_aggregate_ltb,2013,0.702
nam,sex_f,eco_aggregate_man,edu_aggregate_ltb,2014,0.497
nam,sex_f,eco_aggregate_man,edu_aggregate_ltb,2016,1.298
nam,sex_f,eco_aggregate_man,edu_aggregate_ltb,2018,1.546
nam,sex_f,eco_aggregate_man,edu_aggregate_total,2012,3.862
nam,sex_f,eco_aggregate_man,edu_aggregate_total,2013,4.502
nam,sex_f,eco_aggregate_man,edu_aggregate_total,2014,2.485
nam,sex_f,eco_aggregate_man,edu_aggregate_total,2016,9.28
nam,sex_f,eco_aggregate_man,edu_aggregate_total,2018,8.691
nam,sex_f,eco_aggregate_man,edu_aggregate_x,2016,1.528
nam,sex_f,eco_aggregate_man,edu_isced11_0,2012,0.763
nam,sex_f,eco_aggregate_man,edu_isced11_0,2013,0.496
nam,sex_f,eco_aggregate_man,edu_isced11_0,2014,0.33
nam,sex_f,eco_aggregate_man,edu_isced11_0,2016,1.26
nam,sex_f,eco_aggregate_man,edu_isced11_1,2012,1.366
nam,sex_f,eco_aggregate_man,edu_isced11_1,2013,1.377
nam,sex_f,eco_aggregate_man,edu_isced11_1,2014,0.551
nam,sex_f,eco_aggregate_man,edu_isced11_1,2016,2.048
nam,sex_f,eco_aggregate_man,edu_isced11_2,2012,1.554
nam,sex_f,eco_aggregate_man,edu_isced11_2,2013,2.339
nam,sex_f,eco_aggregate_man,edu_isced11_2,2014,1.324
nam,sex_f,eco_aggregate_man,edu_isced11_2,2016,2.346
nam,sex_f,eco_aggregate_man,edu_isced11_3,2016,1.481
nam,sex_f,eco_aggregate_man,edu_isced11_9,2016,1.528
nam,sex_f,eco_aggregate_man,edu_isced11_total,2012,3.862
nam,sex_f,eco_aggregate_man,edu_isced11_total,2013,4.502
nam,sex_f,eco_aggregate_man,edu_isced11_total,2014,2.485
nam,sex_f,eco_aggregate_man,edu_isced11_total,2016,9.28
nam,sex_f,eco_aggregate_mel,edu_aggregate_bas,2012,0.524
nam,sex_f,eco_aggregate_mel,edu_aggregate_bas,2013,0.629
nam,sex_f,eco_aggregate_mel,edu_aggregate_bas,2014,0.29
nam,sex_f,eco_aggregate_mel,edu_aggregate_bas,2016,0.668
nam,sex_f,eco_aggregate_mel,edu_aggregate_int,2016,0.438
nam,sex_f,eco_aggregate_mel,edu_aggregate_int,2018,0.622
nam,sex_f,eco_aggregate_mel,edu_aggregate_ltb,2016,0.37
nam,sex_f,eco_aggregate_mel,edu_aggregate_total,2012,0.673
nam,sex_f,eco_aggregate_mel,edu_aggregate_total,2013,0.992
nam,sex_f,eco_aggregate_mel,edu_aggregate_total,2014,0.323
nam,sex_f,eco_aggregate_mel,edu_aggregate_total,2016,1.782
nam,sex_f,eco_aggregate_mel,edu_aggregate_total,2018,0.814
nam,sex_f,eco_aggregate_mel,edu_isced11_0,2016,0.37
nam,sex_f,eco_aggregate_mel,edu_isced11_1,2014,0.241
nam,sex_f,eco_aggregate_mel,edu_isced11_2,2012,0.524
nam,sex_f,eco_aggregate_mel,edu_isced11_2,2013,0.459
nam,sex_f,eco_aggregate_mel,edu_isced11_2,2016,0.406
nam,sex_f,eco_aggregate_mel,edu_isced11_3,2016,0.438
nam,sex_f,eco_aggregate_mel,edu_isced11_total,2012,0.673
nam,sex_f,eco_aggregate_mel,edu_isced11_total,2013,0.992
nam,sex_f,eco_aggregate_mel,edu_isced11_total,2014,0.323
nam,sex_f,eco_aggregate_mel,edu_isced11_total,2016,1.782
nam,sex_f,eco_aggregate_mkt,edu_aggregate_adv,2012,0.593
nam,sex_f,eco_aggregate_mkt,edu_aggregate_adv,2013,1.544
nam,sex_f,eco_aggregate_mkt,edu_aggregate_adv,2014,0.908
nam,sex_f,eco_aggregate_mkt,edu_aggregate_adv,2016,4.107
nam,sex_f,eco_aggregate_mkt,edu_aggregate_adv,2018,2.046
nam,sex_f,eco_aggregate_mkt,edu_aggregate_bas,2012,31.992
nam,sex_f,eco_aggregate_mkt,edu_aggregate_bas,2013,40.051
nam,sex_f,eco_aggregate_mkt,edu_aggregate_bas,2014,42.655
nam,sex_f,eco_aggregate_mkt,edu_aggregate_bas,2016,36.127
nam,sex_f,eco_aggregate_mkt,edu_aggregate_bas,2018,15.089
nam,sex_f,eco_aggregate_mkt,edu_aggregate_int,2013,0.551
nam,sex_f,eco_aggregate_mkt,edu_aggregate_int,2016,14.86
nam,sex_f,eco_aggregate_mkt,edu_aggregate_int,2018,47.694
nam,sex_f,eco_aggregate_mkt,edu_aggregate_ltb,2012,8.443
nam,sex_f,eco_aggregate_mkt,edu_aggregate_ltb,2013,11.116
nam,sex_f,eco_aggregate_mkt,edu_aggregate_ltb,2014,9.442
nam,sex_f,eco_aggregate_mkt,edu_aggregate_ltb,2016,7.695
nam,sex_f,eco_aggregate_mkt,edu_aggregate_ltb,2018,3.398
nam,sex_f,eco_aggregate_mkt,edu_aggregate_total,2012,41.744
nam,sex_f,eco_aggregate_mkt,edu_aggregate_total,2013,53.565
nam,sex_f,eco_aggregate_mkt,edu_aggregate_total,2014,53.29
nam,sex_f,eco_aggregate_mkt,edu_aggregate_total,2016,67.872
nam,sex_f,eco_aggregate_mkt,edu_aggregate_total,2018,70.11
nam,sex_f,eco_aggregate_mkt,edu_aggregate_x,2012,0.462
nam,sex_f,eco_aggregate_mkt,edu_aggregate_x,2013,0.303
nam,sex_f,eco_aggregate_mkt,edu_aggregate_x,2014,0.284
nam,sex_f,eco_aggregate_mkt,edu_aggregate_x,2016,5.082
nam,sex_f,eco_aggregate_mkt,edu_aggregate_x,2018,1.884
nam,sex_f,eco_aggregate_mkt,edu_isced11_0,2012,5.45
nam,sex_f,eco_aggregate_mkt,edu_isced11_0,2013,7.559
nam,sex_f,eco_aggregate_mkt,edu_isced11_0,2014,6.83
nam,sex_f,eco_aggregate_mkt,edu_isced11_0,2016,7.539
nam,sex_f,eco_aggregate_mkt,edu_isced11_1,2012,12.037
nam,sex_f,eco_aggregate_mkt,edu_isced11_1,2013,14.393
nam,sex_f,eco_aggregate_mkt,edu_isced11_1,2014,13.468
nam,sex_f,eco_aggregate_mkt,edu_isced11_1,2016,17.108
nam,sex_f,eco_aggregate_mkt,edu_isced11_2,2012,19.955
nam,sex_f,eco_aggregate_mkt,edu_isced11_2,2013,25.658
nam,sex_f,eco_aggregate_mkt,edu_isced11_2,2014,29.187
nam,sex_f,eco_aggregate_mkt,edu_isced11_2,2016,19.02
nam,sex_f,eco_aggregate_mkt,edu_isced11_3,2013,0.551
nam,sex_f,eco_aggregate_mkt,edu_isced11_3,2016,14.823
nam,sex_f,eco_aggregate_mkt,edu_isced11_5,2013,0.406
nam,sex_f,eco_aggregate_mkt,edu_isced11_5,2016,1.966
nam,sex_f,eco_aggregate_mkt,edu_isced11_6,2012,0.546
nam,sex_f,eco_aggregate_mkt,edu_isced11_6,2013,1.099
nam,sex_f,eco_aggregate_mkt,edu_isced11_6,2014,0.627
nam,sex_f,eco_aggregate_mkt,edu_isced11_6,2016,1.026
nam,sex_f,eco_aggregate_mkt,edu_isced11_7,2016,0.976
nam,sex_f,eco_aggregate_mkt,edu_isced11_9,2012,0.462
nam,sex_f,eco_aggregate_mkt,edu_isced11_9,2013,0.303
nam,sex_f,eco_aggregate_mkt,edu_isced11_9,2014,0.284
nam,sex_f,eco_aggregate_mkt,edu_isced11_9,2016,5.082
nam,sex_f,eco_aggregate_mkt,edu_isced11_total,2012,41.744
nam,sex_f,eco_aggregate_mkt,edu_isced11_total,2013,53.565
nam,sex_f,eco_aggregate_mkt,edu_isced11_total,2014,53.29
nam,sex_f,eco_aggregate_mkt,edu_isced11_total,2016,67.872
nam,sex_f,eco_aggregate_mkt,edu_isced11_x,2012,2.994
nam,sex_f,eco_aggregate_mkt,edu_isced11_x,2013,3.557
nam,sex_f,eco_aggregate_mkt,edu_isced11_x,2014,2.612
nam,sex_f,eco_aggregate_pub,edu_aggregate_adv,2012,0.745
nam,sex_f,eco_aggregate_pub,edu_aggregate_adv,2013,1.077
nam,sex_f,eco_aggregate_pub,edu_aggregate_adv,2014,0.566
nam,sex_f,eco_aggregate_pub,edu_aggregate_adv,2016,2.413
nam,sex_f,eco_aggregate_pub,edu_aggregate_adv,2018,2.088
nam,sex_f,eco_aggregate_pub,edu_aggregate_bas,2012,27.826
nam,sex_f,eco_aggregate_pub,edu_aggregate_bas,2013,29.5
nam,sex_f,eco_aggregate_pub,edu_aggregate_bas,2014,31.446
nam,sex_f,eco_aggregate_pub,edu_aggregate_bas,2016,33.979
nam,sex_f,eco_aggregate_pub,edu_aggregate_bas,2018,14.296
nam,sex_f,eco_aggregate_pub,edu_aggregate_int,2016,6.264
nam,sex_f,eco_aggregate_pub,edu_aggregate_int,2018,34.582
nam,sex_f,eco_aggregate_pub,edu_aggregate_ltb,2012,11.599
nam,sex_f,eco_aggregate_pub,edu_aggregate_ltb,2013,15.148
nam,sex_f,eco_aggregate_pub,edu_aggregate_ltb,2014,11.704
nam,sex_f,eco_aggregate_pub,edu_aggregate_ltb,2016,8.088
nam,sex_f,eco_aggregate_pub,edu_aggregate_ltb,2018,7.551
nam,sex_f,eco_aggregate_pub,edu_aggregate_total,2012,40.946
nam,sex_f,eco_aggregate_pub,edu_aggregate_total,2013,46.267
nam,sex_f,eco_aggregate_pub,edu_aggregate_total,2014,44.532
nam,sex_f,eco_aggregate_pub,edu_aggregate_total,2016,60.115
nam,sex_f,eco_aggregate_pub,edu_aggregate_total,2018,59.693
nam,sex_f,eco_aggregate_pub,edu_aggregate_x,2012,0.776
nam,sex_f,eco_aggregate_pub,edu_aggregate_x,2013,0.355
nam,sex_f,eco_aggregate_pub,edu_aggregate_x,2014,0.693
nam,sex_f,eco_aggregate_pub,edu_aggregate_x,2016,9.371
nam,sex_f,eco_aggregate_pub,edu_aggregate_x,2018,1.176
nam,sex_f,eco_aggregate_pub,edu_isced11_0,2012,7.379
nam,sex_f,eco_aggregate_pub,edu_isced11_0,2013,8.93
nam,sex_f,eco_aggregate_pub,edu_isced11_0,2014,7.461
nam,sex_f,eco_aggregate_pub,edu_isced11_0,2016,7.698
nam,sex_f,eco_aggregate_pub,edu_isced11_1,2012,11.563
nam,sex_f,eco_aggregate_pub,edu_isced11_1,2013,13.737
nam,sex_f,eco_aggregate_pub,edu_isced11_1,2014,12.665
nam,sex_f,eco_aggregate_pub,edu_isced11_1,2016,17.308
nam,sex_f,eco_aggregate_pub,edu_isced11_2,2012,16.263
nam,sex_f,eco_aggregate_pub,edu_isced11_2,2013,15.763
nam,sex_f,eco_aggregate_pub,edu_isced11_2,2014,18.782
nam,sex_f,eco_aggregate_pub,edu_isced11_2,2016,16.671
nam,sex_f,eco_aggregate_pub,edu_isced11_3,2016,6.2
nam,sex_f,eco_aggregate_pub,edu_isced11_5,2016,1.174
nam,sex_f,eco_aggregate_pub,edu_isced11_6,2012,0.476
nam,sex_f,eco_aggregate_pub,edu_isced11_6,2013,0.816
nam,sex_f,eco_aggregate_pub,edu_isced11_6,2016,0.771
nam,sex_f,eco_aggregate_pub,edu_isced11_7,2016,0.468
nam,sex_f,eco_aggregate_pub,edu_isced11_9,2012,0.776
nam,sex_f,eco_aggregate_pub,edu_isced11_9,2013,0.355
nam,sex_f,eco_aggregate_pub,edu_isced11_9,2014,0.693
nam,sex_f,eco_aggregate_pub,edu_isced11_9,2016,9.371
nam,sex_f,eco_aggregate_pub,edu_isced11_total,2012,40.946
nam,sex_f,eco_aggregate_pub,edu_isced11_total,2013,46.267
nam,sex_f,eco_aggregate_pub,edu_isced11_total,2014,44.532
nam,sex_f,eco_aggregate_pub,edu_isced11_total,2016,60.115
nam,sex_f,eco_aggregate_pub,edu_isced11_x,2012,4.22
nam,sex_f,eco_aggregate_pub,edu_isced11_x,2013,6.218
nam,sex_f,eco_aggregate_pub,edu_isced11_x,2014,4.243
nam,sex_f,eco_aggregate_pub,edu_isced11_x,2016,0.389
nam,sex_f,eco_aggregate_total,edu_aggregate_adv,2012,1.589
nam,sex_f,eco_aggregate_total,edu_aggregate_adv,2013,3.336
nam,sex_f,eco_aggregate_total,edu_aggregate_adv,2014,1.846
nam,sex_f,eco_aggregate_total,edu_aggregate_adv,2016,8.343
nam,sex_f,eco_aggregate_total,edu_aggregate_adv,2018,5.783
nam,sex_f,eco_aggregate_total,edu_aggregate_bas,2012,93.088
nam,sex_f,eco_aggregate_total,edu_aggregate_bas,2013,112.896
nam,sex_f,eco_aggregate_total,edu_aggregate_bas,2014,119.421
nam,sex_f,eco_aggregate_total,edu_aggregate_bas,2016,95.055
nam,sex_f,eco_aggregate_total,edu_aggregate_bas,2018,60.242
nam,sex_f,eco_aggregate_total,edu_aggregate_int,2013,0.93
nam,sex_f,eco_aggregate_total,edu_aggregate_int,2014,0.446
nam,sex_f,eco_aggregate_total,edu_aggregate_int,2016,25.328
nam,sex_f,eco_aggregate_total,edu_aggregate_int,2018,107.115
nam,sex_f,eco_aggregate_total,edu_aggregate_ltb,2012,60.661
nam,sex_f,eco_aggregate_total,edu_aggregate_ltb,2013,84.714
nam,sex_f,eco_aggregate_total,edu_aggregate_ltb,2014,72.995
nam,sex_f,eco_aggregate_total,edu_aggregate_ltb,2016,34.076
nam,sex_f,eco_aggregate_total,edu_aggregate_ltb,2018,27.946
nam,sex_f,eco_aggregate_total,edu_aggregate_total,2012,158.312
nam,sex_f,eco_aggregate_total,edu_aggregate_total,2013,203.375
nam,sex_f,eco_aggregate_total,edu_aggregate_total,2014,196.621
nam,sex_f,eco_aggregate_total,edu_aggregate_total,2016,195.171
nam,sex_f,eco_aggregate_total,edu_aggregate_total,2018,208.643
nam,sex_f,eco_aggregate_total,edu_aggregate_x,2012,2.672
nam,sex_f,eco_aggregate_total,edu_aggregate_x,2013,1.5
nam,sex_f,eco_aggregate_total,edu_aggregate_x,2014,1.913
nam,sex_f,eco_aggregate_total,edu_aggregate_x,2016,32.37
nam,sex_f,eco_aggregate_total,edu_aggregate_x,2018,7.557
nam,sex_f,eco_aggregate_total,edu_isced11_0,2012,34.91
nam,sex_f,eco_aggregate_total,edu_isced11_0,2013,49.358
nam,sex_f,eco_aggregate_total,edu_isced11_0,2014,45.058
nam,sex_f,eco_aggregate_total,edu_isced11_0,2016,32.547
nam,sex_f,eco_aggregate_total,edu_isced11_1,2012,43.781
nam,sex_f,eco_aggregate_total,edu_isced11_1,2013,53.212
nam,sex_f,eco_aggregate_total,edu_isced11_1,2014,51.774
nam,sex_f,eco_aggregate_total,edu_isced11_1,2016,49.008
nam,sex_f,eco_aggregate_total,edu_isced11_2,2012,49.307
nam,sex_f,eco_aggregate_total,edu_isced11_2,2013,59.684
nam,sex_f,eco_aggregate_total,edu_isced11_2,2014,67.647
nam,sex_f,eco_aggregate_total,edu_isced11_2,2016,46.047
nam,sex_f,eco_aggregate_total,edu_isced11_3,2013,0.739
nam,sex_f,eco_aggregate_total,edu_isced11_3,2016,25.166
nam,sex_f,eco_aggregate_total,edu_isced11_4,2014,0.303
nam,sex_f,eco_aggregate_total,edu_isced11_5,2013,0.893
nam,sex_f,eco_aggregate_total,edu_isced11_5,2014,0.453
nam,sex_f,eco_aggregate_total,edu_isced11_5,2016,3.783
nam,sex_f,eco_aggregate_total,edu_isced11_6,2012,1.206
nam,sex_f,eco_aggregate_total,edu_isced11_6,2013,2.264
nam,sex_f,eco_aggregate_total,edu_isced11_6,2014,1.273
nam,sex_f,eco_aggregate_total,edu_isced11_6,2016,2.719
nam,sex_f,eco_aggregate_total,edu_isced11_7,2016,1.637
nam,sex_f,eco_aggregate_total,edu_isced11_9,2012,2.672
nam,sex_f,eco_aggregate_total,edu_isced11_9,2013,1.5
nam,sex_f,eco_aggregate_total,edu_isced11_9,2014,1.913
nam,sex_f,eco_aggregate_total,edu_isced11_9,2016,32.37
nam,sex_f,eco_aggregate_total,edu_isced11_total,2012,158.312
nam,sex_f,eco_aggregate_total,edu_isced11_total,2013,203.375
nam,sex_f,eco_aggregate_total,edu_isced11_total,2014,196.621
nam,sex_f,eco_aggregate_total,edu_isced11_total,2016,195.171
nam,sex_f,eco_aggregate_total,edu_isced11_x,2012,25.751
nam,sex_f,eco_aggregate_total,edu_isced11_x,2013,35.356
nam,sex_f,eco_aggregate_total,edu_isced11_x,2014,27.937
nam,sex_f,eco_aggregate_total,edu_isced11_x,2016,1.528
nam,sex_f,eco_aggregate_x,edu_aggregate_bas,2013,0.769
nam,sex_f,eco_aggregate_x,edu_aggregate_bas,2018,0.165
nam,sex_f,eco_aggregate_x,edu_aggregate_int,2018,0.71
nam,sex_f,eco_aggregate_x,edu_aggregate_ltb,2013,0.414
nam,sex_f,eco_aggregate_x,edu_aggregate_total,2013,1.288
nam,sex_f,eco_aggregate_x,edu_aggregate_total,2014,0.324
nam,sex_f,eco_aggregate_x,edu_aggregate_total,2016,0.267
nam,sex_f,eco_aggregate_x,edu_aggregate_total,2018,0.96
nam,sex_f,eco_aggregate_x,edu_isced11_0,2013,0.3
nam,sex_f,eco_aggregate_x,edu_isced11_1,2013,0.289
nam,sex_f,eco_aggregate_x,edu_isced11_2,2013,0.48
nam,sex_f,eco_aggregate_x,edu_isced11_total,2013,1.288
nam,sex_f,eco_aggregate_x,edu_isced11_total,2014,0.324
nam,sex_f,eco_aggregate_x,edu_isced11_total,2016,0.267
nam,sex_f,eco_isic4_a,edu_aggregate_adv,2012,0.252
nam,sex_f,eco_isic4_a,edu_aggregate_adv,2013,0.385
nam,sex_f,eco_isic4_a,edu_aggregate_adv,2014,0.26
nam,sex_f,eco_isic4_a,edu_aggregate_adv,2016,0.854
nam,sex_f,eco_isic4_a,edu_aggregate_adv,2018,1.306
nam,sex_f,eco_isic4_a,edu_aggregate_bas,2012,28.825
nam,sex_f,eco_isic4_a,edu_aggregate_bas,2013,36.492
nam,sex_f,eco_isic4_a,edu_aggregate_bas,2014,41.265
nam,sex_f,eco_isic4_a,edu_aggregate_bas,2016,18.331
nam,sex_f,eco_isic4_a,edu_aggregate_bas,2018,28.232
nam,sex_f,eco_isic4_a,edu_aggregate_int,2014,0.324
nam,sex_f,eco_isic4_a,edu_aggregate_int,2016,1.931
nam,sex_f,eco_isic4_a,edu_aggregate_int,2018,18.373
nam,sex_f,eco_isic4_a,edu_aggregate_ltb,2012,38.911
nam,sex_f,eco_isic4_a,edu_aggregate_ltb,2013,56.71
nam,sex_f,eco_isic4_a,edu_aggregate_ltb,2014,50.658
nam,sex_f,eco_isic4_a,edu_aggregate_ltb,2016,16.296
nam,sex_f,eco_isic4_a,edu_aggregate_ltb,2018,15.242
nam,sex_f,eco_isic4_a,edu_aggregate_total,2012,69.469
nam,sex_f,eco_isic4_a,edu_aggregate_total,2013,94.62
nam,sex_f,eco_isic4_a,edu_aggregate_total,2014,93.313
nam,sex_f,eco_isic4_a,edu_aggregate_total,2016,53.289
nam,sex_f,eco_isic4_a,edu_aggregate_total,2018,67.304
nam,sex_f,eco_isic4_a,edu_aggregate_x,2012,1.433
nam,sex_f,eco_isic4_a,edu_aggregate_x,2013,0.842
nam,sex_f,eco_isic4_a,edu_aggregate_x,2014,0.806
nam,sex_f,eco_isic4_a,edu_aggregate_x,2016,15.877
nam,sex_f,eco_isic4_a,edu_aggregate_x,2018,4.15
nam,sex_f,eco_isic4_a,edu_isced11_0,2012,20.777
nam,sex_f,eco_isic4_a,edu_isced11_0,2013,31.51
nam,sex_f,eco_isic4_a,edu_isced11_0,2014,29.864
nam,sex_f,eco_isic4_a,edu_isced11_0,2016,15.351
nam,sex_f,eco_isic4_a,edu_isced11_1,2012,18.392
nam,sex_f,eco_isic4_a,edu_isced11_1,2013,22.787
nam,sex_f,eco_isic4_a,edu_isced11_1,2014,24.509
nam,sex_f,eco_isic4_a,edu_isced11_1,2016,11.413
nam,sex_f,eco_isic4_a,edu_isced11_2,2012,10.432
nam,sex_f,eco_isic4_a,edu_isced11_2,2013,13.705
nam,sex_f,eco_isic4_a,edu_isced11_2,2014,16.757
nam,sex_f,eco_isic4_a,edu_isced11_2,2016,6.917
nam,sex_f,eco_isic4_a,edu_isced11_3,2016,1.871
nam,sex_f,eco_isic4_a,edu_isced11_5,2016,0.305
nam,sex_f,eco_isic4_a,edu_isced11_6,2014,0.26
nam,sex_f,eco_isic4_a,edu_isced11_6,2016,0.344
nam,sex_f,eco_isic4_a,edu_isced11_9,2012,1.433
nam,sex_f,eco_isic4_a,edu_isced11_9,2013,0.842
nam,sex_f,eco_isic4_a,edu_isced11_9,2014,0.806
nam,sex_f,eco_isic4_a,edu_isced11_9,2016,15.877
nam,sex_f,eco_isic4_a,edu_isced11_total,2012,69.469
nam,sex_f,eco_isic4_a,edu_isced11_total,2013,94.62
nam,sex_f,eco_isic4_a,edu_isced11_total,2014,93.313
nam,sex_f,eco_isic4_a,edu_isced11_total,2016,53.289
nam,sex_f,eco_isic4_a,edu_isced11_x,2012,18.135
nam,sex_f,eco_isic4_a,edu_isced11_x,2013,25.2
nam,sex_f,eco_isic4_a,edu_isced11_x,2014,20.794
nam,sex_f,eco_isic4_a,edu_isced11_x,2016,0.944
nam,sex_f,eco_isic4_b,edu_aggregate_bas,2013,0.529
nam,sex_f,eco_isic4_b,edu_aggregate_int,2016,0.274
nam,sex_f,eco_isic4_b,edu_aggregate_int,2018,0.295
nam,sex_f,eco_isic4_b,edu_aggregate_total,2013,0.891
nam,sex_f,eco_isic4_b,edu_aggregate_total,2016,0.97
nam,sex_f,eco_isic4_b,edu_aggregate_total,2018,0.364
nam,sex_f,eco_isic4_b,edu_isced11_2,2013,0.407
nam,sex_f,eco_isic4_b,edu_isced11_3,2016,0.274
nam,sex_f,eco_isic4_b,edu_isced11_total,2013,0.891
nam,sex_f,eco_isic4_b,edu_isced11_total,2016,0.97
nam,sex_f,eco_isic4_c,edu_aggregate_adv,2016,0.579
nam,sex_f,eco_isic4_c,edu_aggregate_bas,2012,2.92
nam,sex_f,eco_isic4_c,edu_aggregate_bas,2013,3.716
nam,sex_f,eco_isic4_c,edu_aggregate_bas,2014,1.876
nam,sex_f,eco_isic4_c,edu_aggregate_bas,2016,4.394
nam,sex_f,eco_isic4_c,edu_aggregate_bas,2018,1.979
nam,sex_f,eco_isic4_c,edu_aggregate_int,2016,1.481
nam,sex_f,eco_isic4_c,edu_aggregate_int,2018,4.595
nam,sex_f,eco_isic4_c,edu_aggregate_ltb,2012,0.942
nam,sex_f,eco_isic4_c,edu_aggregate_ltb,2013,0.702
nam,sex_f,eco_isic4_c,edu_aggregate_ltb,2014,0.497
nam,sex_f,eco_isic4_c,edu_aggregate_ltb,2016,1.298
nam,sex_f,eco_isic4_c,edu_aggregate_ltb,2018,1.546
nam,sex_f,eco_isic4_c,edu_aggregate_total,2012,3.862
nam,sex_f,eco_isic4_c,edu_aggregate_total,2013,4.502
nam,sex_f,eco_isic4_c,edu_aggregate_total,2014,2.485
nam,sex_f,eco_isic4_c,edu_aggregate_total,2016,9.28
nam,sex_f,eco_isic4_c,edu_aggregate_total,2018,8.691
nam,sex_f,eco_isic4_c,edu_aggregate_x,2016,1.528
nam,sex_f,eco_isic4_c,edu_isced11_0,2012,0.763
nam,sex_f,eco_isic4_c,edu_isced11_0,2013,0.496
nam,sex_f,eco_isic4_c,edu_isced11_0,2014,0.33
nam,sex_f,eco_isic4_c,edu_isced11_0,2016,1.26
nam,sex_f,eco_isic4_c,edu_isced11_1,2012,1.366
nam,sex_f,eco_isic4_c,edu_isced11_1,2013,1.377
nam,sex_f,eco_isic4_c,edu_isced11_1,2014,0.551
nam,sex_f,eco_isic4_c,edu_isced11_1,2016,2.048
nam,sex_f,eco_isic4_c,edu_isced11_2,2012,1.554
nam,sex_f,eco_isic4_c,edu_isced11_2,2013,2.339
nam,sex_f,eco_isic4_c,edu_isced11_2,2014,1.324
nam,sex_f,eco_isic4_c,edu_isced11_2,2016,2.346
nam,sex_f,eco_isic4_c,edu_isced11_3,2016,1.481
nam,sex_f,eco_isic4_c,edu_isced11_9,2016,1.528
nam,sex_f,eco_isic4_c,edu_isced11_total,2012,3.862
nam,sex_f,eco_isic4_c,edu_isced11_total,2013,4.502
nam,sex_f,eco_isic4_c,edu_isced11_total,2014,2.485
nam,sex_f,eco_isic4_c,edu_isced11_total,2016,9.28
nam,sex_f,eco_isic4_d,edu_aggregate_bas,2016,0.204
nam,sex_f,eco_isic4_d,edu_aggregate_total,2016,0.408
nam,sex_f,eco_isic4_d,edu_isced11_total,2016,0.408
nam,sex_f,eco_isic4_e,edu_aggregate_total,2016,0.403
nam,sex_f,eco_isic4_e,edu_aggregate_total,2018,0.364
nam,sex_f,eco_isic4_e,edu_isced11_total,2016,0.403
nam,sex_f,eco_isic4_f,edu_aggregate_bas,2012,1.001
nam,sex_f,eco_isic4_f,edu_aggregate_bas,2013,1.738
nam,sex_f,eco_isic4_f,edu_aggregate_bas,2014,1.745
nam,sex_f,eco_isic4_f,edu_aggregate_bas,2016,1.451
nam,sex_f,eco_isic4_f,edu_aggregate_bas,2018,0.407
nam,sex_f,eco_isic4_f,edu_aggregate_int,2016,0.337
nam,sex_f,eco_isic4_f,edu_aggregate_int,2018,0.54
nam,sex_f,eco_isic4_f,edu_aggregate_ltb,2012,0.569
nam,sex_f,eco_isic4_f,edu_aggregate_ltb,2013,0.402
nam,sex_f,eco_isic4_f,edu_aggregate_ltb,2014,0.61
nam,sex_f,eco_isic4_f,edu_aggregate_ltb,2016,0.216
nam,sex_f,eco_isic4_f,edu_aggregate_total,2012,1.57
nam,sex_f,eco_isic4_f,edu_aggregate_total,2013,2.14
nam,sex_f,eco_isic4_f,edu_aggregate_total,2014,2.355
nam,sex_f,eco_isic4_f,edu_aggregate_total,2016,2.566
nam,sex_f,eco_isic4_f,edu_aggregate_total,2018,1.072
nam,sex_f,eco_isic4_f,edu_aggregate_x,2016,0.418
nam,sex_f,eco_isic4_f,edu_isced11_0,2012,0.396
nam,sex_f,eco_isic4_f,edu_isced11_0,2013,0.341
nam,sex_f,eco_isic4_f,edu_isced11_0,2014,0.522
nam,sex_f,eco_isic4_f,edu_isced11_0,2016,0.216
nam,sex_f,eco_isic4_f,edu_isced11_1,2012,0.421
nam,sex_f,eco_isic4_f,edu_isced11_1,2013,0.458
nam,sex_f,eco_isic4_f,edu_isced11_1,2014,0.226
nam,sex_f,eco_isic4_f,edu_isced11_1,2016,0.87
nam,sex_f,eco_isic4_f,edu_isced11_2,2012,0.58
nam,sex_f,eco_isic4_f,edu_isced11_2,2013,1.28
nam,sex_f,eco_isic4_f,edu_isced11_2,2014,1.519
nam,sex_f,eco_isic4_f,edu_isced11_2,2016,0.581
nam,sex_f,eco_isic4_f,edu_isced11_3,2016,0.337
nam,sex_f,eco_isic4_f,edu_isced11_9,2016,0.418
nam,sex_f,eco_isic4_f,edu_isced11_total,2012,1.57
nam,sex_f,eco_isic4_f,edu_isced11_total,2013,2.14
nam,sex_f,eco_isic4_f,edu_isced11_total,2014,2.355
nam,sex_f,eco_isic4_f,edu_isced11_total,2016,2.566
nam,sex_f,eco_isic4_g,edu_aggregate_adv,2013,0.48
nam,sex_f,eco_isic4_g,edu_aggregate_adv,2014,0.476
nam,sex_f,eco_isic4_g,edu_aggregate_adv,2016,0.829
nam,sex_f,eco_isic4_g,edu_aggregate_adv,2018,1.03
nam,sex_f,eco_isic4_g,edu_aggregate_bas,2012,15.677
nam,sex_f,eco_isic4_g,edu_aggregate_bas,2013,23.674
nam,sex_f,eco_isic4_g,edu_aggregate_bas,2014,30.072
nam,sex_f,eco_isic4_g,edu_aggregate_bas,2016,15.143
nam,sex_f,eco_isic4_g,edu_aggregate_bas,2018,3.354
nam,sex_f,eco_isic4_g,edu_aggregate_int,2016,5.782
nam,sex_f,eco_isic4_g,edu_aggregate_int,2018,14.167
nam,sex_f,eco_isic4_g,edu_aggregate_ltb,2012,4.508
nam,sex_f,eco_isic4_g,edu_aggregate_ltb,2013,6.271
nam,sex_f,eco_isic4_g,edu_aggregate_ltb,2014,7.758
nam,sex_f,eco_isic4_g,edu_aggregate_ltb,2016,3.161
nam,sex_f,eco_isic4_g,edu_aggregate_ltb,2018,1.188
nam,sex_f,eco_isic4_g,edu_aggregate_total,2012,20.364
nam,sex_f,eco_isic4_g,edu_aggregate_total,2013,31.007
nam,sex_f,eco_isic4_g,edu_aggregate_total,2014,38.59
nam,sex_f,eco_isic4_g,edu_aggregate_total,2016,26.774
nam,sex_f,eco_isic4_g,edu_aggregate_total,2018,20.265
nam,sex_f,eco_isic4_g,edu_aggregate_x,2013,0.303
nam,sex_f,eco_isic4_g,edu_aggregate_x,2014,0.284
nam,sex_f,eco_isic4_g,edu_aggregate_x,2016,1.859
nam,sex_f,eco_isic4_g,edu_aggregate_x,2018,0.526
nam,sex_f,eco_isic4_g,edu_isced11_0,2012,2.769
nam,sex_f,eco_isic4_g,edu_isced11_0,2013,3.924
nam,sex_f,eco_isic4_g,edu_isced11_0,2014,5.805
nam,sex_f,eco_isic4_g,edu_isced11_0,2016,3.122
nam,sex_f,eco_isic4_g,edu_isced11_1,2012,5.495
nam,sex_f,eco_isic4_g,edu_isced11_1,2013,8.802
nam,sex_f,eco_isic4_g,edu_isced11_1,2014,10.124
nam,sex_f,eco_isic4_g,edu_isced11_1,2016,7.338
nam,sex_f,eco_isic4_g,edu_isced11_2,2012,10.182
nam,sex_f,eco_isic4_g,edu_isced11_2,2013,14.871
nam,sex_f,eco_isic4_g,edu_isced11_2,2014,19.948
nam,sex_f,eco_isic4_g,edu_isced11_2,2016,7.805
nam,sex_f,eco_isic4_g,edu_isced11_3,2016,5.745
nam,sex_f,eco_isic4_g,edu_isced11_5,2016,0.506
nam,sex_f,eco_isic4_g,edu_isced11_9,2013,0.303
nam,sex_f,eco_isic4_g,edu_isced11_9,2014,0.284
nam,sex_f,eco_isic4_g,edu_isced11_9,2016,1.859
nam,sex_f,eco_isic4_g,edu_isced11_total,2012,20.364
nam,sex_f,eco_isic4_g,edu_isced11_total,2013,31.007
nam,sex_f,eco_isic4_g,edu_isced11_total,2014,38.59
nam,sex_f,eco_isic4_g,edu_isced11_total,2016,26.774
nam,sex_f,eco_isic4_g,edu_isced11_x,2012,1.738
nam,sex_f,eco_isic4_g,edu_isced11_x,2013,2.347
nam,sex_f,eco_isic4_g,edu_isced11_x,2014,1.952
nam,sex_f,eco_isic4_h,edu_aggregate_bas,2012,0.536
nam,sex_f,eco_isic4_h,edu_aggregate_bas,2014,0.368
nam,sex_f,eco_isic4_h,edu_aggregate_bas,2018,0
nam,sex_f,eco_isic4_h,edu_aggregate_ltb,2013,0
nam,sex_f,eco_isic4_h,edu_aggregate_ltb,2016,0
nam,sex_f,eco_isic4_h,edu_aggregate_total,2012,0.561
nam,sex_f,eco_isic4_h,edu_aggregate_total,2014,0.406
nam,sex_f,eco_isic4_h,edu_aggregate_total,2016,0.35
nam,sex_f,eco_isic4_h,edu_isced11_0,2013,0
nam,sex_f,eco_isic4_h,edu_isced11_0,2016,0
nam,sex_f,eco_isic4_h,edu_isced11_1,2014,0
nam,sex_f,eco_isic4_h,edu_isced11_2,2012,0.32
nam,sex_f,eco_isic4_h,edu_isced11_2,2014,0.368
nam,sex_f,eco_isic4_h,edu_isced11_total,2012,0.561
nam,sex_f,eco_isic4_h,edu_isced11_total,2014,0.406
nam,sex_f,eco_isic4_h,edu_isced11_total,2016,0.35
nam,sex_f,eco_isic4_i,edu_aggregate_adv,2016,1.046
nam,sex_f,eco_isic4_i,edu_aggregate_bas,2012,12.768
nam,sex_f,eco_isic4_i,edu_aggregate_bas,2013,11.487
nam,sex_f,eco_isic4_i,edu_aggregate_bas,2014,8.822
nam,sex_f,eco_isic4_i,edu_aggregate_bas,2016,14.47
nam,sex_f,eco_isic4_i,edu_aggregate_bas,2018,10.919
nam,sex_f,eco_isic4_i,edu_aggregate_int,2016,3.903
nam,sex_f,eco_isic4_i,edu_aggregate_int,2018,29.951
nam,sex_f,eco_isic4_i,edu_aggregate_ltb,2012,3.593
nam,sex_f,eco_isic4_i,edu_aggregate_ltb,2013,4.336
nam,sex_f,eco_isic4_i,edu_aggregate_ltb,2014,0.894
nam,sex_f,eco_isic4_i,edu_aggregate_ltb,2016,3.663
nam,sex_f,eco_isic4_i,edu_aggregate_ltb,2018,2.154
nam,sex_f,eco_isic4_i,edu_aggregate_total,2012,16.84
nam,sex_f,eco_isic4_i,edu_aggregate_total,2013,15.868
nam,sex_f,eco_isic4_i,edu_aggregate_total,2014,9.889
nam,sex_f,eco_isic4_i,edu_aggregate_total,2016,25.643
nam,sex_f,eco_isic4_i,edu_aggregate_total,2018,44.442
nam,sex_f,eco_isic4_i,edu_aggregate_x,2012,0.336
nam,sex_f,eco_isic4_i,edu_aggregate_x,2016,2.561
nam,sex_f,eco_isic4_i,edu_aggregate_x,2018,1.355
nam,sex_f,eco_isic4_i,edu_isced11_0,2012,2.522
nam,sex_f,eco_isic4_i,edu_isced11_0,2013,3.176
nam,sex_f,eco_isic4_i,edu_isced11_0,2014,0.683
nam,sex_f,eco_isic4_i,edu_isced11_0,2016,3.604
nam,sex_f,eco_isic4_i,edu_isced11_1,2012,5.233
nam,sex_f,eco_isic4_i,edu_isced11_1,2013,4.319
nam,sex_f,eco_isic4_i,edu_isced11_1,2014,2.192
nam,sex_f,eco_isic4_i,edu_isced11_1,2016,7.342
nam,sex_f,eco_isic4_i,edu_isced11_2,2012,7.535
nam,sex_f,eco_isic4_i,edu_isced11_2,2013,7.167
nam,sex_f,eco_isic4_i,edu_isced11_2,2014,6.629
nam,sex_f,eco_isic4_i,edu_isced11_2,2016,7.129
nam,sex_f,eco_isic4_i,edu_isced11_3,2016,3.903
nam,sex_f,eco_isic4_i,edu_isced11_5,2016,0.693
nam,sex_f,eco_isic4_i,edu_isced11_9,2012,0.336
nam,sex_f,eco_isic4_i,edu_isced11_9,2016,2.561
nam,sex_f,eco_isic4_i,edu_isced11_total,2012,16.84
nam,sex_f,eco_isic4_i,edu_isced11_total,2013,15.868
nam,sex_f,eco_isic4_i,edu_isced11_total,2014,9.889
nam,sex_f,eco_isic4_i,edu_isced11_total,2016,25.643
nam,sex_f,eco_isic4_i,edu_isced11_x,2012,1.071
nam,sex_f,eco_isic4_i,edu_isced11_x,2013,1.16
nam,sex_f,eco_isic4_j,edu_aggregate_bas,2013,0.371
nam,sex_f,eco_isic4_j,edu_aggregate_total,2013,0.52
nam,sex_f,eco_isic4_j,edu_aggregate_total,2016,0.577
nam,sex_f,eco_isic4_j,edu_isced11_total,2013,0.52
nam,sex_f,eco_isic4_j,edu_isced11_total,2016,0.577
nam,sex_f,eco_isic4_k,edu_aggregate_adv,2013,0.422
nam,sex_f,eco_isic4_k,edu_aggregate_adv,2016,0.59
nam,sex_f,eco_isic4_k,edu_aggregate_bas,2012,0.374
nam,sex_f,eco_isic4_k,edu_aggregate_bas,2013,0.773
nam,sex_f,eco_isic4_k,edu_aggregate_bas,2014,0.359
nam,sex_f,eco_isic4_k,edu_aggregate_bas,2016,0.279
nam,sex_f,eco_isic4_k,edu_aggregate_int,2016,1.134
nam,sex_f,eco_isic4_k,edu_aggregate_int,2018,0.421
nam,sex_f,eco_isic4_k,edu_aggregate_total,2012,0.583
nam,sex_f,eco_isic4_k,edu_aggregate_total,2013,1.275
nam,sex_f,eco_isic4_k,edu_aggregate_total,2014,0.425
nam,sex_f,eco_isic4_k,edu_aggregate_total,2016,2.068
nam,sex_f,eco_isic4_k,edu_aggregate_total,2018,0.739
nam,sex_f,eco_isic4_k,edu_isced11_2,2013,0.773
nam,sex_f,eco_isic4_k,edu_isced11_2,2014,0.301
nam,sex_f,eco_isic4_k,edu_isced11_3,2016,1.134
nam,sex_f,eco_isic4_k,edu_isced11_5,2016,0.302
nam,sex_f,eco_isic4_k,edu_isced11_6,2013,0.377
nam,sex_f,eco_isic4_k,edu_isced11_total,2012,0.583
nam,sex_f,eco_isic4_k,edu_isced11_total,2013,1.275
nam,sex_f,eco_isic4_k,edu_isced11_total,2014,0.425
nam,sex_f,eco_isic4_k,edu_isced11_total,2016,2.068
nam,sex_f,eco_isic4_l,edu_aggregate_int,2016,0.351
nam,sex_f,eco_isic4_l,edu_aggregate_total,2016,0.535
nam,sex_f,eco_isic4_l,edu_isced11_3,2016,0.351
nam,sex_f,eco_isic4_l,edu_isced11_total,2016,0.535
nam,sex_f,eco_isic4_m,edu_aggregate_bas,2013,0.496
nam,sex_f,eco_isic4_m,edu_aggregate_bas,2014,0.438
nam,sex_f,eco_isic4_m,edu_aggregate_int,2016,0.751
nam,sex_f,eco_isic4_m,edu_aggregate_int,2018,0.344
nam,sex_f,eco_isic4_m,edu_aggregate_total,2012,0.557
nam,sex_f,eco_isic4_m,edu_aggregate_total,2013,0.754
nam,sex_f,eco_isic4_m,edu_aggregate_total,2014,0.568
nam,sex_f,eco_isic4_m,edu_aggregate_total,2016,1.313
nam,sex_f,eco_isic4_m,edu_aggregate_total,2018,0.446
nam,sex_f,eco_isic4_m,edu_isced11_2,2013,0.442
nam,sex_f,eco_isic4_m,edu_isced11_2,2014,0.376
nam,sex_f,eco_isic4_m,edu_isced11_3,2016,0.751
nam,sex_f,eco_isic4_m,edu_isced11_total,2012,0.557
nam,sex_f,eco_isic4_m,edu_isced11_total,2013,0.754
nam,sex_f,eco_isic4_m,edu_isced11_total,2014,0.568
nam,sex_f,eco_isic4_m,edu_isced11_total,2016,1.313
nam,sex_f,eco_isic4_n,edu_aggregate_adv,2016,1.154
nam,sex_f,eco_isic4_n,edu_aggregate_adv,2018,0.477
nam,sex_f,eco_isic4_n,edu_aggregate_bas,2012,1.948
nam,sex_f,eco_isic4_n,edu_aggregate_bas,2013,2.882
nam,sex_f,eco_isic4_n,edu_aggregate_bas,2014,2.581
nam,sex_f,eco_isic4_n,edu_aggregate_bas,2016,5.651
nam,sex_f,eco_isic4_n,edu_aggregate_bas,2018,0.752
nam,sex_f,eco_isic4_n,edu_aggregate_int,2016,2.542
nam,sex_f,eco_isic4_n,edu_aggregate_int,2018,2.284
nam,sex_f,eco_isic4_n,edu_aggregate_ltb,2012,0.317
nam,sex_f,eco_isic4_n,edu_aggregate_ltb,2013,0.447
nam,sex_f,eco_isic4_n,edu_aggregate_ltb,2014,0.753
nam,sex_f,eco_isic4_n,edu_aggregate_ltb,2016,0.814
nam,sex_f,eco_isic4_n,edu_aggregate_total,2012,2.265
nam,sex_f,eco_isic4_n,edu_aggregate_total,2013,3.732
nam,sex_f,eco_isic4_n,edu_aggregate_total,2014,3.334
nam,sex_f,eco_isic4_n,edu_aggregate_total,2016,10.611
nam,sex_f,eco_isic4_n,edu_aggregate_total,2018,3.571
nam,sex_f,eco_isic4_n,edu_aggregate_x,2016,0.45
nam,sex_f,eco_isic4_n,edu_isced11_0,2013,0.397
nam,sex_f,eco_isic4_n,edu_isced11_0,2014,0.342
nam,sex_f,eco_isic4_n,edu_isced11_0,2016,0.756
nam,sex_f,eco_isic4_n,edu_isced11_1,2012,0.905
nam,sex_f,eco_isic4_n,edu_isced11_1,2013,0.843
nam,sex_f,eco_isic4_n,edu_isced11_1,2014,1.017
nam,sex_f,eco_isic4_n,edu_isced11_1,2016,2.123
nam,sex_f,eco_isic4_n,edu_isced11_2,2012,1.044
nam,sex_f,eco_isic4_n,edu_isced11_2,2013,2.038
nam,sex_f,eco_isic4_n,edu_isced11_2,2014,1.564
nam,sex_f,eco_isic4_n,edu_isced11_2,2016,3.527
nam,sex_f,eco_isic4_n,edu_isced11_3,2016,2.542
nam,sex_f,eco_isic4_n,edu_isced11_5,2016,0.466
nam,sex_f,eco_isic4_n,edu_isced11_6,2016,0.389
nam,sex_f,eco_isic4_n,edu_isced11_7,2016,0.299
nam,sex_f,eco_isic4_n,edu_isced11_9,2016,0.45
nam,sex_f,eco_isic4_n,edu_isced11_total,2012,2.265
nam,sex_f,eco_isic4_n,edu_isced11_total,2013,3.732
nam,sex_f,eco_isic4_n,edu_isced11_total,2014,3.334
nam,sex_f,eco_isic4_n,edu_isced11_total,2016,10.611
nam,sex_f,eco_isic4_n,edu_isced11_x,2014,0.411
nam,sex_f,eco_isic4_o,edu_aggregate_bas,2013,0.445
nam,sex_f,eco_isic4_o,edu_aggregate_bas,2014,0.463
nam,sex_f,eco_isic4_o,edu_aggregate_bas,2016,0.485
nam,sex_f,eco_isic4_o,edu_aggregate_int,2016,0.211
nam,sex_f,eco_isic4_o,edu_aggregate_int,2018,1.032
nam,sex_f,eco_isic4_o,edu_aggregate_total,2012,0.508
nam,sex_f,eco_isic4_o,edu_aggregate_total,2013,0.612
nam,sex_f,eco_isic4_o,edu_aggregate_total,2014,0.463
nam,sex_f,eco_isic4_o,edu_aggregate_total,2016,0.968
nam,sex_f,eco_isic4_o,edu_aggregate_total,2018,1.342
nam,sex_f,eco_isic4_o,edu_isced11_2,2014,0.344
nam,sex_f,eco_isic4_o,edu_isced11_3,2016,0.211
nam,sex_f,eco_isic4_o,edu_isced11_total,2012,0.508
nam,sex_f,eco_isic4_o,edu_isced11_total,2013,0.612
nam,sex_f,eco_isic4_o,edu_isced11_total,2014,0.463
nam,sex_f,eco_isic4_o,edu_isced11_total,2016,0.968
nam,sex_f,eco_isic4_p,edu_aggregate_adv,2016,0.533
nam,sex_f,eco_isic4_p,edu_aggregate_adv,2018,0.53
nam,sex_f,eco_isic4_p,edu_aggregate_bas,2012,1.694
nam,sex_f,eco_isic4_p,edu_aggregate_bas,2013,1.195
nam,sex_f,eco_isic4_p,edu_aggregate_bas,2014,2.154
nam,sex_f,eco_isic4_p,edu_aggregate_bas,2016,1.241
nam,sex_f,eco_isic4_p,edu_aggregate_bas,2018,0.357
nam,sex_f,eco_isic4_p,edu_aggregate_int,2016,1.148
nam,sex_f,eco_isic4_p,edu_aggregate_int,2018,2.688
nam,sex_f,eco_isic4_p,edu_aggregate_total,2012,1.933
nam,sex_f,eco_isic4_p,edu_aggregate_total,2013,1.575
nam,sex_f,eco_isic4_p,edu_aggregate_total,2014,2.636
nam,sex_f,eco_isic4_p,edu_aggregate_total,2016,3.137
nam,sex_f,eco_isic4_p,edu_aggregate_total,2018,3.744
nam,sex_f,eco_isic4_p,edu_isced11_1,2014,0.535
nam,sex_f,eco_isic4_p,edu_isced11_1,2016,0.466
nam,sex_f,eco_isic4_p,edu_isced11_2,2012,1.48
nam,sex_f,eco_isic4_p,edu_isced11_2,2013,1.106
nam,sex_f,eco_isic4_p,edu_isced11_2,2014,1.618
nam,sex_f,eco_isic4_p,edu_isced11_2,2016,0.775
nam,sex_f,eco_isic4_p,edu_isced11_3,2016,1.148
nam,sex_f,eco_isic4_p,edu_isced11_6,2016,0.325
nam,sex_f,eco_isic4_p,edu_isced11_total,2012,1.933
nam,sex_f,eco_isic4_p,edu_isced11_total,2013,1.575
nam,sex_f,eco_isic4_p,edu_isced11_total,2014,2.636
nam,sex_f,eco_isic4_p,edu_isced11_total,2016,3.137
nam,sex_f,eco_isic4_q,edu_aggregate_adv,2016,0.529
nam,sex_f,eco_isic4_q,edu_aggregate_adv,2018,0.421
nam,sex_f,eco_isic4_q,edu_aggregate_bas,2012,0.405
nam,sex_f,eco_isic4_q,edu_aggregate_bas,2013,0.801
nam,sex_f,eco_isic4_q,edu_aggregate_bas,2014,0.658
nam,sex_f,eco_isic4_q,edu_aggregate_bas,2016,1.457
nam,sex_f,eco_isic4_q,edu_aggregate_int,2016,0.284
nam,sex_f,eco_isic4_q,edu_aggregate_int,2018,1.553
nam,sex_f,eco_isic4_q,edu_aggregate_total,2012,0.707
nam,sex_f,eco_isic4_q,edu_aggregate_total,2013,1.04
nam,sex_f,eco_isic4_q,edu_aggregate_total,2014,0.93
nam,sex_f,eco_isic4_q,edu_aggregate_total,2016,2.619
nam,sex_f,eco_isic4_q,edu_aggregate_total,2018,2.1
nam,sex_f,eco_isic4_q,edu_aggregate_x,2016,0.194
nam,sex_f,eco_isic4_q,edu_isced11_1,2016,0.712
nam,sex_f,eco_isic4_q,edu_isced11_2,2012,0.354
nam,sex_f,eco_isic4_q,edu_isced11_2,2013,0.513
nam,sex_f,eco_isic4_q,edu_isced11_2,2014,0.637
nam,sex_f,eco_isic4_q,edu_isced11_2,2016,0.745
nam,sex_f,eco_isic4_q,edu_isced11_3,2016,0.284
nam,sex_f,eco_isic4_q,edu_isced11_9,2016,0.194
nam,sex_f,eco_isic4_q,edu_isced11_total,2012,0.707
nam,sex_f,eco_isic4_q,edu_isced11_total,2013,1.04
nam,sex_f,eco_isic4_q,edu_isced11_total,2014,0.93
nam,sex_f,eco_isic4_q,edu_isced11_total,2016,2.619
nam,sex_f,eco_isic4_r,edu_aggregate_bas,2012,0.279
nam,sex_f,eco_isic4_r,edu_aggregate_bas,2013,0.953
nam,sex_f,eco_isic4_r,edu_aggregate_bas,2014,0.386
nam,sex_f,eco_isic4_r,edu_aggregate_bas,2016,0.345
nam,sex_f,eco_isic4_r,edu_aggregate_int,2018,1.223
nam,sex_f,eco_isic4_r,edu_aggregate_ltb,2016,0.217
nam,sex_f,eco_isic4_r,edu_aggregate_total,2012,0.279
nam,sex_f,eco_isic4_r,edu_aggregate_total,2013,1.448
nam,sex_f,eco_isic4_r,edu_aggregate_total,2014,0.386
nam,sex_f,eco_isic4_r,edu_aggregate_total,2016,1.208
nam,sex_f,eco_isic4_r,edu_aggregate_total,2018,1.715
nam,sex_f,eco_isic4_r,edu_aggregate_x,2016,0.295
nam,sex_f,eco_isic4_r,edu_isced11_0,2016,0.217
nam,sex_f,eco_isic4_r,edu_isced11_1,2013,0.408
nam,sex_f,eco_isic4_r,edu_isced11_2,2013,0.545
nam,sex_f,eco_isic4_r,edu_isced11_9,2016,0.295
nam,sex_f,eco_isic4_r,edu_isced11_total,2012,0.279
nam,sex_f,eco_isic4_r,edu_isced11_total,2013,1.448
nam,sex_f,eco_isic4_r,edu_isced11_total,2014,0.386
nam,sex_f,eco_isic4_r,edu_isced11_total,2016,1.208
nam,sex_f,eco_isic4_s,edu_aggregate_adv,2016,0.603
nam,sex_f,eco_isic4_s,edu_aggregate_adv,2018,0.511
nam,sex_f,eco_isic4_s,edu_aggregate_bas,2012,2.394
nam,sex_f,eco_isic4_s,edu_aggregate_bas,2013,3.579
nam,sex_f,eco_isic4_s,edu_aggregate_bas,2014,4.206
nam,sex_f,eco_isic4_s,edu_aggregate_bas,2016,9.703
nam,sex_f,eco_isic4_s,edu_aggregate_bas,2018,1.029
nam,sex_f,eco_isic4_s,edu_aggregate_int,2016,1.865
nam,sex_f,eco_isic4_s,edu_aggregate_int,2018,6.909
nam,sex_f,eco_isic4_s,edu_aggregate_ltb,2012,0.292
nam,sex_f,eco_isic4_s,edu_aggregate_ltb,2013,0.703
nam,sex_f,eco_isic4_s,edu_aggregate_ltb,2014,0.37
nam,sex_f,eco_isic4_s,edu_aggregate_ltb,2016,1.797
nam,sex_f,eco_isic4_s,edu_aggregate_ltb,2018,0.384
nam,sex_f,eco_isic4_s,edu_aggregate_total,2012,2.686
nam,sex_f,eco_isic4_s,edu_aggregate_total,2013,4.524
nam,sex_f,eco_isic4_s,edu_aggregate_total,2014,4.576
nam,sex_f,eco_isic4_s,edu_aggregate_total,2016,16.275
nam,sex_f,eco_isic4_s,edu_aggregate_total,2018,8.882
nam,sex_f,eco_isic4_s,edu_aggregate_x,2016,2.307
nam,sex_f,eco_isic4_s,edu_isced11_0,2013,0.482
nam,sex_f,eco_isic4_s,edu_isced11_0,2014,0.252
nam,sex_f,eco_isic4_s,edu_isced11_0,2016,1.766
nam,sex_f,eco_isic4_s,edu_isced11_1,2012,0.635
nam,sex_f,eco_isic4_s,edu_isced11_1,2013,1.35
nam,sex_f,eco_isic4_s,edu_isced11_1,2014,0.7
nam,sex_f,eco_isic4_s,edu_isced11_1,2016,4.622
nam,sex_f,eco_isic4_s,edu_isced11_2,2012,1.758
nam,sex_f,eco_isic4_s,edu_isced11_2,2013,2.228
nam,sex_f,eco_isic4_s,edu_isced11_2,2014,3.506
nam,sex_f,eco_isic4_s,edu_isced11_2,2016,5.082
nam,sex_f,eco_isic4_s,edu_isced11_3,2016,1.8
nam,sex_f,eco_isic4_s,edu_isced11_5,2016,0.277
nam,sex_f,eco_isic4_s,edu_isced11_9,2016,2.307
nam,sex_f,eco_isic4_s,edu_isced11_total,2012,2.686
nam,sex_f,eco_isic4_s,edu_isced11_total,2013,4.524
nam,sex_f,eco_isic4_s,edu_isced11_total,2014,4.576
nam,sex_f,eco_isic4_s,edu_isced11_total,2016,16.275
nam,sex_f,eco_isic4_t,edu_aggregate_adv,2016,0.566
nam,sex_f,eco_isic4_t,edu_aggregate_adv,2018,0.306
nam,sex_f,eco_isic4_t,edu_aggregate_bas,2012,22.641
nam,sex_f,eco_isic4_t,edu_aggregate_bas,2013,22.467
nam,sex_f,eco_isic4_t,edu_aggregate_bas,2014,23.58
nam,sex_f,eco_isic4_t,edu_aggregate_bas,2016,20.568
nam,sex_f,eco_isic4_t,edu_aggregate_bas,2018,12.721
nam,sex_f,eco_isic4_t,edu_aggregate_int,2016,2.587
nam,sex_f,eco_isic4_t,edu_aggregate_int,2018,21.017
nam,sex_f,eco_isic4_t,edu_aggregate_ltb,2012,11.271
nam,sex_f,eco_isic4_t,edu_aggregate_ltb,2013,13.88
nam,sex_f,eco_isic4_t,edu_aggregate_ltb,2014,11.184
nam,sex_f,eco_isic4_t,edu_aggregate_ltb,2016,5.669
nam,sex_f,eco_isic4_t,edu_aggregate_ltb,2018,6.711
nam,sex_f,eco_isic4_t,edu_aggregate_total,2012,34.734
nam,sex_f,eco_isic4_t,edu_aggregate_total,2013,36.967
nam,sex_f,eco_isic4_t,edu_aggregate_total,2014,35.54
nam,sex_f,eco_isic4_t,edu_aggregate_total,2016,35.654
nam,sex_f,eco_isic4_t,edu_aggregate_total,2018,41.75
nam,sex_f,eco_isic4_t,edu_aggregate_x,2012,0.733
nam,sex_f,eco_isic4_t,edu_aggregate_x,2013,0.355
nam,sex_f,eco_isic4_t,edu_aggregate_x,2014,0.693
nam,sex_f,eco_isic4_t,edu_aggregate_x,2016,6.263
nam,sex_f,eco_isic4_t,edu_aggregate_x,2018,0.995
nam,sex_f,eco_isic4_t,edu_isced11_0,2012,7.101
nam,sex_f,eco_isic4_t,edu_isced11_0,2013,8.084
nam,sex_f,eco_isic4_t,edu_isced11_0,2014,7.059
nam,sex_f,eco_isic4_t,edu_isced11_0,2016,5.311
nam,sex_f,eco_isic4_t,edu_isced11_1,2012,10.497
nam,sex_f,eco_isic4_t,edu_isced11_1,2013,11.306
nam,sex_f,eco_isic4_t,edu_isced11_1,2014,11.129
nam,sex_f,eco_isic4_t,edu_isced11_1,2016,10.974
nam,sex_f,eco_isic4_t,edu_isced11_2,2012,12.144
nam,sex_f,eco_isic4_t,edu_isced11_2,2013,11.161
nam,sex_f,eco_isic4_t,edu_isced11_2,2014,12.451
nam,sex_f,eco_isic4_t,edu_isced11_2,2016,9.594
nam,sex_f,eco_isic4_t,edu_isced11_3,2016,2.587
nam,sex_f,eco_isic4_t,edu_isced11_5,2016,0.529
nam,sex_f,eco_isic4_t,edu_isced11_9,2012,0.733
nam,sex_f,eco_isic4_t,edu_isced11_9,2013,0.355
nam,sex_f,eco_isic4_t,edu_isced11_9,2014,0.693
nam,sex_f,eco_isic4_t,edu_isced11_9,2016,6.263
nam,sex_f,eco_isic4_t,edu_isced11_total,2012,34.734
nam,sex_f,eco_isic4_t,edu_isced11_total,2013,36.967
nam,sex_f,eco_isic4_t,edu_isced11_total,2014,35.54
nam,sex_f,eco_isic4_t,edu_isced11_total,2016,35.654
nam,sex_f,eco_isic4_t,edu_isced11_x,2012,4.169
nam,sex_f,eco_isic4_t,edu_isced11_x,2013,5.796
nam,sex_f,eco_isic4_t,edu_isced11_x,2014,4.125
nam,sex_f,eco_isic4_t,edu_isced11_x,2016,0.359
nam,sex_f,eco_isic4_total,edu_aggregate_adv,2012,1.589
nam,sex_f,eco_isic4_total,edu_aggregate_adv,2013,3.336
nam,sex_f,eco_isic4_total,edu_aggregate_adv,2014,1.846
nam,sex_f,eco_isic4_total,edu_aggregate_adv,2016,8.343
nam,sex_f,eco_isic4_total,edu_aggregate_adv,2018,5.783
nam,sex_f,eco_isic4_total,edu_aggregate_bas,2012,93.088
nam,sex_f,eco_isic4_total,edu_aggregate_bas,2013,112.896
nam,sex_f,eco_isic4_total,edu_aggregate_bas,2014,119.421
nam,sex_f,eco_isic4_total,edu_aggregate_bas,2016,95.055
nam,sex_f,eco_isic4_total,edu_aggregate_bas,2018,60.242
nam,sex_f,eco_isic4_total,edu_aggregate_int,2013,0.93
nam,sex_f,eco_isic4_total,edu_aggregate_int,2014,0.446
nam,sex_f,eco_isic4_total,edu_aggregate_int,2016,25.328
nam,sex_f,eco_isic4_total,edu_aggregate_int,2018,107.115
nam,sex_f,eco_isic4_total,edu_aggregate_ltb,2012,60.661
nam,sex_f,eco_isic4_total,edu_aggregate_ltb,2013,84.714
nam,sex_f,eco_isic4_total,edu_aggregate_ltb,2014,72.995
nam,sex_f,eco_isic4_total,edu_aggregate_ltb,2016,34.076
nam,sex_f,eco_isic4_total,edu_aggregate_ltb,2018,27.946
nam,sex_f,eco_isic4_total,edu_aggregate_total,2012,158.312
nam,sex_f,eco_isic4_total,edu_aggregate_total,2013,203.375
nam,sex_f,eco_isic4_total,edu_aggregate_total,2014,196.621
nam,sex_f,eco_isic4_total,edu_aggregate_total,2016,195.171
nam,sex_f,eco_isic4_total,edu_aggregate_total,2018,208.643
nam,sex_f,eco_isic4_total,edu_aggregate_x,2012,2.672
nam,sex_f,eco_isic4_total,edu_aggregate_x,2013,1.5
nam,sex_f,eco_isic4_total,edu_aggregate_x,2014,1.913
nam,sex_f,eco_isic4_total,edu_aggregate_x,2016,32.37
nam,sex_f,eco_isic4_total,edu_aggregate_x,2018,7.557
nam,sex_f,eco_isic4_total,edu_isced11_0,2012,34.91
nam,sex_f,eco_isic4_total,edu_isced11_0,2013,49.358
nam,sex_f,eco_isic4_total,edu_isced11_0,2014,45.058
nam,sex_f,eco_isic4_total,edu_isced11_0,2016,32.547
nam,sex_f,eco_isic4_total,edu_isced11_1,2012,43.781
nam,sex_f,eco_isic4_total,edu_isced11_1,2013,53.212
nam,sex_f,eco_isic4_total,edu_isced11_1,2014,51.774
nam,sex_f,eco_isic4_total,edu_isced11_1,2016,49.008
nam,sex_f,eco_isic4_total,edu_isced11_2,2012,49.307
nam,sex_f,eco_isic4_total,edu_isced11_2,2013,59.684
nam,sex_f,eco_isic4_total,edu_isced11_2,2014,67.647
nam,sex_f,eco_isic4_total,edu_isced11_2,2016,46.047
nam,sex_f,eco_isic4_total,edu_isced11_3,2013,0.739
nam,sex_f,eco_isic4_total,edu_isced11_3,2016,25.166
nam,sex_f,eco_isic4_total,edu_isced11_4,2014,0.303
nam,sex_f,eco_isic4_total,edu_isced11_5,2013,0.893
nam,sex_f,eco_isic4_total,edu_isced11_5,2014,0.453
nam,sex_f,eco_isic4_total,edu_isced11_5,2016,3.783
nam,sex_f,eco_isic4_total,edu_isced11_6,2012,1.206
nam,sex_f,eco_isic4_total,edu_isced11_6,2013,2.264
nam,sex_f,eco_isic4_total,edu_isced11_6,2014,1.273
nam,sex_f,eco_isic4_total,edu_isced11_6,2016,2.719
nam,sex_f,eco_isic4_total,edu_isced11_7,2016,1.637
nam,sex_f,eco_isic4_total,edu_isced11_9,2012,2.672
nam,sex_f,eco_isic4_total,edu_isced11_9,2013,1.5
nam,sex_f,eco_isic4_total,edu_isced11_9,2014,1.913
nam,sex_f,eco_isic4_total,edu_isced11_9,2016,32.37
nam,sex_f,eco_isic4_total,edu_isced11_total,2012,158.312
nam,sex_f,eco_isic4_total,edu_isced11_total,2013,203.375
nam,sex_f,eco_isic4_total,edu_isced11_total,2014,196.621
nam,sex_f,eco_isic4_total,edu_isced11_total,2016,195.171
nam,sex_f,eco_isic4_total,edu_isced11_x,2012,25.751
nam,sex_f,eco_isic4_total,edu_isced11_x,2013,35.356
nam,sex_f,eco_isic4_total,edu_isced11_x,2014,27.937
nam,sex_f,eco_isic4_total,edu_isced11_x,2016,1.528
nam,sex_f,eco_isic4_u,edu_aggregate_total,2016,0.255
nam,sex_f,eco_isic4_u,edu_isced11_total,2016,0.255
nam,sex_f,eco_isic4_x,edu_aggregate_bas,2013,0.769
nam,sex_f,eco_isic4_x,edu_aggregate_bas,2018,0.165
nam,sex_f,eco_isic4_x,edu_aggregate_int,2018,0.71
nam,sex_f,eco_isic4_x,edu_aggregate_ltb,2013,0.414
nam,sex_f,eco_isic4_x,edu_aggregate_total,2013,1.288
nam,sex_f,eco_isic4_x,edu_aggregate_total,2014,0.324
nam,sex_f,eco_isic4_x,edu_aggregate_total,2016,0.267
nam,sex_f,eco_isic4_x,edu_aggregate_total,2018,0.96
nam,sex_f,eco_isic4_x,edu_isced11_0,2013,0.3
nam,sex_f,eco_isic4_x,edu_isced11_1,2013,0.289
nam,sex_f,eco_isic4_x,edu_isced11_2,2013,0.48
nam,sex_f,eco_isic4_x,edu_isced11_total,2013,1.288
nam,sex_f,eco_isic4_x,edu_isced11_total,2014,0.324
nam,sex_f,eco_isic4_x,edu_isced11_total,2016,0.267
nam,sex_f,eco_sector_agr,edu_aggregate_adv,2012,0.252
nam,sex_f,eco_sector_agr,edu_aggregate_adv,2013,0.385
nam,sex_f,eco_sector_agr,edu_aggregate_adv,2014,0.26
nam,sex_f,eco_sector_agr,edu_aggregate_adv,2016,0.854
nam,sex_f,eco_sector_agr,edu_aggregate_adv,2018,1.306
nam,sex_f,eco_sector_agr,edu_aggregate_bas,2012,28.825
nam,sex_f,eco_sector_agr,edu_aggregate_bas,2013,36.492
nam,sex_f,eco_sector_agr,edu_aggregate_bas,2014,41.265
nam,sex_f,eco_sector_agr,edu_aggregate_bas,2016,18.331
nam,sex_f,eco_sector_agr,edu_aggregate_bas,2018,28.232
nam,sex_f,eco_sector_agr,edu_aggregate_int,2014,0.324
nam,sex_f,eco_sector_agr,edu_aggregate_int,2016,1.931
nam,sex_f,eco_sector_agr,edu_aggregate_int,2018,18.373
nam,sex_f,eco_sector_agr,edu_aggregate_ltb,2012,38.911
nam,sex_f,eco_sector_agr,edu_aggregate_ltb,2013,56.71
nam,sex_f,eco_sector_agr,edu_aggregate_ltb,2014,50.658
nam,sex_f,eco_sector_agr,edu_aggregate_ltb,2016,16.296
nam,sex_f,eco_sector_agr,edu_aggregate_ltb,2018,15.242
nam,sex_f,eco_sector_agr,edu_aggregate_total,2012,69.469
nam,sex_f,eco_sector_agr,edu_aggregate_total,2013,94.62
nam,sex_f,eco_sector_agr,edu_aggregate_total,2014,93.313
nam,sex_f,eco_sector_agr,edu_aggregate_total,2016,53.289
nam,sex_f,eco_sector_agr,edu_aggregate_total,2018,67.304
nam,sex_f,eco_sector_agr,edu_aggregate_x,2012,1.433
nam,sex_f,eco_sector_agr,edu_aggregate_x,2013,0.842
nam,sex_f,eco_sector_agr,edu_aggregate_x,2014,0.806
nam,sex_f,eco_sector_agr,edu_aggregate_x,2016,15.877
nam,sex_f,eco_sector_agr,edu_aggregate_x,2018,4.15
nam,sex_f,eco_sector_agr,edu_isced11_0,2012,20.777
nam,sex_f,eco_sector_agr,edu_isced11_0,2013,31.51
nam,sex_f,eco_sector_agr,edu_isced11_0,2014,29.864
nam,sex_f,eco_sector_agr,edu_isced11_0,2016,15.351
nam,sex_f,eco_sector_agr,edu_isced11_1,2012,18.392
nam,sex_f,eco_sector_agr,edu_isced11_1,2013,22.787
nam,sex_f,eco_sector_agr,edu_isced11_1,2014,24.509
nam,sex_f,eco_sector_agr,edu_isced11_1,2016,11.413
nam,sex_f,eco_sector_agr,edu_isced11_2,2012,10.432
nam,sex_f,eco_sector_agr,edu_isced11_2,2013,13.705
nam,sex_f,eco_sector_agr,edu_isced11_2,2014,16.757
nam,sex_f,eco_sector_agr,edu_isced11_2,2016,6.917
nam,sex_f,eco_sector_agr,edu_isced11_3,2016,1.871
nam,sex_f,eco_sector_agr,edu_isced11_5,2016,0.305
nam,sex_f,eco_sector_agr,edu_isced11_6,2014,0.26
nam,sex_f,eco_sector_agr,edu_isced11_6,2016,0.344
nam,sex_f,eco_sector_agr,edu_isced11_9,2012,1.433
nam,sex_f,eco_sector_agr,edu_isced11_9,2013,0.842
nam,sex_f,eco_sector_agr,edu_isced11_9,2014,0.806
nam,sex_f,eco_sector_agr,edu_isced11_9,2016,15.877
nam,sex_f,eco_sector_agr,edu_isced11_total,2012,69.469
nam,sex_f,eco_sector_agr,edu_isced11_total,2013,94.62
nam,sex_f,eco_sector_agr,edu_isced11_total,2014,93.313
nam,sex_f,eco_sector_agr,edu_isced11_total,2016,53.289
nam,sex_f,eco_sector_agr,edu_isced11_x,2012,18.135
nam,sex_f,eco_sector_agr,edu_isced11_x,2013,25.2
nam,sex_f,eco_sector_agr,edu_isced11_x,2014,20.794
nam,sex_f,eco_sector_agr,edu_isced11_x,2016,0.944
nam,sex_f,eco_sector_ind,edu_aggregate_adv,2016,0.937
nam,sex_f,eco_sector_ind,edu_aggregate_bas,2012,4.445
nam,sex_f,eco_sector_ind,edu_aggregate_bas,2013,6.084
nam,sex_f,eco_sector_ind,edu_aggregate_bas,2014,3.911
nam,sex_f,eco_sector_ind,edu_aggregate_bas,2016,6.513
nam,sex_f,eco_sector_ind,edu_aggregate_bas,2018,2.46
nam,sex_f,eco_sector_ind,edu_aggregate_int,2016,2.255
nam,sex_f,eco_sector_ind,edu_aggregate_int,2018,5.757
nam,sex_f,eco_sector_ind,edu_aggregate_ltb,2012,1.661
nam,sex_f,eco_sector_ind,edu_aggregate_ltb,2013,1.326
nam,sex_f,eco_sector_ind,edu_aggregate_ltb,2014,1.14
nam,sex_f,eco_sector_ind,edu_aggregate_ltb,2016,1.885
nam,sex_f,eco_sector_ind,edu_aggregate_ltb,2018,1.671
nam,sex_f,eco_sector_ind,edu_aggregate_total,2012,6.105
nam,sex_f,eco_sector_ind,edu_aggregate_total,2013,7.634
nam,sex_f,eco_sector_ind,edu_aggregate_total,2014,5.163
nam,sex_f,eco_sector_ind,edu_aggregate_total,2016,13.629
nam,sex_f,eco_sector_ind,edu_aggregate_total,2018,10.578
nam,sex_f,eco_sector_ind,edu_aggregate_x,2016,2.04
nam,sex_f,eco_sector_ind,edu_aggregate_x,2018,0.348
nam,sex_f,eco_sector_ind,edu_isced11_0,2012,1.257
nam,sex_f,eco_sector_ind,edu_isced11_0,2013,1.058
nam,sex_f,eco_sector_ind,edu_isced11_0,2014,0.852
nam,sex_f,eco_sector_ind,edu_isced11_0,2016,1.846
nam,sex_f,eco_sector_ind,edu_isced11_1,2012,1.788
nam,sex_f,eco_sector_ind,edu_isced11_1,2013,2.006
nam,sex_f,eco_sector_ind,edu_isced11_1,2014,1.018
nam,sex_f,eco_sector_ind,edu_isced11_1,2016,3.18
nam,sex_f,eco_sector_ind,edu_isced11_2,2012,2.657
nam,sex_f,eco_sector_ind,edu_isced11_2,2013,4.078
nam,sex_f,eco_sector_ind,edu_isced11_2,2014,2.893
nam,sex_f,eco_sector_ind,edu_isced11_2,2016,3.333
nam,sex_f,eco_sector_ind,edu_isced11_3,2016,2.255
nam,sex_f,eco_sector_ind,edu_isced11_6,2016,0.578
nam,sex_f,eco_sector_ind,edu_isced11_9,2016,2.04
nam,sex_f,eco_sector_ind,edu_isced11_total,2012,6.105
nam,sex_f,eco_sector_ind,edu_isced11_total,2013,7.634
nam,sex_f,eco_sector_ind,edu_isced11_total,2014,5.163
nam,sex_f,eco_sector_ind,edu_isced11_total,2016,13.629
nam,sex_f,eco_sector_ind,edu_isced11_x,2012,0.403
nam,sex_f,eco_sector_ind,edu_isced11_x,2013,0.268
nam,sex_f,eco_sector_ind,edu_isced11_x,2014,0.288
nam,sex_f,eco_sector_nag,edu_aggregate_adv,2012,1.337
nam,sex_f,eco_sector_nag,edu_aggregate_adv,2013,2.95
nam,sex_f,eco_sector_nag,edu_aggregate_adv,2014,1.586
nam,sex_f,eco_sector_nag,edu_aggregate_adv,2016,7.489
nam,sex_f,eco_sector_nag,edu_aggregate_adv,2018,4.477
nam,sex_f,eco_sector_nag,edu_aggregate_bas,2012,64.263
nam,sex_f,eco_sector_nag,edu_aggregate_bas,2013,76.404
nam,sex_f,eco_sector_nag,edu_aggregate_bas,2014,78.156
nam,sex_f,eco_sector_nag,edu_aggregate_bas,2016,76.725
nam,sex_f,eco_sector_nag,edu_aggregate_bas,2018,32.01
nam,sex_f,eco_sector_nag,edu_aggregate_int,2013,0.739
nam,sex_f,eco_sector_nag,edu_aggregate_int,2016,23.397
nam,sex_f,eco_sector_nag,edu_aggregate_int,2018,88.742
nam,sex_f,eco_sector_nag,edu_aggregate_ltb,2012,21.75
nam,sex_f,eco_sector_nag,edu_aggregate_ltb,2013,28.004
nam,sex_f,eco_sector_nag,edu_aggregate_ltb,2014,22.337
nam,sex_f,eco_sector_nag,edu_aggregate_ltb,2016,17.78
nam,sex_f,eco_sector_nag,edu_aggregate_ltb,2018,12.704
nam,sex_f,eco_sector_nag,edu_aggregate_total,2012,88.843
nam,sex_f,eco_sector_nag,edu_aggregate_total,2013,108.755
nam,sex_f,eco_sector_nag,edu_aggregate_total,2014,103.308
nam,sex_f,eco_sector_nag,edu_aggregate_total,2016,141.883
nam,sex_f,eco_sector_nag,edu_aggregate_total,2018,141.34
nam,sex_f,eco_sector_nag,edu_aggregate_x,2012,1.238
nam,sex_f,eco_sector_nag,edu_aggregate_x,2013,0.658
nam,sex_f,eco_sector_nag,edu_aggregate_x,2014,1.107
nam,sex_f,eco_sector_nag,edu_aggregate_x,2016,16.492
nam,sex_f,eco_sector_nag,edu_aggregate_x,2018,3.407
nam,sex_f,eco_sector_nag,edu_isced11_0,2012,14.134
nam,sex_f,eco_sector_nag,edu_isced11_0,2013,17.848
nam,sex_f,eco_sector_nag,edu_isced11_0,2014,15.194
nam,sex_f,eco_sector_nag,edu_isced11_0,2016,17.196
nam,sex_f,eco_sector_nag,edu_isced11_1,2012,25.388
nam,sex_f,eco_sector_nag,edu_isced11_1,2013,30.425
nam,sex_f,eco_sector_nag,edu_isced11_1,2014,27.266
nam,sex_f,eco_sector_nag,edu_isced11_1,2016,37.595
nam,sex_f,eco_sector_nag,edu_isced11_2,2012,38.875
nam,sex_f,eco_sector_nag,edu_isced11_2,2013,45.979
nam,sex_f,eco_sector_nag,edu_isced11_2,2014,50.891
nam,sex_f,eco_sector_nag,edu_isced11_2,2016,39.13
nam,sex_f,eco_sector_nag,edu_isced11_3,2013,0.739
nam,sex_f,eco_sector_nag,edu_isced11_3,2016,23.295
nam,sex_f,eco_sector_nag,edu_isced11_4,2012,0
nam,sex_f,eco_sector_nag,edu_isced11_4,2013,0
nam,sex_f,eco_sector_nag,edu_isced11_5,2013,0.751
nam,sex_f,eco_sector_nag,edu_isced11_5,2014,0.453
nam,sex_f,eco_sector_nag,edu_isced11_5,2016,3.478
nam,sex_f,eco_sector_nag,edu_isced11_6,2012,1.022
nam,sex_f,eco_sector_nag,edu_isced11_6,2013,2.021
nam,sex_f,eco_sector_nag,edu_isced11_6,2014,1.014
nam,sex_f,eco_sector_nag,edu_isced11_6,2016,2.376
nam,sex_f,eco_sector_nag,edu_isced11_7,2016,1.496
nam,sex_f,eco_sector_nag,edu_isced11_9,2012,1.238
nam,sex_f,eco_sector_nag,edu_isced11_9,2013,0.658
nam,sex_f,eco_sector_nag,edu_isced11_9,2014,1.107
nam,sex_f,eco_sector_nag,edu_isced11_9,2016,16.492
nam,sex_f,eco_sector_nag,edu_isced11_total,2012,88.843
nam,sex_f,eco_sector_nag,edu_isced11_total,2013,108.755
nam,sex_f,eco_sector_nag,edu_isced11_total,2014,103.308
nam,sex_f,eco_sector_nag,edu_isced11_total,2016,141.883
nam,sex_f,eco_sector_nag,edu_isced11_x,2012,7.616
nam,sex_f,eco_sector_nag,edu_isced11_x,2013,10.156
nam,sex_f,eco_sector_nag,edu_isced11_x,2014,7.144
nam,sex_f,eco_sector_nag,edu_isced11_x,2016,0.584
nam,sex_f,eco_sector_ser,edu_aggregate_adv,2012,1.337
nam,sex_f,eco_sector_ser,edu_aggregate_adv,2013,2.621
nam,sex_f,eco_sector_ser,edu_aggregate_adv,2014,1.475
nam,sex_f,eco_sector_ser,edu_aggregate_adv,2016,6.52
nam,sex_f,eco_sector_ser,edu_aggregate_adv,2018,4.134
nam,sex_f,eco_sector_ser,edu_aggregate_bas,2012,59.819
nam,sex_f,eco_sector_ser,edu_aggregate_bas,2013,69.551
nam,sex_f,eco_sector_ser,edu_aggregate_bas,2014,74.101
nam,sex_f,eco_sector_ser,edu_aggregate_bas,2016,70.106
nam,sex_f,eco_sector_ser,edu_aggregate_bas,2018,29.385
nam,sex_f,eco_sector_ser,edu_aggregate_int,2013,0.739
nam,sex_f,eco_sector_ser,edu_aggregate_int,2016,21.125
nam,sex_f,eco_sector_ser,edu_aggregate_int,2018,82.275
nam,sex_f,eco_sector_ser,edu_aggregate_ltb,2012,20.042
nam,sex_f,eco_sector_ser,edu_aggregate_ltb,2013,26.264
nam,sex_f,eco_sector_ser,edu_aggregate_ltb,2014,21.146
nam,sex_f,eco_sector_ser,edu_aggregate_ltb,2016,15.783
nam,sex_f,eco_sector_ser,edu_aggregate_ltb,2018,10.948
nam,sex_f,eco_sector_ser,edu_aggregate_total,2012,82.69
nam,sex_f,eco_sector_ser,edu_aggregate_total,2013,99.832
nam,sex_f,eco_sector_ser,edu_aggregate_total,2014,97.822
nam,sex_f,eco_sector_ser,edu_aggregate_total,2016,127.987
nam,sex_f,eco_sector_ser,edu_aggregate_total,2018,129.803
nam,sex_f,eco_sector_ser,edu_aggregate_x,2012,1.238
nam,sex_f,eco_sector_ser,edu_aggregate_x,2013,0.658
nam,sex_f,eco_sector_ser,edu_aggregate_x,2014,0.977
nam,sex_f,eco_sector_ser,edu_aggregate_x,2016,14.453
nam,sex_f,eco_sector_ser,edu_aggregate_x,2018,3.06
nam,sex_f,eco_sector_ser,edu_isced11_0,2012,12.829
nam,sex_f,eco_sector_ser,edu_isced11_0,2013,16.489
nam,sex_f,eco_sector_ser,edu_isced11_0,2014,14.291
nam,sex_f,eco_sector_ser,edu_isced11_0,2016,15.238
nam,sex_f,eco_sector_ser,edu_isced11_1,2012,23.601
nam,sex_f,eco_sector_ser,edu_isced11_1,2013,28.13
nam,sex_f,eco_sector_ser,edu_isced11_1,2014,26.132
nam,sex_f,eco_sector_ser,edu_isced11_1,2016,34.415
nam,sex_f,eco_sector_ser,edu_isced11_2,2012,36.218
nam,sex_f,eco_sector_ser,edu_isced11_2,2013,41.421
nam,sex_f,eco_sector_ser,edu_isced11_2,2014,47.969
nam,sex_f,eco_sector_ser,edu_isced11_2,2016,35.691
nam,sex_f,eco_sector_ser,edu_isced11_3,2013,0.739
nam,sex_f,eco_sector_ser,edu_isced11_3,2016,21.023
nam,sex_f,eco_sector_ser,edu_isced11_5,2013,0.667
nam,sex_f,eco_sector_ser,edu_isced11_5,2014,0.361
nam,sex_f,eco_sector_ser,edu_isced11_5,2016,3.14
nam,sex_f,eco_sector_ser,edu_isced11_6,2012,1.022
nam,sex_f,eco_sector_ser,edu_isced11_6,2013,1.915
nam,sex_f,eco_sector_ser,edu_isced11_6,2014,0.994
nam,sex_f,eco_sector_ser,edu_isced11_6,2016,1.797
nam,sex_f,eco_sector_ser,edu_isced11_7,2016,1.444
nam,sex_f,eco_sector_ser,edu_isced11_9,2012,1.238
nam,sex_f,eco_sector_ser,edu_isced11_9,2013,0.658
nam,sex_f,eco_sector_ser,edu_isced11_9,2014,0.977
nam,sex_f,eco_sector_ser,edu_isced11_9,2016,14.453
nam,sex_f,eco_sector_ser,edu_isced11_total,2012,82.69
nam,sex_f,eco_sector_ser,edu_isced11_total,2013,99.832
nam,sex_f,eco_sector_ser,edu_isced11_total,2014,97.822
nam,sex_f,eco_sector_ser,edu_isced11_total,2016,127.987
nam,sex_f,eco_sector_ser,edu_isced11_x,2012,7.213
nam,sex_f,eco_sector_ser,edu_isced11_x,2013,9.775
nam,sex_f,eco_sector_ser,edu_isced11_x,2014,6.855
nam,sex_f,eco_sector_ser,edu_isced11_x,2016,0.545
nam,sex_f,eco_sector_total,edu_aggregate_adv,2012,1.589
nam,sex_f,eco_sector_total,edu_aggregate_adv,2013,3.336
nam,sex_f,eco_sector_total,edu_aggregate_adv,2014,1.846
nam,sex_f,eco_sector_total,edu_aggregate_adv,2016,8.343
nam,sex_f,eco_sector_total,edu_aggregate_adv,2018,5.783
nam,sex_f,eco_sector_total,edu_aggregate_bas,2012,93.088
nam,sex_f,eco_sector_total,edu_aggregate_bas,2013,112.896
nam,sex_f,eco_sector_total,edu_aggregate_bas,2014,119.421
nam,sex_f,eco_sector_total,edu_aggregate_bas,2016,95.055
nam,sex_f,eco_sector_total,edu_aggregate_bas,2018,60.242
nam,sex_f,eco_sector_total,edu_aggregate_int,2013,0.93
nam,sex_f,eco_sector_total,edu_aggregate_int,2014,0.446
nam,sex_f,eco_sector_total,edu_aggregate_int,2016,25.328
nam,sex_f,eco_sector_total,edu_aggregate_int,2018,107.115
nam,sex_f,eco_sector_total,edu_aggregate_ltb,2012,60.661
nam,sex_f,eco_sector_total,edu_aggregate_ltb,2013,84.714
nam,sex_f,eco_sector_total,edu_aggregate_ltb,2014,72.995
nam,sex_f,eco_sector_total,edu_aggregate_ltb,2016,34.076
nam,sex_f,eco_sector_total,edu_aggregate_ltb,2018,27.946
nam,sex_f,eco_sector_total,edu_aggregate_total,2012,158.312
nam,sex_f,eco_sector_total,edu_aggregate_total,2013,203.375
nam,sex_f,eco_sector_total,edu_aggregate_total,2014,196.621
nam,sex_f,eco_sector_total,edu_aggregate_total,2016,195.171
nam,sex_f,eco_sector_total,edu_aggregate_total,2018,208.643
nam,sex_f,eco_sector_total,edu_aggregate_x,2012,2.672
nam,sex_f,eco_sector_total,edu_aggregate_x,2013,1.5
nam,sex_f,eco_sector_total,edu_aggregate_x,2014,1.913
nam,sex_f,eco_sector_total,edu_aggregate_x,2016,32.37
nam,sex_f,eco_sector_total,edu_aggregate_x,2018,7.557
nam,sex_f,eco_sector_total,edu_isced11_0,2012,34.91
nam,sex_f,eco_sector_total,edu_isced11_0,2013,49.358
nam,sex_f,eco_sector_total,edu_isced11_0,2014,45.058
nam,sex_f,eco_sector_total,edu_isced11_0,2016,32.547
nam,sex_f,eco_sector_total,edu_isced11_1,2012,43.781
nam,sex_f,eco_sector_total,edu_isced11_1,2013,53.212
nam,sex_f,eco_sector_total,edu_isced11_1,2014,51.774
nam,sex_f,eco_sector_total,edu_isced11_1,2016,49.008
nam,sex_f,eco_sector_total,edu_isced11_2,2012,49.307
nam,sex_f,eco_sector_total,edu_isced11_2,2013,59.684
nam,sex_f,eco_sector_total,edu_isced11_2,2014,67.647
nam,sex_f,eco_sector_total,edu_isced11_2,2016,46.047
nam,sex_f,eco_sector_total,edu_isced11_3,2013,0.739
nam,sex_f,eco_sector_total,edu_isced11_3,2016,25.166
nam,sex_f,eco_sector_total,edu_isced11_4,2014,0.303
nam,sex_f,eco_sector_total,edu_isced11_5,2013,0.893
nam,sex_f,eco_sector_total,edu_isced11_5,2014,0.453
nam,sex_f,eco_sector_total,edu_isced11_5,2016,3.783
nam,sex_f,eco_sector_total,edu_isced11_6,2012,1.206
nam,sex_f,eco_sector_total,edu_isced11_6,2013,2.264
nam,sex_f,eco_sector_total,edu_isced11_6,2014,1.273
nam,sex_f,eco_sector_total,edu_isced11_6,2016,2.719
nam,sex_f,eco_sector_total,edu_isced11_7,2016,1.637
nam,sex_f,eco_sector_total,edu_isced11_9,2012,2.672
nam,sex_f,eco_sector_total,edu_isced11_9,2013,1.5
nam,sex_f,eco_sector_total,edu_isced11_9,2014,1.913
nam,sex_f,eco_sector_total,edu_isced11_9,2016,32.37
nam,sex_f,eco_sector_total,edu_isced11_total,2012,158.312
nam,sex_f,eco_sector_total,edu_isced11_total,2013,203.375
nam,sex_f,eco_sector_total,edu_isced11_total,2014,196.621
nam,sex_f,eco_sector_total,edu_isced11_total,2016,195.171
nam,sex_f,eco_sector_total,edu_isced11_x,2012,25.751
nam,sex_f,eco_sector_total,edu_isced11_x,2013,35.356
nam,sex_f,eco_sector_total,edu_isced11_x,2014,27.937
nam,sex_f,eco_sector_total,edu_isced11_x,2016,1.528
nam,sex_f,eco_sector_x,edu_aggregate_bas,2013,0.769
nam,sex_f,eco_sector_x,edu_aggregate_bas,2018,0.165
nam,sex_f,eco_sector_x,edu_aggregate_int,2018,0.71
nam,sex_f,eco_sector_x,edu_aggregate_ltb,2013,0.414
nam,sex_f,eco_sector_x,edu_aggregate_total,2013,1.288
nam,sex_f,eco_sector_x,edu_aggregate_total,2014,0.324
nam,sex_f,eco_sector_x,edu_aggregate_total,2016,0.267
nam,sex_f,eco_sector_x,edu_aggregate_total,2018,0.96
nam,sex_f,eco_sector_x,edu_isced11_0,2013,0.3
nam,sex_f,eco_sector_x,edu_isced11_1,2013,0.289
nam,sex_f,eco_sector_x,edu_isced11_2,2013,0.48
nam,sex_f,eco_sector_x,edu_isced11_total,2013,1.288
nam,sex_f,eco_sector_x,edu_isced11_total,2014,0.324
nam,sex_f,eco_sector_x,edu_isced11_total,2016,0.267
nam,sex_m,eco_aggregate_agr,edu_aggregate_adv,2012,0.234
nam,sex_m,eco_aggregate_agr,edu_aggregate_adv,2013,0.324
nam,sex_m,eco_aggregate_agr,edu_aggregate_adv,2014,0.642
nam,sex_m,eco_aggregate_agr,edu_aggregate_adv,2016,1.151
nam,sex_m,eco_aggregate_agr,edu_aggregate_adv,2018,2.002
nam,sex_m,eco_aggregate_agr,edu_aggregate_bas,2012,25.697
nam,sex_m,eco_aggregate_agr,edu_aggregate_bas,2013,32.33
nam,sex_m,eco_aggregate_agr,edu_aggregate_bas,2014,31.252
nam,sex_m,eco_aggregate_agr,edu_aggregate_bas,2016,20.67
nam,sex_m,eco_aggregate_agr,edu_aggregate_bas,2018,26.162
nam,sex_m,eco_aggregate_agr,edu_aggregate_int,2016,2.731
nam,sex_m,eco_aggregate_agr,edu_aggregate_int,2018,20.351
nam,sex_m,eco_aggregate_agr,edu_aggregate_ltb,2012,40.433
nam,sex_m,eco_aggregate_agr,edu_aggregate_ltb,2013,52.692
nam,sex_m,eco_aggregate_agr,edu_aggregate_ltb,2014,50.912
nam,sex_m,eco_aggregate_agr,edu_aggregate_ltb,2016,17.773
nam,sex_m,eco_aggregate_agr,edu_aggregate_ltb,2018,23.959
nam,sex_m,eco_aggregate_agr,edu_aggregate_total,2012,68.04
nam,sex_m,eco_aggregate_agr,edu_aggregate_total,2013,86.509
nam,sex_m,eco_aggregate_agr,edu_aggregate_total,2014,84.263
nam,sex_m,eco_aggregate_agr,edu_aggregate_total,2016,65.121
nam,sex_m,eco_aggregate_agr,edu_aggregate_total,2018,75.44
nam,sex_m,eco_aggregate_agr,edu_aggregate_x,2012,1.677
nam,sex_m,eco_aggregate_agr,edu_aggregate_x,2013,0.981
nam,sex_m,eco_aggregate_agr,edu_aggregate_x,2014,1.307
nam,sex_m,eco_aggregate_agr,edu_aggregate_x,2016,22.796
nam,sex_m,eco_aggregate_agr,edu_aggregate_x,2018,2.966
nam,sex_m,eco_aggregate_agr,edu_isced11_0,2012,20.806
nam,sex_m,eco_aggregate_agr,edu_isced11_0,2013,26.999
nam,sex_m,eco_aggregate_agr,edu_isced11_0,2014,25.138
nam,sex_m,eco_aggregate_agr,edu_isced11_0,2016,17.179
nam,sex_m,eco_aggregate_agr,edu_isced11_1,2012,14.681
nam,sex_m,eco_aggregate_agr,edu_isced11_1,2013,19.749
nam,sex_m,eco_aggregate_agr,edu_isced11_1,2014,17.452
nam,sex_m,eco_aggregate_agr,edu_isced11_1,2016,14.459
nam,sex_m,eco_aggregate_agr,edu_isced11_2,2012,11.016
nam,sex_m,eco_aggregate_agr,edu_isced11_2,2013,12.581
nam,sex_m,eco_aggregate_agr,edu_isced11_2,2014,13.8
nam,sex_m,eco_aggregate_agr,edu_isced11_2,2016,6.211
nam,sex_m,eco_aggregate_agr,edu_isced11_3,2016,2.592
nam,sex_m,eco_aggregate_agr,edu_isced11_5,2014,0.241
nam,sex_m,eco_aggregate_agr,edu_isced11_5,2016,0.342
nam,sex_m,eco_aggregate_agr,edu_isced11_6,2012,0.204
nam,sex_m,eco_aggregate_agr,edu_isced11_6,2013,0.261
nam,sex_m,eco_aggregate_agr,edu_isced11_6,2014,0.401
nam,sex_m,eco_aggregate_agr,edu_isced11_6,2016,0.678
nam,sex_m,eco_aggregate_agr,edu_isced11_9,2012,1.677
nam,sex_m,eco_aggregate_agr,edu_isced11_9,2013,0.981
nam,sex_m,eco_aggregate_agr,edu_isced11_9,2014,1.307
nam,sex_m,eco_aggregate_agr,edu_isced11_9,2016,22.796
nam,sex_m,eco_aggregate_agr,edu_isced11_total,2012,68.04
nam,sex_m,eco_aggregate_agr,edu_isced11_total,2013,86.509
nam,sex_m,eco_aggregate_agr,edu_isced11_total,2014,84.263
nam,sex_m,eco_aggregate_agr,edu_isced11_total,2016,65.121
nam,sex_m,eco_aggregate_agr,edu_isced11_x,2012,19.626
nam,sex_m,eco_aggregate_agr,edu_isced11_x,2013,25.693
nam,sex_m,eco_aggregate_agr,edu_isced11_x,2014,25.774
nam,sex_m,eco_aggregate_agr,edu_isced11_x,2016,0.594
nam,sex_m,eco_aggregate_con,edu_aggregate_adv,2012,0.363
nam,sex_m,eco_aggregate_con,edu_aggregate_adv,2013,0.349
nam,sex_m,eco_aggregate_con,edu_aggregate_adv,2014,0.35
nam,sex_m,eco_aggregate_con,edu_aggregate_adv,2016,1.242
nam,sex_m,eco_aggregate_con,edu_aggregate_adv,2018,0.364
nam,sex_m,eco_aggregate_con,edu_aggregate_bas,2012,15.107
nam,sex_m,eco_aggregate_con,edu_aggregate_bas,2013,16.745
nam,sex_m,eco_aggregate_con,edu_aggregate_bas,2014,19.637
nam,sex_m,eco_aggregate_con,edu_aggregate_bas,2016,20.092
nam,sex_m,eco_aggregate_con,edu_aggregate_bas,2018,7.044
nam,sex_m,eco_aggregate_con,edu_aggregate_int,2016,5.032
nam,sex_m,eco_aggregate_con,edu_aggregate_int,2018,17.195
nam,sex_m,eco_aggregate_con,edu_aggregate_ltb,2012,6.308
nam,sex_m,eco_aggregate_con,edu_aggregate_ltb,2013,8.744
nam,sex_m,eco_aggregate_con,edu_aggregate_ltb,2014,9.795
nam,sex_m,eco_aggregate_con,edu_aggregate_ltb,2016,9.316
nam,sex_m,eco_aggregate_con,edu_aggregate_ltb,2018,2.504
nam,sex_m,eco_aggregate_con,edu_aggregate_total,2012,22.697
nam,sex_m,eco_aggregate_con,edu_aggregate_total,2013,26.187
nam,sex_m,eco_aggregate_con,edu_aggregate_total,2014,30.333
nam,sex_m,eco_aggregate_con,edu_aggregate_total,2016,42.099
nam,sex_m,eco_aggregate_con,edu_aggregate_total,2018,27.908
nam,sex_m,eco_aggregate_con,edu_aggregate_x,2012,0.767
nam,sex_m,eco_aggregate_con,edu_aggregate_x,2013,0.298
nam,sex_m,eco_aggregate_con,edu_aggregate_x,2014,0.55
nam,sex_m,eco_aggregate_con,edu_aggregate_x,2016,6.418
nam,sex_m,eco_aggregate_con,edu_aggregate_x,2018,0.801
nam,sex_m,eco_aggregate_con,edu_isced11_0,2012,4.758
nam,sex_m,eco_aggregate_con,edu_isced11_0,2013,5.059
nam,sex_m,eco_aggregate_con,edu_isced11_0,2014,6.178
nam,sex_m,eco_aggregate_con,edu_isced11_0,2016,8.857
nam,sex_m,eco_aggregate_con,edu_isced11_1,2012,6.314
nam,sex_m,eco_aggregate_con,edu_isced11_1,2013,7.593
nam,sex_m,eco_aggregate_con,edu_isced11_1,2014,7.974
nam,sex_m,eco_aggregate_con,edu_isced11_1,2016,10.348
nam,sex_m,eco_aggregate_con,edu_isced11_2,2012,8.793
nam,sex_m,eco_aggregate_con,edu_isced11_2,2013,9.151
nam,sex_m,eco_aggregate_con,edu_isced11_2,2014,11.662
nam,sex_m,eco_aggregate_con,edu_isced11_2,2016,9.743
nam,sex_m,eco_aggregate_con,edu_isced11_3,2016,4.608
nam,sex_m,eco_aggregate_con,edu_isced11_4,2016,0.424
nam,sex_m,eco_aggregate_con,edu_isced11_5,2016,0.908
nam,sex_m,eco_aggregate_con,edu_isced11_6,2012,0.298
nam,sex_m,eco_aggregate_con,edu_isced11_6,2016,0.298
nam,sex_m,eco_aggregate_con,edu_isced11_9,2012,0.767
nam,sex_m,eco_aggregate_con,edu_isced11_9,2013,0.298
nam,sex_m,eco_aggregate_con,edu_isced11_9,2014,0.55
nam,sex_m,eco_aggregate_con,edu_isced11_9,2016,6.418
nam,sex_m,eco_aggregate_con,edu_isced11_total,2012,22.697
nam,sex_m,eco_aggregate_con,edu_isced11_total,2013,26.187
nam,sex_m,eco_aggregate_con,edu_isced11_total,2014,30.333
nam,sex_m,eco_aggregate_con,edu_isced11_total,2016,42.099
nam,sex_m,eco_aggregate_con,edu_isced11_x,2012,1.55
nam,sex_m,eco_aggregate_con,edu_isced11_x,2013,3.685
nam,sex_m,eco_aggregate_con,edu_isced11_x,2014,3.617
nam,sex_m,eco_aggregate_con,edu_isced11_x,2016,0.459
nam,sex_m,eco_aggregate_man,edu_aggregate_adv,2016,1.351
nam,sex_m,eco_aggregate_man,edu_aggregate_adv,2018,0.631
nam,sex_m,eco_aggregate_man,edu_aggregate_bas,2012,3.608
nam,sex_m,eco_aggregate_man,edu_aggregate_bas,2013,5.88
nam,sex_m,eco_aggregate_man,edu_aggregate_bas,2014,3.466
nam,sex_m,eco_aggregate_man,edu_aggregate_bas,2016,8.062
nam,sex_m,eco_aggregate_man,edu_aggregate_bas,2018,3.237
nam,sex_m,eco_aggregate_man,edu_aggregate_int,2016,3.297
nam,sex_m,eco_aggregate_man,edu_aggregate_int,2018,6.663
nam,sex_m,eco_aggregate_man,edu_aggregate_ltb,2012,1.603
nam,sex_m,eco_aggregate_man,edu_aggregate_ltb,2013,2.525
nam,sex_m,eco_aggregate_man,edu_aggregate_ltb,2014,1.503
nam,sex_m,eco_aggregate_man,edu_aggregate_ltb,2016,1.81
nam,sex_m,eco_aggregate_man,edu_aggregate_ltb,2018,0.854
nam,sex_m,eco_aggregate_man,edu_aggregate_total,2012,5.59
nam,sex_m,eco_aggregate_man,edu_aggregate_total,2013,8.636
nam,sex_m,eco_aggregate_man,edu_aggregate_total,2014,5.014
nam,sex_m,eco_aggregate_man,edu_aggregate_total,2016,16.842
nam,sex_m,eco_aggregate_man,edu_aggregate_total,2018,11.737
nam,sex_m,eco_aggregate_man,edu_aggregate_x,2016,2.323
nam,sex_m,eco_aggregate_man,edu_aggregate_x,2018,0.352
nam,sex_m,eco_aggregate_man,edu_isced11_0,2012,0.915
nam,sex_m,eco_aggregate_man,edu_isced11_0,2013,1.573
nam,sex_m,eco_aggregate_man,edu_isced11_0,2014,0.665
nam,sex_m,eco_aggregate_man,edu_isced11_0,2016,1.81
nam,sex_m,eco_aggregate_man,edu_isced11_1,2012,1.169
nam,sex_m,eco_aggregate_man,edu_isced11_1,2013,2.071
nam,sex_m,eco_aggregate_man,edu_isced11_1,2014,0.99
nam,sex_m,eco_aggregate_man,edu_isced11_1,2016,3.964
nam,sex_m,eco_aggregate_man,edu_isced11_2,2012,2.44
nam,sex_m,eco_aggregate_man,edu_isced11_2,2013,3.809
nam,sex_m,eco_aggregate_man,edu_isced11_2,2014,2.475
nam,sex_m,eco_aggregate_man,edu_isced11_2,2016,4.098
nam,sex_m,eco_aggregate_man,edu_isced11_3,2016,3.152
nam,sex_m,eco_aggregate_man,edu_isced11_5,2016,0.824
nam,sex_m,eco_aggregate_man,edu_isced11_9,2016,2.323
nam,sex_m,eco_aggregate_man,edu_isced11_total,2012,5.59
nam,sex_m,eco_aggregate_man,edu_isced11_total,2013,8.636
nam,sex_m,eco_aggregate_man,edu_isced11_total,2014,5.014
nam,sex_m,eco_aggregate_man,edu_isced11_total,2016,16.842
nam,sex_m,eco_aggregate_man,edu_isced11_x,2012,0.687
nam,sex_m,eco_aggregate_man,edu_isced11_x,2013,0.953
nam,sex_m,eco_aggregate_man,edu_isced11_x,2014,0.838
nam,sex_m,eco_aggregate_mel,edu_aggregate_adv,2013,0.444
nam,sex_m,eco_aggregate_mel,edu_aggregate_adv,2014,0.294
nam,sex_m,eco_aggregate_mel,edu_aggregate_adv,2016,0.993
nam,sex_m,eco_aggregate_mel,edu_aggregate_bas,2012,1.035
nam,sex_m,eco_aggregate_mel,edu_aggregate_bas,2013,1.443
nam,sex_m,eco_aggregate_mel,edu_aggregate_bas,2014,1.986
nam,sex_m,eco_aggregate_mel,edu_aggregate_bas,2016,2.474
nam,sex_m,eco_aggregate_mel,edu_aggregate_bas,2018,0.713
nam,sex_m,eco_aggregate_mel,edu_aggregate_int,2016,2.289
nam,sex_m,eco_aggregate_mel,edu_aggregate_int,2018,1.137
nam,sex_m,eco_aggregate_mel,edu_aggregate_ltb,2012,0.295
nam,sex_m,eco_aggregate_mel,edu_aggregate_ltb,2013,1.005
nam,sex_m,eco_aggregate_mel,edu_aggregate_ltb,2014,0.61
nam,sex_m,eco_aggregate_mel,edu_aggregate_ltb,2016,0.621
nam,sex_m,eco_aggregate_mel,edu_aggregate_total,2012,1.428
nam,sex_m,eco_aggregate_mel,edu_aggregate_total,2013,2.98
nam,sex_m,eco_aggregate_mel,edu_aggregate_total,2014,2.923
nam,sex_m,eco_aggregate_mel,edu_aggregate_total,2016,7.09
nam,sex_m,eco_aggregate_mel,edu_aggregate_total,2018,2.226
nam,sex_m,eco_aggregate_mel,edu_aggregate_x,2016,0.713
nam,sex_m,eco_aggregate_mel,edu_isced11_0,2013,0.68
nam,sex_m,eco_aggregate_mel,edu_isced11_0,2016,0.467
nam,sex_m,eco_aggregate_mel,edu_isced11_1,2012,0.438
nam,sex_m,eco_aggregate_mel,edu_isced11_1,2013,0.276
nam,sex_m,eco_aggregate_mel,edu_isced11_1,2014,0.692
nam,sex_m,eco_aggregate_mel,edu_isced11_1,2016,1.231
nam,sex_m,eco_aggregate_mel,edu_isced11_2,2012,0.597
nam,sex_m,eco_aggregate_mel,edu_isced11_2,2013,1.167
nam,sex_m,eco_aggregate_mel,edu_isced11_2,2014,1.295
nam,sex_m,eco_aggregate_mel,edu_isced11_2,2016,1.243
nam,sex_m,eco_aggregate_mel,edu_isced11_3,2016,2.212
nam,sex_m,eco_aggregate_mel,edu_isced11_5,2016,0.554
nam,sex_m,eco_aggregate_mel,edu_isced11_6,2014,0.249
nam,sex_m,eco_aggregate_mel,edu_isced11_6,2016,0.298
nam,sex_m,eco_aggregate_mel,edu_isced11_9,2016,0.713
nam,sex_m,eco_aggregate_mel,edu_isced11_total,2012,1.428
nam,sex_m,eco_aggregate_mel,edu_isced11_total,2013,2.98
nam,sex_m,eco_aggregate_mel,edu_isced11_total,2014,2.923
nam,sex_m,eco_aggregate_mel,edu_isced11_total,2016,7.09
nam,sex_m,eco_aggregate_mel,edu_isced11_x,2013,0.325
nam,sex_m,eco_aggregate_mel,edu_isced11_x,2014,0.421
nam,sex_m,eco_aggregate_mkt,edu_aggregate_adv,2012,0.954
nam,sex_m,eco_aggregate_mkt,edu_aggregate_adv,2013,1.054
nam,sex_m,eco_aggregate_mkt,edu_aggregate_adv,2014,0.61
nam,sex_m,eco_aggregate_mkt,edu_aggregate_adv,2016,3.129
nam,sex_m,eco_aggregate_mkt,edu_aggregate_adv,2018,1.591
nam,sex_m,eco_aggregate_mkt,edu_aggregate_bas,2012,22.967
nam,sex_m,eco_aggregate_mkt,edu_aggregate_bas,2013,23.959
nam,sex_m,eco_aggregate_mkt,edu_aggregate_bas,2014,24.604
nam,sex_m,eco_aggregate_mkt,edu_aggregate_bas,2016,23.541
nam,sex_m,eco_aggregate_mkt,edu_aggregate_bas,2018,9.419
nam,sex_m,eco_aggregate_mkt,edu_aggregate_int,2016,9.363
nam,sex_m,eco_aggregate_mkt,edu_aggregate_int,2018,25.578
nam,sex_m,eco_aggregate_mkt,edu_aggregate_ltb,2012,6.624
nam,sex_m,eco_aggregate_mkt,edu_aggregate_ltb,2013,7.301
nam,sex_m,eco_aggregate_mkt,edu_aggregate_ltb,2014,6.758
nam,sex_m,eco_aggregate_mkt,edu_aggregate_ltb,2016,5.503
nam,sex_m,eco_aggregate_mkt,edu_aggregate_ltb,2018,5.081
nam,sex_m,eco_aggregate_mkt,edu_aggregate_total,2012,31.826
nam,sex_m,eco_aggregate_mkt,edu_aggregate_total,2013,32.891
nam,sex_m,eco_aggregate_mkt,edu_aggregate_total,2014,32.87
nam,sex_m,eco_aggregate_mkt,edu_aggregate_total,2016,46.034
nam,sex_m,eco_aggregate_mkt,edu_aggregate_total,2018,42.723
nam,sex_m,eco_aggregate_mkt,edu_aggregate_x,2012,1.201
nam,sex_m,eco_aggregate_mkt,edu_aggregate_x,2014,0.62
nam,sex_m,eco_aggregate_mkt,edu_aggregate_x,2016,4.497
nam,sex_m,eco_aggregate_mkt,edu_aggregate_x,2018,1.054
nam,sex_m,eco_aggregate_mkt,edu_isced11_0,2012,3.99
nam,sex_m,eco_aggregate_mkt,edu_isced11_0,2013,4.885
nam,sex_m,eco_aggregate_mkt,edu_isced11_0,2014,4.38
nam,sex_m,eco_aggregate_mkt,edu_isced11_0,2016,5.335
nam,sex_m,eco_aggregate_mkt,edu_isced11_1,2012,7.468
nam,sex_m,eco_aggregate_mkt,edu_isced11_1,2013,6.51
nam,sex_m,eco_aggregate_mkt,edu_isced11_1,2014,5.838
nam,sex_m,eco_aggregate_mkt,edu_isced11_1,2016,8.879
nam,sex_m,eco_aggregate_mkt,edu_isced11_2,2012,15.499
nam,sex_m,eco_aggregate_mkt,edu_isced11_2,2013,17.449
nam,sex_m,eco_aggregate_mkt,edu_isced11_2,2014,18.766
nam,sex_m,eco_aggregate_mkt,edu_isced11_2,2016,14.662
nam,sex_m,eco_aggregate_mkt,edu_isced11_3,2016,9.196
nam,sex_m,eco_aggregate_mkt,edu_isced11_5,2016,1.433
nam,sex_m,eco_aggregate_mkt,edu_isced11_6,2012,0.476
nam,sex_m,eco_aggregate_mkt,edu_isced11_6,2013,0.829
nam,sex_m,eco_aggregate_mkt,edu_isced11_6,2014,0.478
nam,sex_m,eco_aggregate_mkt,edu_isced11_6,2016,0.972
nam,sex_m,eco_aggregate_mkt,edu_isced11_7,2016,0.572
nam,sex_m,eco_aggregate_mkt,edu_isced11_9,2012,1.201
nam,sex_m,eco_aggregate_mkt,edu_isced11_9,2014,0.62
nam,sex_m,eco_aggregate_mkt,edu_isced11_9,2016,4.497
nam,sex_m,eco_aggregate_mkt,edu_isced11_total,2012,31.826
nam,sex_m,eco_aggregate_mkt,edu_isced11_total,2013,32.891
nam,sex_m,eco_aggregate_mkt,edu_isced11_total,2014,32.87
nam,sex_m,eco_aggregate_mkt,edu_isced11_total,2016,46.034
nam,sex_m,eco_aggregate_mkt,edu_isced11_x,2012,2.634
nam,sex_m,eco_aggregate_mkt,edu_isced11_x,2013,2.417
nam,sex_m,eco_aggregate_mkt,edu_isced11_x,2014,2.377
nam,sex_m,eco_aggregate_pub,edu_aggregate_adv,2012,0.712
nam,sex_m,eco_aggregate_pub,edu_aggregate_adv,2014,0.306
nam,sex_m,eco_aggregate_pub,edu_aggregate_adv,2016,1.082
nam,sex_m,eco_aggregate_pub,edu_aggregate_adv,2018,1.294
nam,sex_m,eco_aggregate_pub,edu_aggregate_bas,2012,9.243
nam,sex_m,eco_aggregate_pub,edu_aggregate_bas,2013,9.417
nam,sex_m,eco_aggregate_pub,edu_aggregate_bas,2014,12.144
nam,sex_m,eco_aggregate_pub,edu_aggregate_bas,2016,15.19
nam,sex_m,eco_aggregate_pub,edu_aggregate_bas,2018,8.461
nam,sex_m,eco_aggregate_pub,edu_aggregate_int,2016,3.802
nam,sex_m,eco_aggregate_pub,edu_aggregate_int,2018,9.806
nam,sex_m,eco_aggregate_pub,edu_aggregate_ltb,2012,9.089
nam,sex_m,eco_aggregate_pub,edu_aggregate_ltb,2013,8.618
nam,sex_m,eco_aggregate_pub,edu_aggregate_ltb,2014,13.428
nam,sex_m,eco_aggregate_pub,edu_aggregate_ltb,2016,5.99
nam,sex_m,eco_aggregate_pub,edu_aggregate_ltb,2018,6.122
nam,sex_m,eco_aggregate_pub,edu_aggregate_total,2012,19.795
nam,sex_m,eco_aggregate_pub,edu_aggregate_total,2013,18.577
nam,sex_m,eco_aggregate_pub,edu_aggregate_total,2014,25.979
nam,sex_m,eco_aggregate_pub,edu_aggregate_total,2016,33.053
nam,sex_m,eco_aggregate_pub,edu_aggregate_total,2018,26.607
nam,sex_m,eco_aggregate_pub,edu_aggregate_x,2012,0.752
nam,sex_m,eco_aggregate_pub,edu_aggregate_x,2016,6.99
nam,sex_m,eco_aggregate_pub,edu_aggregate_x,2018,0.924
nam,sex_m,eco_aggregate_pub,edu_isced11_0,2012,4.821
nam,sex_m,eco_aggregate_pub,edu_isced11_0,2013,4.671
nam,sex_m,eco_aggregate_pub,edu_isced11_0,2014,7.875
nam,sex_m,eco_aggregate_pub,edu_isced11_0,2016,5.684
nam,sex_m,eco_aggregate_pub,edu_isced11_1,2012,4.847
nam,sex_m,eco_aggregate_pub,edu_isced11_1,2013,4.76
nam,sex_m,eco_aggregate_pub,edu_isced11_1,2014,6.755
nam,sex_m,eco_aggregate_pub,edu_isced11_1,2016,7.751
nam,sex_m,eco_aggregate_pub,edu_isced11_2,2012,4.395
nam,sex_m,eco_aggregate_pub,edu_isced11_2,2013,4.657
nam,sex_m,eco_aggregate_pub,edu_isced11_2,2014,5.39
nam,sex_m,eco_aggregate_pub,edu_isced11_2,2016,7.439
nam,sex_m,eco_aggregate_pub,edu_isced11_3,2016,3.802
nam,sex_m,eco_aggregate_pub,edu_isced11_5,2016,0.276
nam,sex_m,eco_aggregate_pub,edu_isced11_6,2014,0.24
nam,sex_m,eco_aggregate_pub,edu_isced11_6,2016,0.455
nam,sex_m,eco_aggregate_pub,edu_isced11_8,2016,0.273
nam,sex_m,eco_aggregate_pub,edu_isced11_9,2012,0.752
nam,sex_m,eco_aggregate_pub,edu_isced11_9,2016,6.99
nam,sex_m,eco_aggregate_pub,edu_isced11_total,2012,19.795
nam,sex_m,eco_aggregate_pub,edu_isced11_total,2013,18.577
nam,sex_m,eco_aggregate_pub,edu_isced11_total,2014,25.979
nam,sex_m,eco_aggregate_pub,edu_isced11_total,2016,33.053
nam,sex_m,eco_aggregate_pub,edu_isced11_x,2012,4.267
nam,sex_m,eco_aggregate_pub,edu_isced11_x,2013,3.947
nam,sex_m,eco_aggregate_pub,edu_isced11_x,2014,5.553
nam,sex_m,eco_aggregate_pub,edu_isced11_x,2016,0.305
nam,sex_m,eco_aggregate_total,edu_aggregate_adv,2012,2.551
nam,sex_m,eco_aggregate_total,edu_aggregate_adv,2013,2.79
nam,sex_m,eco_aggregate_total,edu_aggregate_adv,2014,2.202
nam,sex_m,eco_aggregate_total,edu_aggregate_adv,2016,8.948
nam,sex_m,eco_aggregate_total,edu_aggregate_adv,2018,5.96
nam,sex_m,eco_aggregate_total,edu_aggregate_bas,2012,77.759
nam,sex_m,eco_aggregate_total,edu_aggregate_bas,2013,90.148
nam,sex_m,eco_aggregate_total,edu_aggregate_bas,2014,93.211
nam,sex_m,eco_aggregate_total,edu_aggregate_bas,2016,90.127
nam,sex_m,eco_aggregate_total,edu_aggregate_bas,2018,55.164
nam,sex_m,eco_aggregate_total,edu_aggregate_int,2013,0.734
nam,sex_m,eco_aggregate_total,edu_aggregate_int,2014,0.427
nam,sex_m,eco_aggregate_total,edu_aggregate_int,2016,26.514
nam,sex_m,eco_aggregate_total,edu_aggregate_int,2018,81.137
nam,sex_m,eco_aggregate_total,edu_aggregate_ltb,2012,64.352
nam,sex_m,eco_aggregate_total,edu_aggregate_ltb,2013,81.292
nam,sex_m,eco_aggregate_total,edu_aggregate_ltb,2014,83.062
nam,sex_m,eco_aggregate_total,edu_aggregate_ltb,2016,41.012
nam,sex_m,eco_aggregate_total,edu_aggregate_ltb,2018,39.006
nam,sex_m,eco_aggregate_total,edu_aggregate_total,2012,149.479
nam,sex_m,eco_aggregate_total,edu_aggregate_total,2013,176.714
nam,sex_m,eco_aggregate_total,edu_aggregate_total,2014,181.658
nam,sex_m,eco_aggregate_total,edu_aggregate_total,2016,210.338
nam,sex_m,eco_aggregate_total,edu_aggregate_total,2018,187.481
nam,sex_m,eco_aggregate_total,edu_aggregate_x,2012,4.585
nam,sex_m,eco_aggregate_total,edu_aggregate_x,2013,1.75
nam,sex_m,eco_aggregate_total,edu_aggregate_x,2014,2.756
nam,sex_m,eco_aggregate_total,edu_aggregate_x,2016,43.736
nam,sex_m,eco_aggregate_total,edu_aggregate_x,2018,6.215
nam,sex_m,eco_aggregate_total,edu_isced11_0,2012,35.401
nam,sex_m,eco_aggregate_total,edu_isced11_0,2013,44.117
nam,sex_m,eco_aggregate_total,edu_isced11_0,2014,44.482
nam,sex_m,eco_aggregate_total,edu_isced11_0,2016,39.332
nam,sex_m,eco_aggregate_total,edu_isced11_1,2012,34.917
nam,sex_m,eco_aggregate_total,edu_isced11_1,2013,40.96
nam,sex_m,eco_aggregate_total,edu_isced11_1,2014,39.701
nam,sex_m,eco_aggregate_total,edu_isced11_1,2016,46.66
nam,sex_m,eco_aggregate_total,edu_isced11_2,2012,42.842
nam,sex_m,eco_aggregate_total,edu_isced11_2,2013,49.188
nam,sex_m,eco_aggregate_total,edu_isced11_2,2014,53.51
nam,sex_m,eco_aggregate_total,edu_isced11_2,2016,43.467
nam,sex_m,eco_aggregate_total,edu_isced11_3,2013,0.4
nam,sex_m,eco_aggregate_total,edu_isced11_3,2016,25.563
nam,sex_m,eco_aggregate_total,edu_isced11_4,2013,0.334
nam,sex_m,eco_aggregate_total,edu_isced11_4,2016,0.951
nam,sex_m,eco_aggregate_total,edu_isced11_5,2012,0.907
nam,sex_m,eco_aggregate_total,edu_isced11_5,2013,0.462
nam,sex_m,eco_aggregate_total,edu_isced11_5,2014,0.675
nam,sex_m,eco_aggregate_total,edu_isced11_5,2016,4.337
nam,sex_m,eco_aggregate_total,edu_isced11_6,2012,1.327
nam,sex_m,eco_aggregate_total,edu_isced11_6,2013,1.933
nam,sex_m,eco_aggregate_total,edu_isced11_6,2014,1.489
nam,sex_m,eco_aggregate_total,edu_isced11_6,2016,2.954
nam,sex_m,eco_aggregate_total,edu_isced11_7,2016,1.191
nam,sex_m,eco_aggregate_total,edu_isced11_8,2016,0.466
nam,sex_m,eco_aggregate_total,edu_isced11_9,2012,4.585
nam,sex_m,eco_aggregate_total,edu_isced11_9,2013,1.75
nam,sex_m,eco_aggregate_total,edu_isced11_9,2014,2.756
nam,sex_m,eco_aggregate_total,edu_isced11_9,2016,43.736
nam,sex_m,eco_aggregate_total,edu_isced11_total,2012,149.479
nam,sex_m,eco_aggregate_total,edu_isced11_total,2013,176.714
nam,sex_m,eco_aggregate_total,edu_isced11_total,2014,181.658
nam,sex_m,eco_aggregate_total,edu_isced11_total,2016,210.338
nam,sex_m,eco_aggregate_total,edu_isced11_x,2012,28.951
nam,sex_m,eco_aggregate_total,edu_isced11_x,2013,37.176
nam,sex_m,eco_aggregate_total,edu_isced11_x,2014,38.58
nam,sex_m,eco_aggregate_total,edu_isced11_x,2016,1.681
nam,sex_m,eco_aggregate_x,edu_aggregate_bas,2013,0.375
nam,sex_m,eco_aggregate_x,edu_aggregate_int,2018,0.408
nam,sex_m,eco_aggregate_x,edu_aggregate_ltb,2013,0.408
nam,sex_m,eco_aggregate_x,edu_aggregate_ltb,2018,0.259
nam,sex_m,eco_aggregate_x,edu_aggregate_total,2013,0.932
nam,sex_m,eco_aggregate_x,edu_aggregate_total,2018,0.839
nam,sex_m,eco_aggregate_x,edu_isced11_0,2013,0.25
nam,sex_m,eco_aggregate_x,edu_isced11_2,2013,0.375
nam,sex_m,eco_aggregate_x,edu_isced11_total,2013,0.932
nam,sex_m,eco_isic4_a,edu_aggregate_adv,2012,0.234
nam,sex_m,eco_isic4_a,edu_aggregate_adv,2013,0.324
nam,sex_m,eco_isic4_a,edu_aggregate_adv,2014,0.642
nam,sex_m,eco_isic4_a,edu_aggregate_adv,2016,1.151
nam,sex_m,eco_isic4_a,edu_aggregate_adv,2018,2.002
nam,sex_m,eco_isic4_a,edu_aggregate_bas,2012,25.697
nam,sex_m,eco_isic4_a,edu_aggregate_bas,2013,32.33
nam,sex_m,eco_isic4_a,edu_aggregate_bas,2014,31.252
nam,sex_m,eco_isic4_a,edu_aggregate_bas,2016,20.67
nam,sex_m,eco_isic4_a,edu_aggregate_bas,2018,26.162
nam,sex_m,eco_isic4_a,edu_aggregate_int,2016,2.731
nam,sex_m,eco_isic4_a,edu_aggregate_int,2018,20.351
nam,sex_m,eco_isic4_a,edu_aggregate_ltb,2012,40.433
nam,sex_m,eco_isic4_a,edu_aggregate_ltb,2013,52.692
nam,sex_m,eco_isic4_a,edu_aggregate_ltb,2014,50.912
nam,sex_m,eco_isic4_a,edu_aggregate_ltb,2016,17.773
nam,sex_m,eco_isic4_a,edu_aggregate_ltb,2018,23.959
nam,sex_m,eco_isic4_a,edu_aggregate_total,2012,68.04
nam,sex_m,eco_isic4_a,edu_aggregate_total,2013,86.509
nam,sex_m,eco_isic4_a,edu_aggregate_total,2014,84.263
nam,sex_m,eco_isic4_a,edu_aggregate_total,2016,65.121
nam,sex_m,eco_isic4_a,edu_aggregate_total,2018,75.44
nam,sex_m,eco_isic4_a,edu_aggregate_x,2012,1.677
nam,sex_m,eco_isic4_a,edu_aggregate_x,2013,0.981
nam,sex_m,eco_isic4_a,edu_aggregate_x,2014,1.307
nam,sex_m,eco_isic4_a,edu_aggregate_x,2016,22.796
nam,sex_m,eco_isic4_a,edu_aggregate_x,2018,2.966
nam,sex_m,eco_isic4_a,edu_isced11_0,2012,20.806
nam,sex_m,eco_isic4_a,edu_isced11_0,2013,26.999
nam,sex_m,eco_isic4_a,edu_isced11_0,2014,25.138
nam,sex_m,eco_isic4_a,edu_isced11_0,2016,17.179
nam,sex_m,eco_isic4_a,edu_isced11_1,2012,14.681
nam,sex_m,eco_isic4_a,edu_isced11_1,2013,19.749
nam,sex_m,eco_isic4_a,edu_isced11_1,2014,17.452
nam,sex_m,eco_isic4_a,edu_isced11_1,2016,14.459
nam,sex_m,eco_isic4_a,edu_isced11_2,2012,11.016
nam,sex_m,eco_isic4_a,edu_isced11_2,2013,12.581
nam,sex_m,eco_isic4_a,edu_isced11_2,2014,13.8
nam,sex_m,eco_isic4_a,edu_isced11_2,2016,6.211
nam,sex_m,eco_isic4_a,edu_isced11_3,2016,2.592
nam,sex_m,eco_isic4_a,edu_isced11_5,2014,0.241
nam,sex_m,eco_isic4_a,edu_isced11_5,2016,0.342
nam,sex_m,eco_isic4_a,edu_isced11_6,2012,0.204
nam,sex_m,eco_isic4_a,edu_isced11_6,2013,0.261
nam,sex_m,eco_isic4_a,edu_isced11_6,2014,0.401
nam,sex_m,eco_isic4_a,edu_isced11_6,2016,0.678
nam,sex_m,eco_isic4_a,edu_isced11_9,2012,1.677
nam,sex_m,eco_isic4_a,edu_isced11_9,2013,0.981
nam,sex_m,eco_isic4_a,edu_isced11_9,2014,1.307
nam,sex_m,eco_isic4_a,edu_isced11_9,2016,22.796
nam,sex_m,eco_isic4_a,edu_isced11_total,2012,68.04
nam,sex_m,eco_isic4_a,edu_isced11_total,2013,86.509
nam,sex_m,eco_isic4_a,edu_isced11_total,2014,84.263
nam,sex_m,eco_isic4_a,edu_isced11_total,2016,65.121
nam,sex_m,eco_isic4_a,edu_isced11_x,2012,19.626
nam,sex_m,eco_isic4_a,edu_isced11_x,2013,25.693
nam,sex_m,eco_isic4_a,edu_isced11_x,2014,25.774
nam,sex_m,eco_isic4_a,edu_isced11_x,2016,0.594
nam,sex_m,eco_isic4_b,edu_aggregate_adv,2016,0.742
nam,sex_m,eco_isic4_b,edu_aggregate_bas,2012,0.579
nam,sex_m,eco_isic4_b,edu_aggregate_bas,2013,1.073
nam,sex_m,eco_isic4_b,edu_aggregate_bas,2014,1.41
nam,sex_m,eco_isic4_b,edu_aggregate_bas,2016,1.362
nam,sex_m,eco_isic4_b,edu_aggregate_int,2016,1.54
nam,sex_m,eco_isic4_b,edu_aggregate_int,2018,0.905
nam,sex_m,eco_isic4_b,edu_aggregate_ltb,2013,0.646
nam,sex_m,eco_isic4_b,edu_aggregate_ltb,2014,0.38
nam,sex_m,eco_isic4_b,edu_aggregate_total,2012,0.788
nam,sex_m,eco_isic4_b,edu_aggregate_total,2013,2.079
nam,sex_m,eco_isic4_b,edu_aggregate_total,2014,1.992
nam,sex_m,eco_isic4_b,edu_aggregate_total,2016,4.264
nam,sex_m,eco_isic4_b,edu_aggregate_total,2018,1.296
nam,sex_m,eco_isic4_b,edu_aggregate_x,2016,0.445
nam,sex_m,eco_isic4_b,edu_isced11_0,2013,0.517
nam,sex_m,eco_isic4_b,edu_isced11_1,2012,0.337
nam,sex_m,eco_isic4_b,edu_isced11_1,2014,0.509
nam,sex_m,eco_isic4_b,edu_isced11_1,2016,0.567
nam,sex_m,eco_isic4_b,edu_isced11_2,2013,0.92
nam,sex_m,eco_isic4_b,edu_isced11_2,2014,0.901
nam,sex_m,eco_isic4_b,edu_isced11_2,2016,0.795
nam,sex_m,eco_isic4_b,edu_isced11_3,2016,1.464
nam,sex_m,eco_isic4_b,edu_isced11_5,2016,0.39
nam,sex_m,eco_isic4_b,edu_isced11_6,2016,0.25
nam,sex_m,eco_isic4_b,edu_isced11_9,2016,0.445
nam,sex_m,eco_isic4_b,edu_isced11_total,2012,0.788
nam,sex_m,eco_isic4_b,edu_isced11_total,2013,2.079
nam,sex_m,eco_isic4_b,edu_isced11_total,2014,1.992
nam,sex_m,eco_isic4_b,edu_isced11_total,2016,4.264
nam,sex_m,eco_isic4_c,edu_aggregate_adv,2016,1.351
nam,sex_m,eco_isic4_c,edu_aggregate_adv,2018,0.631
nam,sex_m,eco_isic4_c,edu_aggregate_bas,2012,3.608
nam,sex_m,eco_isic4_c,edu_aggregate_bas,2013,5.88
nam,sex_m,eco_isic4_c,edu_aggregate_bas,2014,3.466
nam,sex_m,eco_isic4_c,edu_aggregate_bas,2016,8.062
nam,sex_m,eco_isic4_c,edu_aggregate_bas,2018,3.237
nam,sex_m,eco_isic4_c,edu_aggregate_int,2016,3.297
nam,sex_m,eco_isic4_c,edu_aggregate_int,2018,6.663
nam,sex_m,eco_isic4_c,edu_aggregate_ltb,2012,1.603
nam,sex_m,eco_isic4_c,edu_aggregate_ltb,2013,2.525
nam,sex_m,eco_isic4_c,edu_aggregate_ltb,2014,1.503
nam,sex_m,eco_isic4_c,edu_aggregate_ltb,2016,1.81
nam,sex_m,eco_isic4_c,edu_aggregate_ltb,2018,0.854
nam,sex_m,eco_isic4_c,edu_aggregate_total,2012,5.59
nam,sex_m,eco_isic4_c,edu_aggregate_total,2013,8.636
nam,sex_m,eco_isic4_c,edu_aggregate_total,2014,5.014
nam,sex_m,eco_isic4_c,edu_aggregate_total,2016,16.842
nam,sex_m,eco_isic4_c,edu_aggregate_total,2018,11.737
nam,sex_m,eco_isic4_c,edu_aggregate_x,2016,2.323
nam,sex_m,eco_isic4_c,edu_aggregate_x,2018,0.352
nam,sex_m,eco_isic4_c,edu_isced11_0,2012,0.915
nam,sex_m,eco_isic4_c,edu_isced11_0,2013,1.573
nam,sex_m,eco_isic4_c,edu_isced11_0,2014,0.665
nam,sex_m,eco_isic4_c,edu_isced11_0,2016,1.81
nam,sex_m,eco_isic4_c,edu_isced11_1,2012,1.169
nam,sex_m,eco_isic4_c,edu_isced11_1,2013,2.071
nam,sex_m,eco_isic4_c,edu_isced11_1,2014,0.99
nam,sex_m,eco_isic4_c,edu_isced11_1,2016,3.964
nam,sex_m,eco_isic4_c,edu_isced11_2,2012,2.44
nam,sex_m,eco_isic4_c,edu_isced11_2,2013,3.809
nam,sex_m,eco_isic4_c,edu_isced11_2,2014,2.475
nam,sex_m,eco_isic4_c,edu_isced11_2,2016,4.098
nam,sex_m,eco_isic4_c,edu_isced11_3,2016,3.152
nam,sex_m,eco_isic4_c,edu_isced11_5,2016,0.824
nam,sex_m,eco_isic4_c,edu_isced11_9,2016,2.323
nam,sex_m,eco_isic4_c,edu_isced11_total,2012,5.59
nam,sex_m,eco_isic4_c,edu_isced11_total,2013,8.636
nam,sex_m,eco_isic4_c,edu_isced11_total,2014,5.014
nam,sex_m,eco_isic4_c,edu_isced11_total,2016,16.842
nam,sex_m,eco_isic4_c,edu_isced11_x,2012,0.687
nam,sex_m,eco_isic4_c,edu_isced11_x,2013,0.953
nam,sex_m,eco_isic4_c,edu_isced11_x,2014,0.838
nam,sex_m,eco_isic4_d,edu_aggregate_adv,2016,0.251
nam,sex_m,eco_isic4_d,edu_aggregate_bas,2014,0.396
nam,sex_m,eco_isic4_d,edu_aggregate_bas,2016,0.631
nam,sex_m,eco_isic4_d,edu_aggregate_int,2016,0.581
nam,sex_m,eco_isic4_d,edu_aggregate_total,2014,0.594
nam,sex_m,eco_isic4_d,edu_aggregate_total,2016,1.826
nam,sex_m,eco_isic4_d,edu_aggregate_total,2018,0.322
nam,sex_m,eco_isic4_d,edu_isced11_1,2016,0.444
nam,sex_m,eco_isic4_d,edu_isced11_2,2016,0.187
nam,sex_m,eco_isic4_d,edu_isced11_3,2016,0.581
nam,sex_m,eco_isic4_d,edu_isced11_total,2014,0.594
nam,sex_m,eco_isic4_d,edu_isced11_total,2016,1.826
nam,sex_m,eco_isic4_e,edu_aggregate_bas,2012,0.345
nam,sex_m,eco_isic4_e,edu_aggregate_bas,2016,0.481
nam,sex_m,eco_isic4_e,edu_aggregate_bas,2018,0.498
nam,sex_m,eco_isic4_e,edu_aggregate_ltb,2012,0.184
nam,sex_m,eco_isic4_e,edu_aggregate_ltb,2013,0.358
nam,sex_m,eco_isic4_e,edu_aggregate_ltb,2016,0.272
nam,sex_m,eco_isic4_e,edu_aggregate_total,2012,0.529
nam,sex_m,eco_isic4_e,edu_aggregate_total,2013,0.603
nam,sex_m,eco_isic4_e,edu_aggregate_total,2014,0.337
nam,sex_m,eco_isic4_e,edu_aggregate_total,2016,1
nam,sex_m,eco_isic4_e,edu_aggregate_total,2018,0.609
nam,sex_m,eco_isic4_e,edu_isced11_1,2016,0.22
nam,sex_m,eco_isic4_e,edu_isced11_2,2012,0.244
nam,sex_m,eco_isic4_e,edu_isced11_2,2016,0.261
nam,sex_m,eco_isic4_e,edu_isced11_total,2012,0.529
nam,sex_m,eco_isic4_e,edu_isced11_total,2013,0.603
nam,sex_m,eco_isic4_e,edu_isced11_total,2014,0.337
nam,sex_m,eco_isic4_e,edu_isced11_total,2016,1
nam,sex_m,eco_isic4_f,edu_aggregate_adv,2012,0.363
nam,sex_m,eco_isic4_f,edu_aggregate_adv,2013,0.349
nam,sex_m,eco_isic4_f,edu_aggregate_adv,2014,0.35
nam,sex_m,eco_isic4_f,edu_aggregate_adv,2016,1.242
nam,sex_m,eco_isic4_f,edu_aggregate_adv,2018,0.364
nam,sex_m,eco_isic4_f,edu_aggregate_bas,2012,15.107
nam,sex_m,eco_isic4_f,edu_aggregate_bas,2013,16.745
nam,sex_m,eco_isic4_f,edu_aggregate_bas,2014,19.637
nam,sex_m,eco_isic4_f,edu_aggregate_bas,2016,20.092
nam,sex_m,eco_isic4_f,edu_aggregate_bas,2018,7.044
nam,sex_m,eco_isic4_f,edu_aggregate_int,2016,5.032
nam,sex_m,eco_isic4_f,edu_aggregate_int,2018,17.195
nam,sex_m,eco_isic4_f,edu_aggregate_ltb,2012,6.308
nam,sex_m,eco_isic4_f,edu_aggregate_ltb,2013,8.744
nam,sex_m,eco_isic4_f,edu_aggregate_ltb,2014,9.795
nam,sex_m,eco_isic4_f,edu_aggregate_ltb,2016,9.316
nam,sex_m,eco_isic4_f,edu_aggregate_ltb,2018,2.504
nam,sex_m,eco_isic4_f,edu_aggregate_total,2012,22.697
nam,sex_m,eco_isic4_f,edu_aggregate_total,2013,26.187
nam,sex_m,eco_isic4_f,edu_aggregate_total,2014,30.333
nam,sex_m,eco_isic4_f,edu_aggregate_total,2016,42.099
nam,sex_m,eco_isic4_f,edu_aggregate_total,2018,27.908
nam,sex_m,eco_isic4_f,edu_aggregate_x,2012,0.767
nam,sex_m,eco_isic4_f,edu_aggregate_x,2013,0.298
nam,sex_m,eco_isic4_f,edu_aggregate_x,2014,0.55
nam,sex_m,eco_isic4_f,edu_aggregate_x,2016,6.418
nam,sex_m,eco_isic4_f,edu_aggregate_x,2018,0.801
nam,sex_m,eco_isic4_f,edu_isced11_0,2012,4.758
nam,sex_m,eco_isic4_f,edu_isced11_0,2013,5.059
nam,sex_m,eco_isic4_f,edu_isced11_0,2014,6.178
nam,sex_m,eco_isic4_f,edu_isced11_0,2016,8.857
nam,sex_m,eco_isic4_f,edu_isced11_1,2012,6.314
nam,sex_m,eco_isic4_f,edu_isced11_1,2013,7.593
nam,sex_m,eco_isic4_f,edu_isced11_1,2014,7.974
nam,sex_m,eco_isic4_f,edu_isced11_1,2016,10.348
nam,sex_m,eco_isic4_f,edu_isced11_2,2012,8.793
nam,sex_m,eco_isic4_f,edu_isced11_2,2013,9.151
nam,sex_m,eco_isic4_f,edu_isced11_2,2014,11.662
nam,sex_m,eco_isic4_f,edu_isced11_2,2016,9.743
nam,sex_m,eco_isic4_f,edu_isced11_3,2016,4.608
nam,sex_m,eco_isic4_f,edu_isced11_4,2016,0.424
nam,sex_m,eco_isic4_f,edu_isced11_5,2016,0.908
nam,sex_m,eco_isic4_f,edu_isced11_6,2012,0.298
nam,sex_m,eco_isic4_f,edu_isced11_6,2016,0.298
nam,sex_m,eco_isic4_f,edu_isced11_9,2012,0.767
nam,sex_m,eco_isic4_f,edu_isced11_9,2013,0.298
nam,sex_m,eco_isic4_f,edu_isced11_9,2014,0.55
nam,sex_m,eco_isic4_f,edu_isced11_9,2016,6.418
nam,sex_m,eco_isic4_f,edu_isced11_total,2012,22.697
nam,sex_m,eco_isic4_f,edu_isced11_total,2013,26.187
nam,sex_m,eco_isic4_f,edu_isced11_total,2014,30.333
nam,sex_m,eco_isic4_f,edu_isced11_total,2016,42.099
nam,sex_m,eco_isic4_f,edu_isced11_x,2012,1.55
nam,sex_m,eco_isic4_f,edu_isced11_x,2013,3.685
nam,sex_m,eco_isic4_f,edu_isced11_x,2014,3.617
nam,sex_m,eco_isic4_f,edu_isced11_x,2016,0.459
nam,sex_m,eco_isic4_g,edu_aggregate_adv,2012,0.396
nam,sex_m,eco_isic4_g,edu_aggregate_adv,2014,0.385
nam,sex_m,eco_isic4_g,edu_aggregate_adv,2016,0.7
nam,sex_m,eco_isic4_g,edu_aggregate_adv,2018,0.661
nam,sex_m,eco_isic4_g,edu_aggregate_bas,2012,8.859
nam,sex_m,eco_isic4_g,edu_aggregate_bas,2013,8.469
nam,sex_m,eco_isic4_g,edu_aggregate_bas,2014,11.45
nam,sex_m,eco_isic4_g,edu_aggregate_bas,2016,7.256
nam,sex_m,eco_isic4_g,edu_aggregate_bas,2018,3.947
nam,sex_m,eco_isic4_g,edu_aggregate_int,2016,3.724
nam,sex_m,eco_isic4_g,edu_aggregate_int,2018,9.489
nam,sex_m,eco_isic4_g,edu_aggregate_ltb,2012,3.822
nam,sex_m,eco_isic4_g,edu_aggregate_ltb,2013,3.216
nam,sex_m,eco_isic4_g,edu_aggregate_ltb,2014,3.841
nam,sex_m,eco_isic4_g,edu_aggregate_ltb,2016,1.661
nam,sex_m,eco_isic4_g,edu_aggregate_ltb,2018,2.659
nam,sex_m,eco_isic4_g,edu_aggregate_total,2012,13.813
nam,sex_m,eco_isic4_g,edu_aggregate_total,2013,12.209
nam,sex_m,eco_isic4_g,edu_aggregate_total,2014,16.086
nam,sex_m,eco_isic4_g,edu_aggregate_total,2016,15.761
nam,sex_m,eco_isic4_g,edu_aggregate_total,2018,17.255
nam,sex_m,eco_isic4_g,edu_aggregate_x,2012,0.71
nam,sex_m,eco_isic4_g,edu_aggregate_x,2016,2.419
nam,sex_m,eco_isic4_g,edu_aggregate_x,2018,0.5
nam,sex_m,eco_isic4_g,edu_isced11_0,2012,1.965
nam,sex_m,eco_isic4_g,edu_isced11_0,2013,2.191
nam,sex_m,eco_isic4_g,edu_isced11_0,2014,2.563
nam,sex_m,eco_isic4_g,edu_isced11_0,2016,1.6
nam,sex_m,eco_isic4_g,edu_isced11_1,2012,3.147
nam,sex_m,eco_isic4_g,edu_isced11_1,2013,3.089
nam,sex_m,eco_isic4_g,edu_isced11_1,2014,2.814
nam,sex_m,eco_isic4_g,edu_isced11_1,2016,2.956
nam,sex_m,eco_isic4_g,edu_isced11_2,2012,5.712
nam,sex_m,eco_isic4_g,edu_isced11_2,2013,5.379
nam,sex_m,eco_isic4_g,edu_isced11_2,2014,8.636
nam,sex_m,eco_isic4_g,edu_isced11_2,2016,4.301
nam,sex_m,eco_isic4_g,edu_isced11_3,2016,3.692
nam,sex_m,eco_isic4_g,edu_isced11_5,2016,0.446
nam,sex_m,eco_isic4_g,edu_isced11_6,2014,0.348
nam,sex_m,eco_isic4_g,edu_isced11_9,2012,0.71
nam,sex_m,eco_isic4_g,edu_isced11_9,2016,2.419
nam,sex_m,eco_isic4_g,edu_isced11_total,2012,13.813
nam,sex_m,eco_isic4_g,edu_isced11_total,2013,12.209
nam,sex_m,eco_isic4_g,edu_isced11_total,2014,16.086
nam,sex_m,eco_isic4_g,edu_isced11_total,2016,15.761
nam,sex_m,eco_isic4_g,edu_isced11_x,2012,1.857
nam,sex_m,eco_isic4_g,edu_isced11_x,2013,1.025
nam,sex_m,eco_isic4_g,edu_isced11_x,2014,1.277
nam,sex_m,eco_isic4_h,edu_aggregate_adv,2016,0.601
nam,sex_m,eco_isic4_h,edu_aggregate_bas,2012,6.241
nam,sex_m,eco_isic4_h,edu_aggregate_bas,2013,6.997
nam,sex_m,eco_isic4_h,edu_aggregate_bas,2014,6.972
nam,sex_m,eco_isic4_h,edu_aggregate_bas,2016,6.424
nam,sex_m,eco_isic4_h,edu_aggregate_bas,2018,1.236
nam,sex_m,eco_isic4_h,edu_aggregate_int,2016,2.1
nam,sex_m,eco_isic4_h,edu_aggregate_int,2018,6.837
nam,sex_m,eco_isic4_h,edu_aggregate_ltb,2012,0.819
nam,sex_m,eco_isic4_h,edu_aggregate_ltb,2013,1.133
nam,sex_m,eco_isic4_h,edu_aggregate_ltb,2014,1.298
nam,sex_m,eco_isic4_h,edu_aggregate_ltb,2016,1.142
nam,sex_m,eco_isic4_h,edu_aggregate_ltb,2018,0.323
nam,sex_m,eco_isic4_h,edu_aggregate_total,2012,7.336
nam,sex_m,eco_isic4_h,edu_aggregate_total,2013,8.454
nam,sex_m,eco_isic4_h,edu_aggregate_total,2014,8.598
nam,sex_m,eco_isic4_h,edu_aggregate_total,2016,10.587
nam,sex_m,eco_isic4_h,edu_aggregate_total,2018,8.736
nam,sex_m,eco_isic4_h,edu_aggregate_x,2016,0.32
nam,sex_m,eco_isic4_h,edu_isced11_0,2012,0.648
nam,sex_m,eco_isic4_h,edu_isced11_0,2013,0.953
nam,sex_m,eco_isic4_h,edu_isced11_0,2014,0.845
nam,sex_m,eco_isic4_h,edu_isced11_0,2016,1.034
nam,sex_m,eco_isic4_h,edu_isced11_1,2012,1.789
nam,sex_m,eco_isic4_h,edu_isced11_1,2013,1.439
nam,sex_m,eco_isic4_h,edu_isced11_1,2014,1.445
nam,sex_m,eco_isic4_h,edu_isced11_1,2016,1.442
nam,sex_m,eco_isic4_h,edu_isced11_2,2012,4.452
nam,sex_m,eco_isic4_h,edu_isced11_2,2013,5.558
nam,sex_m,eco_isic4_h,edu_isced11_2,2014,5.528
nam,sex_m,eco_isic4_h,edu_isced11_2,2016,4.982
nam,sex_m,eco_isic4_h,edu_isced11_3,2016,2.1
nam,sex_m,eco_isic4_h,edu_isced11_5,2016,0.258
nam,sex_m,eco_isic4_h,edu_isced11_9,2016,0.32
nam,sex_m,eco_isic4_h,edu_isced11_total,2012,7.336
nam,sex_m,eco_isic4_h,edu_isced11_total,2013,8.454
nam,sex_m,eco_isic4_h,edu_isced11_total,2014,8.598
nam,sex_m,eco_isic4_h,edu_isced11_total,2016,10.587
nam,sex_m,eco_isic4_h,edu_isced11_x,2014,0.453
nam,sex_m,eco_isic4_i,edu_aggregate_bas,2012,3.244
nam,sex_m,eco_isic4_i,edu_aggregate_bas,2013,2.51
nam,sex_m,eco_isic4_i,edu_aggregate_bas,2014,2.521
nam,sex_m,eco_isic4_i,edu_aggregate_bas,2016,2.693
nam,sex_m,eco_isic4_i,edu_aggregate_bas,2018,3.208
nam,sex_m,eco_isic4_i,edu_aggregate_int,2016,1.015
nam,sex_m,eco_isic4_i,edu_aggregate_int,2018,4.61
nam,sex_m,eco_isic4_i,edu_aggregate_ltb,2012,1.486
nam,sex_m,eco_isic4_i,edu_aggregate_ltb,2013,0.8
nam,sex_m,eco_isic4_i,edu_aggregate_ltb,2014,0.462
nam,sex_m,eco_isic4_i,edu_aggregate_ltb,2016,0.631
nam,sex_m,eco_isic4_i,edu_aggregate_ltb,2018,1.074
nam,sex_m,eco_isic4_i,edu_aggregate_total,2012,5.125
nam,sex_m,eco_isic4_i,edu_aggregate_total,2013,3.309
nam,sex_m,eco_isic4_i,edu_aggregate_total,2014,3.158
nam,sex_m,eco_isic4_i,edu_aggregate_total,2016,5.465
nam,sex_m,eco_isic4_i,edu_aggregate_total,2018,9.287
nam,sex_m,eco_isic4_i,edu_aggregate_x,2016,0.937
nam,sex_m,eco_isic4_i,edu_isced11_0,2012,1.016
nam,sex_m,eco_isic4_i,edu_isced11_0,2013,0.579
nam,sex_m,eco_isic4_i,edu_isced11_0,2016,0.631
nam,sex_m,eco_isic4_i,edu_isced11_1,2012,1.345
nam,sex_m,eco_isic4_i,edu_isced11_1,2013,0.648
nam,sex_m,eco_isic4_i,edu_isced11_1,2014,0.43
nam,sex_m,eco_isic4_i,edu_isced11_1,2016,1.435
nam,sex_m,eco_isic4_i,edu_isced11_2,2012,1.899
nam,sex_m,eco_isic4_i,edu_isced11_2,2013,1.861
nam,sex_m,eco_isic4_i,edu_isced11_2,2014,2.091
nam,sex_m,eco_isic4_i,edu_isced11_2,2016,1.258
nam,sex_m,eco_isic4_i,edu_isced11_3,2016,0.88
nam,sex_m,eco_isic4_i,edu_isced11_9,2016,0.937
nam,sex_m,eco_isic4_i,edu_isced11_total,2012,5.125
nam,sex_m,eco_isic4_i,edu_isced11_total,2013,3.309
nam,sex_m,eco_isic4_i,edu_isced11_total,2014,3.158
nam,sex_m,eco_isic4_i,edu_isced11_total,2016,5.465
nam,sex_m,eco_isic4_i,edu_isced11_x,2012,0.47
nam,sex_m,eco_isic4_i,edu_isced11_x,2014,0.3
nam,sex_m,eco_isic4_j,edu_aggregate_bas,2012,0.508
nam,sex_m,eco_isic4_j,edu_aggregate_bas,2016,0.339
nam,sex_m,eco_isic4_j,edu_aggregate_int,2018,0.387
nam,sex_m,eco_isic4_j,edu_aggregate_total,2012,0.594
nam,sex_m,eco_isic4_j,edu_aggregate_total,2013,0.421
nam,sex_m,eco_isic4_j,edu_aggregate_total,2016,0.768
nam,sex_m,eco_isic4_j,edu_aggregate_total,2018,0.597
nam,sex_m,eco_isic4_j,edu_isced11_2,2012,0.508
nam,sex_m,eco_isic4_j,edu_isced11_2,2016,0.303
nam,sex_m,eco_isic4_j,edu_isced11_total,2012,0.594
nam,sex_m,eco_isic4_j,edu_isced11_total,2013,0.421
nam,sex_m,eco_isic4_j,edu_isced11_total,2016,0.768
nam,sex_m,eco_isic4_k,edu_aggregate_adv,2016,0.771
nam,sex_m,eco_isic4_k,edu_aggregate_bas,2012,0.305
nam,sex_m,eco_isic4_k,edu_aggregate_bas,2013,0.692
nam,sex_m,eco_isic4_k,edu_aggregate_bas,2016,0.634
nam,sex_m,eco_isic4_k,edu_aggregate_int,2016,0.255
nam,sex_m,eco_isic4_k,edu_aggregate_total,2012,0.477
nam,sex_m,eco_isic4_k,edu_aggregate_total,2013,0.879
nam,sex_m,eco_isic4_k,edu_aggregate_total,2016,1.835
nam,sex_m,eco_isic4_k,edu_isced11_2,2012,0.305
nam,sex_m,eco_isic4_k,edu_isced11_2,2013,0.658
nam,sex_m,eco_isic4_k,edu_isced11_2,2016,0.527
nam,sex_m,eco_isic4_k,edu_isced11_3,2016,0.255
nam,sex_m,eco_isic4_k,edu_isced11_5,2016,0.269
nam,sex_m,eco_isic4_k,edu_isced11_total,2012,0.477
nam,sex_m,eco_isic4_k,edu_isced11_total,2013,0.879
nam,sex_m,eco_isic4_k,edu_isced11_total,2016,1.835
nam,sex_m,eco_isic4_l,edu_aggregate_bas,2016,0.285
nam,sex_m,eco_isic4_l,edu_aggregate_total,2016,0.334
nam,sex_m,eco_isic4_l,edu_isced11_total,2016,0.334
nam,sex_m,eco_isic4_m,edu_aggregate_adv,2016,0.624
nam,sex_m,eco_isic4_m,edu_aggregate_bas,2012,0.64
nam,sex_m,eco_isic4_m,edu_aggregate_bas,2014,0.685
nam,sex_m,eco_isic4_m,edu_aggregate_bas,2016,0.224
nam,sex_m,eco_isic4_m,edu_aggregate_int,2016,0.616
nam,sex_m,eco_isic4_m,edu_aggregate_int,2018,0.44
nam,sex_m,eco_isic4_m,edu_aggregate_total,2012,0.734
nam,sex_m,eco_isic4_m,edu_aggregate_total,2013,0.454
nam,sex_m,eco_isic4_m,edu_aggregate_total,2014,0.815
nam,sex_m,eco_isic4_m,edu_aggregate_total,2016,1.487
nam,sex_m,eco_isic4_m,edu_aggregate_total,2018,0.86
nam,sex_m,eco_isic4_m,edu_isced11_2,2012,0.503
nam,sex_m,eco_isic4_m,edu_isced11_2,2014,0.528
nam,sex_m,eco_isic4_m,edu_isced11_3,2016,0.616
nam,sex_m,eco_isic4_m,edu_isced11_total,2012,0.734
nam,sex_m,eco_isic4_m,edu_isced11_total,2013,0.454
nam,sex_m,eco_isic4_m,edu_isced11_total,2014,0.815
nam,sex_m,eco_isic4_m,edu_isced11_total,2016,1.487
nam,sex_m,eco_isic4_n,edu_aggregate_bas,2012,3.065
nam,sex_m,eco_isic4_n,edu_aggregate_bas,2013,4.669
nam,sex_m,eco_isic4_n,edu_aggregate_bas,2014,2.621
nam,sex_m,eco_isic4_n,edu_aggregate_bas,2016,5.686
nam,sex_m,eco_isic4_n,edu_aggregate_bas,2018,0.897
nam,sex_m,eco_isic4_n,edu_aggregate_int,2016,1.381
nam,sex_m,eco_isic4_n,edu_aggregate_int,2018,3.284
nam,sex_m,eco_isic4_n,edu_aggregate_ltb,2012,0.411
nam,sex_m,eco_isic4_n,edu_aggregate_ltb,2013,2.013
nam,sex_m,eco_isic4_n,edu_aggregate_ltb,2014,0.991
nam,sex_m,eco_isic4_n,edu_aggregate_ltb,2016,1.861
nam,sex_m,eco_isic4_n,edu_aggregate_ltb,2018,0.876
nam,sex_m,eco_isic4_n,edu_aggregate_total,2012,3.642
nam,sex_m,eco_isic4_n,edu_aggregate_total,2013,7.014
nam,sex_m,eco_isic4_n,edu_aggregate_total,2014,3.691
nam,sex_m,eco_isic4_n,edu_aggregate_total,2016,9.797
nam,sex_m,eco_isic4_n,edu_aggregate_total,2018,5.221
nam,sex_m,eco_isic4_n,edu_aggregate_x,2016,0.761
nam,sex_m,eco_isic4_n,edu_isced11_0,2013,1.162
nam,sex_m,eco_isic4_n,edu_isced11_0,2014,0.723
nam,sex_m,eco_isic4_n,edu_isced11_0,2016,1.861
nam,sex_m,eco_isic4_n,edu_isced11_1,2012,0.993
nam,sex_m,eco_isic4_n,edu_isced11_1,2013,1.3
nam,sex_m,eco_isic4_n,edu_isced11_1,2014,0.994
nam,sex_m,eco_isic4_n,edu_isced11_1,2016,2.676
nam,sex_m,eco_isic4_n,edu_isced11_2,2012,2.072
nam,sex_m,eco_isic4_n,edu_isced11_2,2013,3.369
nam,sex_m,eco_isic4_n,edu_isced11_2,2014,1.627
nam,sex_m,eco_isic4_n,edu_isced11_2,2016,3.01
nam,sex_m,eco_isic4_n,edu_isced11_3,2016,1.381
nam,sex_m,eco_isic4_n,edu_isced11_9,2016,0.761
nam,sex_m,eco_isic4_n,edu_isced11_total,2012,3.642
nam,sex_m,eco_isic4_n,edu_isced11_total,2013,7.014
nam,sex_m,eco_isic4_n,edu_isced11_total,2014,3.691
nam,sex_m,eco_isic4_n,edu_isced11_total,2016,9.797
nam,sex_m,eco_isic4_n,edu_isced11_x,2013,0.851
nam,sex_m,eco_isic4_n,edu_isced11_x,2014,0.268
nam,sex_m,eco_isic4_o,edu_aggregate_bas,2012,0.78
nam,sex_m,eco_isic4_o,edu_aggregate_bas,2013,0.619
nam,sex_m,eco_isic4_o,edu_aggregate_bas,2014,1.246
nam,sex_m,eco_isic4_o,edu_aggregate_bas,2016,1.237
nam,sex_m,eco_isic4_o,edu_aggregate_int,2016,0.303
nam,sex_m,eco_isic4_o,edu_aggregate_int,2018,0.694
nam,sex_m,eco_isic4_o,edu_aggregate_ltb,2014,0.597
nam,sex_m,eco_isic4_o,edu_aggregate_total,2012,1.146
nam,sex_m,eco_isic4_o,edu_aggregate_total,2013,0.619
nam,sex_m,eco_isic4_o,edu_aggregate_total,2014,1.927
nam,sex_m,eco_isic4_o,edu_aggregate_total,2016,2.025
nam,sex_m,eco_isic4_o,edu_aggregate_total,2018,1.295
nam,sex_m,eco_isic4_o,edu_aggregate_x,2016,0.28
nam,sex_m,eco_isic4_o,edu_isced11_1,2012,0.316
nam,sex_m,eco_isic4_o,edu_isced11_1,2014,0.723
nam,sex_m,eco_isic4_o,edu_isced11_1,2016,0.629
nam,sex_m,eco_isic4_o,edu_isced11_2,2012,0.464
nam,sex_m,eco_isic4_o,edu_isced11_2,2013,0.463
nam,sex_m,eco_isic4_o,edu_isced11_2,2014,0.523
nam,sex_m,eco_isic4_o,edu_isced11_2,2016,0.608
nam,sex_m,eco_isic4_o,edu_isced11_3,2016,0.303
nam,sex_m,eco_isic4_o,edu_isced11_9,2016,0.28
nam,sex_m,eco_isic4_o,edu_isced11_total,2012,1.146
nam,sex_m,eco_isic4_o,edu_isced11_total,2013,0.619
nam,sex_m,eco_isic4_o,edu_isced11_total,2014,1.927
nam,sex_m,eco_isic4_o,edu_isced11_total,2016,2.025
nam,sex_m,eco_isic4_o,edu_isced11_x,2014,0.438
nam,sex_m,eco_isic4_p,edu_aggregate_adv,2016,0.278
nam,sex_m,eco_isic4_p,edu_aggregate_adv,2018,0.482
nam,sex_m,eco_isic4_p,edu_aggregate_bas,2016,0.271
nam,sex_m,eco_isic4_p,edu_aggregate_bas,2018,0.292
nam,sex_m,eco_isic4_p,edu_aggregate_int,2016,0.259
nam,sex_m,eco_isic4_p,edu_aggregate_int,2018,0.505
nam,sex_m,eco_isic4_p,edu_aggregate_total,2012,0.254
nam,sex_m,eco_isic4_p,edu_aggregate_total,2013,0.596
nam,sex_m,eco_isic4_p,edu_aggregate_total,2014,0.168
nam,sex_m,eco_isic4_p,edu_aggregate_total,2016,1.096
nam,sex_m,eco_isic4_p,edu_aggregate_total,2018,1.329
nam,sex_m,eco_isic4_p,edu_isced11_3,2016,0.259
nam,sex_m,eco_isic4_p,edu_isced11_6,2016,0.167
nam,sex_m,eco_isic4_p,edu_isced11_total,2012,0.254
nam,sex_m,eco_isic4_p,edu_isced11_total,2013,0.596
nam,sex_m,eco_isic4_p,edu_isced11_total,2014,0.168
nam,sex_m,eco_isic4_p,edu_isced11_total,2016,1.096
nam,sex_m,eco_isic4_q,edu_aggregate_bas,2012,0.294
nam,sex_m,eco_isic4_q,edu_aggregate_bas,2016,0.229
nam,sex_m,eco_isic4_q,edu_aggregate_ltb,2014,0.239
nam,sex_m,eco_isic4_q,edu_aggregate_ltb,2016,0.205
nam,sex_m,eco_isic4_q,edu_aggregate_total,2012,0.429
nam,sex_m,eco_isic4_q,edu_aggregate_total,2013,0.416
nam,sex_m,eco_isic4_q,edu_aggregate_total,2014,0.688
nam,sex_m,eco_isic4_q,edu_aggregate_total,2016,0.811
nam,sex_m,eco_isic4_q,edu_aggregate_total,2018,0.594
nam,sex_m,eco_isic4_q,edu_isced11_0,2016,0.205
nam,sex_m,eco_isic4_q,edu_isced11_total,2012,0.429
nam,sex_m,eco_isic4_q,edu_isced11_total,2013,0.416
nam,sex_m,eco_isic4_q,edu_isced11_total,2014,0.688
nam,sex_m,eco_isic4_q,edu_isced11_total,2016,0.811
nam,sex_m,eco_isic4_r,edu_aggregate_bas,2014,0.514
nam,sex_m,eco_isic4_r,edu_aggregate_bas,2016,0.414
nam,sex_m,eco_isic4_r,edu_aggregate_int,2018,0.269
nam,sex_m,eco_isic4_r,edu_aggregate_total,2012,0.562
nam,sex_m,eco_isic4_r,edu_aggregate_total,2013,0.686
nam,sex_m,eco_isic4_r,edu_aggregate_total,2014,0.66
nam,sex_m,eco_isic4_r,edu_aggregate_total,2016,1.029
nam,sex_m,eco_isic4_r,edu_aggregate_total,2018,0.43
nam,sex_m,eco_isic4_r,edu_isced11_2,2014,0.385
nam,sex_m,eco_isic4_r,edu_isced11_total,2012,0.562
nam,sex_m,eco_isic4_r,edu_isced11_total,2013,0.686
nam,sex_m,eco_isic4_r,edu_isced11_total,2014,0.66
nam,sex_m,eco_isic4_r,edu_isced11_total,2016,1.029
nam,sex_m,eco_isic4_s,edu_aggregate_adv,2016,0.378
nam,sex_m,eco_isic4_s,edu_aggregate_bas,2012,1.94
nam,sex_m,eco_isic4_s,edu_aggregate_bas,2013,1.893
nam,sex_m,eco_isic4_s,edu_aggregate_bas,2014,2.013
nam,sex_m,eco_isic4_s,edu_aggregate_bas,2016,6.415
nam,sex_m,eco_isic4_s,edu_aggregate_bas,2018,0.615
nam,sex_m,eco_isic4_s,edu_aggregate_int,2016,2.063
nam,sex_m,eco_isic4_s,edu_aggregate_int,2018,3.046
nam,sex_m,eco_isic4_s,edu_aggregate_ltb,2012,0.463
nam,sex_m,eco_isic4_s,edu_aggregate_ltb,2013,0.958
nam,sex_m,eco_isic4_s,edu_aggregate_ltb,2014,1.096
nam,sex_m,eco_isic4_s,edu_aggregate_ltb,2016,1.793
nam,sex_m,eco_isic4_s,edu_aggregate_ltb,2018,0.669
nam,sex_m,eco_isic4_s,edu_aggregate_total,2012,2.619
nam,sex_m,eco_isic4_s,edu_aggregate_total,2013,2.913
nam,sex_m,eco_isic4_s,edu_aggregate_total,2014,3.199
nam,sex_m,eco_isic4_s,edu_aggregate_total,2016,12.731
nam,sex_m,eco_isic4_s,edu_aggregate_total,2018,4.534
nam,sex_m,eco_isic4_s,edu_aggregate_x,2016,2.083
nam,sex_m,eco_isic4_s,edu_isced11_0,2013,0.684
nam,sex_m,eco_isic4_s,edu_isced11_0,2014,0.807
nam,sex_m,eco_isic4_s,edu_isced11_0,2016,1.793
nam,sex_m,eco_isic4_s,edu_isced11_1,2012,0.506
nam,sex_m,eco_isic4_s,edu_isced11_1,2013,0.537
nam,sex_m,eco_isic4_s,edu_isced11_1,2014,0.591
nam,sex_m,eco_isic4_s,edu_isced11_1,2016,2.593
nam,sex_m,eco_isic4_s,edu_isced11_2,2012,1.434
nam,sex_m,eco_isic4_s,edu_isced11_2,2013,1.356
nam,sex_m,eco_isic4_s,edu_isced11_2,2014,1.422
nam,sex_m,eco_isic4_s,edu_isced11_2,2016,3.821
nam,sex_m,eco_isic4_s,edu_isced11_3,2016,2.063
nam,sex_m,eco_isic4_s,edu_isced11_9,2016,2.083
nam,sex_m,eco_isic4_s,edu_isced11_total,2012,2.619
nam,sex_m,eco_isic4_s,edu_isced11_total,2013,2.913
nam,sex_m,eco_isic4_s,edu_isced11_total,2014,3.199
nam,sex_m,eco_isic4_s,edu_isced11_total,2016,12.731
nam,sex_m,eco_isic4_t,edu_aggregate_adv,2018,0.232
nam,sex_m,eco_isic4_t,edu_aggregate_bas,2012,5.723
nam,sex_m,eco_isic4_t,edu_aggregate_bas,2013,6.113
nam,sex_m,eco_isic4_t,edu_aggregate_bas,2014,7.942
nam,sex_m,eco_isic4_t,edu_aggregate_bas,2016,6.43
nam,sex_m,eco_isic4_t,edu_aggregate_bas,2018,6.902
nam,sex_m,eco_isic4_t,edu_aggregate_int,2016,0.852
nam,sex_m,eco_isic4_t,edu_aggregate_int,2018,5.038
nam,sex_m,eco_isic4_t,edu_aggregate_ltb,2012,8.184
nam,sex_m,eco_isic4_t,edu_aggregate_ltb,2013,7.176
nam,sex_m,eco_isic4_t,edu_aggregate_ltb,2014,11.35
nam,sex_m,eco_isic4_t,edu_aggregate_ltb,2016,3.707
nam,sex_m,eco_isic4_t,edu_aggregate_ltb,2018,5.268
nam,sex_m,eco_isic4_t,edu_aggregate_total,2012,14.762
nam,sex_m,eco_isic4_t,edu_aggregate_total,2013,13.348
nam,sex_m,eco_isic4_t,edu_aggregate_total,2014,19.337
nam,sex_m,eco_isic4_t,edu_aggregate_total,2016,15.165
nam,sex_m,eco_isic4_t,edu_aggregate_total,2018,18.291
nam,sex_m,eco_isic4_t,edu_aggregate_x,2012,0.597
nam,sex_m,eco_isic4_t,edu_aggregate_x,2016,4.177
nam,sex_m,eco_isic4_t,edu_aggregate_x,2018,0.852
nam,sex_m,eco_isic4_t,edu_isced11_0,2012,4.225
nam,sex_m,eco_isic4_t,edu_isced11_0,2013,3.746
nam,sex_m,eco_isic4_t,edu_isced11_0,2014,6.75
nam,sex_m,eco_isic4_t,edu_isced11_0,2016,3.401
nam,sex_m,eco_isic4_t,edu_isced11_1,2012,3.809
nam,sex_m,eco_isic4_t,edu_isced11_1,2013,3.928
nam,sex_m,eco_isic4_t,edu_isced11_1,2014,5.197
nam,sex_m,eco_isic4_t,edu_isced11_1,2016,4.074
nam,sex_m,eco_isic4_t,edu_isced11_2,2012,1.914
nam,sex_m,eco_isic4_t,edu_isced11_2,2013,2.185
nam,sex_m,eco_isic4_t,edu_isced11_2,2014,2.744
nam,sex_m,eco_isic4_t,edu_isced11_2,2016,2.356
nam,sex_m,eco_isic4_t,edu_isced11_3,2016,0.852
nam,sex_m,eco_isic4_t,edu_isced11_9,2012,0.597
nam,sex_m,eco_isic4_t,edu_isced11_9,2016,4.177
nam,sex_m,eco_isic4_t,edu_isced11_total,2012,14.762
nam,sex_m,eco_isic4_t,edu_isced11_total,2013,13.348
nam,sex_m,eco_isic4_t,edu_isced11_total,2014,19.337
nam,sex_m,eco_isic4_t,edu_isced11_total,2016,15.165
nam,sex_m,eco_isic4_t,edu_isced11_x,2012,3.959
nam,sex_m,eco_isic4_t,edu_isced11_x,2013,3.43
nam,sex_m,eco_isic4_t,edu_isced11_x,2014,4.6
nam,sex_m,eco_isic4_t,edu_isced11_x,2016,0.305
nam,sex_m,eco_isic4_total,edu_aggregate_adv,2012,2.551
nam,sex_m,eco_isic4_total,edu_aggregate_adv,2013,2.79
nam,sex_m,eco_isic4_total,edu_aggregate_adv,2014,2.202
nam,sex_m,eco_isic4_total,edu_aggregate_adv,2016,8.948
nam,sex_m,eco_isic4_total,edu_aggregate_adv,2018,5.96
nam,sex_m,eco_isic4_total,edu_aggregate_bas,2012,77.759
nam,sex_m,eco_isic4_total,edu_aggregate_bas,2013,90.148
nam,sex_m,eco_isic4_total,edu_aggregate_bas,2014,93.211
nam,sex_m,eco_isic4_total,edu_aggregate_bas,2016,90.127
nam,sex_m,eco_isic4_total,edu_aggregate_bas,2018,55.164
nam,sex_m,eco_isic4_total,edu_aggregate_int,2013,0.734
nam,sex_m,eco_isic4_total,edu_aggregate_int,2014,0.427
nam,sex_m,eco_isic4_total,edu_aggregate_int,2016,26.514
nam,sex_m,eco_isic4_total,edu_aggregate_int,2018,81.137
nam,sex_m,eco_isic4_total,edu_aggregate_ltb,2012,64.352
nam,sex_m,eco_isic4_total,edu_aggregate_ltb,2013,81.292
nam,sex_m,eco_isic4_total,edu_aggregate_ltb,2014,83.062
nam,sex_m,eco_isic4_total,edu_aggregate_ltb,2016,41.012
nam,sex_m,eco_isic4_total,edu_aggregate_ltb,2018,39.006
nam,sex_m,eco_isic4_total,edu_aggregate_total,2012,149.479
nam,sex_m,eco_isic4_total,edu_aggregate_total,2013,176.714
nam,sex_m,eco_isic4_total,edu_aggregate_total,2014,181.658
nam,sex_m,eco_isic4_total,edu_aggregate_total,2016,210.338
nam,sex_m,eco_isic4_total,edu_aggregate_total,2018,187.481
nam,sex_m,eco_isic4_total,edu_aggregate_x,2012,4.585
nam,sex_m,eco_isic4_total,edu_aggregate_x,2013,1.75
nam,sex_m,eco_isic4_total,edu_aggregate_x,2014,2.756
nam,sex_m,eco_isic4_total,edu_aggregate_x,2016,43.736
nam,sex_m,eco_isic4_total,edu_aggregate_x,2018,6.215
nam,sex_m,eco_isic4_total,edu_isced11_0,2012,35.401
nam,sex_m,eco_isic4_total,edu_isced11_0,2013,44.117
nam,sex_m,eco_isic4_total,edu_isced11_0,2014,44.482
nam,sex_m,eco_isic4_total,edu_isced11_0,2016,39.332
nam,sex_m,eco_isic4_total,edu_isced11_1,2012,34.917
nam,sex_m,eco_isic4_total,edu_isced11_1,2013,40.96
nam,sex_m,eco_isic4_total,edu_isced11_1,2014,39.701
nam,sex_m,eco_isic4_total,edu_isced11_1,2016,46.66
nam,sex_m,eco_isic4_total,edu_isced11_2,2012,42.842
nam,sex_m,eco_isic4_total,edu_isced11_2,2013,49.188
nam,sex_m,eco_isic4_total,edu_isced11_2,2014,53.51
nam,sex_m,eco_isic4_total,edu_isced11_2,2016,43.467
nam,sex_m,eco_isic4_total,edu_isced11_3,2013,0.4
nam,sex_m,eco_isic4_total,edu_isced11_3,2016,25.563
nam,sex_m,eco_isic4_total,edu_isced11_4,2013,0.334
nam,sex_m,eco_isic4_total,edu_isced11_4,2016,0.951
nam,sex_m,eco_isic4_total,edu_isced11_5,2012,0.907
nam,sex_m,eco_isic4_total,edu_isced11_5,2013,0.462
nam,sex_m,eco_isic4_total,edu_isced11_5,2014,0.675
nam,sex_m,eco_isic4_total,edu_isced11_5,2016,4.337
nam,sex_m,eco_isic4_total,edu_isced11_6,2012,1.327
nam,sex_m,eco_isic4_total,edu_isced11_6,2013,1.933
nam,sex_m,eco_isic4_total,edu_isced11_6,2014,1.489
nam,sex_m,eco_isic4_total,edu_isced11_6,2016,2.954
nam,sex_m,eco_isic4_total,edu_isced11_7,2016,1.191
nam,sex_m,eco_isic4_total,edu_isced11_8,2016,0.466
nam,sex_m,eco_isic4_total,edu_isced11_9,2012,4.585
nam,sex_m,eco_isic4_total,edu_isced11_9,2013,1.75
nam,sex_m,eco_isic4_total,edu_isced11_9,2014,2.756
nam,sex_m,eco_isic4_total,edu_isced11_9,2016,43.736
nam,sex_m,eco_isic4_total,edu_isced11_total,2012,149.479
nam,sex_m,eco_isic4_total,edu_isced11_total,2013,176.714
nam,sex_m,eco_isic4_total,edu_isced11_total,2014,181.658
nam,sex_m,eco_isic4_total,edu_isced11_total,2016,210.338
nam,sex_m,eco_isic4_total,edu_isced11_x,2012,28.951
nam,sex_m,eco_isic4_total,edu_isced11_x,2013,37.176
nam,sex_m,eco_isic4_total,edu_isced11_x,2014,38.58
nam,sex_m,eco_isic4_total,edu_isced11_x,2016,1.681
nam,sex_m,eco_isic4_x,edu_aggregate_bas,2013,0.375
nam,sex_m,eco_isic4_x,edu_aggregate_int,2018,0.408
nam,sex_m,eco_isic4_x,edu_aggregate_ltb,2013,0.408
nam,sex_m,eco_isic4_x,edu_aggregate_ltb,2018,0.259
nam,sex_m,eco_isic4_x,edu_aggregate_total,2013,0.932
nam,sex_m,eco_isic4_x,edu_aggregate_total,2018,0.839
nam,sex_m,eco_isic4_x,edu_isced11_0,2013,0.25
nam,sex_m,eco_isic4_x,edu_isced11_2,2013,0.375
nam,sex_m,eco_isic4_x,edu_isced11_total,2013,0.932
nam,sex_m,eco_sector_agr,edu_aggregate_adv,2012,0.234
nam,sex_m,eco_sector_agr,edu_aggregate_adv,2013,0.324
nam,sex_m,eco_sector_agr,edu_aggregate_adv,2014,0.642
nam,sex_m,eco_sector_agr,edu_aggregate_adv,2016,1.151
nam,sex_m,eco_sector_agr,edu_aggregate_adv,2018,2.002
nam,sex_m,eco_sector_agr,edu_aggregate_bas,2012,25.697
nam,sex_m,eco_sector_agr,edu_aggregate_bas,2013,32.33
nam,sex_m,eco_sector_agr,edu_aggregate_bas,2014,31.252
nam,sex_m,eco_sector_agr,edu_aggregate_bas,2016,20.67
nam,sex_m,eco_sector_agr,edu_aggregate_bas,2018,26.162
nam,sex_m,eco_sector_agr,edu_aggregate_int,2016,2.731
nam,sex_m,eco_sector_agr,edu_aggregate_int,2018,20.351
nam,sex_m,eco_sector_agr,edu_aggregate_ltb,2012,40.433
nam,sex_m,eco_sector_agr,edu_aggregate_ltb,2013,52.692
nam,sex_m,eco_sector_agr,edu_aggregate_ltb,2014,50.912
nam,sex_m,eco_sector_agr,edu_aggregate_ltb,2016,17.773
nam,sex_m,eco_sector_agr,edu_aggregate_ltb,2018,23.959
nam,sex_m,eco_sector_agr,edu_aggregate_total,2012,68.04
nam,sex_m,eco_sector_agr,edu_aggregate_total,2013,86.509
nam,sex_m,eco_sector_agr,edu_aggregate_total,2014,84.263
nam,sex_m,eco_sector_agr,edu_aggregate_total,2016,65.121
nam,sex_m,eco_sector_agr,edu_aggregate_total,2018,75.44
nam,sex_m,eco_sector_agr,edu_aggregate_x,2012,1.677
nam,sex_m,eco_sector_agr,edu_aggregate_x,2013,0.981
nam,sex_m,eco_sector_agr,edu_aggregate_x,2014,1.307
nam,sex_m,eco_sector_agr,edu_aggregate_x,2016,22.796
nam,sex_m,eco_sector_agr,edu_aggregate_x,2018,2.966
nam,sex_m,eco_sector_agr,edu_isced11_0,2012,20.806
nam,sex_m,eco_sector_agr,edu_isced11_0,2013,26.999
nam,sex_m,eco_sector_agr,edu_isced11_0,2014,25.138
nam,sex_m,eco_sector_agr,edu_isced11_0,2016,17.179
nam,sex_m,eco_sector_agr,edu_isced11_1,2012,14.681
nam,sex_m,eco_sector_agr,edu_isced11_1,2013,19.749
nam,sex_m,eco_sector_agr,edu_isced11_1,2014,17.452
nam,sex_m,eco_sector_agr,edu_isced11_1,2016,14.459
nam,sex_m,eco_sector_agr,edu_isced11_2,2012,11.016
nam,sex_m,eco_sector_agr,edu_isced11_2,2013,12.581
nam,sex_m,eco_sector_agr,edu_isced11_2,2014,13.8
nam,sex_m,eco_sector_agr,edu_isced11_2,2016,6.211
nam,sex_m,eco_sector_agr,edu_isced11_3,2016,2.592
nam,sex_m,eco_sector_agr,edu_isced11_5,2014,0.241
nam,sex_m,eco_sector_agr,edu_isced11_5,2016,0.342
nam,sex_m,eco_sector_agr,edu_isced11_6,2012,0.204
nam,sex_m,eco_sector_agr,edu_isced11_6,2013,0.261
nam,sex_m,eco_sector_agr,edu_isced11_6,2014,0.401
nam,sex_m,eco_sector_agr,edu_isced11_6,2016,0.678
nam,sex_m,eco_sector_agr,edu_isced11_9,2012,1.677
nam,sex_m,eco_sector_agr,edu_isced11_9,2013,0.981
nam,sex_m,eco_sector_agr,edu_isced11_9,2014,1.307
nam,sex_m,eco_sector_agr,edu_isced11_9,2016,22.796
nam,sex_m,eco_sector_agr,edu_isced11_total,2012,68.04
nam,sex_m,eco_sector_agr,edu_isced11_total,2013,86.509
nam,sex_m,eco_sector_agr,edu_isced11_total,2014,84.263
nam,sex_m,eco_sector_agr,edu_isced11_total,2016,65.121
nam,sex_m,eco_sector_agr,edu_isced11_x,2012,19.626
nam,sex_m,eco_sector_agr,edu_isced11_x,2013,25.693
nam,sex_m,eco_sector_agr,edu_isced11_x,2014,25.774
nam,sex_m,eco_sector_agr,edu_isced11_x,2016,0.594
nam,sex_m,eco_sector_ind,edu_aggregate_adv,2012,0.651
nam,sex_m,eco_sector_ind,edu_aggregate_adv,2013,1.024
nam,sex_m,eco_sector_ind,edu_aggregate_adv,2014,0.644
nam,sex_m,eco_sector_ind,edu_aggregate_adv,2016,3.586
nam,sex_m,eco_sector_ind,edu_aggregate_adv,2018,1.072
nam,sex_m,eco_sector_ind,edu_aggregate_bas,2012,19.75
nam,sex_m,eco_sector_ind,edu_aggregate_bas,2013,24.068
nam,sex_m,eco_sector_ind,edu_aggregate_bas,2014,25.089
nam,sex_m,eco_sector_ind,edu_aggregate_bas,2016,30.628
nam,sex_m,eco_sector_ind,edu_aggregate_bas,2018,10.994
nam,sex_m,eco_sector_ind,edu_aggregate_int,2016,10.618
nam,sex_m,eco_sector_ind,edu_aggregate_int,2018,24.994
nam,sex_m,eco_sector_ind,edu_aggregate_ltb,2012,8.206
nam,sex_m,eco_sector_ind,edu_aggregate_ltb,2013,12.274
nam,sex_m,eco_sector_ind,edu_aggregate_ltb,2014,11.909
nam,sex_m,eco_sector_ind,edu_aggregate_ltb,2016,11.746
nam,sex_m,eco_sector_ind,edu_aggregate_ltb,2018,3.585
nam,sex_m,eco_sector_ind,edu_aggregate_total,2012,29.715
nam,sex_m,eco_sector_ind,edu_aggregate_total,2013,37.804
nam,sex_m,eco_sector_ind,edu_aggregate_total,2014,38.27
nam,sex_m,eco_sector_ind,edu_aggregate_total,2016,66.031
nam,sex_m,eco_sector_ind,edu_aggregate_total,2018,41.871
nam,sex_m,eco_sector_ind,edu_aggregate_x,2012,0.956
nam,sex_m,eco_sector_ind,edu_aggregate_x,2013,0.298
nam,sex_m,eco_sector_ind,edu_aggregate_x,2014,0.628
nam,sex_m,eco_sector_ind,edu_aggregate_x,2016,9.453
nam,sex_m,eco_sector_ind,edu_aggregate_x,2018,1.225
nam,sex_m,eco_sector_ind,edu_isced11_0,2012,5.783
nam,sex_m,eco_sector_ind,edu_isced11_0,2013,7.311
nam,sex_m,eco_sector_ind,edu_isced11_0,2014,7.032
nam,sex_m,eco_sector_ind,edu_isced11_0,2016,11.134
nam,sex_m,eco_sector_ind,edu_isced11_1,2012,7.921
nam,sex_m,eco_sector_ind,edu_isced11_1,2013,9.941
nam,sex_m,eco_sector_ind,edu_isced11_1,2014,9.656
nam,sex_m,eco_sector_ind,edu_isced11_1,2016,15.543
nam,sex_m,eco_sector_ind,edu_isced11_2,2012,11.83
nam,sex_m,eco_sector_ind,edu_isced11_2,2013,14.126
nam,sex_m,eco_sector_ind,edu_isced11_2,2014,15.432
nam,sex_m,eco_sector_ind,edu_isced11_2,2016,15.084
nam,sex_m,eco_sector_ind,edu_isced11_3,2016,9.973
nam,sex_m,eco_sector_ind,edu_isced11_4,2016,0.645
nam,sex_m,eco_sector_ind,edu_isced11_5,2014,0.274
nam,sex_m,eco_sector_ind,edu_isced11_5,2016,2.286
nam,sex_m,eco_sector_ind,edu_isced11_6,2012,0.396
nam,sex_m,eco_sector_ind,edu_isced11_6,2013,0.507
nam,sex_m,eco_sector_ind,edu_isced11_6,2014,0.37
nam,sex_m,eco_sector_ind,edu_isced11_6,2016,0.85
nam,sex_m,eco_sector_ind,edu_isced11_7,2016,0.411
nam,sex_m,eco_sector_ind,edu_isced11_9,2012,0.956
nam,sex_m,eco_sector_ind,edu_isced11_9,2013,0.298
nam,sex_m,eco_sector_ind,edu_isced11_9,2014,0.628
nam,sex_m,eco_sector_ind,edu_isced11_9,2016,9.453
nam,sex_m,eco_sector_ind,edu_isced11_total,2012,29.715
nam,sex_m,eco_sector_ind,edu_isced11_total,2013,37.804
nam,sex_m,eco_sector_ind,edu_isced11_total,2014,38.27
nam,sex_m,eco_sector_ind,edu_isced11_total,2016,66.031
nam,sex_m,eco_sector_ind,edu_isced11_x,2012,2.423
nam,sex_m,eco_sector_ind,edu_isced11_x,2013,4.962
nam,sex_m,eco_sector_ind,edu_isced11_x,2014,4.876
nam,sex_m,eco_sector_ind,edu_isced11_x,2016,0.613
nam,sex_m,eco_sector_nag,edu_aggregate_adv,2012,2.318
nam,sex_m,eco_sector_nag,edu_aggregate_adv,2013,2.466
nam,sex_m,eco_sector_nag,edu_aggregate_adv,2014,1.56
nam,sex_m,eco_sector_nag,edu_aggregate_adv,2016,7.797
nam,sex_m,eco_sector_nag,edu_aggregate_adv,2018,3.958
nam,sex_m,eco_sector_nag,edu_aggregate_bas,2012,52.062
nam,sex_m,eco_sector_nag,edu_aggregate_bas,2013,57.818
nam,sex_m,eco_sector_nag,edu_aggregate_bas,2014,61.959
nam,sex_m,eco_sector_nag,edu_aggregate_bas,2016,69.457
nam,sex_m,eco_sector_nag,edu_aggregate_bas,2018,29.002
nam,sex_m,eco_sector_nag,edu_aggregate_int,2013,0.551
nam,sex_m,eco_sector_nag,edu_aggregate_int,2016,23.783
nam,sex_m,eco_sector_nag,edu_aggregate_int,2018,60.786
nam,sex_m,eco_sector_nag,edu_aggregate_ltb,2012,23.919
nam,sex_m,eco_sector_nag,edu_aggregate_ltb,2013,28.6
nam,sex_m,eco_sector_nag,edu_aggregate_ltb,2014,32.15
nam,sex_m,eco_sector_nag,edu_aggregate_ltb,2016,23.239
nam,sex_m,eco_sector_nag,edu_aggregate_ltb,2018,15.047
nam,sex_m,eco_sector_nag,edu_aggregate_total,2012,81.439
nam,sex_m,eco_sector_nag,edu_aggregate_total,2013,90.205
nam,sex_m,eco_sector_nag,edu_aggregate_total,2014,97.395
nam,sex_m,eco_sector_nag,edu_aggregate_total,2016,145.217
nam,sex_m,eco_sector_nag,edu_aggregate_total,2018,112.041
nam,sex_m,eco_sector_nag,edu_aggregate_x,2012,2.909
nam,sex_m,eco_sector_nag,edu_aggregate_x,2013,0.769
nam,sex_m,eco_sector_nag,edu_aggregate_x,2014,1.449
nam,sex_m,eco_sector_nag,edu_aggregate_x,2016,20.94
nam,sex_m,eco_sector_nag,edu_aggregate_x,2018,3.249
nam,sex_m,eco_sector_nag,edu_isced11_0,2012,14.594
nam,sex_m,eco_sector_nag,edu_isced11_0,2013,17.118
nam,sex_m,eco_sector_nag,edu_isced11_0,2014,19.343
nam,sex_m,eco_sector_nag,edu_isced11_0,2016,22.152
nam,sex_m,eco_sector_nag,edu_isced11_1,2012,20.236
nam,sex_m,eco_sector_nag,edu_isced11_1,2013,21.211
nam,sex_m,eco_sector_nag,edu_isced11_1,2014,22.25
nam,sex_m,eco_sector_nag,edu_isced11_1,2016,32.201
nam,sex_m,eco_sector_nag,edu_isced11_2,2012,31.826
nam,sex_m,eco_sector_nag,edu_isced11_2,2013,36.607
nam,sex_m,eco_sector_nag,edu_isced11_2,2014,39.71
nam,sex_m,eco_sector_nag,edu_isced11_2,2016,37.256
nam,sex_m,eco_sector_nag,edu_isced11_3,2013,0.4
nam,sex_m,eco_sector_nag,edu_isced11_3,2016,22.971
nam,sex_m,eco_sector_nag,edu_isced11_4,2016,0.812
nam,sex_m,eco_sector_nag,edu_isced11_5,2012,0.878
nam,sex_m,eco_sector_nag,edu_isced11_5,2013,0.399
nam,sex_m,eco_sector_nag,edu_isced11_5,2014,0.434
nam,sex_m,eco_sector_nag,edu_isced11_5,2016,3.995
nam,sex_m,eco_sector_nag,edu_isced11_6,2012,1.123
nam,sex_m,eco_sector_nag,edu_isced11_6,2013,1.672
nam,sex_m,eco_sector_nag,edu_isced11_6,2014,1.088
nam,sex_m,eco_sector_nag,edu_isced11_6,2016,2.277
nam,sex_m,eco_sector_nag,edu_isced11_7,2016,1.06
nam,sex_m,eco_sector_nag,edu_isced11_8,2016,0.466
nam,sex_m,eco_sector_nag,edu_isced11_9,2012,2.909
nam,sex_m,eco_sector_nag,edu_isced11_9,2013,0.769
nam,sex_m,eco_sector_nag,edu_isced11_9,2014,1.449
nam,sex_m,eco_sector_nag,edu_isced11_9,2016,20.94
nam,sex_m,eco_sector_nag,edu_isced11_total,2012,81.439
nam,sex_m,eco_sector_nag,edu_isced11_total,2013,90.205
nam,sex_m,eco_sector_nag,edu_isced11_total,2014,97.395
nam,sex_m,eco_sector_nag,edu_isced11_total,2016,145.217
nam,sex_m,eco_sector_nag,edu_isced11_x,2012,9.325
nam,sex_m,eco_sector_nag,edu_isced11_x,2013,11.483
nam,sex_m,eco_sector_nag,edu_isced11_x,2014,12.807
nam,sex_m,eco_sector_nag,edu_isced11_x,2016,1.087
nam,sex_m,eco_sector_ser,edu_aggregate_adv,2012,1.666
nam,sex_m,eco_sector_ser,edu_aggregate_adv,2013,1.292
nam,sex_m,eco_sector_ser,edu_aggregate_adv,2014,0.916
nam,sex_m,eco_sector_ser,edu_aggregate_adv,2016,4.212
nam,sex_m,eco_sector_ser,edu_aggregate_adv,2018,2.885
nam,sex_m,eco_sector_ser,edu_aggregate_bas,2012,32.21
nam,sex_m,eco_sector_ser,edu_aggregate_bas,2013,33.376
nam,sex_m,eco_sector_ser,edu_aggregate_bas,2014,36.749
nam,sex_m,eco_sector_ser,edu_aggregate_bas,2016,38.731
nam,sex_m,eco_sector_ser,edu_aggregate_bas,2018,17.881
nam,sex_m,eco_sector_ser,edu_aggregate_int,2013,0.41
nam,sex_m,eco_sector_ser,edu_aggregate_int,2016,13.165
nam,sex_m,eco_sector_ser,edu_aggregate_int,2018,35.384
nam,sex_m,eco_sector_ser,edu_aggregate_ltb,2012,15.713
nam,sex_m,eco_sector_ser,edu_aggregate_ltb,2013,15.919
nam,sex_m,eco_sector_ser,edu_aggregate_ltb,2014,20.185
nam,sex_m,eco_sector_ser,edu_aggregate_ltb,2016,11.493
nam,sex_m,eco_sector_ser,edu_aggregate_ltb,2018,11.203
nam,sex_m,eco_sector_ser,edu_aggregate_total,2012,51.622
nam,sex_m,eco_sector_ser,edu_aggregate_total,2013,51.468
nam,sex_m,eco_sector_ser,edu_aggregate_total,2014,58.848
nam,sex_m,eco_sector_ser,edu_aggregate_total,2016,79.087
nam,sex_m,eco_sector_ser,edu_aggregate_total,2018,69.331
nam,sex_m,eco_sector_ser,edu_aggregate_x,2012,1.953
nam,sex_m,eco_sector_ser,edu_aggregate_x,2013,0.471
nam,sex_m,eco_sector_ser,edu_aggregate_x,2014,0.722
nam,sex_m,eco_sector_ser,edu_aggregate_x,2016,11.487
nam,sex_m,eco_sector_ser,edu_aggregate_x,2018,1.978
nam,sex_m,eco_sector_ser,edu_isced11_0,2012,8.811
nam,sex_m,eco_sector_ser,edu_isced11_0,2013,9.556
nam,sex_m,eco_sector_ser,edu_isced11_0,2014,12.255
nam,sex_m,eco_sector_ser,edu_isced11_0,2016,11.019
nam,sex_m,eco_sector_ser,edu_isced11_1,2012,12.315
nam,sex_m,eco_sector_ser,edu_isced11_1,2013,11.27
nam,sex_m,eco_sector_ser,edu_isced11_1,2014,12.593
nam,sex_m,eco_sector_ser,edu_isced11_1,2016,16.63
nam,sex_m,eco_sector_ser,edu_isced11_2,2012,19.895
nam,sex_m,eco_sector_ser,edu_isced11_2,2013,22.106
nam,sex_m,eco_sector_ser,edu_isced11_2,2014,24.155
nam,sex_m,eco_sector_ser,edu_isced11_2,2016,22.101
nam,sex_m,eco_sector_ser,edu_isced11_3,2016,12.998
nam,sex_m,eco_sector_ser,edu_isced11_5,2012,0.622
nam,sex_m,eco_sector_ser,edu_isced11_5,2016,1.709
nam,sex_m,eco_sector_ser,edu_isced11_6,2012,0.727
nam,sex_m,eco_sector_ser,edu_isced11_6,2013,1.016
nam,sex_m,eco_sector_ser,edu_isced11_6,2014,0.718
nam,sex_m,eco_sector_ser,edu_isced11_6,2016,1.427
nam,sex_m,eco_sector_ser,edu_isced11_7,2016,0.649
nam,sex_m,eco_sector_ser,edu_isced11_8,2016,0.426
nam,sex_m,eco_sector_ser,edu_isced11_9,2012,1.953
nam,sex_m,eco_sector_ser,edu_isced11_9,2013,0.471
nam,sex_m,eco_sector_ser,edu_isced11_9,2014,0.722
nam,sex_m,eco_sector_ser,edu_isced11_9,2016,11.487
nam,sex_m,eco_sector_ser,edu_isced11_total,2012,51.622
nam,sex_m,eco_sector_ser,edu_isced11_total,2013,51.468
nam,sex_m,eco_sector_ser,edu_isced11_total,2014,58.848
nam,sex_m,eco_sector_ser,edu_isced11_total,2016,79.087
nam,sex_m,eco_sector_ser,edu_isced11_x,2012,6.902
nam,sex_m,eco_sector_ser,edu_isced11_x,2013,6.363
nam,sex_m,eco_sector_ser,edu_isced11_x,2014,7.93
nam,sex_m,eco_sector_ser,edu_isced11_x,2016,0.474
nam,sex_m,eco_sector_total,edu_aggregate_adv,2012,2.551
nam,sex_m,eco_sector_total,edu_aggregate_adv,2013,2.79
nam,sex_m,eco_sector_total,edu_aggregate_adv,2014,2.202
nam,sex_m,eco_sector_total,edu_aggregate_adv,2016,8.948
nam,sex_m,eco_sector_total,edu_aggregate_adv,2018,5.96
nam,sex_m,eco_sector_total,edu_aggregate_bas,2012,77.759
nam,sex_m,eco_sector_total,edu_aggregate_bas,2013,90.148
nam,sex_m,eco_sector_total,edu_aggregate_bas,2014,93.211
nam,sex_m,eco_sector_total,edu_aggregate_bas,2016,90.127
nam,sex_m,eco_sector_total,edu_aggregate_bas,2018,55.164
nam,sex_m,eco_sector_total,edu_aggregate_int,2013,0.734
nam,sex_m,eco_sector_total,edu_aggregate_int,2014,0.427
nam,sex_m,eco_sector_total,edu_aggregate_int,2016,26.514
nam,sex_m,eco_sector_total,edu_aggregate_int,2018,81.137
nam,sex_m,eco_sector_total,edu_aggregate_ltb,2012,64.352
nam,sex_m,eco_sector_total,edu_aggregate_ltb,2013,81.292
nam,sex_m,eco_sector_total,edu_aggregate_ltb,2014,83.062
nam,sex_m,eco_sector_total,edu_aggregate_ltb,2016,41.012
nam,sex_m,eco_sector_total,edu_aggregate_ltb,2018,39.006
nam,sex_m,eco_sector_total,edu_aggregate_total,2012,149.479
nam,sex_m,eco_sector_total,edu_aggregate_total,2013,176.714
nam,sex_m,eco_sector_total,edu_aggregate_total,2014,181.658
nam,sex_m,eco_sector_total,edu_aggregate_total,2016,210.338
nam,sex_m,eco_sector_total,edu_aggregate_total,2018,187.481
nam,sex_m,eco_sector_total,edu_aggregate_x,2012,4.585
nam,sex_m,eco_sector_total,edu_aggregate_x,2013,1.75
nam,sex_m,eco_sector_total,edu_aggregate_x,2014,2.756
nam,sex_m,eco_sector_total,edu_aggregate_x,2016,43.736
nam,sex_m,eco_sector_total,edu_aggregate_x,2018,6.215
nam,sex_m,eco_sector_total,edu_isced11_0,2012,35.401
nam,sex_m,eco_sector_total,edu_isced11_0,2013,44.117
nam,sex_m,eco_sector_total,edu_isced11_0,2014,44.482
nam,sex_m,eco_sector_total,edu_isced11_0,2016,39.332
nam,sex_m,eco_sector_total,edu_isced11_1,2012,34.917
nam,sex_m,eco_sector_total,edu_isced11_1,2013,40.96
nam,sex_m,eco_sector_total,edu_isced11_1,2014,39.701
nam,sex_m,eco_sector_total,edu_isced11_1,2016,46.66
nam,sex_m,eco_sector_total,edu_isced11_2,2012,42.842
nam,sex_m,eco_sector_total,edu_isced11_2,2013,49.188
nam,sex_m,eco_sector_total,edu_isced11_2,2014,53.51
nam,sex_m,eco_sector_total,edu_isced11_2,2016,43.467
nam,sex_m,eco_sector_total,edu_isced11_3,2013,0.4
nam,sex_m,eco_sector_total,edu_isced11_3,2016,25.563
nam,sex_m,eco_sector_total,edu_isced11_4,2013,0.334
nam,sex_m,eco_sector_total,edu_isced11_4,2016,0.951
nam,sex_m,eco_sector_total,edu_isced11_5,2012,0.907
nam,sex_m,eco_sector_total,edu_isced11_5,2013,0.462
nam,sex_m,eco_sector_total,edu_isced11_5,2014,0.675
nam,sex_m,eco_sector_total,edu_isced11_5,2016,4.337
nam,sex_m,eco_sector_total,edu_isced11_6,2012,1.327
nam,sex_m,eco_sector_total,edu_isced11_6,2013,1.933
nam,sex_m,eco_sector_total,edu_isced11_6,2014,1.489
nam,sex_m,eco_sector_total,edu_isced11_6,2016,2.954
nam,sex_m,eco_sector_total,edu_isced11_7,2016,1.191
nam,sex_m,eco_sector_total,edu_isced11_8,2016,0.466
nam,sex_m,eco_sector_total,edu_isced11_9,2012,4.585
nam,sex_m,eco_sector_total,edu_isced11_9,2013,1.75
nam,sex_m,eco_sector_total,edu_isced11_9,2014,2.756
nam,sex_m,eco_sector_total,edu_isced11_9,2016,43.736
nam,sex_m,eco_sector_total,edu_isced11_total,2012,149.479
nam,sex_m,eco_sector_total,edu_isced11_total,2013,176.714
nam,sex_m,eco_sector_total,edu_isced11_total,2014,181.658
nam,sex_m,eco_sector_total,edu_isced11_total,2016,210.338
nam,sex_m,eco_sector_total,edu_isced11_x,2012,28.951
nam,sex_m,eco_sector_total,edu_isced11_x,2013,37.176
nam,sex_m,eco_sector_total,edu_isced11_x,2014,38.58
nam,sex_m,eco_sector_total,edu_isced11_x,2016,1.681
nam,sex_m,eco_sector_x,edu_aggregate_bas,2013,0.375
nam,sex_m,eco_sector_x,edu_aggregate_int,2018,0.408
nam,sex_m,eco_sector_x,edu_aggregate_ltb,2013,0.408
nam,sex_m,eco_sector_x,edu_aggregate_ltb,2018,0.259
nam,sex_m,eco_sector_x,edu_aggregate_total,2013,0.932
nam,sex_m,eco_sector_x,edu_aggregate_total,2018,0.839
nam,sex_m,eco_sector_x,edu_isced11_0,2013,0.25
nam,sex_m,eco_sector_x,edu_isced11_2,2013,0.375
nam,sex_m,eco_sector_x,edu_isced11_total,2013,0.932
nam,sex_t,eco_aggregate_agr,edu_aggregate_adv,2012,0.485
nam,sex_t,eco_aggregate_agr,edu_aggregate_adv,2013,0.709
nam,sex_t,eco_aggregate_agr,edu_aggregate_adv,2014,0.902
nam,sex_t,eco_aggregate_agr,edu_aggregate_adv,2016,2.005
nam,sex_t,eco_aggregate_agr,edu_aggregate_adv,2018,3.308
nam,sex_t,eco_aggregate_agr,edu_aggregate_bas,2012,54.522
nam,sex_t,eco_aggregate_agr,edu_aggregate_bas,2013,68.822
nam,sex_t,eco_aggregate_agr,edu_aggregate_bas,2014,72.517
nam,sex_t,eco_aggregate_agr,edu_aggregate_bas,2016,39.001
nam,sex_t,eco_aggregate_agr,edu_aggregate_bas,2018,54.394
nam,sex_t,eco_aggregate_agr,edu_aggregate_int,2013,0.374
nam,sex_t,eco_aggregate_agr,edu_aggregate_int,2014,0.474
nam,sex_t,eco_aggregate_agr,edu_aggregate_int,2016,4.662
nam,sex_t,eco_aggregate_agr,edu_aggregate_int,2018,38.725
nam,sex_t,eco_aggregate_agr,edu_aggregate_ltb,2012,79.344
nam,sex_t,eco_aggregate_agr,edu_aggregate_ltb,2013,109.402
nam,sex_t,eco_aggregate_agr,edu_aggregate_ltb,2014,101.57
nam,sex_t,eco_aggregate_agr,edu_aggregate_ltb,2016,34.069
nam,sex_t,eco_aggregate_agr,edu_aggregate_ltb,2018,39.201
nam,sex_t,eco_aggregate_agr,edu_aggregate_total,2012,137.509
nam,sex_t,eco_aggregate_agr,edu_aggregate_total,2013,181.129
nam,sex_t,eco_aggregate_agr,edu_aggregate_total,2014,177.577
nam,sex_t,eco_aggregate_agr,edu_aggregate_total,2016,118.41
nam,sex_t,eco_aggregate_agr,edu_aggregate_total,2018,142.744
nam,sex_t,eco_aggregate_agr,edu_aggregate_x,2012,3.11
nam,sex_t,eco_aggregate_agr,edu_aggregate_x,2013,1.823
nam,sex_t,eco_aggregate_agr,edu_aggregate_x,2014,2.113
nam,sex_t,eco_aggregate_agr,edu_aggregate_x,2016,38.673
nam,sex_t,eco_aggregate_agr,edu_aggregate_x,2018,7.116
nam,sex_t,eco_aggregate_agr,edu_isced11_0,2012,41.583
nam,sex_t,eco_aggregate_agr,edu_isced11_0,2013,58.509
nam,sex_t,eco_aggregate_agr,edu_isced11_0,2014,55.003
nam,sex_t,eco_aggregate_agr,edu_isced11_0,2016,32.531
nam,sex_t,eco_aggregate_agr,edu_isced11_1,2012,33.073
nam,sex_t,eco_aggregate_agr,edu_isced11_1,2013,42.536
nam,sex_t,eco_aggregate_agr,edu_isced11_1,2014,41.96
nam,sex_t,eco_aggregate_agr,edu_isced11_1,2016,25.872
nam,sex_t,eco_aggregate_agr,edu_isced11_2,2012,21.448
nam,sex_t,eco_aggregate_agr,edu_isced11_2,2013,26.286
nam,sex_t,eco_aggregate_agr,edu_isced11_2,2014,30.556
nam,sex_t,eco_aggregate_agr,edu_isced11_2,2016,13.129
nam,sex_t,eco_aggregate_agr,edu_isced11_3,2014,0.14
nam,sex_t,eco_aggregate_agr,edu_isced11_3,2016,4.463
nam,sex_t,eco_aggregate_agr,edu_isced11_4,2013,0.374
nam,sex_t,eco_aggregate_agr,edu_isced11_4,2014,0.334
nam,sex_t,eco_aggregate_agr,edu_isced11_4,2016,0.198
nam,sex_t,eco_aggregate_agr,edu_isced11_5,2014,0.241
nam,sex_t,eco_aggregate_agr,edu_isced11_5,2016,0.647
nam,sex_t,eco_aggregate_agr,edu_isced11_6,2012,0.388
nam,sex_t,eco_aggregate_agr,edu_isced11_6,2013,0.504
nam,sex_t,eco_aggregate_agr,edu_isced11_6,2014,0.661
nam,sex_t,eco_aggregate_agr,edu_isced11_6,2016,1.021
nam,sex_t,eco_aggregate_agr,edu_isced11_7,2016,0.272
nam,sex_t,eco_aggregate_agr,edu_isced11_9,2012,3.11
nam,sex_t,eco_aggregate_agr,edu_isced11_9,2013,1.823
nam,sex_t,eco_aggregate_agr,edu_isced11_9,2014,2.113
nam,sex_t,eco_aggregate_agr,edu_isced11_9,2016,38.673
nam,sex_t,eco_aggregate_agr,edu_isced11_total,2012,137.509
nam,sex_t,eco_aggregate_agr,edu_isced11_total,2013,181.129
nam,sex_t,eco_aggregate_agr,edu_isced11_total,2014,177.577
nam,sex_t,eco_aggregate_agr,edu_isced11_total,2016,118.41
nam,sex_t,eco_aggregate_agr,edu_isced11_x,2012,37.761
nam,sex_t,eco_aggregate_agr,edu_isced11_x,2013,50.892
nam,sex_t,eco_aggregate_agr,edu_isced11_x,2014,46.568
nam,sex_t,eco_aggregate_agr,edu_isced11_x,2016,1.538
nam,sex_t,eco_aggregate_con,edu_aggregate_adv,2012,0.363
nam,sex_t,eco_aggregate_con,edu_aggregate_adv,2013,0.349
nam,sex_t,eco_aggregate_con,edu_aggregate_adv,2014,0.35
nam,sex_t,eco_aggregate_con,edu_aggregate_adv,2016,1.387
nam,sex_t,eco_aggregate_con,edu_aggregate_adv,2018,0.364
nam,sex_t,eco_aggregate_con,edu_aggregate_bas,2012,16.108
nam,sex_t,eco_aggregate_con,edu_aggregate_bas,2013,18.483
nam,sex_t,eco_aggregate_con,edu_aggregate_bas,2014,21.382
nam,sex_t,eco_aggregate_con,edu_aggregate_bas,2016,21.542
nam,sex_t,eco_aggregate_con,edu_aggregate_bas,2018,7.451
nam,sex_t,eco_aggregate_con,edu_aggregate_int,2016,5.369
nam,sex_t,eco_aggregate_con,edu_aggregate_int,2018,17.735
nam,sex_t,eco_aggregate_con,edu_aggregate_ltb,2012,6.878
nam,sex_t,eco_aggregate_con,edu_aggregate_ltb,2013,9.146
nam,sex_t,eco_aggregate_con,edu_aggregate_ltb,2014,10.405
nam,sex_t,eco_aggregate_con,edu_aggregate_ltb,2016,9.532
nam,sex_t,eco_aggregate_con,edu_aggregate_ltb,2018,2.629
nam,sex_t,eco_aggregate_con,edu_aggregate_total,2012,24.267
nam,sex_t,eco_aggregate_con,edu_aggregate_total,2013,28.328
nam,sex_t,eco_aggregate_con,edu_aggregate_total,2014,32.688
nam,sex_t,eco_aggregate_con,edu_aggregate_total,2016,44.665
nam,sex_t,eco_aggregate_con,edu_aggregate_total,2018,28.98
nam,sex_t,eco_aggregate_con,edu_aggregate_x,2012,0.767
nam,sex_t,eco_aggregate_con,edu_aggregate_x,2013,0.298
nam,sex_t,eco_aggregate_con,edu_aggregate_x,2014,0.55
nam,sex_t,eco_aggregate_con,edu_aggregate_x,2016,6.835
nam,sex_t,eco_aggregate_con,edu_aggregate_x,2018,0.801
nam,sex_t,eco_aggregate_con,edu_isced11_0,2012,5.154
nam,sex_t,eco_aggregate_con,edu_isced11_0,2013,5.4
nam,sex_t,eco_aggregate_con,edu_isced11_0,2014,6.701
nam,sex_t,eco_aggregate_con,edu_isced11_0,2016,9.073
nam,sex_t,eco_aggregate_con,edu_isced11_1,2012,6.735
nam,sex_t,eco_aggregate_con,edu_isced11_1,2013,8.052
nam,sex_t,eco_aggregate_con,edu_isced11_1,2014,8.2
nam,sex_t,eco_aggregate_con,edu_isced11_1,2016,11.218
nam,sex_t,eco_aggregate_con,edu_isced11_2,2012,9.373
nam,sex_t,eco_aggregate_con,edu_isced11_2,2013,10.431
nam,sex_t,eco_aggregate_con,edu_isced11_2,2014,13.182
nam,sex_t,eco_aggregate_con,edu_isced11_2,2016,10.325
nam,sex_t,eco_aggregate_con,edu_isced11_3,2016,4.945
nam,sex_t,eco_aggregate_con,edu_isced11_4,2016,0.424
nam,sex_t,eco_aggregate_con,edu_isced11_5,2016,0.982
nam,sex_t,eco_aggregate_con,edu_isced11_6,2012,0.298
nam,sex_t,eco_aggregate_con,edu_isced11_6,2016,0.368
nam,sex_t,eco_aggregate_con,edu_isced11_9,2012,0.767
nam,sex_t,eco_aggregate_con,edu_isced11_9,2013,0.298
nam,sex_t,eco_aggregate_con,edu_isced11_9,2014,0.55
nam,sex_t,eco_aggregate_con,edu_isced11_9,2016,6.835
nam,sex_t,eco_aggregate_con,edu_isced11_total,2012,24.267
nam,sex_t,eco_aggregate_con,edu_isced11_total,2013,28.328
nam,sex_t,eco_aggregate_con,edu_isced11_total,2014,32.688
nam,sex_t,eco_aggregate_con,edu_isced11_total,2016,44.665
nam,sex_t,eco_aggregate_con,edu_isced11_x,2012,1.723
nam,sex_t,eco_aggregate_con,edu_isced11_x,2013,3.746
nam,sex_t,eco_aggregate_con,edu_isced11_x,2014,3.705
nam,sex_t,eco_aggregate_con,edu_isced11_x,2016,0.459
nam,sex_t,eco_aggregate_man,edu_aggregate_adv,2016,1.93
nam,sex_t,eco_aggregate_man,edu_aggregate_adv,2018,0.973
nam,sex_t,eco_aggregate_man,edu_aggregate_bas,2012,6.528
nam,sex_t,eco_aggregate_man,edu_aggregate_bas,2013,9.596
nam,sex_t,eco_aggregate_man,edu_aggregate_bas,2014,5.342
nam,sex_t,eco_aggregate_man,edu_aggregate_bas,2016,12.455
nam,sex_t,eco_aggregate_man,edu_aggregate_bas,2018,5.216
nam,sex_t,eco_aggregate_man,edu_aggregate_int,2016,4.778
nam,sex_t,eco_aggregate_man,edu_aggregate_int,2018,11.258
nam,sex_t,eco_aggregate_man,edu_aggregate_ltb,2012,2.545
nam,sex_t,eco_aggregate_man,edu_aggregate_ltb,2013,3.228
nam,sex_t,eco_aggregate_man,edu_aggregate_ltb,2014,2
nam,sex_t,eco_aggregate_man,edu_aggregate_ltb,2016,3.108
nam,sex_t,eco_aggregate_man,edu_aggregate_ltb,2018,2.4
nam,sex_t,eco_aggregate_man,edu_aggregate_total,2012,9.452
nam,sex_t,eco_aggregate_man,edu_aggregate_total,2013,13.139
nam,sex_t,eco_aggregate_man,edu_aggregate_total,2014,7.498
nam,sex_t,eco_aggregate_man,edu_aggregate_total,2016,26.122
nam,sex_t,eco_aggregate_man,edu_aggregate_total,2018,20.428
nam,sex_t,eco_aggregate_man,edu_aggregate_x,2016,3.851
nam,sex_t,eco_aggregate_man,edu_aggregate_x,2018,0.582
nam,sex_t,eco_aggregate_man,edu_isced11_0,2012,1.679
nam,sex_t,eco_aggregate_man,edu_isced11_0,2013,2.068
nam,sex_t,eco_aggregate_man,edu_isced11_0,2014,0.995
nam,sex_t,eco_aggregate_man,edu_isced11_0,2016,3.069
nam,sex_t,eco_aggregate_man,edu_isced11_1,2012,2.535
nam,sex_t,eco_aggregate_man,edu_isced11_1,2013,3.448
nam,sex_t,eco_aggregate_man,edu_isced11_1,2014,1.542
nam,sex_t,eco_aggregate_man,edu_isced11_1,2016,6.012
nam,sex_t,eco_aggregate_man,edu_isced11_2,2012,3.993
nam,sex_t,eco_aggregate_man,edu_isced11_2,2013,6.148
nam,sex_t,eco_aggregate_man,edu_isced11_2,2014,3.8
nam,sex_t,eco_aggregate_man,edu_isced11_2,2016,6.444
nam,sex_t,eco_aggregate_man,edu_isced11_3,2016,4.633
nam,sex_t,eco_aggregate_man,edu_isced11_5,2016,1.056
nam,sex_t,eco_aggregate_man,edu_isced11_6,2016,0.602
nam,sex_t,eco_aggregate_man,edu_isced11_9,2016,3.851
nam,sex_t,eco_aggregate_man,edu_isced11_total,2012,9.452
nam,sex_t,eco_aggregate_man,edu_isced11_total,2013,13.139
nam,sex_t,eco_aggregate_man,edu_isced11_total,2014,7.498
nam,sex_t,eco_aggregate_man,edu_isced11_total,2016,26.122
nam,sex_t,eco_aggregate_man,edu_isced11_x,2012,0.866
nam,sex_t,eco_aggregate_man,edu_isced11_x,2013,1.159
nam,sex_t,eco_aggregate_man,edu_isced11_x,2014,1.006
nam,sex_t,eco_aggregate_mel,edu_aggregate_adv,2013,0.585
nam,sex_t,eco_aggregate_mel,edu_aggregate_adv,2014,0.294
nam,sex_t,eco_aggregate_mel,edu_aggregate_adv,2016,1.205
nam,sex_t,eco_aggregate_mel,edu_aggregate_bas,2012,1.559
nam,sex_t,eco_aggregate_mel,edu_aggregate_bas,2013,2.072
nam,sex_t,eco_aggregate_mel,edu_aggregate_bas,2014,2.277
nam,sex_t,eco_aggregate_mel,edu_aggregate_bas,2016,3.143
nam,sex_t,eco_aggregate_mel,edu_aggregate_bas,2018,0.788
nam,sex_t,eco_aggregate_mel,edu_aggregate_int,2016,2.727
nam,sex_t,eco_aggregate_mel,edu_aggregate_int,2018,1.758
nam,sex_t,eco_aggregate_mel,edu_aggregate_ltb,2012,0.445
nam,sex_t,eco_aggregate_mel,edu_aggregate_ltb,2013,1.227
nam,sex_t,eco_aggregate_mel,edu_aggregate_ltb,2014,0.643
nam,sex_t,eco_aggregate_mel,edu_aggregate_ltb,2016,0.991
nam,sex_t,eco_aggregate_mel,edu_aggregate_total,2012,2.101
nam,sex_t,eco_aggregate_mel,edu_aggregate_total,2013,3.972
nam,sex_t,eco_aggregate_mel,edu_aggregate_total,2014,3.246
nam,sex_t,eco_aggregate_mel,edu_aggregate_total,2016,8.872
nam,sex_t,eco_aggregate_mel,edu_aggregate_total,2018,3.04
nam,sex_t,eco_aggregate_mel,edu_aggregate_x,2016,0.806
nam,sex_t,eco_aggregate_mel,edu_isced11_0,2013,0.902
nam,sex_t,eco_aggregate_mel,edu_isced11_0,2016,0.837
nam,sex_t,eco_aggregate_mel,edu_isced11_1,2012,0.438
nam,sex_t,eco_aggregate_mel,edu_isced11_1,2013,0.447
nam,sex_t,eco_aggregate_mel,edu_isced11_1,2014,0.933
nam,sex_t,eco_aggregate_mel,edu_isced11_1,2016,1.493
nam,sex_t,eco_aggregate_mel,edu_isced11_2,2012,1.121
nam,sex_t,eco_aggregate_mel,edu_isced11_2,2013,1.625
nam,sex_t,eco_aggregate_mel,edu_isced11_2,2014,1.344
nam,sex_t,eco_aggregate_mel,edu_isced11_2,2016,1.65
nam,sex_t,eco_aggregate_mel,edu_isced11_3,2016,2.65
nam,sex_t,eco_aggregate_mel,edu_isced11_5,2016,0.554
nam,sex_t,eco_aggregate_mel,edu_isced11_6,2014,0.249
nam,sex_t,eco_aggregate_mel,edu_isced11_6,2016,0.459
nam,sex_t,eco_aggregate_mel,edu_isced11_9,2016,0.806
nam,sex_t,eco_aggregate_mel,edu_isced11_total,2012,2.101
nam,sex_t,eco_aggregate_mel,edu_isced11_total,2013,3.972
nam,sex_t,eco_aggregate_mel,edu_isced11_total,2014,3.246
nam,sex_t,eco_aggregate_mel,edu_isced11_total,2016,8.872
nam,sex_t,eco_aggregate_mel,edu_isced11_x,2012,0.237
nam,sex_t,eco_aggregate_mel,edu_isced11_x,2013,0.325
nam,sex_t,eco_aggregate_mel,edu_isced11_x,2014,0.454
nam,sex_t,eco_aggregate_mkt,edu_aggregate_adv,2012,1.547
nam,sex_t,eco_aggregate_mkt,edu_aggregate_adv,2013,2.599
nam,sex_t,eco_aggregate_mkt,edu_aggregate_adv,2014,1.519
nam,sex_t,eco_aggregate_mkt,edu_aggregate_adv,2016,7.236
nam,sex_t,eco_aggregate_mkt,edu_aggregate_adv,2018,3.637
nam,sex_t,eco_aggregate_mkt,edu_aggregate_bas,2012,54.96
nam,sex_t,eco_aggregate_mkt,edu_aggregate_bas,2013,64.01
nam,sex_t,eco_aggregate_mkt,edu_aggregate_bas,2014,67.26
nam,sex_t,eco_aggregate_mkt,edu_aggregate_bas,2016,59.669
nam,sex_t,eco_aggregate_mkt,edu_aggregate_bas,2018,24.508
nam,sex_t,eco_aggregate_mkt,edu_aggregate_int,2013,0.849
nam,sex_t,eco_aggregate_mkt,edu_aggregate_int,2016,24.224
nam,sex_t,eco_aggregate_mkt,edu_aggregate_int,2018,73.272
nam,sex_t,eco_aggregate_mkt,edu_aggregate_ltb,2012,15.067
nam,sex_t,eco_aggregate_mkt,edu_aggregate_ltb,2013,18.417
nam,sex_t,eco_aggregate_mkt,edu_aggregate_ltb,2014,16.2
nam,sex_t,eco_aggregate_mkt,edu_aggregate_ltb,2016,13.198
nam,sex_t,eco_aggregate_mkt,edu_aggregate_ltb,2018,8.479
nam,sex_t,eco_aggregate_mkt,edu_aggregate_total,2012,73.571
nam,sex_t,eco_aggregate_mkt,edu_aggregate_total,2013,86.456
nam,sex_t,eco_aggregate_mkt,edu_aggregate_total,2014,86.159
nam,sex_t,eco_aggregate_mkt,edu_aggregate_total,2016,113.906
nam,sex_t,eco_aggregate_mkt,edu_aggregate_total,2018,112.833
nam,sex_t,eco_aggregate_mkt,edu_aggregate_x,2012,1.663
nam,sex_t,eco_aggregate_mkt,edu_aggregate_x,2013,0.582
nam,sex_t,eco_aggregate_mkt,edu_aggregate_x,2014,0.904
nam,sex_t,eco_aggregate_mkt,edu_aggregate_x,2016,9.579
nam,sex_t,eco_aggregate_mkt,edu_aggregate_x,2018,2.938
nam,sex_t,eco_aggregate_mkt,edu_isced11_0,2012,9.439
nam,sex_t,eco_aggregate_mkt,edu_isced11_0,2013,12.444
nam,sex_t,eco_aggregate_mkt,edu_isced11_0,2014,11.21
nam,sex_t,eco_aggregate_mkt,edu_isced11_0,2016,12.874
nam,sex_t,eco_aggregate_mkt,edu_isced11_1,2012,19.505
nam,sex_t,eco_aggregate_mkt,edu_isced11_1,2013,20.903
nam,sex_t,eco_aggregate_mkt,edu_isced11_1,2014,19.306
nam,sex_t,eco_aggregate_mkt,edu_isced11_1,2016,25.987
nam,sex_t,eco_aggregate_mkt,edu_isced11_2,2012,35.455
nam,sex_t,eco_aggregate_mkt,edu_isced11_2,2013,43.107
nam,sex_t,eco_aggregate_mkt,edu_isced11_2,2014,47.953
nam,sex_t,eco_aggregate_mkt,edu_isced11_2,2016,33.682
nam,sex_t,eco_aggregate_mkt,edu_isced11_3,2013,0.75
nam,sex_t,eco_aggregate_mkt,edu_isced11_3,2016,24.019
nam,sex_t,eco_aggregate_mkt,edu_isced11_5,2012,0.411
nam,sex_t,eco_aggregate_mkt,edu_isced11_5,2013,0.588
nam,sex_t,eco_aggregate_mkt,edu_isced11_5,2014,0.413
nam,sex_t,eco_aggregate_mkt,edu_isced11_5,2016,3.399
nam,sex_t,eco_aggregate_mkt,edu_isced11_6,2012,1.022
nam,sex_t,eco_aggregate_mkt,edu_isced11_6,2013,1.929
nam,sex_t,eco_aggregate_mkt,edu_isced11_6,2014,1.106
nam,sex_t,eco_aggregate_mkt,edu_isced11_6,2016,1.998
nam,sex_t,eco_aggregate_mkt,edu_isced11_7,2016,1.548
nam,sex_t,eco_aggregate_mkt,edu_isced11_9,2012,1.663
nam,sex_t,eco_aggregate_mkt,edu_isced11_9,2013,0.582
nam,sex_t,eco_aggregate_mkt,edu_isced11_9,2014,0.904
nam,sex_t,eco_aggregate_mkt,edu_isced11_9,2016,9.579
nam,sex_t,eco_aggregate_mkt,edu_isced11_total,2012,73.571
nam,sex_t,eco_aggregate_mkt,edu_isced11_total,2013,86.456
nam,sex_t,eco_aggregate_mkt,edu_isced11_total,2014,86.159
nam,sex_t,eco_aggregate_mkt,edu_isced11_total,2016,113.906
nam,sex_t,eco_aggregate_mkt,edu_isced11_x,2012,5.628
nam,sex_t,eco_aggregate_mkt,edu_isced11_x,2013,5.974
nam,sex_t,eco_aggregate_mkt,edu_isced11_x,2014,4.989
nam,sex_t,eco_aggregate_mkt,edu_isced11_x,2016,0.324
nam,sex_t,eco_aggregate_pub,edu_aggregate_adv,2012,1.457
nam,sex_t,eco_aggregate_pub,edu_aggregate_adv,2013,1.315
nam,sex_t,eco_aggregate_pub,edu_aggregate_adv,2014,0.872
nam,sex_t,eco_aggregate_pub,edu_aggregate_adv,2016,3.495
nam,sex_t,eco_aggregate_pub,edu_aggregate_adv,2018,3.382
nam,sex_t,eco_aggregate_pub,edu_aggregate_bas,2012,37.069
nam,sex_t,eco_aggregate_pub,edu_aggregate_bas,2013,38.917
nam,sex_t,eco_aggregate_pub,edu_aggregate_bas,2014,43.59
nam,sex_t,eco_aggregate_pub,edu_aggregate_bas,2016,49.168
nam,sex_t,eco_aggregate_pub,edu_aggregate_bas,2018,22.758
nam,sex_t,eco_aggregate_pub,edu_aggregate_int,2016,10.066
nam,sex_t,eco_aggregate_pub,edu_aggregate_int,2018,44.388
nam,sex_t,eco_aggregate_pub,edu_aggregate_ltb,2012,20.687
nam,sex_t,eco_aggregate_pub,edu_aggregate_ltb,2013,23.766
nam,sex_t,eco_aggregate_pub,edu_aggregate_ltb,2014,25.132
nam,sex_t,eco_aggregate_pub,edu_aggregate_ltb,2016,14.077
nam,sex_t,eco_aggregate_pub,edu_aggregate_ltb,2018,13.672
nam,sex_t,eco_aggregate_pub,edu_aggregate_total,2012,60.741
nam,sex_t,eco_aggregate_pub,edu_aggregate_total,2013,64.844
nam,sex_t,eco_aggregate_pub,edu_aggregate_total,2014,70.51
nam,sex_t,eco_aggregate_pub,edu_aggregate_total,2016,93.168
nam,sex_t,eco_aggregate_pub,edu_aggregate_total,2018,86.3
nam,sex_t,eco_aggregate_pub,edu_aggregate_x,2012,1.528
nam,sex_t,eco_aggregate_pub,edu_aggregate_x,2013,0.547
nam,sex_t,eco_aggregate_pub,edu_aggregate_x,2014,0.794
nam,sex_t,eco_aggregate_pub,edu_aggregate_x,2016,16.361
nam,sex_t,eco_aggregate_pub,edu_aggregate_x,2018,2.1
nam,sex_t,eco_aggregate_pub,edu_isced11_0,2012,12.2
nam,sex_t,eco_aggregate_pub,edu_isced11_0,2013,13.601
nam,sex_t,eco_aggregate_pub,edu_isced11_0,2014,15.336
nam,sex_t,eco_aggregate_pub,edu_isced11_0,2016,13.383
nam,sex_t,eco_aggregate_pub,edu_isced11_1,2012,16.411
nam,sex_t,eco_aggregate_pub,edu_isced11_1,2013,18.497
nam,sex_t,eco_aggregate_pub,edu_isced11_1,2014,19.419
nam,sex_t,eco_aggregate_pub,edu_isced11_1,2016,25.058
nam,sex_t,eco_aggregate_pub,edu_isced11_2,2012,20.658
nam,sex_t,eco_aggregate_pub,edu_isced11_2,2013,20.42
nam,sex_t,eco_aggregate_pub,edu_isced11_2,2014,24.171
nam,sex_t,eco_aggregate_pub,edu_isced11_2,2016,24.11
nam,sex_t,eco_aggregate_pub,edu_isced11_3,2016,10.002
nam,sex_t,eco_aggregate_pub,edu_isced11_5,2016,1.45
nam,sex_t,eco_aggregate_pub,edu_isced11_6,2012,0.728
nam,sex_t,eco_aggregate_pub,edu_isced11_6,2013,1.002
nam,sex_t,eco_aggregate_pub,edu_isced11_6,2014,0.607
nam,sex_t,eco_aggregate_pub,edu_isced11_6,2016,1.226
nam,sex_t,eco_aggregate_pub,edu_isced11_7,2016,0.545
nam,sex_t,eco_aggregate_pub,edu_isced11_8,2016,0.273
nam,sex_t,eco_aggregate_pub,edu_isced11_9,2012,1.528
nam,sex_t,eco_aggregate_pub,edu_isced11_9,2013,0.547
nam,sex_t,eco_aggregate_pub,edu_isced11_9,2014,0.794
nam,sex_t,eco_aggregate_pub,edu_isced11_9,2016,16.361
nam,sex_t,eco_aggregate_pub,edu_isced11_total,2012,60.741
nam,sex_t,eco_aggregate_pub,edu_isced11_total,2013,64.844
nam,sex_t,eco_aggregate_pub,edu_isced11_total,2014,70.51
nam,sex_t,eco_aggregate_pub,edu_isced11_total,2016,93.168
nam,sex_t,eco_aggregate_pub,edu_isced11_x,2012,8.487
nam,sex_t,eco_aggregate_pub,edu_isced11_x,2013,10.164
nam,sex_t,eco_aggregate_pub,edu_isced11_x,2014,9.796
nam,sex_t,eco_aggregate_pub,edu_isced11_x,2016,0.695
nam,sex_t,eco_aggregate_total,edu_aggregate_adv,2012,4.141
nam,sex_t,eco_aggregate_total,edu_aggregate_adv,2013,6.125
nam,sex_t,eco_aggregate_total,edu_aggregate_adv,2014,4.048
nam,sex_t,eco_aggregate_total,edu_aggregate_adv,2016,17.291
nam,sex_t,eco_aggregate_total,edu_aggregate_adv,2018,11.742
nam,sex_t,eco_aggregate_total,edu_aggregate_bas,2012,170.847
nam,sex_t,eco_aggregate_total,edu_aggregate_bas,2013,203.044
nam,sex_t,eco_aggregate_total,edu_aggregate_bas,2014,212.632
nam,sex_t,eco_aggregate_total,edu_aggregate_bas,2016,185.182
nam,sex_t,eco_aggregate_total,edu_aggregate_bas,2018,115.406
nam,sex_t,eco_aggregate_total,edu_aggregate_int,2012,0.533
nam,sex_t,eco_aggregate_total,edu_aggregate_int,2013,1.664
nam,sex_t,eco_aggregate_total,edu_aggregate_int,2014,0.874
nam,sex_t,eco_aggregate_total,edu_aggregate_int,2016,51.842
nam,sex_t,eco_aggregate_total,edu_aggregate_int,2018,188.252
nam,sex_t,eco_aggregate_total,edu_aggregate_ltb,2012,125.013
nam,sex_t,eco_aggregate_total,edu_aggregate_ltb,2013,166.006
nam,sex_t,eco_aggregate_total,edu_aggregate_ltb,2014,156.058
nam,sex_t,eco_aggregate_total,edu_aggregate_ltb,2016,75.088
nam,sex_t,eco_aggregate_total,edu_aggregate_ltb,2018,66.952
nam,sex_t,eco_aggregate_total,edu_aggregate_total,2012,307.791
nam,sex_t,eco_aggregate_total,edu_aggregate_total,2013,380.088
nam,sex_t,eco_aggregate_total,edu_aggregate_total,2014,378.28
nam,sex_t,eco_aggregate_total,edu_aggregate_total,2016,405.509
nam,sex_t,eco_aggregate_total,edu_aggregate_total,2018,396.125
nam,sex_t,eco_aggregate_total,edu_aggregate_x,2012,7.257
nam,sex_t,eco_aggregate_total,edu_aggregate_x,2013,3.249
nam,sex_t,eco_aggregate_total,edu_aggregate_x,2014,4.669
nam,sex_t,eco_aggregate_total,edu_aggregate_x,2016,76.106
nam,sex_t,eco_aggregate_total,edu_aggregate_x,2018,13.772
nam,sex_t,eco_aggregate_total,edu_isced11_0,2012,70.311
nam,sex_t,eco_aggregate_total,edu_isced11_0,2013,93.474
nam,sex_t,eco_aggregate_total,edu_isced11_0,2014,89.54
nam,sex_t,eco_aggregate_total,edu_isced11_0,2016,71.879
nam,sex_t,eco_aggregate_total,edu_isced11_1,2012,78.698
nam,sex_t,eco_aggregate_total,edu_isced11_1,2013,94.172
nam,sex_t,eco_aggregate_total,edu_isced11_1,2014,91.475
nam,sex_t,eco_aggregate_total,edu_isced11_1,2016,95.668
nam,sex_t,eco_aggregate_total,edu_isced11_2,2012,92.15
nam,sex_t,eco_aggregate_total,edu_isced11_2,2013,108.872
nam,sex_t,eco_aggregate_total,edu_isced11_2,2014,121.157
nam,sex_t,eco_aggregate_total,edu_isced11_2,2016,89.514
nam,sex_t,eco_aggregate_total,edu_isced11_3,2012,0.46
nam,sex_t,eco_aggregate_total,edu_isced11_3,2013,1.139
nam,sex_t,eco_aggregate_total,edu_isced11_3,2014,0.381
nam,sex_t,eco_aggregate_total,edu_isced11_3,2016,50.729
nam,sex_t,eco_aggregate_total,edu_isced11_4,2013,0.525
nam,sex_t,eco_aggregate_total,edu_isced11_4,2014,0.493
nam,sex_t,eco_aggregate_total,edu_isced11_4,2016,1.113
nam,sex_t,eco_aggregate_total,edu_isced11_5,2012,1.096
nam,sex_t,eco_aggregate_total,edu_isced11_5,2013,1.354
nam,sex_t,eco_aggregate_total,edu_isced11_5,2014,1.128
nam,sex_t,eco_aggregate_total,edu_isced11_5,2016,8.12
nam,sex_t,eco_aggregate_total,edu_isced11_6,2012,2.533
nam,sex_t,eco_aggregate_total,edu_isced11_6,2013,4.197
nam,sex_t,eco_aggregate_total,edu_isced11_6,2014,2.762
nam,sex_t,eco_aggregate_total,edu_isced11_6,2016,5.673
nam,sex_t,eco_aggregate_total,edu_isced11_7,2012,0.511
nam,sex_t,eco_aggregate_total,edu_isced11_7,2013,0.417
nam,sex_t,eco_aggregate_total,edu_isced11_7,2016,2.829
nam,sex_t,eco_aggregate_total,edu_isced11_8,2016,0.669
nam,sex_t,eco_aggregate_total,edu_isced11_9,2012,7.257
nam,sex_t,eco_aggregate_total,edu_isced11_9,2013,3.249
nam,sex_t,eco_aggregate_total,edu_isced11_9,2014,4.669
nam,sex_t,eco_aggregate_total,edu_isced11_9,2016,76.106
nam,sex_t,eco_aggregate_total,edu_isced11_total,2012,307.791
nam,sex_t,eco_aggregate_total,edu_isced11_total,2013,380.088
nam,sex_t,eco_aggregate_total,edu_isced11_total,2014,378.28
nam,sex_t,eco_aggregate_total,edu_isced11_total,2016,405.509
nam,sex_t,eco_aggregate_total,edu_isced11_x,2012,54.702
nam,sex_t,eco_aggregate_total,edu_isced11_x,2013,72.532
nam,sex_t,eco_aggregate_total,edu_isced11_x,2014,66.518
nam,sex_t,eco_aggregate_total,edu_isced11_x,2016,3.209
nam,sex_t,eco_aggregate_x,edu_aggregate_bas,2013,1.144
nam,sex_t,eco_aggregate_x,edu_aggregate_bas,2018,0.292
nam,sex_t,eco_aggregate_x,edu_aggregate_int,2018,1.117
nam,sex_t,eco_aggregate_x,edu_aggregate_ltb,2013,0.822
nam,sex_t,eco_aggregate_x,edu_aggregate_ltb,2018,0.344
nam,sex_t,eco_aggregate_x,edu_aggregate_total,2013,2.221
nam,sex_t,eco_aggregate_x,edu_aggregate_total,2014,0.601
nam,sex_t,eco_aggregate_x,edu_aggregate_total,2016,0.366
nam,sex_t,eco_aggregate_x,edu_aggregate_total,2018,1.799
nam,sex_t,eco_aggregate_x,edu_isced11_0,2013,0.551
nam,sex_t,eco_aggregate_x,edu_isced11_1,2013,0.289
nam,sex_t,eco_aggregate_x,edu_isced11_2,2013,0.855
nam,sex_t,eco_aggregate_x,edu_isced11_total,2013,2.221
nam,sex_t,eco_aggregate_x,edu_isced11_total,2014,0.601
nam,sex_t,eco_aggregate_x,edu_isced11_total,2016,0.366
nam,sex_t,eco_aggregate_x,edu_isced11_x,2013,0.271
nam,sex_t,eco_isic4_a,edu_aggregate_adv,2012,0.485
nam,sex_t,eco_isic4_a,edu_aggregate_adv,2013,0.709
nam,sex_t,eco_isic4_a,edu_aggregate_adv,2014,0.902
nam,sex_t,eco_isic4_a,edu_aggregate_adv,2016,2.005
nam,sex_t,eco_isic4_a,edu_aggregate_adv,2018,3.308
nam,sex_t,eco_isic4_a,edu_aggregate_bas,2012,54.522
nam,sex_t,eco_isic4_a,edu_aggregate_bas,2013,68.822
nam,sex_t,eco_isic4_a,edu_aggregate_bas,2014,72.517
nam,sex_t,eco_isic4_a,edu_aggregate_bas,2016,39.001
nam,sex_t,eco_isic4_a,edu_aggregate_bas,2018,54.394
nam,sex_t,eco_isic4_a,edu_aggregate_int,2013,0.374
nam,sex_t,eco_isic4_a,edu_aggregate_int,2014,0.474
nam,sex_t,eco_isic4_a,edu_aggregate_int,2016,4.662
nam,sex_t,eco_isic4_a,edu_aggregate_int,2018,38.725
nam,sex_t,eco_isic4_a,edu_aggregate_ltb,2012,79.344
nam,sex_t,eco_isic4_a,edu_aggregate_ltb,2013,109.402
nam,sex_t,eco_isic4_a,edu_aggregate_ltb,2014,101.57
nam,sex_t,eco_isic4_a,edu_aggregate_ltb,2016,34.069
nam,sex_t,eco_isic4_a,edu_aggregate_ltb,2018,39.201
nam,sex_t,eco_isic4_a,edu_aggregate_total,2012,137.509
nam,sex_t,eco_isic4_a,edu_aggregate_total,2013,181.129
nam,sex_t,eco_isic4_a,edu_aggregate_total,2014,177.577
nam,sex_t,eco_isic4_a,edu_aggregate_total,2016,118.41
nam,sex_t,eco_isic4_a,edu_aggregate_total,2018,142.744
nam,sex_t,eco_isic4_a,edu_aggregate_x,2012,3.11
nam,sex_t,eco_isic4_a,edu_aggregate_x,2013,1.823
nam,sex_t,eco_isic4_a,edu_aggregate_x,2014,2.113
nam,sex_t,eco_isic4_a,edu_aggregate_x,2016,38.673
nam,sex_t,eco_isic4_a,edu_aggregate_x,2018,7.116
nam,sex_t,eco_isic4_a,edu_isced11_0,2012,41.583
nam,sex_t,eco_isic4_a,edu_isced11_0,2013,58.509
nam,sex_t,eco_isic4_a,edu_isced11_0,2014,55.003
nam,sex_t,eco_isic4_a,edu_isced11_0,2016,32.531
nam,sex_t,eco_isic4_a,edu_isced11_1,2012,33.073
nam,sex_t,eco_isic4_a,edu_isced11_1,2013,42.536
nam,sex_t,eco_isic4_a,edu_isced11_1,2014,41.96
nam,sex_t,eco_isic4_a,edu_isced11_1,2016,25.872
nam,sex_t,eco_isic4_a,edu_isced11_2,2012,21.448
nam,sex_t,eco_isic4_a,edu_isced11_2,2013,26.286
nam,sex_t,eco_isic4_a,edu_isced11_2,2014,30.556
nam,sex_t,eco_isic4_a,edu_isced11_2,2016,13.129
nam,sex_t,eco_isic4_a,edu_isced11_3,2014,0.14
nam,sex_t,eco_isic4_a,edu_isced11_3,2016,4.463
nam,sex_t,eco_isic4_a,edu_isced11_4,2013,0.374
nam,sex_t,eco_isic4_a,edu_isced11_4,2014,0.334
nam,sex_t,eco_isic4_a,edu_isced11_4,2016,0.198
nam,sex_t,eco_isic4_a,edu_isced11_5,2014,0.241
nam,sex_t,eco_isic4_a,edu_isced11_5,2016,0.647
nam,sex_t,eco_isic4_a,edu_isced11_6,2012,0.388
nam,sex_t,eco_isic4_a,edu_isced11_6,2013,0.504
nam,sex_t,eco_isic4_a,edu_isced11_6,2014,0.661
nam,sex_t,eco_isic4_a,edu_isced11_6,2016,1.021
nam,sex_t,eco_isic4_a,edu_isced11_7,2016,0.272
nam,sex_t,eco_isic4_a,edu_isced11_9,2012,3.11
nam,sex_t,eco_isic4_a,edu_isced11_9,2013,1.823
nam,sex_t,eco_isic4_a,edu_isced11_9,2014,2.113
nam,sex_t,eco_isic4_a,edu_isced11_9,2016,38.673
nam,sex_t,eco_isic4_a,edu_isced11_total,2012,137.509
nam,sex_t,eco_isic4_a,edu_isced11_total,2013,181.129
nam,sex_t,eco_isic4_a,edu_isced11_total,2014,177.577
nam,sex_t,eco_isic4_a,edu_isced11_total,2016,118.41
nam,sex_t,eco_isic4_a,edu_isced11_x,2012,37.761
nam,sex_t,eco_isic4_a,edu_isced11_x,2013,50.892
nam,sex_t,eco_isic4_a,edu_isced11_x,2014,46.568
nam,sex_t,eco_isic4_a,edu_isced11_x,2016,1.538
nam,sex_t,eco_isic4_b,edu_aggregate_adv,2013,0.411
nam,sex_t,eco_isic4_b,edu_aggregate_adv,2016,0.919
nam,sex_t,eco_isic4_b,edu_aggregate_bas,2012,0.78
nam,sex_t,eco_isic4_b,edu_aggregate_bas,2013,1.602
nam,sex_t,eco_isic4_b,edu_aggregate_bas,2014,1.509
nam,sex_t,eco_isic4_b,edu_aggregate_bas,2016,1.607
nam,sex_t,eco_isic4_b,edu_aggregate_bas,2018,0.227
nam,sex_t,eco_isic4_b,edu_aggregate_int,2016,1.814
nam,sex_t,eco_isic4_b,edu_aggregate_int,2018,1.201
nam,sex_t,eco_isic4_b,edu_aggregate_ltb,2013,0.869
nam,sex_t,eco_isic4_b,edu_aggregate_ltb,2014,0.38
nam,sex_t,eco_isic4_b,edu_aggregate_ltb,2016,0.4
nam,sex_t,eco_isic4_b,edu_aggregate_total,2012,1.086
nam,sex_t,eco_isic4_b,edu_aggregate_total,2013,2.97
nam,sex_t,eco_isic4_b,edu_aggregate_total,2014,2.09
nam,sex_t,eco_isic4_b,edu_aggregate_total,2016,5.235
nam,sex_t,eco_isic4_b,edu_aggregate_total,2018,1.66
nam,sex_t,eco_isic4_b,edu_aggregate_x,2016,0.494
nam,sex_t,eco_isic4_b,edu_isced11_0,2013,0.739
nam,sex_t,eco_isic4_b,edu_isced11_0,2016,0.4
nam,sex_t,eco_isic4_b,edu_isced11_1,2012,0.337
nam,sex_t,eco_isic4_b,edu_isced11_1,2013,0.276
nam,sex_t,eco_isic4_b,edu_isced11_1,2014,0.558
nam,sex_t,eco_isic4_b,edu_isced11_1,2016,0.749
nam,sex_t,eco_isic4_b,edu_isced11_2,2012,0.443
nam,sex_t,eco_isic4_b,edu_isced11_2,2013,1.327
nam,sex_t,eco_isic4_b,edu_isced11_2,2014,0.951
nam,sex_t,eco_isic4_b,edu_isced11_2,2016,0.858
nam,sex_t,eco_isic4_b,edu_isced11_3,2016,1.738
nam,sex_t,eco_isic4_b,edu_isced11_5,2016,0.39
nam,sex_t,eco_isic4_b,edu_isced11_6,2016,0.376
nam,sex_t,eco_isic4_b,edu_isced11_9,2016,0.494
nam,sex_t,eco_isic4_b,edu_isced11_total,2012,1.086
nam,sex_t,eco_isic4_b,edu_isced11_total,2013,2.97
nam,sex_t,eco_isic4_b,edu_isced11_total,2014,2.09
nam,sex_t,eco_isic4_b,edu_isced11_total,2016,5.235
nam,sex_t,eco_isic4_c,edu_aggregate_adv,2016,1.93
nam,sex_t,eco_isic4_c,edu_aggregate_adv,2018,0.973
nam,sex_t,eco_isic4_c,edu_aggregate_bas,2012,6.528
nam,sex_t,eco_isic4_c,edu_aggregate_bas,2013,9.596
nam,sex_t,eco_isic4_c,edu_aggregate_bas,2014,5.342
nam,sex_t,eco_isic4_c,edu_aggregate_bas,2016,12.455
nam,sex_t,eco_isic4_c,edu_aggregate_bas,2018,5.216
nam,sex_t,eco_isic4_c,edu_aggregate_int,2016,4.778
nam,sex_t,eco_isic4_c,edu_aggregate_int,2018,11.258
nam,sex_t,eco_isic4_c,edu_aggregate_ltb,2012,2.545
nam,sex_t,eco_isic4_c,edu_aggregate_ltb,2013,3.228
nam,sex_t,eco_isic4_c,edu_aggregate_ltb,2014,2
nam,sex_t,eco_isic4_c,edu_aggregate_ltb,2016,3.108
nam,sex_t,eco_isic4_c,edu_aggregate_ltb,2018,2.4
nam,sex_t,eco_isic4_c,edu_aggregate_total,2012,9.452
nam,sex_t,eco_isic4_c,edu_aggregate_total,2013,13.139
nam,sex_t,eco_isic4_c,edu_aggregate_total,2014,7.498
nam,sex_t,eco_isic4_c,edu_aggregate_total,2016,26.122
nam,sex_t,eco_isic4_c,edu_aggregate_total,2018,20.428
nam,sex_t,eco_isic4_c,edu_aggregate_x,2016,3.851
nam,sex_t,eco_isic4_c,edu_aggregate_x,2018,0.582
nam,sex_t,eco_isic4_c,edu_isced11_0,2012,1.679
nam,sex_t,eco_isic4_c,edu_isced11_0,2013,2.068
nam,sex_t,eco_isic4_c,edu_isced11_0,2014,0.995
nam,sex_t,eco_isic4_c,edu_isced11_0,2016,3.069
nam,sex_t,eco_isic4_c,edu_isced11_1,2012,2.535
nam,sex_t,eco_isic4_c,edu_isced11_1,2013,3.448
nam,sex_t,eco_isic4_c,edu_isced11_1,2014,1.542
nam,sex_t,eco_isic4_c,edu_isced11_1,2016,6.012
nam,sex_t,eco_isic4_c,edu_isced11_2,2012,3.993
nam,sex_t,eco_isic4_c,edu_isced11_2,2013,6.148
nam,sex_t,eco_isic4_c,edu_isced11_2,2014,3.8
nam,sex_t,eco_isic4_c,edu_isced11_2,2016,6.444
nam,sex_t,eco_isic4_c,edu_isced11_3,2016,4.633
nam,sex_t,eco_isic4_c,edu_isced11_5,2016,1.056
nam,sex_t,eco_isic4_c,edu_isced11_6,2016,0.602
nam,sex_t,eco_isic4_c,edu_isced11_9,2016,3.851
nam,sex_t,eco_isic4_c,edu_isced11_total,2012,9.452
nam,sex_t,eco_isic4_c,edu_isced11_total,2013,13.139
nam,sex_t,eco_isic4_c,edu_isced11_total,2014,7.498
nam,sex_t,eco_isic4_c,edu_isced11_total,2016,26.122
nam,sex_t,eco_isic4_c,edu_isced11_x,2012,0.866
nam,sex_t,eco_isic4_c,edu_isced11_x,2013,1.159
nam,sex_t,eco_isic4_c,edu_isced11_x,2014,1.006
nam,sex_t,eco_isic4_d,edu_aggregate_adv,2016,0.286
nam,sex_t,eco_isic4_d,edu_aggregate_bas,2012,0.351
nam,sex_t,eco_isic4_d,edu_aggregate_bas,2014,0.526
nam,sex_t,eco_isic4_d,edu_aggregate_bas,2016,0.835
nam,sex_t,eco_isic4_d,edu_aggregate_int,2016,0.706
nam,sex_t,eco_isic4_d,edu_aggregate_int,2018,0.279
nam,sex_t,eco_isic4_d,edu_aggregate_total,2012,0.351
nam,sex_t,eco_isic4_d,edu_aggregate_total,2014,0.724
nam,sex_t,eco_isic4_d,edu_aggregate_total,2016,2.234
nam,sex_t,eco_isic4_d,edu_aggregate_total,2018,0.408
nam,sex_t,eco_isic4_d,edu_aggregate_x,2016,0.234
nam,sex_t,eco_isic4_d,edu_isced11_1,2016,0.524
nam,sex_t,eco_isic4_d,edu_isced11_2,2012,0.351
nam,sex_t,eco_isic4_d,edu_isced11_2,2016,0.311
nam,sex_t,eco_isic4_d,edu_isced11_3,2016,0.706
nam,sex_t,eco_isic4_d,edu_isced11_9,2016,0.234
nam,sex_t,eco_isic4_d,edu_isced11_total,2012,0.351
nam,sex_t,eco_isic4_d,edu_isced11_total,2014,0.724
nam,sex_t,eco_isic4_d,edu_isced11_total,2016,2.234
nam,sex_t,eco_isic4_e,edu_aggregate_bas,2012,0.428
nam,sex_t,eco_isic4_e,edu_aggregate_bas,2013,0.345
nam,sex_t,eco_isic4_e,edu_aggregate_bas,2014,0.242
nam,sex_t,eco_isic4_e,edu_aggregate_bas,2016,0.701
nam,sex_t,eco_isic4_e,edu_aggregate_bas,2018,0.56
nam,sex_t,eco_isic4_e,edu_aggregate_int,2016,0.206
nam,sex_t,eco_isic4_e,edu_aggregate_int,2018,0.279
nam,sex_t,eco_isic4_e,edu_aggregate_ltb,2012,0.236
nam,sex_t,eco_isic4_e,edu_aggregate_ltb,2013,0.358
nam,sex_t,eco_isic4_e,edu_aggregate_ltb,2016,0.418
nam,sex_t,eco_isic4_e,edu_aggregate_total,2012,0.664
nam,sex_t,eco_isic4_e,edu_aggregate_total,2013,0.703
nam,sex_t,eco_isic4_e,edu_aggregate_total,2014,0.432
nam,sex_t,eco_isic4_e,edu_aggregate_total,2016,1.403
nam,sex_t,eco_isic4_e,edu_aggregate_total,2018,0.972
nam,sex_t,eco_isic4_e,edu_isced11_0,2016,0.324
nam,sex_t,eco_isic4_e,edu_isced11_1,2016,0.22
nam,sex_t,eco_isic4_e,edu_isced11_2,2012,0.326
nam,sex_t,eco_isic4_e,edu_isced11_2,2016,0.481
nam,sex_t,eco_isic4_e,edu_isced11_3,2016,0.206
nam,sex_t,eco_isic4_e,edu_isced11_total,2012,0.664
nam,sex_t,eco_isic4_e,edu_isced11_total,2013,0.703
nam,sex_t,eco_isic4_e,edu_isced11_total,2014,0.432
nam,sex_t,eco_isic4_e,edu_isced11_total,2016,1.403
nam,sex_t,eco_isic4_f,edu_aggregate_adv,2012,0.363
nam,sex_t,eco_isic4_f,edu_aggregate_adv,2013,0.349
nam,sex_t,eco_isic4_f,edu_aggregate_adv,2014,0.35
nam,sex_t,eco_isic4_f,edu_aggregate_adv,2016,1.387
nam,sex_t,eco_isic4_f,edu_aggregate_adv,2018,0.364
nam,sex_t,eco_isic4_f,edu_aggregate_bas,2012,16.108
nam,sex_t,eco_isic4_f,edu_aggregate_bas,2013,18.483
nam,sex_t,eco_isic4_f,edu_aggregate_bas,2014,21.382
nam,sex_t,eco_isic4_f,edu_aggregate_bas,2016,21.542
nam,sex_t,eco_isic4_f,edu_aggregate_bas,2018,7.451
nam,sex_t,eco_isic4_f,edu_aggregate_int,2016,5.369
nam,sex_t,eco_isic4_f,edu_aggregate_int,2018,17.735
nam,sex_t,eco_isic4_f,edu_aggregate_ltb,2012,6.878
nam,sex_t,eco_isic4_f,edu_aggregate_ltb,2013,9.146
nam,sex_t,eco_isic4_f,edu_aggregate_ltb,2014,10.405
nam,sex_t,eco_isic4_f,edu_aggregate_ltb,2016,9.532
nam,sex_t,eco_isic4_f,edu_aggregate_ltb,2018,2.629
nam,sex_t,eco_isic4_f,edu_aggregate_total,2012,24.267
nam,sex_t,eco_isic4_f,edu_aggregate_total,2013,28.328
nam,sex_t,eco_isic4_f,edu_aggregate_total,2014,32.688
nam,sex_t,eco_isic4_f,edu_aggregate_total,2016,44.665
nam,sex_t,eco_isic4_f,edu_aggregate_total,2018,28.98
nam,sex_t,eco_isic4_f,edu_aggregate_x,2012,0.767
nam,sex_t,eco_isic4_f,edu_aggregate_x,2013,0.298
nam,sex_t,eco_isic4_f,edu_aggregate_x,2014,0.55
nam,sex_t,eco_isic4_f,edu_aggregate_x,2016,6.835
nam,sex_t,eco_isic4_f,edu_aggregate_x,2018,0.801
nam,sex_t,eco_isic4_f,edu_isced11_0,2012,5.154
nam,sex_t,eco_isic4_f,edu_isced11_0,2013,5.4
nam,sex_t,eco_isic4_f,edu_isced11_0,2014,6.701
nam,sex_t,eco_isic4_f,edu_isced11_0,2016,9.073
nam,sex_t,eco_isic4_f,edu_isced11_1,2012,6.735
nam,sex_t,eco_isic4_f,edu_isced11_1,2013,8.052
nam,sex_t,eco_isic4_f,edu_isced11_1,2014,8.2
nam,sex_t,eco_isic4_f,edu_isced11_1,2016,11.218
nam,sex_t,eco_isic4_f,edu_isced11_2,2012,9.373
nam,sex_t,eco_isic4_f,edu_isced11_2,2013,10.431
nam,sex_t,eco_isic4_f,edu_isced11_2,2014,13.182
nam,sex_t,eco_isic4_f,edu_isced11_2,2016,10.325
nam,sex_t,eco_isic4_f,edu_isced11_3,2016,4.945
nam,sex_t,eco_isic4_f,edu_isced11_4,2016,0.424
nam,sex_t,eco_isic4_f,edu_isced11_5,2016,0.982
nam,sex_t,eco_isic4_f,edu_isced11_6,2012,0.298
nam,sex_t,eco_isic4_f,edu_isced11_6,2016,0.368
nam,sex_t,eco_isic4_f,edu_isced11_9,2012,0.767
nam,sex_t,eco_isic4_f,edu_isced11_9,2013,0.298
nam,sex_t,eco_isic4_f,edu_isced11_9,2014,0.55
nam,sex_t,eco_isic4_f,edu_isced11_9,2016,6.835
nam,sex_t,eco_isic4_f,edu_isced11_total,2012,24.267
nam,sex_t,eco_isic4_f,edu_isced11_total,2013,28.328
nam,sex_t,eco_isic4_f,edu_isced11_total,2014,32.688
nam,sex_t,eco_isic4_f,edu_isced11_total,2016,44.665
nam,sex_t,eco_isic4_f,edu_isced11_x,2012,1.723
nam,sex_t,eco_isic4_f,edu_isced11_x,2013,3.746
nam,sex_t,eco_isic4_f,edu_isced11_x,2014,3.705
nam,sex_t,eco_isic4_f,edu_isced11_x,2016,0.459
nam,sex_t,eco_isic4_g,edu_aggregate_adv,2012,0.396
nam,sex_t,eco_isic4_g,edu_aggregate_adv,2013,0.751
nam,sex_t,eco_isic4_g,edu_aggregate_adv,2014,0.862
nam,sex_t,eco_isic4_g,edu_aggregate_adv,2016,1.529
nam,sex_t,eco_isic4_g,edu_aggregate_adv,2018,1.692
nam,sex_t,eco_isic4_g,edu_aggregate_bas,2012,24.536
nam,sex_t,eco_isic4_g,edu_aggregate_bas,2013,32.142
nam,sex_t,eco_isic4_g,edu_aggregate_bas,2014,41.523
nam,sex_t,eco_isic4_g,edu_aggregate_bas,2016,22.399
nam,sex_t,eco_isic4_g,edu_aggregate_bas,2018,7.3
nam,sex_t,eco_isic4_g,edu_aggregate_int,2016,9.506
nam,sex_t,eco_isic4_g,edu_aggregate_int,2018,23.656
nam,sex_t,eco_isic4_g,edu_aggregate_ltb,2012,8.329
nam,sex_t,eco_isic4_g,edu_aggregate_ltb,2013,9.487
nam,sex_t,eco_isic4_g,edu_aggregate_ltb,2014,11.598
nam,sex_t,eco_isic4_g,edu_aggregate_ltb,2016,4.822
nam,sex_t,eco_isic4_g,edu_aggregate_ltb,2018,3.846
nam,sex_t,eco_isic4_g,edu_aggregate_total,2012,34.176
nam,sex_t,eco_isic4_g,edu_aggregate_total,2013,43.216
nam,sex_t,eco_isic4_g,edu_aggregate_total,2014,54.676
nam,sex_t,eco_isic4_g,edu_aggregate_total,2016,42.534
nam,sex_t,eco_isic4_g,edu_aggregate_total,2018,37.52
nam,sex_t,eco_isic4_g,edu_aggregate_x,2012,0.754
nam,sex_t,eco_isic4_g,edu_aggregate_x,2013,0.456
nam,sex_t,eco_isic4_g,edu_aggregate_x,2014,0.594
nam,sex_t,eco_isic4_g,edu_aggregate_x,2016,4.278
nam,sex_t,eco_isic4_g,edu_aggregate_x,2018,1.026
nam,sex_t,eco_isic4_g,edu_isced11_0,2012,4.734
nam,sex_t,eco_isic4_g,edu_isced11_0,2013,6.115
nam,sex_t,eco_isic4_g,edu_isced11_0,2014,8.368
nam,sex_t,eco_isic4_g,edu_isced11_0,2016,4.723
nam,sex_t,eco_isic4_g,edu_isced11_1,2012,8.642
nam,sex_t,eco_isic4_g,edu_isced11_1,2013,11.892
nam,sex_t,eco_isic4_g,edu_isced11_1,2014,12.938
nam,sex_t,eco_isic4_g,edu_isced11_1,2016,10.294
nam,sex_t,eco_isic4_g,edu_isced11_2,2012,15.895
nam,sex_t,eco_isic4_g,edu_isced11_2,2013,20.251
nam,sex_t,eco_isic4_g,edu_isced11_2,2014,28.585
nam,sex_t,eco_isic4_g,edu_isced11_2,2016,12.105
nam,sex_t,eco_isic4_g,edu_isced11_3,2016,9.437
nam,sex_t,eco_isic4_g,edu_isced11_5,2013,0.426
nam,sex_t,eco_isic4_g,edu_isced11_5,2016,0.951
nam,sex_t,eco_isic4_g,edu_isced11_6,2014,0.604
nam,sex_t,eco_isic4_g,edu_isced11_7,2016,0.456
nam,sex_t,eco_isic4_g,edu_isced11_9,2012,0.754
nam,sex_t,eco_isic4_g,edu_isced11_9,2013,0.456
nam,sex_t,eco_isic4_g,edu_isced11_9,2014,0.594
nam,sex_t,eco_isic4_g,edu_isced11_9,2016,4.278
nam,sex_t,eco_isic4_g,edu_isced11_total,2012,34.176
nam,sex_t,eco_isic4_g,edu_isced11_total,2013,43.216
nam,sex_t,eco_isic4_g,edu_isced11_total,2014,54.676
nam,sex_t,eco_isic4_g,edu_isced11_total,2016,42.534
nam,sex_t,eco_isic4_g,edu_isced11_x,2012,3.596
nam,sex_t,eco_isic4_g,edu_isced11_x,2013,3.372
nam,sex_t,eco_isic4_g,edu_isced11_x,2014,3.23
nam,sex_t,eco_isic4_h,edu_aggregate_adv,2016,0.633
nam,sex_t,eco_isic4_h,edu_aggregate_bas,2012,6.777
nam,sex_t,eco_isic4_h,edu_aggregate_bas,2013,7.185
nam,sex_t,eco_isic4_h,edu_aggregate_bas,2014,7.341
nam,sex_t,eco_isic4_h,edu_aggregate_bas,2016,6.613
nam,sex_t,eco_isic4_h,edu_aggregate_bas,2018,1.236
nam,sex_t,eco_isic4_h,edu_aggregate_int,2016,2.205
nam,sex_t,eco_isic4_h,edu_aggregate_int,2018,7.118
nam,sex_t,eco_isic4_h,edu_aggregate_ltb,2012,0.844
nam,sex_t,eco_isic4_h,edu_aggregate_ltb,2013,1.133
nam,sex_t,eco_isic4_h,edu_aggregate_ltb,2014,1.335
nam,sex_t,eco_isic4_h,edu_aggregate_ltb,2016,1.142
nam,sex_t,eco_isic4_h,edu_aggregate_ltb,2018,0.323
nam,sex_t,eco_isic4_h,edu_aggregate_total,2012,7.898
nam,sex_t,eco_isic4_h,edu_aggregate_total,2013,8.681
nam,sex_t,eco_isic4_h,edu_aggregate_total,2014,9.004
nam,sex_t,eco_isic4_h,edu_aggregate_total,2016,10.938
nam,sex_t,eco_isic4_h,edu_aggregate_total,2018,9.017
nam,sex_t,eco_isic4_h,edu_aggregate_x,2016,0.345
nam,sex_t,eco_isic4_h,edu_isced11_0,2012,0.673
nam,sex_t,eco_isic4_h,edu_isced11_0,2013,0.953
nam,sex_t,eco_isic4_h,edu_isced11_0,2014,0.845
nam,sex_t,eco_isic4_h,edu_isced11_0,2016,1.034
nam,sex_t,eco_isic4_h,edu_isced11_1,2012,2.006
nam,sex_t,eco_isic4_h,edu_isced11_1,2013,1.541
nam,sex_t,eco_isic4_h,edu_isced11_1,2014,1.445
nam,sex_t,eco_isic4_h,edu_isced11_1,2016,1.503
nam,sex_t,eco_isic4_h,edu_isced11_2,2012,4.772
nam,sex_t,eco_isic4_h,edu_isced11_2,2013,5.644
nam,sex_t,eco_isic4_h,edu_isced11_2,2014,5.896
nam,sex_t,eco_isic4_h,edu_isced11_2,2016,5.109
nam,sex_t,eco_isic4_h,edu_isced11_3,2016,2.205
nam,sex_t,eco_isic4_h,edu_isced11_5,2016,0.258
nam,sex_t,eco_isic4_h,edu_isced11_9,2016,0.345
nam,sex_t,eco_isic4_h,edu_isced11_total,2012,7.898
nam,sex_t,eco_isic4_h,edu_isced11_total,2013,8.681
nam,sex_t,eco_isic4_h,edu_isced11_total,2014,9.004
nam,sex_t,eco_isic4_h,edu_isced11_total,2016,10.938
nam,sex_t,eco_isic4_h,edu_isced11_x,2014,0.49
nam,sex_t,eco_isic4_i,edu_aggregate_adv,2012,0.178
nam,sex_t,eco_isic4_i,edu_aggregate_adv,2016,1.235
nam,sex_t,eco_isic4_i,edu_aggregate_bas,2012,16.012
nam,sex_t,eco_isic4_i,edu_aggregate_bas,2013,13.996
nam,sex_t,eco_isic4_i,edu_aggregate_bas,2014,11.343
nam,sex_t,eco_isic4_i,edu_aggregate_bas,2016,17.163
nam,sex_t,eco_isic4_i,edu_aggregate_bas,2018,14.127
nam,sex_t,eco_isic4_i,edu_aggregate_int,2016,4.918
nam,sex_t,eco_isic4_i,edu_aggregate_int,2018,34.56
nam,sex_t,eco_isic4_i,edu_aggregate_ltb,2012,5.079
nam,sex_t,eco_isic4_i,edu_aggregate_ltb,2013,5.136
nam,sex_t,eco_isic4_i,edu_aggregate_ltb,2014,1.356
nam,sex_t,eco_isic4_i,edu_aggregate_ltb,2016,4.294
nam,sex_t,eco_isic4_i,edu_aggregate_ltb,2018,3.228
nam,sex_t,eco_isic4_i,edu_aggregate_total,2012,21.965
nam,sex_t,eco_isic4_i,edu_aggregate_total,2013,19.177
nam,sex_t,eco_isic4_i,edu_aggregate_total,2014,13.048
nam,sex_t,eco_isic4_i,edu_aggregate_total,2016,31.109
nam,sex_t,eco_isic4_i,edu_aggregate_total,2018,53.729
nam,sex_t,eco_isic4_i,edu_aggregate_x,2012,0.642
nam,sex_t,eco_isic4_i,edu_aggregate_x,2016,3.498
nam,sex_t,eco_isic4_i,edu_aggregate_x,2018,1.643
nam,sex_t,eco_isic4_i,edu_isced11_0,2012,3.538
nam,sex_t,eco_isic4_i,edu_isced11_0,2013,3.755
nam,sex_t,eco_isic4_i,edu_isced11_0,2014,0.845
nam,sex_t,eco_isic4_i,edu_isced11_0,2016,4.235
nam,sex_t,eco_isic4_i,edu_isced11_1,2012,6.578
nam,sex_t,eco_isic4_i,edu_isced11_1,2013,4.968
nam,sex_t,eco_isic4_i,edu_isced11_1,2014,2.622
nam,sex_t,eco_isic4_i,edu_isced11_1,2016,8.777
nam,sex_t,eco_isic4_i,edu_isced11_2,2012,9.433
nam,sex_t,eco_isic4_i,edu_isced11_2,2013,9.029
nam,sex_t,eco_isic4_i,edu_isced11_2,2014,8.721
nam,sex_t,eco_isic4_i,edu_isced11_2,2016,8.387
nam,sex_t,eco_isic4_i,edu_isced11_3,2016,4.783
nam,sex_t,eco_isic4_i,edu_isced11_5,2016,0.814
nam,sex_t,eco_isic4_i,edu_isced11_9,2012,0.642
nam,sex_t,eco_isic4_i,edu_isced11_9,2016,3.498
nam,sex_t,eco_isic4_i,edu_isced11_total,2012,21.965
nam,sex_t,eco_isic4_i,edu_isced11_total,2013,19.177
nam,sex_t,eco_isic4_i,edu_isced11_total,2014,13.048
nam,sex_t,eco_isic4_i,edu_isced11_total,2016,31.109
nam,sex_t,eco_isic4_i,edu_isced11_x,2012,1.542
nam,sex_t,eco_isic4_i,edu_isced11_x,2013,1.381
nam,sex_t,eco_isic4_i,edu_isced11_x,2014,0.511
nam,sex_t,eco_isic4_j,edu_aggregate_adv,2016,0.216
nam,sex_t,eco_isic4_j,edu_aggregate_bas,2012,0.782
nam,sex_t,eco_isic4_j,edu_aggregate_bas,2013,0.571
nam,sex_t,eco_isic4_j,edu_aggregate_bas,2016,0.483
nam,sex_t,eco_isic4_j,edu_aggregate_int,2016,0.514
nam,sex_t,eco_isic4_j,edu_aggregate_int,2018,0.387
nam,sex_t,eco_isic4_j,edu_aggregate_total,2012,0.868
nam,sex_t,eco_isic4_j,edu_aggregate_total,2013,0.941
nam,sex_t,eco_isic4_j,edu_aggregate_total,2016,1.346
nam,sex_t,eco_isic4_j,edu_aggregate_total,2018,0.597
nam,sex_t,eco_isic4_j,edu_isced11_2,2012,0.731
nam,sex_t,eco_isic4_j,edu_isced11_2,2013,0.448
nam,sex_t,eco_isic4_j,edu_isced11_2,2016,0.417
nam,sex_t,eco_isic4_j,edu_isced11_3,2016,0.514
nam,sex_t,eco_isic4_j,edu_isced11_6,2016,0.216
nam,sex_t,eco_isic4_j,edu_isced11_total,2012,0.868
nam,sex_t,eco_isic4_j,edu_isced11_total,2013,0.941
nam,sex_t,eco_isic4_j,edu_isced11_total,2016,1.346
nam,sex_t,eco_isic4_k,edu_aggregate_adv,2012,0.381
nam,sex_t,eco_isic4_k,edu_aggregate_adv,2013,0.56
nam,sex_t,eco_isic4_k,edu_aggregate_adv,2016,1.361
nam,sex_t,eco_isic4_k,edu_aggregate_adv,2018,0.544
nam,sex_t,eco_isic4_k,edu_aggregate_bas,2012,0.68
nam,sex_t,eco_isic4_k,edu_aggregate_bas,2013,1.464
nam,sex_t,eco_isic4_k,edu_aggregate_bas,2014,0.534
nam,sex_t,eco_isic4_k,edu_aggregate_bas,2016,0.912
nam,sex_t,eco_isic4_k,edu_aggregate_int,2016,1.389
nam,sex_t,eco_isic4_k,edu_aggregate_int,2018,0.743
nam,sex_t,eco_isic4_k,edu_aggregate_total,2012,1.06
nam,sex_t,eco_isic4_k,edu_aggregate_total,2013,2.154
nam,sex_t,eco_isic4_k,edu_aggregate_total,2014,0.723
nam,sex_t,eco_isic4_k,edu_aggregate_total,2016,3.903
nam,sex_t,eco_isic4_k,edu_aggregate_total,2018,1.298
nam,sex_t,eco_isic4_k,edu_isced11_1,2016,0.232
nam,sex_t,eco_isic4_k,edu_isced11_2,2012,0.542
nam,sex_t,eco_isic4_k,edu_isced11_2,2013,1.431
nam,sex_t,eco_isic4_k,edu_isced11_2,2014,0.476
nam,sex_t,eco_isic4_k,edu_isced11_2,2016,0.681
nam,sex_t,eco_isic4_k,edu_isced11_3,2016,1.389
nam,sex_t,eco_isic4_k,edu_isced11_5,2016,0.571
nam,sex_t,eco_isic4_k,edu_isced11_6,2012,0.381
nam,sex_t,eco_isic4_k,edu_isced11_6,2013,0.515
nam,sex_t,eco_isic4_k,edu_isced11_6,2016,0.543
nam,sex_t,eco_isic4_k,edu_isced11_7,2016,0.247
nam,sex_t,eco_isic4_k,edu_isced11_total,2012,1.06
nam,sex_t,eco_isic4_k,edu_isced11_total,2013,2.154
nam,sex_t,eco_isic4_k,edu_isced11_total,2014,0.723
nam,sex_t,eco_isic4_k,edu_isced11_total,2016,3.903
nam,sex_t,eco_isic4_l,edu_aggregate_bas,2013,0.265
nam,sex_t,eco_isic4_l,edu_aggregate_bas,2016,0.394
nam,sex_t,eco_isic4_l,edu_aggregate_int,2016,0.4
nam,sex_t,eco_isic4_l,edu_aggregate_int,2018,0.456
nam,sex_t,eco_isic4_l,edu_aggregate_total,2012,0.404
nam,sex_t,eco_isic4_l,edu_aggregate_total,2013,0.334
nam,sex_t,eco_isic4_l,edu_aggregate_total,2016,0.87
nam,sex_t,eco_isic4_l,edu_aggregate_total,2018,0.575
nam,sex_t,eco_isic4_l,edu_isced11_2,2016,0.278
nam,sex_t,eco_isic4_l,edu_isced11_3,2016,0.4
nam,sex_t,eco_isic4_l,edu_isced11_total,2012,0.404
nam,sex_t,eco_isic4_l,edu_isced11_total,2013,0.334
nam,sex_t,eco_isic4_l,edu_isced11_total,2016,0.87
nam,sex_t,eco_isic4_m,edu_aggregate_adv,2012,0.334
nam,sex_t,eco_isic4_m,edu_aggregate_adv,2016,0.955
nam,sex_t,eco_isic4_m,edu_aggregate_bas,2012,0.875
nam,sex_t,eco_isic4_m,edu_aggregate_bas,2013,0.836
nam,sex_t,eco_isic4_m,edu_aggregate_bas,2014,1.122
nam,sex_t,eco_isic4_m,edu_aggregate_bas,2016,0.367
nam,sex_t,eco_isic4_m,edu_aggregate_int,2016,1.367
nam,sex_t,eco_isic4_m,edu_aggregate_int,2018,0.784
nam,sex_t,eco_isic4_m,edu_aggregate_total,2012,1.291
nam,sex_t,eco_isic4_m,edu_aggregate_total,2013,1.208
nam,sex_t,eco_isic4_m,edu_aggregate_total,2014,1.382
nam,sex_t,eco_isic4_m,edu_aggregate_total,2016,2.8
nam,sex_t,eco_isic4_m,edu_aggregate_total,2018,1.306
nam,sex_t,eco_isic4_m,edu_isced11_2,2012,0.738
nam,sex_t,eco_isic4_m,edu_isced11_2,2013,0.781
nam,sex_t,eco_isic4_m,edu_isced11_2,2014,0.904
nam,sex_t,eco_isic4_m,edu_isced11_2,2016,0.167
nam,sex_t,eco_isic4_m,edu_isced11_3,2016,1.367
nam,sex_t,eco_isic4_m,edu_isced11_total,2012,1.291
nam,sex_t,eco_isic4_m,edu_isced11_total,2013,1.208
nam,sex_t,eco_isic4_m,edu_isced11_total,2014,1.382
nam,sex_t,eco_isic4_m,edu_isced11_total,2016,2.8
nam,sex_t,eco_isic4_n,edu_aggregate_adv,2013,0.677
nam,sex_t,eco_isic4_n,edu_aggregate_adv,2016,1.262
nam,sex_t,eco_isic4_n,edu_aggregate_adv,2018,0.617
nam,sex_t,eco_isic4_n,edu_aggregate_bas,2012,5.013
nam,sex_t,eco_isic4_n,edu_aggregate_bas,2013,7.55
nam,sex_t,eco_isic4_n,edu_aggregate_bas,2014,5.202
nam,sex_t,eco_isic4_n,edu_aggregate_bas,2016,11.337
nam,sex_t,eco_isic4_n,edu_aggregate_bas,2018,1.65
nam,sex_t,eco_isic4_n,edu_aggregate_int,2016,3.923
nam,sex_t,eco_isic4_n,edu_aggregate_int,2018,5.568
nam,sex_t,eco_isic4_n,edu_aggregate_ltb,2012,0.728
nam,sex_t,eco_isic4_n,edu_aggregate_ltb,2013,2.46
nam,sex_t,eco_isic4_n,edu_aggregate_ltb,2014,1.744
nam,sex_t,eco_isic4_n,edu_aggregate_ltb,2016,2.675
nam,sex_t,eco_isic4_n,edu_aggregate_ltb,2018,0.932
nam,sex_t,eco_isic4_n,edu_aggregate_total,2012,5.908
nam,sex_t,eco_isic4_n,edu_aggregate_total,2013,10.746
nam,sex_t,eco_isic4_n,edu_aggregate_total,2014,7.024
nam,sex_t,eco_isic4_n,edu_aggregate_total,2016,20.407
nam,sex_t,eco_isic4_n,edu_aggregate_total,2018,8.791
nam,sex_t,eco_isic4_n,edu_aggregate_x,2016,1.21
nam,sex_t,eco_isic4_n,edu_isced11_0,2012,0.409
nam,sex_t,eco_isic4_n,edu_isced11_0,2013,1.559
nam,sex_t,eco_isic4_n,edu_isced11_0,2014,1.065
nam,sex_t,eco_isic4_n,edu_isced11_0,2016,2.618
nam,sex_t,eco_isic4_n,edu_isced11_1,2012,1.898
nam,sex_t,eco_isic4_n,edu_isced11_1,2013,2.143
nam,sex_t,eco_isic4_n,edu_isced11_1,2014,2.01
nam,sex_t,eco_isic4_n,edu_isced11_1,2016,4.799
nam,sex_t,eco_isic4_n,edu_isced11_2,2012,3.115
nam,sex_t,eco_isic4_n,edu_isced11_2,2013,5.407
nam,sex_t,eco_isic4_n,edu_isced11_2,2014,3.192
nam,sex_t,eco_isic4_n,edu_isced11_2,2016,6.537
nam,sex_t,eco_isic4_n,edu_isced11_3,2016,3.923
nam,sex_t,eco_isic4_n,edu_isced11_5,2016,0.486
nam,sex_t,eco_isic4_n,edu_isced11_6,2013,0.561
nam,sex_t,eco_isic4_n,edu_isced11_6,2016,0.476
nam,sex_t,eco_isic4_n,edu_isced11_7,2016,0.299
nam,sex_t,eco_isic4_n,edu_isced11_9,2016,1.21
nam,sex_t,eco_isic4_n,edu_isced11_total,2012,5.908
nam,sex_t,eco_isic4_n,edu_isced11_total,2013,10.746
nam,sex_t,eco_isic4_n,edu_isced11_total,2014,7.024
nam,sex_t,eco_isic4_n,edu_isced11_total,2016,20.407
nam,sex_t,eco_isic4_n,edu_isced11_x,2012,0.32
nam,sex_t,eco_isic4_n,edu_isced11_x,2013,0.901
nam,sex_t,eco_isic4_n,edu_isced11_x,2014,0.679
nam,sex_t,eco_isic4_o,edu_aggregate_adv,2018,0.527
nam,sex_t,eco_isic4_o,edu_aggregate_bas,2012,1.094
nam,sex_t,eco_isic4_o,edu_aggregate_bas,2013,1.064
nam,sex_t,eco_isic4_o,edu_aggregate_bas,2014,1.709
nam,sex_t,eco_isic4_o,edu_aggregate_bas,2016,1.722
nam,sex_t,eco_isic4_o,edu_aggregate_int,2016,0.513
nam,sex_t,eco_isic4_o,edu_aggregate_int,2018,1.725
nam,sex_t,eco_isic4_o,edu_aggregate_ltb,2014,0.597
nam,sex_t,eco_isic4_o,edu_aggregate_total,2012,1.654
nam,sex_t,eco_isic4_o,edu_aggregate_total,2013,1.231
nam,sex_t,eco_isic4_o,edu_aggregate_total,2014,2.39
nam,sex_t,eco_isic4_o,edu_aggregate_total,2016,2.993
nam,sex_t,eco_isic4_o,edu_aggregate_total,2018,2.637
nam,sex_t,eco_isic4_o,edu_aggregate_x,2016,0.44
nam,sex_t,eco_isic4_o,edu_isced11_1,2012,0.372
nam,sex_t,eco_isic4_o,edu_isced11_1,2013,0.392
nam,sex_t,eco_isic4_o,edu_isced11_1,2014,0.842
nam,sex_t,eco_isic4_o,edu_isced11_1,2016,0.879
nam,sex_t,eco_isic4_o,edu_isced11_2,2012,0.722
nam,sex_t,eco_isic4_o,edu_isced11_2,2013,0.673
nam,sex_t,eco_isic4_o,edu_isced11_2,2014,0.867
nam,sex_t,eco_isic4_o,edu_isced11_2,2016,0.843
nam,sex_t,eco_isic4_o,edu_isced11_3,2016,0.513
nam,sex_t,eco_isic4_o,edu_isced11_9,2016,0.44
nam,sex_t,eco_isic4_o,edu_isced11_total,2012,1.654
nam,sex_t,eco_isic4_o,edu_isced11_total,2013,1.231
nam,sex_t,eco_isic4_o,edu_isced11_total,2014,2.39
nam,sex_t,eco_isic4_o,edu_isced11_total,2016,2.993
nam,sex_t,eco_isic4_o,edu_isced11_x,2014,0.438
nam,sex_t,eco_isic4_p,edu_aggregate_adv,2016,0.811
nam,sex_t,eco_isic4_p,edu_aggregate_adv,2018,1.012
nam,sex_t,eco_isic4_p,edu_aggregate_bas,2012,1.855
nam,sex_t,eco_isic4_p,edu_aggregate_bas,2013,1.457
nam,sex_t,eco_isic4_p,edu_aggregate_bas,2014,2.256
nam,sex_t,eco_isic4_p,edu_aggregate_bas,2016,1.512
nam,sex_t,eco_isic4_p,edu_aggregate_bas,2018,0.65
nam,sex_t,eco_isic4_p,edu_aggregate_int,2016,1.408
nam,sex_t,eco_isic4_p,edu_aggregate_int,2018,3.193
nam,sex_t,eco_isic4_p,edu_aggregate_ltb,2013,0.303
nam,sex_t,eco_isic4_p,edu_aggregate_ltb,2016,0.15
nam,sex_t,eco_isic4_p,edu_aggregate_total,2012,2.187
nam,sex_t,eco_isic4_p,edu_aggregate_total,2013,2.17
nam,sex_t,eco_isic4_p,edu_aggregate_total,2014,2.804
nam,sex_t,eco_isic4_p,edu_aggregate_total,2016,4.233
nam,sex_t,eco_isic4_p,edu_aggregate_total,2018,5.073
nam,sex_t,eco_isic4_p,edu_aggregate_x,2016,0.353
nam,sex_t,eco_isic4_p,edu_isced11_0,2016,0.15
nam,sex_t,eco_isic4_p,edu_isced11_1,2014,0.56
nam,sex_t,eco_isic4_p,edu_isced11_1,2016,0.529
nam,sex_t,eco_isic4_p,edu_isced11_2,2012,1.622
nam,sex_t,eco_isic4_p,edu_isced11_2,2013,1.29
nam,sex_t,eco_isic4_p,edu_isced11_2,2014,1.695
nam,sex_t,eco_isic4_p,edu_isced11_2,2016,0.982
nam,sex_t,eco_isic4_p,edu_isced11_3,2016,1.408
nam,sex_t,eco_isic4_p,edu_isced11_6,2016,0.492
nam,sex_t,eco_isic4_p,edu_isced11_9,2016,0.353
nam,sex_t,eco_isic4_p,edu_isced11_total,2012,2.187
nam,sex_t,eco_isic4_p,edu_isced11_total,2013,2.17
nam,sex_t,eco_isic4_p,edu_isced11_total,2014,2.804
nam,sex_t,eco_isic4_p,edu_isced11_total,2016,4.233
nam,sex_t,eco_isic4_q,edu_aggregate_adv,2012,0.4
nam,sex_t,eco_isic4_q,edu_aggregate_adv,2014,0.354
nam,sex_t,eco_isic4_q,edu_aggregate_adv,2016,0.634
nam,sex_t,eco_isic4_q,edu_aggregate_adv,2018,0.49
nam,sex_t,eco_isic4_q,edu_aggregate_bas,2012,0.699
nam,sex_t,eco_isic4_q,edu_aggregate_bas,2013,1.074
nam,sex_t,eco_isic4_q,edu_aggregate_bas,2014,0.986
nam,sex_t,eco_isic4_q,edu_aggregate_bas,2016,1.686
nam,sex_t,eco_isic4_q,edu_aggregate_int,2016,0.388
nam,sex_t,eco_isic4_q,edu_aggregate_int,2018,1.807
nam,sex_t,eco_isic4_q,edu_aggregate_ltb,2014,0.279
nam,sex_t,eco_isic4_q,edu_aggregate_ltb,2016,0.359
nam,sex_t,eco_isic4_q,edu_aggregate_total,2012,1.137
nam,sex_t,eco_isic4_q,edu_aggregate_total,2013,1.456
nam,sex_t,eco_isic4_q,edu_aggregate_total,2014,1.618
nam,sex_t,eco_isic4_q,edu_aggregate_total,2016,3.43
nam,sex_t,eco_isic4_q,edu_aggregate_total,2018,2.693
nam,sex_t,eco_isic4_q,edu_aggregate_x,2016,0.362
nam,sex_t,eco_isic4_q,edu_isced11_0,2016,0.359
nam,sex_t,eco_isic4_q,edu_isced11_1,2016,0.837
nam,sex_t,eco_isic4_q,edu_isced11_2,2012,0.555
nam,sex_t,eco_isic4_q,edu_isced11_2,2013,0.786
nam,sex_t,eco_isic4_q,edu_isced11_2,2014,0.875
nam,sex_t,eco_isic4_q,edu_isced11_2,2016,0.85
nam,sex_t,eco_isic4_q,edu_isced11_3,2016,0.388
nam,sex_t,eco_isic4_q,edu_isced11_6,2012,0.326
nam,sex_t,eco_isic4_q,edu_isced11_9,2016,0.362
nam,sex_t,eco_isic4_q,edu_isced11_total,2012,1.137
nam,sex_t,eco_isic4_q,edu_isced11_total,2013,1.456
nam,sex_t,eco_isic4_q,edu_isced11_total,2014,1.618
nam,sex_t,eco_isic4_q,edu_isced11_total,2016,3.43
nam,sex_t,eco_isic4_r,edu_aggregate_adv,2016,0.413
nam,sex_t,eco_isic4_r,edu_aggregate_bas,2012,0.623
nam,sex_t,eco_isic4_r,edu_aggregate_bas,2013,1.209
nam,sex_t,eco_isic4_r,edu_aggregate_bas,2014,0.9
nam,sex_t,eco_isic4_r,edu_aggregate_bas,2016,0.758
nam,sex_t,eco_isic4_r,edu_aggregate_bas,2018,0.244
nam,sex_t,eco_isic4_r,edu_aggregate_int,2016,0.391
nam,sex_t,eco_isic4_r,edu_aggregate_int,2018,1.492
nam,sex_t,eco_isic4_r,edu_aggregate_ltb,2013,0.499
nam,sex_t,eco_isic4_r,edu_aggregate_ltb,2016,0.3
nam,sex_t,eco_isic4_r,edu_aggregate_total,2012,0.84
nam,sex_t,eco_isic4_r,edu_aggregate_total,2013,2.134
nam,sex_t,eco_isic4_r,edu_aggregate_total,2014,1.046
nam,sex_t,eco_isic4_r,edu_aggregate_total,2016,2.237
nam,sex_t,eco_isic4_r,edu_aggregate_total,2018,2.145
nam,sex_t,eco_isic4_r,edu_aggregate_x,2016,0.375
nam,sex_t,eco_isic4_r,edu_isced11_0,2016,0.3
nam,sex_t,eco_isic4_r,edu_isced11_1,2013,0.469
nam,sex_t,eco_isic4_r,edu_isced11_1,2014,0.29
nam,sex_t,eco_isic4_r,edu_isced11_1,2016,0.453
nam,sex_t,eco_isic4_r,edu_isced11_2,2012,0.408
nam,sex_t,eco_isic4_r,edu_isced11_2,2013,0.74
nam,sex_t,eco_isic4_r,edu_isced11_2,2014,0.61
nam,sex_t,eco_isic4_r,edu_isced11_2,2016,0.305
nam,sex_t,eco_isic4_r,edu_isced11_3,2016,0.391
nam,sex_t,eco_isic4_r,edu_isced11_9,2016,0.375
nam,sex_t,eco_isic4_r,edu_isced11_total,2012,0.84
nam,sex_t,eco_isic4_r,edu_isced11_total,2013,2.134
nam,sex_t,eco_isic4_r,edu_isced11_total,2014,1.046
nam,sex_t,eco_isic4_r,edu_isced11_total,2016,2.237
nam,sex_t,eco_isic4_s,edu_aggregate_adv,2016,0.981
nam,sex_t,eco_isic4_s,edu_aggregate_adv,2018,0.715
nam,sex_t,eco_isic4_s,edu_aggregate_bas,2012,4.334
nam,sex_t,eco_isic4_s,edu_aggregate_bas,2013,5.472
nam,sex_t,eco_isic4_s,edu_aggregate_bas,2014,6.219
nam,sex_t,eco_isic4_s,edu_aggregate_bas,2016,16.118
nam,sex_t,eco_isic4_s,edu_aggregate_bas,2018,1.644
nam,sex_t,eco_isic4_s,edu_aggregate_int,2016,3.928
nam,sex_t,eco_isic4_s,edu_aggregate_int,2018,9.955
nam,sex_t,eco_isic4_s,edu_aggregate_ltb,2012,0.755
nam,sex_t,eco_isic4_s,edu_aggregate_ltb,2013,1.66
nam,sex_t,eco_isic4_s,edu_aggregate_ltb,2014,1.466
nam,sex_t,eco_isic4_s,edu_aggregate_ltb,2016,3.59
nam,sex_t,eco_isic4_s,edu_aggregate_ltb,2018,1.053
nam,sex_t,eco_isic4_s,edu_aggregate_total,2012,5.304
nam,sex_t,eco_isic4_s,edu_aggregate_total,2013,7.436
nam,sex_t,eco_isic4_s,edu_aggregate_total,2014,7.776
nam,sex_t,eco_isic4_s,edu_aggregate_total,2016,29.006
nam,sex_t,eco_isic4_s,edu_aggregate_total,2018,13.416
nam,sex_t,eco_isic4_s,edu_aggregate_x,2016,4.39
nam,sex_t,eco_isic4_s,edu_isced11_0,2012,0.434
nam,sex_t,eco_isic4_s,edu_isced11_0,2013,1.166
nam,sex_t,eco_isic4_s,edu_isced11_0,2014,1.059
nam,sex_t,eco_isic4_s,edu_isced11_0,2016,3.559
nam,sex_t,eco_isic4_s,edu_isced11_1,2012,1.142
nam,sex_t,eco_isic4_s,edu_isced11_1,2013,1.887
nam,sex_t,eco_isic4_s,edu_isced11_1,2014,1.291
nam,sex_t,eco_isic4_s,edu_isced11_1,2016,7.215
nam,sex_t,eco_isic4_s,edu_isced11_2,2012,3.192
nam,sex_t,eco_isic4_s,edu_isced11_2,2013,3.585
nam,sex_t,eco_isic4_s,edu_isced11_2,2014,4.928
nam,sex_t,eco_isic4_s,edu_isced11_2,2016,8.903
nam,sex_t,eco_isic4_s,edu_isced11_3,2016,3.863
nam,sex_t,eco_isic4_s,edu_isced11_5,2016,0.437
nam,sex_t,eco_isic4_s,edu_isced11_6,2016,0.298
nam,sex_t,eco_isic4_s,edu_isced11_9,2016,4.39
nam,sex_t,eco_isic4_s,edu_isced11_total,2012,5.304
nam,sex_t,eco_isic4_s,edu_isced11_total,2013,7.436
nam,sex_t,eco_isic4_s,edu_isced11_total,2014,7.776
nam,sex_t,eco_isic4_s,edu_isced11_total,2016,29.006
nam,sex_t,eco_isic4_s,edu_isced11_x,2013,0.494
nam,sex_t,eco_isic4_s,edu_isced11_x,2014,0.407
nam,sex_t,eco_isic4_t,edu_aggregate_adv,2016,0.566
nam,sex_t,eco_isic4_t,edu_aggregate_adv,2018,0.538
nam,sex_t,eco_isic4_t,edu_aggregate_bas,2012,28.365
nam,sex_t,eco_isic4_t,edu_aggregate_bas,2013,28.58
nam,sex_t,eco_isic4_t,edu_aggregate_bas,2014,31.521
nam,sex_t,eco_isic4_t,edu_aggregate_bas,2016,26.997
nam,sex_t,eco_isic4_t,edu_aggregate_bas,2018,19.622
nam,sex_t,eco_isic4_t,edu_aggregate_int,2016,3.439
nam,sex_t,eco_isic4_t,edu_aggregate_int,2018,26.055
nam,sex_t,eco_isic4_t,edu_aggregate_ltb,2012,19.455
nam,sex_t,eco_isic4_t,edu_aggregate_ltb,2013,21.056
nam,sex_t,eco_isic4_t,edu_aggregate_ltb,2014,22.534
nam,sex_t,eco_isic4_t,edu_aggregate_ltb,2016,9.376
nam,sex_t,eco_isic4_t,edu_aggregate_ltb,2018,11.979
nam,sex_t,eco_isic4_t,edu_aggregate_total,2012,49.496
nam,sex_t,eco_isic4_t,edu_aggregate_total,2013,50.315
nam,sex_t,eco_isic4_t,edu_aggregate_total,2014,54.877
nam,sex_t,eco_isic4_t,edu_aggregate_total,2016,50.819
nam,sex_t,eco_isic4_t,edu_aggregate_total,2018,60.041
nam,sex_t,eco_isic4_t,edu_aggregate_x,2012,1.329
nam,sex_t,eco_isic4_t,edu_aggregate_x,2013,0.413
nam,sex_t,eco_isic4_t,edu_aggregate_x,2014,0.71
nam,sex_t,eco_isic4_t,edu_aggregate_x,2016,10.44
nam,sex_t,eco_isic4_t,edu_aggregate_x,2018,1.846
nam,sex_t,eco_isic4_t,edu_isced11_0,2012,11.327
nam,sex_t,eco_isic4_t,edu_isced11_0,2013,11.829
nam,sex_t,eco_isic4_t,edu_isced11_0,2014,13.809
nam,sex_t,eco_isic4_t,edu_isced11_0,2016,8.712
nam,sex_t,eco_isic4_t,edu_isced11_1,2012,14.306
nam,sex_t,eco_isic4_t,edu_isced11_1,2013,15.234
nam,sex_t,eco_isic4_t,edu_isced11_1,2014,16.326
nam,sex_t,eco_isic4_t,edu_isced11_1,2016,15.048
nam,sex_t,eco_isic4_t,edu_isced11_2,2012,14.058
nam,sex_t,eco_isic4_t,edu_isced11_2,2013,13.347
nam,sex_t,eco_isic4_t,edu_isced11_2,2014,15.195
nam,sex_t,eco_isic4_t,edu_isced11_2,2016,11.949
nam,sex_t,eco_isic4_t,edu_isced11_3,2016,3.439
nam,sex_t,eco_isic4_t,edu_isced11_5,2016,0.529
nam,sex_t,eco_isic4_t,edu_isced11_9,2012,1.329
nam,sex_t,eco_isic4_t,edu_isced11_9,2013,0.413
nam,sex_t,eco_isic4_t,edu_isced11_9,2014,0.71
nam,sex_t,eco_isic4_t,edu_isced11_9,2016,10.44
nam,sex_t,eco_isic4_t,edu_isced11_total,2012,49.496
nam,sex_t,eco_isic4_t,edu_isced11_total,2013,50.315
nam,sex_t,eco_isic4_t,edu_isced11_total,2014,54.877
nam,sex_t,eco_isic4_t,edu_isced11_total,2016,50.819
nam,sex_t,eco_isic4_t,edu_isced11_x,2012,8.129
nam,sex_t,eco_isic4_t,edu_isced11_x,2013,9.227
nam,sex_t,eco_isic4_t,edu_isced11_x,2014,8.725
nam,sex_t,eco_isic4_t,edu_isced11_x,2016,0.664
nam,sex_t,eco_isic4_total,edu_aggregate_adv,2012,4.141
nam,sex_t,eco_isic4_total,edu_aggregate_adv,2013,6.125
nam,sex_t,eco_isic4_total,edu_aggregate_adv,2014,4.048
nam,sex_t,eco_isic4_total,edu_aggregate_adv,2016,17.291
nam,sex_t,eco_isic4_total,edu_aggregate_adv,2018,11.742
nam,sex_t,eco_isic4_total,edu_aggregate_bas,2012,170.847
nam,sex_t,eco_isic4_total,edu_aggregate_bas,2013,203.044
nam,sex_t,eco_isic4_total,edu_aggregate_bas,2014,212.632
nam,sex_t,eco_isic4_total,edu_aggregate_bas,2016,185.182
nam,sex_t,eco_isic4_total,edu_aggregate_bas,2018,115.406
nam,sex_t,eco_isic4_total,edu_aggregate_int,2012,0.533
nam,sex_t,eco_isic4_total,edu_aggregate_int,2013,1.664
nam,sex_t,eco_isic4_total,edu_aggregate_int,2014,0.874
nam,sex_t,eco_isic4_total,edu_aggregate_int,2016,51.842
nam,sex_t,eco_isic4_total,edu_aggregate_int,2018,188.252
nam,sex_t,eco_isic4_total,edu_aggregate_ltb,2012,125.013
nam,sex_t,eco_isic4_total,edu_aggregate_ltb,2013,166.006
nam,sex_t,eco_isic4_total,edu_aggregate_ltb,2014,156.058
nam,sex_t,eco_isic4_total,edu_aggregate_ltb,2016,75.088
nam,sex_t,eco_isic4_total,edu_aggregate_ltb,2018,66.952
nam,sex_t,eco_isic4_total,edu_aggregate_total,2012,307.791
nam,sex_t,eco_isic4_total,edu_aggregate_total,2013,380.088
nam,sex_t,eco_isic4_total,edu_aggregate_total,2014,378.28
nam,sex_t,eco_isic4_total,edu_aggregate_total,2016,405.509
nam,sex_t,eco_isic4_total,edu_aggregate_total,2018,396.125
nam,sex_t,eco_isic4_total,edu_aggregate_x,2012,7.257
nam,sex_t,eco_isic4_total,edu_aggregate_x,2013,3.249
nam,sex_t,eco_isic4_total,edu_aggregate_x,2014,4.669
nam,sex_t,eco_isic4_total,edu_aggregate_x,2016,76.106
nam,sex_t,eco_isic4_total,edu_aggregate_x,2018,13.772
nam,sex_t,eco_isic4_total,edu_isced11_0,2012,70.311
nam,sex_t,eco_isic4_total,edu_isced11_0,2013,93.474
nam,sex_t,eco_isic4_total,edu_isced11_0,2014,89.54
nam,sex_t,eco_isic4_total,edu_isced11_0,2016,71.879
nam,sex_t,eco_isic4_total,edu_isced11_1,2012,78.698
nam,sex_t,eco_isic4_total,edu_isced11_1,2013,94.172
nam,sex_t,eco_isic4_total,edu_isced11_1,2014,91.475
nam,sex_t,eco_isic4_total,edu_isced11_1,2016,95.668
nam,sex_t,eco_isic4_total,edu_isced11_2,2012,92.15
nam,sex_t,eco_isic4_total,edu_isced11_2,2013,108.872
nam,sex_t,eco_isic4_total,edu_isced11_2,2014,121.157
nam,sex_t,eco_isic4_total,edu_isced11_2,2016,89.514
nam,sex_t,eco_isic4_total,edu_isced11_3,2012,0.46
nam,sex_t,eco_isic4_total,edu_isced11_3,2013,1.139
nam,sex_t,eco_isic4_total,edu_isced11_3,2014,0.381
nam,sex_t,eco_isic4_total,edu_isced11_3,2016,50.729
nam,sex_t,eco_isic4_total,edu_isced11_4,2013,0.525
nam,sex_t,eco_isic4_total,edu_isced11_4,2014,0.493
nam,sex_t,eco_isic4_total,edu_isced11_4,2016,1.113
nam,sex_t,eco_isic4_total,edu_isced11_5,2012,1.096
nam,sex_t,eco_isic4_total,edu_isced11_5,2013,1.354
nam,sex_t,eco_isic4_total,edu_isced11_5,2014,1.128
nam,sex_t,eco_isic4_total,edu_isced11_5,2016,8.12
nam,sex_t,eco_isic4_total,edu_isced11_6,2012,2.533
nam,sex_t,eco_isic4_total,edu_isced11_6,2013,4.197
nam,sex_t,eco_isic4_total,edu_isced11_6,2014,2.762
nam,sex_t,eco_isic4_total,edu_isced11_6,2016,5.673
nam,sex_t,eco_isic4_total,edu_isced11_7,2012,0.511
nam,sex_t,eco_isic4_total,edu_isced11_7,2013,0.417
nam,sex_t,eco_isic4_total,edu_isced11_7,2016,2.829
nam,sex_t,eco_isic4_total,edu_isced11_8,2016,0.669
nam,sex_t,eco_isic4_total,edu_isced11_9,2012,7.257
nam,sex_t,eco_isic4_total,edu_isced11_9,2013,3.249
nam,sex_t,eco_isic4_total,edu_isced11_9,2014,4.669
nam,sex_t,eco_isic4_total,edu_isced11_9,2016,76.106
nam,sex_t,eco_isic4_total,edu_isced11_total,2012,307.791
nam,sex_t,eco_isic4_total,edu_isced11_total,2013,380.088
nam,sex_t,eco_isic4_total,edu_isced11_total,2014,378.28
nam,sex_t,eco_isic4_total,edu_isced11_total,2016,405.509
nam,sex_t,eco_isic4_total,edu_isced11_x,2012,54.702
nam,sex_t,eco_isic4_total,edu_isced11_x,2013,72.532
nam,sex_t,eco_isic4_total,edu_isced11_x,2014,66.518
nam,sex_t,eco_isic4_total,edu_isced11_x,2016,3.209
nam,sex_t,eco_isic4_u,edu_aggregate_bas,2016,0.375
nam,sex_t,eco_isic4_u,edu_aggregate_total,2016,0.45
nam,sex_t,eco_isic4_u,edu_isced11_2,2016,0.278
nam,sex_t,eco_isic4_u,edu_isced11_total,2016,0.45
nam,sex_t,eco_isic4_x,edu_aggregate_bas,2013,1.144
nam,sex_t,eco_isic4_x,edu_aggregate_bas,2018,0.292
nam,sex_t,eco_isic4_x,edu_aggregate_int,2018,1.117
nam,sex_t,eco_isic4_x,edu_aggregate_ltb,2013,0.822
nam,sex_t,eco_isic4_x,edu_aggregate_ltb,2018,0.344
nam,sex_t,eco_isic4_x,edu_aggregate_total,2013,2.221
nam,sex_t,eco_isic4_x,edu_aggregate_total,2014,0.601
nam,sex_t,eco_isic4_x,edu_aggregate_total,2016,0.366
nam,sex_t,eco_isic4_x,edu_aggregate_total,2018,1.799
nam,sex_t,eco_isic4_x,edu_isced11_0,2013,0.551
nam,sex_t,eco_isic4_x,edu_isced11_1,2013,0.289
nam,sex_t,eco_isic4_x,edu_isced11_2,2013,0.855
nam,sex_t,eco_isic4_x,edu_isced11_total,2013,2.221
nam,sex_t,eco_isic4_x,edu_isced11_total,2014,0.601
nam,sex_t,eco_isic4_x,edu_isced11_total,2016,0.366
nam,sex_t,eco_isic4_x,edu_isced11_x,2013,0.271
nam,sex_t,eco_sector_agr,edu_aggregate_adv,2012,0.485
nam,sex_t,eco_sector_agr,edu_aggregate_adv,2013,0.709
nam,sex_t,eco_sector_agr,edu_aggregate_adv,2014,0.902
nam,sex_t,eco_sector_agr,edu_aggregate_adv,2016,2.005
nam,sex_t,eco_sector_agr,edu_aggregate_adv,2018,3.308
nam,sex_t,eco_sector_agr,edu_aggregate_bas,2012,54.522
nam,sex_t,eco_sector_agr,edu_aggregate_bas,2013,68.822
nam,sex_t,eco_sector_agr,edu_aggregate_bas,2014,72.517
nam,sex_t,eco_sector_agr,edu_aggregate_bas,2016,39.001
nam,sex_t,eco_sector_agr,edu_aggregate_bas,2018,54.394
nam,sex_t,eco_sector_agr,edu_aggregate_int,2013,0.374
nam,sex_t,eco_sector_agr,edu_aggregate_int,2014,0.474
nam,sex_t,eco_sector_agr,edu_aggregate_int,2016,4.662
nam,sex_t,eco_sector_agr,edu_aggregate_int,2018,38.725
nam,sex_t,eco_sector_agr,edu_aggregate_ltb,2012,79.344
nam,sex_t,eco_sector_agr,edu_aggregate_ltb,2013,109.402
nam,sex_t,eco_sector_agr,edu_aggregate_ltb,2014,101.57
nam,sex_t,eco_sector_agr,edu_aggregate_ltb,2016,34.069
nam,sex_t,eco_sector_agr,edu_aggregate_ltb,2018,39.201
nam,sex_t,eco_sector_agr,edu_aggregate_total,2012,137.509
nam,sex_t,eco_sector_agr,edu_aggregate_total,2013,181.129
nam,sex_t,eco_sector_agr,edu_aggregate_total,2014,177.577
nam,sex_t,eco_sector_agr,edu_aggregate_total,2016,118.41
nam,sex_t,eco_sector_agr,edu_aggregate_total,2018,142.744
nam,sex_t,eco_sector_agr,edu_aggregate_x,2012,3.11
nam,sex_t,eco_sector_agr,edu_aggregate_x,2013,1.823
nam,sex_t,eco_sector_agr,edu_aggregate_x,2014,2.113
nam,sex_t,eco_sector_agr,edu_aggregate_x,2016,38.673
nam,sex_t,eco_sector_agr,edu_aggregate_x,2018,7.116
nam,sex_t,eco_sector_agr,edu_isced11_0,2012,41.583
nam,sex_t,eco_sector_agr,edu_isced11_0,2013,58.509
nam,sex_t,eco_sector_agr,edu_isced11_0,2014,55.003
nam,sex_t,eco_sector_agr,edu_isced11_0,2016,32.531
nam,sex_t,eco_sector_agr,edu_isced11_1,2012,33.073
nam,sex_t,eco_sector_agr,edu_isced11_1,2013,42.536
nam,sex_t,eco_sector_agr,edu_isced11_1,2014,41.96
nam,sex_t,eco_sector_agr,edu_isced11_1,2016,25.872
nam,sex_t,eco_sector_agr,edu_isced11_2,2012,21.448
nam,sex_t,eco_sector_agr,edu_isced11_2,2013,26.286
nam,sex_t,eco_sector_agr,edu_isced11_2,2014,30.556
nam,sex_t,eco_sector_agr,edu_isced11_2,2016,13.129
nam,sex_t,eco_sector_agr,edu_isced11_3,2014,0.14
nam,sex_t,eco_sector_agr,edu_isced11_3,2016,4.463
nam,sex_t,eco_sector_agr,edu_isced11_4,2013,0.374
nam,sex_t,eco_sector_agr,edu_isced11_4,2014,0.334
nam,sex_t,eco_sector_agr,edu_isced11_4,2016,0.198
nam,sex_t,eco_sector_agr,edu_isced11_5,2014,0.241
nam,sex_t,eco_sector_agr,edu_isced11_5,2016,0.647
nam,sex_t,eco_sector_agr,edu_isced11_6,2012,0.388
nam,sex_t,eco_sector_agr,edu_isced11_6,2013,0.504
nam,sex_t,eco_sector_agr,edu_isced11_6,2014,0.661
nam,sex_t,eco_sector_agr,edu_isced11_6,2016,1.021
nam,sex_t,eco_sector_agr,edu_isced11_7,2016,0.272
nam,sex_t,eco_sector_agr,edu_isced11_9,2012,3.11
nam,sex_t,eco_sector_agr,edu_isced11_9,2013,1.823
nam,sex_t,eco_sector_agr,edu_isced11_9,2014,2.113
nam,sex_t,eco_sector_agr,edu_isced11_9,2016,38.673
nam,sex_t,eco_sector_agr,edu_isced11_total,2012,137.509
nam,sex_t,eco_sector_agr,edu_isced11_total,2013,181.129
nam,sex_t,eco_sector_agr,edu_isced11_total,2014,177.577
nam,sex_t,eco_sector_agr,edu_isced11_total,2016,118.41
nam,sex_t,eco_sector_agr,edu_isced11_x,2012,37.761
nam,sex_t,eco_sector_agr,edu_isced11_x,2013,50.892
nam,sex_t,eco_sector_agr,edu_isced11_x,2014,46.568
nam,sex_t,eco_sector_agr,edu_isced11_x,2016,1.538
nam,sex_t,eco_sector_ind,edu_aggregate_adv,2012,0.651
nam,sex_t,eco_sector_ind,edu_aggregate_adv,2013,1.249
nam,sex_t,eco_sector_ind,edu_aggregate_adv,2014,0.755
nam,sex_t,eco_sector_ind,edu_aggregate_adv,2016,4.522
nam,sex_t,eco_sector_ind,edu_aggregate_adv,2018,1.415
nam,sex_t,eco_sector_ind,edu_aggregate_bas,2012,24.195
nam,sex_t,eco_sector_ind,edu_aggregate_bas,2013,30.151
nam,sex_t,eco_sector_ind,edu_aggregate_bas,2014,29
nam,sex_t,eco_sector_ind,edu_aggregate_bas,2016,37.14
nam,sex_t,eco_sector_ind,edu_aggregate_bas,2018,13.455
nam,sex_t,eco_sector_ind,edu_aggregate_int,2016,12.873
nam,sex_t,eco_sector_ind,edu_aggregate_int,2018,30.751
nam,sex_t,eco_sector_ind,edu_aggregate_ltb,2012,9.867
nam,sex_t,eco_sector_ind,edu_aggregate_ltb,2013,13.6
nam,sex_t,eco_sector_ind,edu_aggregate_ltb,2014,13.049
nam,sex_t,eco_sector_ind,edu_aggregate_ltb,2016,13.631
nam,sex_t,eco_sector_ind,edu_aggregate_ltb,2018,5.256
nam,sex_t,eco_sector_ind,edu_aggregate_total,2012,35.821
nam,sex_t,eco_sector_ind,edu_aggregate_total,2013,45.438
nam,sex_t,eco_sector_ind,edu_aggregate_total,2014,43.432
nam,sex_t,eco_sector_ind,edu_aggregate_total,2016,79.66
nam,sex_t,eco_sector_ind,edu_aggregate_total,2018,52.449
nam,sex_t,eco_sector_ind,edu_aggregate_x,2012,0.956
nam,sex_t,eco_sector_ind,edu_aggregate_x,2013,0.298
nam,sex_t,eco_sector_ind,edu_aggregate_x,2014,0.628
nam,sex_t,eco_sector_ind,edu_aggregate_x,2016,11.493
nam,sex_t,eco_sector_ind,edu_aggregate_x,2018,1.573
nam,sex_t,eco_sector_ind,edu_isced11_0,2012,7.041
nam,sex_t,eco_sector_ind,edu_isced11_0,2013,8.37
nam,sex_t,eco_sector_ind,edu_isced11_0,2014,7.884
nam,sex_t,eco_sector_ind,edu_isced11_0,2016,12.979
nam,sex_t,eco_sector_ind,edu_isced11_1,2012,9.708
nam,sex_t,eco_sector_ind,edu_isced11_1,2013,11.947
nam,sex_t,eco_sector_ind,edu_isced11_1,2014,10.674
nam,sex_t,eco_sector_ind,edu_isced11_1,2016,18.723
nam,sex_t,eco_sector_ind,edu_isced11_2,2012,14.487
nam,sex_t,eco_sector_ind,edu_isced11_2,2013,18.204
nam,sex_t,eco_sector_ind,edu_isced11_2,2014,18.325
nam,sex_t,eco_sector_ind,edu_isced11_2,2016,18.418
nam,sex_t,eco_sector_ind,edu_isced11_3,2016,12.228
nam,sex_t,eco_sector_ind,edu_isced11_4,2016,0.645
nam,sex_t,eco_sector_ind,edu_isced11_5,2014,0.366
nam,sex_t,eco_sector_ind,edu_isced11_5,2016,2.592
nam,sex_t,eco_sector_ind,edu_isced11_6,2012,0.396
nam,sex_t,eco_sector_ind,edu_isced11_6,2013,0.507
nam,sex_t,eco_sector_ind,edu_isced11_6,2014,0.389
nam,sex_t,eco_sector_ind,edu_isced11_6,2016,1.428
nam,sex_t,eco_sector_ind,edu_isced11_7,2016,0.463
nam,sex_t,eco_sector_ind,edu_isced11_9,2012,0.956
nam,sex_t,eco_sector_ind,edu_isced11_9,2013,0.298
nam,sex_t,eco_sector_ind,edu_isced11_9,2014,0.628
nam,sex_t,eco_sector_ind,edu_isced11_9,2016,11.493
nam,sex_t,eco_sector_ind,edu_isced11_total,2012,35.821
nam,sex_t,eco_sector_ind,edu_isced11_total,2013,45.438
nam,sex_t,eco_sector_ind,edu_isced11_total,2014,43.432
nam,sex_t,eco_sector_ind,edu_isced11_total,2016,79.66
nam,sex_t,eco_sector_ind,edu_isced11_x,2012,2.826
nam,sex_t,eco_sector_ind,edu_isced11_x,2013,5.23
nam,sex_t,eco_sector_ind,edu_isced11_x,2014,5.165
nam,sex_t,eco_sector_ind,edu_isced11_x,2016,0.652
nam,sex_t,eco_sector_nag,edu_aggregate_adv,2012,3.655
nam,sex_t,eco_sector_nag,edu_aggregate_adv,2013,5.417
nam,sex_t,eco_sector_nag,edu_aggregate_adv,2014,3.146
nam,sex_t,eco_sector_nag,edu_aggregate_adv,2016,15.286
nam,sex_t,eco_sector_nag,edu_aggregate_adv,2018,8.434
nam,sex_t,eco_sector_nag,edu_aggregate_bas,2012,116.326
nam,sex_t,eco_sector_nag,edu_aggregate_bas,2013,134.222
nam,sex_t,eco_sector_nag,edu_aggregate_bas,2014,140.115
nam,sex_t,eco_sector_nag,edu_aggregate_bas,2016,146.181
nam,sex_t,eco_sector_nag,edu_aggregate_bas,2018,61.012
nam,sex_t,eco_sector_nag,edu_aggregate_int,2012,0.485
nam,sex_t,eco_sector_nag,edu_aggregate_int,2013,1.29
nam,sex_t,eco_sector_nag,edu_aggregate_int,2014,0.399
nam,sex_t,eco_sector_nag,edu_aggregate_int,2016,47.18
nam,sex_t,eco_sector_nag,edu_aggregate_int,2018,149.528
nam,sex_t,eco_sector_nag,edu_aggregate_ltb,2012,45.669
nam,sex_t,eco_sector_nag,edu_aggregate_ltb,2013,56.605
nam,sex_t,eco_sector_nag,edu_aggregate_ltb,2014,54.487
nam,sex_t,eco_sector_nag,edu_aggregate_ltb,2016,41.019
nam,sex_t,eco_sector_nag,edu_aggregate_ltb,2018,27.751
nam,sex_t,eco_sector_nag,edu_aggregate_total,2012,170.282
nam,sex_t,eco_sector_nag,edu_aggregate_total,2013,198.959
nam,sex_t,eco_sector_nag,edu_aggregate_total,2014,200.703
nam,sex_t,eco_sector_nag,edu_aggregate_total,2016,287.099
nam,sex_t,eco_sector_nag,edu_aggregate_total,2018,253.381
nam,sex_t,eco_sector_nag,edu_aggregate_x,2012,4.147
nam,sex_t,eco_sector_nag,edu_aggregate_x,2013,1.426
nam,sex_t,eco_sector_nag,edu_aggregate_x,2014,2.555
nam,sex_t,eco_sector_nag,edu_aggregate_x,2016,37.433
nam,sex_t,eco_sector_nag,edu_aggregate_x,2018,6.656
nam,sex_t,eco_sector_nag,edu_isced11_0,2012,28.728
nam,sex_t,eco_sector_nag,edu_isced11_0,2013,34.965
nam,sex_t,eco_sector_nag,edu_isced11_0,2014,34.537
nam,sex_t,eco_sector_nag,edu_isced11_0,2016,39.348
nam,sex_t,eco_sector_nag,edu_isced11_1,2012,45.624
nam,sex_t,eco_sector_nag,edu_isced11_1,2013,51.636
nam,sex_t,eco_sector_nag,edu_isced11_1,2014,49.515
nam,sex_t,eco_sector_nag,edu_isced11_1,2016,69.796
nam,sex_t,eco_sector_nag,edu_isced11_2,2012,70.701
nam,sex_t,eco_sector_nag,edu_isced11_2,2013,82.586
nam,sex_t,eco_sector_nag,edu_isced11_2,2014,90.6
nam,sex_t,eco_sector_nag,edu_isced11_2,2016,76.385
nam,sex_t,eco_sector_nag,edu_isced11_3,2012,0.46
nam,sex_t,eco_sector_nag,edu_isced11_3,2013,1.139
nam,sex_t,eco_sector_nag,edu_isced11_3,2016,46.265
nam,sex_t,eco_sector_nag,edu_isced11_4,2016,0.915
nam,sex_t,eco_sector_nag,edu_isced11_5,2012,0.999
nam,sex_t,eco_sector_nag,edu_isced11_5,2013,1.15
nam,sex_t,eco_sector_nag,edu_isced11_5,2014,0.887
nam,sex_t,eco_sector_nag,edu_isced11_5,2016,7.473
nam,sex_t,eco_sector_nag,edu_isced11_6,2012,2.145
nam,sex_t,eco_sector_nag,edu_isced11_6,2013,3.692
nam,sex_t,eco_sector_nag,edu_isced11_6,2014,2.101
nam,sex_t,eco_sector_nag,edu_isced11_6,2016,4.652
nam,sex_t,eco_sector_nag,edu_isced11_7,2012,0.511
nam,sex_t,eco_sector_nag,edu_isced11_7,2013,0.417
nam,sex_t,eco_sector_nag,edu_isced11_7,2016,2.556
nam,sex_t,eco_sector_nag,edu_isced11_8,2016,0.605
nam,sex_t,eco_sector_nag,edu_isced11_9,2012,4.147
nam,sex_t,eco_sector_nag,edu_isced11_9,2013,1.426
nam,sex_t,eco_sector_nag,edu_isced11_9,2014,2.555
nam,sex_t,eco_sector_nag,edu_isced11_9,2016,37.433
nam,sex_t,eco_sector_nag,edu_isced11_total,2012,170.282
nam,sex_t,eco_sector_nag,edu_isced11_total,2013,198.959
nam,sex_t,eco_sector_nag,edu_isced11_total,2014,200.703
nam,sex_t,eco_sector_nag,edu_isced11_total,2016,287.099
nam,sex_t,eco_sector_nag,edu_isced11_x,2012,16.941
nam,sex_t,eco_sector_nag,edu_isced11_x,2013,21.639
nam,sex_t,eco_sector_nag,edu_isced11_x,2014,19.95
nam,sex_t,eco_sector_nag,edu_isced11_x,2016,1.671
nam,sex_t,eco_sector_ser,edu_aggregate_adv,2012,3.004
nam,sex_t,eco_sector_ser,edu_aggregate_adv,2013,3.913
nam,sex_t,eco_sector_ser,edu_aggregate_adv,2014,2.39
nam,sex_t,eco_sector_ser,edu_aggregate_adv,2016,10.732
nam,sex_t,eco_sector_ser,edu_aggregate_adv,2018,7.02
nam,sex_t,eco_sector_ser,edu_aggregate_bas,2012,92.029
nam,sex_t,eco_sector_ser,edu_aggregate_bas,2013,102.927
nam,sex_t,eco_sector_ser,edu_aggregate_bas,2014,110.85
nam,sex_t,eco_sector_ser,edu_aggregate_bas,2016,108.837
nam,sex_t,eco_sector_ser,edu_aggregate_bas,2018,47.266
nam,sex_t,eco_sector_ser,edu_aggregate_int,2013,1.149
nam,sex_t,eco_sector_ser,edu_aggregate_int,2014,0.399
nam,sex_t,eco_sector_ser,edu_aggregate_int,2016,34.29
nam,sex_t,eco_sector_ser,edu_aggregate_int,2018,117.659
nam,sex_t,eco_sector_ser,edu_aggregate_ltb,2012,35.754
nam,sex_t,eco_sector_ser,edu_aggregate_ltb,2013,42.183
nam,sex_t,eco_sector_ser,edu_aggregate_ltb,2014,41.331
nam,sex_t,eco_sector_ser,edu_aggregate_ltb,2016,27.276
nam,sex_t,eco_sector_ser,edu_aggregate_ltb,2018,22.151
nam,sex_t,eco_sector_ser,edu_aggregate_total,2012,134.312
nam,sex_t,eco_sector_ser,edu_aggregate_total,2013,151.3
nam,sex_t,eco_sector_ser,edu_aggregate_total,2014,156.67
nam,sex_t,eco_sector_ser,edu_aggregate_total,2016,207.074
nam,sex_t,eco_sector_ser,edu_aggregate_total,2018,199.134
nam,sex_t,eco_sector_ser,edu_aggregate_x,2012,3.191
nam,sex_t,eco_sector_ser,edu_aggregate_x,2013,1.129
nam,sex_t,eco_sector_ser,edu_aggregate_x,2014,1.698
nam,sex_t,eco_sector_ser,edu_aggregate_x,2016,25.94
nam,sex_t,eco_sector_ser,edu_aggregate_x,2018,5.038
nam,sex_t,eco_sector_ser,edu_isced11_0,2012,21.64
nam,sex_t,eco_sector_ser,edu_isced11_0,2013,26.045
nam,sex_t,eco_sector_ser,edu_isced11_0,2014,26.546
nam,sex_t,eco_sector_ser,edu_isced11_0,2016,26.257
nam,sex_t,eco_sector_ser,edu_isced11_1,2012,35.916
nam,sex_t,eco_sector_ser,edu_isced11_1,2013,39.4
nam,sex_t,eco_sector_ser,edu_isced11_1,2014,38.726
nam,sex_t,eco_sector_ser,edu_isced11_1,2016,51.045
nam,sex_t,eco_sector_ser,edu_isced11_2,2012,56.113
nam,sex_t,eco_sector_ser,edu_isced11_2,2013,63.527
nam,sex_t,eco_sector_ser,edu_isced11_2,2014,72.124
nam,sex_t,eco_sector_ser,edu_isced11_2,2016,57.792
nam,sex_t,eco_sector_ser,edu_isced11_3,2013,1.05
nam,sex_t,eco_sector_ser,edu_isced11_3,2016,34.02
nam,sex_t,eco_sector_ser,edu_isced11_5,2012,0.743
nam,sex_t,eco_sector_ser,edu_isced11_5,2013,0.849
nam,sex_t,eco_sector_ser,edu_isced11_5,2014,0.521
nam,sex_t,eco_sector_ser,edu_isced11_5,2016,4.849
nam,sex_t,eco_sector_ser,edu_isced11_6,2012,1.75
nam,sex_t,eco_sector_ser,edu_isced11_6,2013,2.931
nam,sex_t,eco_sector_ser,edu_isced11_6,2014,1.713
nam,sex_t,eco_sector_ser,edu_isced11_6,2016,3.224
nam,sex_t,eco_sector_ser,edu_isced11_7,2012,0.511
nam,sex_t,eco_sector_ser,edu_isced11_7,2016,2.093
nam,sex_t,eco_sector_ser,edu_isced11_8,2016,0.565
nam,sex_t,eco_sector_ser,edu_isced11_9,2012,3.191
nam,sex_t,eco_sector_ser,edu_isced11_9,2013,1.129
nam,sex_t,eco_sector_ser,edu_isced11_9,2014,1.698
nam,sex_t,eco_sector_ser,edu_isced11_9,2016,25.94
nam,sex_t,eco_sector_ser,edu_isced11_total,2012,134.312
nam,sex_t,eco_sector_ser,edu_isced11_total,2013,151.3
nam,sex_t,eco_sector_ser,edu_isced11_total,2014,156.67
nam,sex_t,eco_sector_ser,edu_isced11_total,2016,207.074
nam,sex_t,eco_sector_ser,edu_isced11_x,2012,14.115
nam,sex_t,eco_sector_ser,edu_isced11_x,2013,16.138
nam,sex_t,eco_sector_ser,edu_isced11_x,2014,14.785
nam,sex_t,eco_sector_ser,edu_isced11_x,2016,1.019
nam,sex_t,eco_sector_total,edu_aggregate_adv,2012,4.141
nam,sex_t,eco_sector_total,edu_aggregate_adv,2013,6.125
nam,sex_t,eco_sector_total,edu_aggregate_adv,2014,4.048
nam,sex_t,eco_sector_total,edu_aggregate_adv,2016,17.291
nam,sex_t,eco_sector_total,edu_aggregate_adv,2018,11.742
nam,sex_t,eco_sector_total,edu_aggregate_bas,2012,170.847
nam,sex_t,eco_sector_total,edu_aggregate_bas,2013,203.044
nam,sex_t,eco_sector_total,edu_aggregate_bas,2014,212.632
nam,sex_t,eco_sector_total,edu_aggregate_bas,2016,185.182
nam,sex_t,eco_sector_total,edu_aggregate_bas,2018,115.406
nam,sex_t,eco_sector_total,edu_aggregate_int,2012,0.533
nam,sex_t,eco_sector_total,edu_aggregate_int,2013,1.664
nam,sex_t,eco_sector_total,edu_aggregate_int,2014,0.874
nam,sex_t,eco_sector_total,edu_aggregate_int,2016,51.842
nam,sex_t,eco_sector_total,edu_aggregate_int,2018,188.252
nam,sex_t,eco_sector_total,edu_aggregate_ltb,2012,125.013
nam,sex_t,eco_sector_total,edu_aggregate_ltb,2013,166.006
nam,sex_t,eco_sector_total,edu_aggregate_ltb,2014,156.058
nam,sex_t,eco_sector_total,edu_aggregate_ltb,2016,75.088
nam,sex_t,eco_sector_total,edu_aggregate_ltb,2018,66.952
nam,sex_t,eco_sector_total,edu_aggregate_total,2012,307.791
nam,sex_t,eco_sector_total,edu_aggregate_total,2013,380.088
nam,sex_t,eco_sector_total,edu_aggregate_total,2014,378.28
nam,sex_t,eco_sector_total,edu_aggregate_total,2016,405.509
nam,sex_t,eco_sector_total,edu_aggregate_total,2018,396.125
nam,sex_t,eco_sector_total,edu_aggregate_x,2012,7.257
nam,sex_t,eco_sector_total,edu_aggregate_x,2013,3.249
nam,sex_t,eco_sector_total,edu_aggregate_x,2014,4.669
nam,sex_t,eco_sector_total,edu_aggregate_x,2016,76.106
nam,sex_t,eco_sector_total,edu_aggregate_x,2018,13.772
nam,sex_t,eco_sector_total,edu_isced11_0,2012,70.311
nam,sex_t,eco_sector_total,edu_isced11_0,2013,93.474
nam,sex_t,eco_sector_total,edu_isced11_0,2014,89.54
nam,sex_t,eco_sector_total,edu_isced11_0,2016,71.879
nam,sex_t,eco_sector_total,edu_isced11_1,2012,78.698
nam,sex_t,eco_sector_total,edu_isced11_1,2013,94.172
nam,sex_t,eco_sector_total,edu_isced11_1,2014,91.475
nam,sex_t,eco_sector_total,edu_isced11_1,2016,95.668
nam,sex_t,eco_sector_total,edu_isced11_2,2012,92.15
nam,sex_t,eco_sector_total,edu_isced11_2,2013,108.872
nam,sex_t,eco_sector_total,edu_isced11_2,2014,121.157
nam,sex_t,eco_sector_total,edu_isced11_2,2016,89.514
nam,sex_t,eco_sector_total,edu_isced11_3,2012,0.46
nam,sex_t,eco_sector_total,edu_isced11_3,2013,1.139
nam,sex_t,eco_sector_total,edu_isced11_3,2014,0.381
nam,sex_t,eco_sector_total,edu_isced11_3,2016,50.729
nam,sex_t,eco_sector_total,edu_isced11_4,2013,0.525
nam,sex_t,eco_sector_total,edu_isced11_4,2014,0.493
nam,sex_t,eco_sector_total,edu_isced11_4,2016,1.113
nam,sex_t,eco_sector_total,edu_isced11_5,2012,1.096
nam,sex_t,eco_sector_total,edu_isced11_5,2013,1.354
nam,sex_t,eco_sector_total,edu_isced11_5,2014,1.128
nam,sex_t,eco_sector_total,edu_isced11_5,2016,8.12
nam,sex_t,eco_sector_total,edu_isced11_6,2012,2.533
nam,sex_t,eco_sector_total,edu_isced11_6,2013,4.197
nam,sex_t,eco_sector_total,edu_isced11_6,2014,2.762
nam,sex_t,eco_sector_total,edu_isced11_6,2016,5.673
nam,sex_t,eco_sector_total,edu_isced11_7,2012,0.511
nam,sex_t,eco_sector_total,edu_isced11_7,2013,0.417
nam,sex_t,eco_sector_total,edu_isced11_7,2016,2.829
nam,sex_t,eco_sector_total,edu_isced11_8,2016,0.669
nam,sex_t,eco_sector_total,edu_isced11_9,2012,7.257
nam,sex_t,eco_sector_total,edu_isced11_9,2013,3.249
nam,sex_t,eco_sector_total,edu_isced11_9,2014,4.669
nam,sex_t,eco_sector_total,edu_isced11_9,2016,76.106
nam,sex_t,eco_sector_total,edu_isced11_total,2012,307.791
nam,sex_t,eco_sector_total,edu_isced11_total,2013,380.088
nam,sex_t,eco_sector_total,edu_isced11_total,2014,378.28
nam,sex_t,eco_sector_total,edu_isced11_total,2016,405.509
nam,sex_t,eco_sector_total,edu_isced11_x,2012,54.702
nam,sex_t,eco_sector_total,edu_isced11_x,2013,72.532
nam,sex_t,eco_sector_total,edu_isced11_x,2014,66.518
nam,sex_t,eco_sector_total,edu_isced11_x,2016,3.209
nam,sex_t,eco_sector_x,edu_aggregate_bas,2013,1.144
nam,sex_t,eco_sector_x,edu_aggregate_bas,2018,0.292
nam,sex_t,eco_sector_x,edu_aggregate_int,2018,1.117
nam,sex_t,eco_sector_x,edu_aggregate_ltb,2013,0.822
nam,sex_t,eco_sector_x,edu_aggregate_ltb,2018,0.344
nam,sex_t,eco_sector_x,edu_aggregate_total,2013,2.221
nam,sex_t,eco_sector_x,edu_aggregate_total,2014,0.601
nam,sex_t,eco_sector_x,edu_aggregate_total,2016,0.366
nam,sex_t,eco_sector_x,edu_aggregate_total,2018,1.799
nam,sex_t,eco_sector_x,edu_isced11_0,2013,0.551
nam,sex_t,eco_sector_x,edu_isced11_1,2013,0.289
nam,sex_t,eco_sector_x,edu_isced11_2,2013,0.855
nam,sex_t,eco_sector_x,edu_isced11_total,2013,2.221
nam,sex_t,eco_sector_x,edu_isced11_total,2014,0.601
nam,sex_t,eco_sector_x,edu_isced11_total,2016,0.366
nam,sex_t,eco_sector_x,edu_isced11_x,2013,0.271
