ref_area,sex,classif1,classif2,time,eip_wplf_sex_age_edu_nb
chl,sex_f,age_aggregate_total,edu_aggregate_adv,2010,27.262
chl,sex_f,age_aggregate_total,edu_aggregate_adv,2011,27.862
chl,sex_f,age_aggregate_total,edu_aggregate_adv,2012,27.801
chl,sex_f,age_aggregate_total,edu_aggregate_adv,2013,28.836
chl,sex_f,age_aggregate_total,edu_aggregate_adv,2014,31.798
chl,sex_f,age_aggregate_total,edu_aggregate_adv,2015,34.667
chl,sex_f,age_aggregate_total,edu_aggregate_adv,2016,33.724
chl,sex_f,age_aggregate_total,edu_aggregate_adv,2017,39.742
chl,sex_f,age_aggregate_total,edu_aggregate_adv,2018,43.737
chl,sex_f,age_aggregate_total,edu_aggregate_adv,2019,45.049
chl,sex_f,age_aggregate_total,edu_aggregate_adv,2020,108.244
chl,sex_f,age_aggregate_total,edu_aggregate_adv,2021,70.462
chl,sex_f,age_aggregate_total,edu_aggregate_adv,2022,51.266
chl,sex_f,age_aggregate_total,edu_aggregate_adv,2023,62.343
chl,sex_f,age_aggregate_total,edu_aggregate_adv,2024,65.163
chl,sex_f,age_aggregate_total,edu_aggregate_adv,2025,72.66
chl,sex_f,age_aggregate_total,edu_aggregate_bas,2010,271.374
chl,sex_f,age_aggregate_total,edu_aggregate_bas,2011,239.237
chl,sex_f,age_aggregate_total,edu_aggregate_bas,2012,222.868
chl,sex_f,age_aggregate_total,edu_aggregate_bas,2013,210.392
chl,sex_f,age_aggregate_total,edu_aggregate_bas,2014,195.826
chl,sex_f,age_aggregate_total,edu_aggregate_bas,2015,186.465
chl,sex_f,age_aggregate_total,edu_aggregate_bas,2016,181.866
chl,sex_f,age_aggregate_total,edu_aggregate_bas,2017,160.231
chl,sex_f,age_aggregate_total,edu_aggregate_bas,2018,143.29
chl,sex_f,age_aggregate_total,edu_aggregate_bas,2019,139.405
chl,sex_f,age_aggregate_total,edu_aggregate_bas,2020,249.125
chl,sex_f,age_aggregate_total,edu_aggregate_bas,2021,152.718
chl,sex_f,age_aggregate_total,edu_aggregate_bas,2022,125.93
chl,sex_f,age_aggregate_total,edu_aggregate_bas,2023,136.071
chl,sex_f,age_aggregate_total,edu_aggregate_bas,2024,145.694
chl,sex_f,age_aggregate_total,edu_aggregate_bas,2025,145.257
chl,sex_f,age_aggregate_total,edu_aggregate_int,2010,293.263
chl,sex_f,age_aggregate_total,edu_aggregate_int,2011,273.884
chl,sex_f,age_aggregate_total,edu_aggregate_int,2012,269.284
chl,sex_f,age_aggregate_total,edu_aggregate_int,2013,255.792
chl,sex_f,age_aggregate_total,edu_aggregate_int,2014,245.489
chl,sex_f,age_aggregate_total,edu_aggregate_int,2015,259.971
chl,sex_f,age_aggregate_total,edu_aggregate_int,2016,244.518
chl,sex_f,age_aggregate_total,edu_aggregate_int,2017,233.698
chl,sex_f,age_aggregate_total,edu_aggregate_int,2018,221.116
chl,sex_f,age_aggregate_total,edu_aggregate_int,2019,235.35
chl,sex_f,age_aggregate_total,edu_aggregate_int,2020,479.365
chl,sex_f,age_aggregate_total,edu_aggregate_int,2021,307.805
chl,sex_f,age_aggregate_total,edu_aggregate_int,2022,255.314
chl,sex_f,age_aggregate_total,edu_aggregate_int,2023,260.56
chl,sex_f,age_aggregate_total,edu_aggregate_int,2024,291.497
chl,sex_f,age_aggregate_total,edu_aggregate_int,2025,312.446
chl,sex_f,age_aggregate_total,edu_aggregate_ltb,2010,67.374
chl,sex_f,age_aggregate_total,edu_aggregate_ltb,2011,61.577
chl,sex_f,age_aggregate_total,edu_aggregate_ltb,2012,52.754
chl,sex_f,age_aggregate_total,edu_aggregate_ltb,2013,48.585
chl,sex_f,age_aggregate_total,edu_aggregate_ltb,2014,43.125
chl,sex_f,age_aggregate_total,edu_aggregate_ltb,2015,35.798
chl,sex_f,age_aggregate_total,edu_aggregate_ltb,2016,36.951
chl,sex_f,age_aggregate_total,edu_aggregate_ltb,2017,34.264
chl,sex_f,age_aggregate_total,edu_aggregate_ltb,2018,32.907
chl,sex_f,age_aggregate_total,edu_aggregate_ltb,2019,31.104
chl,sex_f,age_aggregate_total,edu_aggregate_ltb,2020,60.247
chl,sex_f,age_aggregate_total,edu_aggregate_ltb,2021,33.47
chl,sex_f,age_aggregate_total,edu_aggregate_ltb,2022,24.811
chl,sex_f,age_aggregate_total,edu_aggregate_ltb,2023,29.596
chl,sex_f,age_aggregate_total,edu_aggregate_ltb,2024,34.424
chl,sex_f,age_aggregate_total,edu_aggregate_ltb,2025,29.341
chl,sex_f,age_aggregate_total,edu_aggregate_total,2010,659.637
chl,sex_f,age_aggregate_total,edu_aggregate_total,2011,602.784
chl,sex_f,age_aggregate_total,edu_aggregate_total,2012,573.055
chl,sex_f,age_aggregate_total,edu_aggregate_total,2013,543.996
chl,sex_f,age_aggregate_total,edu_aggregate_total,2014,516.704
chl,sex_f,age_aggregate_total,edu_aggregate_total,2015,517.39
chl,sex_f,age_aggregate_total,edu_aggregate_total,2016,497.347
chl,sex_f,age_aggregate_total,edu_aggregate_total,2017,468.1
chl,sex_f,age_aggregate_total,edu_aggregate_total,2018,441.555
chl,sex_f,age_aggregate_total,edu_aggregate_total,2019,451.659
chl,sex_f,age_aggregate_total,edu_aggregate_total,2020,903.106
chl,sex_f,age_aggregate_total,edu_aggregate_total,2021,566.982
chl,sex_f,age_aggregate_total,edu_aggregate_total,2022,458.819
chl,sex_f,age_aggregate_total,edu_aggregate_total,2023,489.789
chl,sex_f,age_aggregate_total,edu_aggregate_total,2024,537.515
chl,sex_f,age_aggregate_total,edu_aggregate_total,2025,560.522
chl,sex_f,age_aggregate_total,edu_aggregate_x,2010,0.365
chl,sex_f,age_aggregate_total,edu_aggregate_x,2012,0.348
chl,sex_f,age_aggregate_total,edu_aggregate_x,2013,0.391
chl,sex_f,age_aggregate_total,edu_aggregate_x,2014,0.465
chl,sex_f,age_aggregate_total,edu_aggregate_x,2018,0.504
chl,sex_f,age_aggregate_total,edu_aggregate_x,2020,6.125
chl,sex_f,age_aggregate_total,edu_aggregate_x,2021,2.528
chl,sex_f,age_aggregate_total,edu_aggregate_x,2022,1.498
chl,sex_f,age_aggregate_total,edu_aggregate_x,2023,1.22
chl,sex_f,age_aggregate_total,edu_aggregate_x,2024,0.737
chl,sex_f,age_aggregate_total,edu_aggregate_x,2025,0.819
chl,sex_f,age_aggregate_y15_24,edu_aggregate_adv,2010,1.752
chl,sex_f,age_aggregate_y15_24,edu_aggregate_adv,2011,1.699
chl,sex_f,age_aggregate_y15_24,edu_aggregate_adv,2012,2.82
chl,sex_f,age_aggregate_y15_24,edu_aggregate_adv,2013,1.985
chl,sex_f,age_aggregate_y15_24,edu_aggregate_adv,2014,2.077
chl,sex_f,age_aggregate_y15_24,edu_aggregate_adv,2015,1.874
chl,sex_f,age_aggregate_y15_24,edu_aggregate_adv,2016,2.424
chl,sex_f,age_aggregate_y15_24,edu_aggregate_adv,2017,2.627
chl,sex_f,age_aggregate_y15_24,edu_aggregate_adv,2018,3.504
chl,sex_f,age_aggregate_y15_24,edu_aggregate_adv,2019,3.005
chl,sex_f,age_aggregate_y15_24,edu_aggregate_adv,2020,10.493
chl,sex_f,age_aggregate_y15_24,edu_aggregate_adv,2021,5.903
chl,sex_f,age_aggregate_y15_24,edu_aggregate_adv,2022,3.754
chl,sex_f,age_aggregate_y15_24,edu_aggregate_adv,2023,4.303
chl,sex_f,age_aggregate_y15_24,edu_aggregate_adv,2024,5.014
chl,sex_f,age_aggregate_y15_24,edu_aggregate_adv,2025,6.131
chl,sex_f,age_aggregate_y15_24,edu_aggregate_bas,2010,75.649
chl,sex_f,age_aggregate_y15_24,edu_aggregate_bas,2011,68.159
chl,sex_f,age_aggregate_y15_24,edu_aggregate_bas,2012,62.478
chl,sex_f,age_aggregate_y15_24,edu_aggregate_bas,2013,58.52
chl,sex_f,age_aggregate_y15_24,edu_aggregate_bas,2014,57.046
chl,sex_f,age_aggregate_y15_24,edu_aggregate_bas,2015,50.121
chl,sex_f,age_aggregate_y15_24,edu_aggregate_bas,2016,44.501
chl,sex_f,age_aggregate_y15_24,edu_aggregate_bas,2017,41.043
chl,sex_f,age_aggregate_y15_24,edu_aggregate_bas,2018,37.246
chl,sex_f,age_aggregate_y15_24,edu_aggregate_bas,2019,30.496
chl,sex_f,age_aggregate_y15_24,edu_aggregate_bas,2020,46.581
chl,sex_f,age_aggregate_y15_24,edu_aggregate_bas,2021,24.902
chl,sex_f,age_aggregate_y15_24,edu_aggregate_bas,2022,20.979
chl,sex_f,age_aggregate_y15_24,edu_aggregate_bas,2023,21.826
chl,sex_f,age_aggregate_y15_24,edu_aggregate_bas,2024,24.8
chl,sex_f,age_aggregate_y15_24,edu_aggregate_bas,2025,25.762
chl,sex_f,age_aggregate_y15_24,edu_aggregate_int,2010,93.949
chl,sex_f,age_aggregate_y15_24,edu_aggregate_int,2011,90.674
chl,sex_f,age_aggregate_y15_24,edu_aggregate_int,2012,84.766
chl,sex_f,age_aggregate_y15_24,edu_aggregate_int,2013,80.66
chl,sex_f,age_aggregate_y15_24,edu_aggregate_int,2014,72.915
chl,sex_f,age_aggregate_y15_24,edu_aggregate_int,2015,74.623
chl,sex_f,age_aggregate_y15_24,edu_aggregate_int,2016,66.171
chl,sex_f,age_aggregate_y15_24,edu_aggregate_int,2017,61.38
chl,sex_f,age_aggregate_y15_24,edu_aggregate_int,2018,61.345
chl,sex_f,age_aggregate_y15_24,edu_aggregate_int,2019,61.46
chl,sex_f,age_aggregate_y15_24,edu_aggregate_int,2020,129.923
chl,sex_f,age_aggregate_y15_24,edu_aggregate_int,2021,73.743
chl,sex_f,age_aggregate_y15_24,edu_aggregate_int,2022,61.818
chl,sex_f,age_aggregate_y15_24,edu_aggregate_int,2023,60.999
chl,sex_f,age_aggregate_y15_24,edu_aggregate_int,2024,69.293
chl,sex_f,age_aggregate_y15_24,edu_aggregate_int,2025,75.604
chl,sex_f,age_aggregate_y15_24,edu_aggregate_ltb,2010,2.751
chl,sex_f,age_aggregate_y15_24,edu_aggregate_ltb,2011,1.245
chl,sex_f,age_aggregate_y15_24,edu_aggregate_ltb,2012,1.475
chl,sex_f,age_aggregate_y15_24,edu_aggregate_ltb,2013,1.144
chl,sex_f,age_aggregate_y15_24,edu_aggregate_ltb,2014,1.185
chl,sex_f,age_aggregate_y15_24,edu_aggregate_ltb,2015,0.653
chl,sex_f,age_aggregate_y15_24,edu_aggregate_ltb,2016,0.704
chl,sex_f,age_aggregate_y15_24,edu_aggregate_ltb,2017,0.797
chl,sex_f,age_aggregate_y15_24,edu_aggregate_ltb,2018,0.771
chl,sex_f,age_aggregate_y15_24,edu_aggregate_ltb,2019,0.499
chl,sex_f,age_aggregate_y15_24,edu_aggregate_ltb,2020,1.141
chl,sex_f,age_aggregate_y15_24,edu_aggregate_ltb,2021,0.323
chl,sex_f,age_aggregate_y15_24,edu_aggregate_ltb,2022,0.134
chl,sex_f,age_aggregate_y15_24,edu_aggregate_ltb,2023,0.268
chl,sex_f,age_aggregate_y15_24,edu_aggregate_total,2010,174.118
chl,sex_f,age_aggregate_y15_24,edu_aggregate_total,2011,161.778
chl,sex_f,age_aggregate_y15_24,edu_aggregate_total,2012,151.539
chl,sex_f,age_aggregate_y15_24,edu_aggregate_total,2013,142.341
chl,sex_f,age_aggregate_y15_24,edu_aggregate_total,2014,133.257
chl,sex_f,age_aggregate_y15_24,edu_aggregate_total,2015,127.271
chl,sex_f,age_aggregate_y15_24,edu_aggregate_total,2016,113.799
chl,sex_f,age_aggregate_y15_24,edu_aggregate_total,2017,105.847
chl,sex_f,age_aggregate_y15_24,edu_aggregate_total,2018,103.049
chl,sex_f,age_aggregate_y15_24,edu_aggregate_total,2019,95.46
chl,sex_f,age_aggregate_y15_24,edu_aggregate_total,2020,188.58
chl,sex_f,age_aggregate_y15_24,edu_aggregate_total,2021,105.247
chl,sex_f,age_aggregate_y15_24,edu_aggregate_total,2022,86.747
chl,sex_f,age_aggregate_y15_24,edu_aggregate_total,2023,87.396
chl,sex_f,age_aggregate_y15_24,edu_aggregate_total,2024,99.381
chl,sex_f,age_aggregate_y15_24,edu_aggregate_total,2025,107.639
chl,sex_f,age_aggregate_y15_24,edu_aggregate_x,2020,0.443
chl,sex_f,age_aggregate_y15_24,edu_aggregate_x,2021,0.377
chl,sex_f,age_aggregate_y15_24,edu_aggregate_x,2024,0.178
chl,sex_f,age_aggregate_y25_54,edu_aggregate_adv,2010,18.097
chl,sex_f,age_aggregate_y25_54,edu_aggregate_adv,2011,16.039
chl,sex_f,age_aggregate_y25_54,edu_aggregate_adv,2012,16.606
chl,sex_f,age_aggregate_y25_54,edu_aggregate_adv,2013,16.489
chl,sex_f,age_aggregate_y25_54,edu_aggregate_adv,2014,18.851
chl,sex_f,age_aggregate_y25_54,edu_aggregate_adv,2015,21.947
chl,sex_f,age_aggregate_y25_54,edu_aggregate_adv,2016,18.624
chl,sex_f,age_aggregate_y25_54,edu_aggregate_adv,2017,22.861
chl,sex_f,age_aggregate_y25_54,edu_aggregate_adv,2018,25.413
chl,sex_f,age_aggregate_y25_54,edu_aggregate_adv,2019,27.515
chl,sex_f,age_aggregate_y25_54,edu_aggregate_adv,2020,70.362
chl,sex_f,age_aggregate_y25_54,edu_aggregate_adv,2021,45.505
chl,sex_f,age_aggregate_y25_54,edu_aggregate_adv,2022,32.622
chl,sex_f,age_aggregate_y25_54,edu_aggregate_adv,2023,39.712
chl,sex_f,age_aggregate_y25_54,edu_aggregate_adv,2024,38.892
chl,sex_f,age_aggregate_y25_54,edu_aggregate_adv,2025,47.219
chl,sex_f,age_aggregate_y25_54,edu_aggregate_bas,2010,147.948
chl,sex_f,age_aggregate_y25_54,edu_aggregate_bas,2011,126.52
chl,sex_f,age_aggregate_y25_54,edu_aggregate_bas,2012,117.394
chl,sex_f,age_aggregate_y25_54,edu_aggregate_bas,2013,108.214
chl,sex_f,age_aggregate_y25_54,edu_aggregate_bas,2014,97.391
chl,sex_f,age_aggregate_y25_54,edu_aggregate_bas,2015,91.421
chl,sex_f,age_aggregate_y25_54,edu_aggregate_bas,2016,88.889
chl,sex_f,age_aggregate_y25_54,edu_aggregate_bas,2017,76.655
chl,sex_f,age_aggregate_y25_54,edu_aggregate_bas,2018,68.174
chl,sex_f,age_aggregate_y25_54,edu_aggregate_bas,2019,64.161
chl,sex_f,age_aggregate_y25_54,edu_aggregate_bas,2020,124.402
chl,sex_f,age_aggregate_y25_54,edu_aggregate_bas,2021,74.817
chl,sex_f,age_aggregate_y25_54,edu_aggregate_bas,2022,57.706
chl,sex_f,age_aggregate_y25_54,edu_aggregate_bas,2023,60.247
chl,sex_f,age_aggregate_y25_54,edu_aggregate_bas,2024,58.691
chl,sex_f,age_aggregate_y25_54,edu_aggregate_bas,2025,55.096
chl,sex_f,age_aggregate_y25_54,edu_aggregate_int,2010,164.914
chl,sex_f,age_aggregate_y25_54,edu_aggregate_int,2011,146.358
chl,sex_f,age_aggregate_y25_54,edu_aggregate_int,2012,147.923
chl,sex_f,age_aggregate_y25_54,edu_aggregate_int,2013,139.782
chl,sex_f,age_aggregate_y25_54,edu_aggregate_int,2014,137.33
chl,sex_f,age_aggregate_y25_54,edu_aggregate_int,2015,140.878
chl,sex_f,age_aggregate_y25_54,edu_aggregate_int,2016,135.799
chl,sex_f,age_aggregate_y25_54,edu_aggregate_int,2017,129.681
chl,sex_f,age_aggregate_y25_54,edu_aggregate_int,2018,121.325
chl,sex_f,age_aggregate_y25_54,edu_aggregate_int,2019,128.556
chl,sex_f,age_aggregate_y25_54,edu_aggregate_int,2020,262.249
chl,sex_f,age_aggregate_y25_54,edu_aggregate_int,2021,170.977
chl,sex_f,age_aggregate_y25_54,edu_aggregate_int,2022,142.822
chl,sex_f,age_aggregate_y25_54,edu_aggregate_int,2023,139.512
chl,sex_f,age_aggregate_y25_54,edu_aggregate_int,2024,152.323
chl,sex_f,age_aggregate_y25_54,edu_aggregate_int,2025,165.791
chl,sex_f,age_aggregate_y25_54,edu_aggregate_ltb,2010,33.096
chl,sex_f,age_aggregate_y25_54,edu_aggregate_ltb,2011,30.091
chl,sex_f,age_aggregate_y25_54,edu_aggregate_ltb,2012,26.053
chl,sex_f,age_aggregate_y25_54,edu_aggregate_ltb,2013,23.819
chl,sex_f,age_aggregate_y25_54,edu_aggregate_ltb,2014,19.234
chl,sex_f,age_aggregate_y25_54,edu_aggregate_ltb,2015,14.094
chl,sex_f,age_aggregate_y25_54,edu_aggregate_ltb,2016,15.456
chl,sex_f,age_aggregate_y25_54,edu_aggregate_ltb,2017,14.098
chl,sex_f,age_aggregate_y25_54,edu_aggregate_ltb,2018,15.149
chl,sex_f,age_aggregate_y25_54,edu_aggregate_ltb,2019,12.437
chl,sex_f,age_aggregate_y25_54,edu_aggregate_ltb,2020,22.309
chl,sex_f,age_aggregate_y25_54,edu_aggregate_ltb,2021,11.55
chl,sex_f,age_aggregate_y25_54,edu_aggregate_ltb,2022,8.743
chl,sex_f,age_aggregate_y25_54,edu_aggregate_ltb,2023,8.318
chl,sex_f,age_aggregate_y25_54,edu_aggregate_ltb,2024,9.409
chl,sex_f,age_aggregate_y25_54,edu_aggregate_ltb,2025,6.633
chl,sex_f,age_aggregate_y25_54,edu_aggregate_total,2010,364.228
chl,sex_f,age_aggregate_y25_54,edu_aggregate_total,2011,319.041
chl,sex_f,age_aggregate_y25_54,edu_aggregate_total,2012,308.135
chl,sex_f,age_aggregate_y25_54,edu_aggregate_total,2013,288.532
chl,sex_f,age_aggregate_y25_54,edu_aggregate_total,2014,272.994
chl,sex_f,age_aggregate_y25_54,edu_aggregate_total,2015,268.51
chl,sex_f,age_aggregate_y25_54,edu_aggregate_total,2016,258.786
chl,sex_f,age_aggregate_y25_54,edu_aggregate_total,2017,243.357
chl,sex_f,age_aggregate_y25_54,edu_aggregate_total,2018,230.336
chl,sex_f,age_aggregate_y25_54,edu_aggregate_total,2019,233.353
chl,sex_f,age_aggregate_y25_54,edu_aggregate_total,2020,482.635
chl,sex_f,age_aggregate_y25_54,edu_aggregate_total,2021,304.092
chl,sex_f,age_aggregate_y25_54,edu_aggregate_total,2022,242.712
chl,sex_f,age_aggregate_y25_54,edu_aggregate_total,2023,248.554
chl,sex_f,age_aggregate_y25_54,edu_aggregate_total,2024,259.759
chl,sex_f,age_aggregate_y25_54,edu_aggregate_total,2025,275.264
chl,sex_f,age_aggregate_y25_54,edu_aggregate_x,2010,0.173
chl,sex_f,age_aggregate_y25_54,edu_aggregate_x,2013,0.228
chl,sex_f,age_aggregate_y25_54,edu_aggregate_x,2020,3.313
chl,sex_f,age_aggregate_y25_54,edu_aggregate_x,2021,1.243
chl,sex_f,age_aggregate_y25_54,edu_aggregate_x,2022,0.819
chl,sex_f,age_aggregate_y25_54,edu_aggregate_x,2023,0.765
chl,sex_f,age_aggregate_y25_54,edu_aggregate_x,2024,0.444
chl,sex_f,age_aggregate_y25_54,edu_aggregate_x,2025,0.524
chl,sex_f,age_aggregate_y55_64,edu_aggregate_adv,2010,4.769
chl,sex_f,age_aggregate_y55_64,edu_aggregate_adv,2011,6.274
chl,sex_f,age_aggregate_y55_64,edu_aggregate_adv,2012,5.172
chl,sex_f,age_aggregate_y55_64,edu_aggregate_adv,2013,5.752
chl,sex_f,age_aggregate_y55_64,edu_aggregate_adv,2014,4.787
chl,sex_f,age_aggregate_y55_64,edu_aggregate_adv,2015,5.772
chl,sex_f,age_aggregate_y55_64,edu_aggregate_adv,2016,5.705
chl,sex_f,age_aggregate_y55_64,edu_aggregate_adv,2017,6.978
chl,sex_f,age_aggregate_y55_64,edu_aggregate_adv,2018,6.807
chl,sex_f,age_aggregate_y55_64,edu_aggregate_adv,2019,7.483
chl,sex_f,age_aggregate_y55_64,edu_aggregate_adv,2020,12.878
chl,sex_f,age_aggregate_y55_64,edu_aggregate_adv,2021,8.601
chl,sex_f,age_aggregate_y55_64,edu_aggregate_adv,2022,6.242
chl,sex_f,age_aggregate_y55_64,edu_aggregate_adv,2023,8.769
chl,sex_f,age_aggregate_y55_64,edu_aggregate_adv,2024,8.334
chl,sex_f,age_aggregate_y55_64,edu_aggregate_adv,2025,8.065
chl,sex_f,age_aggregate_y55_64,edu_aggregate_bas,2010,30.035
chl,sex_f,age_aggregate_y55_64,edu_aggregate_bas,2011,28.569
chl,sex_f,age_aggregate_y55_64,edu_aggregate_bas,2012,26.464
chl,sex_f,age_aggregate_y55_64,edu_aggregate_bas,2013,27.984
chl,sex_f,age_aggregate_y55_64,edu_aggregate_bas,2014,25.884
chl,sex_f,age_aggregate_y55_64,edu_aggregate_bas,2015,28.349
chl,sex_f,age_aggregate_y55_64,edu_aggregate_bas,2016,27.513
chl,sex_f,age_aggregate_y55_64,edu_aggregate_bas,2017,26.324
chl,sex_f,age_aggregate_y55_64,edu_aggregate_bas,2018,22.612
chl,sex_f,age_aggregate_y55_64,edu_aggregate_bas,2019,27.105
chl,sex_f,age_aggregate_y55_64,edu_aggregate_bas,2020,50.197
chl,sex_f,age_aggregate_y55_64,edu_aggregate_bas,2021,34.683
chl,sex_f,age_aggregate_y55_64,edu_aggregate_bas,2022,31.938
chl,sex_f,age_aggregate_y55_64,edu_aggregate_bas,2023,33.508
chl,sex_f,age_aggregate_y55_64,edu_aggregate_bas,2024,35.252
chl,sex_f,age_aggregate_y55_64,edu_aggregate_bas,2025,36.638
chl,sex_f,age_aggregate_y55_64,edu_aggregate_int,2010,23.042
chl,sex_f,age_aggregate_y55_64,edu_aggregate_int,2011,25.465
chl,sex_f,age_aggregate_y55_64,edu_aggregate_int,2012,24.152
chl,sex_f,age_aggregate_y55_64,edu_aggregate_int,2013,24.067
chl,sex_f,age_aggregate_y55_64,edu_aggregate_int,2014,22.99
chl,sex_f,age_aggregate_y55_64,edu_aggregate_int,2015,30.149
chl,sex_f,age_aggregate_y55_64,edu_aggregate_int,2016,27.067
chl,sex_f,age_aggregate_y55_64,edu_aggregate_int,2017,26.302
chl,sex_f,age_aggregate_y55_64,edu_aggregate_int,2018,24.767
chl,sex_f,age_aggregate_y55_64,edu_aggregate_int,2019,28.283
chl,sex_f,age_aggregate_y55_64,edu_aggregate_int,2020,54.2
chl,sex_f,age_aggregate_y55_64,edu_aggregate_int,2021,40.694
chl,sex_f,age_aggregate_y55_64,edu_aggregate_int,2022,32.153
chl,sex_f,age_aggregate_y55_64,edu_aggregate_int,2023,36.738
chl,sex_f,age_aggregate_y55_64,edu_aggregate_int,2024,41.62
chl,sex_f,age_aggregate_y55_64,edu_aggregate_int,2025,41.147
chl,sex_f,age_aggregate_y55_64,edu_aggregate_ltb,2010,16.503
chl,sex_f,age_aggregate_y55_64,edu_aggregate_ltb,2011,16.064
chl,sex_f,age_aggregate_y55_64,edu_aggregate_ltb,2012,12.504
chl,sex_f,age_aggregate_y55_64,edu_aggregate_ltb,2013,12.094
chl,sex_f,age_aggregate_y55_64,edu_aggregate_ltb,2014,12.411
chl,sex_f,age_aggregate_y55_64,edu_aggregate_ltb,2015,9.708
chl,sex_f,age_aggregate_y55_64,edu_aggregate_ltb,2016,10.167
chl,sex_f,age_aggregate_y55_64,edu_aggregate_ltb,2017,9.624
chl,sex_f,age_aggregate_y55_64,edu_aggregate_ltb,2018,8.11
chl,sex_f,age_aggregate_y55_64,edu_aggregate_ltb,2019,8.297
chl,sex_f,age_aggregate_y55_64,edu_aggregate_ltb,2020,16.872
chl,sex_f,age_aggregate_y55_64,edu_aggregate_ltb,2021,11.563
chl,sex_f,age_aggregate_y55_64,edu_aggregate_ltb,2022,8.061
chl,sex_f,age_aggregate_y55_64,edu_aggregate_ltb,2023,10.317
chl,sex_f,age_aggregate_y55_64,edu_aggregate_ltb,2024,11.205
chl,sex_f,age_aggregate_y55_64,edu_aggregate_ltb,2025,10.298
chl,sex_f,age_aggregate_y55_64,edu_aggregate_total,2010,74.45
chl,sex_f,age_aggregate_y55_64,edu_aggregate_total,2011,76.372
chl,sex_f,age_aggregate_y55_64,edu_aggregate_total,2012,68.369
chl,sex_f,age_aggregate_y55_64,edu_aggregate_total,2013,69.897
chl,sex_f,age_aggregate_y55_64,edu_aggregate_total,2014,66.314
chl,sex_f,age_aggregate_y55_64,edu_aggregate_total,2015,74.299
chl,sex_f,age_aggregate_y55_64,edu_aggregate_total,2016,70.452
chl,sex_f,age_aggregate_y55_64,edu_aggregate_total,2017,69.248
chl,sex_f,age_aggregate_y55_64,edu_aggregate_total,2018,62.318
chl,sex_f,age_aggregate_y55_64,edu_aggregate_total,2019,71.236
chl,sex_f,age_aggregate_y55_64,edu_aggregate_total,2020,135.216
chl,sex_f,age_aggregate_y55_64,edu_aggregate_total,2021,95.831
chl,sex_f,age_aggregate_y55_64,edu_aggregate_total,2022,78.816
chl,sex_f,age_aggregate_y55_64,edu_aggregate_total,2023,89.548
chl,sex_f,age_aggregate_y55_64,edu_aggregate_total,2024,96.526
chl,sex_f,age_aggregate_y55_64,edu_aggregate_total,2025,96.16
chl,sex_f,age_aggregate_y55_64,edu_aggregate_x,2020,1.068
chl,sex_f,age_aggregate_y55_64,edu_aggregate_x,2021,0.29
chl,sex_f,age_aggregate_y55_64,edu_aggregate_x,2023,0.216
chl,sex_f,age_aggregate_yge65,edu_aggregate_adv,2010,2.644
chl,sex_f,age_aggregate_yge65,edu_aggregate_adv,2011,3.849
chl,sex_f,age_aggregate_yge65,edu_aggregate_adv,2012,3.203
chl,sex_f,age_aggregate_yge65,edu_aggregate_adv,2013,4.61
chl,sex_f,age_aggregate_yge65,edu_aggregate_adv,2014,6.083
chl,sex_f,age_aggregate_yge65,edu_aggregate_adv,2015,5.073
chl,sex_f,age_aggregate_yge65,edu_aggregate_adv,2016,6.972
chl,sex_f,age_aggregate_yge65,edu_aggregate_adv,2017,7.276
chl,sex_f,age_aggregate_yge65,edu_aggregate_adv,2018,8.014
chl,sex_f,age_aggregate_yge65,edu_aggregate_adv,2019,7.046
chl,sex_f,age_aggregate_yge65,edu_aggregate_adv,2020,14.51
chl,sex_f,age_aggregate_yge65,edu_aggregate_adv,2021,10.453
chl,sex_f,age_aggregate_yge65,edu_aggregate_adv,2022,8.648
chl,sex_f,age_aggregate_yge65,edu_aggregate_adv,2023,9.558
chl,sex_f,age_aggregate_yge65,edu_aggregate_adv,2024,12.923
chl,sex_f,age_aggregate_yge65,edu_aggregate_adv,2025,11.245
chl,sex_f,age_aggregate_yge65,edu_aggregate_bas,2010,17.742
chl,sex_f,age_aggregate_yge65,edu_aggregate_bas,2011,15.989
chl,sex_f,age_aggregate_yge65,edu_aggregate_bas,2012,16.532
chl,sex_f,age_aggregate_yge65,edu_aggregate_bas,2013,15.675
chl,sex_f,age_aggregate_yge65,edu_aggregate_bas,2014,15.505
chl,sex_f,age_aggregate_yge65,edu_aggregate_bas,2015,16.573
chl,sex_f,age_aggregate_yge65,edu_aggregate_bas,2016,20.963
chl,sex_f,age_aggregate_yge65,edu_aggregate_bas,2017,16.208
chl,sex_f,age_aggregate_yge65,edu_aggregate_bas,2018,15.258
chl,sex_f,age_aggregate_yge65,edu_aggregate_bas,2019,17.642
chl,sex_f,age_aggregate_yge65,edu_aggregate_bas,2020,27.945
chl,sex_f,age_aggregate_yge65,edu_aggregate_bas,2021,18.316
chl,sex_f,age_aggregate_yge65,edu_aggregate_bas,2022,15.307
chl,sex_f,age_aggregate_yge65,edu_aggregate_bas,2023,20.491
chl,sex_f,age_aggregate_yge65,edu_aggregate_bas,2024,26.95
chl,sex_f,age_aggregate_yge65,edu_aggregate_bas,2025,27.761
chl,sex_f,age_aggregate_yge65,edu_aggregate_int,2010,11.358
chl,sex_f,age_aggregate_yge65,edu_aggregate_int,2011,11.387
chl,sex_f,age_aggregate_yge65,edu_aggregate_int,2012,12.443
chl,sex_f,age_aggregate_yge65,edu_aggregate_int,2013,11.283
chl,sex_f,age_aggregate_yge65,edu_aggregate_int,2014,12.254
chl,sex_f,age_aggregate_yge65,edu_aggregate_int,2015,14.321
chl,sex_f,age_aggregate_yge65,edu_aggregate_int,2016,15.481
chl,sex_f,age_aggregate_yge65,edu_aggregate_int,2017,16.336
chl,sex_f,age_aggregate_yge65,edu_aggregate_int,2018,13.68
chl,sex_f,age_aggregate_yge65,edu_aggregate_int,2019,17.051
chl,sex_f,age_aggregate_yge65,edu_aggregate_int,2020,32.994
chl,sex_f,age_aggregate_yge65,edu_aggregate_int,2021,22.392
chl,sex_f,age_aggregate_yge65,edu_aggregate_int,2022,18.52
chl,sex_f,age_aggregate_yge65,edu_aggregate_int,2023,23.311
chl,sex_f,age_aggregate_yge65,edu_aggregate_int,2024,28.261
chl,sex_f,age_aggregate_yge65,edu_aggregate_int,2025,29.905
chl,sex_f,age_aggregate_yge65,edu_aggregate_ltb,2010,15.024
chl,sex_f,age_aggregate_yge65,edu_aggregate_ltb,2011,14.177
chl,sex_f,age_aggregate_yge65,edu_aggregate_ltb,2012,12.722
chl,sex_f,age_aggregate_yge65,edu_aggregate_ltb,2013,11.528
chl,sex_f,age_aggregate_yge65,edu_aggregate_ltb,2014,10.297
chl,sex_f,age_aggregate_yge65,edu_aggregate_ltb,2015,11.343
chl,sex_f,age_aggregate_yge65,edu_aggregate_ltb,2016,10.625
chl,sex_f,age_aggregate_yge65,edu_aggregate_ltb,2017,9.744
chl,sex_f,age_aggregate_yge65,edu_aggregate_ltb,2018,8.877
chl,sex_f,age_aggregate_yge65,edu_aggregate_ltb,2019,9.87
chl,sex_f,age_aggregate_yge65,edu_aggregate_ltb,2020,19.925
chl,sex_f,age_aggregate_yge65,edu_aggregate_ltb,2021,10.034
chl,sex_f,age_aggregate_yge65,edu_aggregate_ltb,2022,7.874
chl,sex_f,age_aggregate_yge65,edu_aggregate_ltb,2023,10.693
chl,sex_f,age_aggregate_yge65,edu_aggregate_ltb,2024,13.715
chl,sex_f,age_aggregate_yge65,edu_aggregate_ltb,2025,12.393
chl,sex_f,age_aggregate_yge65,edu_aggregate_total,2010,46.841
chl,sex_f,age_aggregate_yge65,edu_aggregate_total,2011,45.593
chl,sex_f,age_aggregate_yge65,edu_aggregate_total,2012,45.012
chl,sex_f,age_aggregate_yge65,edu_aggregate_total,2013,43.226
chl,sex_f,age_aggregate_yge65,edu_aggregate_total,2014,44.139
chl,sex_f,age_aggregate_yge65,edu_aggregate_total,2015,47.31
chl,sex_f,age_aggregate_yge65,edu_aggregate_total,2016,54.31
chl,sex_f,age_aggregate_yge65,edu_aggregate_total,2017,49.647
chl,sex_f,age_aggregate_yge65,edu_aggregate_total,2018,45.851
chl,sex_f,age_aggregate_yge65,edu_aggregate_total,2019,51.61
chl,sex_f,age_aggregate_yge65,edu_aggregate_total,2020,96.674
chl,sex_f,age_aggregate_yge65,edu_aggregate_total,2021,61.813
chl,sex_f,age_aggregate_yge65,edu_aggregate_total,2022,50.544
chl,sex_f,age_aggregate_yge65,edu_aggregate_total,2023,64.291
chl,sex_f,age_aggregate_yge65,edu_aggregate_total,2024,81.848
chl,sex_f,age_aggregate_yge65,edu_aggregate_total,2025,81.46
chl,sex_f,age_aggregate_yge65,edu_aggregate_x,2020,1.301
chl,sex_f,age_aggregate_yge65,edu_aggregate_x,2021,0.618
chl,sex_f,age_ythadult_y15_24,edu_aggregate_adv,2010,1.752
chl,sex_f,age_ythadult_y15_24,edu_aggregate_adv,2011,1.699
chl,sex_f,age_ythadult_y15_24,edu_aggregate_adv,2012,2.82
chl,sex_f,age_ythadult_y15_24,edu_aggregate_adv,2013,1.985
chl,sex_f,age_ythadult_y15_24,edu_aggregate_adv,2014,2.077
chl,sex_f,age_ythadult_y15_24,edu_aggregate_adv,2015,1.874
chl,sex_f,age_ythadult_y15_24,edu_aggregate_adv,2016,2.424
chl,sex_f,age_ythadult_y15_24,edu_aggregate_adv,2017,2.627
chl,sex_f,age_ythadult_y15_24,edu_aggregate_adv,2018,3.504
chl,sex_f,age_ythadult_y15_24,edu_aggregate_adv,2019,3.005
chl,sex_f,age_ythadult_y15_24,edu_aggregate_adv,2020,10.493
chl,sex_f,age_ythadult_y15_24,edu_aggregate_adv,2021,5.903
chl,sex_f,age_ythadult_y15_24,edu_aggregate_adv,2022,3.754
chl,sex_f,age_ythadult_y15_24,edu_aggregate_adv,2023,4.303
chl,sex_f,age_ythadult_y15_24,edu_aggregate_adv,2024,5.014
chl,sex_f,age_ythadult_y15_24,edu_aggregate_adv,2025,6.131
chl,sex_f,age_ythadult_y15_24,edu_aggregate_bas,2010,75.649
chl,sex_f,age_ythadult_y15_24,edu_aggregate_bas,2011,68.159
chl,sex_f,age_ythadult_y15_24,edu_aggregate_bas,2012,62.478
chl,sex_f,age_ythadult_y15_24,edu_aggregate_bas,2013,58.52
chl,sex_f,age_ythadult_y15_24,edu_aggregate_bas,2014,57.046
chl,sex_f,age_ythadult_y15_24,edu_aggregate_bas,2015,50.121
chl,sex_f,age_ythadult_y15_24,edu_aggregate_bas,2016,44.501
chl,sex_f,age_ythadult_y15_24,edu_aggregate_bas,2017,41.043
chl,sex_f,age_ythadult_y15_24,edu_aggregate_bas,2018,37.246
chl,sex_f,age_ythadult_y15_24,edu_aggregate_bas,2019,30.496
chl,sex_f,age_ythadult_y15_24,edu_aggregate_bas,2020,46.581
chl,sex_f,age_ythadult_y15_24,edu_aggregate_bas,2021,24.902
chl,sex_f,age_ythadult_y15_24,edu_aggregate_bas,2022,20.979
chl,sex_f,age_ythadult_y15_24,edu_aggregate_bas,2023,21.826
chl,sex_f,age_ythadult_y15_24,edu_aggregate_bas,2024,24.8
chl,sex_f,age_ythadult_y15_24,edu_aggregate_bas,2025,25.762
chl,sex_f,age_ythadult_y15_24,edu_aggregate_int,2010,93.949
chl,sex_f,age_ythadult_y15_24,edu_aggregate_int,2011,90.674
chl,sex_f,age_ythadult_y15_24,edu_aggregate_int,2012,84.766
chl,sex_f,age_ythadult_y15_24,edu_aggregate_int,2013,80.66
chl,sex_f,age_ythadult_y15_24,edu_aggregate_int,2014,72.915
chl,sex_f,age_ythadult_y15_24,edu_aggregate_int,2015,74.623
chl,sex_f,age_ythadult_y15_24,edu_aggregate_int,2016,66.171
chl,sex_f,age_ythadult_y15_24,edu_aggregate_int,2017,61.38
chl,sex_f,age_ythadult_y15_24,edu_aggregate_int,2018,61.345
chl,sex_f,age_ythadult_y15_24,edu_aggregate_int,2019,61.46
chl,sex_f,age_ythadult_y15_24,edu_aggregate_int,2020,129.923
chl,sex_f,age_ythadult_y15_24,edu_aggregate_int,2021,73.743
chl,sex_f,age_ythadult_y15_24,edu_aggregate_int,2022,61.818
chl,sex_f,age_ythadult_y15_24,edu_aggregate_int,2023,60.999
chl,sex_f,age_ythadult_y15_24,edu_aggregate_int,2024,69.293
chl,sex_f,age_ythadult_y15_24,edu_aggregate_int,2025,75.604
chl,sex_f,age_ythadult_y15_24,edu_aggregate_ltb,2010,2.751
chl,sex_f,age_ythadult_y15_24,edu_aggregate_ltb,2011,1.245
chl,sex_f,age_ythadult_y15_24,edu_aggregate_ltb,2012,1.475
chl,sex_f,age_ythadult_y15_24,edu_aggregate_ltb,2013,1.144
chl,sex_f,age_ythadult_y15_24,edu_aggregate_ltb,2014,1.185
chl,sex_f,age_ythadult_y15_24,edu_aggregate_ltb,2015,0.653
chl,sex_f,age_ythadult_y15_24,edu_aggregate_ltb,2016,0.704
chl,sex_f,age_ythadult_y15_24,edu_aggregate_ltb,2017,0.797
chl,sex_f,age_ythadult_y15_24,edu_aggregate_ltb,2018,0.771
chl,sex_f,age_ythadult_y15_24,edu_aggregate_ltb,2019,0.499
chl,sex_f,age_ythadult_y15_24,edu_aggregate_ltb,2020,1.141
chl,sex_f,age_ythadult_y15_24,edu_aggregate_ltb,2021,0.323
chl,sex_f,age_ythadult_y15_24,edu_aggregate_ltb,2022,0.134
chl,sex_f,age_ythadult_y15_24,edu_aggregate_ltb,2023,0.268
chl,sex_f,age_ythadult_y15_24,edu_aggregate_total,2010,174.118
chl,sex_f,age_ythadult_y15_24,edu_aggregate_total,2011,161.778
chl,sex_f,age_ythadult_y15_24,edu_aggregate_total,2012,151.539
chl,sex_f,age_ythadult_y15_24,edu_aggregate_total,2013,142.341
chl,sex_f,age_ythadult_y15_24,edu_aggregate_total,2014,133.257
chl,sex_f,age_ythadult_y15_24,edu_aggregate_total,2015,127.271
chl,sex_f,age_ythadult_y15_24,edu_aggregate_total,2016,113.799
chl,sex_f,age_ythadult_y15_24,edu_aggregate_total,2017,105.847
chl,sex_f,age_ythadult_y15_24,edu_aggregate_total,2018,103.049
chl,sex_f,age_ythadult_y15_24,edu_aggregate_total,2019,95.46
chl,sex_f,age_ythadult_y15_24,edu_aggregate_total,2020,188.58
chl,sex_f,age_ythadult_y15_24,edu_aggregate_total,2021,105.247
chl,sex_f,age_ythadult_y15_24,edu_aggregate_total,2022,86.747
chl,sex_f,age_ythadult_y15_24,edu_aggregate_total,2023,87.396
chl,sex_f,age_ythadult_y15_24,edu_aggregate_total,2024,99.381
chl,sex_f,age_ythadult_y15_24,edu_aggregate_total,2025,107.639
chl,sex_f,age_ythadult_y15_24,edu_aggregate_x,2020,0.443
chl,sex_f,age_ythadult_y15_24,edu_aggregate_x,2021,0.377
chl,sex_f,age_ythadult_y15_24,edu_aggregate_x,2024,0.178
chl,sex_f,age_ythadult_y15_64,edu_aggregate_adv,2010,24.617
chl,sex_f,age_ythadult_y15_64,edu_aggregate_adv,2011,24.013
chl,sex_f,age_ythadult_y15_64,edu_aggregate_adv,2012,24.598
chl,sex_f,age_ythadult_y15_64,edu_aggregate_adv,2013,24.226
chl,sex_f,age_ythadult_y15_64,edu_aggregate_adv,2014,25.715
chl,sex_f,age_ythadult_y15_64,edu_aggregate_adv,2015,29.594
chl,sex_f,age_ythadult_y15_64,edu_aggregate_adv,2016,26.752
chl,sex_f,age_ythadult_y15_64,edu_aggregate_adv,2017,32.466
chl,sex_f,age_ythadult_y15_64,edu_aggregate_adv,2018,35.723
chl,sex_f,age_ythadult_y15_64,edu_aggregate_adv,2019,38.002
chl,sex_f,age_ythadult_y15_64,edu_aggregate_adv,2020,93.733
chl,sex_f,age_ythadult_y15_64,edu_aggregate_adv,2021,60.009
chl,sex_f,age_ythadult_y15_64,edu_aggregate_adv,2022,42.618
chl,sex_f,age_ythadult_y15_64,edu_aggregate_adv,2023,52.784
chl,sex_f,age_ythadult_y15_64,edu_aggregate_adv,2024,52.241
chl,sex_f,age_ythadult_y15_64,edu_aggregate_adv,2025,61.415
chl,sex_f,age_ythadult_y15_64,edu_aggregate_bas,2010,253.632
chl,sex_f,age_ythadult_y15_64,edu_aggregate_bas,2011,223.248
chl,sex_f,age_ythadult_y15_64,edu_aggregate_bas,2012,206.336
chl,sex_f,age_ythadult_y15_64,edu_aggregate_bas,2013,194.717
chl,sex_f,age_ythadult_y15_64,edu_aggregate_bas,2014,180.321
chl,sex_f,age_ythadult_y15_64,edu_aggregate_bas,2015,169.892
chl,sex_f,age_ythadult_y15_64,edu_aggregate_bas,2016,160.903
chl,sex_f,age_ythadult_y15_64,edu_aggregate_bas,2017,144.023
chl,sex_f,age_ythadult_y15_64,edu_aggregate_bas,2018,128.033
chl,sex_f,age_ythadult_y15_64,edu_aggregate_bas,2019,121.763
chl,sex_f,age_ythadult_y15_64,edu_aggregate_bas,2020,221.18
chl,sex_f,age_ythadult_y15_64,edu_aggregate_bas,2021,134.402
chl,sex_f,age_ythadult_y15_64,edu_aggregate_bas,2022,110.623
chl,sex_f,age_ythadult_y15_64,edu_aggregate_bas,2023,115.581
chl,sex_f,age_ythadult_y15_64,edu_aggregate_bas,2024,118.743
chl,sex_f,age_ythadult_y15_64,edu_aggregate_bas,2025,117.496
chl,sex_f,age_ythadult_y15_64,edu_aggregate_int,2010,281.905
chl,sex_f,age_ythadult_y15_64,edu_aggregate_int,2011,262.497
chl,sex_f,age_ythadult_y15_64,edu_aggregate_int,2012,256.842
chl,sex_f,age_ythadult_y15_64,edu_aggregate_int,2013,244.509
chl,sex_f,age_ythadult_y15_64,edu_aggregate_int,2014,233.235
chl,sex_f,age_ythadult_y15_64,edu_aggregate_int,2015,245.65
chl,sex_f,age_ythadult_y15_64,edu_aggregate_int,2016,229.038
chl,sex_f,age_ythadult_y15_64,edu_aggregate_int,2017,217.362
chl,sex_f,age_ythadult_y15_64,edu_aggregate_int,2018,207.437
chl,sex_f,age_ythadult_y15_64,edu_aggregate_int,2019,218.299
chl,sex_f,age_ythadult_y15_64,edu_aggregate_int,2020,446.372
chl,sex_f,age_ythadult_y15_64,edu_aggregate_int,2021,285.413
chl,sex_f,age_ythadult_y15_64,edu_aggregate_int,2022,236.793
chl,sex_f,age_ythadult_y15_64,edu_aggregate_int,2023,237.249
chl,sex_f,age_ythadult_y15_64,edu_aggregate_int,2024,263.236
chl,sex_f,age_ythadult_y15_64,edu_aggregate_int,2025,282.541
chl,sex_f,age_ythadult_y15_64,edu_aggregate_ltb,2010,52.35
chl,sex_f,age_ythadult_y15_64,edu_aggregate_ltb,2011,47.4
chl,sex_f,age_ythadult_y15_64,edu_aggregate_ltb,2012,40.032
chl,sex_f,age_ythadult_y15_64,edu_aggregate_ltb,2013,37.057
chl,sex_f,age_ythadult_y15_64,edu_aggregate_ltb,2014,32.829
chl,sex_f,age_ythadult_y15_64,edu_aggregate_ltb,2015,24.455
chl,sex_f,age_ythadult_y15_64,edu_aggregate_ltb,2016,26.326
chl,sex_f,age_ythadult_y15_64,edu_aggregate_ltb,2017,24.52
chl,sex_f,age_ythadult_y15_64,edu_aggregate_ltb,2018,24.03
chl,sex_f,age_ythadult_y15_64,edu_aggregate_ltb,2019,21.233
chl,sex_f,age_ythadult_y15_64,edu_aggregate_ltb,2020,40.322
chl,sex_f,age_ythadult_y15_64,edu_aggregate_ltb,2021,23.435
chl,sex_f,age_ythadult_y15_64,edu_aggregate_ltb,2022,16.937
chl,sex_f,age_ythadult_y15_64,edu_aggregate_ltb,2023,18.903
chl,sex_f,age_ythadult_y15_64,edu_aggregate_ltb,2024,20.709
chl,sex_f,age_ythadult_y15_64,edu_aggregate_ltb,2025,16.948
chl,sex_f,age_ythadult_y15_64,edu_aggregate_total,2010,612.796
chl,sex_f,age_ythadult_y15_64,edu_aggregate_total,2011,557.191
chl,sex_f,age_ythadult_y15_64,edu_aggregate_total,2012,528.043
chl,sex_f,age_ythadult_y15_64,edu_aggregate_total,2013,500.77
chl,sex_f,age_ythadult_y15_64,edu_aggregate_total,2014,472.565
chl,sex_f,age_ythadult_y15_64,edu_aggregate_total,2015,470.08
chl,sex_f,age_ythadult_y15_64,edu_aggregate_total,2016,443.037
chl,sex_f,age_ythadult_y15_64,edu_aggregate_total,2017,418.453
chl,sex_f,age_ythadult_y15_64,edu_aggregate_total,2018,395.704
chl,sex_f,age_ythadult_y15_64,edu_aggregate_total,2019,400.049
chl,sex_f,age_ythadult_y15_64,edu_aggregate_total,2020,806.431
chl,sex_f,age_ythadult_y15_64,edu_aggregate_total,2021,505.169
chl,sex_f,age_ythadult_y15_64,edu_aggregate_total,2022,408.274
chl,sex_f,age_ythadult_y15_64,edu_aggregate_total,2023,425.499
chl,sex_f,age_ythadult_y15_64,edu_aggregate_total,2024,455.666
chl,sex_f,age_ythadult_y15_64,edu_aggregate_total,2025,479.063
chl,sex_f,age_ythadult_y15_64,edu_aggregate_x,2010,0.292
chl,sex_f,age_ythadult_y15_64,edu_aggregate_x,2014,0.465
chl,sex_f,age_ythadult_y15_64,edu_aggregate_x,2018,0.482
chl,sex_f,age_ythadult_y15_64,edu_aggregate_x,2020,4.824
chl,sex_f,age_ythadult_y15_64,edu_aggregate_x,2021,1.91
chl,sex_f,age_ythadult_y15_64,edu_aggregate_x,2022,1.303
chl,sex_f,age_ythadult_y15_64,edu_aggregate_x,2023,0.982
chl,sex_f,age_ythadult_y15_64,edu_aggregate_x,2024,0.737
chl,sex_f,age_ythadult_y15_64,edu_aggregate_x,2025,0.663
chl,sex_f,age_ythadult_yge15,edu_aggregate_adv,2010,27.262
chl,sex_f,age_ythadult_yge15,edu_aggregate_adv,2011,27.862
chl,sex_f,age_ythadult_yge15,edu_aggregate_adv,2012,27.801
chl,sex_f,age_ythadult_yge15,edu_aggregate_adv,2013,28.836
chl,sex_f,age_ythadult_yge15,edu_aggregate_adv,2014,31.798
chl,sex_f,age_ythadult_yge15,edu_aggregate_adv,2015,34.667
chl,sex_f,age_ythadult_yge15,edu_aggregate_adv,2016,33.724
chl,sex_f,age_ythadult_yge15,edu_aggregate_adv,2017,39.742
chl,sex_f,age_ythadult_yge15,edu_aggregate_adv,2018,43.737
chl,sex_f,age_ythadult_yge15,edu_aggregate_adv,2019,45.049
chl,sex_f,age_ythadult_yge15,edu_aggregate_adv,2020,108.244
chl,sex_f,age_ythadult_yge15,edu_aggregate_adv,2021,70.462
chl,sex_f,age_ythadult_yge15,edu_aggregate_adv,2022,51.266
chl,sex_f,age_ythadult_yge15,edu_aggregate_adv,2023,62.343
chl,sex_f,age_ythadult_yge15,edu_aggregate_adv,2024,65.163
chl,sex_f,age_ythadult_yge15,edu_aggregate_adv,2025,72.66
chl,sex_f,age_ythadult_yge15,edu_aggregate_bas,2010,271.374
chl,sex_f,age_ythadult_yge15,edu_aggregate_bas,2011,239.237
chl,sex_f,age_ythadult_yge15,edu_aggregate_bas,2012,222.868
chl,sex_f,age_ythadult_yge15,edu_aggregate_bas,2013,210.392
chl,sex_f,age_ythadult_yge15,edu_aggregate_bas,2014,195.826
chl,sex_f,age_ythadult_yge15,edu_aggregate_bas,2015,186.465
chl,sex_f,age_ythadult_yge15,edu_aggregate_bas,2016,181.866
chl,sex_f,age_ythadult_yge15,edu_aggregate_bas,2017,160.231
chl,sex_f,age_ythadult_yge15,edu_aggregate_bas,2018,143.29
chl,sex_f,age_ythadult_yge15,edu_aggregate_bas,2019,139.405
chl,sex_f,age_ythadult_yge15,edu_aggregate_bas,2020,249.125
chl,sex_f,age_ythadult_yge15,edu_aggregate_bas,2021,152.718
chl,sex_f,age_ythadult_yge15,edu_aggregate_bas,2022,125.93
chl,sex_f,age_ythadult_yge15,edu_aggregate_bas,2023,136.071
chl,sex_f,age_ythadult_yge15,edu_aggregate_bas,2024,145.694
chl,sex_f,age_ythadult_yge15,edu_aggregate_bas,2025,145.257
chl,sex_f,age_ythadult_yge15,edu_aggregate_int,2010,293.263
chl,sex_f,age_ythadult_yge15,edu_aggregate_int,2011,273.884
chl,sex_f,age_ythadult_yge15,edu_aggregate_int,2012,269.284
chl,sex_f,age_ythadult_yge15,edu_aggregate_int,2013,255.792
chl,sex_f,age_ythadult_yge15,edu_aggregate_int,2014,245.489
chl,sex_f,age_ythadult_yge15,edu_aggregate_int,2015,259.971
chl,sex_f,age_ythadult_yge15,edu_aggregate_int,2016,244.518
chl,sex_f,age_ythadult_yge15,edu_aggregate_int,2017,233.698
chl,sex_f,age_ythadult_yge15,edu_aggregate_int,2018,221.116
chl,sex_f,age_ythadult_yge15,edu_aggregate_int,2019,235.35
chl,sex_f,age_ythadult_yge15,edu_aggregate_int,2020,479.365
chl,sex_f,age_ythadult_yge15,edu_aggregate_int,2021,307.805
chl,sex_f,age_ythadult_yge15,edu_aggregate_int,2022,255.314
chl,sex_f,age_ythadult_yge15,edu_aggregate_int,2023,260.56
chl,sex_f,age_ythadult_yge15,edu_aggregate_int,2024,291.497
chl,sex_f,age_ythadult_yge15,edu_aggregate_int,2025,312.446
chl,sex_f,age_ythadult_yge15,edu_aggregate_ltb,2010,67.374
chl,sex_f,age_ythadult_yge15,edu_aggregate_ltb,2011,61.577
chl,sex_f,age_ythadult_yge15,edu_aggregate_ltb,2012,52.754
chl,sex_f,age_ythadult_yge15,edu_aggregate_ltb,2013,48.585
chl,sex_f,age_ythadult_yge15,edu_aggregate_ltb,2014,43.125
chl,sex_f,age_ythadult_yge15,edu_aggregate_ltb,2015,35.798
chl,sex_f,age_ythadult_yge15,edu_aggregate_ltb,2016,36.951
chl,sex_f,age_ythadult_yge15,edu_aggregate_ltb,2017,34.264
chl,sex_f,age_ythadult_yge15,edu_aggregate_ltb,2018,32.907
chl,sex_f,age_ythadult_yge15,edu_aggregate_ltb,2019,31.104
chl,sex_f,age_ythadult_yge15,edu_aggregate_ltb,2020,60.247
chl,sex_f,age_ythadult_yge15,edu_aggregate_ltb,2021,33.47
chl,sex_f,age_ythadult_yge15,edu_aggregate_ltb,2022,24.811
chl,sex_f,age_ythadult_yge15,edu_aggregate_ltb,2023,29.596
chl,sex_f,age_ythadult_yge15,edu_aggregate_ltb,2024,34.424
chl,sex_f,age_ythadult_yge15,edu_aggregate_ltb,2025,29.341
chl,sex_f,age_ythadult_yge15,edu_aggregate_total,2010,659.637
chl,sex_f,age_ythadult_yge15,edu_aggregate_total,2011,602.784
chl,sex_f,age_ythadult_yge15,edu_aggregate_total,2012,573.055
chl,sex_f,age_ythadult_yge15,edu_aggregate_total,2013,543.996
chl,sex_f,age_ythadult_yge15,edu_aggregate_total,2014,516.704
chl,sex_f,age_ythadult_yge15,edu_aggregate_total,2015,517.39
chl,sex_f,age_ythadult_yge15,edu_aggregate_total,2016,497.347
chl,sex_f,age_ythadult_yge15,edu_aggregate_total,2017,468.1
chl,sex_f,age_ythadult_yge15,edu_aggregate_total,2018,441.555
chl,sex_f,age_ythadult_yge15,edu_aggregate_total,2019,451.659
chl,sex_f,age_ythadult_yge15,edu_aggregate_total,2020,903.106
chl,sex_f,age_ythadult_yge15,edu_aggregate_total,2021,566.982
chl,sex_f,age_ythadult_yge15,edu_aggregate_total,2022,458.819
chl,sex_f,age_ythadult_yge15,edu_aggregate_total,2023,489.789
chl,sex_f,age_ythadult_yge15,edu_aggregate_total,2024,537.515
chl,sex_f,age_ythadult_yge15,edu_aggregate_total,2025,560.522
chl,sex_f,age_ythadult_yge15,edu_aggregate_x,2010,0.365
chl,sex_f,age_ythadult_yge15,edu_aggregate_x,2012,0.348
chl,sex_f,age_ythadult_yge15,edu_aggregate_x,2013,0.391
chl,sex_f,age_ythadult_yge15,edu_aggregate_x,2014,0.465
chl,sex_f,age_ythadult_yge15,edu_aggregate_x,2018,0.504
chl,sex_f,age_ythadult_yge15,edu_aggregate_x,2020,6.125
chl,sex_f,age_ythadult_yge15,edu_aggregate_x,2021,2.528
chl,sex_f,age_ythadult_yge15,edu_aggregate_x,2022,1.498
chl,sex_f,age_ythadult_yge15,edu_aggregate_x,2023,1.22
chl,sex_f,age_ythadult_yge15,edu_aggregate_x,2024,0.737
chl,sex_f,age_ythadult_yge15,edu_aggregate_x,2025,0.819
chl,sex_f,age_ythadult_yge25,edu_aggregate_adv,2010,25.51
chl,sex_f,age_ythadult_yge25,edu_aggregate_adv,2011,26.163
chl,sex_f,age_ythadult_yge25,edu_aggregate_adv,2012,24.981
chl,sex_f,age_ythadult_yge25,edu_aggregate_adv,2013,26.851
chl,sex_f,age_ythadult_yge25,edu_aggregate_adv,2014,29.721
chl,sex_f,age_ythadult_yge25,edu_aggregate_adv,2015,32.793
chl,sex_f,age_ythadult_yge25,edu_aggregate_adv,2016,31.3
chl,sex_f,age_ythadult_yge25,edu_aggregate_adv,2017,37.115
chl,sex_f,age_ythadult_yge25,edu_aggregate_adv,2018,40.234
chl,sex_f,age_ythadult_yge25,edu_aggregate_adv,2019,42.044
chl,sex_f,age_ythadult_yge25,edu_aggregate_adv,2020,97.75
chl,sex_f,age_ythadult_yge25,edu_aggregate_adv,2021,64.558
chl,sex_f,age_ythadult_yge25,edu_aggregate_adv,2022,47.512
chl,sex_f,age_ythadult_yge25,edu_aggregate_adv,2023,58.039
chl,sex_f,age_ythadult_yge25,edu_aggregate_adv,2024,60.149
chl,sex_f,age_ythadult_yge25,edu_aggregate_adv,2025,66.529
chl,sex_f,age_ythadult_yge25,edu_aggregate_bas,2010,195.726
chl,sex_f,age_ythadult_yge25,edu_aggregate_bas,2011,171.078
chl,sex_f,age_ythadult_yge25,edu_aggregate_bas,2012,160.39
chl,sex_f,age_ythadult_yge25,edu_aggregate_bas,2013,151.872
chl,sex_f,age_ythadult_yge25,edu_aggregate_bas,2014,138.781
chl,sex_f,age_ythadult_yge25,edu_aggregate_bas,2015,136.343
chl,sex_f,age_ythadult_yge25,edu_aggregate_bas,2016,137.365
chl,sex_f,age_ythadult_yge25,edu_aggregate_bas,2017,119.188
chl,sex_f,age_ythadult_yge25,edu_aggregate_bas,2018,106.044
chl,sex_f,age_ythadult_yge25,edu_aggregate_bas,2019,108.909
chl,sex_f,age_ythadult_yge25,edu_aggregate_bas,2020,202.544
chl,sex_f,age_ythadult_yge25,edu_aggregate_bas,2021,127.816
chl,sex_f,age_ythadult_yge25,edu_aggregate_bas,2022,104.951
chl,sex_f,age_ythadult_yge25,edu_aggregate_bas,2023,114.246
chl,sex_f,age_ythadult_yge25,edu_aggregate_bas,2024,120.893
chl,sex_f,age_ythadult_yge25,edu_aggregate_bas,2025,119.495
chl,sex_f,age_ythadult_yge25,edu_aggregate_int,2010,199.314
chl,sex_f,age_ythadult_yge25,edu_aggregate_int,2011,183.21
chl,sex_f,age_ythadult_yge25,edu_aggregate_int,2012,184.518
chl,sex_f,age_ythadult_yge25,edu_aggregate_int,2013,175.132
chl,sex_f,age_ythadult_yge25,edu_aggregate_int,2014,172.574
chl,sex_f,age_ythadult_yge25,edu_aggregate_int,2015,185.348
chl,sex_f,age_ythadult_yge25,edu_aggregate_int,2016,178.347
chl,sex_f,age_ythadult_yge25,edu_aggregate_int,2017,172.318
chl,sex_f,age_ythadult_yge25,edu_aggregate_int,2018,159.772
chl,sex_f,age_ythadult_yge25,edu_aggregate_int,2019,173.89
chl,sex_f,age_ythadult_yge25,edu_aggregate_int,2020,349.443
chl,sex_f,age_ythadult_yge25,edu_aggregate_int,2021,234.063
chl,sex_f,age_ythadult_yge25,edu_aggregate_int,2022,193.495
chl,sex_f,age_ythadult_yge25,edu_aggregate_int,2023,199.561
chl,sex_f,age_ythadult_yge25,edu_aggregate_int,2024,222.203
chl,sex_f,age_ythadult_yge25,edu_aggregate_int,2025,236.842
chl,sex_f,age_ythadult_yge25,edu_aggregate_ltb,2010,64.623
chl,sex_f,age_ythadult_yge25,edu_aggregate_ltb,2011,60.332
chl,sex_f,age_ythadult_yge25,edu_aggregate_ltb,2012,51.278
chl,sex_f,age_ythadult_yge25,edu_aggregate_ltb,2013,47.441
chl,sex_f,age_ythadult_yge25,edu_aggregate_ltb,2014,41.941
chl,sex_f,age_ythadult_yge25,edu_aggregate_ltb,2015,35.145
chl,sex_f,age_ythadult_yge25,edu_aggregate_ltb,2016,36.248
chl,sex_f,age_ythadult_yge25,edu_aggregate_ltb,2017,33.467
chl,sex_f,age_ythadult_yge25,edu_aggregate_ltb,2018,32.136
chl,sex_f,age_ythadult_yge25,edu_aggregate_ltb,2019,30.605
chl,sex_f,age_ythadult_yge25,edu_aggregate_ltb,2020,59.106
chl,sex_f,age_ythadult_yge25,edu_aggregate_ltb,2021,33.147
chl,sex_f,age_ythadult_yge25,edu_aggregate_ltb,2022,24.678
chl,sex_f,age_ythadult_yge25,edu_aggregate_ltb,2023,29.328
chl,sex_f,age_ythadult_yge25,edu_aggregate_ltb,2024,34.329
chl,sex_f,age_ythadult_yge25,edu_aggregate_ltb,2025,29.325
chl,sex_f,age_ythadult_yge25,edu_aggregate_total,2010,485.519
chl,sex_f,age_ythadult_yge25,edu_aggregate_total,2011,441.006
chl,sex_f,age_ythadult_yge25,edu_aggregate_total,2012,421.515
chl,sex_f,age_ythadult_yge25,edu_aggregate_total,2013,401.654
chl,sex_f,age_ythadult_yge25,edu_aggregate_total,2014,383.447
chl,sex_f,age_ythadult_yge25,edu_aggregate_total,2015,390.119
chl,sex_f,age_ythadult_yge25,edu_aggregate_total,2016,383.548
chl,sex_f,age_ythadult_yge25,edu_aggregate_total,2017,362.252
chl,sex_f,age_ythadult_yge25,edu_aggregate_total,2018,338.506
chl,sex_f,age_ythadult_yge25,edu_aggregate_total,2019,356.199
chl,sex_f,age_ythadult_yge25,edu_aggregate_total,2020,714.525
chl,sex_f,age_ythadult_yge25,edu_aggregate_total,2021,461.736
chl,sex_f,age_ythadult_yge25,edu_aggregate_total,2022,372.072
chl,sex_f,age_ythadult_yge25,edu_aggregate_total,2023,402.393
chl,sex_f,age_ythadult_yge25,edu_aggregate_total,2024,438.134
chl,sex_f,age_ythadult_yge25,edu_aggregate_total,2025,452.884
chl,sex_f,age_ythadult_yge25,edu_aggregate_x,2010,0.347
chl,sex_f,age_ythadult_yge25,edu_aggregate_x,2012,0.348
chl,sex_f,age_ythadult_yge25,edu_aggregate_x,2013,0.358
chl,sex_f,age_ythadult_yge25,edu_aggregate_x,2014,0.431
chl,sex_f,age_ythadult_yge25,edu_aggregate_x,2020,5.682
chl,sex_f,age_ythadult_yge25,edu_aggregate_x,2021,2.151
chl,sex_f,age_ythadult_yge25,edu_aggregate_x,2022,1.436
chl,sex_f,age_ythadult_yge25,edu_aggregate_x,2023,1.22
chl,sex_f,age_ythadult_yge25,edu_aggregate_x,2024,0.559
chl,sex_f,age_ythadult_yge25,edu_aggregate_x,2025,0.692
chl,sex_m,age_aggregate_total,edu_aggregate_adv,2010,13.974
chl,sex_m,age_aggregate_total,edu_aggregate_adv,2011,16.343
chl,sex_m,age_aggregate_total,edu_aggregate_adv,2012,15.804
chl,sex_m,age_aggregate_total,edu_aggregate_adv,2013,15.077
chl,sex_m,age_aggregate_total,edu_aggregate_adv,2014,18.17
chl,sex_m,age_aggregate_total,edu_aggregate_adv,2015,19.723
chl,sex_m,age_aggregate_total,edu_aggregate_adv,2016,21.077
chl,sex_m,age_aggregate_total,edu_aggregate_adv,2017,25.534
chl,sex_m,age_aggregate_total,edu_aggregate_adv,2018,27.156
chl,sex_m,age_aggregate_total,edu_aggregate_adv,2019,28.367
chl,sex_m,age_aggregate_total,edu_aggregate_adv,2020,72.872
chl,sex_m,age_aggregate_total,edu_aggregate_adv,2021,45.913
chl,sex_m,age_aggregate_total,edu_aggregate_adv,2022,36.074
chl,sex_m,age_aggregate_total,edu_aggregate_adv,2023,38.124
chl,sex_m,age_aggregate_total,edu_aggregate_adv,2024,41.638
chl,sex_m,age_aggregate_total,edu_aggregate_adv,2025,46.078
chl,sex_m,age_aggregate_total,edu_aggregate_bas,2010,132.64
chl,sex_m,age_aggregate_total,edu_aggregate_bas,2011,122.779
chl,sex_m,age_aggregate_total,edu_aggregate_bas,2012,116.916
chl,sex_m,age_aggregate_total,edu_aggregate_bas,2013,113.982
chl,sex_m,age_aggregate_total,edu_aggregate_bas,2014,108.797
chl,sex_m,age_aggregate_total,edu_aggregate_bas,2015,102.314
chl,sex_m,age_aggregate_total,edu_aggregate_bas,2016,103.026
chl,sex_m,age_aggregate_total,edu_aggregate_bas,2017,102.226
chl,sex_m,age_aggregate_total,edu_aggregate_bas,2018,95.983
chl,sex_m,age_aggregate_total,edu_aggregate_bas,2019,98.953
chl,sex_m,age_aggregate_total,edu_aggregate_bas,2020,219.718
chl,sex_m,age_aggregate_total,edu_aggregate_bas,2021,145.303
chl,sex_m,age_aggregate_total,edu_aggregate_bas,2022,120.323
chl,sex_m,age_aggregate_total,edu_aggregate_bas,2023,126.462
chl,sex_m,age_aggregate_total,edu_aggregate_bas,2024,126.012
chl,sex_m,age_aggregate_total,edu_aggregate_bas,2025,116.059
chl,sex_m,age_aggregate_total,edu_aggregate_int,2010,128.363
chl,sex_m,age_aggregate_total,edu_aggregate_int,2011,133.334
chl,sex_m,age_aggregate_total,edu_aggregate_int,2012,130.225
chl,sex_m,age_aggregate_total,edu_aggregate_int,2013,122.845
chl,sex_m,age_aggregate_total,edu_aggregate_int,2014,129.781
chl,sex_m,age_aggregate_total,edu_aggregate_int,2015,135.437
chl,sex_m,age_aggregate_total,edu_aggregate_int,2016,128.163
chl,sex_m,age_aggregate_total,edu_aggregate_int,2017,132.072
chl,sex_m,age_aggregate_total,edu_aggregate_int,2018,135.099
chl,sex_m,age_aggregate_total,edu_aggregate_int,2019,140.532
chl,sex_m,age_aggregate_total,edu_aggregate_int,2020,356.359
chl,sex_m,age_aggregate_total,edu_aggregate_int,2021,235.659
chl,sex_m,age_aggregate_total,edu_aggregate_int,2022,185.325
chl,sex_m,age_aggregate_total,edu_aggregate_int,2023,195.853
chl,sex_m,age_aggregate_total,edu_aggregate_int,2024,197.627
chl,sex_m,age_aggregate_total,edu_aggregate_int,2025,201.666
chl,sex_m,age_aggregate_total,edu_aggregate_ltb,2010,36.09
chl,sex_m,age_aggregate_total,edu_aggregate_ltb,2011,35.113
chl,sex_m,age_aggregate_total,edu_aggregate_ltb,2012,29.121
chl,sex_m,age_aggregate_total,edu_aggregate_ltb,2013,27.417
chl,sex_m,age_aggregate_total,edu_aggregate_ltb,2014,26.564
chl,sex_m,age_aggregate_total,edu_aggregate_ltb,2015,25.741
chl,sex_m,age_aggregate_total,edu_aggregate_ltb,2016,26.254
chl,sex_m,age_aggregate_total,edu_aggregate_ltb,2017,21.837
chl,sex_m,age_aggregate_total,edu_aggregate_ltb,2018,20.113
chl,sex_m,age_aggregate_total,edu_aggregate_ltb,2019,20.169
chl,sex_m,age_aggregate_total,edu_aggregate_ltb,2020,46.759
chl,sex_m,age_aggregate_total,edu_aggregate_ltb,2021,31.82
chl,sex_m,age_aggregate_total,edu_aggregate_ltb,2022,27.281
chl,sex_m,age_aggregate_total,edu_aggregate_ltb,2023,31.055
chl,sex_m,age_aggregate_total,edu_aggregate_ltb,2024,28.388
chl,sex_m,age_aggregate_total,edu_aggregate_ltb,2025,24.662
chl,sex_m,age_aggregate_total,edu_aggregate_total,2010,311.426
chl,sex_m,age_aggregate_total,edu_aggregate_total,2011,307.734
chl,sex_m,age_aggregate_total,edu_aggregate_total,2012,292.171
chl,sex_m,age_aggregate_total,edu_aggregate_total,2013,279.434
chl,sex_m,age_aggregate_total,edu_aggregate_total,2014,283.525
chl,sex_m,age_aggregate_total,edu_aggregate_total,2015,283.45
chl,sex_m,age_aggregate_total,edu_aggregate_total,2016,278.694
chl,sex_m,age_aggregate_total,edu_aggregate_total,2017,282.106
chl,sex_m,age_aggregate_total,edu_aggregate_total,2018,278.932
chl,sex_m,age_aggregate_total,edu_aggregate_total,2019,288.308
chl,sex_m,age_aggregate_total,edu_aggregate_total,2020,704.405
chl,sex_m,age_aggregate_total,edu_aggregate_total,2021,461.029
chl,sex_m,age_aggregate_total,edu_aggregate_total,2022,370.327
chl,sex_m,age_aggregate_total,edu_aggregate_total,2023,393.064
chl,sex_m,age_aggregate_total,edu_aggregate_total,2024,395.171
chl,sex_m,age_aggregate_total,edu_aggregate_total,2025,390.612
chl,sex_m,age_aggregate_total,edu_aggregate_x,2010,0.36
chl,sex_m,age_aggregate_total,edu_aggregate_x,2011,0.166
chl,sex_m,age_aggregate_total,edu_aggregate_x,2013,0.113
chl,sex_m,age_aggregate_total,edu_aggregate_x,2014,0.212
chl,sex_m,age_aggregate_total,edu_aggregate_x,2017,0.438
chl,sex_m,age_aggregate_total,edu_aggregate_x,2019,0.288
chl,sex_m,age_aggregate_total,edu_aggregate_x,2020,8.698
chl,sex_m,age_aggregate_total,edu_aggregate_x,2021,2.335
chl,sex_m,age_aggregate_total,edu_aggregate_x,2022,1.324
chl,sex_m,age_aggregate_total,edu_aggregate_x,2023,1.57
chl,sex_m,age_aggregate_total,edu_aggregate_x,2024,1.506
chl,sex_m,age_aggregate_total,edu_aggregate_x,2025,2.147
chl,sex_m,age_aggregate_y15_24,edu_aggregate_adv,2010,2.072
chl,sex_m,age_aggregate_y15_24,edu_aggregate_adv,2011,1.236
chl,sex_m,age_aggregate_y15_24,edu_aggregate_adv,2012,1.246
chl,sex_m,age_aggregate_y15_24,edu_aggregate_adv,2013,1.138
chl,sex_m,age_aggregate_y15_24,edu_aggregate_adv,2014,1.679
chl,sex_m,age_aggregate_y15_24,edu_aggregate_adv,2015,1.492
chl,sex_m,age_aggregate_y15_24,edu_aggregate_adv,2016,1.255
chl,sex_m,age_aggregate_y15_24,edu_aggregate_adv,2017,2.072
chl,sex_m,age_aggregate_y15_24,edu_aggregate_adv,2018,2.067
chl,sex_m,age_aggregate_y15_24,edu_aggregate_adv,2019,2.658
chl,sex_m,age_aggregate_y15_24,edu_aggregate_adv,2020,6.054
chl,sex_m,age_aggregate_y15_24,edu_aggregate_adv,2021,3.382
chl,sex_m,age_aggregate_y15_24,edu_aggregate_adv,2022,2.315
chl,sex_m,age_aggregate_y15_24,edu_aggregate_adv,2023,2.231
chl,sex_m,age_aggregate_y15_24,edu_aggregate_adv,2024,2.754
chl,sex_m,age_aggregate_y15_24,edu_aggregate_adv,2025,2.863
chl,sex_m,age_aggregate_y15_24,edu_aggregate_bas,2010,72.805
chl,sex_m,age_aggregate_y15_24,edu_aggregate_bas,2011,68.689
chl,sex_m,age_aggregate_y15_24,edu_aggregate_bas,2012,62.375
chl,sex_m,age_aggregate_y15_24,edu_aggregate_bas,2013,61.072
chl,sex_m,age_aggregate_y15_24,edu_aggregate_bas,2014,54.29
chl,sex_m,age_aggregate_y15_24,edu_aggregate_bas,2015,47.963
chl,sex_m,age_aggregate_y15_24,edu_aggregate_bas,2016,45.821
chl,sex_m,age_aggregate_y15_24,edu_aggregate_bas,2017,44.053
chl,sex_m,age_aggregate_y15_24,edu_aggregate_bas,2018,38.022
chl,sex_m,age_aggregate_y15_24,edu_aggregate_bas,2019,40.814
chl,sex_m,age_aggregate_y15_24,edu_aggregate_bas,2020,60.683
chl,sex_m,age_aggregate_y15_24,edu_aggregate_bas,2021,31.239
chl,sex_m,age_aggregate_y15_24,edu_aggregate_bas,2022,26.646
chl,sex_m,age_aggregate_y15_24,edu_aggregate_bas,2023,27.231
chl,sex_m,age_aggregate_y15_24,edu_aggregate_bas,2024,33.743
chl,sex_m,age_aggregate_y15_24,edu_aggregate_bas,2025,32.874
chl,sex_m,age_aggregate_y15_24,edu_aggregate_int,2010,66.56
chl,sex_m,age_aggregate_y15_24,edu_aggregate_int,2011,71.747
chl,sex_m,age_aggregate_y15_24,edu_aggregate_int,2012,66.653
chl,sex_m,age_aggregate_y15_24,edu_aggregate_int,2013,61.85
chl,sex_m,age_aggregate_y15_24,edu_aggregate_int,2014,61.734
chl,sex_m,age_aggregate_y15_24,edu_aggregate_int,2015,59.298
chl,sex_m,age_aggregate_y15_24,edu_aggregate_int,2016,55.01
chl,sex_m,age_aggregate_y15_24,edu_aggregate_int,2017,58.423
chl,sex_m,age_aggregate_y15_24,edu_aggregate_int,2018,58.78
chl,sex_m,age_aggregate_y15_24,edu_aggregate_int,2019,60.309
chl,sex_m,age_aggregate_y15_24,edu_aggregate_int,2020,119.135
chl,sex_m,age_aggregate_y15_24,edu_aggregate_int,2021,79.321
chl,sex_m,age_aggregate_y15_24,edu_aggregate_int,2022,58.621
chl,sex_m,age_aggregate_y15_24,edu_aggregate_int,2023,62.989
chl,sex_m,age_aggregate_y15_24,edu_aggregate_int,2024,65.823
chl,sex_m,age_aggregate_y15_24,edu_aggregate_int,2025,69.531
chl,sex_m,age_aggregate_y15_24,edu_aggregate_ltb,2010,2.941
chl,sex_m,age_aggregate_y15_24,edu_aggregate_ltb,2011,2.423
chl,sex_m,age_aggregate_y15_24,edu_aggregate_ltb,2012,1.71
chl,sex_m,age_aggregate_y15_24,edu_aggregate_ltb,2013,2.033
chl,sex_m,age_aggregate_y15_24,edu_aggregate_ltb,2014,1.178
chl,sex_m,age_aggregate_y15_24,edu_aggregate_ltb,2015,1.668
chl,sex_m,age_aggregate_y15_24,edu_aggregate_ltb,2016,1.653
chl,sex_m,age_aggregate_y15_24,edu_aggregate_ltb,2017,0.773
chl,sex_m,age_aggregate_y15_24,edu_aggregate_ltb,2018,1.082
chl,sex_m,age_aggregate_y15_24,edu_aggregate_ltb,2019,0.67
chl,sex_m,age_aggregate_y15_24,edu_aggregate_ltb,2020,1.981
chl,sex_m,age_aggregate_y15_24,edu_aggregate_ltb,2021,0.493
chl,sex_m,age_aggregate_y15_24,edu_aggregate_ltb,2022,0.528
chl,sex_m,age_aggregate_y15_24,edu_aggregate_ltb,2023,0.297
chl,sex_m,age_aggregate_y15_24,edu_aggregate_ltb,2024,0.534
chl,sex_m,age_aggregate_y15_24,edu_aggregate_ltb,2025,0.21
chl,sex_m,age_aggregate_y15_24,edu_aggregate_total,2010,144.379
chl,sex_m,age_aggregate_y15_24,edu_aggregate_total,2011,144.095
chl,sex_m,age_aggregate_y15_24,edu_aggregate_total,2012,131.983
chl,sex_m,age_aggregate_y15_24,edu_aggregate_total,2013,126.093
chl,sex_m,age_aggregate_y15_24,edu_aggregate_total,2014,118.882
chl,sex_m,age_aggregate_y15_24,edu_aggregate_total,2015,110.421
chl,sex_m,age_aggregate_y15_24,edu_aggregate_total,2016,103.87
chl,sex_m,age_aggregate_y15_24,edu_aggregate_total,2017,105.321
chl,sex_m,age_aggregate_y15_24,edu_aggregate_total,2018,99.952
chl,sex_m,age_aggregate_y15_24,edu_aggregate_total,2019,104.504
chl,sex_m,age_aggregate_y15_24,edu_aggregate_total,2020,188.848
chl,sex_m,age_aggregate_y15_24,edu_aggregate_total,2021,114.825
chl,sex_m,age_aggregate_y15_24,edu_aggregate_total,2022,88.379
chl,sex_m,age_aggregate_y15_24,edu_aggregate_total,2023,93.042
chl,sex_m,age_aggregate_y15_24,edu_aggregate_total,2024,103.134
chl,sex_m,age_aggregate_y15_24,edu_aggregate_total,2025,106.36
chl,sex_m,age_aggregate_y15_24,edu_aggregate_x,2020,0.994
chl,sex_m,age_aggregate_y15_24,edu_aggregate_x,2021,0.39
chl,sex_m,age_aggregate_y15_24,edu_aggregate_x,2022,0.269
chl,sex_m,age_aggregate_y15_24,edu_aggregate_x,2024,0.28
chl,sex_m,age_aggregate_y15_24,edu_aggregate_x,2025,0.883
chl,sex_m,age_aggregate_y25_54,edu_aggregate_adv,2010,6.097
chl,sex_m,age_aggregate_y25_54,edu_aggregate_adv,2011,7.418
chl,sex_m,age_aggregate_y25_54,edu_aggregate_adv,2012,5.88
chl,sex_m,age_aggregate_y25_54,edu_aggregate_adv,2013,5.991
chl,sex_m,age_aggregate_y25_54,edu_aggregate_adv,2014,8.188
chl,sex_m,age_aggregate_y25_54,edu_aggregate_adv,2015,9.283
chl,sex_m,age_aggregate_y25_54,edu_aggregate_adv,2016,10.746
chl,sex_m,age_aggregate_y25_54,edu_aggregate_adv,2017,10.881
chl,sex_m,age_aggregate_y25_54,edu_aggregate_adv,2018,11.485
chl,sex_m,age_aggregate_y25_54,edu_aggregate_adv,2019,12.886
chl,sex_m,age_aggregate_y25_54,edu_aggregate_adv,2020,43.49
chl,sex_m,age_aggregate_y25_54,edu_aggregate_adv,2021,26.911
chl,sex_m,age_aggregate_y25_54,edu_aggregate_adv,2022,19.533
chl,sex_m,age_aggregate_y25_54,edu_aggregate_adv,2023,20.836
chl,sex_m,age_aggregate_y25_54,edu_aggregate_adv,2024,21.178
chl,sex_m,age_aggregate_y25_54,edu_aggregate_adv,2025,25.693
chl,sex_m,age_aggregate_y25_54,edu_aggregate_bas,2010,31.277
chl,sex_m,age_aggregate_y25_54,edu_aggregate_bas,2011,26.362
chl,sex_m,age_aggregate_y25_54,edu_aggregate_bas,2012,29.209
chl,sex_m,age_aggregate_y25_54,edu_aggregate_bas,2013,27.75
chl,sex_m,age_aggregate_y25_54,edu_aggregate_bas,2014,30.547
chl,sex_m,age_aggregate_y25_54,edu_aggregate_bas,2015,28.628
chl,sex_m,age_aggregate_y25_54,edu_aggregate_bas,2016,30.87
chl,sex_m,age_aggregate_y25_54,edu_aggregate_bas,2017,29.419
chl,sex_m,age_aggregate_y25_54,edu_aggregate_bas,2018,30.552
chl,sex_m,age_aggregate_y25_54,edu_aggregate_bas,2019,28.381
chl,sex_m,age_aggregate_y25_54,edu_aggregate_bas,2020,84.944
chl,sex_m,age_aggregate_y25_54,edu_aggregate_bas,2021,57.116
chl,sex_m,age_aggregate_y25_54,edu_aggregate_bas,2022,44.689
chl,sex_m,age_aggregate_y25_54,edu_aggregate_bas,2023,45.145
chl,sex_m,age_aggregate_y25_54,edu_aggregate_bas,2024,34.028
chl,sex_m,age_aggregate_y25_54,edu_aggregate_bas,2025,28.248
chl,sex_m,age_aggregate_y25_54,edu_aggregate_int,2010,35.091
chl,sex_m,age_aggregate_y25_54,edu_aggregate_int,2011,37.235
chl,sex_m,age_aggregate_y25_54,edu_aggregate_int,2012,40.734
chl,sex_m,age_aggregate_y25_54,edu_aggregate_int,2013,38.453
chl,sex_m,age_aggregate_y25_54,edu_aggregate_int,2014,44.747
chl,sex_m,age_aggregate_y25_54,edu_aggregate_int,2015,47.116
chl,sex_m,age_aggregate_y25_54,edu_aggregate_int,2016,43.367
chl,sex_m,age_aggregate_y25_54,edu_aggregate_int,2017,46.629
chl,sex_m,age_aggregate_y25_54,edu_aggregate_int,2018,50.881
chl,sex_m,age_aggregate_y25_54,edu_aggregate_int,2019,52.831
chl,sex_m,age_aggregate_y25_54,edu_aggregate_int,2020,171.167
chl,sex_m,age_aggregate_y25_54,edu_aggregate_int,2021,104.582
chl,sex_m,age_aggregate_y25_54,edu_aggregate_int,2022,84.634
chl,sex_m,age_aggregate_y25_54,edu_aggregate_int,2023,87.336
chl,sex_m,age_aggregate_y25_54,edu_aggregate_int,2024,83.05
chl,sex_m,age_aggregate_y25_54,edu_aggregate_int,2025,82.407
chl,sex_m,age_aggregate_y25_54,edu_aggregate_ltb,2010,10.762
chl,sex_m,age_aggregate_y25_54,edu_aggregate_ltb,2011,9.739
chl,sex_m,age_aggregate_y25_54,edu_aggregate_ltb,2012,9.518
chl,sex_m,age_aggregate_y25_54,edu_aggregate_ltb,2013,7.104
chl,sex_m,age_aggregate_y25_54,edu_aggregate_ltb,2014,7.619
chl,sex_m,age_aggregate_y25_54,edu_aggregate_ltb,2015,6.591
chl,sex_m,age_aggregate_y25_54,edu_aggregate_ltb,2016,6.861
chl,sex_m,age_aggregate_y25_54,edu_aggregate_ltb,2017,5.897
chl,sex_m,age_aggregate_y25_54,edu_aggregate_ltb,2018,5.883
chl,sex_m,age_aggregate_y25_54,edu_aggregate_ltb,2019,4.721
chl,sex_m,age_aggregate_y25_54,edu_aggregate_ltb,2020,13.489
chl,sex_m,age_aggregate_y25_54,edu_aggregate_ltb,2021,8.619
chl,sex_m,age_aggregate_y25_54,edu_aggregate_ltb,2022,6.568
chl,sex_m,age_aggregate_y25_54,edu_aggregate_ltb,2023,7.332
chl,sex_m,age_aggregate_y25_54,edu_aggregate_ltb,2024,5.376
chl,sex_m,age_aggregate_y25_54,edu_aggregate_ltb,2025,4.325
chl,sex_m,age_aggregate_y25_54,edu_aggregate_total,2010,83.236
chl,sex_m,age_aggregate_y25_54,edu_aggregate_total,2011,80.842
chl,sex_m,age_aggregate_y25_54,edu_aggregate_total,2012,85.341
chl,sex_m,age_aggregate_y25_54,edu_aggregate_total,2013,79.32
chl,sex_m,age_aggregate_y25_54,edu_aggregate_total,2014,91.271
chl,sex_m,age_aggregate_y25_54,edu_aggregate_total,2015,91.83
chl,sex_m,age_aggregate_y25_54,edu_aggregate_total,2016,91.852
chl,sex_m,age_aggregate_y25_54,edu_aggregate_total,2017,93.248
chl,sex_m,age_aggregate_y25_54,edu_aggregate_total,2018,99.37
chl,sex_m,age_aggregate_y25_54,edu_aggregate_total,2019,99.052
chl,sex_m,age_aggregate_y25_54,edu_aggregate_total,2020,318.252
chl,sex_m,age_aggregate_y25_54,edu_aggregate_total,2021,198.877
chl,sex_m,age_aggregate_y25_54,edu_aggregate_total,2022,155.943
chl,sex_m,age_aggregate_y25_54,edu_aggregate_total,2023,161.653
chl,sex_m,age_aggregate_y25_54,edu_aggregate_total,2024,144.809
chl,sex_m,age_aggregate_y25_54,edu_aggregate_total,2025,141.724
chl,sex_m,age_aggregate_y25_54,edu_aggregate_x,2017,0.421
chl,sex_m,age_aggregate_y25_54,edu_aggregate_x,2020,5.162
chl,sex_m,age_aggregate_y25_54,edu_aggregate_x,2021,1.649
chl,sex_m,age_aggregate_y25_54,edu_aggregate_x,2022,0.519
chl,sex_m,age_aggregate_y25_54,edu_aggregate_x,2023,1.005
chl,sex_m,age_aggregate_y25_54,edu_aggregate_x,2024,1.177
chl,sex_m,age_aggregate_y25_54,edu_aggregate_x,2025,1.051
chl,sex_m,age_aggregate_y55_64,edu_aggregate_adv,2010,2.24
chl,sex_m,age_aggregate_y55_64,edu_aggregate_adv,2011,3.087
chl,sex_m,age_aggregate_y55_64,edu_aggregate_adv,2012,2.428
chl,sex_m,age_aggregate_y55_64,edu_aggregate_adv,2013,1.979
chl,sex_m,age_aggregate_y55_64,edu_aggregate_adv,2014,1.972
chl,sex_m,age_aggregate_y55_64,edu_aggregate_adv,2015,3.102
chl,sex_m,age_aggregate_y55_64,edu_aggregate_adv,2016,3.84
chl,sex_m,age_aggregate_y55_64,edu_aggregate_adv,2017,3.805
chl,sex_m,age_aggregate_y55_64,edu_aggregate_adv,2018,3.775
chl,sex_m,age_aggregate_y55_64,edu_aggregate_adv,2019,3.457
chl,sex_m,age_aggregate_y55_64,edu_aggregate_adv,2020,7.113
chl,sex_m,age_aggregate_y55_64,edu_aggregate_adv,2021,5.205
chl,sex_m,age_aggregate_y55_64,edu_aggregate_adv,2022,4.02
chl,sex_m,age_aggregate_y55_64,edu_aggregate_adv,2023,5.468
chl,sex_m,age_aggregate_y55_64,edu_aggregate_adv,2024,4.166
chl,sex_m,age_aggregate_y55_64,edu_aggregate_adv,2025,5.714
chl,sex_m,age_aggregate_y55_64,edu_aggregate_bas,2010,11.352
chl,sex_m,age_aggregate_y55_64,edu_aggregate_bas,2011,10.118
chl,sex_m,age_aggregate_y55_64,edu_aggregate_bas,2012,9.56
chl,sex_m,age_aggregate_y55_64,edu_aggregate_bas,2013,9
chl,sex_m,age_aggregate_y55_64,edu_aggregate_bas,2014,8.764
chl,sex_m,age_aggregate_y55_64,edu_aggregate_bas,2015,9.517
chl,sex_m,age_aggregate_y55_64,edu_aggregate_bas,2016,11.316
chl,sex_m,age_aggregate_y55_64,edu_aggregate_bas,2017,12.77
chl,sex_m,age_aggregate_y55_64,edu_aggregate_bas,2018,11.731
chl,sex_m,age_aggregate_y55_64,edu_aggregate_bas,2019,13.268
chl,sex_m,age_aggregate_y55_64,edu_aggregate_bas,2020,38.006
chl,sex_m,age_aggregate_y55_64,edu_aggregate_bas,2021,32.119
chl,sex_m,age_aggregate_y55_64,edu_aggregate_bas,2022,23.778
chl,sex_m,age_aggregate_y55_64,edu_aggregate_bas,2023,25.604
chl,sex_m,age_aggregate_y55_64,edu_aggregate_bas,2024,23.197
chl,sex_m,age_aggregate_y55_64,edu_aggregate_bas,2025,22.227
chl,sex_m,age_aggregate_y55_64,edu_aggregate_int,2010,15.253
chl,sex_m,age_aggregate_y55_64,edu_aggregate_int,2011,11.514
chl,sex_m,age_aggregate_y55_64,edu_aggregate_int,2012,10.946
chl,sex_m,age_aggregate_y55_64,edu_aggregate_int,2013,8.453
chl,sex_m,age_aggregate_y55_64,edu_aggregate_int,2014,10.86
chl,sex_m,age_aggregate_y55_64,edu_aggregate_int,2015,12.317
chl,sex_m,age_aggregate_y55_64,edu_aggregate_int,2016,13.503
chl,sex_m,age_aggregate_y55_64,edu_aggregate_int,2017,11.413
chl,sex_m,age_aggregate_y55_64,edu_aggregate_int,2018,10.469
chl,sex_m,age_aggregate_y55_64,edu_aggregate_int,2019,10.314
chl,sex_m,age_aggregate_y55_64,edu_aggregate_int,2020,32.976
chl,sex_m,age_aggregate_y55_64,edu_aggregate_int,2021,24.806
chl,sex_m,age_aggregate_y55_64,edu_aggregate_int,2022,17.125
chl,sex_m,age_aggregate_y55_64,edu_aggregate_int,2023,19.9
chl,sex_m,age_aggregate_y55_64,edu_aggregate_int,2024,17.712
chl,sex_m,age_aggregate_y55_64,edu_aggregate_int,2025,19.485
chl,sex_m,age_aggregate_y55_64,edu_aggregate_ltb,2010,8.433
chl,sex_m,age_aggregate_y55_64,edu_aggregate_ltb,2011,6.887
chl,sex_m,age_aggregate_y55_64,edu_aggregate_ltb,2012,4.468
chl,sex_m,age_aggregate_y55_64,edu_aggregate_ltb,2013,5.293
chl,sex_m,age_aggregate_y55_64,edu_aggregate_ltb,2014,5.161
chl,sex_m,age_aggregate_y55_64,edu_aggregate_ltb,2015,5.199
chl,sex_m,age_aggregate_y55_64,edu_aggregate_ltb,2016,5.634
chl,sex_m,age_aggregate_y55_64,edu_aggregate_ltb,2017,4.37
chl,sex_m,age_aggregate_y55_64,edu_aggregate_ltb,2018,4.491
chl,sex_m,age_aggregate_y55_64,edu_aggregate_ltb,2019,4.655
chl,sex_m,age_aggregate_y55_64,edu_aggregate_ltb,2020,11.794
chl,sex_m,age_aggregate_y55_64,edu_aggregate_ltb,2021,8.825
chl,sex_m,age_aggregate_y55_64,edu_aggregate_ltb,2022,7.887
chl,sex_m,age_aggregate_y55_64,edu_aggregate_ltb,2023,9.408
chl,sex_m,age_aggregate_y55_64,edu_aggregate_ltb,2024,7.379
chl,sex_m,age_aggregate_y55_64,edu_aggregate_ltb,2025,6.979
chl,sex_m,age_aggregate_y55_64,edu_aggregate_total,2010,37.413
chl,sex_m,age_aggregate_y55_64,edu_aggregate_total,2011,31.611
chl,sex_m,age_aggregate_y55_64,edu_aggregate_total,2012,27.424
chl,sex_m,age_aggregate_y55_64,edu_aggregate_total,2013,24.757
chl,sex_m,age_aggregate_y55_64,edu_aggregate_total,2014,26.767
chl,sex_m,age_aggregate_y55_64,edu_aggregate_total,2015,30.153
chl,sex_m,age_aggregate_y55_64,edu_aggregate_total,2016,34.293
chl,sex_m,age_aggregate_y55_64,edu_aggregate_total,2017,32.357
chl,sex_m,age_aggregate_y55_64,edu_aggregate_total,2018,30.466
chl,sex_m,age_aggregate_y55_64,edu_aggregate_total,2019,31.695
chl,sex_m,age_aggregate_y55_64,edu_aggregate_total,2020,90.824
chl,sex_m,age_aggregate_y55_64,edu_aggregate_total,2021,71.201
chl,sex_m,age_aggregate_y55_64,edu_aggregate_total,2022,53.172
chl,sex_m,age_aggregate_y55_64,edu_aggregate_total,2023,60.514
chl,sex_m,age_aggregate_y55_64,edu_aggregate_total,2024,52.503
chl,sex_m,age_aggregate_y55_64,edu_aggregate_total,2025,54.531
chl,sex_m,age_aggregate_y55_64,edu_aggregate_x,2020,0.935
chl,sex_m,age_aggregate_y55_64,edu_aggregate_x,2021,0.246
chl,sex_m,age_aggregate_yge65,edu_aggregate_adv,2010,3.564
chl,sex_m,age_aggregate_yge65,edu_aggregate_adv,2011,4.601
chl,sex_m,age_aggregate_yge65,edu_aggregate_adv,2012,6.25
chl,sex_m,age_aggregate_yge65,edu_aggregate_adv,2013,5.968
chl,sex_m,age_aggregate_yge65,edu_aggregate_adv,2014,6.331
chl,sex_m,age_aggregate_yge65,edu_aggregate_adv,2015,5.846
chl,sex_m,age_aggregate_yge65,edu_aggregate_adv,2016,5.236
chl,sex_m,age_aggregate_yge65,edu_aggregate_adv,2017,8.776
chl,sex_m,age_aggregate_yge65,edu_aggregate_adv,2018,9.828
chl,sex_m,age_aggregate_yge65,edu_aggregate_adv,2019,9.365
chl,sex_m,age_aggregate_yge65,edu_aggregate_adv,2020,16.215
chl,sex_m,age_aggregate_yge65,edu_aggregate_adv,2021,10.415
chl,sex_m,age_aggregate_yge65,edu_aggregate_adv,2022,10.206
chl,sex_m,age_aggregate_yge65,edu_aggregate_adv,2023,9.59
chl,sex_m,age_aggregate_yge65,edu_aggregate_adv,2024,13.54
chl,sex_m,age_aggregate_yge65,edu_aggregate_adv,2025,11.809
chl,sex_m,age_aggregate_yge65,edu_aggregate_bas,2010,17.205
chl,sex_m,age_aggregate_yge65,edu_aggregate_bas,2011,17.609
chl,sex_m,age_aggregate_yge65,edu_aggregate_bas,2012,15.772
chl,sex_m,age_aggregate_yge65,edu_aggregate_bas,2013,16.159
chl,sex_m,age_aggregate_yge65,edu_aggregate_bas,2014,15.197
chl,sex_m,age_aggregate_yge65,edu_aggregate_bas,2015,16.205
chl,sex_m,age_aggregate_yge65,edu_aggregate_bas,2016,15.019
chl,sex_m,age_aggregate_yge65,edu_aggregate_bas,2017,15.984
chl,sex_m,age_aggregate_yge65,edu_aggregate_bas,2018,15.678
chl,sex_m,age_aggregate_yge65,edu_aggregate_bas,2019,16.49
chl,sex_m,age_aggregate_yge65,edu_aggregate_bas,2020,36.086
chl,sex_m,age_aggregate_yge65,edu_aggregate_bas,2021,24.829
chl,sex_m,age_aggregate_yge65,edu_aggregate_bas,2022,25.21
chl,sex_m,age_aggregate_yge65,edu_aggregate_bas,2023,28.482
chl,sex_m,age_aggregate_yge65,edu_aggregate_bas,2024,35.044
chl,sex_m,age_aggregate_yge65,edu_aggregate_bas,2025,32.71
chl,sex_m,age_aggregate_yge65,edu_aggregate_int,2010,11.459
chl,sex_m,age_aggregate_yge65,edu_aggregate_int,2011,12.838
chl,sex_m,age_aggregate_yge65,edu_aggregate_int,2012,11.891
chl,sex_m,age_aggregate_yge65,edu_aggregate_int,2013,14.088
chl,sex_m,age_aggregate_yge65,edu_aggregate_int,2014,12.44
chl,sex_m,age_aggregate_yge65,edu_aggregate_int,2015,16.706
chl,sex_m,age_aggregate_yge65,edu_aggregate_int,2016,16.284
chl,sex_m,age_aggregate_yge65,edu_aggregate_int,2017,15.607
chl,sex_m,age_aggregate_yge65,edu_aggregate_int,2018,14.969
chl,sex_m,age_aggregate_yge65,edu_aggregate_int,2019,17.079
chl,sex_m,age_aggregate_yge65,edu_aggregate_int,2020,33.081
chl,sex_m,age_aggregate_yge65,edu_aggregate_int,2021,26.95
chl,sex_m,age_aggregate_yge65,edu_aggregate_int,2022,24.945
chl,sex_m,age_aggregate_yge65,edu_aggregate_int,2023,25.629
chl,sex_m,age_aggregate_yge65,edu_aggregate_int,2024,31.043
chl,sex_m,age_aggregate_yge65,edu_aggregate_int,2025,30.243
chl,sex_m,age_aggregate_yge65,edu_aggregate_ltb,2010,13.954
chl,sex_m,age_aggregate_yge65,edu_aggregate_ltb,2011,16.063
chl,sex_m,age_aggregate_yge65,edu_aggregate_ltb,2012,13.425
chl,sex_m,age_aggregate_yge65,edu_aggregate_ltb,2013,12.987
chl,sex_m,age_aggregate_yge65,edu_aggregate_ltb,2014,12.606
chl,sex_m,age_aggregate_yge65,edu_aggregate_ltb,2015,12.283
chl,sex_m,age_aggregate_yge65,edu_aggregate_ltb,2016,12.107
chl,sex_m,age_aggregate_yge65,edu_aggregate_ltb,2017,10.797
chl,sex_m,age_aggregate_yge65,edu_aggregate_ltb,2018,8.658
chl,sex_m,age_aggregate_yge65,edu_aggregate_ltb,2019,10.123
chl,sex_m,age_aggregate_yge65,edu_aggregate_ltb,2020,19.494
chl,sex_m,age_aggregate_yge65,edu_aggregate_ltb,2021,13.882
chl,sex_m,age_aggregate_yge65,edu_aggregate_ltb,2022,12.298
chl,sex_m,age_aggregate_yge65,edu_aggregate_ltb,2023,14.019
chl,sex_m,age_aggregate_yge65,edu_aggregate_ltb,2024,15.098
chl,sex_m,age_aggregate_yge65,edu_aggregate_ltb,2025,13.147
chl,sex_m,age_aggregate_yge65,edu_aggregate_total,2010,46.398
chl,sex_m,age_aggregate_yge65,edu_aggregate_total,2011,51.185
chl,sex_m,age_aggregate_yge65,edu_aggregate_total,2012,47.423
chl,sex_m,age_aggregate_yge65,edu_aggregate_total,2013,49.263
chl,sex_m,age_aggregate_yge65,edu_aggregate_total,2014,46.606
chl,sex_m,age_aggregate_yge65,edu_aggregate_total,2015,51.045
chl,sex_m,age_aggregate_yge65,edu_aggregate_total,2016,48.679
chl,sex_m,age_aggregate_yge65,edu_aggregate_total,2017,51.181
chl,sex_m,age_aggregate_yge65,edu_aggregate_total,2018,49.144
chl,sex_m,age_aggregate_yge65,edu_aggregate_total,2019,53.057
chl,sex_m,age_aggregate_yge65,edu_aggregate_total,2020,106.482
chl,sex_m,age_aggregate_yge65,edu_aggregate_total,2021,76.126
chl,sex_m,age_aggregate_yge65,edu_aggregate_total,2022,72.832
chl,sex_m,age_aggregate_yge65,edu_aggregate_total,2023,77.855
chl,sex_m,age_aggregate_yge65,edu_aggregate_total,2024,94.725
chl,sex_m,age_aggregate_yge65,edu_aggregate_total,2025,87.997
chl,sex_m,age_aggregate_yge65,edu_aggregate_x,2010,0.216
chl,sex_m,age_aggregate_yge65,edu_aggregate_x,2020,1.606
chl,sex_m,age_ythadult_y15_24,edu_aggregate_adv,2010,2.072
chl,sex_m,age_ythadult_y15_24,edu_aggregate_adv,2011,1.236
chl,sex_m,age_ythadult_y15_24,edu_aggregate_adv,2012,1.246
chl,sex_m,age_ythadult_y15_24,edu_aggregate_adv,2013,1.138
chl,sex_m,age_ythadult_y15_24,edu_aggregate_adv,2014,1.679
chl,sex_m,age_ythadult_y15_24,edu_aggregate_adv,2015,1.492
chl,sex_m,age_ythadult_y15_24,edu_aggregate_adv,2016,1.255
chl,sex_m,age_ythadult_y15_24,edu_aggregate_adv,2017,2.072
chl,sex_m,age_ythadult_y15_24,edu_aggregate_adv,2018,2.067
chl,sex_m,age_ythadult_y15_24,edu_aggregate_adv,2019,2.658
chl,sex_m,age_ythadult_y15_24,edu_aggregate_adv,2020,6.054
chl,sex_m,age_ythadult_y15_24,edu_aggregate_adv,2021,3.382
chl,sex_m,age_ythadult_y15_24,edu_aggregate_adv,2022,2.315
chl,sex_m,age_ythadult_y15_24,edu_aggregate_adv,2023,2.231
chl,sex_m,age_ythadult_y15_24,edu_aggregate_adv,2024,2.754
chl,sex_m,age_ythadult_y15_24,edu_aggregate_adv,2025,2.863
chl,sex_m,age_ythadult_y15_24,edu_aggregate_bas,2010,72.805
chl,sex_m,age_ythadult_y15_24,edu_aggregate_bas,2011,68.689
chl,sex_m,age_ythadult_y15_24,edu_aggregate_bas,2012,62.375
chl,sex_m,age_ythadult_y15_24,edu_aggregate_bas,2013,61.072
chl,sex_m,age_ythadult_y15_24,edu_aggregate_bas,2014,54.29
chl,sex_m,age_ythadult_y15_24,edu_aggregate_bas,2015,47.963
chl,sex_m,age_ythadult_y15_24,edu_aggregate_bas,2016,45.821
chl,sex_m,age_ythadult_y15_24,edu_aggregate_bas,2017,44.053
chl,sex_m,age_ythadult_y15_24,edu_aggregate_bas,2018,38.022
chl,sex_m,age_ythadult_y15_24,edu_aggregate_bas,2019,40.814
chl,sex_m,age_ythadult_y15_24,edu_aggregate_bas,2020,60.683
chl,sex_m,age_ythadult_y15_24,edu_aggregate_bas,2021,31.239
chl,sex_m,age_ythadult_y15_24,edu_aggregate_bas,2022,26.646
chl,sex_m,age_ythadult_y15_24,edu_aggregate_bas,2023,27.231
chl,sex_m,age_ythadult_y15_24,edu_aggregate_bas,2024,33.743
chl,sex_m,age_ythadult_y15_24,edu_aggregate_bas,2025,32.874
chl,sex_m,age_ythadult_y15_24,edu_aggregate_int,2010,66.56
chl,sex_m,age_ythadult_y15_24,edu_aggregate_int,2011,71.747
chl,sex_m,age_ythadult_y15_24,edu_aggregate_int,2012,66.653
chl,sex_m,age_ythadult_y15_24,edu_aggregate_int,2013,61.85
chl,sex_m,age_ythadult_y15_24,edu_aggregate_int,2014,61.734
chl,sex_m,age_ythadult_y15_24,edu_aggregate_int,2015,59.298
chl,sex_m,age_ythadult_y15_24,edu_aggregate_int,2016,55.01
chl,sex_m,age_ythadult_y15_24,edu_aggregate_int,2017,58.423
chl,sex_m,age_ythadult_y15_24,edu_aggregate_int,2018,58.78
chl,sex_m,age_ythadult_y15_24,edu_aggregate_int,2019,60.309
chl,sex_m,age_ythadult_y15_24,edu_aggregate_int,2020,119.135
chl,sex_m,age_ythadult_y15_24,edu_aggregate_int,2021,79.321
chl,sex_m,age_ythadult_y15_24,edu_aggregate_int,2022,58.621
chl,sex_m,age_ythadult_y15_24,edu_aggregate_int,2023,62.989
chl,sex_m,age_ythadult_y15_24,edu_aggregate_int,2024,65.823
chl,sex_m,age_ythadult_y15_24,edu_aggregate_int,2025,69.531
chl,sex_m,age_ythadult_y15_24,edu_aggregate_ltb,2010,2.941
chl,sex_m,age_ythadult_y15_24,edu_aggregate_ltb,2011,2.423
chl,sex_m,age_ythadult_y15_24,edu_aggregate_ltb,2012,1.71
chl,sex_m,age_ythadult_y15_24,edu_aggregate_ltb,2013,2.033
chl,sex_m,age_ythadult_y15_24,edu_aggregate_ltb,2014,1.178
chl,sex_m,age_ythadult_y15_24,edu_aggregate_ltb,2015,1.668
chl,sex_m,age_ythadult_y15_24,edu_aggregate_ltb,2016,1.653
chl,sex_m,age_ythadult_y15_24,edu_aggregate_ltb,2017,0.773
chl,sex_m,age_ythadult_y15_24,edu_aggregate_ltb,2018,1.082
chl,sex_m,age_ythadult_y15_24,edu_aggregate_ltb,2019,0.67
chl,sex_m,age_ythadult_y15_24,edu_aggregate_ltb,2020,1.981
chl,sex_m,age_ythadult_y15_24,edu_aggregate_ltb,2021,0.493
chl,sex_m,age_ythadult_y15_24,edu_aggregate_ltb,2022,0.528
chl,sex_m,age_ythadult_y15_24,edu_aggregate_ltb,2023,0.297
chl,sex_m,age_ythadult_y15_24,edu_aggregate_ltb,2024,0.534
chl,sex_m,age_ythadult_y15_24,edu_aggregate_ltb,2025,0.21
chl,sex_m,age_ythadult_y15_24,edu_aggregate_total,2010,144.379
chl,sex_m,age_ythadult_y15_24,edu_aggregate_total,2011,144.095
chl,sex_m,age_ythadult_y15_24,edu_aggregate_total,2012,131.983
chl,sex_m,age_ythadult_y15_24,edu_aggregate_total,2013,126.093
chl,sex_m,age_ythadult_y15_24,edu_aggregate_total,2014,118.882
chl,sex_m,age_ythadult_y15_24,edu_aggregate_total,2015,110.421
chl,sex_m,age_ythadult_y15_24,edu_aggregate_total,2016,103.87
chl,sex_m,age_ythadult_y15_24,edu_aggregate_total,2017,105.321
chl,sex_m,age_ythadult_y15_24,edu_aggregate_total,2018,99.952
chl,sex_m,age_ythadult_y15_24,edu_aggregate_total,2019,104.504
chl,sex_m,age_ythadult_y15_24,edu_aggregate_total,2020,188.848
chl,sex_m,age_ythadult_y15_24,edu_aggregate_total,2021,114.825
chl,sex_m,age_ythadult_y15_24,edu_aggregate_total,2022,88.379
chl,sex_m,age_ythadult_y15_24,edu_aggregate_total,2023,93.042
chl,sex_m,age_ythadult_y15_24,edu_aggregate_total,2024,103.134
chl,sex_m,age_ythadult_y15_24,edu_aggregate_total,2025,106.36
chl,sex_m,age_ythadult_y15_24,edu_aggregate_x,2020,0.994
chl,sex_m,age_ythadult_y15_24,edu_aggregate_x,2021,0.39
chl,sex_m,age_ythadult_y15_24,edu_aggregate_x,2022,0.269
chl,sex_m,age_ythadult_y15_24,edu_aggregate_x,2024,0.28
chl,sex_m,age_ythadult_y15_24,edu_aggregate_x,2025,0.883
chl,sex_m,age_ythadult_y15_64,edu_aggregate_adv,2010,10.41
chl,sex_m,age_ythadult_y15_64,edu_aggregate_adv,2011,11.742
chl,sex_m,age_ythadult_y15_64,edu_aggregate_adv,2012,9.554
chl,sex_m,age_ythadult_y15_64,edu_aggregate_adv,2013,9.109
chl,sex_m,age_ythadult_y15_64,edu_aggregate_adv,2014,11.839
chl,sex_m,age_ythadult_y15_64,edu_aggregate_adv,2015,13.877
chl,sex_m,age_ythadult_y15_64,edu_aggregate_adv,2016,15.841
chl,sex_m,age_ythadult_y15_64,edu_aggregate_adv,2017,16.758
chl,sex_m,age_ythadult_y15_64,edu_aggregate_adv,2018,17.328
chl,sex_m,age_ythadult_y15_64,edu_aggregate_adv,2019,19.002
chl,sex_m,age_ythadult_y15_64,edu_aggregate_adv,2020,56.657
chl,sex_m,age_ythadult_y15_64,edu_aggregate_adv,2021,35.498
chl,sex_m,age_ythadult_y15_64,edu_aggregate_adv,2022,25.868
chl,sex_m,age_ythadult_y15_64,edu_aggregate_adv,2023,28.535
chl,sex_m,age_ythadult_y15_64,edu_aggregate_adv,2024,28.098
chl,sex_m,age_ythadult_y15_64,edu_aggregate_adv,2025,34.27
chl,sex_m,age_ythadult_y15_64,edu_aggregate_bas,2010,115.434
chl,sex_m,age_ythadult_y15_64,edu_aggregate_bas,2011,105.17
chl,sex_m,age_ythadult_y15_64,edu_aggregate_bas,2012,101.144
chl,sex_m,age_ythadult_y15_64,edu_aggregate_bas,2013,97.823
chl,sex_m,age_ythadult_y15_64,edu_aggregate_bas,2014,93.601
chl,sex_m,age_ythadult_y15_64,edu_aggregate_bas,2015,86.109
chl,sex_m,age_ythadult_y15_64,edu_aggregate_bas,2016,88.007
chl,sex_m,age_ythadult_y15_64,edu_aggregate_bas,2017,86.242
chl,sex_m,age_ythadult_y15_64,edu_aggregate_bas,2018,80.305
chl,sex_m,age_ythadult_y15_64,edu_aggregate_bas,2019,82.463
chl,sex_m,age_ythadult_y15_64,edu_aggregate_bas,2020,183.632
chl,sex_m,age_ythadult_y15_64,edu_aggregate_bas,2021,120.474
chl,sex_m,age_ythadult_y15_64,edu_aggregate_bas,2022,95.113
chl,sex_m,age_ythadult_y15_64,edu_aggregate_bas,2023,97.98
chl,sex_m,age_ythadult_y15_64,edu_aggregate_bas,2024,90.968
chl,sex_m,age_ythadult_y15_64,edu_aggregate_bas,2025,83.349
chl,sex_m,age_ythadult_y15_64,edu_aggregate_int,2010,116.905
chl,sex_m,age_ythadult_y15_64,edu_aggregate_int,2011,120.496
chl,sex_m,age_ythadult_y15_64,edu_aggregate_int,2012,118.333
chl,sex_m,age_ythadult_y15_64,edu_aggregate_int,2013,108.757
chl,sex_m,age_ythadult_y15_64,edu_aggregate_int,2014,117.341
chl,sex_m,age_ythadult_y15_64,edu_aggregate_int,2015,118.731
chl,sex_m,age_ythadult_y15_64,edu_aggregate_int,2016,111.88
chl,sex_m,age_ythadult_y15_64,edu_aggregate_int,2017,116.465
chl,sex_m,age_ythadult_y15_64,edu_aggregate_int,2018,120.13
chl,sex_m,age_ythadult_y15_64,edu_aggregate_int,2019,123.453
chl,sex_m,age_ythadult_y15_64,edu_aggregate_int,2020,323.278
chl,sex_m,age_ythadult_y15_64,edu_aggregate_int,2021,208.709
chl,sex_m,age_ythadult_y15_64,edu_aggregate_int,2022,160.38
chl,sex_m,age_ythadult_y15_64,edu_aggregate_int,2023,170.225
chl,sex_m,age_ythadult_y15_64,edu_aggregate_int,2024,166.584
chl,sex_m,age_ythadult_y15_64,edu_aggregate_int,2025,171.423
chl,sex_m,age_ythadult_y15_64,edu_aggregate_ltb,2010,22.136
chl,sex_m,age_ythadult_y15_64,edu_aggregate_ltb,2011,19.049
chl,sex_m,age_ythadult_y15_64,edu_aggregate_ltb,2012,15.695
chl,sex_m,age_ythadult_y15_64,edu_aggregate_ltb,2013,14.43
chl,sex_m,age_ythadult_y15_64,edu_aggregate_ltb,2014,13.958
chl,sex_m,age_ythadult_y15_64,edu_aggregate_ltb,2015,13.458
chl,sex_m,age_ythadult_y15_64,edu_aggregate_ltb,2016,14.147
chl,sex_m,age_ythadult_y15_64,edu_aggregate_ltb,2017,11.04
chl,sex_m,age_ythadult_y15_64,edu_aggregate_ltb,2018,11.456
chl,sex_m,age_ythadult_y15_64,edu_aggregate_ltb,2019,10.046
chl,sex_m,age_ythadult_y15_64,edu_aggregate_ltb,2020,27.264
chl,sex_m,age_ythadult_y15_64,edu_aggregate_ltb,2021,17.937
chl,sex_m,age_ythadult_y15_64,edu_aggregate_ltb,2022,14.983
chl,sex_m,age_ythadult_y15_64,edu_aggregate_ltb,2023,17.036
chl,sex_m,age_ythadult_y15_64,edu_aggregate_ltb,2024,13.29
chl,sex_m,age_ythadult_y15_64,edu_aggregate_ltb,2025,11.514
chl,sex_m,age_ythadult_y15_64,edu_aggregate_total,2010,265.027
chl,sex_m,age_ythadult_y15_64,edu_aggregate_total,2011,256.549
chl,sex_m,age_ythadult_y15_64,edu_aggregate_total,2012,244.748
chl,sex_m,age_ythadult_y15_64,edu_aggregate_total,2013,230.171
chl,sex_m,age_ythadult_y15_64,edu_aggregate_total,2014,236.92
chl,sex_m,age_ythadult_y15_64,edu_aggregate_total,2015,232.404
chl,sex_m,age_ythadult_y15_64,edu_aggregate_total,2016,230.015
chl,sex_m,age_ythadult_y15_64,edu_aggregate_total,2017,230.926
chl,sex_m,age_ythadult_y15_64,edu_aggregate_total,2018,229.788
chl,sex_m,age_ythadult_y15_64,edu_aggregate_total,2019,235.251
chl,sex_m,age_ythadult_y15_64,edu_aggregate_total,2020,597.923
chl,sex_m,age_ythadult_y15_64,edu_aggregate_total,2021,384.903
chl,sex_m,age_ythadult_y15_64,edu_aggregate_total,2022,297.494
chl,sex_m,age_ythadult_y15_64,edu_aggregate_total,2023,315.209
chl,sex_m,age_ythadult_y15_64,edu_aggregate_total,2024,300.446
chl,sex_m,age_ythadult_y15_64,edu_aggregate_total,2025,302.616
chl,sex_m,age_ythadult_y15_64,edu_aggregate_x,2010,0.144
chl,sex_m,age_ythadult_y15_64,edu_aggregate_x,2014,0.18
chl,sex_m,age_ythadult_y15_64,edu_aggregate_x,2018,0.57
chl,sex_m,age_ythadult_y15_64,edu_aggregate_x,2020,7.091
chl,sex_m,age_ythadult_y15_64,edu_aggregate_x,2021,2.285
chl,sex_m,age_ythadult_y15_64,edu_aggregate_x,2022,1.151
chl,sex_m,age_ythadult_y15_64,edu_aggregate_x,2023,1.434
chl,sex_m,age_ythadult_y15_64,edu_aggregate_x,2024,1.506
chl,sex_m,age_ythadult_y15_64,edu_aggregate_x,2025,2.059
chl,sex_m,age_ythadult_yge15,edu_aggregate_adv,2010,13.974
chl,sex_m,age_ythadult_yge15,edu_aggregate_adv,2011,16.343
chl,sex_m,age_ythadult_yge15,edu_aggregate_adv,2012,15.804
chl,sex_m,age_ythadult_yge15,edu_aggregate_adv,2013,15.077
chl,sex_m,age_ythadult_yge15,edu_aggregate_adv,2014,18.17
chl,sex_m,age_ythadult_yge15,edu_aggregate_adv,2015,19.723
chl,sex_m,age_ythadult_yge15,edu_aggregate_adv,2016,21.077
chl,sex_m,age_ythadult_yge15,edu_aggregate_adv,2017,25.534
chl,sex_m,age_ythadult_yge15,edu_aggregate_adv,2018,27.156
chl,sex_m,age_ythadult_yge15,edu_aggregate_adv,2019,28.367
chl,sex_m,age_ythadult_yge15,edu_aggregate_adv,2020,72.872
chl,sex_m,age_ythadult_yge15,edu_aggregate_adv,2021,45.913
chl,sex_m,age_ythadult_yge15,edu_aggregate_adv,2022,36.074
chl,sex_m,age_ythadult_yge15,edu_aggregate_adv,2023,38.124
chl,sex_m,age_ythadult_yge15,edu_aggregate_adv,2024,41.638
chl,sex_m,age_ythadult_yge15,edu_aggregate_adv,2025,46.078
chl,sex_m,age_ythadult_yge15,edu_aggregate_bas,2010,132.64
chl,sex_m,age_ythadult_yge15,edu_aggregate_bas,2011,122.779
chl,sex_m,age_ythadult_yge15,edu_aggregate_bas,2012,116.916
chl,sex_m,age_ythadult_yge15,edu_aggregate_bas,2013,113.982
chl,sex_m,age_ythadult_yge15,edu_aggregate_bas,2014,108.797
chl,sex_m,age_ythadult_yge15,edu_aggregate_bas,2015,102.314
chl,sex_m,age_ythadult_yge15,edu_aggregate_bas,2016,103.026
chl,sex_m,age_ythadult_yge15,edu_aggregate_bas,2017,102.226
chl,sex_m,age_ythadult_yge15,edu_aggregate_bas,2018,95.983
chl,sex_m,age_ythadult_yge15,edu_aggregate_bas,2019,98.953
chl,sex_m,age_ythadult_yge15,edu_aggregate_bas,2020,219.718
chl,sex_m,age_ythadult_yge15,edu_aggregate_bas,2021,145.303
chl,sex_m,age_ythadult_yge15,edu_aggregate_bas,2022,120.323
chl,sex_m,age_ythadult_yge15,edu_aggregate_bas,2023,126.462
chl,sex_m,age_ythadult_yge15,edu_aggregate_bas,2024,126.012
chl,sex_m,age_ythadult_yge15,edu_aggregate_bas,2025,116.059
chl,sex_m,age_ythadult_yge15,edu_aggregate_int,2010,128.363
chl,sex_m,age_ythadult_yge15,edu_aggregate_int,2011,133.334
chl,sex_m,age_ythadult_yge15,edu_aggregate_int,2012,130.225
chl,sex_m,age_ythadult_yge15,edu_aggregate_int,2013,122.845
chl,sex_m,age_ythadult_yge15,edu_aggregate_int,2014,129.781
chl,sex_m,age_ythadult_yge15,edu_aggregate_int,2015,135.437
chl,sex_m,age_ythadult_yge15,edu_aggregate_int,2016,128.163
chl,sex_m,age_ythadult_yge15,edu_aggregate_int,2017,132.072
chl,sex_m,age_ythadult_yge15,edu_aggregate_int,2018,135.099
chl,sex_m,age_ythadult_yge15,edu_aggregate_int,2019,140.532
chl,sex_m,age_ythadult_yge15,edu_aggregate_int,2020,356.359
chl,sex_m,age_ythadult_yge15,edu_aggregate_int,2021,235.659
chl,sex_m,age_ythadult_yge15,edu_aggregate_int,2022,185.325
chl,sex_m,age_ythadult_yge15,edu_aggregate_int,2023,195.853
chl,sex_m,age_ythadult_yge15,edu_aggregate_int,2024,197.627
chl,sex_m,age_ythadult_yge15,edu_aggregate_int,2025,201.666
chl,sex_m,age_ythadult_yge15,edu_aggregate_ltb,2010,36.09
chl,sex_m,age_ythadult_yge15,edu_aggregate_ltb,2011,35.113
chl,sex_m,age_ythadult_yge15,edu_aggregate_ltb,2012,29.121
chl,sex_m,age_ythadult_yge15,edu_aggregate_ltb,2013,27.417
chl,sex_m,age_ythadult_yge15,edu_aggregate_ltb,2014,26.564
chl,sex_m,age_ythadult_yge15,edu_aggregate_ltb,2015,25.741
chl,sex_m,age_ythadult_yge15,edu_aggregate_ltb,2016,26.254
chl,sex_m,age_ythadult_yge15,edu_aggregate_ltb,2017,21.837
chl,sex_m,age_ythadult_yge15,edu_aggregate_ltb,2018,20.113
chl,sex_m,age_ythadult_yge15,edu_aggregate_ltb,2019,20.169
chl,sex_m,age_ythadult_yge15,edu_aggregate_ltb,2020,46.759
chl,sex_m,age_ythadult_yge15,edu_aggregate_ltb,2021,31.82
chl,sex_m,age_ythadult_yge15,edu_aggregate_ltb,2022,27.281
chl,sex_m,age_ythadult_yge15,edu_aggregate_ltb,2023,31.055
chl,sex_m,age_ythadult_yge15,edu_aggregate_ltb,2024,28.388
chl,sex_m,age_ythadult_yge15,edu_aggregate_ltb,2025,24.662
chl,sex_m,age_ythadult_yge15,edu_aggregate_total,2010,311.426
chl,sex_m,age_ythadult_yge15,edu_aggregate_total,2011,307.734
chl,sex_m,age_ythadult_yge15,edu_aggregate_total,2012,292.171
chl,sex_m,age_ythadult_yge15,edu_aggregate_total,2013,279.434
chl,sex_m,age_ythadult_yge15,edu_aggregate_total,2014,283.525
chl,sex_m,age_ythadult_yge15,edu_aggregate_total,2015,283.45
chl,sex_m,age_ythadult_yge15,edu_aggregate_total,2016,278.694
chl,sex_m,age_ythadult_yge15,edu_aggregate_total,2017,282.106
chl,sex_m,age_ythadult_yge15,edu_aggregate_total,2018,278.932
chl,sex_m,age_ythadult_yge15,edu_aggregate_total,2019,288.308
chl,sex_m,age_ythadult_yge15,edu_aggregate_total,2020,704.405
chl,sex_m,age_ythadult_yge15,edu_aggregate_total,2021,461.029
chl,sex_m,age_ythadult_yge15,edu_aggregate_total,2022,370.327
chl,sex_m,age_ythadult_yge15,edu_aggregate_total,2023,393.064
chl,sex_m,age_ythadult_yge15,edu_aggregate_total,2024,395.171
chl,sex_m,age_ythadult_yge15,edu_aggregate_total,2025,390.612
chl,sex_m,age_ythadult_yge15,edu_aggregate_x,2010,0.36
chl,sex_m,age_ythadult_yge15,edu_aggregate_x,2011,0.166
chl,sex_m,age_ythadult_yge15,edu_aggregate_x,2013,0.113
chl,sex_m,age_ythadult_yge15,edu_aggregate_x,2014,0.212
chl,sex_m,age_ythadult_yge15,edu_aggregate_x,2017,0.438
chl,sex_m,age_ythadult_yge15,edu_aggregate_x,2019,0.288
chl,sex_m,age_ythadult_yge15,edu_aggregate_x,2020,8.698
chl,sex_m,age_ythadult_yge15,edu_aggregate_x,2021,2.335
chl,sex_m,age_ythadult_yge15,edu_aggregate_x,2022,1.324
chl,sex_m,age_ythadult_yge15,edu_aggregate_x,2023,1.57
chl,sex_m,age_ythadult_yge15,edu_aggregate_x,2024,1.506
chl,sex_m,age_ythadult_yge15,edu_aggregate_x,2025,2.147
chl,sex_m,age_ythadult_yge25,edu_aggregate_adv,2010,11.902
chl,sex_m,age_ythadult_yge25,edu_aggregate_adv,2011,15.106
chl,sex_m,age_ythadult_yge25,edu_aggregate_adv,2012,14.558
chl,sex_m,age_ythadult_yge25,edu_aggregate_adv,2013,13.939
chl,sex_m,age_ythadult_yge25,edu_aggregate_adv,2014,16.491
chl,sex_m,age_ythadult_yge25,edu_aggregate_adv,2015,18.232
chl,sex_m,age_ythadult_yge25,edu_aggregate_adv,2016,19.822
chl,sex_m,age_ythadult_yge25,edu_aggregate_adv,2017,23.462
chl,sex_m,age_ythadult_yge25,edu_aggregate_adv,2018,25.088
chl,sex_m,age_ythadult_yge25,edu_aggregate_adv,2019,25.709
chl,sex_m,age_ythadult_yge25,edu_aggregate_adv,2020,66.817
chl,sex_m,age_ythadult_yge25,edu_aggregate_adv,2021,42.531
chl,sex_m,age_ythadult_yge25,edu_aggregate_adv,2022,33.759
chl,sex_m,age_ythadult_yge25,edu_aggregate_adv,2023,35.894
chl,sex_m,age_ythadult_yge25,edu_aggregate_adv,2024,38.884
chl,sex_m,age_ythadult_yge25,edu_aggregate_adv,2025,43.216
chl,sex_m,age_ythadult_yge25,edu_aggregate_bas,2010,59.834
chl,sex_m,age_ythadult_yge25,edu_aggregate_bas,2011,54.09
chl,sex_m,age_ythadult_yge25,edu_aggregate_bas,2012,54.54
chl,sex_m,age_ythadult_yge25,edu_aggregate_bas,2013,52.909
chl,sex_m,age_ythadult_yge25,edu_aggregate_bas,2014,54.507
chl,sex_m,age_ythadult_yge25,edu_aggregate_bas,2015,54.351
chl,sex_m,age_ythadult_yge25,edu_aggregate_bas,2016,57.205
chl,sex_m,age_ythadult_yge25,edu_aggregate_bas,2017,58.173
chl,sex_m,age_ythadult_yge25,edu_aggregate_bas,2018,57.96
chl,sex_m,age_ythadult_yge25,edu_aggregate_bas,2019,58.139
chl,sex_m,age_ythadult_yge25,edu_aggregate_bas,2020,159.035
chl,sex_m,age_ythadult_yge25,edu_aggregate_bas,2021,114.064
chl,sex_m,age_ythadult_yge25,edu_aggregate_bas,2022,93.677
chl,sex_m,age_ythadult_yge25,edu_aggregate_bas,2023,99.231
chl,sex_m,age_ythadult_yge25,edu_aggregate_bas,2024,92.27
chl,sex_m,age_ythadult_yge25,edu_aggregate_bas,2025,83.185
chl,sex_m,age_ythadult_yge25,edu_aggregate_int,2010,61.803
chl,sex_m,age_ythadult_yge25,edu_aggregate_int,2011,61.587
chl,sex_m,age_ythadult_yge25,edu_aggregate_int,2012,63.572
chl,sex_m,age_ythadult_yge25,edu_aggregate_int,2013,60.995
chl,sex_m,age_ythadult_yge25,edu_aggregate_int,2014,68.047
chl,sex_m,age_ythadult_yge25,edu_aggregate_int,2015,76.139
chl,sex_m,age_ythadult_yge25,edu_aggregate_int,2016,73.153
chl,sex_m,age_ythadult_yge25,edu_aggregate_int,2017,73.649
chl,sex_m,age_ythadult_yge25,edu_aggregate_int,2018,76.319
chl,sex_m,age_ythadult_yge25,edu_aggregate_int,2019,80.223
chl,sex_m,age_ythadult_yge25,edu_aggregate_int,2020,237.224
chl,sex_m,age_ythadult_yge25,edu_aggregate_int,2021,156.337
chl,sex_m,age_ythadult_yge25,edu_aggregate_int,2022,126.704
chl,sex_m,age_ythadult_yge25,edu_aggregate_int,2023,132.864
chl,sex_m,age_ythadult_yge25,edu_aggregate_int,2024,131.804
chl,sex_m,age_ythadult_yge25,edu_aggregate_int,2025,132.135
chl,sex_m,age_ythadult_yge25,edu_aggregate_ltb,2010,33.148
chl,sex_m,age_ythadult_yge25,edu_aggregate_ltb,2011,32.689
chl,sex_m,age_ythadult_yge25,edu_aggregate_ltb,2012,27.411
chl,sex_m,age_ythadult_yge25,edu_aggregate_ltb,2013,25.385
chl,sex_m,age_ythadult_yge25,edu_aggregate_ltb,2014,25.386
chl,sex_m,age_ythadult_yge25,edu_aggregate_ltb,2015,24.073
chl,sex_m,age_ythadult_yge25,edu_aggregate_ltb,2016,24.602
chl,sex_m,age_ythadult_yge25,edu_aggregate_ltb,2017,21.064
chl,sex_m,age_ythadult_yge25,edu_aggregate_ltb,2018,19.031
chl,sex_m,age_ythadult_yge25,edu_aggregate_ltb,2019,19.499
chl,sex_m,age_ythadult_yge25,edu_aggregate_ltb,2020,44.778
chl,sex_m,age_ythadult_yge25,edu_aggregate_ltb,2021,31.327
chl,sex_m,age_ythadult_yge25,edu_aggregate_ltb,2022,26.753
chl,sex_m,age_ythadult_yge25,edu_aggregate_ltb,2023,30.758
chl,sex_m,age_ythadult_yge25,edu_aggregate_ltb,2024,27.853
chl,sex_m,age_ythadult_yge25,edu_aggregate_ltb,2025,24.452
chl,sex_m,age_ythadult_yge25,edu_aggregate_total,2010,167.047
chl,sex_m,age_ythadult_yge25,edu_aggregate_total,2011,163.638
chl,sex_m,age_ythadult_yge25,edu_aggregate_total,2012,160.188
chl,sex_m,age_ythadult_yge25,edu_aggregate_total,2013,153.341
chl,sex_m,age_ythadult_yge25,edu_aggregate_total,2014,164.644
chl,sex_m,age_ythadult_yge25,edu_aggregate_total,2015,173.028
chl,sex_m,age_ythadult_yge25,edu_aggregate_total,2016,174.824
chl,sex_m,age_ythadult_yge25,edu_aggregate_total,2017,176.785
chl,sex_m,age_ythadult_yge25,edu_aggregate_total,2018,178.98
chl,sex_m,age_ythadult_yge25,edu_aggregate_total,2019,183.803
chl,sex_m,age_ythadult_yge25,edu_aggregate_total,2020,515.557
chl,sex_m,age_ythadult_yge25,edu_aggregate_total,2021,346.204
chl,sex_m,age_ythadult_yge25,edu_aggregate_total,2022,281.948
chl,sex_m,age_ythadult_yge25,edu_aggregate_total,2023,300.022
chl,sex_m,age_ythadult_yge25,edu_aggregate_total,2024,292.037
chl,sex_m,age_ythadult_yge25,edu_aggregate_total,2025,284.252
chl,sex_m,age_ythadult_yge25,edu_aggregate_x,2010,0.36
chl,sex_m,age_ythadult_yge25,edu_aggregate_x,2011,0.166
chl,sex_m,age_ythadult_yge25,edu_aggregate_x,2013,0.113
chl,sex_m,age_ythadult_yge25,edu_aggregate_x,2014,0.212
chl,sex_m,age_ythadult_yge25,edu_aggregate_x,2017,0.438
chl,sex_m,age_ythadult_yge25,edu_aggregate_x,2020,7.704
chl,sex_m,age_ythadult_yge25,edu_aggregate_x,2021,1.945
chl,sex_m,age_ythadult_yge25,edu_aggregate_x,2022,1.055
chl,sex_m,age_ythadult_yge25,edu_aggregate_x,2023,1.276
chl,sex_m,age_ythadult_yge25,edu_aggregate_x,2024,1.226
chl,sex_m,age_ythadult_yge25,edu_aggregate_x,2025,1.264
chl,sex_t,age_aggregate_total,edu_aggregate_adv,2010,41.235
chl,sex_t,age_aggregate_total,edu_aggregate_adv,2011,44.205
chl,sex_t,age_aggregate_total,edu_aggregate_adv,2012,43.604
chl,sex_t,age_aggregate_total,edu_aggregate_adv,2013,43.913
chl,sex_t,age_aggregate_total,edu_aggregate_adv,2014,49.968
chl,sex_t,age_aggregate_total,edu_aggregate_adv,2015,54.39
chl,sex_t,age_aggregate_total,edu_aggregate_adv,2016,54.801
chl,sex_t,age_aggregate_total,edu_aggregate_adv,2017,65.275
chl,sex_t,age_aggregate_total,edu_aggregate_adv,2018,70.893
chl,sex_t,age_aggregate_total,edu_aggregate_adv,2019,73.416
chl,sex_t,age_aggregate_total,edu_aggregate_adv,2020,181.115
chl,sex_t,age_aggregate_total,edu_aggregate_adv,2021,116.374
chl,sex_t,age_aggregate_total,edu_aggregate_adv,2022,87.34
chl,sex_t,age_aggregate_total,edu_aggregate_adv,2023,100.467
chl,sex_t,age_aggregate_total,edu_aggregate_adv,2024,106.801
chl,sex_t,age_aggregate_total,edu_aggregate_adv,2025,118.738
chl,sex_t,age_aggregate_total,edu_aggregate_bas,2010,404.014
chl,sex_t,age_aggregate_total,edu_aggregate_bas,2011,362.016
chl,sex_t,age_aggregate_total,edu_aggregate_bas,2012,339.783
chl,sex_t,age_aggregate_total,edu_aggregate_bas,2013,324.373
chl,sex_t,age_aggregate_total,edu_aggregate_bas,2014,304.624
chl,sex_t,age_aggregate_total,edu_aggregate_bas,2015,288.779
chl,sex_t,age_aggregate_total,edu_aggregate_bas,2016,284.892
chl,sex_t,age_aggregate_total,edu_aggregate_bas,2017,262.456
chl,sex_t,age_aggregate_total,edu_aggregate_bas,2018,239.273
chl,sex_t,age_aggregate_total,edu_aggregate_bas,2019,238.358
chl,sex_t,age_aggregate_total,edu_aggregate_bas,2020,468.843
chl,sex_t,age_aggregate_total,edu_aggregate_bas,2021,298.021
chl,sex_t,age_aggregate_total,edu_aggregate_bas,2022,246.252
chl,sex_t,age_aggregate_total,edu_aggregate_bas,2023,262.533
chl,sex_t,age_aggregate_total,edu_aggregate_bas,2024,271.706
chl,sex_t,age_aggregate_total,edu_aggregate_bas,2025,261.315
chl,sex_t,age_aggregate_total,edu_aggregate_int,2010,421.626
chl,sex_t,age_aggregate_total,edu_aggregate_int,2011,407.218
chl,sex_t,age_aggregate_total,edu_aggregate_int,2012,399.509
chl,sex_t,age_aggregate_total,edu_aggregate_int,2013,378.637
chl,sex_t,age_aggregate_total,edu_aggregate_int,2014,375.271
chl,sex_t,age_aggregate_total,edu_aggregate_int,2015,395.408
chl,sex_t,age_aggregate_total,edu_aggregate_int,2016,372.682
chl,sex_t,age_aggregate_total,edu_aggregate_int,2017,365.77
chl,sex_t,age_aggregate_total,edu_aggregate_int,2018,356.216
chl,sex_t,age_aggregate_total,edu_aggregate_int,2019,375.882
chl,sex_t,age_aggregate_total,edu_aggregate_int,2020,835.724
chl,sex_t,age_aggregate_total,edu_aggregate_int,2021,543.464
chl,sex_t,age_aggregate_total,edu_aggregate_int,2022,440.638
chl,sex_t,age_aggregate_total,edu_aggregate_int,2023,456.413
chl,sex_t,age_aggregate_total,edu_aggregate_int,2024,489.124
chl,sex_t,age_aggregate_total,edu_aggregate_int,2025,514.112
chl,sex_t,age_aggregate_total,edu_aggregate_ltb,2010,103.464
chl,sex_t,age_aggregate_total,edu_aggregate_ltb,2011,96.69
chl,sex_t,age_aggregate_total,edu_aggregate_ltb,2012,81.874
chl,sex_t,age_aggregate_total,edu_aggregate_ltb,2013,76.002
chl,sex_t,age_aggregate_total,edu_aggregate_ltb,2014,69.689
chl,sex_t,age_aggregate_total,edu_aggregate_ltb,2015,61.538
chl,sex_t,age_aggregate_total,edu_aggregate_ltb,2016,63.206
chl,sex_t,age_aggregate_total,edu_aggregate_ltb,2017,56.101
chl,sex_t,age_aggregate_total,edu_aggregate_ltb,2018,53.02
chl,sex_t,age_aggregate_total,edu_aggregate_ltb,2019,51.272
chl,sex_t,age_aggregate_total,edu_aggregate_ltb,2020,107.006
chl,sex_t,age_aggregate_total,edu_aggregate_ltb,2021,65.289
chl,sex_t,age_aggregate_total,edu_aggregate_ltb,2022,52.092
chl,sex_t,age_aggregate_total,edu_aggregate_ltb,2023,60.651
chl,sex_t,age_aggregate_total,edu_aggregate_ltb,2024,62.812
chl,sex_t,age_aggregate_total,edu_aggregate_ltb,2025,54.002
chl,sex_t,age_aggregate_total,edu_aggregate_total,2010,971.063
chl,sex_t,age_aggregate_total,edu_aggregate_total,2011,910.518
chl,sex_t,age_aggregate_total,edu_aggregate_total,2012,865.226
chl,sex_t,age_aggregate_total,edu_aggregate_total,2013,823.429
chl,sex_t,age_aggregate_total,edu_aggregate_total,2014,800.229
chl,sex_t,age_aggregate_total,edu_aggregate_total,2015,800.84
chl,sex_t,age_aggregate_total,edu_aggregate_total,2016,776.042
chl,sex_t,age_aggregate_total,edu_aggregate_total,2017,750.206
chl,sex_t,age_aggregate_total,edu_aggregate_total,2018,720.487
chl,sex_t,age_aggregate_total,edu_aggregate_total,2019,739.966
chl,sex_t,age_aggregate_total,edu_aggregate_total,2020,1607.511
chl,sex_t,age_aggregate_total,edu_aggregate_total,2021,1028.012
chl,sex_t,age_aggregate_total,edu_aggregate_total,2022,829.145
chl,sex_t,age_aggregate_total,edu_aggregate_total,2023,882.854
chl,sex_t,age_aggregate_total,edu_aggregate_total,2024,932.686
chl,sex_t,age_aggregate_total,edu_aggregate_total,2025,951.135
chl,sex_t,age_aggregate_total,edu_aggregate_x,2010,0.725
chl,sex_t,age_aggregate_total,edu_aggregate_x,2011,0.389
chl,sex_t,age_aggregate_total,edu_aggregate_x,2012,0.455
chl,sex_t,age_aggregate_total,edu_aggregate_x,2013,0.504
chl,sex_t,age_aggregate_total,edu_aggregate_x,2014,0.678
chl,sex_t,age_aggregate_total,edu_aggregate_x,2015,0.725
chl,sex_t,age_aggregate_total,edu_aggregate_x,2016,0.461
chl,sex_t,age_aggregate_total,edu_aggregate_x,2017,0.603
chl,sex_t,age_aggregate_total,edu_aggregate_x,2018,1.085
chl,sex_t,age_aggregate_total,edu_aggregate_x,2019,1.039
chl,sex_t,age_aggregate_total,edu_aggregate_x,2020,14.822
chl,sex_t,age_aggregate_total,edu_aggregate_x,2021,4.863
chl,sex_t,age_aggregate_total,edu_aggregate_x,2022,2.823
chl,sex_t,age_aggregate_total,edu_aggregate_x,2023,2.789
chl,sex_t,age_aggregate_total,edu_aggregate_x,2024,2.244
chl,sex_t,age_aggregate_total,edu_aggregate_x,2025,2.966
chl,sex_t,age_aggregate_y15_24,edu_aggregate_adv,2010,3.824
chl,sex_t,age_aggregate_y15_24,edu_aggregate_adv,2011,2.936
chl,sex_t,age_aggregate_y15_24,edu_aggregate_adv,2012,4.065
chl,sex_t,age_aggregate_y15_24,edu_aggregate_adv,2013,3.123
chl,sex_t,age_aggregate_y15_24,edu_aggregate_adv,2014,3.756
chl,sex_t,age_aggregate_y15_24,edu_aggregate_adv,2015,3.366
chl,sex_t,age_aggregate_y15_24,edu_aggregate_adv,2016,3.679
chl,sex_t,age_aggregate_y15_24,edu_aggregate_adv,2017,4.699
chl,sex_t,age_aggregate_y15_24,edu_aggregate_adv,2018,5.571
chl,sex_t,age_aggregate_y15_24,edu_aggregate_adv,2019,5.663
chl,sex_t,age_aggregate_y15_24,edu_aggregate_adv,2020,16.547
chl,sex_t,age_aggregate_y15_24,edu_aggregate_adv,2021,9.285
chl,sex_t,age_aggregate_y15_24,edu_aggregate_adv,2022,6.069
chl,sex_t,age_aggregate_y15_24,edu_aggregate_adv,2023,6.534
chl,sex_t,age_aggregate_y15_24,edu_aggregate_adv,2024,7.768
chl,sex_t,age_aggregate_y15_24,edu_aggregate_adv,2025,8.993
chl,sex_t,age_aggregate_y15_24,edu_aggregate_bas,2010,148.454
chl,sex_t,age_aggregate_y15_24,edu_aggregate_bas,2011,136.848
chl,sex_t,age_aggregate_y15_24,edu_aggregate_bas,2012,124.853
chl,sex_t,age_aggregate_y15_24,edu_aggregate_bas,2013,119.592
chl,sex_t,age_aggregate_y15_24,edu_aggregate_bas,2014,111.336
chl,sex_t,age_aggregate_y15_24,edu_aggregate_bas,2015,98.085
chl,sex_t,age_aggregate_y15_24,edu_aggregate_bas,2016,90.322
chl,sex_t,age_aggregate_y15_24,edu_aggregate_bas,2017,85.096
chl,sex_t,age_aggregate_y15_24,edu_aggregate_bas,2018,75.269
chl,sex_t,age_aggregate_y15_24,edu_aggregate_bas,2019,71.31
chl,sex_t,age_aggregate_y15_24,edu_aggregate_bas,2020,107.264
chl,sex_t,age_aggregate_y15_24,edu_aggregate_bas,2021,56.141
chl,sex_t,age_aggregate_y15_24,edu_aggregate_bas,2022,47.625
chl,sex_t,age_aggregate_y15_24,edu_aggregate_bas,2023,49.057
chl,sex_t,age_aggregate_y15_24,edu_aggregate_bas,2024,58.543
chl,sex_t,age_aggregate_y15_24,edu_aggregate_bas,2025,58.636
chl,sex_t,age_aggregate_y15_24,edu_aggregate_int,2010,160.509
chl,sex_t,age_aggregate_y15_24,edu_aggregate_int,2011,162.421
chl,sex_t,age_aggregate_y15_24,edu_aggregate_int,2012,151.42
chl,sex_t,age_aggregate_y15_24,edu_aggregate_int,2013,142.51
chl,sex_t,age_aggregate_y15_24,edu_aggregate_int,2014,134.65
chl,sex_t,age_aggregate_y15_24,edu_aggregate_int,2015,133.921
chl,sex_t,age_aggregate_y15_24,edu_aggregate_int,2016,121.181
chl,sex_t,age_aggregate_y15_24,edu_aggregate_int,2017,119.803
chl,sex_t,age_aggregate_y15_24,edu_aggregate_int,2018,120.125
chl,sex_t,age_aggregate_y15_24,edu_aggregate_int,2019,121.769
chl,sex_t,age_aggregate_y15_24,edu_aggregate_int,2020,249.058
chl,sex_t,age_aggregate_y15_24,edu_aggregate_int,2021,153.064
chl,sex_t,age_aggregate_y15_24,edu_aggregate_int,2022,120.439
chl,sex_t,age_aggregate_y15_24,edu_aggregate_int,2023,123.988
chl,sex_t,age_aggregate_y15_24,edu_aggregate_int,2024,135.116
chl,sex_t,age_aggregate_y15_24,edu_aggregate_int,2025,145.135
chl,sex_t,age_aggregate_y15_24,edu_aggregate_ltb,2010,5.692
chl,sex_t,age_aggregate_y15_24,edu_aggregate_ltb,2011,3.669
chl,sex_t,age_aggregate_y15_24,edu_aggregate_ltb,2012,3.185
chl,sex_t,age_aggregate_y15_24,edu_aggregate_ltb,2013,3.177
chl,sex_t,age_aggregate_y15_24,edu_aggregate_ltb,2014,2.363
chl,sex_t,age_aggregate_y15_24,edu_aggregate_ltb,2015,2.321
chl,sex_t,age_aggregate_y15_24,edu_aggregate_ltb,2016,2.356
chl,sex_t,age_aggregate_y15_24,edu_aggregate_ltb,2017,1.57
chl,sex_t,age_aggregate_y15_24,edu_aggregate_ltb,2018,1.853
chl,sex_t,age_aggregate_y15_24,edu_aggregate_ltb,2019,1.169
chl,sex_t,age_aggregate_y15_24,edu_aggregate_ltb,2020,3.123
chl,sex_t,age_aggregate_y15_24,edu_aggregate_ltb,2021,0.816
chl,sex_t,age_aggregate_y15_24,edu_aggregate_ltb,2022,0.661
chl,sex_t,age_aggregate_y15_24,edu_aggregate_ltb,2023,0.566
chl,sex_t,age_aggregate_y15_24,edu_aggregate_ltb,2024,0.63
chl,sex_t,age_aggregate_y15_24,edu_aggregate_ltb,2025,0.226
chl,sex_t,age_aggregate_y15_24,edu_aggregate_total,2010,318.497
chl,sex_t,age_aggregate_y15_24,edu_aggregate_total,2011,305.873
chl,sex_t,age_aggregate_y15_24,edu_aggregate_total,2012,283.523
chl,sex_t,age_aggregate_y15_24,edu_aggregate_total,2013,268.434
chl,sex_t,age_aggregate_y15_24,edu_aggregate_total,2014,252.138
chl,sex_t,age_aggregate_y15_24,edu_aggregate_total,2015,237.693
chl,sex_t,age_aggregate_y15_24,edu_aggregate_total,2016,217.669
chl,sex_t,age_aggregate_y15_24,edu_aggregate_total,2017,211.168
chl,sex_t,age_aggregate_y15_24,edu_aggregate_total,2018,203.001
chl,sex_t,age_aggregate_y15_24,edu_aggregate_total,2019,199.964
chl,sex_t,age_aggregate_y15_24,edu_aggregate_total,2020,377.429
chl,sex_t,age_aggregate_y15_24,edu_aggregate_total,2021,220.072
chl,sex_t,age_aggregate_y15_24,edu_aggregate_total,2022,175.126
chl,sex_t,age_aggregate_y15_24,edu_aggregate_total,2023,180.439
chl,sex_t,age_aggregate_y15_24,edu_aggregate_total,2024,202.515
chl,sex_t,age_aggregate_y15_24,edu_aggregate_total,2025,213.999
chl,sex_t,age_aggregate_y15_24,edu_aggregate_x,2020,1.437
chl,sex_t,age_aggregate_y15_24,edu_aggregate_x,2021,0.767
chl,sex_t,age_aggregate_y15_24,edu_aggregate_x,2022,0.331
chl,sex_t,age_aggregate_y15_24,edu_aggregate_x,2024,0.458
chl,sex_t,age_aggregate_y15_24,edu_aggregate_x,2025,1.01
chl,sex_t,age_aggregate_y25_54,edu_aggregate_adv,2010,24.194
chl,sex_t,age_aggregate_y25_54,edu_aggregate_adv,2011,23.458
chl,sex_t,age_aggregate_y25_54,edu_aggregate_adv,2012,22.486
chl,sex_t,age_aggregate_y25_54,edu_aggregate_adv,2013,22.48
chl,sex_t,age_aggregate_y25_54,edu_aggregate_adv,2014,27.04
chl,sex_t,age_aggregate_y25_54,edu_aggregate_adv,2015,31.23
chl,sex_t,age_aggregate_y25_54,edu_aggregate_adv,2016,29.37
chl,sex_t,age_aggregate_y25_54,edu_aggregate_adv,2017,33.742
chl,sex_t,age_aggregate_y25_54,edu_aggregate_adv,2018,36.898
chl,sex_t,age_aggregate_y25_54,edu_aggregate_adv,2019,40.401
chl,sex_t,age_aggregate_y25_54,edu_aggregate_adv,2020,113.852
chl,sex_t,age_aggregate_y25_54,edu_aggregate_adv,2021,72.416
chl,sex_t,age_aggregate_y25_54,edu_aggregate_adv,2022,52.154
chl,sex_t,age_aggregate_y25_54,edu_aggregate_adv,2023,60.548
chl,sex_t,age_aggregate_y25_54,edu_aggregate_adv,2024,60.07
chl,sex_t,age_aggregate_y25_54,edu_aggregate_adv,2025,72.912
chl,sex_t,age_aggregate_y25_54,edu_aggregate_bas,2010,179.225
chl,sex_t,age_aggregate_y25_54,edu_aggregate_bas,2011,152.882
chl,sex_t,age_aggregate_y25_54,edu_aggregate_bas,2012,146.603
chl,sex_t,age_aggregate_y25_54,edu_aggregate_bas,2013,135.964
chl,sex_t,age_aggregate_y25_54,edu_aggregate_bas,2014,127.938
chl,sex_t,age_aggregate_y25_54,edu_aggregate_bas,2015,120.049
chl,sex_t,age_aggregate_y25_54,edu_aggregate_bas,2016,119.759
chl,sex_t,age_aggregate_y25_54,edu_aggregate_bas,2017,106.074
chl,sex_t,age_aggregate_y25_54,edu_aggregate_bas,2018,98.726
chl,sex_t,age_aggregate_y25_54,edu_aggregate_bas,2019,92.542
chl,sex_t,age_aggregate_y25_54,edu_aggregate_bas,2020,209.346
chl,sex_t,age_aggregate_y25_54,edu_aggregate_bas,2021,131.933
chl,sex_t,age_aggregate_y25_54,edu_aggregate_bas,2022,102.394
chl,sex_t,age_aggregate_y25_54,edu_aggregate_bas,2023,105.392
chl,sex_t,age_aggregate_y25_54,edu_aggregate_bas,2024,92.719
chl,sex_t,age_aggregate_y25_54,edu_aggregate_bas,2025,83.345
chl,sex_t,age_aggregate_y25_54,edu_aggregate_int,2010,200.005
chl,sex_t,age_aggregate_y25_54,edu_aggregate_int,2011,183.593
chl,sex_t,age_aggregate_y25_54,edu_aggregate_int,2012,188.657
chl,sex_t,age_aggregate_y25_54,edu_aggregate_int,2013,178.235
chl,sex_t,age_aggregate_y25_54,edu_aggregate_int,2014,182.077
chl,sex_t,age_aggregate_y25_54,edu_aggregate_int,2015,187.994
chl,sex_t,age_aggregate_y25_54,edu_aggregate_int,2016,179.166
chl,sex_t,age_aggregate_y25_54,edu_aggregate_int,2017,176.31
chl,sex_t,age_aggregate_y25_54,edu_aggregate_int,2018,172.206
chl,sex_t,age_aggregate_y25_54,edu_aggregate_int,2019,181.386
chl,sex_t,age_aggregate_y25_54,edu_aggregate_int,2020,433.415
chl,sex_t,age_aggregate_y25_54,edu_aggregate_int,2021,275.559
chl,sex_t,age_aggregate_y25_54,edu_aggregate_int,2022,227.457
chl,sex_t,age_aggregate_y25_54,edu_aggregate_int,2023,226.847
chl,sex_t,age_aggregate_y25_54,edu_aggregate_int,2024,235.373
chl,sex_t,age_aggregate_y25_54,edu_aggregate_int,2025,248.197
chl,sex_t,age_aggregate_y25_54,edu_aggregate_ltb,2010,43.857
chl,sex_t,age_aggregate_y25_54,edu_aggregate_ltb,2011,39.83
chl,sex_t,age_aggregate_y25_54,edu_aggregate_ltb,2012,35.571
chl,sex_t,age_aggregate_y25_54,edu_aggregate_ltb,2013,30.923
chl,sex_t,age_aggregate_y25_54,edu_aggregate_ltb,2014,26.853
chl,sex_t,age_aggregate_y25_54,edu_aggregate_ltb,2015,20.685
chl,sex_t,age_aggregate_y25_54,edu_aggregate_ltb,2016,22.317
chl,sex_t,age_aggregate_y25_54,edu_aggregate_ltb,2017,19.996
chl,sex_t,age_aggregate_y25_54,edu_aggregate_ltb,2018,21.031
chl,sex_t,age_aggregate_y25_54,edu_aggregate_ltb,2019,17.158
chl,sex_t,age_aggregate_y25_54,edu_aggregate_ltb,2020,35.798
chl,sex_t,age_aggregate_y25_54,edu_aggregate_ltb,2021,20.169
chl,sex_t,age_aggregate_y25_54,edu_aggregate_ltb,2022,15.311
chl,sex_t,age_aggregate_y25_54,edu_aggregate_ltb,2023,15.65
chl,sex_t,age_aggregate_y25_54,edu_aggregate_ltb,2024,14.785
chl,sex_t,age_aggregate_y25_54,edu_aggregate_ltb,2025,10.959
chl,sex_t,age_aggregate_y25_54,edu_aggregate_total,2010,447.464
chl,sex_t,age_aggregate_y25_54,edu_aggregate_total,2011,399.882
chl,sex_t,age_aggregate_y25_54,edu_aggregate_total,2012,393.476
chl,sex_t,age_aggregate_y25_54,edu_aggregate_total,2013,367.852
chl,sex_t,age_aggregate_y25_54,edu_aggregate_total,2014,364.265
chl,sex_t,age_aggregate_y25_54,edu_aggregate_total,2015,360.34
chl,sex_t,age_aggregate_y25_54,edu_aggregate_total,2016,350.638
chl,sex_t,age_aggregate_y25_54,edu_aggregate_total,2017,336.605
chl,sex_t,age_aggregate_y25_54,edu_aggregate_total,2018,329.707
chl,sex_t,age_aggregate_y25_54,edu_aggregate_total,2019,332.405
chl,sex_t,age_aggregate_y25_54,edu_aggregate_total,2020,800.886
chl,sex_t,age_aggregate_y25_54,edu_aggregate_total,2021,502.969
chl,sex_t,age_aggregate_y25_54,edu_aggregate_total,2022,398.654
chl,sex_t,age_aggregate_y25_54,edu_aggregate_total,2023,410.207
chl,sex_t,age_aggregate_y25_54,edu_aggregate_total,2024,404.569
chl,sex_t,age_aggregate_y25_54,edu_aggregate_total,2025,416.988
chl,sex_t,age_aggregate_y25_54,edu_aggregate_x,2010,0.183
chl,sex_t,age_aggregate_y25_54,edu_aggregate_x,2013,0.25
chl,sex_t,age_aggregate_y25_54,edu_aggregate_x,2014,0.358
chl,sex_t,age_aggregate_y25_54,edu_aggregate_x,2015,0.382
chl,sex_t,age_aggregate_y25_54,edu_aggregate_x,2017,0.484
chl,sex_t,age_aggregate_y25_54,edu_aggregate_x,2018,0.846
chl,sex_t,age_aggregate_y25_54,edu_aggregate_x,2019,0.917
chl,sex_t,age_aggregate_y25_54,edu_aggregate_x,2020,8.475
chl,sex_t,age_aggregate_y25_54,edu_aggregate_x,2021,2.892
chl,sex_t,age_aggregate_y25_54,edu_aggregate_x,2022,1.338
chl,sex_t,age_aggregate_y25_54,edu_aggregate_x,2023,1.77
chl,sex_t,age_aggregate_y25_54,edu_aggregate_x,2024,1.621
chl,sex_t,age_aggregate_y25_54,edu_aggregate_x,2025,1.576
chl,sex_t,age_aggregate_y55_64,edu_aggregate_adv,2010,7.009
chl,sex_t,age_aggregate_y55_64,edu_aggregate_adv,2011,9.361
chl,sex_t,age_aggregate_y55_64,edu_aggregate_adv,2012,7.6
chl,sex_t,age_aggregate_y55_64,edu_aggregate_adv,2013,7.731
chl,sex_t,age_aggregate_y55_64,edu_aggregate_adv,2014,6.759
chl,sex_t,age_aggregate_y55_64,edu_aggregate_adv,2015,8.875
chl,sex_t,age_aggregate_y55_64,edu_aggregate_adv,2016,9.545
chl,sex_t,age_aggregate_y55_64,edu_aggregate_adv,2017,10.783
chl,sex_t,age_aggregate_y55_64,edu_aggregate_adv,2018,10.582
chl,sex_t,age_aggregate_y55_64,edu_aggregate_adv,2019,10.94
chl,sex_t,age_aggregate_y55_64,edu_aggregate_adv,2020,19.991
chl,sex_t,age_aggregate_y55_64,edu_aggregate_adv,2021,13.806
chl,sex_t,age_aggregate_y55_64,edu_aggregate_adv,2022,10.262
chl,sex_t,age_aggregate_y55_64,edu_aggregate_adv,2023,14.238
chl,sex_t,age_aggregate_y55_64,edu_aggregate_adv,2024,12.5
chl,sex_t,age_aggregate_y55_64,edu_aggregate_adv,2025,13.779
chl,sex_t,age_aggregate_y55_64,edu_aggregate_bas,2010,41.388
chl,sex_t,age_aggregate_y55_64,edu_aggregate_bas,2011,38.687
chl,sex_t,age_aggregate_y55_64,edu_aggregate_bas,2012,36.024
chl,sex_t,age_aggregate_y55_64,edu_aggregate_bas,2013,36.984
chl,sex_t,age_aggregate_y55_64,edu_aggregate_bas,2014,34.648
chl,sex_t,age_aggregate_y55_64,edu_aggregate_bas,2015,37.867
chl,sex_t,age_aggregate_y55_64,edu_aggregate_bas,2016,38.83
chl,sex_t,age_aggregate_y55_64,edu_aggregate_bas,2017,39.094
chl,sex_t,age_aggregate_y55_64,edu_aggregate_bas,2018,34.343
chl,sex_t,age_aggregate_y55_64,edu_aggregate_bas,2019,40.374
chl,sex_t,age_aggregate_y55_64,edu_aggregate_bas,2020,88.203
chl,sex_t,age_aggregate_y55_64,edu_aggregate_bas,2021,66.802
chl,sex_t,age_aggregate_y55_64,edu_aggregate_bas,2022,55.717
chl,sex_t,age_aggregate_y55_64,edu_aggregate_bas,2023,59.112
chl,sex_t,age_aggregate_y55_64,edu_aggregate_bas,2024,58.449
chl,sex_t,age_aggregate_y55_64,edu_aggregate_bas,2025,58.865
chl,sex_t,age_aggregate_y55_64,edu_aggregate_int,2010,38.296
chl,sex_t,age_aggregate_y55_64,edu_aggregate_int,2011,36.979
chl,sex_t,age_aggregate_y55_64,edu_aggregate_int,2012,35.099
chl,sex_t,age_aggregate_y55_64,edu_aggregate_int,2013,32.521
chl,sex_t,age_aggregate_y55_64,edu_aggregate_int,2014,33.849
chl,sex_t,age_aggregate_y55_64,edu_aggregate_int,2015,42.465
chl,sex_t,age_aggregate_y55_64,edu_aggregate_int,2016,40.57
chl,sex_t,age_aggregate_y55_64,edu_aggregate_int,2017,37.714
chl,sex_t,age_aggregate_y55_64,edu_aggregate_int,2018,35.236
chl,sex_t,age_aggregate_y55_64,edu_aggregate_int,2019,38.596
chl,sex_t,age_aggregate_y55_64,edu_aggregate_int,2020,87.176
chl,sex_t,age_aggregate_y55_64,edu_aggregate_int,2021,65.499
chl,sex_t,age_aggregate_y55_64,edu_aggregate_int,2022,49.277
chl,sex_t,age_aggregate_y55_64,edu_aggregate_int,2023,56.637
chl,sex_t,age_aggregate_y55_64,edu_aggregate_int,2024,59.331
chl,sex_t,age_aggregate_y55_64,edu_aggregate_int,2025,60.632
chl,sex_t,age_aggregate_y55_64,edu_aggregate_ltb,2010,24.936
chl,sex_t,age_aggregate_y55_64,edu_aggregate_ltb,2011,22.951
chl,sex_t,age_aggregate_y55_64,edu_aggregate_ltb,2012,16.971
chl,sex_t,age_aggregate_y55_64,edu_aggregate_ltb,2013,17.387
chl,sex_t,age_aggregate_y55_64,edu_aggregate_ltb,2014,17.572
chl,sex_t,age_aggregate_y55_64,edu_aggregate_ltb,2015,14.907
chl,sex_t,age_aggregate_y55_64,edu_aggregate_ltb,2016,15.8
chl,sex_t,age_aggregate_y55_64,edu_aggregate_ltb,2017,13.993
chl,sex_t,age_aggregate_y55_64,edu_aggregate_ltb,2018,12.601
chl,sex_t,age_aggregate_y55_64,edu_aggregate_ltb,2019,12.952
chl,sex_t,age_aggregate_y55_64,edu_aggregate_ltb,2020,28.666
chl,sex_t,age_aggregate_y55_64,edu_aggregate_ltb,2021,20.387
chl,sex_t,age_aggregate_y55_64,edu_aggregate_ltb,2022,15.948
chl,sex_t,age_aggregate_y55_64,edu_aggregate_ltb,2023,19.724
chl,sex_t,age_aggregate_y55_64,edu_aggregate_ltb,2024,18.584
chl,sex_t,age_aggregate_y55_64,edu_aggregate_ltb,2025,17.277
chl,sex_t,age_aggregate_y55_64,edu_aggregate_total,2010,111.863
chl,sex_t,age_aggregate_y55_64,edu_aggregate_total,2011,107.984
chl,sex_t,age_aggregate_y55_64,edu_aggregate_total,2012,95.792
chl,sex_t,age_aggregate_y55_64,edu_aggregate_total,2013,94.655
chl,sex_t,age_aggregate_y55_64,edu_aggregate_total,2014,93.081
chl,sex_t,age_aggregate_y55_64,edu_aggregate_total,2015,104.452
chl,sex_t,age_aggregate_y55_64,edu_aggregate_total,2016,104.745
chl,sex_t,age_aggregate_y55_64,edu_aggregate_total,2017,101.605
chl,sex_t,age_aggregate_y55_64,edu_aggregate_total,2018,92.784
chl,sex_t,age_aggregate_y55_64,edu_aggregate_total,2019,102.93
chl,sex_t,age_aggregate_y55_64,edu_aggregate_total,2020,226.04
chl,sex_t,age_aggregate_y55_64,edu_aggregate_total,2021,167.032
chl,sex_t,age_aggregate_y55_64,edu_aggregate_total,2022,131.988
chl,sex_t,age_aggregate_y55_64,edu_aggregate_total,2023,150.062
chl,sex_t,age_aggregate_y55_64,edu_aggregate_total,2024,149.029
chl,sex_t,age_aggregate_y55_64,edu_aggregate_total,2025,150.691
chl,sex_t,age_aggregate_y55_64,edu_aggregate_x,2010,0.234
chl,sex_t,age_aggregate_y55_64,edu_aggregate_x,2020,2.004
chl,sex_t,age_aggregate_y55_64,edu_aggregate_x,2021,0.536
chl,sex_t,age_aggregate_y55_64,edu_aggregate_x,2022,0.785
chl,sex_t,age_aggregate_y55_64,edu_aggregate_x,2023,0.351
chl,sex_t,age_aggregate_yge65,edu_aggregate_adv,2010,6.209
chl,sex_t,age_aggregate_yge65,edu_aggregate_adv,2011,8.45
chl,sex_t,age_aggregate_yge65,edu_aggregate_adv,2012,9.453
chl,sex_t,age_aggregate_yge65,edu_aggregate_adv,2013,10.578
chl,sex_t,age_aggregate_yge65,edu_aggregate_adv,2014,12.413
chl,sex_t,age_aggregate_yge65,edu_aggregate_adv,2015,10.92
chl,sex_t,age_aggregate_yge65,edu_aggregate_adv,2016,12.208
chl,sex_t,age_aggregate_yge65,edu_aggregate_adv,2017,16.051
chl,sex_t,age_aggregate_yge65,edu_aggregate_adv,2018,17.842
chl,sex_t,age_aggregate_yge65,edu_aggregate_adv,2019,16.412
chl,sex_t,age_aggregate_yge65,edu_aggregate_adv,2020,30.725
chl,sex_t,age_aggregate_yge65,edu_aggregate_adv,2021,20.868
chl,sex_t,age_aggregate_yge65,edu_aggregate_adv,2022,18.854
chl,sex_t,age_aggregate_yge65,edu_aggregate_adv,2023,19.148
chl,sex_t,age_aggregate_yge65,edu_aggregate_adv,2024,26.462
chl,sex_t,age_aggregate_yge65,edu_aggregate_adv,2025,23.054
chl,sex_t,age_aggregate_yge65,edu_aggregate_bas,2010,34.948
chl,sex_t,age_aggregate_yge65,edu_aggregate_bas,2011,33.599
chl,sex_t,age_aggregate_yge65,edu_aggregate_bas,2012,32.304
chl,sex_t,age_aggregate_yge65,edu_aggregate_bas,2013,31.834
chl,sex_t,age_aggregate_yge65,edu_aggregate_bas,2014,30.702
chl,sex_t,age_aggregate_yge65,edu_aggregate_bas,2015,32.778
chl,sex_t,age_aggregate_yge65,edu_aggregate_bas,2016,35.982
chl,sex_t,age_aggregate_yge65,edu_aggregate_bas,2017,32.193
chl,sex_t,age_aggregate_yge65,edu_aggregate_bas,2018,30.935
chl,sex_t,age_aggregate_yge65,edu_aggregate_bas,2019,34.132
chl,sex_t,age_aggregate_yge65,edu_aggregate_bas,2020,64.031
chl,sex_t,age_aggregate_yge65,edu_aggregate_bas,2021,43.145
chl,sex_t,age_aggregate_yge65,edu_aggregate_bas,2022,40.517
chl,sex_t,age_aggregate_yge65,edu_aggregate_bas,2023,48.973
chl,sex_t,age_aggregate_yge65,edu_aggregate_bas,2024,61.994
chl,sex_t,age_aggregate_yge65,edu_aggregate_bas,2025,60.47
chl,sex_t,age_aggregate_yge65,edu_aggregate_int,2010,22.816
chl,sex_t,age_aggregate_yge65,edu_aggregate_int,2011,24.225
chl,sex_t,age_aggregate_yge65,edu_aggregate_int,2012,24.334
chl,sex_t,age_aggregate_yge65,edu_aggregate_int,2013,25.371
chl,sex_t,age_aggregate_yge65,edu_aggregate_int,2014,24.695
chl,sex_t,age_aggregate_yge65,edu_aggregate_int,2015,31.027
chl,sex_t,age_aggregate_yge65,edu_aggregate_int,2016,31.764
chl,sex_t,age_aggregate_yge65,edu_aggregate_int,2017,31.943
chl,sex_t,age_aggregate_yge65,edu_aggregate_int,2018,28.649
chl,sex_t,age_aggregate_yge65,edu_aggregate_int,2019,34.13
chl,sex_t,age_aggregate_yge65,edu_aggregate_int,2020,66.074
chl,sex_t,age_aggregate_yge65,edu_aggregate_int,2021,49.342
chl,sex_t,age_aggregate_yge65,edu_aggregate_int,2022,43.465
chl,sex_t,age_aggregate_yge65,edu_aggregate_int,2023,48.94
chl,sex_t,age_aggregate_yge65,edu_aggregate_int,2024,59.303
chl,sex_t,age_aggregate_yge65,edu_aggregate_int,2025,60.148
chl,sex_t,age_aggregate_yge65,edu_aggregate_ltb,2010,28.978
chl,sex_t,age_aggregate_yge65,edu_aggregate_ltb,2011,30.24
chl,sex_t,age_aggregate_yge65,edu_aggregate_ltb,2012,26.147
chl,sex_t,age_aggregate_yge65,edu_aggregate_ltb,2013,24.516
chl,sex_t,age_aggregate_yge65,edu_aggregate_ltb,2014,22.902
chl,sex_t,age_aggregate_yge65,edu_aggregate_ltb,2015,23.626
chl,sex_t,age_aggregate_yge65,edu_aggregate_ltb,2016,22.733
chl,sex_t,age_aggregate_yge65,edu_aggregate_ltb,2017,20.541
chl,sex_t,age_aggregate_yge65,edu_aggregate_ltb,2018,17.535
chl,sex_t,age_aggregate_yge65,edu_aggregate_ltb,2019,19.993
chl,sex_t,age_aggregate_yge65,edu_aggregate_ltb,2020,39.42
chl,sex_t,age_aggregate_yge65,edu_aggregate_ltb,2021,23.917
chl,sex_t,age_aggregate_yge65,edu_aggregate_ltb,2022,20.172
chl,sex_t,age_aggregate_yge65,edu_aggregate_ltb,2023,24.711
chl,sex_t,age_aggregate_yge65,edu_aggregate_ltb,2024,28.813
chl,sex_t,age_aggregate_yge65,edu_aggregate_ltb,2025,25.541
chl,sex_t,age_aggregate_yge65,edu_aggregate_total,2010,93.24
chl,sex_t,age_aggregate_yge65,edu_aggregate_total,2011,96.778
chl,sex_t,age_aggregate_yge65,edu_aggregate_total,2012,92.435
chl,sex_t,age_aggregate_yge65,edu_aggregate_total,2013,92.489
chl,sex_t,age_aggregate_yge65,edu_aggregate_total,2014,90.744
chl,sex_t,age_aggregate_yge65,edu_aggregate_total,2015,98.356
chl,sex_t,age_aggregate_yge65,edu_aggregate_total,2016,102.99
chl,sex_t,age_aggregate_yge65,edu_aggregate_total,2017,100.828
chl,sex_t,age_aggregate_yge65,edu_aggregate_total,2018,94.995
chl,sex_t,age_aggregate_yge65,edu_aggregate_total,2019,104.667
chl,sex_t,age_aggregate_yge65,edu_aggregate_total,2020,203.156
chl,sex_t,age_aggregate_yge65,edu_aggregate_total,2021,137.939
chl,sex_t,age_aggregate_yge65,edu_aggregate_total,2022,123.377
chl,sex_t,age_aggregate_yge65,edu_aggregate_total,2023,142.146
chl,sex_t,age_aggregate_yge65,edu_aggregate_total,2024,176.573
chl,sex_t,age_aggregate_yge65,edu_aggregate_total,2025,169.457
chl,sex_t,age_aggregate_yge65,edu_aggregate_x,2010,0.289
chl,sex_t,age_aggregate_yge65,edu_aggregate_x,2011,0.265
chl,sex_t,age_aggregate_yge65,edu_aggregate_x,2013,0.19
chl,sex_t,age_aggregate_yge65,edu_aggregate_x,2020,2.907
chl,sex_t,age_aggregate_yge65,edu_aggregate_x,2021,0.668
chl,sex_t,age_aggregate_yge65,edu_aggregate_x,2025,0.244
chl,sex_t,age_ythadult_y15_24,edu_aggregate_adv,2010,3.824
chl,sex_t,age_ythadult_y15_24,edu_aggregate_adv,2011,2.936
chl,sex_t,age_ythadult_y15_24,edu_aggregate_adv,2012,4.065
chl,sex_t,age_ythadult_y15_24,edu_aggregate_adv,2013,3.123
chl,sex_t,age_ythadult_y15_24,edu_aggregate_adv,2014,3.756
chl,sex_t,age_ythadult_y15_24,edu_aggregate_adv,2015,3.366
chl,sex_t,age_ythadult_y15_24,edu_aggregate_adv,2016,3.679
chl,sex_t,age_ythadult_y15_24,edu_aggregate_adv,2017,4.699
chl,sex_t,age_ythadult_y15_24,edu_aggregate_adv,2018,5.571
chl,sex_t,age_ythadult_y15_24,edu_aggregate_adv,2019,5.663
chl,sex_t,age_ythadult_y15_24,edu_aggregate_adv,2020,16.547
chl,sex_t,age_ythadult_y15_24,edu_aggregate_adv,2021,9.285
chl,sex_t,age_ythadult_y15_24,edu_aggregate_adv,2022,6.069
chl,sex_t,age_ythadult_y15_24,edu_aggregate_adv,2023,6.534
chl,sex_t,age_ythadult_y15_24,edu_aggregate_adv,2024,7.768
chl,sex_t,age_ythadult_y15_24,edu_aggregate_adv,2025,8.993
chl,sex_t,age_ythadult_y15_24,edu_aggregate_bas,2010,148.454
chl,sex_t,age_ythadult_y15_24,edu_aggregate_bas,2011,136.848
chl,sex_t,age_ythadult_y15_24,edu_aggregate_bas,2012,124.853
chl,sex_t,age_ythadult_y15_24,edu_aggregate_bas,2013,119.592
chl,sex_t,age_ythadult_y15_24,edu_aggregate_bas,2014,111.336
chl,sex_t,age_ythadult_y15_24,edu_aggregate_bas,2015,98.085
chl,sex_t,age_ythadult_y15_24,edu_aggregate_bas,2016,90.322
chl,sex_t,age_ythadult_y15_24,edu_aggregate_bas,2017,85.096
chl,sex_t,age_ythadult_y15_24,edu_aggregate_bas,2018,75.269
chl,sex_t,age_ythadult_y15_24,edu_aggregate_bas,2019,71.31
chl,sex_t,age_ythadult_y15_24,edu_aggregate_bas,2020,107.264
chl,sex_t,age_ythadult_y15_24,edu_aggregate_bas,2021,56.141
chl,sex_t,age_ythadult_y15_24,edu_aggregate_bas,2022,47.625
chl,sex_t,age_ythadult_y15_24,edu_aggregate_bas,2023,49.057
chl,sex_t,age_ythadult_y15_24,edu_aggregate_bas,2024,58.543
chl,sex_t,age_ythadult_y15_24,edu_aggregate_bas,2025,58.636
chl,sex_t,age_ythadult_y15_24,edu_aggregate_int,2010,160.509
chl,sex_t,age_ythadult_y15_24,edu_aggregate_int,2011,162.421
chl,sex_t,age_ythadult_y15_24,edu_aggregate_int,2012,151.42
chl,sex_t,age_ythadult_y15_24,edu_aggregate_int,2013,142.51
chl,sex_t,age_ythadult_y15_24,edu_aggregate_int,2014,134.65
chl,sex_t,age_ythadult_y15_24,edu_aggregate_int,2015,133.921
chl,sex_t,age_ythadult_y15_24,edu_aggregate_int,2016,121.181
chl,sex_t,age_ythadult_y15_24,edu_aggregate_int,2017,119.803
chl,sex_t,age_ythadult_y15_24,edu_aggregate_int,2018,120.125
chl,sex_t,age_ythadult_y15_24,edu_aggregate_int,2019,121.769
chl,sex_t,age_ythadult_y15_24,edu_aggregate_int,2020,249.058
chl,sex_t,age_ythadult_y15_24,edu_aggregate_int,2021,153.064
chl,sex_t,age_ythadult_y15_24,edu_aggregate_int,2022,120.439
chl,sex_t,age_ythadult_y15_24,edu_aggregate_int,2023,123.988
chl,sex_t,age_ythadult_y15_24,edu_aggregate_int,2024,135.116
chl,sex_t,age_ythadult_y15_24,edu_aggregate_int,2025,145.135
chl,sex_t,age_ythadult_y15_24,edu_aggregate_ltb,2010,5.692
chl,sex_t,age_ythadult_y15_24,edu_aggregate_ltb,2011,3.669
chl,sex_t,age_ythadult_y15_24,edu_aggregate_ltb,2012,3.185
chl,sex_t,age_ythadult_y15_24,edu_aggregate_ltb,2013,3.177
chl,sex_t,age_ythadult_y15_24,edu_aggregate_ltb,2014,2.363
chl,sex_t,age_ythadult_y15_24,edu_aggregate_ltb,2015,2.321
chl,sex_t,age_ythadult_y15_24,edu_aggregate_ltb,2016,2.356
chl,sex_t,age_ythadult_y15_24,edu_aggregate_ltb,2017,1.57
chl,sex_t,age_ythadult_y15_24,edu_aggregate_ltb,2018,1.853
chl,sex_t,age_ythadult_y15_24,edu_aggregate_ltb,2019,1.169
chl,sex_t,age_ythadult_y15_24,edu_aggregate_ltb,2020,3.123
chl,sex_t,age_ythadult_y15_24,edu_aggregate_ltb,2021,0.816
chl,sex_t,age_ythadult_y15_24,edu_aggregate_ltb,2022,0.661
chl,sex_t,age_ythadult_y15_24,edu_aggregate_ltb,2023,0.566
chl,sex_t,age_ythadult_y15_24,edu_aggregate_ltb,2024,0.63
chl,sex_t,age_ythadult_y15_24,edu_aggregate_ltb,2025,0.226
chl,sex_t,age_ythadult_y15_24,edu_aggregate_total,2010,318.497
chl,sex_t,age_ythadult_y15_24,edu_aggregate_total,2011,305.873
chl,sex_t,age_ythadult_y15_24,edu_aggregate_total,2012,283.523
chl,sex_t,age_ythadult_y15_24,edu_aggregate_total,2013,268.434
chl,sex_t,age_ythadult_y15_24,edu_aggregate_total,2014,252.138
chl,sex_t,age_ythadult_y15_24,edu_aggregate_total,2015,237.693
chl,sex_t,age_ythadult_y15_24,edu_aggregate_total,2016,217.669
chl,sex_t,age_ythadult_y15_24,edu_aggregate_total,2017,211.168
chl,sex_t,age_ythadult_y15_24,edu_aggregate_total,2018,203.001
chl,sex_t,age_ythadult_y15_24,edu_aggregate_total,2019,199.964
chl,sex_t,age_ythadult_y15_24,edu_aggregate_total,2020,377.429
chl,sex_t,age_ythadult_y15_24,edu_aggregate_total,2021,220.072
chl,sex_t,age_ythadult_y15_24,edu_aggregate_total,2022,175.126
chl,sex_t,age_ythadult_y15_24,edu_aggregate_total,2023,180.439
chl,sex_t,age_ythadult_y15_24,edu_aggregate_total,2024,202.515
chl,sex_t,age_ythadult_y15_24,edu_aggregate_total,2025,213.999
chl,sex_t,age_ythadult_y15_24,edu_aggregate_x,2020,1.437
chl,sex_t,age_ythadult_y15_24,edu_aggregate_x,2021,0.767
chl,sex_t,age_ythadult_y15_24,edu_aggregate_x,2022,0.331
chl,sex_t,age_ythadult_y15_24,edu_aggregate_x,2024,0.458
chl,sex_t,age_ythadult_y15_24,edu_aggregate_x,2025,1.01
chl,sex_t,age_ythadult_y15_64,edu_aggregate_adv,2010,35.027
chl,sex_t,age_ythadult_y15_64,edu_aggregate_adv,2011,35.755
chl,sex_t,age_ythadult_y15_64,edu_aggregate_adv,2012,34.151
chl,sex_t,age_ythadult_y15_64,edu_aggregate_adv,2013,33.335
chl,sex_t,age_ythadult_y15_64,edu_aggregate_adv,2014,37.554
chl,sex_t,age_ythadult_y15_64,edu_aggregate_adv,2015,43.471
chl,sex_t,age_ythadult_y15_64,edu_aggregate_adv,2016,42.593
chl,sex_t,age_ythadult_y15_64,edu_aggregate_adv,2017,49.224
chl,sex_t,age_ythadult_y15_64,edu_aggregate_adv,2018,53.051
chl,sex_t,age_ythadult_y15_64,edu_aggregate_adv,2019,57.004
chl,sex_t,age_ythadult_y15_64,edu_aggregate_adv,2020,150.39
chl,sex_t,age_ythadult_y15_64,edu_aggregate_adv,2021,95.507
chl,sex_t,age_ythadult_y15_64,edu_aggregate_adv,2022,68.486
chl,sex_t,age_ythadult_y15_64,edu_aggregate_adv,2023,81.319
chl,sex_t,age_ythadult_y15_64,edu_aggregate_adv,2024,80.338
chl,sex_t,age_ythadult_y15_64,edu_aggregate_adv,2025,95.684
chl,sex_t,age_ythadult_y15_64,edu_aggregate_bas,2010,369.066
chl,sex_t,age_ythadult_y15_64,edu_aggregate_bas,2011,328.417
chl,sex_t,age_ythadult_y15_64,edu_aggregate_bas,2012,307.479
chl,sex_t,age_ythadult_y15_64,edu_aggregate_bas,2013,292.539
chl,sex_t,age_ythadult_y15_64,edu_aggregate_bas,2014,273.921
chl,sex_t,age_ythadult_y15_64,edu_aggregate_bas,2015,256
chl,sex_t,age_ythadult_y15_64,edu_aggregate_bas,2016,248.91
chl,sex_t,age_ythadult_y15_64,edu_aggregate_bas,2017,230.264
chl,sex_t,age_ythadult_y15_64,edu_aggregate_bas,2018,208.338
chl,sex_t,age_ythadult_y15_64,edu_aggregate_bas,2019,204.226
chl,sex_t,age_ythadult_y15_64,edu_aggregate_bas,2020,404.813
chl,sex_t,age_ythadult_y15_64,edu_aggregate_bas,2021,254.876
chl,sex_t,age_ythadult_y15_64,edu_aggregate_bas,2022,205.736
chl,sex_t,age_ythadult_y15_64,edu_aggregate_bas,2023,213.56
chl,sex_t,age_ythadult_y15_64,edu_aggregate_bas,2024,209.712
chl,sex_t,age_ythadult_y15_64,edu_aggregate_bas,2025,200.845
chl,sex_t,age_ythadult_y15_64,edu_aggregate_int,2010,398.81
chl,sex_t,age_ythadult_y15_64,edu_aggregate_int,2011,382.993
chl,sex_t,age_ythadult_y15_64,edu_aggregate_int,2012,375.175
chl,sex_t,age_ythadult_y15_64,edu_aggregate_int,2013,353.266
chl,sex_t,age_ythadult_y15_64,edu_aggregate_int,2014,350.576
chl,sex_t,age_ythadult_y15_64,edu_aggregate_int,2015,364.381
chl,sex_t,age_ythadult_y15_64,edu_aggregate_int,2016,340.918
chl,sex_t,age_ythadult_y15_64,edu_aggregate_int,2017,333.827
chl,sex_t,age_ythadult_y15_64,edu_aggregate_int,2018,327.566
chl,sex_t,age_ythadult_y15_64,edu_aggregate_int,2019,341.752
chl,sex_t,age_ythadult_y15_64,edu_aggregate_int,2020,769.65
chl,sex_t,age_ythadult_y15_64,edu_aggregate_int,2021,494.122
chl,sex_t,age_ythadult_y15_64,edu_aggregate_int,2022,397.173
chl,sex_t,age_ythadult_y15_64,edu_aggregate_int,2023,407.473
chl,sex_t,age_ythadult_y15_64,edu_aggregate_int,2024,429.82
chl,sex_t,age_ythadult_y15_64,edu_aggregate_int,2025,453.964
chl,sex_t,age_ythadult_y15_64,edu_aggregate_ltb,2010,74.485
chl,sex_t,age_ythadult_y15_64,edu_aggregate_ltb,2011,66.45
chl,sex_t,age_ythadult_y15_64,edu_aggregate_ltb,2012,55.727
chl,sex_t,age_ythadult_y15_64,edu_aggregate_ltb,2013,51.487
chl,sex_t,age_ythadult_y15_64,edu_aggregate_ltb,2014,46.787
chl,sex_t,age_ythadult_y15_64,edu_aggregate_ltb,2015,37.913
chl,sex_t,age_ythadult_y15_64,edu_aggregate_ltb,2016,40.473
chl,sex_t,age_ythadult_y15_64,edu_aggregate_ltb,2017,35.56
chl,sex_t,age_ythadult_y15_64,edu_aggregate_ltb,2018,35.486
chl,sex_t,age_ythadult_y15_64,edu_aggregate_ltb,2019,31.279
chl,sex_t,age_ythadult_y15_64,edu_aggregate_ltb,2020,67.586
chl,sex_t,age_ythadult_y15_64,edu_aggregate_ltb,2021,41.373
chl,sex_t,age_ythadult_y15_64,edu_aggregate_ltb,2022,31.92
chl,sex_t,age_ythadult_y15_64,edu_aggregate_ltb,2023,35.94
chl,sex_t,age_ythadult_y15_64,edu_aggregate_ltb,2024,33.999
chl,sex_t,age_ythadult_y15_64,edu_aggregate_ltb,2025,28.462
chl,sex_t,age_ythadult_y15_64,edu_aggregate_total,2010,877.824
chl,sex_t,age_ythadult_y15_64,edu_aggregate_total,2011,813.739
chl,sex_t,age_ythadult_y15_64,edu_aggregate_total,2012,772.791
chl,sex_t,age_ythadult_y15_64,edu_aggregate_total,2013,730.94
chl,sex_t,age_ythadult_y15_64,edu_aggregate_total,2014,709.485
chl,sex_t,age_ythadult_y15_64,edu_aggregate_total,2015,702.484
chl,sex_t,age_ythadult_y15_64,edu_aggregate_total,2016,673.052
chl,sex_t,age_ythadult_y15_64,edu_aggregate_total,2017,649.378
chl,sex_t,age_ythadult_y15_64,edu_aggregate_total,2018,625.492
chl,sex_t,age_ythadult_y15_64,edu_aggregate_total,2019,635.3
chl,sex_t,age_ythadult_y15_64,edu_aggregate_total,2020,1404.354
chl,sex_t,age_ythadult_y15_64,edu_aggregate_total,2021,890.073
chl,sex_t,age_ythadult_y15_64,edu_aggregate_total,2022,705.768
chl,sex_t,age_ythadult_y15_64,edu_aggregate_total,2023,740.708
chl,sex_t,age_ythadult_y15_64,edu_aggregate_total,2024,756.113
chl,sex_t,age_ythadult_y15_64,edu_aggregate_total,2025,781.678
chl,sex_t,age_ythadult_y15_64,edu_aggregate_x,2010,0.435
chl,sex_t,age_ythadult_y15_64,edu_aggregate_x,2013,0.314
chl,sex_t,age_ythadult_y15_64,edu_aggregate_x,2014,0.646
chl,sex_t,age_ythadult_y15_64,edu_aggregate_x,2018,1.052
chl,sex_t,age_ythadult_y15_64,edu_aggregate_x,2019,1.039
chl,sex_t,age_ythadult_y15_64,edu_aggregate_x,2020,11.915
chl,sex_t,age_ythadult_y15_64,edu_aggregate_x,2021,4.195
chl,sex_t,age_ythadult_y15_64,edu_aggregate_x,2022,2.454
chl,sex_t,age_ythadult_y15_64,edu_aggregate_x,2023,2.415
chl,sex_t,age_ythadult_y15_64,edu_aggregate_x,2024,2.244
chl,sex_t,age_ythadult_y15_64,edu_aggregate_x,2025,2.723
chl,sex_t,age_ythadult_yge15,edu_aggregate_adv,2010,41.235
chl,sex_t,age_ythadult_yge15,edu_aggregate_adv,2011,44.205
chl,sex_t,age_ythadult_yge15,edu_aggregate_adv,2012,43.604
chl,sex_t,age_ythadult_yge15,edu_aggregate_adv,2013,43.913
chl,sex_t,age_ythadult_yge15,edu_aggregate_adv,2014,49.968
chl,sex_t,age_ythadult_yge15,edu_aggregate_adv,2015,54.39
chl,sex_t,age_ythadult_yge15,edu_aggregate_adv,2016,54.801
chl,sex_t,age_ythadult_yge15,edu_aggregate_adv,2017,65.275
chl,sex_t,age_ythadult_yge15,edu_aggregate_adv,2018,70.893
chl,sex_t,age_ythadult_yge15,edu_aggregate_adv,2019,73.416
chl,sex_t,age_ythadult_yge15,edu_aggregate_adv,2020,181.115
chl,sex_t,age_ythadult_yge15,edu_aggregate_adv,2021,116.374
chl,sex_t,age_ythadult_yge15,edu_aggregate_adv,2022,87.34
chl,sex_t,age_ythadult_yge15,edu_aggregate_adv,2023,100.467
chl,sex_t,age_ythadult_yge15,edu_aggregate_adv,2024,106.801
chl,sex_t,age_ythadult_yge15,edu_aggregate_adv,2025,118.738
chl,sex_t,age_ythadult_yge15,edu_aggregate_bas,2010,404.014
chl,sex_t,age_ythadult_yge15,edu_aggregate_bas,2011,362.016
chl,sex_t,age_ythadult_yge15,edu_aggregate_bas,2012,339.783
chl,sex_t,age_ythadult_yge15,edu_aggregate_bas,2013,324.373
chl,sex_t,age_ythadult_yge15,edu_aggregate_bas,2014,304.624
chl,sex_t,age_ythadult_yge15,edu_aggregate_bas,2015,288.779
chl,sex_t,age_ythadult_yge15,edu_aggregate_bas,2016,284.892
chl,sex_t,age_ythadult_yge15,edu_aggregate_bas,2017,262.456
chl,sex_t,age_ythadult_yge15,edu_aggregate_bas,2018,239.273
chl,sex_t,age_ythadult_yge15,edu_aggregate_bas,2019,238.358
chl,sex_t,age_ythadult_yge15,edu_aggregate_bas,2020,468.843
chl,sex_t,age_ythadult_yge15,edu_aggregate_bas,2021,298.021
chl,sex_t,age_ythadult_yge15,edu_aggregate_bas,2022,246.252
chl,sex_t,age_ythadult_yge15,edu_aggregate_bas,2023,262.533
chl,sex_t,age_ythadult_yge15,edu_aggregate_bas,2024,271.706
chl,sex_t,age_ythadult_yge15,edu_aggregate_bas,2025,261.315
chl,sex_t,age_ythadult_yge15,edu_aggregate_int,2010,421.626
chl,sex_t,age_ythadult_yge15,edu_aggregate_int,2011,407.218
chl,sex_t,age_ythadult_yge15,edu_aggregate_int,2012,399.509
chl,sex_t,age_ythadult_yge15,edu_aggregate_int,2013,378.637
chl,sex_t,age_ythadult_yge15,edu_aggregate_int,2014,375.271
chl,sex_t,age_ythadult_yge15,edu_aggregate_int,2015,395.408
chl,sex_t,age_ythadult_yge15,edu_aggregate_int,2016,372.682
chl,sex_t,age_ythadult_yge15,edu_aggregate_int,2017,365.77
chl,sex_t,age_ythadult_yge15,edu_aggregate_int,2018,356.216
chl,sex_t,age_ythadult_yge15,edu_aggregate_int,2019,375.882
chl,sex_t,age_ythadult_yge15,edu_aggregate_int,2020,835.724
chl,sex_t,age_ythadult_yge15,edu_aggregate_int,2021,543.464
chl,sex_t,age_ythadult_yge15,edu_aggregate_int,2022,440.638
chl,sex_t,age_ythadult_yge15,edu_aggregate_int,2023,456.413
chl,sex_t,age_ythadult_yge15,edu_aggregate_int,2024,489.124
chl,sex_t,age_ythadult_yge15,edu_aggregate_int,2025,514.112
chl,sex_t,age_ythadult_yge15,edu_aggregate_ltb,2010,103.464
chl,sex_t,age_ythadult_yge15,edu_aggregate_ltb,2011,96.69
chl,sex_t,age_ythadult_yge15,edu_aggregate_ltb,2012,81.874
chl,sex_t,age_ythadult_yge15,edu_aggregate_ltb,2013,76.002
chl,sex_t,age_ythadult_yge15,edu_aggregate_ltb,2014,69.689
chl,sex_t,age_ythadult_yge15,edu_aggregate_ltb,2015,61.538
chl,sex_t,age_ythadult_yge15,edu_aggregate_ltb,2016,63.206
chl,sex_t,age_ythadult_yge15,edu_aggregate_ltb,2017,56.101
chl,sex_t,age_ythadult_yge15,edu_aggregate_ltb,2018,53.02
chl,sex_t,age_ythadult_yge15,edu_aggregate_ltb,2019,51.272
chl,sex_t,age_ythadult_yge15,edu_aggregate_ltb,2020,107.006
chl,sex_t,age_ythadult_yge15,edu_aggregate_ltb,2021,65.289
chl,sex_t,age_ythadult_yge15,edu_aggregate_ltb,2022,52.092
chl,sex_t,age_ythadult_yge15,edu_aggregate_ltb,2023,60.651
chl,sex_t,age_ythadult_yge15,edu_aggregate_ltb,2024,62.812
chl,sex_t,age_ythadult_yge15,edu_aggregate_ltb,2025,54.002
chl,sex_t,age_ythadult_yge15,edu_aggregate_total,2010,971.063
chl,sex_t,age_ythadult_yge15,edu_aggregate_total,2011,910.518
chl,sex_t,age_ythadult_yge15,edu_aggregate_total,2012,865.226
chl,sex_t,age_ythadult_yge15,edu_aggregate_total,2013,823.429
chl,sex_t,age_ythadult_yge15,edu_aggregate_total,2014,800.229
chl,sex_t,age_ythadult_yge15,edu_aggregate_total,2015,800.84
chl,sex_t,age_ythadult_yge15,edu_aggregate_total,2016,776.042
chl,sex_t,age_ythadult_yge15,edu_aggregate_total,2017,750.206
chl,sex_t,age_ythadult_yge15,edu_aggregate_total,2018,720.487
chl,sex_t,age_ythadult_yge15,edu_aggregate_total,2019,739.966
chl,sex_t,age_ythadult_yge15,edu_aggregate_total,2020,1607.511
chl,sex_t,age_ythadult_yge15,edu_aggregate_total,2021,1028.012
chl,sex_t,age_ythadult_yge15,edu_aggregate_total,2022,829.145
chl,sex_t,age_ythadult_yge15,edu_aggregate_total,2023,882.854
chl,sex_t,age_ythadult_yge15,edu_aggregate_total,2024,932.686
chl,sex_t,age_ythadult_yge15,edu_aggregate_total,2025,951.135
chl,sex_t,age_ythadult_yge15,edu_aggregate_x,2010,0.725
chl,sex_t,age_ythadult_yge15,edu_aggregate_x,2011,0.389
chl,sex_t,age_ythadult_yge15,edu_aggregate_x,2012,0.455
chl,sex_t,age_ythadult_yge15,edu_aggregate_x,2013,0.504
chl,sex_t,age_ythadult_yge15,edu_aggregate_x,2014,0.678
chl,sex_t,age_ythadult_yge15,edu_aggregate_x,2015,0.725
chl,sex_t,age_ythadult_yge15,edu_aggregate_x,2016,0.461
chl,sex_t,age_ythadult_yge15,edu_aggregate_x,2017,0.603
chl,sex_t,age_ythadult_yge15,edu_aggregate_x,2018,1.085
chl,sex_t,age_ythadult_yge15,edu_aggregate_x,2019,1.039
chl,sex_t,age_ythadult_yge15,edu_aggregate_x,2020,14.822
chl,sex_t,age_ythadult_yge15,edu_aggregate_x,2021,4.863
chl,sex_t,age_ythadult_yge15,edu_aggregate_x,2022,2.823
chl,sex_t,age_ythadult_yge15,edu_aggregate_x,2023,2.789
chl,sex_t,age_ythadult_yge15,edu_aggregate_x,2024,2.244
chl,sex_t,age_ythadult_yge15,edu_aggregate_x,2025,2.966
chl,sex_t,age_ythadult_yge25,edu_aggregate_adv,2010,37.412
chl,sex_t,age_ythadult_yge25,edu_aggregate_adv,2011,41.269
chl,sex_t,age_ythadult_yge25,edu_aggregate_adv,2012,39.539
chl,sex_t,age_ythadult_yge25,edu_aggregate_adv,2013,40.79
chl,sex_t,age_ythadult_yge25,edu_aggregate_adv,2014,46.212
chl,sex_t,age_ythadult_yge25,edu_aggregate_adv,2015,51.025
chl,sex_t,age_ythadult_yge25,edu_aggregate_adv,2016,51.122
chl,sex_t,age_ythadult_yge25,edu_aggregate_adv,2017,60.577
chl,sex_t,age_ythadult_yge25,edu_aggregate_adv,2018,65.322
chl,sex_t,age_ythadult_yge25,edu_aggregate_adv,2019,67.753
chl,sex_t,age_ythadult_yge25,edu_aggregate_adv,2020,164.568
chl,sex_t,age_ythadult_yge25,edu_aggregate_adv,2021,107.089
chl,sex_t,age_ythadult_yge25,edu_aggregate_adv,2022,81.271
chl,sex_t,age_ythadult_yge25,edu_aggregate_adv,2023,93.933
chl,sex_t,age_ythadult_yge25,edu_aggregate_adv,2024,99.033
chl,sex_t,age_ythadult_yge25,edu_aggregate_adv,2025,109.745
chl,sex_t,age_ythadult_yge25,edu_aggregate_bas,2010,255.56
chl,sex_t,age_ythadult_yge25,edu_aggregate_bas,2011,225.168
chl,sex_t,age_ythadult_yge25,edu_aggregate_bas,2012,214.93
chl,sex_t,age_ythadult_yge25,edu_aggregate_bas,2013,204.781
chl,sex_t,age_ythadult_yge25,edu_aggregate_bas,2014,193.288
chl,sex_t,age_ythadult_yge25,edu_aggregate_bas,2015,190.694
chl,sex_t,age_ythadult_yge25,edu_aggregate_bas,2016,194.571
chl,sex_t,age_ythadult_yge25,edu_aggregate_bas,2017,177.36
chl,sex_t,age_ythadult_yge25,edu_aggregate_bas,2018,164.005
chl,sex_t,age_ythadult_yge25,edu_aggregate_bas,2019,167.047
chl,sex_t,age_ythadult_yge25,edu_aggregate_bas,2020,361.579
chl,sex_t,age_ythadult_yge25,edu_aggregate_bas,2021,241.88
chl,sex_t,age_ythadult_yge25,edu_aggregate_bas,2022,198.628
chl,sex_t,age_ythadult_yge25,edu_aggregate_bas,2023,213.476
chl,sex_t,age_ythadult_yge25,edu_aggregate_bas,2024,213.163
chl,sex_t,age_ythadult_yge25,edu_aggregate_bas,2025,202.68
chl,sex_t,age_ythadult_yge25,edu_aggregate_int,2010,261.117
chl,sex_t,age_ythadult_yge25,edu_aggregate_int,2011,244.797
chl,sex_t,age_ythadult_yge25,edu_aggregate_int,2012,248.089
chl,sex_t,age_ythadult_yge25,edu_aggregate_int,2013,236.127
chl,sex_t,age_ythadult_yge25,edu_aggregate_int,2014,240.621
chl,sex_t,age_ythadult_yge25,edu_aggregate_int,2015,261.487
chl,sex_t,age_ythadult_yge25,edu_aggregate_int,2016,251.501
chl,sex_t,age_ythadult_yge25,edu_aggregate_int,2017,245.968
chl,sex_t,age_ythadult_yge25,edu_aggregate_int,2018,236.091
chl,sex_t,age_ythadult_yge25,edu_aggregate_int,2019,254.113
chl,sex_t,age_ythadult_yge25,edu_aggregate_int,2020,586.666
chl,sex_t,age_ythadult_yge25,edu_aggregate_int,2021,390.4
chl,sex_t,age_ythadult_yge25,edu_aggregate_int,2022,320.199
chl,sex_t,age_ythadult_yge25,edu_aggregate_int,2023,332.425
chl,sex_t,age_ythadult_yge25,edu_aggregate_int,2024,354.008
chl,sex_t,age_ythadult_yge25,edu_aggregate_int,2025,368.978
chl,sex_t,age_ythadult_yge25,edu_aggregate_ltb,2010,97.772
chl,sex_t,age_ythadult_yge25,edu_aggregate_ltb,2011,93.022
chl,sex_t,age_ythadult_yge25,edu_aggregate_ltb,2012,78.689
chl,sex_t,age_ythadult_yge25,edu_aggregate_ltb,2013,72.826
chl,sex_t,age_ythadult_yge25,edu_aggregate_ltb,2014,67.327
chl,sex_t,age_ythadult_yge25,edu_aggregate_ltb,2015,59.217
chl,sex_t,age_ythadult_yge25,edu_aggregate_ltb,2016,60.85
chl,sex_t,age_ythadult_yge25,edu_aggregate_ltb,2017,54.53
chl,sex_t,age_ythadult_yge25,edu_aggregate_ltb,2018,51.167
chl,sex_t,age_ythadult_yge25,edu_aggregate_ltb,2019,50.103
chl,sex_t,age_ythadult_yge25,edu_aggregate_ltb,2020,103.883
chl,sex_t,age_ythadult_yge25,edu_aggregate_ltb,2021,64.474
chl,sex_t,age_ythadult_yge25,edu_aggregate_ltb,2022,51.431
chl,sex_t,age_ythadult_yge25,edu_aggregate_ltb,2023,60.085
chl,sex_t,age_ythadult_yge25,edu_aggregate_ltb,2024,62.182
chl,sex_t,age_ythadult_yge25,edu_aggregate_ltb,2025,53.777
chl,sex_t,age_ythadult_yge25,edu_aggregate_total,2010,652.566
chl,sex_t,age_ythadult_yge25,edu_aggregate_total,2011,604.644
chl,sex_t,age_ythadult_yge25,edu_aggregate_total,2012,581.703
chl,sex_t,age_ythadult_yge25,edu_aggregate_total,2013,554.995
chl,sex_t,age_ythadult_yge25,edu_aggregate_total,2014,548.09
chl,sex_t,age_ythadult_yge25,edu_aggregate_total,2015,563.147
chl,sex_t,age_ythadult_yge25,edu_aggregate_total,2016,558.372
chl,sex_t,age_ythadult_yge25,edu_aggregate_total,2017,539.038
chl,sex_t,age_ythadult_yge25,edu_aggregate_total,2018,517.485
chl,sex_t,age_ythadult_yge25,edu_aggregate_total,2019,540.002
chl,sex_t,age_ythadult_yge25,edu_aggregate_total,2020,1230.082
chl,sex_t,age_ythadult_yge25,edu_aggregate_total,2021,807.939
chl,sex_t,age_ythadult_yge25,edu_aggregate_total,2022,654.02
chl,sex_t,age_ythadult_yge25,edu_aggregate_total,2023,702.415
chl,sex_t,age_ythadult_yge25,edu_aggregate_total,2024,730.171
chl,sex_t,age_ythadult_yge25,edu_aggregate_total,2025,737.135
chl,sex_t,age_ythadult_yge25,edu_aggregate_x,2010,0.706
chl,sex_t,age_ythadult_yge25,edu_aggregate_x,2011,0.389
chl,sex_t,age_ythadult_yge25,edu_aggregate_x,2012,0.455
chl,sex_t,age_ythadult_yge25,edu_aggregate_x,2013,0.471
chl,sex_t,age_ythadult_yge25,edu_aggregate_x,2014,0.643
chl,sex_t,age_ythadult_yge25,edu_aggregate_x,2015,0.725
chl,sex_t,age_ythadult_yge25,edu_aggregate_x,2016,0.329
chl,sex_t,age_ythadult_yge25,edu_aggregate_x,2017,0.603
chl,sex_t,age_ythadult_yge25,edu_aggregate_x,2018,0.902
chl,sex_t,age_ythadult_yge25,edu_aggregate_x,2019,0.986
chl,sex_t,age_ythadult_yge25,edu_aggregate_x,2020,13.386
chl,sex_t,age_ythadult_yge25,edu_aggregate_x,2021,4.096
chl,sex_t,age_ythadult_yge25,edu_aggregate_x,2022,2.492
chl,sex_t,age_ythadult_yge25,edu_aggregate_x,2023,2.495
chl,sex_t,age_ythadult_yge25,edu_aggregate_x,2024,1.785
chl,sex_t,age_ythadult_yge25,edu_aggregate_x,2025,1.957
