ref_area,sex,classif1,classif2,time,ees_tees_sex_eco_est_nb
sen,sex_f,eco_aggregate_agr,est_sizeaggregate_s1_4,2015,6.899
sen,sex_f,eco_aggregate_agr,est_sizeaggregate_s1_4,2016,4.316
sen,sex_f,eco_aggregate_agr,est_sizeaggregate_s1_4,2019,2.754
sen,sex_f,eco_aggregate_agr,est_sizeaggregate_s1_4,2022,1.238
sen,sex_f,eco_aggregate_agr,est_sizeaggregate_s1_4,2023,2.168
sen,sex_f,eco_aggregate_agr,est_sizeaggregate_s1_4,2024,12.904
sen,sex_f,eco_aggregate_agr,est_sizeaggregate_s5_49,2015,2.264
sen,sex_f,eco_aggregate_agr,est_sizeaggregate_s5_49,2016,3.731
sen,sex_f,eco_aggregate_agr,est_sizeaggregate_s5_49,2019,1.532
sen,sex_f,eco_aggregate_agr,est_sizeaggregate_s5_49,2022,5.148
sen,sex_f,eco_aggregate_agr,est_sizeaggregate_s5_49,2023,1.166
sen,sex_f,eco_aggregate_agr,est_sizeaggregate_s5_49,2024,16.149
sen,sex_f,eco_aggregate_agr,est_sizeaggregate_sge50,2015,8.318
sen,sex_f,eco_aggregate_agr,est_sizeaggregate_sge50,2016,3.09
sen,sex_f,eco_aggregate_agr,est_sizeaggregate_sge50,2022,1.1
sen,sex_f,eco_aggregate_agr,est_sizeaggregate_total,2015,19.656
sen,sex_f,eco_aggregate_agr,est_sizeaggregate_total,2016,17.448
sen,sex_f,eco_aggregate_agr,est_sizeaggregate_total,2019,16.668
sen,sex_f,eco_aggregate_agr,est_sizeaggregate_total,2022,18.909
sen,sex_f,eco_aggregate_agr,est_sizeaggregate_total,2023,22.865
sen,sex_f,eco_aggregate_agr,est_sizeaggregate_total,2024,41.968
sen,sex_f,eco_aggregate_agr,est_sizeaggregate_x,2015,2.175
sen,sex_f,eco_aggregate_agr,est_sizeaggregate_x,2016,6.312
sen,sex_f,eco_aggregate_agr,est_sizeaggregate_x,2019,12.382
sen,sex_f,eco_aggregate_agr,est_sizeaggregate_x,2022,11.423
sen,sex_f,eco_aggregate_agr,est_sizeaggregate_x,2023,18.536
sen,sex_f,eco_aggregate_agr,est_sizeaggregate_x,2024,12.466
sen,sex_f,eco_aggregate_agr,est_sizedetails_s1,2015,3.648
sen,sex_f,eco_aggregate_agr,est_sizedetails_s1,2016,1.421
sen,sex_f,eco_aggregate_agr,est_sizedetails_s1,2022,0
sen,sex_f,eco_aggregate_agr,est_sizedetails_s1,2024,4.897
sen,sex_f,eco_aggregate_agr,est_sizedetails_s10_19,2016,1.042
sen,sex_f,eco_aggregate_agr,est_sizedetails_s10_19,2022,1.194
sen,sex_f,eco_aggregate_agr,est_sizedetails_s10_19,2024,4.511
sen,sex_f,eco_aggregate_agr,est_sizedetails_s20_49,2016,1.156
sen,sex_f,eco_aggregate_agr,est_sizedetails_s20_49,2022,2.217
sen,sex_f,eco_aggregate_agr,est_sizedetails_s20_49,2024,5.808
sen,sex_f,eco_aggregate_agr,est_sizedetails_s2_4,2015,3.251
sen,sex_f,eco_aggregate_agr,est_sizedetails_s2_4,2016,2.895
sen,sex_f,eco_aggregate_agr,est_sizedetails_s2_4,2019,2.713
sen,sex_f,eco_aggregate_agr,est_sizedetails_s2_4,2022,1.238
sen,sex_f,eco_aggregate_agr,est_sizedetails_s2_4,2023,1.873
sen,sex_f,eco_aggregate_agr,est_sizedetails_s2_4,2024,8.007
sen,sex_f,eco_aggregate_agr,est_sizedetails_s5_9,2016,1.533
sen,sex_f,eco_aggregate_agr,est_sizedetails_s5_9,2022,1.736
sen,sex_f,eco_aggregate_agr,est_sizedetails_s5_9,2023,0.533
sen,sex_f,eco_aggregate_agr,est_sizedetails_s5_9,2024,5.829
sen,sex_f,eco_aggregate_agr,est_sizedetails_sge50,2015,8.318
sen,sex_f,eco_aggregate_agr,est_sizedetails_sge50,2016,3.09
sen,sex_f,eco_aggregate_agr,est_sizedetails_sge50,2022,1.1
sen,sex_f,eco_aggregate_agr,est_sizedetails_total,2015,19.656
sen,sex_f,eco_aggregate_agr,est_sizedetails_total,2016,17.448
sen,sex_f,eco_aggregate_agr,est_sizedetails_total,2019,16.668
sen,sex_f,eco_aggregate_agr,est_sizedetails_total,2022,18.909
sen,sex_f,eco_aggregate_agr,est_sizedetails_total,2023,22.865
sen,sex_f,eco_aggregate_agr,est_sizedetails_total,2024,41.968
sen,sex_f,eco_aggregate_agr,est_sizedetails_x,2015,2.175
sen,sex_f,eco_aggregate_agr,est_sizedetails_x,2016,6.312
sen,sex_f,eco_aggregate_agr,est_sizedetails_x,2019,12.382
sen,sex_f,eco_aggregate_agr,est_sizedetails_x,2022,11.423
sen,sex_f,eco_aggregate_agr,est_sizedetails_x,2023,18.536
sen,sex_f,eco_aggregate_agr,est_sizedetails_x,2024,12.466
sen,sex_f,eco_aggregate_con,est_sizeaggregate_s1_4,2023,1.025
sen,sex_f,eco_aggregate_con,est_sizeaggregate_s5_49,2015,2.044
sen,sex_f,eco_aggregate_con,est_sizeaggregate_s5_49,2019,0
sen,sex_f,eco_aggregate_con,est_sizeaggregate_total,2015,3.248
sen,sex_f,eco_aggregate_con,est_sizeaggregate_total,2016,2.08
sen,sex_f,eco_aggregate_con,est_sizeaggregate_total,2019,1.925
sen,sex_f,eco_aggregate_con,est_sizeaggregate_total,2022,5.325
sen,sex_f,eco_aggregate_con,est_sizeaggregate_total,2023,5.523
sen,sex_f,eco_aggregate_con,est_sizeaggregate_total,2024,1.849
sen,sex_f,eco_aggregate_con,est_sizeaggregate_x,2019,1.583
sen,sex_f,eco_aggregate_con,est_sizeaggregate_x,2022,4.465
sen,sex_f,eco_aggregate_con,est_sizeaggregate_x,2023,4.121
sen,sex_f,eco_aggregate_con,est_sizedetails_s10_19,2019,0
sen,sex_f,eco_aggregate_con,est_sizedetails_s10_19,2022,0
sen,sex_f,eco_aggregate_con,est_sizedetails_s20_49,2016,0
sen,sex_f,eco_aggregate_con,est_sizedetails_s2_4,2023,1.025
sen,sex_f,eco_aggregate_con,est_sizedetails_s5_9,2019,0
sen,sex_f,eco_aggregate_con,est_sizedetails_total,2015,3.248
sen,sex_f,eco_aggregate_con,est_sizedetails_total,2016,2.08
sen,sex_f,eco_aggregate_con,est_sizedetails_total,2019,1.925
sen,sex_f,eco_aggregate_con,est_sizedetails_total,2022,5.325
sen,sex_f,eco_aggregate_con,est_sizedetails_total,2023,5.523
sen,sex_f,eco_aggregate_con,est_sizedetails_total,2024,1.849
sen,sex_f,eco_aggregate_con,est_sizedetails_x,2019,1.583
sen,sex_f,eco_aggregate_con,est_sizedetails_x,2022,4.465
sen,sex_f,eco_aggregate_con,est_sizedetails_x,2023,4.121
sen,sex_f,eco_aggregate_man,est_sizeaggregate_s1_4,2015,1.97
sen,sex_f,eco_aggregate_man,est_sizeaggregate_s1_4,2016,6.94
sen,sex_f,eco_aggregate_man,est_sizeaggregate_s1_4,2019,9.427
sen,sex_f,eco_aggregate_man,est_sizeaggregate_s1_4,2022,11.702
sen,sex_f,eco_aggregate_man,est_sizeaggregate_s1_4,2023,9.723
sen,sex_f,eco_aggregate_man,est_sizeaggregate_s1_4,2024,11.552
sen,sex_f,eco_aggregate_man,est_sizeaggregate_s5_49,2015,3.517
sen,sex_f,eco_aggregate_man,est_sizeaggregate_s5_49,2016,9.51
sen,sex_f,eco_aggregate_man,est_sizeaggregate_s5_49,2019,13.435
sen,sex_f,eco_aggregate_man,est_sizeaggregate_s5_49,2022,7.992
sen,sex_f,eco_aggregate_man,est_sizeaggregate_s5_49,2023,12.589
sen,sex_f,eco_aggregate_man,est_sizeaggregate_s5_49,2024,14.556
sen,sex_f,eco_aggregate_man,est_sizeaggregate_sge50,2015,2.078
sen,sex_f,eco_aggregate_man,est_sizeaggregate_sge50,2016,2.197
sen,sex_f,eco_aggregate_man,est_sizeaggregate_total,2015,8.028
sen,sex_f,eco_aggregate_man,est_sizeaggregate_total,2016,21.694
sen,sex_f,eco_aggregate_man,est_sizeaggregate_total,2019,47.789
sen,sex_f,eco_aggregate_man,est_sizeaggregate_total,2022,43.723
sen,sex_f,eco_aggregate_man,est_sizeaggregate_total,2023,49.152
sen,sex_f,eco_aggregate_man,est_sizeaggregate_total,2024,35.17
sen,sex_f,eco_aggregate_man,est_sizeaggregate_x,2016,3.046
sen,sex_f,eco_aggregate_man,est_sizeaggregate_x,2019,23.71
sen,sex_f,eco_aggregate_man,est_sizeaggregate_x,2022,22.883
sen,sex_f,eco_aggregate_man,est_sizeaggregate_x,2023,26.046
sen,sex_f,eco_aggregate_man,est_sizeaggregate_x,2024,8.66
sen,sex_f,eco_aggregate_man,est_sizedetails_s10_19,2016,1.86
sen,sex_f,eco_aggregate_man,est_sizedetails_s10_19,2019,1.824
sen,sex_f,eco_aggregate_man,est_sizedetails_s10_19,2022,1.282
sen,sex_f,eco_aggregate_man,est_sizedetails_s10_19,2024,1.869
sen,sex_f,eco_aggregate_man,est_sizedetails_s20_49,2016,1.229
sen,sex_f,eco_aggregate_man,est_sizedetails_s2_4,2015,1.97
sen,sex_f,eco_aggregate_man,est_sizedetails_s2_4,2016,6.739
sen,sex_f,eco_aggregate_man,est_sizedetails_s2_4,2019,9.357
sen,sex_f,eco_aggregate_man,est_sizedetails_s2_4,2022,11.446
sen,sex_f,eco_aggregate_man,est_sizedetails_s2_4,2023,9.607
sen,sex_f,eco_aggregate_man,est_sizedetails_s2_4,2024,11.194
sen,sex_f,eco_aggregate_man,est_sizedetails_s5_9,2015,2.102
sen,sex_f,eco_aggregate_man,est_sizedetails_s5_9,2016,6.42
sen,sex_f,eco_aggregate_man,est_sizedetails_s5_9,2019,10.719
sen,sex_f,eco_aggregate_man,est_sizedetails_s5_9,2022,6.363
sen,sex_f,eco_aggregate_man,est_sizedetails_s5_9,2023,11.273
sen,sex_f,eco_aggregate_man,est_sizedetails_s5_9,2024,12.492
sen,sex_f,eco_aggregate_man,est_sizedetails_sge50,2015,2.078
sen,sex_f,eco_aggregate_man,est_sizedetails_sge50,2016,2.197
sen,sex_f,eco_aggregate_man,est_sizedetails_total,2015,8.028
sen,sex_f,eco_aggregate_man,est_sizedetails_total,2016,21.694
sen,sex_f,eco_aggregate_man,est_sizedetails_total,2019,47.789
sen,sex_f,eco_aggregate_man,est_sizedetails_total,2022,43.723
sen,sex_f,eco_aggregate_man,est_sizedetails_total,2023,49.152
sen,sex_f,eco_aggregate_man,est_sizedetails_total,2024,35.17
sen,sex_f,eco_aggregate_man,est_sizedetails_x,2016,3.046
sen,sex_f,eco_aggregate_man,est_sizedetails_x,2019,23.71
sen,sex_f,eco_aggregate_man,est_sizedetails_x,2022,22.883
sen,sex_f,eco_aggregate_man,est_sizedetails_x,2023,26.046
sen,sex_f,eco_aggregate_man,est_sizedetails_x,2024,8.66
sen,sex_f,eco_aggregate_mel,est_sizeaggregate_s1_4,2016,0
sen,sex_f,eco_aggregate_mel,est_sizeaggregate_s5_49,2019,0
sen,sex_f,eco_aggregate_mel,est_sizeaggregate_sge50,2016,0.899
sen,sex_f,eco_aggregate_mel,est_sizeaggregate_total,2015,2.198
sen,sex_f,eco_aggregate_mel,est_sizeaggregate_total,2016,2.548
sen,sex_f,eco_aggregate_mel,est_sizeaggregate_total,2019,3.586
sen,sex_f,eco_aggregate_mel,est_sizeaggregate_total,2022,4.41
sen,sex_f,eco_aggregate_mel,est_sizeaggregate_total,2023,3.654
sen,sex_f,eco_aggregate_mel,est_sizeaggregate_total,2024,2.312
sen,sex_f,eco_aggregate_mel,est_sizeaggregate_x,2016,1.103
sen,sex_f,eco_aggregate_mel,est_sizeaggregate_x,2019,2.92
sen,sex_f,eco_aggregate_mel,est_sizeaggregate_x,2022,4.036
sen,sex_f,eco_aggregate_mel,est_sizeaggregate_x,2023,2.774
sen,sex_f,eco_aggregate_mel,est_sizeaggregate_x,2024,1.204
sen,sex_f,eco_aggregate_mel,est_sizedetails_s5_9,2019,0
sen,sex_f,eco_aggregate_mel,est_sizedetails_sge50,2016,0.899
sen,sex_f,eco_aggregate_mel,est_sizedetails_total,2015,2.198
sen,sex_f,eco_aggregate_mel,est_sizedetails_total,2016,2.548
sen,sex_f,eco_aggregate_mel,est_sizedetails_total,2019,3.586
sen,sex_f,eco_aggregate_mel,est_sizedetails_total,2022,4.41
sen,sex_f,eco_aggregate_mel,est_sizedetails_total,2023,3.654
sen,sex_f,eco_aggregate_mel,est_sizedetails_total,2024,2.312
sen,sex_f,eco_aggregate_mel,est_sizedetails_x,2016,1.103
sen,sex_f,eco_aggregate_mel,est_sizedetails_x,2019,2.92
sen,sex_f,eco_aggregate_mel,est_sizedetails_x,2022,4.036
sen,sex_f,eco_aggregate_mel,est_sizedetails_x,2023,2.774
sen,sex_f,eco_aggregate_mel,est_sizedetails_x,2024,1.204
sen,sex_f,eco_aggregate_mkt,est_sizeaggregate_s1_4,2015,24.008
sen,sex_f,eco_aggregate_mkt,est_sizeaggregate_s1_4,2016,18.06
sen,sex_f,eco_aggregate_mkt,est_sizeaggregate_s1_4,2019,12.63
sen,sex_f,eco_aggregate_mkt,est_sizeaggregate_s1_4,2022,11.047
sen,sex_f,eco_aggregate_mkt,est_sizeaggregate_s1_4,2023,18.253
sen,sex_f,eco_aggregate_mkt,est_sizeaggregate_s1_4,2024,21.1
sen,sex_f,eco_aggregate_mkt,est_sizeaggregate_s5_49,2015,24.422
sen,sex_f,eco_aggregate_mkt,est_sizeaggregate_s5_49,2016,16.717
sen,sex_f,eco_aggregate_mkt,est_sizeaggregate_s5_49,2019,12.532
sen,sex_f,eco_aggregate_mkt,est_sizeaggregate_s5_49,2022,4.929
sen,sex_f,eco_aggregate_mkt,est_sizeaggregate_s5_49,2023,4.235
sen,sex_f,eco_aggregate_mkt,est_sizeaggregate_s5_49,2024,11.73
sen,sex_f,eco_aggregate_mkt,est_sizeaggregate_sge50,2015,10.621
sen,sex_f,eco_aggregate_mkt,est_sizeaggregate_sge50,2016,5.338
sen,sex_f,eco_aggregate_mkt,est_sizeaggregate_total,2015,67.945
sen,sex_f,eco_aggregate_mkt,est_sizeaggregate_total,2016,47.347
sen,sex_f,eco_aggregate_mkt,est_sizeaggregate_total,2019,72.907
sen,sex_f,eco_aggregate_mkt,est_sizeaggregate_total,2022,77.295
sen,sex_f,eco_aggregate_mkt,est_sizeaggregate_total,2023,79.281
sen,sex_f,eco_aggregate_mkt,est_sizeaggregate_total,2024,74.952
sen,sex_f,eco_aggregate_mkt,est_sizeaggregate_x,2015,8.893
sen,sex_f,eco_aggregate_mkt,est_sizeaggregate_x,2016,7.231
sen,sex_f,eco_aggregate_mkt,est_sizeaggregate_x,2019,47.436
sen,sex_f,eco_aggregate_mkt,est_sizeaggregate_x,2022,59.951
sen,sex_f,eco_aggregate_mkt,est_sizeaggregate_x,2023,56.792
sen,sex_f,eco_aggregate_mkt,est_sizeaggregate_x,2024,41.955
sen,sex_f,eco_aggregate_mkt,est_sizedetails_s1,2015,8.668
sen,sex_f,eco_aggregate_mkt,est_sizedetails_s1,2016,4.973
sen,sex_f,eco_aggregate_mkt,est_sizedetails_s1,2019,1.791
sen,sex_f,eco_aggregate_mkt,est_sizedetails_s1,2022,2.25
sen,sex_f,eco_aggregate_mkt,est_sizedetails_s1,2023,4.182
sen,sex_f,eco_aggregate_mkt,est_sizedetails_s1,2024,6.446
sen,sex_f,eco_aggregate_mkt,est_sizedetails_s10_19,2015,7.552
sen,sex_f,eco_aggregate_mkt,est_sizedetails_s10_19,2016,5.257
sen,sex_f,eco_aggregate_mkt,est_sizedetails_s10_19,2019,3.244
sen,sex_f,eco_aggregate_mkt,est_sizedetails_s10_19,2022,1.019
sen,sex_f,eco_aggregate_mkt,est_sizedetails_s10_19,2023,1.027
sen,sex_f,eco_aggregate_mkt,est_sizedetails_s10_19,2024,3.858
sen,sex_f,eco_aggregate_mkt,est_sizedetails_s20_49,2015,7.526
sen,sex_f,eco_aggregate_mkt,est_sizedetails_s20_49,2016,5.076
sen,sex_f,eco_aggregate_mkt,est_sizedetails_s20_49,2019,2.372
sen,sex_f,eco_aggregate_mkt,est_sizedetails_s20_49,2024,1.677
sen,sex_f,eco_aggregate_mkt,est_sizedetails_s2_4,2015,15.34
sen,sex_f,eco_aggregate_mkt,est_sizedetails_s2_4,2016,13.087
sen,sex_f,eco_aggregate_mkt,est_sizedetails_s2_4,2019,10.839
sen,sex_f,eco_aggregate_mkt,est_sizedetails_s2_4,2022,8.797
sen,sex_f,eco_aggregate_mkt,est_sizedetails_s2_4,2023,14.072
sen,sex_f,eco_aggregate_mkt,est_sizedetails_s2_4,2024,14.653
sen,sex_f,eco_aggregate_mkt,est_sizedetails_s5_9,2015,9.345
sen,sex_f,eco_aggregate_mkt,est_sizedetails_s5_9,2016,6.384
sen,sex_f,eco_aggregate_mkt,est_sizedetails_s5_9,2019,6.916
sen,sex_f,eco_aggregate_mkt,est_sizedetails_s5_9,2022,3.377
sen,sex_f,eco_aggregate_mkt,est_sizedetails_s5_9,2023,2.91
sen,sex_f,eco_aggregate_mkt,est_sizedetails_s5_9,2024,6.195
sen,sex_f,eco_aggregate_mkt,est_sizedetails_sge50,2015,10.621
sen,sex_f,eco_aggregate_mkt,est_sizedetails_sge50,2016,5.338
sen,sex_f,eco_aggregate_mkt,est_sizedetails_total,2015,67.945
sen,sex_f,eco_aggregate_mkt,est_sizedetails_total,2016,47.347
sen,sex_f,eco_aggregate_mkt,est_sizedetails_total,2019,72.907
sen,sex_f,eco_aggregate_mkt,est_sizedetails_total,2022,77.295
sen,sex_f,eco_aggregate_mkt,est_sizedetails_total,2023,79.281
sen,sex_f,eco_aggregate_mkt,est_sizedetails_total,2024,74.952
sen,sex_f,eco_aggregate_mkt,est_sizedetails_x,2015,8.893
sen,sex_f,eco_aggregate_mkt,est_sizedetails_x,2016,7.231
sen,sex_f,eco_aggregate_mkt,est_sizedetails_x,2019,47.436
sen,sex_f,eco_aggregate_mkt,est_sizedetails_x,2022,59.951
sen,sex_f,eco_aggregate_mkt,est_sizedetails_x,2023,56.792
sen,sex_f,eco_aggregate_mkt,est_sizedetails_x,2024,41.955
sen,sex_f,eco_aggregate_pub,est_sizeaggregate_s1_4,2015,142.801
sen,sex_f,eco_aggregate_pub,est_sizeaggregate_s1_4,2016,79.396
sen,sex_f,eco_aggregate_pub,est_sizeaggregate_s1_4,2019,114.813
sen,sex_f,eco_aggregate_pub,est_sizeaggregate_s1_4,2022,105.172
sen,sex_f,eco_aggregate_pub,est_sizeaggregate_s1_4,2023,95.603
sen,sex_f,eco_aggregate_pub,est_sizeaggregate_s1_4,2024,121.058
sen,sex_f,eco_aggregate_pub,est_sizeaggregate_s5_49,2015,71.402
sen,sex_f,eco_aggregate_pub,est_sizeaggregate_s5_49,2016,61.008
sen,sex_f,eco_aggregate_pub,est_sizeaggregate_s5_49,2019,24.086
sen,sex_f,eco_aggregate_pub,est_sizeaggregate_s5_49,2022,18.429
sen,sex_f,eco_aggregate_pub,est_sizeaggregate_s5_49,2023,18.053
sen,sex_f,eco_aggregate_pub,est_sizeaggregate_s5_49,2024,44.879
sen,sex_f,eco_aggregate_pub,est_sizeaggregate_sge50,2015,19.78
sen,sex_f,eco_aggregate_pub,est_sizeaggregate_sge50,2016,14.625
sen,sex_f,eco_aggregate_pub,est_sizeaggregate_sge50,2022,1.982
sen,sex_f,eco_aggregate_pub,est_sizeaggregate_sge50,2024,2.978
sen,sex_f,eco_aggregate_pub,est_sizeaggregate_total,2015,259.368
sen,sex_f,eco_aggregate_pub,est_sizeaggregate_total,2016,177.814
sen,sex_f,eco_aggregate_pub,est_sizeaggregate_total,2019,245.265
sen,sex_f,eco_aggregate_pub,est_sizeaggregate_total,2022,277.629
sen,sex_f,eco_aggregate_pub,est_sizeaggregate_total,2023,322.246
sen,sex_f,eco_aggregate_pub,est_sizeaggregate_total,2024,250.851
sen,sex_f,eco_aggregate_pub,est_sizeaggregate_x,2015,25.386
sen,sex_f,eco_aggregate_pub,est_sizeaggregate_x,2016,22.785
sen,sex_f,eco_aggregate_pub,est_sizeaggregate_x,2019,105.77
sen,sex_f,eco_aggregate_pub,est_sizeaggregate_x,2022,152.046
sen,sex_f,eco_aggregate_pub,est_sizeaggregate_x,2023,207.401
sen,sex_f,eco_aggregate_pub,est_sizeaggregate_x,2024,81.936
sen,sex_f,eco_aggregate_pub,est_sizedetails_s1,2015,100.102
sen,sex_f,eco_aggregate_pub,est_sizedetails_s1,2016,57.566
sen,sex_f,eco_aggregate_pub,est_sizedetails_s1,2019,90.79
sen,sex_f,eco_aggregate_pub,est_sizedetails_s1,2022,71.963
sen,sex_f,eco_aggregate_pub,est_sizedetails_s1,2023,67.268
sen,sex_f,eco_aggregate_pub,est_sizedetails_s1,2024,82.259
sen,sex_f,eco_aggregate_pub,est_sizedetails_s10_19,2015,25.426
sen,sex_f,eco_aggregate_pub,est_sizedetails_s10_19,2016,23.26
sen,sex_f,eco_aggregate_pub,est_sizedetails_s10_19,2019,9.29
sen,sex_f,eco_aggregate_pub,est_sizedetails_s10_19,2022,6.4
sen,sex_f,eco_aggregate_pub,est_sizedetails_s10_19,2023,6.06
sen,sex_f,eco_aggregate_pub,est_sizedetails_s10_19,2024,14.765
sen,sex_f,eco_aggregate_pub,est_sizedetails_s20_49,2015,19.375
sen,sex_f,eco_aggregate_pub,est_sizedetails_s20_49,2016,13.838
sen,sex_f,eco_aggregate_pub,est_sizedetails_s20_49,2019,2.564
sen,sex_f,eco_aggregate_pub,est_sizedetails_s20_49,2022,3.116
sen,sex_f,eco_aggregate_pub,est_sizedetails_s20_49,2023,1.504
sen,sex_f,eco_aggregate_pub,est_sizedetails_s20_49,2024,6.174
sen,sex_f,eco_aggregate_pub,est_sizedetails_s2_4,2015,42.699
sen,sex_f,eco_aggregate_pub,est_sizedetails_s2_4,2016,21.83
sen,sex_f,eco_aggregate_pub,est_sizedetails_s2_4,2019,24.023
sen,sex_f,eco_aggregate_pub,est_sizedetails_s2_4,2022,33.21
sen,sex_f,eco_aggregate_pub,est_sizedetails_s2_4,2023,28.335
sen,sex_f,eco_aggregate_pub,est_sizedetails_s2_4,2024,38.799
sen,sex_f,eco_aggregate_pub,est_sizedetails_s5_9,2015,26.601
sen,sex_f,eco_aggregate_pub,est_sizedetails_s5_9,2016,23.91
sen,sex_f,eco_aggregate_pub,est_sizedetails_s5_9,2019,12.232
sen,sex_f,eco_aggregate_pub,est_sizedetails_s5_9,2022,8.912
sen,sex_f,eco_aggregate_pub,est_sizedetails_s5_9,2023,10.488
sen,sex_f,eco_aggregate_pub,est_sizedetails_s5_9,2024,23.94
sen,sex_f,eco_aggregate_pub,est_sizedetails_sge50,2015,19.78
sen,sex_f,eco_aggregate_pub,est_sizedetails_sge50,2016,14.625
sen,sex_f,eco_aggregate_pub,est_sizedetails_sge50,2022,1.982
sen,sex_f,eco_aggregate_pub,est_sizedetails_sge50,2024,2.978
sen,sex_f,eco_aggregate_pub,est_sizedetails_total,2015,259.368
sen,sex_f,eco_aggregate_pub,est_sizedetails_total,2016,177.814
sen,sex_f,eco_aggregate_pub,est_sizedetails_total,2019,245.265
sen,sex_f,eco_aggregate_pub,est_sizedetails_total,2022,277.629
sen,sex_f,eco_aggregate_pub,est_sizedetails_total,2023,322.246
sen,sex_f,eco_aggregate_pub,est_sizedetails_total,2024,250.851
sen,sex_f,eco_aggregate_pub,est_sizedetails_x,2015,25.386
sen,sex_f,eco_aggregate_pub,est_sizedetails_x,2016,22.785
sen,sex_f,eco_aggregate_pub,est_sizedetails_x,2019,105.77
sen,sex_f,eco_aggregate_pub,est_sizedetails_x,2022,152.046
sen,sex_f,eco_aggregate_pub,est_sizedetails_x,2023,207.401
sen,sex_f,eco_aggregate_pub,est_sizedetails_x,2024,81.936
sen,sex_f,eco_aggregate_total,est_sizeaggregate_s1_4,2015,177.185
sen,sex_f,eco_aggregate_total,est_sizeaggregate_s1_4,2016,109.449
sen,sex_f,eco_aggregate_total,est_sizeaggregate_s1_4,2019,140.14
sen,sex_f,eco_aggregate_total,est_sizeaggregate_s1_4,2022,129.942
sen,sex_f,eco_aggregate_total,est_sizeaggregate_s1_4,2023,126.772
sen,sex_f,eco_aggregate_total,est_sizeaggregate_s1_4,2024,167.056
sen,sex_f,eco_aggregate_total,est_sizeaggregate_s5_49,2015,103.85
sen,sex_f,eco_aggregate_total,est_sizeaggregate_s5_49,2016,92.084
sen,sex_f,eco_aggregate_total,est_sizeaggregate_s5_49,2019,51.585
sen,sex_f,eco_aggregate_total,est_sizeaggregate_s5_49,2022,36.948
sen,sex_f,eco_aggregate_total,est_sizeaggregate_s5_49,2023,37.3
sen,sex_f,eco_aggregate_total,est_sizeaggregate_s5_49,2024,88.003
sen,sex_f,eco_aggregate_total,est_sizeaggregate_sge50,2015,42.326
sen,sex_f,eco_aggregate_total,est_sizeaggregate_sge50,2016,26.541
sen,sex_f,eco_aggregate_total,est_sizeaggregate_sge50,2019,2.614
sen,sex_f,eco_aggregate_total,est_sizeaggregate_sge50,2022,5.596
sen,sex_f,eco_aggregate_total,est_sizeaggregate_sge50,2023,2.979
sen,sex_f,eco_aggregate_total,est_sizeaggregate_sge50,2024,4.749
sen,sex_f,eco_aggregate_total,est_sizeaggregate_total,2015,360.443
sen,sex_f,eco_aggregate_total,est_sizeaggregate_total,2016,269.12
sen,sex_f,eco_aggregate_total,est_sizeaggregate_total,2019,388.212
sen,sex_f,eco_aggregate_total,est_sizeaggregate_total,2022,427.291
sen,sex_f,eco_aggregate_total,est_sizeaggregate_total,2023,482.827
sen,sex_f,eco_aggregate_total,est_sizeaggregate_total,2024,407.583
sen,sex_f,eco_aggregate_total,est_sizeaggregate_x,2015,37.083
sen,sex_f,eco_aggregate_total,est_sizeaggregate_x,2016,41.045
sen,sex_f,eco_aggregate_total,est_sizeaggregate_x,2019,193.873
sen,sex_f,eco_aggregate_total,est_sizeaggregate_x,2022,254.805
sen,sex_f,eco_aggregate_total,est_sizeaggregate_x,2023,315.776
sen,sex_f,eco_aggregate_total,est_sizeaggregate_x,2024,147.775
sen,sex_f,eco_aggregate_total,est_sizedetails_s1,2015,113.891
sen,sex_f,eco_aggregate_total,est_sizedetails_s1,2016,64.161
sen,sex_f,eco_aggregate_total,est_sizedetails_s1,2019,92.808
sen,sex_f,eco_aggregate_total,est_sizedetails_s1,2022,74.608
sen,sex_f,eco_aggregate_total,est_sizedetails_s1,2023,71.86
sen,sex_f,eco_aggregate_total,est_sizedetails_s1,2024,93.96
sen,sex_f,eco_aggregate_total,est_sizedetails_s10_19,2015,34.222
sen,sex_f,eco_aggregate_total,est_sizedetails_s10_19,2016,32.348
sen,sex_f,eco_aggregate_total,est_sizedetails_s10_19,2019,15.078
sen,sex_f,eco_aggregate_total,est_sizedetails_s10_19,2022,9.896
sen,sex_f,eco_aggregate_total,est_sizedetails_s10_19,2023,8.855
sen,sex_f,eco_aggregate_total,est_sizedetails_s10_19,2024,25.498
sen,sex_f,eco_aggregate_total,est_sizedetails_s20_49,2015,30.159
sen,sex_f,eco_aggregate_total,est_sizedetails_s20_49,2016,21.299
sen,sex_f,eco_aggregate_total,est_sizedetails_s20_49,2019,6.167
sen,sex_f,eco_aggregate_total,est_sizedetails_s20_49,2022,6.213
sen,sex_f,eco_aggregate_total,est_sizedetails_s20_49,2023,3.19
sen,sex_f,eco_aggregate_total,est_sizedetails_s20_49,2024,13.853
sen,sex_f,eco_aggregate_total,est_sizedetails_s2_4,2015,63.294
sen,sex_f,eco_aggregate_total,est_sizedetails_s2_4,2016,45.288
sen,sex_f,eco_aggregate_total,est_sizedetails_s2_4,2019,47.332
sen,sex_f,eco_aggregate_total,est_sizedetails_s2_4,2022,55.334
sen,sex_f,eco_aggregate_total,est_sizedetails_s2_4,2023,54.911
sen,sex_f,eco_aggregate_total,est_sizedetails_s2_4,2024,73.096
sen,sex_f,eco_aggregate_total,est_sizedetails_s5_9,2015,39.468
sen,sex_f,eco_aggregate_total,est_sizedetails_s5_9,2016,38.437
sen,sex_f,eco_aggregate_total,est_sizedetails_s5_9,2019,30.34
sen,sex_f,eco_aggregate_total,est_sizedetails_s5_9,2022,20.839
sen,sex_f,eco_aggregate_total,est_sizedetails_s5_9,2023,25.256
sen,sex_f,eco_aggregate_total,est_sizedetails_s5_9,2024,48.652
sen,sex_f,eco_aggregate_total,est_sizedetails_sge50,2015,42.326
sen,sex_f,eco_aggregate_total,est_sizedetails_sge50,2016,26.541
sen,sex_f,eco_aggregate_total,est_sizedetails_sge50,2019,2.614
sen,sex_f,eco_aggregate_total,est_sizedetails_sge50,2022,5.596
sen,sex_f,eco_aggregate_total,est_sizedetails_sge50,2023,2.979
sen,sex_f,eco_aggregate_total,est_sizedetails_sge50,2024,4.749
sen,sex_f,eco_aggregate_total,est_sizedetails_total,2015,360.443
sen,sex_f,eco_aggregate_total,est_sizedetails_total,2016,269.12
sen,sex_f,eco_aggregate_total,est_sizedetails_total,2019,388.212
sen,sex_f,eco_aggregate_total,est_sizedetails_total,2022,427.291
sen,sex_f,eco_aggregate_total,est_sizedetails_total,2023,482.827
sen,sex_f,eco_aggregate_total,est_sizedetails_total,2024,407.583
sen,sex_f,eco_aggregate_total,est_sizedetails_x,2015,37.083
sen,sex_f,eco_aggregate_total,est_sizedetails_x,2016,41.045
sen,sex_f,eco_aggregate_total,est_sizedetails_x,2019,193.873
sen,sex_f,eco_aggregate_total,est_sizedetails_x,2022,254.805
sen,sex_f,eco_aggregate_total,est_sizedetails_x,2023,315.776
sen,sex_f,eco_aggregate_total,est_sizedetails_x,2024,147.775
sen,sex_f,eco_isic4_a,est_sizeaggregate_s1_4,2015,6.899
sen,sex_f,eco_isic4_a,est_sizeaggregate_s1_4,2016,4.316
sen,sex_f,eco_isic4_a,est_sizeaggregate_s1_4,2019,2.754
sen,sex_f,eco_isic4_a,est_sizeaggregate_s1_4,2022,1.238
sen,sex_f,eco_isic4_a,est_sizeaggregate_s1_4,2023,2.168
sen,sex_f,eco_isic4_a,est_sizeaggregate_s1_4,2024,12.904
sen,sex_f,eco_isic4_a,est_sizeaggregate_s5_49,2015,2.264
sen,sex_f,eco_isic4_a,est_sizeaggregate_s5_49,2016,3.731
sen,sex_f,eco_isic4_a,est_sizeaggregate_s5_49,2019,1.532
sen,sex_f,eco_isic4_a,est_sizeaggregate_s5_49,2022,5.148
sen,sex_f,eco_isic4_a,est_sizeaggregate_s5_49,2023,1.166
sen,sex_f,eco_isic4_a,est_sizeaggregate_s5_49,2024,16.149
sen,sex_f,eco_isic4_a,est_sizeaggregate_sge50,2015,8.318
sen,sex_f,eco_isic4_a,est_sizeaggregate_sge50,2016,3.09
sen,sex_f,eco_isic4_a,est_sizeaggregate_sge50,2022,1.1
sen,sex_f,eco_isic4_a,est_sizeaggregate_total,2015,19.656
sen,sex_f,eco_isic4_a,est_sizeaggregate_total,2016,17.448
sen,sex_f,eco_isic4_a,est_sizeaggregate_total,2019,16.668
sen,sex_f,eco_isic4_a,est_sizeaggregate_total,2022,18.909
sen,sex_f,eco_isic4_a,est_sizeaggregate_total,2023,22.865
sen,sex_f,eco_isic4_a,est_sizeaggregate_total,2024,41.968
sen,sex_f,eco_isic4_a,est_sizeaggregate_x,2015,2.175
sen,sex_f,eco_isic4_a,est_sizeaggregate_x,2016,6.312
sen,sex_f,eco_isic4_a,est_sizeaggregate_x,2019,12.382
sen,sex_f,eco_isic4_a,est_sizeaggregate_x,2022,11.423
sen,sex_f,eco_isic4_a,est_sizeaggregate_x,2023,18.536
sen,sex_f,eco_isic4_a,est_sizeaggregate_x,2024,12.466
sen,sex_f,eco_isic4_b,est_sizeaggregate_s5_49,2019,0
sen,sex_f,eco_isic4_b,est_sizeaggregate_s5_49,2022,0
sen,sex_f,eco_isic4_b,est_sizeaggregate_total,2015,1.848
sen,sex_f,eco_isic4_b,est_sizeaggregate_total,2016,0.854
sen,sex_f,eco_isic4_b,est_sizeaggregate_total,2019,1.811
sen,sex_f,eco_isic4_b,est_sizeaggregate_total,2022,0.394
sen,sex_f,eco_isic4_b,est_sizeaggregate_total,2023,1.205
sen,sex_f,eco_isic4_b,est_sizeaggregate_total,2024,1.243
sen,sex_f,eco_isic4_b,est_sizeaggregate_x,2019,1.145
sen,sex_f,eco_isic4_b,est_sizeaggregate_x,2022,0.394
sen,sex_f,eco_isic4_b,est_sizeaggregate_x,2023,1.205
sen,sex_f,eco_isic4_c,est_sizeaggregate_s1_4,2015,1.97
sen,sex_f,eco_isic4_c,est_sizeaggregate_s1_4,2016,6.94
sen,sex_f,eco_isic4_c,est_sizeaggregate_s1_4,2019,9.427
sen,sex_f,eco_isic4_c,est_sizeaggregate_s1_4,2022,11.702
sen,sex_f,eco_isic4_c,est_sizeaggregate_s1_4,2023,9.723
sen,sex_f,eco_isic4_c,est_sizeaggregate_s1_4,2024,11.552
sen,sex_f,eco_isic4_c,est_sizeaggregate_s5_49,2015,3.517
sen,sex_f,eco_isic4_c,est_sizeaggregate_s5_49,2016,9.51
sen,sex_f,eco_isic4_c,est_sizeaggregate_s5_49,2019,13.435
sen,sex_f,eco_isic4_c,est_sizeaggregate_s5_49,2022,7.992
sen,sex_f,eco_isic4_c,est_sizeaggregate_s5_49,2023,12.589
sen,sex_f,eco_isic4_c,est_sizeaggregate_s5_49,2024,14.556
sen,sex_f,eco_isic4_c,est_sizeaggregate_sge50,2015,2.078
sen,sex_f,eco_isic4_c,est_sizeaggregate_sge50,2016,2.197
sen,sex_f,eco_isic4_c,est_sizeaggregate_total,2015,8.028
sen,sex_f,eco_isic4_c,est_sizeaggregate_total,2016,21.694
sen,sex_f,eco_isic4_c,est_sizeaggregate_total,2019,47.789
sen,sex_f,eco_isic4_c,est_sizeaggregate_total,2022,43.723
sen,sex_f,eco_isic4_c,est_sizeaggregate_total,2023,49.152
sen,sex_f,eco_isic4_c,est_sizeaggregate_total,2024,35.17
sen,sex_f,eco_isic4_c,est_sizeaggregate_x,2016,3.046
sen,sex_f,eco_isic4_c,est_sizeaggregate_x,2019,23.71
sen,sex_f,eco_isic4_c,est_sizeaggregate_x,2022,22.883
sen,sex_f,eco_isic4_c,est_sizeaggregate_x,2023,26.046
sen,sex_f,eco_isic4_c,est_sizeaggregate_x,2024,8.66
sen,sex_f,eco_isic4_d,est_sizeaggregate_total,2016,1.541
sen,sex_f,eco_isic4_d,est_sizeaggregate_x,2016,0.949
sen,sex_f,eco_isic4_e,est_sizeaggregate_total,2022,2.225
sen,sex_f,eco_isic4_e,est_sizeaggregate_total,2023,0.483
sen,sex_f,eco_isic4_e,est_sizeaggregate_total,2024,0.779
sen,sex_f,eco_isic4_e,est_sizeaggregate_x,2022,1.977
sen,sex_f,eco_isic4_e,est_sizeaggregate_x,2023,0.483
sen,sex_f,eco_isic4_f,est_sizeaggregate_s1_4,2023,1.025
sen,sex_f,eco_isic4_f,est_sizeaggregate_s5_49,2015,2.044
sen,sex_f,eco_isic4_f,est_sizeaggregate_s5_49,2019,0
sen,sex_f,eco_isic4_f,est_sizeaggregate_total,2015,3.248
sen,sex_f,eco_isic4_f,est_sizeaggregate_total,2016,2.08
sen,sex_f,eco_isic4_f,est_sizeaggregate_total,2019,1.925
sen,sex_f,eco_isic4_f,est_sizeaggregate_total,2022,5.325
sen,sex_f,eco_isic4_f,est_sizeaggregate_total,2023,5.523
sen,sex_f,eco_isic4_f,est_sizeaggregate_total,2024,1.849
sen,sex_f,eco_isic4_f,est_sizeaggregate_x,2019,1.583
sen,sex_f,eco_isic4_f,est_sizeaggregate_x,2022,4.465
sen,sex_f,eco_isic4_f,est_sizeaggregate_x,2023,4.121
sen,sex_f,eco_isic4_g,est_sizeaggregate_s1_4,2015,14.712
sen,sex_f,eco_isic4_g,est_sizeaggregate_s1_4,2016,8.761
sen,sex_f,eco_isic4_g,est_sizeaggregate_s1_4,2019,4.837
sen,sex_f,eco_isic4_g,est_sizeaggregate_s1_4,2022,4.826
sen,sex_f,eco_isic4_g,est_sizeaggregate_s1_4,2023,10.404
sen,sex_f,eco_isic4_g,est_sizeaggregate_s1_4,2024,9.879
sen,sex_f,eco_isic4_g,est_sizeaggregate_s5_49,2015,4.771
sen,sex_f,eco_isic4_g,est_sizeaggregate_s5_49,2016,3.105
sen,sex_f,eco_isic4_g,est_sizeaggregate_s5_49,2019,2.077
sen,sex_f,eco_isic4_g,est_sizeaggregate_s5_49,2022,1.893
sen,sex_f,eco_isic4_g,est_sizeaggregate_s5_49,2023,1.605
sen,sex_f,eco_isic4_g,est_sizeaggregate_s5_49,2024,5.189
sen,sex_f,eco_isic4_g,est_sizeaggregate_sge50,2015,2.291
sen,sex_f,eco_isic4_g,est_sizeaggregate_sge50,2016,1.493
sen,sex_f,eco_isic4_g,est_sizeaggregate_total,2015,24.488
sen,sex_f,eco_isic4_g,est_sizeaggregate_total,2016,15.588
sen,sex_f,eco_isic4_g,est_sizeaggregate_total,2019,19.52
sen,sex_f,eco_isic4_g,est_sizeaggregate_total,2022,23.387
sen,sex_f,eco_isic4_g,est_sizeaggregate_total,2023,25.352
sen,sex_f,eco_isic4_g,est_sizeaggregate_total,2024,24.221
sen,sex_f,eco_isic4_g,est_sizeaggregate_x,2015,2.714
sen,sex_f,eco_isic4_g,est_sizeaggregate_x,2016,2.229
sen,sex_f,eco_isic4_g,est_sizeaggregate_x,2019,12.606
sen,sex_f,eco_isic4_g,est_sizeaggregate_x,2022,16.497
sen,sex_f,eco_isic4_g,est_sizeaggregate_x,2023,13.343
sen,sex_f,eco_isic4_g,est_sizeaggregate_x,2024,9.153
sen,sex_f,eco_isic4_h,est_sizeaggregate_s1_4,2016,0.87
sen,sex_f,eco_isic4_h,est_sizeaggregate_s1_4,2024,2.234
sen,sex_f,eco_isic4_h,est_sizeaggregate_s5_49,2022,0
sen,sex_f,eco_isic4_h,est_sizeaggregate_s5_49,2024,0
sen,sex_f,eco_isic4_h,est_sizeaggregate_total,2015,3.732
sen,sex_f,eco_isic4_h,est_sizeaggregate_total,2016,2.324
sen,sex_f,eco_isic4_h,est_sizeaggregate_total,2019,8.251
sen,sex_f,eco_isic4_h,est_sizeaggregate_total,2022,6.592
sen,sex_f,eco_isic4_h,est_sizeaggregate_total,2023,7.644
sen,sex_f,eco_isic4_h,est_sizeaggregate_total,2024,6.753
sen,sex_f,eco_isic4_h,est_sizeaggregate_x,2016,0.921
sen,sex_f,eco_isic4_h,est_sizeaggregate_x,2019,7.467
sen,sex_f,eco_isic4_h,est_sizeaggregate_x,2022,6.512
sen,sex_f,eco_isic4_h,est_sizeaggregate_x,2023,6.854
sen,sex_f,eco_isic4_h,est_sizeaggregate_x,2024,4.519
sen,sex_f,eco_isic4_i,est_sizeaggregate_s1_4,2015,6.797
sen,sex_f,eco_isic4_i,est_sizeaggregate_s1_4,2016,5.124
sen,sex_f,eco_isic4_i,est_sizeaggregate_s1_4,2019,2.977
sen,sex_f,eco_isic4_i,est_sizeaggregate_s1_4,2022,2.896
sen,sex_f,eco_isic4_i,est_sizeaggregate_s1_4,2023,3.62
sen,sex_f,eco_isic4_i,est_sizeaggregate_s1_4,2024,4.226
sen,sex_f,eco_isic4_i,est_sizeaggregate_s5_49,2015,2.93
sen,sex_f,eco_isic4_i,est_sizeaggregate_s5_49,2016,4.307
sen,sex_f,eco_isic4_i,est_sizeaggregate_s5_49,2019,7.35
sen,sex_f,eco_isic4_i,est_sizeaggregate_s5_49,2022,1.32
sen,sex_f,eco_isic4_i,est_sizeaggregate_s5_49,2023,1.617
sen,sex_f,eco_isic4_i,est_sizeaggregate_s5_49,2024,3.524
sen,sex_f,eco_isic4_i,est_sizeaggregate_sge50,2016,1.062
sen,sex_f,eco_isic4_i,est_sizeaggregate_total,2015,12.532
sen,sex_f,eco_isic4_i,est_sizeaggregate_total,2016,12.009
sen,sex_f,eco_isic4_i,est_sizeaggregate_total,2019,19.187
sen,sex_f,eco_isic4_i,est_sizeaggregate_total,2022,14.101
sen,sex_f,eco_isic4_i,est_sizeaggregate_total,2023,15.754
sen,sex_f,eco_isic4_i,est_sizeaggregate_total,2024,14.462
sen,sex_f,eco_isic4_i,est_sizeaggregate_x,2015,1.606
sen,sex_f,eco_isic4_i,est_sizeaggregate_x,2016,1.515
sen,sex_f,eco_isic4_i,est_sizeaggregate_x,2019,8.86
sen,sex_f,eco_isic4_i,est_sizeaggregate_x,2022,9.886
sen,sex_f,eco_isic4_i,est_sizeaggregate_x,2023,10.517
sen,sex_f,eco_isic4_i,est_sizeaggregate_x,2024,6.712
sen,sex_f,eco_isic4_j,est_sizeaggregate_s5_49,2015,3.123
sen,sex_f,eco_isic4_j,est_sizeaggregate_s5_49,2016,1.54
sen,sex_f,eco_isic4_j,est_sizeaggregate_s5_49,2019,1.891
sen,sex_f,eco_isic4_j,est_sizeaggregate_total,2015,6.526
sen,sex_f,eco_isic4_j,est_sizeaggregate_total,2016,3.643
sen,sex_f,eco_isic4_j,est_sizeaggregate_total,2019,5.37
sen,sex_f,eco_isic4_j,est_sizeaggregate_total,2022,10.383
sen,sex_f,eco_isic4_j,est_sizeaggregate_total,2023,6.479
sen,sex_f,eco_isic4_j,est_sizeaggregate_total,2024,10.084
sen,sex_f,eco_isic4_j,est_sizeaggregate_x,2019,3.203
sen,sex_f,eco_isic4_j,est_sizeaggregate_x,2022,9.939
sen,sex_f,eco_isic4_j,est_sizeaggregate_x,2023,6.423
sen,sex_f,eco_isic4_j,est_sizeaggregate_x,2024,9.202
sen,sex_f,eco_isic4_k,est_sizeaggregate_s1_4,2015,0.656
sen,sex_f,eco_isic4_k,est_sizeaggregate_s1_4,2016,1.141
sen,sex_f,eco_isic4_k,est_sizeaggregate_s1_4,2019,4.181
sen,sex_f,eco_isic4_k,est_sizeaggregate_s1_4,2022,3.189
sen,sex_f,eco_isic4_k,est_sizeaggregate_s1_4,2023,2.927
sen,sex_f,eco_isic4_k,est_sizeaggregate_s1_4,2024,2.749
sen,sex_f,eco_isic4_k,est_sizeaggregate_s5_49,2015,3.535
sen,sex_f,eco_isic4_k,est_sizeaggregate_s5_49,2016,4.577
sen,sex_f,eco_isic4_k,est_sizeaggregate_s5_49,2019,0.699
sen,sex_f,eco_isic4_k,est_sizeaggregate_total,2015,6.762
sen,sex_f,eco_isic4_k,est_sizeaggregate_total,2016,6.684
sen,sex_f,eco_isic4_k,est_sizeaggregate_total,2019,13.519
sen,sex_f,eco_isic4_k,est_sizeaggregate_total,2022,8.079
sen,sex_f,eco_isic4_k,est_sizeaggregate_total,2023,12.198
sen,sex_f,eco_isic4_k,est_sizeaggregate_total,2024,7.806
sen,sex_f,eco_isic4_k,est_sizeaggregate_x,2019,8.639
sen,sex_f,eco_isic4_k,est_sizeaggregate_x,2022,4.386
sen,sex_f,eco_isic4_k,est_sizeaggregate_x,2023,8.806
sen,sex_f,eco_isic4_k,est_sizeaggregate_x,2024,4.39
sen,sex_f,eco_isic4_l,est_sizeaggregate_total,2015,3.995
sen,sex_f,eco_isic4_l,est_sizeaggregate_total,2024,2.827
sen,sex_f,eco_isic4_m,est_sizeaggregate_s5_49,2015,1.446
sen,sex_f,eco_isic4_m,est_sizeaggregate_s5_49,2016,1.352
sen,sex_f,eco_isic4_m,est_sizeaggregate_total,2015,4.216
sen,sex_f,eco_isic4_m,est_sizeaggregate_total,2016,3.011
sen,sex_f,eco_isic4_m,est_sizeaggregate_total,2019,1.027
sen,sex_f,eco_isic4_m,est_sizeaggregate_total,2022,6.799
sen,sex_f,eco_isic4_m,est_sizeaggregate_total,2023,5.157
sen,sex_f,eco_isic4_m,est_sizeaggregate_total,2024,5.185
sen,sex_f,eco_isic4_m,est_sizeaggregate_x,2015,2.606
sen,sex_f,eco_isic4_m,est_sizeaggregate_x,2019,0.842
sen,sex_f,eco_isic4_m,est_sizeaggregate_x,2022,5.682
sen,sex_f,eco_isic4_m,est_sizeaggregate_x,2023,4.899
sen,sex_f,eco_isic4_m,est_sizeaggregate_x,2024,3.444
sen,sex_f,eco_isic4_n,est_sizeaggregate_s5_49,2015,3.277
sen,sex_f,eco_isic4_n,est_sizeaggregate_s5_49,2016,1.491
sen,sex_f,eco_isic4_n,est_sizeaggregate_s5_49,2024,0.544
sen,sex_f,eco_isic4_n,est_sizeaggregate_total,2015,5.694
sen,sex_f,eco_isic4_n,est_sizeaggregate_total,2016,3.517
sen,sex_f,eco_isic4_n,est_sizeaggregate_total,2019,4.382
sen,sex_f,eco_isic4_n,est_sizeaggregate_total,2022,7.149
sen,sex_f,eco_isic4_n,est_sizeaggregate_total,2023,4.116
sen,sex_f,eco_isic4_n,est_sizeaggregate_total,2024,3.614
sen,sex_f,eco_isic4_n,est_sizeaggregate_x,2019,4.167
sen,sex_f,eco_isic4_n,est_sizeaggregate_x,2022,6.245
sen,sex_f,eco_isic4_n,est_sizeaggregate_x,2023,3.427
sen,sex_f,eco_isic4_o,est_sizeaggregate_s5_49,2016,0.94
sen,sex_f,eco_isic4_o,est_sizeaggregate_s5_49,2019,0.323
sen,sex_f,eco_isic4_o,est_sizeaggregate_total,2016,2.485
sen,sex_f,eco_isic4_o,est_sizeaggregate_total,2019,11.784
sen,sex_f,eco_isic4_o,est_sizeaggregate_total,2022,6.262
sen,sex_f,eco_isic4_o,est_sizeaggregate_total,2023,16.974
sen,sex_f,eco_isic4_o,est_sizeaggregate_total,2024,7.311
sen,sex_f,eco_isic4_o,est_sizeaggregate_x,2019,11.224
sen,sex_f,eco_isic4_o,est_sizeaggregate_x,2022,5.117
sen,sex_f,eco_isic4_o,est_sizeaggregate_x,2023,16.73
sen,sex_f,eco_isic4_o,est_sizeaggregate_x,2024,6.35
sen,sex_f,eco_isic4_p,est_sizeaggregate_s1_4,2015,4.175
sen,sex_f,eco_isic4_p,est_sizeaggregate_s1_4,2016,2.533
sen,sex_f,eco_isic4_p,est_sizeaggregate_s1_4,2019,1.975
sen,sex_f,eco_isic4_p,est_sizeaggregate_s1_4,2022,1.039
sen,sex_f,eco_isic4_p,est_sizeaggregate_s1_4,2023,2.501
sen,sex_f,eco_isic4_p,est_sizeaggregate_s1_4,2024,2.062
sen,sex_f,eco_isic4_p,est_sizeaggregate_s5_49,2015,26.946
sen,sex_f,eco_isic4_p,est_sizeaggregate_s5_49,2016,25.876
sen,sex_f,eco_isic4_p,est_sizeaggregate_s5_49,2019,11.65
sen,sex_f,eco_isic4_p,est_sizeaggregate_s5_49,2022,9.711
sen,sex_f,eco_isic4_p,est_sizeaggregate_s5_49,2023,5.977
sen,sex_f,eco_isic4_p,est_sizeaggregate_s5_49,2024,20.56
sen,sex_f,eco_isic4_p,est_sizeaggregate_sge50,2015,3.078
sen,sex_f,eco_isic4_p,est_sizeaggregate_sge50,2016,3.647
sen,sex_f,eco_isic4_p,est_sizeaggregate_sge50,2022,0
sen,sex_f,eco_isic4_p,est_sizeaggregate_total,2015,41.773
sen,sex_f,eco_isic4_p,est_sizeaggregate_total,2016,39.354
sen,sex_f,eco_isic4_p,est_sizeaggregate_total,2019,40.673
sen,sex_f,eco_isic4_p,est_sizeaggregate_total,2022,41.766
sen,sex_f,eco_isic4_p,est_sizeaggregate_total,2023,37.841
sen,sex_f,eco_isic4_p,est_sizeaggregate_total,2024,44.583
sen,sex_f,eco_isic4_p,est_sizeaggregate_x,2015,7.574
sen,sex_f,eco_isic4_p,est_sizeaggregate_x,2016,7.298
sen,sex_f,eco_isic4_p,est_sizeaggregate_x,2019,27.048
sen,sex_f,eco_isic4_p,est_sizeaggregate_x,2022,31.015
sen,sex_f,eco_isic4_p,est_sizeaggregate_x,2023,28.993
sen,sex_f,eco_isic4_p,est_sizeaggregate_x,2024,21.333
sen,sex_f,eco_isic4_q,est_sizeaggregate_s1_4,2015,2.016
sen,sex_f,eco_isic4_q,est_sizeaggregate_s1_4,2016,1.072
sen,sex_f,eco_isic4_q,est_sizeaggregate_s1_4,2019,1.397
sen,sex_f,eco_isic4_q,est_sizeaggregate_s1_4,2022,0.834
sen,sex_f,eco_isic4_q,est_sizeaggregate_s1_4,2023,1.348
sen,sex_f,eco_isic4_q,est_sizeaggregate_s1_4,2024,2.532
sen,sex_f,eco_isic4_q,est_sizeaggregate_s5_49,2015,12.927
sen,sex_f,eco_isic4_q,est_sizeaggregate_s5_49,2016,11.948
sen,sex_f,eco_isic4_q,est_sizeaggregate_s5_49,2019,4.054
sen,sex_f,eco_isic4_q,est_sizeaggregate_s5_49,2022,3.772
sen,sex_f,eco_isic4_q,est_sizeaggregate_s5_49,2023,3.396
sen,sex_f,eco_isic4_q,est_sizeaggregate_s5_49,2024,6.588
sen,sex_f,eco_isic4_q,est_sizeaggregate_sge50,2015,8.025
sen,sex_f,eco_isic4_q,est_sizeaggregate_sge50,2016,4.806
sen,sex_f,eco_isic4_q,est_sizeaggregate_sge50,2024,1.147
sen,sex_f,eco_isic4_q,est_sizeaggregate_total,2015,25.803
sen,sex_f,eco_isic4_q,est_sizeaggregate_total,2016,20.815
sen,sex_f,eco_isic4_q,est_sizeaggregate_total,2019,19.19
sen,sex_f,eco_isic4_q,est_sizeaggregate_total,2022,24.769
sen,sex_f,eco_isic4_q,est_sizeaggregate_total,2023,33.316
sen,sex_f,eco_isic4_q,est_sizeaggregate_total,2024,29.042
sen,sex_f,eco_isic4_q,est_sizeaggregate_x,2015,2.835
sen,sex_f,eco_isic4_q,est_sizeaggregate_x,2016,2.988
sen,sex_f,eco_isic4_q,est_sizeaggregate_x,2019,13.672
sen,sex_f,eco_isic4_q,est_sizeaggregate_x,2022,20.164
sen,sex_f,eco_isic4_q,est_sizeaggregate_x,2023,27.752
sen,sex_f,eco_isic4_q,est_sizeaggregate_x,2024,18.775
sen,sex_f,eco_isic4_s,est_sizeaggregate_s1_4,2015,29.042
sen,sex_f,eco_isic4_s,est_sizeaggregate_s1_4,2016,19.677
sen,sex_f,eco_isic4_s,est_sizeaggregate_s1_4,2019,48.071
sen,sex_f,eco_isic4_s,est_sizeaggregate_s1_4,2022,61.922
sen,sex_f,eco_isic4_s,est_sizeaggregate_s1_4,2023,54.212
sen,sex_f,eco_isic4_s,est_sizeaggregate_s1_4,2024,71.87
sen,sex_f,eco_isic4_s,est_sizeaggregate_s5_49,2015,24.405
sen,sex_f,eco_isic4_s,est_sizeaggregate_s5_49,2016,15.687
sen,sex_f,eco_isic4_s,est_sizeaggregate_s5_49,2019,6.778
sen,sex_f,eco_isic4_s,est_sizeaggregate_s5_49,2022,4.202
sen,sex_f,eco_isic4_s,est_sizeaggregate_s5_49,2023,6.978
sen,sex_f,eco_isic4_s,est_sizeaggregate_s5_49,2024,11.782
sen,sex_f,eco_isic4_s,est_sizeaggregate_sge50,2015,5.964
sen,sex_f,eco_isic4_s,est_sizeaggregate_sge50,2016,3.841
sen,sex_f,eco_isic4_s,est_sizeaggregate_sge50,2024,1.203
sen,sex_f,eco_isic4_s,est_sizeaggregate_total,2015,64.265
sen,sex_f,eco_isic4_s,est_sizeaggregate_total,2016,43.378
sen,sex_f,eco_isic4_s,est_sizeaggregate_total,2019,87.349
sen,sex_f,eco_isic4_s,est_sizeaggregate_total,2022,149.493
sen,sex_f,eco_isic4_s,est_sizeaggregate_total,2023,181.02
sen,sex_f,eco_isic4_s,est_sizeaggregate_total,2024,113.208
sen,sex_f,eco_isic4_s,est_sizeaggregate_x,2015,4.855
sen,sex_f,eco_isic4_s,est_sizeaggregate_x,2016,4.172
sen,sex_f,eco_isic4_s,est_sizeaggregate_x,2019,31.971
sen,sex_f,eco_isic4_s,est_sizeaggregate_x,2022,82.348
sen,sex_f,eco_isic4_s,est_sizeaggregate_x,2023,119.83
sen,sex_f,eco_isic4_s,est_sizeaggregate_x,2024,28.353
sen,sex_f,eco_isic4_t,est_sizeaggregate_s1_4,2015,107.245
sen,sex_f,eco_isic4_t,est_sizeaggregate_s1_4,2016,55.923
sen,sex_f,eco_isic4_t,est_sizeaggregate_s1_4,2019,63.134
sen,sex_f,eco_isic4_t,est_sizeaggregate_s1_4,2022,40.39
sen,sex_f,eco_isic4_t,est_sizeaggregate_s1_4,2023,37.469
sen,sex_f,eco_isic4_t,est_sizeaggregate_s1_4,2024,43.995
sen,sex_f,eco_isic4_t,est_sizeaggregate_s5_49,2015,5.52
sen,sex_f,eco_isic4_t,est_sizeaggregate_s5_49,2016,5.595
sen,sex_f,eco_isic4_t,est_sizeaggregate_s5_49,2019,1.281
sen,sex_f,eco_isic4_t,est_sizeaggregate_s5_49,2023,1.067
sen,sex_f,eco_isic4_t,est_sizeaggregate_s5_49,2024,4.602
sen,sex_f,eco_isic4_t,est_sizeaggregate_sge50,2015,1.735
sen,sex_f,eco_isic4_t,est_sizeaggregate_sge50,2016,0.975
sen,sex_f,eco_isic4_t,est_sizeaggregate_total,2015,124.419
sen,sex_f,eco_isic4_t,est_sizeaggregate_total,2016,69.373
sen,sex_f,eco_isic4_t,est_sizeaggregate_total,2019,85.374
sen,sex_f,eco_isic4_t,est_sizeaggregate_total,2022,54.596
sen,sex_f,eco_isic4_t,est_sizeaggregate_total,2023,51.687
sen,sex_f,eco_isic4_t,est_sizeaggregate_total,2024,55.524
sen,sex_f,eco_isic4_t,est_sizeaggregate_x,2015,9.918
sen,sex_f,eco_isic4_t,est_sizeaggregate_x,2016,6.881
sen,sex_f,eco_isic4_t,est_sizeaggregate_x,2019,20.959
sen,sex_f,eco_isic4_t,est_sizeaggregate_x,2022,12.953
sen,sex_f,eco_isic4_t,est_sizeaggregate_x,2023,13.151
sen,sex_f,eco_isic4_t,est_sizeaggregate_x,2024,6.928
sen,sex_f,eco_isic4_total,est_sizeaggregate_s1_4,2015,177.185
sen,sex_f,eco_isic4_total,est_sizeaggregate_s1_4,2016,109.449
sen,sex_f,eco_isic4_total,est_sizeaggregate_s1_4,2019,140.14
sen,sex_f,eco_isic4_total,est_sizeaggregate_s1_4,2022,129.942
sen,sex_f,eco_isic4_total,est_sizeaggregate_s1_4,2023,126.772
sen,sex_f,eco_isic4_total,est_sizeaggregate_s1_4,2024,167.056
sen,sex_f,eco_isic4_total,est_sizeaggregate_s5_49,2015,103.85
sen,sex_f,eco_isic4_total,est_sizeaggregate_s5_49,2016,92.084
sen,sex_f,eco_isic4_total,est_sizeaggregate_s5_49,2019,51.585
sen,sex_f,eco_isic4_total,est_sizeaggregate_s5_49,2022,36.948
sen,sex_f,eco_isic4_total,est_sizeaggregate_s5_49,2023,37.3
sen,sex_f,eco_isic4_total,est_sizeaggregate_s5_49,2024,88.003
sen,sex_f,eco_isic4_total,est_sizeaggregate_sge50,2015,42.326
sen,sex_f,eco_isic4_total,est_sizeaggregate_sge50,2016,26.541
sen,sex_f,eco_isic4_total,est_sizeaggregate_sge50,2019,2.614
sen,sex_f,eco_isic4_total,est_sizeaggregate_sge50,2022,5.596
sen,sex_f,eco_isic4_total,est_sizeaggregate_sge50,2023,2.979
sen,sex_f,eco_isic4_total,est_sizeaggregate_sge50,2024,4.749
sen,sex_f,eco_isic4_total,est_sizeaggregate_total,2015,360.443
sen,sex_f,eco_isic4_total,est_sizeaggregate_total,2016,269.12
sen,sex_f,eco_isic4_total,est_sizeaggregate_total,2019,388.212
sen,sex_f,eco_isic4_total,est_sizeaggregate_total,2022,427.291
sen,sex_f,eco_isic4_total,est_sizeaggregate_total,2023,482.827
sen,sex_f,eco_isic4_total,est_sizeaggregate_total,2024,407.583
sen,sex_f,eco_isic4_total,est_sizeaggregate_x,2015,37.083
sen,sex_f,eco_isic4_total,est_sizeaggregate_x,2016,41.045
sen,sex_f,eco_isic4_total,est_sizeaggregate_x,2019,193.873
sen,sex_f,eco_isic4_total,est_sizeaggregate_x,2022,254.805
sen,sex_f,eco_isic4_total,est_sizeaggregate_x,2023,315.776
sen,sex_f,eco_isic4_total,est_sizeaggregate_x,2024,147.775
sen,sex_f,eco_isic4_u,est_sizeaggregate_s5_49,2016,0.963
sen,sex_f,eco_isic4_u,est_sizeaggregate_total,2015,3.108
sen,sex_f,eco_isic4_u,est_sizeaggregate_total,2016,2.028
sen,sex_f,eco_isic4_u,est_sizeaggregate_total,2022,0.666
sen,sex_f,eco_isic4_u,est_sizeaggregate_total,2024,1.03
sen,sex_f,eco_isic4_u,est_sizeaggregate_x,2022,0.37
sen,sex_f,eco_sector_agr,est_sizeaggregate_s1_4,2015,6.899
sen,sex_f,eco_sector_agr,est_sizeaggregate_s1_4,2016,4.316
sen,sex_f,eco_sector_agr,est_sizeaggregate_s1_4,2019,2.754
sen,sex_f,eco_sector_agr,est_sizeaggregate_s1_4,2022,1.238
sen,sex_f,eco_sector_agr,est_sizeaggregate_s1_4,2023,2.168
sen,sex_f,eco_sector_agr,est_sizeaggregate_s1_4,2024,12.904
sen,sex_f,eco_sector_agr,est_sizeaggregate_s5_49,2015,2.264
sen,sex_f,eco_sector_agr,est_sizeaggregate_s5_49,2016,3.731
sen,sex_f,eco_sector_agr,est_sizeaggregate_s5_49,2019,1.532
sen,sex_f,eco_sector_agr,est_sizeaggregate_s5_49,2022,5.148
sen,sex_f,eco_sector_agr,est_sizeaggregate_s5_49,2023,1.166
sen,sex_f,eco_sector_agr,est_sizeaggregate_s5_49,2024,16.149
sen,sex_f,eco_sector_agr,est_sizeaggregate_sge50,2015,8.318
sen,sex_f,eco_sector_agr,est_sizeaggregate_sge50,2016,3.09
sen,sex_f,eco_sector_agr,est_sizeaggregate_sge50,2022,1.1
sen,sex_f,eco_sector_agr,est_sizeaggregate_total,2015,19.656
sen,sex_f,eco_sector_agr,est_sizeaggregate_total,2016,17.448
sen,sex_f,eco_sector_agr,est_sizeaggregate_total,2019,16.668
sen,sex_f,eco_sector_agr,est_sizeaggregate_total,2022,18.909
sen,sex_f,eco_sector_agr,est_sizeaggregate_total,2023,22.865
sen,sex_f,eco_sector_agr,est_sizeaggregate_total,2024,41.968
sen,sex_f,eco_sector_agr,est_sizeaggregate_x,2015,2.175
sen,sex_f,eco_sector_agr,est_sizeaggregate_x,2016,6.312
sen,sex_f,eco_sector_agr,est_sizeaggregate_x,2019,12.382
sen,sex_f,eco_sector_agr,est_sizeaggregate_x,2022,11.423
sen,sex_f,eco_sector_agr,est_sizeaggregate_x,2023,18.536
sen,sex_f,eco_sector_agr,est_sizeaggregate_x,2024,12.466
sen,sex_f,eco_sector_agr,est_sizedetails_s1,2015,3.648
sen,sex_f,eco_sector_agr,est_sizedetails_s1,2016,1.421
sen,sex_f,eco_sector_agr,est_sizedetails_s1,2022,0
sen,sex_f,eco_sector_agr,est_sizedetails_s1,2024,4.897
sen,sex_f,eco_sector_agr,est_sizedetails_s10_19,2016,1.042
sen,sex_f,eco_sector_agr,est_sizedetails_s10_19,2022,1.194
sen,sex_f,eco_sector_agr,est_sizedetails_s10_19,2024,4.511
sen,sex_f,eco_sector_agr,est_sizedetails_s20_49,2016,1.156
sen,sex_f,eco_sector_agr,est_sizedetails_s20_49,2022,2.217
sen,sex_f,eco_sector_agr,est_sizedetails_s20_49,2024,5.808
sen,sex_f,eco_sector_agr,est_sizedetails_s2_4,2015,3.251
sen,sex_f,eco_sector_agr,est_sizedetails_s2_4,2016,2.895
sen,sex_f,eco_sector_agr,est_sizedetails_s2_4,2019,2.713
sen,sex_f,eco_sector_agr,est_sizedetails_s2_4,2022,1.238
sen,sex_f,eco_sector_agr,est_sizedetails_s2_4,2023,1.873
sen,sex_f,eco_sector_agr,est_sizedetails_s2_4,2024,8.007
sen,sex_f,eco_sector_agr,est_sizedetails_s5_9,2016,1.533
sen,sex_f,eco_sector_agr,est_sizedetails_s5_9,2022,1.736
sen,sex_f,eco_sector_agr,est_sizedetails_s5_9,2023,0.533
sen,sex_f,eco_sector_agr,est_sizedetails_s5_9,2024,5.829
sen,sex_f,eco_sector_agr,est_sizedetails_sge50,2015,8.318
sen,sex_f,eco_sector_agr,est_sizedetails_sge50,2016,3.09
sen,sex_f,eco_sector_agr,est_sizedetails_sge50,2022,1.1
sen,sex_f,eco_sector_agr,est_sizedetails_total,2015,19.656
sen,sex_f,eco_sector_agr,est_sizedetails_total,2016,17.448
sen,sex_f,eco_sector_agr,est_sizedetails_total,2019,16.668
sen,sex_f,eco_sector_agr,est_sizedetails_total,2022,18.909
sen,sex_f,eco_sector_agr,est_sizedetails_total,2023,22.865
sen,sex_f,eco_sector_agr,est_sizedetails_total,2024,41.968
sen,sex_f,eco_sector_agr,est_sizedetails_x,2015,2.175
sen,sex_f,eco_sector_agr,est_sizedetails_x,2016,6.312
sen,sex_f,eco_sector_agr,est_sizedetails_x,2019,12.382
sen,sex_f,eco_sector_agr,est_sizedetails_x,2022,11.423
sen,sex_f,eco_sector_agr,est_sizedetails_x,2023,18.536
sen,sex_f,eco_sector_agr,est_sizedetails_x,2024,12.466
sen,sex_f,eco_sector_ind,est_sizeaggregate_s1_4,2015,3.477
sen,sex_f,eco_sector_ind,est_sizeaggregate_s1_4,2016,7.677
sen,sex_f,eco_sector_ind,est_sizeaggregate_s1_4,2019,9.944
sen,sex_f,eco_sector_ind,est_sizeaggregate_s1_4,2022,12.485
sen,sex_f,eco_sector_ind,est_sizeaggregate_s1_4,2023,10.748
sen,sex_f,eco_sector_ind,est_sizeaggregate_s1_4,2024,11.993
sen,sex_f,eco_sector_ind,est_sizeaggregate_s5_49,2015,5.762
sen,sex_f,eco_sector_ind,est_sizeaggregate_s5_49,2016,10.629
sen,sex_f,eco_sector_ind,est_sizeaggregate_s5_49,2019,13.435
sen,sex_f,eco_sector_ind,est_sizeaggregate_s5_49,2022,8.443
sen,sex_f,eco_sector_ind,est_sizeaggregate_s5_49,2023,13.847
sen,sex_f,eco_sector_ind,est_sizeaggregate_s5_49,2024,15.245
sen,sex_f,eco_sector_ind,est_sizeaggregate_sge50,2015,3.607
sen,sex_f,eco_sector_ind,est_sizeaggregate_sge50,2016,3.488
sen,sex_f,eco_sector_ind,est_sizeaggregate_sge50,2019,1.708
sen,sex_f,eco_sector_ind,est_sizeaggregate_sge50,2024,1.156
sen,sex_f,eco_sector_ind,est_sizeaggregate_total,2015,13.475
sen,sex_f,eco_sector_ind,est_sizeaggregate_total,2016,26.322
sen,sex_f,eco_sector_ind,est_sizeaggregate_total,2019,53.301
sen,sex_f,eco_sector_ind,est_sizeaggregate_total,2022,53.458
sen,sex_f,eco_sector_ind,est_sizeaggregate_total,2023,58.329
sen,sex_f,eco_sector_ind,est_sizeaggregate_total,2024,39.33
sen,sex_f,eco_sector_ind,est_sizeaggregate_x,2016,4.529
sen,sex_f,eco_sector_ind,est_sizeaggregate_x,2019,28.214
sen,sex_f,eco_sector_ind,est_sizeaggregate_x,2022,31.384
sen,sex_f,eco_sector_ind,est_sizeaggregate_x,2023,32.941
sen,sex_f,eco_sector_ind,est_sizeaggregate_x,2024,10.937
sen,sex_f,eco_sector_ind,est_sizedetails_s1,2015,1.473
sen,sex_f,eco_sector_ind,est_sizedetails_s10_19,2016,2.789
sen,sex_f,eco_sector_ind,est_sizedetails_s10_19,2019,1.824
sen,sex_f,eco_sector_ind,est_sizedetails_s10_19,2022,1.282
sen,sex_f,eco_sector_ind,est_sizedetails_s10_19,2023,1.579
sen,sex_f,eco_sector_ind,est_sizedetails_s10_19,2024,2.363
sen,sex_f,eco_sector_ind,est_sizedetails_s20_49,2016,1.229
sen,sex_f,eco_sector_ind,est_sizedetails_s2_4,2015,2.004
sen,sex_f,eco_sector_ind,est_sizedetails_s2_4,2016,7.476
sen,sex_f,eco_sector_ind,est_sizedetails_s2_4,2019,9.757
sen,sex_f,eco_sector_ind,est_sizedetails_s2_4,2022,12.089
sen,sex_f,eco_sector_ind,est_sizedetails_s2_4,2023,10.631
sen,sex_f,eco_sector_ind,est_sizedetails_s2_4,2024,11.636
sen,sex_f,eco_sector_ind,est_sizedetails_s5_9,2015,3.005
sen,sex_f,eco_sector_ind,est_sizedetails_s5_9,2016,6.61
sen,sex_f,eco_sector_ind,est_sizedetails_s5_9,2019,10.719
sen,sex_f,eco_sector_ind,est_sizedetails_s5_9,2022,6.813
sen,sex_f,eco_sector_ind,est_sizedetails_s5_9,2023,11.324
sen,sex_f,eco_sector_ind,est_sizedetails_s5_9,2024,12.688
sen,sex_f,eco_sector_ind,est_sizedetails_sge50,2015,3.607
sen,sex_f,eco_sector_ind,est_sizedetails_sge50,2016,3.488
sen,sex_f,eco_sector_ind,est_sizedetails_sge50,2019,1.708
sen,sex_f,eco_sector_ind,est_sizedetails_sge50,2024,1.156
sen,sex_f,eco_sector_ind,est_sizedetails_total,2015,13.475
sen,sex_f,eco_sector_ind,est_sizedetails_total,2016,26.322
sen,sex_f,eco_sector_ind,est_sizedetails_total,2019,53.301
sen,sex_f,eco_sector_ind,est_sizedetails_total,2022,53.458
sen,sex_f,eco_sector_ind,est_sizedetails_total,2023,58.329
sen,sex_f,eco_sector_ind,est_sizedetails_total,2024,39.33
sen,sex_f,eco_sector_ind,est_sizedetails_x,2016,4.529
sen,sex_f,eco_sector_ind,est_sizedetails_x,2019,28.214
sen,sex_f,eco_sector_ind,est_sizedetails_x,2022,31.384
sen,sex_f,eco_sector_ind,est_sizedetails_x,2023,32.941
sen,sex_f,eco_sector_ind,est_sizedetails_x,2024,10.937
sen,sex_f,eco_sector_nag,est_sizeaggregate_s1_4,2015,170.286
sen,sex_f,eco_sector_nag,est_sizeaggregate_s1_4,2016,105.133
sen,sex_f,eco_sector_nag,est_sizeaggregate_s1_4,2019,137.387
sen,sex_f,eco_sector_nag,est_sizeaggregate_s1_4,2022,128.704
sen,sex_f,eco_sector_nag,est_sizeaggregate_s1_4,2023,124.604
sen,sex_f,eco_sector_nag,est_sizeaggregate_s1_4,2024,154.151
sen,sex_f,eco_sector_nag,est_sizeaggregate_s5_49,2015,101.586
sen,sex_f,eco_sector_nag,est_sizeaggregate_s5_49,2016,88.354
sen,sex_f,eco_sector_nag,est_sizeaggregate_s5_49,2019,50.053
sen,sex_f,eco_sector_nag,est_sizeaggregate_s5_49,2022,31.801
sen,sex_f,eco_sector_nag,est_sizeaggregate_s5_49,2023,36.135
sen,sex_f,eco_sector_nag,est_sizeaggregate_s5_49,2024,71.854
sen,sex_f,eco_sector_nag,est_sizeaggregate_sge50,2015,34.008
sen,sex_f,eco_sector_nag,est_sizeaggregate_sge50,2016,23.451
sen,sex_f,eco_sector_nag,est_sizeaggregate_sge50,2019,2.614
sen,sex_f,eco_sector_nag,est_sizeaggregate_sge50,2022,4.496
sen,sex_f,eco_sector_nag,est_sizeaggregate_sge50,2023,1.983
sen,sex_f,eco_sector_nag,est_sizeaggregate_sge50,2024,4.3
sen,sex_f,eco_sector_nag,est_sizeaggregate_total,2015,340.788
sen,sex_f,eco_sector_nag,est_sizeaggregate_total,2016,251.671
sen,sex_f,eco_sector_nag,est_sizeaggregate_total,2019,371.544
sen,sex_f,eco_sector_nag,est_sizeaggregate_total,2022,408.382
sen,sex_f,eco_sector_nag,est_sizeaggregate_total,2023,459.962
sen,sex_f,eco_sector_nag,est_sizeaggregate_total,2024,365.614
sen,sex_f,eco_sector_nag,est_sizeaggregate_x,2015,34.908
sen,sex_f,eco_sector_nag,est_sizeaggregate_x,2016,34.733
sen,sex_f,eco_sector_nag,est_sizeaggregate_x,2019,181.491
sen,sex_f,eco_sector_nag,est_sizeaggregate_x,2022,243.382
sen,sex_f,eco_sector_nag,est_sizeaggregate_x,2023,297.241
sen,sex_f,eco_sector_nag,est_sizeaggregate_x,2024,135.309
sen,sex_f,eco_sector_nag,est_sizedetails_s1,2015,110.243
sen,sex_f,eco_sector_nag,est_sizedetails_s1,2016,62.74
sen,sex_f,eco_sector_nag,est_sizedetails_s1,2019,92.768
sen,sex_f,eco_sector_nag,est_sizedetails_s1,2022,74.608
sen,sex_f,eco_sector_nag,est_sizedetails_s1,2023,71.566
sen,sex_f,eco_sector_nag,est_sizedetails_s1,2024,89.063
sen,sex_f,eco_sector_nag,est_sizedetails_s10_19,2015,33.608
sen,sex_f,eco_sector_nag,est_sizedetails_s10_19,2016,31.306
sen,sex_f,eco_sector_nag,est_sizedetails_s10_19,2019,14.358
sen,sex_f,eco_sector_nag,est_sizedetails_s10_19,2022,8.702
sen,sex_f,eco_sector_nag,est_sizedetails_s10_19,2023,8.667
sen,sex_f,eco_sector_nag,est_sizedetails_s10_19,2024,20.986
sen,sex_f,eco_sector_nag,est_sizedetails_s20_49,2015,29.027
sen,sex_f,eco_sector_nag,est_sizedetails_s20_49,2016,20.143
sen,sex_f,eco_sector_nag,est_sizedetails_s20_49,2019,5.828
sen,sex_f,eco_sector_nag,est_sizedetails_s20_49,2022,3.996
sen,sex_f,eco_sector_nag,est_sizedetails_s20_49,2023,2.744
sen,sex_f,eco_sector_nag,est_sizedetails_s20_49,2024,8.045
sen,sex_f,eco_sector_nag,est_sizedetails_s2_4,2015,60.043
sen,sex_f,eco_sector_nag,est_sizedetails_s2_4,2016,42.393
sen,sex_f,eco_sector_nag,est_sizedetails_s2_4,2019,44.619
sen,sex_f,eco_sector_nag,est_sizedetails_s2_4,2022,54.096
sen,sex_f,eco_sector_nag,est_sizedetails_s2_4,2023,53.038
sen,sex_f,eco_sector_nag,est_sizedetails_s2_4,2024,65.089
sen,sex_f,eco_sector_nag,est_sizedetails_s5_9,2015,38.951
sen,sex_f,eco_sector_nag,est_sizedetails_s5_9,2016,36.904
sen,sex_f,eco_sector_nag,est_sizedetails_s5_9,2019,29.868
sen,sex_f,eco_sector_nag,est_sizedetails_s5_9,2022,19.103
sen,sex_f,eco_sector_nag,est_sizedetails_s5_9,2023,24.723
sen,sex_f,eco_sector_nag,est_sizedetails_s5_9,2024,42.823
sen,sex_f,eco_sector_nag,est_sizedetails_sge50,2015,34.008
sen,sex_f,eco_sector_nag,est_sizedetails_sge50,2016,23.451
sen,sex_f,eco_sector_nag,est_sizedetails_sge50,2019,2.614
sen,sex_f,eco_sector_nag,est_sizedetails_sge50,2022,4.496
sen,sex_f,eco_sector_nag,est_sizedetails_sge50,2023,1.983
sen,sex_f,eco_sector_nag,est_sizedetails_sge50,2024,4.3
sen,sex_f,eco_sector_nag,est_sizedetails_total,2015,340.788
sen,sex_f,eco_sector_nag,est_sizedetails_total,2016,251.671
sen,sex_f,eco_sector_nag,est_sizedetails_total,2019,371.544
sen,sex_f,eco_sector_nag,est_sizedetails_total,2022,408.382
sen,sex_f,eco_sector_nag,est_sizedetails_total,2023,459.962
sen,sex_f,eco_sector_nag,est_sizedetails_total,2024,365.614
sen,sex_f,eco_sector_nag,est_sizedetails_x,2015,34.908
sen,sex_f,eco_sector_nag,est_sizedetails_x,2016,34.733
sen,sex_f,eco_sector_nag,est_sizedetails_x,2019,181.491
sen,sex_f,eco_sector_nag,est_sizedetails_x,2022,243.382
sen,sex_f,eco_sector_nag,est_sizedetails_x,2023,297.241
sen,sex_f,eco_sector_nag,est_sizedetails_x,2024,135.309
sen,sex_f,eco_sector_ser,est_sizeaggregate_s1_4,2015,166.809
sen,sex_f,eco_sector_ser,est_sizeaggregate_s1_4,2016,97.456
sen,sex_f,eco_sector_ser,est_sizeaggregate_s1_4,2019,127.442
sen,sex_f,eco_sector_ser,est_sizeaggregate_s1_4,2022,116.219
sen,sex_f,eco_sector_ser,est_sizeaggregate_s1_4,2023,113.856
sen,sex_f,eco_sector_ser,est_sizeaggregate_s1_4,2024,142.158
sen,sex_f,eco_sector_ser,est_sizeaggregate_s5_49,2015,95.824
sen,sex_f,eco_sector_ser,est_sizeaggregate_s5_49,2016,77.725
sen,sex_f,eco_sector_ser,est_sizeaggregate_s5_49,2019,36.618
sen,sex_f,eco_sector_ser,est_sizeaggregate_s5_49,2022,23.358
sen,sex_f,eco_sector_ser,est_sizeaggregate_s5_49,2023,22.288
sen,sex_f,eco_sector_ser,est_sizeaggregate_s5_49,2024,56.609
sen,sex_f,eco_sector_ser,est_sizeaggregate_sge50,2015,30.401
sen,sex_f,eco_sector_ser,est_sizeaggregate_sge50,2016,19.963
sen,sex_f,eco_sector_ser,est_sizeaggregate_sge50,2019,0.905
sen,sex_f,eco_sector_ser,est_sizeaggregate_sge50,2022,3.35
sen,sex_f,eco_sector_ser,est_sizeaggregate_sge50,2024,3.145
sen,sex_f,eco_sector_ser,est_sizeaggregate_total,2015,327.313
sen,sex_f,eco_sector_ser,est_sizeaggregate_total,2016,225.161
sen,sex_f,eco_sector_ser,est_sizeaggregate_total,2019,318.172
sen,sex_f,eco_sector_ser,est_sizeaggregate_total,2022,354.924
sen,sex_f,eco_sector_ser,est_sizeaggregate_total,2023,401.527
sen,sex_f,eco_sector_ser,est_sizeaggregate_total,2024,325.803
sen,sex_f,eco_sector_ser,est_sizeaggregate_x,2015,34.279
sen,sex_f,eco_sector_ser,est_sizeaggregate_x,2016,30.016
sen,sex_f,eco_sector_ser,est_sizeaggregate_x,2019,153.206
sen,sex_f,eco_sector_ser,est_sizeaggregate_x,2022,211.998
sen,sex_f,eco_sector_ser,est_sizeaggregate_x,2023,264.193
sen,sex_f,eco_sector_ser,est_sizeaggregate_x,2024,123.891
sen,sex_f,eco_sector_ser,est_sizedetails_s1,2015,108.77
sen,sex_f,eco_sector_ser,est_sizedetails_s1,2016,62.539
sen,sex_f,eco_sector_ser,est_sizedetails_s1,2019,92.581
sen,sex_f,eco_sector_ser,est_sizedetails_s1,2022,74.212
sen,sex_f,eco_sector_ser,est_sizedetails_s1,2023,71.449
sen,sex_f,eco_sector_ser,est_sizedetails_s1,2024,88.705
sen,sex_f,eco_sector_ser,est_sizedetails_s10_19,2015,32.978
sen,sex_f,eco_sector_ser,est_sizedetails_s10_19,2016,28.517
sen,sex_f,eco_sector_ser,est_sizedetails_s10_19,2019,12.533
sen,sex_f,eco_sector_ser,est_sizedetails_s10_19,2022,7.419
sen,sex_f,eco_sector_ser,est_sizedetails_s10_19,2023,7.088
sen,sex_f,eco_sector_ser,est_sizedetails_s10_19,2024,18.623
sen,sex_f,eco_sector_ser,est_sizedetails_s20_49,2015,26.9
sen,sex_f,eco_sector_ser,est_sizedetails_s20_49,2016,18.914
sen,sex_f,eco_sector_ser,est_sizedetails_s20_49,2019,4.936
sen,sex_f,eco_sector_ser,est_sizedetails_s20_49,2022,3.649
sen,sex_f,eco_sector_ser,est_sizedetails_s20_49,2023,1.801
sen,sex_f,eco_sector_ser,est_sizedetails_s20_49,2024,7.851
sen,sex_f,eco_sector_ser,est_sizedetails_s2_4,2015,58.039
sen,sex_f,eco_sector_ser,est_sizedetails_s2_4,2016,34.917
sen,sex_f,eco_sector_ser,est_sizedetails_s2_4,2019,34.862
sen,sex_f,eco_sector_ser,est_sizedetails_s2_4,2022,42.007
sen,sex_f,eco_sector_ser,est_sizedetails_s2_4,2023,42.407
sen,sex_f,eco_sector_ser,est_sizedetails_s2_4,2024,53.453
sen,sex_f,eco_sector_ser,est_sizedetails_s5_9,2015,35.946
sen,sex_f,eco_sector_ser,est_sizedetails_s5_9,2016,30.294
sen,sex_f,eco_sector_ser,est_sizedetails_s5_9,2019,19.149
sen,sex_f,eco_sector_ser,est_sizedetails_s5_9,2022,12.29
sen,sex_f,eco_sector_ser,est_sizedetails_s5_9,2023,13.399
sen,sex_f,eco_sector_ser,est_sizedetails_s5_9,2024,30.135
sen,sex_f,eco_sector_ser,est_sizedetails_sge50,2015,30.401
sen,sex_f,eco_sector_ser,est_sizedetails_sge50,2016,19.963
sen,sex_f,eco_sector_ser,est_sizedetails_sge50,2019,0.905
sen,sex_f,eco_sector_ser,est_sizedetails_sge50,2022,3.35
sen,sex_f,eco_sector_ser,est_sizedetails_sge50,2024,3.145
sen,sex_f,eco_sector_ser,est_sizedetails_total,2015,327.313
sen,sex_f,eco_sector_ser,est_sizedetails_total,2016,225.161
sen,sex_f,eco_sector_ser,est_sizedetails_total,2019,318.172
sen,sex_f,eco_sector_ser,est_sizedetails_total,2022,354.924
sen,sex_f,eco_sector_ser,est_sizedetails_total,2023,401.527
sen,sex_f,eco_sector_ser,est_sizedetails_total,2024,325.803
sen,sex_f,eco_sector_ser,est_sizedetails_x,2015,34.279
sen,sex_f,eco_sector_ser,est_sizedetails_x,2016,30.016
sen,sex_f,eco_sector_ser,est_sizedetails_x,2019,153.206
sen,sex_f,eco_sector_ser,est_sizedetails_x,2022,211.998
sen,sex_f,eco_sector_ser,est_sizedetails_x,2023,264.193
sen,sex_f,eco_sector_ser,est_sizedetails_x,2024,123.891
sen,sex_f,eco_sector_total,est_sizeaggregate_s1_4,2015,177.185
sen,sex_f,eco_sector_total,est_sizeaggregate_s1_4,2016,109.449
sen,sex_f,eco_sector_total,est_sizeaggregate_s1_4,2019,140.14
sen,sex_f,eco_sector_total,est_sizeaggregate_s1_4,2022,129.942
sen,sex_f,eco_sector_total,est_sizeaggregate_s1_4,2023,126.772
sen,sex_f,eco_sector_total,est_sizeaggregate_s1_4,2024,167.056
sen,sex_f,eco_sector_total,est_sizeaggregate_s5_49,2015,103.85
sen,sex_f,eco_sector_total,est_sizeaggregate_s5_49,2016,92.084
sen,sex_f,eco_sector_total,est_sizeaggregate_s5_49,2019,51.585
sen,sex_f,eco_sector_total,est_sizeaggregate_s5_49,2022,36.948
sen,sex_f,eco_sector_total,est_sizeaggregate_s5_49,2023,37.3
sen,sex_f,eco_sector_total,est_sizeaggregate_s5_49,2024,88.003
sen,sex_f,eco_sector_total,est_sizeaggregate_sge50,2015,42.326
sen,sex_f,eco_sector_total,est_sizeaggregate_sge50,2016,26.541
sen,sex_f,eco_sector_total,est_sizeaggregate_sge50,2019,2.614
sen,sex_f,eco_sector_total,est_sizeaggregate_sge50,2022,5.596
sen,sex_f,eco_sector_total,est_sizeaggregate_sge50,2023,2.979
sen,sex_f,eco_sector_total,est_sizeaggregate_sge50,2024,4.749
sen,sex_f,eco_sector_total,est_sizeaggregate_total,2015,360.443
sen,sex_f,eco_sector_total,est_sizeaggregate_total,2016,269.12
sen,sex_f,eco_sector_total,est_sizeaggregate_total,2019,388.212
sen,sex_f,eco_sector_total,est_sizeaggregate_total,2022,427.291
sen,sex_f,eco_sector_total,est_sizeaggregate_total,2023,482.827
sen,sex_f,eco_sector_total,est_sizeaggregate_total,2024,407.583
sen,sex_f,eco_sector_total,est_sizeaggregate_x,2015,37.083
sen,sex_f,eco_sector_total,est_sizeaggregate_x,2016,41.045
sen,sex_f,eco_sector_total,est_sizeaggregate_x,2019,193.873
sen,sex_f,eco_sector_total,est_sizeaggregate_x,2022,254.805
sen,sex_f,eco_sector_total,est_sizeaggregate_x,2023,315.776
sen,sex_f,eco_sector_total,est_sizeaggregate_x,2024,147.775
sen,sex_f,eco_sector_total,est_sizedetails_s1,2015,113.891
sen,sex_f,eco_sector_total,est_sizedetails_s1,2016,64.161
sen,sex_f,eco_sector_total,est_sizedetails_s1,2019,92.808
sen,sex_f,eco_sector_total,est_sizedetails_s1,2022,74.608
sen,sex_f,eco_sector_total,est_sizedetails_s1,2023,71.86
sen,sex_f,eco_sector_total,est_sizedetails_s1,2024,93.96
sen,sex_f,eco_sector_total,est_sizedetails_s10_19,2015,34.222
sen,sex_f,eco_sector_total,est_sizedetails_s10_19,2016,32.348
sen,sex_f,eco_sector_total,est_sizedetails_s10_19,2019,15.078
sen,sex_f,eco_sector_total,est_sizedetails_s10_19,2022,9.896
sen,sex_f,eco_sector_total,est_sizedetails_s10_19,2023,8.855
sen,sex_f,eco_sector_total,est_sizedetails_s10_19,2024,25.498
sen,sex_f,eco_sector_total,est_sizedetails_s20_49,2015,30.159
sen,sex_f,eco_sector_total,est_sizedetails_s20_49,2016,21.299
sen,sex_f,eco_sector_total,est_sizedetails_s20_49,2019,6.167
sen,sex_f,eco_sector_total,est_sizedetails_s20_49,2022,6.213
sen,sex_f,eco_sector_total,est_sizedetails_s20_49,2023,3.19
sen,sex_f,eco_sector_total,est_sizedetails_s20_49,2024,13.853
sen,sex_f,eco_sector_total,est_sizedetails_s2_4,2015,63.294
sen,sex_f,eco_sector_total,est_sizedetails_s2_4,2016,45.288
sen,sex_f,eco_sector_total,est_sizedetails_s2_4,2019,47.332
sen,sex_f,eco_sector_total,est_sizedetails_s2_4,2022,55.334
sen,sex_f,eco_sector_total,est_sizedetails_s2_4,2023,54.911
sen,sex_f,eco_sector_total,est_sizedetails_s2_4,2024,73.096
sen,sex_f,eco_sector_total,est_sizedetails_s5_9,2015,39.468
sen,sex_f,eco_sector_total,est_sizedetails_s5_9,2016,38.437
sen,sex_f,eco_sector_total,est_sizedetails_s5_9,2019,30.34
sen,sex_f,eco_sector_total,est_sizedetails_s5_9,2022,20.839
sen,sex_f,eco_sector_total,est_sizedetails_s5_9,2023,25.256
sen,sex_f,eco_sector_total,est_sizedetails_s5_9,2024,48.652
sen,sex_f,eco_sector_total,est_sizedetails_sge50,2015,42.326
sen,sex_f,eco_sector_total,est_sizedetails_sge50,2016,26.541
sen,sex_f,eco_sector_total,est_sizedetails_sge50,2019,2.614
sen,sex_f,eco_sector_total,est_sizedetails_sge50,2022,5.596
sen,sex_f,eco_sector_total,est_sizedetails_sge50,2023,2.979
sen,sex_f,eco_sector_total,est_sizedetails_sge50,2024,4.749
sen,sex_f,eco_sector_total,est_sizedetails_total,2015,360.443
sen,sex_f,eco_sector_total,est_sizedetails_total,2016,269.12
sen,sex_f,eco_sector_total,est_sizedetails_total,2019,388.212
sen,sex_f,eco_sector_total,est_sizedetails_total,2022,427.291
sen,sex_f,eco_sector_total,est_sizedetails_total,2023,482.827
sen,sex_f,eco_sector_total,est_sizedetails_total,2024,407.583
sen,sex_f,eco_sector_total,est_sizedetails_x,2015,37.083
sen,sex_f,eco_sector_total,est_sizedetails_x,2016,41.045
sen,sex_f,eco_sector_total,est_sizedetails_x,2019,193.873
sen,sex_f,eco_sector_total,est_sizedetails_x,2022,254.805
sen,sex_f,eco_sector_total,est_sizedetails_x,2023,315.776
sen,sex_f,eco_sector_total,est_sizedetails_x,2024,147.775
sen,sex_m,eco_aggregate_agr,est_sizeaggregate_s1_4,2015,38.638
sen,sex_m,eco_aggregate_agr,est_sizeaggregate_s1_4,2016,29.727
sen,sex_m,eco_aggregate_agr,est_sizeaggregate_s1_4,2019,27.185
sen,sex_m,eco_aggregate_agr,est_sizeaggregate_s1_4,2022,18.926
sen,sex_m,eco_aggregate_agr,est_sizeaggregate_s1_4,2023,23.663
sen,sex_m,eco_aggregate_agr,est_sizeaggregate_s1_4,2024,62.977
sen,sex_m,eco_aggregate_agr,est_sizeaggregate_s5_49,2015,25.316
sen,sex_m,eco_aggregate_agr,est_sizeaggregate_s5_49,2016,24.858
sen,sex_m,eco_aggregate_agr,est_sizeaggregate_s5_49,2019,17.873
sen,sex_m,eco_aggregate_agr,est_sizeaggregate_s5_49,2022,8.428
sen,sex_m,eco_aggregate_agr,est_sizeaggregate_s5_49,2023,10.173
sen,sex_m,eco_aggregate_agr,est_sizeaggregate_s5_49,2024,44.753
sen,sex_m,eco_aggregate_agr,est_sizeaggregate_sge50,2015,13.518
sen,sex_m,eco_aggregate_agr,est_sizeaggregate_sge50,2016,2.59
sen,sex_m,eco_aggregate_agr,est_sizeaggregate_sge50,2023,1.15
sen,sex_m,eco_aggregate_agr,est_sizeaggregate_sge50,2024,3.617
sen,sex_m,eco_aggregate_agr,est_sizeaggregate_total,2015,88.219
sen,sex_m,eco_aggregate_agr,est_sizeaggregate_total,2016,71.758
sen,sex_m,eco_aggregate_agr,est_sizeaggregate_total,2019,79.613
sen,sex_m,eco_aggregate_agr,est_sizeaggregate_total,2022,61.724
sen,sex_m,eco_aggregate_agr,est_sizeaggregate_total,2023,81.341
sen,sex_m,eco_aggregate_agr,est_sizeaggregate_total,2024,136.626
sen,sex_m,eco_aggregate_agr,est_sizeaggregate_x,2015,10.747
sen,sex_m,eco_aggregate_agr,est_sizeaggregate_x,2016,14.582
sen,sex_m,eco_aggregate_agr,est_sizeaggregate_x,2019,34.043
sen,sex_m,eco_aggregate_agr,est_sizeaggregate_x,2022,33.551
sen,sex_m,eco_aggregate_agr,est_sizeaggregate_x,2023,46.356
sen,sex_m,eco_aggregate_agr,est_sizeaggregate_x,2024,25.279
sen,sex_m,eco_aggregate_agr,est_sizedetails_s1,2015,13.659
sen,sex_m,eco_aggregate_agr,est_sizedetails_s1,2016,10.41
sen,sex_m,eco_aggregate_agr,est_sizedetails_s1,2019,10.006
sen,sex_m,eco_aggregate_agr,est_sizedetails_s1,2022,5.84
sen,sex_m,eco_aggregate_agr,est_sizedetails_s1,2023,6.441
sen,sex_m,eco_aggregate_agr,est_sizedetails_s1,2024,18.391
sen,sex_m,eco_aggregate_agr,est_sizedetails_s10_19,2015,11.93
sen,sex_m,eco_aggregate_agr,est_sizedetails_s10_19,2016,7.456
sen,sex_m,eco_aggregate_agr,est_sizedetails_s10_19,2019,7.677
sen,sex_m,eco_aggregate_agr,est_sizedetails_s10_19,2022,1.74
sen,sex_m,eco_aggregate_agr,est_sizedetails_s10_19,2024,13.262
sen,sex_m,eco_aggregate_agr,est_sizedetails_s20_49,2015,5.141
sen,sex_m,eco_aggregate_agr,est_sizedetails_s20_49,2016,5.202
sen,sex_m,eco_aggregate_agr,est_sizedetails_s20_49,2019,1.472
sen,sex_m,eco_aggregate_agr,est_sizedetails_s20_49,2022,1.791
sen,sex_m,eco_aggregate_agr,est_sizedetails_s20_49,2024,5.132
sen,sex_m,eco_aggregate_agr,est_sizedetails_s2_4,2015,24.98
sen,sex_m,eco_aggregate_agr,est_sizedetails_s2_4,2016,19.317
sen,sex_m,eco_aggregate_agr,est_sizedetails_s2_4,2019,17.18
sen,sex_m,eco_aggregate_agr,est_sizedetails_s2_4,2022,13.086
sen,sex_m,eco_aggregate_agr,est_sizedetails_s2_4,2023,17.221
sen,sex_m,eco_aggregate_agr,est_sizedetails_s2_4,2024,44.586
sen,sex_m,eco_aggregate_agr,est_sizedetails_s5_9,2015,8.245
sen,sex_m,eco_aggregate_agr,est_sizedetails_s5_9,2016,12.199
sen,sex_m,eco_aggregate_agr,est_sizedetails_s5_9,2019,8.724
sen,sex_m,eco_aggregate_agr,est_sizedetails_s5_9,2022,4.896
sen,sex_m,eco_aggregate_agr,est_sizedetails_s5_9,2023,8.987
sen,sex_m,eco_aggregate_agr,est_sizedetails_s5_9,2024,26.359
sen,sex_m,eco_aggregate_agr,est_sizedetails_sge50,2015,13.518
sen,sex_m,eco_aggregate_agr,est_sizedetails_sge50,2016,2.59
sen,sex_m,eco_aggregate_agr,est_sizedetails_sge50,2023,1.15
sen,sex_m,eco_aggregate_agr,est_sizedetails_sge50,2024,3.617
sen,sex_m,eco_aggregate_agr,est_sizedetails_total,2015,88.219
sen,sex_m,eco_aggregate_agr,est_sizedetails_total,2016,71.758
sen,sex_m,eco_aggregate_agr,est_sizedetails_total,2019,79.613
sen,sex_m,eco_aggregate_agr,est_sizedetails_total,2022,61.724
sen,sex_m,eco_aggregate_agr,est_sizedetails_total,2023,81.341
sen,sex_m,eco_aggregate_agr,est_sizedetails_total,2024,136.626
sen,sex_m,eco_aggregate_agr,est_sizedetails_x,2015,10.747
sen,sex_m,eco_aggregate_agr,est_sizedetails_x,2016,14.582
sen,sex_m,eco_aggregate_agr,est_sizedetails_x,2019,34.043
sen,sex_m,eco_aggregate_agr,est_sizedetails_x,2022,33.551
sen,sex_m,eco_aggregate_agr,est_sizedetails_x,2023,46.356
sen,sex_m,eco_aggregate_agr,est_sizedetails_x,2024,25.279
sen,sex_m,eco_aggregate_con,est_sizeaggregate_s1_4,2015,28.084
sen,sex_m,eco_aggregate_con,est_sizeaggregate_s1_4,2016,31.459
sen,sex_m,eco_aggregate_con,est_sizeaggregate_s1_4,2019,47.501
sen,sex_m,eco_aggregate_con,est_sizeaggregate_s1_4,2022,76.504
sen,sex_m,eco_aggregate_con,est_sizeaggregate_s1_4,2023,71.29
sen,sex_m,eco_aggregate_con,est_sizeaggregate_s1_4,2024,73.791
sen,sex_m,eco_aggregate_con,est_sizeaggregate_s5_49,2015,80.387
sen,sex_m,eco_aggregate_con,est_sizeaggregate_s5_49,2016,49.346
sen,sex_m,eco_aggregate_con,est_sizeaggregate_s5_49,2019,57.841
sen,sex_m,eco_aggregate_con,est_sizeaggregate_s5_49,2022,50.995
sen,sex_m,eco_aggregate_con,est_sizeaggregate_s5_49,2023,42.708
sen,sex_m,eco_aggregate_con,est_sizeaggregate_s5_49,2024,77.915
sen,sex_m,eco_aggregate_con,est_sizeaggregate_sge50,2015,6.631
sen,sex_m,eco_aggregate_con,est_sizeaggregate_sge50,2016,9.802
sen,sex_m,eco_aggregate_con,est_sizeaggregate_total,2015,129.799
sen,sex_m,eco_aggregate_con,est_sizeaggregate_total,2016,105.582
sen,sex_m,eco_aggregate_con,est_sizeaggregate_total,2019,176.664
sen,sex_m,eco_aggregate_con,est_sizeaggregate_total,2022,217.488
sen,sex_m,eco_aggregate_con,est_sizeaggregate_total,2023,227.378
sen,sex_m,eco_aggregate_con,est_sizeaggregate_total,2024,197.897
sen,sex_m,eco_aggregate_con,est_sizeaggregate_x,2015,14.698
sen,sex_m,eco_aggregate_con,est_sizeaggregate_x,2016,14.975
sen,sex_m,eco_aggregate_con,est_sizeaggregate_x,2019,70.173
sen,sex_m,eco_aggregate_con,est_sizeaggregate_x,2022,88.655
sen,sex_m,eco_aggregate_con,est_sizeaggregate_x,2023,113.098
sen,sex_m,eco_aggregate_con,est_sizeaggregate_x,2024,46
sen,sex_m,eco_aggregate_con,est_sizedetails_s1,2015,2.161
sen,sex_m,eco_aggregate_con,est_sizedetails_s1,2016,1.515
sen,sex_m,eco_aggregate_con,est_sizedetails_s1,2019,1.859
sen,sex_m,eco_aggregate_con,est_sizedetails_s1,2022,2.174
sen,sex_m,eco_aggregate_con,est_sizedetails_s1,2023,1.903
sen,sex_m,eco_aggregate_con,est_sizedetails_s1,2024,3.001
sen,sex_m,eco_aggregate_con,est_sizedetails_s10_19,2015,32.07
sen,sex_m,eco_aggregate_con,est_sizedetails_s10_19,2016,10.713
sen,sex_m,eco_aggregate_con,est_sizedetails_s10_19,2019,5.385
sen,sex_m,eco_aggregate_con,est_sizedetails_s10_19,2022,4.749
sen,sex_m,eco_aggregate_con,est_sizedetails_s10_19,2023,3.057
sen,sex_m,eco_aggregate_con,est_sizedetails_s10_19,2024,4.846
sen,sex_m,eco_aggregate_con,est_sizedetails_s20_49,2015,2.712
sen,sex_m,eco_aggregate_con,est_sizedetails_s20_49,2016,3.491
sen,sex_m,eco_aggregate_con,est_sizedetails_s2_4,2015,25.923
sen,sex_m,eco_aggregate_con,est_sizedetails_s2_4,2016,29.944
sen,sex_m,eco_aggregate_con,est_sizedetails_s2_4,2019,45.642
sen,sex_m,eco_aggregate_con,est_sizedetails_s2_4,2022,74.33
sen,sex_m,eco_aggregate_con,est_sizedetails_s2_4,2023,69.388
sen,sex_m,eco_aggregate_con,est_sizedetails_s2_4,2024,70.79
sen,sex_m,eco_aggregate_con,est_sizedetails_s5_9,2015,45.605
sen,sex_m,eco_aggregate_con,est_sizedetails_s5_9,2016,35.142
sen,sex_m,eco_aggregate_con,est_sizedetails_s5_9,2019,51.165
sen,sex_m,eco_aggregate_con,est_sizedetails_s5_9,2022,45.746
sen,sex_m,eco_aggregate_con,est_sizedetails_s5_9,2023,38.938
sen,sex_m,eco_aggregate_con,est_sizedetails_s5_9,2024,72.274
sen,sex_m,eco_aggregate_con,est_sizedetails_sge50,2015,6.631
sen,sex_m,eco_aggregate_con,est_sizedetails_sge50,2016,9.802
sen,sex_m,eco_aggregate_con,est_sizedetails_total,2015,129.799
sen,sex_m,eco_aggregate_con,est_sizedetails_total,2016,105.582
sen,sex_m,eco_aggregate_con,est_sizedetails_total,2019,176.664
sen,sex_m,eco_aggregate_con,est_sizedetails_total,2022,217.488
sen,sex_m,eco_aggregate_con,est_sizedetails_total,2023,227.378
sen,sex_m,eco_aggregate_con,est_sizedetails_total,2024,197.897
sen,sex_m,eco_aggregate_con,est_sizedetails_x,2015,14.698
sen,sex_m,eco_aggregate_con,est_sizedetails_x,2016,14.975
sen,sex_m,eco_aggregate_con,est_sizedetails_x,2019,70.173
sen,sex_m,eco_aggregate_con,est_sizedetails_x,2022,88.655
sen,sex_m,eco_aggregate_con,est_sizedetails_x,2023,113.098
sen,sex_m,eco_aggregate_con,est_sizedetails_x,2024,46
sen,sex_m,eco_aggregate_man,est_sizeaggregate_s1_4,2015,10.302
sen,sex_m,eco_aggregate_man,est_sizeaggregate_s1_4,2016,28.933
sen,sex_m,eco_aggregate_man,est_sizeaggregate_s1_4,2019,38.181
sen,sex_m,eco_aggregate_man,est_sizeaggregate_s1_4,2022,32.325
sen,sex_m,eco_aggregate_man,est_sizeaggregate_s1_4,2023,50.124
sen,sex_m,eco_aggregate_man,est_sizeaggregate_s1_4,2024,51.762
sen,sex_m,eco_aggregate_man,est_sizeaggregate_s5_49,2015,28.791
sen,sex_m,eco_aggregate_man,est_sizeaggregate_s5_49,2016,49.63
sen,sex_m,eco_aggregate_man,est_sizeaggregate_s5_49,2019,61.229
sen,sex_m,eco_aggregate_man,est_sizeaggregate_s5_49,2022,40.7
sen,sex_m,eco_aggregate_man,est_sizeaggregate_s5_49,2023,58.025
sen,sex_m,eco_aggregate_man,est_sizeaggregate_s5_49,2024,63.571
sen,sex_m,eco_aggregate_man,est_sizeaggregate_sge50,2015,8.655
sen,sex_m,eco_aggregate_man,est_sizeaggregate_sge50,2016,8.492
sen,sex_m,eco_aggregate_man,est_sizeaggregate_sge50,2022,1.843
sen,sex_m,eco_aggregate_man,est_sizeaggregate_sge50,2024,2.592
sen,sex_m,eco_aggregate_man,est_sizeaggregate_total,2015,62.263
sen,sex_m,eco_aggregate_man,est_sizeaggregate_total,2016,104.542
sen,sex_m,eco_aggregate_man,est_sizeaggregate_total,2019,227.839
sen,sex_m,eco_aggregate_man,est_sizeaggregate_total,2022,171.563
sen,sex_m,eco_aggregate_man,est_sizeaggregate_total,2023,223.462
sen,sex_m,eco_aggregate_man,est_sizeaggregate_total,2024,177.992
sen,sex_m,eco_aggregate_man,est_sizeaggregate_x,2015,14.514
sen,sex_m,eco_aggregate_man,est_sizeaggregate_x,2016,17.487
sen,sex_m,eco_aggregate_man,est_sizeaggregate_x,2019,127.027
sen,sex_m,eco_aggregate_man,est_sizeaggregate_x,2022,96.696
sen,sex_m,eco_aggregate_man,est_sizeaggregate_x,2023,115.21
sen,sex_m,eco_aggregate_man,est_sizeaggregate_x,2024,60.068
sen,sex_m,eco_aggregate_man,est_sizedetails_s1,2016,1.246
sen,sex_m,eco_aggregate_man,est_sizedetails_s1,2024,3.47
sen,sex_m,eco_aggregate_man,est_sizedetails_s10_19,2015,11.538
sen,sex_m,eco_aggregate_man,est_sizedetails_s10_19,2016,12.211
sen,sex_m,eco_aggregate_man,est_sizedetails_s10_19,2019,12.834
sen,sex_m,eco_aggregate_man,est_sizedetails_s10_19,2022,7.057
sen,sex_m,eco_aggregate_man,est_sizedetails_s10_19,2023,4.181
sen,sex_m,eco_aggregate_man,est_sizedetails_s10_19,2024,13.148
sen,sex_m,eco_aggregate_man,est_sizedetails_s20_49,2015,2.96
sen,sex_m,eco_aggregate_man,est_sizedetails_s20_49,2016,2.468
sen,sex_m,eco_aggregate_man,est_sizedetails_s20_49,2019,1.105
sen,sex_m,eco_aggregate_man,est_sizedetails_s20_49,2023,1.992
sen,sex_m,eco_aggregate_man,est_sizedetails_s20_49,2024,2.922
sen,sex_m,eco_aggregate_man,est_sizedetails_s2_4,2015,10.247
sen,sex_m,eco_aggregate_man,est_sizedetails_s2_4,2016,27.687
sen,sex_m,eco_aggregate_man,est_sizedetails_s2_4,2019,37.563
sen,sex_m,eco_aggregate_man,est_sizedetails_s2_4,2022,32.139
sen,sex_m,eco_aggregate_man,est_sizedetails_s2_4,2023,49.519
sen,sex_m,eco_aggregate_man,est_sizedetails_s2_4,2024,48.292
sen,sex_m,eco_aggregate_man,est_sizedetails_s5_9,2015,14.293
sen,sex_m,eco_aggregate_man,est_sizedetails_s5_9,2016,34.95
sen,sex_m,eco_aggregate_man,est_sizedetails_s5_9,2019,47.29
sen,sex_m,eco_aggregate_man,est_sizedetails_s5_9,2022,33.015
sen,sex_m,eco_aggregate_man,est_sizedetails_s5_9,2023,51.852
sen,sex_m,eco_aggregate_man,est_sizedetails_s5_9,2024,47.5
sen,sex_m,eco_aggregate_man,est_sizedetails_sge50,2015,8.655
sen,sex_m,eco_aggregate_man,est_sizedetails_sge50,2016,8.492
sen,sex_m,eco_aggregate_man,est_sizedetails_sge50,2022,1.843
sen,sex_m,eco_aggregate_man,est_sizedetails_sge50,2024,2.592
sen,sex_m,eco_aggregate_man,est_sizedetails_total,2015,62.263
sen,sex_m,eco_aggregate_man,est_sizedetails_total,2016,104.542
sen,sex_m,eco_aggregate_man,est_sizedetails_total,2019,227.839
sen,sex_m,eco_aggregate_man,est_sizedetails_total,2022,171.563
sen,sex_m,eco_aggregate_man,est_sizedetails_total,2023,223.462
sen,sex_m,eco_aggregate_man,est_sizedetails_total,2024,177.992
sen,sex_m,eco_aggregate_man,est_sizedetails_x,2015,14.514
sen,sex_m,eco_aggregate_man,est_sizedetails_x,2016,17.487
sen,sex_m,eco_aggregate_man,est_sizedetails_x,2019,127.027
sen,sex_m,eco_aggregate_man,est_sizedetails_x,2022,96.696
sen,sex_m,eco_aggregate_man,est_sizedetails_x,2023,115.21
sen,sex_m,eco_aggregate_man,est_sizedetails_x,2024,60.068
sen,sex_m,eco_aggregate_mel,est_sizeaggregate_s1_4,2015,3.333
sen,sex_m,eco_aggregate_mel,est_sizeaggregate_s1_4,2016,2.791
sen,sex_m,eco_aggregate_mel,est_sizeaggregate_s1_4,2019,2.674
sen,sex_m,eco_aggregate_mel,est_sizeaggregate_s1_4,2022,1.836
sen,sex_m,eco_aggregate_mel,est_sizeaggregate_s1_4,2023,1.991
sen,sex_m,eco_aggregate_mel,est_sizeaggregate_s1_4,2024,2.576
sen,sex_m,eco_aggregate_mel,est_sizeaggregate_s5_49,2015,5.957
sen,sex_m,eco_aggregate_mel,est_sizeaggregate_s5_49,2016,4.92
sen,sex_m,eco_aggregate_mel,est_sizeaggregate_s5_49,2019,3.974
sen,sex_m,eco_aggregate_mel,est_sizeaggregate_s5_49,2022,3.631
sen,sex_m,eco_aggregate_mel,est_sizeaggregate_s5_49,2023,1.397
sen,sex_m,eco_aggregate_mel,est_sizeaggregate_s5_49,2024,4.705
sen,sex_m,eco_aggregate_mel,est_sizeaggregate_sge50,2015,11.63
sen,sex_m,eco_aggregate_mel,est_sizeaggregate_sge50,2016,5.058
sen,sex_m,eco_aggregate_mel,est_sizeaggregate_sge50,2024,5.779
sen,sex_m,eco_aggregate_mel,est_sizeaggregate_total,2015,26.463
sen,sex_m,eco_aggregate_mel,est_sizeaggregate_total,2016,20.222
sen,sex_m,eco_aggregate_mel,est_sizeaggregate_total,2019,46.29
sen,sex_m,eco_aggregate_mel,est_sizeaggregate_total,2022,29.5
sen,sex_m,eco_aggregate_mel,est_sizeaggregate_total,2023,32.223
sen,sex_m,eco_aggregate_mel,est_sizeaggregate_total,2024,32.393
sen,sex_m,eco_aggregate_mel,est_sizeaggregate_x,2015,5.543
sen,sex_m,eco_aggregate_mel,est_sizeaggregate_x,2016,7.453
sen,sex_m,eco_aggregate_mel,est_sizeaggregate_x,2019,38.352
sen,sex_m,eco_aggregate_mel,est_sizeaggregate_x,2022,22.306
sen,sex_m,eco_aggregate_mel,est_sizeaggregate_x,2023,27.905
sen,sex_m,eco_aggregate_mel,est_sizeaggregate_x,2024,19.333
sen,sex_m,eco_aggregate_mel,est_sizedetails_s1,2019,0.527
sen,sex_m,eco_aggregate_mel,est_sizedetails_s10_19,2015,4.089
sen,sex_m,eco_aggregate_mel,est_sizedetails_s10_19,2016,1.855
sen,sex_m,eco_aggregate_mel,est_sizedetails_s10_19,2019,1.263
sen,sex_m,eco_aggregate_mel,est_sizedetails_s10_19,2022,1.552
sen,sex_m,eco_aggregate_mel,est_sizedetails_s20_49,2015,1.302
sen,sex_m,eco_aggregate_mel,est_sizedetails_s20_49,2016,0.843
sen,sex_m,eco_aggregate_mel,est_sizedetails_s20_49,2024,2.459
sen,sex_m,eco_aggregate_mel,est_sizedetails_s2_4,2015,2.28
sen,sex_m,eco_aggregate_mel,est_sizedetails_s2_4,2016,2.209
sen,sex_m,eco_aggregate_mel,est_sizedetails_s2_4,2019,2.147
sen,sex_m,eco_aggregate_mel,est_sizedetails_s2_4,2022,1.335
sen,sex_m,eco_aggregate_mel,est_sizedetails_s2_4,2023,1.82
sen,sex_m,eco_aggregate_mel,est_sizedetails_s2_4,2024,2.437
sen,sex_m,eco_aggregate_mel,est_sizedetails_s5_9,2016,2.223
sen,sex_m,eco_aggregate_mel,est_sizedetails_s5_9,2019,2.17
sen,sex_m,eco_aggregate_mel,est_sizedetails_s5_9,2022,1.643
sen,sex_m,eco_aggregate_mel,est_sizedetails_s5_9,2023,0.78
sen,sex_m,eco_aggregate_mel,est_sizedetails_s5_9,2024,1.328
sen,sex_m,eco_aggregate_mel,est_sizedetails_sge50,2015,11.63
sen,sex_m,eco_aggregate_mel,est_sizedetails_sge50,2016,5.058
sen,sex_m,eco_aggregate_mel,est_sizedetails_sge50,2024,5.779
sen,sex_m,eco_aggregate_mel,est_sizedetails_total,2015,26.463
sen,sex_m,eco_aggregate_mel,est_sizedetails_total,2016,20.222
sen,sex_m,eco_aggregate_mel,est_sizedetails_total,2019,46.29
sen,sex_m,eco_aggregate_mel,est_sizedetails_total,2022,29.5
sen,sex_m,eco_aggregate_mel,est_sizedetails_total,2023,32.223
sen,sex_m,eco_aggregate_mel,est_sizedetails_total,2024,32.393
sen,sex_m,eco_aggregate_mel,est_sizedetails_x,2015,5.543
sen,sex_m,eco_aggregate_mel,est_sizedetails_x,2016,7.453
sen,sex_m,eco_aggregate_mel,est_sizedetails_x,2019,38.352
sen,sex_m,eco_aggregate_mel,est_sizedetails_x,2022,22.306
sen,sex_m,eco_aggregate_mel,est_sizedetails_x,2023,27.905
sen,sex_m,eco_aggregate_mel,est_sizedetails_x,2024,19.333
sen,sex_m,eco_aggregate_mkt,est_sizeaggregate_s1_4,2015,91.862
sen,sex_m,eco_aggregate_mkt,est_sizeaggregate_s1_4,2016,98.844
sen,sex_m,eco_aggregate_mkt,est_sizeaggregate_s1_4,2019,116.626
sen,sex_m,eco_aggregate_mkt,est_sizeaggregate_s1_4,2022,130.667
sen,sex_m,eco_aggregate_mkt,est_sizeaggregate_s1_4,2023,98.957
sen,sex_m,eco_aggregate_mkt,est_sizeaggregate_s1_4,2024,154.794
sen,sex_m,eco_aggregate_mkt,est_sizeaggregate_s5_49,2015,75.644
sen,sex_m,eco_aggregate_mkt,est_sizeaggregate_s5_49,2016,71.013
sen,sex_m,eco_aggregate_mkt,est_sizeaggregate_s5_49,2019,50.001
sen,sex_m,eco_aggregate_mkt,est_sizeaggregate_s5_49,2022,55.871
sen,sex_m,eco_aggregate_mkt,est_sizeaggregate_s5_49,2023,48.81
sen,sex_m,eco_aggregate_mkt,est_sizeaggregate_s5_49,2024,70.649
sen,sex_m,eco_aggregate_mkt,est_sizeaggregate_sge50,2015,46.34
sen,sex_m,eco_aggregate_mkt,est_sizeaggregate_sge50,2016,19.466
sen,sex_m,eco_aggregate_mkt,est_sizeaggregate_sge50,2019,3.457
sen,sex_m,eco_aggregate_mkt,est_sizeaggregate_sge50,2022,7.214
sen,sex_m,eco_aggregate_mkt,est_sizeaggregate_sge50,2024,3.036
sen,sex_m,eco_aggregate_mkt,est_sizeaggregate_total,2015,236.372
sen,sex_m,eco_aggregate_mkt,est_sizeaggregate_total,2016,218.222
sen,sex_m,eco_aggregate_mkt,est_sizeaggregate_total,2019,344.735
sen,sex_m,eco_aggregate_mkt,est_sizeaggregate_total,2022,382.822
sen,sex_m,eco_aggregate_mkt,est_sizeaggregate_total,2023,361.686
sen,sex_m,eco_aggregate_mkt,est_sizeaggregate_total,2024,339.698
sen,sex_m,eco_aggregate_mkt,est_sizeaggregate_x,2015,22.525
sen,sex_m,eco_aggregate_mkt,est_sizeaggregate_x,2016,28.899
sen,sex_m,eco_aggregate_mkt,est_sizeaggregate_x,2019,174.651
sen,sex_m,eco_aggregate_mkt,est_sizeaggregate_x,2022,189.069
sen,sex_m,eco_aggregate_mkt,est_sizeaggregate_x,2023,213.294
sen,sex_m,eco_aggregate_mkt,est_sizeaggregate_x,2024,111.219
sen,sex_m,eco_aggregate_mkt,est_sizedetails_s1,2015,32.14
sen,sex_m,eco_aggregate_mkt,est_sizedetails_s1,2016,35.004
sen,sex_m,eco_aggregate_mkt,est_sizedetails_s1,2019,42.239
sen,sex_m,eco_aggregate_mkt,est_sizedetails_s1,2022,46.223
sen,sex_m,eco_aggregate_mkt,est_sizedetails_s1,2023,37.96
sen,sex_m,eco_aggregate_mkt,est_sizedetails_s1,2024,53.616
sen,sex_m,eco_aggregate_mkt,est_sizedetails_s10_19,2015,24.917
sen,sex_m,eco_aggregate_mkt,est_sizedetails_s10_19,2016,26.848
sen,sex_m,eco_aggregate_mkt,est_sizedetails_s10_19,2019,10.652
sen,sex_m,eco_aggregate_mkt,est_sizedetails_s10_19,2022,15.252
sen,sex_m,eco_aggregate_mkt,est_sizedetails_s10_19,2023,6.57
sen,sex_m,eco_aggregate_mkt,est_sizedetails_s10_19,2024,17.9
sen,sex_m,eco_aggregate_mkt,est_sizedetails_s20_49,2015,26.3
sen,sex_m,eco_aggregate_mkt,est_sizedetails_s20_49,2016,14.702
sen,sex_m,eco_aggregate_mkt,est_sizedetails_s20_49,2019,6.323
sen,sex_m,eco_aggregate_mkt,est_sizedetails_s20_49,2022,3.302
sen,sex_m,eco_aggregate_mkt,est_sizedetails_s20_49,2023,3.166
sen,sex_m,eco_aggregate_mkt,est_sizedetails_s20_49,2024,9.126
sen,sex_m,eco_aggregate_mkt,est_sizedetails_s2_4,2015,59.723
sen,sex_m,eco_aggregate_mkt,est_sizedetails_s2_4,2016,63.84
sen,sex_m,eco_aggregate_mkt,est_sizedetails_s2_4,2019,74.387
sen,sex_m,eco_aggregate_mkt,est_sizedetails_s2_4,2022,84.444
sen,sex_m,eco_aggregate_mkt,est_sizedetails_s2_4,2023,60.997
sen,sex_m,eco_aggregate_mkt,est_sizedetails_s2_4,2024,101.178
sen,sex_m,eco_aggregate_mkt,est_sizedetails_s5_9,2015,24.427
sen,sex_m,eco_aggregate_mkt,est_sizedetails_s5_9,2016,29.462
sen,sex_m,eco_aggregate_mkt,est_sizedetails_s5_9,2019,33.026
sen,sex_m,eco_aggregate_mkt,est_sizedetails_s5_9,2022,37.318
sen,sex_m,eco_aggregate_mkt,est_sizedetails_s5_9,2023,39.074
sen,sex_m,eco_aggregate_mkt,est_sizedetails_s5_9,2024,43.623
sen,sex_m,eco_aggregate_mkt,est_sizedetails_sge50,2015,46.34
sen,sex_m,eco_aggregate_mkt,est_sizedetails_sge50,2016,19.466
sen,sex_m,eco_aggregate_mkt,est_sizedetails_sge50,2019,3.457
sen,sex_m,eco_aggregate_mkt,est_sizedetails_sge50,2022,7.214
sen,sex_m,eco_aggregate_mkt,est_sizedetails_sge50,2024,3.036
sen,sex_m,eco_aggregate_mkt,est_sizedetails_total,2015,236.372
sen,sex_m,eco_aggregate_mkt,est_sizedetails_total,2016,218.222
sen,sex_m,eco_aggregate_mkt,est_sizedetails_total,2019,344.735
sen,sex_m,eco_aggregate_mkt,est_sizedetails_total,2022,382.822
sen,sex_m,eco_aggregate_mkt,est_sizedetails_total,2023,361.686
sen,sex_m,eco_aggregate_mkt,est_sizedetails_total,2024,339.698
sen,sex_m,eco_aggregate_mkt,est_sizedetails_x,2015,22.525
sen,sex_m,eco_aggregate_mkt,est_sizedetails_x,2016,28.899
sen,sex_m,eco_aggregate_mkt,est_sizedetails_x,2019,174.651
sen,sex_m,eco_aggregate_mkt,est_sizedetails_x,2022,189.069
sen,sex_m,eco_aggregate_mkt,est_sizedetails_x,2023,213.294
sen,sex_m,eco_aggregate_mkt,est_sizedetails_x,2024,111.219
sen,sex_m,eco_aggregate_pub,est_sizeaggregate_s1_4,2015,48.056
sen,sex_m,eco_aggregate_pub,est_sizeaggregate_s1_4,2016,56.335
sen,sex_m,eco_aggregate_pub,est_sizeaggregate_s1_4,2019,66.941
sen,sex_m,eco_aggregate_pub,est_sizeaggregate_s1_4,2022,63.318
sen,sex_m,eco_aggregate_pub,est_sizeaggregate_s1_4,2023,40.763
sen,sex_m,eco_aggregate_pub,est_sizeaggregate_s1_4,2024,78.255
sen,sex_m,eco_aggregate_pub,est_sizeaggregate_s5_49,2015,113.685
sen,sex_m,eco_aggregate_pub,est_sizeaggregate_s5_49,2016,120.303
sen,sex_m,eco_aggregate_pub,est_sizeaggregate_s5_49,2019,57.919
sen,sex_m,eco_aggregate_pub,est_sizeaggregate_s5_49,2022,41.065
sen,sex_m,eco_aggregate_pub,est_sizeaggregate_s5_49,2023,29.253
sen,sex_m,eco_aggregate_pub,est_sizeaggregate_s5_49,2024,90.06
sen,sex_m,eco_aggregate_pub,est_sizeaggregate_sge50,2015,45.853
sen,sex_m,eco_aggregate_pub,est_sizeaggregate_sge50,2016,29.851
sen,sex_m,eco_aggregate_pub,est_sizeaggregate_sge50,2019,3.33
sen,sex_m,eco_aggregate_pub,est_sizeaggregate_sge50,2022,5.552
sen,sex_m,eco_aggregate_pub,est_sizeaggregate_sge50,2023,4.238
sen,sex_m,eco_aggregate_pub,est_sizeaggregate_sge50,2024,7.16
sen,sex_m,eco_aggregate_pub,est_sizeaggregate_total,2015,235.748
sen,sex_m,eco_aggregate_pub,est_sizeaggregate_total,2016,241.293
sen,sex_m,eco_aggregate_pub,est_sizeaggregate_total,2019,321.922
sen,sex_m,eco_aggregate_pub,est_sizeaggregate_total,2022,363.8
sen,sex_m,eco_aggregate_pub,est_sizeaggregate_total,2023,383.891
sen,sex_m,eco_aggregate_pub,est_sizeaggregate_total,2024,313.186
sen,sex_m,eco_aggregate_pub,est_sizeaggregate_x,2015,28.154
sen,sex_m,eco_aggregate_pub,est_sizeaggregate_x,2016,34.804
sen,sex_m,eco_aggregate_pub,est_sizeaggregate_x,2019,193.732
sen,sex_m,eco_aggregate_pub,est_sizeaggregate_x,2022,253.865
sen,sex_m,eco_aggregate_pub,est_sizeaggregate_x,2023,309.636
sen,sex_m,eco_aggregate_pub,est_sizeaggregate_x,2024,137.711
sen,sex_m,eco_aggregate_pub,est_sizedetails_s1,2015,24.724
sen,sex_m,eco_aggregate_pub,est_sizedetails_s1,2016,15.843
sen,sex_m,eco_aggregate_pub,est_sizedetails_s1,2019,31.411
sen,sex_m,eco_aggregate_pub,est_sizedetails_s1,2022,28.297
sen,sex_m,eco_aggregate_pub,est_sizedetails_s1,2023,24.629
sen,sex_m,eco_aggregate_pub,est_sizedetails_s1,2024,39.779
sen,sex_m,eco_aggregate_pub,est_sizedetails_s10_19,2015,43.309
sen,sex_m,eco_aggregate_pub,est_sizedetails_s10_19,2016,44.216
sen,sex_m,eco_aggregate_pub,est_sizedetails_s10_19,2019,22.817
sen,sex_m,eco_aggregate_pub,est_sizedetails_s10_19,2022,13.694
sen,sex_m,eco_aggregate_pub,est_sizedetails_s10_19,2023,10.784
sen,sex_m,eco_aggregate_pub,est_sizedetails_s10_19,2024,37.072
sen,sex_m,eco_aggregate_pub,est_sizedetails_s20_49,2015,35.173
sen,sex_m,eco_aggregate_pub,est_sizedetails_s20_49,2016,32.187
sen,sex_m,eco_aggregate_pub,est_sizedetails_s20_49,2019,7.769
sen,sex_m,eco_aggregate_pub,est_sizedetails_s20_49,2022,8.927
sen,sex_m,eco_aggregate_pub,est_sizedetails_s20_49,2023,5.675
sen,sex_m,eco_aggregate_pub,est_sizedetails_s20_49,2024,13.275
sen,sex_m,eco_aggregate_pub,est_sizedetails_s2_4,2015,23.333
sen,sex_m,eco_aggregate_pub,est_sizedetails_s2_4,2016,40.492
sen,sex_m,eco_aggregate_pub,est_sizedetails_s2_4,2019,35.529
sen,sex_m,eco_aggregate_pub,est_sizedetails_s2_4,2022,35.021
sen,sex_m,eco_aggregate_pub,est_sizedetails_s2_4,2023,16.134
sen,sex_m,eco_aggregate_pub,est_sizedetails_s2_4,2024,38.476
sen,sex_m,eco_aggregate_pub,est_sizedetails_s5_9,2015,35.202
sen,sex_m,eco_aggregate_pub,est_sizedetails_s5_9,2016,43.899
sen,sex_m,eco_aggregate_pub,est_sizedetails_s5_9,2019,27.333
sen,sex_m,eco_aggregate_pub,est_sizedetails_s5_9,2022,18.444
sen,sex_m,eco_aggregate_pub,est_sizedetails_s5_9,2023,12.794
sen,sex_m,eco_aggregate_pub,est_sizedetails_s5_9,2024,39.713
sen,sex_m,eco_aggregate_pub,est_sizedetails_sge50,2015,45.853
sen,sex_m,eco_aggregate_pub,est_sizedetails_sge50,2016,29.851
sen,sex_m,eco_aggregate_pub,est_sizedetails_sge50,2019,3.33
sen,sex_m,eco_aggregate_pub,est_sizedetails_sge50,2022,5.552
sen,sex_m,eco_aggregate_pub,est_sizedetails_sge50,2023,4.238
sen,sex_m,eco_aggregate_pub,est_sizedetails_sge50,2024,7.16
sen,sex_m,eco_aggregate_pub,est_sizedetails_total,2015,235.748
sen,sex_m,eco_aggregate_pub,est_sizedetails_total,2016,241.293
sen,sex_m,eco_aggregate_pub,est_sizedetails_total,2019,321.922
sen,sex_m,eco_aggregate_pub,est_sizedetails_total,2022,363.8
sen,sex_m,eco_aggregate_pub,est_sizedetails_total,2023,383.891
sen,sex_m,eco_aggregate_pub,est_sizedetails_total,2024,313.186
sen,sex_m,eco_aggregate_pub,est_sizedetails_x,2015,28.154
sen,sex_m,eco_aggregate_pub,est_sizedetails_x,2016,34.804
sen,sex_m,eco_aggregate_pub,est_sizedetails_x,2019,193.732
sen,sex_m,eco_aggregate_pub,est_sizedetails_x,2022,253.865
sen,sex_m,eco_aggregate_pub,est_sizedetails_x,2023,309.636
sen,sex_m,eco_aggregate_pub,est_sizedetails_x,2024,137.711
sen,sex_m,eco_aggregate_total,est_sizeaggregate_s1_4,2015,220.276
sen,sex_m,eco_aggregate_total,est_sizeaggregate_s1_4,2016,248.09
sen,sex_m,eco_aggregate_total,est_sizeaggregate_s1_4,2019,299.107
sen,sex_m,eco_aggregate_total,est_sizeaggregate_s1_4,2022,323.577
sen,sex_m,eco_aggregate_total,est_sizeaggregate_s1_4,2023,286.789
sen,sex_m,eco_aggregate_total,est_sizeaggregate_s1_4,2024,424.156
sen,sex_m,eco_aggregate_total,est_sizeaggregate_s5_49,2015,329.78
sen,sex_m,eco_aggregate_total,est_sizeaggregate_s5_49,2016,320.069
sen,sex_m,eco_aggregate_total,est_sizeaggregate_s5_49,2019,248.838
sen,sex_m,eco_aggregate_total,est_sizeaggregate_s5_49,2022,200.689
sen,sex_m,eco_aggregate_total,est_sizeaggregate_s5_49,2023,190.365
sen,sex_m,eco_aggregate_total,est_sizeaggregate_s5_49,2024,351.652
sen,sex_m,eco_aggregate_total,est_sizeaggregate_sge50,2015,132.627
sen,sex_m,eco_aggregate_total,est_sizeaggregate_sge50,2016,75.259
sen,sex_m,eco_aggregate_total,est_sizeaggregate_sge50,2019,11.139
sen,sex_m,eco_aggregate_total,est_sizeaggregate_sge50,2022,18.488
sen,sex_m,eco_aggregate_total,est_sizeaggregate_sge50,2023,7.327
sen,sex_m,eco_aggregate_total,est_sizeaggregate_sge50,2024,22.375
sen,sex_m,eco_aggregate_total,est_sizeaggregate_total,2015,780.706
sen,sex_m,eco_aggregate_total,est_sizeaggregate_total,2016,761.772
sen,sex_m,eco_aggregate_total,est_sizeaggregate_total,2019,1197.387
sen,sex_m,eco_aggregate_total,est_sizeaggregate_total,2022,1226.897
sen,sex_m,eco_aggregate_total,est_sizeaggregate_total,2023,1310.815
sen,sex_m,eco_aggregate_total,est_sizeaggregate_total,2024,1199.532
sen,sex_m,eco_aggregate_total,est_sizeaggregate_x,2015,98.024
sen,sex_m,eco_aggregate_total,est_sizeaggregate_x,2016,118.354
sen,sex_m,eco_aggregate_total,est_sizeaggregate_x,2019,638.304
sen,sex_m,eco_aggregate_total,est_sizeaggregate_x,2022,684.142
sen,sex_m,eco_aggregate_total,est_sizeaggregate_x,2023,826.334
sen,sex_m,eco_aggregate_total,est_sizeaggregate_x,2024,401.351
sen,sex_m,eco_aggregate_total,est_sizedetails_s1,2015,73.79
sen,sex_m,eco_aggregate_total,est_sizedetails_s1,2016,64.6
sen,sex_m,eco_aggregate_total,est_sizedetails_s1,2019,86.66
sen,sex_m,eco_aggregate_total,est_sizedetails_s1,2022,83.22
sen,sex_m,eco_aggregate_total,est_sizedetails_s1,2023,71.71
sen,sex_m,eco_aggregate_total,est_sizedetails_s1,2024,118.396
sen,sex_m,eco_aggregate_total,est_sizedetails_s10_19,2015,127.852
sen,sex_m,eco_aggregate_total,est_sizedetails_s10_19,2016,103.3
sen,sex_m,eco_aggregate_total,est_sizedetails_s10_19,2019,60.629
sen,sex_m,eco_aggregate_total,est_sizedetails_s10_19,2022,44.044
sen,sex_m,eco_aggregate_total,est_sizedetails_s10_19,2023,25.741
sen,sex_m,eco_aggregate_total,est_sizedetails_s10_19,2024,87.146
sen,sex_m,eco_aggregate_total,est_sizedetails_s20_49,2015,73.59
sen,sex_m,eco_aggregate_total,est_sizedetails_s20_49,2016,58.893
sen,sex_m,eco_aggregate_total,est_sizedetails_s20_49,2019,18.501
sen,sex_m,eco_aggregate_total,est_sizedetails_s20_49,2022,15.583
sen,sex_m,eco_aggregate_total,est_sizedetails_s20_49,2023,12.199
sen,sex_m,eco_aggregate_total,est_sizedetails_s20_49,2024,33.709
sen,sex_m,eco_aggregate_total,est_sizedetails_s2_4,2015,146.486
sen,sex_m,eco_aggregate_total,est_sizedetails_s2_4,2016,183.49
sen,sex_m,eco_aggregate_total,est_sizedetails_s2_4,2019,212.447
sen,sex_m,eco_aggregate_total,est_sizedetails_s2_4,2022,240.356
sen,sex_m,eco_aggregate_total,est_sizedetails_s2_4,2023,215.079
sen,sex_m,eco_aggregate_total,est_sizedetails_s2_4,2024,305.76
sen,sex_m,eco_aggregate_total,est_sizedetails_s5_9,2015,128.338
sen,sex_m,eco_aggregate_total,est_sizedetails_s5_9,2016,157.876
sen,sex_m,eco_aggregate_total,est_sizedetails_s5_9,2019,169.708
sen,sex_m,eco_aggregate_total,est_sizedetails_s5_9,2022,141.063
sen,sex_m,eco_aggregate_total,est_sizedetails_s5_9,2023,152.425
sen,sex_m,eco_aggregate_total,est_sizedetails_s5_9,2024,230.796
sen,sex_m,eco_aggregate_total,est_sizedetails_sge50,2015,132.627
sen,sex_m,eco_aggregate_total,est_sizedetails_sge50,2016,75.259
sen,sex_m,eco_aggregate_total,est_sizedetails_sge50,2019,11.139
sen,sex_m,eco_aggregate_total,est_sizedetails_sge50,2022,18.488
sen,sex_m,eco_aggregate_total,est_sizedetails_sge50,2023,7.327
sen,sex_m,eco_aggregate_total,est_sizedetails_sge50,2024,22.375
sen,sex_m,eco_aggregate_total,est_sizedetails_total,2015,780.706
sen,sex_m,eco_aggregate_total,est_sizedetails_total,2016,761.772
sen,sex_m,eco_aggregate_total,est_sizedetails_total,2019,1197.387
sen,sex_m,eco_aggregate_total,est_sizedetails_total,2022,1226.897
sen,sex_m,eco_aggregate_total,est_sizedetails_total,2023,1310.815
sen,sex_m,eco_aggregate_total,est_sizedetails_total,2024,1199.532
sen,sex_m,eco_aggregate_total,est_sizedetails_x,2015,98.024
sen,sex_m,eco_aggregate_total,est_sizedetails_x,2016,118.354
sen,sex_m,eco_aggregate_total,est_sizedetails_x,2019,638.304
sen,sex_m,eco_aggregate_total,est_sizedetails_x,2022,684.142
sen,sex_m,eco_aggregate_total,est_sizedetails_x,2023,826.334
sen,sex_m,eco_aggregate_total,est_sizedetails_x,2024,401.351
sen,sex_m,eco_aggregate_x,est_sizeaggregate_total,2015,1.842
sen,sex_m,eco_aggregate_x,est_sizeaggregate_total,2023,0.835
sen,sex_m,eco_aggregate_x,est_sizeaggregate_total,2024,1.74
sen,sex_m,eco_aggregate_x,est_sizeaggregate_x,2015,1.842
sen,sex_m,eco_aggregate_x,est_sizeaggregate_x,2023,0.835
sen,sex_m,eco_aggregate_x,est_sizeaggregate_x,2024,1.74
sen,sex_m,eco_aggregate_x,est_sizedetails_total,2015,1.842
sen,sex_m,eco_aggregate_x,est_sizedetails_total,2023,0.835
sen,sex_m,eco_aggregate_x,est_sizedetails_total,2024,1.74
sen,sex_m,eco_aggregate_x,est_sizedetails_x,2015,1.842
sen,sex_m,eco_aggregate_x,est_sizedetails_x,2023,0.835
sen,sex_m,eco_aggregate_x,est_sizedetails_x,2024,1.74
sen,sex_m,eco_isic4_a,est_sizeaggregate_s1_4,2015,38.638
sen,sex_m,eco_isic4_a,est_sizeaggregate_s1_4,2016,29.727
sen,sex_m,eco_isic4_a,est_sizeaggregate_s1_4,2019,27.185
sen,sex_m,eco_isic4_a,est_sizeaggregate_s1_4,2022,18.926
sen,sex_m,eco_isic4_a,est_sizeaggregate_s1_4,2023,23.663
sen,sex_m,eco_isic4_a,est_sizeaggregate_s1_4,2024,62.977
sen,sex_m,eco_isic4_a,est_sizeaggregate_s5_49,2015,25.316
sen,sex_m,eco_isic4_a,est_sizeaggregate_s5_49,2016,24.858
sen,sex_m,eco_isic4_a,est_sizeaggregate_s5_49,2019,17.873
sen,sex_m,eco_isic4_a,est_sizeaggregate_s5_49,2022,8.428
sen,sex_m,eco_isic4_a,est_sizeaggregate_s5_49,2023,10.173
sen,sex_m,eco_isic4_a,est_sizeaggregate_s5_49,2024,44.753
sen,sex_m,eco_isic4_a,est_sizeaggregate_sge50,2015,13.518
sen,sex_m,eco_isic4_a,est_sizeaggregate_sge50,2016,2.59
sen,sex_m,eco_isic4_a,est_sizeaggregate_sge50,2023,1.15
sen,sex_m,eco_isic4_a,est_sizeaggregate_sge50,2024,3.617
sen,sex_m,eco_isic4_a,est_sizeaggregate_total,2015,88.219
sen,sex_m,eco_isic4_a,est_sizeaggregate_total,2016,71.758
sen,sex_m,eco_isic4_a,est_sizeaggregate_total,2019,79.613
sen,sex_m,eco_isic4_a,est_sizeaggregate_total,2022,61.724
sen,sex_m,eco_isic4_a,est_sizeaggregate_total,2023,81.341
sen,sex_m,eco_isic4_a,est_sizeaggregate_total,2024,136.626
sen,sex_m,eco_isic4_a,est_sizeaggregate_x,2015,10.747
sen,sex_m,eco_isic4_a,est_sizeaggregate_x,2016,14.582
sen,sex_m,eco_isic4_a,est_sizeaggregate_x,2019,34.043
sen,sex_m,eco_isic4_a,est_sizeaggregate_x,2022,33.551
sen,sex_m,eco_isic4_a,est_sizeaggregate_x,2023,46.356
sen,sex_m,eco_isic4_a,est_sizeaggregate_x,2024,25.279
sen,sex_m,eco_isic4_b,est_sizeaggregate_s1_4,2015,2.295
sen,sex_m,eco_isic4_b,est_sizeaggregate_s1_4,2016,1.169
sen,sex_m,eco_isic4_b,est_sizeaggregate_s5_49,2015,0.685
sen,sex_m,eco_isic4_b,est_sizeaggregate_s5_49,2016,2.284
sen,sex_m,eco_isic4_b,est_sizeaggregate_s5_49,2019,1.202
sen,sex_m,eco_isic4_b,est_sizeaggregate_s5_49,2022,1.327
sen,sex_m,eco_isic4_b,est_sizeaggregate_s5_49,2023,0.706
sen,sex_m,eco_isic4_b,est_sizeaggregate_s5_49,2024,3.239
sen,sex_m,eco_isic4_b,est_sizeaggregate_sge50,2015,3.598
sen,sex_m,eco_isic4_b,est_sizeaggregate_sge50,2016,2.323
sen,sex_m,eco_isic4_b,est_sizeaggregate_sge50,2024,4.027
sen,sex_m,eco_isic4_b,est_sizeaggregate_total,2015,10.964
sen,sex_m,eco_isic4_b,est_sizeaggregate_total,2016,10.1
sen,sex_m,eco_isic4_b,est_sizeaggregate_total,2019,19.243
sen,sex_m,eco_isic4_b,est_sizeaggregate_total,2022,11.613
sen,sex_m,eco_isic4_b,est_sizeaggregate_total,2023,7.963
sen,sex_m,eco_isic4_b,est_sizeaggregate_total,2024,17.442
sen,sex_m,eco_isic4_b,est_sizeaggregate_x,2015,4.386
sen,sex_m,eco_isic4_b,est_sizeaggregate_x,2016,4.324
sen,sex_m,eco_isic4_b,est_sizeaggregate_x,2019,17.329
sen,sex_m,eco_isic4_b,est_sizeaggregate_x,2022,9.401
sen,sex_m,eco_isic4_b,est_sizeaggregate_x,2023,6.537
sen,sex_m,eco_isic4_b,est_sizeaggregate_x,2024,9.502
sen,sex_m,eco_isic4_c,est_sizeaggregate_s1_4,2015,10.302
sen,sex_m,eco_isic4_c,est_sizeaggregate_s1_4,2016,28.933
sen,sex_m,eco_isic4_c,est_sizeaggregate_s1_4,2019,38.181
sen,sex_m,eco_isic4_c,est_sizeaggregate_s1_4,2022,32.325
sen,sex_m,eco_isic4_c,est_sizeaggregate_s1_4,2023,50.124
sen,sex_m,eco_isic4_c,est_sizeaggregate_s1_4,2024,51.762
sen,sex_m,eco_isic4_c,est_sizeaggregate_s5_49,2015,28.791
sen,sex_m,eco_isic4_c,est_sizeaggregate_s5_49,2016,49.63
sen,sex_m,eco_isic4_c,est_sizeaggregate_s5_49,2019,61.229
sen,sex_m,eco_isic4_c,est_sizeaggregate_s5_49,2022,40.7
sen,sex_m,eco_isic4_c,est_sizeaggregate_s5_49,2023,58.025
sen,sex_m,eco_isic4_c,est_sizeaggregate_s5_49,2024,63.571
sen,sex_m,eco_isic4_c,est_sizeaggregate_sge50,2015,8.655
sen,sex_m,eco_isic4_c,est_sizeaggregate_sge50,2016,8.492
sen,sex_m,eco_isic4_c,est_sizeaggregate_sge50,2022,1.843
sen,sex_m,eco_isic4_c,est_sizeaggregate_sge50,2024,2.592
sen,sex_m,eco_isic4_c,est_sizeaggregate_total,2015,62.263
sen,sex_m,eco_isic4_c,est_sizeaggregate_total,2016,104.542
sen,sex_m,eco_isic4_c,est_sizeaggregate_total,2019,227.839
sen,sex_m,eco_isic4_c,est_sizeaggregate_total,2022,171.563
sen,sex_m,eco_isic4_c,est_sizeaggregate_total,2023,223.462
sen,sex_m,eco_isic4_c,est_sizeaggregate_total,2024,177.992
sen,sex_m,eco_isic4_c,est_sizeaggregate_x,2015,14.514
sen,sex_m,eco_isic4_c,est_sizeaggregate_x,2016,17.487
sen,sex_m,eco_isic4_c,est_sizeaggregate_x,2019,127.027
sen,sex_m,eco_isic4_c,est_sizeaggregate_x,2022,96.696
sen,sex_m,eco_isic4_c,est_sizeaggregate_x,2023,115.21
sen,sex_m,eco_isic4_c,est_sizeaggregate_x,2024,60.068
sen,sex_m,eco_isic4_d,est_sizeaggregate_s1_4,2016,1.128
sen,sex_m,eco_isic4_d,est_sizeaggregate_s1_4,2019,1.577
sen,sex_m,eco_isic4_d,est_sizeaggregate_s1_4,2023,0.99
sen,sex_m,eco_isic4_d,est_sizeaggregate_s5_49,2015,2.013
sen,sex_m,eco_isic4_d,est_sizeaggregate_s5_49,2016,1.674
sen,sex_m,eco_isic4_d,est_sizeaggregate_s5_49,2019,2.566
sen,sex_m,eco_isic4_d,est_sizeaggregate_s5_49,2022,0.802
sen,sex_m,eco_isic4_d,est_sizeaggregate_sge50,2015,7.789
sen,sex_m,eco_isic4_d,est_sizeaggregate_sge50,2016,1.843
sen,sex_m,eco_isic4_d,est_sizeaggregate_total,2015,11.093
sen,sex_m,eco_isic4_d,est_sizeaggregate_total,2016,7.029
sen,sex_m,eco_isic4_d,est_sizeaggregate_total,2019,18.222
sen,sex_m,eco_isic4_d,est_sizeaggregate_total,2022,11.444
sen,sex_m,eco_isic4_d,est_sizeaggregate_total,2023,18.722
sen,sex_m,eco_isic4_d,est_sizeaggregate_total,2024,10.256
sen,sex_m,eco_isic4_d,est_sizeaggregate_x,2016,2.385
sen,sex_m,eco_isic4_d,est_sizeaggregate_x,2019,13.154
sen,sex_m,eco_isic4_d,est_sizeaggregate_x,2022,9.3
sen,sex_m,eco_isic4_d,est_sizeaggregate_x,2023,17.256
sen,sex_m,eco_isic4_d,est_sizeaggregate_x,2024,7.735
sen,sex_m,eco_isic4_e,est_sizeaggregate_s1_4,2019,0.75
sen,sex_m,eco_isic4_e,est_sizeaggregate_s1_4,2022,1.336
sen,sex_m,eco_isic4_e,est_sizeaggregate_s1_4,2023,0.866
sen,sex_m,eco_isic4_e,est_sizeaggregate_s1_4,2024,0.72
sen,sex_m,eco_isic4_e,est_sizeaggregate_s5_49,2015,3.259
sen,sex_m,eco_isic4_e,est_sizeaggregate_s5_49,2016,0.962
sen,sex_m,eco_isic4_e,est_sizeaggregate_s5_49,2022,1.502
sen,sex_m,eco_isic4_e,est_sizeaggregate_sge50,2016,0.892
sen,sex_m,eco_isic4_e,est_sizeaggregate_total,2015,4.406
sen,sex_m,eco_isic4_e,est_sizeaggregate_total,2016,3.093
sen,sex_m,eco_isic4_e,est_sizeaggregate_total,2019,8.825
sen,sex_m,eco_isic4_e,est_sizeaggregate_total,2022,6.443
sen,sex_m,eco_isic4_e,est_sizeaggregate_total,2023,5.538
sen,sex_m,eco_isic4_e,est_sizeaggregate_total,2024,4.696
sen,sex_m,eco_isic4_e,est_sizeaggregate_x,2019,7.868
sen,sex_m,eco_isic4_e,est_sizeaggregate_x,2022,3.606
sen,sex_m,eco_isic4_e,est_sizeaggregate_x,2023,4.112
sen,sex_m,eco_isic4_e,est_sizeaggregate_x,2024,2.096
sen,sex_m,eco_isic4_f,est_sizeaggregate_s1_4,2015,28.084
sen,sex_m,eco_isic4_f,est_sizeaggregate_s1_4,2016,31.459
sen,sex_m,eco_isic4_f,est_sizeaggregate_s1_4,2019,47.501
sen,sex_m,eco_isic4_f,est_sizeaggregate_s1_4,2022,76.504
sen,sex_m,eco_isic4_f,est_sizeaggregate_s1_4,2023,71.29
sen,sex_m,eco_isic4_f,est_sizeaggregate_s1_4,2024,73.791
sen,sex_m,eco_isic4_f,est_sizeaggregate_s5_49,2015,80.387
sen,sex_m,eco_isic4_f,est_sizeaggregate_s5_49,2016,49.346
sen,sex_m,eco_isic4_f,est_sizeaggregate_s5_49,2019,57.841
sen,sex_m,eco_isic4_f,est_sizeaggregate_s5_49,2022,50.995
sen,sex_m,eco_isic4_f,est_sizeaggregate_s5_49,2023,42.708
sen,sex_m,eco_isic4_f,est_sizeaggregate_s5_49,2024,77.915
sen,sex_m,eco_isic4_f,est_sizeaggregate_sge50,2015,6.631
sen,sex_m,eco_isic4_f,est_sizeaggregate_sge50,2016,9.802
sen,sex_m,eco_isic4_f,est_sizeaggregate_total,2015,129.799
sen,sex_m,eco_isic4_f,est_sizeaggregate_total,2016,105.582
sen,sex_m,eco_isic4_f,est_sizeaggregate_total,2019,176.664
sen,sex_m,eco_isic4_f,est_sizeaggregate_total,2022,217.488
sen,sex_m,eco_isic4_f,est_sizeaggregate_total,2023,227.378
sen,sex_m,eco_isic4_f,est_sizeaggregate_total,2024,197.897
sen,sex_m,eco_isic4_f,est_sizeaggregate_x,2015,14.698
sen,sex_m,eco_isic4_f,est_sizeaggregate_x,2016,14.975
sen,sex_m,eco_isic4_f,est_sizeaggregate_x,2019,70.173
sen,sex_m,eco_isic4_f,est_sizeaggregate_x,2022,88.655
sen,sex_m,eco_isic4_f,est_sizeaggregate_x,2023,113.098
sen,sex_m,eco_isic4_f,est_sizeaggregate_x,2024,46
sen,sex_m,eco_isic4_g,est_sizeaggregate_s1_4,2015,36.989
sen,sex_m,eco_isic4_g,est_sizeaggregate_s1_4,2016,30.042
sen,sex_m,eco_isic4_g,est_sizeaggregate_s1_4,2019,41.684
sen,sex_m,eco_isic4_g,est_sizeaggregate_s1_4,2022,44.304
sen,sex_m,eco_isic4_g,est_sizeaggregate_s1_4,2023,35.525
sen,sex_m,eco_isic4_g,est_sizeaggregate_s1_4,2024,66.654
sen,sex_m,eco_isic4_g,est_sizeaggregate_s5_49,2015,29.668
sen,sex_m,eco_isic4_g,est_sizeaggregate_s5_49,2016,34.738
sen,sex_m,eco_isic4_g,est_sizeaggregate_s5_49,2019,33.424
sen,sex_m,eco_isic4_g,est_sizeaggregate_s5_49,2022,38.427
sen,sex_m,eco_isic4_g,est_sizeaggregate_s5_49,2023,33.84
sen,sex_m,eco_isic4_g,est_sizeaggregate_s5_49,2024,40.636
sen,sex_m,eco_isic4_g,est_sizeaggregate_sge50,2015,9.101
sen,sex_m,eco_isic4_g,est_sizeaggregate_sge50,2016,2.843
sen,sex_m,eco_isic4_g,est_sizeaggregate_total,2015,80.408
sen,sex_m,eco_isic4_g,est_sizeaggregate_total,2016,74.98
sen,sex_m,eco_isic4_g,est_sizeaggregate_total,2019,133.997
sen,sex_m,eco_isic4_g,est_sizeaggregate_total,2022,145.63
sen,sex_m,eco_isic4_g,est_sizeaggregate_total,2023,129.846
sen,sex_m,eco_isic4_g,est_sizeaggregate_total,2024,137.802
sen,sex_m,eco_isic4_g,est_sizeaggregate_x,2015,4.649
sen,sex_m,eco_isic4_g,est_sizeaggregate_x,2016,7.356
sen,sex_m,eco_isic4_g,est_sizeaggregate_x,2019,57.7
sen,sex_m,eco_isic4_g,est_sizeaggregate_x,2022,62.172
sen,sex_m,eco_isic4_g,est_sizeaggregate_x,2023,60.481
sen,sex_m,eco_isic4_g,est_sizeaggregate_x,2024,30.042
sen,sex_m,eco_isic4_h,est_sizeaggregate_s1_4,2015,50.932
sen,sex_m,eco_isic4_h,est_sizeaggregate_s1_4,2016,61.813
sen,sex_m,eco_isic4_h,est_sizeaggregate_s1_4,2019,69.428
sen,sex_m,eco_isic4_h,est_sizeaggregate_s1_4,2022,80.822
sen,sex_m,eco_isic4_h,est_sizeaggregate_s1_4,2023,60.604
sen,sex_m,eco_isic4_h,est_sizeaggregate_s1_4,2024,81.065
sen,sex_m,eco_isic4_h,est_sizeaggregate_s5_49,2015,17.308
sen,sex_m,eco_isic4_h,est_sizeaggregate_s5_49,2016,12.448
sen,sex_m,eco_isic4_h,est_sizeaggregate_s5_49,2019,8.342
sen,sex_m,eco_isic4_h,est_sizeaggregate_s5_49,2022,9.028
sen,sex_m,eco_isic4_h,est_sizeaggregate_s5_49,2023,9.152
sen,sex_m,eco_isic4_h,est_sizeaggregate_s5_49,2024,11.802
sen,sex_m,eco_isic4_h,est_sizeaggregate_sge50,2015,10.85
sen,sex_m,eco_isic4_h,est_sizeaggregate_sge50,2016,8.346
sen,sex_m,eco_isic4_h,est_sizeaggregate_total,2015,89.204
sen,sex_m,eco_isic4_h,est_sizeaggregate_total,2016,96.015
sen,sex_m,eco_isic4_h,est_sizeaggregate_total,2019,154.465
sen,sex_m,eco_isic4_h,est_sizeaggregate_total,2022,159.047
sen,sex_m,eco_isic4_h,est_sizeaggregate_total,2023,140.648
sen,sex_m,eco_isic4_h,est_sizeaggregate_total,2024,132.68
sen,sex_m,eco_isic4_h,est_sizeaggregate_x,2015,10.115
sen,sex_m,eco_isic4_h,est_sizeaggregate_x,2016,13.408
sen,sex_m,eco_isic4_h,est_sizeaggregate_x,2019,76.077
sen,sex_m,eco_isic4_h,est_sizeaggregate_x,2022,66.743
sen,sex_m,eco_isic4_h,est_sizeaggregate_x,2023,70.892
sen,sex_m,eco_isic4_h,est_sizeaggregate_x,2024,39.278
sen,sex_m,eco_isic4_i,est_sizeaggregate_s1_4,2015,0.598
sen,sex_m,eco_isic4_i,est_sizeaggregate_s1_4,2016,2.328
sen,sex_m,eco_isic4_i,est_sizeaggregate_s1_4,2019,0.699
sen,sex_m,eco_isic4_i,est_sizeaggregate_s1_4,2022,0.914
sen,sex_m,eco_isic4_i,est_sizeaggregate_s1_4,2024,2.72
sen,sex_m,eco_isic4_i,est_sizeaggregate_s5_49,2015,5.997
sen,sex_m,eco_isic4_i,est_sizeaggregate_s5_49,2016,4.735
sen,sex_m,eco_isic4_i,est_sizeaggregate_s5_49,2019,3.108
sen,sex_m,eco_isic4_i,est_sizeaggregate_s5_49,2022,2.621
sen,sex_m,eco_isic4_i,est_sizeaggregate_s5_49,2023,2.307
sen,sex_m,eco_isic4_i,est_sizeaggregate_s5_49,2024,5.121
sen,sex_m,eco_isic4_i,est_sizeaggregate_sge50,2015,4.316
sen,sex_m,eco_isic4_i,est_sizeaggregate_sge50,2016,1.174
sen,sex_m,eco_isic4_i,est_sizeaggregate_total,2015,13.908
sen,sex_m,eco_isic4_i,est_sizeaggregate_total,2016,10.11
sen,sex_m,eco_isic4_i,est_sizeaggregate_total,2019,16.665
sen,sex_m,eco_isic4_i,est_sizeaggregate_total,2022,15.144
sen,sex_m,eco_isic4_i,est_sizeaggregate_total,2023,13.311
sen,sex_m,eco_isic4_i,est_sizeaggregate_total,2024,15.672
sen,sex_m,eco_isic4_i,est_sizeaggregate_x,2015,2.998
sen,sex_m,eco_isic4_i,est_sizeaggregate_x,2016,1.873
sen,sex_m,eco_isic4_i,est_sizeaggregate_x,2019,11.99
sen,sex_m,eco_isic4_i,est_sizeaggregate_x,2022,10.169
sen,sex_m,eco_isic4_i,est_sizeaggregate_x,2023,10.69
sen,sex_m,eco_isic4_i,est_sizeaggregate_x,2024,7.648
sen,sex_m,eco_isic4_j,est_sizeaggregate_s1_4,2019,0.595
sen,sex_m,eco_isic4_j,est_sizeaggregate_s5_49,2015,6.604
sen,sex_m,eco_isic4_j,est_sizeaggregate_s5_49,2016,2.659
sen,sex_m,eco_isic4_j,est_sizeaggregate_s5_49,2022,2.925
sen,sex_m,eco_isic4_j,est_sizeaggregate_s5_49,2023,0.796
sen,sex_m,eco_isic4_j,est_sizeaggregate_s5_49,2024,1.234
sen,sex_m,eco_isic4_j,est_sizeaggregate_sge50,2015,6.554
sen,sex_m,eco_isic4_j,est_sizeaggregate_sge50,2016,1.138
sen,sex_m,eco_isic4_j,est_sizeaggregate_total,2015,15.033
sen,sex_m,eco_isic4_j,est_sizeaggregate_total,2016,6.802
sen,sex_m,eco_isic4_j,est_sizeaggregate_total,2019,9.268
sen,sex_m,eco_isic4_j,est_sizeaggregate_total,2022,21.15
sen,sex_m,eco_isic4_j,est_sizeaggregate_total,2023,16.541
sen,sex_m,eco_isic4_j,est_sizeaggregate_total,2024,12.126
sen,sex_m,eco_isic4_j,est_sizeaggregate_x,2015,1.616
sen,sex_m,eco_isic4_j,est_sizeaggregate_x,2016,2.212
sen,sex_m,eco_isic4_j,est_sizeaggregate_x,2019,7.405
sen,sex_m,eco_isic4_j,est_sizeaggregate_x,2022,17.552
sen,sex_m,eco_isic4_j,est_sizeaggregate_x,2023,15.495
sen,sex_m,eco_isic4_j,est_sizeaggregate_x,2024,10.393
sen,sex_m,eco_isic4_k,est_sizeaggregate_s1_4,2015,1.146
sen,sex_m,eco_isic4_k,est_sizeaggregate_s1_4,2019,2.061
sen,sex_m,eco_isic4_k,est_sizeaggregate_s1_4,2022,0.761
sen,sex_m,eco_isic4_k,est_sizeaggregate_s5_49,2015,3.226
sen,sex_m,eco_isic4_k,est_sizeaggregate_s5_49,2016,5.556
sen,sex_m,eco_isic4_k,est_sizeaggregate_s5_49,2019,0.71
sen,sex_m,eco_isic4_k,est_sizeaggregate_s5_49,2022,0.968
sen,sex_m,eco_isic4_k,est_sizeaggregate_s5_49,2023,0.677
sen,sex_m,eco_isic4_k,est_sizeaggregate_s5_49,2024,2.218
sen,sex_m,eco_isic4_k,est_sizeaggregate_sge50,2015,3.96
sen,sex_m,eco_isic4_k,est_sizeaggregate_total,2015,9.206
sen,sex_m,eco_isic4_k,est_sizeaggregate_total,2016,7.447
sen,sex_m,eco_isic4_k,est_sizeaggregate_total,2019,13.55
sen,sex_m,eco_isic4_k,est_sizeaggregate_total,2022,12.033
sen,sex_m,eco_isic4_k,est_sizeaggregate_total,2023,17.902
sen,sex_m,eco_isic4_k,est_sizeaggregate_total,2024,9.854
sen,sex_m,eco_isic4_k,est_sizeaggregate_x,2015,0.873
sen,sex_m,eco_isic4_k,est_sizeaggregate_x,2019,10.779
sen,sex_m,eco_isic4_k,est_sizeaggregate_x,2022,10.305
sen,sex_m,eco_isic4_k,est_sizeaggregate_x,2023,16.424
sen,sex_m,eco_isic4_k,est_sizeaggregate_x,2024,7.331
sen,sex_m,eco_isic4_l,est_sizeaggregate_s1_4,2019,0.701
sen,sex_m,eco_isic4_l,est_sizeaggregate_s1_4,2022,1.129
sen,sex_m,eco_isic4_l,est_sizeaggregate_s5_49,2019,2.646
sen,sex_m,eco_isic4_l,est_sizeaggregate_s5_49,2024,1.707
sen,sex_m,eco_isic4_l,est_sizeaggregate_total,2015,2.035
sen,sex_m,eco_isic4_l,est_sizeaggregate_total,2016,2.19
sen,sex_m,eco_isic4_l,est_sizeaggregate_total,2019,4.587
sen,sex_m,eco_isic4_l,est_sizeaggregate_total,2022,4.5
sen,sex_m,eco_isic4_l,est_sizeaggregate_total,2023,4.242
sen,sex_m,eco_isic4_l,est_sizeaggregate_total,2024,3.905
sen,sex_m,eco_isic4_l,est_sizeaggregate_x,2019,1.216
sen,sex_m,eco_isic4_l,est_sizeaggregate_x,2022,3.338
sen,sex_m,eco_isic4_l,est_sizeaggregate_x,2023,3.391
sen,sex_m,eco_isic4_m,est_sizeaggregate_s1_4,2015,0.498
sen,sex_m,eco_isic4_m,est_sizeaggregate_s1_4,2016,2.093
sen,sex_m,eco_isic4_m,est_sizeaggregate_s1_4,2024,1.931
sen,sex_m,eco_isic4_m,est_sizeaggregate_s5_49,2015,3.028
sen,sex_m,eco_isic4_m,est_sizeaggregate_s5_49,2016,6.185
sen,sex_m,eco_isic4_m,est_sizeaggregate_s5_49,2019,0.707
sen,sex_m,eco_isic4_m,est_sizeaggregate_s5_49,2022,0.704
sen,sex_m,eco_isic4_m,est_sizeaggregate_s5_49,2024,5.095
sen,sex_m,eco_isic4_m,est_sizeaggregate_sge50,2015,5.985
sen,sex_m,eco_isic4_m,est_sizeaggregate_sge50,2016,3.1
sen,sex_m,eco_isic4_m,est_sizeaggregate_sge50,2022,2.594
sen,sex_m,eco_isic4_m,est_sizeaggregate_total,2015,9.842
sen,sex_m,eco_isic4_m,est_sizeaggregate_total,2016,13.778
sen,sex_m,eco_isic4_m,est_sizeaggregate_total,2019,6.714
sen,sex_m,eco_isic4_m,est_sizeaggregate_total,2022,14.727
sen,sex_m,eco_isic4_m,est_sizeaggregate_total,2023,17.628
sen,sex_m,eco_isic4_m,est_sizeaggregate_total,2024,16.856
sen,sex_m,eco_isic4_m,est_sizeaggregate_x,2016,2.4
sen,sex_m,eco_isic4_m,est_sizeaggregate_x,2019,5.412
sen,sex_m,eco_isic4_m,est_sizeaggregate_x,2022,10.764
sen,sex_m,eco_isic4_m,est_sizeaggregate_x,2023,15.704
sen,sex_m,eco_isic4_m,est_sizeaggregate_x,2024,8.958
sen,sex_m,eco_isic4_n,est_sizeaggregate_s1_4,2015,1.338
sen,sex_m,eco_isic4_n,est_sizeaggregate_s1_4,2022,1.4
sen,sex_m,eco_isic4_n,est_sizeaggregate_s1_4,2024,1.467
sen,sex_m,eco_isic4_n,est_sizeaggregate_s5_49,2015,8.882
sen,sex_m,eco_isic4_n,est_sizeaggregate_s5_49,2016,3.931
sen,sex_m,eco_isic4_n,est_sizeaggregate_s5_49,2019,0.556
sen,sex_m,eco_isic4_n,est_sizeaggregate_s5_49,2023,1.053
sen,sex_m,eco_isic4_n,est_sizeaggregate_s5_49,2024,2.836
sen,sex_m,eco_isic4_n,est_sizeaggregate_sge50,2015,5.137
sen,sex_m,eco_isic4_n,est_sizeaggregate_sge50,2016,1.717
sen,sex_m,eco_isic4_n,est_sizeaggregate_total,2015,16.737
sen,sex_m,eco_isic4_n,est_sizeaggregate_total,2016,6.901
sen,sex_m,eco_isic4_n,est_sizeaggregate_total,2019,5.49
sen,sex_m,eco_isic4_n,est_sizeaggregate_total,2022,10.591
sen,sex_m,eco_isic4_n,est_sizeaggregate_total,2023,21.569
sen,sex_m,eco_isic4_n,est_sizeaggregate_total,2024,10.803
sen,sex_m,eco_isic4_n,est_sizeaggregate_x,2019,4.071
sen,sex_m,eco_isic4_n,est_sizeaggregate_x,2022,8.026
sen,sex_m,eco_isic4_n,est_sizeaggregate_x,2023,20.219
sen,sex_m,eco_isic4_n,est_sizeaggregate_x,2024,5.971
sen,sex_m,eco_isic4_o,est_sizeaggregate_s1_4,2024,1.11
sen,sex_m,eco_isic4_o,est_sizeaggregate_s5_49,2016,3.41
sen,sex_m,eco_isic4_o,est_sizeaggregate_s5_49,2019,2.713
sen,sex_m,eco_isic4_o,est_sizeaggregate_s5_49,2022,1.845
sen,sex_m,eco_isic4_o,est_sizeaggregate_s5_49,2024,2.23
sen,sex_m,eco_isic4_o,est_sizeaggregate_sge50,2016,2.828
sen,sex_m,eco_isic4_o,est_sizeaggregate_total,2016,8.69
sen,sex_m,eco_isic4_o,est_sizeaggregate_total,2019,17.047
sen,sex_m,eco_isic4_o,est_sizeaggregate_total,2022,10.144
sen,sex_m,eco_isic4_o,est_sizeaggregate_total,2023,21.449
sen,sex_m,eco_isic4_o,est_sizeaggregate_total,2024,16.794
sen,sex_m,eco_isic4_o,est_sizeaggregate_x,2016,1.67
sen,sex_m,eco_isic4_o,est_sizeaggregate_x,2019,14.05
sen,sex_m,eco_isic4_o,est_sizeaggregate_x,2022,7.997
sen,sex_m,eco_isic4_o,est_sizeaggregate_x,2023,21.078
sen,sex_m,eco_isic4_o,est_sizeaggregate_x,2024,12.888
sen,sex_m,eco_isic4_p,est_sizeaggregate_s1_4,2015,7.351
sen,sex_m,eco_isic4_p,est_sizeaggregate_s1_4,2016,11.362
sen,sex_m,eco_isic4_p,est_sizeaggregate_s1_4,2019,6.658
sen,sex_m,eco_isic4_p,est_sizeaggregate_s1_4,2022,7.295
sen,sex_m,eco_isic4_p,est_sizeaggregate_s1_4,2023,4.163
sen,sex_m,eco_isic4_p,est_sizeaggregate_s1_4,2024,10.94
sen,sex_m,eco_isic4_p,est_sizeaggregate_s5_49,2015,55.9
sen,sex_m,eco_isic4_p,est_sizeaggregate_s5_49,2016,62.578
sen,sex_m,eco_isic4_p,est_sizeaggregate_s5_49,2019,30.767
sen,sex_m,eco_isic4_p,est_sizeaggregate_s5_49,2022,22.982
sen,sex_m,eco_isic4_p,est_sizeaggregate_s5_49,2023,18.652
sen,sex_m,eco_isic4_p,est_sizeaggregate_s5_49,2024,43.069
sen,sex_m,eco_isic4_p,est_sizeaggregate_sge50,2015,7.827
sen,sex_m,eco_isic4_p,est_sizeaggregate_sge50,2016,6.504
sen,sex_m,eco_isic4_p,est_sizeaggregate_sge50,2019,2.516
sen,sex_m,eco_isic4_p,est_sizeaggregate_sge50,2022,2.075
sen,sex_m,eco_isic4_p,est_sizeaggregate_sge50,2023,1.786
sen,sex_m,eco_isic4_p,est_sizeaggregate_sge50,2024,2.981
sen,sex_m,eco_isic4_p,est_sizeaggregate_total,2015,82.142
sen,sex_m,eco_isic4_p,est_sizeaggregate_total,2016,90.478
sen,sex_m,eco_isic4_p,est_sizeaggregate_total,2019,96.059
sen,sex_m,eco_isic4_p,est_sizeaggregate_total,2022,80.92
sen,sex_m,eco_isic4_p,est_sizeaggregate_total,2023,78.642
sen,sex_m,eco_isic4_p,est_sizeaggregate_total,2024,90.236
sen,sex_m,eco_isic4_p,est_sizeaggregate_x,2015,11.064
sen,sex_m,eco_isic4_p,est_sizeaggregate_x,2016,10.033
sen,sex_m,eco_isic4_p,est_sizeaggregate_x,2019,56.119
sen,sex_m,eco_isic4_p,est_sizeaggregate_x,2022,48.569
sen,sex_m,eco_isic4_p,est_sizeaggregate_x,2023,54.041
sen,sex_m,eco_isic4_p,est_sizeaggregate_x,2024,33.245
sen,sex_m,eco_isic4_q,est_sizeaggregate_s1_4,2016,2.064
sen,sex_m,eco_isic4_q,est_sizeaggregate_s1_4,2019,1.342
sen,sex_m,eco_isic4_q,est_sizeaggregate_s1_4,2022,1.44
sen,sex_m,eco_isic4_q,est_sizeaggregate_s1_4,2023,1.416
sen,sex_m,eco_isic4_q,est_sizeaggregate_s1_4,2024,1.933
sen,sex_m,eco_isic4_q,est_sizeaggregate_s5_49,2015,10.187
sen,sex_m,eco_isic4_q,est_sizeaggregate_s5_49,2016,9.496
sen,sex_m,eco_isic4_q,est_sizeaggregate_s5_49,2019,1.597
sen,sex_m,eco_isic4_q,est_sizeaggregate_s5_49,2022,1.841
sen,sex_m,eco_isic4_q,est_sizeaggregate_s5_49,2023,1.761
sen,sex_m,eco_isic4_q,est_sizeaggregate_s5_49,2024,6.464
sen,sex_m,eco_isic4_q,est_sizeaggregate_sge50,2015,8.221
sen,sex_m,eco_isic4_q,est_sizeaggregate_sge50,2016,4.082
sen,sex_m,eco_isic4_q,est_sizeaggregate_total,2015,20.221
sen,sex_m,eco_isic4_q,est_sizeaggregate_total,2016,17.738
sen,sex_m,eco_isic4_q,est_sizeaggregate_total,2019,15.169
sen,sex_m,eco_isic4_q,est_sizeaggregate_total,2022,14.879
sen,sex_m,eco_isic4_q,est_sizeaggregate_total,2023,16.165
sen,sex_m,eco_isic4_q,est_sizeaggregate_total,2024,17.323
sen,sex_m,eco_isic4_q,est_sizeaggregate_x,2016,2.097
sen,sex_m,eco_isic4_q,est_sizeaggregate_x,2019,12.196
sen,sex_m,eco_isic4_q,est_sizeaggregate_x,2022,11.547
sen,sex_m,eco_isic4_q,est_sizeaggregate_x,2023,12.938
sen,sex_m,eco_isic4_q,est_sizeaggregate_x,2024,7.787
sen,sex_m,eco_isic4_r,est_sizeaggregate_total,2019,3.47
sen,sex_m,eco_isic4_r,est_sizeaggregate_total,2023,1.008
sen,sex_m,eco_isic4_r,est_sizeaggregate_x,2019,3.297
sen,sex_m,eco_isic4_r,est_sizeaggregate_x,2023,0.754
sen,sex_m,eco_isic4_s,est_sizeaggregate_s1_4,2015,28.271
sen,sex_m,eco_isic4_s,est_sizeaggregate_s1_4,2016,31.487
sen,sex_m,eco_isic4_s,est_sizeaggregate_s1_4,2019,48.311
sen,sex_m,eco_isic4_s,est_sizeaggregate_s1_4,2022,46.631
sen,sex_m,eco_isic4_s,est_sizeaggregate_s1_4,2023,32.163
sen,sex_m,eco_isic4_s,est_sizeaggregate_s1_4,2024,59.505
sen,sex_m,eco_isic4_s,est_sizeaggregate_s5_49,2015,39.444
sen,sex_m,eco_isic4_s,est_sizeaggregate_s5_49,2016,40.761
sen,sex_m,eco_isic4_s,est_sizeaggregate_s5_49,2019,19.389
sen,sex_m,eco_isic4_s,est_sizeaggregate_s5_49,2022,13.195
sen,sex_m,eco_isic4_s,est_sizeaggregate_s5_49,2023,7.468
sen,sex_m,eco_isic4_s,est_sizeaggregate_s5_49,2024,31.498
sen,sex_m,eco_isic4_s,est_sizeaggregate_sge50,2015,27.749
sen,sex_m,eco_isic4_s,est_sizeaggregate_sge50,2016,14.686
sen,sex_m,eco_isic4_s,est_sizeaggregate_sge50,2019,0.78
sen,sex_m,eco_isic4_s,est_sizeaggregate_sge50,2022,2.392
sen,sex_m,eco_isic4_s,est_sizeaggregate_sge50,2024,1.38
sen,sex_m,eco_isic4_s,est_sizeaggregate_total,2015,110.636
sen,sex_m,eco_isic4_s,est_sizeaggregate_total,2016,102.179
sen,sex_m,eco_isic4_s,est_sizeaggregate_total,2019,170.375
sen,sex_m,eco_isic4_s,est_sizeaggregate_total,2022,236.549
sen,sex_m,eco_isic4_s,est_sizeaggregate_total,2023,256.572
sen,sex_m,eco_isic4_s,est_sizeaggregate_total,2024,172.918
sen,sex_m,eco_isic4_s,est_sizeaggregate_x,2015,15.172
sen,sex_m,eco_isic4_s,est_sizeaggregate_x,2016,15.245
sen,sex_m,eco_isic4_s,est_sizeaggregate_x,2019,101.895
sen,sex_m,eco_isic4_s,est_sizeaggregate_x,2022,174.332
sen,sex_m,eco_isic4_s,est_sizeaggregate_x,2023,214.868
sen,sex_m,eco_isic4_s,est_sizeaggregate_x,2024,80.535
sen,sex_m,eco_isic4_t,est_sizeaggregate_s1_4,2015,10.337
sen,sex_m,eco_isic4_t,est_sizeaggregate_s1_4,2016,9.89
sen,sex_m,eco_isic4_t,est_sizeaggregate_s1_4,2019,10.283
sen,sex_m,eco_isic4_t,est_sizeaggregate_s1_4,2022,7.9
sen,sex_m,eco_isic4_t,est_sizeaggregate_s1_4,2023,2.826
sen,sex_m,eco_isic4_t,est_sizeaggregate_s1_4,2024,4.365
sen,sex_m,eco_isic4_t,est_sizeaggregate_s5_49,2015,7.273
sen,sex_m,eco_isic4_t,est_sizeaggregate_s5_49,2016,2.684
sen,sex_m,eco_isic4_t,est_sizeaggregate_s5_49,2019,2.757
sen,sex_m,eco_isic4_t,est_sizeaggregate_s5_49,2022,0.862
sen,sex_m,eco_isic4_t,est_sizeaggregate_s5_49,2023,0.809
sen,sex_m,eco_isic4_t,est_sizeaggregate_s5_49,2024,4.684
sen,sex_m,eco_isic4_t,est_sizeaggregate_total,2015,18.77
sen,sex_m,eco_isic4_t,est_sizeaggregate_total,2016,16.78
sen,sex_m,eco_isic4_t,est_sizeaggregate_total,2019,17.009
sen,sex_m,eco_isic4_t,est_sizeaggregate_total,2022,14.834
sen,sex_m,eco_isic4_t,est_sizeaggregate_total,2023,8.049
sen,sex_m,eco_isic4_t,est_sizeaggregate_total,2024,11.552
sen,sex_m,eco_isic4_t,est_sizeaggregate_x,2015,0.716
sen,sex_m,eco_isic4_t,est_sizeaggregate_x,2016,3.545
sen,sex_m,eco_isic4_t,est_sizeaggregate_x,2019,3.97
sen,sex_m,eco_isic4_t,est_sizeaggregate_x,2022,5.383
sen,sex_m,eco_isic4_t,est_sizeaggregate_x,2023,4.304
sen,sex_m,eco_isic4_t,est_sizeaggregate_x,2024,1.933
sen,sex_m,eco_isic4_total,est_sizeaggregate_s1_4,2015,220.276
sen,sex_m,eco_isic4_total,est_sizeaggregate_s1_4,2016,248.09
sen,sex_m,eco_isic4_total,est_sizeaggregate_s1_4,2019,299.107
sen,sex_m,eco_isic4_total,est_sizeaggregate_s1_4,2022,323.577
sen,sex_m,eco_isic4_total,est_sizeaggregate_s1_4,2023,286.789
sen,sex_m,eco_isic4_total,est_sizeaggregate_s1_4,2024,424.156
sen,sex_m,eco_isic4_total,est_sizeaggregate_s5_49,2015,329.78
sen,sex_m,eco_isic4_total,est_sizeaggregate_s5_49,2016,320.069
sen,sex_m,eco_isic4_total,est_sizeaggregate_s5_49,2019,248.838
sen,sex_m,eco_isic4_total,est_sizeaggregate_s5_49,2022,200.689
sen,sex_m,eco_isic4_total,est_sizeaggregate_s5_49,2023,190.365
sen,sex_m,eco_isic4_total,est_sizeaggregate_s5_49,2024,351.652
sen,sex_m,eco_isic4_total,est_sizeaggregate_sge50,2015,132.627
sen,sex_m,eco_isic4_total,est_sizeaggregate_sge50,2016,75.259
sen,sex_m,eco_isic4_total,est_sizeaggregate_sge50,2019,11.139
sen,sex_m,eco_isic4_total,est_sizeaggregate_sge50,2022,18.488
sen,sex_m,eco_isic4_total,est_sizeaggregate_sge50,2023,7.327
sen,sex_m,eco_isic4_total,est_sizeaggregate_sge50,2024,22.375
sen,sex_m,eco_isic4_total,est_sizeaggregate_total,2015,780.706
sen,sex_m,eco_isic4_total,est_sizeaggregate_total,2016,761.772
sen,sex_m,eco_isic4_total,est_sizeaggregate_total,2019,1197.387
sen,sex_m,eco_isic4_total,est_sizeaggregate_total,2022,1226.897
sen,sex_m,eco_isic4_total,est_sizeaggregate_total,2023,1310.815
sen,sex_m,eco_isic4_total,est_sizeaggregate_total,2024,1199.532
sen,sex_m,eco_isic4_total,est_sizeaggregate_x,2015,98.024
sen,sex_m,eco_isic4_total,est_sizeaggregate_x,2016,118.354
sen,sex_m,eco_isic4_total,est_sizeaggregate_x,2019,638.304
sen,sex_m,eco_isic4_total,est_sizeaggregate_x,2022,684.142
sen,sex_m,eco_isic4_total,est_sizeaggregate_x,2023,826.334
sen,sex_m,eco_isic4_total,est_sizeaggregate_x,2024,401.351
sen,sex_m,eco_isic4_u,est_sizeaggregate_s1_4,2015,0.883
sen,sex_m,eco_isic4_u,est_sizeaggregate_s5_49,2015,0.881
sen,sex_m,eco_isic4_u,est_sizeaggregate_s5_49,2016,0.977
sen,sex_m,eco_isic4_u,est_sizeaggregate_s5_49,2022,0.341
sen,sex_m,eco_isic4_u,est_sizeaggregate_s5_49,2024,1.336
sen,sex_m,eco_isic4_u,est_sizeaggregate_sge50,2015,1.611
sen,sex_m,eco_isic4_u,est_sizeaggregate_sge50,2016,1.089
sen,sex_m,eco_isic4_u,est_sizeaggregate_total,2015,3.978
sen,sex_m,eco_isic4_u,est_sizeaggregate_total,2016,5.03
sen,sex_m,eco_isic4_u,est_sizeaggregate_total,2019,2.792
sen,sex_m,eco_isic4_u,est_sizeaggregate_total,2022,5.138
sen,sex_m,eco_isic4_u,est_sizeaggregate_total,2023,2.006
sen,sex_m,eco_isic4_u,est_sizeaggregate_total,2024,3.124
sen,sex_m,eco_isic4_u,est_sizeaggregate_x,2015,0.603
sen,sex_m,eco_isic4_u,est_sizeaggregate_x,2016,2.214
sen,sex_m,eco_isic4_u,est_sizeaggregate_x,2019,2.205
sen,sex_m,eco_isic4_u,est_sizeaggregate_x,2022,4.701
sen,sex_m,eco_isic4_u,est_sizeaggregate_x,2023,1.654
sen,sex_m,eco_isic4_u,est_sizeaggregate_x,2024,0.861
sen,sex_m,eco_isic4_x,est_sizeaggregate_total,2015,1.842
sen,sex_m,eco_isic4_x,est_sizeaggregate_total,2023,0.835
sen,sex_m,eco_isic4_x,est_sizeaggregate_total,2024,1.74
sen,sex_m,eco_isic4_x,est_sizeaggregate_x,2015,1.842
sen,sex_m,eco_isic4_x,est_sizeaggregate_x,2023,0.835
sen,sex_m,eco_isic4_x,est_sizeaggregate_x,2024,1.74
sen,sex_m,eco_sector_agr,est_sizeaggregate_s1_4,2015,38.638
sen,sex_m,eco_sector_agr,est_sizeaggregate_s1_4,2016,29.727
sen,sex_m,eco_sector_agr,est_sizeaggregate_s1_4,2019,27.185
sen,sex_m,eco_sector_agr,est_sizeaggregate_s1_4,2022,18.926
sen,sex_m,eco_sector_agr,est_sizeaggregate_s1_4,2023,23.663
sen,sex_m,eco_sector_agr,est_sizeaggregate_s1_4,2024,62.977
sen,sex_m,eco_sector_agr,est_sizeaggregate_s5_49,2015,25.316
sen,sex_m,eco_sector_agr,est_sizeaggregate_s5_49,2016,24.858
sen,sex_m,eco_sector_agr,est_sizeaggregate_s5_49,2019,17.873
sen,sex_m,eco_sector_agr,est_sizeaggregate_s5_49,2022,8.428
sen,sex_m,eco_sector_agr,est_sizeaggregate_s5_49,2023,10.173
sen,sex_m,eco_sector_agr,est_sizeaggregate_s5_49,2024,44.753
sen,sex_m,eco_sector_agr,est_sizeaggregate_sge50,2015,13.518
sen,sex_m,eco_sector_agr,est_sizeaggregate_sge50,2016,2.59
sen,sex_m,eco_sector_agr,est_sizeaggregate_sge50,2023,1.15
sen,sex_m,eco_sector_agr,est_sizeaggregate_sge50,2024,3.617
sen,sex_m,eco_sector_agr,est_sizeaggregate_total,2015,88.219
sen,sex_m,eco_sector_agr,est_sizeaggregate_total,2016,71.758
sen,sex_m,eco_sector_agr,est_sizeaggregate_total,2019,79.613
sen,sex_m,eco_sector_agr,est_sizeaggregate_total,2022,61.724
sen,sex_m,eco_sector_agr,est_sizeaggregate_total,2023,81.341
sen,sex_m,eco_sector_agr,est_sizeaggregate_total,2024,136.626
sen,sex_m,eco_sector_agr,est_sizeaggregate_x,2015,10.747
sen,sex_m,eco_sector_agr,est_sizeaggregate_x,2016,14.582
sen,sex_m,eco_sector_agr,est_sizeaggregate_x,2019,34.043
sen,sex_m,eco_sector_agr,est_sizeaggregate_x,2022,33.551
sen,sex_m,eco_sector_agr,est_sizeaggregate_x,2023,46.356
sen,sex_m,eco_sector_agr,est_sizeaggregate_x,2024,25.279
sen,sex_m,eco_sector_agr,est_sizedetails_s1,2015,13.659
sen,sex_m,eco_sector_agr,est_sizedetails_s1,2016,10.41
sen,sex_m,eco_sector_agr,est_sizedetails_s1,2019,10.006
sen,sex_m,eco_sector_agr,est_sizedetails_s1,2022,5.84
sen,sex_m,eco_sector_agr,est_sizedetails_s1,2023,6.441
sen,sex_m,eco_sector_agr,est_sizedetails_s1,2024,18.391
sen,sex_m,eco_sector_agr,est_sizedetails_s10_19,2015,11.93
sen,sex_m,eco_sector_agr,est_sizedetails_s10_19,2016,7.456
sen,sex_m,eco_sector_agr,est_sizedetails_s10_19,2019,7.677
sen,sex_m,eco_sector_agr,est_sizedetails_s10_19,2022,1.74
sen,sex_m,eco_sector_agr,est_sizedetails_s10_19,2024,13.262
sen,sex_m,eco_sector_agr,est_sizedetails_s20_49,2015,5.141
sen,sex_m,eco_sector_agr,est_sizedetails_s20_49,2016,5.202
sen,sex_m,eco_sector_agr,est_sizedetails_s20_49,2019,1.472
sen,sex_m,eco_sector_agr,est_sizedetails_s20_49,2022,1.791
sen,sex_m,eco_sector_agr,est_sizedetails_s20_49,2024,5.132
sen,sex_m,eco_sector_agr,est_sizedetails_s2_4,2015,24.98
sen,sex_m,eco_sector_agr,est_sizedetails_s2_4,2016,19.317
sen,sex_m,eco_sector_agr,est_sizedetails_s2_4,2019,17.18
sen,sex_m,eco_sector_agr,est_sizedetails_s2_4,2022,13.086
sen,sex_m,eco_sector_agr,est_sizedetails_s2_4,2023,17.221
sen,sex_m,eco_sector_agr,est_sizedetails_s2_4,2024,44.586
sen,sex_m,eco_sector_agr,est_sizedetails_s5_9,2015,8.245
sen,sex_m,eco_sector_agr,est_sizedetails_s5_9,2016,12.199
sen,sex_m,eco_sector_agr,est_sizedetails_s5_9,2019,8.724
sen,sex_m,eco_sector_agr,est_sizedetails_s5_9,2022,4.896
sen,sex_m,eco_sector_agr,est_sizedetails_s5_9,2023,8.987
sen,sex_m,eco_sector_agr,est_sizedetails_s5_9,2024,26.359
sen,sex_m,eco_sector_agr,est_sizedetails_sge50,2015,13.518
sen,sex_m,eco_sector_agr,est_sizedetails_sge50,2016,2.59
sen,sex_m,eco_sector_agr,est_sizedetails_sge50,2023,1.15
sen,sex_m,eco_sector_agr,est_sizedetails_sge50,2024,3.617
sen,sex_m,eco_sector_agr,est_sizedetails_total,2015,88.219
sen,sex_m,eco_sector_agr,est_sizedetails_total,2016,71.758
sen,sex_m,eco_sector_agr,est_sizedetails_total,2019,79.613
sen,sex_m,eco_sector_agr,est_sizedetails_total,2022,61.724
sen,sex_m,eco_sector_agr,est_sizedetails_total,2023,81.341
sen,sex_m,eco_sector_agr,est_sizedetails_total,2024,136.626
sen,sex_m,eco_sector_agr,est_sizedetails_x,2015,10.747
sen,sex_m,eco_sector_agr,est_sizedetails_x,2016,14.582
sen,sex_m,eco_sector_agr,est_sizedetails_x,2019,34.043
sen,sex_m,eco_sector_agr,est_sizedetails_x,2022,33.551
sen,sex_m,eco_sector_agr,est_sizedetails_x,2023,46.356
sen,sex_m,eco_sector_agr,est_sizedetails_x,2024,25.279
sen,sex_m,eco_sector_ind,est_sizeaggregate_s1_4,2015,41.719
sen,sex_m,eco_sector_ind,est_sizeaggregate_s1_4,2016,63.184
sen,sex_m,eco_sector_ind,est_sizeaggregate_s1_4,2019,88.356
sen,sex_m,eco_sector_ind,est_sizeaggregate_s1_4,2022,110.665
sen,sex_m,eco_sector_ind,est_sizeaggregate_s1_4,2023,123.406
sen,sex_m,eco_sector_ind,est_sizeaggregate_s1_4,2024,128.129
sen,sex_m,eco_sector_ind,est_sizeaggregate_s5_49,2015,115.135
sen,sex_m,eco_sector_ind,est_sizeaggregate_s5_49,2016,103.896
sen,sex_m,eco_sector_ind,est_sizeaggregate_s5_49,2019,123.044
sen,sex_m,eco_sector_ind,est_sizeaggregate_s5_49,2022,95.326
sen,sex_m,eco_sector_ind,est_sizeaggregate_s5_49,2023,102.13
sen,sex_m,eco_sector_ind,est_sizeaggregate_s5_49,2024,146.19
sen,sex_m,eco_sector_ind,est_sizeaggregate_sge50,2015,26.916
sen,sex_m,eco_sector_ind,est_sizeaggregate_sge50,2016,23.351
sen,sex_m,eco_sector_ind,est_sizeaggregate_sge50,2019,3.841
sen,sex_m,eco_sector_ind,est_sizeaggregate_sge50,2022,4.902
sen,sex_m,eco_sector_ind,est_sizeaggregate_sge50,2023,1.314
sen,sex_m,eco_sector_ind,est_sizeaggregate_sge50,2024,8.562
sen,sex_m,eco_sector_ind,est_sizeaggregate_total,2015,218.525
sen,sex_m,eco_sector_ind,est_sizeaggregate_total,2016,230.346
sen,sex_m,eco_sector_ind,est_sizeaggregate_total,2019,450.792
sen,sex_m,eco_sector_ind,est_sizeaggregate_total,2022,418.551
sen,sex_m,eco_sector_ind,est_sizeaggregate_total,2023,483.063
sen,sex_m,eco_sector_ind,est_sizeaggregate_total,2024,408.282
sen,sex_m,eco_sector_ind,est_sizeaggregate_x,2015,34.755
sen,sex_m,eco_sector_ind,est_sizeaggregate_x,2016,39.915
sen,sex_m,eco_sector_ind,est_sizeaggregate_x,2019,235.551
sen,sex_m,eco_sector_ind,est_sizeaggregate_x,2022,207.657
sen,sex_m,eco_sector_ind,est_sizeaggregate_x,2023,256.213
sen,sex_m,eco_sector_ind,est_sizeaggregate_x,2024,125.401
sen,sex_m,eco_sector_ind,est_sizedetails_s1,2015,3.268
sen,sex_m,eco_sector_ind,est_sizedetails_s1,2016,3.343
sen,sex_m,eco_sector_ind,est_sizedetails_s1,2019,3.004
sen,sex_m,eco_sector_ind,est_sizedetails_s1,2022,2.86
sen,sex_m,eco_sector_ind,est_sizedetails_s1,2023,2.679
sen,sex_m,eco_sector_ind,est_sizedetails_s1,2024,6.61
sen,sex_m,eco_sector_ind,est_sizedetails_s10_19,2015,47.697
sen,sex_m,eco_sector_ind,est_sizedetails_s10_19,2016,24.779
sen,sex_m,eco_sector_ind,est_sizedetails_s10_19,2019,19.483
sen,sex_m,eco_sector_ind,est_sizedetails_s10_19,2022,13.358
sen,sex_m,eco_sector_ind,est_sizedetails_s10_19,2023,7.72
sen,sex_m,eco_sector_ind,est_sizedetails_s10_19,2024,18.912
sen,sex_m,eco_sector_ind,est_sizedetails_s20_49,2015,6.974
sen,sex_m,eco_sector_ind,est_sizedetails_s20_49,2016,6.801
sen,sex_m,eco_sector_ind,est_sizedetails_s20_49,2019,2.937
sen,sex_m,eco_sector_ind,est_sizedetails_s20_49,2022,1.563
sen,sex_m,eco_sector_ind,est_sizedetails_s20_49,2023,2.84
sen,sex_m,eco_sector_ind,est_sizedetails_s20_49,2024,6.177
sen,sex_m,eco_sector_ind,est_sizedetails_s2_4,2015,38.451
sen,sex_m,eco_sector_ind,est_sizedetails_s2_4,2016,59.84
sen,sex_m,eco_sector_ind,est_sizedetails_s2_4,2019,85.352
sen,sex_m,eco_sector_ind,est_sizedetails_s2_4,2022,107.805
sen,sex_m,eco_sector_ind,est_sizedetails_s2_4,2023,120.726
sen,sex_m,eco_sector_ind,est_sizedetails_s2_4,2024,121.519
sen,sex_m,eco_sector_ind,est_sizedetails_s5_9,2015,60.464
sen,sex_m,eco_sector_ind,est_sizedetails_s5_9,2016,72.316
sen,sex_m,eco_sector_ind,est_sizedetails_s5_9,2019,100.624
sen,sex_m,eco_sector_ind,est_sizedetails_s5_9,2022,80.405
sen,sex_m,eco_sector_ind,est_sizedetails_s5_9,2023,91.57
sen,sex_m,eco_sector_ind,est_sizedetails_s5_9,2024,121.101
sen,sex_m,eco_sector_ind,est_sizedetails_sge50,2015,26.916
sen,sex_m,eco_sector_ind,est_sizedetails_sge50,2016,23.351
sen,sex_m,eco_sector_ind,est_sizedetails_sge50,2019,3.841
sen,sex_m,eco_sector_ind,est_sizedetails_sge50,2022,4.902
sen,sex_m,eco_sector_ind,est_sizedetails_sge50,2023,1.314
sen,sex_m,eco_sector_ind,est_sizedetails_sge50,2024,8.562
sen,sex_m,eco_sector_ind,est_sizedetails_total,2015,218.525
sen,sex_m,eco_sector_ind,est_sizedetails_total,2016,230.346
sen,sex_m,eco_sector_ind,est_sizedetails_total,2019,450.792
sen,sex_m,eco_sector_ind,est_sizedetails_total,2022,418.551
sen,sex_m,eco_sector_ind,est_sizedetails_total,2023,483.063
sen,sex_m,eco_sector_ind,est_sizedetails_total,2024,408.282
sen,sex_m,eco_sector_ind,est_sizedetails_x,2015,34.755
sen,sex_m,eco_sector_ind,est_sizedetails_x,2016,39.915
sen,sex_m,eco_sector_ind,est_sizedetails_x,2019,235.551
sen,sex_m,eco_sector_ind,est_sizedetails_x,2022,207.657
sen,sex_m,eco_sector_ind,est_sizedetails_x,2023,256.213
sen,sex_m,eco_sector_ind,est_sizedetails_x,2024,125.401
sen,sex_m,eco_sector_nag,est_sizeaggregate_s1_4,2015,181.637
sen,sex_m,eco_sector_nag,est_sizeaggregate_s1_4,2016,218.363
sen,sex_m,eco_sector_nag,est_sizeaggregate_s1_4,2019,271.922
sen,sex_m,eco_sector_nag,est_sizeaggregate_s1_4,2022,304.651
sen,sex_m,eco_sector_nag,est_sizeaggregate_s1_4,2023,263.126
sen,sex_m,eco_sector_nag,est_sizeaggregate_s1_4,2024,361.178
sen,sex_m,eco_sector_nag,est_sizeaggregate_s5_49,2015,304.464
sen,sex_m,eco_sector_nag,est_sizeaggregate_s5_49,2016,295.212
sen,sex_m,eco_sector_nag,est_sizeaggregate_s5_49,2019,230.964
sen,sex_m,eco_sector_nag,est_sizeaggregate_s5_49,2022,192.262
sen,sex_m,eco_sector_nag,est_sizeaggregate_s5_49,2023,180.192
sen,sex_m,eco_sector_nag,est_sizeaggregate_s5_49,2024,306.899
sen,sex_m,eco_sector_nag,est_sizeaggregate_sge50,2015,119.11
sen,sex_m,eco_sector_nag,est_sizeaggregate_sge50,2016,72.668
sen,sex_m,eco_sector_nag,est_sizeaggregate_sge50,2019,10.627
sen,sex_m,eco_sector_nag,est_sizeaggregate_sge50,2022,17.668
sen,sex_m,eco_sector_nag,est_sizeaggregate_sge50,2023,6.177
sen,sex_m,eco_sector_nag,est_sizeaggregate_sge50,2024,18.758
sen,sex_m,eco_sector_nag,est_sizeaggregate_total,2015,692.487
sen,sex_m,eco_sector_nag,est_sizeaggregate_total,2016,690.015
sen,sex_m,eco_sector_nag,est_sizeaggregate_total,2019,1117.774
sen,sex_m,eco_sector_nag,est_sizeaggregate_total,2022,1165.173
sen,sex_m,eco_sector_nag,est_sizeaggregate_total,2023,1229.474
sen,sex_m,eco_sector_nag,est_sizeaggregate_total,2024,1062.906
sen,sex_m,eco_sector_nag,est_sizeaggregate_x,2015,87.276
sen,sex_m,eco_sector_nag,est_sizeaggregate_x,2016,103.771
sen,sex_m,eco_sector_nag,est_sizeaggregate_x,2019,604.26
sen,sex_m,eco_sector_nag,est_sizeaggregate_x,2022,650.591
sen,sex_m,eco_sector_nag,est_sizeaggregate_x,2023,779.979
sen,sex_m,eco_sector_nag,est_sizeaggregate_x,2024,376.071
sen,sex_m,eco_sector_nag,est_sizedetails_s1,2015,60.131
sen,sex_m,eco_sector_nag,est_sizedetails_s1,2016,54.19
sen,sex_m,eco_sector_nag,est_sizedetails_s1,2019,76.654
sen,sex_m,eco_sector_nag,est_sizedetails_s1,2022,77.381
sen,sex_m,eco_sector_nag,est_sizedetails_s1,2023,65.269
sen,sex_m,eco_sector_nag,est_sizedetails_s1,2024,100.005
sen,sex_m,eco_sector_nag,est_sizedetails_s10_19,2015,115.922
sen,sex_m,eco_sector_nag,est_sizedetails_s10_19,2016,95.844
sen,sex_m,eco_sector_nag,est_sizedetails_s10_19,2019,52.951
sen,sex_m,eco_sector_nag,est_sizedetails_s10_19,2022,42.303
sen,sex_m,eco_sector_nag,est_sizedetails_s10_19,2023,25.073
sen,sex_m,eco_sector_nag,est_sizedetails_s10_19,2024,73.884
sen,sex_m,eco_sector_nag,est_sizedetails_s20_49,2015,68.448
sen,sex_m,eco_sector_nag,est_sizedetails_s20_49,2016,53.691
sen,sex_m,eco_sector_nag,est_sizedetails_s20_49,2019,17.029
sen,sex_m,eco_sector_nag,est_sizedetails_s20_49,2022,13.792
sen,sex_m,eco_sector_nag,est_sizedetails_s20_49,2023,11.68
sen,sex_m,eco_sector_nag,est_sizedetails_s20_49,2024,28.577
sen,sex_m,eco_sector_nag,est_sizedetails_s2_4,2015,121.506
sen,sex_m,eco_sector_nag,est_sizedetails_s2_4,2016,164.173
sen,sex_m,eco_sector_nag,est_sizedetails_s2_4,2019,195.268
sen,sex_m,eco_sector_nag,est_sizedetails_s2_4,2022,227.27
sen,sex_m,eco_sector_nag,est_sizedetails_s2_4,2023,197.857
sen,sex_m,eco_sector_nag,est_sizedetails_s2_4,2024,261.174
sen,sex_m,eco_sector_nag,est_sizedetails_s5_9,2015,120.094
sen,sex_m,eco_sector_nag,est_sizedetails_s5_9,2016,145.677
sen,sex_m,eco_sector_nag,est_sizedetails_s5_9,2019,160.984
sen,sex_m,eco_sector_nag,est_sizedetails_s5_9,2022,136.167
sen,sex_m,eco_sector_nag,est_sizedetails_s5_9,2023,143.439
sen,sex_m,eco_sector_nag,est_sizedetails_s5_9,2024,204.437
sen,sex_m,eco_sector_nag,est_sizedetails_sge50,2015,119.11
sen,sex_m,eco_sector_nag,est_sizedetails_sge50,2016,72.668
sen,sex_m,eco_sector_nag,est_sizedetails_sge50,2019,10.627
sen,sex_m,eco_sector_nag,est_sizedetails_sge50,2022,17.668
sen,sex_m,eco_sector_nag,est_sizedetails_sge50,2023,6.177
sen,sex_m,eco_sector_nag,est_sizedetails_sge50,2024,18.758
sen,sex_m,eco_sector_nag,est_sizedetails_total,2015,692.487
sen,sex_m,eco_sector_nag,est_sizedetails_total,2016,690.015
sen,sex_m,eco_sector_nag,est_sizedetails_total,2019,1117.774
sen,sex_m,eco_sector_nag,est_sizedetails_total,2022,1165.173
sen,sex_m,eco_sector_nag,est_sizedetails_total,2023,1229.474
sen,sex_m,eco_sector_nag,est_sizedetails_total,2024,1062.906
sen,sex_m,eco_sector_nag,est_sizedetails_x,2015,87.276
sen,sex_m,eco_sector_nag,est_sizedetails_x,2016,103.771
sen,sex_m,eco_sector_nag,est_sizedetails_x,2019,604.26
sen,sex_m,eco_sector_nag,est_sizedetails_x,2022,650.591
sen,sex_m,eco_sector_nag,est_sizedetails_x,2023,779.979
sen,sex_m,eco_sector_nag,est_sizedetails_x,2024,376.071
sen,sex_m,eco_sector_ser,est_sizeaggregate_s1_4,2015,139.919
sen,sex_m,eco_sector_ser,est_sizeaggregate_s1_4,2016,155.179
sen,sex_m,eco_sector_ser,est_sizeaggregate_s1_4,2019,183.566
sen,sex_m,eco_sector_ser,est_sizeaggregate_s1_4,2022,193.986
sen,sex_m,eco_sector_ser,est_sizeaggregate_s1_4,2023,139.72
sen,sex_m,eco_sector_ser,est_sizeaggregate_s1_4,2024,233.049
sen,sex_m,eco_sector_ser,est_sizeaggregate_s5_49,2015,189.329
sen,sex_m,eco_sector_ser,est_sizeaggregate_s5_49,2016,191.315
sen,sex_m,eco_sector_ser,est_sizeaggregate_s5_49,2019,107.92
sen,sex_m,eco_sector_ser,est_sizeaggregate_s5_49,2022,96.936
sen,sex_m,eco_sector_ser,est_sizeaggregate_s5_49,2023,78.063
sen,sex_m,eco_sector_ser,est_sizeaggregate_s5_49,2024,160.709
sen,sex_m,eco_sector_ser,est_sizeaggregate_sge50,2015,92.193
sen,sex_m,eco_sector_ser,est_sizeaggregate_sge50,2016,49.317
sen,sex_m,eco_sector_ser,est_sizeaggregate_sge50,2019,6.787
sen,sex_m,eco_sector_ser,est_sizeaggregate_sge50,2022,12.766
sen,sex_m,eco_sector_ser,est_sizeaggregate_sge50,2023,4.863
sen,sex_m,eco_sector_ser,est_sizeaggregate_sge50,2024,10.196
sen,sex_m,eco_sector_ser,est_sizeaggregate_total,2015,472.12
sen,sex_m,eco_sector_ser,est_sizeaggregate_total,2016,459.515
sen,sex_m,eco_sector_ser,est_sizeaggregate_total,2019,666.656
sen,sex_m,eco_sector_ser,est_sizeaggregate_total,2022,746.622
sen,sex_m,eco_sector_ser,est_sizeaggregate_total,2023,745.577
sen,sex_m,eco_sector_ser,est_sizeaggregate_total,2024,652.884
sen,sex_m,eco_sector_ser,est_sizeaggregate_x,2015,50.678
sen,sex_m,eco_sector_ser,est_sizeaggregate_x,2016,63.703
sen,sex_m,eco_sector_ser,est_sizeaggregate_x,2019,368.383
sen,sex_m,eco_sector_ser,est_sizeaggregate_x,2022,442.934
sen,sex_m,eco_sector_ser,est_sizeaggregate_x,2023,522.931
sen,sex_m,eco_sector_ser,est_sizeaggregate_x,2024,248.931
sen,sex_m,eco_sector_ser,est_sizedetails_s1,2015,56.864
sen,sex_m,eco_sector_ser,est_sizedetails_s1,2016,50.847
sen,sex_m,eco_sector_ser,est_sizedetails_s1,2019,73.65
sen,sex_m,eco_sector_ser,est_sizedetails_s1,2022,74.52
sen,sex_m,eco_sector_ser,est_sizedetails_s1,2023,62.589
sen,sex_m,eco_sector_ser,est_sizedetails_s1,2024,93.395
sen,sex_m,eco_sector_ser,est_sizedetails_s10_19,2015,68.226
sen,sex_m,eco_sector_ser,est_sizedetails_s10_19,2016,71.064
sen,sex_m,eco_sector_ser,est_sizedetails_s10_19,2019,33.469
sen,sex_m,eco_sector_ser,est_sizedetails_s10_19,2022,28.945
sen,sex_m,eco_sector_ser,est_sizedetails_s10_19,2023,17.354
sen,sex_m,eco_sector_ser,est_sizedetails_s10_19,2024,54.972
sen,sex_m,eco_sector_ser,est_sizedetails_s20_49,2015,61.474
sen,sex_m,eco_sector_ser,est_sizedetails_s20_49,2016,46.89
sen,sex_m,eco_sector_ser,est_sizedetails_s20_49,2019,14.092
sen,sex_m,eco_sector_ser,est_sizedetails_s20_49,2022,12.229
sen,sex_m,eco_sector_ser,est_sizedetails_s20_49,2023,8.84
sen,sex_m,eco_sector_ser,est_sizedetails_s20_49,2024,22.401
sen,sex_m,eco_sector_ser,est_sizedetails_s2_4,2015,83.055
sen,sex_m,eco_sector_ser,est_sizedetails_s2_4,2016,104.333
sen,sex_m,eco_sector_ser,est_sizedetails_s2_4,2019,109.916
sen,sex_m,eco_sector_ser,est_sizedetails_s2_4,2022,119.465
sen,sex_m,eco_sector_ser,est_sizedetails_s2_4,2023,77.131
sen,sex_m,eco_sector_ser,est_sizedetails_s2_4,2024,139.654
sen,sex_m,eco_sector_ser,est_sizedetails_s5_9,2015,59.63
sen,sex_m,eco_sector_ser,est_sizedetails_s5_9,2016,73.362
sen,sex_m,eco_sector_ser,est_sizedetails_s5_9,2019,60.359
sen,sex_m,eco_sector_ser,est_sizedetails_s5_9,2022,55.762
sen,sex_m,eco_sector_ser,est_sizedetails_s5_9,2023,51.868
sen,sex_m,eco_sector_ser,est_sizedetails_s5_9,2024,83.336
sen,sex_m,eco_sector_ser,est_sizedetails_sge50,2015,92.193
sen,sex_m,eco_sector_ser,est_sizedetails_sge50,2016,49.317
sen,sex_m,eco_sector_ser,est_sizedetails_sge50,2019,6.787
sen,sex_m,eco_sector_ser,est_sizedetails_sge50,2022,12.766
sen,sex_m,eco_sector_ser,est_sizedetails_sge50,2023,4.863
sen,sex_m,eco_sector_ser,est_sizedetails_sge50,2024,10.196
sen,sex_m,eco_sector_ser,est_sizedetails_total,2015,472.12
sen,sex_m,eco_sector_ser,est_sizedetails_total,2016,459.515
sen,sex_m,eco_sector_ser,est_sizedetails_total,2019,666.656
sen,sex_m,eco_sector_ser,est_sizedetails_total,2022,746.622
sen,sex_m,eco_sector_ser,est_sizedetails_total,2023,745.577
sen,sex_m,eco_sector_ser,est_sizedetails_total,2024,652.884
sen,sex_m,eco_sector_ser,est_sizedetails_x,2015,50.678
sen,sex_m,eco_sector_ser,est_sizedetails_x,2016,63.703
sen,sex_m,eco_sector_ser,est_sizedetails_x,2019,368.383
sen,sex_m,eco_sector_ser,est_sizedetails_x,2022,442.934
sen,sex_m,eco_sector_ser,est_sizedetails_x,2023,522.931
sen,sex_m,eco_sector_ser,est_sizedetails_x,2024,248.931
sen,sex_m,eco_sector_total,est_sizeaggregate_s1_4,2015,220.276
sen,sex_m,eco_sector_total,est_sizeaggregate_s1_4,2016,248.09
sen,sex_m,eco_sector_total,est_sizeaggregate_s1_4,2019,299.107
sen,sex_m,eco_sector_total,est_sizeaggregate_s1_4,2022,323.577
sen,sex_m,eco_sector_total,est_sizeaggregate_s1_4,2023,286.789
sen,sex_m,eco_sector_total,est_sizeaggregate_s1_4,2024,424.156
sen,sex_m,eco_sector_total,est_sizeaggregate_s5_49,2015,329.78
sen,sex_m,eco_sector_total,est_sizeaggregate_s5_49,2016,320.069
sen,sex_m,eco_sector_total,est_sizeaggregate_s5_49,2019,248.838
sen,sex_m,eco_sector_total,est_sizeaggregate_s5_49,2022,200.689
sen,sex_m,eco_sector_total,est_sizeaggregate_s5_49,2023,190.365
sen,sex_m,eco_sector_total,est_sizeaggregate_s5_49,2024,351.652
sen,sex_m,eco_sector_total,est_sizeaggregate_sge50,2015,132.627
sen,sex_m,eco_sector_total,est_sizeaggregate_sge50,2016,75.259
sen,sex_m,eco_sector_total,est_sizeaggregate_sge50,2019,11.139
sen,sex_m,eco_sector_total,est_sizeaggregate_sge50,2022,18.488
sen,sex_m,eco_sector_total,est_sizeaggregate_sge50,2023,7.327
sen,sex_m,eco_sector_total,est_sizeaggregate_sge50,2024,22.375
sen,sex_m,eco_sector_total,est_sizeaggregate_total,2015,780.706
sen,sex_m,eco_sector_total,est_sizeaggregate_total,2016,761.772
sen,sex_m,eco_sector_total,est_sizeaggregate_total,2019,1197.387
sen,sex_m,eco_sector_total,est_sizeaggregate_total,2022,1226.897
sen,sex_m,eco_sector_total,est_sizeaggregate_total,2023,1310.815
sen,sex_m,eco_sector_total,est_sizeaggregate_total,2024,1199.532
sen,sex_m,eco_sector_total,est_sizeaggregate_x,2015,98.024
sen,sex_m,eco_sector_total,est_sizeaggregate_x,2016,118.354
sen,sex_m,eco_sector_total,est_sizeaggregate_x,2019,638.304
sen,sex_m,eco_sector_total,est_sizeaggregate_x,2022,684.142
sen,sex_m,eco_sector_total,est_sizeaggregate_x,2023,826.334
sen,sex_m,eco_sector_total,est_sizeaggregate_x,2024,401.351
sen,sex_m,eco_sector_total,est_sizedetails_s1,2015,73.79
sen,sex_m,eco_sector_total,est_sizedetails_s1,2016,64.6
sen,sex_m,eco_sector_total,est_sizedetails_s1,2019,86.66
sen,sex_m,eco_sector_total,est_sizedetails_s1,2022,83.22
sen,sex_m,eco_sector_total,est_sizedetails_s1,2023,71.71
sen,sex_m,eco_sector_total,est_sizedetails_s1,2024,118.396
sen,sex_m,eco_sector_total,est_sizedetails_s10_19,2015,127.852
sen,sex_m,eco_sector_total,est_sizedetails_s10_19,2016,103.3
sen,sex_m,eco_sector_total,est_sizedetails_s10_19,2019,60.629
sen,sex_m,eco_sector_total,est_sizedetails_s10_19,2022,44.044
sen,sex_m,eco_sector_total,est_sizedetails_s10_19,2023,25.741
sen,sex_m,eco_sector_total,est_sizedetails_s10_19,2024,87.146
sen,sex_m,eco_sector_total,est_sizedetails_s20_49,2015,73.59
sen,sex_m,eco_sector_total,est_sizedetails_s20_49,2016,58.893
sen,sex_m,eco_sector_total,est_sizedetails_s20_49,2019,18.501
sen,sex_m,eco_sector_total,est_sizedetails_s20_49,2022,15.583
sen,sex_m,eco_sector_total,est_sizedetails_s20_49,2023,12.199
sen,sex_m,eco_sector_total,est_sizedetails_s20_49,2024,33.709
sen,sex_m,eco_sector_total,est_sizedetails_s2_4,2015,146.486
sen,sex_m,eco_sector_total,est_sizedetails_s2_4,2016,183.49
sen,sex_m,eco_sector_total,est_sizedetails_s2_4,2019,212.447
sen,sex_m,eco_sector_total,est_sizedetails_s2_4,2022,240.356
sen,sex_m,eco_sector_total,est_sizedetails_s2_4,2023,215.079
sen,sex_m,eco_sector_total,est_sizedetails_s2_4,2024,305.76
sen,sex_m,eco_sector_total,est_sizedetails_s5_9,2015,128.338
sen,sex_m,eco_sector_total,est_sizedetails_s5_9,2016,157.876
sen,sex_m,eco_sector_total,est_sizedetails_s5_9,2019,169.708
sen,sex_m,eco_sector_total,est_sizedetails_s5_9,2022,141.063
sen,sex_m,eco_sector_total,est_sizedetails_s5_9,2023,152.425
sen,sex_m,eco_sector_total,est_sizedetails_s5_9,2024,230.796
sen,sex_m,eco_sector_total,est_sizedetails_sge50,2015,132.627
sen,sex_m,eco_sector_total,est_sizedetails_sge50,2016,75.259
sen,sex_m,eco_sector_total,est_sizedetails_sge50,2019,11.139
sen,sex_m,eco_sector_total,est_sizedetails_sge50,2022,18.488
sen,sex_m,eco_sector_total,est_sizedetails_sge50,2023,7.327
sen,sex_m,eco_sector_total,est_sizedetails_sge50,2024,22.375
sen,sex_m,eco_sector_total,est_sizedetails_total,2015,780.706
sen,sex_m,eco_sector_total,est_sizedetails_total,2016,761.772
sen,sex_m,eco_sector_total,est_sizedetails_total,2019,1197.387
sen,sex_m,eco_sector_total,est_sizedetails_total,2022,1226.897
sen,sex_m,eco_sector_total,est_sizedetails_total,2023,1310.815
sen,sex_m,eco_sector_total,est_sizedetails_total,2024,1199.532
sen,sex_m,eco_sector_total,est_sizedetails_x,2015,98.024
sen,sex_m,eco_sector_total,est_sizedetails_x,2016,118.354
sen,sex_m,eco_sector_total,est_sizedetails_x,2019,638.304
sen,sex_m,eco_sector_total,est_sizedetails_x,2022,684.142
sen,sex_m,eco_sector_total,est_sizedetails_x,2023,826.334
sen,sex_m,eco_sector_total,est_sizedetails_x,2024,401.351
sen,sex_m,eco_sector_x,est_sizeaggregate_total,2015,1.842
sen,sex_m,eco_sector_x,est_sizeaggregate_total,2023,0.835
sen,sex_m,eco_sector_x,est_sizeaggregate_total,2024,1.74
sen,sex_m,eco_sector_x,est_sizeaggregate_x,2015,1.842
sen,sex_m,eco_sector_x,est_sizeaggregate_x,2023,0.835
sen,sex_m,eco_sector_x,est_sizeaggregate_x,2024,1.74
sen,sex_m,eco_sector_x,est_sizedetails_total,2015,1.842
sen,sex_m,eco_sector_x,est_sizedetails_total,2023,0.835
sen,sex_m,eco_sector_x,est_sizedetails_total,2024,1.74
sen,sex_m,eco_sector_x,est_sizedetails_x,2015,1.842
sen,sex_m,eco_sector_x,est_sizedetails_x,2023,0.835
sen,sex_m,eco_sector_x,est_sizedetails_x,2024,1.74
sen,sex_t,eco_aggregate_agr,est_sizeaggregate_s1_4,2015,45.537
sen,sex_t,eco_aggregate_agr,est_sizeaggregate_s1_4,2016,34.043
sen,sex_t,eco_aggregate_agr,est_sizeaggregate_s1_4,2019,29.939
sen,sex_t,eco_aggregate_agr,est_sizeaggregate_s1_4,2022,20.164
sen,sex_t,eco_aggregate_agr,est_sizeaggregate_s1_4,2023,25.831
sen,sex_t,eco_aggregate_agr,est_sizeaggregate_s1_4,2024,75.882
sen,sex_t,eco_aggregate_agr,est_sizeaggregate_s5_49,2015,27.58
sen,sex_t,eco_aggregate_agr,est_sizeaggregate_s5_49,2016,28.588
sen,sex_t,eco_aggregate_agr,est_sizeaggregate_s5_49,2019,19.405
sen,sex_t,eco_aggregate_agr,est_sizeaggregate_s5_49,2022,13.575
sen,sex_t,eco_aggregate_agr,est_sizeaggregate_s5_49,2023,11.338
sen,sex_t,eco_aggregate_agr,est_sizeaggregate_s5_49,2024,60.901
sen,sex_t,eco_aggregate_agr,est_sizeaggregate_sge50,2015,21.836
sen,sex_t,eco_aggregate_agr,est_sizeaggregate_sge50,2016,5.681
sen,sex_t,eco_aggregate_agr,est_sizeaggregate_sge50,2022,1.92
sen,sex_t,eco_aggregate_agr,est_sizeaggregate_sge50,2023,2.146
sen,sex_t,eco_aggregate_agr,est_sizeaggregate_sge50,2024,4.066
sen,sex_t,eco_aggregate_agr,est_sizeaggregate_total,2015,107.875
sen,sex_t,eco_aggregate_agr,est_sizeaggregate_total,2016,89.206
sen,sex_t,eco_aggregate_agr,est_sizeaggregate_total,2019,96.281
sen,sex_t,eco_aggregate_agr,est_sizeaggregate_total,2022,80.633
sen,sex_t,eco_aggregate_agr,est_sizeaggregate_total,2023,104.206
sen,sex_t,eco_aggregate_agr,est_sizeaggregate_total,2024,178.594
sen,sex_t,eco_aggregate_agr,est_sizeaggregate_x,2015,12.922
sen,sex_t,eco_aggregate_agr,est_sizeaggregate_x,2016,20.895
sen,sex_t,eco_aggregate_agr,est_sizeaggregate_x,2019,46.426
sen,sex_t,eco_aggregate_agr,est_sizeaggregate_x,2022,44.974
sen,sex_t,eco_aggregate_agr,est_sizeaggregate_x,2023,64.891
sen,sex_t,eco_aggregate_agr,est_sizeaggregate_x,2024,37.745
sen,sex_t,eco_aggregate_agr,est_sizedetails_s1,2015,17.307
sen,sex_t,eco_aggregate_agr,est_sizedetails_s1,2016,11.831
sen,sex_t,eco_aggregate_agr,est_sizedetails_s1,2019,10.046
sen,sex_t,eco_aggregate_agr,est_sizedetails_s1,2022,5.84
sen,sex_t,eco_aggregate_agr,est_sizedetails_s1,2023,6.736
sen,sex_t,eco_aggregate_agr,est_sizedetails_s1,2024,23.288
sen,sex_t,eco_aggregate_agr,est_sizedetails_s10_19,2015,12.545
sen,sex_t,eco_aggregate_agr,est_sizedetails_s10_19,2016,8.498
sen,sex_t,eco_aggregate_agr,est_sizedetails_s10_19,2019,8.398
sen,sex_t,eco_aggregate_agr,est_sizedetails_s10_19,2022,2.934
sen,sex_t,eco_aggregate_agr,est_sizedetails_s10_19,2023,0.856
sen,sex_t,eco_aggregate_agr,est_sizedetails_s10_19,2024,17.773
sen,sex_t,eco_aggregate_agr,est_sizedetails_s20_49,2015,6.274
sen,sex_t,eco_aggregate_agr,est_sizedetails_s20_49,2016,6.358
sen,sex_t,eco_aggregate_agr,est_sizedetails_s20_49,2019,1.811
sen,sex_t,eco_aggregate_agr,est_sizedetails_s20_49,2022,4.008
sen,sex_t,eco_aggregate_agr,est_sizedetails_s20_49,2023,0.963
sen,sex_t,eco_aggregate_agr,est_sizedetails_s20_49,2024,10.94
sen,sex_t,eco_aggregate_agr,est_sizedetails_s2_4,2015,28.231
sen,sex_t,eco_aggregate_agr,est_sizedetails_s2_4,2016,22.212
sen,sex_t,eco_aggregate_agr,est_sizedetails_s2_4,2019,19.892
sen,sex_t,eco_aggregate_agr,est_sizedetails_s2_4,2022,14.325
sen,sex_t,eco_aggregate_agr,est_sizedetails_s2_4,2023,19.095
sen,sex_t,eco_aggregate_agr,est_sizedetails_s2_4,2024,52.593
sen,sex_t,eco_aggregate_agr,est_sizedetails_s5_9,2015,8.761
sen,sex_t,eco_aggregate_agr,est_sizedetails_s5_9,2016,13.733
sen,sex_t,eco_aggregate_agr,est_sizedetails_s5_9,2019,9.196
sen,sex_t,eco_aggregate_agr,est_sizedetails_s5_9,2022,6.633
sen,sex_t,eco_aggregate_agr,est_sizedetails_s5_9,2023,9.52
sen,sex_t,eco_aggregate_agr,est_sizedetails_s5_9,2024,32.188
sen,sex_t,eco_aggregate_agr,est_sizedetails_sge50,2015,21.836
sen,sex_t,eco_aggregate_agr,est_sizedetails_sge50,2016,5.681
sen,sex_t,eco_aggregate_agr,est_sizedetails_sge50,2022,1.92
sen,sex_t,eco_aggregate_agr,est_sizedetails_sge50,2023,2.146
sen,sex_t,eco_aggregate_agr,est_sizedetails_sge50,2024,4.066
sen,sex_t,eco_aggregate_agr,est_sizedetails_total,2015,107.875
sen,sex_t,eco_aggregate_agr,est_sizedetails_total,2016,89.206
sen,sex_t,eco_aggregate_agr,est_sizedetails_total,2019,96.281
sen,sex_t,eco_aggregate_agr,est_sizedetails_total,2022,80.633
sen,sex_t,eco_aggregate_agr,est_sizedetails_total,2023,104.206
sen,sex_t,eco_aggregate_agr,est_sizedetails_total,2024,178.594
sen,sex_t,eco_aggregate_agr,est_sizedetails_x,2015,12.922
sen,sex_t,eco_aggregate_agr,est_sizedetails_x,2016,20.895
sen,sex_t,eco_aggregate_agr,est_sizedetails_x,2019,46.426
sen,sex_t,eco_aggregate_agr,est_sizedetails_x,2022,44.974
sen,sex_t,eco_aggregate_agr,est_sizedetails_x,2023,64.891
sen,sex_t,eco_aggregate_agr,est_sizedetails_x,2024,37.745
sen,sex_t,eco_aggregate_con,est_sizeaggregate_s1_4,2015,28.174
sen,sex_t,eco_aggregate_con,est_sizeaggregate_s1_4,2016,32.196
sen,sex_t,eco_aggregate_con,est_sizeaggregate_s1_4,2019,47.843
sen,sex_t,eco_aggregate_con,est_sizeaggregate_s1_4,2022,77.039
sen,sex_t,eco_aggregate_con,est_sizeaggregate_s1_4,2023,72.315
sen,sex_t,eco_aggregate_con,est_sizeaggregate_s1_4,2024,74.019
sen,sex_t,eco_aggregate_con,est_sizeaggregate_s5_49,2015,82.43
sen,sex_t,eco_aggregate_con,est_sizeaggregate_s5_49,2016,49.92
sen,sex_t,eco_aggregate_con,est_sizeaggregate_s5_49,2019,57.841
sen,sex_t,eco_aggregate_con,est_sizeaggregate_s5_49,2022,51.32
sen,sex_t,eco_aggregate_con,est_sizeaggregate_s5_49,2023,43.086
sen,sex_t,eco_aggregate_con,est_sizeaggregate_s5_49,2024,78.464
sen,sex_t,eco_aggregate_con,est_sizeaggregate_sge50,2015,7.581
sen,sex_t,eco_aggregate_con,est_sizeaggregate_sge50,2016,10.193
sen,sex_t,eco_aggregate_con,est_sizeaggregate_total,2015,133.048
sen,sex_t,eco_aggregate_con,est_sizeaggregate_total,2016,107.662
sen,sex_t,eco_aggregate_con,est_sizeaggregate_total,2019,178.589
sen,sex_t,eco_aggregate_con,est_sizeaggregate_total,2022,222.813
sen,sex_t,eco_aggregate_con,est_sizeaggregate_total,2023,232.901
sen,sex_t,eco_aggregate_con,est_sizeaggregate_total,2024,199.746
sen,sex_t,eco_aggregate_con,est_sizeaggregate_x,2015,14.862
sen,sex_t,eco_aggregate_con,est_sizeaggregate_x,2016,15.354
sen,sex_t,eco_aggregate_con,est_sizeaggregate_x,2019,71.756
sen,sex_t,eco_aggregate_con,est_sizeaggregate_x,2022,93.121
sen,sex_t,eco_aggregate_con,est_sizeaggregate_x,2023,117.219
sen,sex_t,eco_aggregate_con,est_sizeaggregate_x,2024,47.072
sen,sex_t,eco_aggregate_con,est_sizedetails_s1,2015,2.216
sen,sex_t,eco_aggregate_con,est_sizedetails_s1,2016,1.515
sen,sex_t,eco_aggregate_con,est_sizedetails_s1,2019,1.859
sen,sex_t,eco_aggregate_con,est_sizedetails_s1,2022,2.174
sen,sex_t,eco_aggregate_con,est_sizedetails_s1,2023,1.903
sen,sex_t,eco_aggregate_con,est_sizedetails_s1,2024,3.001
sen,sex_t,eco_aggregate_con,est_sizedetails_s10_19,2015,32.263
sen,sex_t,eco_aggregate_con,est_sizedetails_s10_19,2016,11.097
sen,sex_t,eco_aggregate_con,est_sizedetails_s10_19,2019,5.385
sen,sex_t,eco_aggregate_con,est_sizedetails_s10_19,2022,4.749
sen,sex_t,eco_aggregate_con,est_sizedetails_s10_19,2023,3.115
sen,sex_t,eco_aggregate_con,est_sizedetails_s10_19,2024,5.243
sen,sex_t,eco_aggregate_con,est_sizedetails_s20_49,2015,3.66
sen,sex_t,eco_aggregate_con,est_sizedetails_s20_49,2016,3.491
sen,sex_t,eco_aggregate_con,est_sizedetails_s20_49,2023,0.981
sen,sex_t,eco_aggregate_con,est_sizedetails_s2_4,2015,25.958
sen,sex_t,eco_aggregate_con,est_sizedetails_s2_4,2016,30.68
sen,sex_t,eco_aggregate_con,est_sizedetails_s2_4,2019,45.984
sen,sex_t,eco_aggregate_con,est_sizedetails_s2_4,2022,74.865
sen,sex_t,eco_aggregate_con,est_sizedetails_s2_4,2023,70.412
sen,sex_t,eco_aggregate_con,est_sizedetails_s2_4,2024,71.018
sen,sex_t,eco_aggregate_con,est_sizedetails_s5_9,2015,46.508
sen,sex_t,eco_aggregate_con,est_sizedetails_s5_9,2016,35.332
sen,sex_t,eco_aggregate_con,est_sizedetails_s5_9,2019,51.165
sen,sex_t,eco_aggregate_con,est_sizedetails_s5_9,2022,46.071
sen,sex_t,eco_aggregate_con,est_sizedetails_s5_9,2023,38.99
sen,sex_t,eco_aggregate_con,est_sizedetails_s5_9,2024,72.425
sen,sex_t,eco_aggregate_con,est_sizedetails_sge50,2015,7.581
sen,sex_t,eco_aggregate_con,est_sizedetails_sge50,2016,10.193
sen,sex_t,eco_aggregate_con,est_sizedetails_total,2015,133.048
sen,sex_t,eco_aggregate_con,est_sizedetails_total,2016,107.662
sen,sex_t,eco_aggregate_con,est_sizedetails_total,2019,178.589
sen,sex_t,eco_aggregate_con,est_sizedetails_total,2022,222.813
sen,sex_t,eco_aggregate_con,est_sizedetails_total,2023,232.901
sen,sex_t,eco_aggregate_con,est_sizedetails_total,2024,199.746
sen,sex_t,eco_aggregate_con,est_sizedetails_x,2015,14.862
sen,sex_t,eco_aggregate_con,est_sizedetails_x,2016,15.354
sen,sex_t,eco_aggregate_con,est_sizedetails_x,2019,71.756
sen,sex_t,eco_aggregate_con,est_sizedetails_x,2022,93.121
sen,sex_t,eco_aggregate_con,est_sizedetails_x,2023,117.219
sen,sex_t,eco_aggregate_con,est_sizedetails_x,2024,47.072
sen,sex_t,eco_aggregate_man,est_sizeaggregate_s1_4,2015,12.272
sen,sex_t,eco_aggregate_man,est_sizeaggregate_s1_4,2016,35.874
sen,sex_t,eco_aggregate_man,est_sizeaggregate_s1_4,2019,47.608
sen,sex_t,eco_aggregate_man,est_sizeaggregate_s1_4,2022,44.026
sen,sex_t,eco_aggregate_man,est_sizeaggregate_s1_4,2023,59.847
sen,sex_t,eco_aggregate_man,est_sizeaggregate_s1_4,2024,63.314
sen,sex_t,eco_aggregate_man,est_sizeaggregate_s5_49,2015,32.308
sen,sex_t,eco_aggregate_man,est_sizeaggregate_s5_49,2016,59.139
sen,sex_t,eco_aggregate_man,est_sizeaggregate_s5_49,2019,74.664
sen,sex_t,eco_aggregate_man,est_sizeaggregate_s5_49,2022,48.692
sen,sex_t,eco_aggregate_man,est_sizeaggregate_s5_49,2023,70.614
sen,sex_t,eco_aggregate_man,est_sizeaggregate_s5_49,2024,78.126
sen,sex_t,eco_aggregate_man,est_sizeaggregate_sge50,2015,10.733
sen,sex_t,eco_aggregate_man,est_sizeaggregate_sge50,2016,10.689
sen,sex_t,eco_aggregate_man,est_sizeaggregate_sge50,2019,2.618
sen,sex_t,eco_aggregate_man,est_sizeaggregate_sge50,2022,2.989
sen,sex_t,eco_aggregate_man,est_sizeaggregate_sge50,2024,2.994
sen,sex_t,eco_aggregate_man,est_sizeaggregate_total,2015,70.291
sen,sex_t,eco_aggregate_man,est_sizeaggregate_total,2016,126.235
sen,sex_t,eco_aggregate_man,est_sizeaggregate_total,2019,275.628
sen,sex_t,eco_aggregate_man,est_sizeaggregate_total,2022,215.286
sen,sex_t,eco_aggregate_man,est_sizeaggregate_total,2023,272.614
sen,sex_t,eco_aggregate_man,est_sizeaggregate_total,2024,213.162
sen,sex_t,eco_aggregate_man,est_sizeaggregate_x,2015,14.979
sen,sex_t,eco_aggregate_man,est_sizeaggregate_x,2016,20.534
sen,sex_t,eco_aggregate_man,est_sizeaggregate_x,2019,150.738
sen,sex_t,eco_aggregate_man,est_sizeaggregate_x,2022,119.579
sen,sex_t,eco_aggregate_man,est_sizeaggregate_x,2023,141.256
sen,sex_t,eco_aggregate_man,est_sizeaggregate_x,2024,68.728
sen,sex_t,eco_aggregate_man,est_sizedetails_s1,2016,1.447
sen,sex_t,eco_aggregate_man,est_sizedetails_s1,2019,0.688
sen,sex_t,eco_aggregate_man,est_sizedetails_s1,2023,0.722
sen,sex_t,eco_aggregate_man,est_sizedetails_s1,2024,3.827
sen,sex_t,eco_aggregate_man,est_sizedetails_s10_19,2015,11.975
sen,sex_t,eco_aggregate_man,est_sizedetails_s10_19,2016,14.072
sen,sex_t,eco_aggregate_man,est_sizedetails_s10_19,2019,14.658
sen,sex_t,eco_aggregate_man,est_sizedetails_s10_19,2022,8.339
sen,sex_t,eco_aggregate_man,est_sizedetails_s10_19,2023,4.822
sen,sex_t,eco_aggregate_man,est_sizedetails_s10_19,2024,15.017
sen,sex_t,eco_aggregate_man,est_sizedetails_s20_49,2015,3.938
sen,sex_t,eco_aggregate_man,est_sizedetails_s20_49,2016,3.697
sen,sex_t,eco_aggregate_man,est_sizedetails_s20_49,2019,1.997
sen,sex_t,eco_aggregate_man,est_sizedetails_s20_49,2022,0.975
sen,sex_t,eco_aggregate_man,est_sizedetails_s20_49,2023,2.667
sen,sex_t,eco_aggregate_man,est_sizedetails_s20_49,2024,3.117
sen,sex_t,eco_aggregate_man,est_sizedetails_s2_4,2015,12.217
sen,sex_t,eco_aggregate_man,est_sizedetails_s2_4,2016,34.427
sen,sex_t,eco_aggregate_man,est_sizedetails_s2_4,2019,46.92
sen,sex_t,eco_aggregate_man,est_sizedetails_s2_4,2022,43.586
sen,sex_t,eco_aggregate_man,est_sizedetails_s2_4,2023,59.125
sen,sex_t,eco_aggregate_man,est_sizedetails_s2_4,2024,59.486
sen,sex_t,eco_aggregate_man,est_sizedetails_s5_9,2015,16.395
sen,sex_t,eco_aggregate_man,est_sizedetails_s5_9,2016,41.37
sen,sex_t,eco_aggregate_man,est_sizedetails_s5_9,2019,58.009
sen,sex_t,eco_aggregate_man,est_sizedetails_s5_9,2022,39.378
sen,sex_t,eco_aggregate_man,est_sizedetails_s5_9,2023,63.124
sen,sex_t,eco_aggregate_man,est_sizedetails_s5_9,2024,59.992
sen,sex_t,eco_aggregate_man,est_sizedetails_sge50,2015,10.733
sen,sex_t,eco_aggregate_man,est_sizedetails_sge50,2016,10.689
sen,sex_t,eco_aggregate_man,est_sizedetails_sge50,2019,2.618
sen,sex_t,eco_aggregate_man,est_sizedetails_sge50,2022,2.989
sen,sex_t,eco_aggregate_man,est_sizedetails_sge50,2024,2.994
sen,sex_t,eco_aggregate_man,est_sizedetails_total,2015,70.291
sen,sex_t,eco_aggregate_man,est_sizedetails_total,2016,126.235
sen,sex_t,eco_aggregate_man,est_sizedetails_total,2019,275.628
sen,sex_t,eco_aggregate_man,est_sizedetails_total,2022,215.286
sen,sex_t,eco_aggregate_man,est_sizedetails_total,2023,272.614
sen,sex_t,eco_aggregate_man,est_sizedetails_total,2024,213.162
sen,sex_t,eco_aggregate_man,est_sizedetails_x,2015,14.979
sen,sex_t,eco_aggregate_man,est_sizedetails_x,2016,20.534
sen,sex_t,eco_aggregate_man,est_sizedetails_x,2019,150.738
sen,sex_t,eco_aggregate_man,est_sizedetails_x,2022,119.579
sen,sex_t,eco_aggregate_man,est_sizedetails_x,2023,141.256
sen,sex_t,eco_aggregate_man,est_sizedetails_x,2024,68.728
sen,sex_t,eco_aggregate_mel,est_sizeaggregate_s1_4,2015,4.75
sen,sex_t,eco_aggregate_mel,est_sizeaggregate_s1_4,2016,2.791
sen,sex_t,eco_aggregate_mel,est_sizeaggregate_s1_4,2019,2.849
sen,sex_t,eco_aggregate_mel,est_sizeaggregate_s1_4,2022,2.085
sen,sex_t,eco_aggregate_mel,est_sizeaggregate_s1_4,2023,1.991
sen,sex_t,eco_aggregate_mel,est_sizeaggregate_s1_4,2024,2.79
sen,sex_t,eco_aggregate_mel,est_sizeaggregate_s5_49,2015,6.159
sen,sex_t,eco_aggregate_mel,est_sizeaggregate_s5_49,2016,5.466
sen,sex_t,eco_aggregate_mel,est_sizeaggregate_s5_49,2019,3.974
sen,sex_t,eco_aggregate_mel,est_sizeaggregate_s5_49,2022,3.756
sen,sex_t,eco_aggregate_mel,est_sizeaggregate_s5_49,2023,2.277
sen,sex_t,eco_aggregate_mel,est_sizeaggregate_s5_49,2024,4.846
sen,sex_t,eco_aggregate_mel,est_sizeaggregate_sge50,2015,12.21
sen,sex_t,eco_aggregate_mel,est_sizeaggregate_sge50,2016,5.957
sen,sex_t,eco_aggregate_mel,est_sizeaggregate_sge50,2019,1.781
sen,sex_t,eco_aggregate_mel,est_sizeaggregate_sge50,2024,6.532
sen,sex_t,eco_aggregate_mel,est_sizeaggregate_total,2015,28.661
sen,sex_t,eco_aggregate_mel,est_sizeaggregate_total,2016,22.77
sen,sex_t,eco_aggregate_mel,est_sizeaggregate_total,2019,49.876
sen,sex_t,eco_aggregate_mel,est_sizeaggregate_total,2022,33.91
sen,sex_t,eco_aggregate_mel,est_sizeaggregate_total,2023,35.876
sen,sex_t,eco_aggregate_mel,est_sizeaggregate_total,2024,34.705
sen,sex_t,eco_aggregate_mel,est_sizeaggregate_x,2015,5.543
sen,sex_t,eco_aggregate_mel,est_sizeaggregate_x,2016,8.556
sen,sex_t,eco_aggregate_mel,est_sizeaggregate_x,2019,41.272
sen,sex_t,eco_aggregate_mel,est_sizeaggregate_x,2022,26.343
sen,sex_t,eco_aggregate_mel,est_sizeaggregate_x,2023,30.679
sen,sex_t,eco_aggregate_mel,est_sizeaggregate_x,2024,20.537
sen,sex_t,eco_aggregate_mel,est_sizedetails_s1,2015,2.47
sen,sex_t,eco_aggregate_mel,est_sizedetails_s1,2019,0.644
sen,sex_t,eco_aggregate_mel,est_sizedetails_s10_19,2015,4.089
sen,sex_t,eco_aggregate_mel,est_sizedetails_s10_19,2016,2.401
sen,sex_t,eco_aggregate_mel,est_sizedetails_s10_19,2019,1.263
sen,sex_t,eco_aggregate_mel,est_sizedetails_s10_19,2022,1.552
sen,sex_t,eco_aggregate_mel,est_sizedetails_s20_49,2015,1.504
sen,sex_t,eco_aggregate_mel,est_sizedetails_s20_49,2016,0.843
sen,sex_t,eco_aggregate_mel,est_sizedetails_s20_49,2024,2.459
sen,sex_t,eco_aggregate_mel,est_sizedetails_s2_4,2015,2.28
sen,sex_t,eco_aggregate_mel,est_sizedetails_s2_4,2016,2.209
sen,sex_t,eco_aggregate_mel,est_sizedetails_s2_4,2019,2.205
sen,sex_t,eco_aggregate_mel,est_sizedetails_s2_4,2022,1.443
sen,sex_t,eco_aggregate_mel,est_sizedetails_s2_4,2023,1.82
sen,sex_t,eco_aggregate_mel,est_sizedetails_s2_4,2024,2.651
sen,sex_t,eco_aggregate_mel,est_sizedetails_s5_9,2016,2.223
sen,sex_t,eco_aggregate_mel,est_sizedetails_s5_9,2019,2.17
sen,sex_t,eco_aggregate_mel,est_sizedetails_s5_9,2022,1.768
sen,sex_t,eco_aggregate_mel,est_sizedetails_s5_9,2023,0.78
sen,sex_t,eco_aggregate_mel,est_sizedetails_s5_9,2024,1.371
sen,sex_t,eco_aggregate_mel,est_sizedetails_sge50,2015,12.21
sen,sex_t,eco_aggregate_mel,est_sizedetails_sge50,2016,5.957
sen,sex_t,eco_aggregate_mel,est_sizedetails_sge50,2019,1.781
sen,sex_t,eco_aggregate_mel,est_sizedetails_sge50,2024,6.532
sen,sex_t,eco_aggregate_mel,est_sizedetails_total,2015,28.661
sen,sex_t,eco_aggregate_mel,est_sizedetails_total,2016,22.77
sen,sex_t,eco_aggregate_mel,est_sizedetails_total,2019,49.876
sen,sex_t,eco_aggregate_mel,est_sizedetails_total,2022,33.91
sen,sex_t,eco_aggregate_mel,est_sizedetails_total,2023,35.876
sen,sex_t,eco_aggregate_mel,est_sizedetails_total,2024,34.705
sen,sex_t,eco_aggregate_mel,est_sizedetails_x,2015,5.543
sen,sex_t,eco_aggregate_mel,est_sizedetails_x,2016,8.556
sen,sex_t,eco_aggregate_mel,est_sizedetails_x,2019,41.272
sen,sex_t,eco_aggregate_mel,est_sizedetails_x,2022,26.343
sen,sex_t,eco_aggregate_mel,est_sizedetails_x,2023,30.679
sen,sex_t,eco_aggregate_mel,est_sizedetails_x,2024,20.537
sen,sex_t,eco_aggregate_mkt,est_sizeaggregate_s1_4,2015,115.871
sen,sex_t,eco_aggregate_mkt,est_sizeaggregate_s1_4,2016,116.904
sen,sex_t,eco_aggregate_mkt,est_sizeaggregate_s1_4,2019,129.255
sen,sex_t,eco_aggregate_mkt,est_sizeaggregate_s1_4,2022,141.714
sen,sex_t,eco_aggregate_mkt,est_sizeaggregate_s1_4,2023,117.21
sen,sex_t,eco_aggregate_mkt,est_sizeaggregate_s1_4,2024,175.894
sen,sex_t,eco_aggregate_mkt,est_sizeaggregate_s5_49,2015,100.067
sen,sex_t,eco_aggregate_mkt,est_sizeaggregate_s5_49,2016,87.73
sen,sex_t,eco_aggregate_mkt,est_sizeaggregate_s5_49,2019,62.534
sen,sex_t,eco_aggregate_mkt,est_sizeaggregate_s5_49,2022,60.801
sen,sex_t,eco_aggregate_mkt,est_sizeaggregate_s5_49,2023,53.044
sen,sex_t,eco_aggregate_mkt,est_sizeaggregate_s5_49,2024,82.379
sen,sex_t,eco_aggregate_mkt,est_sizeaggregate_sge50,2015,56.961
sen,sex_t,eco_aggregate_mkt,est_sizeaggregate_sge50,2016,24.804
sen,sex_t,eco_aggregate_mkt,est_sizeaggregate_sge50,2019,3.766
sen,sex_t,eco_aggregate_mkt,est_sizeaggregate_sge50,2022,8.582
sen,sex_t,eco_aggregate_mkt,est_sizeaggregate_sge50,2024,3.203
sen,sex_t,eco_aggregate_mkt,est_sizeaggregate_total,2015,304.317
sen,sex_t,eco_aggregate_mkt,est_sizeaggregate_total,2016,265.569
sen,sex_t,eco_aggregate_mkt,est_sizeaggregate_total,2019,417.641
sen,sex_t,eco_aggregate_mkt,est_sizeaggregate_total,2022,460.116
sen,sex_t,eco_aggregate_mkt,est_sizeaggregate_total,2023,440.967
sen,sex_t,eco_aggregate_mkt,est_sizeaggregate_total,2024,414.65
sen,sex_t,eco_aggregate_mkt,est_sizeaggregate_x,2015,31.418
sen,sex_t,eco_aggregate_mkt,est_sizeaggregate_x,2016,36.131
sen,sex_t,eco_aggregate_mkt,est_sizeaggregate_x,2019,222.087
sen,sex_t,eco_aggregate_mkt,est_sizeaggregate_x,2022,249.02
sen,sex_t,eco_aggregate_mkt,est_sizeaggregate_x,2023,270.087
sen,sex_t,eco_aggregate_mkt,est_sizeaggregate_x,2024,153.174
sen,sex_t,eco_aggregate_mkt,est_sizedetails_s1,2015,40.808
sen,sex_t,eco_aggregate_mkt,est_sizedetails_s1,2016,39.977
sen,sex_t,eco_aggregate_mkt,est_sizedetails_s1,2019,44.03
sen,sex_t,eco_aggregate_mkt,est_sizedetails_s1,2022,48.473
sen,sex_t,eco_aggregate_mkt,est_sizedetails_s1,2023,42.142
sen,sex_t,eco_aggregate_mkt,est_sizedetails_s1,2024,60.062
sen,sex_t,eco_aggregate_mkt,est_sizedetails_s10_19,2015,32.468
sen,sex_t,eco_aggregate_mkt,est_sizedetails_s10_19,2016,32.105
sen,sex_t,eco_aggregate_mkt,est_sizedetails_s10_19,2019,13.896
sen,sex_t,eco_aggregate_mkt,est_sizedetails_s10_19,2022,16.271
sen,sex_t,eco_aggregate_mkt,est_sizedetails_s10_19,2023,7.597
sen,sex_t,eco_aggregate_mkt,est_sizedetails_s10_19,2024,21.759
sen,sex_t,eco_aggregate_mkt,est_sizedetails_s20_49,2015,33.826
sen,sex_t,eco_aggregate_mkt,est_sizedetails_s20_49,2016,19.778
sen,sex_t,eco_aggregate_mkt,est_sizedetails_s20_49,2019,8.695
sen,sex_t,eco_aggregate_mkt,est_sizedetails_s20_49,2022,3.835
sen,sex_t,eco_aggregate_mkt,est_sizedetails_s20_49,2023,3.463
sen,sex_t,eco_aggregate_mkt,est_sizedetails_s20_49,2024,10.802
sen,sex_t,eco_aggregate_mkt,est_sizedetails_s2_4,2015,75.063
sen,sex_t,eco_aggregate_mkt,est_sizedetails_s2_4,2016,76.927
sen,sex_t,eco_aggregate_mkt,est_sizedetails_s2_4,2019,85.226
sen,sex_t,eco_aggregate_mkt,est_sizedetails_s2_4,2022,93.241
sen,sex_t,eco_aggregate_mkt,est_sizedetails_s2_4,2023,75.069
sen,sex_t,eco_aggregate_mkt,est_sizedetails_s2_4,2024,115.832
sen,sex_t,eco_aggregate_mkt,est_sizedetails_s5_9,2015,33.772
sen,sex_t,eco_aggregate_mkt,est_sizedetails_s5_9,2016,35.847
sen,sex_t,eco_aggregate_mkt,est_sizedetails_s5_9,2019,39.943
sen,sex_t,eco_aggregate_mkt,est_sizedetails_s5_9,2022,40.695
sen,sex_t,eco_aggregate_mkt,est_sizedetails_s5_9,2023,41.985
sen,sex_t,eco_aggregate_mkt,est_sizedetails_s5_9,2024,49.818
sen,sex_t,eco_aggregate_mkt,est_sizedetails_sge50,2015,56.961
sen,sex_t,eco_aggregate_mkt,est_sizedetails_sge50,2016,24.804
sen,sex_t,eco_aggregate_mkt,est_sizedetails_sge50,2019,3.766
sen,sex_t,eco_aggregate_mkt,est_sizedetails_sge50,2022,8.582
sen,sex_t,eco_aggregate_mkt,est_sizedetails_sge50,2024,3.203
sen,sex_t,eco_aggregate_mkt,est_sizedetails_total,2015,304.317
sen,sex_t,eco_aggregate_mkt,est_sizedetails_total,2016,265.569
sen,sex_t,eco_aggregate_mkt,est_sizedetails_total,2019,417.641
sen,sex_t,eco_aggregate_mkt,est_sizedetails_total,2022,460.116
sen,sex_t,eco_aggregate_mkt,est_sizedetails_total,2023,440.967
sen,sex_t,eco_aggregate_mkt,est_sizedetails_total,2024,414.65
sen,sex_t,eco_aggregate_mkt,est_sizedetails_x,2015,31.418
sen,sex_t,eco_aggregate_mkt,est_sizedetails_x,2016,36.131
sen,sex_t,eco_aggregate_mkt,est_sizedetails_x,2019,222.087
sen,sex_t,eco_aggregate_mkt,est_sizedetails_x,2022,249.02
sen,sex_t,eco_aggregate_mkt,est_sizedetails_x,2023,270.087
sen,sex_t,eco_aggregate_mkt,est_sizedetails_x,2024,153.174
sen,sex_t,eco_aggregate_pub,est_sizeaggregate_s1_4,2015,190.857
sen,sex_t,eco_aggregate_pub,est_sizeaggregate_s1_4,2016,135.731
sen,sex_t,eco_aggregate_pub,est_sizeaggregate_s1_4,2019,181.753
sen,sex_t,eco_aggregate_pub,est_sizeaggregate_s1_4,2022,168.491
sen,sex_t,eco_aggregate_pub,est_sizeaggregate_s1_4,2023,136.366
sen,sex_t,eco_aggregate_pub,est_sizeaggregate_s1_4,2024,199.314
sen,sex_t,eco_aggregate_pub,est_sizeaggregate_s5_49,2015,185.086
sen,sex_t,eco_aggregate_pub,est_sizeaggregate_s5_49,2016,181.311
sen,sex_t,eco_aggregate_pub,est_sizeaggregate_s5_49,2019,82.005
sen,sex_t,eco_aggregate_pub,est_sizeaggregate_s5_49,2022,59.494
sen,sex_t,eco_aggregate_pub,est_sizeaggregate_s5_49,2023,47.306
sen,sex_t,eco_aggregate_pub,est_sizeaggregate_s5_49,2024,134.939
sen,sex_t,eco_aggregate_pub,est_sizeaggregate_sge50,2015,65.633
sen,sex_t,eco_aggregate_pub,est_sizeaggregate_sge50,2016,44.476
sen,sex_t,eco_aggregate_pub,est_sizeaggregate_sge50,2019,3.926
sen,sex_t,eco_aggregate_pub,est_sizeaggregate_sge50,2022,7.534
sen,sex_t,eco_aggregate_pub,est_sizeaggregate_sge50,2023,5.427
sen,sex_t,eco_aggregate_pub,est_sizeaggregate_sge50,2024,10.138
sen,sex_t,eco_aggregate_pub,est_sizeaggregate_total,2015,495.116
sen,sex_t,eco_aggregate_pub,est_sizeaggregate_total,2016,419.107
sen,sex_t,eco_aggregate_pub,est_sizeaggregate_total,2019,567.187
sen,sex_t,eco_aggregate_pub,est_sizeaggregate_total,2022,641.43
sen,sex_t,eco_aggregate_pub,est_sizeaggregate_total,2023,706.137
sen,sex_t,eco_aggregate_pub,est_sizeaggregate_total,2024,564.037
sen,sex_t,eco_aggregate_pub,est_sizeaggregate_x,2015,53.539
sen,sex_t,eco_aggregate_pub,est_sizeaggregate_x,2016,57.589
sen,sex_t,eco_aggregate_pub,est_sizeaggregate_x,2019,299.502
sen,sex_t,eco_aggregate_pub,est_sizeaggregate_x,2022,405.912
sen,sex_t,eco_aggregate_pub,est_sizeaggregate_x,2023,517.038
sen,sex_t,eco_aggregate_pub,est_sizeaggregate_x,2024,219.647
sen,sex_t,eco_aggregate_pub,est_sizedetails_s1,2015,124.825
sen,sex_t,eco_aggregate_pub,est_sizedetails_s1,2016,73.409
sen,sex_t,eco_aggregate_pub,est_sizedetails_s1,2019,122.201
sen,sex_t,eco_aggregate_pub,est_sizedetails_s1,2022,100.26
sen,sex_t,eco_aggregate_pub,est_sizedetails_s1,2023,91.897
sen,sex_t,eco_aggregate_pub,est_sizedetails_s1,2024,122.038
sen,sex_t,eco_aggregate_pub,est_sizedetails_s10_19,2015,68.735
sen,sex_t,eco_aggregate_pub,est_sizedetails_s10_19,2016,67.476
sen,sex_t,eco_aggregate_pub,est_sizedetails_s10_19,2019,32.106
sen,sex_t,eco_aggregate_pub,est_sizedetails_s10_19,2022,20.094
sen,sex_t,eco_aggregate_pub,est_sizedetails_s10_19,2023,16.845
sen,sex_t,eco_aggregate_pub,est_sizedetails_s10_19,2024,51.836
sen,sex_t,eco_aggregate_pub,est_sizedetails_s20_49,2015,54.548
sen,sex_t,eco_aggregate_pub,est_sizedetails_s20_49,2016,46.025
sen,sex_t,eco_aggregate_pub,est_sizedetails_s20_49,2019,10.333
sen,sex_t,eco_aggregate_pub,est_sizedetails_s20_49,2022,12.043
sen,sex_t,eco_aggregate_pub,est_sizedetails_s20_49,2023,7.179
sen,sex_t,eco_aggregate_pub,est_sizedetails_s20_49,2024,19.449
sen,sex_t,eco_aggregate_pub,est_sizedetails_s2_4,2015,66.032
sen,sex_t,eco_aggregate_pub,est_sizedetails_s2_4,2016,62.322
sen,sex_t,eco_aggregate_pub,est_sizedetails_s2_4,2019,59.553
sen,sex_t,eco_aggregate_pub,est_sizedetails_s2_4,2022,68.231
sen,sex_t,eco_aggregate_pub,est_sizedetails_s2_4,2023,44.469
sen,sex_t,eco_aggregate_pub,est_sizedetails_s2_4,2024,77.275
sen,sex_t,eco_aggregate_pub,est_sizedetails_s5_9,2015,61.803
sen,sex_t,eco_aggregate_pub,est_sizedetails_s5_9,2016,67.809
sen,sex_t,eco_aggregate_pub,est_sizedetails_s5_9,2019,39.565
sen,sex_t,eco_aggregate_pub,est_sizedetails_s5_9,2022,27.357
sen,sex_t,eco_aggregate_pub,est_sizedetails_s5_9,2023,23.282
sen,sex_t,eco_aggregate_pub,est_sizedetails_s5_9,2024,63.653
sen,sex_t,eco_aggregate_pub,est_sizedetails_sge50,2015,65.633
sen,sex_t,eco_aggregate_pub,est_sizedetails_sge50,2016,44.476
sen,sex_t,eco_aggregate_pub,est_sizedetails_sge50,2019,3.926
sen,sex_t,eco_aggregate_pub,est_sizedetails_sge50,2022,7.534
sen,sex_t,eco_aggregate_pub,est_sizedetails_sge50,2023,5.427
sen,sex_t,eco_aggregate_pub,est_sizedetails_sge50,2024,10.138
sen,sex_t,eco_aggregate_pub,est_sizedetails_total,2015,495.116
sen,sex_t,eco_aggregate_pub,est_sizedetails_total,2016,419.107
sen,sex_t,eco_aggregate_pub,est_sizedetails_total,2019,567.187
sen,sex_t,eco_aggregate_pub,est_sizedetails_total,2022,641.43
sen,sex_t,eco_aggregate_pub,est_sizedetails_total,2023,706.137
sen,sex_t,eco_aggregate_pub,est_sizedetails_total,2024,564.037
sen,sex_t,eco_aggregate_pub,est_sizedetails_x,2015,53.539
sen,sex_t,eco_aggregate_pub,est_sizedetails_x,2016,57.589
sen,sex_t,eco_aggregate_pub,est_sizedetails_x,2019,299.502
sen,sex_t,eco_aggregate_pub,est_sizedetails_x,2022,405.912
sen,sex_t,eco_aggregate_pub,est_sizedetails_x,2023,517.038
sen,sex_t,eco_aggregate_pub,est_sizedetails_x,2024,219.647
sen,sex_t,eco_aggregate_total,est_sizeaggregate_s1_4,2015,397.461
sen,sex_t,eco_aggregate_total,est_sizeaggregate_s1_4,2016,357.539
sen,sex_t,eco_aggregate_total,est_sizeaggregate_s1_4,2019,439.248
sen,sex_t,eco_aggregate_total,est_sizeaggregate_s1_4,2022,453.519
sen,sex_t,eco_aggregate_total,est_sizeaggregate_s1_4,2023,413.56
sen,sex_t,eco_aggregate_total,est_sizeaggregate_s1_4,2024,591.211
sen,sex_t,eco_aggregate_total,est_sizeaggregate_s5_49,2015,433.63
sen,sex_t,eco_aggregate_total,est_sizeaggregate_s5_49,2016,412.154
sen,sex_t,eco_aggregate_total,est_sizeaggregate_s5_49,2019,300.423
sen,sex_t,eco_aggregate_total,est_sizeaggregate_s5_49,2022,237.638
sen,sex_t,eco_aggregate_total,est_sizeaggregate_s5_49,2023,227.665
sen,sex_t,eco_aggregate_total,est_sizeaggregate_s5_49,2024,439.654
sen,sex_t,eco_aggregate_total,est_sizeaggregate_sge50,2015,174.953
sen,sex_t,eco_aggregate_total,est_sizeaggregate_sge50,2016,101.8
sen,sex_t,eco_aggregate_total,est_sizeaggregate_sge50,2019,13.752
sen,sex_t,eco_aggregate_total,est_sizeaggregate_sge50,2022,24.084
sen,sex_t,eco_aggregate_total,est_sizeaggregate_sge50,2023,10.306
sen,sex_t,eco_aggregate_total,est_sizeaggregate_sge50,2024,27.124
sen,sex_t,eco_aggregate_total,est_sizeaggregate_total,2015,1141.15
sen,sex_t,eco_aggregate_total,est_sizeaggregate_total,2016,1030.892
sen,sex_t,eco_aggregate_total,est_sizeaggregate_total,2019,1585.599
sen,sex_t,eco_aggregate_total,est_sizeaggregate_total,2022,1654.188
sen,sex_t,eco_aggregate_total,est_sizeaggregate_total,2023,1793.642
sen,sex_t,eco_aggregate_total,est_sizeaggregate_total,2024,1607.115
sen,sex_t,eco_aggregate_total,est_sizeaggregate_x,2015,135.106
sen,sex_t,eco_aggregate_total,est_sizeaggregate_x,2016,159.399
sen,sex_t,eco_aggregate_total,est_sizeaggregate_x,2019,832.177
sen,sex_t,eco_aggregate_total,est_sizeaggregate_x,2022,938.947
sen,sex_t,eco_aggregate_total,est_sizeaggregate_x,2023,1142.111
sen,sex_t,eco_aggregate_total,est_sizeaggregate_x,2024,549.126
sen,sex_t,eco_aggregate_total,est_sizedetails_s1,2015,187.68
sen,sex_t,eco_aggregate_total,est_sizedetails_s1,2016,128.761
sen,sex_t,eco_aggregate_total,est_sizedetails_s1,2019,179.468
sen,sex_t,eco_aggregate_total,est_sizedetails_s1,2022,157.828
sen,sex_t,eco_aggregate_total,est_sizedetails_s1,2023,143.57
sen,sex_t,eco_aggregate_total,est_sizedetails_s1,2024,212.356
sen,sex_t,eco_aggregate_total,est_sizedetails_s10_19,2015,162.075
sen,sex_t,eco_aggregate_total,est_sizedetails_s10_19,2016,135.648
sen,sex_t,eco_aggregate_total,est_sizedetails_s10_19,2019,75.707
sen,sex_t,eco_aggregate_total,est_sizedetails_s10_19,2022,53.939
sen,sex_t,eco_aggregate_total,est_sizedetails_s10_19,2023,34.596
sen,sex_t,eco_aggregate_total,est_sizedetails_s10_19,2024,112.644
sen,sex_t,eco_aggregate_total,est_sizedetails_s20_49,2015,103.749
sen,sex_t,eco_aggregate_total,est_sizedetails_s20_49,2016,80.192
sen,sex_t,eco_aggregate_total,est_sizedetails_s20_49,2019,24.668
sen,sex_t,eco_aggregate_total,est_sizedetails_s20_49,2022,21.796
sen,sex_t,eco_aggregate_total,est_sizedetails_s20_49,2023,15.388
sen,sex_t,eco_aggregate_total,est_sizedetails_s20_49,2024,47.562
sen,sex_t,eco_aggregate_total,est_sizedetails_s2_4,2015,209.78
sen,sex_t,eco_aggregate_total,est_sizedetails_s2_4,2016,228.778
sen,sex_t,eco_aggregate_total,est_sizedetails_s2_4,2019,259.78
sen,sex_t,eco_aggregate_total,est_sizedetails_s2_4,2022,295.691
sen,sex_t,eco_aggregate_total,est_sizedetails_s2_4,2023,269.99
sen,sex_t,eco_aggregate_total,est_sizedetails_s2_4,2024,378.856
sen,sex_t,eco_aggregate_total,est_sizedetails_s5_9,2015,167.806
sen,sex_t,eco_aggregate_total,est_sizedetails_s5_9,2016,196.314
sen,sex_t,eco_aggregate_total,est_sizedetails_s5_9,2019,200.048
sen,sex_t,eco_aggregate_total,est_sizedetails_s5_9,2022,161.902
sen,sex_t,eco_aggregate_total,est_sizedetails_s5_9,2023,177.681
sen,sex_t,eco_aggregate_total,est_sizedetails_s5_9,2024,279.448
sen,sex_t,eco_aggregate_total,est_sizedetails_sge50,2015,174.953
sen,sex_t,eco_aggregate_total,est_sizedetails_sge50,2016,101.8
sen,sex_t,eco_aggregate_total,est_sizedetails_sge50,2019,13.752
sen,sex_t,eco_aggregate_total,est_sizedetails_sge50,2022,24.084
sen,sex_t,eco_aggregate_total,est_sizedetails_sge50,2023,10.306
sen,sex_t,eco_aggregate_total,est_sizedetails_sge50,2024,27.124
sen,sex_t,eco_aggregate_total,est_sizedetails_total,2015,1141.15
sen,sex_t,eco_aggregate_total,est_sizedetails_total,2016,1030.892
sen,sex_t,eco_aggregate_total,est_sizedetails_total,2019,1585.599
sen,sex_t,eco_aggregate_total,est_sizedetails_total,2022,1654.188
sen,sex_t,eco_aggregate_total,est_sizedetails_total,2023,1793.642
sen,sex_t,eco_aggregate_total,est_sizedetails_total,2024,1607.115
sen,sex_t,eco_aggregate_total,est_sizedetails_x,2015,135.106
sen,sex_t,eco_aggregate_total,est_sizedetails_x,2016,159.399
sen,sex_t,eco_aggregate_total,est_sizedetails_x,2019,832.177
sen,sex_t,eco_aggregate_total,est_sizedetails_x,2022,938.947
sen,sex_t,eco_aggregate_total,est_sizedetails_x,2023,1142.111
sen,sex_t,eco_aggregate_total,est_sizedetails_x,2024,549.126
sen,sex_t,eco_aggregate_x,est_sizeaggregate_total,2015,1.842
sen,sex_t,eco_aggregate_x,est_sizeaggregate_total,2019,0.397
sen,sex_t,eco_aggregate_x,est_sizeaggregate_total,2023,0.941
sen,sex_t,eco_aggregate_x,est_sizeaggregate_total,2024,2.221
sen,sex_t,eco_aggregate_x,est_sizeaggregate_x,2015,1.842
sen,sex_t,eco_aggregate_x,est_sizeaggregate_x,2019,0.397
sen,sex_t,eco_aggregate_x,est_sizeaggregate_x,2023,0.941
sen,sex_t,eco_aggregate_x,est_sizeaggregate_x,2024,2.221
sen,sex_t,eco_aggregate_x,est_sizedetails_total,2015,1.842
sen,sex_t,eco_aggregate_x,est_sizedetails_total,2019,0.397
sen,sex_t,eco_aggregate_x,est_sizedetails_total,2023,0.941
sen,sex_t,eco_aggregate_x,est_sizedetails_total,2024,2.221
sen,sex_t,eco_aggregate_x,est_sizedetails_x,2015,1.842
sen,sex_t,eco_aggregate_x,est_sizedetails_x,2019,0.397
sen,sex_t,eco_aggregate_x,est_sizedetails_x,2023,0.941
sen,sex_t,eco_aggregate_x,est_sizedetails_x,2024,2.221
sen,sex_t,eco_isic4_a,est_sizeaggregate_s1_4,2015,45.537
sen,sex_t,eco_isic4_a,est_sizeaggregate_s1_4,2016,34.043
sen,sex_t,eco_isic4_a,est_sizeaggregate_s1_4,2019,29.939
sen,sex_t,eco_isic4_a,est_sizeaggregate_s1_4,2022,20.164
sen,sex_t,eco_isic4_a,est_sizeaggregate_s1_4,2023,25.831
sen,sex_t,eco_isic4_a,est_sizeaggregate_s1_4,2024,75.882
sen,sex_t,eco_isic4_a,est_sizeaggregate_s5_49,2015,27.58
sen,sex_t,eco_isic4_a,est_sizeaggregate_s5_49,2016,28.588
sen,sex_t,eco_isic4_a,est_sizeaggregate_s5_49,2019,19.405
sen,sex_t,eco_isic4_a,est_sizeaggregate_s5_49,2022,13.575
sen,sex_t,eco_isic4_a,est_sizeaggregate_s5_49,2023,11.338
sen,sex_t,eco_isic4_a,est_sizeaggregate_s5_49,2024,60.901
sen,sex_t,eco_isic4_a,est_sizeaggregate_sge50,2015,21.836
sen,sex_t,eco_isic4_a,est_sizeaggregate_sge50,2016,5.681
sen,sex_t,eco_isic4_a,est_sizeaggregate_sge50,2022,1.92
sen,sex_t,eco_isic4_a,est_sizeaggregate_sge50,2023,2.146
sen,sex_t,eco_isic4_a,est_sizeaggregate_sge50,2024,4.066
sen,sex_t,eco_isic4_a,est_sizeaggregate_total,2015,107.875
sen,sex_t,eco_isic4_a,est_sizeaggregate_total,2016,89.206
sen,sex_t,eco_isic4_a,est_sizeaggregate_total,2019,96.281
sen,sex_t,eco_isic4_a,est_sizeaggregate_total,2022,80.633
sen,sex_t,eco_isic4_a,est_sizeaggregate_total,2023,104.206
sen,sex_t,eco_isic4_a,est_sizeaggregate_total,2024,178.594
sen,sex_t,eco_isic4_a,est_sizeaggregate_x,2015,12.922
sen,sex_t,eco_isic4_a,est_sizeaggregate_x,2016,20.895
sen,sex_t,eco_isic4_a,est_sizeaggregate_x,2019,46.426
sen,sex_t,eco_isic4_a,est_sizeaggregate_x,2022,44.974
sen,sex_t,eco_isic4_a,est_sizeaggregate_x,2023,64.891
sen,sex_t,eco_isic4_a,est_sizeaggregate_x,2024,37.745
sen,sex_t,eco_isic4_b,est_sizeaggregate_s1_4,2015,3.713
sen,sex_t,eco_isic4_b,est_sizeaggregate_s1_4,2016,1.169
sen,sex_t,eco_isic4_b,est_sizeaggregate_s1_4,2019,0.522
sen,sex_t,eco_isic4_b,est_sizeaggregate_s5_49,2015,0.685
sen,sex_t,eco_isic4_b,est_sizeaggregate_s5_49,2016,2.629
sen,sex_t,eco_isic4_b,est_sizeaggregate_s5_49,2019,1.202
sen,sex_t,eco_isic4_b,est_sizeaggregate_s5_49,2022,1.327
sen,sex_t,eco_isic4_b,est_sizeaggregate_s5_49,2023,0.706
sen,sex_t,eco_isic4_b,est_sizeaggregate_s5_49,2024,3.283
sen,sex_t,eco_isic4_b,est_sizeaggregate_sge50,2015,4.028
sen,sex_t,eco_isic4_b,est_sizeaggregate_sge50,2016,2.679
sen,sex_t,eco_isic4_b,est_sizeaggregate_sge50,2024,4.41
sen,sex_t,eco_isic4_b,est_sizeaggregate_total,2015,12.811
sen,sex_t,eco_isic4_b,est_sizeaggregate_total,2016,10.954
sen,sex_t,eco_isic4_b,est_sizeaggregate_total,2019,21.054
sen,sex_t,eco_isic4_b,est_sizeaggregate_total,2022,12.007
sen,sex_t,eco_isic4_b,est_sizeaggregate_total,2023,9.168
sen,sex_t,eco_isic4_b,est_sizeaggregate_total,2024,18.684
sen,sex_t,eco_isic4_b,est_sizeaggregate_x,2015,4.386
sen,sex_t,eco_isic4_b,est_sizeaggregate_x,2016,4.477
sen,sex_t,eco_isic4_b,est_sizeaggregate_x,2019,18.474
sen,sex_t,eco_isic4_b,est_sizeaggregate_x,2022,9.794
sen,sex_t,eco_isic4_b,est_sizeaggregate_x,2023,7.742
sen,sex_t,eco_isic4_b,est_sizeaggregate_x,2024,10.318
sen,sex_t,eco_isic4_c,est_sizeaggregate_s1_4,2015,12.272
sen,sex_t,eco_isic4_c,est_sizeaggregate_s1_4,2016,35.874
sen,sex_t,eco_isic4_c,est_sizeaggregate_s1_4,2019,47.608
sen,sex_t,eco_isic4_c,est_sizeaggregate_s1_4,2022,44.026
sen,sex_t,eco_isic4_c,est_sizeaggregate_s1_4,2023,59.847
sen,sex_t,eco_isic4_c,est_sizeaggregate_s1_4,2024,63.314
sen,sex_t,eco_isic4_c,est_sizeaggregate_s5_49,2015,32.308
sen,sex_t,eco_isic4_c,est_sizeaggregate_s5_49,2016,59.139
sen,sex_t,eco_isic4_c,est_sizeaggregate_s5_49,2019,74.664
sen,sex_t,eco_isic4_c,est_sizeaggregate_s5_49,2022,48.692
sen,sex_t,eco_isic4_c,est_sizeaggregate_s5_49,2023,70.614
sen,sex_t,eco_isic4_c,est_sizeaggregate_s5_49,2024,78.126
sen,sex_t,eco_isic4_c,est_sizeaggregate_sge50,2015,10.733
sen,sex_t,eco_isic4_c,est_sizeaggregate_sge50,2016,10.689
sen,sex_t,eco_isic4_c,est_sizeaggregate_sge50,2019,2.618
sen,sex_t,eco_isic4_c,est_sizeaggregate_sge50,2022,2.989
sen,sex_t,eco_isic4_c,est_sizeaggregate_sge50,2024,2.994
sen,sex_t,eco_isic4_c,est_sizeaggregate_total,2015,70.291
sen,sex_t,eco_isic4_c,est_sizeaggregate_total,2016,126.235
sen,sex_t,eco_isic4_c,est_sizeaggregate_total,2019,275.628
sen,sex_t,eco_isic4_c,est_sizeaggregate_total,2022,215.286
sen,sex_t,eco_isic4_c,est_sizeaggregate_total,2023,272.614
sen,sex_t,eco_isic4_c,est_sizeaggregate_total,2024,213.162
sen,sex_t,eco_isic4_c,est_sizeaggregate_x,2015,14.979
sen,sex_t,eco_isic4_c,est_sizeaggregate_x,2016,20.534
sen,sex_t,eco_isic4_c,est_sizeaggregate_x,2019,150.738
sen,sex_t,eco_isic4_c,est_sizeaggregate_x,2022,119.579
sen,sex_t,eco_isic4_c,est_sizeaggregate_x,2023,141.256
sen,sex_t,eco_isic4_c,est_sizeaggregate_x,2024,68.728
sen,sex_t,eco_isic4_d,est_sizeaggregate_s1_4,2016,1.128
sen,sex_t,eco_isic4_d,est_sizeaggregate_s1_4,2019,1.577
sen,sex_t,eco_isic4_d,est_sizeaggregate_s1_4,2023,0.99
sen,sex_t,eco_isic4_d,est_sizeaggregate_s5_49,2015,2.013
sen,sex_t,eco_isic4_d,est_sizeaggregate_s5_49,2016,1.876
sen,sex_t,eco_isic4_d,est_sizeaggregate_s5_49,2019,2.566
sen,sex_t,eco_isic4_d,est_sizeaggregate_s5_49,2022,0.928
sen,sex_t,eco_isic4_d,est_sizeaggregate_sge50,2015,7.939
sen,sex_t,eco_isic4_d,est_sizeaggregate_sge50,2016,2.234
sen,sex_t,eco_isic4_d,est_sizeaggregate_total,2015,11.242
sen,sex_t,eco_isic4_d,est_sizeaggregate_total,2016,8.57
sen,sex_t,eco_isic4_d,est_sizeaggregate_total,2019,19.645
sen,sex_t,eco_isic4_d,est_sizeaggregate_total,2022,13.235
sen,sex_t,eco_isic4_d,est_sizeaggregate_total,2023,20.688
sen,sex_t,eco_isic4_d,est_sizeaggregate_total,2024,10.546
sen,sex_t,eco_isic4_d,est_sizeaggregate_x,2016,3.334
sen,sex_t,eco_isic4_d,est_sizeaggregate_x,2019,14.578
sen,sex_t,eco_isic4_d,est_sizeaggregate_x,2022,10.966
sen,sex_t,eco_isic4_d,est_sizeaggregate_x,2023,18.342
sen,sex_t,eco_isic4_d,est_sizeaggregate_x,2024,8.025
sen,sex_t,eco_isic4_e,est_sizeaggregate_s1_4,2019,0.75
sen,sex_t,eco_isic4_e,est_sizeaggregate_s1_4,2022,1.584
sen,sex_t,eco_isic4_e,est_sizeaggregate_s1_4,2023,0.866
sen,sex_t,eco_isic4_e,est_sizeaggregate_s1_4,2024,0.933
sen,sex_t,eco_isic4_e,est_sizeaggregate_s5_49,2015,3.461
sen,sex_t,eco_isic4_e,est_sizeaggregate_s5_49,2016,0.962
sen,sex_t,eco_isic4_e,est_sizeaggregate_s5_49,2022,1.502
sen,sex_t,eco_isic4_e,est_sizeaggregate_s5_49,2024,0.868
sen,sex_t,eco_isic4_e,est_sizeaggregate_sge50,2016,1.044
sen,sex_t,eco_isic4_e,est_sizeaggregate_total,2015,4.608
sen,sex_t,eco_isic4_e,est_sizeaggregate_total,2016,3.246
sen,sex_t,eco_isic4_e,est_sizeaggregate_total,2019,9.177
sen,sex_t,eco_isic4_e,est_sizeaggregate_total,2022,8.668
sen,sex_t,eco_isic4_e,est_sizeaggregate_total,2023,6.021
sen,sex_t,eco_isic4_e,est_sizeaggregate_total,2024,5.475
sen,sex_t,eco_isic4_e,est_sizeaggregate_x,2019,8.22
sen,sex_t,eco_isic4_e,est_sizeaggregate_x,2022,5.582
sen,sex_t,eco_isic4_e,est_sizeaggregate_x,2023,4.595
sen,sex_t,eco_isic4_e,est_sizeaggregate_x,2024,2.195
sen,sex_t,eco_isic4_f,est_sizeaggregate_s1_4,2015,28.174
sen,sex_t,eco_isic4_f,est_sizeaggregate_s1_4,2016,32.196
sen,sex_t,eco_isic4_f,est_sizeaggregate_s1_4,2019,47.843
sen,sex_t,eco_isic4_f,est_sizeaggregate_s1_4,2022,77.039
sen,sex_t,eco_isic4_f,est_sizeaggregate_s1_4,2023,72.315
sen,sex_t,eco_isic4_f,est_sizeaggregate_s1_4,2024,74.019
sen,sex_t,eco_isic4_f,est_sizeaggregate_s5_49,2015,82.43
sen,sex_t,eco_isic4_f,est_sizeaggregate_s5_49,2016,49.92
sen,sex_t,eco_isic4_f,est_sizeaggregate_s5_49,2019,57.841
sen,sex_t,eco_isic4_f,est_sizeaggregate_s5_49,2022,51.32
sen,sex_t,eco_isic4_f,est_sizeaggregate_s5_49,2023,43.086
sen,sex_t,eco_isic4_f,est_sizeaggregate_s5_49,2024,78.464
sen,sex_t,eco_isic4_f,est_sizeaggregate_sge50,2015,7.581
sen,sex_t,eco_isic4_f,est_sizeaggregate_sge50,2016,10.193
sen,sex_t,eco_isic4_f,est_sizeaggregate_total,2015,133.048
sen,sex_t,eco_isic4_f,est_sizeaggregate_total,2016,107.662
sen,sex_t,eco_isic4_f,est_sizeaggregate_total,2019,178.589
sen,sex_t,eco_isic4_f,est_sizeaggregate_total,2022,222.813
sen,sex_t,eco_isic4_f,est_sizeaggregate_total,2023,232.901
sen,sex_t,eco_isic4_f,est_sizeaggregate_total,2024,199.746
sen,sex_t,eco_isic4_f,est_sizeaggregate_x,2015,14.862
sen,sex_t,eco_isic4_f,est_sizeaggregate_x,2016,15.354
sen,sex_t,eco_isic4_f,est_sizeaggregate_x,2019,71.756
sen,sex_t,eco_isic4_f,est_sizeaggregate_x,2022,93.121
sen,sex_t,eco_isic4_f,est_sizeaggregate_x,2023,117.219
sen,sex_t,eco_isic4_f,est_sizeaggregate_x,2024,47.072
sen,sex_t,eco_isic4_g,est_sizeaggregate_s1_4,2015,51.7
sen,sex_t,eco_isic4_g,est_sizeaggregate_s1_4,2016,38.803
sen,sex_t,eco_isic4_g,est_sizeaggregate_s1_4,2019,46.52
sen,sex_t,eco_isic4_g,est_sizeaggregate_s1_4,2022,49.13
sen,sex_t,eco_isic4_g,est_sizeaggregate_s1_4,2023,45.929
sen,sex_t,eco_isic4_g,est_sizeaggregate_s1_4,2024,76.533
sen,sex_t,eco_isic4_g,est_sizeaggregate_s5_49,2015,34.44
sen,sex_t,eco_isic4_g,est_sizeaggregate_s5_49,2016,37.843
sen,sex_t,eco_isic4_g,est_sizeaggregate_s5_49,2019,35.501
sen,sex_t,eco_isic4_g,est_sizeaggregate_s5_49,2022,40.319
sen,sex_t,eco_isic4_g,est_sizeaggregate_s5_49,2023,35.445
sen,sex_t,eco_isic4_g,est_sizeaggregate_s5_49,2024,45.825
sen,sex_t,eco_isic4_g,est_sizeaggregate_sge50,2015,11.392
sen,sex_t,eco_isic4_g,est_sizeaggregate_sge50,2016,4.336
sen,sex_t,eco_isic4_g,est_sizeaggregate_sge50,2022,0.898
sen,sex_t,eco_isic4_g,est_sizeaggregate_total,2015,104.896
sen,sex_t,eco_isic4_g,est_sizeaggregate_total,2016,90.567
sen,sex_t,eco_isic4_g,est_sizeaggregate_total,2019,153.517
sen,sex_t,eco_isic4_g,est_sizeaggregate_total,2022,169.017
sen,sex_t,eco_isic4_g,est_sizeaggregate_total,2023,155.198
sen,sex_t,eco_isic4_g,est_sizeaggregate_total,2024,162.023
sen,sex_t,eco_isic4_g,est_sizeaggregate_x,2015,7.363
sen,sex_t,eco_isic4_g,est_sizeaggregate_x,2016,9.585
sen,sex_t,eco_isic4_g,est_sizeaggregate_x,2019,70.307
sen,sex_t,eco_isic4_g,est_sizeaggregate_x,2022,78.669
sen,sex_t,eco_isic4_g,est_sizeaggregate_x,2023,73.823
sen,sex_t,eco_isic4_g,est_sizeaggregate_x,2024,39.195
sen,sex_t,eco_isic4_h,est_sizeaggregate_s1_4,2015,52.134
sen,sex_t,eco_isic4_h,est_sizeaggregate_s1_4,2016,62.683
sen,sex_t,eco_isic4_h,est_sizeaggregate_s1_4,2019,69.617
sen,sex_t,eco_isic4_h,est_sizeaggregate_s1_4,2022,80.901
sen,sex_t,eco_isic4_h,est_sizeaggregate_s1_4,2023,61.346
sen,sex_t,eco_isic4_h,est_sizeaggregate_s1_4,2024,83.299
sen,sex_t,eco_isic4_h,est_sizeaggregate_s5_49,2015,18.688
sen,sex_t,eco_isic4_h,est_sizeaggregate_s5_49,2016,12.791
sen,sex_t,eco_isic4_h,est_sizeaggregate_s5_49,2019,8.743
sen,sex_t,eco_isic4_h,est_sizeaggregate_s5_49,2022,9.028
sen,sex_t,eco_isic4_h,est_sizeaggregate_s5_49,2023,9.2
sen,sex_t,eco_isic4_h,est_sizeaggregate_s5_49,2024,11.802
sen,sex_t,eco_isic4_h,est_sizeaggregate_sge50,2015,11.481
sen,sex_t,eco_isic4_h,est_sizeaggregate_sge50,2016,8.535
sen,sex_t,eco_isic4_h,est_sizeaggregate_total,2015,92.936
sen,sex_t,eco_isic4_h,est_sizeaggregate_total,2016,98.339
sen,sex_t,eco_isic4_h,est_sizeaggregate_total,2019,162.716
sen,sex_t,eco_isic4_h,est_sizeaggregate_total,2022,165.639
sen,sex_t,eco_isic4_h,est_sizeaggregate_total,2023,148.292
sen,sex_t,eco_isic4_h,est_sizeaggregate_total,2024,139.433
sen,sex_t,eco_isic4_h,est_sizeaggregate_x,2015,10.633
sen,sex_t,eco_isic4_h,est_sizeaggregate_x,2016,14.329
sen,sex_t,eco_isic4_h,est_sizeaggregate_x,2019,83.544
sen,sex_t,eco_isic4_h,est_sizeaggregate_x,2022,73.256
sen,sex_t,eco_isic4_h,est_sizeaggregate_x,2023,77.746
sen,sex_t,eco_isic4_h,est_sizeaggregate_x,2024,43.797
sen,sex_t,eco_isic4_i,est_sizeaggregate_s1_4,2015,7.396
sen,sex_t,eco_isic4_i,est_sizeaggregate_s1_4,2016,7.452
sen,sex_t,eco_isic4_i,est_sizeaggregate_s1_4,2019,3.676
sen,sex_t,eco_isic4_i,est_sizeaggregate_s1_4,2022,3.809
sen,sex_t,eco_isic4_i,est_sizeaggregate_s1_4,2023,3.934
sen,sex_t,eco_isic4_i,est_sizeaggregate_s1_4,2024,6.946
sen,sex_t,eco_isic4_i,est_sizeaggregate_s5_49,2015,8.926
sen,sex_t,eco_isic4_i,est_sizeaggregate_s5_49,2016,9.043
sen,sex_t,eco_isic4_i,est_sizeaggregate_s5_49,2019,10.459
sen,sex_t,eco_isic4_i,est_sizeaggregate_s5_49,2022,3.941
sen,sex_t,eco_isic4_i,est_sizeaggregate_s5_49,2023,3.923
sen,sex_t,eco_isic4_i,est_sizeaggregate_s5_49,2024,8.645
sen,sex_t,eco_isic4_i,est_sizeaggregate_sge50,2015,5.515
sen,sex_t,eco_isic4_i,est_sizeaggregate_sge50,2016,2.236
sen,sex_t,eco_isic4_i,est_sizeaggregate_total,2015,26.44
sen,sex_t,eco_isic4_i,est_sizeaggregate_total,2016,22.118
sen,sex_t,eco_isic4_i,est_sizeaggregate_total,2019,35.852
sen,sex_t,eco_isic4_i,est_sizeaggregate_total,2022,29.244
sen,sex_t,eco_isic4_i,est_sizeaggregate_total,2023,29.064
sen,sex_t,eco_isic4_i,est_sizeaggregate_total,2024,30.134
sen,sex_t,eco_isic4_i,est_sizeaggregate_x,2015,4.603
sen,sex_t,eco_isic4_i,est_sizeaggregate_x,2016,3.388
sen,sex_t,eco_isic4_i,est_sizeaggregate_x,2019,20.85
sen,sex_t,eco_isic4_i,est_sizeaggregate_x,2022,20.055
sen,sex_t,eco_isic4_i,est_sizeaggregate_x,2023,21.207
sen,sex_t,eco_isic4_i,est_sizeaggregate_x,2024,14.359
sen,sex_t,eco_isic4_j,est_sizeaggregate_s1_4,2015,0.576
sen,sex_t,eco_isic4_j,est_sizeaggregate_s1_4,2016,1.375
sen,sex_t,eco_isic4_j,est_sizeaggregate_s1_4,2019,0.871
sen,sex_t,eco_isic4_j,est_sizeaggregate_s1_4,2022,0.729
sen,sex_t,eco_isic4_j,est_sizeaggregate_s5_49,2015,9.728
sen,sex_t,eco_isic4_j,est_sizeaggregate_s5_49,2016,4.199
sen,sex_t,eco_isic4_j,est_sizeaggregate_s5_49,2019,2.4
sen,sex_t,eco_isic4_j,est_sizeaggregate_s5_49,2022,3.313
sen,sex_t,eco_isic4_j,est_sizeaggregate_s5_49,2023,0.853
sen,sex_t,eco_isic4_j,est_sizeaggregate_s5_49,2024,1.965
sen,sex_t,eco_isic4_j,est_sizeaggregate_sge50,2015,9.639
sen,sex_t,eco_isic4_j,est_sizeaggregate_sge50,2016,1.899
sen,sex_t,eco_isic4_j,est_sizeaggregate_total,2015,21.559
sen,sex_t,eco_isic4_j,est_sizeaggregate_total,2016,10.445
sen,sex_t,eco_isic4_j,est_sizeaggregate_total,2019,14.637
sen,sex_t,eco_isic4_j,est_sizeaggregate_total,2022,31.533
sen,sex_t,eco_isic4_j,est_sizeaggregate_total,2023,23.02
sen,sex_t,eco_isic4_j,est_sizeaggregate_total,2024,22.21
sen,sex_t,eco_isic4_j,est_sizeaggregate_x,2015,1.616
sen,sex_t,eco_isic4_j,est_sizeaggregate_x,2016,2.972
sen,sex_t,eco_isic4_j,est_sizeaggregate_x,2019,10.608
sen,sex_t,eco_isic4_j,est_sizeaggregate_x,2022,27.491
sen,sex_t,eco_isic4_j,est_sizeaggregate_x,2023,21.918
sen,sex_t,eco_isic4_j,est_sizeaggregate_x,2024,19.595
sen,sex_t,eco_isic4_k,est_sizeaggregate_s1_4,2015,1.802
sen,sex_t,eco_isic4_k,est_sizeaggregate_s1_4,2016,1.534
sen,sex_t,eco_isic4_k,est_sizeaggregate_s1_4,2019,6.242
sen,sex_t,eco_isic4_k,est_sizeaggregate_s1_4,2022,3.95
sen,sex_t,eco_isic4_k,est_sizeaggregate_s1_4,2023,3.728
sen,sex_t,eco_isic4_k,est_sizeaggregate_s1_4,2024,3.054
sen,sex_t,eco_isic4_k,est_sizeaggregate_s5_49,2015,6.761
sen,sex_t,eco_isic4_k,est_sizeaggregate_s5_49,2016,10.133
sen,sex_t,eco_isic4_k,est_sizeaggregate_s5_49,2019,1.409
sen,sex_t,eco_isic4_k,est_sizeaggregate_s5_49,2022,1.472
sen,sex_t,eco_isic4_k,est_sizeaggregate_s5_49,2023,1.142
sen,sex_t,eco_isic4_k,est_sizeaggregate_s5_49,2024,2.885
sen,sex_t,eco_isic4_k,est_sizeaggregate_sge50,2015,6.192
sen,sex_t,eco_isic4_k,est_sizeaggregate_sge50,2016,1.139
sen,sex_t,eco_isic4_k,est_sizeaggregate_total,2015,15.967
sen,sex_t,eco_isic4_k,est_sizeaggregate_total,2016,14.131
sen,sex_t,eco_isic4_k,est_sizeaggregate_total,2019,27.069
sen,sex_t,eco_isic4_k,est_sizeaggregate_total,2022,20.112
sen,sex_t,eco_isic4_k,est_sizeaggregate_total,2023,30.1
sen,sex_t,eco_isic4_k,est_sizeaggregate_total,2024,17.66
sen,sex_t,eco_isic4_k,est_sizeaggregate_x,2015,1.212
sen,sex_t,eco_isic4_k,est_sizeaggregate_x,2016,1.325
sen,sex_t,eco_isic4_k,est_sizeaggregate_x,2019,19.418
sen,sex_t,eco_isic4_k,est_sizeaggregate_x,2022,14.69
sen,sex_t,eco_isic4_k,est_sizeaggregate_x,2023,25.229
sen,sex_t,eco_isic4_k,est_sizeaggregate_x,2024,11.721
sen,sex_t,eco_isic4_l,est_sizeaggregate_s1_4,2016,0.888
sen,sex_t,eco_isic4_l,est_sizeaggregate_s1_4,2019,0.701
sen,sex_t,eco_isic4_l,est_sizeaggregate_s1_4,2022,1.129
sen,sex_t,eco_isic4_l,est_sizeaggregate_s5_49,2015,4.891
sen,sex_t,eco_isic4_l,est_sizeaggregate_s5_49,2019,2.646
sen,sex_t,eco_isic4_l,est_sizeaggregate_s5_49,2024,2.245
sen,sex_t,eco_isic4_l,est_sizeaggregate_total,2015,6.031
sen,sex_t,eco_isic4_l,est_sizeaggregate_total,2016,2.762
sen,sex_t,eco_isic4_l,est_sizeaggregate_total,2019,6.238
sen,sex_t,eco_isic4_l,est_sizeaggregate_total,2022,5.305
sen,sex_t,eco_isic4_l,est_sizeaggregate_total,2023,6.823
sen,sex_t,eco_isic4_l,est_sizeaggregate_total,2024,6.732
sen,sex_t,eco_isic4_l,est_sizeaggregate_x,2019,2.866
sen,sex_t,eco_isic4_l,est_sizeaggregate_x,2022,4.143
sen,sex_t,eco_isic4_l,est_sizeaggregate_x,2023,5.915
sen,sex_t,eco_isic4_l,est_sizeaggregate_x,2024,3.888
sen,sex_t,eco_isic4_m,est_sizeaggregate_s1_4,2015,0.498
sen,sex_t,eco_isic4_m,est_sizeaggregate_s1_4,2016,2.877
sen,sex_t,eco_isic4_m,est_sizeaggregate_s1_4,2024,3.135
sen,sex_t,eco_isic4_m,est_sizeaggregate_s5_49,2015,4.474
sen,sex_t,eco_isic4_m,est_sizeaggregate_s5_49,2016,7.537
sen,sex_t,eco_isic4_m,est_sizeaggregate_s5_49,2019,0.776
sen,sex_t,eco_isic4_m,est_sizeaggregate_s5_49,2022,0.755
sen,sex_t,eco_isic4_m,est_sizeaggregate_s5_49,2024,5.633
sen,sex_t,eco_isic4_m,est_sizeaggregate_sge50,2015,6.15
sen,sex_t,eco_isic4_m,est_sizeaggregate_sge50,2016,3.443
sen,sex_t,eco_isic4_m,est_sizeaggregate_sge50,2022,3.659
sen,sex_t,eco_isic4_m,est_sizeaggregate_total,2015,14.058
sen,sex_t,eco_isic4_m,est_sizeaggregate_total,2016,16.789
sen,sex_t,eco_isic4_m,est_sizeaggregate_total,2019,7.741
sen,sex_t,eco_isic4_m,est_sizeaggregate_total,2022,21.526
sen,sex_t,eco_isic4_m,est_sizeaggregate_total,2023,22.785
sen,sex_t,eco_isic4_m,est_sizeaggregate_total,2024,22.042
sen,sex_t,eco_isic4_m,est_sizeaggregate_x,2015,2.937
sen,sex_t,eco_isic4_m,est_sizeaggregate_x,2016,2.933
sen,sex_t,eco_isic4_m,est_sizeaggregate_x,2019,6.254
sen,sex_t,eco_isic4_m,est_sizeaggregate_x,2022,16.446
sen,sex_t,eco_isic4_m,est_sizeaggregate_x,2023,20.603
sen,sex_t,eco_isic4_m,est_sizeaggregate_x,2024,12.402
sen,sex_t,eco_isic4_n,est_sizeaggregate_s1_4,2015,1.627
sen,sex_t,eco_isic4_n,est_sizeaggregate_s1_4,2016,1.294
sen,sex_t,eco_isic4_n,est_sizeaggregate_s1_4,2019,1.033
sen,sex_t,eco_isic4_n,est_sizeaggregate_s1_4,2022,1.4
sen,sex_t,eco_isic4_n,est_sizeaggregate_s1_4,2023,0.857
sen,sex_t,eco_isic4_n,est_sizeaggregate_s1_4,2024,2.123
sen,sex_t,eco_isic4_n,est_sizeaggregate_s5_49,2015,12.159
sen,sex_t,eco_isic4_n,est_sizeaggregate_s5_49,2016,5.423
sen,sex_t,eco_isic4_n,est_sizeaggregate_s5_49,2019,0.6
sen,sex_t,eco_isic4_n,est_sizeaggregate_s5_49,2022,1.939
sen,sex_t,eco_isic4_n,est_sizeaggregate_s5_49,2023,1.182
sen,sex_t,eco_isic4_n,est_sizeaggregate_s5_49,2024,3.38
sen,sex_t,eco_isic4_n,est_sizeaggregate_sge50,2015,6.153
sen,sex_t,eco_isic4_n,est_sizeaggregate_sge50,2016,2.443
sen,sex_t,eco_isic4_n,est_sizeaggregate_sge50,2024,0.697
sen,sex_t,eco_isic4_n,est_sizeaggregate_total,2015,22.43
sen,sex_t,eco_isic4_n,est_sizeaggregate_total,2016,10.417
sen,sex_t,eco_isic4_n,est_sizeaggregate_total,2019,9.871
sen,sex_t,eco_isic4_n,est_sizeaggregate_total,2022,17.741
sen,sex_t,eco_isic4_n,est_sizeaggregate_total,2023,25.685
sen,sex_t,eco_isic4_n,est_sizeaggregate_total,2024,14.417
sen,sex_t,eco_isic4_n,est_sizeaggregate_x,2015,2.492
sen,sex_t,eco_isic4_n,est_sizeaggregate_x,2016,1.257
sen,sex_t,eco_isic4_n,est_sizeaggregate_x,2019,8.238
sen,sex_t,eco_isic4_n,est_sizeaggregate_x,2022,14.271
sen,sex_t,eco_isic4_n,est_sizeaggregate_x,2023,23.646
sen,sex_t,eco_isic4_n,est_sizeaggregate_x,2024,8.218
sen,sex_t,eco_isic4_o,est_sizeaggregate_s1_4,2016,0.972
sen,sex_t,eco_isic4_o,est_sizeaggregate_s1_4,2024,1.442
sen,sex_t,eco_isic4_o,est_sizeaggregate_s5_49,2016,4.35
sen,sex_t,eco_isic4_o,est_sizeaggregate_s5_49,2019,3.036
sen,sex_t,eco_isic4_o,est_sizeaggregate_s5_49,2022,2.083
sen,sex_t,eco_isic4_o,est_sizeaggregate_s5_49,2024,2.86
sen,sex_t,eco_isic4_o,est_sizeaggregate_sge50,2016,3.423
sen,sex_t,eco_isic4_o,est_sizeaggregate_total,2016,11.175
sen,sex_t,eco_isic4_o,est_sizeaggregate_total,2019,28.831
sen,sex_t,eco_isic4_o,est_sizeaggregate_total,2022,16.405
sen,sex_t,eco_isic4_o,est_sizeaggregate_total,2023,38.423
sen,sex_t,eco_isic4_o,est_sizeaggregate_total,2024,24.105
sen,sex_t,eco_isic4_o,est_sizeaggregate_x,2016,2.429
sen,sex_t,eco_isic4_o,est_sizeaggregate_x,2019,25.275
sen,sex_t,eco_isic4_o,est_sizeaggregate_x,2022,13.114
sen,sex_t,eco_isic4_o,est_sizeaggregate_x,2023,37.808
sen,sex_t,eco_isic4_o,est_sizeaggregate_x,2024,19.238
sen,sex_t,eco_isic4_p,est_sizeaggregate_s1_4,2015,11.526
sen,sex_t,eco_isic4_p,est_sizeaggregate_s1_4,2016,13.896
sen,sex_t,eco_isic4_p,est_sizeaggregate_s1_4,2019,8.632
sen,sex_t,eco_isic4_p,est_sizeaggregate_s1_4,2022,8.334
sen,sex_t,eco_isic4_p,est_sizeaggregate_s1_4,2023,6.663
sen,sex_t,eco_isic4_p,est_sizeaggregate_s1_4,2024,13.002
sen,sex_t,eco_isic4_p,est_sizeaggregate_s5_49,2015,82.846
sen,sex_t,eco_isic4_p,est_sizeaggregate_s5_49,2016,88.453
sen,sex_t,eco_isic4_p,est_sizeaggregate_s5_49,2019,42.417
sen,sex_t,eco_isic4_p,est_sizeaggregate_s5_49,2022,32.693
sen,sex_t,eco_isic4_p,est_sizeaggregate_s5_49,2023,24.629
sen,sex_t,eco_isic4_p,est_sizeaggregate_s5_49,2024,63.63
sen,sex_t,eco_isic4_p,est_sizeaggregate_sge50,2015,10.905
sen,sex_t,eco_isic4_p,est_sizeaggregate_sge50,2016,10.151
sen,sex_t,eco_isic4_p,est_sizeaggregate_sge50,2019,2.516
sen,sex_t,eco_isic4_p,est_sizeaggregate_sge50,2022,2.075
sen,sex_t,eco_isic4_p,est_sizeaggregate_sge50,2023,2.156
sen,sex_t,eco_isic4_p,est_sizeaggregate_sge50,2024,3.609
sen,sex_t,eco_isic4_p,est_sizeaggregate_total,2015,123.915
sen,sex_t,eco_isic4_p,est_sizeaggregate_total,2016,129.832
sen,sex_t,eco_isic4_p,est_sizeaggregate_total,2019,136.732
sen,sex_t,eco_isic4_p,est_sizeaggregate_total,2022,122.686
sen,sex_t,eco_isic4_p,est_sizeaggregate_total,2023,116.483
sen,sex_t,eco_isic4_p,est_sizeaggregate_total,2024,134.819
sen,sex_t,eco_isic4_p,est_sizeaggregate_x,2015,18.638
sen,sex_t,eco_isic4_p,est_sizeaggregate_x,2016,17.332
sen,sex_t,eco_isic4_p,est_sizeaggregate_x,2019,83.167
sen,sex_t,eco_isic4_p,est_sizeaggregate_x,2022,79.584
sen,sex_t,eco_isic4_p,est_sizeaggregate_x,2023,83.034
sen,sex_t,eco_isic4_p,est_sizeaggregate_x,2024,54.578
sen,sex_t,eco_isic4_q,est_sizeaggregate_s1_4,2015,3.23
sen,sex_t,eco_isic4_q,est_sizeaggregate_s1_4,2016,3.136
sen,sex_t,eco_isic4_q,est_sizeaggregate_s1_4,2019,2.739
sen,sex_t,eco_isic4_q,est_sizeaggregate_s1_4,2022,2.273
sen,sex_t,eco_isic4_q,est_sizeaggregate_s1_4,2023,2.764
sen,sex_t,eco_isic4_q,est_sizeaggregate_s1_4,2024,4.464
sen,sex_t,eco_isic4_q,est_sizeaggregate_s5_49,2015,23.114
sen,sex_t,eco_isic4_q,est_sizeaggregate_s5_49,2016,21.444
sen,sex_t,eco_isic4_q,est_sizeaggregate_s5_49,2019,5.651
sen,sex_t,eco_isic4_q,est_sizeaggregate_s5_49,2022,5.613
sen,sex_t,eco_isic4_q,est_sizeaggregate_s5_49,2023,5.157
sen,sex_t,eco_isic4_q,est_sizeaggregate_s5_49,2024,13.052
sen,sex_t,eco_isic4_q,est_sizeaggregate_sge50,2015,16.246
sen,sex_t,eco_isic4_q,est_sizeaggregate_sge50,2016,8.888
sen,sex_t,eco_isic4_q,est_sizeaggregate_sge50,2024,2.286
sen,sex_t,eco_isic4_q,est_sizeaggregate_total,2015,46.024
sen,sex_t,eco_isic4_q,est_sizeaggregate_total,2016,38.553
sen,sex_t,eco_isic4_q,est_sizeaggregate_total,2019,34.359
sen,sex_t,eco_isic4_q,est_sizeaggregate_total,2022,39.648
sen,sex_t,eco_isic4_q,est_sizeaggregate_total,2023,49.481
sen,sex_t,eco_isic4_q,est_sizeaggregate_total,2024,46.365
sen,sex_t,eco_isic4_q,est_sizeaggregate_x,2015,3.434
sen,sex_t,eco_isic4_q,est_sizeaggregate_x,2016,5.085
sen,sex_t,eco_isic4_q,est_sizeaggregate_x,2019,25.869
sen,sex_t,eco_isic4_q,est_sizeaggregate_x,2022,31.71
sen,sex_t,eco_isic4_q,est_sizeaggregate_x,2023,40.69
sen,sex_t,eco_isic4_q,est_sizeaggregate_x,2024,26.562
sen,sex_t,eco_isic4_r,est_sizeaggregate_total,2019,4.154
sen,sex_t,eco_isic4_r,est_sizeaggregate_total,2023,1.182
sen,sex_t,eco_isic4_r,est_sizeaggregate_x,2019,3.982
sen,sex_t,eco_isic4_r,est_sizeaggregate_x,2023,0.783
sen,sex_t,eco_isic4_s,est_sizeaggregate_s1_4,2015,57.312
sen,sex_t,eco_isic4_s,est_sizeaggregate_s1_4,2016,51.164
sen,sex_t,eco_isic4_s,est_sizeaggregate_s1_4,2019,96.382
sen,sex_t,eco_isic4_s,est_sizeaggregate_s1_4,2022,108.552
sen,sex_t,eco_isic4_s,est_sizeaggregate_s1_4,2023,86.375
sen,sex_t,eco_isic4_s,est_sizeaggregate_s1_4,2024,131.375
sen,sex_t,eco_isic4_s,est_sizeaggregate_s5_49,2015,63.849
sen,sex_t,eco_isic4_s,est_sizeaggregate_s5_49,2016,56.448
sen,sex_t,eco_isic4_s,est_sizeaggregate_s5_49,2019,26.167
sen,sex_t,eco_isic4_s,est_sizeaggregate_s5_49,2022,17.397
sen,sex_t,eco_isic4_s,est_sizeaggregate_s5_49,2023,14.446
sen,sex_t,eco_isic4_s,est_sizeaggregate_s5_49,2024,43.28
sen,sex_t,eco_isic4_s,est_sizeaggregate_sge50,2015,33.713
sen,sex_t,eco_isic4_s,est_sizeaggregate_sge50,2016,18.528
sen,sex_t,eco_isic4_s,est_sizeaggregate_sge50,2019,1.31
sen,sex_t,eco_isic4_s,est_sizeaggregate_sge50,2022,3.412
sen,sex_t,eco_isic4_s,est_sizeaggregate_sge50,2024,2.583
sen,sex_t,eco_isic4_s,est_sizeaggregate_total,2015,174.902
sen,sex_t,eco_isic4_s,est_sizeaggregate_total,2016,145.557
sen,sex_t,eco_isic4_s,est_sizeaggregate_total,2019,257.724
sen,sex_t,eco_isic4_s,est_sizeaggregate_total,2022,386.042
sen,sex_t,eco_isic4_s,est_sizeaggregate_total,2023,437.592
sen,sex_t,eco_isic4_s,est_sizeaggregate_total,2024,286.126
sen,sex_t,eco_isic4_s,est_sizeaggregate_x,2015,20.027
sen,sex_t,eco_isic4_s,est_sizeaggregate_x,2016,19.417
sen,sex_t,eco_isic4_s,est_sizeaggregate_x,2019,133.866
sen,sex_t,eco_isic4_s,est_sizeaggregate_x,2022,256.68
sen,sex_t,eco_isic4_s,est_sizeaggregate_x,2023,334.698
sen,sex_t,eco_isic4_s,est_sizeaggregate_x,2024,108.888
sen,sex_t,eco_isic4_t,est_sizeaggregate_s1_4,2015,117.582
sen,sex_t,eco_isic4_t,est_sizeaggregate_s1_4,2016,65.813
sen,sex_t,eco_isic4_t,est_sizeaggregate_s1_4,2019,73.417
sen,sex_t,eco_isic4_t,est_sizeaggregate_s1_4,2022,48.289
sen,sex_t,eco_isic4_t,est_sizeaggregate_s1_4,2023,40.295
sen,sex_t,eco_isic4_t,est_sizeaggregate_s1_4,2024,48.359
sen,sex_t,eco_isic4_t,est_sizeaggregate_s5_49,2015,12.793
sen,sex_t,eco_isic4_t,est_sizeaggregate_s5_49,2016,8.279
sen,sex_t,eco_isic4_t,est_sizeaggregate_s5_49,2019,4.038
sen,sex_t,eco_isic4_t,est_sizeaggregate_s5_49,2022,1.19
sen,sex_t,eco_isic4_t,est_sizeaggregate_s5_49,2023,1.876
sen,sex_t,eco_isic4_t,est_sizeaggregate_s5_49,2024,9.286
sen,sex_t,eco_isic4_t,est_sizeaggregate_sge50,2015,2.18
sen,sex_t,eco_isic4_t,est_sizeaggregate_sge50,2016,1.635
sen,sex_t,eco_isic4_t,est_sizeaggregate_total,2015,143.189
sen,sex_t,eco_isic4_t,est_sizeaggregate_total,2016,86.153
sen,sex_t,eco_isic4_t,est_sizeaggregate_total,2019,102.384
sen,sex_t,eco_isic4_t,est_sizeaggregate_total,2022,69.43
sen,sex_t,eco_isic4_t,est_sizeaggregate_total,2023,59.736
sen,sex_t,eco_isic4_t,est_sizeaggregate_total,2024,67.076
sen,sex_t,eco_isic4_t,est_sizeaggregate_x,2015,10.634
sen,sex_t,eco_isic4_t,est_sizeaggregate_x,2016,10.426
sen,sex_t,eco_isic4_t,est_sizeaggregate_x,2019,24.929
sen,sex_t,eco_isic4_t,est_sizeaggregate_x,2022,18.336
sen,sex_t,eco_isic4_t,est_sizeaggregate_x,2023,17.455
sen,sex_t,eco_isic4_t,est_sizeaggregate_x,2024,8.861
sen,sex_t,eco_isic4_total,est_sizeaggregate_s1_4,2015,397.461
sen,sex_t,eco_isic4_total,est_sizeaggregate_s1_4,2016,357.539
sen,sex_t,eco_isic4_total,est_sizeaggregate_s1_4,2019,439.248
sen,sex_t,eco_isic4_total,est_sizeaggregate_s1_4,2022,453.519
sen,sex_t,eco_isic4_total,est_sizeaggregate_s1_4,2023,413.56
sen,sex_t,eco_isic4_total,est_sizeaggregate_s1_4,2024,591.211
sen,sex_t,eco_isic4_total,est_sizeaggregate_s5_49,2015,433.63
sen,sex_t,eco_isic4_total,est_sizeaggregate_s5_49,2016,412.154
sen,sex_t,eco_isic4_total,est_sizeaggregate_s5_49,2019,300.423
sen,sex_t,eco_isic4_total,est_sizeaggregate_s5_49,2022,237.638
sen,sex_t,eco_isic4_total,est_sizeaggregate_s5_49,2023,227.665
sen,sex_t,eco_isic4_total,est_sizeaggregate_s5_49,2024,439.654
sen,sex_t,eco_isic4_total,est_sizeaggregate_sge50,2015,174.953
sen,sex_t,eco_isic4_total,est_sizeaggregate_sge50,2016,101.8
sen,sex_t,eco_isic4_total,est_sizeaggregate_sge50,2019,13.752
sen,sex_t,eco_isic4_total,est_sizeaggregate_sge50,2022,24.084
sen,sex_t,eco_isic4_total,est_sizeaggregate_sge50,2023,10.306
sen,sex_t,eco_isic4_total,est_sizeaggregate_sge50,2024,27.124
sen,sex_t,eco_isic4_total,est_sizeaggregate_total,2015,1141.15
sen,sex_t,eco_isic4_total,est_sizeaggregate_total,2016,1030.892
sen,sex_t,eco_isic4_total,est_sizeaggregate_total,2019,1585.599
sen,sex_t,eco_isic4_total,est_sizeaggregate_total,2022,1654.188
sen,sex_t,eco_isic4_total,est_sizeaggregate_total,2023,1793.642
sen,sex_t,eco_isic4_total,est_sizeaggregate_total,2024,1607.115
sen,sex_t,eco_isic4_total,est_sizeaggregate_x,2015,135.106
sen,sex_t,eco_isic4_total,est_sizeaggregate_x,2016,159.399
sen,sex_t,eco_isic4_total,est_sizeaggregate_x,2019,832.177
sen,sex_t,eco_isic4_total,est_sizeaggregate_x,2022,938.947
sen,sex_t,eco_isic4_total,est_sizeaggregate_x,2023,1142.111
sen,sex_t,eco_isic4_total,est_sizeaggregate_x,2024,549.126
sen,sex_t,eco_isic4_u,est_sizeaggregate_s1_4,2015,1.207
sen,sex_t,eco_isic4_u,est_sizeaggregate_s5_49,2015,2.484
sen,sex_t,eco_isic4_u,est_sizeaggregate_s5_49,2016,1.939
sen,sex_t,eco_isic4_u,est_sizeaggregate_s5_49,2022,0.518
sen,sex_t,eco_isic4_u,est_sizeaggregate_s5_49,2024,2.054
sen,sex_t,eco_isic4_u,est_sizeaggregate_sge50,2015,2.588
sen,sex_t,eco_isic4_u,est_sizeaggregate_sge50,2016,1.469
sen,sex_t,eco_isic4_u,est_sizeaggregate_total,2015,7.086
sen,sex_t,eco_isic4_u,est_sizeaggregate_total,2016,7.058
sen,sex_t,eco_isic4_u,est_sizeaggregate_total,2019,3.002
sen,sex_t,eco_isic4_u,est_sizeaggregate_total,2022,5.804
sen,sex_t,eco_isic4_u,est_sizeaggregate_total,2023,3.24
sen,sex_t,eco_isic4_u,est_sizeaggregate_total,2024,4.153
sen,sex_t,eco_isic4_u,est_sizeaggregate_x,2015,0.807
sen,sex_t,eco_isic4_u,est_sizeaggregate_x,2016,2.9
sen,sex_t,eco_isic4_u,est_sizeaggregate_x,2019,2.416
sen,sex_t,eco_isic4_u,est_sizeaggregate_x,2022,5.072
sen,sex_t,eco_isic4_u,est_sizeaggregate_x,2023,2.57
sen,sex_t,eco_isic4_u,est_sizeaggregate_x,2024,1.058
sen,sex_t,eco_isic4_x,est_sizeaggregate_total,2015,1.842
sen,sex_t,eco_isic4_x,est_sizeaggregate_total,2019,0.397
sen,sex_t,eco_isic4_x,est_sizeaggregate_total,2023,0.941
sen,sex_t,eco_isic4_x,est_sizeaggregate_total,2024,2.221
sen,sex_t,eco_isic4_x,est_sizeaggregate_x,2015,1.842
sen,sex_t,eco_isic4_x,est_sizeaggregate_x,2019,0.397
sen,sex_t,eco_isic4_x,est_sizeaggregate_x,2023,0.941
sen,sex_t,eco_isic4_x,est_sizeaggregate_x,2024,2.221
sen,sex_t,eco_sector_agr,est_sizeaggregate_s1_4,2015,45.537
sen,sex_t,eco_sector_agr,est_sizeaggregate_s1_4,2016,34.043
sen,sex_t,eco_sector_agr,est_sizeaggregate_s1_4,2019,29.939
sen,sex_t,eco_sector_agr,est_sizeaggregate_s1_4,2022,20.164
sen,sex_t,eco_sector_agr,est_sizeaggregate_s1_4,2023,25.831
sen,sex_t,eco_sector_agr,est_sizeaggregate_s1_4,2024,75.882
sen,sex_t,eco_sector_agr,est_sizeaggregate_s5_49,2015,27.58
sen,sex_t,eco_sector_agr,est_sizeaggregate_s5_49,2016,28.588
sen,sex_t,eco_sector_agr,est_sizeaggregate_s5_49,2019,19.405
sen,sex_t,eco_sector_agr,est_sizeaggregate_s5_49,2022,13.575
sen,sex_t,eco_sector_agr,est_sizeaggregate_s5_49,2023,11.338
sen,sex_t,eco_sector_agr,est_sizeaggregate_s5_49,2024,60.901
sen,sex_t,eco_sector_agr,est_sizeaggregate_sge50,2015,21.836
sen,sex_t,eco_sector_agr,est_sizeaggregate_sge50,2016,5.681
sen,sex_t,eco_sector_agr,est_sizeaggregate_sge50,2022,1.92
sen,sex_t,eco_sector_agr,est_sizeaggregate_sge50,2023,2.146
sen,sex_t,eco_sector_agr,est_sizeaggregate_sge50,2024,4.066
sen,sex_t,eco_sector_agr,est_sizeaggregate_total,2015,107.875
sen,sex_t,eco_sector_agr,est_sizeaggregate_total,2016,89.206
sen,sex_t,eco_sector_agr,est_sizeaggregate_total,2019,96.281
sen,sex_t,eco_sector_agr,est_sizeaggregate_total,2022,80.633
sen,sex_t,eco_sector_agr,est_sizeaggregate_total,2023,104.206
sen,sex_t,eco_sector_agr,est_sizeaggregate_total,2024,178.594
sen,sex_t,eco_sector_agr,est_sizeaggregate_x,2015,12.922
sen,sex_t,eco_sector_agr,est_sizeaggregate_x,2016,20.895
sen,sex_t,eco_sector_agr,est_sizeaggregate_x,2019,46.426
sen,sex_t,eco_sector_agr,est_sizeaggregate_x,2022,44.974
sen,sex_t,eco_sector_agr,est_sizeaggregate_x,2023,64.891
sen,sex_t,eco_sector_agr,est_sizeaggregate_x,2024,37.745
sen,sex_t,eco_sector_agr,est_sizedetails_s1,2015,17.307
sen,sex_t,eco_sector_agr,est_sizedetails_s1,2016,11.831
sen,sex_t,eco_sector_agr,est_sizedetails_s1,2019,10.046
sen,sex_t,eco_sector_agr,est_sizedetails_s1,2022,5.84
sen,sex_t,eco_sector_agr,est_sizedetails_s1,2023,6.736
sen,sex_t,eco_sector_agr,est_sizedetails_s1,2024,23.288
sen,sex_t,eco_sector_agr,est_sizedetails_s10_19,2015,12.545
sen,sex_t,eco_sector_agr,est_sizedetails_s10_19,2016,8.498
sen,sex_t,eco_sector_agr,est_sizedetails_s10_19,2019,8.398
sen,sex_t,eco_sector_agr,est_sizedetails_s10_19,2022,2.934
sen,sex_t,eco_sector_agr,est_sizedetails_s10_19,2023,0.856
sen,sex_t,eco_sector_agr,est_sizedetails_s10_19,2024,17.773
sen,sex_t,eco_sector_agr,est_sizedetails_s20_49,2015,6.274
sen,sex_t,eco_sector_agr,est_sizedetails_s20_49,2016,6.358
sen,sex_t,eco_sector_agr,est_sizedetails_s20_49,2019,1.811
sen,sex_t,eco_sector_agr,est_sizedetails_s20_49,2022,4.008
sen,sex_t,eco_sector_agr,est_sizedetails_s20_49,2023,0.963
sen,sex_t,eco_sector_agr,est_sizedetails_s20_49,2024,10.94
sen,sex_t,eco_sector_agr,est_sizedetails_s2_4,2015,28.231
sen,sex_t,eco_sector_agr,est_sizedetails_s2_4,2016,22.212
sen,sex_t,eco_sector_agr,est_sizedetails_s2_4,2019,19.892
sen,sex_t,eco_sector_agr,est_sizedetails_s2_4,2022,14.325
sen,sex_t,eco_sector_agr,est_sizedetails_s2_4,2023,19.095
sen,sex_t,eco_sector_agr,est_sizedetails_s2_4,2024,52.593
sen,sex_t,eco_sector_agr,est_sizedetails_s5_9,2015,8.761
sen,sex_t,eco_sector_agr,est_sizedetails_s5_9,2016,13.733
sen,sex_t,eco_sector_agr,est_sizedetails_s5_9,2019,9.196
sen,sex_t,eco_sector_agr,est_sizedetails_s5_9,2022,6.633
sen,sex_t,eco_sector_agr,est_sizedetails_s5_9,2023,9.52
sen,sex_t,eco_sector_agr,est_sizedetails_s5_9,2024,32.188
sen,sex_t,eco_sector_agr,est_sizedetails_sge50,2015,21.836
sen,sex_t,eco_sector_agr,est_sizedetails_sge50,2016,5.681
sen,sex_t,eco_sector_agr,est_sizedetails_sge50,2022,1.92
sen,sex_t,eco_sector_agr,est_sizedetails_sge50,2023,2.146
sen,sex_t,eco_sector_agr,est_sizedetails_sge50,2024,4.066
sen,sex_t,eco_sector_agr,est_sizedetails_total,2015,107.875
sen,sex_t,eco_sector_agr,est_sizedetails_total,2016,89.206
sen,sex_t,eco_sector_agr,est_sizedetails_total,2019,96.281
sen,sex_t,eco_sector_agr,est_sizedetails_total,2022,80.633
sen,sex_t,eco_sector_agr,est_sizedetails_total,2023,104.206
sen,sex_t,eco_sector_agr,est_sizedetails_total,2024,178.594
sen,sex_t,eco_sector_agr,est_sizedetails_x,2015,12.922
sen,sex_t,eco_sector_agr,est_sizedetails_x,2016,20.895
sen,sex_t,eco_sector_agr,est_sizedetails_x,2019,46.426
sen,sex_t,eco_sector_agr,est_sizedetails_x,2022,44.974
sen,sex_t,eco_sector_agr,est_sizedetails_x,2023,64.891
sen,sex_t,eco_sector_agr,est_sizedetails_x,2024,37.745
sen,sex_t,eco_sector_ind,est_sizeaggregate_s1_4,2015,45.196
sen,sex_t,eco_sector_ind,est_sizeaggregate_s1_4,2016,70.861
sen,sex_t,eco_sector_ind,est_sizeaggregate_s1_4,2019,98.3
sen,sex_t,eco_sector_ind,est_sizeaggregate_s1_4,2022,123.15
sen,sex_t,eco_sector_ind,est_sizeaggregate_s1_4,2023,134.153
sen,sex_t,eco_sector_ind,est_sizeaggregate_s1_4,2024,140.122
sen,sex_t,eco_sector_ind,est_sizeaggregate_s5_49,2015,120.897
sen,sex_t,eco_sector_ind,est_sizeaggregate_s5_49,2016,114.525
sen,sex_t,eco_sector_ind,est_sizeaggregate_s5_49,2019,136.479
sen,sex_t,eco_sector_ind,est_sizeaggregate_s5_49,2022,103.768
sen,sex_t,eco_sector_ind,est_sizeaggregate_s5_49,2023,115.976
sen,sex_t,eco_sector_ind,est_sizeaggregate_s5_49,2024,161.435
sen,sex_t,eco_sector_ind,est_sizeaggregate_sge50,2015,30.524
sen,sex_t,eco_sector_ind,est_sizeaggregate_sge50,2016,26.839
sen,sex_t,eco_sector_ind,est_sizeaggregate_sge50,2019,5.549
sen,sex_t,eco_sector_ind,est_sizeaggregate_sge50,2022,6.048
sen,sex_t,eco_sector_ind,est_sizeaggregate_sge50,2023,2.108
sen,sex_t,eco_sector_ind,est_sizeaggregate_sge50,2024,9.718
sen,sex_t,eco_sector_ind,est_sizeaggregate_total,2015,232
sen,sex_t,eco_sector_ind,est_sizeaggregate_total,2016,256.668
sen,sex_t,eco_sector_ind,est_sizeaggregate_total,2019,504.093
sen,sex_t,eco_sector_ind,est_sizeaggregate_total,2022,472.009
sen,sex_t,eco_sector_ind,est_sizeaggregate_total,2023,541.392
sen,sex_t,eco_sector_ind,est_sizeaggregate_total,2024,447.613
sen,sex_t,eco_sector_ind,est_sizeaggregate_x,2015,35.384
sen,sex_t,eco_sector_ind,est_sizeaggregate_x,2016,44.443
sen,sex_t,eco_sector_ind,est_sizeaggregate_x,2019,263.765
sen,sex_t,eco_sector_ind,est_sizeaggregate_x,2022,239.042
sen,sex_t,eco_sector_ind,est_sizeaggregate_x,2023,289.154
sen,sex_t,eco_sector_ind,est_sizeaggregate_x,2024,136.337
sen,sex_t,eco_sector_ind,est_sizedetails_s1,2015,4.74
sen,sex_t,eco_sector_ind,est_sizedetails_s1,2016,3.545
sen,sex_t,eco_sector_ind,est_sizedetails_s1,2019,3.191
sen,sex_t,eco_sector_ind,est_sizedetails_s1,2022,3.256
sen,sex_t,eco_sector_ind,est_sizedetails_s1,2023,2.796
sen,sex_t,eco_sector_ind,est_sizedetails_s1,2024,6.967
sen,sex_t,eco_sector_ind,est_sizedetails_s10_19,2015,48.327
sen,sex_t,eco_sector_ind,est_sizedetails_s10_19,2016,27.569
sen,sex_t,eco_sector_ind,est_sizedetails_s10_19,2019,21.307
sen,sex_t,eco_sector_ind,est_sizedetails_s10_19,2022,14.64
sen,sex_t,eco_sector_ind,est_sizedetails_s10_19,2023,9.299
sen,sex_t,eco_sector_ind,est_sizedetails_s10_19,2024,21.275
sen,sex_t,eco_sector_ind,est_sizedetails_s20_49,2015,9.101
sen,sex_t,eco_sector_ind,est_sizedetails_s20_49,2016,8.031
sen,sex_t,eco_sector_ind,est_sizedetails_s20_49,2019,3.828
sen,sex_t,eco_sector_ind,est_sizedetails_s20_49,2022,1.91
sen,sex_t,eco_sector_ind,est_sizedetails_s20_49,2023,3.783
sen,sex_t,eco_sector_ind,est_sizedetails_s20_49,2024,6.371
sen,sex_t,eco_sector_ind,est_sizedetails_s2_4,2015,40.455
sen,sex_t,eco_sector_ind,est_sizedetails_s2_4,2016,67.316
sen,sex_t,eco_sector_ind,est_sizedetails_s2_4,2019,95.109
sen,sex_t,eco_sector_ind,est_sizedetails_s2_4,2022,119.894
sen,sex_t,eco_sector_ind,est_sizedetails_s2_4,2023,131.357
sen,sex_t,eco_sector_ind,est_sizedetails_s2_4,2024,133.155
sen,sex_t,eco_sector_ind,est_sizedetails_s5_9,2015,63.469
sen,sex_t,eco_sector_ind,est_sizedetails_s5_9,2016,78.926
sen,sex_t,eco_sector_ind,est_sizedetails_s5_9,2019,111.343
sen,sex_t,eco_sector_ind,est_sizedetails_s5_9,2022,87.218
sen,sex_t,eco_sector_ind,est_sizedetails_s5_9,2023,102.895
sen,sex_t,eco_sector_ind,est_sizedetails_s5_9,2024,133.789
sen,sex_t,eco_sector_ind,est_sizedetails_sge50,2015,30.524
sen,sex_t,eco_sector_ind,est_sizedetails_sge50,2016,26.839
sen,sex_t,eco_sector_ind,est_sizedetails_sge50,2019,5.549
sen,sex_t,eco_sector_ind,est_sizedetails_sge50,2022,6.048
sen,sex_t,eco_sector_ind,est_sizedetails_sge50,2023,2.108
sen,sex_t,eco_sector_ind,est_sizedetails_sge50,2024,9.718
sen,sex_t,eco_sector_ind,est_sizedetails_total,2015,232
sen,sex_t,eco_sector_ind,est_sizedetails_total,2016,256.668
sen,sex_t,eco_sector_ind,est_sizedetails_total,2019,504.093
sen,sex_t,eco_sector_ind,est_sizedetails_total,2022,472.009
sen,sex_t,eco_sector_ind,est_sizedetails_total,2023,541.392
sen,sex_t,eco_sector_ind,est_sizedetails_total,2024,447.613
sen,sex_t,eco_sector_ind,est_sizedetails_x,2015,35.384
sen,sex_t,eco_sector_ind,est_sizedetails_x,2016,44.443
sen,sex_t,eco_sector_ind,est_sizedetails_x,2019,263.765
sen,sex_t,eco_sector_ind,est_sizedetails_x,2022,239.042
sen,sex_t,eco_sector_ind,est_sizedetails_x,2023,289.154
sen,sex_t,eco_sector_ind,est_sizedetails_x,2024,136.337
sen,sex_t,eco_sector_nag,est_sizeaggregate_s1_4,2015,351.923
sen,sex_t,eco_sector_nag,est_sizeaggregate_s1_4,2016,323.496
sen,sex_t,eco_sector_nag,est_sizeaggregate_s1_4,2019,409.309
sen,sex_t,eco_sector_nag,est_sizeaggregate_s1_4,2022,433.355
sen,sex_t,eco_sector_nag,est_sizeaggregate_s1_4,2023,387.73
sen,sex_t,eco_sector_nag,est_sizeaggregate_s1_4,2024,515.33
sen,sex_t,eco_sector_nag,est_sizeaggregate_s5_49,2015,406.05
sen,sex_t,eco_sector_nag,est_sizeaggregate_s5_49,2016,383.566
sen,sex_t,eco_sector_nag,est_sizeaggregate_s5_49,2019,281.017
sen,sex_t,eco_sector_nag,est_sizeaggregate_s5_49,2022,224.063
sen,sex_t,eco_sector_nag,est_sizeaggregate_s5_49,2023,216.327
sen,sex_t,eco_sector_nag,est_sizeaggregate_s5_49,2024,378.753
sen,sex_t,eco_sector_nag,est_sizeaggregate_sge50,2015,153.118
sen,sex_t,eco_sector_nag,est_sizeaggregate_sge50,2016,96.12
sen,sex_t,eco_sector_nag,est_sizeaggregate_sge50,2019,13.241
sen,sex_t,eco_sector_nag,est_sizeaggregate_sge50,2022,22.164
sen,sex_t,eco_sector_nag,est_sizeaggregate_sge50,2023,8.16
sen,sex_t,eco_sector_nag,est_sizeaggregate_sge50,2024,23.058
sen,sex_t,eco_sector_nag,est_sizeaggregate_total,2015,1033.275
sen,sex_t,eco_sector_nag,est_sizeaggregate_total,2016,941.686
sen,sex_t,eco_sector_nag,est_sizeaggregate_total,2019,1489.318
sen,sex_t,eco_sector_nag,est_sizeaggregate_total,2022,1573.555
sen,sex_t,eco_sector_nag,est_sizeaggregate_total,2023,1689.437
sen,sex_t,eco_sector_nag,est_sizeaggregate_total,2024,1428.521
sen,sex_t,eco_sector_nag,est_sizeaggregate_x,2015,122.184
sen,sex_t,eco_sector_nag,est_sizeaggregate_x,2016,138.504
sen,sex_t,eco_sector_nag,est_sizeaggregate_x,2019,785.751
sen,sex_t,eco_sector_nag,est_sizeaggregate_x,2022,893.973
sen,sex_t,eco_sector_nag,est_sizeaggregate_x,2023,1077.219
sen,sex_t,eco_sector_nag,est_sizeaggregate_x,2024,511.38
sen,sex_t,eco_sector_nag,est_sizedetails_s1,2015,170.374
sen,sex_t,eco_sector_nag,est_sizedetails_s1,2016,116.93
sen,sex_t,eco_sector_nag,est_sizedetails_s1,2019,169.422
sen,sex_t,eco_sector_nag,est_sizedetails_s1,2022,151.989
sen,sex_t,eco_sector_nag,est_sizedetails_s1,2023,136.834
sen,sex_t,eco_sector_nag,est_sizedetails_s1,2024,189.067
sen,sex_t,eco_sector_nag,est_sizedetails_s10_19,2015,149.53
sen,sex_t,eco_sector_nag,est_sizedetails_s10_19,2016,127.15
sen,sex_t,eco_sector_nag,est_sizedetails_s10_19,2019,67.309
sen,sex_t,eco_sector_nag,est_sizedetails_s10_19,2022,51.005
sen,sex_t,eco_sector_nag,est_sizedetails_s10_19,2023,33.74
sen,sex_t,eco_sector_nag,est_sizedetails_s10_19,2024,94.871
sen,sex_t,eco_sector_nag,est_sizedetails_s20_49,2015,97.475
sen,sex_t,eco_sector_nag,est_sizedetails_s20_49,2016,73.834
sen,sex_t,eco_sector_nag,est_sizedetails_s20_49,2019,22.857
sen,sex_t,eco_sector_nag,est_sizedetails_s20_49,2022,17.788
sen,sex_t,eco_sector_nag,est_sizedetails_s20_49,2023,14.425
sen,sex_t,eco_sector_nag,est_sizedetails_s20_49,2024,36.622
sen,sex_t,eco_sector_nag,est_sizedetails_s2_4,2015,181.55
sen,sex_t,eco_sector_nag,est_sizedetails_s2_4,2016,206.566
sen,sex_t,eco_sector_nag,est_sizedetails_s2_4,2019,239.887
sen,sex_t,eco_sector_nag,est_sizedetails_s2_4,2022,281.366
sen,sex_t,eco_sector_nag,est_sizedetails_s2_4,2023,250.895
sen,sex_t,eco_sector_nag,est_sizedetails_s2_4,2024,326.262
sen,sex_t,eco_sector_nag,est_sizedetails_s5_9,2015,159.045
sen,sex_t,eco_sector_nag,est_sizedetails_s5_9,2016,182.581
sen,sex_t,eco_sector_nag,est_sizedetails_s5_9,2019,190.851
sen,sex_t,eco_sector_nag,est_sizedetails_s5_9,2022,155.269
sen,sex_t,eco_sector_nag,est_sizedetails_s5_9,2023,168.162
sen,sex_t,eco_sector_nag,est_sizedetails_s5_9,2024,247.26
sen,sex_t,eco_sector_nag,est_sizedetails_sge50,2015,153.118
sen,sex_t,eco_sector_nag,est_sizedetails_sge50,2016,96.12
sen,sex_t,eco_sector_nag,est_sizedetails_sge50,2019,13.241
sen,sex_t,eco_sector_nag,est_sizedetails_sge50,2022,22.164
sen,sex_t,eco_sector_nag,est_sizedetails_sge50,2023,8.16
sen,sex_t,eco_sector_nag,est_sizedetails_sge50,2024,23.058
sen,sex_t,eco_sector_nag,est_sizedetails_total,2015,1033.275
sen,sex_t,eco_sector_nag,est_sizedetails_total,2016,941.686
sen,sex_t,eco_sector_nag,est_sizedetails_total,2019,1489.318
sen,sex_t,eco_sector_nag,est_sizedetails_total,2022,1573.555
sen,sex_t,eco_sector_nag,est_sizedetails_total,2023,1689.437
sen,sex_t,eco_sector_nag,est_sizedetails_total,2024,1428.521
sen,sex_t,eco_sector_nag,est_sizedetails_x,2015,122.184
sen,sex_t,eco_sector_nag,est_sizedetails_x,2016,138.504
sen,sex_t,eco_sector_nag,est_sizedetails_x,2019,785.751
sen,sex_t,eco_sector_nag,est_sizedetails_x,2022,893.973
sen,sex_t,eco_sector_nag,est_sizedetails_x,2023,1077.219
sen,sex_t,eco_sector_nag,est_sizedetails_x,2024,511.38
sen,sex_t,eco_sector_ser,est_sizeaggregate_s1_4,2015,306.728
sen,sex_t,eco_sector_ser,est_sizeaggregate_s1_4,2016,252.636
sen,sex_t,eco_sector_ser,est_sizeaggregate_s1_4,2019,311.009
sen,sex_t,eco_sector_ser,est_sizeaggregate_s1_4,2022,310.205
sen,sex_t,eco_sector_ser,est_sizeaggregate_s1_4,2023,253.576
sen,sex_t,eco_sector_ser,est_sizeaggregate_s1_4,2024,375.207
sen,sex_t,eco_sector_ser,est_sizeaggregate_s5_49,2015,285.153
sen,sex_t,eco_sector_ser,est_sizeaggregate_s5_49,2016,269.04
sen,sex_t,eco_sector_ser,est_sizeaggregate_s5_49,2019,144.538
sen,sex_t,eco_sector_ser,est_sizeaggregate_s5_49,2022,120.294
sen,sex_t,eco_sector_ser,est_sizeaggregate_s5_49,2023,100.351
sen,sex_t,eco_sector_ser,est_sizeaggregate_s5_49,2024,217.318
sen,sex_t,eco_sector_ser,est_sizeaggregate_sge50,2015,122.594
sen,sex_t,eco_sector_ser,est_sizeaggregate_sge50,2016,69.28
sen,sex_t,eco_sector_ser,est_sizeaggregate_sge50,2019,7.692
sen,sex_t,eco_sector_ser,est_sizeaggregate_sge50,2022,16.116
sen,sex_t,eco_sector_ser,est_sizeaggregate_sge50,2023,6.052
sen,sex_t,eco_sector_ser,est_sizeaggregate_sge50,2024,13.34
sen,sex_t,eco_sector_ser,est_sizeaggregate_total,2015,799.432
sen,sex_t,eco_sector_ser,est_sizeaggregate_total,2016,684.676
sen,sex_t,eco_sector_ser,est_sizeaggregate_total,2019,984.828
sen,sex_t,eco_sector_ser,est_sizeaggregate_total,2022,1101.546
sen,sex_t,eco_sector_ser,est_sizeaggregate_total,2023,1147.103
sen,sex_t,eco_sector_ser,est_sizeaggregate_total,2024,978.687
sen,sex_t,eco_sector_ser,est_sizeaggregate_x,2015,84.958
sen,sex_t,eco_sector_ser,est_sizeaggregate_x,2016,93.719
sen,sex_t,eco_sector_ser,est_sizeaggregate_x,2019,521.589
sen,sex_t,eco_sector_ser,est_sizeaggregate_x,2022,654.932
sen,sex_t,eco_sector_ser,est_sizeaggregate_x,2023,787.124
sen,sex_t,eco_sector_ser,est_sizeaggregate_x,2024,372.822
sen,sex_t,eco_sector_ser,est_sizedetails_s1,2015,165.634
sen,sex_t,eco_sector_ser,est_sizedetails_s1,2016,113.386
sen,sex_t,eco_sector_ser,est_sizedetails_s1,2019,166.231
sen,sex_t,eco_sector_ser,est_sizedetails_s1,2022,148.733
sen,sex_t,eco_sector_ser,est_sizedetails_s1,2023,134.039
sen,sex_t,eco_sector_ser,est_sizedetails_s1,2024,182.1
sen,sex_t,eco_sector_ser,est_sizedetails_s10_19,2015,101.203
sen,sex_t,eco_sector_ser,est_sizedetails_s10_19,2016,99.581
sen,sex_t,eco_sector_ser,est_sizedetails_s10_19,2019,46.002
sen,sex_t,eco_sector_ser,est_sizedetails_s10_19,2022,36.365
sen,sex_t,eco_sector_ser,est_sizedetails_s10_19,2023,24.442
sen,sex_t,eco_sector_ser,est_sizedetails_s10_19,2024,73.595
sen,sex_t,eco_sector_ser,est_sizedetails_s20_49,2015,88.374
sen,sex_t,eco_sector_ser,est_sizedetails_s20_49,2016,65.804
sen,sex_t,eco_sector_ser,est_sizedetails_s20_49,2019,19.029
sen,sex_t,eco_sector_ser,est_sizedetails_s20_49,2022,15.878
sen,sex_t,eco_sector_ser,est_sizedetails_s20_49,2023,10.642
sen,sex_t,eco_sector_ser,est_sizedetails_s20_49,2024,30.251
sen,sex_t,eco_sector_ser,est_sizedetails_s2_4,2015,141.094
sen,sex_t,eco_sector_ser,est_sizedetails_s2_4,2016,139.25
sen,sex_t,eco_sector_ser,est_sizedetails_s2_4,2019,144.778
sen,sex_t,eco_sector_ser,est_sizedetails_s2_4,2022,161.472
sen,sex_t,eco_sector_ser,est_sizedetails_s2_4,2023,119.538
sen,sex_t,eco_sector_ser,est_sizedetails_s2_4,2024,193.107
sen,sex_t,eco_sector_ser,est_sizedetails_s5_9,2015,95.576
sen,sex_t,eco_sector_ser,est_sizedetails_s5_9,2016,103.656
sen,sex_t,eco_sector_ser,est_sizedetails_s5_9,2019,79.508
sen,sex_t,eco_sector_ser,est_sizedetails_s5_9,2022,68.051
sen,sex_t,eco_sector_ser,est_sizedetails_s5_9,2023,65.267
sen,sex_t,eco_sector_ser,est_sizedetails_s5_9,2024,113.471
sen,sex_t,eco_sector_ser,est_sizedetails_sge50,2015,122.594
sen,sex_t,eco_sector_ser,est_sizedetails_sge50,2016,69.28
sen,sex_t,eco_sector_ser,est_sizedetails_sge50,2019,7.692
sen,sex_t,eco_sector_ser,est_sizedetails_sge50,2022,16.116
sen,sex_t,eco_sector_ser,est_sizedetails_sge50,2023,6.052
sen,sex_t,eco_sector_ser,est_sizedetails_sge50,2024,13.34
sen,sex_t,eco_sector_ser,est_sizedetails_total,2015,799.432
sen,sex_t,eco_sector_ser,est_sizedetails_total,2016,684.676
sen,sex_t,eco_sector_ser,est_sizedetails_total,2019,984.828
sen,sex_t,eco_sector_ser,est_sizedetails_total,2022,1101.546
sen,sex_t,eco_sector_ser,est_sizedetails_total,2023,1147.103
sen,sex_t,eco_sector_ser,est_sizedetails_total,2024,978.687
sen,sex_t,eco_sector_ser,est_sizedetails_x,2015,84.958
sen,sex_t,eco_sector_ser,est_sizedetails_x,2016,93.719
sen,sex_t,eco_sector_ser,est_sizedetails_x,2019,521.589
sen,sex_t,eco_sector_ser,est_sizedetails_x,2022,654.932
sen,sex_t,eco_sector_ser,est_sizedetails_x,2023,787.124
sen,sex_t,eco_sector_ser,est_sizedetails_x,2024,372.822
sen,sex_t,eco_sector_total,est_sizeaggregate_s1_4,2015,397.461
sen,sex_t,eco_sector_total,est_sizeaggregate_s1_4,2016,357.539
sen,sex_t,eco_sector_total,est_sizeaggregate_s1_4,2019,439.248
sen,sex_t,eco_sector_total,est_sizeaggregate_s1_4,2022,453.519
sen,sex_t,eco_sector_total,est_sizeaggregate_s1_4,2023,413.56
sen,sex_t,eco_sector_total,est_sizeaggregate_s1_4,2024,591.211
sen,sex_t,eco_sector_total,est_sizeaggregate_s5_49,2015,433.63
sen,sex_t,eco_sector_total,est_sizeaggregate_s5_49,2016,412.154
sen,sex_t,eco_sector_total,est_sizeaggregate_s5_49,2019,300.423
sen,sex_t,eco_sector_total,est_sizeaggregate_s5_49,2022,237.638
sen,sex_t,eco_sector_total,est_sizeaggregate_s5_49,2023,227.665
sen,sex_t,eco_sector_total,est_sizeaggregate_s5_49,2024,439.654
sen,sex_t,eco_sector_total,est_sizeaggregate_sge50,2015,174.953
sen,sex_t,eco_sector_total,est_sizeaggregate_sge50,2016,101.8
sen,sex_t,eco_sector_total,est_sizeaggregate_sge50,2019,13.752
sen,sex_t,eco_sector_total,est_sizeaggregate_sge50,2022,24.084
sen,sex_t,eco_sector_total,est_sizeaggregate_sge50,2023,10.306
sen,sex_t,eco_sector_total,est_sizeaggregate_sge50,2024,27.124
sen,sex_t,eco_sector_total,est_sizeaggregate_total,2015,1141.15
sen,sex_t,eco_sector_total,est_sizeaggregate_total,2016,1030.892
sen,sex_t,eco_sector_total,est_sizeaggregate_total,2019,1585.599
sen,sex_t,eco_sector_total,est_sizeaggregate_total,2022,1654.188
sen,sex_t,eco_sector_total,est_sizeaggregate_total,2023,1793.642
sen,sex_t,eco_sector_total,est_sizeaggregate_total,2024,1607.115
sen,sex_t,eco_sector_total,est_sizeaggregate_x,2015,135.106
sen,sex_t,eco_sector_total,est_sizeaggregate_x,2016,159.399
sen,sex_t,eco_sector_total,est_sizeaggregate_x,2019,832.177
sen,sex_t,eco_sector_total,est_sizeaggregate_x,2022,938.947
sen,sex_t,eco_sector_total,est_sizeaggregate_x,2023,1142.111
sen,sex_t,eco_sector_total,est_sizeaggregate_x,2024,549.126
sen,sex_t,eco_sector_total,est_sizedetails_s1,2015,187.68
sen,sex_t,eco_sector_total,est_sizedetails_s1,2016,128.761
sen,sex_t,eco_sector_total,est_sizedetails_s1,2019,179.468
sen,sex_t,eco_sector_total,est_sizedetails_s1,2022,157.828
sen,sex_t,eco_sector_total,est_sizedetails_s1,2023,143.57
sen,sex_t,eco_sector_total,est_sizedetails_s1,2024,212.356
sen,sex_t,eco_sector_total,est_sizedetails_s10_19,2015,162.075
sen,sex_t,eco_sector_total,est_sizedetails_s10_19,2016,135.648
sen,sex_t,eco_sector_total,est_sizedetails_s10_19,2019,75.707
sen,sex_t,eco_sector_total,est_sizedetails_s10_19,2022,53.939
sen,sex_t,eco_sector_total,est_sizedetails_s10_19,2023,34.596
sen,sex_t,eco_sector_total,est_sizedetails_s10_19,2024,112.644
sen,sex_t,eco_sector_total,est_sizedetails_s20_49,2015,103.749
sen,sex_t,eco_sector_total,est_sizedetails_s20_49,2016,80.192
sen,sex_t,eco_sector_total,est_sizedetails_s20_49,2019,24.668
sen,sex_t,eco_sector_total,est_sizedetails_s20_49,2022,21.796
sen,sex_t,eco_sector_total,est_sizedetails_s20_49,2023,15.388
sen,sex_t,eco_sector_total,est_sizedetails_s20_49,2024,47.562
sen,sex_t,eco_sector_total,est_sizedetails_s2_4,2015,209.78
sen,sex_t,eco_sector_total,est_sizedetails_s2_4,2016,228.778
sen,sex_t,eco_sector_total,est_sizedetails_s2_4,2019,259.78
sen,sex_t,eco_sector_total,est_sizedetails_s2_4,2022,295.691
sen,sex_t,eco_sector_total,est_sizedetails_s2_4,2023,269.99
sen,sex_t,eco_sector_total,est_sizedetails_s2_4,2024,378.856
sen,sex_t,eco_sector_total,est_sizedetails_s5_9,2015,167.806
sen,sex_t,eco_sector_total,est_sizedetails_s5_9,2016,196.314
sen,sex_t,eco_sector_total,est_sizedetails_s5_9,2019,200.048
sen,sex_t,eco_sector_total,est_sizedetails_s5_9,2022,161.902
sen,sex_t,eco_sector_total,est_sizedetails_s5_9,2023,177.681
sen,sex_t,eco_sector_total,est_sizedetails_s5_9,2024,279.448
sen,sex_t,eco_sector_total,est_sizedetails_sge50,2015,174.953
sen,sex_t,eco_sector_total,est_sizedetails_sge50,2016,101.8
sen,sex_t,eco_sector_total,est_sizedetails_sge50,2019,13.752
sen,sex_t,eco_sector_total,est_sizedetails_sge50,2022,24.084
sen,sex_t,eco_sector_total,est_sizedetails_sge50,2023,10.306
sen,sex_t,eco_sector_total,est_sizedetails_sge50,2024,27.124
sen,sex_t,eco_sector_total,est_sizedetails_total,2015,1141.15
sen,sex_t,eco_sector_total,est_sizedetails_total,2016,1030.892
sen,sex_t,eco_sector_total,est_sizedetails_total,2019,1585.599
sen,sex_t,eco_sector_total,est_sizedetails_total,2022,1654.188
sen,sex_t,eco_sector_total,est_sizedetails_total,2023,1793.642
sen,sex_t,eco_sector_total,est_sizedetails_total,2024,1607.115
sen,sex_t,eco_sector_total,est_sizedetails_x,2015,135.106
sen,sex_t,eco_sector_total,est_sizedetails_x,2016,159.399
sen,sex_t,eco_sector_total,est_sizedetails_x,2019,832.177
sen,sex_t,eco_sector_total,est_sizedetails_x,2022,938.947
sen,sex_t,eco_sector_total,est_sizedetails_x,2023,1142.111
sen,sex_t,eco_sector_total,est_sizedetails_x,2024,549.126
sen,sex_t,eco_sector_x,est_sizeaggregate_total,2015,1.842
sen,sex_t,eco_sector_x,est_sizeaggregate_total,2019,0.397
sen,sex_t,eco_sector_x,est_sizeaggregate_total,2023,0.941
sen,sex_t,eco_sector_x,est_sizeaggregate_total,2024,2.221
sen,sex_t,eco_sector_x,est_sizeaggregate_x,2015,1.842
sen,sex_t,eco_sector_x,est_sizeaggregate_x,2019,0.397
sen,sex_t,eco_sector_x,est_sizeaggregate_x,2023,0.941
sen,sex_t,eco_sector_x,est_sizeaggregate_x,2024,2.221
sen,sex_t,eco_sector_x,est_sizedetails_total,2015,1.842
sen,sex_t,eco_sector_x,est_sizedetails_total,2019,0.397
sen,sex_t,eco_sector_x,est_sizedetails_total,2023,0.941
sen,sex_t,eco_sector_x,est_sizedetails_total,2024,2.221
sen,sex_t,eco_sector_x,est_sizedetails_x,2015,1.842
sen,sex_t,eco_sector_x,est_sizedetails_x,2019,0.397
sen,sex_t,eco_sector_x,est_sizedetails_x,2023,0.941
sen,sex_t,eco_sector_x,est_sizedetails_x,2024,2.221
