ref_area,sex,classif1,classif2,time,emp_nifl_sex_age_edu_nb
mrt,sex_f,age_10yrbands_total,edu_aggregate_adv,2012,2.601
mrt,sex_f,age_10yrbands_total,edu_aggregate_adv,2017,4.904
mrt,sex_f,age_10yrbands_total,edu_aggregate_adv,2019,2.216
mrt,sex_f,age_10yrbands_total,edu_aggregate_bas,2012,27.924
mrt,sex_f,age_10yrbands_total,edu_aggregate_bas,2017,106.336
mrt,sex_f,age_10yrbands_total,edu_aggregate_bas,2019,34.889
mrt,sex_f,age_10yrbands_total,edu_aggregate_int,2012,2.53
mrt,sex_f,age_10yrbands_total,edu_aggregate_int,2017,4.54
mrt,sex_f,age_10yrbands_total,edu_aggregate_int,2019,1.589
mrt,sex_f,age_10yrbands_total,edu_aggregate_ltb,2012,136.072
mrt,sex_f,age_10yrbands_total,edu_aggregate_ltb,2017,84.213
mrt,sex_f,age_10yrbands_total,edu_aggregate_ltb,2019,253.931
mrt,sex_f,age_10yrbands_total,edu_aggregate_total,2012,220.272
mrt,sex_f,age_10yrbands_total,edu_aggregate_total,2017,276.473
mrt,sex_f,age_10yrbands_total,edu_aggregate_total,2019,293.572
mrt,sex_f,age_10yrbands_total,edu_aggregate_x,2012,51.145
mrt,sex_f,age_10yrbands_total,edu_aggregate_x,2017,76.48
mrt,sex_f,age_10yrbands_total,edu_aggregate_x,2019,0.947
mrt,sex_f,age_10yrbands_total,edu_isced11_0,2012,40.992
mrt,sex_f,age_10yrbands_total,edu_isced11_0,2019,156.139
mrt,sex_f,age_10yrbands_total,edu_isced11_1,2012,13.442
mrt,sex_f,age_10yrbands_total,edu_isced11_1,2019,21.878
mrt,sex_f,age_10yrbands_total,edu_isced11_2,2012,14.482
mrt,sex_f,age_10yrbands_total,edu_isced11_2,2017,105.74
mrt,sex_f,age_10yrbands_total,edu_isced11_2,2019,13.01
mrt,sex_f,age_10yrbands_total,edu_isced11_3,2012,2.53
mrt,sex_f,age_10yrbands_total,edu_isced11_3,2017,3.882
mrt,sex_f,age_10yrbands_total,edu_isced11_3,2019,1.589
mrt,sex_f,age_10yrbands_total,edu_isced11_4,2017,0.657
mrt,sex_f,age_10yrbands_total,edu_isced11_5,2017,0.96
mrt,sex_f,age_10yrbands_total,edu_isced11_6,2012,2.601
mrt,sex_f,age_10yrbands_total,edu_isced11_6,2017,3.187
mrt,sex_f,age_10yrbands_total,edu_isced11_6,2019,0.677
mrt,sex_f,age_10yrbands_total,edu_isced11_7,2017,0.563
mrt,sex_f,age_10yrbands_total,edu_isced11_7,2019,1.059
mrt,sex_f,age_10yrbands_total,edu_isced11_9,2012,51.145
mrt,sex_f,age_10yrbands_total,edu_isced11_9,2017,76.48
mrt,sex_f,age_10yrbands_total,edu_isced11_9,2019,0.947
mrt,sex_f,age_10yrbands_total,edu_isced11_total,2012,220.272
mrt,sex_f,age_10yrbands_total,edu_isced11_total,2017,276.473
mrt,sex_f,age_10yrbands_total,edu_isced11_total,2019,293.572
mrt,sex_f,age_10yrbands_total,edu_isced11_x,2012,95.08
mrt,sex_f,age_10yrbands_total,edu_isced11_x,2017,84.213
mrt,sex_f,age_10yrbands_total,edu_isced11_x,2019,97.792
mrt,sex_f,age_10yrbands_y15_24,edu_aggregate_bas,2012,6.488
mrt,sex_f,age_10yrbands_y15_24,edu_aggregate_bas,2017,24.483
mrt,sex_f,age_10yrbands_y15_24,edu_aggregate_bas,2019,7.053
mrt,sex_f,age_10yrbands_y15_24,edu_aggregate_ltb,2012,28.107
mrt,sex_f,age_10yrbands_y15_24,edu_aggregate_ltb,2017,9.155
mrt,sex_f,age_10yrbands_y15_24,edu_aggregate_ltb,2019,39.516
mrt,sex_f,age_10yrbands_y15_24,edu_aggregate_total,2012,42.377
mrt,sex_f,age_10yrbands_y15_24,edu_aggregate_total,2017,39.838
mrt,sex_f,age_10yrbands_y15_24,edu_aggregate_total,2019,46.902
mrt,sex_f,age_10yrbands_y15_24,edu_aggregate_x,2012,7.244
mrt,sex_f,age_10yrbands_y15_24,edu_aggregate_x,2017,5.821
mrt,sex_f,age_10yrbands_y15_24,edu_isced11_0,2012,16.015
mrt,sex_f,age_10yrbands_y15_24,edu_isced11_0,2019,28.719
mrt,sex_f,age_10yrbands_y15_24,edu_isced11_1,2012,4.845
mrt,sex_f,age_10yrbands_y15_24,edu_isced11_1,2019,4.816
mrt,sex_f,age_10yrbands_y15_24,edu_isced11_2,2012,1.643
mrt,sex_f,age_10yrbands_y15_24,edu_isced11_2,2017,24.206
mrt,sex_f,age_10yrbands_y15_24,edu_isced11_2,2019,2.237
mrt,sex_f,age_10yrbands_y15_24,edu_isced11_9,2012,7.244
mrt,sex_f,age_10yrbands_y15_24,edu_isced11_9,2017,5.821
mrt,sex_f,age_10yrbands_y15_24,edu_isced11_total,2012,42.377
mrt,sex_f,age_10yrbands_y15_24,edu_isced11_total,2017,39.838
mrt,sex_f,age_10yrbands_y15_24,edu_isced11_total,2019,46.902
mrt,sex_f,age_10yrbands_y15_24,edu_isced11_x,2012,12.092
mrt,sex_f,age_10yrbands_y15_24,edu_isced11_x,2017,9.155
mrt,sex_f,age_10yrbands_y15_24,edu_isced11_x,2019,10.797
mrt,sex_f,age_10yrbands_y25_34,edu_aggregate_adv,2012,0.926
mrt,sex_f,age_10yrbands_y25_34,edu_aggregate_adv,2017,2.352
mrt,sex_f,age_10yrbands_y25_34,edu_aggregate_adv,2019,0.735
mrt,sex_f,age_10yrbands_y25_34,edu_aggregate_bas,2012,10.121
mrt,sex_f,age_10yrbands_y25_34,edu_aggregate_bas,2017,39.813
mrt,sex_f,age_10yrbands_y25_34,edu_aggregate_bas,2019,12.075
mrt,sex_f,age_10yrbands_y25_34,edu_aggregate_int,2012,1.328
mrt,sex_f,age_10yrbands_y25_34,edu_aggregate_int,2017,1.673
mrt,sex_f,age_10yrbands_y25_34,edu_aggregate_int,2019,0.502
mrt,sex_f,age_10yrbands_y25_34,edu_aggregate_ltb,2012,36.635
mrt,sex_f,age_10yrbands_y25_34,edu_aggregate_ltb,2017,14.387
mrt,sex_f,age_10yrbands_y25_34,edu_aggregate_ltb,2019,61.319
mrt,sex_f,age_10yrbands_y25_34,edu_aggregate_total,2012,61.356
mrt,sex_f,age_10yrbands_y25_34,edu_aggregate_total,2017,72.46
mrt,sex_f,age_10yrbands_y25_34,edu_aggregate_total,2019,75.045
mrt,sex_f,age_10yrbands_y25_34,edu_aggregate_x,2012,12.346
mrt,sex_f,age_10yrbands_y25_34,edu_aggregate_x,2017,14.235
mrt,sex_f,age_10yrbands_y25_34,edu_isced11_0,2012,15.06
mrt,sex_f,age_10yrbands_y25_34,edu_isced11_0,2019,40.95
mrt,sex_f,age_10yrbands_y25_34,edu_isced11_1,2012,3.27
mrt,sex_f,age_10yrbands_y25_34,edu_isced11_1,2019,6.735
mrt,sex_f,age_10yrbands_y25_34,edu_isced11_2,2012,6.851
mrt,sex_f,age_10yrbands_y25_34,edu_isced11_2,2017,39.813
mrt,sex_f,age_10yrbands_y25_34,edu_isced11_2,2019,5.34
mrt,sex_f,age_10yrbands_y25_34,edu_isced11_3,2012,1.328
mrt,sex_f,age_10yrbands_y25_34,edu_isced11_3,2017,1.277
mrt,sex_f,age_10yrbands_y25_34,edu_isced11_3,2019,0.502
mrt,sex_f,age_10yrbands_y25_34,edu_isced11_4,2017,0.396
mrt,sex_f,age_10yrbands_y25_34,edu_isced11_5,2017,0.447
mrt,sex_f,age_10yrbands_y25_34,edu_isced11_6,2012,0.926
mrt,sex_f,age_10yrbands_y25_34,edu_isced11_6,2017,1.508
mrt,sex_f,age_10yrbands_y25_34,edu_isced11_6,2019,0.444
mrt,sex_f,age_10yrbands_y25_34,edu_isced11_9,2012,12.346
mrt,sex_f,age_10yrbands_y25_34,edu_isced11_9,2017,14.235
mrt,sex_f,age_10yrbands_y25_34,edu_isced11_total,2012,61.356
mrt,sex_f,age_10yrbands_y25_34,edu_isced11_total,2017,72.46
mrt,sex_f,age_10yrbands_y25_34,edu_isced11_total,2019,75.045
mrt,sex_f,age_10yrbands_y25_34,edu_isced11_x,2012,21.574
mrt,sex_f,age_10yrbands_y25_34,edu_isced11_x,2017,14.387
mrt,sex_f,age_10yrbands_y25_34,edu_isced11_x,2019,20.369
mrt,sex_f,age_10yrbands_y35_44,edu_aggregate_adv,2012,1.379
mrt,sex_f,age_10yrbands_y35_44,edu_aggregate_adv,2017,1.524
mrt,sex_f,age_10yrbands_y35_44,edu_aggregate_adv,2019,0.636
mrt,sex_f,age_10yrbands_y35_44,edu_aggregate_bas,2012,8.555
mrt,sex_f,age_10yrbands_y35_44,edu_aggregate_bas,2017,28.24
mrt,sex_f,age_10yrbands_y35_44,edu_aggregate_bas,2019,8.646
mrt,sex_f,age_10yrbands_y35_44,edu_aggregate_int,2012,0.473
mrt,sex_f,age_10yrbands_y35_44,edu_aggregate_int,2017,2.432
mrt,sex_f,age_10yrbands_y35_44,edu_aggregate_int,2019,0.753
mrt,sex_f,age_10yrbands_y35_44,edu_aggregate_ltb,2012,33.684
mrt,sex_f,age_10yrbands_y35_44,edu_aggregate_ltb,2017,21.623
mrt,sex_f,age_10yrbands_y35_44,edu_aggregate_ltb,2019,65.541
mrt,sex_f,age_10yrbands_y35_44,edu_aggregate_total,2012,56.857
mrt,sex_f,age_10yrbands_y35_44,edu_aggregate_total,2017,75.166
mrt,sex_f,age_10yrbands_y35_44,edu_aggregate_total,2019,75.7
mrt,sex_f,age_10yrbands_y35_44,edu_aggregate_x,2012,12.768
mrt,sex_f,age_10yrbands_y35_44,edu_aggregate_x,2017,21.347
mrt,sex_f,age_10yrbands_y35_44,edu_isced11_0,2012,7.347
mrt,sex_f,age_10yrbands_y35_44,edu_isced11_0,2019,39.826
mrt,sex_f,age_10yrbands_y35_44,edu_isced11_1,2012,3.572
mrt,sex_f,age_10yrbands_y35_44,edu_isced11_1,2019,4.93
mrt,sex_f,age_10yrbands_y35_44,edu_isced11_2,2012,4.983
mrt,sex_f,age_10yrbands_y35_44,edu_isced11_2,2017,28.24
mrt,sex_f,age_10yrbands_y35_44,edu_isced11_2,2019,3.717
mrt,sex_f,age_10yrbands_y35_44,edu_isced11_3,2012,0.473
mrt,sex_f,age_10yrbands_y35_44,edu_isced11_3,2017,2.17
mrt,sex_f,age_10yrbands_y35_44,edu_isced11_3,2019,0.753
mrt,sex_f,age_10yrbands_y35_44,edu_isced11_6,2012,1.379
mrt,sex_f,age_10yrbands_y35_44,edu_isced11_6,2017,0.965
mrt,sex_f,age_10yrbands_y35_44,edu_isced11_7,2019,0.608
mrt,sex_f,age_10yrbands_y35_44,edu_isced11_9,2012,12.768
mrt,sex_f,age_10yrbands_y35_44,edu_isced11_9,2017,21.347
mrt,sex_f,age_10yrbands_y35_44,edu_isced11_total,2012,56.857
mrt,sex_f,age_10yrbands_y35_44,edu_isced11_total,2017,75.166
mrt,sex_f,age_10yrbands_y35_44,edu_isced11_total,2019,75.7
mrt,sex_f,age_10yrbands_y35_44,edu_isced11_x,2012,26.337
mrt,sex_f,age_10yrbands_y35_44,edu_isced11_x,2017,21.623
mrt,sex_f,age_10yrbands_y35_44,edu_isced11_x,2019,25.715
mrt,sex_f,age_10yrbands_y45_54,edu_aggregate_adv,2017,0.388
mrt,sex_f,age_10yrbands_y45_54,edu_aggregate_bas,2012,2.284
mrt,sex_f,age_10yrbands_y45_54,edu_aggregate_bas,2017,11.156
mrt,sex_f,age_10yrbands_y45_54,edu_aggregate_bas,2019,6.114
mrt,sex_f,age_10yrbands_y45_54,edu_aggregate_int,2019,0.293
mrt,sex_f,age_10yrbands_y45_54,edu_aggregate_ltb,2012,23.299
mrt,sex_f,age_10yrbands_y45_54,edu_aggregate_ltb,2017,22.954
mrt,sex_f,age_10yrbands_y45_54,edu_aggregate_ltb,2019,51.275
mrt,sex_f,age_10yrbands_y45_54,edu_aggregate_total,2012,37.366
mrt,sex_f,age_10yrbands_y45_54,edu_aggregate_total,2017,54.689
mrt,sex_f,age_10yrbands_y45_54,edu_aggregate_total,2019,58.243
mrt,sex_f,age_10yrbands_y45_54,edu_aggregate_x,2012,11.296
mrt,sex_f,age_10yrbands_y45_54,edu_aggregate_x,2017,19.762
mrt,sex_f,age_10yrbands_y45_54,edu_isced11_0,2012,1.945
mrt,sex_f,age_10yrbands_y45_54,edu_isced11_0,2019,29.135
mrt,sex_f,age_10yrbands_y45_54,edu_isced11_1,2012,1.606
mrt,sex_f,age_10yrbands_y45_54,edu_isced11_1,2019,4.721
mrt,sex_f,age_10yrbands_y45_54,edu_isced11_2,2012,0.678
mrt,sex_f,age_10yrbands_y45_54,edu_isced11_2,2017,11.156
mrt,sex_f,age_10yrbands_y45_54,edu_isced11_2,2019,1.393
mrt,sex_f,age_10yrbands_y45_54,edu_isced11_3,2019,0.293
mrt,sex_f,age_10yrbands_y45_54,edu_isced11_4,2017,0
mrt,sex_f,age_10yrbands_y45_54,edu_isced11_9,2012,11.296
mrt,sex_f,age_10yrbands_y45_54,edu_isced11_9,2017,19.762
mrt,sex_f,age_10yrbands_y45_54,edu_isced11_total,2012,37.366
mrt,sex_f,age_10yrbands_y45_54,edu_isced11_total,2017,54.689
mrt,sex_f,age_10yrbands_y45_54,edu_isced11_total,2019,58.243
mrt,sex_f,age_10yrbands_y45_54,edu_isced11_x,2012,21.355
mrt,sex_f,age_10yrbands_y45_54,edu_isced11_x,2017,22.954
mrt,sex_f,age_10yrbands_y45_54,edu_isced11_x,2019,22.14
mrt,sex_f,age_10yrbands_y55_64,edu_aggregate_adv,2017,0
mrt,sex_f,age_10yrbands_y55_64,edu_aggregate_bas,2012,0.404
mrt,sex_f,age_10yrbands_y55_64,edu_aggregate_bas,2017,1.985
mrt,sex_f,age_10yrbands_y55_64,edu_aggregate_bas,2019,0.983
mrt,sex_f,age_10yrbands_y55_64,edu_aggregate_int,2017,0
mrt,sex_f,age_10yrbands_y55_64,edu_aggregate_ltb,2012,9.752
mrt,sex_f,age_10yrbands_y55_64,edu_aggregate_ltb,2017,11.673
mrt,sex_f,age_10yrbands_y55_64,edu_aggregate_ltb,2019,26.388
mrt,sex_f,age_10yrbands_y55_64,edu_aggregate_total,2012,15.492
mrt,sex_f,age_10yrbands_y55_64,edu_aggregate_total,2017,25.602
mrt,sex_f,age_10yrbands_y55_64,edu_aggregate_total,2019,27.773
mrt,sex_f,age_10yrbands_y55_64,edu_aggregate_x,2012,5.337
mrt,sex_f,age_10yrbands_y55_64,edu_aggregate_x,2017,11.944
mrt,sex_f,age_10yrbands_y55_64,edu_isced11_0,2012,0.362
mrt,sex_f,age_10yrbands_y55_64,edu_isced11_0,2019,13.458
mrt,sex_f,age_10yrbands_y55_64,edu_isced11_1,2012,0.075
mrt,sex_f,age_10yrbands_y55_64,edu_isced11_1,2019,0.66
mrt,sex_f,age_10yrbands_y55_64,edu_isced11_2,2017,1.985
mrt,sex_f,age_10yrbands_y55_64,edu_isced11_2,2019,0.324
mrt,sex_f,age_10yrbands_y55_64,edu_isced11_6,2017,0
mrt,sex_f,age_10yrbands_y55_64,edu_isced11_9,2012,5.337
mrt,sex_f,age_10yrbands_y55_64,edu_isced11_9,2017,11.944
mrt,sex_f,age_10yrbands_y55_64,edu_isced11_total,2012,15.492
mrt,sex_f,age_10yrbands_y55_64,edu_isced11_total,2017,25.602
mrt,sex_f,age_10yrbands_y55_64,edu_isced11_total,2019,27.773
mrt,sex_f,age_10yrbands_y55_64,edu_isced11_x,2012,9.39
mrt,sex_f,age_10yrbands_y55_64,edu_isced11_x,2017,11.673
mrt,sex_f,age_10yrbands_y55_64,edu_isced11_x,2019,12.93
mrt,sex_f,age_10yrbands_yge65,edu_aggregate_bas,2017,0.659
mrt,sex_f,age_10yrbands_yge65,edu_aggregate_ltb,2012,4.596
mrt,sex_f,age_10yrbands_yge65,edu_aggregate_ltb,2017,4.42
mrt,sex_f,age_10yrbands_yge65,edu_aggregate_ltb,2019,9.892
mrt,sex_f,age_10yrbands_yge65,edu_aggregate_total,2012,6.824
mrt,sex_f,age_10yrbands_yge65,edu_aggregate_total,2017,8.718
mrt,sex_f,age_10yrbands_yge65,edu_aggregate_total,2019,9.909
mrt,sex_f,age_10yrbands_yge65,edu_aggregate_x,2012,2.155
mrt,sex_f,age_10yrbands_yge65,edu_aggregate_x,2017,3.372
mrt,sex_f,age_10yrbands_yge65,edu_isced11_0,2019,4.05
mrt,sex_f,age_10yrbands_yge65,edu_isced11_2,2017,0.34
mrt,sex_f,age_10yrbands_yge65,edu_isced11_9,2012,2.155
mrt,sex_f,age_10yrbands_yge65,edu_isced11_9,2017,3.372
mrt,sex_f,age_10yrbands_yge65,edu_isced11_total,2012,6.824
mrt,sex_f,age_10yrbands_yge65,edu_isced11_total,2017,8.718
mrt,sex_f,age_10yrbands_yge65,edu_isced11_total,2019,9.909
mrt,sex_f,age_10yrbands_yge65,edu_isced11_x,2012,4.332
mrt,sex_f,age_10yrbands_yge65,edu_isced11_x,2017,4.42
mrt,sex_f,age_10yrbands_yge65,edu_isced11_x,2019,5.842
mrt,sex_f,age_aggregate_total,edu_aggregate_adv,2012,2.601
mrt,sex_f,age_aggregate_total,edu_aggregate_adv,2017,4.904
mrt,sex_f,age_aggregate_total,edu_aggregate_adv,2019,2.216
mrt,sex_f,age_aggregate_total,edu_aggregate_bas,2012,27.924
mrt,sex_f,age_aggregate_total,edu_aggregate_bas,2017,106.336
mrt,sex_f,age_aggregate_total,edu_aggregate_bas,2019,34.889
mrt,sex_f,age_aggregate_total,edu_aggregate_int,2012,2.53
mrt,sex_f,age_aggregate_total,edu_aggregate_int,2017,4.54
mrt,sex_f,age_aggregate_total,edu_aggregate_int,2019,1.589
mrt,sex_f,age_aggregate_total,edu_aggregate_ltb,2012,136.072
mrt,sex_f,age_aggregate_total,edu_aggregate_ltb,2017,84.213
mrt,sex_f,age_aggregate_total,edu_aggregate_ltb,2019,253.931
mrt,sex_f,age_aggregate_total,edu_aggregate_total,2012,220.272
mrt,sex_f,age_aggregate_total,edu_aggregate_total,2017,276.473
mrt,sex_f,age_aggregate_total,edu_aggregate_total,2019,293.572
mrt,sex_f,age_aggregate_total,edu_aggregate_x,2012,51.145
mrt,sex_f,age_aggregate_total,edu_aggregate_x,2017,76.48
mrt,sex_f,age_aggregate_total,edu_aggregate_x,2019,0.947
mrt,sex_f,age_aggregate_total,edu_isced11_0,2012,40.992
mrt,sex_f,age_aggregate_total,edu_isced11_0,2019,156.139
mrt,sex_f,age_aggregate_total,edu_isced11_1,2012,13.442
mrt,sex_f,age_aggregate_total,edu_isced11_1,2019,21.878
mrt,sex_f,age_aggregate_total,edu_isced11_2,2012,14.482
mrt,sex_f,age_aggregate_total,edu_isced11_2,2017,105.74
mrt,sex_f,age_aggregate_total,edu_isced11_2,2019,13.01
mrt,sex_f,age_aggregate_total,edu_isced11_3,2012,2.53
mrt,sex_f,age_aggregate_total,edu_isced11_3,2017,3.882
mrt,sex_f,age_aggregate_total,edu_isced11_3,2019,1.589
mrt,sex_f,age_aggregate_total,edu_isced11_4,2017,0.657
mrt,sex_f,age_aggregate_total,edu_isced11_5,2017,0.96
mrt,sex_f,age_aggregate_total,edu_isced11_6,2012,2.601
mrt,sex_f,age_aggregate_total,edu_isced11_6,2017,3.187
mrt,sex_f,age_aggregate_total,edu_isced11_6,2019,0.677
mrt,sex_f,age_aggregate_total,edu_isced11_7,2017,0.563
mrt,sex_f,age_aggregate_total,edu_isced11_7,2019,1.059
mrt,sex_f,age_aggregate_total,edu_isced11_9,2012,51.145
mrt,sex_f,age_aggregate_total,edu_isced11_9,2017,76.48
mrt,sex_f,age_aggregate_total,edu_isced11_9,2019,0.947
mrt,sex_f,age_aggregate_total,edu_isced11_total,2012,220.272
mrt,sex_f,age_aggregate_total,edu_isced11_total,2017,276.473
mrt,sex_f,age_aggregate_total,edu_isced11_total,2019,293.572
mrt,sex_f,age_aggregate_total,edu_isced11_x,2012,95.08
mrt,sex_f,age_aggregate_total,edu_isced11_x,2017,84.213
mrt,sex_f,age_aggregate_total,edu_isced11_x,2019,97.792
mrt,sex_f,age_aggregate_y15_24,edu_aggregate_bas,2012,6.488
mrt,sex_f,age_aggregate_y15_24,edu_aggregate_bas,2017,24.483
mrt,sex_f,age_aggregate_y15_24,edu_aggregate_bas,2019,7.053
mrt,sex_f,age_aggregate_y15_24,edu_aggregate_ltb,2012,28.107
mrt,sex_f,age_aggregate_y15_24,edu_aggregate_ltb,2017,9.155
mrt,sex_f,age_aggregate_y15_24,edu_aggregate_ltb,2019,39.516
mrt,sex_f,age_aggregate_y15_24,edu_aggregate_total,2012,42.377
mrt,sex_f,age_aggregate_y15_24,edu_aggregate_total,2017,39.838
mrt,sex_f,age_aggregate_y15_24,edu_aggregate_total,2019,46.902
mrt,sex_f,age_aggregate_y15_24,edu_aggregate_x,2012,7.244
mrt,sex_f,age_aggregate_y15_24,edu_aggregate_x,2017,5.821
mrt,sex_f,age_aggregate_y15_24,edu_isced11_0,2012,16.015
mrt,sex_f,age_aggregate_y15_24,edu_isced11_0,2019,28.719
mrt,sex_f,age_aggregate_y15_24,edu_isced11_1,2012,4.845
mrt,sex_f,age_aggregate_y15_24,edu_isced11_1,2019,4.816
mrt,sex_f,age_aggregate_y15_24,edu_isced11_2,2012,1.643
mrt,sex_f,age_aggregate_y15_24,edu_isced11_2,2017,24.206
mrt,sex_f,age_aggregate_y15_24,edu_isced11_2,2019,2.237
mrt,sex_f,age_aggregate_y15_24,edu_isced11_9,2012,7.244
mrt,sex_f,age_aggregate_y15_24,edu_isced11_9,2017,5.821
mrt,sex_f,age_aggregate_y15_24,edu_isced11_total,2012,42.377
mrt,sex_f,age_aggregate_y15_24,edu_isced11_total,2017,39.838
mrt,sex_f,age_aggregate_y15_24,edu_isced11_total,2019,46.902
mrt,sex_f,age_aggregate_y15_24,edu_isced11_x,2012,12.092
mrt,sex_f,age_aggregate_y15_24,edu_isced11_x,2017,9.155
mrt,sex_f,age_aggregate_y15_24,edu_isced11_x,2019,10.797
mrt,sex_f,age_aggregate_y25_54,edu_aggregate_adv,2012,2.601
mrt,sex_f,age_aggregate_y25_54,edu_aggregate_adv,2017,4.264
mrt,sex_f,age_aggregate_y25_54,edu_aggregate_adv,2019,1.746
mrt,sex_f,age_aggregate_y25_54,edu_aggregate_bas,2012,20.96
mrt,sex_f,age_aggregate_y25_54,edu_aggregate_bas,2017,79.209
mrt,sex_f,age_aggregate_y25_54,edu_aggregate_bas,2019,26.835
mrt,sex_f,age_aggregate_y25_54,edu_aggregate_int,2012,1.992
mrt,sex_f,age_aggregate_y25_54,edu_aggregate_int,2017,4.533
mrt,sex_f,age_aggregate_y25_54,edu_aggregate_int,2019,1.547
mrt,sex_f,age_aggregate_y25_54,edu_aggregate_ltb,2012,93.618
mrt,sex_f,age_aggregate_y25_54,edu_aggregate_ltb,2017,58.965
mrt,sex_f,age_aggregate_y25_54,edu_aggregate_ltb,2019,178.135
mrt,sex_f,age_aggregate_y25_54,edu_aggregate_total,2012,155.579
mrt,sex_f,age_aggregate_y25_54,edu_aggregate_total,2017,202.315
mrt,sex_f,age_aggregate_y25_54,edu_aggregate_total,2019,208.988
mrt,sex_f,age_aggregate_y25_54,edu_aggregate_x,2012,36.409
mrt,sex_f,age_aggregate_y25_54,edu_aggregate_x,2017,55.343
mrt,sex_f,age_aggregate_y25_54,edu_aggregate_x,2019,0.724
mrt,sex_f,age_aggregate_y25_54,edu_isced11_0,2012,24.352
mrt,sex_f,age_aggregate_y25_54,edu_isced11_0,2019,109.911
mrt,sex_f,age_aggregate_y25_54,edu_isced11_1,2012,8.448
mrt,sex_f,age_aggregate_y25_54,edu_isced11_1,2019,16.386
mrt,sex_f,age_aggregate_y25_54,edu_isced11_2,2012,12.511
mrt,sex_f,age_aggregate_y25_54,edu_isced11_2,2017,79.209
mrt,sex_f,age_aggregate_y25_54,edu_isced11_2,2019,10.45
mrt,sex_f,age_aggregate_y25_54,edu_isced11_3,2012,1.992
mrt,sex_f,age_aggregate_y25_54,edu_isced11_3,2017,3.876
mrt,sex_f,age_aggregate_y25_54,edu_isced11_3,2019,1.547
mrt,sex_f,age_aggregate_y25_54,edu_isced11_4,2017,0.657
mrt,sex_f,age_aggregate_y25_54,edu_isced11_5,2017,0.96
mrt,sex_f,age_aggregate_y25_54,edu_isced11_6,2012,2.601
mrt,sex_f,age_aggregate_y25_54,edu_isced11_6,2017,2.843
mrt,sex_f,age_aggregate_y25_54,edu_isced11_6,2019,0.472
mrt,sex_f,age_aggregate_y25_54,edu_isced11_7,2017,0.268
mrt,sex_f,age_aggregate_y25_54,edu_isced11_7,2019,1.059
mrt,sex_f,age_aggregate_y25_54,edu_isced11_9,2012,36.409
mrt,sex_f,age_aggregate_y25_54,edu_isced11_9,2017,55.343
mrt,sex_f,age_aggregate_y25_54,edu_isced11_9,2019,0.724
mrt,sex_f,age_aggregate_y25_54,edu_isced11_total,2012,155.579
mrt,sex_f,age_aggregate_y25_54,edu_isced11_total,2017,202.315
mrt,sex_f,age_aggregate_y25_54,edu_isced11_total,2019,208.988
mrt,sex_f,age_aggregate_y25_54,edu_isced11_x,2012,69.266
mrt,sex_f,age_aggregate_y25_54,edu_isced11_x,2017,58.965
mrt,sex_f,age_aggregate_y25_54,edu_isced11_x,2019,68.223
mrt,sex_f,age_aggregate_y55_64,edu_aggregate_adv,2017,0
mrt,sex_f,age_aggregate_y55_64,edu_aggregate_bas,2012,0.404
mrt,sex_f,age_aggregate_y55_64,edu_aggregate_bas,2017,1.985
mrt,sex_f,age_aggregate_y55_64,edu_aggregate_bas,2019,0.983
mrt,sex_f,age_aggregate_y55_64,edu_aggregate_int,2017,0
mrt,sex_f,age_aggregate_y55_64,edu_aggregate_ltb,2012,9.752
mrt,sex_f,age_aggregate_y55_64,edu_aggregate_ltb,2017,11.673
mrt,sex_f,age_aggregate_y55_64,edu_aggregate_ltb,2019,26.388
mrt,sex_f,age_aggregate_y55_64,edu_aggregate_total,2012,15.492
mrt,sex_f,age_aggregate_y55_64,edu_aggregate_total,2017,25.602
mrt,sex_f,age_aggregate_y55_64,edu_aggregate_total,2019,27.773
mrt,sex_f,age_aggregate_y55_64,edu_aggregate_x,2012,5.337
mrt,sex_f,age_aggregate_y55_64,edu_aggregate_x,2017,11.944
mrt,sex_f,age_aggregate_y55_64,edu_isced11_0,2012,0.362
mrt,sex_f,age_aggregate_y55_64,edu_isced11_0,2019,13.458
mrt,sex_f,age_aggregate_y55_64,edu_isced11_1,2012,0.075
mrt,sex_f,age_aggregate_y55_64,edu_isced11_1,2019,0.66
mrt,sex_f,age_aggregate_y55_64,edu_isced11_2,2017,1.985
mrt,sex_f,age_aggregate_y55_64,edu_isced11_2,2019,0.324
mrt,sex_f,age_aggregate_y55_64,edu_isced11_6,2017,0
mrt,sex_f,age_aggregate_y55_64,edu_isced11_9,2012,5.337
mrt,sex_f,age_aggregate_y55_64,edu_isced11_9,2017,11.944
mrt,sex_f,age_aggregate_y55_64,edu_isced11_total,2012,15.492
mrt,sex_f,age_aggregate_y55_64,edu_isced11_total,2017,25.602
mrt,sex_f,age_aggregate_y55_64,edu_isced11_total,2019,27.773
mrt,sex_f,age_aggregate_y55_64,edu_isced11_x,2012,9.39
mrt,sex_f,age_aggregate_y55_64,edu_isced11_x,2017,11.673
mrt,sex_f,age_aggregate_y55_64,edu_isced11_x,2019,12.93
mrt,sex_f,age_aggregate_yge65,edu_aggregate_bas,2017,0.659
mrt,sex_f,age_aggregate_yge65,edu_aggregate_ltb,2012,4.596
mrt,sex_f,age_aggregate_yge65,edu_aggregate_ltb,2017,4.42
mrt,sex_f,age_aggregate_yge65,edu_aggregate_ltb,2019,9.892
mrt,sex_f,age_aggregate_yge65,edu_aggregate_total,2012,6.824
mrt,sex_f,age_aggregate_yge65,edu_aggregate_total,2017,8.718
mrt,sex_f,age_aggregate_yge65,edu_aggregate_total,2019,9.909
mrt,sex_f,age_aggregate_yge65,edu_aggregate_x,2012,2.155
mrt,sex_f,age_aggregate_yge65,edu_aggregate_x,2017,3.372
mrt,sex_f,age_aggregate_yge65,edu_isced11_0,2019,4.05
mrt,sex_f,age_aggregate_yge65,edu_isced11_2,2017,0.34
mrt,sex_f,age_aggregate_yge65,edu_isced11_9,2012,2.155
mrt,sex_f,age_aggregate_yge65,edu_isced11_9,2017,3.372
mrt,sex_f,age_aggregate_yge65,edu_isced11_total,2012,6.824
mrt,sex_f,age_aggregate_yge65,edu_isced11_total,2017,8.718
mrt,sex_f,age_aggregate_yge65,edu_isced11_total,2019,9.909
mrt,sex_f,age_aggregate_yge65,edu_isced11_x,2012,4.332
mrt,sex_f,age_aggregate_yge65,edu_isced11_x,2017,4.42
mrt,sex_f,age_aggregate_yge65,edu_isced11_x,2019,5.842
mrt,sex_f,age_ythadult_y15_24,edu_aggregate_bas,2012,6.488
mrt,sex_f,age_ythadult_y15_24,edu_aggregate_bas,2017,24.483
mrt,sex_f,age_ythadult_y15_24,edu_aggregate_bas,2019,7.053
mrt,sex_f,age_ythadult_y15_24,edu_aggregate_ltb,2012,28.107
mrt,sex_f,age_ythadult_y15_24,edu_aggregate_ltb,2017,9.155
mrt,sex_f,age_ythadult_y15_24,edu_aggregate_ltb,2019,39.516
mrt,sex_f,age_ythadult_y15_24,edu_aggregate_total,2012,42.377
mrt,sex_f,age_ythadult_y15_24,edu_aggregate_total,2017,39.838
mrt,sex_f,age_ythadult_y15_24,edu_aggregate_total,2019,46.902
mrt,sex_f,age_ythadult_y15_24,edu_aggregate_x,2012,7.244
mrt,sex_f,age_ythadult_y15_24,edu_aggregate_x,2017,5.821
mrt,sex_f,age_ythadult_y15_24,edu_isced11_0,2012,16.015
mrt,sex_f,age_ythadult_y15_24,edu_isced11_0,2019,28.719
mrt,sex_f,age_ythadult_y15_24,edu_isced11_1,2012,4.845
mrt,sex_f,age_ythadult_y15_24,edu_isced11_1,2019,4.816
mrt,sex_f,age_ythadult_y15_24,edu_isced11_2,2012,1.643
mrt,sex_f,age_ythadult_y15_24,edu_isced11_2,2017,24.206
mrt,sex_f,age_ythadult_y15_24,edu_isced11_2,2019,2.237
mrt,sex_f,age_ythadult_y15_24,edu_isced11_9,2012,7.244
mrt,sex_f,age_ythadult_y15_24,edu_isced11_9,2017,5.821
mrt,sex_f,age_ythadult_y15_24,edu_isced11_total,2012,42.377
mrt,sex_f,age_ythadult_y15_24,edu_isced11_total,2017,39.838
mrt,sex_f,age_ythadult_y15_24,edu_isced11_total,2019,46.902
mrt,sex_f,age_ythadult_y15_24,edu_isced11_x,2012,12.092
mrt,sex_f,age_ythadult_y15_24,edu_isced11_x,2017,9.155
mrt,sex_f,age_ythadult_y15_24,edu_isced11_x,2019,10.797
mrt,sex_f,age_ythadult_y15_64,edu_aggregate_adv,2012,2.601
mrt,sex_f,age_ythadult_y15_64,edu_aggregate_adv,2017,4.636
mrt,sex_f,age_ythadult_y15_64,edu_aggregate_adv,2019,2.216
mrt,sex_f,age_ythadult_y15_64,edu_aggregate_bas,2012,27.851
mrt,sex_f,age_ythadult_y15_64,edu_aggregate_bas,2017,105.677
mrt,sex_f,age_ythadult_y15_64,edu_aggregate_bas,2019,34.872
mrt,sex_f,age_ythadult_y15_64,edu_aggregate_int,2012,2.53
mrt,sex_f,age_ythadult_y15_64,edu_aggregate_int,2017,4.54
mrt,sex_f,age_ythadult_y15_64,edu_aggregate_int,2019,1.589
mrt,sex_f,age_ythadult_y15_64,edu_aggregate_ltb,2012,131.476
mrt,sex_f,age_ythadult_y15_64,edu_aggregate_ltb,2017,79.794
mrt,sex_f,age_ythadult_y15_64,edu_aggregate_ltb,2019,244.039
mrt,sex_f,age_ythadult_y15_64,edu_aggregate_total,2012,213.448
mrt,sex_f,age_ythadult_y15_64,edu_aggregate_total,2017,267.755
mrt,sex_f,age_ythadult_y15_64,edu_aggregate_total,2019,283.663
mrt,sex_f,age_ythadult_y15_64,edu_aggregate_x,2012,48.99
mrt,sex_f,age_ythadult_y15_64,edu_aggregate_x,2017,73.108
mrt,sex_f,age_ythadult_y15_64,edu_aggregate_x,2019,0.947
mrt,sex_f,age_ythadult_y15_64,edu_isced11_0,2012,40.729
mrt,sex_f,age_ythadult_y15_64,edu_isced11_0,2019,152.089
mrt,sex_f,age_ythadult_y15_64,edu_isced11_1,2012,13.369
mrt,sex_f,age_ythadult_y15_64,edu_isced11_1,2019,21.861
mrt,sex_f,age_ythadult_y15_64,edu_isced11_2,2012,14.482
mrt,sex_f,age_ythadult_y15_64,edu_isced11_2,2017,105.4
mrt,sex_f,age_ythadult_y15_64,edu_isced11_2,2019,13.01
mrt,sex_f,age_ythadult_y15_64,edu_isced11_3,2012,2.53
mrt,sex_f,age_ythadult_y15_64,edu_isced11_3,2017,3.882
mrt,sex_f,age_ythadult_y15_64,edu_isced11_3,2019,1.589
mrt,sex_f,age_ythadult_y15_64,edu_isced11_4,2017,0.657
mrt,sex_f,age_ythadult_y15_64,edu_isced11_6,2012,2.601
mrt,sex_f,age_ythadult_y15_64,edu_isced11_6,2017,2.919
mrt,sex_f,age_ythadult_y15_64,edu_isced11_7,2019,1.059
mrt,sex_f,age_ythadult_y15_64,edu_isced11_9,2012,48.99
mrt,sex_f,age_ythadult_y15_64,edu_isced11_9,2017,73.108
mrt,sex_f,age_ythadult_y15_64,edu_isced11_9,2019,0.947
mrt,sex_f,age_ythadult_y15_64,edu_isced11_total,2012,213.448
mrt,sex_f,age_ythadult_y15_64,edu_isced11_total,2017,267.755
mrt,sex_f,age_ythadult_y15_64,edu_isced11_total,2019,283.663
mrt,sex_f,age_ythadult_y15_64,edu_isced11_x,2012,90.748
mrt,sex_f,age_ythadult_y15_64,edu_isced11_x,2017,79.794
mrt,sex_f,age_ythadult_y15_64,edu_isced11_x,2019,91.95
mrt,sex_f,age_ythadult_yge15,edu_aggregate_adv,2012,2.601
mrt,sex_f,age_ythadult_yge15,edu_aggregate_adv,2017,4.904
mrt,sex_f,age_ythadult_yge15,edu_aggregate_adv,2019,2.216
mrt,sex_f,age_ythadult_yge15,edu_aggregate_bas,2012,27.924
mrt,sex_f,age_ythadult_yge15,edu_aggregate_bas,2017,106.336
mrt,sex_f,age_ythadult_yge15,edu_aggregate_bas,2019,34.889
mrt,sex_f,age_ythadult_yge15,edu_aggregate_int,2012,2.53
mrt,sex_f,age_ythadult_yge15,edu_aggregate_int,2017,4.54
mrt,sex_f,age_ythadult_yge15,edu_aggregate_int,2019,1.589
mrt,sex_f,age_ythadult_yge15,edu_aggregate_ltb,2012,136.072
mrt,sex_f,age_ythadult_yge15,edu_aggregate_ltb,2017,84.213
mrt,sex_f,age_ythadult_yge15,edu_aggregate_ltb,2019,253.931
mrt,sex_f,age_ythadult_yge15,edu_aggregate_total,2012,220.272
mrt,sex_f,age_ythadult_yge15,edu_aggregate_total,2017,276.473
mrt,sex_f,age_ythadult_yge15,edu_aggregate_total,2019,293.572
mrt,sex_f,age_ythadult_yge15,edu_aggregate_x,2012,51.145
mrt,sex_f,age_ythadult_yge15,edu_aggregate_x,2017,76.48
mrt,sex_f,age_ythadult_yge15,edu_aggregate_x,2019,0.947
mrt,sex_f,age_ythadult_yge15,edu_isced11_0,2012,40.992
mrt,sex_f,age_ythadult_yge15,edu_isced11_0,2019,156.139
mrt,sex_f,age_ythadult_yge15,edu_isced11_1,2012,13.442
mrt,sex_f,age_ythadult_yge15,edu_isced11_1,2019,21.878
mrt,sex_f,age_ythadult_yge15,edu_isced11_2,2012,14.482
mrt,sex_f,age_ythadult_yge15,edu_isced11_2,2017,105.74
mrt,sex_f,age_ythadult_yge15,edu_isced11_2,2019,13.01
mrt,sex_f,age_ythadult_yge15,edu_isced11_3,2012,2.53
mrt,sex_f,age_ythadult_yge15,edu_isced11_3,2017,3.882
mrt,sex_f,age_ythadult_yge15,edu_isced11_3,2019,1.589
mrt,sex_f,age_ythadult_yge15,edu_isced11_4,2017,0.657
mrt,sex_f,age_ythadult_yge15,edu_isced11_5,2017,0.96
mrt,sex_f,age_ythadult_yge15,edu_isced11_6,2012,2.601
mrt,sex_f,age_ythadult_yge15,edu_isced11_6,2017,3.187
mrt,sex_f,age_ythadult_yge15,edu_isced11_6,2019,0.677
mrt,sex_f,age_ythadult_yge15,edu_isced11_7,2017,0.563
mrt,sex_f,age_ythadult_yge15,edu_isced11_7,2019,1.059
mrt,sex_f,age_ythadult_yge15,edu_isced11_9,2012,51.145
mrt,sex_f,age_ythadult_yge15,edu_isced11_9,2017,76.48
mrt,sex_f,age_ythadult_yge15,edu_isced11_9,2019,0.947
mrt,sex_f,age_ythadult_yge15,edu_isced11_total,2012,220.272
mrt,sex_f,age_ythadult_yge15,edu_isced11_total,2017,276.473
mrt,sex_f,age_ythadult_yge15,edu_isced11_total,2019,293.572
mrt,sex_f,age_ythadult_yge15,edu_isced11_x,2012,95.08
mrt,sex_f,age_ythadult_yge15,edu_isced11_x,2017,84.213
mrt,sex_f,age_ythadult_yge15,edu_isced11_x,2019,97.792
mrt,sex_f,age_ythadult_yge25,edu_aggregate_adv,2012,2.601
mrt,sex_f,age_ythadult_yge25,edu_aggregate_adv,2017,4.532
mrt,sex_f,age_ythadult_yge25,edu_aggregate_adv,2019,2.011
mrt,sex_f,age_ythadult_yge25,edu_aggregate_bas,2012,21.436
mrt,sex_f,age_ythadult_yge25,edu_aggregate_bas,2017,81.853
mrt,sex_f,age_ythadult_yge25,edu_aggregate_bas,2019,27.836
mrt,sex_f,age_ythadult_yge25,edu_aggregate_int,2012,1.992
mrt,sex_f,age_ythadult_yge25,edu_aggregate_int,2017,4.533
mrt,sex_f,age_ythadult_yge25,edu_aggregate_int,2019,1.547
mrt,sex_f,age_ythadult_yge25,edu_aggregate_ltb,2012,107.965
mrt,sex_f,age_ythadult_yge25,edu_aggregate_ltb,2017,75.058
mrt,sex_f,age_ythadult_yge25,edu_aggregate_ltb,2019,214.415
mrt,sex_f,age_ythadult_yge25,edu_aggregate_total,2012,177.896
mrt,sex_f,age_ythadult_yge25,edu_aggregate_total,2017,236.635
mrt,sex_f,age_ythadult_yge25,edu_aggregate_total,2019,246.67
mrt,sex_f,age_ythadult_yge25,edu_aggregate_x,2012,43.901
mrt,sex_f,age_ythadult_yge25,edu_aggregate_x,2017,70.659
mrt,sex_f,age_ythadult_yge25,edu_aggregate_x,2019,0.862
mrt,sex_f,age_ythadult_yge25,edu_isced11_0,2012,24.977
mrt,sex_f,age_ythadult_yge25,edu_isced11_0,2019,127.42
mrt,sex_f,age_ythadult_yge25,edu_isced11_1,2012,8.597
mrt,sex_f,age_ythadult_yge25,edu_isced11_1,2019,17.062
mrt,sex_f,age_ythadult_yge25,edu_isced11_2,2012,12.84
mrt,sex_f,age_ythadult_yge25,edu_isced11_2,2017,81.534
mrt,sex_f,age_ythadult_yge25,edu_isced11_2,2019,10.773
mrt,sex_f,age_ythadult_yge25,edu_isced11_3,2012,1.992
mrt,sex_f,age_ythadult_yge25,edu_isced11_3,2017,3.876
mrt,sex_f,age_ythadult_yge25,edu_isced11_3,2019,1.547
mrt,sex_f,age_ythadult_yge25,edu_isced11_4,2017,0.657
mrt,sex_f,age_ythadult_yge25,edu_isced11_5,2017,0.96
mrt,sex_f,age_ythadult_yge25,edu_isced11_6,2012,2.601
mrt,sex_f,age_ythadult_yge25,edu_isced11_6,2017,3.111
mrt,sex_f,age_ythadult_yge25,edu_isced11_6,2019,0.472
mrt,sex_f,age_ythadult_yge25,edu_isced11_7,2017,0.268
mrt,sex_f,age_ythadult_yge25,edu_isced11_7,2019,1.059
mrt,sex_f,age_ythadult_yge25,edu_isced11_9,2012,43.901
mrt,sex_f,age_ythadult_yge25,edu_isced11_9,2017,70.659
mrt,sex_f,age_ythadult_yge25,edu_isced11_9,2019,0.862
mrt,sex_f,age_ythadult_yge25,edu_isced11_total,2012,177.896
mrt,sex_f,age_ythadult_yge25,edu_isced11_total,2017,236.635
mrt,sex_f,age_ythadult_yge25,edu_isced11_total,2019,246.67
mrt,sex_f,age_ythadult_yge25,edu_isced11_x,2012,82.988
mrt,sex_f,age_ythadult_yge25,edu_isced11_x,2017,75.058
mrt,sex_f,age_ythadult_yge25,edu_isced11_x,2019,86.995
mrt,sex_m,age_10yrbands_total,edu_aggregate_adv,2012,12.292
mrt,sex_m,age_10yrbands_total,edu_aggregate_adv,2017,16.298
mrt,sex_m,age_10yrbands_total,edu_aggregate_adv,2019,11.108
mrt,sex_m,age_10yrbands_total,edu_aggregate_bas,2012,73.018
mrt,sex_m,age_10yrbands_total,edu_aggregate_bas,2017,166.396
mrt,sex_m,age_10yrbands_total,edu_aggregate_bas,2019,82.183
mrt,sex_m,age_10yrbands_total,edu_aggregate_int,2012,6.298
mrt,sex_m,age_10yrbands_total,edu_aggregate_int,2017,16.577
mrt,sex_m,age_10yrbands_total,edu_aggregate_int,2019,8.25
mrt,sex_m,age_10yrbands_total,edu_aggregate_ltb,2012,188.537
mrt,sex_m,age_10yrbands_total,edu_aggregate_ltb,2017,97.649
mrt,sex_m,age_10yrbands_total,edu_aggregate_ltb,2019,444.448
mrt,sex_m,age_10yrbands_total,edu_aggregate_total,2012,390.574
mrt,sex_m,age_10yrbands_total,edu_aggregate_total,2017,445.455
mrt,sex_m,age_10yrbands_total,edu_aggregate_total,2019,553.402
mrt,sex_m,age_10yrbands_total,edu_aggregate_x,2012,110.429
mrt,sex_m,age_10yrbands_total,edu_aggregate_x,2017,148.536
mrt,sex_m,age_10yrbands_total,edu_aggregate_x,2019,7.413
mrt,sex_m,age_10yrbands_total,edu_isced11_0,2012,77.893
mrt,sex_m,age_10yrbands_total,edu_isced11_0,2019,323.81
mrt,sex_m,age_10yrbands_total,edu_isced11_1,2012,34.303
mrt,sex_m,age_10yrbands_total,edu_isced11_1,2019,53.405
mrt,sex_m,age_10yrbands_total,edu_isced11_2,2012,38.715
mrt,sex_m,age_10yrbands_total,edu_isced11_2,2017,166.396
mrt,sex_m,age_10yrbands_total,edu_isced11_2,2019,28.778
mrt,sex_m,age_10yrbands_total,edu_isced11_3,2012,6.298
mrt,sex_m,age_10yrbands_total,edu_isced11_3,2017,13.265
mrt,sex_m,age_10yrbands_total,edu_isced11_3,2019,8.25
mrt,sex_m,age_10yrbands_total,edu_isced11_4,2017,3.312
mrt,sex_m,age_10yrbands_total,edu_isced11_5,2017,1.268
mrt,sex_m,age_10yrbands_total,edu_isced11_5,2019,0.551
mrt,sex_m,age_10yrbands_total,edu_isced11_6,2012,11.379
mrt,sex_m,age_10yrbands_total,edu_isced11_6,2017,11.577
mrt,sex_m,age_10yrbands_total,edu_isced11_6,2019,3.14
mrt,sex_m,age_10yrbands_total,edu_isced11_7,2012,0.913
mrt,sex_m,age_10yrbands_total,edu_isced11_7,2017,2.195
mrt,sex_m,age_10yrbands_total,edu_isced11_7,2019,6.987
mrt,sex_m,age_10yrbands_total,edu_isced11_8,2017,1.258
mrt,sex_m,age_10yrbands_total,edu_isced11_8,2019,0.43
mrt,sex_m,age_10yrbands_total,edu_isced11_9,2012,110.429
mrt,sex_m,age_10yrbands_total,edu_isced11_9,2017,148.536
mrt,sex_m,age_10yrbands_total,edu_isced11_9,2019,7.413
mrt,sex_m,age_10yrbands_total,edu_isced11_total,2012,390.574
mrt,sex_m,age_10yrbands_total,edu_isced11_total,2017,445.455
mrt,sex_m,age_10yrbands_total,edu_isced11_total,2019,553.402
mrt,sex_m,age_10yrbands_total,edu_isced11_x,2012,110.644
mrt,sex_m,age_10yrbands_total,edu_isced11_x,2017,97.649
mrt,sex_m,age_10yrbands_total,edu_isced11_x,2019,120.639
mrt,sex_m,age_10yrbands_y15_24,edu_aggregate_bas,2012,14.784
mrt,sex_m,age_10yrbands_y15_24,edu_aggregate_bas,2017,38.237
mrt,sex_m,age_10yrbands_y15_24,edu_aggregate_bas,2019,19.946
mrt,sex_m,age_10yrbands_y15_24,edu_aggregate_int,2012,0.578
mrt,sex_m,age_10yrbands_y15_24,edu_aggregate_int,2017,0.575
mrt,sex_m,age_10yrbands_y15_24,edu_aggregate_int,2019,1.128
mrt,sex_m,age_10yrbands_y15_24,edu_aggregate_ltb,2012,41.184
mrt,sex_m,age_10yrbands_y15_24,edu_aggregate_ltb,2017,15.447
mrt,sex_m,age_10yrbands_y15_24,edu_aggregate_ltb,2019,78.09
mrt,sex_m,age_10yrbands_y15_24,edu_aggregate_total,2012,69.561
mrt,sex_m,age_10yrbands_y15_24,edu_aggregate_total,2017,69.212
mrt,sex_m,age_10yrbands_y15_24,edu_aggregate_total,2019,100.044
mrt,sex_m,age_10yrbands_y15_24,edu_aggregate_x,2012,12.9
mrt,sex_m,age_10yrbands_y15_24,edu_aggregate_x,2017,14.177
mrt,sex_m,age_10yrbands_y15_24,edu_aggregate_x,2019,0.779
mrt,sex_m,age_10yrbands_y15_24,edu_isced11_0,2012,25.875
mrt,sex_m,age_10yrbands_y15_24,edu_isced11_0,2019,58.63
mrt,sex_m,age_10yrbands_y15_24,edu_isced11_1,2012,9.178
mrt,sex_m,age_10yrbands_y15_24,edu_isced11_1,2019,15.105
mrt,sex_m,age_10yrbands_y15_24,edu_isced11_2,2012,5.606
mrt,sex_m,age_10yrbands_y15_24,edu_isced11_2,2017,38.237
mrt,sex_m,age_10yrbands_y15_24,edu_isced11_2,2019,4.841
mrt,sex_m,age_10yrbands_y15_24,edu_isced11_3,2012,0.578
mrt,sex_m,age_10yrbands_y15_24,edu_isced11_3,2017,0.397
mrt,sex_m,age_10yrbands_y15_24,edu_isced11_3,2019,1.128
mrt,sex_m,age_10yrbands_y15_24,edu_isced11_4,2017,0.178
mrt,sex_m,age_10yrbands_y15_24,edu_isced11_9,2012,12.9
mrt,sex_m,age_10yrbands_y15_24,edu_isced11_9,2017,14.177
mrt,sex_m,age_10yrbands_y15_24,edu_isced11_9,2019,0.779
mrt,sex_m,age_10yrbands_y15_24,edu_isced11_total,2012,69.561
mrt,sex_m,age_10yrbands_y15_24,edu_isced11_total,2017,69.212
mrt,sex_m,age_10yrbands_y15_24,edu_isced11_total,2019,100.044
mrt,sex_m,age_10yrbands_y15_24,edu_isced11_x,2012,15.309
mrt,sex_m,age_10yrbands_y15_24,edu_isced11_x,2017,15.447
mrt,sex_m,age_10yrbands_y15_24,edu_isced11_x,2019,19.46
mrt,sex_m,age_10yrbands_y25_34,edu_aggregate_adv,2012,3.631
mrt,sex_m,age_10yrbands_y25_34,edu_aggregate_adv,2017,4.429
mrt,sex_m,age_10yrbands_y25_34,edu_aggregate_adv,2019,3.794
mrt,sex_m,age_10yrbands_y25_34,edu_aggregate_bas,2012,25.166
mrt,sex_m,age_10yrbands_y25_34,edu_aggregate_bas,2017,54.858
mrt,sex_m,age_10yrbands_y25_34,edu_aggregate_bas,2019,26.29
mrt,sex_m,age_10yrbands_y25_34,edu_aggregate_int,2012,1.371
mrt,sex_m,age_10yrbands_y25_34,edu_aggregate_int,2017,4.322
mrt,sex_m,age_10yrbands_y25_34,edu_aggregate_int,2019,2.558
mrt,sex_m,age_10yrbands_y25_34,edu_aggregate_ltb,2012,46.281
mrt,sex_m,age_10yrbands_y25_34,edu_aggregate_ltb,2017,19.627
mrt,sex_m,age_10yrbands_y25_34,edu_aggregate_ltb,2019,109.102
mrt,sex_m,age_10yrbands_y25_34,edu_aggregate_total,2012,98.537
mrt,sex_m,age_10yrbands_y25_34,edu_aggregate_total,2017,116.211
mrt,sex_m,age_10yrbands_y25_34,edu_aggregate_total,2019,143.327
mrt,sex_m,age_10yrbands_y25_34,edu_aggregate_x,2012,22.088
mrt,sex_m,age_10yrbands_y25_34,edu_aggregate_x,2017,32.975
mrt,sex_m,age_10yrbands_y25_34,edu_aggregate_x,2019,1.583
mrt,sex_m,age_10yrbands_y25_34,edu_isced11_0,2012,27.691
mrt,sex_m,age_10yrbands_y25_34,edu_isced11_0,2019,83.887
mrt,sex_m,age_10yrbands_y25_34,edu_isced11_1,2012,11.593
mrt,sex_m,age_10yrbands_y25_34,edu_isced11_1,2019,16.683
mrt,sex_m,age_10yrbands_y25_34,edu_isced11_2,2012,13.574
mrt,sex_m,age_10yrbands_y25_34,edu_isced11_2,2017,54.858
mrt,sex_m,age_10yrbands_y25_34,edu_isced11_2,2019,9.607
mrt,sex_m,age_10yrbands_y25_34,edu_isced11_3,2012,1.371
mrt,sex_m,age_10yrbands_y25_34,edu_isced11_3,2017,3.283
mrt,sex_m,age_10yrbands_y25_34,edu_isced11_3,2019,2.558
mrt,sex_m,age_10yrbands_y25_34,edu_isced11_4,2017,1.038
mrt,sex_m,age_10yrbands_y25_34,edu_isced11_5,2017,0.308
mrt,sex_m,age_10yrbands_y25_34,edu_isced11_5,2019,0.271
mrt,sex_m,age_10yrbands_y25_34,edu_isced11_6,2012,3.53
mrt,sex_m,age_10yrbands_y25_34,edu_isced11_6,2017,2.756
mrt,sex_m,age_10yrbands_y25_34,edu_isced11_6,2019,2.203
mrt,sex_m,age_10yrbands_y25_34,edu_isced11_7,2017,1.365
mrt,sex_m,age_10yrbands_y25_34,edu_isced11_7,2019,1.32
mrt,sex_m,age_10yrbands_y25_34,edu_isced11_9,2012,22.088
mrt,sex_m,age_10yrbands_y25_34,edu_isced11_9,2017,32.975
mrt,sex_m,age_10yrbands_y25_34,edu_isced11_9,2019,1.583
mrt,sex_m,age_10yrbands_y25_34,edu_isced11_total,2012,98.537
mrt,sex_m,age_10yrbands_y25_34,edu_isced11_total,2017,116.211
mrt,sex_m,age_10yrbands_y25_34,edu_isced11_total,2019,143.327
mrt,sex_m,age_10yrbands_y25_34,edu_isced11_x,2012,18.589
mrt,sex_m,age_10yrbands_y25_34,edu_isced11_x,2017,19.627
mrt,sex_m,age_10yrbands_y25_34,edu_isced11_x,2019,25.215
mrt,sex_m,age_10yrbands_y35_44,edu_aggregate_adv,2012,3.97
mrt,sex_m,age_10yrbands_y35_44,edu_aggregate_adv,2017,3.688
mrt,sex_m,age_10yrbands_y35_44,edu_aggregate_adv,2019,3.422
mrt,sex_m,age_10yrbands_y35_44,edu_aggregate_bas,2012,19.994
mrt,sex_m,age_10yrbands_y35_44,edu_aggregate_bas,2017,42.822
mrt,sex_m,age_10yrbands_y35_44,edu_aggregate_bas,2019,19.018
mrt,sex_m,age_10yrbands_y35_44,edu_aggregate_int,2012,1.314
mrt,sex_m,age_10yrbands_y35_44,edu_aggregate_int,2017,6.812
mrt,sex_m,age_10yrbands_y35_44,edu_aggregate_int,2019,2.273
mrt,sex_m,age_10yrbands_y35_44,edu_aggregate_ltb,2012,40.432
mrt,sex_m,age_10yrbands_y35_44,edu_aggregate_ltb,2017,18.708
mrt,sex_m,age_10yrbands_y35_44,edu_aggregate_ltb,2019,98.117
mrt,sex_m,age_10yrbands_y35_44,edu_aggregate_total,2012,91.764
mrt,sex_m,age_10yrbands_y35_44,edu_aggregate_total,2017,102.063
mrt,sex_m,age_10yrbands_y35_44,edu_aggregate_total,2019,124.032
mrt,sex_m,age_10yrbands_y35_44,edu_aggregate_x,2012,26.054
mrt,sex_m,age_10yrbands_y35_44,edu_aggregate_x,2017,30.033
mrt,sex_m,age_10yrbands_y35_44,edu_aggregate_x,2019,1.203
mrt,sex_m,age_10yrbands_y35_44,edu_isced11_0,2012,15.54
mrt,sex_m,age_10yrbands_y35_44,edu_isced11_0,2019,74.303
mrt,sex_m,age_10yrbands_y35_44,edu_isced11_1,2012,8.312
mrt,sex_m,age_10yrbands_y35_44,edu_isced11_1,2019,11.395
mrt,sex_m,age_10yrbands_y35_44,edu_isced11_2,2012,11.683
mrt,sex_m,age_10yrbands_y35_44,edu_isced11_2,2017,42.822
mrt,sex_m,age_10yrbands_y35_44,edu_isced11_2,2019,7.624
mrt,sex_m,age_10yrbands_y35_44,edu_isced11_3,2012,1.314
mrt,sex_m,age_10yrbands_y35_44,edu_isced11_3,2017,5.691
mrt,sex_m,age_10yrbands_y35_44,edu_isced11_3,2019,2.273
mrt,sex_m,age_10yrbands_y35_44,edu_isced11_4,2017,1.121
mrt,sex_m,age_10yrbands_y35_44,edu_isced11_5,2017,0.152
mrt,sex_m,age_10yrbands_y35_44,edu_isced11_6,2012,3.931
mrt,sex_m,age_10yrbands_y35_44,edu_isced11_6,2017,3.318
mrt,sex_m,age_10yrbands_y35_44,edu_isced11_6,2019,0.438
mrt,sex_m,age_10yrbands_y35_44,edu_isced11_7,2017,0.136
mrt,sex_m,age_10yrbands_y35_44,edu_isced11_7,2019,2.632
mrt,sex_m,age_10yrbands_y35_44,edu_isced11_9,2012,26.054
mrt,sex_m,age_10yrbands_y35_44,edu_isced11_9,2017,30.033
mrt,sex_m,age_10yrbands_y35_44,edu_isced11_9,2019,1.203
mrt,sex_m,age_10yrbands_y35_44,edu_isced11_total,2012,91.764
mrt,sex_m,age_10yrbands_y35_44,edu_isced11_total,2017,102.063
mrt,sex_m,age_10yrbands_y35_44,edu_isced11_total,2019,124.032
mrt,sex_m,age_10yrbands_y35_44,edu_isced11_x,2012,24.892
mrt,sex_m,age_10yrbands_y35_44,edu_isced11_x,2017,18.708
mrt,sex_m,age_10yrbands_y35_44,edu_isced11_x,2019,23.814
mrt,sex_m,age_10yrbands_y45_54,edu_aggregate_adv,2012,3.559
mrt,sex_m,age_10yrbands_y45_54,edu_aggregate_adv,2017,3.719
mrt,sex_m,age_10yrbands_y45_54,edu_aggregate_adv,2019,2.009
mrt,sex_m,age_10yrbands_y45_54,edu_aggregate_bas,2012,9.687
mrt,sex_m,age_10yrbands_y45_54,edu_aggregate_bas,2017,20.693
mrt,sex_m,age_10yrbands_y45_54,edu_aggregate_bas,2019,11.678
mrt,sex_m,age_10yrbands_y45_54,edu_aggregate_int,2012,2.107
mrt,sex_m,age_10yrbands_y45_54,edu_aggregate_int,2017,2.404
mrt,sex_m,age_10yrbands_y45_54,edu_aggregate_int,2019,1.444
mrt,sex_m,age_10yrbands_y45_54,edu_aggregate_ltb,2012,31.218
mrt,sex_m,age_10yrbands_y45_54,edu_aggregate_ltb,2017,19.165
mrt,sex_m,age_10yrbands_y45_54,edu_aggregate_ltb,2019,74.091
mrt,sex_m,age_10yrbands_y45_54,edu_aggregate_total,2012,70.357
mrt,sex_m,age_10yrbands_y45_54,edu_aggregate_total,2017,74.73
mrt,sex_m,age_10yrbands_y45_54,edu_aggregate_total,2019,91.723
mrt,sex_m,age_10yrbands_y45_54,edu_aggregate_x,2012,23.786
mrt,sex_m,age_10yrbands_y45_54,edu_aggregate_x,2017,28.748
mrt,sex_m,age_10yrbands_y45_54,edu_aggregate_x,2019,2.5
mrt,sex_m,age_10yrbands_y45_54,edu_isced11_0,2012,6.476
mrt,sex_m,age_10yrbands_y45_54,edu_isced11_0,2019,51.296
mrt,sex_m,age_10yrbands_y45_54,edu_isced11_1,2012,3.719
mrt,sex_m,age_10yrbands_y45_54,edu_isced11_1,2019,7.278
mrt,sex_m,age_10yrbands_y45_54,edu_isced11_2,2012,5.967
mrt,sex_m,age_10yrbands_y45_54,edu_isced11_2,2017,20.693
mrt,sex_m,age_10yrbands_y45_54,edu_isced11_2,2019,4.401
mrt,sex_m,age_10yrbands_y45_54,edu_isced11_3,2012,2.107
mrt,sex_m,age_10yrbands_y45_54,edu_isced11_3,2017,1.616
mrt,sex_m,age_10yrbands_y45_54,edu_isced11_3,2019,1.444
mrt,sex_m,age_10yrbands_y45_54,edu_isced11_4,2017,0.788
mrt,sex_m,age_10yrbands_y45_54,edu_isced11_5,2017,0.253
mrt,sex_m,age_10yrbands_y45_54,edu_isced11_6,2012,2.956
mrt,sex_m,age_10yrbands_y45_54,edu_isced11_6,2017,2.79
mrt,sex_m,age_10yrbands_y45_54,edu_isced11_7,2017,0.498
mrt,sex_m,age_10yrbands_y45_54,edu_isced11_7,2019,1.574
mrt,sex_m,age_10yrbands_y45_54,edu_isced11_8,2017,0.177
mrt,sex_m,age_10yrbands_y45_54,edu_isced11_9,2012,23.786
mrt,sex_m,age_10yrbands_y45_54,edu_isced11_9,2017,28.748
mrt,sex_m,age_10yrbands_y45_54,edu_isced11_9,2019,2.5
mrt,sex_m,age_10yrbands_y45_54,edu_isced11_total,2012,70.357
mrt,sex_m,age_10yrbands_y45_54,edu_isced11_total,2017,74.73
mrt,sex_m,age_10yrbands_y45_54,edu_isced11_total,2019,91.723
mrt,sex_m,age_10yrbands_y45_54,edu_isced11_x,2012,24.741
mrt,sex_m,age_10yrbands_y45_54,edu_isced11_x,2017,19.165
mrt,sex_m,age_10yrbands_y45_54,edu_isced11_x,2019,22.795
mrt,sex_m,age_10yrbands_y55_64,edu_aggregate_adv,2012,0.664
mrt,sex_m,age_10yrbands_y55_64,edu_aggregate_adv,2017,2.692
mrt,sex_m,age_10yrbands_y55_64,edu_aggregate_adv,2019,1.014
mrt,sex_m,age_10yrbands_y55_64,edu_aggregate_bas,2012,2.926
mrt,sex_m,age_10yrbands_y55_64,edu_aggregate_bas,2017,7.542
mrt,sex_m,age_10yrbands_y55_64,edu_aggregate_bas,2019,4.095
mrt,sex_m,age_10yrbands_y55_64,edu_aggregate_int,2012,0.705
mrt,sex_m,age_10yrbands_y55_64,edu_aggregate_int,2017,1.691
mrt,sex_m,age_10yrbands_y55_64,edu_aggregate_int,2019,0.682
mrt,sex_m,age_10yrbands_y55_64,edu_aggregate_ltb,2012,18.784
mrt,sex_m,age_10yrbands_y55_64,edu_aggregate_ltb,2017,15.179
mrt,sex_m,age_10yrbands_y55_64,edu_aggregate_ltb,2019,51.964
mrt,sex_m,age_10yrbands_y55_64,edu_aggregate_total,2012,38.064
mrt,sex_m,age_10yrbands_y55_64,edu_aggregate_total,2017,55.262
mrt,sex_m,age_10yrbands_y55_64,edu_aggregate_total,2019,58.703
mrt,sex_m,age_10yrbands_y55_64,edu_aggregate_x,2012,14.985
mrt,sex_m,age_10yrbands_y55_64,edu_aggregate_x,2017,28.158
mrt,sex_m,age_10yrbands_y55_64,edu_aggregate_x,2019,0.95
mrt,sex_m,age_10yrbands_y55_64,edu_isced11_0,2012,1.88
mrt,sex_m,age_10yrbands_y55_64,edu_isced11_0,2019,34.535
mrt,sex_m,age_10yrbands_y55_64,edu_isced11_1,2012,1.201
mrt,sex_m,age_10yrbands_y55_64,edu_isced11_1,2019,2.495
mrt,sex_m,age_10yrbands_y55_64,edu_isced11_2,2012,1.725
mrt,sex_m,age_10yrbands_y55_64,edu_isced11_2,2017,7.542
mrt,sex_m,age_10yrbands_y55_64,edu_isced11_2,2019,1.6
mrt,sex_m,age_10yrbands_y55_64,edu_isced11_3,2012,0.705
mrt,sex_m,age_10yrbands_y55_64,edu_isced11_3,2017,1.523
mrt,sex_m,age_10yrbands_y55_64,edu_isced11_3,2019,0.682
mrt,sex_m,age_10yrbands_y55_64,edu_isced11_4,2017,0.168
mrt,sex_m,age_10yrbands_y55_64,edu_isced11_6,2017,1.785
mrt,sex_m,age_10yrbands_y55_64,edu_isced11_7,2019,0.734
mrt,sex_m,age_10yrbands_y55_64,edu_isced11_9,2012,14.985
mrt,sex_m,age_10yrbands_y55_64,edu_isced11_9,2017,28.158
mrt,sex_m,age_10yrbands_y55_64,edu_isced11_9,2019,0.95
mrt,sex_m,age_10yrbands_y55_64,edu_isced11_total,2012,38.064
mrt,sex_m,age_10yrbands_y55_64,edu_isced11_total,2017,55.262
mrt,sex_m,age_10yrbands_y55_64,edu_isced11_total,2019,58.703
mrt,sex_m,age_10yrbands_y55_64,edu_isced11_x,2012,16.905
mrt,sex_m,age_10yrbands_y55_64,edu_isced11_x,2017,15.179
mrt,sex_m,age_10yrbands_y55_64,edu_isced11_x,2019,17.429
mrt,sex_m,age_10yrbands_yge65,edu_aggregate_adv,2017,0.995
mrt,sex_m,age_10yrbands_yge65,edu_aggregate_adv,2019,0.767
mrt,sex_m,age_10yrbands_yge65,edu_aggregate_bas,2012,0.461
mrt,sex_m,age_10yrbands_yge65,edu_aggregate_bas,2017,2.243
mrt,sex_m,age_10yrbands_yge65,edu_aggregate_bas,2019,1.157
mrt,sex_m,age_10yrbands_yge65,edu_aggregate_int,2017,0.774
mrt,sex_m,age_10yrbands_yge65,edu_aggregate_ltb,2012,10.638
mrt,sex_m,age_10yrbands_yge65,edu_aggregate_ltb,2017,9.522
mrt,sex_m,age_10yrbands_yge65,edu_aggregate_ltb,2019,33.086
mrt,sex_m,age_10yrbands_yge65,edu_aggregate_total,2012,22.29
mrt,sex_m,age_10yrbands_yge65,edu_aggregate_total,2017,27.977
mrt,sex_m,age_10yrbands_yge65,edu_aggregate_total,2019,35.573
mrt,sex_m,age_10yrbands_yge65,edu_aggregate_x,2012,10.616
mrt,sex_m,age_10yrbands_yge65,edu_aggregate_x,2017,14.444
mrt,sex_m,age_10yrbands_yge65,edu_aggregate_x,2019,0.398
mrt,sex_m,age_10yrbands_yge65,edu_isced11_0,2012,0.43
mrt,sex_m,age_10yrbands_yge65,edu_isced11_0,2019,21.159
mrt,sex_m,age_10yrbands_yge65,edu_isced11_1,2012,0.3
mrt,sex_m,age_10yrbands_yge65,edu_isced11_1,2019,0.451
mrt,sex_m,age_10yrbands_yge65,edu_isced11_2,2012,0.161
mrt,sex_m,age_10yrbands_yge65,edu_isced11_2,2017,2.243
mrt,sex_m,age_10yrbands_yge65,edu_isced11_2,2019,0.706
mrt,sex_m,age_10yrbands_yge65,edu_isced11_3,2017,0.756
mrt,sex_m,age_10yrbands_yge65,edu_isced11_6,2017,0.708
mrt,sex_m,age_10yrbands_yge65,edu_isced11_7,2019,0.625
mrt,sex_m,age_10yrbands_yge65,edu_isced11_9,2012,10.616
mrt,sex_m,age_10yrbands_yge65,edu_isced11_9,2017,14.444
mrt,sex_m,age_10yrbands_yge65,edu_isced11_9,2019,0.398
mrt,sex_m,age_10yrbands_yge65,edu_isced11_total,2012,22.29
mrt,sex_m,age_10yrbands_yge65,edu_isced11_total,2017,27.977
mrt,sex_m,age_10yrbands_yge65,edu_isced11_total,2019,35.573
mrt,sex_m,age_10yrbands_yge65,edu_isced11_x,2012,10.208
mrt,sex_m,age_10yrbands_yge65,edu_isced11_x,2017,9.522
mrt,sex_m,age_10yrbands_yge65,edu_isced11_x,2019,11.927
mrt,sex_m,age_aggregate_total,edu_aggregate_adv,2012,12.292
mrt,sex_m,age_aggregate_total,edu_aggregate_adv,2017,16.298
mrt,sex_m,age_aggregate_total,edu_aggregate_adv,2019,11.108
mrt,sex_m,age_aggregate_total,edu_aggregate_bas,2012,73.018
mrt,sex_m,age_aggregate_total,edu_aggregate_bas,2017,166.396
mrt,sex_m,age_aggregate_total,edu_aggregate_bas,2019,82.183
mrt,sex_m,age_aggregate_total,edu_aggregate_int,2012,6.298
mrt,sex_m,age_aggregate_total,edu_aggregate_int,2017,16.577
mrt,sex_m,age_aggregate_total,edu_aggregate_int,2019,8.25
mrt,sex_m,age_aggregate_total,edu_aggregate_ltb,2012,188.537
mrt,sex_m,age_aggregate_total,edu_aggregate_ltb,2017,97.649
mrt,sex_m,age_aggregate_total,edu_aggregate_ltb,2019,444.448
mrt,sex_m,age_aggregate_total,edu_aggregate_total,2012,390.574
mrt,sex_m,age_aggregate_total,edu_aggregate_total,2017,445.455
mrt,sex_m,age_aggregate_total,edu_aggregate_total,2019,553.402
mrt,sex_m,age_aggregate_total,edu_aggregate_x,2012,110.429
mrt,sex_m,age_aggregate_total,edu_aggregate_x,2017,148.536
mrt,sex_m,age_aggregate_total,edu_aggregate_x,2019,7.413
mrt,sex_m,age_aggregate_total,edu_isced11_0,2012,77.893
mrt,sex_m,age_aggregate_total,edu_isced11_0,2019,323.81
mrt,sex_m,age_aggregate_total,edu_isced11_1,2012,34.303
mrt,sex_m,age_aggregate_total,edu_isced11_1,2019,53.405
mrt,sex_m,age_aggregate_total,edu_isced11_2,2012,38.715
mrt,sex_m,age_aggregate_total,edu_isced11_2,2017,166.396
mrt,sex_m,age_aggregate_total,edu_isced11_2,2019,28.778
mrt,sex_m,age_aggregate_total,edu_isced11_3,2012,6.298
mrt,sex_m,age_aggregate_total,edu_isced11_3,2017,13.265
mrt,sex_m,age_aggregate_total,edu_isced11_3,2019,8.25
mrt,sex_m,age_aggregate_total,edu_isced11_4,2017,3.312
mrt,sex_m,age_aggregate_total,edu_isced11_5,2017,1.268
mrt,sex_m,age_aggregate_total,edu_isced11_5,2019,0.551
mrt,sex_m,age_aggregate_total,edu_isced11_6,2012,11.379
mrt,sex_m,age_aggregate_total,edu_isced11_6,2017,11.577
mrt,sex_m,age_aggregate_total,edu_isced11_6,2019,3.14
mrt,sex_m,age_aggregate_total,edu_isced11_7,2012,0.913
mrt,sex_m,age_aggregate_total,edu_isced11_7,2017,2.195
mrt,sex_m,age_aggregate_total,edu_isced11_7,2019,6.987
mrt,sex_m,age_aggregate_total,edu_isced11_8,2017,1.258
mrt,sex_m,age_aggregate_total,edu_isced11_8,2019,0.43
mrt,sex_m,age_aggregate_total,edu_isced11_9,2012,110.429
mrt,sex_m,age_aggregate_total,edu_isced11_9,2017,148.536
mrt,sex_m,age_aggregate_total,edu_isced11_9,2019,7.413
mrt,sex_m,age_aggregate_total,edu_isced11_total,2012,390.574
mrt,sex_m,age_aggregate_total,edu_isced11_total,2017,445.455
mrt,sex_m,age_aggregate_total,edu_isced11_total,2019,553.402
mrt,sex_m,age_aggregate_total,edu_isced11_x,2012,110.644
mrt,sex_m,age_aggregate_total,edu_isced11_x,2017,97.649
mrt,sex_m,age_aggregate_total,edu_isced11_x,2019,120.639
mrt,sex_m,age_aggregate_y15_24,edu_aggregate_bas,2012,14.784
mrt,sex_m,age_aggregate_y15_24,edu_aggregate_bas,2017,38.237
mrt,sex_m,age_aggregate_y15_24,edu_aggregate_bas,2019,19.946
mrt,sex_m,age_aggregate_y15_24,edu_aggregate_int,2012,0.578
mrt,sex_m,age_aggregate_y15_24,edu_aggregate_int,2017,0.575
mrt,sex_m,age_aggregate_y15_24,edu_aggregate_int,2019,1.128
mrt,sex_m,age_aggregate_y15_24,edu_aggregate_ltb,2012,41.184
mrt,sex_m,age_aggregate_y15_24,edu_aggregate_ltb,2017,15.447
mrt,sex_m,age_aggregate_y15_24,edu_aggregate_ltb,2019,78.09
mrt,sex_m,age_aggregate_y15_24,edu_aggregate_total,2012,69.561
mrt,sex_m,age_aggregate_y15_24,edu_aggregate_total,2017,69.212
mrt,sex_m,age_aggregate_y15_24,edu_aggregate_total,2019,100.044
mrt,sex_m,age_aggregate_y15_24,edu_aggregate_x,2012,12.9
mrt,sex_m,age_aggregate_y15_24,edu_aggregate_x,2017,14.177
mrt,sex_m,age_aggregate_y15_24,edu_aggregate_x,2019,0.779
mrt,sex_m,age_aggregate_y15_24,edu_isced11_0,2012,25.875
mrt,sex_m,age_aggregate_y15_24,edu_isced11_0,2019,58.63
mrt,sex_m,age_aggregate_y15_24,edu_isced11_1,2012,9.178
mrt,sex_m,age_aggregate_y15_24,edu_isced11_1,2019,15.105
mrt,sex_m,age_aggregate_y15_24,edu_isced11_2,2012,5.606
mrt,sex_m,age_aggregate_y15_24,edu_isced11_2,2017,38.237
mrt,sex_m,age_aggregate_y15_24,edu_isced11_2,2019,4.841
mrt,sex_m,age_aggregate_y15_24,edu_isced11_3,2012,0.578
mrt,sex_m,age_aggregate_y15_24,edu_isced11_3,2017,0.397
mrt,sex_m,age_aggregate_y15_24,edu_isced11_3,2019,1.128
mrt,sex_m,age_aggregate_y15_24,edu_isced11_4,2017,0.178
mrt,sex_m,age_aggregate_y15_24,edu_isced11_9,2012,12.9
mrt,sex_m,age_aggregate_y15_24,edu_isced11_9,2017,14.177
mrt,sex_m,age_aggregate_y15_24,edu_isced11_9,2019,0.779
mrt,sex_m,age_aggregate_y15_24,edu_isced11_total,2012,69.561
mrt,sex_m,age_aggregate_y15_24,edu_isced11_total,2017,69.212
mrt,sex_m,age_aggregate_y15_24,edu_isced11_total,2019,100.044
mrt,sex_m,age_aggregate_y15_24,edu_isced11_x,2012,15.309
mrt,sex_m,age_aggregate_y15_24,edu_isced11_x,2017,15.447
mrt,sex_m,age_aggregate_y15_24,edu_isced11_x,2019,19.46
mrt,sex_m,age_aggregate_y25_54,edu_aggregate_adv,2012,11.16
mrt,sex_m,age_aggregate_y25_54,edu_aggregate_adv,2017,11.836
mrt,sex_m,age_aggregate_y25_54,edu_aggregate_adv,2019,9.225
mrt,sex_m,age_aggregate_y25_54,edu_aggregate_bas,2012,54.847
mrt,sex_m,age_aggregate_y25_54,edu_aggregate_bas,2017,118.374
mrt,sex_m,age_aggregate_y25_54,edu_aggregate_bas,2019,56.986
mrt,sex_m,age_aggregate_y25_54,edu_aggregate_int,2012,4.793
mrt,sex_m,age_aggregate_y25_54,edu_aggregate_int,2017,13.537
mrt,sex_m,age_aggregate_y25_54,edu_aggregate_int,2019,6.276
mrt,sex_m,age_aggregate_y25_54,edu_aggregate_ltb,2012,117.931
mrt,sex_m,age_aggregate_y25_54,edu_aggregate_ltb,2017,57.5
mrt,sex_m,age_aggregate_y25_54,edu_aggregate_ltb,2019,281.309
mrt,sex_m,age_aggregate_y25_54,edu_aggregate_total,2012,260.658
mrt,sex_m,age_aggregate_y25_54,edu_aggregate_total,2017,293.004
mrt,sex_m,age_aggregate_y25_54,edu_aggregate_total,2019,359.082
mrt,sex_m,age_aggregate_y25_54,edu_aggregate_x,2012,71.927
mrt,sex_m,age_aggregate_y25_54,edu_aggregate_x,2017,91.756
mrt,sex_m,age_aggregate_y25_54,edu_aggregate_x,2019,5.286
mrt,sex_m,age_aggregate_y25_54,edu_isced11_0,2012,49.708
mrt,sex_m,age_aggregate_y25_54,edu_isced11_0,2019,209.486
mrt,sex_m,age_aggregate_y25_54,edu_isced11_1,2012,23.624
mrt,sex_m,age_aggregate_y25_54,edu_isced11_1,2019,35.355
mrt,sex_m,age_aggregate_y25_54,edu_isced11_2,2012,31.223
mrt,sex_m,age_aggregate_y25_54,edu_isced11_2,2017,118.374
mrt,sex_m,age_aggregate_y25_54,edu_isced11_2,2019,21.631
mrt,sex_m,age_aggregate_y25_54,edu_isced11_3,2012,4.793
mrt,sex_m,age_aggregate_y25_54,edu_isced11_3,2017,10.59
mrt,sex_m,age_aggregate_y25_54,edu_isced11_3,2019,6.276
mrt,sex_m,age_aggregate_y25_54,edu_isced11_4,2017,2.948
mrt,sex_m,age_aggregate_y25_54,edu_isced11_5,2017,0.712
mrt,sex_m,age_aggregate_y25_54,edu_isced11_5,2019,0.503
mrt,sex_m,age_aggregate_y25_54,edu_isced11_6,2012,10.418
mrt,sex_m,age_aggregate_y25_54,edu_isced11_6,2017,8.864
mrt,sex_m,age_aggregate_y25_54,edu_isced11_6,2019,2.896
mrt,sex_m,age_aggregate_y25_54,edu_isced11_7,2012,0.742
mrt,sex_m,age_aggregate_y25_54,edu_isced11_7,2017,1.999
mrt,sex_m,age_aggregate_y25_54,edu_isced11_7,2019,5.527
mrt,sex_m,age_aggregate_y25_54,edu_isced11_8,2017,0.26
mrt,sex_m,age_aggregate_y25_54,edu_isced11_9,2012,71.927
mrt,sex_m,age_aggregate_y25_54,edu_isced11_9,2017,91.756
mrt,sex_m,age_aggregate_y25_54,edu_isced11_9,2019,5.286
mrt,sex_m,age_aggregate_y25_54,edu_isced11_total,2012,260.658
mrt,sex_m,age_aggregate_y25_54,edu_isced11_total,2017,293.004
mrt,sex_m,age_aggregate_y25_54,edu_isced11_total,2019,359.082
mrt,sex_m,age_aggregate_y25_54,edu_isced11_x,2012,68.223
mrt,sex_m,age_aggregate_y25_54,edu_isced11_x,2017,57.5
mrt,sex_m,age_aggregate_y25_54,edu_isced11_x,2019,71.823
mrt,sex_m,age_aggregate_y55_64,edu_aggregate_adv,2012,0.664
mrt,sex_m,age_aggregate_y55_64,edu_aggregate_adv,2017,2.692
mrt,sex_m,age_aggregate_y55_64,edu_aggregate_adv,2019,1.014
mrt,sex_m,age_aggregate_y55_64,edu_aggregate_bas,2012,2.926
mrt,sex_m,age_aggregate_y55_64,edu_aggregate_bas,2017,7.542
mrt,sex_m,age_aggregate_y55_64,edu_aggregate_bas,2019,4.095
mrt,sex_m,age_aggregate_y55_64,edu_aggregate_int,2012,0.705
mrt,sex_m,age_aggregate_y55_64,edu_aggregate_int,2017,1.691
mrt,sex_m,age_aggregate_y55_64,edu_aggregate_int,2019,0.682
mrt,sex_m,age_aggregate_y55_64,edu_aggregate_ltb,2012,18.784
mrt,sex_m,age_aggregate_y55_64,edu_aggregate_ltb,2017,15.179
mrt,sex_m,age_aggregate_y55_64,edu_aggregate_ltb,2019,51.964
mrt,sex_m,age_aggregate_y55_64,edu_aggregate_total,2012,38.064
mrt,sex_m,age_aggregate_y55_64,edu_aggregate_total,2017,55.262
mrt,sex_m,age_aggregate_y55_64,edu_aggregate_total,2019,58.703
mrt,sex_m,age_aggregate_y55_64,edu_aggregate_x,2012,14.985
mrt,sex_m,age_aggregate_y55_64,edu_aggregate_x,2017,28.158
mrt,sex_m,age_aggregate_y55_64,edu_aggregate_x,2019,0.95
mrt,sex_m,age_aggregate_y55_64,edu_isced11_0,2012,1.88
mrt,sex_m,age_aggregate_y55_64,edu_isced11_0,2019,34.535
mrt,sex_m,age_aggregate_y55_64,edu_isced11_1,2012,1.201
mrt,sex_m,age_aggregate_y55_64,edu_isced11_1,2019,2.495
mrt,sex_m,age_aggregate_y55_64,edu_isced11_2,2012,1.725
mrt,sex_m,age_aggregate_y55_64,edu_isced11_2,2017,7.542
mrt,sex_m,age_aggregate_y55_64,edu_isced11_2,2019,1.6
mrt,sex_m,age_aggregate_y55_64,edu_isced11_3,2012,0.705
mrt,sex_m,age_aggregate_y55_64,edu_isced11_3,2017,1.523
mrt,sex_m,age_aggregate_y55_64,edu_isced11_3,2019,0.682
mrt,sex_m,age_aggregate_y55_64,edu_isced11_4,2017,0.168
mrt,sex_m,age_aggregate_y55_64,edu_isced11_6,2017,1.785
mrt,sex_m,age_aggregate_y55_64,edu_isced11_7,2019,0.734
mrt,sex_m,age_aggregate_y55_64,edu_isced11_9,2012,14.985
mrt,sex_m,age_aggregate_y55_64,edu_isced11_9,2017,28.158
mrt,sex_m,age_aggregate_y55_64,edu_isced11_9,2019,0.95
mrt,sex_m,age_aggregate_y55_64,edu_isced11_total,2012,38.064
mrt,sex_m,age_aggregate_y55_64,edu_isced11_total,2017,55.262
mrt,sex_m,age_aggregate_y55_64,edu_isced11_total,2019,58.703
mrt,sex_m,age_aggregate_y55_64,edu_isced11_x,2012,16.905
mrt,sex_m,age_aggregate_y55_64,edu_isced11_x,2017,15.179
mrt,sex_m,age_aggregate_y55_64,edu_isced11_x,2019,17.429
mrt,sex_m,age_aggregate_yge65,edu_aggregate_adv,2017,0.995
mrt,sex_m,age_aggregate_yge65,edu_aggregate_adv,2019,0.767
mrt,sex_m,age_aggregate_yge65,edu_aggregate_bas,2012,0.461
mrt,sex_m,age_aggregate_yge65,edu_aggregate_bas,2017,2.243
mrt,sex_m,age_aggregate_yge65,edu_aggregate_bas,2019,1.157
mrt,sex_m,age_aggregate_yge65,edu_aggregate_int,2017,0.774
mrt,sex_m,age_aggregate_yge65,edu_aggregate_ltb,2012,10.638
mrt,sex_m,age_aggregate_yge65,edu_aggregate_ltb,2017,9.522
mrt,sex_m,age_aggregate_yge65,edu_aggregate_ltb,2019,33.086
mrt,sex_m,age_aggregate_yge65,edu_aggregate_total,2012,22.29
mrt,sex_m,age_aggregate_yge65,edu_aggregate_total,2017,27.977
mrt,sex_m,age_aggregate_yge65,edu_aggregate_total,2019,35.573
mrt,sex_m,age_aggregate_yge65,edu_aggregate_x,2012,10.616
mrt,sex_m,age_aggregate_yge65,edu_aggregate_x,2017,14.444
mrt,sex_m,age_aggregate_yge65,edu_aggregate_x,2019,0.398
mrt,sex_m,age_aggregate_yge65,edu_isced11_0,2012,0.43
mrt,sex_m,age_aggregate_yge65,edu_isced11_0,2019,21.159
mrt,sex_m,age_aggregate_yge65,edu_isced11_1,2012,0.3
mrt,sex_m,age_aggregate_yge65,edu_isced11_1,2019,0.451
mrt,sex_m,age_aggregate_yge65,edu_isced11_2,2012,0.161
mrt,sex_m,age_aggregate_yge65,edu_isced11_2,2017,2.243
mrt,sex_m,age_aggregate_yge65,edu_isced11_2,2019,0.706
mrt,sex_m,age_aggregate_yge65,edu_isced11_3,2017,0.756
mrt,sex_m,age_aggregate_yge65,edu_isced11_6,2017,0.708
mrt,sex_m,age_aggregate_yge65,edu_isced11_7,2019,0.625
mrt,sex_m,age_aggregate_yge65,edu_isced11_9,2012,10.616
mrt,sex_m,age_aggregate_yge65,edu_isced11_9,2017,14.444
mrt,sex_m,age_aggregate_yge65,edu_isced11_9,2019,0.398
mrt,sex_m,age_aggregate_yge65,edu_isced11_total,2012,22.29
mrt,sex_m,age_aggregate_yge65,edu_isced11_total,2017,27.977
mrt,sex_m,age_aggregate_yge65,edu_isced11_total,2019,35.573
mrt,sex_m,age_aggregate_yge65,edu_isced11_x,2012,10.208
mrt,sex_m,age_aggregate_yge65,edu_isced11_x,2017,9.522
mrt,sex_m,age_aggregate_yge65,edu_isced11_x,2019,11.927
mrt,sex_m,age_ythadult_y15_24,edu_aggregate_bas,2012,14.784
mrt,sex_m,age_ythadult_y15_24,edu_aggregate_bas,2017,38.237
mrt,sex_m,age_ythadult_y15_24,edu_aggregate_bas,2019,19.946
mrt,sex_m,age_ythadult_y15_24,edu_aggregate_int,2012,0.578
mrt,sex_m,age_ythadult_y15_24,edu_aggregate_int,2017,0.575
mrt,sex_m,age_ythadult_y15_24,edu_aggregate_int,2019,1.128
mrt,sex_m,age_ythadult_y15_24,edu_aggregate_ltb,2012,41.184
mrt,sex_m,age_ythadult_y15_24,edu_aggregate_ltb,2017,15.447
mrt,sex_m,age_ythadult_y15_24,edu_aggregate_ltb,2019,78.09
mrt,sex_m,age_ythadult_y15_24,edu_aggregate_total,2012,69.561
mrt,sex_m,age_ythadult_y15_24,edu_aggregate_total,2017,69.212
mrt,sex_m,age_ythadult_y15_24,edu_aggregate_total,2019,100.044
mrt,sex_m,age_ythadult_y15_24,edu_aggregate_x,2012,12.9
mrt,sex_m,age_ythadult_y15_24,edu_aggregate_x,2017,14.177
mrt,sex_m,age_ythadult_y15_24,edu_aggregate_x,2019,0.779
mrt,sex_m,age_ythadult_y15_24,edu_isced11_0,2012,25.875
mrt,sex_m,age_ythadult_y15_24,edu_isced11_0,2019,58.63
mrt,sex_m,age_ythadult_y15_24,edu_isced11_1,2012,9.178
mrt,sex_m,age_ythadult_y15_24,edu_isced11_1,2019,15.105
mrt,sex_m,age_ythadult_y15_24,edu_isced11_2,2012,5.606
mrt,sex_m,age_ythadult_y15_24,edu_isced11_2,2017,38.237
mrt,sex_m,age_ythadult_y15_24,edu_isced11_2,2019,4.841
mrt,sex_m,age_ythadult_y15_24,edu_isced11_3,2012,0.578
mrt,sex_m,age_ythadult_y15_24,edu_isced11_3,2017,0.397
mrt,sex_m,age_ythadult_y15_24,edu_isced11_3,2019,1.128
mrt,sex_m,age_ythadult_y15_24,edu_isced11_4,2017,0.178
mrt,sex_m,age_ythadult_y15_24,edu_isced11_9,2012,12.9
mrt,sex_m,age_ythadult_y15_24,edu_isced11_9,2017,14.177
mrt,sex_m,age_ythadult_y15_24,edu_isced11_9,2019,0.779
mrt,sex_m,age_ythadult_y15_24,edu_isced11_total,2012,69.561
mrt,sex_m,age_ythadult_y15_24,edu_isced11_total,2017,69.212
mrt,sex_m,age_ythadult_y15_24,edu_isced11_total,2019,100.044
mrt,sex_m,age_ythadult_y15_24,edu_isced11_x,2012,15.309
mrt,sex_m,age_ythadult_y15_24,edu_isced11_x,2017,15.447
mrt,sex_m,age_ythadult_y15_24,edu_isced11_x,2019,19.46
mrt,sex_m,age_ythadult_y15_64,edu_aggregate_adv,2012,11.939
mrt,sex_m,age_ythadult_y15_64,edu_aggregate_adv,2017,15.303
mrt,sex_m,age_ythadult_y15_64,edu_aggregate_adv,2019,10.341
mrt,sex_m,age_ythadult_y15_64,edu_aggregate_bas,2012,72.557
mrt,sex_m,age_ythadult_y15_64,edu_aggregate_bas,2017,164.153
mrt,sex_m,age_ythadult_y15_64,edu_aggregate_bas,2019,81.027
mrt,sex_m,age_ythadult_y15_64,edu_aggregate_int,2012,6.076
mrt,sex_m,age_ythadult_y15_64,edu_aggregate_int,2017,15.803
mrt,sex_m,age_ythadult_y15_64,edu_aggregate_int,2019,8.085
mrt,sex_m,age_ythadult_y15_64,edu_aggregate_ltb,2012,177.899
mrt,sex_m,age_ythadult_y15_64,edu_aggregate_ltb,2017,88.126
mrt,sex_m,age_ythadult_y15_64,edu_aggregate_ltb,2019,411.362
mrt,sex_m,age_ythadult_y15_64,edu_aggregate_total,2012,368.284
mrt,sex_m,age_ythadult_y15_64,edu_aggregate_total,2017,417.478
mrt,sex_m,age_ythadult_y15_64,edu_aggregate_total,2019,517.83
mrt,sex_m,age_ythadult_y15_64,edu_aggregate_x,2012,99.812
mrt,sex_m,age_ythadult_y15_64,edu_aggregate_x,2017,134.092
mrt,sex_m,age_ythadult_y15_64,edu_aggregate_x,2019,7.015
mrt,sex_m,age_ythadult_y15_64,edu_isced11_0,2012,77.463
mrt,sex_m,age_ythadult_y15_64,edu_isced11_0,2019,302.65
mrt,sex_m,age_ythadult_y15_64,edu_isced11_1,2012,34.002
mrt,sex_m,age_ythadult_y15_64,edu_isced11_1,2019,52.955
mrt,sex_m,age_ythadult_y15_64,edu_isced11_2,2012,38.554
mrt,sex_m,age_ythadult_y15_64,edu_isced11_2,2017,164.153
mrt,sex_m,age_ythadult_y15_64,edu_isced11_2,2019,28.072
mrt,sex_m,age_ythadult_y15_64,edu_isced11_3,2012,6.076
mrt,sex_m,age_ythadult_y15_64,edu_isced11_3,2017,12.509
mrt,sex_m,age_ythadult_y15_64,edu_isced11_3,2019,8.085
mrt,sex_m,age_ythadult_y15_64,edu_isced11_4,2017,3.294
mrt,sex_m,age_ythadult_y15_64,edu_isced11_6,2012,11.026
mrt,sex_m,age_ythadult_y15_64,edu_isced11_6,2017,10.868
mrt,sex_m,age_ythadult_y15_64,edu_isced11_7,2019,6.362
mrt,sex_m,age_ythadult_y15_64,edu_isced11_9,2012,99.812
mrt,sex_m,age_ythadult_y15_64,edu_isced11_9,2017,134.092
mrt,sex_m,age_ythadult_y15_64,edu_isced11_9,2019,7.015
mrt,sex_m,age_ythadult_y15_64,edu_isced11_total,2012,368.284
mrt,sex_m,age_ythadult_y15_64,edu_isced11_total,2017,417.478
mrt,sex_m,age_ythadult_y15_64,edu_isced11_total,2019,517.83
mrt,sex_m,age_ythadult_y15_64,edu_isced11_x,2012,100.436
mrt,sex_m,age_ythadult_y15_64,edu_isced11_x,2017,88.126
mrt,sex_m,age_ythadult_y15_64,edu_isced11_x,2019,108.712
mrt,sex_m,age_ythadult_yge15,edu_aggregate_adv,2012,12.292
mrt,sex_m,age_ythadult_yge15,edu_aggregate_adv,2017,16.298
mrt,sex_m,age_ythadult_yge15,edu_aggregate_adv,2019,11.108
mrt,sex_m,age_ythadult_yge15,edu_aggregate_bas,2012,73.018
mrt,sex_m,age_ythadult_yge15,edu_aggregate_bas,2017,166.396
mrt,sex_m,age_ythadult_yge15,edu_aggregate_bas,2019,82.183
mrt,sex_m,age_ythadult_yge15,edu_aggregate_int,2012,6.298
mrt,sex_m,age_ythadult_yge15,edu_aggregate_int,2017,16.577
mrt,sex_m,age_ythadult_yge15,edu_aggregate_int,2019,8.25
mrt,sex_m,age_ythadult_yge15,edu_aggregate_ltb,2012,188.537
mrt,sex_m,age_ythadult_yge15,edu_aggregate_ltb,2017,97.649
mrt,sex_m,age_ythadult_yge15,edu_aggregate_ltb,2019,444.448
mrt,sex_m,age_ythadult_yge15,edu_aggregate_total,2012,390.574
mrt,sex_m,age_ythadult_yge15,edu_aggregate_total,2017,445.455
mrt,sex_m,age_ythadult_yge15,edu_aggregate_total,2019,553.402
mrt,sex_m,age_ythadult_yge15,edu_aggregate_x,2012,110.429
mrt,sex_m,age_ythadult_yge15,edu_aggregate_x,2017,148.536
mrt,sex_m,age_ythadult_yge15,edu_aggregate_x,2019,7.413
mrt,sex_m,age_ythadult_yge15,edu_isced11_0,2012,77.893
mrt,sex_m,age_ythadult_yge15,edu_isced11_0,2019,323.81
mrt,sex_m,age_ythadult_yge15,edu_isced11_1,2012,34.303
mrt,sex_m,age_ythadult_yge15,edu_isced11_1,2019,53.405
mrt,sex_m,age_ythadult_yge15,edu_isced11_2,2012,38.715
mrt,sex_m,age_ythadult_yge15,edu_isced11_2,2017,166.396
mrt,sex_m,age_ythadult_yge15,edu_isced11_2,2019,28.778
mrt,sex_m,age_ythadult_yge15,edu_isced11_3,2012,6.298
mrt,sex_m,age_ythadult_yge15,edu_isced11_3,2017,13.265
mrt,sex_m,age_ythadult_yge15,edu_isced11_3,2019,8.25
mrt,sex_m,age_ythadult_yge15,edu_isced11_4,2017,3.312
mrt,sex_m,age_ythadult_yge15,edu_isced11_5,2017,1.268
mrt,sex_m,age_ythadult_yge15,edu_isced11_5,2019,0.551
mrt,sex_m,age_ythadult_yge15,edu_isced11_6,2012,11.379
mrt,sex_m,age_ythadult_yge15,edu_isced11_6,2017,11.577
mrt,sex_m,age_ythadult_yge15,edu_isced11_6,2019,3.14
mrt,sex_m,age_ythadult_yge15,edu_isced11_7,2012,0.913
mrt,sex_m,age_ythadult_yge15,edu_isced11_7,2017,2.195
mrt,sex_m,age_ythadult_yge15,edu_isced11_7,2019,6.987
mrt,sex_m,age_ythadult_yge15,edu_isced11_8,2017,1.258
mrt,sex_m,age_ythadult_yge15,edu_isced11_8,2019,0.43
mrt,sex_m,age_ythadult_yge15,edu_isced11_9,2012,110.429
mrt,sex_m,age_ythadult_yge15,edu_isced11_9,2017,148.536
mrt,sex_m,age_ythadult_yge15,edu_isced11_9,2019,7.413
mrt,sex_m,age_ythadult_yge15,edu_isced11_total,2012,390.574
mrt,sex_m,age_ythadult_yge15,edu_isced11_total,2017,445.455
mrt,sex_m,age_ythadult_yge15,edu_isced11_total,2019,553.402
mrt,sex_m,age_ythadult_yge15,edu_isced11_x,2012,110.644
mrt,sex_m,age_ythadult_yge15,edu_isced11_x,2017,97.649
mrt,sex_m,age_ythadult_yge15,edu_isced11_x,2019,120.639
mrt,sex_m,age_ythadult_yge25,edu_aggregate_adv,2012,12.177
mrt,sex_m,age_ythadult_yge25,edu_aggregate_adv,2017,15.523
mrt,sex_m,age_ythadult_yge25,edu_aggregate_adv,2019,11.006
mrt,sex_m,age_ythadult_yge25,edu_aggregate_bas,2012,58.234
mrt,sex_m,age_ythadult_yge25,edu_aggregate_bas,2017,128.158
mrt,sex_m,age_ythadult_yge25,edu_aggregate_bas,2019,62.237
mrt,sex_m,age_ythadult_yge25,edu_aggregate_int,2012,5.72
mrt,sex_m,age_ythadult_yge25,edu_aggregate_int,2017,16.003
mrt,sex_m,age_ythadult_yge25,edu_aggregate_int,2019,7.123
mrt,sex_m,age_ythadult_yge25,edu_aggregate_ltb,2012,147.353
mrt,sex_m,age_ythadult_yge25,edu_aggregate_ltb,2017,82.201
mrt,sex_m,age_ythadult_yge25,edu_aggregate_ltb,2019,366.358
mrt,sex_m,age_ythadult_yge25,edu_aggregate_total,2012,321.012
mrt,sex_m,age_ythadult_yge25,edu_aggregate_total,2017,376.243
mrt,sex_m,age_ythadult_yge25,edu_aggregate_total,2019,453.358
mrt,sex_m,age_ythadult_yge25,edu_aggregate_x,2012,97.528
mrt,sex_m,age_ythadult_yge25,edu_aggregate_x,2017,134.358
mrt,sex_m,age_ythadult_yge25,edu_aggregate_x,2019,6.634
mrt,sex_m,age_ythadult_yge25,edu_isced11_0,2012,52.017
mrt,sex_m,age_ythadult_yge25,edu_isced11_0,2019,265.18
mrt,sex_m,age_ythadult_yge25,edu_isced11_1,2012,25.125
mrt,sex_m,age_ythadult_yge25,edu_isced11_1,2019,38.3
mrt,sex_m,age_ythadult_yge25,edu_isced11_2,2012,33.109
mrt,sex_m,age_ythadult_yge25,edu_isced11_2,2017,128.158
mrt,sex_m,age_ythadult_yge25,edu_isced11_2,2019,23.937
mrt,sex_m,age_ythadult_yge25,edu_isced11_3,2012,5.72
mrt,sex_m,age_ythadult_yge25,edu_isced11_3,2017,12.868
mrt,sex_m,age_ythadult_yge25,edu_isced11_3,2019,7.123
mrt,sex_m,age_ythadult_yge25,edu_isced11_4,2017,3.135
mrt,sex_m,age_ythadult_yge25,edu_isced11_5,2017,0.712
mrt,sex_m,age_ythadult_yge25,edu_isced11_5,2019,0.551
mrt,sex_m,age_ythadult_yge25,edu_isced11_6,2012,11.264
mrt,sex_m,age_ythadult_yge25,edu_isced11_6,2017,11.358
mrt,sex_m,age_ythadult_yge25,edu_isced11_6,2019,3.14
mrt,sex_m,age_ythadult_yge25,edu_isced11_7,2012,0.913
mrt,sex_m,age_ythadult_yge25,edu_isced11_7,2017,2.195
mrt,sex_m,age_ythadult_yge25,edu_isced11_7,2019,6.885
mrt,sex_m,age_ythadult_yge25,edu_isced11_8,2017,1.258
mrt,sex_m,age_ythadult_yge25,edu_isced11_8,2019,0.43
mrt,sex_m,age_ythadult_yge25,edu_isced11_9,2012,97.528
mrt,sex_m,age_ythadult_yge25,edu_isced11_9,2017,134.358
mrt,sex_m,age_ythadult_yge25,edu_isced11_9,2019,6.634
mrt,sex_m,age_ythadult_yge25,edu_isced11_total,2012,321.012
mrt,sex_m,age_ythadult_yge25,edu_isced11_total,2017,376.243
mrt,sex_m,age_ythadult_yge25,edu_isced11_total,2019,453.358
mrt,sex_m,age_ythadult_yge25,edu_isced11_x,2012,95.335
mrt,sex_m,age_ythadult_yge25,edu_isced11_x,2017,82.201
mrt,sex_m,age_ythadult_yge25,edu_isced11_x,2019,101.178
mrt,sex_t,age_10yrbands_total,edu_aggregate_adv,2012,14.893
mrt,sex_t,age_10yrbands_total,edu_aggregate_adv,2017,21.201
mrt,sex_t,age_10yrbands_total,edu_aggregate_adv,2019,13.324
mrt,sex_t,age_10yrbands_total,edu_aggregate_bas,2012,100.942
mrt,sex_t,age_10yrbands_total,edu_aggregate_bas,2017,272.732
mrt,sex_t,age_10yrbands_total,edu_aggregate_bas,2019,117.072
mrt,sex_t,age_10yrbands_total,edu_aggregate_int,2012,8.828
mrt,sex_t,age_10yrbands_total,edu_aggregate_int,2017,21.117
mrt,sex_t,age_10yrbands_total,edu_aggregate_int,2019,9.839
mrt,sex_t,age_10yrbands_total,edu_aggregate_ltb,2012,324.609
mrt,sex_t,age_10yrbands_total,edu_aggregate_ltb,2017,181.862
mrt,sex_t,age_10yrbands_total,edu_aggregate_ltb,2019,698.379
mrt,sex_t,age_10yrbands_total,edu_aggregate_total,2012,610.846
mrt,sex_t,age_10yrbands_total,edu_aggregate_total,2017,721.928
mrt,sex_t,age_10yrbands_total,edu_aggregate_total,2019,846.974
mrt,sex_t,age_10yrbands_total,edu_aggregate_x,2012,161.574
mrt,sex_t,age_10yrbands_total,edu_aggregate_x,2017,225.016
mrt,sex_t,age_10yrbands_total,edu_aggregate_x,2019,8.36
mrt,sex_t,age_10yrbands_total,edu_isced11_0,2012,118.885
mrt,sex_t,age_10yrbands_total,edu_isced11_0,2019,479.948
mrt,sex_t,age_10yrbands_total,edu_isced11_1,2012,47.744
mrt,sex_t,age_10yrbands_total,edu_isced11_1,2019,75.284
mrt,sex_t,age_10yrbands_total,edu_isced11_2,2012,53.197
mrt,sex_t,age_10yrbands_total,edu_isced11_2,2017,272.135
mrt,sex_t,age_10yrbands_total,edu_isced11_2,2019,41.788
mrt,sex_t,age_10yrbands_total,edu_isced11_3,2012,8.828
mrt,sex_t,age_10yrbands_total,edu_isced11_3,2017,17.147
mrt,sex_t,age_10yrbands_total,edu_isced11_3,2019,9.839
mrt,sex_t,age_10yrbands_total,edu_isced11_4,2017,3.97
mrt,sex_t,age_10yrbands_total,edu_isced11_5,2017,2.229
mrt,sex_t,age_10yrbands_total,edu_isced11_5,2019,1.031
mrt,sex_t,age_10yrbands_total,edu_isced11_6,2012,13.98
mrt,sex_t,age_10yrbands_total,edu_isced11_6,2017,14.764
mrt,sex_t,age_10yrbands_total,edu_isced11_6,2019,3.817
mrt,sex_t,age_10yrbands_total,edu_isced11_7,2012,0.913
mrt,sex_t,age_10yrbands_total,edu_isced11_7,2017,2.759
mrt,sex_t,age_10yrbands_total,edu_isced11_7,2019,8.046
mrt,sex_t,age_10yrbands_total,edu_isced11_8,2017,1.45
mrt,sex_t,age_10yrbands_total,edu_isced11_8,2019,0.43
mrt,sex_t,age_10yrbands_total,edu_isced11_9,2012,161.574
mrt,sex_t,age_10yrbands_total,edu_isced11_9,2017,225.016
mrt,sex_t,age_10yrbands_total,edu_isced11_9,2019,8.36
mrt,sex_t,age_10yrbands_total,edu_isced11_total,2012,610.846
mrt,sex_t,age_10yrbands_total,edu_isced11_total,2017,721.928
mrt,sex_t,age_10yrbands_total,edu_isced11_total,2019,846.974
mrt,sex_t,age_10yrbands_total,edu_isced11_x,2012,205.724
mrt,sex_t,age_10yrbands_total,edu_isced11_x,2017,181.862
mrt,sex_t,age_10yrbands_total,edu_isced11_x,2019,218.431
mrt,sex_t,age_10yrbands_y15_24,edu_aggregate_adv,2017,1.146
mrt,sex_t,age_10yrbands_y15_24,edu_aggregate_adv,2019,0.307
mrt,sex_t,age_10yrbands_y15_24,edu_aggregate_bas,2012,21.271
mrt,sex_t,age_10yrbands_y15_24,edu_aggregate_bas,2017,62.721
mrt,sex_t,age_10yrbands_y15_24,edu_aggregate_bas,2019,26.999
mrt,sex_t,age_10yrbands_y15_24,edu_aggregate_int,2012,1.116
mrt,sex_t,age_10yrbands_y15_24,edu_aggregate_int,2017,0.581
mrt,sex_t,age_10yrbands_y15_24,edu_aggregate_int,2019,1.169
mrt,sex_t,age_10yrbands_y15_24,edu_aggregate_ltb,2012,69.291
mrt,sex_t,age_10yrbands_y15_24,edu_aggregate_ltb,2017,24.603
mrt,sex_t,age_10yrbands_y15_24,edu_aggregate_ltb,2019,117.606
mrt,sex_t,age_10yrbands_y15_24,edu_aggregate_total,2012,111.938
mrt,sex_t,age_10yrbands_y15_24,edu_aggregate_total,2017,109.049
mrt,sex_t,age_10yrbands_y15_24,edu_aggregate_total,2019,146.946
mrt,sex_t,age_10yrbands_y15_24,edu_aggregate_x,2012,20.145
mrt,sex_t,age_10yrbands_y15_24,edu_aggregate_x,2017,19.999
mrt,sex_t,age_10yrbands_y15_24,edu_aggregate_x,2019,0.865
mrt,sex_t,age_10yrbands_y15_24,edu_isced11_0,2012,41.891
mrt,sex_t,age_10yrbands_y15_24,edu_isced11_0,2019,87.349
mrt,sex_t,age_10yrbands_y15_24,edu_isced11_1,2012,14.023
mrt,sex_t,age_10yrbands_y15_24,edu_isced11_1,2019,19.921
mrt,sex_t,age_10yrbands_y15_24,edu_isced11_2,2012,7.249
mrt,sex_t,age_10yrbands_y15_24,edu_isced11_2,2017,62.443
mrt,sex_t,age_10yrbands_y15_24,edu_isced11_2,2019,7.078
mrt,sex_t,age_10yrbands_y15_24,edu_isced11_3,2012,1.116
mrt,sex_t,age_10yrbands_y15_24,edu_isced11_3,2017,0.403
mrt,sex_t,age_10yrbands_y15_24,edu_isced11_3,2019,1.169
mrt,sex_t,age_10yrbands_y15_24,edu_isced11_4,2017,0.178
mrt,sex_t,age_10yrbands_y15_24,edu_isced11_9,2012,20.145
mrt,sex_t,age_10yrbands_y15_24,edu_isced11_9,2017,19.999
mrt,sex_t,age_10yrbands_y15_24,edu_isced11_9,2019,0.865
mrt,sex_t,age_10yrbands_y15_24,edu_isced11_total,2012,111.938
mrt,sex_t,age_10yrbands_y15_24,edu_isced11_total,2017,109.049
mrt,sex_t,age_10yrbands_y15_24,edu_isced11_total,2019,146.946
mrt,sex_t,age_10yrbands_y15_24,edu_isced11_x,2012,27.401
mrt,sex_t,age_10yrbands_y15_24,edu_isced11_x,2017,24.603
mrt,sex_t,age_10yrbands_y15_24,edu_isced11_x,2019,30.257
mrt,sex_t,age_10yrbands_y25_34,edu_aggregate_adv,2012,4.557
mrt,sex_t,age_10yrbands_y25_34,edu_aggregate_adv,2017,6.782
mrt,sex_t,age_10yrbands_y25_34,edu_aggregate_adv,2019,4.529
mrt,sex_t,age_10yrbands_y25_34,edu_aggregate_bas,2012,35.288
mrt,sex_t,age_10yrbands_y25_34,edu_aggregate_bas,2017,94.671
mrt,sex_t,age_10yrbands_y25_34,edu_aggregate_bas,2019,38.365
mrt,sex_t,age_10yrbands_y25_34,edu_aggregate_int,2012,2.7
mrt,sex_t,age_10yrbands_y25_34,edu_aggregate_int,2017,5.994
mrt,sex_t,age_10yrbands_y25_34,edu_aggregate_int,2019,3.061
mrt,sex_t,age_10yrbands_y25_34,edu_aggregate_ltb,2012,82.915
mrt,sex_t,age_10yrbands_y25_34,edu_aggregate_ltb,2017,34.014
mrt,sex_t,age_10yrbands_y25_34,edu_aggregate_ltb,2019,170.42
mrt,sex_t,age_10yrbands_y25_34,edu_aggregate_total,2012,159.893
mrt,sex_t,age_10yrbands_y25_34,edu_aggregate_total,2017,188.671
mrt,sex_t,age_10yrbands_y25_34,edu_aggregate_total,2019,218.372
mrt,sex_t,age_10yrbands_y25_34,edu_aggregate_x,2012,34.434
mrt,sex_t,age_10yrbands_y25_34,edu_aggregate_x,2017,47.21
mrt,sex_t,age_10yrbands_y25_34,edu_aggregate_x,2019,1.997
mrt,sex_t,age_10yrbands_y25_34,edu_isced11_0,2012,42.752
mrt,sex_t,age_10yrbands_y25_34,edu_isced11_0,2019,124.837
mrt,sex_t,age_10yrbands_y25_34,edu_isced11_1,2012,14.863
mrt,sex_t,age_10yrbands_y25_34,edu_isced11_1,2019,23.418
mrt,sex_t,age_10yrbands_y25_34,edu_isced11_2,2012,20.424
mrt,sex_t,age_10yrbands_y25_34,edu_isced11_2,2017,94.671
mrt,sex_t,age_10yrbands_y25_34,edu_isced11_2,2019,14.947
mrt,sex_t,age_10yrbands_y25_34,edu_isced11_3,2012,2.7
mrt,sex_t,age_10yrbands_y25_34,edu_isced11_3,2017,4.56
mrt,sex_t,age_10yrbands_y25_34,edu_isced11_3,2019,3.061
mrt,sex_t,age_10yrbands_y25_34,edu_isced11_4,2017,1.434
mrt,sex_t,age_10yrbands_y25_34,edu_isced11_5,2017,0.755
mrt,sex_t,age_10yrbands_y25_34,edu_isced11_5,2019,0.447
mrt,sex_t,age_10yrbands_y25_34,edu_isced11_6,2012,4.456
mrt,sex_t,age_10yrbands_y25_34,edu_isced11_6,2017,4.264
mrt,sex_t,age_10yrbands_y25_34,edu_isced11_6,2019,2.647
mrt,sex_t,age_10yrbands_y25_34,edu_isced11_7,2017,1.569
mrt,sex_t,age_10yrbands_y25_34,edu_isced11_7,2019,1.435
mrt,sex_t,age_10yrbands_y25_34,edu_isced11_9,2012,34.434
mrt,sex_t,age_10yrbands_y25_34,edu_isced11_9,2017,47.21
mrt,sex_t,age_10yrbands_y25_34,edu_isced11_9,2019,1.997
mrt,sex_t,age_10yrbands_y25_34,edu_isced11_total,2012,159.893
mrt,sex_t,age_10yrbands_y25_34,edu_isced11_total,2017,188.671
mrt,sex_t,age_10yrbands_y25_34,edu_isced11_total,2019,218.372
mrt,sex_t,age_10yrbands_y25_34,edu_isced11_x,2012,40.164
mrt,sex_t,age_10yrbands_y25_34,edu_isced11_x,2017,34.014
mrt,sex_t,age_10yrbands_y25_34,edu_isced11_x,2019,45.583
mrt,sex_t,age_10yrbands_y35_44,edu_aggregate_adv,2012,5.349
mrt,sex_t,age_10yrbands_y35_44,edu_aggregate_adv,2017,5.212
mrt,sex_t,age_10yrbands_y35_44,edu_aggregate_adv,2019,4.058
mrt,sex_t,age_10yrbands_y35_44,edu_aggregate_bas,2012,28.549
mrt,sex_t,age_10yrbands_y35_44,edu_aggregate_bas,2017,71.062
mrt,sex_t,age_10yrbands_y35_44,edu_aggregate_bas,2019,27.664
mrt,sex_t,age_10yrbands_y35_44,edu_aggregate_int,2012,1.787
mrt,sex_t,age_10yrbands_y35_44,edu_aggregate_int,2017,9.244
mrt,sex_t,age_10yrbands_y35_44,edu_aggregate_int,2019,3.026
mrt,sex_t,age_10yrbands_y35_44,edu_aggregate_ltb,2012,74.116
mrt,sex_t,age_10yrbands_y35_44,edu_aggregate_ltb,2017,40.332
mrt,sex_t,age_10yrbands_y35_44,edu_aggregate_ltb,2019,163.658
mrt,sex_t,age_10yrbands_y35_44,edu_aggregate_total,2012,148.622
mrt,sex_t,age_10yrbands_y35_44,edu_aggregate_total,2017,177.23
mrt,sex_t,age_10yrbands_y35_44,edu_aggregate_total,2019,199.732
mrt,sex_t,age_10yrbands_y35_44,edu_aggregate_x,2012,38.821
mrt,sex_t,age_10yrbands_y35_44,edu_aggregate_x,2017,51.38
mrt,sex_t,age_10yrbands_y35_44,edu_aggregate_x,2019,1.327
mrt,sex_t,age_10yrbands_y35_44,edu_isced11_0,2012,22.887
mrt,sex_t,age_10yrbands_y35_44,edu_isced11_0,2019,114.129
mrt,sex_t,age_10yrbands_y35_44,edu_isced11_1,2012,11.883
mrt,sex_t,age_10yrbands_y35_44,edu_isced11_1,2019,16.324
mrt,sex_t,age_10yrbands_y35_44,edu_isced11_2,2012,16.666
mrt,sex_t,age_10yrbands_y35_44,edu_isced11_2,2017,71.062
mrt,sex_t,age_10yrbands_y35_44,edu_isced11_2,2019,11.34
mrt,sex_t,age_10yrbands_y35_44,edu_isced11_3,2012,1.787
mrt,sex_t,age_10yrbands_y35_44,edu_isced11_3,2017,7.861
mrt,sex_t,age_10yrbands_y35_44,edu_isced11_3,2019,3.026
mrt,sex_t,age_10yrbands_y35_44,edu_isced11_4,2017,1.383
mrt,sex_t,age_10yrbands_y35_44,edu_isced11_5,2017,0.665
mrt,sex_t,age_10yrbands_y35_44,edu_isced11_6,2012,5.31
mrt,sex_t,age_10yrbands_y35_44,edu_isced11_6,2017,4.283
mrt,sex_t,age_10yrbands_y35_44,edu_isced11_6,2019,0.466
mrt,sex_t,age_10yrbands_y35_44,edu_isced11_7,2017,0.182
mrt,sex_t,age_10yrbands_y35_44,edu_isced11_7,2019,3.24
mrt,sex_t,age_10yrbands_y35_44,edu_isced11_9,2012,38.821
mrt,sex_t,age_10yrbands_y35_44,edu_isced11_9,2017,51.38
mrt,sex_t,age_10yrbands_y35_44,edu_isced11_9,2019,1.327
mrt,sex_t,age_10yrbands_y35_44,edu_isced11_total,2012,148.622
mrt,sex_t,age_10yrbands_y35_44,edu_isced11_total,2017,177.23
mrt,sex_t,age_10yrbands_y35_44,edu_isced11_total,2019,199.732
mrt,sex_t,age_10yrbands_y35_44,edu_isced11_x,2012,51.229
mrt,sex_t,age_10yrbands_y35_44,edu_isced11_x,2017,40.332
mrt,sex_t,age_10yrbands_y35_44,edu_isced11_x,2019,49.528
mrt,sex_t,age_10yrbands_y45_54,edu_aggregate_adv,2012,3.856
mrt,sex_t,age_10yrbands_y45_54,edu_aggregate_adv,2017,4.107
mrt,sex_t,age_10yrbands_y45_54,edu_aggregate_adv,2019,2.385
mrt,sex_t,age_10yrbands_y45_54,edu_aggregate_bas,2012,11.971
mrt,sex_t,age_10yrbands_y45_54,edu_aggregate_bas,2017,31.85
mrt,sex_t,age_10yrbands_y45_54,edu_aggregate_bas,2019,17.792
mrt,sex_t,age_10yrbands_y45_54,edu_aggregate_int,2012,2.298
mrt,sex_t,age_10yrbands_y45_54,edu_aggregate_int,2017,2.832
mrt,sex_t,age_10yrbands_y45_54,edu_aggregate_int,2019,1.737
mrt,sex_t,age_10yrbands_y45_54,edu_aggregate_ltb,2012,54.517
mrt,sex_t,age_10yrbands_y45_54,edu_aggregate_ltb,2017,42.12
mrt,sex_t,age_10yrbands_y45_54,edu_aggregate_ltb,2019,125.365
mrt,sex_t,age_10yrbands_y45_54,edu_aggregate_total,2012,107.723
mrt,sex_t,age_10yrbands_y45_54,edu_aggregate_total,2017,129.418
mrt,sex_t,age_10yrbands_y45_54,edu_aggregate_total,2019,149.966
mrt,sex_t,age_10yrbands_y45_54,edu_aggregate_x,2012,35.082
mrt,sex_t,age_10yrbands_y45_54,edu_aggregate_x,2017,48.51
mrt,sex_t,age_10yrbands_y45_54,edu_aggregate_x,2019,2.686
mrt,sex_t,age_10yrbands_y45_54,edu_isced11_0,2012,8.421
mrt,sex_t,age_10yrbands_y45_54,edu_isced11_0,2019,80.431
mrt,sex_t,age_10yrbands_y45_54,edu_isced11_1,2012,5.326
mrt,sex_t,age_10yrbands_y45_54,edu_isced11_1,2019,11.999
mrt,sex_t,age_10yrbands_y45_54,edu_isced11_2,2012,6.645
mrt,sex_t,age_10yrbands_y45_54,edu_isced11_2,2017,31.85
mrt,sex_t,age_10yrbands_y45_54,edu_isced11_2,2019,5.794
mrt,sex_t,age_10yrbands_y45_54,edu_isced11_3,2012,2.298
mrt,sex_t,age_10yrbands_y45_54,edu_isced11_3,2017,2.045
mrt,sex_t,age_10yrbands_y45_54,edu_isced11_3,2019,1.737
mrt,sex_t,age_10yrbands_y45_54,edu_isced11_4,2017,0.788
mrt,sex_t,age_10yrbands_y45_54,edu_isced11_5,2017,0.253
mrt,sex_t,age_10yrbands_y45_54,edu_isced11_5,2019,0.218
mrt,sex_t,age_10yrbands_y45_54,edu_isced11_6,2012,3.252
mrt,sex_t,age_10yrbands_y45_54,edu_isced11_6,2017,3.16
mrt,sex_t,age_10yrbands_y45_54,edu_isced11_7,2017,0.516
mrt,sex_t,age_10yrbands_y45_54,edu_isced11_7,2019,1.911
mrt,sex_t,age_10yrbands_y45_54,edu_isced11_8,2017,0.177
mrt,sex_t,age_10yrbands_y45_54,edu_isced11_9,2012,35.082
mrt,sex_t,age_10yrbands_y45_54,edu_isced11_9,2017,48.51
mrt,sex_t,age_10yrbands_y45_54,edu_isced11_9,2019,2.686
mrt,sex_t,age_10yrbands_y45_54,edu_isced11_total,2012,107.723
mrt,sex_t,age_10yrbands_y45_54,edu_isced11_total,2017,129.418
mrt,sex_t,age_10yrbands_y45_54,edu_isced11_total,2019,149.966
mrt,sex_t,age_10yrbands_y45_54,edu_isced11_x,2012,46.096
mrt,sex_t,age_10yrbands_y45_54,edu_isced11_x,2017,42.12
mrt,sex_t,age_10yrbands_y45_54,edu_isced11_x,2019,44.935
mrt,sex_t,age_10yrbands_y55_64,edu_aggregate_adv,2012,0.664
mrt,sex_t,age_10yrbands_y55_64,edu_aggregate_adv,2017,2.692
mrt,sex_t,age_10yrbands_y55_64,edu_aggregate_adv,2019,1.278
mrt,sex_t,age_10yrbands_y55_64,edu_aggregate_bas,2012,3.33
mrt,sex_t,age_10yrbands_y55_64,edu_aggregate_bas,2017,9.527
mrt,sex_t,age_10yrbands_y55_64,edu_aggregate_bas,2019,5.078
mrt,sex_t,age_10yrbands_y55_64,edu_aggregate_int,2012,0.705
mrt,sex_t,age_10yrbands_y55_64,edu_aggregate_int,2017,1.691
mrt,sex_t,age_10yrbands_y55_64,edu_aggregate_int,2019,0.682
mrt,sex_t,age_10yrbands_y55_64,edu_aggregate_ltb,2012,28.536
mrt,sex_t,age_10yrbands_y55_64,edu_aggregate_ltb,2017,26.852
mrt,sex_t,age_10yrbands_y55_64,edu_aggregate_ltb,2019,78.352
mrt,sex_t,age_10yrbands_y55_64,edu_aggregate_total,2012,53.556
mrt,sex_t,age_10yrbands_y55_64,edu_aggregate_total,2017,80.864
mrt,sex_t,age_10yrbands_y55_64,edu_aggregate_total,2019,86.477
mrt,sex_t,age_10yrbands_y55_64,edu_aggregate_x,2012,20.322
mrt,sex_t,age_10yrbands_y55_64,edu_aggregate_x,2017,40.102
mrt,sex_t,age_10yrbands_y55_64,edu_aggregate_x,2019,1.087
mrt,sex_t,age_10yrbands_y55_64,edu_isced11_0,2012,2.241
mrt,sex_t,age_10yrbands_y55_64,edu_isced11_0,2019,47.993
mrt,sex_t,age_10yrbands_y55_64,edu_isced11_1,2012,1.276
mrt,sex_t,age_10yrbands_y55_64,edu_isced11_1,2019,3.154
mrt,sex_t,age_10yrbands_y55_64,edu_isced11_2,2012,2.053
mrt,sex_t,age_10yrbands_y55_64,edu_isced11_2,2017,9.527
mrt,sex_t,age_10yrbands_y55_64,edu_isced11_2,2019,1.924
mrt,sex_t,age_10yrbands_y55_64,edu_isced11_3,2012,0.705
mrt,sex_t,age_10yrbands_y55_64,edu_isced11_3,2017,1.523
mrt,sex_t,age_10yrbands_y55_64,edu_isced11_3,2019,0.682
mrt,sex_t,age_10yrbands_y55_64,edu_isced11_4,2017,0.168
mrt,sex_t,age_10yrbands_y55_64,edu_isced11_6,2017,1.785
mrt,sex_t,age_10yrbands_y55_64,edu_isced11_7,2019,0.734
mrt,sex_t,age_10yrbands_y55_64,edu_isced11_9,2012,20.322
mrt,sex_t,age_10yrbands_y55_64,edu_isced11_9,2017,40.102
mrt,sex_t,age_10yrbands_y55_64,edu_isced11_9,2019,1.087
mrt,sex_t,age_10yrbands_y55_64,edu_isced11_total,2012,53.556
mrt,sex_t,age_10yrbands_y55_64,edu_isced11_total,2017,80.864
mrt,sex_t,age_10yrbands_y55_64,edu_isced11_total,2019,86.477
mrt,sex_t,age_10yrbands_y55_64,edu_isced11_x,2012,26.294
mrt,sex_t,age_10yrbands_y55_64,edu_isced11_x,2017,26.852
mrt,sex_t,age_10yrbands_y55_64,edu_isced11_x,2019,30.359
mrt,sex_t,age_10yrbands_yge65,edu_aggregate_adv,2017,1.262
mrt,sex_t,age_10yrbands_yge65,edu_aggregate_adv,2019,0.767
mrt,sex_t,age_10yrbands_yge65,edu_aggregate_bas,2012,0.534
mrt,sex_t,age_10yrbands_yge65,edu_aggregate_bas,2017,2.901
mrt,sex_t,age_10yrbands_yge65,edu_aggregate_bas,2019,1.174
mrt,sex_t,age_10yrbands_yge65,edu_aggregate_int,2017,0.774
mrt,sex_t,age_10yrbands_yge65,edu_aggregate_ltb,2012,15.234
mrt,sex_t,age_10yrbands_yge65,edu_aggregate_ltb,2017,13.942
mrt,sex_t,age_10yrbands_yge65,edu_aggregate_ltb,2019,42.978
mrt,sex_t,age_10yrbands_yge65,edu_aggregate_total,2012,29.114
mrt,sex_t,age_10yrbands_yge65,edu_aggregate_total,2017,36.696
mrt,sex_t,age_10yrbands_yge65,edu_aggregate_total,2019,45.482
mrt,sex_t,age_10yrbands_yge65,edu_aggregate_x,2012,12.771
mrt,sex_t,age_10yrbands_yge65,edu_aggregate_x,2017,17.816
mrt,sex_t,age_10yrbands_yge65,edu_aggregate_x,2019,0.398
mrt,sex_t,age_10yrbands_yge65,edu_isced11_0,2012,0.693
mrt,sex_t,age_10yrbands_yge65,edu_isced11_0,2019,25.209
mrt,sex_t,age_10yrbands_yge65,edu_isced11_1,2012,0.373
mrt,sex_t,age_10yrbands_yge65,edu_isced11_1,2019,0.468
mrt,sex_t,age_10yrbands_yge65,edu_isced11_2,2012,0.161
mrt,sex_t,age_10yrbands_yge65,edu_isced11_2,2017,2.582
mrt,sex_t,age_10yrbands_yge65,edu_isced11_2,2019,0.706
mrt,sex_t,age_10yrbands_yge65,edu_isced11_3,2017,0.756
mrt,sex_t,age_10yrbands_yge65,edu_isced11_6,2017,0.976
mrt,sex_t,age_10yrbands_yge65,edu_isced11_7,2019,0.625
mrt,sex_t,age_10yrbands_yge65,edu_isced11_9,2012,12.771
mrt,sex_t,age_10yrbands_yge65,edu_isced11_9,2017,17.816
mrt,sex_t,age_10yrbands_yge65,edu_isced11_9,2019,0.398
mrt,sex_t,age_10yrbands_yge65,edu_isced11_total,2012,29.114
mrt,sex_t,age_10yrbands_yge65,edu_isced11_total,2017,36.696
mrt,sex_t,age_10yrbands_yge65,edu_isced11_total,2019,45.482
mrt,sex_t,age_10yrbands_yge65,edu_isced11_x,2012,14.54
mrt,sex_t,age_10yrbands_yge65,edu_isced11_x,2017,13.942
mrt,sex_t,age_10yrbands_yge65,edu_isced11_x,2019,17.768
mrt,sex_t,age_aggregate_total,edu_aggregate_adv,2012,14.893
mrt,sex_t,age_aggregate_total,edu_aggregate_adv,2017,21.201
mrt,sex_t,age_aggregate_total,edu_aggregate_adv,2019,13.324
mrt,sex_t,age_aggregate_total,edu_aggregate_bas,2012,100.942
mrt,sex_t,age_aggregate_total,edu_aggregate_bas,2017,272.732
mrt,sex_t,age_aggregate_total,edu_aggregate_bas,2019,117.072
mrt,sex_t,age_aggregate_total,edu_aggregate_int,2012,8.828
mrt,sex_t,age_aggregate_total,edu_aggregate_int,2017,21.117
mrt,sex_t,age_aggregate_total,edu_aggregate_int,2019,9.839
mrt,sex_t,age_aggregate_total,edu_aggregate_ltb,2012,324.609
mrt,sex_t,age_aggregate_total,edu_aggregate_ltb,2017,181.862
mrt,sex_t,age_aggregate_total,edu_aggregate_ltb,2019,698.379
mrt,sex_t,age_aggregate_total,edu_aggregate_total,2012,610.846
mrt,sex_t,age_aggregate_total,edu_aggregate_total,2017,721.928
mrt,sex_t,age_aggregate_total,edu_aggregate_total,2019,846.974
mrt,sex_t,age_aggregate_total,edu_aggregate_x,2012,161.574
mrt,sex_t,age_aggregate_total,edu_aggregate_x,2017,225.016
mrt,sex_t,age_aggregate_total,edu_aggregate_x,2019,8.36
mrt,sex_t,age_aggregate_total,edu_isced11_0,2012,118.885
mrt,sex_t,age_aggregate_total,edu_isced11_0,2019,479.948
mrt,sex_t,age_aggregate_total,edu_isced11_1,2012,47.744
mrt,sex_t,age_aggregate_total,edu_isced11_1,2019,75.284
mrt,sex_t,age_aggregate_total,edu_isced11_2,2012,53.197
mrt,sex_t,age_aggregate_total,edu_isced11_2,2017,272.135
mrt,sex_t,age_aggregate_total,edu_isced11_2,2019,41.788
mrt,sex_t,age_aggregate_total,edu_isced11_3,2012,8.828
mrt,sex_t,age_aggregate_total,edu_isced11_3,2017,17.147
mrt,sex_t,age_aggregate_total,edu_isced11_3,2019,9.839
mrt,sex_t,age_aggregate_total,edu_isced11_4,2017,3.97
mrt,sex_t,age_aggregate_total,edu_isced11_5,2017,2.229
mrt,sex_t,age_aggregate_total,edu_isced11_5,2019,1.031
mrt,sex_t,age_aggregate_total,edu_isced11_6,2012,13.98
mrt,sex_t,age_aggregate_total,edu_isced11_6,2017,14.764
mrt,sex_t,age_aggregate_total,edu_isced11_6,2019,3.817
mrt,sex_t,age_aggregate_total,edu_isced11_7,2012,0.913
mrt,sex_t,age_aggregate_total,edu_isced11_7,2017,2.759
mrt,sex_t,age_aggregate_total,edu_isced11_7,2019,8.046
mrt,sex_t,age_aggregate_total,edu_isced11_8,2017,1.45
mrt,sex_t,age_aggregate_total,edu_isced11_8,2019,0.43
mrt,sex_t,age_aggregate_total,edu_isced11_9,2012,161.574
mrt,sex_t,age_aggregate_total,edu_isced11_9,2017,225.016
mrt,sex_t,age_aggregate_total,edu_isced11_9,2019,8.36
mrt,sex_t,age_aggregate_total,edu_isced11_total,2012,610.846
mrt,sex_t,age_aggregate_total,edu_isced11_total,2017,721.928
mrt,sex_t,age_aggregate_total,edu_isced11_total,2019,846.974
mrt,sex_t,age_aggregate_total,edu_isced11_x,2012,205.724
mrt,sex_t,age_aggregate_total,edu_isced11_x,2017,181.862
mrt,sex_t,age_aggregate_total,edu_isced11_x,2019,218.431
mrt,sex_t,age_aggregate_y15_24,edu_aggregate_adv,2017,1.146
mrt,sex_t,age_aggregate_y15_24,edu_aggregate_adv,2019,0.307
mrt,sex_t,age_aggregate_y15_24,edu_aggregate_bas,2012,21.271
mrt,sex_t,age_aggregate_y15_24,edu_aggregate_bas,2017,62.721
mrt,sex_t,age_aggregate_y15_24,edu_aggregate_bas,2019,26.999
mrt,sex_t,age_aggregate_y15_24,edu_aggregate_int,2012,1.116
mrt,sex_t,age_aggregate_y15_24,edu_aggregate_int,2017,0.581
mrt,sex_t,age_aggregate_y15_24,edu_aggregate_int,2019,1.169
mrt,sex_t,age_aggregate_y15_24,edu_aggregate_ltb,2012,69.291
mrt,sex_t,age_aggregate_y15_24,edu_aggregate_ltb,2017,24.603
mrt,sex_t,age_aggregate_y15_24,edu_aggregate_ltb,2019,117.606
mrt,sex_t,age_aggregate_y15_24,edu_aggregate_total,2012,111.938
mrt,sex_t,age_aggregate_y15_24,edu_aggregate_total,2017,109.049
mrt,sex_t,age_aggregate_y15_24,edu_aggregate_total,2019,146.946
mrt,sex_t,age_aggregate_y15_24,edu_aggregate_x,2012,20.145
mrt,sex_t,age_aggregate_y15_24,edu_aggregate_x,2017,19.999
mrt,sex_t,age_aggregate_y15_24,edu_aggregate_x,2019,0.865
mrt,sex_t,age_aggregate_y15_24,edu_isced11_0,2012,41.891
mrt,sex_t,age_aggregate_y15_24,edu_isced11_0,2019,87.349
mrt,sex_t,age_aggregate_y15_24,edu_isced11_1,2012,14.023
mrt,sex_t,age_aggregate_y15_24,edu_isced11_1,2019,19.921
mrt,sex_t,age_aggregate_y15_24,edu_isced11_2,2012,7.249
mrt,sex_t,age_aggregate_y15_24,edu_isced11_2,2017,62.443
mrt,sex_t,age_aggregate_y15_24,edu_isced11_2,2019,7.078
mrt,sex_t,age_aggregate_y15_24,edu_isced11_3,2012,1.116
mrt,sex_t,age_aggregate_y15_24,edu_isced11_3,2017,0.403
mrt,sex_t,age_aggregate_y15_24,edu_isced11_3,2019,1.169
mrt,sex_t,age_aggregate_y15_24,edu_isced11_4,2017,0.178
mrt,sex_t,age_aggregate_y15_24,edu_isced11_9,2012,20.145
mrt,sex_t,age_aggregate_y15_24,edu_isced11_9,2017,19.999
mrt,sex_t,age_aggregate_y15_24,edu_isced11_9,2019,0.865
mrt,sex_t,age_aggregate_y15_24,edu_isced11_total,2012,111.938
mrt,sex_t,age_aggregate_y15_24,edu_isced11_total,2017,109.049
mrt,sex_t,age_aggregate_y15_24,edu_isced11_total,2019,146.946
mrt,sex_t,age_aggregate_y15_24,edu_isced11_x,2012,27.401
mrt,sex_t,age_aggregate_y15_24,edu_isced11_x,2017,24.603
mrt,sex_t,age_aggregate_y15_24,edu_isced11_x,2019,30.257
mrt,sex_t,age_aggregate_y25_54,edu_aggregate_adv,2012,13.761
mrt,sex_t,age_aggregate_y25_54,edu_aggregate_adv,2017,16.1
mrt,sex_t,age_aggregate_y25_54,edu_aggregate_adv,2019,10.972
mrt,sex_t,age_aggregate_y25_54,edu_aggregate_bas,2012,75.807
mrt,sex_t,age_aggregate_y25_54,edu_aggregate_bas,2017,197.583
mrt,sex_t,age_aggregate_y25_54,edu_aggregate_bas,2019,83.821
mrt,sex_t,age_aggregate_y25_54,edu_aggregate_int,2012,6.784
mrt,sex_t,age_aggregate_y25_54,edu_aggregate_int,2017,18.071
mrt,sex_t,age_aggregate_y25_54,edu_aggregate_int,2019,7.823
mrt,sex_t,age_aggregate_y25_54,edu_aggregate_ltb,2012,211.549
mrt,sex_t,age_aggregate_y25_54,edu_aggregate_ltb,2017,116.465
mrt,sex_t,age_aggregate_y25_54,edu_aggregate_ltb,2019,459.443
mrt,sex_t,age_aggregate_y25_54,edu_aggregate_total,2012,416.238
mrt,sex_t,age_aggregate_y25_54,edu_aggregate_total,2017,495.319
mrt,sex_t,age_aggregate_y25_54,edu_aggregate_total,2019,568.07
mrt,sex_t,age_aggregate_y25_54,edu_aggregate_x,2012,108.336
mrt,sex_t,age_aggregate_y25_54,edu_aggregate_x,2017,147.1
mrt,sex_t,age_aggregate_y25_54,edu_aggregate_x,2019,6.01
mrt,sex_t,age_aggregate_y25_54,edu_isced11_0,2012,74.06
mrt,sex_t,age_aggregate_y25_54,edu_isced11_0,2019,319.397
mrt,sex_t,age_aggregate_y25_54,edu_isced11_1,2012,32.072
mrt,sex_t,age_aggregate_y25_54,edu_isced11_1,2019,51.741
mrt,sex_t,age_aggregate_y25_54,edu_isced11_2,2012,43.735
mrt,sex_t,age_aggregate_y25_54,edu_isced11_2,2017,197.583
mrt,sex_t,age_aggregate_y25_54,edu_isced11_2,2019,32.08
mrt,sex_t,age_aggregate_y25_54,edu_isced11_3,2012,6.784
mrt,sex_t,age_aggregate_y25_54,edu_isced11_3,2017,14.466
mrt,sex_t,age_aggregate_y25_54,edu_isced11_3,2019,7.823
mrt,sex_t,age_aggregate_y25_54,edu_isced11_4,2017,3.605
mrt,sex_t,age_aggregate_y25_54,edu_isced11_5,2017,1.673
mrt,sex_t,age_aggregate_y25_54,edu_isced11_5,2019,0.718
mrt,sex_t,age_aggregate_y25_54,edu_isced11_6,2012,13.019
mrt,sex_t,age_aggregate_y25_54,edu_isced11_6,2017,11.707
mrt,sex_t,age_aggregate_y25_54,edu_isced11_6,2019,3.368
mrt,sex_t,age_aggregate_y25_54,edu_isced11_7,2012,0.742
mrt,sex_t,age_aggregate_y25_54,edu_isced11_7,2017,2.267
mrt,sex_t,age_aggregate_y25_54,edu_isced11_7,2019,6.586
mrt,sex_t,age_aggregate_y25_54,edu_isced11_8,2017,0.453
mrt,sex_t,age_aggregate_y25_54,edu_isced11_9,2012,108.336
mrt,sex_t,age_aggregate_y25_54,edu_isced11_9,2017,147.1
mrt,sex_t,age_aggregate_y25_54,edu_isced11_9,2019,6.01
mrt,sex_t,age_aggregate_y25_54,edu_isced11_total,2012,416.238
mrt,sex_t,age_aggregate_y25_54,edu_isced11_total,2017,495.319
mrt,sex_t,age_aggregate_y25_54,edu_isced11_total,2019,568.07
mrt,sex_t,age_aggregate_y25_54,edu_isced11_x,2012,137.489
mrt,sex_t,age_aggregate_y25_54,edu_isced11_x,2017,116.465
mrt,sex_t,age_aggregate_y25_54,edu_isced11_x,2019,140.046
mrt,sex_t,age_aggregate_y55_64,edu_aggregate_adv,2012,0.664
mrt,sex_t,age_aggregate_y55_64,edu_aggregate_adv,2017,2.692
mrt,sex_t,age_aggregate_y55_64,edu_aggregate_adv,2019,1.278
mrt,sex_t,age_aggregate_y55_64,edu_aggregate_bas,2012,3.33
mrt,sex_t,age_aggregate_y55_64,edu_aggregate_bas,2017,9.527
mrt,sex_t,age_aggregate_y55_64,edu_aggregate_bas,2019,5.078
mrt,sex_t,age_aggregate_y55_64,edu_aggregate_int,2012,0.705
mrt,sex_t,age_aggregate_y55_64,edu_aggregate_int,2017,1.691
mrt,sex_t,age_aggregate_y55_64,edu_aggregate_int,2019,0.682
mrt,sex_t,age_aggregate_y55_64,edu_aggregate_ltb,2012,28.536
mrt,sex_t,age_aggregate_y55_64,edu_aggregate_ltb,2017,26.852
mrt,sex_t,age_aggregate_y55_64,edu_aggregate_ltb,2019,78.352
mrt,sex_t,age_aggregate_y55_64,edu_aggregate_total,2012,53.556
mrt,sex_t,age_aggregate_y55_64,edu_aggregate_total,2017,80.864
mrt,sex_t,age_aggregate_y55_64,edu_aggregate_total,2019,86.477
mrt,sex_t,age_aggregate_y55_64,edu_aggregate_x,2012,20.322
mrt,sex_t,age_aggregate_y55_64,edu_aggregate_x,2017,40.102
mrt,sex_t,age_aggregate_y55_64,edu_aggregate_x,2019,1.087
mrt,sex_t,age_aggregate_y55_64,edu_isced11_0,2012,2.241
mrt,sex_t,age_aggregate_y55_64,edu_isced11_0,2019,47.993
mrt,sex_t,age_aggregate_y55_64,edu_isced11_1,2012,1.276
mrt,sex_t,age_aggregate_y55_64,edu_isced11_1,2019,3.154
mrt,sex_t,age_aggregate_y55_64,edu_isced11_2,2012,2.053
mrt,sex_t,age_aggregate_y55_64,edu_isced11_2,2017,9.527
mrt,sex_t,age_aggregate_y55_64,edu_isced11_2,2019,1.924
mrt,sex_t,age_aggregate_y55_64,edu_isced11_3,2012,0.705
mrt,sex_t,age_aggregate_y55_64,edu_isced11_3,2017,1.523
mrt,sex_t,age_aggregate_y55_64,edu_isced11_3,2019,0.682
mrt,sex_t,age_aggregate_y55_64,edu_isced11_4,2017,0.168
mrt,sex_t,age_aggregate_y55_64,edu_isced11_6,2017,1.785
mrt,sex_t,age_aggregate_y55_64,edu_isced11_7,2019,0.734
mrt,sex_t,age_aggregate_y55_64,edu_isced11_9,2012,20.322
mrt,sex_t,age_aggregate_y55_64,edu_isced11_9,2017,40.102
mrt,sex_t,age_aggregate_y55_64,edu_isced11_9,2019,1.087
mrt,sex_t,age_aggregate_y55_64,edu_isced11_total,2012,53.556
mrt,sex_t,age_aggregate_y55_64,edu_isced11_total,2017,80.864
mrt,sex_t,age_aggregate_y55_64,edu_isced11_total,2019,86.477
mrt,sex_t,age_aggregate_y55_64,edu_isced11_x,2012,26.294
mrt,sex_t,age_aggregate_y55_64,edu_isced11_x,2017,26.852
mrt,sex_t,age_aggregate_y55_64,edu_isced11_x,2019,30.359
mrt,sex_t,age_aggregate_yge65,edu_aggregate_adv,2017,1.262
mrt,sex_t,age_aggregate_yge65,edu_aggregate_adv,2019,0.767
mrt,sex_t,age_aggregate_yge65,edu_aggregate_bas,2012,0.534
mrt,sex_t,age_aggregate_yge65,edu_aggregate_bas,2017,2.901
mrt,sex_t,age_aggregate_yge65,edu_aggregate_bas,2019,1.174
mrt,sex_t,age_aggregate_yge65,edu_aggregate_int,2017,0.774
mrt,sex_t,age_aggregate_yge65,edu_aggregate_ltb,2012,15.234
mrt,sex_t,age_aggregate_yge65,edu_aggregate_ltb,2017,13.942
mrt,sex_t,age_aggregate_yge65,edu_aggregate_ltb,2019,42.978
mrt,sex_t,age_aggregate_yge65,edu_aggregate_total,2012,29.114
mrt,sex_t,age_aggregate_yge65,edu_aggregate_total,2017,36.696
mrt,sex_t,age_aggregate_yge65,edu_aggregate_total,2019,45.482
mrt,sex_t,age_aggregate_yge65,edu_aggregate_x,2012,12.771
mrt,sex_t,age_aggregate_yge65,edu_aggregate_x,2017,17.816
mrt,sex_t,age_aggregate_yge65,edu_aggregate_x,2019,0.398
mrt,sex_t,age_aggregate_yge65,edu_isced11_0,2012,0.693
mrt,sex_t,age_aggregate_yge65,edu_isced11_0,2019,25.209
mrt,sex_t,age_aggregate_yge65,edu_isced11_1,2012,0.373
mrt,sex_t,age_aggregate_yge65,edu_isced11_1,2019,0.468
mrt,sex_t,age_aggregate_yge65,edu_isced11_2,2012,0.161
mrt,sex_t,age_aggregate_yge65,edu_isced11_2,2017,2.582
mrt,sex_t,age_aggregate_yge65,edu_isced11_2,2019,0.706
mrt,sex_t,age_aggregate_yge65,edu_isced11_3,2017,0.756
mrt,sex_t,age_aggregate_yge65,edu_isced11_6,2017,0.976
mrt,sex_t,age_aggregate_yge65,edu_isced11_7,2019,0.625
mrt,sex_t,age_aggregate_yge65,edu_isced11_9,2012,12.771
mrt,sex_t,age_aggregate_yge65,edu_isced11_9,2017,17.816
mrt,sex_t,age_aggregate_yge65,edu_isced11_9,2019,0.398
mrt,sex_t,age_aggregate_yge65,edu_isced11_total,2012,29.114
mrt,sex_t,age_aggregate_yge65,edu_isced11_total,2017,36.696
mrt,sex_t,age_aggregate_yge65,edu_isced11_total,2019,45.482
mrt,sex_t,age_aggregate_yge65,edu_isced11_x,2012,14.54
mrt,sex_t,age_aggregate_yge65,edu_isced11_x,2017,13.942
mrt,sex_t,age_aggregate_yge65,edu_isced11_x,2019,17.768
mrt,sex_t,age_ythadult_y15_24,edu_aggregate_adv,2017,1.146
mrt,sex_t,age_ythadult_y15_24,edu_aggregate_adv,2019,0.307
mrt,sex_t,age_ythadult_y15_24,edu_aggregate_bas,2012,21.271
mrt,sex_t,age_ythadult_y15_24,edu_aggregate_bas,2017,62.721
mrt,sex_t,age_ythadult_y15_24,edu_aggregate_bas,2019,26.999
mrt,sex_t,age_ythadult_y15_24,edu_aggregate_int,2012,1.116
mrt,sex_t,age_ythadult_y15_24,edu_aggregate_int,2017,0.581
mrt,sex_t,age_ythadult_y15_24,edu_aggregate_int,2019,1.169
mrt,sex_t,age_ythadult_y15_24,edu_aggregate_ltb,2012,69.291
mrt,sex_t,age_ythadult_y15_24,edu_aggregate_ltb,2017,24.603
mrt,sex_t,age_ythadult_y15_24,edu_aggregate_ltb,2019,117.606
mrt,sex_t,age_ythadult_y15_24,edu_aggregate_total,2012,111.938
mrt,sex_t,age_ythadult_y15_24,edu_aggregate_total,2017,109.049
mrt,sex_t,age_ythadult_y15_24,edu_aggregate_total,2019,146.946
mrt,sex_t,age_ythadult_y15_24,edu_aggregate_x,2012,20.145
mrt,sex_t,age_ythadult_y15_24,edu_aggregate_x,2017,19.999
mrt,sex_t,age_ythadult_y15_24,edu_aggregate_x,2019,0.865
mrt,sex_t,age_ythadult_y15_24,edu_isced11_0,2012,41.891
mrt,sex_t,age_ythadult_y15_24,edu_isced11_0,2019,87.349
mrt,sex_t,age_ythadult_y15_24,edu_isced11_1,2012,14.023
mrt,sex_t,age_ythadult_y15_24,edu_isced11_1,2019,19.921
mrt,sex_t,age_ythadult_y15_24,edu_isced11_2,2012,7.249
mrt,sex_t,age_ythadult_y15_24,edu_isced11_2,2017,62.443
mrt,sex_t,age_ythadult_y15_24,edu_isced11_2,2019,7.078
mrt,sex_t,age_ythadult_y15_24,edu_isced11_3,2012,1.116
mrt,sex_t,age_ythadult_y15_24,edu_isced11_3,2017,0.403
mrt,sex_t,age_ythadult_y15_24,edu_isced11_3,2019,1.169
mrt,sex_t,age_ythadult_y15_24,edu_isced11_4,2017,0.178
mrt,sex_t,age_ythadult_y15_24,edu_isced11_9,2012,20.145
mrt,sex_t,age_ythadult_y15_24,edu_isced11_9,2017,19.999
mrt,sex_t,age_ythadult_y15_24,edu_isced11_9,2019,0.865
mrt,sex_t,age_ythadult_y15_24,edu_isced11_total,2012,111.938
mrt,sex_t,age_ythadult_y15_24,edu_isced11_total,2017,109.049
mrt,sex_t,age_ythadult_y15_24,edu_isced11_total,2019,146.946
mrt,sex_t,age_ythadult_y15_24,edu_isced11_x,2012,27.401
mrt,sex_t,age_ythadult_y15_24,edu_isced11_x,2017,24.603
mrt,sex_t,age_ythadult_y15_24,edu_isced11_x,2019,30.257
mrt,sex_t,age_ythadult_y15_64,edu_aggregate_adv,2012,14.54
mrt,sex_t,age_ythadult_y15_64,edu_aggregate_adv,2017,19.939
mrt,sex_t,age_ythadult_y15_64,edu_aggregate_adv,2019,12.557
mrt,sex_t,age_ythadult_y15_64,edu_aggregate_bas,2012,100.408
mrt,sex_t,age_ythadult_y15_64,edu_aggregate_bas,2017,269.83
mrt,sex_t,age_ythadult_y15_64,edu_aggregate_bas,2019,115.899
mrt,sex_t,age_ythadult_y15_64,edu_aggregate_int,2012,8.606
mrt,sex_t,age_ythadult_y15_64,edu_aggregate_int,2017,20.343
mrt,sex_t,age_ythadult_y15_64,edu_aggregate_int,2019,9.674
mrt,sex_t,age_ythadult_y15_64,edu_aggregate_ltb,2012,309.376
mrt,sex_t,age_ythadult_y15_64,edu_aggregate_ltb,2017,167.92
mrt,sex_t,age_ythadult_y15_64,edu_aggregate_ltb,2019,655.401
mrt,sex_t,age_ythadult_y15_64,edu_aggregate_total,2012,581.732
mrt,sex_t,age_ythadult_y15_64,edu_aggregate_total,2017,685.232
mrt,sex_t,age_ythadult_y15_64,edu_aggregate_total,2019,801.492
mrt,sex_t,age_ythadult_y15_64,edu_aggregate_x,2012,148.803
mrt,sex_t,age_ythadult_y15_64,edu_aggregate_x,2017,207.2
mrt,sex_t,age_ythadult_y15_64,edu_aggregate_x,2019,7.962
mrt,sex_t,age_ythadult_y15_64,edu_isced11_0,2012,118.192
mrt,sex_t,age_ythadult_y15_64,edu_isced11_0,2019,454.739
mrt,sex_t,age_ythadult_y15_64,edu_isced11_1,2012,47.371
mrt,sex_t,age_ythadult_y15_64,edu_isced11_1,2019,74.816
mrt,sex_t,age_ythadult_y15_64,edu_isced11_2,2012,53.037
mrt,sex_t,age_ythadult_y15_64,edu_isced11_2,2017,269.553
mrt,sex_t,age_ythadult_y15_64,edu_isced11_2,2019,41.083
mrt,sex_t,age_ythadult_y15_64,edu_isced11_3,2012,8.606
mrt,sex_t,age_ythadult_y15_64,edu_isced11_3,2017,16.392
mrt,sex_t,age_ythadult_y15_64,edu_isced11_3,2019,9.674
mrt,sex_t,age_ythadult_y15_64,edu_isced11_4,2017,3.951
mrt,sex_t,age_ythadult_y15_64,edu_isced11_6,2012,13.627
mrt,sex_t,age_ythadult_y15_64,edu_isced11_6,2017,13.787
mrt,sex_t,age_ythadult_y15_64,edu_isced11_6,2019,3.74
mrt,sex_t,age_ythadult_y15_64,edu_isced11_7,2017,2.759
mrt,sex_t,age_ythadult_y15_64,edu_isced11_7,2019,7.422
mrt,sex_t,age_ythadult_y15_64,edu_isced11_9,2012,148.803
mrt,sex_t,age_ythadult_y15_64,edu_isced11_9,2017,207.2
mrt,sex_t,age_ythadult_y15_64,edu_isced11_9,2019,7.962
mrt,sex_t,age_ythadult_y15_64,edu_isced11_total,2012,581.732
mrt,sex_t,age_ythadult_y15_64,edu_isced11_total,2017,685.232
mrt,sex_t,age_ythadult_y15_64,edu_isced11_total,2019,801.492
mrt,sex_t,age_ythadult_y15_64,edu_isced11_x,2012,191.184
mrt,sex_t,age_ythadult_y15_64,edu_isced11_x,2017,167.92
mrt,sex_t,age_ythadult_y15_64,edu_isced11_x,2019,200.662
mrt,sex_t,age_ythadult_yge15,edu_aggregate_adv,2012,14.893
mrt,sex_t,age_ythadult_yge15,edu_aggregate_adv,2017,21.201
mrt,sex_t,age_ythadult_yge15,edu_aggregate_adv,2019,13.324
mrt,sex_t,age_ythadult_yge15,edu_aggregate_bas,2012,100.942
mrt,sex_t,age_ythadult_yge15,edu_aggregate_bas,2017,272.732
mrt,sex_t,age_ythadult_yge15,edu_aggregate_bas,2019,117.072
mrt,sex_t,age_ythadult_yge15,edu_aggregate_int,2012,8.828
mrt,sex_t,age_ythadult_yge15,edu_aggregate_int,2017,21.117
mrt,sex_t,age_ythadult_yge15,edu_aggregate_int,2019,9.839
mrt,sex_t,age_ythadult_yge15,edu_aggregate_ltb,2012,324.609
mrt,sex_t,age_ythadult_yge15,edu_aggregate_ltb,2017,181.862
mrt,sex_t,age_ythadult_yge15,edu_aggregate_ltb,2019,698.379
mrt,sex_t,age_ythadult_yge15,edu_aggregate_total,2012,610.846
mrt,sex_t,age_ythadult_yge15,edu_aggregate_total,2017,721.928
mrt,sex_t,age_ythadult_yge15,edu_aggregate_total,2019,846.974
mrt,sex_t,age_ythadult_yge15,edu_aggregate_x,2012,161.574
mrt,sex_t,age_ythadult_yge15,edu_aggregate_x,2017,225.016
mrt,sex_t,age_ythadult_yge15,edu_aggregate_x,2019,8.36
mrt,sex_t,age_ythadult_yge15,edu_isced11_0,2012,118.885
mrt,sex_t,age_ythadult_yge15,edu_isced11_0,2019,479.948
mrt,sex_t,age_ythadult_yge15,edu_isced11_1,2012,47.744
mrt,sex_t,age_ythadult_yge15,edu_isced11_1,2019,75.284
mrt,sex_t,age_ythadult_yge15,edu_isced11_2,2012,53.197
mrt,sex_t,age_ythadult_yge15,edu_isced11_2,2017,272.135
mrt,sex_t,age_ythadult_yge15,edu_isced11_2,2019,41.788
mrt,sex_t,age_ythadult_yge15,edu_isced11_3,2012,8.828
mrt,sex_t,age_ythadult_yge15,edu_isced11_3,2017,17.147
mrt,sex_t,age_ythadult_yge15,edu_isced11_3,2019,9.839
mrt,sex_t,age_ythadult_yge15,edu_isced11_4,2017,3.97
mrt,sex_t,age_ythadult_yge15,edu_isced11_5,2017,2.229
mrt,sex_t,age_ythadult_yge15,edu_isced11_5,2019,1.031
mrt,sex_t,age_ythadult_yge15,edu_isced11_6,2012,13.98
mrt,sex_t,age_ythadult_yge15,edu_isced11_6,2017,14.764
mrt,sex_t,age_ythadult_yge15,edu_isced11_6,2019,3.817
mrt,sex_t,age_ythadult_yge15,edu_isced11_7,2012,0.913
mrt,sex_t,age_ythadult_yge15,edu_isced11_7,2017,2.759
mrt,sex_t,age_ythadult_yge15,edu_isced11_7,2019,8.046
mrt,sex_t,age_ythadult_yge15,edu_isced11_8,2017,1.45
mrt,sex_t,age_ythadult_yge15,edu_isced11_8,2019,0.43
mrt,sex_t,age_ythadult_yge15,edu_isced11_9,2012,161.574
mrt,sex_t,age_ythadult_yge15,edu_isced11_9,2017,225.016
mrt,sex_t,age_ythadult_yge15,edu_isced11_9,2019,8.36
mrt,sex_t,age_ythadult_yge15,edu_isced11_total,2012,610.846
mrt,sex_t,age_ythadult_yge15,edu_isced11_total,2017,721.928
mrt,sex_t,age_ythadult_yge15,edu_isced11_total,2019,846.974
mrt,sex_t,age_ythadult_yge15,edu_isced11_x,2012,205.724
mrt,sex_t,age_ythadult_yge15,edu_isced11_x,2017,181.862
mrt,sex_t,age_ythadult_yge15,edu_isced11_x,2019,218.431
mrt,sex_t,age_ythadult_yge25,edu_aggregate_adv,2012,14.778
mrt,sex_t,age_ythadult_yge25,edu_aggregate_adv,2017,20.055
mrt,sex_t,age_ythadult_yge25,edu_aggregate_adv,2019,13.017
mrt,sex_t,age_ythadult_yge25,edu_aggregate_bas,2012,79.67
mrt,sex_t,age_ythadult_yge25,edu_aggregate_bas,2017,210.011
mrt,sex_t,age_ythadult_yge25,edu_aggregate_bas,2019,90.073
mrt,sex_t,age_ythadult_yge25,edu_aggregate_int,2012,7.711
mrt,sex_t,age_ythadult_yge25,edu_aggregate_int,2017,20.536
mrt,sex_t,age_ythadult_yge25,edu_aggregate_int,2019,8.67
mrt,sex_t,age_ythadult_yge25,edu_aggregate_ltb,2012,255.318
mrt,sex_t,age_ythadult_yge25,edu_aggregate_ltb,2017,157.259
mrt,sex_t,age_ythadult_yge25,edu_aggregate_ltb,2019,580.773
mrt,sex_t,age_ythadult_yge25,edu_aggregate_total,2012,498.908
mrt,sex_t,age_ythadult_yge25,edu_aggregate_total,2017,612.878
mrt,sex_t,age_ythadult_yge25,edu_aggregate_total,2019,700.028
mrt,sex_t,age_ythadult_yge25,edu_aggregate_x,2012,141.43
mrt,sex_t,age_ythadult_yge25,edu_aggregate_x,2017,205.017
mrt,sex_t,age_ythadult_yge25,edu_aggregate_x,2019,7.495
mrt,sex_t,age_ythadult_yge25,edu_isced11_0,2012,76.995
mrt,sex_t,age_ythadult_yge25,edu_isced11_0,2019,392.599
mrt,sex_t,age_ythadult_yge25,edu_isced11_1,2012,33.722
mrt,sex_t,age_ythadult_yge25,edu_isced11_1,2019,55.363
mrt,sex_t,age_ythadult_yge25,edu_isced11_2,2012,45.949
mrt,sex_t,age_ythadult_yge25,edu_isced11_2,2017,209.692
mrt,sex_t,age_ythadult_yge25,edu_isced11_2,2019,34.71
mrt,sex_t,age_ythadult_yge25,edu_isced11_3,2012,7.711
mrt,sex_t,age_ythadult_yge25,edu_isced11_3,2017,16.744
mrt,sex_t,age_ythadult_yge25,edu_isced11_3,2019,8.67
mrt,sex_t,age_ythadult_yge25,edu_isced11_4,2017,3.792
mrt,sex_t,age_ythadult_yge25,edu_isced11_5,2017,1.673
mrt,sex_t,age_ythadult_yge25,edu_isced11_5,2019,1.031
mrt,sex_t,age_ythadult_yge25,edu_isced11_6,2012,13.865
mrt,sex_t,age_ythadult_yge25,edu_isced11_6,2017,14.469
mrt,sex_t,age_ythadult_yge25,edu_isced11_6,2019,3.612
mrt,sex_t,age_ythadult_yge25,edu_isced11_7,2012,0.913
mrt,sex_t,age_ythadult_yge25,edu_isced11_7,2017,2.463
mrt,sex_t,age_ythadult_yge25,edu_isced11_7,2019,7.944
mrt,sex_t,age_ythadult_yge25,edu_isced11_8,2017,1.45
mrt,sex_t,age_ythadult_yge25,edu_isced11_8,2019,0.43
mrt,sex_t,age_ythadult_yge25,edu_isced11_9,2012,141.43
mrt,sex_t,age_ythadult_yge25,edu_isced11_9,2017,205.017
mrt,sex_t,age_ythadult_yge25,edu_isced11_9,2019,7.495
mrt,sex_t,age_ythadult_yge25,edu_isced11_total,2012,498.908
mrt,sex_t,age_ythadult_yge25,edu_isced11_total,2017,612.878
mrt,sex_t,age_ythadult_yge25,edu_isced11_total,2019,700.028
mrt,sex_t,age_ythadult_yge25,edu_isced11_x,2012,178.323
mrt,sex_t,age_ythadult_yge25,edu_isced11_x,2017,157.259
mrt,sex_t,age_ythadult_yge25,edu_isced11_x,2019,188.173
