ref_area,sex,classif1,classif2,time,emp_stat_sex_skl_eco_nb
aut,sex_f,skl_skill_match,eco_aggregate_agr,2004,51.876
aut,sex_f,skl_skill_match,eco_aggregate_agr,2005,52.231
aut,sex_f,skl_skill_match,eco_aggregate_agr,2006,54.37
aut,sex_f,skl_skill_match,eco_aggregate_agr,2007,57.99
aut,sex_f,skl_skill_match,eco_aggregate_agr,2008,56.443
aut,sex_f,skl_skill_match,eco_aggregate_agr,2009,56.033
aut,sex_f,skl_skill_match,eco_aggregate_agr,2010,58.196
aut,sex_f,skl_skill_match,eco_aggregate_agr,2011,52.987
aut,sex_f,skl_skill_match,eco_aggregate_agr,2012,51.411
aut,sex_f,skl_skill_match,eco_aggregate_agr,2013,48.802
aut,sex_f,skl_skill_match,eco_aggregate_agr,2014,46.403
aut,sex_f,skl_skill_match,eco_aggregate_agr,2015,45.498
aut,sex_f,skl_skill_match,eco_aggregate_agr,2016,41.237
aut,sex_f,skl_skill_match,eco_aggregate_agr,2017,41.763
aut,sex_f,skl_skill_match,eco_aggregate_agr,2018,37.395
aut,sex_f,skl_skill_match,eco_aggregate_agr,2019,35.447
aut,sex_f,skl_skill_match,eco_aggregate_agr,2020,37.955
aut,sex_f,skl_skill_match,eco_aggregate_agr,2021,35.782
aut,sex_f,skl_skill_match,eco_aggregate_agr,2022,38.629
aut,sex_f,skl_skill_match,eco_aggregate_agr,2023,32.297
aut,sex_f,skl_skill_match,eco_aggregate_con,2004,24.313
aut,sex_f,skl_skill_match,eco_aggregate_con,2005,24.356
aut,sex_f,skl_skill_match,eco_aggregate_con,2006,22.935
aut,sex_f,skl_skill_match,eco_aggregate_con,2007,24.527
aut,sex_f,skl_skill_match,eco_aggregate_con,2008,27.972
aut,sex_f,skl_skill_match,eco_aggregate_con,2009,25.697
aut,sex_f,skl_skill_match,eco_aggregate_con,2010,21.251
aut,sex_f,skl_skill_match,eco_aggregate_con,2011,30.036
aut,sex_f,skl_skill_match,eco_aggregate_con,2012,33.529
aut,sex_f,skl_skill_match,eco_aggregate_con,2013,35.683
aut,sex_f,skl_skill_match,eco_aggregate_con,2014,33.536
aut,sex_f,skl_skill_match,eco_aggregate_con,2015,30.677
aut,sex_f,skl_skill_match,eco_aggregate_con,2016,27.782
aut,sex_f,skl_skill_match,eco_aggregate_con,2017,26.245
aut,sex_f,skl_skill_match,eco_aggregate_con,2018,28.196
aut,sex_f,skl_skill_match,eco_aggregate_con,2019,29.346
aut,sex_f,skl_skill_match,eco_aggregate_con,2020,25.318
aut,sex_f,skl_skill_match,eco_aggregate_con,2021,22.96
aut,sex_f,skl_skill_match,eco_aggregate_con,2022,29.516
aut,sex_f,skl_skill_match,eco_aggregate_con,2023,28.163
aut,sex_f,skl_skill_match,eco_aggregate_man,2004,108.054
aut,sex_f,skl_skill_match,eco_aggregate_man,2005,101.439
aut,sex_f,skl_skill_match,eco_aggregate_man,2006,111.365
aut,sex_f,skl_skill_match,eco_aggregate_man,2007,101.432
aut,sex_f,skl_skill_match,eco_aggregate_man,2008,97.992
aut,sex_f,skl_skill_match,eco_aggregate_man,2009,94.238
aut,sex_f,skl_skill_match,eco_aggregate_man,2010,96.994
aut,sex_f,skl_skill_match,eco_aggregate_man,2011,98.411
aut,sex_f,skl_skill_match,eco_aggregate_man,2012,104.681
aut,sex_f,skl_skill_match,eco_aggregate_man,2013,105.612
aut,sex_f,skl_skill_match,eco_aggregate_man,2014,96.829
aut,sex_f,skl_skill_match,eco_aggregate_man,2015,94.562
aut,sex_f,skl_skill_match,eco_aggregate_man,2016,94.746
aut,sex_f,skl_skill_match,eco_aggregate_man,2017,89.17
aut,sex_f,skl_skill_match,eco_aggregate_man,2018,102.076
aut,sex_f,skl_skill_match,eco_aggregate_man,2019,101.951
aut,sex_f,skl_skill_match,eco_aggregate_man,2020,91.721
aut,sex_f,skl_skill_match,eco_aggregate_man,2021,105.528
aut,sex_f,skl_skill_match,eco_aggregate_man,2022,107.158
aut,sex_f,skl_skill_match,eco_aggregate_man,2023,111.905
aut,sex_f,skl_skill_match,eco_aggregate_mel,2004,3.769
aut,sex_f,skl_skill_match,eco_aggregate_mel,2005,4.632
aut,sex_f,skl_skill_match,eco_aggregate_mel,2006,3.926
aut,sex_f,skl_skill_match,eco_aggregate_mel,2007,4.797
aut,sex_f,skl_skill_match,eco_aggregate_mel,2008,4.963
aut,sex_f,skl_skill_match,eco_aggregate_mel,2009,3.659
aut,sex_f,skl_skill_match,eco_aggregate_mel,2010,3.142
aut,sex_f,skl_skill_match,eco_aggregate_mel,2011,7.597
aut,sex_f,skl_skill_match,eco_aggregate_mel,2012,6.574
aut,sex_f,skl_skill_match,eco_aggregate_mel,2013,4.877
aut,sex_f,skl_skill_match,eco_aggregate_mel,2014,5.161
aut,sex_f,skl_skill_match,eco_aggregate_mel,2015,5.121
aut,sex_f,skl_skill_match,eco_aggregate_mel,2016,5.766
aut,sex_f,skl_skill_match,eco_aggregate_mel,2017,5.871
aut,sex_f,skl_skill_match,eco_aggregate_mel,2018,6.104
aut,sex_f,skl_skill_match,eco_aggregate_mel,2019,6.721
aut,sex_f,skl_skill_match,eco_aggregate_mel,2020,7.206
aut,sex_f,skl_skill_match,eco_aggregate_mel,2021,7.474
aut,sex_f,skl_skill_match,eco_aggregate_mel,2022,6.9
aut,sex_f,skl_skill_match,eco_aggregate_mel,2023,7.999
aut,sex_f,skl_skill_match,eco_aggregate_mkt,2004,461.621
aut,sex_f,skl_skill_match,eco_aggregate_mkt,2005,491.925
aut,sex_f,skl_skill_match,eco_aggregate_mkt,2006,469.114
aut,sex_f,skl_skill_match,eco_aggregate_mkt,2007,488.735
aut,sex_f,skl_skill_match,eco_aggregate_mkt,2008,489.443
aut,sex_f,skl_skill_match,eco_aggregate_mkt,2009,497.605
aut,sex_f,skl_skill_match,eco_aggregate_mkt,2010,494.683
aut,sex_f,skl_skill_match,eco_aggregate_mkt,2011,515.555
aut,sex_f,skl_skill_match,eco_aggregate_mkt,2012,512.003
aut,sex_f,skl_skill_match,eco_aggregate_mkt,2013,500.809
aut,sex_f,skl_skill_match,eco_aggregate_mkt,2014,483.887
aut,sex_f,skl_skill_match,eco_aggregate_mkt,2015,482.914
aut,sex_f,skl_skill_match,eco_aggregate_mkt,2016,485.57
aut,sex_f,skl_skill_match,eco_aggregate_mkt,2017,487.89
aut,sex_f,skl_skill_match,eco_aggregate_mkt,2018,503.855
aut,sex_f,skl_skill_match,eco_aggregate_mkt,2019,515.356
aut,sex_f,skl_skill_match,eco_aggregate_mkt,2020,511.308
aut,sex_f,skl_skill_match,eco_aggregate_mkt,2021,479.891
aut,sex_f,skl_skill_match,eco_aggregate_mkt,2022,472.17
aut,sex_f,skl_skill_match,eco_aggregate_mkt,2023,466.352
aut,sex_f,skl_skill_match,eco_aggregate_pub,2004,406.922
aut,sex_f,skl_skill_match,eco_aggregate_pub,2005,436.951
aut,sex_f,skl_skill_match,eco_aggregate_pub,2006,430.1
aut,sex_f,skl_skill_match,eco_aggregate_pub,2007,432.826
aut,sex_f,skl_skill_match,eco_aggregate_pub,2008,454.595
aut,sex_f,skl_skill_match,eco_aggregate_pub,2009,480.965
aut,sex_f,skl_skill_match,eco_aggregate_pub,2010,497.669
aut,sex_f,skl_skill_match,eco_aggregate_pub,2011,462.434
aut,sex_f,skl_skill_match,eco_aggregate_pub,2012,471.706
aut,sex_f,skl_skill_match,eco_aggregate_pub,2013,478.433
aut,sex_f,skl_skill_match,eco_aggregate_pub,2014,395.056
aut,sex_f,skl_skill_match,eco_aggregate_pub,2015,407.375
aut,sex_f,skl_skill_match,eco_aggregate_pub,2016,404.754
aut,sex_f,skl_skill_match,eco_aggregate_pub,2017,417.776
aut,sex_f,skl_skill_match,eco_aggregate_pub,2018,379.222
aut,sex_f,skl_skill_match,eco_aggregate_pub,2019,382.217
aut,sex_f,skl_skill_match,eco_aggregate_pub,2020,386.78
aut,sex_f,skl_skill_match,eco_aggregate_pub,2021,394.784
aut,sex_f,skl_skill_match,eco_aggregate_pub,2022,474.24
aut,sex_f,skl_skill_match,eco_aggregate_pub,2023,484.127
aut,sex_f,skl_skill_match,eco_aggregate_total,2004,1056.557
aut,sex_f,skl_skill_match,eco_aggregate_total,2005,1111.534
aut,sex_f,skl_skill_match,eco_aggregate_total,2006,1091.81
aut,sex_f,skl_skill_match,eco_aggregate_total,2007,1110.306
aut,sex_f,skl_skill_match,eco_aggregate_total,2008,1131.409
aut,sex_f,skl_skill_match,eco_aggregate_total,2009,1158.197
aut,sex_f,skl_skill_match,eco_aggregate_total,2010,1171.935
aut,sex_f,skl_skill_match,eco_aggregate_total,2011,1167.021
aut,sex_f,skl_skill_match,eco_aggregate_total,2012,1179.905
aut,sex_f,skl_skill_match,eco_aggregate_total,2013,1174.217
aut,sex_f,skl_skill_match,eco_aggregate_total,2014,1060.871
aut,sex_f,skl_skill_match,eco_aggregate_total,2015,1066.148
aut,sex_f,skl_skill_match,eco_aggregate_total,2016,1059.855
aut,sex_f,skl_skill_match,eco_aggregate_total,2017,1068.715
aut,sex_f,skl_skill_match,eco_aggregate_total,2018,1056.848
aut,sex_f,skl_skill_match,eco_aggregate_total,2019,1071.039
aut,sex_f,skl_skill_match,eco_aggregate_total,2020,1060.288
aut,sex_f,skl_skill_match,eco_aggregate_total,2021,1046.42
aut,sex_f,skl_skill_match,eco_aggregate_total,2022,1128.612
aut,sex_f,skl_skill_match,eco_aggregate_total,2023,1130.844
aut,sex_f,skl_skill_match,eco_sector_agr,2004,51.876
aut,sex_f,skl_skill_match,eco_sector_agr,2005,52.231
aut,sex_f,skl_skill_match,eco_sector_agr,2006,54.37
aut,sex_f,skl_skill_match,eco_sector_agr,2007,57.99
aut,sex_f,skl_skill_match,eco_sector_agr,2008,56.443
aut,sex_f,skl_skill_match,eco_sector_agr,2009,56.033
aut,sex_f,skl_skill_match,eco_sector_agr,2010,58.196
aut,sex_f,skl_skill_match,eco_sector_agr,2011,52.987
aut,sex_f,skl_skill_match,eco_sector_agr,2012,51.411
aut,sex_f,skl_skill_match,eco_sector_agr,2013,48.802
aut,sex_f,skl_skill_match,eco_sector_agr,2014,46.403
aut,sex_f,skl_skill_match,eco_sector_agr,2015,45.498
aut,sex_f,skl_skill_match,eco_sector_agr,2016,41.237
aut,sex_f,skl_skill_match,eco_sector_agr,2017,41.763
aut,sex_f,skl_skill_match,eco_sector_agr,2018,37.395
aut,sex_f,skl_skill_match,eco_sector_agr,2019,35.447
aut,sex_f,skl_skill_match,eco_sector_agr,2020,37.955
aut,sex_f,skl_skill_match,eco_sector_agr,2021,35.782
aut,sex_f,skl_skill_match,eco_sector_agr,2022,38.629
aut,sex_f,skl_skill_match,eco_sector_agr,2023,32.297
aut,sex_f,skl_skill_match,eco_sector_ind,2004,136.137
aut,sex_f,skl_skill_match,eco_sector_ind,2005,130.427
aut,sex_f,skl_skill_match,eco_sector_ind,2006,138.226
aut,sex_f,skl_skill_match,eco_sector_ind,2007,130.756
aut,sex_f,skl_skill_match,eco_sector_ind,2008,130.928
aut,sex_f,skl_skill_match,eco_sector_ind,2009,123.595
aut,sex_f,skl_skill_match,eco_sector_ind,2010,121.386
aut,sex_f,skl_skill_match,eco_sector_ind,2011,136.044
aut,sex_f,skl_skill_match,eco_sector_ind,2012,144.784
aut,sex_f,skl_skill_match,eco_sector_ind,2013,146.173
aut,sex_f,skl_skill_match,eco_sector_ind,2014,135.525
aut,sex_f,skl_skill_match,eco_sector_ind,2015,130.361
aut,sex_f,skl_skill_match,eco_sector_ind,2016,128.294
aut,sex_f,skl_skill_match,eco_sector_ind,2017,121.286
aut,sex_f,skl_skill_match,eco_sector_ind,2018,136.376
aut,sex_f,skl_skill_match,eco_sector_ind,2019,138.018
aut,sex_f,skl_skill_match,eco_sector_ind,2020,124.244
aut,sex_f,skl_skill_match,eco_sector_ind,2021,135.963
aut,sex_f,skl_skill_match,eco_sector_ind,2022,143.573
aut,sex_f,skl_skill_match,eco_sector_ind,2023,148.067
aut,sex_f,skl_skill_match,eco_sector_nag,2004,1004.68
aut,sex_f,skl_skill_match,eco_sector_nag,2005,1059.303
aut,sex_f,skl_skill_match,eco_sector_nag,2006,1037.439
aut,sex_f,skl_skill_match,eco_sector_nag,2007,1052.316
aut,sex_f,skl_skill_match,eco_sector_nag,2008,1074.966
aut,sex_f,skl_skill_match,eco_sector_nag,2009,1102.164
aut,sex_f,skl_skill_match,eco_sector_nag,2010,1113.739
aut,sex_f,skl_skill_match,eco_sector_nag,2011,1114.033
aut,sex_f,skl_skill_match,eco_sector_nag,2012,1128.494
aut,sex_f,skl_skill_match,eco_sector_nag,2013,1125.414
aut,sex_f,skl_skill_match,eco_sector_nag,2014,1014.468
aut,sex_f,skl_skill_match,eco_sector_nag,2015,1020.649
aut,sex_f,skl_skill_match,eco_sector_nag,2016,1018.618
aut,sex_f,skl_skill_match,eco_sector_nag,2017,1026.952
aut,sex_f,skl_skill_match,eco_sector_nag,2018,1019.453
aut,sex_f,skl_skill_match,eco_sector_nag,2019,1035.592
aut,sex_f,skl_skill_match,eco_sector_nag,2020,1022.333
aut,sex_f,skl_skill_match,eco_sector_nag,2021,1010.637
aut,sex_f,skl_skill_match,eco_sector_nag,2022,1089.984
aut,sex_f,skl_skill_match,eco_sector_nag,2023,1098.547
aut,sex_f,skl_skill_match,eco_sector_ser,2004,868.544
aut,sex_f,skl_skill_match,eco_sector_ser,2005,928.876
aut,sex_f,skl_skill_match,eco_sector_ser,2006,899.213
aut,sex_f,skl_skill_match,eco_sector_ser,2007,921.56
aut,sex_f,skl_skill_match,eco_sector_ser,2008,944.038
aut,sex_f,skl_skill_match,eco_sector_ser,2009,978.57
aut,sex_f,skl_skill_match,eco_sector_ser,2010,992.352
aut,sex_f,skl_skill_match,eco_sector_ser,2011,977.989
aut,sex_f,skl_skill_match,eco_sector_ser,2012,983.71
aut,sex_f,skl_skill_match,eco_sector_ser,2013,979.242
aut,sex_f,skl_skill_match,eco_sector_ser,2014,878.943
aut,sex_f,skl_skill_match,eco_sector_ser,2015,890.288
aut,sex_f,skl_skill_match,eco_sector_ser,2016,890.324
aut,sex_f,skl_skill_match,eco_sector_ser,2017,905.665
aut,sex_f,skl_skill_match,eco_sector_ser,2018,883.077
aut,sex_f,skl_skill_match,eco_sector_ser,2019,897.573
aut,sex_f,skl_skill_match,eco_sector_ser,2020,898.088
aut,sex_f,skl_skill_match,eco_sector_ser,2021,874.675
aut,sex_f,skl_skill_match,eco_sector_ser,2022,946.41
aut,sex_f,skl_skill_match,eco_sector_ser,2023,950.479
aut,sex_f,skl_skill_match,eco_sector_total,2004,1056.557
aut,sex_f,skl_skill_match,eco_sector_total,2005,1111.534
aut,sex_f,skl_skill_match,eco_sector_total,2006,1091.81
aut,sex_f,skl_skill_match,eco_sector_total,2007,1110.306
aut,sex_f,skl_skill_match,eco_sector_total,2008,1131.409
aut,sex_f,skl_skill_match,eco_sector_total,2009,1158.197
aut,sex_f,skl_skill_match,eco_sector_total,2010,1171.935
aut,sex_f,skl_skill_match,eco_sector_total,2011,1167.021
aut,sex_f,skl_skill_match,eco_sector_total,2012,1179.905
aut,sex_f,skl_skill_match,eco_sector_total,2013,1174.217
aut,sex_f,skl_skill_match,eco_sector_total,2014,1060.871
aut,sex_f,skl_skill_match,eco_sector_total,2015,1066.148
aut,sex_f,skl_skill_match,eco_sector_total,2016,1059.855
aut,sex_f,skl_skill_match,eco_sector_total,2017,1068.715
aut,sex_f,skl_skill_match,eco_sector_total,2018,1056.848
aut,sex_f,skl_skill_match,eco_sector_total,2019,1071.039
aut,sex_f,skl_skill_match,eco_sector_total,2020,1060.288
aut,sex_f,skl_skill_match,eco_sector_total,2021,1046.42
aut,sex_f,skl_skill_match,eco_sector_total,2022,1128.612
aut,sex_f,skl_skill_match,eco_sector_total,2023,1130.844
aut,sex_f,skl_skill_over,eco_aggregate_agr,2004,6.542
aut,sex_f,skl_skill_over,eco_aggregate_agr,2005,6.43
aut,sex_f,skl_skill_over,eco_aggregate_agr,2006,6.558
aut,sex_f,skl_skill_over,eco_aggregate_agr,2007,6.918
aut,sex_f,skl_skill_over,eco_aggregate_agr,2008,10.407
aut,sex_f,skl_skill_over,eco_aggregate_agr,2009,10.947
aut,sex_f,skl_skill_over,eco_aggregate_agr,2010,8.031
aut,sex_f,skl_skill_over,eco_aggregate_agr,2011,7.353
aut,sex_f,skl_skill_over,eco_aggregate_agr,2012,8.824
aut,sex_f,skl_skill_over,eco_aggregate_agr,2013,7.391
aut,sex_f,skl_skill_over,eco_aggregate_agr,2014,9.534
aut,sex_f,skl_skill_over,eco_aggregate_agr,2015,11.015
aut,sex_f,skl_skill_over,eco_aggregate_agr,2016,13.327
aut,sex_f,skl_skill_over,eco_aggregate_agr,2017,13.007
aut,sex_f,skl_skill_over,eco_aggregate_agr,2018,11.306
aut,sex_f,skl_skill_over,eco_aggregate_agr,2019,12.207
aut,sex_f,skl_skill_over,eco_aggregate_agr,2020,12.646
aut,sex_f,skl_skill_over,eco_aggregate_agr,2021,16.203
aut,sex_f,skl_skill_over,eco_aggregate_agr,2022,12.782
aut,sex_f,skl_skill_over,eco_aggregate_agr,2023,10.818
aut,sex_f,skl_skill_over,eco_aggregate_con,2004,4.611
aut,sex_f,skl_skill_over,eco_aggregate_con,2005,7.083
aut,sex_f,skl_skill_over,eco_aggregate_con,2006,7.483
aut,sex_f,skl_skill_over,eco_aggregate_con,2007,10.968
aut,sex_f,skl_skill_over,eco_aggregate_con,2008,9.76
aut,sex_f,skl_skill_over,eco_aggregate_con,2009,7.813
aut,sex_f,skl_skill_over,eco_aggregate_con,2010,7.169
aut,sex_f,skl_skill_over,eco_aggregate_con,2011,12.77
aut,sex_f,skl_skill_over,eco_aggregate_con,2012,16.537
aut,sex_f,skl_skill_over,eco_aggregate_con,2013,11.583
aut,sex_f,skl_skill_over,eco_aggregate_con,2014,11.968
aut,sex_f,skl_skill_over,eco_aggregate_con,2015,11.68
aut,sex_f,skl_skill_over,eco_aggregate_con,2016,16.981
aut,sex_f,skl_skill_over,eco_aggregate_con,2017,13.675
aut,sex_f,skl_skill_over,eco_aggregate_con,2018,10.529
aut,sex_f,skl_skill_over,eco_aggregate_con,2019,10.206
aut,sex_f,skl_skill_over,eco_aggregate_con,2020,12.877
aut,sex_f,skl_skill_over,eco_aggregate_con,2021,12.902
aut,sex_f,skl_skill_over,eco_aggregate_con,2022,15.697
aut,sex_f,skl_skill_over,eco_aggregate_con,2023,13.598
aut,sex_f,skl_skill_over,eco_aggregate_man,2004,26.873
aut,sex_f,skl_skill_over,eco_aggregate_man,2005,34.258
aut,sex_f,skl_skill_over,eco_aggregate_man,2006,32.76
aut,sex_f,skl_skill_over,eco_aggregate_man,2007,38.141
aut,sex_f,skl_skill_over,eco_aggregate_man,2008,32.796
aut,sex_f,skl_skill_over,eco_aggregate_man,2009,33.278
aut,sex_f,skl_skill_over,eco_aggregate_man,2010,35.073
aut,sex_f,skl_skill_over,eco_aggregate_man,2011,33.201
aut,sex_f,skl_skill_over,eco_aggregate_man,2012,33.019
aut,sex_f,skl_skill_over,eco_aggregate_man,2013,31.334
aut,sex_f,skl_skill_over,eco_aggregate_man,2014,36.203
aut,sex_f,skl_skill_over,eco_aggregate_man,2015,44.519
aut,sex_f,skl_skill_over,eco_aggregate_man,2016,42.663
aut,sex_f,skl_skill_over,eco_aggregate_man,2017,41.475
aut,sex_f,skl_skill_over,eco_aggregate_man,2018,42.836
aut,sex_f,skl_skill_over,eco_aggregate_man,2019,37.672
aut,sex_f,skl_skill_over,eco_aggregate_man,2020,37.241
aut,sex_f,skl_skill_over,eco_aggregate_man,2021,44.345
aut,sex_f,skl_skill_over,eco_aggregate_man,2022,55.857
aut,sex_f,skl_skill_over,eco_aggregate_man,2023,56.239
aut,sex_f,skl_skill_over,eco_aggregate_mel,2004,0.838
aut,sex_f,skl_skill_over,eco_aggregate_mel,2005,1.928
aut,sex_f,skl_skill_over,eco_aggregate_mel,2006,2.158
aut,sex_f,skl_skill_over,eco_aggregate_mel,2007,2.044
aut,sex_f,skl_skill_over,eco_aggregate_mel,2008,0.951
aut,sex_f,skl_skill_over,eco_aggregate_mel,2009,1.182
aut,sex_f,skl_skill_over,eco_aggregate_mel,2010,2.172
aut,sex_f,skl_skill_over,eco_aggregate_mel,2011,4.621
aut,sex_f,skl_skill_over,eco_aggregate_mel,2012,2.844
aut,sex_f,skl_skill_over,eco_aggregate_mel,2013,2.513
aut,sex_f,skl_skill_over,eco_aggregate_mel,2014,4.711
aut,sex_f,skl_skill_over,eco_aggregate_mel,2015,4.064
aut,sex_f,skl_skill_over,eco_aggregate_mel,2016,2.77
aut,sex_f,skl_skill_over,eco_aggregate_mel,2017,4.81
aut,sex_f,skl_skill_over,eco_aggregate_mel,2018,3.802
aut,sex_f,skl_skill_over,eco_aggregate_mel,2019,3.604
aut,sex_f,skl_skill_over,eco_aggregate_mel,2020,3.02
aut,sex_f,skl_skill_over,eco_aggregate_mel,2021,2.517
aut,sex_f,skl_skill_over,eco_aggregate_mel,2022,3.528
aut,sex_f,skl_skill_over,eco_aggregate_mel,2023,3.222
aut,sex_f,skl_skill_over,eco_aggregate_mkt,2004,120.654
aut,sex_f,skl_skill_over,eco_aggregate_mkt,2005,167.984
aut,sex_f,skl_skill_over,eco_aggregate_mkt,2006,134.316
aut,sex_f,skl_skill_over,eco_aggregate_mkt,2007,178.097
aut,sex_f,skl_skill_over,eco_aggregate_mkt,2008,153.789
aut,sex_f,skl_skill_over,eco_aggregate_mkt,2009,158.896
aut,sex_f,skl_skill_over,eco_aggregate_mkt,2010,163.561
aut,sex_f,skl_skill_over,eco_aggregate_mkt,2011,198.012
aut,sex_f,skl_skill_over,eco_aggregate_mkt,2012,200.592
aut,sex_f,skl_skill_over,eco_aggregate_mkt,2013,170.882
aut,sex_f,skl_skill_over,eco_aggregate_mkt,2014,178.698
aut,sex_f,skl_skill_over,eco_aggregate_mkt,2015,214.843
aut,sex_f,skl_skill_over,eco_aggregate_mkt,2016,227.412
aut,sex_f,skl_skill_over,eco_aggregate_mkt,2017,230.156
aut,sex_f,skl_skill_over,eco_aggregate_mkt,2018,212.736
aut,sex_f,skl_skill_over,eco_aggregate_mkt,2019,204.608
aut,sex_f,skl_skill_over,eco_aggregate_mkt,2020,198.02
aut,sex_f,skl_skill_over,eco_aggregate_mkt,2021,194.791
aut,sex_f,skl_skill_over,eco_aggregate_mkt,2022,281.19
aut,sex_f,skl_skill_over,eco_aggregate_mkt,2023,287.344
aut,sex_f,skl_skill_over,eco_aggregate_pub,2004,93.906
aut,sex_f,skl_skill_over,eco_aggregate_pub,2005,117.554
aut,sex_f,skl_skill_over,eco_aggregate_pub,2006,100.122
aut,sex_f,skl_skill_over,eco_aggregate_pub,2007,151.744
aut,sex_f,skl_skill_over,eco_aggregate_pub,2008,131.979
aut,sex_f,skl_skill_over,eco_aggregate_pub,2009,134.764
aut,sex_f,skl_skill_over,eco_aggregate_pub,2010,145.268
aut,sex_f,skl_skill_over,eco_aggregate_pub,2011,137.059
aut,sex_f,skl_skill_over,eco_aggregate_pub,2012,143.862
aut,sex_f,skl_skill_over,eco_aggregate_pub,2013,128.667
aut,sex_f,skl_skill_over,eco_aggregate_pub,2014,193.71
aut,sex_f,skl_skill_over,eco_aggregate_pub,2015,165.945
aut,sex_f,skl_skill_over,eco_aggregate_pub,2016,173.601
aut,sex_f,skl_skill_over,eco_aggregate_pub,2017,179.739
aut,sex_f,skl_skill_over,eco_aggregate_pub,2018,145.181
aut,sex_f,skl_skill_over,eco_aggregate_pub,2019,148.377
aut,sex_f,skl_skill_over,eco_aggregate_pub,2020,142.291
aut,sex_f,skl_skill_over,eco_aggregate_pub,2021,162.487
aut,sex_f,skl_skill_over,eco_aggregate_pub,2022,182.654
aut,sex_f,skl_skill_over,eco_aggregate_pub,2023,204.58
aut,sex_f,skl_skill_over,eco_aggregate_total,2004,253.424
aut,sex_f,skl_skill_over,eco_aggregate_total,2005,335.238
aut,sex_f,skl_skill_over,eco_aggregate_total,2006,283.396
aut,sex_f,skl_skill_over,eco_aggregate_total,2007,387.913
aut,sex_f,skl_skill_over,eco_aggregate_total,2008,339.683
aut,sex_f,skl_skill_over,eco_aggregate_total,2009,346.88
aut,sex_f,skl_skill_over,eco_aggregate_total,2010,361.274
aut,sex_f,skl_skill_over,eco_aggregate_total,2011,393.016
aut,sex_f,skl_skill_over,eco_aggregate_total,2012,405.677
aut,sex_f,skl_skill_over,eco_aggregate_total,2013,352.369
aut,sex_f,skl_skill_over,eco_aggregate_total,2014,434.824
aut,sex_f,skl_skill_over,eco_aggregate_total,2015,452.066
aut,sex_f,skl_skill_over,eco_aggregate_total,2016,476.755
aut,sex_f,skl_skill_over,eco_aggregate_total,2017,482.863
aut,sex_f,skl_skill_over,eco_aggregate_total,2018,426.39
aut,sex_f,skl_skill_over,eco_aggregate_total,2019,416.674
aut,sex_f,skl_skill_over,eco_aggregate_total,2020,406.094
aut,sex_f,skl_skill_over,eco_aggregate_total,2021,433.246
aut,sex_f,skl_skill_over,eco_aggregate_total,2022,551.709
aut,sex_f,skl_skill_over,eco_aggregate_total,2023,575.8
aut,sex_f,skl_skill_over,eco_sector_agr,2004,6.542
aut,sex_f,skl_skill_over,eco_sector_agr,2005,6.43
aut,sex_f,skl_skill_over,eco_sector_agr,2006,6.558
aut,sex_f,skl_skill_over,eco_sector_agr,2007,6.918
aut,sex_f,skl_skill_over,eco_sector_agr,2008,10.407
aut,sex_f,skl_skill_over,eco_sector_agr,2009,10.947
aut,sex_f,skl_skill_over,eco_sector_agr,2010,8.031
aut,sex_f,skl_skill_over,eco_sector_agr,2011,7.353
aut,sex_f,skl_skill_over,eco_sector_agr,2012,8.824
aut,sex_f,skl_skill_over,eco_sector_agr,2013,7.391
aut,sex_f,skl_skill_over,eco_sector_agr,2014,9.534
aut,sex_f,skl_skill_over,eco_sector_agr,2015,11.015
aut,sex_f,skl_skill_over,eco_sector_agr,2016,13.327
aut,sex_f,skl_skill_over,eco_sector_agr,2017,13.007
aut,sex_f,skl_skill_over,eco_sector_agr,2018,11.306
aut,sex_f,skl_skill_over,eco_sector_agr,2019,12.207
aut,sex_f,skl_skill_over,eco_sector_agr,2020,12.646
aut,sex_f,skl_skill_over,eco_sector_agr,2021,16.203
aut,sex_f,skl_skill_over,eco_sector_agr,2022,12.782
aut,sex_f,skl_skill_over,eco_sector_agr,2023,10.818
aut,sex_f,skl_skill_over,eco_sector_ind,2004,32.322
aut,sex_f,skl_skill_over,eco_sector_ind,2005,43.27
aut,sex_f,skl_skill_over,eco_sector_ind,2006,42.401
aut,sex_f,skl_skill_over,eco_sector_ind,2007,51.153
aut,sex_f,skl_skill_over,eco_sector_ind,2008,43.507
aut,sex_f,skl_skill_over,eco_sector_ind,2009,42.273
aut,sex_f,skl_skill_over,eco_sector_ind,2010,44.414
aut,sex_f,skl_skill_over,eco_sector_ind,2011,50.592
aut,sex_f,skl_skill_over,eco_sector_ind,2012,52.4
aut,sex_f,skl_skill_over,eco_sector_ind,2013,45.429
aut,sex_f,skl_skill_over,eco_sector_ind,2014,52.881
aut,sex_f,skl_skill_over,eco_sector_ind,2015,60.263
aut,sex_f,skl_skill_over,eco_sector_ind,2016,62.415
aut,sex_f,skl_skill_over,eco_sector_ind,2017,59.961
aut,sex_f,skl_skill_over,eco_sector_ind,2018,57.167
aut,sex_f,skl_skill_over,eco_sector_ind,2019,51.482
aut,sex_f,skl_skill_over,eco_sector_ind,2020,53.138
aut,sex_f,skl_skill_over,eco_sector_ind,2021,59.764
aut,sex_f,skl_skill_over,eco_sector_ind,2022,75.082
aut,sex_f,skl_skill_over,eco_sector_ind,2023,73.059
aut,sex_f,skl_skill_over,eco_sector_nag,2004,246.882
aut,sex_f,skl_skill_over,eco_sector_nag,2005,328.808
aut,sex_f,skl_skill_over,eco_sector_nag,2006,276.838
aut,sex_f,skl_skill_over,eco_sector_nag,2007,380.995
aut,sex_f,skl_skill_over,eco_sector_nag,2008,329.276
aut,sex_f,skl_skill_over,eco_sector_nag,2009,335.933
aut,sex_f,skl_skill_over,eco_sector_nag,2010,353.243
aut,sex_f,skl_skill_over,eco_sector_nag,2011,385.663
aut,sex_f,skl_skill_over,eco_sector_nag,2012,396.854
aut,sex_f,skl_skill_over,eco_sector_nag,2013,344.978
aut,sex_f,skl_skill_over,eco_sector_nag,2014,425.289
aut,sex_f,skl_skill_over,eco_sector_nag,2015,441.051
aut,sex_f,skl_skill_over,eco_sector_nag,2016,463.428
aut,sex_f,skl_skill_over,eco_sector_nag,2017,469.856
aut,sex_f,skl_skill_over,eco_sector_nag,2018,415.084
aut,sex_f,skl_skill_over,eco_sector_nag,2019,404.467
aut,sex_f,skl_skill_over,eco_sector_nag,2020,393.449
aut,sex_f,skl_skill_over,eco_sector_nag,2021,417.043
aut,sex_f,skl_skill_over,eco_sector_nag,2022,538.927
aut,sex_f,skl_skill_over,eco_sector_nag,2023,564.982
aut,sex_f,skl_skill_over,eco_sector_ser,2004,214.56
aut,sex_f,skl_skill_over,eco_sector_ser,2005,285.539
aut,sex_f,skl_skill_over,eco_sector_ser,2006,234.437
aut,sex_f,skl_skill_over,eco_sector_ser,2007,329.841
aut,sex_f,skl_skill_over,eco_sector_ser,2008,285.768
aut,sex_f,skl_skill_over,eco_sector_ser,2009,293.66
aut,sex_f,skl_skill_over,eco_sector_ser,2010,308.829
aut,sex_f,skl_skill_over,eco_sector_ser,2011,335.071
aut,sex_f,skl_skill_over,eco_sector_ser,2012,344.454
aut,sex_f,skl_skill_over,eco_sector_ser,2013,299.549
aut,sex_f,skl_skill_over,eco_sector_ser,2014,372.408
aut,sex_f,skl_skill_over,eco_sector_ser,2015,380.788
aut,sex_f,skl_skill_over,eco_sector_ser,2016,401.013
aut,sex_f,skl_skill_over,eco_sector_ser,2017,409.896
aut,sex_f,skl_skill_over,eco_sector_ser,2018,357.916
aut,sex_f,skl_skill_over,eco_sector_ser,2019,352.985
aut,sex_f,skl_skill_over,eco_sector_ser,2020,340.311
aut,sex_f,skl_skill_over,eco_sector_ser,2021,357.278
aut,sex_f,skl_skill_over,eco_sector_ser,2022,463.845
aut,sex_f,skl_skill_over,eco_sector_ser,2023,491.924
aut,sex_f,skl_skill_over,eco_sector_total,2004,253.424
aut,sex_f,skl_skill_over,eco_sector_total,2005,335.238
aut,sex_f,skl_skill_over,eco_sector_total,2006,283.396
aut,sex_f,skl_skill_over,eco_sector_total,2007,387.913
aut,sex_f,skl_skill_over,eco_sector_total,2008,339.683
aut,sex_f,skl_skill_over,eco_sector_total,2009,346.88
aut,sex_f,skl_skill_over,eco_sector_total,2010,361.274
aut,sex_f,skl_skill_over,eco_sector_total,2011,393.016
aut,sex_f,skl_skill_over,eco_sector_total,2012,405.677
aut,sex_f,skl_skill_over,eco_sector_total,2013,352.369
aut,sex_f,skl_skill_over,eco_sector_total,2014,434.824
aut,sex_f,skl_skill_over,eco_sector_total,2015,452.066
aut,sex_f,skl_skill_over,eco_sector_total,2016,476.755
aut,sex_f,skl_skill_over,eco_sector_total,2017,482.863
aut,sex_f,skl_skill_over,eco_sector_total,2018,426.39
aut,sex_f,skl_skill_over,eco_sector_total,2019,416.674
aut,sex_f,skl_skill_over,eco_sector_total,2020,406.094
aut,sex_f,skl_skill_over,eco_sector_total,2021,433.246
aut,sex_f,skl_skill_over,eco_sector_total,2022,551.709
aut,sex_f,skl_skill_over,eco_sector_total,2023,575.8
aut,sex_f,skl_skill_total,eco_aggregate_agr,2004,84.616
aut,sex_f,skl_skill_total,eco_aggregate_agr,2005,90.016
aut,sex_f,skl_skill_total,eco_aggregate_agr,2006,92.069
aut,sex_f,skl_skill_total,eco_aggregate_agr,2007,100.344
aut,sex_f,skl_skill_total,eco_aggregate_agr,2008,99.091
aut,sex_f,skl_skill_total,eco_aggregate_agr,2009,100.213
aut,sex_f,skl_skill_total,eco_aggregate_agr,2010,96.517
aut,sex_f,skl_skill_total,eco_aggregate_agr,2011,88.086
aut,sex_f,skl_skill_total,eco_aggregate_agr,2012,81.243
aut,sex_f,skl_skill_total,eco_aggregate_agr,2013,80.608
aut,sex_f,skl_skill_total,eco_aggregate_agr,2014,88.572
aut,sex_f,skl_skill_total,eco_aggregate_agr,2015,82.329
aut,sex_f,skl_skill_total,eco_aggregate_agr,2016,78.048
aut,sex_f,skl_skill_total,eco_aggregate_agr,2017,73.878
aut,sex_f,skl_skill_total,eco_aggregate_agr,2018,66.49
aut,sex_f,skl_skill_total,eco_aggregate_agr,2019,65.122
aut,sex_f,skl_skill_total,eco_aggregate_agr,2020,68.622
aut,sex_f,skl_skill_total,eco_aggregate_agr,2021,68.513
aut,sex_f,skl_skill_total,eco_aggregate_agr,2022,66.576
aut,sex_f,skl_skill_total,eco_aggregate_agr,2023,54.698
aut,sex_f,skl_skill_total,eco_aggregate_con,2004,34.749
aut,sex_f,skl_skill_total,eco_aggregate_con,2005,35.8
aut,sex_f,skl_skill_total,eco_aggregate_con,2006,35.996
aut,sex_f,skl_skill_total,eco_aggregate_con,2007,39.652
aut,sex_f,skl_skill_total,eco_aggregate_con,2008,45.069
aut,sex_f,skl_skill_total,eco_aggregate_con,2009,40.445
aut,sex_f,skl_skill_total,eco_aggregate_con,2010,34.166
aut,sex_f,skl_skill_total,eco_aggregate_con,2011,51.212
aut,sex_f,skl_skill_total,eco_aggregate_con,2012,57.022
aut,sex_f,skl_skill_total,eco_aggregate_con,2013,57.657
aut,sex_f,skl_skill_total,eco_aggregate_con,2014,58.068
aut,sex_f,skl_skill_total,eco_aggregate_con,2015,49.102
aut,sex_f,skl_skill_total,eco_aggregate_con,2016,50.377
aut,sex_f,skl_skill_total,eco_aggregate_con,2017,45.055
aut,sex_f,skl_skill_total,eco_aggregate_con,2018,45.352
aut,sex_f,skl_skill_total,eco_aggregate_con,2019,47.439
aut,sex_f,skl_skill_total,eco_aggregate_con,2020,45.537
aut,sex_f,skl_skill_total,eco_aggregate_con,2021,43.312
aut,sex_f,skl_skill_total,eco_aggregate_con,2022,54.347
aut,sex_f,skl_skill_total,eco_aggregate_con,2023,50.656
aut,sex_f,skl_skill_total,eco_aggregate_man,2004,180.19
aut,sex_f,skl_skill_total,eco_aggregate_man,2005,177.369
aut,sex_f,skl_skill_total,eco_aggregate_man,2006,191.239
aut,sex_f,skl_skill_total,eco_aggregate_man,2007,185.385
aut,sex_f,skl_skill_total,eco_aggregate_man,2008,176.329
aut,sex_f,skl_skill_total,eco_aggregate_man,2009,169.338
aut,sex_f,skl_skill_total,eco_aggregate_man,2010,175.939
aut,sex_f,skl_skill_total,eco_aggregate_man,2011,170.798
aut,sex_f,skl_skill_total,eco_aggregate_man,2012,175.034
aut,sex_f,skl_skill_total,eco_aggregate_man,2013,183.894
aut,sex_f,skl_skill_total,eco_aggregate_man,2014,176.808
aut,sex_f,skl_skill_total,eco_aggregate_man,2015,178.348
aut,sex_f,skl_skill_total,eco_aggregate_man,2016,178.134
aut,sex_f,skl_skill_total,eco_aggregate_man,2017,171.92
aut,sex_f,skl_skill_total,eco_aggregate_man,2018,184.046
aut,sex_f,skl_skill_total,eco_aggregate_man,2019,182.112
aut,sex_f,skl_skill_total,eco_aggregate_man,2020,175.924
aut,sex_f,skl_skill_total,eco_aggregate_man,2021,192.808
aut,sex_f,skl_skill_total,eco_aggregate_man,2022,202.446
aut,sex_f,skl_skill_total,eco_aggregate_man,2023,208.532
aut,sex_f,skl_skill_total,eco_aggregate_mel,2004,5.116
aut,sex_f,skl_skill_total,eco_aggregate_mel,2005,6.977
aut,sex_f,skl_skill_total,eco_aggregate_mel,2006,6.96
aut,sex_f,skl_skill_total,eco_aggregate_mel,2007,7.337
aut,sex_f,skl_skill_total,eco_aggregate_mel,2008,6.914
aut,sex_f,skl_skill_total,eco_aggregate_mel,2009,5.326
aut,sex_f,skl_skill_total,eco_aggregate_mel,2010,6.032
aut,sex_f,skl_skill_total,eco_aggregate_mel,2011,14.247
aut,sex_f,skl_skill_total,eco_aggregate_mel,2012,10.995
aut,sex_f,skl_skill_total,eco_aggregate_mel,2013,9.652
aut,sex_f,skl_skill_total,eco_aggregate_mel,2014,11.99
aut,sex_f,skl_skill_total,eco_aggregate_mel,2015,10.477
aut,sex_f,skl_skill_total,eco_aggregate_mel,2016,9.748
aut,sex_f,skl_skill_total,eco_aggregate_mel,2017,12.54
aut,sex_f,skl_skill_total,eco_aggregate_mel,2018,11.644
aut,sex_f,skl_skill_total,eco_aggregate_mel,2019,11.964
aut,sex_f,skl_skill_total,eco_aggregate_mel,2020,11.899
aut,sex_f,skl_skill_total,eco_aggregate_mel,2021,11.836
aut,sex_f,skl_skill_total,eco_aggregate_mel,2022,11.348
aut,sex_f,skl_skill_total,eco_aggregate_mel,2023,12.057
aut,sex_f,skl_skill_total,eco_aggregate_mkt,2004,742.419
aut,sex_f,skl_skill_total,eco_aggregate_mkt,2005,768.474
aut,sex_f,skl_skill_total,eco_aggregate_mkt,2006,772.987
aut,sex_f,skl_skill_total,eco_aggregate_mkt,2007,798.12
aut,sex_f,skl_skill_total,eco_aggregate_mkt,2008,817.221
aut,sex_f,skl_skill_total,eco_aggregate_mkt,2009,818.695
aut,sex_f,skl_skill_total,eco_aggregate_mkt,2010,816.935
aut,sex_f,skl_skill_total,eco_aggregate_mkt,2011,852.534
aut,sex_f,skl_skill_total,eco_aggregate_mkt,2012,863.422
aut,sex_f,skl_skill_total,eco_aggregate_mkt,2013,838.611
aut,sex_f,skl_skill_total,eco_aggregate_mkt,2014,841.948
aut,sex_f,skl_skill_total,eco_aggregate_mkt,2015,846.785
aut,sex_f,skl_skill_total,eco_aggregate_mkt,2016,865.226
aut,sex_f,skl_skill_total,eco_aggregate_mkt,2017,869.479
aut,sex_f,skl_skill_total,eco_aggregate_mkt,2018,891.392
aut,sex_f,skl_skill_total,eco_aggregate_mkt,2019,907.681
aut,sex_f,skl_skill_total,eco_aggregate_mkt,2020,896.825
aut,sex_f,skl_skill_total,eco_aggregate_mkt,2021,860.473
aut,sex_f,skl_skill_total,eco_aggregate_mkt,2022,903.649
aut,sex_f,skl_skill_total,eco_aggregate_mkt,2023,906.085
aut,sex_f,skl_skill_total,eco_aggregate_pub,2004,610.034
aut,sex_f,skl_skill_total,eco_aggregate_pub,2005,622.967
aut,sex_f,skl_skill_total,eco_aggregate_pub,2006,641.793
aut,sex_f,skl_skill_total,eco_aggregate_pub,2007,654.763
aut,sex_f,skl_skill_total,eco_aggregate_pub,2008,685.994
aut,sex_f,skl_skill_total,eco_aggregate_pub,2009,714.759
aut,sex_f,skl_skill_total,eco_aggregate_pub,2010,739.157
aut,sex_f,skl_skill_total,eco_aggregate_pub,2011,713.271
aut,sex_f,skl_skill_total,eco_aggregate_pub,2012,725.507
aut,sex_f,skl_skill_total,eco_aggregate_pub,2013,754.14
aut,sex_f,skl_skill_total,eco_aggregate_pub,2014,760.085
aut,sex_f,skl_skill_total,eco_aggregate_pub,2015,787.121
aut,sex_f,skl_skill_total,eco_aggregate_pub,2016,804.304
aut,sex_f,skl_skill_total,eco_aggregate_pub,2017,833.202
aut,sex_f,skl_skill_total,eco_aggregate_pub,2018,824.547
aut,sex_f,skl_skill_total,eco_aggregate_pub,2019,827.486
aut,sex_f,skl_skill_total,eco_aggregate_pub,2020,831.284
aut,sex_f,skl_skill_total,eco_aggregate_pub,2021,840.33
aut,sex_f,skl_skill_total,eco_aggregate_pub,2022,851.16
aut,sex_f,skl_skill_total,eco_aggregate_pub,2023,882.128
aut,sex_f,skl_skill_total,eco_aggregate_total,2004,1659.744
aut,sex_f,skl_skill_total,eco_aggregate_total,2005,1705.163
aut,sex_f,skl_skill_total,eco_aggregate_total,2006,1744.976
aut,sex_f,skl_skill_total,eco_aggregate_total,2007,1789.122
aut,sex_f,skl_skill_total,eco_aggregate_total,2008,1833.364
aut,sex_f,skl_skill_total,eco_aggregate_total,2009,1852.184
aut,sex_f,skl_skill_total,eco_aggregate_total,2010,1871.675
aut,sex_f,skl_skill_total,eco_aggregate_total,2011,1892.145
aut,sex_f,skl_skill_total,eco_aggregate_total,2012,1915.726
aut,sex_f,skl_skill_total,eco_aggregate_total,2013,1926.532
aut,sex_f,skl_skill_total,eco_aggregate_total,2014,1940.107
aut,sex_f,skl_skill_total,eco_aggregate_total,2015,1956.346
aut,sex_f,skl_skill_total,eco_aggregate_total,2016,1988.285
aut,sex_f,skl_skill_total,eco_aggregate_total,2017,2008.303
aut,sex_f,skl_skill_total,eco_aggregate_total,2018,2027.112
aut,sex_f,skl_skill_total,eco_aggregate_total,2019,2045.725
aut,sex_f,skl_skill_total,eco_aggregate_total,2020,2033.044
aut,sex_f,skl_skill_total,eco_aggregate_total,2021,2017.272
aut,sex_f,skl_skill_total,eco_aggregate_total,2022,2089.525
aut,sex_f,skl_skill_total,eco_aggregate_total,2023,2114.158
aut,sex_f,skl_skill_total,eco_aggregate_x,2004,2.621
aut,sex_f,skl_skill_total,eco_aggregate_x,2005,3.561
aut,sex_f,skl_skill_total,eco_aggregate_x,2006,3.932
aut,sex_f,skl_skill_total,eco_aggregate_x,2007,3.522
aut,sex_f,skl_skill_total,eco_aggregate_x,2008,2.745
aut,sex_f,skl_skill_total,eco_aggregate_x,2009,3.407
aut,sex_f,skl_skill_total,eco_aggregate_x,2010,2.929
aut,sex_f,skl_skill_total,eco_aggregate_x,2011,1.996
aut,sex_f,skl_skill_total,eco_aggregate_x,2012,2.504
aut,sex_f,skl_skill_total,eco_aggregate_x,2013,1.972
aut,sex_f,skl_skill_total,eco_aggregate_x,2014,2.636
aut,sex_f,skl_skill_total,eco_aggregate_x,2015,2.184
aut,sex_f,skl_skill_total,eco_aggregate_x,2016,2.449
aut,sex_f,skl_skill_total,eco_aggregate_x,2017,2.229
aut,sex_f,skl_skill_total,eco_aggregate_x,2018,3.642
aut,sex_f,skl_skill_total,eco_aggregate_x,2019,3.92
aut,sex_f,skl_skill_total,eco_aggregate_x,2020,2.954
aut,sex_f,skl_skill_total,eco_sector_agr,2004,84.616
aut,sex_f,skl_skill_total,eco_sector_agr,2005,90.016
aut,sex_f,skl_skill_total,eco_sector_agr,2006,92.069
aut,sex_f,skl_skill_total,eco_sector_agr,2007,100.344
aut,sex_f,skl_skill_total,eco_sector_agr,2008,99.091
aut,sex_f,skl_skill_total,eco_sector_agr,2009,100.213
aut,sex_f,skl_skill_total,eco_sector_agr,2010,96.517
aut,sex_f,skl_skill_total,eco_sector_agr,2011,88.086
aut,sex_f,skl_skill_total,eco_sector_agr,2012,81.243
aut,sex_f,skl_skill_total,eco_sector_agr,2013,80.608
aut,sex_f,skl_skill_total,eco_sector_agr,2014,88.572
aut,sex_f,skl_skill_total,eco_sector_agr,2015,82.329
aut,sex_f,skl_skill_total,eco_sector_agr,2016,78.048
aut,sex_f,skl_skill_total,eco_sector_agr,2017,73.878
aut,sex_f,skl_skill_total,eco_sector_agr,2018,66.49
aut,sex_f,skl_skill_total,eco_sector_agr,2019,65.122
aut,sex_f,skl_skill_total,eco_sector_agr,2020,68.622
aut,sex_f,skl_skill_total,eco_sector_agr,2021,68.513
aut,sex_f,skl_skill_total,eco_sector_agr,2022,66.576
aut,sex_f,skl_skill_total,eco_sector_agr,2023,54.698
aut,sex_f,skl_skill_total,eco_sector_ind,2004,220.054
aut,sex_f,skl_skill_total,eco_sector_ind,2005,220.146
aut,sex_f,skl_skill_total,eco_sector_ind,2006,234.195
aut,sex_f,skl_skill_total,eco_sector_ind,2007,232.373
aut,sex_f,skl_skill_total,eco_sector_ind,2008,228.312
aut,sex_f,skl_skill_total,eco_sector_ind,2009,215.11
aut,sex_f,skl_skill_total,eco_sector_ind,2010,216.136
aut,sex_f,skl_skill_total,eco_sector_ind,2011,236.257
aut,sex_f,skl_skill_total,eco_sector_ind,2012,243.051
aut,sex_f,skl_skill_total,eco_sector_ind,2013,251.202
aut,sex_f,skl_skill_total,eco_sector_ind,2014,246.866
aut,sex_f,skl_skill_total,eco_sector_ind,2015,237.927
aut,sex_f,skl_skill_total,eco_sector_ind,2016,238.259
aut,sex_f,skl_skill_total,eco_sector_ind,2017,229.515
aut,sex_f,skl_skill_total,eco_sector_ind,2018,241.041
aut,sex_f,skl_skill_total,eco_sector_ind,2019,241.516
aut,sex_f,skl_skill_total,eco_sector_ind,2020,233.359
aut,sex_f,skl_skill_total,eco_sector_ind,2021,247.955
aut,sex_f,skl_skill_total,eco_sector_ind,2022,268.141
aut,sex_f,skl_skill_total,eco_sector_ind,2023,271.246
aut,sex_f,skl_skill_total,eco_sector_nag,2004,1575.128
aut,sex_f,skl_skill_total,eco_sector_nag,2005,1615.147
aut,sex_f,skl_skill_total,eco_sector_nag,2006,1652.906
aut,sex_f,skl_skill_total,eco_sector_nag,2007,1688.777
aut,sex_f,skl_skill_total,eco_sector_nag,2008,1734.273
aut,sex_f,skl_skill_total,eco_sector_nag,2009,1751.971
aut,sex_f,skl_skill_total,eco_sector_nag,2010,1775.157
aut,sex_f,skl_skill_total,eco_sector_nag,2011,1804.059
aut,sex_f,skl_skill_total,eco_sector_nag,2012,1834.484
aut,sex_f,skl_skill_total,eco_sector_nag,2013,1845.924
aut,sex_f,skl_skill_total,eco_sector_nag,2014,1851.535
aut,sex_f,skl_skill_total,eco_sector_nag,2015,1874.017
aut,sex_f,skl_skill_total,eco_sector_nag,2016,1910.238
aut,sex_f,skl_skill_total,eco_sector_nag,2017,1934.426
aut,sex_f,skl_skill_total,eco_sector_nag,2018,1960.621
aut,sex_f,skl_skill_total,eco_sector_nag,2019,1980.604
aut,sex_f,skl_skill_total,eco_sector_nag,2020,1964.422
aut,sex_f,skl_skill_total,eco_sector_nag,2021,1948.758
aut,sex_f,skl_skill_total,eco_sector_nag,2022,2022.95
aut,sex_f,skl_skill_total,eco_sector_nag,2023,2059.46
aut,sex_f,skl_skill_total,eco_sector_ser,2004,1352.453
aut,sex_f,skl_skill_total,eco_sector_ser,2005,1391.441
aut,sex_f,skl_skill_total,eco_sector_ser,2006,1414.78
aut,sex_f,skl_skill_total,eco_sector_ser,2007,1452.882
aut,sex_f,skl_skill_total,eco_sector_ser,2008,1503.215
aut,sex_f,skl_skill_total,eco_sector_ser,2009,1533.455
aut,sex_f,skl_skill_total,eco_sector_ser,2010,1556.092
aut,sex_f,skl_skill_total,eco_sector_ser,2011,1565.806
aut,sex_f,skl_skill_total,eco_sector_ser,2012,1588.928
aut,sex_f,skl_skill_total,eco_sector_ser,2013,1592.751
aut,sex_f,skl_skill_total,eco_sector_ser,2014,1602.033
aut,sex_f,skl_skill_total,eco_sector_ser,2015,1633.907
aut,sex_f,skl_skill_total,eco_sector_ser,2016,1669.53
aut,sex_f,skl_skill_total,eco_sector_ser,2017,1702.682
aut,sex_f,skl_skill_total,eco_sector_ser,2018,1715.939
aut,sex_f,skl_skill_total,eco_sector_ser,2019,1735.167
aut,sex_f,skl_skill_total,eco_sector_ser,2020,1728.109
aut,sex_f,skl_skill_total,eco_sector_ser,2021,1700.803
aut,sex_f,skl_skill_total,eco_sector_ser,2022,1754.809
aut,sex_f,skl_skill_total,eco_sector_ser,2023,1788.214
aut,sex_f,skl_skill_total,eco_sector_total,2004,1659.744
aut,sex_f,skl_skill_total,eco_sector_total,2005,1705.163
aut,sex_f,skl_skill_total,eco_sector_total,2006,1744.976
aut,sex_f,skl_skill_total,eco_sector_total,2007,1789.122
aut,sex_f,skl_skill_total,eco_sector_total,2008,1833.364
aut,sex_f,skl_skill_total,eco_sector_total,2009,1852.184
aut,sex_f,skl_skill_total,eco_sector_total,2010,1871.675
aut,sex_f,skl_skill_total,eco_sector_total,2011,1892.145
aut,sex_f,skl_skill_total,eco_sector_total,2012,1915.726
aut,sex_f,skl_skill_total,eco_sector_total,2013,1926.532
aut,sex_f,skl_skill_total,eco_sector_total,2014,1940.107
aut,sex_f,skl_skill_total,eco_sector_total,2015,1956.346
aut,sex_f,skl_skill_total,eco_sector_total,2016,1988.285
aut,sex_f,skl_skill_total,eco_sector_total,2017,2008.303
aut,sex_f,skl_skill_total,eco_sector_total,2018,2027.112
aut,sex_f,skl_skill_total,eco_sector_total,2019,2045.725
aut,sex_f,skl_skill_total,eco_sector_total,2020,2033.044
aut,sex_f,skl_skill_total,eco_sector_total,2021,2017.272
aut,sex_f,skl_skill_total,eco_sector_total,2022,2089.525
aut,sex_f,skl_skill_total,eco_sector_total,2023,2114.158
aut,sex_f,skl_skill_total,eco_sector_x,2004,2.621
aut,sex_f,skl_skill_total,eco_sector_x,2005,3.561
aut,sex_f,skl_skill_total,eco_sector_x,2006,3.932
aut,sex_f,skl_skill_total,eco_sector_x,2007,3.522
aut,sex_f,skl_skill_total,eco_sector_x,2008,2.745
aut,sex_f,skl_skill_total,eco_sector_x,2009,3.407
aut,sex_f,skl_skill_total,eco_sector_x,2010,2.929
aut,sex_f,skl_skill_total,eco_sector_x,2011,1.996
aut,sex_f,skl_skill_total,eco_sector_x,2012,2.504
aut,sex_f,skl_skill_total,eco_sector_x,2013,1.972
aut,sex_f,skl_skill_total,eco_sector_x,2014,2.636
aut,sex_f,skl_skill_total,eco_sector_x,2015,2.184
aut,sex_f,skl_skill_total,eco_sector_x,2016,2.449
aut,sex_f,skl_skill_total,eco_sector_x,2017,2.229
aut,sex_f,skl_skill_total,eco_sector_x,2018,3.642
aut,sex_f,skl_skill_total,eco_sector_x,2019,3.92
aut,sex_f,skl_skill_total,eco_sector_x,2020,2.954
aut,sex_f,skl_skill_under,eco_aggregate_agr,2004,26.198
aut,sex_f,skl_skill_under,eco_aggregate_agr,2005,31.355
aut,sex_f,skl_skill_under,eco_aggregate_agr,2006,31.141
aut,sex_f,skl_skill_under,eco_aggregate_agr,2007,35.436
aut,sex_f,skl_skill_under,eco_aggregate_agr,2008,32.241
aut,sex_f,skl_skill_under,eco_aggregate_agr,2009,33.233
aut,sex_f,skl_skill_under,eco_aggregate_agr,2010,30.29
aut,sex_f,skl_skill_under,eco_aggregate_agr,2011,27.746
aut,sex_f,skl_skill_under,eco_aggregate_agr,2012,21.008
aut,sex_f,skl_skill_under,eco_aggregate_agr,2013,24.415
aut,sex_f,skl_skill_under,eco_aggregate_agr,2014,32.635
aut,sex_f,skl_skill_under,eco_aggregate_agr,2015,25.816
aut,sex_f,skl_skill_under,eco_aggregate_agr,2016,23.484
aut,sex_f,skl_skill_under,eco_aggregate_agr,2017,19.108
aut,sex_f,skl_skill_under,eco_aggregate_agr,2018,17.79
aut,sex_f,skl_skill_under,eco_aggregate_agr,2019,17.468
aut,sex_f,skl_skill_under,eco_aggregate_agr,2020,18.021
aut,sex_f,skl_skill_under,eco_aggregate_agr,2021,16.528
aut,sex_f,skl_skill_under,eco_aggregate_agr,2022,10.53
aut,sex_f,skl_skill_under,eco_aggregate_agr,2023,8.834
aut,sex_f,skl_skill_under,eco_aggregate_con,2004,5.824
aut,sex_f,skl_skill_under,eco_aggregate_con,2005,4.361
aut,sex_f,skl_skill_under,eco_aggregate_con,2006,5.578
aut,sex_f,skl_skill_under,eco_aggregate_con,2007,4.135
aut,sex_f,skl_skill_under,eco_aggregate_con,2008,7.336
aut,sex_f,skl_skill_under,eco_aggregate_con,2009,6.935
aut,sex_f,skl_skill_under,eco_aggregate_con,2010,5.746
aut,sex_f,skl_skill_under,eco_aggregate_con,2011,8.406
aut,sex_f,skl_skill_under,eco_aggregate_con,2012,6.955
aut,sex_f,skl_skill_under,eco_aggregate_con,2013,10.39
aut,sex_f,skl_skill_under,eco_aggregate_con,2014,12.565
aut,sex_f,skl_skill_under,eco_aggregate_con,2015,6.745
aut,sex_f,skl_skill_under,eco_aggregate_con,2016,5.613
aut,sex_f,skl_skill_under,eco_aggregate_con,2017,5.134
aut,sex_f,skl_skill_under,eco_aggregate_con,2018,6.626
aut,sex_f,skl_skill_under,eco_aggregate_con,2019,7.887
aut,sex_f,skl_skill_under,eco_aggregate_con,2020,7.342
aut,sex_f,skl_skill_under,eco_aggregate_con,2021,7.45
aut,sex_f,skl_skill_under,eco_aggregate_con,2022,8.35
aut,sex_f,skl_skill_under,eco_aggregate_con,2023,8.251
aut,sex_f,skl_skill_under,eco_aggregate_man,2004,45.263
aut,sex_f,skl_skill_under,eco_aggregate_man,2005,41.672
aut,sex_f,skl_skill_under,eco_aggregate_man,2006,47.052
aut,sex_f,skl_skill_under,eco_aggregate_man,2007,45.812
aut,sex_f,skl_skill_under,eco_aggregate_man,2008,45.496
aut,sex_f,skl_skill_under,eco_aggregate_man,2009,41.822
aut,sex_f,skl_skill_under,eco_aggregate_man,2010,43.872
aut,sex_f,skl_skill_under,eco_aggregate_man,2011,39.186
aut,sex_f,skl_skill_under,eco_aggregate_man,2012,37.334
aut,sex_f,skl_skill_under,eco_aggregate_man,2013,46.948
aut,sex_f,skl_skill_under,eco_aggregate_man,2014,43.776
aut,sex_f,skl_skill_under,eco_aggregate_man,2015,39.266
aut,sex_f,skl_skill_under,eco_aggregate_man,2016,40.724
aut,sex_f,skl_skill_under,eco_aggregate_man,2017,41.275
aut,sex_f,skl_skill_under,eco_aggregate_man,2018,39.134
aut,sex_f,skl_skill_under,eco_aggregate_man,2019,42.489
aut,sex_f,skl_skill_under,eco_aggregate_man,2020,46.962
aut,sex_f,skl_skill_under,eco_aggregate_man,2021,42.934
aut,sex_f,skl_skill_under,eco_aggregate_man,2022,35.494
aut,sex_f,skl_skill_under,eco_aggregate_man,2023,36.847
aut,sex_f,skl_skill_under,eco_aggregate_mel,2004,0.509
aut,sex_f,skl_skill_under,eco_aggregate_mel,2005,0.416
aut,sex_f,skl_skill_under,eco_aggregate_mel,2006,0.876
aut,sex_f,skl_skill_under,eco_aggregate_mel,2007,0.496
aut,sex_f,skl_skill_under,eco_aggregate_mel,2008,0.999
aut,sex_f,skl_skill_under,eco_aggregate_mel,2009,0.485
aut,sex_f,skl_skill_under,eco_aggregate_mel,2010,0.718
aut,sex_f,skl_skill_under,eco_aggregate_mel,2011,2.029
aut,sex_f,skl_skill_under,eco_aggregate_mel,2012,1.578
aut,sex_f,skl_skill_under,eco_aggregate_mel,2013,2.262
aut,sex_f,skl_skill_under,eco_aggregate_mel,2014,2.118
aut,sex_f,skl_skill_under,eco_aggregate_mel,2015,1.292
aut,sex_f,skl_skill_under,eco_aggregate_mel,2016,1.212
aut,sex_f,skl_skill_under,eco_aggregate_mel,2017,1.859
aut,sex_f,skl_skill_under,eco_aggregate_mel,2018,1.737
aut,sex_f,skl_skill_under,eco_aggregate_mel,2019,1.639
aut,sex_f,skl_skill_under,eco_aggregate_mel,2020,1.673
aut,sex_f,skl_skill_under,eco_aggregate_mel,2021,1.845
aut,sex_f,skl_skill_under,eco_aggregate_mel,2022,0.506
aut,sex_f,skl_skill_under,eco_aggregate_mel,2023,0.836
aut,sex_f,skl_skill_under,eco_aggregate_mkt,2004,160.049
aut,sex_f,skl_skill_under,eco_aggregate_mkt,2005,108.564
aut,sex_f,skl_skill_under,eco_aggregate_mkt,2006,169.538
aut,sex_f,skl_skill_under,eco_aggregate_mkt,2007,131.288
aut,sex_f,skl_skill_under,eco_aggregate_mkt,2008,173.989
aut,sex_f,skl_skill_under,eco_aggregate_mkt,2009,162.194
aut,sex_f,skl_skill_under,eco_aggregate_mkt,2010,158.69
aut,sex_f,skl_skill_under,eco_aggregate_mkt,2011,138.968
aut,sex_f,skl_skill_under,eco_aggregate_mkt,2012,150.826
aut,sex_f,skl_skill_under,eco_aggregate_mkt,2013,166.92
aut,sex_f,skl_skill_under,eco_aggregate_mkt,2014,179.362
aut,sex_f,skl_skill_under,eco_aggregate_mkt,2015,149.029
aut,sex_f,skl_skill_under,eco_aggregate_mkt,2016,152.244
aut,sex_f,skl_skill_under,eco_aggregate_mkt,2017,151.433
aut,sex_f,skl_skill_under,eco_aggregate_mkt,2018,174.802
aut,sex_f,skl_skill_under,eco_aggregate_mkt,2019,187.717
aut,sex_f,skl_skill_under,eco_aggregate_mkt,2020,187.496
aut,sex_f,skl_skill_under,eco_aggregate_mkt,2021,185.791
aut,sex_f,skl_skill_under,eco_aggregate_mkt,2022,140.158
aut,sex_f,skl_skill_under,eco_aggregate_mkt,2023,140.09
aut,sex_f,skl_skill_under,eco_aggregate_pub,2004,109.092
aut,sex_f,skl_skill_under,eco_aggregate_pub,2005,68.438
aut,sex_f,skl_skill_under,eco_aggregate_pub,2006,111.417
aut,sex_f,skl_skill_under,eco_aggregate_pub,2007,69.883
aut,sex_f,skl_skill_under,eco_aggregate_pub,2008,98.79
aut,sex_f,skl_skill_under,eco_aggregate_pub,2009,98.443
aut,sex_f,skl_skill_under,eco_aggregate_pub,2010,95.889
aut,sex_f,skl_skill_under,eco_aggregate_pub,2011,113.676
aut,sex_f,skl_skill_under,eco_aggregate_pub,2012,109.604
aut,sex_f,skl_skill_under,eco_aggregate_pub,2013,146.728
aut,sex_f,skl_skill_under,eco_aggregate_pub,2014,171.192
aut,sex_f,skl_skill_under,eco_aggregate_pub,2015,213.526
aut,sex_f,skl_skill_under,eco_aggregate_pub,2016,225.782
aut,sex_f,skl_skill_under,eco_aggregate_pub,2017,235.653
aut,sex_f,skl_skill_under,eco_aggregate_pub,2018,299.655
aut,sex_f,skl_skill_under,eco_aggregate_pub,2019,296.473
aut,sex_f,skl_skill_under,eco_aggregate_pub,2020,302.005
aut,sex_f,skl_skill_under,eco_aggregate_pub,2021,282.93
aut,sex_f,skl_skill_under,eco_aggregate_pub,2022,178.468
aut,sex_f,skl_skill_under,eco_aggregate_pub,2023,177.479
aut,sex_f,skl_skill_under,eco_aggregate_total,2004,346.935
aut,sex_f,skl_skill_under,eco_aggregate_total,2005,254.807
aut,sex_f,skl_skill_under,eco_aggregate_total,2006,365.604
aut,sex_f,skl_skill_under,eco_aggregate_total,2007,287.05
aut,sex_f,skl_skill_under,eco_aggregate_total,2008,358.852
aut,sex_f,skl_skill_under,eco_aggregate_total,2009,343.112
aut,sex_f,skl_skill_under,eco_aggregate_total,2010,335.204
aut,sex_f,skl_skill_under,eco_aggregate_total,2011,330.01
aut,sex_f,skl_skill_under,eco_aggregate_total,2012,327.305
aut,sex_f,skl_skill_under,eco_aggregate_total,2013,397.664
aut,sex_f,skl_skill_under,eco_aggregate_total,2014,441.649
aut,sex_f,skl_skill_under,eco_aggregate_total,2015,435.674
aut,sex_f,skl_skill_under,eco_aggregate_total,2016,449.06
aut,sex_f,skl_skill_under,eco_aggregate_total,2017,454.462
aut,sex_f,skl_skill_under,eco_aggregate_total,2018,539.744
aut,sex_f,skl_skill_under,eco_aggregate_total,2019,553.673
aut,sex_f,skl_skill_under,eco_aggregate_total,2020,563.499
aut,sex_f,skl_skill_under,eco_aggregate_total,2021,537.478
aut,sex_f,skl_skill_under,eco_aggregate_total,2022,373.505
aut,sex_f,skl_skill_under,eco_aggregate_total,2023,372.337
aut,sex_f,skl_skill_under,eco_sector_agr,2004,26.198
aut,sex_f,skl_skill_under,eco_sector_agr,2005,31.355
aut,sex_f,skl_skill_under,eco_sector_agr,2006,31.141
aut,sex_f,skl_skill_under,eco_sector_agr,2007,35.436
aut,sex_f,skl_skill_under,eco_sector_agr,2008,32.241
aut,sex_f,skl_skill_under,eco_sector_agr,2009,33.233
aut,sex_f,skl_skill_under,eco_sector_agr,2010,30.29
aut,sex_f,skl_skill_under,eco_sector_agr,2011,27.746
aut,sex_f,skl_skill_under,eco_sector_agr,2012,21.008
aut,sex_f,skl_skill_under,eco_sector_agr,2013,24.415
aut,sex_f,skl_skill_under,eco_sector_agr,2014,32.635
aut,sex_f,skl_skill_under,eco_sector_agr,2015,25.816
aut,sex_f,skl_skill_under,eco_sector_agr,2016,23.484
aut,sex_f,skl_skill_under,eco_sector_agr,2017,19.108
aut,sex_f,skl_skill_under,eco_sector_agr,2018,17.79
aut,sex_f,skl_skill_under,eco_sector_agr,2019,17.468
aut,sex_f,skl_skill_under,eco_sector_agr,2020,18.021
aut,sex_f,skl_skill_under,eco_sector_agr,2021,16.528
aut,sex_f,skl_skill_under,eco_sector_agr,2022,10.53
aut,sex_f,skl_skill_under,eco_sector_agr,2023,8.834
aut,sex_f,skl_skill_under,eco_sector_ind,2004,51.596
aut,sex_f,skl_skill_under,eco_sector_ind,2005,46.449
aut,sex_f,skl_skill_under,eco_sector_ind,2006,53.507
aut,sex_f,skl_skill_under,eco_sector_ind,2007,50.443
aut,sex_f,skl_skill_under,eco_sector_ind,2008,53.832
aut,sex_f,skl_skill_under,eco_sector_ind,2009,49.242
aut,sex_f,skl_skill_under,eco_sector_ind,2010,50.336
aut,sex_f,skl_skill_under,eco_sector_ind,2011,49.621
aut,sex_f,skl_skill_under,eco_sector_ind,2012,45.867
aut,sex_f,skl_skill_under,eco_sector_ind,2013,59.6
aut,sex_f,skl_skill_under,eco_sector_ind,2014,58.46
aut,sex_f,skl_skill_under,eco_sector_ind,2015,47.303
aut,sex_f,skl_skill_under,eco_sector_ind,2016,47.55
aut,sex_f,skl_skill_under,eco_sector_ind,2017,48.268
aut,sex_f,skl_skill_under,eco_sector_ind,2018,47.498
aut,sex_f,skl_skill_under,eco_sector_ind,2019,52.016
aut,sex_f,skl_skill_under,eco_sector_ind,2020,55.977
aut,sex_f,skl_skill_under,eco_sector_ind,2021,52.228
aut,sex_f,skl_skill_under,eco_sector_ind,2022,44.349
aut,sex_f,skl_skill_under,eco_sector_ind,2023,45.934
aut,sex_f,skl_skill_under,eco_sector_nag,2004,320.737
aut,sex_f,skl_skill_under,eco_sector_nag,2005,223.452
aut,sex_f,skl_skill_under,eco_sector_nag,2006,334.462
aut,sex_f,skl_skill_under,eco_sector_nag,2007,251.614
aut,sex_f,skl_skill_under,eco_sector_nag,2008,326.611
aut,sex_f,skl_skill_under,eco_sector_nag,2009,309.88
aut,sex_f,skl_skill_under,eco_sector_nag,2010,304.914
aut,sex_f,skl_skill_under,eco_sector_nag,2011,302.264
aut,sex_f,skl_skill_under,eco_sector_nag,2012,306.297
aut,sex_f,skl_skill_under,eco_sector_nag,2013,373.248
aut,sex_f,skl_skill_under,eco_sector_nag,2014,409.014
aut,sex_f,skl_skill_under,eco_sector_nag,2015,409.858
aut,sex_f,skl_skill_under,eco_sector_nag,2016,425.576
aut,sex_f,skl_skill_under,eco_sector_nag,2017,435.354
aut,sex_f,skl_skill_under,eco_sector_nag,2018,521.954
aut,sex_f,skl_skill_under,eco_sector_nag,2019,536.206
aut,sex_f,skl_skill_under,eco_sector_nag,2020,545.478
aut,sex_f,skl_skill_under,eco_sector_nag,2021,520.95
aut,sex_f,skl_skill_under,eco_sector_nag,2022,362.975
aut,sex_f,skl_skill_under,eco_sector_nag,2023,363.502
aut,sex_f,skl_skill_under,eco_sector_ser,2004,269.141
aut,sex_f,skl_skill_under,eco_sector_ser,2005,177.003
aut,sex_f,skl_skill_under,eco_sector_ser,2006,280.956
aut,sex_f,skl_skill_under,eco_sector_ser,2007,201.172
aut,sex_f,skl_skill_under,eco_sector_ser,2008,272.78
aut,sex_f,skl_skill_under,eco_sector_ser,2009,260.637
aut,sex_f,skl_skill_under,eco_sector_ser,2010,254.579
aut,sex_f,skl_skill_under,eco_sector_ser,2011,252.643
aut,sex_f,skl_skill_under,eco_sector_ser,2012,260.43
aut,sex_f,skl_skill_under,eco_sector_ser,2013,313.648
aut,sex_f,skl_skill_under,eco_sector_ser,2014,350.554
aut,sex_f,skl_skill_under,eco_sector_ser,2015,362.555
aut,sex_f,skl_skill_under,eco_sector_ser,2016,378.026
aut,sex_f,skl_skill_under,eco_sector_ser,2017,387.086
aut,sex_f,skl_skill_under,eco_sector_ser,2018,474.456
aut,sex_f,skl_skill_under,eco_sector_ser,2019,484.19
aut,sex_f,skl_skill_under,eco_sector_ser,2020,489.502
aut,sex_f,skl_skill_under,eco_sector_ser,2021,468.721
aut,sex_f,skl_skill_under,eco_sector_ser,2022,318.626
aut,sex_f,skl_skill_under,eco_sector_ser,2023,317.569
aut,sex_f,skl_skill_under,eco_sector_total,2004,346.935
aut,sex_f,skl_skill_under,eco_sector_total,2005,254.807
aut,sex_f,skl_skill_under,eco_sector_total,2006,365.604
aut,sex_f,skl_skill_under,eco_sector_total,2007,287.05
aut,sex_f,skl_skill_under,eco_sector_total,2008,358.852
aut,sex_f,skl_skill_under,eco_sector_total,2009,343.112
aut,sex_f,skl_skill_under,eco_sector_total,2010,335.204
aut,sex_f,skl_skill_under,eco_sector_total,2011,330.01
aut,sex_f,skl_skill_under,eco_sector_total,2012,327.305
aut,sex_f,skl_skill_under,eco_sector_total,2013,397.664
aut,sex_f,skl_skill_under,eco_sector_total,2014,441.649
aut,sex_f,skl_skill_under,eco_sector_total,2015,435.674
aut,sex_f,skl_skill_under,eco_sector_total,2016,449.06
aut,sex_f,skl_skill_under,eco_sector_total,2017,454.462
aut,sex_f,skl_skill_under,eco_sector_total,2018,539.744
aut,sex_f,skl_skill_under,eco_sector_total,2019,553.673
aut,sex_f,skl_skill_under,eco_sector_total,2020,563.499
aut,sex_f,skl_skill_under,eco_sector_total,2021,537.478
aut,sex_f,skl_skill_under,eco_sector_total,2022,373.505
aut,sex_f,skl_skill_under,eco_sector_total,2023,372.337
aut,sex_f,skl_skill_x,eco_aggregate_agr,2022,4.635
aut,sex_f,skl_skill_x,eco_aggregate_agr,2023,2.748
aut,sex_f,skl_skill_x,eco_aggregate_con,2022,0.784
aut,sex_f,skl_skill_x,eco_aggregate_con,2023,0.644
aut,sex_f,skl_skill_x,eco_aggregate_man,2022,3.938
aut,sex_f,skl_skill_x,eco_aggregate_man,2023,3.542
aut,sex_f,skl_skill_x,eco_aggregate_mel,2022,0.414
aut,sex_f,skl_skill_x,eco_aggregate_mel,2023,0
aut,sex_f,skl_skill_x,eco_aggregate_mkt,2022,10.13
aut,sex_f,skl_skill_x,eco_aggregate_mkt,2023,12.299
aut,sex_f,skl_skill_x,eco_aggregate_pub,2004,0.113
aut,sex_f,skl_skill_x,eco_aggregate_pub,2007,0.309
aut,sex_f,skl_skill_x,eco_aggregate_pub,2008,0.629
aut,sex_f,skl_skill_x,eco_aggregate_pub,2009,0.587
aut,sex_f,skl_skill_x,eco_aggregate_pub,2010,0.332
aut,sex_f,skl_skill_x,eco_aggregate_pub,2012,0.335
aut,sex_f,skl_skill_x,eco_aggregate_pub,2013,0.311
aut,sex_f,skl_skill_x,eco_aggregate_pub,2015,0.276
aut,sex_f,skl_skill_x,eco_aggregate_pub,2018,0.489
aut,sex_f,skl_skill_x,eco_aggregate_pub,2019,0.419
aut,sex_f,skl_skill_x,eco_aggregate_pub,2022,15.797
aut,sex_f,skl_skill_x,eco_aggregate_pub,2023,15.943
aut,sex_f,skl_skill_x,eco_aggregate_total,2004,2.828
aut,sex_f,skl_skill_x,eco_aggregate_total,2005,3.584
aut,sex_f,skl_skill_x,eco_aggregate_total,2006,4.167
aut,sex_f,skl_skill_x,eco_aggregate_total,2007,3.853
aut,sex_f,skl_skill_x,eco_aggregate_total,2008,3.42
aut,sex_f,skl_skill_x,eco_aggregate_total,2009,3.994
aut,sex_f,skl_skill_x,eco_aggregate_total,2010,3.261
aut,sex_f,skl_skill_x,eco_aggregate_total,2011,2.098
aut,sex_f,skl_skill_x,eco_aggregate_total,2012,2.84
aut,sex_f,skl_skill_x,eco_aggregate_total,2013,2.283
aut,sex_f,skl_skill_x,eco_aggregate_total,2014,2.764
aut,sex_f,skl_skill_x,eco_aggregate_total,2015,2.459
aut,sex_f,skl_skill_x,eco_aggregate_total,2016,2.616
aut,sex_f,skl_skill_x,eco_aggregate_total,2017,2.264
aut,sex_f,skl_skill_x,eco_aggregate_total,2018,4.131
aut,sex_f,skl_skill_x,eco_aggregate_total,2019,4.34
aut,sex_f,skl_skill_x,eco_aggregate_total,2020,3.162
aut,sex_f,skl_skill_x,eco_aggregate_total,2022,35.699
aut,sex_f,skl_skill_x,eco_aggregate_total,2023,35.177
aut,sex_f,skl_skill_x,eco_aggregate_x,2004,2.621
aut,sex_f,skl_skill_x,eco_aggregate_x,2005,3.561
aut,sex_f,skl_skill_x,eco_aggregate_x,2006,3.932
aut,sex_f,skl_skill_x,eco_aggregate_x,2007,3.522
aut,sex_f,skl_skill_x,eco_aggregate_x,2008,2.745
aut,sex_f,skl_skill_x,eco_aggregate_x,2009,3.407
aut,sex_f,skl_skill_x,eco_aggregate_x,2010,2.929
aut,sex_f,skl_skill_x,eco_aggregate_x,2011,1.996
aut,sex_f,skl_skill_x,eco_aggregate_x,2012,2.504
aut,sex_f,skl_skill_x,eco_aggregate_x,2013,1.972
aut,sex_f,skl_skill_x,eco_aggregate_x,2014,2.636
aut,sex_f,skl_skill_x,eco_aggregate_x,2015,2.184
aut,sex_f,skl_skill_x,eco_aggregate_x,2016,2.449
aut,sex_f,skl_skill_x,eco_aggregate_x,2017,2.229
aut,sex_f,skl_skill_x,eco_aggregate_x,2018,3.642
aut,sex_f,skl_skill_x,eco_aggregate_x,2019,3.92
aut,sex_f,skl_skill_x,eco_aggregate_x,2020,2.954
aut,sex_f,skl_skill_x,eco_sector_agr,2022,4.635
aut,sex_f,skl_skill_x,eco_sector_agr,2023,2.748
aut,sex_f,skl_skill_x,eco_sector_ind,2022,5.136
aut,sex_f,skl_skill_x,eco_sector_ind,2023,4.186
aut,sex_f,skl_skill_x,eco_sector_nag,2004,2.828
aut,sex_f,skl_skill_x,eco_sector_nag,2022,31.064
aut,sex_f,skl_skill_x,eco_sector_nag,2023,32.428
aut,sex_f,skl_skill_x,eco_sector_ser,2004,0.208
aut,sex_f,skl_skill_x,eco_sector_ser,2007,0.309
aut,sex_f,skl_skill_x,eco_sector_ser,2008,0.629
aut,sex_f,skl_skill_x,eco_sector_ser,2009,0.587
aut,sex_f,skl_skill_x,eco_sector_ser,2010,0.332
aut,sex_f,skl_skill_x,eco_sector_ser,2012,0.335
aut,sex_f,skl_skill_x,eco_sector_ser,2013,0.311
aut,sex_f,skl_skill_x,eco_sector_ser,2015,0.276
aut,sex_f,skl_skill_x,eco_sector_ser,2018,0.489
aut,sex_f,skl_skill_x,eco_sector_ser,2019,0.419
aut,sex_f,skl_skill_x,eco_sector_ser,2022,25.928
aut,sex_f,skl_skill_x,eco_sector_ser,2023,28.242
aut,sex_f,skl_skill_x,eco_sector_total,2004,2.828
aut,sex_f,skl_skill_x,eco_sector_total,2005,3.584
aut,sex_f,skl_skill_x,eco_sector_total,2006,4.167
aut,sex_f,skl_skill_x,eco_sector_total,2007,3.853
aut,sex_f,skl_skill_x,eco_sector_total,2008,3.42
aut,sex_f,skl_skill_x,eco_sector_total,2009,3.994
aut,sex_f,skl_skill_x,eco_sector_total,2010,3.261
aut,sex_f,skl_skill_x,eco_sector_total,2011,2.098
aut,sex_f,skl_skill_x,eco_sector_total,2012,2.84
aut,sex_f,skl_skill_x,eco_sector_total,2013,2.283
aut,sex_f,skl_skill_x,eco_sector_total,2014,2.764
aut,sex_f,skl_skill_x,eco_sector_total,2015,2.459
aut,sex_f,skl_skill_x,eco_sector_total,2016,2.616
aut,sex_f,skl_skill_x,eco_sector_total,2017,2.264
aut,sex_f,skl_skill_x,eco_sector_total,2018,4.131
aut,sex_f,skl_skill_x,eco_sector_total,2019,4.34
aut,sex_f,skl_skill_x,eco_sector_total,2020,3.162
aut,sex_f,skl_skill_x,eco_sector_total,2022,35.699
aut,sex_f,skl_skill_x,eco_sector_total,2023,35.177
aut,sex_f,skl_skill_x,eco_sector_x,2004,2.621
aut,sex_f,skl_skill_x,eco_sector_x,2005,3.561
aut,sex_f,skl_skill_x,eco_sector_x,2006,3.932
aut,sex_f,skl_skill_x,eco_sector_x,2007,3.522
aut,sex_f,skl_skill_x,eco_sector_x,2008,2.745
aut,sex_f,skl_skill_x,eco_sector_x,2009,3.407
aut,sex_f,skl_skill_x,eco_sector_x,2010,2.929
aut,sex_f,skl_skill_x,eco_sector_x,2011,1.996
aut,sex_f,skl_skill_x,eco_sector_x,2012,2.504
aut,sex_f,skl_skill_x,eco_sector_x,2013,1.972
aut,sex_f,skl_skill_x,eco_sector_x,2014,2.636
aut,sex_f,skl_skill_x,eco_sector_x,2015,2.184
aut,sex_f,skl_skill_x,eco_sector_x,2016,2.449
aut,sex_f,skl_skill_x,eco_sector_x,2017,2.229
aut,sex_f,skl_skill_x,eco_sector_x,2018,3.642
aut,sex_f,skl_skill_x,eco_sector_x,2019,3.92
aut,sex_f,skl_skill_x,eco_sector_x,2020,2.954
aut,sex_m,skl_skill_match,eco_aggregate_agr,2004,58.144
aut,sex_m,skl_skill_match,eco_aggregate_agr,2005,63.508
aut,sex_m,skl_skill_match,eco_aggregate_agr,2006,63.839
aut,sex_m,skl_skill_match,eco_aggregate_agr,2007,66.202
aut,sex_m,skl_skill_match,eco_aggregate_agr,2008,67.733
aut,sex_m,skl_skill_match,eco_aggregate_agr,2009,68.756
aut,sex_m,skl_skill_match,eco_aggregate_agr,2010,68.052
aut,sex_m,skl_skill_match,eco_aggregate_agr,2011,62.648
aut,sex_m,skl_skill_match,eco_aggregate_agr,2012,65.583
aut,sex_m,skl_skill_match,eco_aggregate_agr,2013,62.276
aut,sex_m,skl_skill_match,eco_aggregate_agr,2014,60.808
aut,sex_m,skl_skill_match,eco_aggregate_agr,2015,56.605
aut,sex_m,skl_skill_match,eco_aggregate_agr,2016,57.483
aut,sex_m,skl_skill_match,eco_aggregate_agr,2017,49.447
aut,sex_m,skl_skill_match,eco_aggregate_agr,2018,48.938
aut,sex_m,skl_skill_match,eco_aggregate_agr,2019,53.153
aut,sex_m,skl_skill_match,eco_aggregate_agr,2020,56.651
aut,sex_m,skl_skill_match,eco_aggregate_agr,2021,54.807
aut,sex_m,skl_skill_match,eco_aggregate_agr,2022,51.709
aut,sex_m,skl_skill_match,eco_aggregate_agr,2023,47.357
aut,sex_m,skl_skill_match,eco_aggregate_con,2004,165.549
aut,sex_m,skl_skill_match,eco_aggregate_con,2005,174.22
aut,sex_m,skl_skill_match,eco_aggregate_con,2006,177.134
aut,sex_m,skl_skill_match,eco_aggregate_con,2007,175.322
aut,sex_m,skl_skill_match,eco_aggregate_con,2008,175.771
aut,sex_m,skl_skill_match,eco_aggregate_con,2009,171.534
aut,sex_m,skl_skill_match,eco_aggregate_con,2010,167.992
aut,sex_m,skl_skill_match,eco_aggregate_con,2011,188.635
aut,sex_m,skl_skill_match,eco_aggregate_con,2012,193.911
aut,sex_m,skl_skill_match,eco_aggregate_con,2013,190.766
aut,sex_m,skl_skill_match,eco_aggregate_con,2014,189.559
aut,sex_m,skl_skill_match,eco_aggregate_con,2015,190.058
aut,sex_m,skl_skill_match,eco_aggregate_con,2016,182.976
aut,sex_m,skl_skill_match,eco_aggregate_con,2017,189.614
aut,sex_m,skl_skill_match,eco_aggregate_con,2018,194.023
aut,sex_m,skl_skill_match,eco_aggregate_con,2019,193.406
aut,sex_m,skl_skill_match,eco_aggregate_con,2020,181.871
aut,sex_m,skl_skill_match,eco_aggregate_con,2021,174.392
aut,sex_m,skl_skill_match,eco_aggregate_con,2022,184.814
aut,sex_m,skl_skill_match,eco_aggregate_con,2023,173.025
aut,sex_m,skl_skill_match,eco_aggregate_man,2004,305.539
aut,sex_m,skl_skill_match,eco_aggregate_man,2005,313.002
aut,sex_m,skl_skill_match,eco_aggregate_man,2006,321.314
aut,sex_m,skl_skill_match,eco_aggregate_man,2007,323.336
aut,sex_m,skl_skill_match,eco_aggregate_man,2008,311.61
aut,sex_m,skl_skill_match,eco_aggregate_man,2009,299.624
aut,sex_m,skl_skill_match,eco_aggregate_man,2010,303.069
aut,sex_m,skl_skill_match,eco_aggregate_man,2011,279.368
aut,sex_m,skl_skill_match,eco_aggregate_man,2012,292.18
aut,sex_m,skl_skill_match,eco_aggregate_man,2013,281.83
aut,sex_m,skl_skill_match,eco_aggregate_man,2014,281.267
aut,sex_m,skl_skill_match,eco_aggregate_man,2015,284.904
aut,sex_m,skl_skill_match,eco_aggregate_man,2016,298.132
aut,sex_m,skl_skill_match,eco_aggregate_man,2017,288.493
aut,sex_m,skl_skill_match,eco_aggregate_man,2018,299.876
aut,sex_m,skl_skill_match,eco_aggregate_man,2019,299.688
aut,sex_m,skl_skill_match,eco_aggregate_man,2020,290.075
aut,sex_m,skl_skill_match,eco_aggregate_man,2021,305.991
aut,sex_m,skl_skill_match,eco_aggregate_man,2022,304.987
aut,sex_m,skl_skill_match,eco_aggregate_man,2023,304.145
aut,sex_m,skl_skill_match,eco_aggregate_mel,2004,17.437
aut,sex_m,skl_skill_match,eco_aggregate_mel,2005,19.907
aut,sex_m,skl_skill_match,eco_aggregate_mel,2006,20.853
aut,sex_m,skl_skill_match,eco_aggregate_mel,2007,18.822
aut,sex_m,skl_skill_match,eco_aggregate_mel,2008,15.067
aut,sex_m,skl_skill_match,eco_aggregate_mel,2009,19.012
aut,sex_m,skl_skill_match,eco_aggregate_mel,2010,19.006
aut,sex_m,skl_skill_match,eco_aggregate_mel,2011,27.284
aut,sex_m,skl_skill_match,eco_aggregate_mel,2012,25.203
aut,sex_m,skl_skill_match,eco_aggregate_mel,2013,28.168
aut,sex_m,skl_skill_match,eco_aggregate_mel,2014,28.447
aut,sex_m,skl_skill_match,eco_aggregate_mel,2015,27.667
aut,sex_m,skl_skill_match,eco_aggregate_mel,2016,23.516
aut,sex_m,skl_skill_match,eco_aggregate_mel,2017,21.909
aut,sex_m,skl_skill_match,eco_aggregate_mel,2018,26.651
aut,sex_m,skl_skill_match,eco_aggregate_mel,2019,24.398
aut,sex_m,skl_skill_match,eco_aggregate_mel,2020,25.232
aut,sex_m,skl_skill_match,eco_aggregate_mel,2021,31.169
aut,sex_m,skl_skill_match,eco_aggregate_mel,2022,26.2
aut,sex_m,skl_skill_match,eco_aggregate_mel,2023,25.253
aut,sex_m,skl_skill_match,eco_aggregate_mkt,2004,462.428
aut,sex_m,skl_skill_match,eco_aggregate_mkt,2005,464.781
aut,sex_m,skl_skill_match,eco_aggregate_mkt,2006,478.481
aut,sex_m,skl_skill_match,eco_aggregate_mkt,2007,491.531
aut,sex_m,skl_skill_match,eco_aggregate_mkt,2008,517.917
aut,sex_m,skl_skill_match,eco_aggregate_mkt,2009,522.443
aut,sex_m,skl_skill_match,eco_aggregate_mkt,2010,518.413
aut,sex_m,skl_skill_match,eco_aggregate_mkt,2011,509.027
aut,sex_m,skl_skill_match,eco_aggregate_mkt,2012,498.905
aut,sex_m,skl_skill_match,eco_aggregate_mkt,2013,507.52
aut,sex_m,skl_skill_match,eco_aggregate_mkt,2014,497.099
aut,sex_m,skl_skill_match,eco_aggregate_mkt,2015,494.869
aut,sex_m,skl_skill_match,eco_aggregate_mkt,2016,500.198
aut,sex_m,skl_skill_match,eco_aggregate_mkt,2017,514.916
aut,sex_m,skl_skill_match,eco_aggregate_mkt,2018,526.935
aut,sex_m,skl_skill_match,eco_aggregate_mkt,2019,517.111
aut,sex_m,skl_skill_match,eco_aggregate_mkt,2020,506.176
aut,sex_m,skl_skill_match,eco_aggregate_mkt,2021,499.711
aut,sex_m,skl_skill_match,eco_aggregate_mkt,2022,486.063
aut,sex_m,skl_skill_match,eco_aggregate_mkt,2023,503.221
aut,sex_m,skl_skill_match,eco_aggregate_pub,2004,242.589
aut,sex_m,skl_skill_match,eco_aggregate_pub,2005,233.932
aut,sex_m,skl_skill_match,eco_aggregate_pub,2006,244.533
aut,sex_m,skl_skill_match,eco_aggregate_pub,2007,234.894
aut,sex_m,skl_skill_match,eco_aggregate_pub,2008,251.867
aut,sex_m,skl_skill_match,eco_aggregate_pub,2009,255.782
aut,sex_m,skl_skill_match,eco_aggregate_pub,2010,270.373
aut,sex_m,skl_skill_match,eco_aggregate_pub,2011,250.044
aut,sex_m,skl_skill_match,eco_aggregate_pub,2012,250.858
aut,sex_m,skl_skill_match,eco_aggregate_pub,2013,247.849
aut,sex_m,skl_skill_match,eco_aggregate_pub,2014,198.953
aut,sex_m,skl_skill_match,eco_aggregate_pub,2015,228.333
aut,sex_m,skl_skill_match,eco_aggregate_pub,2016,226.171
aut,sex_m,skl_skill_match,eco_aggregate_pub,2017,227.226
aut,sex_m,skl_skill_match,eco_aggregate_pub,2018,226.305
aut,sex_m,skl_skill_match,eco_aggregate_pub,2019,227.447
aut,sex_m,skl_skill_match,eco_aggregate_pub,2020,230.103
aut,sex_m,skl_skill_match,eco_aggregate_pub,2021,227.965
aut,sex_m,skl_skill_match,eco_aggregate_pub,2022,250.764
aut,sex_m,skl_skill_match,eco_aggregate_pub,2023,251.411
aut,sex_m,skl_skill_match,eco_aggregate_total,2004,1251.714
aut,sex_m,skl_skill_match,eco_aggregate_total,2005,1269.351
aut,sex_m,skl_skill_match,eco_aggregate_total,2006,1306.154
aut,sex_m,skl_skill_match,eco_aggregate_total,2007,1310.108
aut,sex_m,skl_skill_match,eco_aggregate_total,2008,1339.965
aut,sex_m,skl_skill_match,eco_aggregate_total,2009,1337.152
aut,sex_m,skl_skill_match,eco_aggregate_total,2010,1346.905
aut,sex_m,skl_skill_match,eco_aggregate_total,2011,1317.005
aut,sex_m,skl_skill_match,eco_aggregate_total,2012,1326.64
aut,sex_m,skl_skill_match,eco_aggregate_total,2013,1318.409
aut,sex_m,skl_skill_match,eco_aggregate_total,2014,1256.133
aut,sex_m,skl_skill_match,eco_aggregate_total,2015,1282.435
aut,sex_m,skl_skill_match,eco_aggregate_total,2016,1288.476
aut,sex_m,skl_skill_match,eco_aggregate_total,2017,1291.604
aut,sex_m,skl_skill_match,eco_aggregate_total,2018,1322.727
aut,sex_m,skl_skill_match,eco_aggregate_total,2019,1315.203
aut,sex_m,skl_skill_match,eco_aggregate_total,2020,1290.109
aut,sex_m,skl_skill_match,eco_aggregate_total,2021,1294.037
aut,sex_m,skl_skill_match,eco_aggregate_total,2022,1304.537
aut,sex_m,skl_skill_match,eco_aggregate_total,2023,1304.412
aut,sex_m,skl_skill_match,eco_sector_agr,2004,58.144
aut,sex_m,skl_skill_match,eco_sector_agr,2005,63.508
aut,sex_m,skl_skill_match,eco_sector_agr,2006,63.839
aut,sex_m,skl_skill_match,eco_sector_agr,2007,66.202
aut,sex_m,skl_skill_match,eco_sector_agr,2008,67.733
aut,sex_m,skl_skill_match,eco_sector_agr,2009,68.756
aut,sex_m,skl_skill_match,eco_sector_agr,2010,68.052
aut,sex_m,skl_skill_match,eco_sector_agr,2011,62.648
aut,sex_m,skl_skill_match,eco_sector_agr,2012,65.583
aut,sex_m,skl_skill_match,eco_sector_agr,2013,62.276
aut,sex_m,skl_skill_match,eco_sector_agr,2014,60.808
aut,sex_m,skl_skill_match,eco_sector_agr,2015,56.605
aut,sex_m,skl_skill_match,eco_sector_agr,2016,57.483
aut,sex_m,skl_skill_match,eco_sector_agr,2017,49.447
aut,sex_m,skl_skill_match,eco_sector_agr,2018,48.938
aut,sex_m,skl_skill_match,eco_sector_agr,2019,53.153
aut,sex_m,skl_skill_match,eco_sector_agr,2020,56.651
aut,sex_m,skl_skill_match,eco_sector_agr,2021,54.807
aut,sex_m,skl_skill_match,eco_sector_agr,2022,51.709
aut,sex_m,skl_skill_match,eco_sector_agr,2023,47.357
aut,sex_m,skl_skill_match,eco_sector_ind,2004,488.525
aut,sex_m,skl_skill_match,eco_sector_ind,2005,507.129
aut,sex_m,skl_skill_match,eco_sector_ind,2006,519.301
aut,sex_m,skl_skill_match,eco_sector_ind,2007,517.48
aut,sex_m,skl_skill_match,eco_sector_ind,2008,502.448
aut,sex_m,skl_skill_match,eco_sector_ind,2009,490.17
aut,sex_m,skl_skill_match,eco_sector_ind,2010,490.068
aut,sex_m,skl_skill_match,eco_sector_ind,2011,495.286
aut,sex_m,skl_skill_match,eco_sector_ind,2012,511.294
aut,sex_m,skl_skill_match,eco_sector_ind,2013,500.764
aut,sex_m,skl_skill_match,eco_sector_ind,2014,499.273
aut,sex_m,skl_skill_match,eco_sector_ind,2015,502.628
aut,sex_m,skl_skill_match,eco_sector_ind,2016,504.624
aut,sex_m,skl_skill_match,eco_sector_ind,2017,500.016
aut,sex_m,skl_skill_match,eco_sector_ind,2018,520.55
aut,sex_m,skl_skill_match,eco_sector_ind,2019,517.491
aut,sex_m,skl_skill_match,eco_sector_ind,2020,497.178
aut,sex_m,skl_skill_match,eco_sector_ind,2021,511.553
aut,sex_m,skl_skill_match,eco_sector_ind,2022,516.001
aut,sex_m,skl_skill_match,eco_sector_ind,2023,502.422
aut,sex_m,skl_skill_match,eco_sector_nag,2004,1193.57
aut,sex_m,skl_skill_match,eco_sector_nag,2005,1205.843
aut,sex_m,skl_skill_match,eco_sector_nag,2006,1242.315
aut,sex_m,skl_skill_match,eco_sector_nag,2007,1243.905
aut,sex_m,skl_skill_match,eco_sector_nag,2008,1272.232
aut,sex_m,skl_skill_match,eco_sector_nag,2009,1268.395
aut,sex_m,skl_skill_match,eco_sector_nag,2010,1278.853
aut,sex_m,skl_skill_match,eco_sector_nag,2011,1254.357
aut,sex_m,skl_skill_match,eco_sector_nag,2012,1261.057
aut,sex_m,skl_skill_match,eco_sector_nag,2013,1256.133
aut,sex_m,skl_skill_match,eco_sector_nag,2014,1195.325
aut,sex_m,skl_skill_match,eco_sector_nag,2015,1225.83
aut,sex_m,skl_skill_match,eco_sector_nag,2016,1230.993
aut,sex_m,skl_skill_match,eco_sector_nag,2017,1242.157
aut,sex_m,skl_skill_match,eco_sector_nag,2018,1273.789
aut,sex_m,skl_skill_match,eco_sector_nag,2019,1262.05
aut,sex_m,skl_skill_match,eco_sector_nag,2020,1233.458
aut,sex_m,skl_skill_match,eco_sector_nag,2021,1239.23
aut,sex_m,skl_skill_match,eco_sector_nag,2022,1252.828
aut,sex_m,skl_skill_match,eco_sector_nag,2023,1257.055
aut,sex_m,skl_skill_match,eco_sector_ser,2004,705.017
aut,sex_m,skl_skill_match,eco_sector_ser,2005,698.713
aut,sex_m,skl_skill_match,eco_sector_ser,2006,723.014
aut,sex_m,skl_skill_match,eco_sector_ser,2007,726.425
aut,sex_m,skl_skill_match,eco_sector_ser,2008,769.784
aut,sex_m,skl_skill_match,eco_sector_ser,2009,778.225
aut,sex_m,skl_skill_match,eco_sector_ser,2010,788.786
aut,sex_m,skl_skill_match,eco_sector_ser,2011,759.071
aut,sex_m,skl_skill_match,eco_sector_ser,2012,749.763
aut,sex_m,skl_skill_match,eco_sector_ser,2013,755.369
aut,sex_m,skl_skill_match,eco_sector_ser,2014,696.052
aut,sex_m,skl_skill_match,eco_sector_ser,2015,723.202
aut,sex_m,skl_skill_match,eco_sector_ser,2016,726.369
aut,sex_m,skl_skill_match,eco_sector_ser,2017,742.141
aut,sex_m,skl_skill_match,eco_sector_ser,2018,753.24
aut,sex_m,skl_skill_match,eco_sector_ser,2019,744.559
aut,sex_m,skl_skill_match,eco_sector_ser,2020,736.279
aut,sex_m,skl_skill_match,eco_sector_ser,2021,727.676
aut,sex_m,skl_skill_match,eco_sector_ser,2022,736.827
aut,sex_m,skl_skill_match,eco_sector_ser,2023,754.632
aut,sex_m,skl_skill_match,eco_sector_total,2004,1251.714
aut,sex_m,skl_skill_match,eco_sector_total,2005,1269.351
aut,sex_m,skl_skill_match,eco_sector_total,2006,1306.154
aut,sex_m,skl_skill_match,eco_sector_total,2007,1310.108
aut,sex_m,skl_skill_match,eco_sector_total,2008,1339.965
aut,sex_m,skl_skill_match,eco_sector_total,2009,1337.152
aut,sex_m,skl_skill_match,eco_sector_total,2010,1346.905
aut,sex_m,skl_skill_match,eco_sector_total,2011,1317.005
aut,sex_m,skl_skill_match,eco_sector_total,2012,1326.64
aut,sex_m,skl_skill_match,eco_sector_total,2013,1318.409
aut,sex_m,skl_skill_match,eco_sector_total,2014,1256.133
aut,sex_m,skl_skill_match,eco_sector_total,2015,1282.435
aut,sex_m,skl_skill_match,eco_sector_total,2016,1288.476
aut,sex_m,skl_skill_match,eco_sector_total,2017,1291.604
aut,sex_m,skl_skill_match,eco_sector_total,2018,1322.727
aut,sex_m,skl_skill_match,eco_sector_total,2019,1315.203
aut,sex_m,skl_skill_match,eco_sector_total,2020,1290.109
aut,sex_m,skl_skill_match,eco_sector_total,2021,1294.037
aut,sex_m,skl_skill_match,eco_sector_total,2022,1304.537
aut,sex_m,skl_skill_match,eco_sector_total,2023,1304.412
aut,sex_m,skl_skill_over,eco_aggregate_agr,2004,17.924
aut,sex_m,skl_skill_over,eco_aggregate_agr,2005,18.444
aut,sex_m,skl_skill_over,eco_aggregate_agr,2006,19.17
aut,sex_m,skl_skill_over,eco_aggregate_agr,2007,20.615
aut,sex_m,skl_skill_over,eco_aggregate_agr,2008,26.285
aut,sex_m,skl_skill_over,eco_aggregate_agr,2009,27.889
aut,sex_m,skl_skill_over,eco_aggregate_agr,2010,24.373
aut,sex_m,skl_skill_over,eco_aggregate_agr,2011,22.523
aut,sex_m,skl_skill_over,eco_aggregate_agr,2012,21.219
aut,sex_m,skl_skill_over,eco_aggregate_agr,2013,21.185
aut,sex_m,skl_skill_over,eco_aggregate_agr,2014,22.161
aut,sex_m,skl_skill_over,eco_aggregate_agr,2015,24.838
aut,sex_m,skl_skill_over,eco_aggregate_agr,2016,25.541
aut,sex_m,skl_skill_over,eco_aggregate_agr,2017,23.676
aut,sex_m,skl_skill_over,eco_aggregate_agr,2018,24.856
aut,sex_m,skl_skill_over,eco_aggregate_agr,2019,23.851
aut,sex_m,skl_skill_over,eco_aggregate_agr,2020,27.241
aut,sex_m,skl_skill_over,eco_aggregate_agr,2021,24.674
aut,sex_m,skl_skill_over,eco_aggregate_agr,2022,13.518
aut,sex_m,skl_skill_over,eco_aggregate_agr,2023,12.352
aut,sex_m,skl_skill_over,eco_aggregate_con,2004,47.465
aut,sex_m,skl_skill_over,eco_aggregate_con,2005,41.841
aut,sex_m,skl_skill_over,eco_aggregate_con,2006,46.621
aut,sex_m,skl_skill_over,eco_aggregate_con,2007,52.81
aut,sex_m,skl_skill_over,eco_aggregate_con,2008,50.688
aut,sex_m,skl_skill_over,eco_aggregate_con,2009,46.818
aut,sex_m,skl_skill_over,eco_aggregate_con,2010,45.338
aut,sex_m,skl_skill_over,eco_aggregate_con,2011,49.145
aut,sex_m,skl_skill_over,eco_aggregate_con,2012,52.2
aut,sex_m,skl_skill_over,eco_aggregate_con,2013,56.349
aut,sex_m,skl_skill_over,eco_aggregate_con,2014,53.647
aut,sex_m,skl_skill_over,eco_aggregate_con,2015,55.744
aut,sex_m,skl_skill_over,eco_aggregate_con,2016,62.405
aut,sex_m,skl_skill_over,eco_aggregate_con,2017,56.225
aut,sex_m,skl_skill_over,eco_aggregate_con,2018,56.514
aut,sex_m,skl_skill_over,eco_aggregate_con,2019,61.746
aut,sex_m,skl_skill_over,eco_aggregate_con,2020,53.877
aut,sex_m,skl_skill_over,eco_aggregate_con,2021,48.824
aut,sex_m,skl_skill_over,eco_aggregate_con,2022,35.16
aut,sex_m,skl_skill_over,eco_aggregate_con,2023,41.708
aut,sex_m,skl_skill_over,eco_aggregate_man,2004,102.678
aut,sex_m,skl_skill_over,eco_aggregate_man,2005,109.196
aut,sex_m,skl_skill_over,eco_aggregate_man,2006,122.714
aut,sex_m,skl_skill_over,eco_aggregate_man,2007,117.546
aut,sex_m,skl_skill_over,eco_aggregate_man,2008,105.487
aut,sex_m,skl_skill_over,eco_aggregate_man,2009,100.459
aut,sex_m,skl_skill_over,eco_aggregate_man,2010,106.354
aut,sex_m,skl_skill_over,eco_aggregate_man,2011,99.906
aut,sex_m,skl_skill_over,eco_aggregate_man,2012,89.733
aut,sex_m,skl_skill_over,eco_aggregate_man,2013,87.237
aut,sex_m,skl_skill_over,eco_aggregate_man,2014,105.061
aut,sex_m,skl_skill_over,eco_aggregate_man,2015,106.819
aut,sex_m,skl_skill_over,eco_aggregate_man,2016,106.318
aut,sex_m,skl_skill_over,eco_aggregate_man,2017,108.101
aut,sex_m,skl_skill_over,eco_aggregate_man,2018,122.129
aut,sex_m,skl_skill_over,eco_aggregate_man,2019,112.946
aut,sex_m,skl_skill_over,eco_aggregate_man,2020,101.527
aut,sex_m,skl_skill_over,eco_aggregate_man,2021,108.912
aut,sex_m,skl_skill_over,eco_aggregate_man,2022,79.9
aut,sex_m,skl_skill_over,eco_aggregate_man,2023,77.257
aut,sex_m,skl_skill_over,eco_aggregate_mel,2004,10.49
aut,sex_m,skl_skill_over,eco_aggregate_mel,2005,9.465
aut,sex_m,skl_skill_over,eco_aggregate_mel,2006,8.407
aut,sex_m,skl_skill_over,eco_aggregate_mel,2007,8.845
aut,sex_m,skl_skill_over,eco_aggregate_mel,2008,10.226
aut,sex_m,skl_skill_over,eco_aggregate_mel,2009,10.553
aut,sex_m,skl_skill_over,eco_aggregate_mel,2010,11.369
aut,sex_m,skl_skill_over,eco_aggregate_mel,2011,11.164
aut,sex_m,skl_skill_over,eco_aggregate_mel,2012,9.79
aut,sex_m,skl_skill_over,eco_aggregate_mel,2013,12.129
aut,sex_m,skl_skill_over,eco_aggregate_mel,2014,11.759
aut,sex_m,skl_skill_over,eco_aggregate_mel,2015,12.657
aut,sex_m,skl_skill_over,eco_aggregate_mel,2016,13.106
aut,sex_m,skl_skill_over,eco_aggregate_mel,2017,11.804
aut,sex_m,skl_skill_over,eco_aggregate_mel,2018,11.18
aut,sex_m,skl_skill_over,eco_aggregate_mel,2019,9.226
aut,sex_m,skl_skill_over,eco_aggregate_mel,2020,9.945
aut,sex_m,skl_skill_over,eco_aggregate_mel,2021,11.848
aut,sex_m,skl_skill_over,eco_aggregate_mel,2022,7.871
aut,sex_m,skl_skill_over,eco_aggregate_mel,2023,8.813
aut,sex_m,skl_skill_over,eco_aggregate_mkt,2004,168.694
aut,sex_m,skl_skill_over,eco_aggregate_mkt,2005,181.165
aut,sex_m,skl_skill_over,eco_aggregate_mkt,2006,169.077
aut,sex_m,skl_skill_over,eco_aggregate_mkt,2007,190.134
aut,sex_m,skl_skill_over,eco_aggregate_mkt,2008,194.816
aut,sex_m,skl_skill_over,eco_aggregate_mkt,2009,192.187
aut,sex_m,skl_skill_over,eco_aggregate_mkt,2010,191.57
aut,sex_m,skl_skill_over,eco_aggregate_mkt,2011,175.214
aut,sex_m,skl_skill_over,eco_aggregate_mkt,2012,170.141
aut,sex_m,skl_skill_over,eco_aggregate_mkt,2013,164.506
aut,sex_m,skl_skill_over,eco_aggregate_mkt,2014,187.825
aut,sex_m,skl_skill_over,eco_aggregate_mkt,2015,179.351
aut,sex_m,skl_skill_over,eco_aggregate_mkt,2016,193.673
aut,sex_m,skl_skill_over,eco_aggregate_mkt,2017,206.307
aut,sex_m,skl_skill_over,eco_aggregate_mkt,2018,220.061
aut,sex_m,skl_skill_over,eco_aggregate_mkt,2019,199.131
aut,sex_m,skl_skill_over,eco_aggregate_mkt,2020,186.196
aut,sex_m,skl_skill_over,eco_aggregate_mkt,2021,190.708
aut,sex_m,skl_skill_over,eco_aggregate_mkt,2022,187.952
aut,sex_m,skl_skill_over,eco_aggregate_mkt,2023,211.844
aut,sex_m,skl_skill_over,eco_aggregate_pub,2004,62.752
aut,sex_m,skl_skill_over,eco_aggregate_pub,2005,76.29
aut,sex_m,skl_skill_over,eco_aggregate_pub,2006,65.21
aut,sex_m,skl_skill_over,eco_aggregate_pub,2007,89.37
aut,sex_m,skl_skill_over,eco_aggregate_pub,2008,82.196
aut,sex_m,skl_skill_over,eco_aggregate_pub,2009,84.385
aut,sex_m,skl_skill_over,eco_aggregate_pub,2010,83.669
aut,sex_m,skl_skill_over,eco_aggregate_pub,2011,70.804
aut,sex_m,skl_skill_over,eco_aggregate_pub,2012,63.944
aut,sex_m,skl_skill_over,eco_aggregate_pub,2013,66.694
aut,sex_m,skl_skill_over,eco_aggregate_pub,2014,108.207
aut,sex_m,skl_skill_over,eco_aggregate_pub,2015,80.003
aut,sex_m,skl_skill_over,eco_aggregate_pub,2016,74.677
aut,sex_m,skl_skill_over,eco_aggregate_pub,2017,79.199
aut,sex_m,skl_skill_over,eco_aggregate_pub,2018,79.597
aut,sex_m,skl_skill_over,eco_aggregate_pub,2019,83.324
aut,sex_m,skl_skill_over,eco_aggregate_pub,2020,78.379
aut,sex_m,skl_skill_over,eco_aggregate_pub,2021,78.135
aut,sex_m,skl_skill_over,eco_aggregate_pub,2022,84.225
aut,sex_m,skl_skill_over,eco_aggregate_pub,2023,88.643
aut,sex_m,skl_skill_over,eco_aggregate_total,2004,410.003
aut,sex_m,skl_skill_over,eco_aggregate_total,2005,436.401
aut,sex_m,skl_skill_over,eco_aggregate_total,2006,431.199
aut,sex_m,skl_skill_over,eco_aggregate_total,2007,479.32
aut,sex_m,skl_skill_over,eco_aggregate_total,2008,469.699
aut,sex_m,skl_skill_over,eco_aggregate_total,2009,462.291
aut,sex_m,skl_skill_over,eco_aggregate_total,2010,462.673
aut,sex_m,skl_skill_over,eco_aggregate_total,2011,428.756
aut,sex_m,skl_skill_over,eco_aggregate_total,2012,407.027
aut,sex_m,skl_skill_over,eco_aggregate_total,2013,408.099
aut,sex_m,skl_skill_over,eco_aggregate_total,2014,488.659
aut,sex_m,skl_skill_over,eco_aggregate_total,2015,459.412
aut,sex_m,skl_skill_over,eco_aggregate_total,2016,475.72
aut,sex_m,skl_skill_over,eco_aggregate_total,2017,485.312
aut,sex_m,skl_skill_over,eco_aggregate_total,2018,514.338
aut,sex_m,skl_skill_over,eco_aggregate_total,2019,490.224
aut,sex_m,skl_skill_over,eco_aggregate_total,2020,457.164
aut,sex_m,skl_skill_over,eco_aggregate_total,2021,463.101
aut,sex_m,skl_skill_over,eco_aggregate_total,2022,408.626
aut,sex_m,skl_skill_over,eco_aggregate_total,2023,440.618
aut,sex_m,skl_skill_over,eco_sector_agr,2004,17.924
aut,sex_m,skl_skill_over,eco_sector_agr,2005,18.444
aut,sex_m,skl_skill_over,eco_sector_agr,2006,19.17
aut,sex_m,skl_skill_over,eco_sector_agr,2007,20.615
aut,sex_m,skl_skill_over,eco_sector_agr,2008,26.285
aut,sex_m,skl_skill_over,eco_sector_agr,2009,27.889
aut,sex_m,skl_skill_over,eco_sector_agr,2010,24.373
aut,sex_m,skl_skill_over,eco_sector_agr,2011,22.523
aut,sex_m,skl_skill_over,eco_sector_agr,2012,21.219
aut,sex_m,skl_skill_over,eco_sector_agr,2013,21.185
aut,sex_m,skl_skill_over,eco_sector_agr,2014,22.161
aut,sex_m,skl_skill_over,eco_sector_agr,2015,24.838
aut,sex_m,skl_skill_over,eco_sector_agr,2016,25.541
aut,sex_m,skl_skill_over,eco_sector_agr,2017,23.676
aut,sex_m,skl_skill_over,eco_sector_agr,2018,24.856
aut,sex_m,skl_skill_over,eco_sector_agr,2019,23.851
aut,sex_m,skl_skill_over,eco_sector_agr,2020,27.241
aut,sex_m,skl_skill_over,eco_sector_agr,2021,24.674
aut,sex_m,skl_skill_over,eco_sector_agr,2022,13.518
aut,sex_m,skl_skill_over,eco_sector_agr,2023,12.352
aut,sex_m,skl_skill_over,eco_sector_ind,2004,160.633
aut,sex_m,skl_skill_over,eco_sector_ind,2005,160.502
aut,sex_m,skl_skill_over,eco_sector_ind,2006,177.742
aut,sex_m,skl_skill_over,eco_sector_ind,2007,179.2
aut,sex_m,skl_skill_over,eco_sector_ind,2008,166.401
aut,sex_m,skl_skill_over,eco_sector_ind,2009,157.83
aut,sex_m,skl_skill_over,eco_sector_ind,2010,163.061
aut,sex_m,skl_skill_over,eco_sector_ind,2011,160.214
aut,sex_m,skl_skill_over,eco_sector_ind,2012,151.722
aut,sex_m,skl_skill_over,eco_sector_ind,2013,155.714
aut,sex_m,skl_skill_over,eco_sector_ind,2014,170.467
aut,sex_m,skl_skill_over,eco_sector_ind,2015,175.22
aut,sex_m,skl_skill_over,eco_sector_ind,2016,181.83
aut,sex_m,skl_skill_over,eco_sector_ind,2017,176.131
aut,sex_m,skl_skill_over,eco_sector_ind,2018,189.824
aut,sex_m,skl_skill_over,eco_sector_ind,2019,183.918
aut,sex_m,skl_skill_over,eco_sector_ind,2020,165.348
aut,sex_m,skl_skill_over,eco_sector_ind,2021,169.584
aut,sex_m,skl_skill_over,eco_sector_ind,2022,122.931
aut,sex_m,skl_skill_over,eco_sector_ind,2023,127.779
aut,sex_m,skl_skill_over,eco_sector_nag,2004,392.079
aut,sex_m,skl_skill_over,eco_sector_nag,2005,417.957
aut,sex_m,skl_skill_over,eco_sector_nag,2006,412.029
aut,sex_m,skl_skill_over,eco_sector_nag,2007,458.704
aut,sex_m,skl_skill_over,eco_sector_nag,2008,443.414
aut,sex_m,skl_skill_over,eco_sector_nag,2009,434.402
aut,sex_m,skl_skill_over,eco_sector_nag,2010,438.3
aut,sex_m,skl_skill_over,eco_sector_nag,2011,406.232
aut,sex_m,skl_skill_over,eco_sector_nag,2012,385.808
aut,sex_m,skl_skill_over,eco_sector_nag,2013,386.914
aut,sex_m,skl_skill_over,eco_sector_nag,2014,466.498
aut,sex_m,skl_skill_over,eco_sector_nag,2015,434.574
aut,sex_m,skl_skill_over,eco_sector_nag,2016,450.18
aut,sex_m,skl_skill_over,eco_sector_nag,2017,461.636
aut,sex_m,skl_skill_over,eco_sector_nag,2018,489.481
aut,sex_m,skl_skill_over,eco_sector_nag,2019,466.373
aut,sex_m,skl_skill_over,eco_sector_nag,2020,429.923
aut,sex_m,skl_skill_over,eco_sector_nag,2021,438.428
aut,sex_m,skl_skill_over,eco_sector_nag,2022,395.108
aut,sex_m,skl_skill_over,eco_sector_nag,2023,428.266
aut,sex_m,skl_skill_over,eco_sector_ser,2004,231.446
aut,sex_m,skl_skill_over,eco_sector_ser,2005,257.456
aut,sex_m,skl_skill_over,eco_sector_ser,2006,234.287
aut,sex_m,skl_skill_over,eco_sector_ser,2007,279.504
aut,sex_m,skl_skill_over,eco_sector_ser,2008,277.012
aut,sex_m,skl_skill_over,eco_sector_ser,2009,276.572
aut,sex_m,skl_skill_over,eco_sector_ser,2010,275.239
aut,sex_m,skl_skill_over,eco_sector_ser,2011,246.018
aut,sex_m,skl_skill_over,eco_sector_ser,2012,234.085
aut,sex_m,skl_skill_over,eco_sector_ser,2013,231.2
aut,sex_m,skl_skill_over,eco_sector_ser,2014,296.031
aut,sex_m,skl_skill_over,eco_sector_ser,2015,259.355
aut,sex_m,skl_skill_over,eco_sector_ser,2016,268.35
aut,sex_m,skl_skill_over,eco_sector_ser,2017,285.506
aut,sex_m,skl_skill_over,eco_sector_ser,2018,299.658
aut,sex_m,skl_skill_over,eco_sector_ser,2019,282.454
aut,sex_m,skl_skill_over,eco_sector_ser,2020,264.574
aut,sex_m,skl_skill_over,eco_sector_ser,2021,268.843
aut,sex_m,skl_skill_over,eco_sector_ser,2022,272.177
aut,sex_m,skl_skill_over,eco_sector_ser,2023,300.487
aut,sex_m,skl_skill_over,eco_sector_total,2004,410.003
aut,sex_m,skl_skill_over,eco_sector_total,2005,436.401
aut,sex_m,skl_skill_over,eco_sector_total,2006,431.199
aut,sex_m,skl_skill_over,eco_sector_total,2007,479.32
aut,sex_m,skl_skill_over,eco_sector_total,2008,469.699
aut,sex_m,skl_skill_over,eco_sector_total,2009,462.291
aut,sex_m,skl_skill_over,eco_sector_total,2010,462.673
aut,sex_m,skl_skill_over,eco_sector_total,2011,428.756
aut,sex_m,skl_skill_over,eco_sector_total,2012,407.027
aut,sex_m,skl_skill_over,eco_sector_total,2013,408.099
aut,sex_m,skl_skill_over,eco_sector_total,2014,488.659
aut,sex_m,skl_skill_over,eco_sector_total,2015,459.412
aut,sex_m,skl_skill_over,eco_sector_total,2016,475.72
aut,sex_m,skl_skill_over,eco_sector_total,2017,485.312
aut,sex_m,skl_skill_over,eco_sector_total,2018,514.338
aut,sex_m,skl_skill_over,eco_sector_total,2019,490.224
aut,sex_m,skl_skill_over,eco_sector_total,2020,457.164
aut,sex_m,skl_skill_over,eco_sector_total,2021,463.101
aut,sex_m,skl_skill_over,eco_sector_total,2022,408.626
aut,sex_m,skl_skill_over,eco_sector_total,2023,440.618
aut,sex_m,skl_skill_total,eco_aggregate_agr,2004,97.403
aut,sex_m,skl_skill_total,eco_aggregate_agr,2005,107.663
aut,sex_m,skl_skill_total,eco_aggregate_agr,2006,108.591
aut,sex_m,skl_skill_total,eco_aggregate_agr,2007,116.513
aut,sex_m,skl_skill_total,eco_aggregate_agr,2008,118.643
aut,sex_m,skl_skill_total,eco_aggregate_agr,2009,121.504
aut,sex_m,skl_skill_total,eco_aggregate_agr,2010,121.583
aut,sex_m,skl_skill_total,eco_aggregate_agr,2011,112.011
aut,sex_m,skl_skill_total,eco_aggregate_agr,2012,109.722
aut,sex_m,skl_skill_total,eco_aggregate_agr,2013,107.217
aut,sex_m,skl_skill_total,eco_aggregate_agr,2014,110.354
aut,sex_m,skl_skill_total,eco_aggregate_agr,2015,105.63
aut,sex_m,skl_skill_total,eco_aggregate_agr,2016,105.456
aut,sex_m,skl_skill_total,eco_aggregate_agr,2017,93.55
aut,sex_m,skl_skill_total,eco_aggregate_agr,2018,93.058
aut,sex_m,skl_skill_total,eco_aggregate_agr,2019,94.102
aut,sex_m,skl_skill_total,eco_aggregate_agr,2020,98.114
aut,sex_m,skl_skill_total,eco_aggregate_agr,2021,92.309
aut,sex_m,skl_skill_total,eco_aggregate_agr,2022,90.628
aut,sex_m,skl_skill_total,eco_aggregate_agr,2023,85.046
aut,sex_m,skl_skill_total,eco_aggregate_con,2004,264.511
aut,sex_m,skl_skill_total,eco_aggregate_con,2005,270.488
aut,sex_m,skl_skill_total,eco_aggregate_con,2006,277.894
aut,sex_m,skl_skill_total,eco_aggregate_con,2007,280.75
aut,sex_m,skl_skill_total,eco_aggregate_con,2008,278.676
aut,sex_m,skl_skill_total,eco_aggregate_con,2009,264.403
aut,sex_m,skl_skill_total,eco_aggregate_con,2010,259.966
aut,sex_m,skl_skill_total,eco_aggregate_con,2011,303.028
aut,sex_m,skl_skill_total,eco_aggregate_con,2012,311.393
aut,sex_m,skl_skill_total,eco_aggregate_con,2013,306.598
aut,sex_m,skl_skill_total,eco_aggregate_con,2014,299.361
aut,sex_m,skl_skill_total,eco_aggregate_con,2015,298.741
aut,sex_m,skl_skill_total,eco_aggregate_con,2016,299.749
aut,sex_m,skl_skill_total,eco_aggregate_con,2017,296.965
aut,sex_m,skl_skill_total,eco_aggregate_con,2018,298.342
aut,sex_m,skl_skill_total,eco_aggregate_con,2019,310.419
aut,sex_m,skl_skill_total,eco_aggregate_con,2020,297.483
aut,sex_m,skl_skill_total,eco_aggregate_con,2021,280.582
aut,sex_m,skl_skill_total,eco_aggregate_con,2022,312.641
aut,sex_m,skl_skill_total,eco_aggregate_con,2023,298.614
aut,sex_m,skl_skill_total,eco_aggregate_man,2004,503.497
aut,sex_m,skl_skill_total,eco_aggregate_man,2005,510.381
aut,sex_m,skl_skill_total,eco_aggregate_man,2006,532.397
aut,sex_m,skl_skill_total,eco_aggregate_man,2007,528.436
aut,sex_m,skl_skill_total,eco_aggregate_man,2008,503.73
aut,sex_m,skl_skill_total,eco_aggregate_man,2009,474.043
aut,sex_m,skl_skill_total,eco_aggregate_man,2010,483.321
aut,sex_m,skl_skill_total,eco_aggregate_man,2011,471.243
aut,sex_m,skl_skill_total,eco_aggregate_man,2012,469.929
aut,sex_m,skl_skill_total,eco_aggregate_man,2013,458.954
aut,sex_m,skl_skill_total,eco_aggregate_man,2014,466.62
aut,sex_m,skl_skill_total,eco_aggregate_man,2015,484.395
aut,sex_m,skl_skill_total,eco_aggregate_man,2016,494.932
aut,sex_m,skl_skill_total,eco_aggregate_man,2017,493.831
aut,sex_m,skl_skill_total,eco_aggregate_man,2018,515.125
aut,sex_m,skl_skill_total,eco_aggregate_man,2019,511.592
aut,sex_m,skl_skill_total,eco_aggregate_man,2020,497.758
aut,sex_m,skl_skill_total,eco_aggregate_man,2021,523.305
aut,sex_m,skl_skill_total,eco_aggregate_man,2022,542.971
aut,sex_m,skl_skill_total,eco_aggregate_man,2023,534.961
aut,sex_m,skl_skill_total,eco_aggregate_mel,2004,31.098
aut,sex_m,skl_skill_total,eco_aggregate_mel,2005,32.361
aut,sex_m,skl_skill_total,eco_aggregate_mel,2006,33.002
aut,sex_m,skl_skill_total,eco_aggregate_mel,2007,30.558
aut,sex_m,skl_skill_total,eco_aggregate_mel,2008,28.234
aut,sex_m,skl_skill_total,eco_aggregate_mel,2009,31.549
aut,sex_m,skl_skill_total,eco_aggregate_mel,2010,33.544
aut,sex_m,skl_skill_total,eco_aggregate_mel,2011,44.172
aut,sex_m,skl_skill_total,eco_aggregate_mel,2012,40.892
aut,sex_m,skl_skill_total,eco_aggregate_mel,2013,46.707
aut,sex_m,skl_skill_total,eco_aggregate_mel,2014,46.222
aut,sex_m,skl_skill_total,eco_aggregate_mel,2015,47.709
aut,sex_m,skl_skill_total,eco_aggregate_mel,2016,45.864
aut,sex_m,skl_skill_total,eco_aggregate_mel,2017,41.481
aut,sex_m,skl_skill_total,eco_aggregate_mel,2018,44.054
aut,sex_m,skl_skill_total,eco_aggregate_mel,2019,40.715
aut,sex_m,skl_skill_total,eco_aggregate_mel,2020,44.391
aut,sex_m,skl_skill_total,eco_aggregate_mel,2021,51.641
aut,sex_m,skl_skill_total,eco_aggregate_mel,2022,47.499
aut,sex_m,skl_skill_total,eco_aggregate_mel,2023,48.255
aut,sex_m,skl_skill_total,eco_aggregate_mkt,2004,755.893
aut,sex_m,skl_skill_total,eco_aggregate_mkt,2005,757.262
aut,sex_m,skl_skill_total,eco_aggregate_mkt,2006,765.721
aut,sex_m,skl_skill_total,eco_aggregate_mkt,2007,801.352
aut,sex_m,skl_skill_total,eco_aggregate_mkt,2008,843.004
aut,sex_m,skl_skill_total,eco_aggregate_mkt,2009,841.285
aut,sex_m,skl_skill_total,eco_aggregate_mkt,2010,838.906
aut,sex_m,skl_skill_total,eco_aggregate_mkt,2011,850.355
aut,sex_m,skl_skill_total,eco_aggregate_mkt,2012,853.815
aut,sex_m,skl_skill_total,eco_aggregate_mkt,2013,878.194
aut,sex_m,skl_skill_total,eco_aggregate_mkt,2014,864.441
aut,sex_m,skl_skill_total,eco_aggregate_mkt,2015,856.01
aut,sex_m,skl_skill_total,eco_aggregate_mkt,2016,888.482
aut,sex_m,skl_skill_total,eco_aggregate_mkt,2017,915.227
aut,sex_m,skl_skill_total,eco_aggregate_mkt,2018,932.163
aut,sex_m,skl_skill_total,eco_aggregate_mkt,2019,931.502
aut,sex_m,skl_skill_total,eco_aggregate_mkt,2020,920.613
aut,sex_m,skl_skill_total,eco_aggregate_mkt,2021,917.773
aut,sex_m,skl_skill_total,eco_aggregate_mkt,2022,928.679
aut,sex_m,skl_skill_total,eco_aggregate_mkt,2023,967.203
aut,sex_m,skl_skill_total,eco_aggregate_pub,2004,367.437
aut,sex_m,skl_skill_total,eco_aggregate_pub,2005,368.001
aut,sex_m,skl_skill_total,eco_aggregate_pub,2006,367.465
aut,sex_m,skl_skill_total,eco_aggregate_pub,2007,380.488
aut,sex_m,skl_skill_total,eco_aggregate_pub,2008,391.288
aut,sex_m,skl_skill_total,eco_aggregate_pub,2009,400.734
aut,sex_m,skl_skill_total,eco_aggregate_pub,2010,410.717
aut,sex_m,skl_skill_total,eco_aggregate_pub,2011,381.594
aut,sex_m,skl_skill_total,eco_aggregate_pub,2012,385.624
aut,sex_m,skl_skill_total,eco_aggregate_pub,2013,382.603
aut,sex_m,skl_skill_total,eco_aggregate_pub,2014,388.209
aut,sex_m,skl_skill_total,eco_aggregate_pub,2015,401.63
aut,sex_m,skl_skill_total,eco_aggregate_pub,2016,399.921
aut,sex_m,skl_skill_total,eco_aggregate_pub,2017,413.283
aut,sex_m,skl_skill_total,eco_aggregate_pub,2018,412.807
aut,sex_m,skl_skill_total,eco_aggregate_pub,2019,424.84
aut,sex_m,skl_skill_total,eco_aggregate_pub,2020,426.85
aut,sex_m,skl_skill_total,eco_aggregate_pub,2021,423.148
aut,sex_m,skl_skill_total,eco_aggregate_pub,2022,430.644
aut,sex_m,skl_skill_total,eco_aggregate_pub,2023,434.772
aut,sex_m,skl_skill_total,eco_aggregate_total,2004,2020.004
aut,sex_m,skl_skill_total,eco_aggregate_total,2005,2046.338
aut,sex_m,skl_skill_total,eco_aggregate_total,2006,2085.314
aut,sex_m,skl_skill_total,eco_aggregate_total,2007,2138.313
aut,sex_m,skl_skill_total,eco_aggregate_total,2008,2163.674
aut,sex_m,skl_skill_total,eco_aggregate_total,2009,2133.762
aut,sex_m,skl_skill_total,eco_aggregate_total,2010,2148.203
aut,sex_m,skl_skill_total,eco_aggregate_total,2011,2162.476
aut,sex_m,skl_skill_total,eco_aggregate_total,2012,2171.572
aut,sex_m,skl_skill_total,eco_aggregate_total,2013,2180.379
aut,sex_m,skl_skill_total,eco_aggregate_total,2014,2175.406
aut,sex_m,skl_skill_total,eco_aggregate_total,2015,2194.156
aut,sex_m,skl_skill_total,eco_aggregate_total,2016,2234.482
aut,sex_m,skl_skill_total,eco_aggregate_total,2017,2254.404
aut,sex_m,skl_skill_total,eco_aggregate_total,2018,2295.549
aut,sex_m,skl_skill_total,eco_aggregate_total,2019,2313.171
aut,sex_m,skl_skill_total,eco_aggregate_total,2020,2285.326
aut,sex_m,skl_skill_total,eco_aggregate_total,2021,2288.757
aut,sex_m,skl_skill_total,eco_aggregate_total,2022,2353.062
aut,sex_m,skl_skill_total,eco_aggregate_total,2023,2368.851
aut,sex_m,skl_skill_total,eco_aggregate_x,2018,0
aut,sex_m,skl_skill_total,eco_aggregate_x,2019,0
aut,sex_m,skl_skill_total,eco_sector_agr,2004,97.403
aut,sex_m,skl_skill_total,eco_sector_agr,2005,107.663
aut,sex_m,skl_skill_total,eco_sector_agr,2006,108.591
aut,sex_m,skl_skill_total,eco_sector_agr,2007,116.513
aut,sex_m,skl_skill_total,eco_sector_agr,2008,118.643
aut,sex_m,skl_skill_total,eco_sector_agr,2009,121.504
aut,sex_m,skl_skill_total,eco_sector_agr,2010,121.583
aut,sex_m,skl_skill_total,eco_sector_agr,2011,112.011
aut,sex_m,skl_skill_total,eco_sector_agr,2012,109.722
aut,sex_m,skl_skill_total,eco_sector_agr,2013,107.217
aut,sex_m,skl_skill_total,eco_sector_agr,2014,110.354
aut,sex_m,skl_skill_total,eco_sector_agr,2015,105.63
aut,sex_m,skl_skill_total,eco_sector_agr,2016,105.456
aut,sex_m,skl_skill_total,eco_sector_agr,2017,93.55
aut,sex_m,skl_skill_total,eco_sector_agr,2018,93.058
aut,sex_m,skl_skill_total,eco_sector_agr,2019,94.102
aut,sex_m,skl_skill_total,eco_sector_agr,2020,98.114
aut,sex_m,skl_skill_total,eco_sector_agr,2021,92.309
aut,sex_m,skl_skill_total,eco_sector_agr,2022,90.628
aut,sex_m,skl_skill_total,eco_sector_agr,2023,85.046
aut,sex_m,skl_skill_total,eco_sector_ind,2004,799.105
aut,sex_m,skl_skill_total,eco_sector_ind,2005,813.23
aut,sex_m,skl_skill_total,eco_sector_ind,2006,843.292
aut,sex_m,skl_skill_total,eco_sector_ind,2007,839.744
aut,sex_m,skl_skill_total,eco_sector_ind,2008,810.64
aut,sex_m,skl_skill_total,eco_sector_ind,2009,769.995
aut,sex_m,skl_skill_total,eco_sector_ind,2010,776.832
aut,sex_m,skl_skill_total,eco_sector_ind,2011,818.442
aut,sex_m,skl_skill_total,eco_sector_ind,2012,822.215
aut,sex_m,skl_skill_total,eco_sector_ind,2013,812.258
aut,sex_m,skl_skill_total,eco_sector_ind,2014,812.203
aut,sex_m,skl_skill_total,eco_sector_ind,2015,830.845
aut,sex_m,skl_skill_total,eco_sector_ind,2016,840.545
aut,sex_m,skl_skill_total,eco_sector_ind,2017,832.277
aut,sex_m,skl_skill_total,eco_sector_ind,2018,857.52
aut,sex_m,skl_skill_total,eco_sector_ind,2019,862.726
aut,sex_m,skl_skill_total,eco_sector_ind,2020,839.632
aut,sex_m,skl_skill_total,eco_sector_ind,2021,855.528
aut,sex_m,skl_skill_total,eco_sector_ind,2022,903.111
aut,sex_m,skl_skill_total,eco_sector_ind,2023,881.83
aut,sex_m,skl_skill_total,eco_sector_nag,2004,1922.6
aut,sex_m,skl_skill_total,eco_sector_nag,2005,1938.675
aut,sex_m,skl_skill_total,eco_sector_nag,2006,1976.724
aut,sex_m,skl_skill_total,eco_sector_nag,2007,2021.8
aut,sex_m,skl_skill_total,eco_sector_nag,2008,2045.031
aut,sex_m,skl_skill_total,eco_sector_nag,2009,2012.258
aut,sex_m,skl_skill_total,eco_sector_nag,2010,2026.62
aut,sex_m,skl_skill_total,eco_sector_nag,2011,2050.465
aut,sex_m,skl_skill_total,eco_sector_nag,2012,2061.849
aut,sex_m,skl_skill_total,eco_sector_nag,2013,2073.162
aut,sex_m,skl_skill_total,eco_sector_nag,2014,2065.052
aut,sex_m,skl_skill_total,eco_sector_nag,2015,2088.527
aut,sex_m,skl_skill_total,eco_sector_nag,2016,2129.026
aut,sex_m,skl_skill_total,eco_sector_nag,2017,2160.854
aut,sex_m,skl_skill_total,eco_sector_nag,2018,2202.491
aut,sex_m,skl_skill_total,eco_sector_nag,2019,2219.068
aut,sex_m,skl_skill_total,eco_sector_nag,2020,2187.212
aut,sex_m,skl_skill_total,eco_sector_nag,2021,2196.448
aut,sex_m,skl_skill_total,eco_sector_nag,2022,2262.434
aut,sex_m,skl_skill_total,eco_sector_nag,2023,2283.806
aut,sex_m,skl_skill_total,eco_sector_ser,2004,1123.33
aut,sex_m,skl_skill_total,eco_sector_ser,2005,1125.263
aut,sex_m,skl_skill_total,eco_sector_ser,2006,1133.186
aut,sex_m,skl_skill_total,eco_sector_ser,2007,1181.839
aut,sex_m,skl_skill_total,eco_sector_ser,2008,1234.291
aut,sex_m,skl_skill_total,eco_sector_ser,2009,1242.019
aut,sex_m,skl_skill_total,eco_sector_ser,2010,1249.623
aut,sex_m,skl_skill_total,eco_sector_ser,2011,1231.949
aut,sex_m,skl_skill_total,eco_sector_ser,2012,1239.44
aut,sex_m,skl_skill_total,eco_sector_ser,2013,1260.797
aut,sex_m,skl_skill_total,eco_sector_ser,2014,1252.65
aut,sex_m,skl_skill_total,eco_sector_ser,2015,1257.64
aut,sex_m,skl_skill_total,eco_sector_ser,2016,1288.403
aut,sex_m,skl_skill_total,eco_sector_ser,2017,1328.51
aut,sex_m,skl_skill_total,eco_sector_ser,2018,1344.97
aut,sex_m,skl_skill_total,eco_sector_ser,2019,1356.342
aut,sex_m,skl_skill_total,eco_sector_ser,2020,1347.463
aut,sex_m,skl_skill_total,eco_sector_ser,2021,1340.921
aut,sex_m,skl_skill_total,eco_sector_ser,2022,1359.323
aut,sex_m,skl_skill_total,eco_sector_ser,2023,1401.975
aut,sex_m,skl_skill_total,eco_sector_total,2004,2020.004
aut,sex_m,skl_skill_total,eco_sector_total,2005,2046.338
aut,sex_m,skl_skill_total,eco_sector_total,2006,2085.314
aut,sex_m,skl_skill_total,eco_sector_total,2007,2138.313
aut,sex_m,skl_skill_total,eco_sector_total,2008,2163.674
aut,sex_m,skl_skill_total,eco_sector_total,2009,2133.762
aut,sex_m,skl_skill_total,eco_sector_total,2010,2148.203
aut,sex_m,skl_skill_total,eco_sector_total,2011,2162.476
aut,sex_m,skl_skill_total,eco_sector_total,2012,2171.572
aut,sex_m,skl_skill_total,eco_sector_total,2013,2180.379
aut,sex_m,skl_skill_total,eco_sector_total,2014,2175.406
aut,sex_m,skl_skill_total,eco_sector_total,2015,2194.156
aut,sex_m,skl_skill_total,eco_sector_total,2016,2234.482
aut,sex_m,skl_skill_total,eco_sector_total,2017,2254.404
aut,sex_m,skl_skill_total,eco_sector_total,2018,2295.549
aut,sex_m,skl_skill_total,eco_sector_total,2019,2313.171
aut,sex_m,skl_skill_total,eco_sector_total,2020,2285.326
aut,sex_m,skl_skill_total,eco_sector_total,2021,2288.757
aut,sex_m,skl_skill_total,eco_sector_total,2022,2353.062
aut,sex_m,skl_skill_total,eco_sector_total,2023,2368.851
aut,sex_m,skl_skill_total,eco_sector_x,2018,0
aut,sex_m,skl_skill_total,eco_sector_x,2019,0
aut,sex_m,skl_skill_under,eco_aggregate_agr,2004,21.142
aut,sex_m,skl_skill_under,eco_aggregate_agr,2005,25.711
aut,sex_m,skl_skill_under,eco_aggregate_agr,2006,25.581
aut,sex_m,skl_skill_under,eco_aggregate_agr,2007,29.695
aut,sex_m,skl_skill_under,eco_aggregate_agr,2008,24.625
aut,sex_m,skl_skill_under,eco_aggregate_agr,2009,24.859
aut,sex_m,skl_skill_under,eco_aggregate_agr,2010,29.159
aut,sex_m,skl_skill_under,eco_aggregate_agr,2011,26.84
aut,sex_m,skl_skill_under,eco_aggregate_agr,2012,22.92
aut,sex_m,skl_skill_under,eco_aggregate_agr,2013,23.756
aut,sex_m,skl_skill_under,eco_aggregate_agr,2014,27.384
aut,sex_m,skl_skill_under,eco_aggregate_agr,2015,24.187
aut,sex_m,skl_skill_under,eco_aggregate_agr,2016,22.432
aut,sex_m,skl_skill_under,eco_aggregate_agr,2017,20.427
aut,sex_m,skl_skill_under,eco_aggregate_agr,2018,19.264
aut,sex_m,skl_skill_under,eco_aggregate_agr,2019,17.098
aut,sex_m,skl_skill_under,eco_aggregate_agr,2020,14.222
aut,sex_m,skl_skill_under,eco_aggregate_agr,2021,12.828
aut,sex_m,skl_skill_under,eco_aggregate_agr,2022,10.818
aut,sex_m,skl_skill_under,eco_aggregate_agr,2023,9.67
aut,sex_m,skl_skill_under,eco_aggregate_con,2004,50.983
aut,sex_m,skl_skill_under,eco_aggregate_con,2005,54.426
aut,sex_m,skl_skill_under,eco_aggregate_con,2006,54.138
aut,sex_m,skl_skill_under,eco_aggregate_con,2007,52.586
aut,sex_m,skl_skill_under,eco_aggregate_con,2008,52.158
aut,sex_m,skl_skill_under,eco_aggregate_con,2009,46.051
aut,sex_m,skl_skill_under,eco_aggregate_con,2010,46.636
aut,sex_m,skl_skill_under,eco_aggregate_con,2011,65.248
aut,sex_m,skl_skill_under,eco_aggregate_con,2012,65.282
aut,sex_m,skl_skill_under,eco_aggregate_con,2013,59.483
aut,sex_m,skl_skill_under,eco_aggregate_con,2014,56.155
aut,sex_m,skl_skill_under,eco_aggregate_con,2015,52.939
aut,sex_m,skl_skill_under,eco_aggregate_con,2016,54.367
aut,sex_m,skl_skill_under,eco_aggregate_con,2017,51.126
aut,sex_m,skl_skill_under,eco_aggregate_con,2018,47.805
aut,sex_m,skl_skill_under,eco_aggregate_con,2019,55.267
aut,sex_m,skl_skill_under,eco_aggregate_con,2020,61.735
aut,sex_m,skl_skill_under,eco_aggregate_con,2021,57.294
aut,sex_m,skl_skill_under,eco_aggregate_con,2022,62.781
aut,sex_m,skl_skill_under,eco_aggregate_con,2023,56.637
aut,sex_m,skl_skill_under,eco_aggregate_man,2004,95.244
aut,sex_m,skl_skill_under,eco_aggregate_man,2005,88.012
aut,sex_m,skl_skill_under,eco_aggregate_man,2006,88.281
aut,sex_m,skl_skill_under,eco_aggregate_man,2007,87.479
aut,sex_m,skl_skill_under,eco_aggregate_man,2008,86.614
aut,sex_m,skl_skill_under,eco_aggregate_man,2009,73.96
aut,sex_m,skl_skill_under,eco_aggregate_man,2010,73.898
aut,sex_m,skl_skill_under,eco_aggregate_man,2011,91.969
aut,sex_m,skl_skill_under,eco_aggregate_man,2012,88.016
aut,sex_m,skl_skill_under,eco_aggregate_man,2013,89.887
aut,sex_m,skl_skill_under,eco_aggregate_man,2014,80.292
aut,sex_m,skl_skill_under,eco_aggregate_man,2015,92.673
aut,sex_m,skl_skill_under,eco_aggregate_man,2016,90.481
aut,sex_m,skl_skill_under,eco_aggregate_man,2017,97.237
aut,sex_m,skl_skill_under,eco_aggregate_man,2018,93.119
aut,sex_m,skl_skill_under,eco_aggregate_man,2019,98.958
aut,sex_m,skl_skill_under,eco_aggregate_man,2020,106.156
aut,sex_m,skl_skill_under,eco_aggregate_man,2021,108.402
aut,sex_m,skl_skill_under,eco_aggregate_man,2022,110.278
aut,sex_m,skl_skill_under,eco_aggregate_man,2023,106.32
aut,sex_m,skl_skill_under,eco_aggregate_mel,2004,3.021
aut,sex_m,skl_skill_under,eco_aggregate_mel,2005,2.989
aut,sex_m,skl_skill_under,eco_aggregate_mel,2006,3.742
aut,sex_m,skl_skill_under,eco_aggregate_mel,2007,2.891
aut,sex_m,skl_skill_under,eco_aggregate_mel,2008,2.941
aut,sex_m,skl_skill_under,eco_aggregate_mel,2009,1.984
aut,sex_m,skl_skill_under,eco_aggregate_mel,2010,3.169
aut,sex_m,skl_skill_under,eco_aggregate_mel,2011,5.724
aut,sex_m,skl_skill_under,eco_aggregate_mel,2012,5.9
aut,sex_m,skl_skill_under,eco_aggregate_mel,2013,6.41
aut,sex_m,skl_skill_under,eco_aggregate_mel,2014,6.016
aut,sex_m,skl_skill_under,eco_aggregate_mel,2015,7.386
aut,sex_m,skl_skill_under,eco_aggregate_mel,2016,9.242
aut,sex_m,skl_skill_under,eco_aggregate_mel,2017,7.768
aut,sex_m,skl_skill_under,eco_aggregate_mel,2018,6.223
aut,sex_m,skl_skill_under,eco_aggregate_mel,2019,7.091
aut,sex_m,skl_skill_under,eco_aggregate_mel,2020,9.215
aut,sex_m,skl_skill_under,eco_aggregate_mel,2021,8.623
aut,sex_m,skl_skill_under,eco_aggregate_mel,2022,7.198
aut,sex_m,skl_skill_under,eco_aggregate_mel,2023,7.392
aut,sex_m,skl_skill_under,eco_aggregate_mkt,2004,124.563
aut,sex_m,skl_skill_under,eco_aggregate_mkt,2005,111.273
aut,sex_m,skl_skill_under,eco_aggregate_mkt,2006,117.865
aut,sex_m,skl_skill_under,eco_aggregate_mkt,2007,119.37
aut,sex_m,skl_skill_under,eco_aggregate_mkt,2008,130.135
aut,sex_m,skl_skill_under,eco_aggregate_mkt,2009,126.482
aut,sex_m,skl_skill_under,eco_aggregate_mkt,2010,128.923
aut,sex_m,skl_skill_under,eco_aggregate_mkt,2011,166.114
aut,sex_m,skl_skill_under,eco_aggregate_mkt,2012,184.769
aut,sex_m,skl_skill_under,eco_aggregate_mkt,2013,206.169
aut,sex_m,skl_skill_under,eco_aggregate_mkt,2014,179.517
aut,sex_m,skl_skill_under,eco_aggregate_mkt,2015,181.79
aut,sex_m,skl_skill_under,eco_aggregate_mkt,2016,194.611
aut,sex_m,skl_skill_under,eco_aggregate_mkt,2017,194.005
aut,sex_m,skl_skill_under,eco_aggregate_mkt,2018,185.167
aut,sex_m,skl_skill_under,eco_aggregate_mkt,2019,215.26
aut,sex_m,skl_skill_under,eco_aggregate_mkt,2020,228.241
aut,sex_m,skl_skill_under,eco_aggregate_mkt,2021,227.353
aut,sex_m,skl_skill_under,eco_aggregate_mkt,2022,206.605
aut,sex_m,skl_skill_under,eco_aggregate_mkt,2023,208.48
aut,sex_m,skl_skill_under,eco_aggregate_pub,2004,52.208
aut,sex_m,skl_skill_under,eco_aggregate_pub,2005,47.677
aut,sex_m,skl_skill_under,eco_aggregate_pub,2006,48.233
aut,sex_m,skl_skill_under,eco_aggregate_pub,2007,45.779
aut,sex_m,skl_skill_under,eco_aggregate_pub,2008,45.528
aut,sex_m,skl_skill_under,eco_aggregate_pub,2009,47.697
aut,sex_m,skl_skill_under,eco_aggregate_pub,2010,45.731
aut,sex_m,skl_skill_under,eco_aggregate_pub,2011,51.722
aut,sex_m,skl_skill_under,eco_aggregate_pub,2012,61.429
aut,sex_m,skl_skill_under,eco_aggregate_pub,2013,57.899
aut,sex_m,skl_skill_under,eco_aggregate_pub,2014,70.184
aut,sex_m,skl_skill_under,eco_aggregate_pub,2015,82.97
aut,sex_m,skl_skill_under,eco_aggregate_pub,2016,87.093
aut,sex_m,skl_skill_under,eco_aggregate_pub,2017,96.707
aut,sex_m,skl_skill_under,eco_aggregate_pub,2018,95.449
aut,sex_m,skl_skill_under,eco_aggregate_pub,2019,104.114
aut,sex_m,skl_skill_under,eco_aggregate_pub,2020,106.663
aut,sex_m,skl_skill_under,eco_aggregate_pub,2021,103.902
aut,sex_m,skl_skill_under,eco_aggregate_pub,2022,72.073
aut,sex_m,skl_skill_under,eco_aggregate_pub,2023,70.403
aut,sex_m,skl_skill_under,eco_aggregate_total,2004,347.16
aut,sex_m,skl_skill_under,eco_aggregate_total,2005,330.088
aut,sex_m,skl_skill_under,eco_aggregate_total,2006,337.84
aut,sex_m,skl_skill_under,eco_aggregate_total,2007,337.8
aut,sex_m,skl_skill_under,eco_aggregate_total,2008,342
aut,sex_m,skl_skill_under,eco_aggregate_total,2009,321.032
aut,sex_m,skl_skill_under,eco_aggregate_total,2010,327.516
aut,sex_m,skl_skill_under,eco_aggregate_total,2011,407.616
aut,sex_m,skl_skill_under,eco_aggregate_total,2012,428.317
aut,sex_m,skl_skill_under,eco_aggregate_total,2013,443.603
aut,sex_m,skl_skill_under,eco_aggregate_total,2014,419.548
aut,sex_m,skl_skill_under,eco_aggregate_total,2015,441.944
aut,sex_m,skl_skill_under,eco_aggregate_total,2016,458.226
aut,sex_m,skl_skill_under,eco_aggregate_total,2017,467.27
aut,sex_m,skl_skill_under,eco_aggregate_total,2018,447.028
aut,sex_m,skl_skill_under,eco_aggregate_total,2019,497.788
aut,sex_m,skl_skill_under,eco_aggregate_total,2020,526.232
aut,sex_m,skl_skill_under,eco_aggregate_total,2021,518.403
aut,sex_m,skl_skill_under,eco_aggregate_total,2022,469.752
aut,sex_m,skl_skill_under,eco_aggregate_total,2023,458.903
aut,sex_m,skl_skill_under,eco_sector_agr,2004,21.142
aut,sex_m,skl_skill_under,eco_sector_agr,2005,25.711
aut,sex_m,skl_skill_under,eco_sector_agr,2006,25.581
aut,sex_m,skl_skill_under,eco_sector_agr,2007,29.695
aut,sex_m,skl_skill_under,eco_sector_agr,2008,24.625
aut,sex_m,skl_skill_under,eco_sector_agr,2009,24.859
aut,sex_m,skl_skill_under,eco_sector_agr,2010,29.159
aut,sex_m,skl_skill_under,eco_sector_agr,2011,26.84
aut,sex_m,skl_skill_under,eco_sector_agr,2012,22.92
aut,sex_m,skl_skill_under,eco_sector_agr,2013,23.756
aut,sex_m,skl_skill_under,eco_sector_agr,2014,27.384
aut,sex_m,skl_skill_under,eco_sector_agr,2015,24.187
aut,sex_m,skl_skill_under,eco_sector_agr,2016,22.432
aut,sex_m,skl_skill_under,eco_sector_agr,2017,20.427
aut,sex_m,skl_skill_under,eco_sector_agr,2018,19.264
aut,sex_m,skl_skill_under,eco_sector_agr,2019,17.098
aut,sex_m,skl_skill_under,eco_sector_agr,2020,14.222
aut,sex_m,skl_skill_under,eco_sector_agr,2021,12.828
aut,sex_m,skl_skill_under,eco_sector_agr,2022,10.818
aut,sex_m,skl_skill_under,eco_sector_agr,2023,9.67
aut,sex_m,skl_skill_under,eco_sector_ind,2004,149.248
aut,sex_m,skl_skill_under,eco_sector_ind,2005,145.427
aut,sex_m,skl_skill_under,eco_sector_ind,2006,146.161
aut,sex_m,skl_skill_under,eco_sector_ind,2007,142.957
aut,sex_m,skl_skill_under,eco_sector_ind,2008,141.713
aut,sex_m,skl_skill_under,eco_sector_ind,2009,121.994
aut,sex_m,skl_skill_under,eco_sector_ind,2010,123.703
aut,sex_m,skl_skill_under,eco_sector_ind,2011,162.941
aut,sex_m,skl_skill_under,eco_sector_ind,2012,159.198
aut,sex_m,skl_skill_under,eco_sector_ind,2013,155.779
aut,sex_m,skl_skill_under,eco_sector_ind,2014,142.463
aut,sex_m,skl_skill_under,eco_sector_ind,2015,152.997
aut,sex_m,skl_skill_under,eco_sector_ind,2016,154.091
aut,sex_m,skl_skill_under,eco_sector_ind,2017,156.131
aut,sex_m,skl_skill_under,eco_sector_ind,2018,147.147
aut,sex_m,skl_skill_under,eco_sector_ind,2019,161.317
aut,sex_m,skl_skill_under,eco_sector_ind,2020,177.105
aut,sex_m,skl_skill_under,eco_sector_ind,2021,174.319
aut,sex_m,skl_skill_under,eco_sector_ind,2022,180.257
aut,sex_m,skl_skill_under,eco_sector_ind,2023,170.349
aut,sex_m,skl_skill_under,eco_sector_nag,2004,326.018
aut,sex_m,skl_skill_under,eco_sector_nag,2005,304.377
aut,sex_m,skl_skill_under,eco_sector_nag,2006,312.259
aut,sex_m,skl_skill_under,eco_sector_nag,2007,308.105
aut,sex_m,skl_skill_under,eco_sector_nag,2008,317.375
aut,sex_m,skl_skill_under,eco_sector_nag,2009,296.173
aut,sex_m,skl_skill_under,eco_sector_nag,2010,298.357
aut,sex_m,skl_skill_under,eco_sector_nag,2011,380.777
aut,sex_m,skl_skill_under,eco_sector_nag,2012,405.397
aut,sex_m,skl_skill_under,eco_sector_nag,2013,419.847
aut,sex_m,skl_skill_under,eco_sector_nag,2014,392.164
aut,sex_m,skl_skill_under,eco_sector_nag,2015,417.757
aut,sex_m,skl_skill_under,eco_sector_nag,2016,435.794
aut,sex_m,skl_skill_under,eco_sector_nag,2017,446.842
aut,sex_m,skl_skill_under,eco_sector_nag,2018,427.764
aut,sex_m,skl_skill_under,eco_sector_nag,2019,480.69
aut,sex_m,skl_skill_under,eco_sector_nag,2020,512.01
aut,sex_m,skl_skill_under,eco_sector_nag,2021,505.575
aut,sex_m,skl_skill_under,eco_sector_nag,2022,458.935
aut,sex_m,skl_skill_under,eco_sector_nag,2023,449.233
aut,sex_m,skl_skill_under,eco_sector_ser,2004,176.77
aut,sex_m,skl_skill_under,eco_sector_ser,2005,158.95
aut,sex_m,skl_skill_under,eco_sector_ser,2006,166.098
aut,sex_m,skl_skill_under,eco_sector_ser,2007,165.149
aut,sex_m,skl_skill_under,eco_sector_ser,2008,175.662
aut,sex_m,skl_skill_under,eco_sector_ser,2009,174.179
aut,sex_m,skl_skill_under,eco_sector_ser,2010,174.654
aut,sex_m,skl_skill_under,eco_sector_ser,2011,217.836
aut,sex_m,skl_skill_under,eco_sector_ser,2012,246.199
aut,sex_m,skl_skill_under,eco_sector_ser,2013,264.068
aut,sex_m,skl_skill_under,eco_sector_ser,2014,249.701
aut,sex_m,skl_skill_under,eco_sector_ser,2015,264.76
aut,sex_m,skl_skill_under,eco_sector_ser,2016,281.704
aut,sex_m,skl_skill_under,eco_sector_ser,2017,290.712
aut,sex_m,skl_skill_under,eco_sector_ser,2018,280.617
aut,sex_m,skl_skill_under,eco_sector_ser,2019,319.374
aut,sex_m,skl_skill_under,eco_sector_ser,2020,334.904
aut,sex_m,skl_skill_under,eco_sector_ser,2021,331.256
aut,sex_m,skl_skill_under,eco_sector_ser,2022,278.678
aut,sex_m,skl_skill_under,eco_sector_ser,2023,278.884
aut,sex_m,skl_skill_under,eco_sector_total,2004,347.16
aut,sex_m,skl_skill_under,eco_sector_total,2005,330.088
aut,sex_m,skl_skill_under,eco_sector_total,2006,337.84
aut,sex_m,skl_skill_under,eco_sector_total,2007,337.8
aut,sex_m,skl_skill_under,eco_sector_total,2008,342
aut,sex_m,skl_skill_under,eco_sector_total,2009,321.032
aut,sex_m,skl_skill_under,eco_sector_total,2010,327.516
aut,sex_m,skl_skill_under,eco_sector_total,2011,407.616
aut,sex_m,skl_skill_under,eco_sector_total,2012,428.317
aut,sex_m,skl_skill_under,eco_sector_total,2013,443.603
aut,sex_m,skl_skill_under,eco_sector_total,2014,419.548
aut,sex_m,skl_skill_under,eco_sector_total,2015,441.944
aut,sex_m,skl_skill_under,eco_sector_total,2016,458.226
aut,sex_m,skl_skill_under,eco_sector_total,2017,467.27
aut,sex_m,skl_skill_under,eco_sector_total,2018,447.028
aut,sex_m,skl_skill_under,eco_sector_total,2019,497.788
aut,sex_m,skl_skill_under,eco_sector_total,2020,526.232
aut,sex_m,skl_skill_under,eco_sector_total,2021,518.403
aut,sex_m,skl_skill_under,eco_sector_total,2022,469.752
aut,sex_m,skl_skill_under,eco_sector_total,2023,458.903
aut,sex_m,skl_skill_x,eco_aggregate_agr,2022,14.583
aut,sex_m,skl_skill_x,eco_aggregate_agr,2023,15.666
aut,sex_m,skl_skill_x,eco_aggregate_con,2004,0.513
aut,sex_m,skl_skill_x,eco_aggregate_con,2022,29.886
aut,sex_m,skl_skill_x,eco_aggregate_con,2023,27.243
aut,sex_m,skl_skill_x,eco_aggregate_man,2022,47.806
aut,sex_m,skl_skill_x,eco_aggregate_man,2023,47.239
aut,sex_m,skl_skill_x,eco_aggregate_mel,2022,6.229
aut,sex_m,skl_skill_x,eco_aggregate_mel,2023,6.797
aut,sex_m,skl_skill_x,eco_aggregate_mkt,2004,0.209
aut,sex_m,skl_skill_x,eco_aggregate_mkt,2006,0.297
aut,sex_m,skl_skill_x,eco_aggregate_mkt,2007,0.316
aut,sex_m,skl_skill_x,eco_aggregate_mkt,2022,48.059
aut,sex_m,skl_skill_x,eco_aggregate_mkt,2023,43.657
aut,sex_m,skl_skill_x,eco_aggregate_pub,2004,9.888
aut,sex_m,skl_skill_x,eco_aggregate_pub,2005,10.101
aut,sex_m,skl_skill_x,eco_aggregate_pub,2006,9.489
aut,sex_m,skl_skill_x,eco_aggregate_pub,2007,10.445
aut,sex_m,skl_skill_x,eco_aggregate_pub,2008,11.697
aut,sex_m,skl_skill_x,eco_aggregate_pub,2009,12.869
aut,sex_m,skl_skill_x,eco_aggregate_pub,2010,10.944
aut,sex_m,skl_skill_x,eco_aggregate_pub,2011,9.025
aut,sex_m,skl_skill_x,eco_aggregate_pub,2012,9.393
aut,sex_m,skl_skill_x,eco_aggregate_pub,2013,10.161
aut,sex_m,skl_skill_x,eco_aggregate_pub,2014,10.865
aut,sex_m,skl_skill_x,eco_aggregate_pub,2015,10.324
aut,sex_m,skl_skill_x,eco_aggregate_pub,2016,11.98
aut,sex_m,skl_skill_x,eco_aggregate_pub,2017,10.152
aut,sex_m,skl_skill_x,eco_aggregate_pub,2018,11.457
aut,sex_m,skl_skill_x,eco_aggregate_pub,2019,9.955
aut,sex_m,skl_skill_x,eco_aggregate_pub,2020,11.705
aut,sex_m,skl_skill_x,eco_aggregate_pub,2021,13.146
aut,sex_m,skl_skill_x,eco_aggregate_pub,2022,23.582
aut,sex_m,skl_skill_x,eco_aggregate_pub,2023,24.315
aut,sex_m,skl_skill_x,eco_aggregate_total,2004,11.126
aut,sex_m,skl_skill_x,eco_aggregate_total,2005,10.498
aut,sex_m,skl_skill_x,eco_aggregate_total,2006,10.121
aut,sex_m,skl_skill_x,eco_aggregate_total,2007,11.085
aut,sex_m,skl_skill_x,eco_aggregate_total,2008,12.01
aut,sex_m,skl_skill_x,eco_aggregate_total,2009,13.288
aut,sex_m,skl_skill_x,eco_aggregate_total,2010,11.109
aut,sex_m,skl_skill_x,eco_aggregate_total,2011,9.098
aut,sex_m,skl_skill_x,eco_aggregate_total,2012,9.588
aut,sex_m,skl_skill_x,eco_aggregate_total,2013,10.268
aut,sex_m,skl_skill_x,eco_aggregate_total,2014,11.065
aut,sex_m,skl_skill_x,eco_aggregate_total,2015,10.366
aut,sex_m,skl_skill_x,eco_aggregate_total,2016,12.059
aut,sex_m,skl_skill_x,eco_aggregate_total,2017,10.218
aut,sex_m,skl_skill_x,eco_aggregate_total,2018,11.457
aut,sex_m,skl_skill_x,eco_aggregate_total,2019,9.955
aut,sex_m,skl_skill_x,eco_aggregate_total,2020,11.822
aut,sex_m,skl_skill_x,eco_aggregate_total,2021,13.216
aut,sex_m,skl_skill_x,eco_aggregate_total,2022,170.146
aut,sex_m,skl_skill_x,eco_aggregate_total,2023,164.918
aut,sex_m,skl_skill_x,eco_aggregate_x,2018,0
aut,sex_m,skl_skill_x,eco_aggregate_x,2019,0
aut,sex_m,skl_skill_x,eco_sector_agr,2022,14.583
aut,sex_m,skl_skill_x,eco_sector_agr,2023,15.666
aut,sex_m,skl_skill_x,eco_sector_ind,2004,0.699
aut,sex_m,skl_skill_x,eco_sector_ind,2022,83.922
aut,sex_m,skl_skill_x,eco_sector_ind,2023,81.28
aut,sex_m,skl_skill_x,eco_sector_nag,2004,10.933
aut,sex_m,skl_skill_x,eco_sector_nag,2022,155.563
aut,sex_m,skl_skill_x,eco_sector_nag,2023,149.252
aut,sex_m,skl_skill_x,eco_sector_ser,2004,10.097
aut,sex_m,skl_skill_x,eco_sector_ser,2005,10.143
aut,sex_m,skl_skill_x,eco_sector_ser,2006,9.786
aut,sex_m,skl_skill_x,eco_sector_ser,2007,10.762
aut,sex_m,skl_skill_x,eco_sector_ser,2008,11.833
aut,sex_m,skl_skill_x,eco_sector_ser,2009,13.043
aut,sex_m,skl_skill_x,eco_sector_ser,2010,10.944
aut,sex_m,skl_skill_x,eco_sector_ser,2011,9.025
aut,sex_m,skl_skill_x,eco_sector_ser,2012,9.393
aut,sex_m,skl_skill_x,eco_sector_ser,2013,10.161
aut,sex_m,skl_skill_x,eco_sector_ser,2014,10.865
aut,sex_m,skl_skill_x,eco_sector_ser,2015,10.324
aut,sex_m,skl_skill_x,eco_sector_ser,2016,11.98
aut,sex_m,skl_skill_x,eco_sector_ser,2017,10.152
aut,sex_m,skl_skill_x,eco_sector_ser,2018,11.457
aut,sex_m,skl_skill_x,eco_sector_ser,2019,9.955
aut,sex_m,skl_skill_x,eco_sector_ser,2020,11.705
aut,sex_m,skl_skill_x,eco_sector_ser,2021,13.146
aut,sex_m,skl_skill_x,eco_sector_ser,2022,71.641
aut,sex_m,skl_skill_x,eco_sector_ser,2023,67.972
aut,sex_m,skl_skill_x,eco_sector_total,2004,11.126
aut,sex_m,skl_skill_x,eco_sector_total,2005,10.498
aut,sex_m,skl_skill_x,eco_sector_total,2006,10.121
aut,sex_m,skl_skill_x,eco_sector_total,2007,11.085
aut,sex_m,skl_skill_x,eco_sector_total,2008,12.01
aut,sex_m,skl_skill_x,eco_sector_total,2009,13.288
aut,sex_m,skl_skill_x,eco_sector_total,2010,11.109
aut,sex_m,skl_skill_x,eco_sector_total,2011,9.098
aut,sex_m,skl_skill_x,eco_sector_total,2012,9.588
aut,sex_m,skl_skill_x,eco_sector_total,2013,10.268
aut,sex_m,skl_skill_x,eco_sector_total,2014,11.065
aut,sex_m,skl_skill_x,eco_sector_total,2015,10.366
aut,sex_m,skl_skill_x,eco_sector_total,2016,12.059
aut,sex_m,skl_skill_x,eco_sector_total,2017,10.218
aut,sex_m,skl_skill_x,eco_sector_total,2018,11.457
aut,sex_m,skl_skill_x,eco_sector_total,2019,9.955
aut,sex_m,skl_skill_x,eco_sector_total,2020,11.822
aut,sex_m,skl_skill_x,eco_sector_total,2021,13.216
aut,sex_m,skl_skill_x,eco_sector_total,2022,170.146
aut,sex_m,skl_skill_x,eco_sector_total,2023,164.918
aut,sex_m,skl_skill_x,eco_sector_x,2018,0
aut,sex_m,skl_skill_x,eco_sector_x,2019,0
aut,sex_t,skl_skill_match,eco_aggregate_agr,2004,110.02
aut,sex_t,skl_skill_match,eco_aggregate_agr,2005,115.739
aut,sex_t,skl_skill_match,eco_aggregate_agr,2006,118.209
aut,sex_t,skl_skill_match,eco_aggregate_agr,2007,124.193
aut,sex_t,skl_skill_match,eco_aggregate_agr,2008,124.176
aut,sex_t,skl_skill_match,eco_aggregate_agr,2009,124.79
aut,sex_t,skl_skill_match,eco_aggregate_agr,2010,126.248
aut,sex_t,skl_skill_match,eco_aggregate_agr,2011,115.635
aut,sex_t,skl_skill_match,eco_aggregate_agr,2012,116.994
aut,sex_t,skl_skill_match,eco_aggregate_agr,2013,111.078
aut,sex_t,skl_skill_match,eco_aggregate_agr,2014,107.211
aut,sex_t,skl_skill_match,eco_aggregate_agr,2015,102.103
aut,sex_t,skl_skill_match,eco_aggregate_agr,2016,98.72
aut,sex_t,skl_skill_match,eco_aggregate_agr,2017,91.21
aut,sex_t,skl_skill_match,eco_aggregate_agr,2018,86.332
aut,sex_t,skl_skill_match,eco_aggregate_agr,2019,88.6
aut,sex_t,skl_skill_match,eco_aggregate_agr,2020,94.607
aut,sex_t,skl_skill_match,eco_aggregate_agr,2021,90.59
aut,sex_t,skl_skill_match,eco_aggregate_agr,2022,90.338
aut,sex_t,skl_skill_match,eco_aggregate_agr,2023,79.655
aut,sex_t,skl_skill_match,eco_aggregate_con,2004,189.862
aut,sex_t,skl_skill_match,eco_aggregate_con,2005,198.576
aut,sex_t,skl_skill_match,eco_aggregate_con,2006,200.069
aut,sex_t,skl_skill_match,eco_aggregate_con,2007,199.849
aut,sex_t,skl_skill_match,eco_aggregate_con,2008,203.744
aut,sex_t,skl_skill_match,eco_aggregate_con,2009,197.231
aut,sex_t,skl_skill_match,eco_aggregate_con,2010,189.243
aut,sex_t,skl_skill_match,eco_aggregate_con,2011,218.671
aut,sex_t,skl_skill_match,eco_aggregate_con,2012,227.441
aut,sex_t,skl_skill_match,eco_aggregate_con,2013,226.45
aut,sex_t,skl_skill_match,eco_aggregate_con,2014,223.094
aut,sex_t,skl_skill_match,eco_aggregate_con,2015,220.735
aut,sex_t,skl_skill_match,eco_aggregate_con,2016,210.758
aut,sex_t,skl_skill_match,eco_aggregate_con,2017,215.859
aut,sex_t,skl_skill_match,eco_aggregate_con,2018,222.219
aut,sex_t,skl_skill_match,eco_aggregate_con,2019,222.752
aut,sex_t,skl_skill_match,eco_aggregate_con,2020,207.189
aut,sex_t,skl_skill_match,eco_aggregate_con,2021,197.352
aut,sex_t,skl_skill_match,eco_aggregate_con,2022,214.329
aut,sex_t,skl_skill_match,eco_aggregate_con,2023,201.188
aut,sex_t,skl_skill_match,eco_aggregate_man,2004,413.593
aut,sex_t,skl_skill_match,eco_aggregate_man,2005,414.441
aut,sex_t,skl_skill_match,eco_aggregate_man,2006,432.678
aut,sex_t,skl_skill_match,eco_aggregate_man,2007,424.768
aut,sex_t,skl_skill_match,eco_aggregate_man,2008,409.602
aut,sex_t,skl_skill_match,eco_aggregate_man,2009,393.862
aut,sex_t,skl_skill_match,eco_aggregate_man,2010,400.063
aut,sex_t,skl_skill_match,eco_aggregate_man,2011,377.779
aut,sex_t,skl_skill_match,eco_aggregate_man,2012,396.861
aut,sex_t,skl_skill_match,eco_aggregate_man,2013,387.442
aut,sex_t,skl_skill_match,eco_aggregate_man,2014,378.096
aut,sex_t,skl_skill_match,eco_aggregate_man,2015,379.466
aut,sex_t,skl_skill_match,eco_aggregate_man,2016,392.879
aut,sex_t,skl_skill_match,eco_aggregate_man,2017,377.663
aut,sex_t,skl_skill_match,eco_aggregate_man,2018,401.951
aut,sex_t,skl_skill_match,eco_aggregate_man,2019,401.639
aut,sex_t,skl_skill_match,eco_aggregate_man,2020,381.796
aut,sex_t,skl_skill_match,eco_aggregate_man,2021,411.52
aut,sex_t,skl_skill_match,eco_aggregate_man,2022,412.144
aut,sex_t,skl_skill_match,eco_aggregate_man,2023,416.05
aut,sex_t,skl_skill_match,eco_aggregate_mel,2004,21.206
aut,sex_t,skl_skill_match,eco_aggregate_mel,2005,24.539
aut,sex_t,skl_skill_match,eco_aggregate_mel,2006,24.779
aut,sex_t,skl_skill_match,eco_aggregate_mel,2007,23.619
aut,sex_t,skl_skill_match,eco_aggregate_mel,2008,20.03
aut,sex_t,skl_skill_match,eco_aggregate_mel,2009,22.672
aut,sex_t,skl_skill_match,eco_aggregate_mel,2010,22.148
aut,sex_t,skl_skill_match,eco_aggregate_mel,2011,34.881
aut,sex_t,skl_skill_match,eco_aggregate_mel,2012,31.777
aut,sex_t,skl_skill_match,eco_aggregate_mel,2013,33.045
aut,sex_t,skl_skill_match,eco_aggregate_mel,2014,33.608
aut,sex_t,skl_skill_match,eco_aggregate_mel,2015,32.788
aut,sex_t,skl_skill_match,eco_aggregate_mel,2016,29.282
aut,sex_t,skl_skill_match,eco_aggregate_mel,2017,27.78
aut,sex_t,skl_skill_match,eco_aggregate_mel,2018,32.755
aut,sex_t,skl_skill_match,eco_aggregate_mel,2019,31.118
aut,sex_t,skl_skill_match,eco_aggregate_mel,2020,32.437
aut,sex_t,skl_skill_match,eco_aggregate_mel,2021,38.644
aut,sex_t,skl_skill_match,eco_aggregate_mel,2022,33.1
aut,sex_t,skl_skill_match,eco_aggregate_mel,2023,33.252
aut,sex_t,skl_skill_match,eco_aggregate_mkt,2004,924.05
aut,sex_t,skl_skill_match,eco_aggregate_mkt,2005,956.706
aut,sex_t,skl_skill_match,eco_aggregate_mkt,2006,947.595
aut,sex_t,skl_skill_match,eco_aggregate_mkt,2007,980.266
aut,sex_t,skl_skill_match,eco_aggregate_mkt,2008,1007.36
aut,sex_t,skl_skill_match,eco_aggregate_mkt,2009,1020.048
aut,sex_t,skl_skill_match,eco_aggregate_mkt,2010,1013.096
aut,sex_t,skl_skill_match,eco_aggregate_mkt,2011,1024.582
aut,sex_t,skl_skill_match,eco_aggregate_mkt,2012,1010.908
aut,sex_t,skl_skill_match,eco_aggregate_mkt,2013,1008.329
aut,sex_t,skl_skill_match,eco_aggregate_mkt,2014,980.986
aut,sex_t,skl_skill_match,eco_aggregate_mkt,2015,977.782
aut,sex_t,skl_skill_match,eco_aggregate_mkt,2016,985.768
aut,sex_t,skl_skill_match,eco_aggregate_mkt,2017,1002.805
aut,sex_t,skl_skill_match,eco_aggregate_mkt,2018,1030.79
aut,sex_t,skl_skill_match,eco_aggregate_mkt,2019,1032.468
aut,sex_t,skl_skill_match,eco_aggregate_mkt,2020,1017.484
aut,sex_t,skl_skill_match,eco_aggregate_mkt,2021,979.602
aut,sex_t,skl_skill_match,eco_aggregate_mkt,2022,958.234
aut,sex_t,skl_skill_match,eco_aggregate_mkt,2023,969.574
aut,sex_t,skl_skill_match,eco_aggregate_pub,2004,649.512
aut,sex_t,skl_skill_match,eco_aggregate_pub,2005,670.883
aut,sex_t,skl_skill_match,eco_aggregate_pub,2006,674.633
aut,sex_t,skl_skill_match,eco_aggregate_pub,2007,667.72
aut,sex_t,skl_skill_match,eco_aggregate_pub,2008,706.462
aut,sex_t,skl_skill_match,eco_aggregate_pub,2009,736.747
aut,sex_t,skl_skill_match,eco_aggregate_pub,2010,768.042
aut,sex_t,skl_skill_match,eco_aggregate_pub,2011,712.478
aut,sex_t,skl_skill_match,eco_aggregate_pub,2012,722.564
aut,sex_t,skl_skill_match,eco_aggregate_pub,2013,726.282
aut,sex_t,skl_skill_match,eco_aggregate_pub,2014,594.009
aut,sex_t,skl_skill_match,eco_aggregate_pub,2015,635.708
aut,sex_t,skl_skill_match,eco_aggregate_pub,2016,630.925
aut,sex_t,skl_skill_match,eco_aggregate_pub,2017,645.002
aut,sex_t,skl_skill_match,eco_aggregate_pub,2018,605.527
aut,sex_t,skl_skill_match,eco_aggregate_pub,2019,609.665
aut,sex_t,skl_skill_match,eco_aggregate_pub,2020,616.883
aut,sex_t,skl_skill_match,eco_aggregate_pub,2021,622.748
aut,sex_t,skl_skill_match,eco_aggregate_pub,2022,725.004
aut,sex_t,skl_skill_match,eco_aggregate_pub,2023,735.538
aut,sex_t,skl_skill_match,eco_aggregate_total,2004,2308.27
aut,sex_t,skl_skill_match,eco_aggregate_total,2005,2380.885
aut,sex_t,skl_skill_match,eco_aggregate_total,2006,2397.963
aut,sex_t,skl_skill_match,eco_aggregate_total,2007,2420.414
aut,sex_t,skl_skill_match,eco_aggregate_total,2008,2471.374
aut,sex_t,skl_skill_match,eco_aggregate_total,2009,2495.349
aut,sex_t,skl_skill_match,eco_aggregate_total,2010,2518.84
aut,sex_t,skl_skill_match,eco_aggregate_total,2011,2484.026
aut,sex_t,skl_skill_match,eco_aggregate_total,2012,2506.544
aut,sex_t,skl_skill_match,eco_aggregate_total,2013,2492.626
aut,sex_t,skl_skill_match,eco_aggregate_total,2014,2317.004
aut,sex_t,skl_skill_match,eco_aggregate_total,2015,2348.582
aut,sex_t,skl_skill_match,eco_aggregate_total,2016,2348.331
aut,sex_t,skl_skill_match,eco_aggregate_total,2017,2360.319
aut,sex_t,skl_skill_match,eco_aggregate_total,2018,2379.575
aut,sex_t,skl_skill_match,eco_aggregate_total,2019,2386.242
aut,sex_t,skl_skill_match,eco_aggregate_total,2020,2350.397
aut,sex_t,skl_skill_match,eco_aggregate_total,2021,2340.457
aut,sex_t,skl_skill_match,eco_aggregate_total,2022,2433.15
aut,sex_t,skl_skill_match,eco_aggregate_total,2023,2435.256
aut,sex_t,skl_skill_match,eco_sector_agr,2004,110.02
aut,sex_t,skl_skill_match,eco_sector_agr,2005,115.739
aut,sex_t,skl_skill_match,eco_sector_agr,2006,118.209
aut,sex_t,skl_skill_match,eco_sector_agr,2007,124.193
aut,sex_t,skl_skill_match,eco_sector_agr,2008,124.176
aut,sex_t,skl_skill_match,eco_sector_agr,2009,124.79
aut,sex_t,skl_skill_match,eco_sector_agr,2010,126.248
aut,sex_t,skl_skill_match,eco_sector_agr,2011,115.635
aut,sex_t,skl_skill_match,eco_sector_agr,2012,116.994
aut,sex_t,skl_skill_match,eco_sector_agr,2013,111.078
aut,sex_t,skl_skill_match,eco_sector_agr,2014,107.211
aut,sex_t,skl_skill_match,eco_sector_agr,2015,102.103
aut,sex_t,skl_skill_match,eco_sector_agr,2016,98.72
aut,sex_t,skl_skill_match,eco_sector_agr,2017,91.21
aut,sex_t,skl_skill_match,eco_sector_agr,2018,86.332
aut,sex_t,skl_skill_match,eco_sector_agr,2019,88.6
aut,sex_t,skl_skill_match,eco_sector_agr,2020,94.607
aut,sex_t,skl_skill_match,eco_sector_agr,2021,90.59
aut,sex_t,skl_skill_match,eco_sector_agr,2022,90.338
aut,sex_t,skl_skill_match,eco_sector_agr,2023,79.655
aut,sex_t,skl_skill_match,eco_sector_ind,2004,624.661
aut,sex_t,skl_skill_match,eco_sector_ind,2005,637.556
aut,sex_t,skl_skill_match,eco_sector_ind,2006,657.527
aut,sex_t,skl_skill_match,eco_sector_ind,2007,648.236
aut,sex_t,skl_skill_match,eco_sector_ind,2008,633.376
aut,sex_t,skl_skill_match,eco_sector_ind,2009,613.765
aut,sex_t,skl_skill_match,eco_sector_ind,2010,611.454
aut,sex_t,skl_skill_match,eco_sector_ind,2011,631.331
aut,sex_t,skl_skill_match,eco_sector_ind,2012,656.078
aut,sex_t,skl_skill_match,eco_sector_ind,2013,646.937
aut,sex_t,skl_skill_match,eco_sector_ind,2014,634.798
aut,sex_t,skl_skill_match,eco_sector_ind,2015,632.989
aut,sex_t,skl_skill_match,eco_sector_ind,2016,632.919
aut,sex_t,skl_skill_match,eco_sector_ind,2017,621.302
aut,sex_t,skl_skill_match,eco_sector_ind,2018,656.926
aut,sex_t,skl_skill_match,eco_sector_ind,2019,655.509
aut,sex_t,skl_skill_match,eco_sector_ind,2020,621.423
aut,sex_t,skl_skill_match,eco_sector_ind,2021,647.516
aut,sex_t,skl_skill_match,eco_sector_ind,2022,659.574
aut,sex_t,skl_skill_match,eco_sector_ind,2023,650.49
aut,sex_t,skl_skill_match,eco_sector_nag,2004,2198.25
aut,sex_t,skl_skill_match,eco_sector_nag,2005,2265.146
aut,sex_t,skl_skill_match,eco_sector_nag,2006,2279.754
aut,sex_t,skl_skill_match,eco_sector_nag,2007,2296.221
aut,sex_t,skl_skill_match,eco_sector_nag,2008,2347.198
aut,sex_t,skl_skill_match,eco_sector_nag,2009,2370.559
aut,sex_t,skl_skill_match,eco_sector_nag,2010,2392.592
aut,sex_t,skl_skill_match,eco_sector_nag,2011,2368.391
aut,sex_t,skl_skill_match,eco_sector_nag,2012,2389.551
aut,sex_t,skl_skill_match,eco_sector_nag,2013,2381.547
aut,sex_t,skl_skill_match,eco_sector_nag,2014,2209.793
aut,sex_t,skl_skill_match,eco_sector_nag,2015,2246.479
aut,sex_t,skl_skill_match,eco_sector_nag,2016,2249.611
aut,sex_t,skl_skill_match,eco_sector_nag,2017,2269.109
aut,sex_t,skl_skill_match,eco_sector_nag,2018,2293.242
aut,sex_t,skl_skill_match,eco_sector_nag,2019,2297.642
aut,sex_t,skl_skill_match,eco_sector_nag,2020,2255.79
aut,sex_t,skl_skill_match,eco_sector_nag,2021,2249.867
aut,sex_t,skl_skill_match,eco_sector_nag,2022,2342.811
aut,sex_t,skl_skill_match,eco_sector_nag,2023,2355.601
aut,sex_t,skl_skill_match,eco_sector_ser,2004,1573.561
aut,sex_t,skl_skill_match,eco_sector_ser,2005,1627.589
aut,sex_t,skl_skill_match,eco_sector_ser,2006,1622.227
aut,sex_t,skl_skill_match,eco_sector_ser,2007,1647.985
aut,sex_t,skl_skill_match,eco_sector_ser,2008,1713.822
aut,sex_t,skl_skill_match,eco_sector_ser,2009,1756.794
aut,sex_t,skl_skill_match,eco_sector_ser,2010,1781.138
aut,sex_t,skl_skill_match,eco_sector_ser,2011,1737.06
aut,sex_t,skl_skill_match,eco_sector_ser,2012,1733.472
aut,sex_t,skl_skill_match,eco_sector_ser,2013,1734.61
aut,sex_t,skl_skill_match,eco_sector_ser,2014,1574.995
aut,sex_t,skl_skill_match,eco_sector_ser,2015,1613.49
aut,sex_t,skl_skill_match,eco_sector_ser,2016,1616.693
aut,sex_t,skl_skill_match,eco_sector_ser,2017,1647.807
aut,sex_t,skl_skill_match,eco_sector_ser,2018,1636.316
aut,sex_t,skl_skill_match,eco_sector_ser,2019,1642.132
aut,sex_t,skl_skill_match,eco_sector_ser,2020,1634.367
aut,sex_t,skl_skill_match,eco_sector_ser,2021,1602.351
aut,sex_t,skl_skill_match,eco_sector_ser,2022,1683.238
aut,sex_t,skl_skill_match,eco_sector_ser,2023,1705.111
aut,sex_t,skl_skill_match,eco_sector_total,2004,2308.27
aut,sex_t,skl_skill_match,eco_sector_total,2005,2380.885
aut,sex_t,skl_skill_match,eco_sector_total,2006,2397.963
aut,sex_t,skl_skill_match,eco_sector_total,2007,2420.414
aut,sex_t,skl_skill_match,eco_sector_total,2008,2471.374
aut,sex_t,skl_skill_match,eco_sector_total,2009,2495.349
aut,sex_t,skl_skill_match,eco_sector_total,2010,2518.84
aut,sex_t,skl_skill_match,eco_sector_total,2011,2484.026
aut,sex_t,skl_skill_match,eco_sector_total,2012,2506.544
aut,sex_t,skl_skill_match,eco_sector_total,2013,2492.626
aut,sex_t,skl_skill_match,eco_sector_total,2014,2317.004
aut,sex_t,skl_skill_match,eco_sector_total,2015,2348.582
aut,sex_t,skl_skill_match,eco_sector_total,2016,2348.331
aut,sex_t,skl_skill_match,eco_sector_total,2017,2360.319
aut,sex_t,skl_skill_match,eco_sector_total,2018,2379.575
aut,sex_t,skl_skill_match,eco_sector_total,2019,2386.242
aut,sex_t,skl_skill_match,eco_sector_total,2020,2350.397
aut,sex_t,skl_skill_match,eco_sector_total,2021,2340.457
aut,sex_t,skl_skill_match,eco_sector_total,2022,2433.15
aut,sex_t,skl_skill_match,eco_sector_total,2023,2435.256
aut,sex_t,skl_skill_over,eco_aggregate_agr,2004,24.466
aut,sex_t,skl_skill_over,eco_aggregate_agr,2005,24.873
aut,sex_t,skl_skill_over,eco_aggregate_agr,2006,25.728
aut,sex_t,skl_skill_over,eco_aggregate_agr,2007,27.533
aut,sex_t,skl_skill_over,eco_aggregate_agr,2008,36.692
aut,sex_t,skl_skill_over,eco_aggregate_agr,2009,38.836
aut,sex_t,skl_skill_over,eco_aggregate_agr,2010,32.404
aut,sex_t,skl_skill_over,eco_aggregate_agr,2011,29.876
aut,sex_t,skl_skill_over,eco_aggregate_agr,2012,30.043
aut,sex_t,skl_skill_over,eco_aggregate_agr,2013,28.575
aut,sex_t,skl_skill_over,eco_aggregate_agr,2014,31.695
aut,sex_t,skl_skill_over,eco_aggregate_agr,2015,35.853
aut,sex_t,skl_skill_over,eco_aggregate_agr,2016,38.868
aut,sex_t,skl_skill_over,eco_aggregate_agr,2017,36.682
aut,sex_t,skl_skill_over,eco_aggregate_agr,2018,36.162
aut,sex_t,skl_skill_over,eco_aggregate_agr,2019,36.058
aut,sex_t,skl_skill_over,eco_aggregate_agr,2020,39.886
aut,sex_t,skl_skill_over,eco_aggregate_agr,2021,40.877
aut,sex_t,skl_skill_over,eco_aggregate_agr,2022,26.3
aut,sex_t,skl_skill_over,eco_aggregate_agr,2023,23.171
aut,sex_t,skl_skill_over,eco_aggregate_con,2004,52.076
aut,sex_t,skl_skill_over,eco_aggregate_con,2005,48.924
aut,sex_t,skl_skill_over,eco_aggregate_con,2006,54.105
aut,sex_t,skl_skill_over,eco_aggregate_con,2007,63.778
aut,sex_t,skl_skill_over,eco_aggregate_con,2008,60.448
aut,sex_t,skl_skill_over,eco_aggregate_con,2009,54.631
aut,sex_t,skl_skill_over,eco_aggregate_con,2010,52.507
aut,sex_t,skl_skill_over,eco_aggregate_con,2011,61.915
aut,sex_t,skl_skill_over,eco_aggregate_con,2012,68.737
aut,sex_t,skl_skill_over,eco_aggregate_con,2013,67.932
aut,sex_t,skl_skill_over,eco_aggregate_con,2014,65.615
aut,sex_t,skl_skill_over,eco_aggregate_con,2015,67.424
aut,sex_t,skl_skill_over,eco_aggregate_con,2016,79.387
aut,sex_t,skl_skill_over,eco_aggregate_con,2017,69.901
aut,sex_t,skl_skill_over,eco_aggregate_con,2018,67.044
aut,sex_t,skl_skill_over,eco_aggregate_con,2019,71.952
aut,sex_t,skl_skill_over,eco_aggregate_con,2020,66.754
aut,sex_t,skl_skill_over,eco_aggregate_con,2021,61.727
aut,sex_t,skl_skill_over,eco_aggregate_con,2022,50.857
aut,sex_t,skl_skill_over,eco_aggregate_con,2023,55.307
aut,sex_t,skl_skill_over,eco_aggregate_man,2004,129.552
aut,sex_t,skl_skill_over,eco_aggregate_man,2005,143.454
aut,sex_t,skl_skill_over,eco_aggregate_man,2006,155.473
aut,sex_t,skl_skill_over,eco_aggregate_man,2007,155.687
aut,sex_t,skl_skill_over,eco_aggregate_man,2008,138.284
aut,sex_t,skl_skill_over,eco_aggregate_man,2009,133.737
aut,sex_t,skl_skill_over,eco_aggregate_man,2010,141.427
aut,sex_t,skl_skill_over,eco_aggregate_man,2011,133.106
aut,sex_t,skl_skill_over,eco_aggregate_man,2012,122.752
aut,sex_t,skl_skill_over,eco_aggregate_man,2013,118.57
aut,sex_t,skl_skill_over,eco_aggregate_man,2014,141.264
aut,sex_t,skl_skill_over,eco_aggregate_man,2015,151.338
aut,sex_t,skl_skill_over,eco_aggregate_man,2016,148.981
aut,sex_t,skl_skill_over,eco_aggregate_man,2017,149.576
aut,sex_t,skl_skill_over,eco_aggregate_man,2018,164.965
aut,sex_t,skl_skill_over,eco_aggregate_man,2019,150.618
aut,sex_t,skl_skill_over,eco_aggregate_man,2020,138.768
aut,sex_t,skl_skill_over,eco_aggregate_man,2021,153.257
aut,sex_t,skl_skill_over,eco_aggregate_man,2022,135.757
aut,sex_t,skl_skill_over,eco_aggregate_man,2023,133.495
aut,sex_t,skl_skill_over,eco_aggregate_mel,2004,11.328
aut,sex_t,skl_skill_over,eco_aggregate_mel,2005,11.393
aut,sex_t,skl_skill_over,eco_aggregate_mel,2006,10.565
aut,sex_t,skl_skill_over,eco_aggregate_mel,2007,10.889
aut,sex_t,skl_skill_over,eco_aggregate_mel,2008,11.177
aut,sex_t,skl_skill_over,eco_aggregate_mel,2009,11.735
aut,sex_t,skl_skill_over,eco_aggregate_mel,2010,13.541
aut,sex_t,skl_skill_over,eco_aggregate_mel,2011,15.785
aut,sex_t,skl_skill_over,eco_aggregate_mel,2012,12.633
aut,sex_t,skl_skill_over,eco_aggregate_mel,2013,14.642
aut,sex_t,skl_skill_over,eco_aggregate_mel,2014,16.47
aut,sex_t,skl_skill_over,eco_aggregate_mel,2015,16.721
aut,sex_t,skl_skill_over,eco_aggregate_mel,2016,15.877
aut,sex_t,skl_skill_over,eco_aggregate_mel,2017,16.614
aut,sex_t,skl_skill_over,eco_aggregate_mel,2018,14.982
aut,sex_t,skl_skill_over,eco_aggregate_mel,2019,12.831
aut,sex_t,skl_skill_over,eco_aggregate_mel,2020,12.965
aut,sex_t,skl_skill_over,eco_aggregate_mel,2021,14.365
aut,sex_t,skl_skill_over,eco_aggregate_mel,2022,11.399
aut,sex_t,skl_skill_over,eco_aggregate_mel,2023,12.035
aut,sex_t,skl_skill_over,eco_aggregate_mkt,2004,289.347
aut,sex_t,skl_skill_over,eco_aggregate_mkt,2005,349.15
aut,sex_t,skl_skill_over,eco_aggregate_mkt,2006,303.393
aut,sex_t,skl_skill_over,eco_aggregate_mkt,2007,368.231
aut,sex_t,skl_skill_over,eco_aggregate_mkt,2008,348.606
aut,sex_t,skl_skill_over,eco_aggregate_mkt,2009,351.083
aut,sex_t,skl_skill_over,eco_aggregate_mkt,2010,355.131
aut,sex_t,skl_skill_over,eco_aggregate_mkt,2011,373.226
aut,sex_t,skl_skill_over,eco_aggregate_mkt,2012,370.733
aut,sex_t,skl_skill_over,eco_aggregate_mkt,2013,335.388
aut,sex_t,skl_skill_over,eco_aggregate_mkt,2014,366.523
aut,sex_t,skl_skill_over,eco_aggregate_mkt,2015,394.194
aut,sex_t,skl_skill_over,eco_aggregate_mkt,2016,421.085
aut,sex_t,skl_skill_over,eco_aggregate_mkt,2017,436.463
aut,sex_t,skl_skill_over,eco_aggregate_mkt,2018,432.796
aut,sex_t,skl_skill_over,eco_aggregate_mkt,2019,403.739
aut,sex_t,skl_skill_over,eco_aggregate_mkt,2020,384.216
aut,sex_t,skl_skill_over,eco_aggregate_mkt,2021,385.499
aut,sex_t,skl_skill_over,eco_aggregate_mkt,2022,469.142
aut,sex_t,skl_skill_over,eco_aggregate_mkt,2023,499.188
aut,sex_t,skl_skill_over,eco_aggregate_pub,2004,156.658
aut,sex_t,skl_skill_over,eco_aggregate_pub,2005,193.845
aut,sex_t,skl_skill_over,eco_aggregate_pub,2006,165.332
aut,sex_t,skl_skill_over,eco_aggregate_pub,2007,241.114
aut,sex_t,skl_skill_over,eco_aggregate_pub,2008,214.175
aut,sex_t,skl_skill_over,eco_aggregate_pub,2009,219.149
aut,sex_t,skl_skill_over,eco_aggregate_pub,2010,228.937
aut,sex_t,skl_skill_over,eco_aggregate_pub,2011,207.863
aut,sex_t,skl_skill_over,eco_aggregate_pub,2012,207.806
aut,sex_t,skl_skill_over,eco_aggregate_pub,2013,195.361
aut,sex_t,skl_skill_over,eco_aggregate_pub,2014,301.917
aut,sex_t,skl_skill_over,eco_aggregate_pub,2015,245.948
aut,sex_t,skl_skill_over,eco_aggregate_pub,2016,248.278
aut,sex_t,skl_skill_over,eco_aggregate_pub,2017,258.938
aut,sex_t,skl_skill_over,eco_aggregate_pub,2018,224.778
aut,sex_t,skl_skill_over,eco_aggregate_pub,2019,231.701
aut,sex_t,skl_skill_over,eco_aggregate_pub,2020,220.67
aut,sex_t,skl_skill_over,eco_aggregate_pub,2021,240.622
aut,sex_t,skl_skill_over,eco_aggregate_pub,2022,266.879
aut,sex_t,skl_skill_over,eco_aggregate_pub,2023,293.223
aut,sex_t,skl_skill_over,eco_aggregate_total,2004,663.427
aut,sex_t,skl_skill_over,eco_aggregate_total,2005,771.639
aut,sex_t,skl_skill_over,eco_aggregate_total,2006,714.595
aut,sex_t,skl_skill_over,eco_aggregate_total,2007,867.232
aut,sex_t,skl_skill_over,eco_aggregate_total,2008,809.382
aut,sex_t,skl_skill_over,eco_aggregate_total,2009,809.171
aut,sex_t,skl_skill_over,eco_aggregate_total,2010,823.947
aut,sex_t,skl_skill_over,eco_aggregate_total,2011,821.771
aut,sex_t,skl_skill_over,eco_aggregate_total,2012,812.704
aut,sex_t,skl_skill_over,eco_aggregate_total,2013,760.468
aut,sex_t,skl_skill_over,eco_aggregate_total,2014,923.483
aut,sex_t,skl_skill_over,eco_aggregate_total,2015,911.478
aut,sex_t,skl_skill_over,eco_aggregate_total,2016,952.475
aut,sex_t,skl_skill_over,eco_aggregate_total,2017,968.175
aut,sex_t,skl_skill_over,eco_aggregate_total,2018,940.728
aut,sex_t,skl_skill_over,eco_aggregate_total,2019,906.898
aut,sex_t,skl_skill_over,eco_aggregate_total,2020,863.258
aut,sex_t,skl_skill_over,eco_aggregate_total,2021,896.347
aut,sex_t,skl_skill_over,eco_aggregate_total,2022,960.335
aut,sex_t,skl_skill_over,eco_aggregate_total,2023,1016.418
aut,sex_t,skl_skill_over,eco_sector_agr,2004,24.466
aut,sex_t,skl_skill_over,eco_sector_agr,2005,24.873
aut,sex_t,skl_skill_over,eco_sector_agr,2006,25.728
aut,sex_t,skl_skill_over,eco_sector_agr,2007,27.533
aut,sex_t,skl_skill_over,eco_sector_agr,2008,36.692
aut,sex_t,skl_skill_over,eco_sector_agr,2009,38.836
aut,sex_t,skl_skill_over,eco_sector_agr,2010,32.404
aut,sex_t,skl_skill_over,eco_sector_agr,2011,29.876
aut,sex_t,skl_skill_over,eco_sector_agr,2012,30.043
aut,sex_t,skl_skill_over,eco_sector_agr,2013,28.575
aut,sex_t,skl_skill_over,eco_sector_agr,2014,31.695
aut,sex_t,skl_skill_over,eco_sector_agr,2015,35.853
aut,sex_t,skl_skill_over,eco_sector_agr,2016,38.868
aut,sex_t,skl_skill_over,eco_sector_agr,2017,36.682
aut,sex_t,skl_skill_over,eco_sector_agr,2018,36.162
aut,sex_t,skl_skill_over,eco_sector_agr,2019,36.058
aut,sex_t,skl_skill_over,eco_sector_agr,2020,39.886
aut,sex_t,skl_skill_over,eco_sector_agr,2021,40.877
aut,sex_t,skl_skill_over,eco_sector_agr,2022,26.3
aut,sex_t,skl_skill_over,eco_sector_agr,2023,23.171
aut,sex_t,skl_skill_over,eco_sector_ind,2004,192.956
aut,sex_t,skl_skill_over,eco_sector_ind,2005,203.772
aut,sex_t,skl_skill_over,eco_sector_ind,2006,220.143
aut,sex_t,skl_skill_over,eco_sector_ind,2007,230.353
aut,sex_t,skl_skill_over,eco_sector_ind,2008,209.909
aut,sex_t,skl_skill_over,eco_sector_ind,2009,200.103
aut,sex_t,skl_skill_over,eco_sector_ind,2010,207.475
aut,sex_t,skl_skill_over,eco_sector_ind,2011,210.806
aut,sex_t,skl_skill_over,eco_sector_ind,2012,204.122
aut,sex_t,skl_skill_over,eco_sector_ind,2013,201.143
aut,sex_t,skl_skill_over,eco_sector_ind,2014,223.348
aut,sex_t,skl_skill_over,eco_sector_ind,2015,235.483
aut,sex_t,skl_skill_over,eco_sector_ind,2016,244.244
aut,sex_t,skl_skill_over,eco_sector_ind,2017,236.091
aut,sex_t,skl_skill_over,eco_sector_ind,2018,246.991
aut,sex_t,skl_skill_over,eco_sector_ind,2019,235.4
aut,sex_t,skl_skill_over,eco_sector_ind,2020,218.486
aut,sex_t,skl_skill_over,eco_sector_ind,2021,229.349
aut,sex_t,skl_skill_over,eco_sector_ind,2022,198.014
aut,sex_t,skl_skill_over,eco_sector_ind,2023,200.837
aut,sex_t,skl_skill_over,eco_sector_nag,2004,638.961
aut,sex_t,skl_skill_over,eco_sector_nag,2005,746.766
aut,sex_t,skl_skill_over,eco_sector_nag,2006,688.867
aut,sex_t,skl_skill_over,eco_sector_nag,2007,839.699
aut,sex_t,skl_skill_over,eco_sector_nag,2008,772.689
aut,sex_t,skl_skill_over,eco_sector_nag,2009,770.335
aut,sex_t,skl_skill_over,eco_sector_nag,2010,791.543
aut,sex_t,skl_skill_over,eco_sector_nag,2011,791.895
aut,sex_t,skl_skill_over,eco_sector_nag,2012,782.661
aut,sex_t,skl_skill_over,eco_sector_nag,2013,731.892
aut,sex_t,skl_skill_over,eco_sector_nag,2014,891.788
aut,sex_t,skl_skill_over,eco_sector_nag,2015,875.625
aut,sex_t,skl_skill_over,eco_sector_nag,2016,913.607
aut,sex_t,skl_skill_over,eco_sector_nag,2017,931.492
aut,sex_t,skl_skill_over,eco_sector_nag,2018,904.565
aut,sex_t,skl_skill_over,eco_sector_nag,2019,870.84
aut,sex_t,skl_skill_over,eco_sector_nag,2020,823.372
aut,sex_t,skl_skill_over,eco_sector_nag,2021,855.47
aut,sex_t,skl_skill_over,eco_sector_nag,2022,934.035
aut,sex_t,skl_skill_over,eco_sector_nag,2023,993.248
aut,sex_t,skl_skill_over,eco_sector_ser,2004,446.006
aut,sex_t,skl_skill_over,eco_sector_ser,2005,542.994
aut,sex_t,skl_skill_over,eco_sector_ser,2006,468.725
aut,sex_t,skl_skill_over,eco_sector_ser,2007,609.345
aut,sex_t,skl_skill_over,eco_sector_ser,2008,562.781
aut,sex_t,skl_skill_over,eco_sector_ser,2009,570.232
aut,sex_t,skl_skill_over,eco_sector_ser,2010,584.068
aut,sex_t,skl_skill_over,eco_sector_ser,2011,581.089
aut,sex_t,skl_skill_over,eco_sector_ser,2012,578.539
aut,sex_t,skl_skill_over,eco_sector_ser,2013,530.749
aut,sex_t,skl_skill_over,eco_sector_ser,2014,668.439
aut,sex_t,skl_skill_over,eco_sector_ser,2015,640.142
aut,sex_t,skl_skill_over,eco_sector_ser,2016,669.363
aut,sex_t,skl_skill_over,eco_sector_ser,2017,695.402
aut,sex_t,skl_skill_over,eco_sector_ser,2018,657.574
aut,sex_t,skl_skill_over,eco_sector_ser,2019,635.439
aut,sex_t,skl_skill_over,eco_sector_ser,2020,604.885
aut,sex_t,skl_skill_over,eco_sector_ser,2021,626.122
aut,sex_t,skl_skill_over,eco_sector_ser,2022,736.021
aut,sex_t,skl_skill_over,eco_sector_ser,2023,792.411
aut,sex_t,skl_skill_over,eco_sector_total,2004,663.427
aut,sex_t,skl_skill_over,eco_sector_total,2005,771.639
aut,sex_t,skl_skill_over,eco_sector_total,2006,714.595
aut,sex_t,skl_skill_over,eco_sector_total,2007,867.232
aut,sex_t,skl_skill_over,eco_sector_total,2008,809.382
aut,sex_t,skl_skill_over,eco_sector_total,2009,809.171
aut,sex_t,skl_skill_over,eco_sector_total,2010,823.947
aut,sex_t,skl_skill_over,eco_sector_total,2011,821.771
aut,sex_t,skl_skill_over,eco_sector_total,2012,812.704
aut,sex_t,skl_skill_over,eco_sector_total,2013,760.468
aut,sex_t,skl_skill_over,eco_sector_total,2014,923.483
aut,sex_t,skl_skill_over,eco_sector_total,2015,911.478
aut,sex_t,skl_skill_over,eco_sector_total,2016,952.475
aut,sex_t,skl_skill_over,eco_sector_total,2017,968.175
aut,sex_t,skl_skill_over,eco_sector_total,2018,940.728
aut,sex_t,skl_skill_over,eco_sector_total,2019,906.898
aut,sex_t,skl_skill_over,eco_sector_total,2020,863.258
aut,sex_t,skl_skill_over,eco_sector_total,2021,896.347
aut,sex_t,skl_skill_over,eco_sector_total,2022,960.335
aut,sex_t,skl_skill_over,eco_sector_total,2023,1016.418
aut,sex_t,skl_skill_total,eco_aggregate_agr,2004,182.019
aut,sex_t,skl_skill_total,eco_aggregate_agr,2005,197.679
aut,sex_t,skl_skill_total,eco_aggregate_agr,2006,200.66
aut,sex_t,skl_skill_total,eco_aggregate_agr,2007,216.857
aut,sex_t,skl_skill_total,eco_aggregate_agr,2008,217.734
aut,sex_t,skl_skill_total,eco_aggregate_agr,2009,221.717
aut,sex_t,skl_skill_total,eco_aggregate_agr,2010,218.101
aut,sex_t,skl_skill_total,eco_aggregate_agr,2011,200.097
aut,sex_t,skl_skill_total,eco_aggregate_agr,2012,190.965
aut,sex_t,skl_skill_total,eco_aggregate_agr,2013,187.825
aut,sex_t,skl_skill_total,eco_aggregate_agr,2014,198.926
aut,sex_t,skl_skill_total,eco_aggregate_agr,2015,187.959
aut,sex_t,skl_skill_total,eco_aggregate_agr,2016,183.503
aut,sex_t,skl_skill_total,eco_aggregate_agr,2017,167.428
aut,sex_t,skl_skill_total,eco_aggregate_agr,2018,159.549
aut,sex_t,skl_skill_total,eco_aggregate_agr,2019,159.224
aut,sex_t,skl_skill_total,eco_aggregate_agr,2020,166.736
aut,sex_t,skl_skill_total,eco_aggregate_agr,2021,160.822
aut,sex_t,skl_skill_total,eco_aggregate_agr,2022,157.204
aut,sex_t,skl_skill_total,eco_aggregate_agr,2023,139.744
aut,sex_t,skl_skill_total,eco_aggregate_con,2004,299.26
aut,sex_t,skl_skill_total,eco_aggregate_con,2005,306.288
aut,sex_t,skl_skill_total,eco_aggregate_con,2006,313.89
aut,sex_t,skl_skill_total,eco_aggregate_con,2007,320.402
aut,sex_t,skl_skill_total,eco_aggregate_con,2008,323.745
aut,sex_t,skl_skill_total,eco_aggregate_con,2009,304.848
aut,sex_t,skl_skill_total,eco_aggregate_con,2010,294.132
aut,sex_t,skl_skill_total,eco_aggregate_con,2011,354.24
aut,sex_t,skl_skill_total,eco_aggregate_con,2012,368.415
aut,sex_t,skl_skill_total,eco_aggregate_con,2013,364.254
aut,sex_t,skl_skill_total,eco_aggregate_con,2014,357.429
aut,sex_t,skl_skill_total,eco_aggregate_con,2015,347.842
aut,sex_t,skl_skill_total,eco_aggregate_con,2016,350.126
aut,sex_t,skl_skill_total,eco_aggregate_con,2017,342.02
aut,sex_t,skl_skill_total,eco_aggregate_con,2018,343.694
aut,sex_t,skl_skill_total,eco_aggregate_con,2019,357.858
aut,sex_t,skl_skill_total,eco_aggregate_con,2020,343.019
aut,sex_t,skl_skill_total,eco_aggregate_con,2021,323.894
aut,sex_t,skl_skill_total,eco_aggregate_con,2022,366.987
aut,sex_t,skl_skill_total,eco_aggregate_con,2023,349.27
aut,sex_t,skl_skill_total,eco_aggregate_man,2004,683.687
aut,sex_t,skl_skill_total,eco_aggregate_man,2005,687.75
aut,sex_t,skl_skill_total,eco_aggregate_man,2006,723.636
aut,sex_t,skl_skill_total,eco_aggregate_man,2007,713.821
aut,sex_t,skl_skill_total,eco_aggregate_man,2008,680.06
aut,sex_t,skl_skill_total,eco_aggregate_man,2009,643.381
aut,sex_t,skl_skill_total,eco_aggregate_man,2010,659.26
aut,sex_t,skl_skill_total,eco_aggregate_man,2011,642.04
aut,sex_t,skl_skill_total,eco_aggregate_man,2012,644.963
aut,sex_t,skl_skill_total,eco_aggregate_man,2013,642.847
aut,sex_t,skl_skill_total,eco_aggregate_man,2014,643.428
aut,sex_t,skl_skill_total,eco_aggregate_man,2015,662.743
aut,sex_t,skl_skill_total,eco_aggregate_man,2016,673.065
aut,sex_t,skl_skill_total,eco_aggregate_man,2017,665.751
aut,sex_t,skl_skill_total,eco_aggregate_man,2018,699.17
aut,sex_t,skl_skill_total,eco_aggregate_man,2019,693.704
aut,sex_t,skl_skill_total,eco_aggregate_man,2020,673.682
aut,sex_t,skl_skill_total,eco_aggregate_man,2021,716.112
aut,sex_t,skl_skill_total,eco_aggregate_man,2022,745.417
aut,sex_t,skl_skill_total,eco_aggregate_man,2023,743.493
aut,sex_t,skl_skill_total,eco_aggregate_mel,2004,36.213
aut,sex_t,skl_skill_total,eco_aggregate_mel,2005,39.338
aut,sex_t,skl_skill_total,eco_aggregate_mel,2006,39.962
aut,sex_t,skl_skill_total,eco_aggregate_mel,2007,37.895
aut,sex_t,skl_skill_total,eco_aggregate_mel,2008,35.148
aut,sex_t,skl_skill_total,eco_aggregate_mel,2009,36.875
aut,sex_t,skl_skill_total,eco_aggregate_mel,2010,39.576
aut,sex_t,skl_skill_total,eco_aggregate_mel,2011,58.419
aut,sex_t,skl_skill_total,eco_aggregate_mel,2012,51.888
aut,sex_t,skl_skill_total,eco_aggregate_mel,2013,56.358
aut,sex_t,skl_skill_total,eco_aggregate_mel,2014,58.212
aut,sex_t,skl_skill_total,eco_aggregate_mel,2015,58.187
aut,sex_t,skl_skill_total,eco_aggregate_mel,2016,55.612
aut,sex_t,skl_skill_total,eco_aggregate_mel,2017,54.022
aut,sex_t,skl_skill_total,eco_aggregate_mel,2018,55.698
aut,sex_t,skl_skill_total,eco_aggregate_mel,2019,52.68
aut,sex_t,skl_skill_total,eco_aggregate_mel,2020,56.29
aut,sex_t,skl_skill_total,eco_aggregate_mel,2021,63.477
aut,sex_t,skl_skill_total,eco_aggregate_mel,2022,58.847
aut,sex_t,skl_skill_total,eco_aggregate_mel,2023,60.313
aut,sex_t,skl_skill_total,eco_aggregate_mkt,2004,1498.312
aut,sex_t,skl_skill_total,eco_aggregate_mkt,2005,1525.735
aut,sex_t,skl_skill_total,eco_aggregate_mkt,2006,1538.707
aut,sex_t,skl_skill_total,eco_aggregate_mkt,2007,1599.471
aut,sex_t,skl_skill_total,eco_aggregate_mkt,2008,1660.225
aut,sex_t,skl_skill_total,eco_aggregate_mkt,2009,1659.981
aut,sex_t,skl_skill_total,eco_aggregate_mkt,2010,1655.841
aut,sex_t,skl_skill_total,eco_aggregate_mkt,2011,1702.89
aut,sex_t,skl_skill_total,eco_aggregate_mkt,2012,1717.237
aut,sex_t,skl_skill_total,eco_aggregate_mkt,2013,1716.805
aut,sex_t,skl_skill_total,eco_aggregate_mkt,2014,1706.388
aut,sex_t,skl_skill_total,eco_aggregate_mkt,2015,1702.796
aut,sex_t,skl_skill_total,eco_aggregate_mkt,2016,1753.708
aut,sex_t,skl_skill_total,eco_aggregate_mkt,2017,1784.706
aut,sex_t,skl_skill_total,eco_aggregate_mkt,2018,1823.555
aut,sex_t,skl_skill_total,eco_aggregate_mkt,2019,1839.183
aut,sex_t,skl_skill_total,eco_aggregate_mkt,2020,1817.438
aut,sex_t,skl_skill_total,eco_aggregate_mkt,2021,1778.246
aut,sex_t,skl_skill_total,eco_aggregate_mkt,2022,1832.329
aut,sex_t,skl_skill_total,eco_aggregate_mkt,2023,1873.288
aut,sex_t,skl_skill_total,eco_aggregate_pub,2004,977.47
aut,sex_t,skl_skill_total,eco_aggregate_pub,2005,990.968
aut,sex_t,skl_skill_total,eco_aggregate_pub,2006,1009.258
aut,sex_t,skl_skill_total,eco_aggregate_pub,2007,1035.25
aut,sex_t,skl_skill_total,eco_aggregate_pub,2008,1077.281
aut,sex_t,skl_skill_total,eco_aggregate_pub,2009,1115.493
aut,sex_t,skl_skill_total,eco_aggregate_pub,2010,1149.874
aut,sex_t,skl_skill_total,eco_aggregate_pub,2011,1094.866
aut,sex_t,skl_skill_total,eco_aggregate_pub,2012,1111.131
aut,sex_t,skl_skill_total,eco_aggregate_pub,2013,1136.743
aut,sex_t,skl_skill_total,eco_aggregate_pub,2014,1148.294
aut,sex_t,skl_skill_total,eco_aggregate_pub,2015,1188.751
aut,sex_t,skl_skill_total,eco_aggregate_pub,2016,1204.225
aut,sex_t,skl_skill_total,eco_aggregate_pub,2017,1246.486
aut,sex_t,skl_skill_total,eco_aggregate_pub,2018,1237.354
aut,sex_t,skl_skill_total,eco_aggregate_pub,2019,1252.326
aut,sex_t,skl_skill_total,eco_aggregate_pub,2020,1258.134
aut,sex_t,skl_skill_total,eco_aggregate_pub,2021,1263.478
aut,sex_t,skl_skill_total,eco_aggregate_pub,2022,1281.803
aut,sex_t,skl_skill_total,eco_aggregate_pub,2023,1316.901
aut,sex_t,skl_skill_total,eco_aggregate_total,2004,3679.748
aut,sex_t,skl_skill_total,eco_aggregate_total,2005,3751.501
aut,sex_t,skl_skill_total,eco_aggregate_total,2006,3830.29
aut,sex_t,skl_skill_total,eco_aggregate_total,2007,3927.434
aut,sex_t,skl_skill_total,eco_aggregate_total,2008,3997.038
aut,sex_t,skl_skill_total,eco_aggregate_total,2009,3985.946
aut,sex_t,skl_skill_total,eco_aggregate_total,2010,4019.878
aut,sex_t,skl_skill_total,eco_aggregate_total,2011,4054.62
aut,sex_t,skl_skill_total,eco_aggregate_total,2012,4087.298
aut,sex_t,skl_skill_total,eco_aggregate_total,2013,4106.911
aut,sex_t,skl_skill_total,eco_aggregate_total,2014,4115.513
aut,sex_t,skl_skill_total,eco_aggregate_total,2015,4150.503
aut,sex_t,skl_skill_total,eco_aggregate_total,2016,4222.768
aut,sex_t,skl_skill_total,eco_aggregate_total,2017,4262.707
aut,sex_t,skl_skill_total,eco_aggregate_total,2018,4322.661
aut,sex_t,skl_skill_total,eco_aggregate_total,2019,4358.896
aut,sex_t,skl_skill_total,eco_aggregate_total,2020,4318.37
aut,sex_t,skl_skill_total,eco_aggregate_total,2021,4306.029
aut,sex_t,skl_skill_total,eco_aggregate_total,2022,4442.587
aut,sex_t,skl_skill_total,eco_aggregate_total,2023,4483.009
aut,sex_t,skl_skill_total,eco_aggregate_x,2004,2.786
aut,sex_t,skl_skill_total,eco_aggregate_x,2005,3.744
aut,sex_t,skl_skill_total,eco_aggregate_x,2006,4.177
aut,sex_t,skl_skill_total,eco_aggregate_x,2007,3.738
aut,sex_t,skl_skill_total,eco_aggregate_x,2008,2.846
aut,sex_t,skl_skill_total,eco_aggregate_x,2009,3.651
aut,sex_t,skl_skill_total,eco_aggregate_x,2010,3.095
aut,sex_t,skl_skill_total,eco_aggregate_x,2011,2.069
aut,sex_t,skl_skill_total,eco_aggregate_x,2012,2.7
aut,sex_t,skl_skill_total,eco_aggregate_x,2013,2.078
aut,sex_t,skl_skill_total,eco_aggregate_x,2014,2.836
aut,sex_t,skl_skill_total,eco_aggregate_x,2015,2.225
aut,sex_t,skl_skill_total,eco_aggregate_x,2016,2.528
aut,sex_t,skl_skill_total,eco_aggregate_x,2017,2.295
aut,sex_t,skl_skill_total,eco_aggregate_x,2018,3.642
aut,sex_t,skl_skill_total,eco_aggregate_x,2019,3.92
aut,sex_t,skl_skill_total,eco_aggregate_x,2020,3.071
aut,sex_t,skl_skill_total,eco_sector_agr,2004,182.019
aut,sex_t,skl_skill_total,eco_sector_agr,2005,197.679
aut,sex_t,skl_skill_total,eco_sector_agr,2006,200.66
aut,sex_t,skl_skill_total,eco_sector_agr,2007,216.857
aut,sex_t,skl_skill_total,eco_sector_agr,2008,217.734
aut,sex_t,skl_skill_total,eco_sector_agr,2009,221.717
aut,sex_t,skl_skill_total,eco_sector_agr,2010,218.101
aut,sex_t,skl_skill_total,eco_sector_agr,2011,200.097
aut,sex_t,skl_skill_total,eco_sector_agr,2012,190.965
aut,sex_t,skl_skill_total,eco_sector_agr,2013,187.825
aut,sex_t,skl_skill_total,eco_sector_agr,2014,198.926
aut,sex_t,skl_skill_total,eco_sector_agr,2015,187.959
aut,sex_t,skl_skill_total,eco_sector_agr,2016,183.503
aut,sex_t,skl_skill_total,eco_sector_agr,2017,167.428
aut,sex_t,skl_skill_total,eco_sector_agr,2018,159.549
aut,sex_t,skl_skill_total,eco_sector_agr,2019,159.224
aut,sex_t,skl_skill_total,eco_sector_agr,2020,166.736
aut,sex_t,skl_skill_total,eco_sector_agr,2021,160.822
aut,sex_t,skl_skill_total,eco_sector_agr,2022,157.204
aut,sex_t,skl_skill_total,eco_sector_agr,2023,139.744
aut,sex_t,skl_skill_total,eco_sector_ind,2004,1019.16
aut,sex_t,skl_skill_total,eco_sector_ind,2005,1033.375
aut,sex_t,skl_skill_total,eco_sector_ind,2006,1077.487
aut,sex_t,skl_skill_total,eco_sector_ind,2007,1072.117
aut,sex_t,skl_skill_total,eco_sector_ind,2008,1038.952
aut,sex_t,skl_skill_total,eco_sector_ind,2009,985.104
aut,sex_t,skl_skill_total,eco_sector_ind,2010,992.968
aut,sex_t,skl_skill_total,eco_sector_ind,2011,1054.699
aut,sex_t,skl_skill_total,eco_sector_ind,2012,1065.265
aut,sex_t,skl_skill_total,eco_sector_ind,2013,1063.46
aut,sex_t,skl_skill_total,eco_sector_ind,2014,1059.069
aut,sex_t,skl_skill_total,eco_sector_ind,2015,1068.772
aut,sex_t,skl_skill_total,eco_sector_ind,2016,1078.803
aut,sex_t,skl_skill_total,eco_sector_ind,2017,1061.792
aut,sex_t,skl_skill_total,eco_sector_ind,2018,1098.562
aut,sex_t,skl_skill_total,eco_sector_ind,2019,1104.243
aut,sex_t,skl_skill_total,eco_sector_ind,2020,1072.991
aut,sex_t,skl_skill_total,eco_sector_ind,2021,1103.483
aut,sex_t,skl_skill_total,eco_sector_ind,2022,1171.252
aut,sex_t,skl_skill_total,eco_sector_ind,2023,1153.076
aut,sex_t,skl_skill_total,eco_sector_nag,2004,3497.728
aut,sex_t,skl_skill_total,eco_sector_nag,2005,3553.822
aut,sex_t,skl_skill_total,eco_sector_nag,2006,3629.63
aut,sex_t,skl_skill_total,eco_sector_nag,2007,3710.577
aut,sex_t,skl_skill_total,eco_sector_nag,2008,3779.304
aut,sex_t,skl_skill_total,eco_sector_nag,2009,3764.229
aut,sex_t,skl_skill_total,eco_sector_nag,2010,3801.777
aut,sex_t,skl_skill_total,eco_sector_nag,2011,3854.523
aut,sex_t,skl_skill_total,eco_sector_nag,2012,3896.333
aut,sex_t,skl_skill_total,eco_sector_nag,2013,3919.086
aut,sex_t,skl_skill_total,eco_sector_nag,2014,3916.587
aut,sex_t,skl_skill_total,eco_sector_nag,2015,3962.544
aut,sex_t,skl_skill_total,eco_sector_nag,2016,4039.264
aut,sex_t,skl_skill_total,eco_sector_nag,2017,4095.28
aut,sex_t,skl_skill_total,eco_sector_nag,2018,4163.112
aut,sex_t,skl_skill_total,eco_sector_nag,2019,4199.672
aut,sex_t,skl_skill_total,eco_sector_nag,2020,4151.634
aut,sex_t,skl_skill_total,eco_sector_nag,2021,4145.207
aut,sex_t,skl_skill_total,eco_sector_nag,2022,4285.383
aut,sex_t,skl_skill_total,eco_sector_nag,2023,4343.265
aut,sex_t,skl_skill_total,eco_sector_ser,2004,2475.782
aut,sex_t,skl_skill_total,eco_sector_ser,2005,2516.703
aut,sex_t,skl_skill_total,eco_sector_ser,2006,2547.966
aut,sex_t,skl_skill_total,eco_sector_ser,2007,2634.721
aut,sex_t,skl_skill_total,eco_sector_ser,2008,2737.506
aut,sex_t,skl_skill_total,eco_sector_ser,2009,2775.473
aut,sex_t,skl_skill_total,eco_sector_ser,2010,2805.715
aut,sex_t,skl_skill_total,eco_sector_ser,2011,2797.755
aut,sex_t,skl_skill_total,eco_sector_ser,2012,2828.368
aut,sex_t,skl_skill_total,eco_sector_ser,2013,2853.548
aut,sex_t,skl_skill_total,eco_sector_ser,2014,2854.682
aut,sex_t,skl_skill_total,eco_sector_ser,2015,2891.547
aut,sex_t,skl_skill_total,eco_sector_ser,2016,2957.932
aut,sex_t,skl_skill_total,eco_sector_ser,2017,3031.192
aut,sex_t,skl_skill_total,eco_sector_ser,2018,3060.909
aut,sex_t,skl_skill_total,eco_sector_ser,2019,3091.509
aut,sex_t,skl_skill_total,eco_sector_ser,2020,3075.572
aut,sex_t,skl_skill_total,eco_sector_ser,2021,3041.724
aut,sex_t,skl_skill_total,eco_sector_ser,2022,3114.132
aut,sex_t,skl_skill_total,eco_sector_ser,2023,3190.189
aut,sex_t,skl_skill_total,eco_sector_total,2004,3679.748
aut,sex_t,skl_skill_total,eco_sector_total,2005,3751.501
aut,sex_t,skl_skill_total,eco_sector_total,2006,3830.29
aut,sex_t,skl_skill_total,eco_sector_total,2007,3927.434
aut,sex_t,skl_skill_total,eco_sector_total,2008,3997.038
aut,sex_t,skl_skill_total,eco_sector_total,2009,3985.946
aut,sex_t,skl_skill_total,eco_sector_total,2010,4019.878
aut,sex_t,skl_skill_total,eco_sector_total,2011,4054.62
aut,sex_t,skl_skill_total,eco_sector_total,2012,4087.298
aut,sex_t,skl_skill_total,eco_sector_total,2013,4106.911
aut,sex_t,skl_skill_total,eco_sector_total,2014,4115.513
aut,sex_t,skl_skill_total,eco_sector_total,2015,4150.503
aut,sex_t,skl_skill_total,eco_sector_total,2016,4222.768
aut,sex_t,skl_skill_total,eco_sector_total,2017,4262.707
aut,sex_t,skl_skill_total,eco_sector_total,2018,4322.661
aut,sex_t,skl_skill_total,eco_sector_total,2019,4358.896
aut,sex_t,skl_skill_total,eco_sector_total,2020,4318.37
aut,sex_t,skl_skill_total,eco_sector_total,2021,4306.029
aut,sex_t,skl_skill_total,eco_sector_total,2022,4442.587
aut,sex_t,skl_skill_total,eco_sector_total,2023,4483.009
aut,sex_t,skl_skill_total,eco_sector_x,2004,2.786
aut,sex_t,skl_skill_total,eco_sector_x,2005,3.744
aut,sex_t,skl_skill_total,eco_sector_x,2006,4.177
aut,sex_t,skl_skill_total,eco_sector_x,2007,3.738
aut,sex_t,skl_skill_total,eco_sector_x,2008,2.846
aut,sex_t,skl_skill_total,eco_sector_x,2009,3.651
aut,sex_t,skl_skill_total,eco_sector_x,2010,3.095
aut,sex_t,skl_skill_total,eco_sector_x,2011,2.069
aut,sex_t,skl_skill_total,eco_sector_x,2012,2.7
aut,sex_t,skl_skill_total,eco_sector_x,2013,2.078
aut,sex_t,skl_skill_total,eco_sector_x,2014,2.836
aut,sex_t,skl_skill_total,eco_sector_x,2015,2.225
aut,sex_t,skl_skill_total,eco_sector_x,2016,2.528
aut,sex_t,skl_skill_total,eco_sector_x,2017,2.295
aut,sex_t,skl_skill_total,eco_sector_x,2018,3.642
aut,sex_t,skl_skill_total,eco_sector_x,2019,3.92
aut,sex_t,skl_skill_total,eco_sector_x,2020,3.071
aut,sex_t,skl_skill_under,eco_aggregate_agr,2004,47.34
aut,sex_t,skl_skill_under,eco_aggregate_agr,2005,57.066
aut,sex_t,skl_skill_under,eco_aggregate_agr,2006,56.723
aut,sex_t,skl_skill_under,eco_aggregate_agr,2007,65.131
aut,sex_t,skl_skill_under,eco_aggregate_agr,2008,56.866
aut,sex_t,skl_skill_under,eco_aggregate_agr,2009,58.092
aut,sex_t,skl_skill_under,eco_aggregate_agr,2010,59.448
aut,sex_t,skl_skill_under,eco_aggregate_agr,2011,54.585
aut,sex_t,skl_skill_under,eco_aggregate_agr,2012,43.928
aut,sex_t,skl_skill_under,eco_aggregate_agr,2013,48.171
aut,sex_t,skl_skill_under,eco_aggregate_agr,2014,60.019
aut,sex_t,skl_skill_under,eco_aggregate_agr,2015,50.003
aut,sex_t,skl_skill_under,eco_aggregate_agr,2016,45.916
aut,sex_t,skl_skill_under,eco_aggregate_agr,2017,39.535
aut,sex_t,skl_skill_under,eco_aggregate_agr,2018,37.054
aut,sex_t,skl_skill_under,eco_aggregate_agr,2019,34.566
aut,sex_t,skl_skill_under,eco_aggregate_agr,2020,32.243
aut,sex_t,skl_skill_under,eco_aggregate_agr,2021,29.355
aut,sex_t,skl_skill_under,eco_aggregate_agr,2022,21.348
aut,sex_t,skl_skill_under,eco_aggregate_agr,2023,18.504
aut,sex_t,skl_skill_under,eco_aggregate_con,2004,56.807
aut,sex_t,skl_skill_under,eco_aggregate_con,2005,58.787
aut,sex_t,skl_skill_under,eco_aggregate_con,2006,59.716
aut,sex_t,skl_skill_under,eco_aggregate_con,2007,56.721
aut,sex_t,skl_skill_under,eco_aggregate_con,2008,59.494
aut,sex_t,skl_skill_under,eco_aggregate_con,2009,52.986
aut,sex_t,skl_skill_under,eco_aggregate_con,2010,52.382
aut,sex_t,skl_skill_under,eco_aggregate_con,2011,73.654
aut,sex_t,skl_skill_under,eco_aggregate_con,2012,72.237
aut,sex_t,skl_skill_under,eco_aggregate_con,2013,69.873
aut,sex_t,skl_skill_under,eco_aggregate_con,2014,68.72
aut,sex_t,skl_skill_under,eco_aggregate_con,2015,59.684
aut,sex_t,skl_skill_under,eco_aggregate_con,2016,59.981
aut,sex_t,skl_skill_under,eco_aggregate_con,2017,56.26
aut,sex_t,skl_skill_under,eco_aggregate_con,2018,54.431
aut,sex_t,skl_skill_under,eco_aggregate_con,2019,63.155
aut,sex_t,skl_skill_under,eco_aggregate_con,2020,69.076
aut,sex_t,skl_skill_under,eco_aggregate_con,2021,64.744
aut,sex_t,skl_skill_under,eco_aggregate_con,2022,71.13
aut,sex_t,skl_skill_under,eco_aggregate_con,2023,64.888
aut,sex_t,skl_skill_under,eco_aggregate_man,2004,140.507
aut,sex_t,skl_skill_under,eco_aggregate_man,2005,129.684
aut,sex_t,skl_skill_under,eco_aggregate_man,2006,135.333
aut,sex_t,skl_skill_under,eco_aggregate_man,2007,133.291
aut,sex_t,skl_skill_under,eco_aggregate_man,2008,132.11
aut,sex_t,skl_skill_under,eco_aggregate_man,2009,115.782
aut,sex_t,skl_skill_under,eco_aggregate_man,2010,117.77
aut,sex_t,skl_skill_under,eco_aggregate_man,2011,131.155
aut,sex_t,skl_skill_under,eco_aggregate_man,2012,125.35
aut,sex_t,skl_skill_under,eco_aggregate_man,2013,136.835
aut,sex_t,skl_skill_under,eco_aggregate_man,2014,124.068
aut,sex_t,skl_skill_under,eco_aggregate_man,2015,131.938
aut,sex_t,skl_skill_under,eco_aggregate_man,2016,131.206
aut,sex_t,skl_skill_under,eco_aggregate_man,2017,138.512
aut,sex_t,skl_skill_under,eco_aggregate_man,2018,132.254
aut,sex_t,skl_skill_under,eco_aggregate_man,2019,141.447
aut,sex_t,skl_skill_under,eco_aggregate_man,2020,153.118
aut,sex_t,skl_skill_under,eco_aggregate_man,2021,151.336
aut,sex_t,skl_skill_under,eco_aggregate_man,2022,145.771
aut,sex_t,skl_skill_under,eco_aggregate_man,2023,143.166
aut,sex_t,skl_skill_under,eco_aggregate_mel,2004,3.529
aut,sex_t,skl_skill_under,eco_aggregate_mel,2005,3.405
aut,sex_t,skl_skill_under,eco_aggregate_mel,2006,4.618
aut,sex_t,skl_skill_under,eco_aggregate_mel,2007,3.387
aut,sex_t,skl_skill_under,eco_aggregate_mel,2008,3.941
aut,sex_t,skl_skill_under,eco_aggregate_mel,2009,2.469
aut,sex_t,skl_skill_under,eco_aggregate_mel,2010,3.887
aut,sex_t,skl_skill_under,eco_aggregate_mel,2011,7.754
aut,sex_t,skl_skill_under,eco_aggregate_mel,2012,7.478
aut,sex_t,skl_skill_under,eco_aggregate_mel,2013,8.672
aut,sex_t,skl_skill_under,eco_aggregate_mel,2014,8.134
aut,sex_t,skl_skill_under,eco_aggregate_mel,2015,8.678
aut,sex_t,skl_skill_under,eco_aggregate_mel,2016,10.454
aut,sex_t,skl_skill_under,eco_aggregate_mel,2017,9.627
aut,sex_t,skl_skill_under,eco_aggregate_mel,2018,7.96
aut,sex_t,skl_skill_under,eco_aggregate_mel,2019,8.731
aut,sex_t,skl_skill_under,eco_aggregate_mel,2020,10.888
aut,sex_t,skl_skill_under,eco_aggregate_mel,2021,10.468
aut,sex_t,skl_skill_under,eco_aggregate_mel,2022,7.704
aut,sex_t,skl_skill_under,eco_aggregate_mel,2023,8.229
aut,sex_t,skl_skill_under,eco_aggregate_mkt,2004,284.611
aut,sex_t,skl_skill_under,eco_aggregate_mkt,2005,219.838
aut,sex_t,skl_skill_under,eco_aggregate_mkt,2006,287.404
aut,sex_t,skl_skill_under,eco_aggregate_mkt,2007,250.658
aut,sex_t,skl_skill_under,eco_aggregate_mkt,2008,304.124
aut,sex_t,skl_skill_under,eco_aggregate_mkt,2009,288.676
aut,sex_t,skl_skill_under,eco_aggregate_mkt,2010,287.613
aut,sex_t,skl_skill_under,eco_aggregate_mkt,2011,305.081
aut,sex_t,skl_skill_under,eco_aggregate_mkt,2012,335.596
aut,sex_t,skl_skill_under,eco_aggregate_mkt,2013,373.089
aut,sex_t,skl_skill_under,eco_aggregate_mkt,2014,358.879
aut,sex_t,skl_skill_under,eco_aggregate_mkt,2015,330.819
aut,sex_t,skl_skill_under,eco_aggregate_mkt,2016,346.855
aut,sex_t,skl_skill_under,eco_aggregate_mkt,2017,345.438
aut,sex_t,skl_skill_under,eco_aggregate_mkt,2018,359.969
aut,sex_t,skl_skill_under,eco_aggregate_mkt,2019,402.976
aut,sex_t,skl_skill_under,eco_aggregate_mkt,2020,415.738
aut,sex_t,skl_skill_under,eco_aggregate_mkt,2021,413.145
aut,sex_t,skl_skill_under,eco_aggregate_mkt,2022,346.763
aut,sex_t,skl_skill_under,eco_aggregate_mkt,2023,348.57
aut,sex_t,skl_skill_under,eco_aggregate_pub,2004,161.3
aut,sex_t,skl_skill_under,eco_aggregate_pub,2005,116.115
aut,sex_t,skl_skill_under,eco_aggregate_pub,2006,159.65
aut,sex_t,skl_skill_under,eco_aggregate_pub,2007,115.662
aut,sex_t,skl_skill_under,eco_aggregate_pub,2008,144.318
aut,sex_t,skl_skill_under,eco_aggregate_pub,2009,146.14
aut,sex_t,skl_skill_under,eco_aggregate_pub,2010,141.62
aut,sex_t,skl_skill_under,eco_aggregate_pub,2011,165.398
aut,sex_t,skl_skill_under,eco_aggregate_pub,2012,171.033
aut,sex_t,skl_skill_under,eco_aggregate_pub,2013,204.627
aut,sex_t,skl_skill_under,eco_aggregate_pub,2014,241.376
aut,sex_t,skl_skill_under,eco_aggregate_pub,2015,296.496
aut,sex_t,skl_skill_under,eco_aggregate_pub,2016,312.875
aut,sex_t,skl_skill_under,eco_aggregate_pub,2017,332.36
aut,sex_t,skl_skill_under,eco_aggregate_pub,2018,395.104
aut,sex_t,skl_skill_under,eco_aggregate_pub,2019,400.587
aut,sex_t,skl_skill_under,eco_aggregate_pub,2020,408.668
aut,sex_t,skl_skill_under,eco_aggregate_pub,2021,386.832
aut,sex_t,skl_skill_under,eco_aggregate_pub,2022,250.541
aut,sex_t,skl_skill_under,eco_aggregate_pub,2023,247.882
aut,sex_t,skl_skill_under,eco_aggregate_total,2004,694.095
aut,sex_t,skl_skill_under,eco_aggregate_total,2005,584.895
aut,sex_t,skl_skill_under,eco_aggregate_total,2006,703.444
aut,sex_t,skl_skill_under,eco_aggregate_total,2007,624.851
aut,sex_t,skl_skill_under,eco_aggregate_total,2008,700.852
aut,sex_t,skl_skill_under,eco_aggregate_total,2009,664.144
aut,sex_t,skl_skill_under,eco_aggregate_total,2010,662.72
aut,sex_t,skl_skill_under,eco_aggregate_total,2011,737.627
aut,sex_t,skl_skill_under,eco_aggregate_total,2012,755.622
aut,sex_t,skl_skill_under,eco_aggregate_total,2013,841.267
aut,sex_t,skl_skill_under,eco_aggregate_total,2014,861.197
aut,sex_t,skl_skill_under,eco_aggregate_total,2015,877.618
aut,sex_t,skl_skill_under,eco_aggregate_total,2016,907.286
aut,sex_t,skl_skill_under,eco_aggregate_total,2017,921.732
aut,sex_t,skl_skill_under,eco_aggregate_total,2018,986.772
aut,sex_t,skl_skill_under,eco_aggregate_total,2019,1051.462
aut,sex_t,skl_skill_under,eco_aggregate_total,2020,1089.731
aut,sex_t,skl_skill_under,eco_aggregate_total,2021,1055.88
aut,sex_t,skl_skill_under,eco_aggregate_total,2022,843.257
aut,sex_t,skl_skill_under,eco_aggregate_total,2023,831.24
aut,sex_t,skl_skill_under,eco_sector_agr,2004,47.34
aut,sex_t,skl_skill_under,eco_sector_agr,2005,57.066
aut,sex_t,skl_skill_under,eco_sector_agr,2006,56.723
aut,sex_t,skl_skill_under,eco_sector_agr,2007,65.131
aut,sex_t,skl_skill_under,eco_sector_agr,2008,56.866
aut,sex_t,skl_skill_under,eco_sector_agr,2009,58.092
aut,sex_t,skl_skill_under,eco_sector_agr,2010,59.448
aut,sex_t,skl_skill_under,eco_sector_agr,2011,54.585
aut,sex_t,skl_skill_under,eco_sector_agr,2012,43.928
aut,sex_t,skl_skill_under,eco_sector_agr,2013,48.171
aut,sex_t,skl_skill_under,eco_sector_agr,2014,60.019
aut,sex_t,skl_skill_under,eco_sector_agr,2015,50.003
aut,sex_t,skl_skill_under,eco_sector_agr,2016,45.916
aut,sex_t,skl_skill_under,eco_sector_agr,2017,39.535
aut,sex_t,skl_skill_under,eco_sector_agr,2018,37.054
aut,sex_t,skl_skill_under,eco_sector_agr,2019,34.566
aut,sex_t,skl_skill_under,eco_sector_agr,2020,32.243
aut,sex_t,skl_skill_under,eco_sector_agr,2021,29.355
aut,sex_t,skl_skill_under,eco_sector_agr,2022,21.348
aut,sex_t,skl_skill_under,eco_sector_agr,2023,18.504
aut,sex_t,skl_skill_under,eco_sector_ind,2004,200.844
aut,sex_t,skl_skill_under,eco_sector_ind,2005,191.876
aut,sex_t,skl_skill_under,eco_sector_ind,2006,199.667
aut,sex_t,skl_skill_under,eco_sector_ind,2007,193.399
aut,sex_t,skl_skill_under,eco_sector_ind,2008,195.545
aut,sex_t,skl_skill_under,eco_sector_ind,2009,171.237
aut,sex_t,skl_skill_under,eco_sector_ind,2010,174.039
aut,sex_t,skl_skill_under,eco_sector_ind,2011,212.562
aut,sex_t,skl_skill_under,eco_sector_ind,2012,205.065
aut,sex_t,skl_skill_under,eco_sector_ind,2013,215.38
aut,sex_t,skl_skill_under,eco_sector_ind,2014,200.923
aut,sex_t,skl_skill_under,eco_sector_ind,2015,200.3
aut,sex_t,skl_skill_under,eco_sector_ind,2016,201.64
aut,sex_t,skl_skill_under,eco_sector_ind,2017,204.399
aut,sex_t,skl_skill_under,eco_sector_ind,2018,194.645
aut,sex_t,skl_skill_under,eco_sector_ind,2019,213.333
aut,sex_t,skl_skill_under,eco_sector_ind,2020,233.082
aut,sex_t,skl_skill_under,eco_sector_ind,2021,226.548
aut,sex_t,skl_skill_under,eco_sector_ind,2022,224.606
aut,sex_t,skl_skill_under,eco_sector_ind,2023,216.283
aut,sex_t,skl_skill_under,eco_sector_nag,2004,646.755
aut,sex_t,skl_skill_under,eco_sector_nag,2005,527.829
aut,sex_t,skl_skill_under,eco_sector_nag,2006,646.721
aut,sex_t,skl_skill_under,eco_sector_nag,2007,559.719
aut,sex_t,skl_skill_under,eco_sector_nag,2008,643.987
aut,sex_t,skl_skill_under,eco_sector_nag,2009,606.053
aut,sex_t,skl_skill_under,eco_sector_nag,2010,603.271
aut,sex_t,skl_skill_under,eco_sector_nag,2011,683.041
aut,sex_t,skl_skill_under,eco_sector_nag,2012,711.694
aut,sex_t,skl_skill_under,eco_sector_nag,2013,793.096
aut,sex_t,skl_skill_under,eco_sector_nag,2014,801.178
aut,sex_t,skl_skill_under,eco_sector_nag,2015,827.615
aut,sex_t,skl_skill_under,eco_sector_nag,2016,861.37
aut,sex_t,skl_skill_under,eco_sector_nag,2017,882.197
aut,sex_t,skl_skill_under,eco_sector_nag,2018,949.718
aut,sex_t,skl_skill_under,eco_sector_nag,2019,1016.896
aut,sex_t,skl_skill_under,eco_sector_nag,2020,1057.488
aut,sex_t,skl_skill_under,eco_sector_nag,2021,1026.525
aut,sex_t,skl_skill_under,eco_sector_nag,2022,821.91
aut,sex_t,skl_skill_under,eco_sector_nag,2023,812.736
aut,sex_t,skl_skill_under,eco_sector_ser,2004,445.912
aut,sex_t,skl_skill_under,eco_sector_ser,2005,335.953
aut,sex_t,skl_skill_under,eco_sector_ser,2006,447.054
aut,sex_t,skl_skill_under,eco_sector_ser,2007,366.32
aut,sex_t,skl_skill_under,eco_sector_ser,2008,448.442
aut,sex_t,skl_skill_under,eco_sector_ser,2009,434.816
aut,sex_t,skl_skill_under,eco_sector_ser,2010,429.232
aut,sex_t,skl_skill_under,eco_sector_ser,2011,470.479
aut,sex_t,skl_skill_under,eco_sector_ser,2012,506.628
aut,sex_t,skl_skill_under,eco_sector_ser,2013,577.716
aut,sex_t,skl_skill_under,eco_sector_ser,2014,600.255
aut,sex_t,skl_skill_under,eco_sector_ser,2015,627.314
aut,sex_t,skl_skill_under,eco_sector_ser,2016,659.73
aut,sex_t,skl_skill_under,eco_sector_ser,2017,677.798
aut,sex_t,skl_skill_under,eco_sector_ser,2018,755.073
aut,sex_t,skl_skill_under,eco_sector_ser,2019,803.563
aut,sex_t,skl_skill_under,eco_sector_ser,2020,824.406
aut,sex_t,skl_skill_under,eco_sector_ser,2021,799.977
aut,sex_t,skl_skill_under,eco_sector_ser,2022,597.304
aut,sex_t,skl_skill_under,eco_sector_ser,2023,596.453
aut,sex_t,skl_skill_under,eco_sector_total,2004,694.095
aut,sex_t,skl_skill_under,eco_sector_total,2005,584.895
aut,sex_t,skl_skill_under,eco_sector_total,2006,703.444
aut,sex_t,skl_skill_under,eco_sector_total,2007,624.851
aut,sex_t,skl_skill_under,eco_sector_total,2008,700.852
aut,sex_t,skl_skill_under,eco_sector_total,2009,664.144
aut,sex_t,skl_skill_under,eco_sector_total,2010,662.72
aut,sex_t,skl_skill_under,eco_sector_total,2011,737.627
aut,sex_t,skl_skill_under,eco_sector_total,2012,755.622
aut,sex_t,skl_skill_under,eco_sector_total,2013,841.267
aut,sex_t,skl_skill_under,eco_sector_total,2014,861.197
aut,sex_t,skl_skill_under,eco_sector_total,2015,877.618
aut,sex_t,skl_skill_under,eco_sector_total,2016,907.286
aut,sex_t,skl_skill_under,eco_sector_total,2017,921.732
aut,sex_t,skl_skill_under,eco_sector_total,2018,986.772
aut,sex_t,skl_skill_under,eco_sector_total,2019,1051.462
aut,sex_t,skl_skill_under,eco_sector_total,2020,1089.731
aut,sex_t,skl_skill_under,eco_sector_total,2021,1055.88
aut,sex_t,skl_skill_under,eco_sector_total,2022,843.257
aut,sex_t,skl_skill_under,eco_sector_total,2023,831.24
aut,sex_t,skl_skill_x,eco_aggregate_agr,2022,19.218
aut,sex_t,skl_skill_x,eco_aggregate_agr,2023,18.414
aut,sex_t,skl_skill_x,eco_aggregate_con,2004,0.513
aut,sex_t,skl_skill_x,eco_aggregate_con,2022,30.67
aut,sex_t,skl_skill_x,eco_aggregate_con,2023,27.887
aut,sex_t,skl_skill_x,eco_aggregate_man,2022,51.744
aut,sex_t,skl_skill_x,eco_aggregate_man,2023,50.782
aut,sex_t,skl_skill_x,eco_aggregate_mel,2022,6.644
aut,sex_t,skl_skill_x,eco_aggregate_mel,2023,6.797
aut,sex_t,skl_skill_x,eco_aggregate_mkt,2004,0.304
aut,sex_t,skl_skill_x,eco_aggregate_mkt,2006,0.316
aut,sex_t,skl_skill_x,eco_aggregate_mkt,2007,0.316
aut,sex_t,skl_skill_x,eco_aggregate_mkt,2022,58.19
aut,sex_t,skl_skill_x,eco_aggregate_mkt,2023,55.956
aut,sex_t,skl_skill_x,eco_aggregate_pub,2004,10
aut,sex_t,skl_skill_x,eco_aggregate_pub,2005,10.125
aut,sex_t,skl_skill_x,eco_aggregate_pub,2006,9.644
aut,sex_t,skl_skill_x,eco_aggregate_pub,2007,10.754
aut,sex_t,skl_skill_x,eco_aggregate_pub,2008,12.326
aut,sex_t,skl_skill_x,eco_aggregate_pub,2009,13.457
aut,sex_t,skl_skill_x,eco_aggregate_pub,2010,11.276
aut,sex_t,skl_skill_x,eco_aggregate_pub,2011,9.127
aut,sex_t,skl_skill_x,eco_aggregate_pub,2012,9.728
aut,sex_t,skl_skill_x,eco_aggregate_pub,2013,10.473
aut,sex_t,skl_skill_x,eco_aggregate_pub,2014,10.992
aut,sex_t,skl_skill_x,eco_aggregate_pub,2015,10.6
aut,sex_t,skl_skill_x,eco_aggregate_pub,2016,12.147
aut,sex_t,skl_skill_x,eco_aggregate_pub,2017,10.186
aut,sex_t,skl_skill_x,eco_aggregate_pub,2018,11.945
aut,sex_t,skl_skill_x,eco_aggregate_pub,2019,10.374
aut,sex_t,skl_skill_x,eco_aggregate_pub,2020,11.913
aut,sex_t,skl_skill_x,eco_aggregate_pub,2021,13.275
aut,sex_t,skl_skill_x,eco_aggregate_pub,2022,39.379
aut,sex_t,skl_skill_x,eco_aggregate_pub,2023,40.258
aut,sex_t,skl_skill_x,eco_aggregate_total,2004,13.955
aut,sex_t,skl_skill_x,eco_aggregate_total,2005,14.081
aut,sex_t,skl_skill_x,eco_aggregate_total,2006,14.288
aut,sex_t,skl_skill_x,eco_aggregate_total,2007,14.938
aut,sex_t,skl_skill_x,eco_aggregate_total,2008,15.43
aut,sex_t,skl_skill_x,eco_aggregate_total,2009,17.282
aut,sex_t,skl_skill_x,eco_aggregate_total,2010,14.37
aut,sex_t,skl_skill_x,eco_aggregate_total,2011,11.196
aut,sex_t,skl_skill_x,eco_aggregate_total,2012,12.427
aut,sex_t,skl_skill_x,eco_aggregate_total,2013,12.551
aut,sex_t,skl_skill_x,eco_aggregate_total,2014,13.828
aut,sex_t,skl_skill_x,eco_aggregate_total,2015,12.825
aut,sex_t,skl_skill_x,eco_aggregate_total,2016,14.675
aut,sex_t,skl_skill_x,eco_aggregate_total,2017,12.482
aut,sex_t,skl_skill_x,eco_aggregate_total,2018,15.587
aut,sex_t,skl_skill_x,eco_aggregate_total,2019,14.295
aut,sex_t,skl_skill_x,eco_aggregate_total,2020,14.984
aut,sex_t,skl_skill_x,eco_aggregate_total,2021,13.345
aut,sex_t,skl_skill_x,eco_aggregate_total,2022,205.845
aut,sex_t,skl_skill_x,eco_aggregate_total,2023,200.095
aut,sex_t,skl_skill_x,eco_aggregate_x,2004,2.758
aut,sex_t,skl_skill_x,eco_aggregate_x,2005,3.744
aut,sex_t,skl_skill_x,eco_aggregate_x,2006,4.177
aut,sex_t,skl_skill_x,eco_aggregate_x,2007,3.738
aut,sex_t,skl_skill_x,eco_aggregate_x,2008,2.846
aut,sex_t,skl_skill_x,eco_aggregate_x,2009,3.651
aut,sex_t,skl_skill_x,eco_aggregate_x,2010,3.095
aut,sex_t,skl_skill_x,eco_aggregate_x,2011,2.069
aut,sex_t,skl_skill_x,eco_aggregate_x,2012,2.7
aut,sex_t,skl_skill_x,eco_aggregate_x,2013,2.078
aut,sex_t,skl_skill_x,eco_aggregate_x,2014,2.836
aut,sex_t,skl_skill_x,eco_aggregate_x,2015,2.225
aut,sex_t,skl_skill_x,eco_aggregate_x,2016,2.528
aut,sex_t,skl_skill_x,eco_aggregate_x,2017,2.295
aut,sex_t,skl_skill_x,eco_aggregate_x,2018,3.642
aut,sex_t,skl_skill_x,eco_aggregate_x,2019,3.92
aut,sex_t,skl_skill_x,eco_aggregate_x,2020,3.071
aut,sex_t,skl_skill_x,eco_sector_agr,2022,19.218
aut,sex_t,skl_skill_x,eco_sector_agr,2023,18.414
aut,sex_t,skl_skill_x,eco_sector_ind,2004,0.699
aut,sex_t,skl_skill_x,eco_sector_ind,2022,89.058
aut,sex_t,skl_skill_x,eco_sector_ind,2023,85.466
aut,sex_t,skl_skill_x,eco_sector_nag,2004,13.761
aut,sex_t,skl_skill_x,eco_sector_nag,2022,186.627
aut,sex_t,skl_skill_x,eco_sector_nag,2023,181.68
aut,sex_t,skl_skill_x,eco_sector_ser,2004,10.304
aut,sex_t,skl_skill_x,eco_sector_ser,2005,10.167
aut,sex_t,skl_skill_x,eco_sector_ser,2006,9.96
aut,sex_t,skl_skill_x,eco_sector_ser,2007,11.071
aut,sex_t,skl_skill_x,eco_sector_ser,2008,12.462
aut,sex_t,skl_skill_x,eco_sector_ser,2009,13.631
aut,sex_t,skl_skill_x,eco_sector_ser,2010,11.276
aut,sex_t,skl_skill_x,eco_sector_ser,2011,9.127
aut,sex_t,skl_skill_x,eco_sector_ser,2012,9.728
aut,sex_t,skl_skill_x,eco_sector_ser,2013,10.473
aut,sex_t,skl_skill_x,eco_sector_ser,2014,10.992
aut,sex_t,skl_skill_x,eco_sector_ser,2015,10.6
aut,sex_t,skl_skill_x,eco_sector_ser,2016,12.147
aut,sex_t,skl_skill_x,eco_sector_ser,2017,10.186
aut,sex_t,skl_skill_x,eco_sector_ser,2018,11.945
aut,sex_t,skl_skill_x,eco_sector_ser,2019,10.374
aut,sex_t,skl_skill_x,eco_sector_ser,2020,11.913
aut,sex_t,skl_skill_x,eco_sector_ser,2021,13.275
aut,sex_t,skl_skill_x,eco_sector_ser,2022,97.569
aut,sex_t,skl_skill_x,eco_sector_ser,2023,96.214
aut,sex_t,skl_skill_x,eco_sector_total,2004,13.955
aut,sex_t,skl_skill_x,eco_sector_total,2005,14.081
aut,sex_t,skl_skill_x,eco_sector_total,2006,14.288
aut,sex_t,skl_skill_x,eco_sector_total,2007,14.938
aut,sex_t,skl_skill_x,eco_sector_total,2008,15.43
aut,sex_t,skl_skill_x,eco_sector_total,2009,17.282
aut,sex_t,skl_skill_x,eco_sector_total,2010,14.37
aut,sex_t,skl_skill_x,eco_sector_total,2011,11.196
aut,sex_t,skl_skill_x,eco_sector_total,2012,12.427
aut,sex_t,skl_skill_x,eco_sector_total,2013,12.551
aut,sex_t,skl_skill_x,eco_sector_total,2014,13.828
aut,sex_t,skl_skill_x,eco_sector_total,2015,12.825
aut,sex_t,skl_skill_x,eco_sector_total,2016,14.675
aut,sex_t,skl_skill_x,eco_sector_total,2017,12.482
aut,sex_t,skl_skill_x,eco_sector_total,2018,15.587
aut,sex_t,skl_skill_x,eco_sector_total,2019,14.295
aut,sex_t,skl_skill_x,eco_sector_total,2020,14.984
aut,sex_t,skl_skill_x,eco_sector_total,2021,13.345
aut,sex_t,skl_skill_x,eco_sector_total,2022,205.845
aut,sex_t,skl_skill_x,eco_sector_total,2023,200.095
aut,sex_t,skl_skill_x,eco_sector_x,2004,2.758
aut,sex_t,skl_skill_x,eco_sector_x,2005,3.744
aut,sex_t,skl_skill_x,eco_sector_x,2006,4.177
aut,sex_t,skl_skill_x,eco_sector_x,2007,3.738
aut,sex_t,skl_skill_x,eco_sector_x,2008,2.846
aut,sex_t,skl_skill_x,eco_sector_x,2009,3.651
aut,sex_t,skl_skill_x,eco_sector_x,2010,3.095
aut,sex_t,skl_skill_x,eco_sector_x,2011,2.069
aut,sex_t,skl_skill_x,eco_sector_x,2012,2.7
aut,sex_t,skl_skill_x,eco_sector_x,2013,2.078
aut,sex_t,skl_skill_x,eco_sector_x,2014,2.836
aut,sex_t,skl_skill_x,eco_sector_x,2015,2.225
aut,sex_t,skl_skill_x,eco_sector_x,2016,2.528
aut,sex_t,skl_skill_x,eco_sector_x,2017,2.295
aut,sex_t,skl_skill_x,eco_sector_x,2018,3.642
aut,sex_t,skl_skill_x,eco_sector_x,2019,3.92
aut,sex_t,skl_skill_x,eco_sector_x,2020,3.071
