ref_area,sex,classif1,time,emp_2emp_sex_eco_nb
x64,sex_f,eco_aggregate_agr,1991,4877.407
x64,sex_f,eco_aggregate_agr,1992,4674.478
x64,sex_f,eco_aggregate_agr,1993,4409.135
x64,sex_f,eco_aggregate_agr,1994,4275.436
x64,sex_f,eco_aggregate_agr,1995,4155.079
x64,sex_f,eco_aggregate_agr,1996,4024.953
x64,sex_f,eco_aggregate_agr,1997,3979.173
x64,sex_f,eco_aggregate_agr,1998,3791.948
x64,sex_f,eco_aggregate_agr,1999,3713.875
x64,sex_f,eco_aggregate_agr,2000,3612.736
x64,sex_f,eco_aggregate_agr,2001,3522.496
x64,sex_f,eco_aggregate_agr,2002,3424.359
x64,sex_f,eco_aggregate_agr,2003,3364.49
x64,sex_f,eco_aggregate_agr,2004,3164.922
x64,sex_f,eco_aggregate_agr,2005,3154.228
x64,sex_f,eco_aggregate_agr,2006,3072.632
x64,sex_f,eco_aggregate_agr,2007,2982.15
x64,sex_f,eco_aggregate_agr,2008,2840.82
x64,sex_f,eco_aggregate_agr,2009,2717.389
x64,sex_f,eco_aggregate_agr,2010,2588.805
x64,sex_f,eco_aggregate_agr,2011,2579.693
x64,sex_f,eco_aggregate_agr,2012,2482.013
x64,sex_f,eco_aggregate_agr,2013,2332.698
x64,sex_f,eco_aggregate_agr,2014,2288.482
x64,sex_f,eco_aggregate_agr,2015,2228.337
x64,sex_f,eco_aggregate_agr,2016,2210.047
x64,sex_f,eco_aggregate_agr,2017,2189.791
x64,sex_f,eco_aggregate_agr,2018,2109.845
x64,sex_f,eco_aggregate_agr,2019,2113.486
x64,sex_f,eco_aggregate_agr,2020,1969.722
x64,sex_f,eco_aggregate_agr,2021,2083.954
x64,sex_f,eco_aggregate_agr,2022,2111.094
x64,sex_f,eco_aggregate_agr,2023,2045.299
x64,sex_f,eco_aggregate_agr,2024,2011.521
x64,sex_f,eco_aggregate_agr,2025,1941.464
x64,sex_f,eco_aggregate_con,1991,1185.526
x64,sex_f,eco_aggregate_con,1992,1187.234
x64,sex_f,eco_aggregate_con,1993,1178.465
x64,sex_f,eco_aggregate_con,1994,1213.049
x64,sex_f,eco_aggregate_con,1995,1168.287
x64,sex_f,eco_aggregate_con,1996,1211.985
x64,sex_f,eco_aggregate_con,1997,1162.278
x64,sex_f,eco_aggregate_con,1998,1166.766
x64,sex_f,eco_aggregate_con,1999,1204.794
x64,sex_f,eco_aggregate_con,2000,1231.179
x64,sex_f,eco_aggregate_con,2001,1250.562
x64,sex_f,eco_aggregate_con,2002,1272.185
x64,sex_f,eco_aggregate_con,2003,1247.774
x64,sex_f,eco_aggregate_con,2004,1260.134
x64,sex_f,eco_aggregate_con,2005,1288.052
x64,sex_f,eco_aggregate_con,2006,1268.473
x64,sex_f,eco_aggregate_con,2007,1308.23
x64,sex_f,eco_aggregate_con,2008,1415.68
x64,sex_f,eco_aggregate_con,2009,1371.147
x64,sex_f,eco_aggregate_con,2010,1334.954
x64,sex_f,eco_aggregate_con,2011,1327.065
x64,sex_f,eco_aggregate_con,2012,1315.161
x64,sex_f,eco_aggregate_con,2013,1388.262
x64,sex_f,eco_aggregate_con,2014,1344.13
x64,sex_f,eco_aggregate_con,2015,1313.024
x64,sex_f,eco_aggregate_con,2016,1345.574
x64,sex_f,eco_aggregate_con,2017,1444.197
x64,sex_f,eco_aggregate_con,2018,1436.751
x64,sex_f,eco_aggregate_con,2019,1503.197
x64,sex_f,eco_aggregate_con,2020,1452.791
x64,sex_f,eco_aggregate_con,2021,1494.585
x64,sex_f,eco_aggregate_con,2022,1609.664
x64,sex_f,eco_aggregate_con,2023,1628.76
x64,sex_f,eco_aggregate_con,2024,1606.242
x64,sex_f,eco_aggregate_con,2025,1593.513
x64,sex_f,eco_aggregate_man,1991,11764.417
x64,sex_f,eco_aggregate_man,1992,11344.337
x64,sex_f,eco_aggregate_man,1993,10914.528
x64,sex_f,eco_aggregate_man,1994,10499.421
x64,sex_f,eco_aggregate_man,1995,10464.901
x64,sex_f,eco_aggregate_man,1996,10253.987
x64,sex_f,eco_aggregate_man,1997,10156.705
x64,sex_f,eco_aggregate_man,1998,10347.061
x64,sex_f,eco_aggregate_man,1999,10266.294
x64,sex_f,eco_aggregate_man,2000,10300.034
x64,sex_f,eco_aggregate_man,2001,10316.213
x64,sex_f,eco_aggregate_man,2002,10128.84
x64,sex_f,eco_aggregate_man,2003,9833.414
x64,sex_f,eco_aggregate_man,2004,9598.759
x64,sex_f,eco_aggregate_man,2005,9400.798
x64,sex_f,eco_aggregate_man,2006,9473.286
x64,sex_f,eco_aggregate_man,2007,9465.916
x64,sex_f,eco_aggregate_man,2008,8933.273
x64,sex_f,eco_aggregate_man,2009,8081.109
x64,sex_f,eco_aggregate_man,2010,7897.279
x64,sex_f,eco_aggregate_man,2011,7782.446
x64,sex_f,eco_aggregate_man,2012,7745.056
x64,sex_f,eco_aggregate_man,2013,7651.611
x64,sex_f,eco_aggregate_man,2014,7662.286
x64,sex_f,eco_aggregate_man,2015,7681.786
x64,sex_f,eco_aggregate_man,2016,7710.226
x64,sex_f,eco_aggregate_man,2017,7877.752
x64,sex_f,eco_aggregate_man,2018,8027.764
x64,sex_f,eco_aggregate_man,2019,8114.705
x64,sex_f,eco_aggregate_man,2020,8068.357
x64,sex_f,eco_aggregate_man,2021,8193.749
x64,sex_f,eco_aggregate_man,2022,8246.204
x64,sex_f,eco_aggregate_man,2023,8163.901
x64,sex_f,eco_aggregate_man,2024,8156.38
x64,sex_f,eco_aggregate_man,2025,7932.272
x64,sex_f,eco_aggregate_mel,1991,461.645
x64,sex_f,eco_aggregate_mel,1992,464.905
x64,sex_f,eco_aggregate_mel,1993,462.78
x64,sex_f,eco_aggregate_mel,1994,432.58
x64,sex_f,eco_aggregate_mel,1995,429.803
x64,sex_f,eco_aggregate_mel,1996,409.731
x64,sex_f,eco_aggregate_mel,1997,392.217
x64,sex_f,eco_aggregate_mel,1998,397.644
x64,sex_f,eco_aggregate_mel,1999,396.219
x64,sex_f,eco_aggregate_mel,2000,395.383
x64,sex_f,eco_aggregate_mel,2001,385.408
x64,sex_f,eco_aggregate_mel,2002,395.068
x64,sex_f,eco_aggregate_mel,2003,413.408
x64,sex_f,eco_aggregate_mel,2004,383.444
x64,sex_f,eco_aggregate_mel,2005,414.567
x64,sex_f,eco_aggregate_mel,2006,450.005
x64,sex_f,eco_aggregate_mel,2007,475.659
x64,sex_f,eco_aggregate_mel,2008,558.527
x64,sex_f,eco_aggregate_mel,2009,564.945
x64,sex_f,eco_aggregate_mel,2010,602.659
x64,sex_f,eco_aggregate_mel,2011,617.877
x64,sex_f,eco_aggregate_mel,2012,676.34
x64,sex_f,eco_aggregate_mel,2013,658.71
x64,sex_f,eco_aggregate_mel,2014,644.168
x64,sex_f,eco_aggregate_mel,2015,666.432
x64,sex_f,eco_aggregate_mel,2016,654.97
x64,sex_f,eco_aggregate_mel,2017,650.949
x64,sex_f,eco_aggregate_mel,2018,697.683
x64,sex_f,eco_aggregate_mel,2019,760.365
x64,sex_f,eco_aggregate_mel,2020,752.434
x64,sex_f,eco_aggregate_mel,2021,779.064
x64,sex_f,eco_aggregate_mel,2022,840.889
x64,sex_f,eco_aggregate_mel,2023,829.441
x64,sex_f,eco_aggregate_mel,2024,871.169
x64,sex_f,eco_aggregate_mel,2025,877.367
x64,sex_f,eco_aggregate_mkt,1991,24930.178
x64,sex_f,eco_aggregate_mkt,1992,25038.462
x64,sex_f,eco_aggregate_mkt,1993,24986.949
x64,sex_f,eco_aggregate_mkt,1994,25105.264
x64,sex_f,eco_aggregate_mkt,1995,25404.622
x64,sex_f,eco_aggregate_mkt,1996,25913.362
x64,sex_f,eco_aggregate_mkt,1997,26360.036
x64,sex_f,eco_aggregate_mkt,1998,26905.101
x64,sex_f,eco_aggregate_mkt,1999,27937.985
x64,sex_f,eco_aggregate_mkt,2000,28920.411
x64,sex_f,eco_aggregate_mkt,2001,29622.519
x64,sex_f,eco_aggregate_mkt,2002,30252.257
x64,sex_f,eco_aggregate_mkt,2003,30755.84
x64,sex_f,eco_aggregate_mkt,2004,31116.103
x64,sex_f,eco_aggregate_mkt,2005,31767.656
x64,sex_f,eco_aggregate_mkt,2006,32593.929
x64,sex_f,eco_aggregate_mkt,2007,33704.409
x64,sex_f,eco_aggregate_mkt,2008,35043.646
x64,sex_f,eco_aggregate_mkt,2009,34718.426
x64,sex_f,eco_aggregate_mkt,2010,34310.076
x64,sex_f,eco_aggregate_mkt,2011,34614.623
x64,sex_f,eco_aggregate_mkt,2012,34734.518
x64,sex_f,eco_aggregate_mkt,2013,34844.214
x64,sex_f,eco_aggregate_mkt,2014,35374.564
x64,sex_f,eco_aggregate_mkt,2015,36008.609
x64,sex_f,eco_aggregate_mkt,2016,36833.988
x64,sex_f,eco_aggregate_mkt,2017,37238.456
x64,sex_f,eco_aggregate_mkt,2018,37714.553
x64,sex_f,eco_aggregate_mkt,2019,37978.541
x64,sex_f,eco_aggregate_mkt,2020,36984.46
x64,sex_f,eco_aggregate_mkt,2021,37308.007
x64,sex_f,eco_aggregate_mkt,2022,38739.412
x64,sex_f,eco_aggregate_mkt,2023,39690.615
x64,sex_f,eco_aggregate_mkt,2024,39536.154
x64,sex_f,eco_aggregate_mkt,2025,39393.663
x64,sex_f,eco_aggregate_pub,1991,28658.21
x64,sex_f,eco_aggregate_pub,1992,28801.51
x64,sex_f,eco_aggregate_pub,1993,28764.584
x64,sex_f,eco_aggregate_pub,1994,29306.761
x64,sex_f,eco_aggregate_pub,1995,29771.747
x64,sex_f,eco_aggregate_pub,1996,30517.211
x64,sex_f,eco_aggregate_pub,1997,31120.181
x64,sex_f,eco_aggregate_pub,1998,31553.09
x64,sex_f,eco_aggregate_pub,1999,32419.675
x64,sex_f,eco_aggregate_pub,2000,33166.628
x64,sex_f,eco_aggregate_pub,2001,33942.666
x64,sex_f,eco_aggregate_pub,2002,34889.024
x64,sex_f,eco_aggregate_pub,2003,35965.137
x64,sex_f,eco_aggregate_pub,2004,36867.249
x64,sex_f,eco_aggregate_pub,2005,37714.919
x64,sex_f,eco_aggregate_pub,2006,38672.574
x64,sex_f,eco_aggregate_pub,2007,39309.144
x64,sex_f,eco_aggregate_pub,2008,39770.477
x64,sex_f,eco_aggregate_pub,2009,40592.818
x64,sex_f,eco_aggregate_pub,2010,41071.624
x64,sex_f,eco_aggregate_pub,2011,41585.808
x64,sex_f,eco_aggregate_pub,2012,41590.904
x64,sex_f,eco_aggregate_pub,2013,41883.098
x64,sex_f,eco_aggregate_pub,2014,42306.139
x64,sex_f,eco_aggregate_pub,2015,42829.117
x64,sex_f,eco_aggregate_pub,2016,43421.499
x64,sex_f,eco_aggregate_pub,2017,44182.107
x64,sex_f,eco_aggregate_pub,2018,44951.418
x64,sex_f,eco_aggregate_pub,2019,45918.241
x64,sex_f,eco_aggregate_pub,2020,45951.471
x64,sex_f,eco_aggregate_pub,2021,46401.305
x64,sex_f,eco_aggregate_pub,2022,47017.21
x64,sex_f,eco_aggregate_pub,2023,47607.013
x64,sex_f,eco_aggregate_pub,2024,48214.519
x64,sex_f,eco_aggregate_pub,2025,48270.841
x64,sex_f,eco_aggregate_total,1991,71877.384
x64,sex_f,eco_aggregate_total,1992,71510.925
x64,sex_f,eco_aggregate_total,1993,70716.44
x64,sex_f,eco_aggregate_total,1994,70832.511
x64,sex_f,eco_aggregate_total,1995,71394.44
x64,sex_f,eco_aggregate_total,1996,72331.23
x64,sex_f,eco_aggregate_total,1997,73170.59
x64,sex_f,eco_aggregate_total,1998,74161.607
x64,sex_f,eco_aggregate_total,1999,75938.842
x64,sex_f,eco_aggregate_total,2000,77626.371
x64,sex_f,eco_aggregate_total,2001,79039.863
x64,sex_f,eco_aggregate_total,2002,80361.733
x64,sex_f,eco_aggregate_total,2003,81580.064
x64,sex_f,eco_aggregate_total,2004,82390.61
x64,sex_f,eco_aggregate_total,2005,83740.22
x64,sex_f,eco_aggregate_total,2006,85530.901
x64,sex_f,eco_aggregate_total,2007,87245.509
x64,sex_f,eco_aggregate_total,2008,88562.425
x64,sex_f,eco_aggregate_total,2009,88045.835
x64,sex_f,eco_aggregate_total,2010,87805.397
x64,sex_f,eco_aggregate_total,2011,88507.513
x64,sex_f,eco_aggregate_total,2012,88543.994
x64,sex_f,eco_aggregate_total,2013,88758.592
x64,sex_f,eco_aggregate_total,2014,89619.768
x64,sex_f,eco_aggregate_total,2015,90727.304
x64,sex_f,eco_aggregate_total,2016,92176.3
x64,sex_f,eco_aggregate_total,2017,93583.253
x64,sex_f,eco_aggregate_total,2018,94938.014
x64,sex_f,eco_aggregate_total,2019,96388.532
x64,sex_f,eco_aggregate_total,2020,95179.237
x64,sex_f,eco_aggregate_total,2021,96260.662
x64,sex_f,eco_aggregate_total,2022,98564.475
x64,sex_f,eco_aggregate_total,2023,99965.029
x64,sex_f,eco_aggregate_total,2024,100395.985
x64,sex_f,eco_aggregate_total,2025,100009.12
x64,sex_f,eco_details_a,1991,4877.407
x64,sex_f,eco_details_a,1992,4674.478
x64,sex_f,eco_details_a,1993,4409.135
x64,sex_f,eco_details_a,1994,4275.436
x64,sex_f,eco_details_a,1995,4155.079
x64,sex_f,eco_details_a,1996,4024.953
x64,sex_f,eco_details_a,1997,3979.173
x64,sex_f,eco_details_a,1998,3791.948
x64,sex_f,eco_details_a,1999,3713.875
x64,sex_f,eco_details_a,2000,3612.736
x64,sex_f,eco_details_a,2001,3522.496
x64,sex_f,eco_details_a,2002,3424.359
x64,sex_f,eco_details_a,2003,3364.49
x64,sex_f,eco_details_a,2004,3164.922
x64,sex_f,eco_details_a,2005,3154.228
x64,sex_f,eco_details_a,2006,3072.632
x64,sex_f,eco_details_a,2007,2982.15
x64,sex_f,eco_details_a,2008,2840.82
x64,sex_f,eco_details_a,2009,2717.389
x64,sex_f,eco_details_a,2010,2588.805
x64,sex_f,eco_details_a,2011,2579.693
x64,sex_f,eco_details_a,2012,2482.013
x64,sex_f,eco_details_a,2013,2332.698
x64,sex_f,eco_details_a,2014,2288.482
x64,sex_f,eco_details_a,2015,2228.337
x64,sex_f,eco_details_a,2016,2210.047
x64,sex_f,eco_details_a,2017,2189.791
x64,sex_f,eco_details_a,2018,2109.845
x64,sex_f,eco_details_a,2019,2113.486
x64,sex_f,eco_details_a,2020,1969.722
x64,sex_f,eco_details_a,2021,2083.954
x64,sex_f,eco_details_a,2022,2111.094
x64,sex_f,eco_details_a,2023,2045.299
x64,sex_f,eco_details_a,2024,2011.521
x64,sex_f,eco_details_a,2025,1941.464
x64,sex_f,eco_details_b,1991,162.607
x64,sex_f,eco_details_b,1992,160.252
x64,sex_f,eco_details_b,1993,152.082
x64,sex_f,eco_details_b,1994,131.631
x64,sex_f,eco_details_b,1995,128.728
x64,sex_f,eco_details_b,1996,112.368
x64,sex_f,eco_details_b,1997,109.571
x64,sex_f,eco_details_b,1998,106.327
x64,sex_f,eco_details_b,1999,104.678
x64,sex_f,eco_details_b,2000,103.153
x64,sex_f,eco_details_b,2001,97.626
x64,sex_f,eco_details_b,2002,101.639
x64,sex_f,eco_details_b,2003,100.747
x64,sex_f,eco_details_b,2004,81.535
x64,sex_f,eco_details_b,2005,90.528
x64,sex_f,eco_details_b,2006,98.698
x64,sex_f,eco_details_b,2007,111.816
x64,sex_f,eco_details_b,2008,103.751
x64,sex_f,eco_details_b,2009,82.848
x64,sex_f,eco_details_b,2010,95.234
x64,sex_f,eco_details_b,2011,75.509
x64,sex_f,eco_details_b,2012,92.703
x64,sex_f,eco_details_b,2013,99.907
x64,sex_f,eco_details_b,2014,104.517
x64,sex_f,eco_details_b,2015,98.702
x64,sex_f,eco_details_b,2016,84.647
x64,sex_f,eco_details_b,2017,92.314
x64,sex_f,eco_details_b,2018,90.663
x64,sex_f,eco_details_b,2019,99.583
x64,sex_f,eco_details_b,2020,105.253
x64,sex_f,eco_details_b,2021,96.751
x64,sex_f,eco_details_b,2022,115.943
x64,sex_f,eco_details_b,2023,91.524
x64,sex_f,eco_details_b,2024,91.658
x64,sex_f,eco_details_b,2025,90.062
x64,sex_f,eco_details_c,1991,11764.417
x64,sex_f,eco_details_c,1992,11344.337
x64,sex_f,eco_details_c,1993,10914.528
x64,sex_f,eco_details_c,1994,10499.421
x64,sex_f,eco_details_c,1995,10464.901
x64,sex_f,eco_details_c,1996,10253.987
x64,sex_f,eco_details_c,1997,10156.705
x64,sex_f,eco_details_c,1998,10347.061
x64,sex_f,eco_details_c,1999,10266.293
x64,sex_f,eco_details_c,2000,10300.035
x64,sex_f,eco_details_c,2001,10316.213
x64,sex_f,eco_details_c,2002,10128.84
x64,sex_f,eco_details_c,2003,9833.414
x64,sex_f,eco_details_c,2004,9598.759
x64,sex_f,eco_details_c,2005,9400.798
x64,sex_f,eco_details_c,2006,9473.286
x64,sex_f,eco_details_c,2007,9465.916
x64,sex_f,eco_details_c,2008,8933.273
x64,sex_f,eco_details_c,2009,8081.109
x64,sex_f,eco_details_c,2010,7897.279
x64,sex_f,eco_details_c,2011,7782.446
x64,sex_f,eco_details_c,2012,7745.056
x64,sex_f,eco_details_c,2013,7651.612
x64,sex_f,eco_details_c,2014,7662.286
x64,sex_f,eco_details_c,2015,7681.786
x64,sex_f,eco_details_c,2016,7710.226
x64,sex_f,eco_details_c,2017,7877.753
x64,sex_f,eco_details_c,2018,8027.764
x64,sex_f,eco_details_c,2019,8114.704
x64,sex_f,eco_details_c,2020,8068.357
x64,sex_f,eco_details_c,2021,8193.749
x64,sex_f,eco_details_c,2022,8246.204
x64,sex_f,eco_details_c,2023,8163.901
x64,sex_f,eco_details_c,2024,8156.38
x64,sex_f,eco_details_c,2025,7932.272
x64,sex_f,eco_details_de,1991,299.038
x64,sex_f,eco_details_de,1992,304.653
x64,sex_f,eco_details_de,1993,310.698
x64,sex_f,eco_details_de,1994,300.949
x64,sex_f,eco_details_de,1995,301.075
x64,sex_f,eco_details_de,1996,297.363
x64,sex_f,eco_details_de,1997,282.646
x64,sex_f,eco_details_de,1998,291.317
x64,sex_f,eco_details_de,1999,291.541
x64,sex_f,eco_details_de,2000,292.229
x64,sex_f,eco_details_de,2001,287.782
x64,sex_f,eco_details_de,2002,293.429
x64,sex_f,eco_details_de,2003,312.662
x64,sex_f,eco_details_de,2004,301.909
x64,sex_f,eco_details_de,2005,324.039
x64,sex_f,eco_details_de,2006,351.307
x64,sex_f,eco_details_de,2007,363.842
x64,sex_f,eco_details_de,2008,454.777
x64,sex_f,eco_details_de,2009,482.097
x64,sex_f,eco_details_de,2010,507.425
x64,sex_f,eco_details_de,2011,542.368
x64,sex_f,eco_details_de,2012,583.638
x64,sex_f,eco_details_de,2013,558.803
x64,sex_f,eco_details_de,2014,539.651
x64,sex_f,eco_details_de,2015,567.73
x64,sex_f,eco_details_de,2016,570.323
x64,sex_f,eco_details_de,2017,558.635
x64,sex_f,eco_details_de,2018,607.02
x64,sex_f,eco_details_de,2019,660.781
x64,sex_f,eco_details_de,2020,647.181
x64,sex_f,eco_details_de,2021,682.312
x64,sex_f,eco_details_de,2022,724.946
x64,sex_f,eco_details_de,2023,737.917
x64,sex_f,eco_details_de,2024,779.511
x64,sex_f,eco_details_de,2025,787.305
x64,sex_f,eco_details_f,1991,1185.526
x64,sex_f,eco_details_f,1992,1187.234
x64,sex_f,eco_details_f,1993,1178.465
x64,sex_f,eco_details_f,1994,1213.049
x64,sex_f,eco_details_f,1995,1168.287
x64,sex_f,eco_details_f,1996,1211.985
x64,sex_f,eco_details_f,1997,1162.278
x64,sex_f,eco_details_f,1998,1166.766
x64,sex_f,eco_details_f,1999,1204.794
x64,sex_f,eco_details_f,2000,1231.179
x64,sex_f,eco_details_f,2001,1250.562
x64,sex_f,eco_details_f,2002,1272.185
x64,sex_f,eco_details_f,2003,1247.774
x64,sex_f,eco_details_f,2004,1260.134
x64,sex_f,eco_details_f,2005,1288.052
x64,sex_f,eco_details_f,2006,1268.473
x64,sex_f,eco_details_f,2007,1308.23
x64,sex_f,eco_details_f,2008,1415.68
x64,sex_f,eco_details_f,2009,1371.147
x64,sex_f,eco_details_f,2010,1334.954
x64,sex_f,eco_details_f,2011,1327.065
x64,sex_f,eco_details_f,2012,1315.161
x64,sex_f,eco_details_f,2013,1388.262
x64,sex_f,eco_details_f,2014,1344.13
x64,sex_f,eco_details_f,2015,1313.024
x64,sex_f,eco_details_f,2016,1345.574
x64,sex_f,eco_details_f,2017,1444.197
x64,sex_f,eco_details_f,2018,1436.751
x64,sex_f,eco_details_f,2019,1503.197
x64,sex_f,eco_details_f,2020,1452.791
x64,sex_f,eco_details_f,2021,1494.585
x64,sex_f,eco_details_f,2022,1609.664
x64,sex_f,eco_details_f,2023,1628.76
x64,sex_f,eco_details_f,2024,1606.242
x64,sex_f,eco_details_f,2025,1593.513
x64,sex_f,eco_details_g,1991,11842.546
x64,sex_f,eco_details_g,1992,11836.566
x64,sex_f,eco_details_g,1993,11757.7
x64,sex_f,eco_details_g,1994,11763.757
x64,sex_f,eco_details_g,1995,11811.408
x64,sex_f,eco_details_g,1996,11943.088
x64,sex_f,eco_details_g,1997,11956.127
x64,sex_f,eco_details_g,1998,12043.032
x64,sex_f,eco_details_g,1999,12327.396
x64,sex_f,eco_details_g,2000,12661.892
x64,sex_f,eco_details_g,2001,12795.801
x64,sex_f,eco_details_g,2002,12827.02
x64,sex_f,eco_details_g,2003,13128.518
x64,sex_f,eco_details_g,2004,13206.945
x64,sex_f,eco_details_g,2005,13264.693
x64,sex_f,eco_details_g,2006,13341.515
x64,sex_f,eco_details_g,2007,13623
x64,sex_f,eco_details_g,2008,13755.668
x64,sex_f,eco_details_g,2009,13416.223
x64,sex_f,eco_details_g,2010,13085.429
x64,sex_f,eco_details_g,2011,13113.35
x64,sex_f,eco_details_g,2012,13094.685
x64,sex_f,eco_details_g,2013,13128.971
x64,sex_f,eco_details_g,2014,13215.666
x64,sex_f,eco_details_g,2015,13335.848
x64,sex_f,eco_details_g,2016,13536.959
x64,sex_f,eco_details_g,2017,13464.066
x64,sex_f,eco_details_g,2018,13485.062
x64,sex_f,eco_details_g,2019,13388.544
x64,sex_f,eco_details_g,2020,13046.591
x64,sex_f,eco_details_g,2021,12991.853
x64,sex_f,eco_details_g,2022,13169.837
x64,sex_f,eco_details_g,2023,13222.937
x64,sex_f,eco_details_g,2024,13043.996
x64,sex_f,eco_details_g,2025,12858.677
x64,sex_f,eco_details_hj,1991,2698.207
x64,sex_f,eco_details_hj,1992,2713.116
x64,sex_f,eco_details_hj,1993,2702.865
x64,sex_f,eco_details_hj,1994,2705.604
x64,sex_f,eco_details_hj,1995,2745.664
x64,sex_f,eco_details_hj,1996,2812.537
x64,sex_f,eco_details_hj,1997,2864.677
x64,sex_f,eco_details_hj,1998,3015.572
x64,sex_f,eco_details_hj,1999,3203.241
x64,sex_f,eco_details_hj,2000,3376.285
x64,sex_f,eco_details_hj,2001,3582.553
x64,sex_f,eco_details_hj,2002,3617.774
x64,sex_f,eco_details_hj,2003,3619.989
x64,sex_f,eco_details_hj,2004,3592.322
x64,sex_f,eco_details_hj,2005,3636.484
x64,sex_f,eco_details_hj,2006,3759.241
x64,sex_f,eco_details_hj,2007,3722.291
x64,sex_f,eco_details_hj,2008,4104.116
x64,sex_f,eco_details_hj,2009,3998.909
x64,sex_f,eco_details_hj,2010,4106.744
x64,sex_f,eco_details_hj,2011,3980.492
x64,sex_f,eco_details_hj,2012,4053.752
x64,sex_f,eco_details_hj,2013,3981.599
x64,sex_f,eco_details_hj,2014,4102.3
x64,sex_f,eco_details_hj,2015,4125.049
x64,sex_f,eco_details_hj,2016,4226.581
x64,sex_f,eco_details_hj,2017,4308.811
x64,sex_f,eco_details_hj,2018,4430.016
x64,sex_f,eco_details_hj,2019,4479.296
x64,sex_f,eco_details_hj,2020,4614.906
x64,sex_f,eco_details_hj,2021,4882.141
x64,sex_f,eco_details_hj,2022,4960.385
x64,sex_f,eco_details_hj,2023,5157.71
x64,sex_f,eco_details_hj,2024,5117.575
x64,sex_f,eco_details_hj,2025,5084.949
x64,sex_f,eco_details_i,1991,3263.715
x64,sex_f,eco_details_i,1992,3260.959
x64,sex_f,eco_details_i,1993,3237.038
x64,sex_f,eco_details_i,1994,3292.828
x64,sex_f,eco_details_i,1995,3366.337
x64,sex_f,eco_details_i,1996,3428.555
x64,sex_f,eco_details_i,1997,3567.346
x64,sex_f,eco_details_i,1998,3608.971
x64,sex_f,eco_details_i,1999,3737.431
x64,sex_f,eco_details_i,2000,3889.391
x64,sex_f,eco_details_i,2001,3975.258
x64,sex_f,eco_details_i,2002,4161.544
x64,sex_f,eco_details_i,2003,4141.562
x64,sex_f,eco_details_i,2004,4240.911
x64,sex_f,eco_details_i,2005,4431.792
x64,sex_f,eco_details_i,2006,4615.289
x64,sex_f,eco_details_i,2007,4877.37
x64,sex_f,eco_details_i,2008,4987.58
x64,sex_f,eco_details_i,2009,4936.514
x64,sex_f,eco_details_i,2010,4990.829
x64,sex_f,eco_details_i,2011,5028.94
x64,sex_f,eco_details_i,2012,4993.959
x64,sex_f,eco_details_i,2013,4940.273
x64,sex_f,eco_details_i,2014,5052.131
x64,sex_f,eco_details_i,2015,5230.753
x64,sex_f,eco_details_i,2016,5476.688
x64,sex_f,eco_details_i,2017,5607.367
x64,sex_f,eco_details_i,2018,5630.372
x64,sex_f,eco_details_i,2019,5729.648
x64,sex_f,eco_details_i,2020,5015.593
x64,sex_f,eco_details_i,2021,4784.718
x64,sex_f,eco_details_i,2022,5455.28
x64,sex_f,eco_details_i,2023,5712.27
x64,sex_f,eco_details_i,2024,5678.181
x64,sex_f,eco_details_i,2025,5657.504
x64,sex_f,eco_details_k,1991,2870.156
x64,sex_f,eco_details_k,1992,2868.731
x64,sex_f,eco_details_k,1993,2856.516
x64,sex_f,eco_details_k,1994,2815.928
x64,sex_f,eco_details_k,1995,2786.048
x64,sex_f,eco_details_k,1996,2811.141
x64,sex_f,eco_details_k,1997,2816.625
x64,sex_f,eco_details_k,1998,2814.229
x64,sex_f,eco_details_k,1999,2880.412
x64,sex_f,eco_details_k,2000,2961.144
x64,sex_f,eco_details_k,2001,2995.163
x64,sex_f,eco_details_k,2002,3043.055
x64,sex_f,eco_details_k,2003,3053.718
x64,sex_f,eco_details_k,2004,2882.999
x64,sex_f,eco_details_k,2005,2971.551
x64,sex_f,eco_details_k,2006,3024.016
x64,sex_f,eco_details_k,2007,3130.632
x64,sex_f,eco_details_k,2008,3153.712
x64,sex_f,eco_details_k,2009,3126.646
x64,sex_f,eco_details_k,2010,2968.692
x64,sex_f,eco_details_k,2011,3044.763
x64,sex_f,eco_details_k,2012,3056.793
x64,sex_f,eco_details_k,2013,3005.761
x64,sex_f,eco_details_k,2014,3023.074
x64,sex_f,eco_details_k,2015,3023.4
x64,sex_f,eco_details_k,2016,3037.482
x64,sex_f,eco_details_k,2017,3030.39
x64,sex_f,eco_details_k,2018,3057.166
x64,sex_f,eco_details_k,2019,3038.905
x64,sex_f,eco_details_k,2020,3140.402
x64,sex_f,eco_details_k,2021,3229.667
x64,sex_f,eco_details_k,2022,3183.544
x64,sex_f,eco_details_k,2023,3262.657
x64,sex_f,eco_details_k,2024,3221.629
x64,sex_f,eco_details_k,2025,3183.027
x64,sex_f,eco_details_lmn,1991,4255.554
x64,sex_f,eco_details_lmn,1992,4359.09
x64,sex_f,eco_details_lmn,1993,4432.83
x64,sex_f,eco_details_lmn,1994,4527.147
x64,sex_f,eco_details_lmn,1995,4695.165
x64,sex_f,eco_details_lmn,1996,4918.041
x64,sex_f,eco_details_lmn,1997,5155.262
x64,sex_f,eco_details_lmn,1998,5423.297
x64,sex_f,eco_details_lmn,1999,5789.503
x64,sex_f,eco_details_lmn,2000,6031.698
x64,sex_f,eco_details_lmn,2001,6273.744
x64,sex_f,eco_details_lmn,2002,6602.864
x64,sex_f,eco_details_lmn,2003,6812.054
x64,sex_f,eco_details_lmn,2004,7192.925
x64,sex_f,eco_details_lmn,2005,7463.136
x64,sex_f,eco_details_lmn,2006,7853.868
x64,sex_f,eco_details_lmn,2007,8351.115
x64,sex_f,eco_details_lmn,2008,9042.57
x64,sex_f,eco_details_lmn,2009,9240.134
x64,sex_f,eco_details_lmn,2010,9158.381
x64,sex_f,eco_details_lmn,2011,9447.078
x64,sex_f,eco_details_lmn,2012,9535.329
x64,sex_f,eco_details_lmn,2013,9787.611
x64,sex_f,eco_details_lmn,2014,9981.393
x64,sex_f,eco_details_lmn,2015,10293.558
x64,sex_f,eco_details_lmn,2016,10556.278
x64,sex_f,eco_details_lmn,2017,10827.821
x64,sex_f,eco_details_lmn,2018,11111.938
x64,sex_f,eco_details_lmn,2019,11342.147
x64,sex_f,eco_details_lmn,2020,11166.97
x64,sex_f,eco_details_lmn,2021,11419.627
x64,sex_f,eco_details_lmn,2022,11970.367
x64,sex_f,eco_details_lmn,2023,12335.042
x64,sex_f,eco_details_lmn,2024,12474.773
x64,sex_f,eco_details_lmn,2025,12609.506
x64,sex_f,eco_details_o,1991,5021.939
x64,sex_f,eco_details_o,1992,5059.101
x64,sex_f,eco_details_o,1993,5094.382
x64,sex_f,eco_details_o,1994,5194.511
x64,sex_f,eco_details_o,1995,5170.255
x64,sex_f,eco_details_o,1996,5155.696
x64,sex_f,eco_details_o,1997,5331.635
x64,sex_f,eco_details_o,1998,5235.703
x64,sex_f,eco_details_o,1999,5316.303
x64,sex_f,eco_details_o,2000,5512.71
x64,sex_f,eco_details_o,2001,5668.994
x64,sex_f,eco_details_o,2002,5848.641
x64,sex_f,eco_details_o,2003,5950.029
x64,sex_f,eco_details_o,2004,5993.087
x64,sex_f,eco_details_o,2005,6051.182
x64,sex_f,eco_details_o,2006,6247.457
x64,sex_f,eco_details_o,2007,6438.197
x64,sex_f,eco_details_o,2008,6558.002
x64,sex_f,eco_details_o,2009,6567.47
x64,sex_f,eco_details_o,2010,6472.27
x64,sex_f,eco_details_o,2011,6282.227
x64,sex_f,eco_details_o,2012,6235.778
x64,sex_f,eco_details_o,2013,6236.285
x64,sex_f,eco_details_o,2014,6212.364
x64,sex_f,eco_details_o,2015,6270.85
x64,sex_f,eco_details_o,2016,6398.27
x64,sex_f,eco_details_o,2017,6537.155
x64,sex_f,eco_details_o,2018,6711.479
x64,sex_f,eco_details_o,2019,6827.857
x64,sex_f,eco_details_o,2020,7412.146
x64,sex_f,eco_details_o,2021,7285.343
x64,sex_f,eco_details_o,2022,7316.442
x64,sex_f,eco_details_o,2023,7475.03
x64,sex_f,eco_details_o,2024,7557.163
x64,sex_f,eco_details_o,2025,7534.567
x64,sex_f,eco_details_p,1991,7204.838
x64,sex_f,eco_details_p,1992,7229.416
x64,sex_f,eco_details_p,1993,7244.618
x64,sex_f,eco_details_p,1994,7343.84
x64,sex_f,eco_details_p,1995,7437.865
x64,sex_f,eco_details_p,1996,7635.098
x64,sex_f,eco_details_p,1997,7723.897
x64,sex_f,eco_details_p,1998,7903.923
x64,sex_f,eco_details_p,1999,8080.543
x64,sex_f,eco_details_p,2000,8196.556
x64,sex_f,eco_details_p,2001,8466.573
x64,sex_f,eco_details_p,2002,8659.486
x64,sex_f,eco_details_p,2003,8838.322
x64,sex_f,eco_details_p,2004,9136.605
x64,sex_f,eco_details_p,2005,9221.949
x64,sex_f,eco_details_p,2006,9416.99
x64,sex_f,eco_details_p,2007,9469.807
x64,sex_f,eco_details_p,2008,9678.685
x64,sex_f,eco_details_p,2009,9906.185
x64,sex_f,eco_details_p,2010,10199.723
x64,sex_f,eco_details_p,2011,10161.257
x64,sex_f,eco_details_p,2012,10309.447
x64,sex_f,eco_details_p,2013,10348.679
x64,sex_f,eco_details_p,2014,10554.512
x64,sex_f,eco_details_p,2015,10762.836
x64,sex_f,eco_details_p,2016,10959.442
x64,sex_f,eco_details_p,2017,11102.738
x64,sex_f,eco_details_p,2018,11239.242
x64,sex_f,eco_details_p,2019,11562.435
x64,sex_f,eco_details_p,2020,11573.183
x64,sex_f,eco_details_p,2021,11675.411
x64,sex_f,eco_details_p,2022,11668.779
x64,sex_f,eco_details_p,2023,11958.525
x64,sex_f,eco_details_p,2024,12106.428
x64,sex_f,eco_details_p,2025,12121.426
x64,sex_f,eco_details_q,1991,11211.551
x64,sex_f,eco_details_q,1992,11285.792
x64,sex_f,eco_details_q,1993,11294.819
x64,sex_f,eco_details_q,1994,11541.458
x64,sex_f,eco_details_q,1995,11787.982
x64,sex_f,eco_details_q,1996,12164.854
x64,sex_f,eco_details_q,1997,12476.045
x64,sex_f,eco_details_q,1998,12648.471
x64,sex_f,eco_details_q,1999,13036.952
x64,sex_f,eco_details_q,2000,13363.462
x64,sex_f,eco_details_q,2001,13630.99
x64,sex_f,eco_details_q,2002,13984.777
x64,sex_f,eco_details_q,2003,14697.066
x64,sex_f,eco_details_q,2004,15111.682
x64,sex_f,eco_details_q,2005,15431.165
x64,sex_f,eco_details_q,2006,15762.997
x64,sex_f,eco_details_q,2007,16050.697
x64,sex_f,eco_details_q,2008,16225.258
x64,sex_f,eco_details_q,2009,16906.4
x64,sex_f,eco_details_q,2010,17234.507
x64,sex_f,eco_details_q,2011,17873.401
x64,sex_f,eco_details_q,2012,17840.934
x64,sex_f,eco_details_q,2013,18036.647
x64,sex_f,eco_details_q,2014,18314.467
x64,sex_f,eco_details_q,2015,18613.158
x64,sex_f,eco_details_q,2016,18807.592
x64,sex_f,eco_details_q,2017,19168.36
x64,sex_f,eco_details_q,2018,19554.531
x64,sex_f,eco_details_q,2019,20058.283
x64,sex_f,eco_details_q,2020,19809.591
x64,sex_f,eco_details_q,2021,20082.726
x64,sex_f,eco_details_q,2022,20558.601
x64,sex_f,eco_details_q,2023,20781.023
x64,sex_f,eco_details_q,2024,21120.357
x64,sex_f,eco_details_q,2025,21230.404
x64,sex_f,eco_details_rstu,1991,5219.882
x64,sex_f,eco_details_rstu,1992,5227.203
x64,sex_f,eco_details_rstu,1993,5130.765
x64,sex_f,eco_details_rstu,1994,5226.952
x64,sex_f,eco_details_rstu,1995,5375.645
x64,sex_f,eco_details_rstu,1996,5561.563
x64,sex_f,eco_details_rstu,1997,5588.604
x64,sex_f,eco_details_rstu,1998,5764.993
x64,sex_f,eco_details_rstu,1999,5985.878
x64,sex_f,eco_details_rstu,2000,6093.9
x64,sex_f,eco_details_rstu,2001,6176.109
x64,sex_f,eco_details_rstu,2002,6396.119
x64,sex_f,eco_details_rstu,2003,6479.72
x64,sex_f,eco_details_rstu,2004,6625.875
x64,sex_f,eco_details_rstu,2005,7010.623
x64,sex_f,eco_details_rstu,2006,7245.13
x64,sex_f,eco_details_rstu,2007,7350.444
x64,sex_f,eco_details_rstu,2008,7308.533
x64,sex_f,eco_details_rstu,2009,7212.762
x64,sex_f,eco_details_rstu,2010,7165.124
x64,sex_f,eco_details_rstu,2011,7268.924
x64,sex_f,eco_details_rstu,2012,7204.746
x64,sex_f,eco_details_rstu,2013,7261.487
x64,sex_f,eco_details_rstu,2014,7224.795
x64,sex_f,eco_details_rstu,2015,7182.273
x64,sex_f,eco_details_rstu,2016,7256.194
x64,sex_f,eco_details_rstu,2017,7373.854
x64,sex_f,eco_details_rstu,2018,7446.166
x64,sex_f,eco_details_rstu,2019,7469.667
x64,sex_f,eco_details_rstu,2020,7156.55
x64,sex_f,eco_details_rstu,2021,7357.826
x64,sex_f,eco_details_rstu,2022,7473.388
x64,sex_f,eco_details_rstu,2023,7392.434
x64,sex_f,eco_details_rstu,2024,7430.57
x64,sex_f,eco_details_rstu,2025,7384.445
x64,sex_f,eco_details_total,1991,71877.384
x64,sex_f,eco_details_total,1992,71510.924
x64,sex_f,eco_details_total,1993,70716.44
x64,sex_f,eco_details_total,1994,70832.511
x64,sex_f,eco_details_total,1995,71394.441
x64,sex_f,eco_details_total,1996,72331.231
x64,sex_f,eco_details_total,1997,73170.591
x64,sex_f,eco_details_total,1998,74161.607
x64,sex_f,eco_details_total,1999,75938.841
x64,sex_f,eco_details_total,2000,77626.37
x64,sex_f,eco_details_total,2001,79039.862
x64,sex_f,eco_details_total,2002,80361.733
x64,sex_f,eco_details_total,2003,81580.065
x64,sex_f,eco_details_total,2004,82390.611
x64,sex_f,eco_details_total,2005,83740.221
x64,sex_f,eco_details_total,2006,85530.901
x64,sex_f,eco_details_total,2007,87245.51
x64,sex_f,eco_details_total,2008,88562.424
x64,sex_f,eco_details_total,2009,88045.835
x64,sex_f,eco_details_total,2010,87805.398
x64,sex_f,eco_details_total,2011,88507.513
x64,sex_f,eco_details_total,2012,88543.994
x64,sex_f,eco_details_total,2013,88758.592
x64,sex_f,eco_details_total,2014,89619.767
x64,sex_f,eco_details_total,2015,90727.305
x64,sex_f,eco_details_total,2016,92176.299
x64,sex_f,eco_details_total,2017,93583.251
x64,sex_f,eco_details_total,2018,94938.014
x64,sex_f,eco_details_total,2019,96388.532
x64,sex_f,eco_details_total,2020,95179.237
x64,sex_f,eco_details_total,2021,96260.661
x64,sex_f,eco_details_total,2022,98564.474
x64,sex_f,eco_details_total,2023,99965.027
x64,sex_f,eco_details_total,2024,100395.985
x64,sex_f,eco_details_total,2025,100009.119
x64,sex_f,eco_sector_agr,1991,4877.407
x64,sex_f,eco_sector_agr,1992,4674.478
x64,sex_f,eco_sector_agr,1993,4409.135
x64,sex_f,eco_sector_agr,1994,4275.436
x64,sex_f,eco_sector_agr,1995,4155.079
x64,sex_f,eco_sector_agr,1996,4024.953
x64,sex_f,eco_sector_agr,1997,3979.173
x64,sex_f,eco_sector_agr,1998,3791.948
x64,sex_f,eco_sector_agr,1999,3713.875
x64,sex_f,eco_sector_agr,2000,3612.736
x64,sex_f,eco_sector_agr,2001,3522.496
x64,sex_f,eco_sector_agr,2002,3424.359
x64,sex_f,eco_sector_agr,2003,3364.49
x64,sex_f,eco_sector_agr,2004,3164.922
x64,sex_f,eco_sector_agr,2005,3154.228
x64,sex_f,eco_sector_agr,2006,3072.632
x64,sex_f,eco_sector_agr,2007,2982.15
x64,sex_f,eco_sector_agr,2008,2840.82
x64,sex_f,eco_sector_agr,2009,2717.389
x64,sex_f,eco_sector_agr,2010,2588.805
x64,sex_f,eco_sector_agr,2011,2579.693
x64,sex_f,eco_sector_agr,2012,2482.013
x64,sex_f,eco_sector_agr,2013,2332.698
x64,sex_f,eco_sector_agr,2014,2288.482
x64,sex_f,eco_sector_agr,2015,2228.337
x64,sex_f,eco_sector_agr,2016,2210.047
x64,sex_f,eco_sector_agr,2017,2189.791
x64,sex_f,eco_sector_agr,2018,2109.845
x64,sex_f,eco_sector_agr,2019,2113.486
x64,sex_f,eco_sector_agr,2020,1969.722
x64,sex_f,eco_sector_agr,2021,2083.954
x64,sex_f,eco_sector_agr,2022,2111.094
x64,sex_f,eco_sector_agr,2023,2045.299
x64,sex_f,eco_sector_agr,2024,2011.521
x64,sex_f,eco_sector_agr,2025,1941.464
x64,sex_f,eco_sector_ind,1991,13411.588
x64,sex_f,eco_sector_ind,1992,12996.476
x64,sex_f,eco_sector_ind,1993,12555.773
x64,sex_f,eco_sector_ind,1994,12145.05
x64,sex_f,eco_sector_ind,1995,12062.991
x64,sex_f,eco_sector_ind,1996,11875.704
x64,sex_f,eco_sector_ind,1997,11711.201
x64,sex_f,eco_sector_ind,1998,11911.47
x64,sex_f,eco_sector_ind,1999,11867.307
x64,sex_f,eco_sector_ind,2000,11926.596
x64,sex_f,eco_sector_ind,2001,11952.183
x64,sex_f,eco_sector_ind,2002,11796.093
x64,sex_f,eco_sector_ind,2003,11494.596
x64,sex_f,eco_sector_ind,2004,11242.337
x64,sex_f,eco_sector_ind,2005,11103.418
x64,sex_f,eco_sector_ind,2006,11191.764
x64,sex_f,eco_sector_ind,2007,11249.806
x64,sex_f,eco_sector_ind,2008,10907.481
x64,sex_f,eco_sector_ind,2009,10017.202
x64,sex_f,eco_sector_ind,2010,9834.892
x64,sex_f,eco_sector_ind,2011,9727.389
x64,sex_f,eco_sector_ind,2012,9736.557
x64,sex_f,eco_sector_ind,2013,9698.584
x64,sex_f,eco_sector_ind,2014,9650.585
x64,sex_f,eco_sector_ind,2015,9661.242
x64,sex_f,eco_sector_ind,2016,9710.77
x64,sex_f,eco_sector_ind,2017,9972.899
x64,sex_f,eco_sector_ind,2018,10162.198
x64,sex_f,eco_sector_ind,2019,10378.266
x64,sex_f,eco_sector_ind,2020,10273.582
x64,sex_f,eco_sector_ind,2021,10467.397
x64,sex_f,eco_sector_ind,2022,10696.757
x64,sex_f,eco_sector_ind,2023,10622.101
x64,sex_f,eco_sector_ind,2024,10633.791
x64,sex_f,eco_sector_ind,2025,10403.152
x64,sex_f,eco_sector_ser,1991,53588.387
x64,sex_f,eco_sector_ser,1992,53839.972
x64,sex_f,eco_sector_ser,1993,53751.533
x64,sex_f,eco_sector_ser,1994,54412.025
x64,sex_f,eco_sector_ser,1995,55176.37
x64,sex_f,eco_sector_ser,1996,56430.573
x64,sex_f,eco_sector_ser,1997,57480.218
x64,sex_f,eco_sector_ser,1998,58458.19
x64,sex_f,eco_sector_ser,1999,60357.66
x64,sex_f,eco_sector_ser,2000,62087.038
x64,sex_f,eco_sector_ser,2001,63565.185
x64,sex_f,eco_sector_ser,2002,65141.28
x64,sex_f,eco_sector_ser,2003,66720.977
x64,sex_f,eco_sector_ser,2004,67983.353
x64,sex_f,eco_sector_ser,2005,69482.574
x64,sex_f,eco_sector_ser,2006,71266.503
x64,sex_f,eco_sector_ser,2007,73013.556
x64,sex_f,eco_sector_ser,2008,74814.123
x64,sex_f,eco_sector_ser,2009,75311.244
x64,sex_f,eco_sector_ser,2010,75381.7
x64,sex_f,eco_sector_ser,2011,76200.433
x64,sex_f,eco_sector_ser,2012,76325.423
x64,sex_f,eco_sector_ser,2013,76727.311
x64,sex_f,eco_sector_ser,2014,77680.703
x64,sex_f,eco_sector_ser,2015,78837.726
x64,sex_f,eco_sector_ser,2016,80255.486
x64,sex_f,eco_sector_ser,2017,81420.564
x64,sex_f,eco_sector_ser,2018,82665.971
x64,sex_f,eco_sector_ser,2019,83896.78
x64,sex_f,eco_sector_ser,2020,82935.932
x64,sex_f,eco_sector_ser,2021,83709.311
x64,sex_f,eco_sector_ser,2022,85756.623
x64,sex_f,eco_sector_ser,2023,87297.627
x64,sex_f,eco_sector_ser,2024,87750.672
x64,sex_f,eco_sector_ser,2025,87664.502
x64,sex_f,eco_sector_total,1991,71877.385
x64,sex_f,eco_sector_total,1992,71510.926
x64,sex_f,eco_sector_total,1993,70716.441
x64,sex_f,eco_sector_total,1994,70832.509
x64,sex_f,eco_sector_total,1995,71394.439
x64,sex_f,eco_sector_total,1996,72331.23
x64,sex_f,eco_sector_total,1997,73170.589
x64,sex_f,eco_sector_total,1998,74161.607
x64,sex_f,eco_sector_total,1999,75938.841
x64,sex_f,eco_sector_total,2000,77626.37
x64,sex_f,eco_sector_total,2001,79039.862
x64,sex_f,eco_sector_total,2002,80361.733
x64,sex_f,eco_sector_total,2003,81580.064
x64,sex_f,eco_sector_total,2004,82390.61
x64,sex_f,eco_sector_total,2005,83740.219
x64,sex_f,eco_sector_total,2006,85530.902
x64,sex_f,eco_sector_total,2007,87245.506
x64,sex_f,eco_sector_total,2008,88562.425
x64,sex_f,eco_sector_total,2009,88045.837
x64,sex_f,eco_sector_total,2010,87805.396
x64,sex_f,eco_sector_total,2011,88507.513
x64,sex_f,eco_sector_total,2012,88543.995
x64,sex_f,eco_sector_total,2013,88758.593
x64,sex_f,eco_sector_total,2014,89619.769
x64,sex_f,eco_sector_total,2015,90727.305
x64,sex_f,eco_sector_total,2016,92176.3
x64,sex_f,eco_sector_total,2017,93583.252
x64,sex_f,eco_sector_total,2018,94938.015
x64,sex_f,eco_sector_total,2019,96388.532
x64,sex_f,eco_sector_total,2020,95179.237
x64,sex_f,eco_sector_total,2021,96260.662
x64,sex_f,eco_sector_total,2022,98564.475
x64,sex_f,eco_sector_total,2023,99965.029
x64,sex_f,eco_sector_total,2024,100395.984
x64,sex_f,eco_sector_total,2025,100009.121
x64,sex_m,eco_aggregate_agr,1991,8177.501
x64,sex_m,eco_aggregate_agr,1992,7753.115
x64,sex_m,eco_aggregate_agr,1993,7415.468
x64,sex_m,eco_aggregate_agr,1994,7223.653
x64,sex_m,eco_aggregate_agr,1995,7027.194
x64,sex_m,eco_aggregate_agr,1996,6904.23
x64,sex_m,eco_aggregate_agr,1997,6813.179
x64,sex_m,eco_aggregate_agr,1998,6630.174
x64,sex_m,eco_aggregate_agr,1999,6507.036
x64,sex_m,eco_aggregate_agr,2000,6318.876
x64,sex_m,eco_aggregate_agr,2001,6211.104
x64,sex_m,eco_aggregate_agr,2002,6084.13
x64,sex_m,eco_aggregate_agr,2003,6010.916
x64,sex_m,eco_aggregate_agr,2004,5730.289
x64,sex_m,eco_aggregate_agr,2005,5669.146
x64,sex_m,eco_aggregate_agr,2006,5655.164
x64,sex_m,eco_aggregate_agr,2007,5437.21
x64,sex_m,eco_aggregate_agr,2008,4953.405
x64,sex_m,eco_aggregate_agr,2009,4901.755
x64,sex_m,eco_aggregate_agr,2010,4851.99
x64,sex_m,eco_aggregate_agr,2011,4737.985
x64,sex_m,eco_aggregate_agr,2012,4703.124
x64,sex_m,eco_aggregate_agr,2013,4624.06
x64,sex_m,eco_aggregate_agr,2014,4613.593
x64,sex_m,eco_aggregate_agr,2015,4555.594
x64,sex_m,eco_aggregate_agr,2016,4593.95
x64,sex_m,eco_aggregate_agr,2017,4528.873
x64,sex_m,eco_aggregate_agr,2018,4408.132
x64,sex_m,eco_aggregate_agr,2019,4427.679
x64,sex_m,eco_aggregate_agr,2020,4193.209
x64,sex_m,eco_aggregate_agr,2021,4333.305
x64,sex_m,eco_aggregate_agr,2022,4305.081
x64,sex_m,eco_aggregate_agr,2023,4214.927
x64,sex_m,eco_aggregate_agr,2024,4073.494
x64,sex_m,eco_aggregate_agr,2025,3972.158
x64,sex_m,eco_aggregate_con,1991,12315.216
x64,sex_m,eco_aggregate_con,1992,12077.518
x64,sex_m,eco_aggregate_con,1993,11785.868
x64,sex_m,eco_aggregate_con,1994,11918.586
x64,sex_m,eco_aggregate_con,1995,11939.373
x64,sex_m,eco_aggregate_con,1996,11992.751
x64,sex_m,eco_aggregate_con,1997,12049.794
x64,sex_m,eco_aggregate_con,1998,12084.271
x64,sex_m,eco_aggregate_con,1999,12389.094
x64,sex_m,eco_aggregate_con,2000,12723.34
x64,sex_m,eco_aggregate_con,2001,12919.496
x64,sex_m,eco_aggregate_con,2002,13019.166
x64,sex_m,eco_aggregate_con,2003,13280.26
x64,sex_m,eco_aggregate_con,2004,13466.324
x64,sex_m,eco_aggregate_con,2005,13732.387
x64,sex_m,eco_aggregate_con,2006,14217.536
x64,sex_m,eco_aggregate_con,2007,14669.52
x64,sex_m,eco_aggregate_con,2008,14762.25
x64,sex_m,eco_aggregate_con,2009,13537.092
x64,sex_m,eco_aggregate_con,2010,13047.007
x64,sex_m,eco_aggregate_con,2011,12561.127
x64,sex_m,eco_aggregate_con,2012,12164.336
x64,sex_m,eco_aggregate_con,2013,11701.074
x64,sex_m,eco_aggregate_con,2014,11600.581
x64,sex_m,eco_aggregate_con,2015,11660.515
x64,sex_m,eco_aggregate_con,2016,11733.573
x64,sex_m,eco_aggregate_con,2017,11947.332
x64,sex_m,eco_aggregate_con,2018,12139.232
x64,sex_m,eco_aggregate_con,2019,12299.653
x64,sex_m,eco_aggregate_con,2020,11511.246
x64,sex_m,eco_aggregate_con,2021,11696.689
x64,sex_m,eco_aggregate_con,2022,12222.545
x64,sex_m,eco_aggregate_con,2023,12208.376
x64,sex_m,eco_aggregate_con,2024,12251.762
x64,sex_m,eco_aggregate_con,2025,12186.822
x64,sex_m,eco_aggregate_man,1991,28217.065
x64,sex_m,eco_aggregate_man,1992,27325.557
x64,sex_m,eco_aggregate_man,1993,26256.854
x64,sex_m,eco_aggregate_man,1994,25243.744
x64,sex_m,eco_aggregate_man,1995,25229.206
x64,sex_m,eco_aggregate_man,1996,24938.66
x64,sex_m,eco_aggregate_man,1997,24861.205
x64,sex_m,eco_aggregate_man,1998,25375.92
x64,sex_m,eco_aggregate_man,1999,25195.677
x64,sex_m,eco_aggregate_man,2000,25183.267
x64,sex_m,eco_aggregate_man,2001,25092.8
x64,sex_m,eco_aggregate_man,2002,24718.597
x64,sex_m,eco_aggregate_man,2003,24127.791
x64,sex_m,eco_aggregate_man,2004,23846.087
x64,sex_m,eco_aggregate_man,2005,23507.269
x64,sex_m,eco_aggregate_man,2006,23567.308
x64,sex_m,eco_aggregate_man,2007,23980.949
x64,sex_m,eco_aggregate_man,2008,22806.848
x64,sex_m,eco_aggregate_man,2009,21349.988
x64,sex_m,eco_aggregate_man,2010,20845.182
x64,sex_m,eco_aggregate_man,2011,20448.647
x64,sex_m,eco_aggregate_man,2012,20255.076
x64,sex_m,eco_aggregate_man,2013,19913.3
x64,sex_m,eco_aggregate_man,2014,20082.507
x64,sex_m,eco_aggregate_man,2015,20297.214
x64,sex_m,eco_aggregate_man,2016,20484.088
x64,sex_m,eco_aggregate_man,2017,20633.859
x64,sex_m,eco_aggregate_man,2018,20787.619
x64,sex_m,eco_aggregate_man,2019,20974.556
x64,sex_m,eco_aggregate_man,2020,20900.95
x64,sex_m,eco_aggregate_man,2021,20529.084
x64,sex_m,eco_aggregate_man,2022,20483.543
x64,sex_m,eco_aggregate_man,2023,20403.487
x64,sex_m,eco_aggregate_man,2024,20286.072
x64,sex_m,eco_aggregate_man,2025,19890.957
x64,sex_m,eco_aggregate_mel,1991,2510.685
x64,sex_m,eco_aggregate_mel,1992,2469.294
x64,sex_m,eco_aggregate_mel,1993,2377.513
x64,sex_m,eco_aggregate_mel,1994,2220.998
x64,sex_m,eco_aggregate_mel,1995,2228.132
x64,sex_m,eco_aggregate_mel,1996,2126.783
x64,sex_m,eco_aggregate_mel,1997,2117.568
x64,sex_m,eco_aggregate_mel,1998,2035.049
x64,sex_m,eco_aggregate_mel,1999,1968.186
x64,sex_m,eco_aggregate_mel,2000,1917.154
x64,sex_m,eco_aggregate_mel,2001,1914.225
x64,sex_m,eco_aggregate_mel,2002,1921.08
x64,sex_m,eco_aggregate_mel,2003,1845.986
x64,sex_m,eco_aggregate_mel,2004,1812.582
x64,sex_m,eco_aggregate_mel,2005,1862.009
x64,sex_m,eco_aggregate_mel,2006,1874.173
x64,sex_m,eco_aggregate_mel,2007,1772.232
x64,sex_m,eco_aggregate_mel,2008,2335
x64,sex_m,eco_aggregate_mel,2009,2473.853
x64,sex_m,eco_aggregate_mel,2010,2504.45
x64,sex_m,eco_aggregate_mel,2011,2644.428
x64,sex_m,eco_aggregate_mel,2012,2667.233
x64,sex_m,eco_aggregate_mel,2013,2650.216
x64,sex_m,eco_aggregate_mel,2014,2605.2
x64,sex_m,eco_aggregate_mel,2015,2619.036
x64,sex_m,eco_aggregate_mel,2016,2561.666
x64,sex_m,eco_aggregate_mel,2017,2596.061
x64,sex_m,eco_aggregate_mel,2018,2695.396
x64,sex_m,eco_aggregate_mel,2019,2666.478
x64,sex_m,eco_aggregate_mel,2020,2666.92
x64,sex_m,eco_aggregate_mel,2021,2731.952
x64,sex_m,eco_aggregate_mel,2022,2715.824
x64,sex_m,eco_aggregate_mel,2023,2796.324
x64,sex_m,eco_aggregate_mel,2024,2907.958
x64,sex_m,eco_aggregate_mel,2025,2896.608
x64,sex_m,eco_aggregate_mkt,1991,34106.747
x64,sex_m,eco_aggregate_mkt,1992,34064.354
x64,sex_m,eco_aggregate_mkt,1993,33762.826
x64,sex_m,eco_aggregate_mkt,1994,33979.498
x64,sex_m,eco_aggregate_mkt,1995,34335.217
x64,sex_m,eco_aggregate_mkt,1996,34531.633
x64,sex_m,eco_aggregate_mkt,1997,35135.9
x64,sex_m,eco_aggregate_mkt,1998,35588.539
x64,sex_m,eco_aggregate_mkt,1999,36400.432
x64,sex_m,eco_aggregate_mkt,2000,37353.205
x64,sex_m,eco_aggregate_mkt,2001,37976.485
x64,sex_m,eco_aggregate_mkt,2002,38410.609
x64,sex_m,eco_aggregate_mkt,2003,38740.333
x64,sex_m,eco_aggregate_mkt,2004,39430.363
x64,sex_m,eco_aggregate_mkt,2005,40143.29
x64,sex_m,eco_aggregate_mkt,2006,41096.55
x64,sex_m,eco_aggregate_mkt,2007,41882.367
x64,sex_m,eco_aggregate_mkt,2008,43634.099
x64,sex_m,eco_aggregate_mkt,2009,43300.878
x64,sex_m,eco_aggregate_mkt,2010,43196.984
x64,sex_m,eco_aggregate_mkt,2011,43832.571
x64,sex_m,eco_aggregate_mkt,2012,44013.977
x64,sex_m,eco_aggregate_mkt,2013,44643.117
x64,sex_m,eco_aggregate_mkt,2014,45067.49
x64,sex_m,eco_aggregate_mkt,2015,45937.202
x64,sex_m,eco_aggregate_mkt,2016,47026.235
x64,sex_m,eco_aggregate_mkt,2017,47926.802
x64,sex_m,eco_aggregate_mkt,2018,48878.375
x64,sex_m,eco_aggregate_mkt,2019,49145.285
x64,sex_m,eco_aggregate_mkt,2020,47966.485
x64,sex_m,eco_aggregate_mkt,2021,48531.509
x64,sex_m,eco_aggregate_mkt,2022,50366.546
x64,sex_m,eco_aggregate_mkt,2023,51173.985
x64,sex_m,eco_aggregate_mkt,2024,51416.05
x64,sex_m,eco_aggregate_mkt,2025,51650.264
x64,sex_m,eco_aggregate_pub,1991,19515.496
x64,sex_m,eco_aggregate_pub,1992,19339.765
x64,sex_m,eco_aggregate_pub,1993,19084.863
x64,sex_m,eco_aggregate_pub,1994,19218.238
x64,sex_m,eco_aggregate_pub,1995,19460.104
x64,sex_m,eco_aggregate_pub,1996,19691.256
x64,sex_m,eco_aggregate_pub,1997,19605.5
x64,sex_m,eco_aggregate_pub,1998,19718.2
x64,sex_m,eco_aggregate_pub,1999,19976.22
x64,sex_m,eco_aggregate_pub,2000,20107.304
x64,sex_m,eco_aggregate_pub,2001,20278.951
x64,sex_m,eco_aggregate_pub,2002,20428.372
x64,sex_m,eco_aggregate_pub,2003,20827.237
x64,sex_m,eco_aggregate_pub,2004,20812.972
x64,sex_m,eco_aggregate_pub,2005,21128.623
x64,sex_m,eco_aggregate_pub,2006,21024.609
x64,sex_m,eco_aggregate_pub,2007,21074.183
x64,sex_m,eco_aggregate_pub,2008,20965.603
x64,sex_m,eco_aggregate_pub,2009,20548.851
x64,sex_m,eco_aggregate_pub,2010,20969.312
x64,sex_m,eco_aggregate_pub,2011,21096.864
x64,sex_m,eco_aggregate_pub,2012,20878.864
x64,sex_m,eco_aggregate_pub,2013,20673.776
x64,sex_m,eco_aggregate_pub,2014,20977.247
x64,sex_m,eco_aggregate_pub,2015,21155.536
x64,sex_m,eco_aggregate_pub,2016,21374.129
x64,sex_m,eco_aggregate_pub,2017,21658.841
x64,sex_m,eco_aggregate_pub,2018,21932.378
x64,sex_m,eco_aggregate_pub,2019,22307.565
x64,sex_m,eco_aggregate_pub,2020,22950.628
x64,sex_m,eco_aggregate_pub,2021,22952.264
x64,sex_m,eco_aggregate_pub,2022,23337.501
x64,sex_m,eco_aggregate_pub,2023,23697.592
x64,sex_m,eco_aggregate_pub,2024,23683.442
x64,sex_m,eco_aggregate_pub,2025,23689.163
x64,sex_m,eco_aggregate_total,1991,104842.711
x64,sex_m,eco_aggregate_total,1992,103029.603
x64,sex_m,eco_aggregate_total,1993,100683.393
x64,sex_m,eco_aggregate_total,1994,99804.716
x64,sex_m,eco_aggregate_total,1995,100219.227
x64,sex_m,eco_aggregate_total,1996,100185.31
x64,sex_m,eco_aggregate_total,1997,100583.144
x64,sex_m,eco_aggregate_total,1998,101432.155
x64,sex_m,eco_aggregate_total,1999,102436.648
x64,sex_m,eco_aggregate_total,2000,103603.146
x64,sex_m,eco_aggregate_total,2001,104393.06
x64,sex_m,eco_aggregate_total,2002,104581.952
x64,sex_m,eco_aggregate_total,2003,104832.523
x64,sex_m,eco_aggregate_total,2004,105098.617
x64,sex_m,eco_aggregate_total,2005,106042.723
x64,sex_m,eco_aggregate_total,2006,107435.343
x64,sex_m,eco_aggregate_total,2007,108816.46
x64,sex_m,eco_aggregate_total,2008,109457.206
x64,sex_m,eco_aggregate_total,2009,106112.419
x64,sex_m,eco_aggregate_total,2010,105414.925
x64,sex_m,eco_aggregate_total,2011,105321.625
x64,sex_m,eco_aggregate_total,2012,104682.61
x64,sex_m,eco_aggregate_total,2013,104205.545
x64,sex_m,eco_aggregate_total,2014,104946.619
x64,sex_m,eco_aggregate_total,2015,106225.099
x64,sex_m,eco_aggregate_total,2016,107773.638
x64,sex_m,eco_aggregate_total,2017,109291.77
x64,sex_m,eco_aggregate_total,2018,110841.134
x64,sex_m,eco_aggregate_total,2019,111821.219
x64,sex_m,eco_aggregate_total,2020,110189.436
x64,sex_m,eco_aggregate_total,2021,110774.803
x64,sex_m,eco_aggregate_total,2022,113431.041
x64,sex_m,eco_aggregate_total,2023,114494.692
x64,sex_m,eco_aggregate_total,2024,114618.775
x64,sex_m,eco_aggregate_total,2025,114285.97
x64,sex_m,eco_details_a,1991,8177.501
x64,sex_m,eco_details_a,1992,7753.115
x64,sex_m,eco_details_a,1993,7415.468
x64,sex_m,eco_details_a,1994,7223.653
x64,sex_m,eco_details_a,1995,7027.194
x64,sex_m,eco_details_a,1996,6904.23
x64,sex_m,eco_details_a,1997,6813.179
x64,sex_m,eco_details_a,1998,6630.174
x64,sex_m,eco_details_a,1999,6507.036
x64,sex_m,eco_details_a,2000,6318.876
x64,sex_m,eco_details_a,2001,6211.104
x64,sex_m,eco_details_a,2002,6084.13
x64,sex_m,eco_details_a,2003,6010.916
x64,sex_m,eco_details_a,2004,5730.289
x64,sex_m,eco_details_a,2005,5669.146
x64,sex_m,eco_details_a,2006,5655.164
x64,sex_m,eco_details_a,2007,5437.21
x64,sex_m,eco_details_a,2008,4953.405
x64,sex_m,eco_details_a,2009,4901.755
x64,sex_m,eco_details_a,2010,4851.99
x64,sex_m,eco_details_a,2011,4737.985
x64,sex_m,eco_details_a,2012,4703.124
x64,sex_m,eco_details_a,2013,4624.06
x64,sex_m,eco_details_a,2014,4613.593
x64,sex_m,eco_details_a,2015,4555.594
x64,sex_m,eco_details_a,2016,4593.95
x64,sex_m,eco_details_a,2017,4528.873
x64,sex_m,eco_details_a,2018,4408.132
x64,sex_m,eco_details_a,2019,4427.679
x64,sex_m,eco_details_a,2020,4193.209
x64,sex_m,eco_details_a,2021,4333.305
x64,sex_m,eco_details_a,2022,4305.081
x64,sex_m,eco_details_a,2023,4214.927
x64,sex_m,eco_details_a,2024,4073.494
x64,sex_m,eco_details_a,2025,3972.158
x64,sex_m,eco_details_b,1991,835.998
x64,sex_m,eco_details_b,1992,808.632
x64,sex_m,eco_details_b,1993,776.149
x64,sex_m,eco_details_b,1994,676.651
x64,sex_m,eco_details_b,1995,683.524
x64,sex_m,eco_details_b,1996,649.67
x64,sex_m,eco_details_b,1997,634.044
x64,sex_m,eco_details_b,1998,604.817
x64,sex_m,eco_details_b,1999,600.869
x64,sex_m,eco_details_b,2000,575.034
x64,sex_m,eco_details_b,2001,579.014
x64,sex_m,eco_details_b,2002,568.588
x64,sex_m,eco_details_b,2003,530.839
x64,sex_m,eco_details_b,2004,478.121
x64,sex_m,eco_details_b,2005,475.407
x64,sex_m,eco_details_b,2006,475.765
x64,sex_m,eco_details_b,2007,436.551
x64,sex_m,eco_details_b,2008,484.91
x64,sex_m,eco_details_b,2009,444.649
x64,sex_m,eco_details_b,2010,458.349
x64,sex_m,eco_details_b,2011,455.443
x64,sex_m,eco_details_b,2012,485.386
x64,sex_m,eco_details_b,2013,471.621
x64,sex_m,eco_details_b,2014,492.039
x64,sex_m,eco_details_b,2015,497.666
x64,sex_m,eco_details_b,2016,439.42
x64,sex_m,eco_details_b,2017,419.047
x64,sex_m,eco_details_b,2018,436.138
x64,sex_m,eco_details_b,2019,419.151
x64,sex_m,eco_details_b,2020,412.415
x64,sex_m,eco_details_b,2021,416.839
x64,sex_m,eco_details_b,2022,423.242
x64,sex_m,eco_details_b,2023,433.759
x64,sex_m,eco_details_b,2024,439.504
x64,sex_m,eco_details_b,2025,431.026
x64,sex_m,eco_details_c,1991,28217.066
x64,sex_m,eco_details_c,1992,27325.557
x64,sex_m,eco_details_c,1993,26256.854
x64,sex_m,eco_details_c,1994,25243.744
x64,sex_m,eco_details_c,1995,25229.206
x64,sex_m,eco_details_c,1996,24938.66
x64,sex_m,eco_details_c,1997,24861.205
x64,sex_m,eco_details_c,1998,25375.921
x64,sex_m,eco_details_c,1999,25195.676
x64,sex_m,eco_details_c,2000,25183.267
x64,sex_m,eco_details_c,2001,25092.8
x64,sex_m,eco_details_c,2002,24718.598
x64,sex_m,eco_details_c,2003,24127.79
x64,sex_m,eco_details_c,2004,23846.087
x64,sex_m,eco_details_c,2005,23507.269
x64,sex_m,eco_details_c,2006,23567.308
x64,sex_m,eco_details_c,2007,23980.949
x64,sex_m,eco_details_c,2008,22806.848
x64,sex_m,eco_details_c,2009,21349.988
x64,sex_m,eco_details_c,2010,20845.182
x64,sex_m,eco_details_c,2011,20448.648
x64,sex_m,eco_details_c,2012,20255.076
x64,sex_m,eco_details_c,2013,19913.3
x64,sex_m,eco_details_c,2014,20082.507
x64,sex_m,eco_details_c,2015,20297.215
x64,sex_m,eco_details_c,2016,20484.088
x64,sex_m,eco_details_c,2017,20633.86
x64,sex_m,eco_details_c,2018,20787.618
x64,sex_m,eco_details_c,2019,20974.556
x64,sex_m,eco_details_c,2020,20900.95
x64,sex_m,eco_details_c,2021,20529.084
x64,sex_m,eco_details_c,2022,20483.543
x64,sex_m,eco_details_c,2023,20403.487
x64,sex_m,eco_details_c,2024,20286.072
x64,sex_m,eco_details_c,2025,19890.958
x64,sex_m,eco_details_de,1991,1674.687
x64,sex_m,eco_details_de,1992,1660.662
x64,sex_m,eco_details_de,1993,1601.364
x64,sex_m,eco_details_de,1994,1544.347
x64,sex_m,eco_details_de,1995,1544.608
x64,sex_m,eco_details_de,1996,1477.113
x64,sex_m,eco_details_de,1997,1483.524
x64,sex_m,eco_details_de,1998,1430.232
x64,sex_m,eco_details_de,1999,1367.317
x64,sex_m,eco_details_de,2000,1342.119
x64,sex_m,eco_details_de,2001,1335.211
x64,sex_m,eco_details_de,2002,1352.492
x64,sex_m,eco_details_de,2003,1315.147
x64,sex_m,eco_details_de,2004,1334.461
x64,sex_m,eco_details_de,2005,1386.602
x64,sex_m,eco_details_de,2006,1398.408
x64,sex_m,eco_details_de,2007,1335.68
x64,sex_m,eco_details_de,2008,1850.09
x64,sex_m,eco_details_de,2009,2029.204
x64,sex_m,eco_details_de,2010,2046.102
x64,sex_m,eco_details_de,2011,2188.985
x64,sex_m,eco_details_de,2012,2181.847
x64,sex_m,eco_details_de,2013,2178.595
x64,sex_m,eco_details_de,2014,2113.161
x64,sex_m,eco_details_de,2015,2121.37
x64,sex_m,eco_details_de,2016,2122.246
x64,sex_m,eco_details_de,2017,2177.014
x64,sex_m,eco_details_de,2018,2259.258
x64,sex_m,eco_details_de,2019,2247.327
x64,sex_m,eco_details_de,2020,2254.505
x64,sex_m,eco_details_de,2021,2315.113
x64,sex_m,eco_details_de,2022,2292.582
x64,sex_m,eco_details_de,2023,2362.566
x64,sex_m,eco_details_de,2024,2468.454
x64,sex_m,eco_details_de,2025,2465.582
x64,sex_m,eco_details_f,1991,12315.216
x64,sex_m,eco_details_f,1992,12077.518
x64,sex_m,eco_details_f,1993,11785.868
x64,sex_m,eco_details_f,1994,11918.586
x64,sex_m,eco_details_f,1995,11939.373
x64,sex_m,eco_details_f,1996,11992.751
x64,sex_m,eco_details_f,1997,12049.793
x64,sex_m,eco_details_f,1998,12084.271
x64,sex_m,eco_details_f,1999,12389.094
x64,sex_m,eco_details_f,2000,12723.34
x64,sex_m,eco_details_f,2001,12919.495
x64,sex_m,eco_details_f,2002,13019.166
x64,sex_m,eco_details_f,2003,13280.26
x64,sex_m,eco_details_f,2004,13466.324
x64,sex_m,eco_details_f,2005,13732.387
x64,sex_m,eco_details_f,2006,14217.536
x64,sex_m,eco_details_f,2007,14669.52
x64,sex_m,eco_details_f,2008,14762.25
x64,sex_m,eco_details_f,2009,13537.092
x64,sex_m,eco_details_f,2010,13047.007
x64,sex_m,eco_details_f,2011,12561.127
x64,sex_m,eco_details_f,2012,12164.336
x64,sex_m,eco_details_f,2013,11701.074
x64,sex_m,eco_details_f,2014,11600.581
x64,sex_m,eco_details_f,2015,11660.516
x64,sex_m,eco_details_f,2016,11733.574
x64,sex_m,eco_details_f,2017,11947.332
x64,sex_m,eco_details_f,2018,12139.231
x64,sex_m,eco_details_f,2019,12299.653
x64,sex_m,eco_details_f,2020,11511.246
x64,sex_m,eco_details_f,2021,11696.689
x64,sex_m,eco_details_f,2022,12222.545
x64,sex_m,eco_details_f,2023,12208.376
x64,sex_m,eco_details_f,2024,12251.762
x64,sex_m,eco_details_f,2025,12186.822
x64,sex_m,eco_details_g,1991,14108.741
x64,sex_m,eco_details_g,1992,13975.893
x64,sex_m,eco_details_g,1993,13829.916
x64,sex_m,eco_details_g,1994,13836.31
x64,sex_m,eco_details_g,1995,13800.954
x64,sex_m,eco_details_g,1996,13865.868
x64,sex_m,eco_details_g,1997,13870.014
x64,sex_m,eco_details_g,1998,13961.875
x64,sex_m,eco_details_g,1999,14059.514
x64,sex_m,eco_details_g,2000,14107.288
x64,sex_m,eco_details_g,2001,14083.011
x64,sex_m,eco_details_g,2002,14031.635
x64,sex_m,eco_details_g,2003,14185.569
x64,sex_m,eco_details_g,2004,14229.9
x64,sex_m,eco_details_g,2005,14445.875
x64,sex_m,eco_details_g,2006,14774.304
x64,sex_m,eco_details_g,2007,14694.286
x64,sex_m,eco_details_g,2008,14679.365
x64,sex_m,eco_details_g,2009,14262.279
x64,sex_m,eco_details_g,2010,13996.197
x64,sex_m,eco_details_g,2011,14144.237
x64,sex_m,eco_details_g,2012,14117.385
x64,sex_m,eco_details_g,2013,14398.503
x64,sex_m,eco_details_g,2014,14312.719
x64,sex_m,eco_details_g,2015,14443.844
x64,sex_m,eco_details_g,2016,14667.027
x64,sex_m,eco_details_g,2017,14931.336
x64,sex_m,eco_details_g,2018,14989.717
x64,sex_m,eco_details_g,2019,15016.262
x64,sex_m,eco_details_g,2020,14305.755
x64,sex_m,eco_details_g,2021,14446.105
x64,sex_m,eco_details_g,2022,14503.706
x64,sex_m,eco_details_g,2023,14568.147
x64,sex_m,eco_details_g,2024,14510.356
x64,sex_m,eco_details_g,2025,14434.529
x64,sex_m,eco_details_hj,1991,8816.59
x64,sex_m,eco_details_hj,1992,8829.058
x64,sex_m,eco_details_hj,1993,8729.604
x64,sex_m,eco_details_hj,1994,8732.427
x64,sex_m,eco_details_hj,1995,8831.67
x64,sex_m,eco_details_hj,1996,8805.568
x64,sex_m,eco_details_hj,1997,8925.736
x64,sex_m,eco_details_hj,1998,9146.067
x64,sex_m,eco_details_hj,1999,9455.041
x64,sex_m,eco_details_hj,2000,9946.858
x64,sex_m,eco_details_hj,2001,10400.615
x64,sex_m,eco_details_hj,2002,10397.084
x64,sex_m,eco_details_hj,2003,10403.674
x64,sex_m,eco_details_hj,2004,10471.922
x64,sex_m,eco_details_hj,2005,10598.883
x64,sex_m,eco_details_hj,2006,10773.059
x64,sex_m,eco_details_hj,2007,11024.613
x64,sex_m,eco_details_hj,2008,11652.157
x64,sex_m,eco_details_hj,2009,11609.195
x64,sex_m,eco_details_hj,2010,11542.166
x64,sex_m,eco_details_hj,2011,11739.021
x64,sex_m,eco_details_hj,2012,11696.55
x64,sex_m,eco_details_hj,2013,11742.919
x64,sex_m,eco_details_hj,2014,11806.475
x64,sex_m,eco_details_hj,2015,11972.374
x64,sex_m,eco_details_hj,2016,12328.917
x64,sex_m,eco_details_hj,2017,12596.42
x64,sex_m,eco_details_hj,2018,13007.263
x64,sex_m,eco_details_hj,2019,13196.624
x64,sex_m,eco_details_hj,2020,13337.107
x64,sex_m,eco_details_hj,2021,13484.255
x64,sex_m,eco_details_hj,2022,14172.488
x64,sex_m,eco_details_hj,2023,14433.114
x64,sex_m,eco_details_hj,2024,14474.541
x64,sex_m,eco_details_hj,2025,14508.741
x64,sex_m,eco_details_i,1991,2934.391
x64,sex_m,eco_details_i,1992,2932.081
x64,sex_m,eco_details_i,1993,2912.11
x64,sex_m,eco_details_i,1994,3063.237
x64,sex_m,eco_details_i,1995,3107.046
x64,sex_m,eco_details_i,1996,3147.072
x64,sex_m,eco_details_i,1997,3271.014
x64,sex_m,eco_details_i,1998,3253.774
x64,sex_m,eco_details_i,1999,3317.99
x64,sex_m,eco_details_i,2000,3466.551
x64,sex_m,eco_details_i,2001,3482.752
x64,sex_m,eco_details_i,2002,3628.911
x64,sex_m,eco_details_i,2003,3597.002
x64,sex_m,eco_details_i,2004,3792.519
x64,sex_m,eco_details_i,2005,3876.811
x64,sex_m,eco_details_i,2006,3895.875
x64,sex_m,eco_details_i,2007,4048.385
x64,sex_m,eco_details_i,2008,4248.218
x64,sex_m,eco_details_i,2009,4132.879
x64,sex_m,eco_details_i,2010,4224.821
x64,sex_m,eco_details_i,2011,4278.076
x64,sex_m,eco_details_i,2012,4416.599
x64,sex_m,eco_details_i,2013,4367.139
x64,sex_m,eco_details_i,2014,4529.349
x64,sex_m,eco_details_i,2015,4786.868
x64,sex_m,eco_details_i,2016,4934.919
x64,sex_m,eco_details_i,2017,5029.894
x64,sex_m,eco_details_i,2018,5233.604
x64,sex_m,eco_details_i,2019,5186.248
x64,sex_m,eco_details_i,2020,4617.978
x64,sex_m,eco_details_i,2021,4456.925
x64,sex_m,eco_details_i,2022,5138.701
x64,sex_m,eco_details_i,2023,5294.028
x64,sex_m,eco_details_i,2024,5341.871
x64,sex_m,eco_details_i,2025,5397.559
x64,sex_m,eco_details_k,1991,3119.08
x64,sex_m,eco_details_k,1992,3119.837
x64,sex_m,eco_details_k,1993,3082.924
x64,sex_m,eco_details_k,1994,3078.304
x64,sex_m,eco_details_k,1995,3121.127
x64,sex_m,eco_details_k,1996,3033.965
x64,sex_m,eco_details_k,1997,3092.416
x64,sex_m,eco_details_k,1998,3068.583
x64,sex_m,eco_details_k,1999,3062.713
x64,sex_m,eco_details_k,2000,3095.285
x64,sex_m,eco_details_k,2001,3091.366
x64,sex_m,eco_details_k,2002,3106.901
x64,sex_m,eco_details_k,2003,3128.79
x64,sex_m,eco_details_k,2004,3041.278
x64,sex_m,eco_details_k,2005,3041.046
x64,sex_m,eco_details_k,2006,3044.202
x64,sex_m,eco_details_k,2007,3170.746
x64,sex_m,eco_details_k,2008,3170.38
x64,sex_m,eco_details_k,2009,3141.95
x64,sex_m,eco_details_k,2010,3160.448
x64,sex_m,eco_details_k,2011,3130.56
x64,sex_m,eco_details_k,2012,3115.97
x64,sex_m,eco_details_k,2013,3076.631
x64,sex_m,eco_details_k,2014,3110.917
x64,sex_m,eco_details_k,2015,3118.907
x64,sex_m,eco_details_k,2016,3187.309
x64,sex_m,eco_details_k,2017,3165.41
x64,sex_m,eco_details_k,2018,3238.918
x64,sex_m,eco_details_k,2019,3167.186
x64,sex_m,eco_details_k,2020,3322.934
x64,sex_m,eco_details_k,2021,3427.066
x64,sex_m,eco_details_k,2022,3352.809
x64,sex_m,eco_details_k,2023,3448
x64,sex_m,eco_details_k,2024,3436.927
x64,sex_m,eco_details_k,2025,3430.448
x64,sex_m,eco_details_lmn,1991,5127.946
x64,sex_m,eco_details_lmn,1992,5207.485
x64,sex_m,eco_details_lmn,1993,5208.271
x64,sex_m,eco_details_lmn,1994,5269.219
x64,sex_m,eco_details_lmn,1995,5474.419
x64,sex_m,eco_details_lmn,1996,5679.16
x64,sex_m,eco_details_lmn,1997,5976.719
x64,sex_m,eco_details_lmn,1998,6158.239
x64,sex_m,eco_details_lmn,1999,6505.175
x64,sex_m,eco_details_lmn,2000,6737.223
x64,sex_m,eco_details_lmn,2001,6918.741
x64,sex_m,eco_details_lmn,2002,7246.077
x64,sex_m,eco_details_lmn,2003,7425.299
x64,sex_m,eco_details_lmn,2004,7894.745
x64,sex_m,eco_details_lmn,2005,8180.675
x64,sex_m,eco_details_lmn,2006,8609.112
x64,sex_m,eco_details_lmn,2007,8944.338
x64,sex_m,eco_details_lmn,2008,9883.98
x64,sex_m,eco_details_lmn,2009,10154.575
x64,sex_m,eco_details_lmn,2010,10273.353
x64,sex_m,eco_details_lmn,2011,10540.677
x64,sex_m,eco_details_lmn,2012,10667.471
x64,sex_m,eco_details_lmn,2013,11057.926
x64,sex_m,eco_details_lmn,2014,11308.029
x64,sex_m,eco_details_lmn,2015,11615.21
x64,sex_m,eco_details_lmn,2016,11908.062
x64,sex_m,eco_details_lmn,2017,12203.742
x64,sex_m,eco_details_lmn,2018,12408.873
x64,sex_m,eco_details_lmn,2019,12578.966
x64,sex_m,eco_details_lmn,2020,12382.71
x64,sex_m,eco_details_lmn,2021,12717.158
x64,sex_m,eco_details_lmn,2022,13198.842
x64,sex_m,eco_details_lmn,2023,13430.696
x64,sex_m,eco_details_lmn,2024,13652.354
x64,sex_m,eco_details_lmn,2025,13878.988
x64,sex_m,eco_details_o,1991,7978.217
x64,sex_m,eco_details_o,1992,7890.066
x64,sex_m,eco_details_o,1993,7769.722
x64,sex_m,eco_details_o,1994,7706.538
x64,sex_m,eco_details_o,1995,7720.477
x64,sex_m,eco_details_o,1996,7705.167
x64,sex_m,eco_details_o,1997,7651.458
x64,sex_m,eco_details_o,1998,7612.907
x64,sex_m,eco_details_o,1999,7657.544
x64,sex_m,eco_details_o,2000,7778.868
x64,sex_m,eco_details_o,2001,7792.155
x64,sex_m,eco_details_o,2002,7711.492
x64,sex_m,eco_details_o,2003,7816.411
x64,sex_m,eco_details_o,2004,7790.826
x64,sex_m,eco_details_o,2005,7806.256
x64,sex_m,eco_details_o,2006,7671.09
x64,sex_m,eco_details_o,2007,7609.06
x64,sex_m,eco_details_o,2008,7709.88
x64,sex_m,eco_details_o,2009,7624.87
x64,sex_m,eco_details_o,2010,7685.739
x64,sex_m,eco_details_o,2011,7588.437
x64,sex_m,eco_details_o,2012,7355.756
x64,sex_m,eco_details_o,2013,7215.258
x64,sex_m,eco_details_o,2014,7204.872
x64,sex_m,eco_details_o,2015,7210.989
x64,sex_m,eco_details_o,2016,7193.172
x64,sex_m,eco_details_o,2017,7147.826
x64,sex_m,eco_details_o,2018,7344.532
x64,sex_m,eco_details_o,2019,7300.992
x64,sex_m,eco_details_o,2020,7560.042
x64,sex_m,eco_details_o,2021,7436.185
x64,sex_m,eco_details_o,2022,7444.998
x64,sex_m,eco_details_o,2023,7691.357
x64,sex_m,eco_details_o,2024,7639.042
x64,sex_m,eco_details_o,2025,7591.461
x64,sex_m,eco_details_p,1991,4032.688
x64,sex_m,eco_details_p,1992,3998.07
x64,sex_m,eco_details_p,1993,3949.98
x64,sex_m,eco_details_p,1994,3961.751
x64,sex_m,eco_details_p,1995,4004.773
x64,sex_m,eco_details_p,1996,4077.75
x64,sex_m,eco_details_p,1997,4010.862
x64,sex_m,eco_details_p,1998,4059.403
x64,sex_m,eco_details_p,1999,4160.05
x64,sex_m,eco_details_p,2000,4088.999
x64,sex_m,eco_details_p,2001,4145.908
x64,sex_m,eco_details_p,2002,4193.234
x64,sex_m,eco_details_p,2003,4210.754
x64,sex_m,eco_details_p,2004,4246.521
x64,sex_m,eco_details_p,2005,4263.871
x64,sex_m,eco_details_p,2006,4290.62
x64,sex_m,eco_details_p,2007,4260.337
x64,sex_m,eco_details_p,2008,4385.762
x64,sex_m,eco_details_p,2009,4455.714
x64,sex_m,eco_details_p,2010,4486.498
x64,sex_m,eco_details_p,2011,4525.034
x64,sex_m,eco_details_p,2012,4529.648
x64,sex_m,eco_details_p,2013,4475.726
x64,sex_m,eco_details_p,2014,4633.075
x64,sex_m,eco_details_p,2015,4707.876
x64,sex_m,eco_details_p,2016,4709.111
x64,sex_m,eco_details_p,2017,4755.172
x64,sex_m,eco_details_p,2018,4754.425
x64,sex_m,eco_details_p,2019,4928.26
x64,sex_m,eco_details_p,2020,5003.175
x64,sex_m,eco_details_p,2021,5035.697
x64,sex_m,eco_details_p,2022,5076.125
x64,sex_m,eco_details_p,2023,5140.85
x64,sex_m,eco_details_p,2024,5136.699
x64,sex_m,eco_details_p,2025,5142.856
x64,sex_m,eco_details_q,1991,3744.805
x64,sex_m,eco_details_q,1992,3734.812
x64,sex_m,eco_details_q,1993,3736.402
x64,sex_m,eco_details_q,1994,3802.364
x64,sex_m,eco_details_q,1995,3815.363
x64,sex_m,eco_details_q,1996,3957.4
x64,sex_m,eco_details_q,1997,3969.693
x64,sex_m,eco_details_q,1998,4010.108
x64,sex_m,eco_details_q,1999,4104.889
x64,sex_m,eco_details_q,2000,4043.568
x64,sex_m,eco_details_q,2001,4152.46
x64,sex_m,eco_details_q,2002,4213.027
x64,sex_m,eco_details_q,2003,4342.159
x64,sex_m,eco_details_q,2004,4402.009
x64,sex_m,eco_details_q,2005,4494.239
x64,sex_m,eco_details_q,2006,4424.022
x64,sex_m,eco_details_q,2007,4597.899
x64,sex_m,eco_details_q,2008,4683.485
x64,sex_m,eco_details_q,2009,4631.75
x64,sex_m,eco_details_q,2010,4895.509
x64,sex_m,eco_details_q,2011,4995.679
x64,sex_m,eco_details_q,2012,5121.349
x64,sex_m,eco_details_q,2013,5041.413
x64,sex_m,eco_details_q,2014,5128.955
x64,sex_m,eco_details_q,2015,5194.587
x64,sex_m,eco_details_q,2016,5401.837
x64,sex_m,eco_details_q,2017,5494.688
x64,sex_m,eco_details_q,2018,5539.569
x64,sex_m,eco_details_q,2019,5735.059
x64,sex_m,eco_details_q,2020,5880.194
x64,sex_m,eco_details_q,2021,5997.14
x64,sex_m,eco_details_q,2022,6032.612
x64,sex_m,eco_details_q,2023,6209.825
x64,sex_m,eco_details_q,2024,6253.793
x64,sex_m,eco_details_q,2025,6299.035
x64,sex_m,eco_details_rstu,1991,3759.787
x64,sex_m,eco_details_rstu,1992,3716.817
x64,sex_m,eco_details_rstu,1993,3628.76
x64,sex_m,eco_details_rstu,1994,3747.584
x64,sex_m,eco_details_rstu,1995,3919.492
x64,sex_m,eco_details_rstu,1996,3950.938
x64,sex_m,eco_details_rstu,1997,3973.487
x64,sex_m,eco_details_rstu,1998,4035.782
x64,sex_m,eco_details_rstu,1999,4053.737
x64,sex_m,eco_details_rstu,2000,4195.869
x64,sex_m,eco_details_rstu,2001,4188.429
x64,sex_m,eco_details_rstu,2002,4310.619
x64,sex_m,eco_details_rstu,2003,4457.913
x64,sex_m,eco_details_rstu,2004,4373.617
x64,sex_m,eco_details_rstu,2005,4564.256
x64,sex_m,eco_details_rstu,2006,4638.878
x64,sex_m,eco_details_rstu,2007,4606.886
x64,sex_m,eco_details_rstu,2008,4186.475
x64,sex_m,eco_details_rstu,2009,3836.516
x64,sex_m,eco_details_rstu,2010,3901.566
x64,sex_m,eco_details_rstu,2011,3987.714
x64,sex_m,eco_details_rstu,2012,3872.111
x64,sex_m,eco_details_rstu,2013,3941.379
x64,sex_m,eco_details_rstu,2014,4010.345
x64,sex_m,eco_details_rstu,2015,4042.085
x64,sex_m,eco_details_rstu,2016,4070.01
x64,sex_m,eco_details_rstu,2017,4261.154
x64,sex_m,eco_details_rstu,2018,4293.852
x64,sex_m,eco_details_rstu,2019,4343.254
x64,sex_m,eco_details_rstu,2020,4507.217
x64,sex_m,eco_details_rstu,2021,4483.241
x64,sex_m,eco_details_rstu,2022,4783.767
x64,sex_m,eco_details_rstu,2023,4655.56
x64,sex_m,eco_details_rstu,2024,4653.908
x64,sex_m,eco_details_rstu,2025,4655.811
x64,sex_m,eco_details_total,1991,104842.711
x64,sex_m,eco_details_total,1992,103029.603
x64,sex_m,eco_details_total,1993,100683.393
x64,sex_m,eco_details_total,1994,99804.716
x64,sex_m,eco_details_total,1995,100219.227
x64,sex_m,eco_details_total,1996,100185.311
x64,sex_m,eco_details_total,1997,100583.145
x64,sex_m,eco_details_total,1998,101432.154
x64,sex_m,eco_details_total,1999,102436.648
x64,sex_m,eco_details_total,2000,103603.145
x64,sex_m,eco_details_total,2001,104393.06
x64,sex_m,eco_details_total,2002,104581.951
x64,sex_m,eco_details_total,2003,104832.524
x64,sex_m,eco_details_total,2004,105098.618
x64,sex_m,eco_details_total,2005,106042.723
x64,sex_m,eco_details_total,2006,107435.342
x64,sex_m,eco_details_total,2007,108816.46
x64,sex_m,eco_details_total,2008,109457.205
x64,sex_m,eco_details_total,2009,106112.419
x64,sex_m,eco_details_total,2010,105414.925
x64,sex_m,eco_details_total,2011,105321.624
x64,sex_m,eco_details_total,2012,104682.61
x64,sex_m,eco_details_total,2013,104205.545
x64,sex_m,eco_details_total,2014,104946.619
x64,sex_m,eco_details_total,2015,106225.098
x64,sex_m,eco_details_total,2016,107773.637
x64,sex_m,eco_details_total,2017,109291.769
x64,sex_m,eco_details_total,2018,110841.135
x64,sex_m,eco_details_total,2019,111821.218
x64,sex_m,eco_details_total,2020,110189.436
x64,sex_m,eco_details_total,2021,110774.803
x64,sex_m,eco_details_total,2022,113431.041
x64,sex_m,eco_details_total,2023,114494.692
x64,sex_m,eco_details_total,2024,114618.775
x64,sex_m,eco_details_total,2025,114285.97
x64,sex_m,eco_sector_agr,1991,8177.501
x64,sex_m,eco_sector_agr,1992,7753.115
x64,sex_m,eco_sector_agr,1993,7415.468
x64,sex_m,eco_sector_agr,1994,7223.653
x64,sex_m,eco_sector_agr,1995,7027.194
x64,sex_m,eco_sector_agr,1996,6904.23
x64,sex_m,eco_sector_agr,1997,6813.179
x64,sex_m,eco_sector_agr,1998,6630.174
x64,sex_m,eco_sector_agr,1999,6507.035
x64,sex_m,eco_sector_agr,2000,6318.876
x64,sex_m,eco_sector_agr,2001,6211.104
x64,sex_m,eco_sector_agr,2002,6084.13
x64,sex_m,eco_sector_agr,2003,6010.916
x64,sex_m,eco_sector_agr,2004,5730.289
x64,sex_m,eco_sector_agr,2005,5669.146
x64,sex_m,eco_sector_agr,2006,5655.164
x64,sex_m,eco_sector_agr,2007,5437.21
x64,sex_m,eco_sector_agr,2008,4953.405
x64,sex_m,eco_sector_agr,2009,4901.755
x64,sex_m,eco_sector_agr,2010,4851.99
x64,sex_m,eco_sector_agr,2011,4737.985
x64,sex_m,eco_sector_agr,2012,4703.124
x64,sex_m,eco_sector_agr,2013,4624.06
x64,sex_m,eco_sector_agr,2014,4613.593
x64,sex_m,eco_sector_agr,2015,4555.594
x64,sex_m,eco_sector_agr,2016,4593.95
x64,sex_m,eco_sector_agr,2017,4528.873
x64,sex_m,eco_sector_agr,2018,4408.132
x64,sex_m,eco_sector_agr,2019,4427.679
x64,sex_m,eco_sector_agr,2020,4193.209
x64,sex_m,eco_sector_agr,2021,4333.305
x64,sex_m,eco_sector_agr,2022,4305.081
x64,sex_m,eco_sector_agr,2023,4214.927
x64,sex_m,eco_sector_agr,2024,4073.494
x64,sex_m,eco_sector_agr,2025,3972.158
x64,sex_m,eco_sector_ind,1991,43042.966
x64,sex_m,eco_sector_ind,1992,41872.37
x64,sex_m,eco_sector_ind,1993,40420.235
x64,sex_m,eco_sector_ind,1994,39383.328
x64,sex_m,eco_sector_ind,1995,39396.709
x64,sex_m,eco_sector_ind,1996,39058.194
x64,sex_m,eco_sector_ind,1997,39028.566
x64,sex_m,eco_sector_ind,1998,39495.241
x64,sex_m,eco_sector_ind,1999,39552.957
x64,sex_m,eco_sector_ind,2000,39823.762
x64,sex_m,eco_sector_ind,2001,39926.521
x64,sex_m,eco_sector_ind,2002,39658.842
x64,sex_m,eco_sector_ind,2003,39254.036
x64,sex_m,eco_sector_ind,2004,39124.994
x64,sex_m,eco_sector_ind,2005,39101.665
x64,sex_m,eco_sector_ind,2006,39659.017
x64,sex_m,eco_sector_ind,2007,40422.701
x64,sex_m,eco_sector_ind,2008,39904.098
x64,sex_m,eco_sector_ind,2009,37360.934
x64,sex_m,eco_sector_ind,2010,36396.64
x64,sex_m,eco_sector_ind,2011,35654.203
x64,sex_m,eco_sector_ind,2012,35086.644
x64,sex_m,eco_sector_ind,2013,34264.59
x64,sex_m,eco_sector_ind,2014,34288.289
x64,sex_m,eco_sector_ind,2015,34576.766
x64,sex_m,eco_sector_ind,2016,34779.328
x64,sex_m,eco_sector_ind,2017,35177.252
x64,sex_m,eco_sector_ind,2018,35622.246
x64,sex_m,eco_sector_ind,2019,35940.687
x64,sex_m,eco_sector_ind,2020,35079.115
x64,sex_m,eco_sector_ind,2021,34957.725
x64,sex_m,eco_sector_ind,2022,35421.912
x64,sex_m,eco_sector_ind,2023,35408.188
x64,sex_m,eco_sector_ind,2024,35445.792
x64,sex_m,eco_sector_ind,2025,34974.387
x64,sex_m,eco_sector_ser,1991,53622.245
x64,sex_m,eco_sector_ser,1992,53404.118
x64,sex_m,eco_sector_ser,1993,52847.69
x64,sex_m,eco_sector_ser,1994,53197.736
x64,sex_m,eco_sector_ser,1995,53795.321
x64,sex_m,eco_sector_ser,1996,54222.888
x64,sex_m,eco_sector_ser,1997,54741.399
x64,sex_m,eco_sector_ser,1998,55306.74
x64,sex_m,eco_sector_ser,1999,56376.654
x64,sex_m,eco_sector_ser,2000,57460.509
x64,sex_m,eco_sector_ser,2001,58255.437
x64,sex_m,eco_sector_ser,2002,58838.98
x64,sex_m,eco_sector_ser,2003,59567.57
x64,sex_m,eco_sector_ser,2004,60243.335
x64,sex_m,eco_sector_ser,2005,61271.914
x64,sex_m,eco_sector_ser,2006,62121.161
x64,sex_m,eco_sector_ser,2007,62956.55
x64,sex_m,eco_sector_ser,2008,64599.702
x64,sex_m,eco_sector_ser,2009,63849.729
x64,sex_m,eco_sector_ser,2010,64166.295
x64,sex_m,eco_sector_ser,2011,64929.434
x64,sex_m,eco_sector_ser,2012,64892.841
x64,sex_m,eco_sector_ser,2013,65316.894
x64,sex_m,eco_sector_ser,2014,66044.736
x64,sex_m,eco_sector_ser,2015,67092.739
x64,sex_m,eco_sector_ser,2016,68400.363
x64,sex_m,eco_sector_ser,2017,69585.643
x64,sex_m,eco_sector_ser,2018,70810.752
x64,sex_m,eco_sector_ser,2019,71452.852
x64,sex_m,eco_sector_ser,2020,70917.111
x64,sex_m,eco_sector_ser,2021,71483.773
x64,sex_m,eco_sector_ser,2022,73704.047
x64,sex_m,eco_sector_ser,2023,74871.576
x64,sex_m,eco_sector_ser,2024,75099.491
x64,sex_m,eco_sector_ser,2025,75339.426
x64,sex_m,eco_sector_total,1991,104842.711
x64,sex_m,eco_sector_total,1992,103029.604
x64,sex_m,eco_sector_total,1993,100683.394
x64,sex_m,eco_sector_total,1994,99804.715
x64,sex_m,eco_sector_total,1995,100219.227
x64,sex_m,eco_sector_total,1996,100185.31
x64,sex_m,eco_sector_total,1997,100583.144
x64,sex_m,eco_sector_total,1998,101432.154
x64,sex_m,eco_sector_total,1999,102436.649
x64,sex_m,eco_sector_total,2000,103603.147
x64,sex_m,eco_sector_total,2001,104393.059
x64,sex_m,eco_sector_total,2002,104581.953
x64,sex_m,eco_sector_total,2003,104832.524
x64,sex_m,eco_sector_total,2004,105098.618
x64,sex_m,eco_sector_total,2005,106042.724
x64,sex_m,eco_sector_total,2006,107435.344
x64,sex_m,eco_sector_total,2007,108816.459
x64,sex_m,eco_sector_total,2008,109457.205
x64,sex_m,eco_sector_total,2009,106112.419
x64,sex_m,eco_sector_total,2010,105414.924
x64,sex_m,eco_sector_total,2011,105321.625
x64,sex_m,eco_sector_total,2012,104682.61
x64,sex_m,eco_sector_total,2013,104205.545
x64,sex_m,eco_sector_total,2014,104946.618
x64,sex_m,eco_sector_total,2015,106225.099
x64,sex_m,eco_sector_total,2016,107773.637
x64,sex_m,eco_sector_total,2017,109291.769
x64,sex_m,eco_sector_total,2018,110841.132
x64,sex_m,eco_sector_total,2019,111821.22
x64,sex_m,eco_sector_total,2020,110189.435
x64,sex_m,eco_sector_total,2021,110774.804
x64,sex_m,eco_sector_total,2022,113431.041
x64,sex_m,eco_sector_total,2023,114494.692
x64,sex_m,eco_sector_total,2024,114618.775
x64,sex_m,eco_sector_total,2025,114285.97
x64,sex_t,eco_aggregate_agr,1991,13054.908
x64,sex_t,eco_aggregate_agr,1992,12427.592
x64,sex_t,eco_aggregate_agr,1993,11824.603
x64,sex_t,eco_aggregate_agr,1994,11499.089
x64,sex_t,eco_aggregate_agr,1995,11182.273
x64,sex_t,eco_aggregate_agr,1996,10929.182
x64,sex_t,eco_aggregate_agr,1997,10792.352
x64,sex_t,eco_aggregate_agr,1998,10422.121
x64,sex_t,eco_aggregate_agr,1999,10220.91
x64,sex_t,eco_aggregate_agr,2000,9931.611
x64,sex_t,eco_aggregate_agr,2001,9733.6
x64,sex_t,eco_aggregate_agr,2002,9508.488
x64,sex_t,eco_aggregate_agr,2003,9375.406
x64,sex_t,eco_aggregate_agr,2004,8895.211
x64,sex_t,eco_aggregate_agr,2005,8823.374
x64,sex_t,eco_aggregate_agr,2006,8727.796
x64,sex_t,eco_aggregate_agr,2007,8419.36
x64,sex_t,eco_aggregate_agr,2008,7794.225
x64,sex_t,eco_aggregate_agr,2009,7619.144
x64,sex_t,eco_aggregate_agr,2010,7440.795
x64,sex_t,eco_aggregate_agr,2011,7317.677
x64,sex_t,eco_aggregate_agr,2012,7185.137
x64,sex_t,eco_aggregate_agr,2013,6956.758
x64,sex_t,eco_aggregate_agr,2014,6902.075
x64,sex_t,eco_aggregate_agr,2015,6783.932
x64,sex_t,eco_aggregate_agr,2016,6803.997
x64,sex_t,eco_aggregate_agr,2017,6718.664
x64,sex_t,eco_aggregate_agr,2018,6517.977
x64,sex_t,eco_aggregate_agr,2019,6541.165
x64,sex_t,eco_aggregate_agr,2020,6162.931
x64,sex_t,eco_aggregate_agr,2021,6417.26
x64,sex_t,eco_aggregate_agr,2022,6416.174
x64,sex_t,eco_aggregate_agr,2023,6260.226
x64,sex_t,eco_aggregate_agr,2024,6085.015
x64,sex_t,eco_aggregate_agr,2025,5913.622
x64,sex_t,eco_aggregate_con,1991,13500.742
x64,sex_t,eco_aggregate_con,1992,13264.752
x64,sex_t,eco_aggregate_con,1993,12964.333
x64,sex_t,eco_aggregate_con,1994,13131.635
x64,sex_t,eco_aggregate_con,1995,13107.66
x64,sex_t,eco_aggregate_con,1996,13204.736
x64,sex_t,eco_aggregate_con,1997,13212.072
x64,sex_t,eco_aggregate_con,1998,13251.037
x64,sex_t,eco_aggregate_con,1999,13593.888
x64,sex_t,eco_aggregate_con,2000,13954.519
x64,sex_t,eco_aggregate_con,2001,14170.058
x64,sex_t,eco_aggregate_con,2002,14291.351
x64,sex_t,eco_aggregate_con,2003,14528.034
x64,sex_t,eco_aggregate_con,2004,14726.458
x64,sex_t,eco_aggregate_con,2005,15020.44
x64,sex_t,eco_aggregate_con,2006,15486.01
x64,sex_t,eco_aggregate_con,2007,15977.75
x64,sex_t,eco_aggregate_con,2008,16177.93
x64,sex_t,eco_aggregate_con,2009,14908.239
x64,sex_t,eco_aggregate_con,2010,14381.96
x64,sex_t,eco_aggregate_con,2011,13888.192
x64,sex_t,eco_aggregate_con,2012,13479.497
x64,sex_t,eco_aggregate_con,2013,13089.336
x64,sex_t,eco_aggregate_con,2014,12944.712
x64,sex_t,eco_aggregate_con,2015,12973.539
x64,sex_t,eco_aggregate_con,2016,13079.148
x64,sex_t,eco_aggregate_con,2017,13391.529
x64,sex_t,eco_aggregate_con,2018,13575.983
x64,sex_t,eco_aggregate_con,2019,13802.849
x64,sex_t,eco_aggregate_con,2020,12964.036
x64,sex_t,eco_aggregate_con,2021,13191.274
x64,sex_t,eco_aggregate_con,2022,13832.209
x64,sex_t,eco_aggregate_con,2023,13837.136
x64,sex_t,eco_aggregate_con,2024,13858.004
x64,sex_t,eco_aggregate_con,2025,13780.335
x64,sex_t,eco_aggregate_man,1991,39981.482
x64,sex_t,eco_aggregate_man,1992,38669.895
x64,sex_t,eco_aggregate_man,1993,37171.383
x64,sex_t,eco_aggregate_man,1994,35743.165
x64,sex_t,eco_aggregate_man,1995,35694.107
x64,sex_t,eco_aggregate_man,1996,35192.647
x64,sex_t,eco_aggregate_man,1997,35017.91
x64,sex_t,eco_aggregate_man,1998,35722.981
x64,sex_t,eco_aggregate_man,1999,35461.971
x64,sex_t,eco_aggregate_man,2000,35483.301
x64,sex_t,eco_aggregate_man,2001,35409.013
x64,sex_t,eco_aggregate_man,2002,34847.436
x64,sex_t,eco_aggregate_man,2003,33961.204
x64,sex_t,eco_aggregate_man,2004,33444.847
x64,sex_t,eco_aggregate_man,2005,32908.067
x64,sex_t,eco_aggregate_man,2006,33040.593
x64,sex_t,eco_aggregate_man,2007,33446.866
x64,sex_t,eco_aggregate_man,2008,31740.12
x64,sex_t,eco_aggregate_man,2009,29431.098
x64,sex_t,eco_aggregate_man,2010,28742.461
x64,sex_t,eco_aggregate_man,2011,28231.094
x64,sex_t,eco_aggregate_man,2012,28000.132
x64,sex_t,eco_aggregate_man,2013,27564.912
x64,sex_t,eco_aggregate_man,2014,27744.795
x64,sex_t,eco_aggregate_man,2015,27979
x64,sex_t,eco_aggregate_man,2016,28194.314
x64,sex_t,eco_aggregate_man,2017,28511.611
x64,sex_t,eco_aggregate_man,2018,28815.383
x64,sex_t,eco_aggregate_man,2019,29089.262
x64,sex_t,eco_aggregate_man,2020,28969.307
x64,sex_t,eco_aggregate_man,2021,28722.833
x64,sex_t,eco_aggregate_man,2022,28729.747
x64,sex_t,eco_aggregate_man,2023,28567.387
x64,sex_t,eco_aggregate_man,2024,28442.452
x64,sex_t,eco_aggregate_man,2025,27823.228
x64,sex_t,eco_aggregate_mel,1991,2972.33
x64,sex_t,eco_aggregate_mel,1992,2934.199
x64,sex_t,eco_aggregate_mel,1993,2840.293
x64,sex_t,eco_aggregate_mel,1994,2653.578
x64,sex_t,eco_aggregate_mel,1995,2657.935
x64,sex_t,eco_aggregate_mel,1996,2536.514
x64,sex_t,eco_aggregate_mel,1997,2509.785
x64,sex_t,eco_aggregate_mel,1998,2432.693
x64,sex_t,eco_aggregate_mel,1999,2364.406
x64,sex_t,eco_aggregate_mel,2000,2312.537
x64,sex_t,eco_aggregate_mel,2001,2299.633
x64,sex_t,eco_aggregate_mel,2002,2316.148
x64,sex_t,eco_aggregate_mel,2003,2259.394
x64,sex_t,eco_aggregate_mel,2004,2196.026
x64,sex_t,eco_aggregate_mel,2005,2276.576
x64,sex_t,eco_aggregate_mel,2006,2324.178
x64,sex_t,eco_aggregate_mel,2007,2247.89
x64,sex_t,eco_aggregate_mel,2008,2893.527
x64,sex_t,eco_aggregate_mel,2009,3038.799
x64,sex_t,eco_aggregate_mel,2010,3107.109
x64,sex_t,eco_aggregate_mel,2011,3262.306
x64,sex_t,eco_aggregate_mel,2012,3343.573
x64,sex_t,eco_aggregate_mel,2013,3308.926
x64,sex_t,eco_aggregate_mel,2014,3249.368
x64,sex_t,eco_aggregate_mel,2015,3285.468
x64,sex_t,eco_aggregate_mel,2016,3216.636
x64,sex_t,eco_aggregate_mel,2017,3247.01
x64,sex_t,eco_aggregate_mel,2018,3393.079
x64,sex_t,eco_aggregate_mel,2019,3426.842
x64,sex_t,eco_aggregate_mel,2020,3419.354
x64,sex_t,eco_aggregate_mel,2021,3511.016
x64,sex_t,eco_aggregate_mel,2022,3556.713
x64,sex_t,eco_aggregate_mel,2023,3625.765
x64,sex_t,eco_aggregate_mel,2024,3779.126
x64,sex_t,eco_aggregate_mel,2025,3773.975
x64,sex_t,eco_aggregate_mkt,1991,59036.926
x64,sex_t,eco_aggregate_mkt,1992,59102.815
x64,sex_t,eco_aggregate_mkt,1993,58749.775
x64,sex_t,eco_aggregate_mkt,1994,59084.764
x64,sex_t,eco_aggregate_mkt,1995,59739.839
x64,sex_t,eco_aggregate_mkt,1996,60444.995
x64,sex_t,eco_aggregate_mkt,1997,61495.935
x64,sex_t,eco_aggregate_mkt,1998,62493.64
x64,sex_t,eco_aggregate_mkt,1999,64338.418
x64,sex_t,eco_aggregate_mkt,2000,66273.616
x64,sex_t,eco_aggregate_mkt,2001,67599.005
x64,sex_t,eco_aggregate_mkt,2002,68662.865
x64,sex_t,eco_aggregate_mkt,2003,69496.173
x64,sex_t,eco_aggregate_mkt,2004,70546.465
x64,sex_t,eco_aggregate_mkt,2005,71910.945
x64,sex_t,eco_aggregate_mkt,2006,73690.481
x64,sex_t,eco_aggregate_mkt,2007,75586.778
x64,sex_t,eco_aggregate_mkt,2008,78677.746
x64,sex_t,eco_aggregate_mkt,2009,78019.304
x64,sex_t,eco_aggregate_mkt,2010,77507.06
x64,sex_t,eco_aggregate_mkt,2011,78447.193
x64,sex_t,eco_aggregate_mkt,2012,78748.493
x64,sex_t,eco_aggregate_mkt,2013,79487.331
x64,sex_t,eco_aggregate_mkt,2014,80442.053
x64,sex_t,eco_aggregate_mkt,2015,81945.812
x64,sex_t,eco_aggregate_mkt,2016,83860.223
x64,sex_t,eco_aggregate_mkt,2017,85165.259
x64,sex_t,eco_aggregate_mkt,2018,86592.93
x64,sex_t,eco_aggregate_mkt,2019,87123.826
x64,sex_t,eco_aggregate_mkt,2020,84950.945
x64,sex_t,eco_aggregate_mkt,2021,85839.516
x64,sex_t,eco_aggregate_mkt,2022,89105.957
x64,sex_t,eco_aggregate_mkt,2023,90864.601
x64,sex_t,eco_aggregate_mkt,2024,90952.203
x64,sex_t,eco_aggregate_mkt,2025,91043.927
x64,sex_t,eco_aggregate_pub,1991,48173.707
x64,sex_t,eco_aggregate_pub,1992,48141.276
x64,sex_t,eco_aggregate_pub,1993,47849.447
x64,sex_t,eco_aggregate_pub,1994,48524.999
x64,sex_t,eco_aggregate_pub,1995,49231.851
x64,sex_t,eco_aggregate_pub,1996,50208.466
x64,sex_t,eco_aggregate_pub,1997,50725.682
x64,sex_t,eco_aggregate_pub,1998,51271.288
x64,sex_t,eco_aggregate_pub,1999,52395.895
x64,sex_t,eco_aggregate_pub,2000,53273.931
x64,sex_t,eco_aggregate_pub,2001,54221.617
x64,sex_t,eco_aggregate_pub,2002,55317.397
x64,sex_t,eco_aggregate_pub,2003,56792.374
x64,sex_t,eco_aggregate_pub,2004,57680.222
x64,sex_t,eco_aggregate_pub,2005,58843.542
x64,sex_t,eco_aggregate_pub,2006,59697.184
x64,sex_t,eco_aggregate_pub,2007,60383.328
x64,sex_t,eco_aggregate_pub,2008,60736.081
x64,sex_t,eco_aggregate_pub,2009,61141.668
x64,sex_t,eco_aggregate_pub,2010,62040.935
x64,sex_t,eco_aggregate_pub,2011,62682.672
x64,sex_t,eco_aggregate_pub,2012,62469.768
x64,sex_t,eco_aggregate_pub,2013,62556.875
x64,sex_t,eco_aggregate_pub,2014,63283.386
x64,sex_t,eco_aggregate_pub,2015,63984.652
x64,sex_t,eco_aggregate_pub,2016,64795.627
x64,sex_t,eco_aggregate_pub,2017,65840.948
x64,sex_t,eco_aggregate_pub,2018,66883.794
x64,sex_t,eco_aggregate_pub,2019,68225.805
x64,sex_t,eco_aggregate_pub,2020,68902.099
x64,sex_t,eco_aggregate_pub,2021,69353.568
x64,sex_t,eco_aggregate_pub,2022,70354.71
x64,sex_t,eco_aggregate_pub,2023,71304.605
x64,sex_t,eco_aggregate_pub,2024,71897.96
x64,sex_t,eco_aggregate_pub,2025,71960.005
x64,sex_t,eco_aggregate_total,1991,176720.094
x64,sex_t,eco_aggregate_total,1992,174540.531
x64,sex_t,eco_aggregate_total,1993,171399.833
x64,sex_t,eco_aggregate_total,1994,170637.225
x64,sex_t,eco_aggregate_total,1995,171613.665
x64,sex_t,eco_aggregate_total,1996,172516.542
x64,sex_t,eco_aggregate_total,1997,173753.734
x64,sex_t,eco_aggregate_total,1998,175593.763
x64,sex_t,eco_aggregate_total,1999,178375.494
x64,sex_t,eco_aggregate_total,2000,181229.517
x64,sex_t,eco_aggregate_total,2001,183432.921
x64,sex_t,eco_aggregate_total,2002,184943.689
x64,sex_t,eco_aggregate_total,2003,186412.588
x64,sex_t,eco_aggregate_total,2004,187489.228
x64,sex_t,eco_aggregate_total,2005,189782.94
x64,sex_t,eco_aggregate_total,2006,192966.245
x64,sex_t,eco_aggregate_total,2007,196061.97
x64,sex_t,eco_aggregate_total,2008,198019.635
x64,sex_t,eco_aggregate_total,2009,194158.251
x64,sex_t,eco_aggregate_total,2010,193220.321
x64,sex_t,eco_aggregate_total,2011,193829.138
x64,sex_t,eco_aggregate_total,2012,193226.607
x64,sex_t,eco_aggregate_total,2013,192964.135
x64,sex_t,eco_aggregate_total,2014,194566.383
x64,sex_t,eco_aggregate_total,2015,196952.403
x64,sex_t,eco_aggregate_total,2016,199949.939
x64,sex_t,eco_aggregate_total,2017,202875.02
x64,sex_t,eco_aggregate_total,2018,205779.148
x64,sex_t,eco_aggregate_total,2019,208209.754
x64,sex_t,eco_aggregate_total,2020,205368.674
x64,sex_t,eco_aggregate_total,2021,207035.467
x64,sex_t,eco_aggregate_total,2022,211995.512
x64,sex_t,eco_aggregate_total,2023,214459.724
x64,sex_t,eco_aggregate_total,2024,215014.762
x64,sex_t,eco_aggregate_total,2025,214295.091
x64,sex_t,eco_details_a,1991,13054.908
x64,sex_t,eco_details_a,1992,12427.592
x64,sex_t,eco_details_a,1993,11824.603
x64,sex_t,eco_details_a,1994,11499.089
x64,sex_t,eco_details_a,1995,11182.273
x64,sex_t,eco_details_a,1996,10929.182
x64,sex_t,eco_details_a,1997,10792.352
x64,sex_t,eco_details_a,1998,10422.122
x64,sex_t,eco_details_a,1999,10220.91
x64,sex_t,eco_details_a,2000,9931.612
x64,sex_t,eco_details_a,2001,9733.6
x64,sex_t,eco_details_a,2002,9508.488
x64,sex_t,eco_details_a,2003,9375.406
x64,sex_t,eco_details_a,2004,8895.211
x64,sex_t,eco_details_a,2005,8823.374
x64,sex_t,eco_details_a,2006,8727.796
x64,sex_t,eco_details_a,2007,8419.36
x64,sex_t,eco_details_a,2008,7794.225
x64,sex_t,eco_details_a,2009,7619.144
x64,sex_t,eco_details_a,2010,7440.795
x64,sex_t,eco_details_a,2011,7317.677
x64,sex_t,eco_details_a,2012,7185.137
x64,sex_t,eco_details_a,2013,6956.758
x64,sex_t,eco_details_a,2014,6902.075
x64,sex_t,eco_details_a,2015,6783.932
x64,sex_t,eco_details_a,2016,6803.997
x64,sex_t,eco_details_a,2017,6718.664
x64,sex_t,eco_details_a,2018,6517.977
x64,sex_t,eco_details_a,2019,6541.165
x64,sex_t,eco_details_a,2020,6162.931
x64,sex_t,eco_details_a,2021,6417.26
x64,sex_t,eco_details_a,2022,6416.175
x64,sex_t,eco_details_a,2023,6260.226
x64,sex_t,eco_details_a,2024,6085.015
x64,sex_t,eco_details_a,2025,5913.622
x64,sex_t,eco_details_b,1991,998.605
x64,sex_t,eco_details_b,1992,968.883
x64,sex_t,eco_details_b,1993,928.231
x64,sex_t,eco_details_b,1994,808.283
x64,sex_t,eco_details_b,1995,812.252
x64,sex_t,eco_details_b,1996,762.038
x64,sex_t,eco_details_b,1997,743.615
x64,sex_t,eco_details_b,1998,711.144
x64,sex_t,eco_details_b,1999,705.547
x64,sex_t,eco_details_b,2000,678.188
x64,sex_t,eco_details_b,2001,676.64
x64,sex_t,eco_details_b,2002,670.227
x64,sex_t,eco_details_b,2003,631.586
x64,sex_t,eco_details_b,2004,559.656
x64,sex_t,eco_details_b,2005,565.935
x64,sex_t,eco_details_b,2006,574.463
x64,sex_t,eco_details_b,2007,548.368
x64,sex_t,eco_details_b,2008,588.661
x64,sex_t,eco_details_b,2009,527.498
x64,sex_t,eco_details_b,2010,553.583
x64,sex_t,eco_details_b,2011,530.953
x64,sex_t,eco_details_b,2012,578.089
x64,sex_t,eco_details_b,2013,571.528
x64,sex_t,eco_details_b,2014,596.556
x64,sex_t,eco_details_b,2015,596.368
x64,sex_t,eco_details_b,2016,524.067
x64,sex_t,eco_details_b,2017,511.361
x64,sex_t,eco_details_b,2018,526.801
x64,sex_t,eco_details_b,2019,518.734
x64,sex_t,eco_details_b,2020,517.668
x64,sex_t,eco_details_b,2021,513.59
x64,sex_t,eco_details_b,2022,539.185
x64,sex_t,eco_details_b,2023,525.282
x64,sex_t,eco_details_b,2024,531.162
x64,sex_t,eco_details_b,2025,521.088
x64,sex_t,eco_details_c,1991,39981.482
x64,sex_t,eco_details_c,1992,38669.895
x64,sex_t,eco_details_c,1993,37171.382
x64,sex_t,eco_details_c,1994,35743.165
x64,sex_t,eco_details_c,1995,35694.106
x64,sex_t,eco_details_c,1996,35192.646
x64,sex_t,eco_details_c,1997,35017.91
x64,sex_t,eco_details_c,1998,35722.982
x64,sex_t,eco_details_c,1999,35461.97
x64,sex_t,eco_details_c,2000,35483.302
x64,sex_t,eco_details_c,2001,35409.013
x64,sex_t,eco_details_c,2002,34847.437
x64,sex_t,eco_details_c,2003,33961.203
x64,sex_t,eco_details_c,2004,33444.847
x64,sex_t,eco_details_c,2005,32908.066
x64,sex_t,eco_details_c,2006,33040.594
x64,sex_t,eco_details_c,2007,33446.866
x64,sex_t,eco_details_c,2008,31740.122
x64,sex_t,eco_details_c,2009,29431.098
x64,sex_t,eco_details_c,2010,28742.462
x64,sex_t,eco_details_c,2011,28231.094
x64,sex_t,eco_details_c,2012,28000.132
x64,sex_t,eco_details_c,2013,27564.912
x64,sex_t,eco_details_c,2014,27744.794
x64,sex_t,eco_details_c,2015,27979.001
x64,sex_t,eco_details_c,2016,28194.314
x64,sex_t,eco_details_c,2017,28511.613
x64,sex_t,eco_details_c,2018,28815.382
x64,sex_t,eco_details_c,2019,29089.261
x64,sex_t,eco_details_c,2020,28969.307
x64,sex_t,eco_details_c,2021,28722.833
x64,sex_t,eco_details_c,2022,28729.747
x64,sex_t,eco_details_c,2023,28567.388
x64,sex_t,eco_details_c,2024,28442.452
x64,sex_t,eco_details_c,2025,27823.229
x64,sex_t,eco_details_de,1991,1973.725
x64,sex_t,eco_details_de,1992,1965.316
x64,sex_t,eco_details_de,1993,1912.062
x64,sex_t,eco_details_de,1994,1845.295
x64,sex_t,eco_details_de,1995,1845.683
x64,sex_t,eco_details_de,1996,1774.475
x64,sex_t,eco_details_de,1997,1766.17
x64,sex_t,eco_details_de,1998,1721.549
x64,sex_t,eco_details_de,1999,1658.858
x64,sex_t,eco_details_de,2000,1634.349
x64,sex_t,eco_details_de,2001,1622.993
x64,sex_t,eco_details_de,2002,1645.921
x64,sex_t,eco_details_de,2003,1627.809
x64,sex_t,eco_details_de,2004,1636.37
x64,sex_t,eco_details_de,2005,1710.641
x64,sex_t,eco_details_de,2006,1749.715
x64,sex_t,eco_details_de,2007,1699.523
x64,sex_t,eco_details_de,2008,2304.867
x64,sex_t,eco_details_de,2009,2511.301
x64,sex_t,eco_details_de,2010,2553.527
x64,sex_t,eco_details_de,2011,2731.353
x64,sex_t,eco_details_de,2012,2765.484
x64,sex_t,eco_details_de,2013,2737.398
x64,sex_t,eco_details_de,2014,2652.812
x64,sex_t,eco_details_de,2015,2689.1
x64,sex_t,eco_details_de,2016,2692.569
x64,sex_t,eco_details_de,2017,2735.649
x64,sex_t,eco_details_de,2018,2866.278
x64,sex_t,eco_details_de,2019,2908.108
x64,sex_t,eco_details_de,2020,2901.686
x64,sex_t,eco_details_de,2021,2997.425
x64,sex_t,eco_details_de,2022,3017.528
x64,sex_t,eco_details_de,2023,3100.482
x64,sex_t,eco_details_de,2024,3247.965
x64,sex_t,eco_details_de,2025,3252.887
x64,sex_t,eco_details_f,1991,13500.742
x64,sex_t,eco_details_f,1992,13264.752
x64,sex_t,eco_details_f,1993,12964.332
x64,sex_t,eco_details_f,1994,13131.635
x64,sex_t,eco_details_f,1995,13107.66
x64,sex_t,eco_details_f,1996,13204.736
x64,sex_t,eco_details_f,1997,13212.071
x64,sex_t,eco_details_f,1998,13251.037
x64,sex_t,eco_details_f,1999,13593.888
x64,sex_t,eco_details_f,2000,13954.52
x64,sex_t,eco_details_f,2001,14170.058
x64,sex_t,eco_details_f,2002,14291.351
x64,sex_t,eco_details_f,2003,14528.034
x64,sex_t,eco_details_f,2004,14726.457
x64,sex_t,eco_details_f,2005,15020.439
x64,sex_t,eco_details_f,2006,15486.01
x64,sex_t,eco_details_f,2007,15977.75
x64,sex_t,eco_details_f,2008,16177.93
x64,sex_t,eco_details_f,2009,14908.24
x64,sex_t,eco_details_f,2010,14381.96
x64,sex_t,eco_details_f,2011,13888.192
x64,sex_t,eco_details_f,2012,13479.497
x64,sex_t,eco_details_f,2013,13089.336
x64,sex_t,eco_details_f,2014,12944.712
x64,sex_t,eco_details_f,2015,12973.539
x64,sex_t,eco_details_f,2016,13079.148
x64,sex_t,eco_details_f,2017,13391.53
x64,sex_t,eco_details_f,2018,13575.983
x64,sex_t,eco_details_f,2019,13802.849
x64,sex_t,eco_details_f,2020,12964.036
x64,sex_t,eco_details_f,2021,13191.274
x64,sex_t,eco_details_f,2022,13832.21
x64,sex_t,eco_details_f,2023,13837.136
x64,sex_t,eco_details_f,2024,13858.004
x64,sex_t,eco_details_f,2025,13780.335
x64,sex_t,eco_details_g,1991,25951.288
x64,sex_t,eco_details_g,1992,25812.459
x64,sex_t,eco_details_g,1993,25587.616
x64,sex_t,eco_details_g,1994,25600.067
x64,sex_t,eco_details_g,1995,25612.362
x64,sex_t,eco_details_g,1996,25808.956
x64,sex_t,eco_details_g,1997,25826.141
x64,sex_t,eco_details_g,1998,26004.907
x64,sex_t,eco_details_g,1999,26386.911
x64,sex_t,eco_details_g,2000,26769.18
x64,sex_t,eco_details_g,2001,26878.812
x64,sex_t,eco_details_g,2002,26858.654
x64,sex_t,eco_details_g,2003,27314.086
x64,sex_t,eco_details_g,2004,27436.846
x64,sex_t,eco_details_g,2005,27710.567
x64,sex_t,eco_details_g,2006,28115.819
x64,sex_t,eco_details_g,2007,28317.286
x64,sex_t,eco_details_g,2008,28435.033
x64,sex_t,eco_details_g,2009,27678.502
x64,sex_t,eco_details_g,2010,27081.627
x64,sex_t,eco_details_g,2011,27257.588
x64,sex_t,eco_details_g,2012,27212.07
x64,sex_t,eco_details_g,2013,27527.474
x64,sex_t,eco_details_g,2014,27528.385
x64,sex_t,eco_details_g,2015,27779.691
x64,sex_t,eco_details_g,2016,28203.986
x64,sex_t,eco_details_g,2017,28395.403
x64,sex_t,eco_details_g,2018,28474.779
x64,sex_t,eco_details_g,2019,28404.805
x64,sex_t,eco_details_g,2020,27352.346
x64,sex_t,eco_details_g,2021,27437.958
x64,sex_t,eco_details_g,2022,27673.543
x64,sex_t,eco_details_g,2023,27791.084
x64,sex_t,eco_details_g,2024,27554.352
x64,sex_t,eco_details_g,2025,27293.206
x64,sex_t,eco_details_hj,1991,11514.796
x64,sex_t,eco_details_hj,1992,11542.174
x64,sex_t,eco_details_hj,1993,11432.469
x64,sex_t,eco_details_hj,1994,11438.031
x64,sex_t,eco_details_hj,1995,11577.334
x64,sex_t,eco_details_hj,1996,11618.105
x64,sex_t,eco_details_hj,1997,11790.413
x64,sex_t,eco_details_hj,1998,12161.638
x64,sex_t,eco_details_hj,1999,12658.283
x64,sex_t,eco_details_hj,2000,13323.143
x64,sex_t,eco_details_hj,2001,13983.168
x64,sex_t,eco_details_hj,2002,14014.858
x64,sex_t,eco_details_hj,2003,14023.663
x64,sex_t,eco_details_hj,2004,14064.244
x64,sex_t,eco_details_hj,2005,14235.367
x64,sex_t,eco_details_hj,2006,14532.3
x64,sex_t,eco_details_hj,2007,14746.904
x64,sex_t,eco_details_hj,2008,15756.273
x64,sex_t,eco_details_hj,2009,15608.104
x64,sex_t,eco_details_hj,2010,15648.91
x64,sex_t,eco_details_hj,2011,15719.512
x64,sex_t,eco_details_hj,2012,15750.302
x64,sex_t,eco_details_hj,2013,15724.518
x64,sex_t,eco_details_hj,2014,15908.775
x64,sex_t,eco_details_hj,2015,16097.423
x64,sex_t,eco_details_hj,2016,16555.498
x64,sex_t,eco_details_hj,2017,16905.232
x64,sex_t,eco_details_hj,2018,17437.28
x64,sex_t,eco_details_hj,2019,17675.92
x64,sex_t,eco_details_hj,2020,17952.013
x64,sex_t,eco_details_hj,2021,18366.397
x64,sex_t,eco_details_hj,2022,19132.873
x64,sex_t,eco_details_hj,2023,19590.824
x64,sex_t,eco_details_hj,2024,19592.117
x64,sex_t,eco_details_hj,2025,19593.69
x64,sex_t,eco_details_i,1991,6198.106
x64,sex_t,eco_details_i,1992,6193.039
x64,sex_t,eco_details_i,1993,6149.148
x64,sex_t,eco_details_i,1994,6356.065
x64,sex_t,eco_details_i,1995,6473.383
x64,sex_t,eco_details_i,1996,6575.627
x64,sex_t,eco_details_i,1997,6838.36
x64,sex_t,eco_details_i,1998,6862.745
x64,sex_t,eco_details_i,1999,7055.421
x64,sex_t,eco_details_i,2000,7355.942
x64,sex_t,eco_details_i,2001,7458.01
x64,sex_t,eco_details_i,2002,7790.455
x64,sex_t,eco_details_i,2003,7738.564
x64,sex_t,eco_details_i,2004,8033.43
x64,sex_t,eco_details_i,2005,8308.603
x64,sex_t,eco_details_i,2006,8511.164
x64,sex_t,eco_details_i,2007,8925.756
x64,sex_t,eco_details_i,2008,9235.797
x64,sex_t,eco_details_i,2009,9069.393
x64,sex_t,eco_details_i,2010,9215.651
x64,sex_t,eco_details_i,2011,9307.016
x64,sex_t,eco_details_i,2012,9410.558
x64,sex_t,eco_details_i,2013,9307.411
x64,sex_t,eco_details_i,2014,9581.48
x64,sex_t,eco_details_i,2015,10017.621
x64,sex_t,eco_details_i,2016,10411.607
x64,sex_t,eco_details_i,2017,10637.261
x64,sex_t,eco_details_i,2018,10863.976
x64,sex_t,eco_details_i,2019,10915.895
x64,sex_t,eco_details_i,2020,9633.57
x64,sex_t,eco_details_i,2021,9241.643
x64,sex_t,eco_details_i,2022,10593.98
x64,sex_t,eco_details_i,2023,11006.298
x64,sex_t,eco_details_i,2024,11020.052
x64,sex_t,eco_details_i,2025,11055.062
x64,sex_t,eco_details_k,1991,5989.236
x64,sex_t,eco_details_k,1992,5988.567
x64,sex_t,eco_details_k,1993,5939.44
x64,sex_t,eco_details_k,1994,5894.232
x64,sex_t,eco_details_k,1995,5907.175
x64,sex_t,eco_details_k,1996,5845.106
x64,sex_t,eco_details_k,1997,5909.041
x64,sex_t,eco_details_k,1998,5882.812
x64,sex_t,eco_details_k,1999,5943.125
x64,sex_t,eco_details_k,2000,6056.429
x64,sex_t,eco_details_k,2001,6086.529
x64,sex_t,eco_details_k,2002,6149.957
x64,sex_t,eco_details_k,2003,6182.508
x64,sex_t,eco_details_k,2004,5924.277
x64,sex_t,eco_details_k,2005,6012.596
x64,sex_t,eco_details_k,2006,6068.218
x64,sex_t,eco_details_k,2007,6301.379
x64,sex_t,eco_details_k,2008,6324.092
x64,sex_t,eco_details_k,2009,6268.596
x64,sex_t,eco_details_k,2010,6129.14
x64,sex_t,eco_details_k,2011,6175.323
x64,sex_t,eco_details_k,2012,6172.763
x64,sex_t,eco_details_k,2013,6082.391
x64,sex_t,eco_details_k,2014,6133.992
x64,sex_t,eco_details_k,2015,6142.307
x64,sex_t,eco_details_k,2016,6224.791
x64,sex_t,eco_details_k,2017,6195.8
x64,sex_t,eco_details_k,2018,6296.084
x64,sex_t,eco_details_k,2019,6206.091
x64,sex_t,eco_details_k,2020,6463.336
x64,sex_t,eco_details_k,2021,6656.733
x64,sex_t,eco_details_k,2022,6536.353
x64,sex_t,eco_details_k,2023,6710.657
x64,sex_t,eco_details_k,2024,6658.556
x64,sex_t,eco_details_k,2025,6613.475
x64,sex_t,eco_details_lmn,1991,9383.499
x64,sex_t,eco_details_lmn,1992,9566.574
x64,sex_t,eco_details_lmn,1993,9641.101
x64,sex_t,eco_details_lmn,1994,9796.367
x64,sex_t,eco_details_lmn,1995,10169.584
x64,sex_t,eco_details_lmn,1996,10597.201
x64,sex_t,eco_details_lmn,1997,11131.981
x64,sex_t,eco_details_lmn,1998,11581.537
x64,sex_t,eco_details_lmn,1999,12294.678
x64,sex_t,eco_details_lmn,2000,12768.921
x64,sex_t,eco_details_lmn,2001,13192.485
x64,sex_t,eco_details_lmn,2002,13848.941
x64,sex_t,eco_details_lmn,2003,14237.352
x64,sex_t,eco_details_lmn,2004,15087.669
x64,sex_t,eco_details_lmn,2005,15643.81
x64,sex_t,eco_details_lmn,2006,16462.98
x64,sex_t,eco_details_lmn,2007,17295.453
x64,sex_t,eco_details_lmn,2008,18926.55
x64,sex_t,eco_details_lmn,2009,19394.709
x64,sex_t,eco_details_lmn,2010,19431.735
x64,sex_t,eco_details_lmn,2011,19987.754
x64,sex_t,eco_details_lmn,2012,20202.8
x64,sex_t,eco_details_lmn,2013,20845.537
x64,sex_t,eco_details_lmn,2014,21289.422
x64,sex_t,eco_details_lmn,2015,21908.767
x64,sex_t,eco_details_lmn,2016,22464.34
x64,sex_t,eco_details_lmn,2017,23031.563
x64,sex_t,eco_details_lmn,2018,23520.811
x64,sex_t,eco_details_lmn,2019,23921.112
x64,sex_t,eco_details_lmn,2020,23549.68
x64,sex_t,eco_details_lmn,2021,24136.785
x64,sex_t,eco_details_lmn,2022,25169.208
x64,sex_t,eco_details_lmn,2023,25765.738
x64,sex_t,eco_details_lmn,2024,26127.127
x64,sex_t,eco_details_lmn,2025,26488.493
x64,sex_t,eco_details_o,1991,13000.156
x64,sex_t,eco_details_o,1992,12949.166
x64,sex_t,eco_details_o,1993,12864.103
x64,sex_t,eco_details_o,1994,12901.05
x64,sex_t,eco_details_o,1995,12890.732
x64,sex_t,eco_details_o,1996,12860.864
x64,sex_t,eco_details_o,1997,12983.093
x64,sex_t,eco_details_o,1998,12848.61
x64,sex_t,eco_details_o,1999,12973.848
x64,sex_t,eco_details_o,2000,13291.578
x64,sex_t,eco_details_o,2001,13461.149
x64,sex_t,eco_details_o,2002,13560.133
x64,sex_t,eco_details_o,2003,13766.44
x64,sex_t,eco_details_o,2004,13783.913
x64,sex_t,eco_details_o,2005,13857.438
x64,sex_t,eco_details_o,2006,13918.547
x64,sex_t,eco_details_o,2007,14047.257
x64,sex_t,eco_details_o,2008,14267.882
x64,sex_t,eco_details_o,2009,14192.34
x64,sex_t,eco_details_o,2010,14158.009
x64,sex_t,eco_details_o,2011,13870.664
x64,sex_t,eco_details_o,2012,13591.534
x64,sex_t,eco_details_o,2013,13451.543
x64,sex_t,eco_details_o,2014,13417.236
x64,sex_t,eco_details_o,2015,13481.839
x64,sex_t,eco_details_o,2016,13591.441
x64,sex_t,eco_details_o,2017,13684.981
x64,sex_t,eco_details_o,2018,14056.011
x64,sex_t,eco_details_o,2019,14128.849
x64,sex_t,eco_details_o,2020,14972.188
x64,sex_t,eco_details_o,2021,14721.528
x64,sex_t,eco_details_o,2022,14761.439
x64,sex_t,eco_details_o,2023,15166.387
x64,sex_t,eco_details_o,2024,15196.205
x64,sex_t,eco_details_o,2025,15126.028
x64,sex_t,eco_details_p,1991,11237.526
x64,sex_t,eco_details_p,1992,11227.485
x64,sex_t,eco_details_p,1993,11194.598
x64,sex_t,eco_details_p,1994,11305.592
x64,sex_t,eco_details_p,1995,11442.638
x64,sex_t,eco_details_p,1996,11712.849
x64,sex_t,eco_details_p,1997,11734.759
x64,sex_t,eco_details_p,1998,11963.326
x64,sex_t,eco_details_p,1999,12240.593
x64,sex_t,eco_details_p,2000,12285.555
x64,sex_t,eco_details_p,2001,12612.481
x64,sex_t,eco_details_p,2002,12852.72
x64,sex_t,eco_details_p,2003,13049.075
x64,sex_t,eco_details_p,2004,13383.126
x64,sex_t,eco_details_p,2005,13485.821
x64,sex_t,eco_details_p,2006,13707.61
x64,sex_t,eco_details_p,2007,13730.145
x64,sex_t,eco_details_p,2008,14064.447
x64,sex_t,eco_details_p,2009,14361.899
x64,sex_t,eco_details_p,2010,14686.222
x64,sex_t,eco_details_p,2011,14686.291
x64,sex_t,eco_details_p,2012,14839.095
x64,sex_t,eco_details_p,2013,14824.405
x64,sex_t,eco_details_p,2014,15187.588
x64,sex_t,eco_details_p,2015,15470.712
x64,sex_t,eco_details_p,2016,15668.553
x64,sex_t,eco_details_p,2017,15857.91
x64,sex_t,eco_details_p,2018,15993.667
x64,sex_t,eco_details_p,2019,16490.694
x64,sex_t,eco_details_p,2020,16576.359
x64,sex_t,eco_details_p,2021,16711.108
x64,sex_t,eco_details_p,2022,16744.905
x64,sex_t,eco_details_p,2023,17099.374
x64,sex_t,eco_details_p,2024,17243.127
x64,sex_t,eco_details_p,2025,17264.282
x64,sex_t,eco_details_q,1991,14956.356
x64,sex_t,eco_details_q,1992,15020.604
x64,sex_t,eco_details_q,1993,15031.221
x64,sex_t,eco_details_q,1994,15343.823
x64,sex_t,eco_details_q,1995,15603.345
x64,sex_t,eco_details_q,1996,16122.254
x64,sex_t,eco_details_q,1997,16445.738
x64,sex_t,eco_details_q,1998,16658.578
x64,sex_t,eco_details_q,1999,17141.84
x64,sex_t,eco_details_q,2000,17407.03
x64,sex_t,eco_details_q,2001,17783.45
x64,sex_t,eco_details_q,2002,18197.804
x64,sex_t,eco_details_q,2003,19039.226
x64,sex_t,eco_details_q,2004,19513.691
x64,sex_t,eco_details_q,2005,19925.405
x64,sex_t,eco_details_q,2006,20187.019
x64,sex_t,eco_details_q,2007,20648.597
x64,sex_t,eco_details_q,2008,20908.744
x64,sex_t,eco_details_q,2009,21538.15
x64,sex_t,eco_details_q,2010,22130.016
x64,sex_t,eco_details_q,2011,22869.081
x64,sex_t,eco_details_q,2012,22962.282
x64,sex_t,eco_details_q,2013,23078.06
x64,sex_t,eco_details_q,2014,23443.421
x64,sex_t,eco_details_q,2015,23807.745
x64,sex_t,eco_details_q,2016,24209.428
x64,sex_t,eco_details_q,2017,24663.048
x64,sex_t,eco_details_q,2018,25094.099
x64,sex_t,eco_details_q,2019,25793.342
x64,sex_t,eco_details_q,2020,25689.786
x64,sex_t,eco_details_q,2021,26079.866
x64,sex_t,eco_details_q,2022,26591.214
x64,sex_t,eco_details_q,2023,26990.849
x64,sex_t,eco_details_q,2024,27374.151
x64,sex_t,eco_details_q,2025,27529.438
x64,sex_t,eco_details_rstu,1991,8979.669
x64,sex_t,eco_details_rstu,1992,8944.02
x64,sex_t,eco_details_rstu,1993,8759.525
x64,sex_t,eco_details_rstu,1994,8974.536
x64,sex_t,eco_details_rstu,1995,9295.137
x64,sex_t,eco_details_rstu,1996,9512.501
x64,sex_t,eco_details_rstu,1997,9562.091
x64,sex_t,eco_details_rstu,1998,9800.775
x64,sex_t,eco_details_rstu,1999,10039.614
x64,sex_t,eco_details_rstu,2000,10289.769
x64,sex_t,eco_details_rstu,2001,10364.538
x64,sex_t,eco_details_rstu,2002,10706.738
x64,sex_t,eco_details_rstu,2003,10937.633
x64,sex_t,eco_details_rstu,2004,10999.492
x64,sex_t,eco_details_rstu,2005,11574.879
x64,sex_t,eco_details_rstu,2006,11884.008
x64,sex_t,eco_details_rstu,2007,11957.33
x64,sex_t,eco_details_rstu,2008,11495.008
x64,sex_t,eco_details_rstu,2009,11049.278
x64,sex_t,eco_details_rstu,2010,11066.69
x64,sex_t,eco_details_rstu,2011,11256.637
x64,sex_t,eco_details_rstu,2012,11076.857
x64,sex_t,eco_details_rstu,2013,11202.866
x64,sex_t,eco_details_rstu,2014,11235.14
x64,sex_t,eco_details_rstu,2015,11224.358
x64,sex_t,eco_details_rstu,2016,11326.204
x64,sex_t,eco_details_rstu,2017,11635.009
x64,sex_t,eco_details_rstu,2018,11740.018
x64,sex_t,eco_details_rstu,2019,11812.921
x64,sex_t,eco_details_rstu,2020,11663.766
x64,sex_t,eco_details_rstu,2021,11841.066
x64,sex_t,eco_details_rstu,2022,12257.155
x64,sex_t,eco_details_rstu,2023,12047.994
x64,sex_t,eco_details_rstu,2024,12084.478
x64,sex_t,eco_details_rstu,2025,12040.255
x64,sex_t,eco_details_total,1991,176720.094
x64,sex_t,eco_details_total,1992,174540.529
x64,sex_t,eco_details_total,1993,171399.833
x64,sex_t,eco_details_total,1994,170637.225
x64,sex_t,eco_details_total,1995,171613.666
x64,sex_t,eco_details_total,1996,172516.543
x64,sex_t,eco_details_total,1997,173753.735
x64,sex_t,eco_details_total,1998,175593.762
x64,sex_t,eco_details_total,1999,178375.493
x64,sex_t,eco_details_total,2000,181229.515
x64,sex_t,eco_details_total,2001,183432.921
x64,sex_t,eco_details_total,2002,184943.688
x64,sex_t,eco_details_total,2003,186412.59
x64,sex_t,eco_details_total,2004,187489.229
x64,sex_t,eco_details_total,2005,189782.942
x64,sex_t,eco_details_total,2006,192966.244
x64,sex_t,eco_details_total,2007,196061.971
x64,sex_t,eco_details_total,2008,198019.632
x64,sex_t,eco_details_total,2009,194158.249
x64,sex_t,eco_details_total,2010,193220.324
x64,sex_t,eco_details_total,2011,193829.138
x64,sex_t,eco_details_total,2012,193226.606
x64,sex_t,eco_details_total,2013,192964.136
x64,sex_t,eco_details_total,2014,194566.383
x64,sex_t,eco_details_total,2015,196952.403
x64,sex_t,eco_details_total,2016,199949.938
x64,sex_t,eco_details_total,2017,202875.017
x64,sex_t,eco_details_total,2018,205779.149
x64,sex_t,eco_details_total,2019,208209.754
x64,sex_t,eco_details_total,2020,205368.674
x64,sex_t,eco_details_total,2021,207035.466
x64,sex_t,eco_details_total,2022,211995.511
x64,sex_t,eco_details_total,2023,214459.721
x64,sex_t,eco_details_total,2024,215014.761
x64,sex_t,eco_details_total,2025,214295.087
x64,sex_t,eco_sector_agr,1991,13054.908
x64,sex_t,eco_sector_agr,1992,12427.592
x64,sex_t,eco_sector_agr,1993,11824.602
x64,sex_t,eco_sector_agr,1994,11499.089
x64,sex_t,eco_sector_agr,1995,11182.273
x64,sex_t,eco_sector_agr,1996,10929.182
x64,sex_t,eco_sector_agr,1997,10792.352
x64,sex_t,eco_sector_agr,1998,10422.122
x64,sex_t,eco_sector_agr,1999,10220.91
x64,sex_t,eco_sector_agr,2000,9931.611
x64,sex_t,eco_sector_agr,2001,9733.6
x64,sex_t,eco_sector_agr,2002,9508.489
x64,sex_t,eco_sector_agr,2003,9375.406
x64,sex_t,eco_sector_agr,2004,8895.211
x64,sex_t,eco_sector_agr,2005,8823.374
x64,sex_t,eco_sector_agr,2006,8727.797
x64,sex_t,eco_sector_agr,2007,8419.36
x64,sex_t,eco_sector_agr,2008,7794.225
x64,sex_t,eco_sector_agr,2009,7619.144
x64,sex_t,eco_sector_agr,2010,7440.795
x64,sex_t,eco_sector_agr,2011,7317.677
x64,sex_t,eco_sector_agr,2012,7185.137
x64,sex_t,eco_sector_agr,2013,6956.758
x64,sex_t,eco_sector_agr,2014,6902.075
x64,sex_t,eco_sector_agr,2015,6783.932
x64,sex_t,eco_sector_agr,2016,6803.997
x64,sex_t,eco_sector_agr,2017,6718.664
x64,sex_t,eco_sector_agr,2018,6517.977
x64,sex_t,eco_sector_agr,2019,6541.165
x64,sex_t,eco_sector_agr,2020,6162.931
x64,sex_t,eco_sector_agr,2021,6417.26
x64,sex_t,eco_sector_agr,2022,6416.175
x64,sex_t,eco_sector_agr,2023,6260.226
x64,sex_t,eco_sector_agr,2024,6085.015
x64,sex_t,eco_sector_agr,2025,5913.622
x64,sex_t,eco_sector_ind,1991,56454.554
x64,sex_t,eco_sector_ind,1992,54868.845
x64,sex_t,eco_sector_ind,1993,52976.009
x64,sex_t,eco_sector_ind,1994,51528.378
x64,sex_t,eco_sector_ind,1995,51459.701
x64,sex_t,eco_sector_ind,1996,50933.897
x64,sex_t,eco_sector_ind,1997,50739.768
x64,sex_t,eco_sector_ind,1998,51406.71
x64,sex_t,eco_sector_ind,1999,51420.264
x64,sex_t,eco_sector_ind,2000,51750.358
x64,sex_t,eco_sector_ind,2001,51878.704
x64,sex_t,eco_sector_ind,2002,51454.937
x64,sex_t,eco_sector_ind,2003,50748.631
x64,sex_t,eco_sector_ind,2004,50367.33
x64,sex_t,eco_sector_ind,2005,50205.082
x64,sex_t,eco_sector_ind,2006,50850.782
x64,sex_t,eco_sector_ind,2007,51672.506
x64,sex_t,eco_sector_ind,2008,50811.578
x64,sex_t,eco_sector_ind,2009,47378.136
x64,sex_t,eco_sector_ind,2010,46231.532
x64,sex_t,eco_sector_ind,2011,45381.592
x64,sex_t,eco_sector_ind,2012,44823.203
x64,sex_t,eco_sector_ind,2013,43963.173
x64,sex_t,eco_sector_ind,2014,43938.875
x64,sex_t,eco_sector_ind,2015,44238.008
x64,sex_t,eco_sector_ind,2016,44490.098
x64,sex_t,eco_sector_ind,2017,45150.151
x64,sex_t,eco_sector_ind,2018,45784.445
x64,sex_t,eco_sector_ind,2019,46318.953
x64,sex_t,eco_sector_ind,2020,45352.698
x64,sex_t,eco_sector_ind,2021,45425.122
x64,sex_t,eco_sector_ind,2022,46118.668
x64,sex_t,eco_sector_ind,2023,46030.288
x64,sex_t,eco_sector_ind,2024,46079.582
x64,sex_t,eco_sector_ind,2025,45377.538
x64,sex_t,eco_sector_ser,1991,107210.632
x64,sex_t,eco_sector_ser,1992,107244.091
x64,sex_t,eco_sector_ser,1993,106599.22
x64,sex_t,eco_sector_ser,1994,107609.762
x64,sex_t,eco_sector_ser,1995,108971.691
x64,sex_t,eco_sector_ser,1996,110653.461
x64,sex_t,eco_sector_ser,1997,112221.617
x64,sex_t,eco_sector_ser,1998,113764.93
x64,sex_t,eco_sector_ser,1999,116734.314
x64,sex_t,eco_sector_ser,2000,119547.549
x64,sex_t,eco_sector_ser,2001,121820.623
x64,sex_t,eco_sector_ser,2002,123980.264
x64,sex_t,eco_sector_ser,2003,126288.547
x64,sex_t,eco_sector_ser,2004,128226.687
x64,sex_t,eco_sector_ser,2005,130754.487
x64,sex_t,eco_sector_ser,2006,133387.668
x64,sex_t,eco_sector_ser,2007,135970.106
x64,sex_t,eco_sector_ser,2008,139413.825
x64,sex_t,eco_sector_ser,2009,139160.973
x64,sex_t,eco_sector_ser,2010,139547.996
x64,sex_t,eco_sector_ser,2011,141129.864
x64,sex_t,eco_sector_ser,2012,141218.263
x64,sex_t,eco_sector_ser,2013,142044.203
x64,sex_t,eco_sector_ser,2014,143725.439
x64,sex_t,eco_sector_ser,2015,145930.466
x64,sex_t,eco_sector_ser,2016,148655.846
x64,sex_t,eco_sector_ser,2017,151006.21
x64,sex_t,eco_sector_ser,2018,153476.725
x64,sex_t,eco_sector_ser,2019,155349.632
x64,sex_t,eco_sector_ser,2020,153853.043
x64,sex_t,eco_sector_ser,2021,155193.084
x64,sex_t,eco_sector_ser,2022,159460.672
x64,sex_t,eco_sector_ser,2023,162169.206
x64,sex_t,eco_sector_ser,2024,162850.161
x64,sex_t,eco_sector_ser,2025,163003.932
x64,sex_t,eco_sector_total,1991,176720.093
x64,sex_t,eco_sector_total,1992,174540.531
x64,sex_t,eco_sector_total,1993,171399.834
x64,sex_t,eco_sector_total,1994,170637.224
x64,sex_t,eco_sector_total,1995,171613.664
x64,sex_t,eco_sector_total,1996,172516.542
x64,sex_t,eco_sector_total,1997,173753.735
x64,sex_t,eco_sector_total,1998,175593.762
x64,sex_t,eco_sector_total,1999,178375.493
x64,sex_t,eco_sector_total,2000,181229.515
x64,sex_t,eco_sector_total,2001,183432.921
x64,sex_t,eco_sector_total,2002,184943.688
x64,sex_t,eco_sector_total,2003,186412.59
x64,sex_t,eco_sector_total,2004,187489.227
x64,sex_t,eco_sector_total,2005,189782.94
x64,sex_t,eco_sector_total,2006,192966.244
x64,sex_t,eco_sector_total,2007,196061.972
x64,sex_t,eco_sector_total,2008,198019.635
x64,sex_t,eco_sector_total,2009,194158.248
x64,sex_t,eco_sector_total,2010,193220.319
x64,sex_t,eco_sector_total,2011,193829.137
x64,sex_t,eco_sector_total,2012,193226.608
x64,sex_t,eco_sector_total,2013,192964.135
x64,sex_t,eco_sector_total,2014,194566.381
x64,sex_t,eco_sector_total,2015,196952.405
x64,sex_t,eco_sector_total,2016,199949.939
x64,sex_t,eco_sector_total,2017,202875.017
x64,sex_t,eco_sector_total,2018,205779.146
x64,sex_t,eco_sector_total,2019,208209.754
x64,sex_t,eco_sector_total,2020,205368.672
x64,sex_t,eco_sector_total,2021,207035.467
x64,sex_t,eco_sector_total,2022,211995.514
x64,sex_t,eco_sector_total,2023,214459.724
x64,sex_t,eco_sector_total,2024,215014.766
x64,sex_t,eco_sector_total,2025,214295.094
