ref_area,sex,classif1,classif2,time,ged_pepr_sex_hht_chl_rt
mex,sex_f,hht_aggregate_c,chl_aget6_no,2005,48.116
mex,sex_f,hht_aggregate_c,chl_aget6_no,2006,50.786
mex,sex_f,hht_aggregate_c,chl_aget6_no,2007,51.917
mex,sex_f,hht_aggregate_c,chl_aget6_no,2008,50.002
mex,sex_f,hht_aggregate_c,chl_aget6_no,2009,52.617
mex,sex_f,hht_aggregate_c,chl_aget6_no,2010,51.146
mex,sex_f,hht_aggregate_c,chl_aget6_no,2011,52.438
mex,sex_f,hht_aggregate_c,chl_aget6_no,2012,53.113
mex,sex_f,hht_aggregate_c,chl_aget6_no,2013,54.501
mex,sex_f,hht_aggregate_c,chl_aget6_no,2014,52.944
mex,sex_f,hht_aggregate_c,chl_aget6_no,2015,54.304
mex,sex_f,hht_aggregate_c,chl_aget6_no,2016,54.302
mex,sex_f,hht_aggregate_c,chl_aget6_no,2017,54.611
mex,sex_f,hht_aggregate_c,chl_aget6_no,2018,56.148
mex,sex_f,hht_aggregate_c,chl_aget6_no,2019,55.854
mex,sex_f,hht_aggregate_c,chl_aget6_no,2020,53.108
mex,sex_f,hht_aggregate_c,chl_aget6_no,2021,59.179
mex,sex_f,hht_aggregate_c,chl_aget6_no,2022,60.336
mex,sex_f,hht_aggregate_c,chl_aget6_no,2023,62.016
mex,sex_f,hht_aggregate_c,chl_aget6_no,2024,64.054
mex,sex_f,hht_aggregate_c,chl_aget6_no,2025,63.596
mex,sex_f,hht_aggregate_c,chl_aget6_total,2005,48.116
mex,sex_f,hht_aggregate_c,chl_aget6_total,2006,50.786
mex,sex_f,hht_aggregate_c,chl_aget6_total,2007,51.917
mex,sex_f,hht_aggregate_c,chl_aget6_total,2008,50.002
mex,sex_f,hht_aggregate_c,chl_aget6_total,2009,52.617
mex,sex_f,hht_aggregate_c,chl_aget6_total,2010,51.146
mex,sex_f,hht_aggregate_c,chl_aget6_total,2011,52.438
mex,sex_f,hht_aggregate_c,chl_aget6_total,2012,53.113
mex,sex_f,hht_aggregate_c,chl_aget6_total,2013,54.501
mex,sex_f,hht_aggregate_c,chl_aget6_total,2014,52.944
mex,sex_f,hht_aggregate_c,chl_aget6_total,2015,54.304
mex,sex_f,hht_aggregate_c,chl_aget6_total,2016,54.302
mex,sex_f,hht_aggregate_c,chl_aget6_total,2017,54.611
mex,sex_f,hht_aggregate_c,chl_aget6_total,2018,56.148
mex,sex_f,hht_aggregate_c,chl_aget6_total,2019,55.854
mex,sex_f,hht_aggregate_c,chl_aget6_total,2020,53.108
mex,sex_f,hht_aggregate_c,chl_aget6_total,2021,59.179
mex,sex_f,hht_aggregate_c,chl_aget6_total,2022,60.336
mex,sex_f,hht_aggregate_c,chl_aget6_total,2023,62.016
mex,sex_f,hht_aggregate_c,chl_aget6_total,2024,64.054
mex,sex_f,hht_aggregate_c,chl_aget6_total,2025,63.596
mex,sex_f,hht_aggregate_c,chl_numlt6_0,2005,48.116
mex,sex_f,hht_aggregate_c,chl_numlt6_0,2006,50.786
mex,sex_f,hht_aggregate_c,chl_numlt6_0,2007,51.917
mex,sex_f,hht_aggregate_c,chl_numlt6_0,2008,50.002
mex,sex_f,hht_aggregate_c,chl_numlt6_0,2009,52.617
mex,sex_f,hht_aggregate_c,chl_numlt6_0,2010,51.146
mex,sex_f,hht_aggregate_c,chl_numlt6_0,2011,52.438
mex,sex_f,hht_aggregate_c,chl_numlt6_0,2012,53.113
mex,sex_f,hht_aggregate_c,chl_numlt6_0,2013,54.501
mex,sex_f,hht_aggregate_c,chl_numlt6_0,2014,52.944
mex,sex_f,hht_aggregate_c,chl_numlt6_0,2015,54.304
mex,sex_f,hht_aggregate_c,chl_numlt6_0,2016,54.302
mex,sex_f,hht_aggregate_c,chl_numlt6_0,2017,54.611
mex,sex_f,hht_aggregate_c,chl_numlt6_0,2018,56.148
mex,sex_f,hht_aggregate_c,chl_numlt6_0,2019,55.854
mex,sex_f,hht_aggregate_c,chl_numlt6_0,2020,53.108
mex,sex_f,hht_aggregate_c,chl_numlt6_0,2021,59.179
mex,sex_f,hht_aggregate_c,chl_numlt6_0,2022,60.336
mex,sex_f,hht_aggregate_c,chl_numlt6_0,2023,62.016
mex,sex_f,hht_aggregate_c,chl_numlt6_0,2024,64.054
mex,sex_f,hht_aggregate_c,chl_numlt6_0,2025,63.596
mex,sex_f,hht_aggregate_c,chl_numlt6_total,2005,48.116
mex,sex_f,hht_aggregate_c,chl_numlt6_total,2006,50.786
mex,sex_f,hht_aggregate_c,chl_numlt6_total,2007,51.917
mex,sex_f,hht_aggregate_c,chl_numlt6_total,2008,50.002
mex,sex_f,hht_aggregate_c,chl_numlt6_total,2009,52.617
mex,sex_f,hht_aggregate_c,chl_numlt6_total,2010,51.146
mex,sex_f,hht_aggregate_c,chl_numlt6_total,2011,52.438
mex,sex_f,hht_aggregate_c,chl_numlt6_total,2012,53.113
mex,sex_f,hht_aggregate_c,chl_numlt6_total,2013,54.501
mex,sex_f,hht_aggregate_c,chl_numlt6_total,2014,52.944
mex,sex_f,hht_aggregate_c,chl_numlt6_total,2015,54.304
mex,sex_f,hht_aggregate_c,chl_numlt6_total,2016,54.302
mex,sex_f,hht_aggregate_c,chl_numlt6_total,2017,54.611
mex,sex_f,hht_aggregate_c,chl_numlt6_total,2018,56.148
mex,sex_f,hht_aggregate_c,chl_numlt6_total,2019,55.854
mex,sex_f,hht_aggregate_c,chl_numlt6_total,2020,53.108
mex,sex_f,hht_aggregate_c,chl_numlt6_total,2021,59.179
mex,sex_f,hht_aggregate_c,chl_numlt6_total,2022,60.336
mex,sex_f,hht_aggregate_c,chl_numlt6_total,2023,62.016
mex,sex_f,hht_aggregate_c,chl_numlt6_total,2024,64.054
mex,sex_f,hht_aggregate_c,chl_numlt6_total,2025,63.596
mex,sex_f,hht_aggregate_e,chl_aget6_no,2005,59.249
mex,sex_f,hht_aggregate_e,chl_aget6_no,2006,59.892
mex,sex_f,hht_aggregate_e,chl_aget6_no,2007,59.709
mex,sex_f,hht_aggregate_e,chl_aget6_no,2008,59.967
mex,sex_f,hht_aggregate_e,chl_aget6_no,2009,59.915
mex,sex_f,hht_aggregate_e,chl_aget6_no,2010,59.494
mex,sex_f,hht_aggregate_e,chl_aget6_no,2011,59.459
mex,sex_f,hht_aggregate_e,chl_aget6_no,2012,61.498
mex,sex_f,hht_aggregate_e,chl_aget6_no,2013,60.499
mex,sex_f,hht_aggregate_e,chl_aget6_no,2014,59.837
mex,sex_f,hht_aggregate_e,chl_aget6_no,2015,61.028
mex,sex_f,hht_aggregate_e,chl_aget6_no,2016,62.435
mex,sex_f,hht_aggregate_e,chl_aget6_no,2017,61.494
mex,sex_f,hht_aggregate_e,chl_aget6_no,2018,61.378
mex,sex_f,hht_aggregate_e,chl_aget6_no,2019,62.951
mex,sex_f,hht_aggregate_e,chl_aget6_no,2020,59.817
mex,sex_f,hht_aggregate_e,chl_aget6_no,2021,62.59
mex,sex_f,hht_aggregate_e,chl_aget6_no,2022,64.401
mex,sex_f,hht_aggregate_e,chl_aget6_no,2023,65.83
mex,sex_f,hht_aggregate_e,chl_aget6_no,2024,66.793
mex,sex_f,hht_aggregate_e,chl_aget6_no,2025,66.219
mex,sex_f,hht_aggregate_e,chl_aget6_total,2005,52.75
mex,sex_f,hht_aggregate_e,chl_aget6_total,2006,54.252
mex,sex_f,hht_aggregate_e,chl_aget6_total,2007,53.808
mex,sex_f,hht_aggregate_e,chl_aget6_total,2008,54.093
mex,sex_f,hht_aggregate_e,chl_aget6_total,2009,54.385
mex,sex_f,hht_aggregate_e,chl_aget6_total,2010,54.148
mex,sex_f,hht_aggregate_e,chl_aget6_total,2011,54.573
mex,sex_f,hht_aggregate_e,chl_aget6_total,2012,56.413
mex,sex_f,hht_aggregate_e,chl_aget6_total,2013,56.338
mex,sex_f,hht_aggregate_e,chl_aget6_total,2014,55.556
mex,sex_f,hht_aggregate_e,chl_aget6_total,2015,56.679
mex,sex_f,hht_aggregate_e,chl_aget6_total,2016,57.313
mex,sex_f,hht_aggregate_e,chl_aget6_total,2017,56.912
mex,sex_f,hht_aggregate_e,chl_aget6_total,2018,56.908
mex,sex_f,hht_aggregate_e,chl_aget6_total,2019,58.241
mex,sex_f,hht_aggregate_e,chl_aget6_total,2020,54.81
mex,sex_f,hht_aggregate_e,chl_aget6_total,2021,57.524
mex,sex_f,hht_aggregate_e,chl_aget6_total,2022,59.753
mex,sex_f,hht_aggregate_e,chl_aget6_total,2023,61.407
mex,sex_f,hht_aggregate_e,chl_aget6_total,2024,62.286
mex,sex_f,hht_aggregate_e,chl_aget6_total,2025,61.899
mex,sex_f,hht_aggregate_e,chl_aget6_yes,2005,47.761
mex,sex_f,hht_aggregate_e,chl_aget6_yes,2006,49.897
mex,sex_f,hht_aggregate_e,chl_aget6_yes,2007,49.077
mex,sex_f,hht_aggregate_e,chl_aget6_yes,2008,49.302
mex,sex_f,hht_aggregate_e,chl_aget6_yes,2009,49.725
mex,sex_f,hht_aggregate_e,chl_aget6_yes,2010,49.567
mex,sex_f,hht_aggregate_e,chl_aget6_yes,2011,50.28
mex,sex_f,hht_aggregate_e,chl_aget6_yes,2012,51.996
mex,sex_f,hht_aggregate_e,chl_aget6_yes,2013,52.635
mex,sex_f,hht_aggregate_e,chl_aget6_yes,2014,51.73
mex,sex_f,hht_aggregate_e,chl_aget6_yes,2015,52.768
mex,sex_f,hht_aggregate_e,chl_aget6_yes,2016,52.464
mex,sex_f,hht_aggregate_e,chl_aget6_yes,2017,52.67
mex,sex_f,hht_aggregate_e,chl_aget6_yes,2018,52.4
mex,sex_f,hht_aggregate_e,chl_aget6_yes,2019,53.576
mex,sex_f,hht_aggregate_e,chl_aget6_yes,2020,49.378
mex,sex_f,hht_aggregate_e,chl_aget6_yes,2021,51.729
mex,sex_f,hht_aggregate_e,chl_aget6_yes,2022,54.108
mex,sex_f,hht_aggregate_e,chl_aget6_yes,2023,55.647
mex,sex_f,hht_aggregate_e,chl_aget6_yes,2024,55.995
mex,sex_f,hht_aggregate_e,chl_aget6_yes,2025,55.236
mex,sex_f,hht_aggregate_e,chl_numlt6_0,2005,59.249
mex,sex_f,hht_aggregate_e,chl_numlt6_0,2006,59.892
mex,sex_f,hht_aggregate_e,chl_numlt6_0,2007,59.709
mex,sex_f,hht_aggregate_e,chl_numlt6_0,2008,59.967
mex,sex_f,hht_aggregate_e,chl_numlt6_0,2009,59.915
mex,sex_f,hht_aggregate_e,chl_numlt6_0,2010,59.494
mex,sex_f,hht_aggregate_e,chl_numlt6_0,2011,59.459
mex,sex_f,hht_aggregate_e,chl_numlt6_0,2012,61.498
mex,sex_f,hht_aggregate_e,chl_numlt6_0,2013,60.499
mex,sex_f,hht_aggregate_e,chl_numlt6_0,2014,59.837
mex,sex_f,hht_aggregate_e,chl_numlt6_0,2015,61.028
mex,sex_f,hht_aggregate_e,chl_numlt6_0,2016,62.435
mex,sex_f,hht_aggregate_e,chl_numlt6_0,2017,61.494
mex,sex_f,hht_aggregate_e,chl_numlt6_0,2018,61.378
mex,sex_f,hht_aggregate_e,chl_numlt6_0,2019,62.951
mex,sex_f,hht_aggregate_e,chl_numlt6_0,2020,59.817
mex,sex_f,hht_aggregate_e,chl_numlt6_0,2021,62.59
mex,sex_f,hht_aggregate_e,chl_numlt6_0,2022,64.401
mex,sex_f,hht_aggregate_e,chl_numlt6_0,2023,65.83
mex,sex_f,hht_aggregate_e,chl_numlt6_0,2024,66.793
mex,sex_f,hht_aggregate_e,chl_numlt6_0,2025,66.219
mex,sex_f,hht_aggregate_e,chl_numlt6_1,2005,49.85
mex,sex_f,hht_aggregate_e,chl_numlt6_1,2006,52.35
mex,sex_f,hht_aggregate_e,chl_numlt6_1,2007,50.992
mex,sex_f,hht_aggregate_e,chl_numlt6_1,2008,51.978
mex,sex_f,hht_aggregate_e,chl_numlt6_1,2009,51.915
mex,sex_f,hht_aggregate_e,chl_numlt6_1,2010,51.343
mex,sex_f,hht_aggregate_e,chl_numlt6_1,2011,51.972
mex,sex_f,hht_aggregate_e,chl_numlt6_1,2012,53.061
mex,sex_f,hht_aggregate_e,chl_numlt6_1,2013,54.213
mex,sex_f,hht_aggregate_e,chl_numlt6_1,2014,53.178
mex,sex_f,hht_aggregate_e,chl_numlt6_1,2015,54.164
mex,sex_f,hht_aggregate_e,chl_numlt6_1,2016,53.888
mex,sex_f,hht_aggregate_e,chl_numlt6_1,2017,54.055
mex,sex_f,hht_aggregate_e,chl_numlt6_1,2018,53.564
mex,sex_f,hht_aggregate_e,chl_numlt6_1,2019,55.411
mex,sex_f,hht_aggregate_e,chl_numlt6_1,2020,50.929
mex,sex_f,hht_aggregate_e,chl_numlt6_1,2021,53.473
mex,sex_f,hht_aggregate_e,chl_numlt6_1,2022,55.498
mex,sex_f,hht_aggregate_e,chl_numlt6_1,2023,57.18
mex,sex_f,hht_aggregate_e,chl_numlt6_1,2024,57.674
mex,sex_f,hht_aggregate_e,chl_numlt6_1,2025,56.901
mex,sex_f,hht_aggregate_e,chl_numlt6_2,2005,44.43
mex,sex_f,hht_aggregate_e,chl_numlt6_2,2006,46.947
mex,sex_f,hht_aggregate_e,chl_numlt6_2,2007,46.474
mex,sex_f,hht_aggregate_e,chl_numlt6_2,2008,44.817
mex,sex_f,hht_aggregate_e,chl_numlt6_2,2009,45.828
mex,sex_f,hht_aggregate_e,chl_numlt6_2,2010,46.946
mex,sex_f,hht_aggregate_e,chl_numlt6_2,2011,47.229
mex,sex_f,hht_aggregate_e,chl_numlt6_2,2012,49.968
mex,sex_f,hht_aggregate_e,chl_numlt6_2,2013,48.801
mex,sex_f,hht_aggregate_e,chl_numlt6_2,2014,48.356
mex,sex_f,hht_aggregate_e,chl_numlt6_2,2015,49.881
mex,sex_f,hht_aggregate_e,chl_numlt6_2,2016,50.278
mex,sex_f,hht_aggregate_e,chl_numlt6_2,2017,49.321
mex,sex_f,hht_aggregate_e,chl_numlt6_2,2018,50.314
mex,sex_f,hht_aggregate_e,chl_numlt6_2,2019,48.416
mex,sex_f,hht_aggregate_e,chl_numlt6_2,2020,47.669
mex,sex_f,hht_aggregate_e,chl_numlt6_2,2021,47.205
mex,sex_f,hht_aggregate_e,chl_numlt6_2,2022,51.118
mex,sex_f,hht_aggregate_e,chl_numlt6_2,2023,51.427
mex,sex_f,hht_aggregate_e,chl_numlt6_2,2024,49.736
mex,sex_f,hht_aggregate_e,chl_numlt6_2,2025,49.261
mex,sex_f,hht_aggregate_e,chl_numlt6_ge3,2005,39.88
mex,sex_f,hht_aggregate_e,chl_numlt6_ge3,2006,38.869
mex,sex_f,hht_aggregate_e,chl_numlt6_ge3,2007,40.614
mex,sex_f,hht_aggregate_e,chl_numlt6_ge3,2008,39.093
mex,sex_f,hht_aggregate_e,chl_numlt6_ge3,2009,42.597
mex,sex_f,hht_aggregate_e,chl_numlt6_ge3,2010,41.123
mex,sex_f,hht_aggregate_e,chl_numlt6_ge3,2011,44.016
mex,sex_f,hht_aggregate_e,chl_numlt6_ge3,2012,47.401
mex,sex_f,hht_aggregate_e,chl_numlt6_ge3,2013,49.43
mex,sex_f,hht_aggregate_e,chl_numlt6_ge3,2014,47.64
mex,sex_f,hht_aggregate_e,chl_numlt6_ge3,2015,46.994
mex,sex_f,hht_aggregate_e,chl_numlt6_ge3,2016,44.495
mex,sex_f,hht_aggregate_e,chl_numlt6_ge3,2017,47.866
mex,sex_f,hht_aggregate_e,chl_numlt6_ge3,2018,44.861
mex,sex_f,hht_aggregate_e,chl_numlt6_ge3,2019,48.896
mex,sex_f,hht_aggregate_e,chl_numlt6_ge3,2020,38.02
mex,sex_f,hht_aggregate_e,chl_numlt6_ge3,2021,43.42
mex,sex_f,hht_aggregate_e,chl_numlt6_ge3,2022,45.176
mex,sex_f,hht_aggregate_e,chl_numlt6_ge3,2023,47.347
mex,sex_f,hht_aggregate_e,chl_numlt6_ge3,2024,53.784
mex,sex_f,hht_aggregate_e,chl_numlt6_ge3,2025,46.301
mex,sex_f,hht_aggregate_e,chl_numlt6_total,2005,52.75
mex,sex_f,hht_aggregate_e,chl_numlt6_total,2006,54.252
mex,sex_f,hht_aggregate_e,chl_numlt6_total,2007,53.808
mex,sex_f,hht_aggregate_e,chl_numlt6_total,2008,54.093
mex,sex_f,hht_aggregate_e,chl_numlt6_total,2009,54.385
mex,sex_f,hht_aggregate_e,chl_numlt6_total,2010,54.148
mex,sex_f,hht_aggregate_e,chl_numlt6_total,2011,54.573
mex,sex_f,hht_aggregate_e,chl_numlt6_total,2012,56.413
mex,sex_f,hht_aggregate_e,chl_numlt6_total,2013,56.338
mex,sex_f,hht_aggregate_e,chl_numlt6_total,2014,55.556
mex,sex_f,hht_aggregate_e,chl_numlt6_total,2015,56.679
mex,sex_f,hht_aggregate_e,chl_numlt6_total,2016,57.313
mex,sex_f,hht_aggregate_e,chl_numlt6_total,2017,56.912
mex,sex_f,hht_aggregate_e,chl_numlt6_total,2018,56.908
mex,sex_f,hht_aggregate_e,chl_numlt6_total,2019,58.241
mex,sex_f,hht_aggregate_e,chl_numlt6_total,2020,54.81
mex,sex_f,hht_aggregate_e,chl_numlt6_total,2021,57.524
mex,sex_f,hht_aggregate_e,chl_numlt6_total,2022,59.753
mex,sex_f,hht_aggregate_e,chl_numlt6_total,2023,61.407
mex,sex_f,hht_aggregate_e,chl_numlt6_total,2024,62.286
mex,sex_f,hht_aggregate_e,chl_numlt6_total,2025,61.899
mex,sex_f,hht_aggregate_k,chl_aget6_no,2005,42.8
mex,sex_f,hht_aggregate_k,chl_aget6_no,2006,43.736
mex,sex_f,hht_aggregate_k,chl_aget6_no,2007,44.684
mex,sex_f,hht_aggregate_k,chl_aget6_no,2008,45.108
mex,sex_f,hht_aggregate_k,chl_aget6_no,2009,45.348
mex,sex_f,hht_aggregate_k,chl_aget6_no,2010,44.814
mex,sex_f,hht_aggregate_k,chl_aget6_no,2011,45.377
mex,sex_f,hht_aggregate_k,chl_aget6_no,2012,46.21
mex,sex_f,hht_aggregate_k,chl_aget6_no,2013,46.803
mex,sex_f,hht_aggregate_k,chl_aget6_no,2014,46.077
mex,sex_f,hht_aggregate_k,chl_aget6_no,2015,46.331
mex,sex_f,hht_aggregate_k,chl_aget6_no,2016,46.415
mex,sex_f,hht_aggregate_k,chl_aget6_no,2017,46.458
mex,sex_f,hht_aggregate_k,chl_aget6_no,2018,47.38
mex,sex_f,hht_aggregate_k,chl_aget6_no,2019,48.685
mex,sex_f,hht_aggregate_k,chl_aget6_no,2020,44.951
mex,sex_f,hht_aggregate_k,chl_aget6_no,2021,48.077
mex,sex_f,hht_aggregate_k,chl_aget6_no,2022,50.591
mex,sex_f,hht_aggregate_k,chl_aget6_no,2023,52.151
mex,sex_f,hht_aggregate_k,chl_aget6_no,2024,52.35
mex,sex_f,hht_aggregate_k,chl_aget6_no,2025,51.703
mex,sex_f,hht_aggregate_k,chl_aget6_total,2005,38.985
mex,sex_f,hht_aggregate_k,chl_aget6_total,2006,40.478
mex,sex_f,hht_aggregate_k,chl_aget6_total,2007,41.412
mex,sex_f,hht_aggregate_k,chl_aget6_total,2008,41.396
mex,sex_f,hht_aggregate_k,chl_aget6_total,2009,41.828
mex,sex_f,hht_aggregate_k,chl_aget6_total,2010,41.294
mex,sex_f,hht_aggregate_k,chl_aget6_total,2011,41.924
mex,sex_f,hht_aggregate_k,chl_aget6_total,2012,43.237
mex,sex_f,hht_aggregate_k,chl_aget6_total,2013,43.744
mex,sex_f,hht_aggregate_k,chl_aget6_total,2014,42.877
mex,sex_f,hht_aggregate_k,chl_aget6_total,2015,43.238
mex,sex_f,hht_aggregate_k,chl_aget6_total,2016,43.49
mex,sex_f,hht_aggregate_k,chl_aget6_total,2017,43.403
mex,sex_f,hht_aggregate_k,chl_aget6_total,2018,44.31
mex,sex_f,hht_aggregate_k,chl_aget6_total,2019,45.667
mex,sex_f,hht_aggregate_k,chl_aget6_total,2020,42.104
mex,sex_f,hht_aggregate_k,chl_aget6_total,2021,45.83
mex,sex_f,hht_aggregate_k,chl_aget6_total,2022,47.986
mex,sex_f,hht_aggregate_k,chl_aget6_total,2023,49.522
mex,sex_f,hht_aggregate_k,chl_aget6_total,2024,49.502
mex,sex_f,hht_aggregate_k,chl_aget6_total,2025,49.042
mex,sex_f,hht_aggregate_k,chl_aget6_yes,2005,33.528
mex,sex_f,hht_aggregate_k,chl_aget6_yes,2006,35.752
mex,sex_f,hht_aggregate_k,chl_aget6_yes,2007,36.468
mex,sex_f,hht_aggregate_k,chl_aget6_yes,2008,35.607
mex,sex_f,hht_aggregate_k,chl_aget6_yes,2009,36.097
mex,sex_f,hht_aggregate_k,chl_aget6_yes,2010,35.707
mex,sex_f,hht_aggregate_k,chl_aget6_yes,2011,36.288
mex,sex_f,hht_aggregate_k,chl_aget6_yes,2012,38.155
mex,sex_f,hht_aggregate_k,chl_aget6_yes,2013,38.476
mex,sex_f,hht_aggregate_k,chl_aget6_yes,2014,37.29
mex,sex_f,hht_aggregate_k,chl_aget6_yes,2015,37.842
mex,sex_f,hht_aggregate_k,chl_aget6_yes,2016,38.272
mex,sex_f,hht_aggregate_k,chl_aget6_yes,2017,37.674
mex,sex_f,hht_aggregate_k,chl_aget6_yes,2018,38.374
mex,sex_f,hht_aggregate_k,chl_aget6_yes,2019,39.639
mex,sex_f,hht_aggregate_k,chl_aget6_yes,2020,36.114
mex,sex_f,hht_aggregate_k,chl_aget6_yes,2021,40.749
mex,sex_f,hht_aggregate_k,chl_aget6_yes,2022,42.039
mex,sex_f,hht_aggregate_k,chl_aget6_yes,2023,43.32
mex,sex_f,hht_aggregate_k,chl_aget6_yes,2024,42.574
mex,sex_f,hht_aggregate_k,chl_aget6_yes,2025,42.35
mex,sex_f,hht_aggregate_k,chl_numlt6_0,2005,42.8
mex,sex_f,hht_aggregate_k,chl_numlt6_0,2006,43.736
mex,sex_f,hht_aggregate_k,chl_numlt6_0,2007,44.684
mex,sex_f,hht_aggregate_k,chl_numlt6_0,2008,45.108
mex,sex_f,hht_aggregate_k,chl_numlt6_0,2009,45.348
mex,sex_f,hht_aggregate_k,chl_numlt6_0,2010,44.814
mex,sex_f,hht_aggregate_k,chl_numlt6_0,2011,45.377
mex,sex_f,hht_aggregate_k,chl_numlt6_0,2012,46.21
mex,sex_f,hht_aggregate_k,chl_numlt6_0,2013,46.803
mex,sex_f,hht_aggregate_k,chl_numlt6_0,2014,46.077
mex,sex_f,hht_aggregate_k,chl_numlt6_0,2015,46.331
mex,sex_f,hht_aggregate_k,chl_numlt6_0,2016,46.415
mex,sex_f,hht_aggregate_k,chl_numlt6_0,2017,46.458
mex,sex_f,hht_aggregate_k,chl_numlt6_0,2018,47.38
mex,sex_f,hht_aggregate_k,chl_numlt6_0,2019,48.685
mex,sex_f,hht_aggregate_k,chl_numlt6_0,2020,44.951
mex,sex_f,hht_aggregate_k,chl_numlt6_0,2021,48.077
mex,sex_f,hht_aggregate_k,chl_numlt6_0,2022,50.591
mex,sex_f,hht_aggregate_k,chl_numlt6_0,2023,52.151
mex,sex_f,hht_aggregate_k,chl_numlt6_0,2024,52.35
mex,sex_f,hht_aggregate_k,chl_numlt6_0,2025,51.703
mex,sex_f,hht_aggregate_k,chl_numlt6_1,2005,36.218
mex,sex_f,hht_aggregate_k,chl_numlt6_1,2006,38.214
mex,sex_f,hht_aggregate_k,chl_numlt6_1,2007,38.928
mex,sex_f,hht_aggregate_k,chl_numlt6_1,2008,38.347
mex,sex_f,hht_aggregate_k,chl_numlt6_1,2009,38.575
mex,sex_f,hht_aggregate_k,chl_numlt6_1,2010,38.201
mex,sex_f,hht_aggregate_k,chl_numlt6_1,2011,38.89
mex,sex_f,hht_aggregate_k,chl_numlt6_1,2012,40.549
mex,sex_f,hht_aggregate_k,chl_numlt6_1,2013,40.579
mex,sex_f,hht_aggregate_k,chl_numlt6_1,2014,39.306
mex,sex_f,hht_aggregate_k,chl_numlt6_1,2015,39.94
mex,sex_f,hht_aggregate_k,chl_numlt6_1,2016,40.537
mex,sex_f,hht_aggregate_k,chl_numlt6_1,2017,39.95
mex,sex_f,hht_aggregate_k,chl_numlt6_1,2018,40.051
mex,sex_f,hht_aggregate_k,chl_numlt6_1,2019,41.184
mex,sex_f,hht_aggregate_k,chl_numlt6_1,2020,37.102
mex,sex_f,hht_aggregate_k,chl_numlt6_1,2021,42.128
mex,sex_f,hht_aggregate_k,chl_numlt6_1,2022,43.888
mex,sex_f,hht_aggregate_k,chl_numlt6_1,2023,45.328
mex,sex_f,hht_aggregate_k,chl_numlt6_1,2024,44.385
mex,sex_f,hht_aggregate_k,chl_numlt6_1,2025,44.018
mex,sex_f,hht_aggregate_k,chl_numlt6_2,2005,27.471
mex,sex_f,hht_aggregate_k,chl_numlt6_2,2006,29.7
mex,sex_f,hht_aggregate_k,chl_numlt6_2,2007,30.976
mex,sex_f,hht_aggregate_k,chl_numlt6_2,2008,29.148
mex,sex_f,hht_aggregate_k,chl_numlt6_2,2009,29.011
mex,sex_f,hht_aggregate_k,chl_numlt6_2,2010,29.421
mex,sex_f,hht_aggregate_k,chl_numlt6_2,2011,29.695
mex,sex_f,hht_aggregate_k,chl_numlt6_2,2012,31.574
mex,sex_f,hht_aggregate_k,chl_numlt6_2,2013,32.356
mex,sex_f,hht_aggregate_k,chl_numlt6_2,2014,32.029
mex,sex_f,hht_aggregate_k,chl_numlt6_2,2015,32.17
mex,sex_f,hht_aggregate_k,chl_numlt6_2,2016,31.336
mex,sex_f,hht_aggregate_k,chl_numlt6_2,2017,30.508
mex,sex_f,hht_aggregate_k,chl_numlt6_2,2018,32.872
mex,sex_f,hht_aggregate_k,chl_numlt6_2,2019,34.108
mex,sex_f,hht_aggregate_k,chl_numlt6_2,2020,33.89
mex,sex_f,hht_aggregate_k,chl_numlt6_2,2021,35.361
mex,sex_f,hht_aggregate_k,chl_numlt6_2,2022,34.937
mex,sex_f,hht_aggregate_k,chl_numlt6_2,2023,35.115
mex,sex_f,hht_aggregate_k,chl_numlt6_2,2024,34.746
mex,sex_f,hht_aggregate_k,chl_numlt6_2,2025,34.148
mex,sex_f,hht_aggregate_k,chl_numlt6_ge3,2005,21.54
mex,sex_f,hht_aggregate_k,chl_numlt6_ge3,2006,26.587
mex,sex_f,hht_aggregate_k,chl_numlt6_ge3,2007,21.756
mex,sex_f,hht_aggregate_k,chl_numlt6_ge3,2008,21.846
mex,sex_f,hht_aggregate_k,chl_numlt6_ge3,2009,26.332
mex,sex_f,hht_aggregate_k,chl_numlt6_ge3,2010,21.986
mex,sex_f,hht_aggregate_k,chl_numlt6_ge3,2011,23.683
mex,sex_f,hht_aggregate_k,chl_numlt6_ge3,2012,27.7
mex,sex_f,hht_aggregate_k,chl_numlt6_ge3,2013,27.285
mex,sex_f,hht_aggregate_k,chl_numlt6_ge3,2014,20.765
mex,sex_f,hht_aggregate_k,chl_numlt6_ge3,2015,21.905
mex,sex_f,hht_aggregate_k,chl_numlt6_ge3,2016,22.204
mex,sex_f,hht_aggregate_k,chl_numlt6_ge3,2017,24.868
mex,sex_f,hht_aggregate_k,chl_numlt6_ge3,2018,26.139
mex,sex_f,hht_aggregate_k,chl_numlt6_ge3,2019,28.885
mex,sex_f,hht_aggregate_k,chl_numlt6_ge3,2020,17.355
mex,sex_f,hht_aggregate_k,chl_numlt6_ge3,2021,27.938
mex,sex_f,hht_aggregate_k,chl_numlt6_ge3,2022,24.952
mex,sex_f,hht_aggregate_k,chl_numlt6_ge3,2023,24.682
mex,sex_f,hht_aggregate_k,chl_numlt6_ge3,2024,24.708
mex,sex_f,hht_aggregate_k,chl_numlt6_ge3,2025,30.327
mex,sex_f,hht_aggregate_k,chl_numlt6_total,2005,38.985
mex,sex_f,hht_aggregate_k,chl_numlt6_total,2006,40.478
mex,sex_f,hht_aggregate_k,chl_numlt6_total,2007,41.412
mex,sex_f,hht_aggregate_k,chl_numlt6_total,2008,41.396
mex,sex_f,hht_aggregate_k,chl_numlt6_total,2009,41.828
mex,sex_f,hht_aggregate_k,chl_numlt6_total,2010,41.294
mex,sex_f,hht_aggregate_k,chl_numlt6_total,2011,41.924
mex,sex_f,hht_aggregate_k,chl_numlt6_total,2012,43.237
mex,sex_f,hht_aggregate_k,chl_numlt6_total,2013,43.744
mex,sex_f,hht_aggregate_k,chl_numlt6_total,2014,42.877
mex,sex_f,hht_aggregate_k,chl_numlt6_total,2015,43.238
mex,sex_f,hht_aggregate_k,chl_numlt6_total,2016,43.49
mex,sex_f,hht_aggregate_k,chl_numlt6_total,2017,43.403
mex,sex_f,hht_aggregate_k,chl_numlt6_total,2018,44.31
mex,sex_f,hht_aggregate_k,chl_numlt6_total,2019,45.667
mex,sex_f,hht_aggregate_k,chl_numlt6_total,2020,42.104
mex,sex_f,hht_aggregate_k,chl_numlt6_total,2021,45.83
mex,sex_f,hht_aggregate_k,chl_numlt6_total,2022,47.986
mex,sex_f,hht_aggregate_k,chl_numlt6_total,2023,49.522
mex,sex_f,hht_aggregate_k,chl_numlt6_total,2024,49.502
mex,sex_f,hht_aggregate_k,chl_numlt6_total,2025,49.042
mex,sex_f,hht_aggregate_l,chl_aget6_no,2005,72.075
mex,sex_f,hht_aggregate_l,chl_aget6_no,2006,71.854
mex,sex_f,hht_aggregate_l,chl_aget6_no,2007,72.006
mex,sex_f,hht_aggregate_l,chl_aget6_no,2008,73.565
mex,sex_f,hht_aggregate_l,chl_aget6_no,2009,73.055
mex,sex_f,hht_aggregate_l,chl_aget6_no,2010,73.783
mex,sex_f,hht_aggregate_l,chl_aget6_no,2011,75.051
mex,sex_f,hht_aggregate_l,chl_aget6_no,2012,75.639
mex,sex_f,hht_aggregate_l,chl_aget6_no,2013,75.145
mex,sex_f,hht_aggregate_l,chl_aget6_no,2014,73.559
mex,sex_f,hht_aggregate_l,chl_aget6_no,2015,75.181
mex,sex_f,hht_aggregate_l,chl_aget6_no,2016,76.268
mex,sex_f,hht_aggregate_l,chl_aget6_no,2017,75.947
mex,sex_f,hht_aggregate_l,chl_aget6_no,2018,76.48
mex,sex_f,hht_aggregate_l,chl_aget6_no,2019,77.682
mex,sex_f,hht_aggregate_l,chl_aget6_no,2020,70.208
mex,sex_f,hht_aggregate_l,chl_aget6_no,2021,77.171
mex,sex_f,hht_aggregate_l,chl_aget6_no,2022,78.974
mex,sex_f,hht_aggregate_l,chl_aget6_no,2023,80.692
mex,sex_f,hht_aggregate_l,chl_aget6_no,2024,79.59
mex,sex_f,hht_aggregate_l,chl_aget6_no,2025,79.772
mex,sex_f,hht_aggregate_l,chl_aget6_total,2005,68.695
mex,sex_f,hht_aggregate_l,chl_aget6_total,2006,68.905
mex,sex_f,hht_aggregate_l,chl_aget6_total,2007,69.433
mex,sex_f,hht_aggregate_l,chl_aget6_total,2008,70.829
mex,sex_f,hht_aggregate_l,chl_aget6_total,2009,70.26
mex,sex_f,hht_aggregate_l,chl_aget6_total,2010,71.708
mex,sex_f,hht_aggregate_l,chl_aget6_total,2011,73.358
mex,sex_f,hht_aggregate_l,chl_aget6_total,2012,73.841
mex,sex_f,hht_aggregate_l,chl_aget6_total,2013,73.861
mex,sex_f,hht_aggregate_l,chl_aget6_total,2014,72.315
mex,sex_f,hht_aggregate_l,chl_aget6_total,2015,73.66
mex,sex_f,hht_aggregate_l,chl_aget6_total,2016,74.268
mex,sex_f,hht_aggregate_l,chl_aget6_total,2017,73.932
mex,sex_f,hht_aggregate_l,chl_aget6_total,2018,74.227
mex,sex_f,hht_aggregate_l,chl_aget6_total,2019,75.752
mex,sex_f,hht_aggregate_l,chl_aget6_total,2020,70.555
mex,sex_f,hht_aggregate_l,chl_aget6_total,2021,75.508
mex,sex_f,hht_aggregate_l,chl_aget6_total,2022,76.67
mex,sex_f,hht_aggregate_l,chl_aget6_total,2023,77.655
mex,sex_f,hht_aggregate_l,chl_aget6_total,2024,76.586
mex,sex_f,hht_aggregate_l,chl_aget6_total,2025,77.17
mex,sex_f,hht_aggregate_l,chl_aget6_yes,2005,57.603
mex,sex_f,hht_aggregate_l,chl_aget6_yes,2006,59.318
mex,sex_f,hht_aggregate_l,chl_aget6_yes,2007,60.269
mex,sex_f,hht_aggregate_l,chl_aget6_yes,2008,60.824
mex,sex_f,hht_aggregate_l,chl_aget6_yes,2009,60.224
mex,sex_f,hht_aggregate_l,chl_aget6_yes,2010,63.98
mex,sex_f,hht_aggregate_l,chl_aget6_yes,2011,66.813
mex,sex_f,hht_aggregate_l,chl_aget6_yes,2012,65.793
mex,sex_f,hht_aggregate_l,chl_aget6_yes,2013,68.078
mex,sex_f,hht_aggregate_l,chl_aget6_yes,2014,66.921
mex,sex_f,hht_aggregate_l,chl_aget6_yes,2015,66.681
mex,sex_f,hht_aggregate_l,chl_aget6_yes,2016,65.621
mex,sex_f,hht_aggregate_l,chl_aget6_yes,2017,64.762
mex,sex_f,hht_aggregate_l,chl_aget6_yes,2018,63.211
mex,sex_f,hht_aggregate_l,chl_aget6_yes,2019,66.88
mex,sex_f,hht_aggregate_l,chl_aget6_yes,2020,71.891
mex,sex_f,hht_aggregate_l,chl_aget6_yes,2021,67.374
mex,sex_f,hht_aggregate_l,chl_aget6_yes,2022,65.162
mex,sex_f,hht_aggregate_l,chl_aget6_yes,2023,62.6
mex,sex_f,hht_aggregate_l,chl_aget6_yes,2024,61.667
mex,sex_f,hht_aggregate_l,chl_aget6_yes,2025,64.152
mex,sex_f,hht_aggregate_l,chl_numlt6_0,2005,72.075
mex,sex_f,hht_aggregate_l,chl_numlt6_0,2006,71.854
mex,sex_f,hht_aggregate_l,chl_numlt6_0,2007,72.006
mex,sex_f,hht_aggregate_l,chl_numlt6_0,2008,73.565
mex,sex_f,hht_aggregate_l,chl_numlt6_0,2009,73.055
mex,sex_f,hht_aggregate_l,chl_numlt6_0,2010,73.783
mex,sex_f,hht_aggregate_l,chl_numlt6_0,2011,75.051
mex,sex_f,hht_aggregate_l,chl_numlt6_0,2012,75.639
mex,sex_f,hht_aggregate_l,chl_numlt6_0,2013,75.145
mex,sex_f,hht_aggregate_l,chl_numlt6_0,2014,73.559
mex,sex_f,hht_aggregate_l,chl_numlt6_0,2015,75.181
mex,sex_f,hht_aggregate_l,chl_numlt6_0,2016,76.268
mex,sex_f,hht_aggregate_l,chl_numlt6_0,2017,75.947
mex,sex_f,hht_aggregate_l,chl_numlt6_0,2018,76.48
mex,sex_f,hht_aggregate_l,chl_numlt6_0,2019,77.682
mex,sex_f,hht_aggregate_l,chl_numlt6_0,2020,70.208
mex,sex_f,hht_aggregate_l,chl_numlt6_0,2021,77.171
mex,sex_f,hht_aggregate_l,chl_numlt6_0,2022,78.974
mex,sex_f,hht_aggregate_l,chl_numlt6_0,2023,80.692
mex,sex_f,hht_aggregate_l,chl_numlt6_0,2024,79.59
mex,sex_f,hht_aggregate_l,chl_numlt6_0,2025,79.772
mex,sex_f,hht_aggregate_l,chl_numlt6_1,2005,61.01
mex,sex_f,hht_aggregate_l,chl_numlt6_1,2006,63.626
mex,sex_f,hht_aggregate_l,chl_numlt6_1,2007,63.477
mex,sex_f,hht_aggregate_l,chl_numlt6_1,2008,63.601
mex,sex_f,hht_aggregate_l,chl_numlt6_1,2009,62.976
mex,sex_f,hht_aggregate_l,chl_numlt6_1,2010,66.447
mex,sex_f,hht_aggregate_l,chl_numlt6_1,2011,69.338
mex,sex_f,hht_aggregate_l,chl_numlt6_1,2012,67.39
mex,sex_f,hht_aggregate_l,chl_numlt6_1,2013,70.533
mex,sex_f,hht_aggregate_l,chl_numlt6_1,2014,69.971
mex,sex_f,hht_aggregate_l,chl_numlt6_1,2015,68.351
mex,sex_f,hht_aggregate_l,chl_numlt6_1,2016,68.516
mex,sex_f,hht_aggregate_l,chl_numlt6_1,2017,67.105
mex,sex_f,hht_aggregate_l,chl_numlt6_1,2018,65.664
mex,sex_f,hht_aggregate_l,chl_numlt6_1,2019,69.177
mex,sex_f,hht_aggregate_l,chl_numlt6_1,2020,71.999
mex,sex_f,hht_aggregate_l,chl_numlt6_1,2021,69.168
mex,sex_f,hht_aggregate_l,chl_numlt6_1,2022,67.433
mex,sex_f,hht_aggregate_l,chl_numlt6_1,2023,64.776
mex,sex_f,hht_aggregate_l,chl_numlt6_1,2024,63.516
mex,sex_f,hht_aggregate_l,chl_numlt6_1,2025,65.701
mex,sex_f,hht_aggregate_l,chl_numlt6_2,2005,47.649
mex,sex_f,hht_aggregate_l,chl_numlt6_2,2006,45.689
mex,sex_f,hht_aggregate_l,chl_numlt6_2,2007,50.003
mex,sex_f,hht_aggregate_l,chl_numlt6_2,2008,50.7
mex,sex_f,hht_aggregate_l,chl_numlt6_2,2009,51.635
mex,sex_f,hht_aggregate_l,chl_numlt6_2,2010,53.717
mex,sex_f,hht_aggregate_l,chl_numlt6_2,2011,56.012
mex,sex_f,hht_aggregate_l,chl_numlt6_2,2012,61.473
mex,sex_f,hht_aggregate_l,chl_numlt6_2,2013,58.904
mex,sex_f,hht_aggregate_l,chl_numlt6_2,2014,54.665
mex,sex_f,hht_aggregate_l,chl_numlt6_2,2015,60.556
mex,sex_f,hht_aggregate_l,chl_numlt6_2,2016,51.206
mex,sex_f,hht_aggregate_l,chl_numlt6_2,2017,53.875
mex,sex_f,hht_aggregate_l,chl_numlt6_2,2018,52.267
mex,sex_f,hht_aggregate_l,chl_numlt6_2,2019,57.523
mex,sex_f,hht_aggregate_l,chl_numlt6_2,2020,73.117
mex,sex_f,hht_aggregate_l,chl_numlt6_2,2021,56.014
mex,sex_f,hht_aggregate_l,chl_numlt6_2,2022,51.366
mex,sex_f,hht_aggregate_l,chl_numlt6_2,2023,52.174
mex,sex_f,hht_aggregate_l,chl_numlt6_2,2024,50.789
mex,sex_f,hht_aggregate_l,chl_numlt6_2,2025,56.496
mex,sex_f,hht_aggregate_l,chl_numlt6_ge3,2005,40.672
mex,sex_f,hht_aggregate_l,chl_numlt6_ge3,2006,32.213
mex,sex_f,hht_aggregate_l,chl_numlt6_ge3,2007,32.106
mex,sex_f,hht_aggregate_l,chl_numlt6_ge3,2008,48.566
mex,sex_f,hht_aggregate_l,chl_numlt6_ge3,2009,25.613
mex,sex_f,hht_aggregate_l,chl_numlt6_ge3,2010,46.309
mex,sex_f,hht_aggregate_l,chl_numlt6_ge3,2011,34.569
mex,sex_f,hht_aggregate_l,chl_numlt6_ge3,2012,38.25
mex,sex_f,hht_aggregate_l,chl_numlt6_ge3,2013,41.093
mex,sex_f,hht_aggregate_l,chl_numlt6_ge3,2014,52.647
mex,sex_f,hht_aggregate_l,chl_numlt6_ge3,2015,39.889
mex,sex_f,hht_aggregate_l,chl_numlt6_ge3,2016,41.244
mex,sex_f,hht_aggregate_l,chl_numlt6_ge3,2017,35.577
mex,sex_f,hht_aggregate_l,chl_numlt6_ge3,2018,35.245
mex,sex_f,hht_aggregate_l,chl_numlt6_ge3,2019,20.409
mex,sex_f,hht_aggregate_l,chl_numlt6_ge3,2020,36.385
mex,sex_f,hht_aggregate_l,chl_numlt6_ge3,2021,51.715
mex,sex_f,hht_aggregate_l,chl_numlt6_ge3,2022,38.717
mex,sex_f,hht_aggregate_l,chl_numlt6_ge3,2023,38.029
mex,sex_f,hht_aggregate_l,chl_numlt6_ge3,2024,35.11
mex,sex_f,hht_aggregate_l,chl_numlt6_ge3,2025,29.082
mex,sex_f,hht_aggregate_l,chl_numlt6_total,2005,68.695
mex,sex_f,hht_aggregate_l,chl_numlt6_total,2006,68.905
mex,sex_f,hht_aggregate_l,chl_numlt6_total,2007,69.433
mex,sex_f,hht_aggregate_l,chl_numlt6_total,2008,70.829
mex,sex_f,hht_aggregate_l,chl_numlt6_total,2009,70.26
mex,sex_f,hht_aggregate_l,chl_numlt6_total,2010,71.708
mex,sex_f,hht_aggregate_l,chl_numlt6_total,2011,73.358
mex,sex_f,hht_aggregate_l,chl_numlt6_total,2012,73.841
mex,sex_f,hht_aggregate_l,chl_numlt6_total,2013,73.861
mex,sex_f,hht_aggregate_l,chl_numlt6_total,2014,72.315
mex,sex_f,hht_aggregate_l,chl_numlt6_total,2015,73.66
mex,sex_f,hht_aggregate_l,chl_numlt6_total,2016,74.268
mex,sex_f,hht_aggregate_l,chl_numlt6_total,2017,73.932
mex,sex_f,hht_aggregate_l,chl_numlt6_total,2018,74.227
mex,sex_f,hht_aggregate_l,chl_numlt6_total,2019,75.752
mex,sex_f,hht_aggregate_l,chl_numlt6_total,2020,70.555
mex,sex_f,hht_aggregate_l,chl_numlt6_total,2021,75.508
mex,sex_f,hht_aggregate_l,chl_numlt6_total,2022,76.67
mex,sex_f,hht_aggregate_l,chl_numlt6_total,2023,77.655
mex,sex_f,hht_aggregate_l,chl_numlt6_total,2024,76.586
mex,sex_f,hht_aggregate_l,chl_numlt6_total,2025,77.17
mex,sex_f,hht_aggregate_o,chl_aget6_no,2005,76.551
mex,sex_f,hht_aggregate_o,chl_aget6_no,2006,78.684
mex,sex_f,hht_aggregate_o,chl_aget6_no,2007,78.445
mex,sex_f,hht_aggregate_o,chl_aget6_no,2008,79.278
mex,sex_f,hht_aggregate_o,chl_aget6_no,2009,77.233
mex,sex_f,hht_aggregate_o,chl_aget6_no,2010,73.978
mex,sex_f,hht_aggregate_o,chl_aget6_no,2011,74.116
mex,sex_f,hht_aggregate_o,chl_aget6_no,2012,78.153
mex,sex_f,hht_aggregate_o,chl_aget6_no,2013,79.063
mex,sex_f,hht_aggregate_o,chl_aget6_no,2014,77.167
mex,sex_f,hht_aggregate_o,chl_aget6_no,2015,78.112
mex,sex_f,hht_aggregate_o,chl_aget6_no,2016,78.892
mex,sex_f,hht_aggregate_o,chl_aget6_no,2017,76.67
mex,sex_f,hht_aggregate_o,chl_aget6_no,2018,80.068
mex,sex_f,hht_aggregate_o,chl_aget6_no,2019,80.872
mex,sex_f,hht_aggregate_o,chl_aget6_no,2020,73.557
mex,sex_f,hht_aggregate_o,chl_aget6_no,2021,75.934
mex,sex_f,hht_aggregate_o,chl_aget6_no,2022,81.667
mex,sex_f,hht_aggregate_o,chl_aget6_no,2023,83.088
mex,sex_f,hht_aggregate_o,chl_aget6_no,2024,82.761
mex,sex_f,hht_aggregate_o,chl_aget6_no,2025,81.012
mex,sex_f,hht_aggregate_o,chl_aget6_total,2005,76.551
mex,sex_f,hht_aggregate_o,chl_aget6_total,2006,78.684
mex,sex_f,hht_aggregate_o,chl_aget6_total,2007,78.445
mex,sex_f,hht_aggregate_o,chl_aget6_total,2008,79.278
mex,sex_f,hht_aggregate_o,chl_aget6_total,2009,77.233
mex,sex_f,hht_aggregate_o,chl_aget6_total,2010,73.978
mex,sex_f,hht_aggregate_o,chl_aget6_total,2011,74.116
mex,sex_f,hht_aggregate_o,chl_aget6_total,2012,78.153
mex,sex_f,hht_aggregate_o,chl_aget6_total,2013,79.063
mex,sex_f,hht_aggregate_o,chl_aget6_total,2014,77.167
mex,sex_f,hht_aggregate_o,chl_aget6_total,2015,78.112
mex,sex_f,hht_aggregate_o,chl_aget6_total,2016,78.892
mex,sex_f,hht_aggregate_o,chl_aget6_total,2017,76.67
mex,sex_f,hht_aggregate_o,chl_aget6_total,2018,80.068
mex,sex_f,hht_aggregate_o,chl_aget6_total,2019,80.872
mex,sex_f,hht_aggregate_o,chl_aget6_total,2020,73.557
mex,sex_f,hht_aggregate_o,chl_aget6_total,2021,75.934
mex,sex_f,hht_aggregate_o,chl_aget6_total,2022,81.667
mex,sex_f,hht_aggregate_o,chl_aget6_total,2023,83.088
mex,sex_f,hht_aggregate_o,chl_aget6_total,2024,82.761
mex,sex_f,hht_aggregate_o,chl_aget6_total,2025,81.012
mex,sex_f,hht_aggregate_o,chl_numlt6_0,2005,76.551
mex,sex_f,hht_aggregate_o,chl_numlt6_0,2006,78.684
mex,sex_f,hht_aggregate_o,chl_numlt6_0,2007,78.445
mex,sex_f,hht_aggregate_o,chl_numlt6_0,2008,79.278
mex,sex_f,hht_aggregate_o,chl_numlt6_0,2009,77.233
mex,sex_f,hht_aggregate_o,chl_numlt6_0,2010,73.978
mex,sex_f,hht_aggregate_o,chl_numlt6_0,2011,74.116
mex,sex_f,hht_aggregate_o,chl_numlt6_0,2012,78.153
mex,sex_f,hht_aggregate_o,chl_numlt6_0,2013,79.063
mex,sex_f,hht_aggregate_o,chl_numlt6_0,2014,77.167
mex,sex_f,hht_aggregate_o,chl_numlt6_0,2015,78.112
mex,sex_f,hht_aggregate_o,chl_numlt6_0,2016,78.892
mex,sex_f,hht_aggregate_o,chl_numlt6_0,2017,76.67
mex,sex_f,hht_aggregate_o,chl_numlt6_0,2018,80.068
mex,sex_f,hht_aggregate_o,chl_numlt6_0,2019,80.872
mex,sex_f,hht_aggregate_o,chl_numlt6_0,2020,73.557
mex,sex_f,hht_aggregate_o,chl_numlt6_0,2021,75.934
mex,sex_f,hht_aggregate_o,chl_numlt6_0,2022,81.667
mex,sex_f,hht_aggregate_o,chl_numlt6_0,2023,83.088
mex,sex_f,hht_aggregate_o,chl_numlt6_0,2024,82.761
mex,sex_f,hht_aggregate_o,chl_numlt6_0,2025,81.012
mex,sex_f,hht_aggregate_o,chl_numlt6_total,2005,76.551
mex,sex_f,hht_aggregate_o,chl_numlt6_total,2006,78.684
mex,sex_f,hht_aggregate_o,chl_numlt6_total,2007,78.445
mex,sex_f,hht_aggregate_o,chl_numlt6_total,2008,79.278
mex,sex_f,hht_aggregate_o,chl_numlt6_total,2009,77.233
mex,sex_f,hht_aggregate_o,chl_numlt6_total,2010,73.978
mex,sex_f,hht_aggregate_o,chl_numlt6_total,2011,74.116
mex,sex_f,hht_aggregate_o,chl_numlt6_total,2012,78.153
mex,sex_f,hht_aggregate_o,chl_numlt6_total,2013,79.063
mex,sex_f,hht_aggregate_o,chl_numlt6_total,2014,77.167
mex,sex_f,hht_aggregate_o,chl_numlt6_total,2015,78.112
mex,sex_f,hht_aggregate_o,chl_numlt6_total,2016,78.892
mex,sex_f,hht_aggregate_o,chl_numlt6_total,2017,76.67
mex,sex_f,hht_aggregate_o,chl_numlt6_total,2018,80.068
mex,sex_f,hht_aggregate_o,chl_numlt6_total,2019,80.872
mex,sex_f,hht_aggregate_o,chl_numlt6_total,2020,73.557
mex,sex_f,hht_aggregate_o,chl_numlt6_total,2021,75.934
mex,sex_f,hht_aggregate_o,chl_numlt6_total,2022,81.667
mex,sex_f,hht_aggregate_o,chl_numlt6_total,2023,83.088
mex,sex_f,hht_aggregate_o,chl_numlt6_total,2024,82.761
mex,sex_f,hht_aggregate_o,chl_numlt6_total,2025,81.012
mex,sex_f,hht_aggregate_total,chl_aget6_no,2005,51.086
mex,sex_f,hht_aggregate_total,chl_aget6_no,2006,52.109
mex,sex_f,hht_aggregate_total,chl_aget6_no,2007,52.876
mex,sex_f,hht_aggregate_total,chl_aget6_no,2008,53.175
mex,sex_f,hht_aggregate_total,chl_aget6_no,2009,53.615
mex,sex_f,hht_aggregate_total,chl_aget6_no,2010,53.27
mex,sex_f,hht_aggregate_total,chl_aget6_no,2011,53.815
mex,sex_f,hht_aggregate_total,chl_aget6_no,2012,55.006
mex,sex_f,hht_aggregate_total,chl_aget6_no,2013,55.075
mex,sex_f,hht_aggregate_total,chl_aget6_no,2014,54.197
mex,sex_f,hht_aggregate_total,chl_aget6_no,2015,55.129
mex,sex_f,hht_aggregate_total,chl_aget6_no,2016,55.772
mex,sex_f,hht_aggregate_total,chl_aget6_no,2017,55.467
mex,sex_f,hht_aggregate_total,chl_aget6_no,2018,56.267
mex,sex_f,hht_aggregate_total,chl_aget6_no,2019,57.603
mex,sex_f,hht_aggregate_total,chl_aget6_no,2020,54.092
mex,sex_f,hht_aggregate_total,chl_aget6_no,2021,57.529
mex,sex_f,hht_aggregate_total,chl_aget6_no,2022,60.089
mex,sex_f,hht_aggregate_total,chl_aget6_no,2023,61.768
mex,sex_f,hht_aggregate_total,chl_aget6_no,2024,62.413
mex,sex_f,hht_aggregate_total,chl_aget6_no,2025,61.989
mex,sex_f,hht_aggregate_total,chl_aget6_total,2005,46.695
mex,sex_f,hht_aggregate_total,chl_aget6_total,2006,48.262
mex,sex_f,hht_aggregate_total,chl_aget6_total,2007,48.884
mex,sex_f,hht_aggregate_total,chl_aget6_total,2008,49.009
mex,sex_f,hht_aggregate_total,chl_aget6_total,2009,49.623
mex,sex_f,hht_aggregate_total,chl_aget6_total,2010,49.348
mex,sex_f,hht_aggregate_total,chl_aget6_total,2011,50.044
mex,sex_f,hht_aggregate_total,chl_aget6_total,2012,51.497
mex,sex_f,hht_aggregate_total,chl_aget6_total,2013,51.779
mex,sex_f,hht_aggregate_total,chl_aget6_total,2014,50.897
mex,sex_f,hht_aggregate_total,chl_aget6_total,2015,51.785
mex,sex_f,hht_aggregate_total,chl_aget6_total,2016,52.297
mex,sex_f,hht_aggregate_total,chl_aget6_total,2017,52.136
mex,sex_f,hht_aggregate_total,chl_aget6_total,2018,52.785
mex,sex_f,hht_aggregate_total,chl_aget6_total,2019,54.23
mex,sex_f,hht_aggregate_total,chl_aget6_total,2020,51.08
mex,sex_f,hht_aggregate_total,chl_aget6_total,2021,54.359
mex,sex_f,hht_aggregate_total,chl_aget6_total,2022,56.746
mex,sex_f,hht_aggregate_total,chl_aget6_total,2023,58.406
mex,sex_f,hht_aggregate_total,chl_aget6_total,2024,58.937
mex,sex_f,hht_aggregate_total,chl_aget6_total,2025,58.673
mex,sex_f,hht_aggregate_total,chl_aget6_yes,2005,40.633
mex,sex_f,hht_aggregate_total,chl_aget6_yes,2006,42.867
mex,sex_f,hht_aggregate_total,chl_aget6_yes,2007,43.069
mex,sex_f,hht_aggregate_total,chl_aget6_yes,2008,42.836
mex,sex_f,hht_aggregate_total,chl_aget6_yes,2009,43.491
mex,sex_f,hht_aggregate_total,chl_aget6_yes,2010,43.377
mex,sex_f,hht_aggregate_total,chl_aget6_yes,2011,44.125
mex,sex_f,hht_aggregate_total,chl_aget6_yes,2012,45.856
mex,sex_f,hht_aggregate_total,chl_aget6_yes,2013,46.457
mex,sex_f,hht_aggregate_total,chl_aget6_yes,2014,45.512
mex,sex_f,hht_aggregate_total,chl_aget6_yes,2015,46.293
mex,sex_f,hht_aggregate_total,chl_aget6_yes,2016,46.411
mex,sex_f,hht_aggregate_total,chl_aget6_yes,2017,46.38
mex,sex_f,hht_aggregate_total,chl_aget6_yes,2018,46.468
mex,sex_f,hht_aggregate_total,chl_aget6_yes,2019,48.118
mex,sex_f,hht_aggregate_total,chl_aget6_yes,2020,45.011
mex,sex_f,hht_aggregate_total,chl_aget6_yes,2021,47.736
mex,sex_f,hht_aggregate_total,chl_aget6_yes,2022,49.562
mex,sex_f,hht_aggregate_total,chl_aget6_yes,2023,50.816
mex,sex_f,hht_aggregate_total,chl_aget6_yes,2024,50.657
mex,sex_f,hht_aggregate_total,chl_aget6_yes,2025,50.263
mex,sex_f,hht_aggregate_total,chl_numlt6_0,2005,51.086
mex,sex_f,hht_aggregate_total,chl_numlt6_0,2006,52.109
mex,sex_f,hht_aggregate_total,chl_numlt6_0,2007,52.876
mex,sex_f,hht_aggregate_total,chl_numlt6_0,2008,53.175
mex,sex_f,hht_aggregate_total,chl_numlt6_0,2009,53.615
mex,sex_f,hht_aggregate_total,chl_numlt6_0,2010,53.27
mex,sex_f,hht_aggregate_total,chl_numlt6_0,2011,53.815
mex,sex_f,hht_aggregate_total,chl_numlt6_0,2012,55.006
mex,sex_f,hht_aggregate_total,chl_numlt6_0,2013,55.075
mex,sex_f,hht_aggregate_total,chl_numlt6_0,2014,54.197
mex,sex_f,hht_aggregate_total,chl_numlt6_0,2015,55.129
mex,sex_f,hht_aggregate_total,chl_numlt6_0,2016,55.772
mex,sex_f,hht_aggregate_total,chl_numlt6_0,2017,55.467
mex,sex_f,hht_aggregate_total,chl_numlt6_0,2018,56.267
mex,sex_f,hht_aggregate_total,chl_numlt6_0,2019,57.603
mex,sex_f,hht_aggregate_total,chl_numlt6_0,2020,54.092
mex,sex_f,hht_aggregate_total,chl_numlt6_0,2021,57.529
mex,sex_f,hht_aggregate_total,chl_numlt6_0,2022,60.089
mex,sex_f,hht_aggregate_total,chl_numlt6_0,2023,61.768
mex,sex_f,hht_aggregate_total,chl_numlt6_0,2024,62.413
mex,sex_f,hht_aggregate_total,chl_numlt6_0,2025,61.989
mex,sex_f,hht_aggregate_total,chl_numlt6_1,2005,43.013
mex,sex_f,hht_aggregate_total,chl_numlt6_1,2006,45.242
mex,sex_f,hht_aggregate_total,chl_numlt6_1,2007,45.208
mex,sex_f,hht_aggregate_total,chl_numlt6_1,2008,45.45
mex,sex_f,hht_aggregate_total,chl_numlt6_1,2009,45.671
mex,sex_f,hht_aggregate_total,chl_numlt6_1,2010,45.471
mex,sex_f,hht_aggregate_total,chl_numlt6_1,2011,46.278
mex,sex_f,hht_aggregate_total,chl_numlt6_1,2012,47.563
mex,sex_f,hht_aggregate_total,chl_numlt6_1,2013,48.169
mex,sex_f,hht_aggregate_total,chl_numlt6_1,2014,47.136
mex,sex_f,hht_aggregate_total,chl_numlt6_1,2015,47.886
mex,sex_f,hht_aggregate_total,chl_numlt6_1,2016,48.124
mex,sex_f,hht_aggregate_total,chl_numlt6_1,2017,48.106
mex,sex_f,hht_aggregate_total,chl_numlt6_1,2018,47.766
mex,sex_f,hht_aggregate_total,chl_numlt6_1,2019,49.683
mex,sex_f,hht_aggregate_total,chl_numlt6_1,2020,46.157
mex,sex_f,hht_aggregate_total,chl_numlt6_1,2021,49.215
mex,sex_f,hht_aggregate_total,chl_numlt6_1,2022,51.07
mex,sex_f,hht_aggregate_total,chl_numlt6_1,2023,52.444
mex,sex_f,hht_aggregate_total,chl_numlt6_1,2024,52.242
mex,sex_f,hht_aggregate_total,chl_numlt6_1,2025,51.825
mex,sex_f,hht_aggregate_total,chl_numlt6_2,2005,35.336
mex,sex_f,hht_aggregate_total,chl_numlt6_2,2006,37.923
mex,sex_f,hht_aggregate_total,chl_numlt6_2,2007,38.691
mex,sex_f,hht_aggregate_total,chl_numlt6_2,2008,36.933
mex,sex_f,hht_aggregate_total,chl_numlt6_2,2009,37.911
mex,sex_f,hht_aggregate_total,chl_numlt6_2,2010,38.449
mex,sex_f,hht_aggregate_total,chl_numlt6_2,2011,38.83
mex,sex_f,hht_aggregate_total,chl_numlt6_2,2012,41.095
mex,sex_f,hht_aggregate_total,chl_numlt6_2,2013,41.421
mex,sex_f,hht_aggregate_total,chl_numlt6_2,2014,41.164
mex,sex_f,hht_aggregate_total,chl_numlt6_2,2015,42.198
mex,sex_f,hht_aggregate_total,chl_numlt6_2,2016,41.861
mex,sex_f,hht_aggregate_total,chl_numlt6_2,2017,41.06
mex,sex_f,hht_aggregate_total,chl_numlt6_2,2018,42.75
mex,sex_f,hht_aggregate_total,chl_numlt6_2,2019,42.769
mex,sex_f,hht_aggregate_total,chl_numlt6_2,2020,42.952
mex,sex_f,hht_aggregate_total,chl_numlt6_2,2021,42.767
mex,sex_f,hht_aggregate_total,chl_numlt6_2,2022,44.747
mex,sex_f,hht_aggregate_total,chl_numlt6_2,2023,45.042
mex,sex_f,hht_aggregate_total,chl_numlt6_2,2024,43.984
mex,sex_f,hht_aggregate_total,chl_numlt6_2,2025,43.567
mex,sex_f,hht_aggregate_total,chl_numlt6_ge3,2005,33.176
mex,sex_f,hht_aggregate_total,chl_numlt6_ge3,2006,34.32
mex,sex_f,hht_aggregate_total,chl_numlt6_ge3,2007,33.906
mex,sex_f,hht_aggregate_total,chl_numlt6_ge3,2008,33.42
mex,sex_f,hht_aggregate_total,chl_numlt6_ge3,2009,37.478
mex,sex_f,hht_aggregate_total,chl_numlt6_ge3,2010,35.344
mex,sex_f,hht_aggregate_total,chl_numlt6_ge3,2011,37.274
mex,sex_f,hht_aggregate_total,chl_numlt6_ge3,2012,41.638
mex,sex_f,hht_aggregate_total,chl_numlt6_ge3,2013,43.42
mex,sex_f,hht_aggregate_total,chl_numlt6_ge3,2014,39.647
mex,sex_f,hht_aggregate_total,chl_numlt6_ge3,2015,39.23
mex,sex_f,hht_aggregate_total,chl_numlt6_ge3,2016,39.241
mex,sex_f,hht_aggregate_total,chl_numlt6_ge3,2017,41.768
mex,sex_f,hht_aggregate_total,chl_numlt6_ge3,2018,40.363
mex,sex_f,hht_aggregate_total,chl_numlt6_ge3,2019,44.378
mex,sex_f,hht_aggregate_total,chl_numlt6_ge3,2020,33.536
mex,sex_f,hht_aggregate_total,chl_numlt6_ge3,2021,40.091
mex,sex_f,hht_aggregate_total,chl_numlt6_ge3,2022,41.065
mex,sex_f,hht_aggregate_total,chl_numlt6_ge3,2023,42.336
mex,sex_f,hht_aggregate_total,chl_numlt6_ge3,2024,46.789
mex,sex_f,hht_aggregate_total,chl_numlt6_ge3,2025,41.361
mex,sex_f,hht_aggregate_total,chl_numlt6_total,2005,46.695
mex,sex_f,hht_aggregate_total,chl_numlt6_total,2006,48.262
mex,sex_f,hht_aggregate_total,chl_numlt6_total,2007,48.884
mex,sex_f,hht_aggregate_total,chl_numlt6_total,2008,49.009
mex,sex_f,hht_aggregate_total,chl_numlt6_total,2009,49.623
mex,sex_f,hht_aggregate_total,chl_numlt6_total,2010,49.348
mex,sex_f,hht_aggregate_total,chl_numlt6_total,2011,50.044
mex,sex_f,hht_aggregate_total,chl_numlt6_total,2012,51.497
mex,sex_f,hht_aggregate_total,chl_numlt6_total,2013,51.779
mex,sex_f,hht_aggregate_total,chl_numlt6_total,2014,50.897
mex,sex_f,hht_aggregate_total,chl_numlt6_total,2015,51.785
mex,sex_f,hht_aggregate_total,chl_numlt6_total,2016,52.297
mex,sex_f,hht_aggregate_total,chl_numlt6_total,2017,52.136
mex,sex_f,hht_aggregate_total,chl_numlt6_total,2018,52.785
mex,sex_f,hht_aggregate_total,chl_numlt6_total,2019,54.23
mex,sex_f,hht_aggregate_total,chl_numlt6_total,2020,51.08
mex,sex_f,hht_aggregate_total,chl_numlt6_total,2021,54.359
mex,sex_f,hht_aggregate_total,chl_numlt6_total,2022,56.746
mex,sex_f,hht_aggregate_total,chl_numlt6_total,2023,58.406
mex,sex_f,hht_aggregate_total,chl_numlt6_total,2024,58.937
mex,sex_f,hht_aggregate_total,chl_numlt6_total,2025,58.673
mex,sex_m,hht_aggregate_c,chl_aget6_no,2005,93.609
mex,sex_m,hht_aggregate_c,chl_aget6_no,2006,93.524
mex,sex_m,hht_aggregate_c,chl_aget6_no,2007,92.863
mex,sex_m,hht_aggregate_c,chl_aget6_no,2008,92.736
mex,sex_m,hht_aggregate_c,chl_aget6_no,2009,91.302
mex,sex_m,hht_aggregate_c,chl_aget6_no,2010,90.777
mex,sex_m,hht_aggregate_c,chl_aget6_no,2011,91.945
mex,sex_m,hht_aggregate_c,chl_aget6_no,2012,90.945
mex,sex_m,hht_aggregate_c,chl_aget6_no,2013,91.496
mex,sex_m,hht_aggregate_c,chl_aget6_no,2014,90.907
mex,sex_m,hht_aggregate_c,chl_aget6_no,2015,91.867
mex,sex_m,hht_aggregate_c,chl_aget6_no,2016,91.71
mex,sex_m,hht_aggregate_c,chl_aget6_no,2017,91.351
mex,sex_m,hht_aggregate_c,chl_aget6_no,2018,92.558
mex,sex_m,hht_aggregate_c,chl_aget6_no,2019,92.085
mex,sex_m,hht_aggregate_c,chl_aget6_no,2020,86.354
mex,sex_m,hht_aggregate_c,chl_aget6_no,2021,92.958
mex,sex_m,hht_aggregate_c,chl_aget6_no,2022,93.851
mex,sex_m,hht_aggregate_c,chl_aget6_no,2023,95.29
mex,sex_m,hht_aggregate_c,chl_aget6_no,2024,94.861
mex,sex_m,hht_aggregate_c,chl_aget6_no,2025,95.014
mex,sex_m,hht_aggregate_c,chl_aget6_total,2005,93.609
mex,sex_m,hht_aggregate_c,chl_aget6_total,2006,93.524
mex,sex_m,hht_aggregate_c,chl_aget6_total,2007,92.863
mex,sex_m,hht_aggregate_c,chl_aget6_total,2008,92.736
mex,sex_m,hht_aggregate_c,chl_aget6_total,2009,91.302
mex,sex_m,hht_aggregate_c,chl_aget6_total,2010,90.777
mex,sex_m,hht_aggregate_c,chl_aget6_total,2011,91.945
mex,sex_m,hht_aggregate_c,chl_aget6_total,2012,90.945
mex,sex_m,hht_aggregate_c,chl_aget6_total,2013,91.496
mex,sex_m,hht_aggregate_c,chl_aget6_total,2014,90.907
mex,sex_m,hht_aggregate_c,chl_aget6_total,2015,91.867
mex,sex_m,hht_aggregate_c,chl_aget6_total,2016,91.71
mex,sex_m,hht_aggregate_c,chl_aget6_total,2017,91.351
mex,sex_m,hht_aggregate_c,chl_aget6_total,2018,92.558
mex,sex_m,hht_aggregate_c,chl_aget6_total,2019,92.085
mex,sex_m,hht_aggregate_c,chl_aget6_total,2020,86.354
mex,sex_m,hht_aggregate_c,chl_aget6_total,2021,92.958
mex,sex_m,hht_aggregate_c,chl_aget6_total,2022,93.851
mex,sex_m,hht_aggregate_c,chl_aget6_total,2023,95.29
mex,sex_m,hht_aggregate_c,chl_aget6_total,2024,94.861
mex,sex_m,hht_aggregate_c,chl_aget6_total,2025,95.014
mex,sex_m,hht_aggregate_c,chl_numlt6_0,2005,93.609
mex,sex_m,hht_aggregate_c,chl_numlt6_0,2006,93.524
mex,sex_m,hht_aggregate_c,chl_numlt6_0,2007,92.863
mex,sex_m,hht_aggregate_c,chl_numlt6_0,2008,92.736
mex,sex_m,hht_aggregate_c,chl_numlt6_0,2009,91.302
mex,sex_m,hht_aggregate_c,chl_numlt6_0,2010,90.777
mex,sex_m,hht_aggregate_c,chl_numlt6_0,2011,91.945
mex,sex_m,hht_aggregate_c,chl_numlt6_0,2012,90.945
mex,sex_m,hht_aggregate_c,chl_numlt6_0,2013,91.496
mex,sex_m,hht_aggregate_c,chl_numlt6_0,2014,90.907
mex,sex_m,hht_aggregate_c,chl_numlt6_0,2015,91.867
mex,sex_m,hht_aggregate_c,chl_numlt6_0,2016,91.71
mex,sex_m,hht_aggregate_c,chl_numlt6_0,2017,91.351
mex,sex_m,hht_aggregate_c,chl_numlt6_0,2018,92.558
mex,sex_m,hht_aggregate_c,chl_numlt6_0,2019,92.085
mex,sex_m,hht_aggregate_c,chl_numlt6_0,2020,86.354
mex,sex_m,hht_aggregate_c,chl_numlt6_0,2021,92.958
mex,sex_m,hht_aggregate_c,chl_numlt6_0,2022,93.851
mex,sex_m,hht_aggregate_c,chl_numlt6_0,2023,95.29
mex,sex_m,hht_aggregate_c,chl_numlt6_0,2024,94.861
mex,sex_m,hht_aggregate_c,chl_numlt6_0,2025,95.014
mex,sex_m,hht_aggregate_c,chl_numlt6_total,2005,93.609
mex,sex_m,hht_aggregate_c,chl_numlt6_total,2006,93.524
mex,sex_m,hht_aggregate_c,chl_numlt6_total,2007,92.863
mex,sex_m,hht_aggregate_c,chl_numlt6_total,2008,92.736
mex,sex_m,hht_aggregate_c,chl_numlt6_total,2009,91.302
mex,sex_m,hht_aggregate_c,chl_numlt6_total,2010,90.777
mex,sex_m,hht_aggregate_c,chl_numlt6_total,2011,91.945
mex,sex_m,hht_aggregate_c,chl_numlt6_total,2012,90.945
mex,sex_m,hht_aggregate_c,chl_numlt6_total,2013,91.496
mex,sex_m,hht_aggregate_c,chl_numlt6_total,2014,90.907
mex,sex_m,hht_aggregate_c,chl_numlt6_total,2015,91.867
mex,sex_m,hht_aggregate_c,chl_numlt6_total,2016,91.71
mex,sex_m,hht_aggregate_c,chl_numlt6_total,2017,91.351
mex,sex_m,hht_aggregate_c,chl_numlt6_total,2018,92.558
mex,sex_m,hht_aggregate_c,chl_numlt6_total,2019,92.085
mex,sex_m,hht_aggregate_c,chl_numlt6_total,2020,86.354
mex,sex_m,hht_aggregate_c,chl_numlt6_total,2021,92.958
mex,sex_m,hht_aggregate_c,chl_numlt6_total,2022,93.851
mex,sex_m,hht_aggregate_c,chl_numlt6_total,2023,95.29
mex,sex_m,hht_aggregate_c,chl_numlt6_total,2024,94.861
mex,sex_m,hht_aggregate_c,chl_numlt6_total,2025,95.014
mex,sex_m,hht_aggregate_e,chl_aget6_no,2005,89.526
mex,sex_m,hht_aggregate_e,chl_aget6_no,2006,89.202
mex,sex_m,hht_aggregate_e,chl_aget6_no,2007,89.345
mex,sex_m,hht_aggregate_e,chl_aget6_no,2008,88.967
mex,sex_m,hht_aggregate_e,chl_aget6_no,2009,86.584
mex,sex_m,hht_aggregate_e,chl_aget6_no,2010,85.673
mex,sex_m,hht_aggregate_e,chl_aget6_no,2011,85.93
mex,sex_m,hht_aggregate_e,chl_aget6_no,2012,87.317
mex,sex_m,hht_aggregate_e,chl_aget6_no,2013,86.423
mex,sex_m,hht_aggregate_e,chl_aget6_no,2014,85.823
mex,sex_m,hht_aggregate_e,chl_aget6_no,2015,87.142
mex,sex_m,hht_aggregate_e,chl_aget6_no,2016,87.638
mex,sex_m,hht_aggregate_e,chl_aget6_no,2017,88.731
mex,sex_m,hht_aggregate_e,chl_aget6_no,2018,88.493
mex,sex_m,hht_aggregate_e,chl_aget6_no,2019,88.433
mex,sex_m,hht_aggregate_e,chl_aget6_no,2020,81.743
mex,sex_m,hht_aggregate_e,chl_aget6_no,2021,87.205
mex,sex_m,hht_aggregate_e,chl_aget6_no,2022,89.497
mex,sex_m,hht_aggregate_e,chl_aget6_no,2023,90.228
mex,sex_m,hht_aggregate_e,chl_aget6_no,2024,89.616
mex,sex_m,hht_aggregate_e,chl_aget6_no,2025,89.443
mex,sex_m,hht_aggregate_e,chl_aget6_total,2005,91.11
mex,sex_m,hht_aggregate_e,chl_aget6_total,2006,90.726
mex,sex_m,hht_aggregate_e,chl_aget6_total,2007,90.619
mex,sex_m,hht_aggregate_e,chl_aget6_total,2008,90.257
mex,sex_m,hht_aggregate_e,chl_aget6_total,2009,88.113
mex,sex_m,hht_aggregate_e,chl_aget6_total,2010,87.727
mex,sex_m,hht_aggregate_e,chl_aget6_total,2011,87.977
mex,sex_m,hht_aggregate_e,chl_aget6_total,2012,88.908
mex,sex_m,hht_aggregate_e,chl_aget6_total,2013,88.354
mex,sex_m,hht_aggregate_e,chl_aget6_total,2014,88.115
mex,sex_m,hht_aggregate_e,chl_aget6_total,2015,89.05
mex,sex_m,hht_aggregate_e,chl_aget6_total,2016,89.333
mex,sex_m,hht_aggregate_e,chl_aget6_total,2017,90.193
mex,sex_m,hht_aggregate_e,chl_aget6_total,2018,90.292
mex,sex_m,hht_aggregate_e,chl_aget6_total,2019,89.719
mex,sex_m,hht_aggregate_e,chl_aget6_total,2020,83.713
mex,sex_m,hht_aggregate_e,chl_aget6_total,2021,89.056
mex,sex_m,hht_aggregate_e,chl_aget6_total,2022,90.886
mex,sex_m,hht_aggregate_e,chl_aget6_total,2023,91.635
mex,sex_m,hht_aggregate_e,chl_aget6_total,2024,91.228
mex,sex_m,hht_aggregate_e,chl_aget6_total,2025,90.956
mex,sex_m,hht_aggregate_e,chl_aget6_yes,2005,92.345
mex,sex_m,hht_aggregate_e,chl_aget6_yes,2006,91.967
mex,sex_m,hht_aggregate_e,chl_aget6_yes,2007,91.676
mex,sex_m,hht_aggregate_e,chl_aget6_yes,2008,91.364
mex,sex_m,hht_aggregate_e,chl_aget6_yes,2009,89.455
mex,sex_m,hht_aggregate_e,chl_aget6_yes,2010,89.596
mex,sex_m,hht_aggregate_e,chl_aget6_yes,2011,89.874
mex,sex_m,hht_aggregate_e,chl_aget6_yes,2012,90.314
mex,sex_m,hht_aggregate_e,chl_aget6_yes,2013,90.129
mex,sex_m,hht_aggregate_e,chl_aget6_yes,2014,90.305
mex,sex_m,hht_aggregate_e,chl_aget6_yes,2015,90.856
mex,sex_m,hht_aggregate_e,chl_aget6_yes,2016,90.988
mex,sex_m,hht_aggregate_e,chl_aget6_yes,2017,91.622
mex,sex_m,hht_aggregate_e,chl_aget6_yes,2018,92.215
mex,sex_m,hht_aggregate_e,chl_aget6_yes,2019,91.09
mex,sex_m,hht_aggregate_e,chl_aget6_yes,2020,86.018
mex,sex_m,hht_aggregate_e,chl_aget6_yes,2021,91.449
mex,sex_m,hht_aggregate_e,chl_aget6_yes,2022,92.769
mex,sex_m,hht_aggregate_e,chl_aget6_yes,2023,93.615
mex,sex_m,hht_aggregate_e,chl_aget6_yes,2024,93.685
mex,sex_m,hht_aggregate_e,chl_aget6_yes,2025,93.61
mex,sex_m,hht_aggregate_e,chl_numlt6_0,2005,89.526
mex,sex_m,hht_aggregate_e,chl_numlt6_0,2006,89.202
mex,sex_m,hht_aggregate_e,chl_numlt6_0,2007,89.345
mex,sex_m,hht_aggregate_e,chl_numlt6_0,2008,88.967
mex,sex_m,hht_aggregate_e,chl_numlt6_0,2009,86.584
mex,sex_m,hht_aggregate_e,chl_numlt6_0,2010,85.673
mex,sex_m,hht_aggregate_e,chl_numlt6_0,2011,85.93
mex,sex_m,hht_aggregate_e,chl_numlt6_0,2012,87.317
mex,sex_m,hht_aggregate_e,chl_numlt6_0,2013,86.423
mex,sex_m,hht_aggregate_e,chl_numlt6_0,2014,85.823
mex,sex_m,hht_aggregate_e,chl_numlt6_0,2015,87.142
mex,sex_m,hht_aggregate_e,chl_numlt6_0,2016,87.638
mex,sex_m,hht_aggregate_e,chl_numlt6_0,2017,88.731
mex,sex_m,hht_aggregate_e,chl_numlt6_0,2018,88.493
mex,sex_m,hht_aggregate_e,chl_numlt6_0,2019,88.433
mex,sex_m,hht_aggregate_e,chl_numlt6_0,2020,81.743
mex,sex_m,hht_aggregate_e,chl_numlt6_0,2021,87.205
mex,sex_m,hht_aggregate_e,chl_numlt6_0,2022,89.497
mex,sex_m,hht_aggregate_e,chl_numlt6_0,2023,90.228
mex,sex_m,hht_aggregate_e,chl_numlt6_0,2024,89.616
mex,sex_m,hht_aggregate_e,chl_numlt6_0,2025,89.443
mex,sex_m,hht_aggregate_e,chl_numlt6_1,2005,91.964
mex,sex_m,hht_aggregate_e,chl_numlt6_1,2006,91.771
mex,sex_m,hht_aggregate_e,chl_numlt6_1,2007,91.472
mex,sex_m,hht_aggregate_e,chl_numlt6_1,2008,91.098
mex,sex_m,hht_aggregate_e,chl_numlt6_1,2009,89.353
mex,sex_m,hht_aggregate_e,chl_numlt6_1,2010,89.512
mex,sex_m,hht_aggregate_e,chl_numlt6_1,2011,89.585
mex,sex_m,hht_aggregate_e,chl_numlt6_1,2012,90.011
mex,sex_m,hht_aggregate_e,chl_numlt6_1,2013,90.025
mex,sex_m,hht_aggregate_e,chl_numlt6_1,2014,90.05
mex,sex_m,hht_aggregate_e,chl_numlt6_1,2015,90.431
mex,sex_m,hht_aggregate_e,chl_numlt6_1,2016,90.641
mex,sex_m,hht_aggregate_e,chl_numlt6_1,2017,91.537
mex,sex_m,hht_aggregate_e,chl_numlt6_1,2018,92.094
mex,sex_m,hht_aggregate_e,chl_numlt6_1,2019,90.604
mex,sex_m,hht_aggregate_e,chl_numlt6_1,2020,86.463
mex,sex_m,hht_aggregate_e,chl_numlt6_1,2021,91.003
mex,sex_m,hht_aggregate_e,chl_numlt6_1,2022,92.708
mex,sex_m,hht_aggregate_e,chl_numlt6_1,2023,93.359
mex,sex_m,hht_aggregate_e,chl_numlt6_1,2024,93.543
mex,sex_m,hht_aggregate_e,chl_numlt6_1,2025,93.63
mex,sex_m,hht_aggregate_e,chl_numlt6_2,2005,93.196
mex,sex_m,hht_aggregate_e,chl_numlt6_2,2006,92.893
mex,sex_m,hht_aggregate_e,chl_numlt6_2,2007,91.804
mex,sex_m,hht_aggregate_e,chl_numlt6_2,2008,91.941
mex,sex_m,hht_aggregate_e,chl_numlt6_2,2009,89.476
mex,sex_m,hht_aggregate_e,chl_numlt6_2,2010,90.331
mex,sex_m,hht_aggregate_e,chl_numlt6_2,2011,90.413
mex,sex_m,hht_aggregate_e,chl_numlt6_2,2012,91.102
mex,sex_m,hht_aggregate_e,chl_numlt6_2,2013,90.241
mex,sex_m,hht_aggregate_e,chl_numlt6_2,2014,91.394
mex,sex_m,hht_aggregate_e,chl_numlt6_2,2015,91.706
mex,sex_m,hht_aggregate_e,chl_numlt6_2,2016,91.973
mex,sex_m,hht_aggregate_e,chl_numlt6_2,2017,91.637
mex,sex_m,hht_aggregate_e,chl_numlt6_2,2018,92.517
mex,sex_m,hht_aggregate_e,chl_numlt6_2,2019,92.56
mex,sex_m,hht_aggregate_e,chl_numlt6_2,2020,84.864
mex,sex_m,hht_aggregate_e,chl_numlt6_2,2021,93.03
mex,sex_m,hht_aggregate_e,chl_numlt6_2,2022,92.699
mex,sex_m,hht_aggregate_e,chl_numlt6_2,2023,94.088
mex,sex_m,hht_aggregate_e,chl_numlt6_2,2024,94.082
mex,sex_m,hht_aggregate_e,chl_numlt6_2,2025,93.391
mex,sex_m,hht_aggregate_e,chl_numlt6_ge3,2005,92.69
mex,sex_m,hht_aggregate_e,chl_numlt6_ge3,2006,90.613
mex,sex_m,hht_aggregate_e,chl_numlt6_ge3,2007,92.85
mex,sex_m,hht_aggregate_e,chl_numlt6_ge3,2008,91.758
mex,sex_m,hht_aggregate_e,chl_numlt6_ge3,2009,90.188
mex,sex_m,hht_aggregate_e,chl_numlt6_ge3,2010,87.94
mex,sex_m,hht_aggregate_e,chl_numlt6_ge3,2011,90.698
mex,sex_m,hht_aggregate_e,chl_numlt6_ge3,2012,90.679
mex,sex_m,hht_aggregate_e,chl_numlt6_ge3,2013,90.806
mex,sex_m,hht_aggregate_e,chl_numlt6_ge3,2014,88.925
mex,sex_m,hht_aggregate_e,chl_numlt6_ge3,2015,92.474
mex,sex_m,hht_aggregate_e,chl_numlt6_ge3,2016,91.143
mex,sex_m,hht_aggregate_e,chl_numlt6_ge3,2017,92.609
mex,sex_m,hht_aggregate_e,chl_numlt6_ge3,2018,92.538
mex,sex_m,hht_aggregate_e,chl_numlt6_ge3,2019,91.49
mex,sex_m,hht_aggregate_e,chl_numlt6_ge3,2020,84.831
mex,sex_m,hht_aggregate_e,chl_numlt6_ge3,2021,91.307
mex,sex_m,hht_aggregate_e,chl_numlt6_ge3,2022,93.971
mex,sex_m,hht_aggregate_e,chl_numlt6_ge3,2023,95.968
mex,sex_m,hht_aggregate_e,chl_numlt6_ge3,2024,94.235
mex,sex_m,hht_aggregate_e,chl_numlt6_ge3,2025,94.432
mex,sex_m,hht_aggregate_e,chl_numlt6_total,2005,91.11
mex,sex_m,hht_aggregate_e,chl_numlt6_total,2006,90.726
mex,sex_m,hht_aggregate_e,chl_numlt6_total,2007,90.619
mex,sex_m,hht_aggregate_e,chl_numlt6_total,2008,90.257
mex,sex_m,hht_aggregate_e,chl_numlt6_total,2009,88.113
mex,sex_m,hht_aggregate_e,chl_numlt6_total,2010,87.727
mex,sex_m,hht_aggregate_e,chl_numlt6_total,2011,87.977
mex,sex_m,hht_aggregate_e,chl_numlt6_total,2012,88.908
mex,sex_m,hht_aggregate_e,chl_numlt6_total,2013,88.354
mex,sex_m,hht_aggregate_e,chl_numlt6_total,2014,88.115
mex,sex_m,hht_aggregate_e,chl_numlt6_total,2015,89.05
mex,sex_m,hht_aggregate_e,chl_numlt6_total,2016,89.333
mex,sex_m,hht_aggregate_e,chl_numlt6_total,2017,90.193
mex,sex_m,hht_aggregate_e,chl_numlt6_total,2018,90.292
mex,sex_m,hht_aggregate_e,chl_numlt6_total,2019,89.719
mex,sex_m,hht_aggregate_e,chl_numlt6_total,2020,83.713
mex,sex_m,hht_aggregate_e,chl_numlt6_total,2021,89.056
mex,sex_m,hht_aggregate_e,chl_numlt6_total,2022,90.886
mex,sex_m,hht_aggregate_e,chl_numlt6_total,2023,91.635
mex,sex_m,hht_aggregate_e,chl_numlt6_total,2024,91.228
mex,sex_m,hht_aggregate_e,chl_numlt6_total,2025,90.956
mex,sex_m,hht_aggregate_k,chl_aget6_no,2005,94.798
mex,sex_m,hht_aggregate_k,chl_aget6_no,2006,94.761
mex,sex_m,hht_aggregate_k,chl_aget6_no,2007,95.09
mex,sex_m,hht_aggregate_k,chl_aget6_no,2008,94.22
mex,sex_m,hht_aggregate_k,chl_aget6_no,2009,92.958
mex,sex_m,hht_aggregate_k,chl_aget6_no,2010,92.813
mex,sex_m,hht_aggregate_k,chl_aget6_no,2011,93.207
mex,sex_m,hht_aggregate_k,chl_aget6_no,2012,93.322
mex,sex_m,hht_aggregate_k,chl_aget6_no,2013,93.162
mex,sex_m,hht_aggregate_k,chl_aget6_no,2014,93.568
mex,sex_m,hht_aggregate_k,chl_aget6_no,2015,93.798
mex,sex_m,hht_aggregate_k,chl_aget6_no,2016,94.27
mex,sex_m,hht_aggregate_k,chl_aget6_no,2017,94.702
mex,sex_m,hht_aggregate_k,chl_aget6_no,2018,94.905
mex,sex_m,hht_aggregate_k,chl_aget6_no,2019,94.671
mex,sex_m,hht_aggregate_k,chl_aget6_no,2020,90.235
mex,sex_m,hht_aggregate_k,chl_aget6_no,2021,94.48
mex,sex_m,hht_aggregate_k,chl_aget6_no,2022,95.781
mex,sex_m,hht_aggregate_k,chl_aget6_no,2023,96.268
mex,sex_m,hht_aggregate_k,chl_aget6_no,2024,96.437
mex,sex_m,hht_aggregate_k,chl_aget6_no,2025,95.982
mex,sex_m,hht_aggregate_k,chl_aget6_total,2005,95.461
mex,sex_m,hht_aggregate_k,chl_aget6_total,2006,95.411
mex,sex_m,hht_aggregate_k,chl_aget6_total,2007,95.464
mex,sex_m,hht_aggregate_k,chl_aget6_total,2008,94.809
mex,sex_m,hht_aggregate_k,chl_aget6_total,2009,93.493
mex,sex_m,hht_aggregate_k,chl_aget6_total,2010,93.189
mex,sex_m,hht_aggregate_k,chl_aget6_total,2011,93.593
mex,sex_m,hht_aggregate_k,chl_aget6_total,2012,93.984
mex,sex_m,hht_aggregate_k,chl_aget6_total,2013,93.824
mex,sex_m,hht_aggregate_k,chl_aget6_total,2014,94.057
mex,sex_m,hht_aggregate_k,chl_aget6_total,2015,94.364
mex,sex_m,hht_aggregate_k,chl_aget6_total,2016,94.798
mex,sex_m,hht_aggregate_k,chl_aget6_total,2017,95.077
mex,sex_m,hht_aggregate_k,chl_aget6_total,2018,95.348
mex,sex_m,hht_aggregate_k,chl_aget6_total,2019,95.08
mex,sex_m,hht_aggregate_k,chl_aget6_total,2020,90.908
mex,sex_m,hht_aggregate_k,chl_aget6_total,2021,95.098
mex,sex_m,hht_aggregate_k,chl_aget6_total,2022,96.268
mex,sex_m,hht_aggregate_k,chl_aget6_total,2023,96.716
mex,sex_m,hht_aggregate_k,chl_aget6_total,2024,96.729
mex,sex_m,hht_aggregate_k,chl_aget6_total,2025,96.381
mex,sex_m,hht_aggregate_k,chl_aget6_yes,2005,96.223
mex,sex_m,hht_aggregate_k,chl_aget6_yes,2006,96.173
mex,sex_m,hht_aggregate_k,chl_aget6_yes,2007,95.923
mex,sex_m,hht_aggregate_k,chl_aget6_yes,2008,95.548
mex,sex_m,hht_aggregate_k,chl_aget6_yes,2009,94.203
mex,sex_m,hht_aggregate_k,chl_aget6_yes,2010,93.67
mex,sex_m,hht_aggregate_k,chl_aget6_yes,2011,94.096
mex,sex_m,hht_aggregate_k,chl_aget6_yes,2012,94.891
mex,sex_m,hht_aggregate_k,chl_aget6_yes,2013,94.738
mex,sex_m,hht_aggregate_k,chl_aget6_yes,2014,94.752
mex,sex_m,hht_aggregate_k,chl_aget6_yes,2015,95.168
mex,sex_m,hht_aggregate_k,chl_aget6_yes,2016,95.56
mex,sex_m,hht_aggregate_k,chl_aget6_yes,2017,95.65
mex,sex_m,hht_aggregate_k,chl_aget6_yes,2018,96.045
mex,sex_m,hht_aggregate_k,chl_aget6_yes,2019,95.744
mex,sex_m,hht_aggregate_k,chl_aget6_yes,2020,92.051
mex,sex_m,hht_aggregate_k,chl_aget6_yes,2021,96.253
mex,sex_m,hht_aggregate_k,chl_aget6_yes,2022,97.185
mex,sex_m,hht_aggregate_k,chl_aget6_yes,2023,97.592
mex,sex_m,hht_aggregate_k,chl_aget6_yes,2024,97.311
mex,sex_m,hht_aggregate_k,chl_aget6_yes,2025,97.215
mex,sex_m,hht_aggregate_k,chl_numlt6_0,2005,94.798
mex,sex_m,hht_aggregate_k,chl_numlt6_0,2006,94.761
mex,sex_m,hht_aggregate_k,chl_numlt6_0,2007,95.09
mex,sex_m,hht_aggregate_k,chl_numlt6_0,2008,94.22
mex,sex_m,hht_aggregate_k,chl_numlt6_0,2009,92.958
mex,sex_m,hht_aggregate_k,chl_numlt6_0,2010,92.813
mex,sex_m,hht_aggregate_k,chl_numlt6_0,2011,93.207
mex,sex_m,hht_aggregate_k,chl_numlt6_0,2012,93.322
mex,sex_m,hht_aggregate_k,chl_numlt6_0,2013,93.162
mex,sex_m,hht_aggregate_k,chl_numlt6_0,2014,93.568
mex,sex_m,hht_aggregate_k,chl_numlt6_0,2015,93.798
mex,sex_m,hht_aggregate_k,chl_numlt6_0,2016,94.27
mex,sex_m,hht_aggregate_k,chl_numlt6_0,2017,94.702
mex,sex_m,hht_aggregate_k,chl_numlt6_0,2018,94.905
mex,sex_m,hht_aggregate_k,chl_numlt6_0,2019,94.671
mex,sex_m,hht_aggregate_k,chl_numlt6_0,2020,90.235
mex,sex_m,hht_aggregate_k,chl_numlt6_0,2021,94.48
mex,sex_m,hht_aggregate_k,chl_numlt6_0,2022,95.781
mex,sex_m,hht_aggregate_k,chl_numlt6_0,2023,96.268
mex,sex_m,hht_aggregate_k,chl_numlt6_0,2024,96.437
mex,sex_m,hht_aggregate_k,chl_numlt6_0,2025,95.982
mex,sex_m,hht_aggregate_k,chl_numlt6_1,2005,96.194
mex,sex_m,hht_aggregate_k,chl_numlt6_1,2006,96.233
mex,sex_m,hht_aggregate_k,chl_numlt6_1,2007,96.014
mex,sex_m,hht_aggregate_k,chl_numlt6_1,2008,95.622
mex,sex_m,hht_aggregate_k,chl_numlt6_1,2009,94.369
mex,sex_m,hht_aggregate_k,chl_numlt6_1,2010,93.619
mex,sex_m,hht_aggregate_k,chl_numlt6_1,2011,94.116
mex,sex_m,hht_aggregate_k,chl_numlt6_1,2012,94.937
mex,sex_m,hht_aggregate_k,chl_numlt6_1,2013,94.887
mex,sex_m,hht_aggregate_k,chl_numlt6_1,2014,94.825
mex,sex_m,hht_aggregate_k,chl_numlt6_1,2015,95.098
mex,sex_m,hht_aggregate_k,chl_numlt6_1,2016,95.506
mex,sex_m,hht_aggregate_k,chl_numlt6_1,2017,95.62
mex,sex_m,hht_aggregate_k,chl_numlt6_1,2018,96.01
mex,sex_m,hht_aggregate_k,chl_numlt6_1,2019,95.878
mex,sex_m,hht_aggregate_k,chl_numlt6_1,2020,91.556
mex,sex_m,hht_aggregate_k,chl_numlt6_1,2021,96.412
mex,sex_m,hht_aggregate_k,chl_numlt6_1,2022,97.241
mex,sex_m,hht_aggregate_k,chl_numlt6_1,2023,97.566
mex,sex_m,hht_aggregate_k,chl_numlt6_1,2024,97.289
mex,sex_m,hht_aggregate_k,chl_numlt6_1,2025,97.176
mex,sex_m,hht_aggregate_k,chl_numlt6_2,2005,96.368
mex,sex_m,hht_aggregate_k,chl_numlt6_2,2006,95.984
mex,sex_m,hht_aggregate_k,chl_numlt6_2,2007,95.828
mex,sex_m,hht_aggregate_k,chl_numlt6_2,2008,95.51
mex,sex_m,hht_aggregate_k,chl_numlt6_2,2009,93.807
mex,sex_m,hht_aggregate_k,chl_numlt6_2,2010,93.996
mex,sex_m,hht_aggregate_k,chl_numlt6_2,2011,94.319
mex,sex_m,hht_aggregate_k,chl_numlt6_2,2012,94.897
mex,sex_m,hht_aggregate_k,chl_numlt6_2,2013,94.413
mex,sex_m,hht_aggregate_k,chl_numlt6_2,2014,94.771
mex,sex_m,hht_aggregate_k,chl_numlt6_2,2015,95.441
mex,sex_m,hht_aggregate_k,chl_numlt6_2,2016,95.728
mex,sex_m,hht_aggregate_k,chl_numlt6_2,2017,95.824
mex,sex_m,hht_aggregate_k,chl_numlt6_2,2018,96.287
mex,sex_m,hht_aggregate_k,chl_numlt6_2,2019,95.422
mex,sex_m,hht_aggregate_k,chl_numlt6_2,2020,93.793
mex,sex_m,hht_aggregate_k,chl_numlt6_2,2021,95.68
mex,sex_m,hht_aggregate_k,chl_numlt6_2,2022,96.791
mex,sex_m,hht_aggregate_k,chl_numlt6_2,2023,97.685
mex,sex_m,hht_aggregate_k,chl_numlt6_2,2024,97.377
mex,sex_m,hht_aggregate_k,chl_numlt6_2,2025,97.389
mex,sex_m,hht_aggregate_k,chl_numlt6_ge3,2005,95.86
mex,sex_m,hht_aggregate_k,chl_numlt6_ge3,2006,96.297
mex,sex_m,hht_aggregate_k,chl_numlt6_ge3,2007,94.893
mex,sex_m,hht_aggregate_k,chl_numlt6_ge3,2008,94.512
mex,sex_m,hht_aggregate_k,chl_numlt6_ge3,2009,93.42
mex,sex_m,hht_aggregate_k,chl_numlt6_ge3,2010,92.528
mex,sex_m,hht_aggregate_k,chl_numlt6_ge3,2011,92.208
mex,sex_m,hht_aggregate_k,chl_numlt6_ge3,2012,93.739
mex,sex_m,hht_aggregate_k,chl_numlt6_ge3,2013,93.486
mex,sex_m,hht_aggregate_k,chl_numlt6_ge3,2014,92.772
mex,sex_m,hht_aggregate_k,chl_numlt6_ge3,2015,94.822
mex,sex_m,hht_aggregate_k,chl_numlt6_ge3,2016,95.709
mex,sex_m,hht_aggregate_k,chl_numlt6_ge3,2017,94.967
mex,sex_m,hht_aggregate_k,chl_numlt6_ge3,2018,94.774
mex,sex_m,hht_aggregate_k,chl_numlt6_ge3,2019,93.686
mex,sex_m,hht_aggregate_k,chl_numlt6_ge3,2020,95.201
mex,sex_m,hht_aggregate_k,chl_numlt6_ge3,2021,94.929
mex,sex_m,hht_aggregate_k,chl_numlt6_ge3,2022,98.911
mex,sex_m,hht_aggregate_k,chl_numlt6_ge3,2023,97.878
mex,sex_m,hht_aggregate_k,chl_numlt6_ge3,2024,97.739
mex,sex_m,hht_aggregate_k,chl_numlt6_ge3,2025,97.495
mex,sex_m,hht_aggregate_k,chl_numlt6_total,2005,95.461
mex,sex_m,hht_aggregate_k,chl_numlt6_total,2006,95.411
mex,sex_m,hht_aggregate_k,chl_numlt6_total,2007,95.464
mex,sex_m,hht_aggregate_k,chl_numlt6_total,2008,94.809
mex,sex_m,hht_aggregate_k,chl_numlt6_total,2009,93.493
mex,sex_m,hht_aggregate_k,chl_numlt6_total,2010,93.189
mex,sex_m,hht_aggregate_k,chl_numlt6_total,2011,93.593
mex,sex_m,hht_aggregate_k,chl_numlt6_total,2012,93.984
mex,sex_m,hht_aggregate_k,chl_numlt6_total,2013,93.824
mex,sex_m,hht_aggregate_k,chl_numlt6_total,2014,94.057
mex,sex_m,hht_aggregate_k,chl_numlt6_total,2015,94.364
mex,sex_m,hht_aggregate_k,chl_numlt6_total,2016,94.798
mex,sex_m,hht_aggregate_k,chl_numlt6_total,2017,95.077
mex,sex_m,hht_aggregate_k,chl_numlt6_total,2018,95.348
mex,sex_m,hht_aggregate_k,chl_numlt6_total,2019,95.08
mex,sex_m,hht_aggregate_k,chl_numlt6_total,2020,90.908
mex,sex_m,hht_aggregate_k,chl_numlt6_total,2021,95.098
mex,sex_m,hht_aggregate_k,chl_numlt6_total,2022,96.268
mex,sex_m,hht_aggregate_k,chl_numlt6_total,2023,96.716
mex,sex_m,hht_aggregate_k,chl_numlt6_total,2024,96.729
mex,sex_m,hht_aggregate_k,chl_numlt6_total,2025,96.381
mex,sex_m,hht_aggregate_l,chl_aget6_no,2005,93.954
mex,sex_m,hht_aggregate_l,chl_aget6_no,2006,92.479
mex,sex_m,hht_aggregate_l,chl_aget6_no,2007,92.44
mex,sex_m,hht_aggregate_l,chl_aget6_no,2008,93.99
mex,sex_m,hht_aggregate_l,chl_aget6_no,2009,91.485
mex,sex_m,hht_aggregate_l,chl_aget6_no,2010,91.316
mex,sex_m,hht_aggregate_l,chl_aget6_no,2011,92.07
mex,sex_m,hht_aggregate_l,chl_aget6_no,2012,91.259
mex,sex_m,hht_aggregate_l,chl_aget6_no,2013,91.662
mex,sex_m,hht_aggregate_l,chl_aget6_no,2014,91.432
mex,sex_m,hht_aggregate_l,chl_aget6_no,2015,93.181
mex,sex_m,hht_aggregate_l,chl_aget6_no,2016,91.894
mex,sex_m,hht_aggregate_l,chl_aget6_no,2017,92.584
mex,sex_m,hht_aggregate_l,chl_aget6_no,2018,93.365
mex,sex_m,hht_aggregate_l,chl_aget6_no,2019,92.883
mex,sex_m,hht_aggregate_l,chl_aget6_no,2020,83.912
mex,sex_m,hht_aggregate_l,chl_aget6_no,2021,94.523
mex,sex_m,hht_aggregate_l,chl_aget6_no,2022,95.748
mex,sex_m,hht_aggregate_l,chl_aget6_no,2023,95.091
mex,sex_m,hht_aggregate_l,chl_aget6_no,2024,95.912
mex,sex_m,hht_aggregate_l,chl_aget6_no,2025,93.105
mex,sex_m,hht_aggregate_l,chl_aget6_total,2005,94.243
mex,sex_m,hht_aggregate_l,chl_aget6_total,2006,92.76
mex,sex_m,hht_aggregate_l,chl_aget6_total,2007,92.611
mex,sex_m,hht_aggregate_l,chl_aget6_total,2008,94.053
mex,sex_m,hht_aggregate_l,chl_aget6_total,2009,91.214
mex,sex_m,hht_aggregate_l,chl_aget6_total,2010,91.608
mex,sex_m,hht_aggregate_l,chl_aget6_total,2011,91.99
mex,sex_m,hht_aggregate_l,chl_aget6_total,2012,91.752
mex,sex_m,hht_aggregate_l,chl_aget6_total,2013,91.846
mex,sex_m,hht_aggregate_l,chl_aget6_total,2014,91.618
mex,sex_m,hht_aggregate_l,chl_aget6_total,2015,92.897
mex,sex_m,hht_aggregate_l,chl_aget6_total,2016,92.38
mex,sex_m,hht_aggregate_l,chl_aget6_total,2017,92.128
mex,sex_m,hht_aggregate_l,chl_aget6_total,2018,93.118
mex,sex_m,hht_aggregate_l,chl_aget6_total,2019,92.283
mex,sex_m,hht_aggregate_l,chl_aget6_total,2020,84.229
mex,sex_m,hht_aggregate_l,chl_aget6_total,2021,93.785
mex,sex_m,hht_aggregate_l,chl_aget6_total,2022,95.283
mex,sex_m,hht_aggregate_l,chl_aget6_total,2023,95.313
mex,sex_m,hht_aggregate_l,chl_aget6_total,2024,96.065
mex,sex_m,hht_aggregate_l,chl_aget6_total,2025,93.338
mex,sex_m,hht_aggregate_l,chl_aget6_yes,2005,98.403
mex,sex_m,hht_aggregate_l,chl_aget6_yes,2006,97.134
mex,sex_m,hht_aggregate_l,chl_aget6_yes,2007,94.768
mex,sex_m,hht_aggregate_l,chl_aget6_yes,2008,94.641
mex,sex_m,hht_aggregate_l,chl_aget6_yes,2009,88.522
mex,sex_m,hht_aggregate_l,chl_aget6_yes,2010,95.121
mex,sex_m,hht_aggregate_l,chl_aget6_yes,2011,91.147
mex,sex_m,hht_aggregate_l,chl_aget6_yes,2012,97.066
mex,sex_m,hht_aggregate_l,chl_aget6_yes,2013,94.721
mex,sex_m,hht_aggregate_l,chl_aget6_yes,2014,93.978
mex,sex_m,hht_aggregate_l,chl_aget6_yes,2015,89.522
mex,sex_m,hht_aggregate_l,chl_aget6_yes,2016,99.041
mex,sex_m,hht_aggregate_l,chl_aget6_yes,2017,85.528
mex,sex_m,hht_aggregate_l,chl_aget6_yes,2018,88.471
mex,sex_m,hht_aggregate_l,chl_aget6_yes,2019,81.987
mex,sex_m,hht_aggregate_l,chl_aget6_yes,2020,92.956
mex,sex_m,hht_aggregate_l,chl_aget6_yes,2021,83.655
mex,sex_m,hht_aggregate_l,chl_aget6_yes,2022,89.697
mex,sex_m,hht_aggregate_l,chl_aget6_yes,2023,98.415
mex,sex_m,hht_aggregate_l,chl_aget6_yes,2024,99.348
mex,sex_m,hht_aggregate_l,chl_aget6_yes,2025,98.056
mex,sex_m,hht_aggregate_l,chl_numlt6_0,2005,93.954
mex,sex_m,hht_aggregate_l,chl_numlt6_0,2006,92.479
mex,sex_m,hht_aggregate_l,chl_numlt6_0,2007,92.44
mex,sex_m,hht_aggregate_l,chl_numlt6_0,2008,93.99
mex,sex_m,hht_aggregate_l,chl_numlt6_0,2009,91.485
mex,sex_m,hht_aggregate_l,chl_numlt6_0,2010,91.316
mex,sex_m,hht_aggregate_l,chl_numlt6_0,2011,92.07
mex,sex_m,hht_aggregate_l,chl_numlt6_0,2012,91.259
mex,sex_m,hht_aggregate_l,chl_numlt6_0,2013,91.662
mex,sex_m,hht_aggregate_l,chl_numlt6_0,2014,91.432
mex,sex_m,hht_aggregate_l,chl_numlt6_0,2015,93.181
mex,sex_m,hht_aggregate_l,chl_numlt6_0,2016,91.894
mex,sex_m,hht_aggregate_l,chl_numlt6_0,2017,92.584
mex,sex_m,hht_aggregate_l,chl_numlt6_0,2018,93.365
mex,sex_m,hht_aggregate_l,chl_numlt6_0,2019,92.883
mex,sex_m,hht_aggregate_l,chl_numlt6_0,2020,83.912
mex,sex_m,hht_aggregate_l,chl_numlt6_0,2021,94.523
mex,sex_m,hht_aggregate_l,chl_numlt6_0,2022,95.748
mex,sex_m,hht_aggregate_l,chl_numlt6_0,2023,95.091
mex,sex_m,hht_aggregate_l,chl_numlt6_0,2024,95.912
mex,sex_m,hht_aggregate_l,chl_numlt6_0,2025,93.105
mex,sex_m,hht_aggregate_l,chl_numlt6_1,2005,98.17
mex,sex_m,hht_aggregate_l,chl_numlt6_1,2006,98.566
mex,sex_m,hht_aggregate_l,chl_numlt6_1,2007,94.267
mex,sex_m,hht_aggregate_l,chl_numlt6_1,2008,95.937
mex,sex_m,hht_aggregate_l,chl_numlt6_1,2009,90.135
mex,sex_m,hht_aggregate_l,chl_numlt6_1,2010,95.579
mex,sex_m,hht_aggregate_l,chl_numlt6_1,2011,93.284
mex,sex_m,hht_aggregate_l,chl_numlt6_1,2012,96.687
mex,sex_m,hht_aggregate_l,chl_numlt6_1,2013,94.215
mex,sex_m,hht_aggregate_l,chl_numlt6_1,2014,93.945
mex,sex_m,hht_aggregate_l,chl_numlt6_1,2015,89.032
mex,sex_m,hht_aggregate_l,chl_numlt6_1,2016,98.941
mex,sex_m,hht_aggregate_l,chl_numlt6_1,2017,85.708
mex,sex_m,hht_aggregate_l,chl_numlt6_1,2018,87.254
mex,sex_m,hht_aggregate_l,chl_numlt6_1,2019,80.334
mex,sex_m,hht_aggregate_l,chl_numlt6_1,2020,93.956
mex,sex_m,hht_aggregate_l,chl_numlt6_1,2021,83.185
mex,sex_m,hht_aggregate_l,chl_numlt6_1,2022,88.848
mex,sex_m,hht_aggregate_l,chl_numlt6_1,2023,99.345
mex,sex_m,hht_aggregate_l,chl_numlt6_1,2024,99.305
mex,sex_m,hht_aggregate_l,chl_numlt6_1,2025,97.889
mex,sex_m,hht_aggregate_l,chl_numlt6_2,2005,100
mex,sex_m,hht_aggregate_l,chl_numlt6_2,2006,84.664
mex,sex_m,hht_aggregate_l,chl_numlt6_2,2007,96.666
mex,sex_m,hht_aggregate_l,chl_numlt6_2,2008,79.139
mex,sex_m,hht_aggregate_l,chl_numlt6_2,2009,81.314
mex,sex_m,hht_aggregate_l,chl_numlt6_2,2010,93.108
mex,sex_m,hht_aggregate_l,chl_numlt6_2,2011,96.386
mex,sex_m,hht_aggregate_l,chl_numlt6_2,2012,100
mex,sex_m,hht_aggregate_l,chl_numlt6_2,2013,100
mex,sex_m,hht_aggregate_l,chl_numlt6_2,2014,94.026
mex,sex_m,hht_aggregate_l,chl_numlt6_2,2015,100
mex,sex_m,hht_aggregate_l,chl_numlt6_2,2016,100
mex,sex_m,hht_aggregate_l,chl_numlt6_2,2017,86.339
mex,sex_m,hht_aggregate_l,chl_numlt6_2,2018,96.587
mex,sex_m,hht_aggregate_l,chl_numlt6_2,2019,98.911
mex,sex_m,hht_aggregate_l,chl_numlt6_2,2020,87.634
mex,sex_m,hht_aggregate_l,chl_numlt6_2,2021,88.866
mex,sex_m,hht_aggregate_l,chl_numlt6_2,2022,100
mex,sex_m,hht_aggregate_l,chl_numlt6_2,2024,100
mex,sex_m,hht_aggregate_l,chl_numlt6_2,2025,100
mex,sex_m,hht_aggregate_l,chl_numlt6_ge3,2012,91.371
mex,sex_m,hht_aggregate_l,chl_numlt6_ge3,2022,100
mex,sex_m,hht_aggregate_l,chl_numlt6_total,2005,94.243
mex,sex_m,hht_aggregate_l,chl_numlt6_total,2006,92.76
mex,sex_m,hht_aggregate_l,chl_numlt6_total,2007,92.611
mex,sex_m,hht_aggregate_l,chl_numlt6_total,2008,94.053
mex,sex_m,hht_aggregate_l,chl_numlt6_total,2009,91.214
mex,sex_m,hht_aggregate_l,chl_numlt6_total,2010,91.608
mex,sex_m,hht_aggregate_l,chl_numlt6_total,2011,91.99
mex,sex_m,hht_aggregate_l,chl_numlt6_total,2012,91.752
mex,sex_m,hht_aggregate_l,chl_numlt6_total,2013,91.846
mex,sex_m,hht_aggregate_l,chl_numlt6_total,2014,91.618
mex,sex_m,hht_aggregate_l,chl_numlt6_total,2015,92.897
mex,sex_m,hht_aggregate_l,chl_numlt6_total,2016,92.38
mex,sex_m,hht_aggregate_l,chl_numlt6_total,2017,92.128
mex,sex_m,hht_aggregate_l,chl_numlt6_total,2018,93.118
mex,sex_m,hht_aggregate_l,chl_numlt6_total,2019,92.283
mex,sex_m,hht_aggregate_l,chl_numlt6_total,2020,84.229
mex,sex_m,hht_aggregate_l,chl_numlt6_total,2021,93.785
mex,sex_m,hht_aggregate_l,chl_numlt6_total,2022,95.283
mex,sex_m,hht_aggregate_l,chl_numlt6_total,2023,95.313
mex,sex_m,hht_aggregate_l,chl_numlt6_total,2024,96.065
mex,sex_m,hht_aggregate_l,chl_numlt6_total,2025,93.338
mex,sex_m,hht_aggregate_o,chl_aget6_no,2005,90.659
mex,sex_m,hht_aggregate_o,chl_aget6_no,2006,92.45
mex,sex_m,hht_aggregate_o,chl_aget6_no,2007,91.602
mex,sex_m,hht_aggregate_o,chl_aget6_no,2008,90.84
mex,sex_m,hht_aggregate_o,chl_aget6_no,2009,89.286
mex,sex_m,hht_aggregate_o,chl_aget6_no,2010,88.442
mex,sex_m,hht_aggregate_o,chl_aget6_no,2011,88.268
mex,sex_m,hht_aggregate_o,chl_aget6_no,2012,88.147
mex,sex_m,hht_aggregate_o,chl_aget6_no,2013,88.842
mex,sex_m,hht_aggregate_o,chl_aget6_no,2014,88.627
mex,sex_m,hht_aggregate_o,chl_aget6_no,2015,90.13
mex,sex_m,hht_aggregate_o,chl_aget6_no,2016,90.482
mex,sex_m,hht_aggregate_o,chl_aget6_no,2017,90.673
mex,sex_m,hht_aggregate_o,chl_aget6_no,2018,90.433
mex,sex_m,hht_aggregate_o,chl_aget6_no,2019,90.698
mex,sex_m,hht_aggregate_o,chl_aget6_no,2020,83.151
mex,sex_m,hht_aggregate_o,chl_aget6_no,2021,90.787
mex,sex_m,hht_aggregate_o,chl_aget6_no,2022,92.649
mex,sex_m,hht_aggregate_o,chl_aget6_no,2023,93.194
mex,sex_m,hht_aggregate_o,chl_aget6_no,2024,92.851
mex,sex_m,hht_aggregate_o,chl_aget6_no,2025,93.865
mex,sex_m,hht_aggregate_o,chl_aget6_total,2005,90.659
mex,sex_m,hht_aggregate_o,chl_aget6_total,2006,92.45
mex,sex_m,hht_aggregate_o,chl_aget6_total,2007,91.602
mex,sex_m,hht_aggregate_o,chl_aget6_total,2008,90.84
mex,sex_m,hht_aggregate_o,chl_aget6_total,2009,89.286
mex,sex_m,hht_aggregate_o,chl_aget6_total,2010,88.442
mex,sex_m,hht_aggregate_o,chl_aget6_total,2011,88.268
mex,sex_m,hht_aggregate_o,chl_aget6_total,2012,88.147
mex,sex_m,hht_aggregate_o,chl_aget6_total,2013,88.842
mex,sex_m,hht_aggregate_o,chl_aget6_total,2014,88.627
mex,sex_m,hht_aggregate_o,chl_aget6_total,2015,90.13
mex,sex_m,hht_aggregate_o,chl_aget6_total,2016,90.482
mex,sex_m,hht_aggregate_o,chl_aget6_total,2017,90.673
mex,sex_m,hht_aggregate_o,chl_aget6_total,2018,90.433
mex,sex_m,hht_aggregate_o,chl_aget6_total,2019,90.698
mex,sex_m,hht_aggregate_o,chl_aget6_total,2020,83.151
mex,sex_m,hht_aggregate_o,chl_aget6_total,2021,90.787
mex,sex_m,hht_aggregate_o,chl_aget6_total,2022,92.649
mex,sex_m,hht_aggregate_o,chl_aget6_total,2023,93.194
mex,sex_m,hht_aggregate_o,chl_aget6_total,2024,92.851
mex,sex_m,hht_aggregate_o,chl_aget6_total,2025,93.865
mex,sex_m,hht_aggregate_o,chl_numlt6_0,2005,90.659
mex,sex_m,hht_aggregate_o,chl_numlt6_0,2006,92.45
mex,sex_m,hht_aggregate_o,chl_numlt6_0,2007,91.602
mex,sex_m,hht_aggregate_o,chl_numlt6_0,2008,90.84
mex,sex_m,hht_aggregate_o,chl_numlt6_0,2009,89.286
mex,sex_m,hht_aggregate_o,chl_numlt6_0,2010,88.442
mex,sex_m,hht_aggregate_o,chl_numlt6_0,2011,88.268
mex,sex_m,hht_aggregate_o,chl_numlt6_0,2012,88.147
mex,sex_m,hht_aggregate_o,chl_numlt6_0,2013,88.842
mex,sex_m,hht_aggregate_o,chl_numlt6_0,2014,88.627
mex,sex_m,hht_aggregate_o,chl_numlt6_0,2015,90.13
mex,sex_m,hht_aggregate_o,chl_numlt6_0,2016,90.482
mex,sex_m,hht_aggregate_o,chl_numlt6_0,2017,90.673
mex,sex_m,hht_aggregate_o,chl_numlt6_0,2018,90.433
mex,sex_m,hht_aggregate_o,chl_numlt6_0,2019,90.698
mex,sex_m,hht_aggregate_o,chl_numlt6_0,2020,83.151
mex,sex_m,hht_aggregate_o,chl_numlt6_0,2021,90.787
mex,sex_m,hht_aggregate_o,chl_numlt6_0,2022,92.649
mex,sex_m,hht_aggregate_o,chl_numlt6_0,2023,93.194
mex,sex_m,hht_aggregate_o,chl_numlt6_0,2024,92.851
mex,sex_m,hht_aggregate_o,chl_numlt6_0,2025,93.865
mex,sex_m,hht_aggregate_o,chl_numlt6_total,2005,90.659
mex,sex_m,hht_aggregate_o,chl_numlt6_total,2006,92.45
mex,sex_m,hht_aggregate_o,chl_numlt6_total,2007,91.602
mex,sex_m,hht_aggregate_o,chl_numlt6_total,2008,90.84
mex,sex_m,hht_aggregate_o,chl_numlt6_total,2009,89.286
mex,sex_m,hht_aggregate_o,chl_numlt6_total,2010,88.442
mex,sex_m,hht_aggregate_o,chl_numlt6_total,2011,88.268
mex,sex_m,hht_aggregate_o,chl_numlt6_total,2012,88.147
mex,sex_m,hht_aggregate_o,chl_numlt6_total,2013,88.842
mex,sex_m,hht_aggregate_o,chl_numlt6_total,2014,88.627
mex,sex_m,hht_aggregate_o,chl_numlt6_total,2015,90.13
mex,sex_m,hht_aggregate_o,chl_numlt6_total,2016,90.482
mex,sex_m,hht_aggregate_o,chl_numlt6_total,2017,90.673
mex,sex_m,hht_aggregate_o,chl_numlt6_total,2018,90.433
mex,sex_m,hht_aggregate_o,chl_numlt6_total,2019,90.698
mex,sex_m,hht_aggregate_o,chl_numlt6_total,2020,83.151
mex,sex_m,hht_aggregate_o,chl_numlt6_total,2021,90.787
mex,sex_m,hht_aggregate_o,chl_numlt6_total,2022,92.649
mex,sex_m,hht_aggregate_o,chl_numlt6_total,2023,93.194
mex,sex_m,hht_aggregate_o,chl_numlt6_total,2024,92.851
mex,sex_m,hht_aggregate_o,chl_numlt6_total,2025,93.865
mex,sex_m,hht_aggregate_total,chl_aget6_no,2005,93.293
mex,sex_m,hht_aggregate_total,chl_aget6_no,2006,93.246
mex,sex_m,hht_aggregate_total,chl_aget6_no,2007,93.344
mex,sex_m,hht_aggregate_total,chl_aget6_no,2008,92.64
mex,sex_m,hht_aggregate_total,chl_aget6_no,2009,91.019
mex,sex_m,hht_aggregate_total,chl_aget6_no,2010,90.523
mex,sex_m,hht_aggregate_total,chl_aget6_no,2011,90.912
mex,sex_m,hht_aggregate_total,chl_aget6_no,2012,91.241
mex,sex_m,hht_aggregate_total,chl_aget6_no,2013,90.99
mex,sex_m,hht_aggregate_total,chl_aget6_no,2014,90.974
mex,sex_m,hht_aggregate_total,chl_aget6_no,2015,91.635
mex,sex_m,hht_aggregate_total,chl_aget6_no,2016,91.966
mex,sex_m,hht_aggregate_total,chl_aget6_no,2017,92.483
mex,sex_m,hht_aggregate_total,chl_aget6_no,2018,92.582
mex,sex_m,hht_aggregate_total,chl_aget6_no,2019,92.334
mex,sex_m,hht_aggregate_total,chl_aget6_no,2020,86.76
mex,sex_m,hht_aggregate_total,chl_aget6_no,2021,92.005
mex,sex_m,hht_aggregate_total,chl_aget6_no,2022,93.489
mex,sex_m,hht_aggregate_total,chl_aget6_no,2023,94.121
mex,sex_m,hht_aggregate_total,chl_aget6_no,2024,93.923
mex,sex_m,hht_aggregate_total,chl_aget6_no,2025,93.669
mex,sex_m,hht_aggregate_total,chl_aget6_total,2005,94.019
mex,sex_m,hht_aggregate_total,chl_aget6_total,2006,93.908
mex,sex_m,hht_aggregate_total,chl_aget6_total,2007,93.812
mex,sex_m,hht_aggregate_total,chl_aget6_total,2008,93.233
mex,sex_m,hht_aggregate_total,chl_aget6_total,2009,91.591
mex,sex_m,hht_aggregate_total,chl_aget6_total,2010,91.2
mex,sex_m,hht_aggregate_total,chl_aget6_total,2011,91.566
mex,sex_m,hht_aggregate_total,chl_aget6_total,2012,92
mex,sex_m,hht_aggregate_total,chl_aget6_total,2013,91.767
mex,sex_m,hht_aggregate_total,chl_aget6_total,2014,91.772
mex,sex_m,hht_aggregate_total,chl_aget6_total,2015,92.342
mex,sex_m,hht_aggregate_total,chl_aget6_total,2016,92.64
mex,sex_m,hht_aggregate_total,chl_aget6_total,2017,93.037
mex,sex_m,hht_aggregate_total,chl_aget6_total,2018,93.263
mex,sex_m,hht_aggregate_total,chl_aget6_total,2019,92.812
mex,sex_m,hht_aggregate_total,chl_aget6_total,2020,87.696
mex,sex_m,hht_aggregate_total,chl_aget6_total,2021,92.698
mex,sex_m,hht_aggregate_total,chl_aget6_total,2022,94.041
mex,sex_m,hht_aggregate_total,chl_aget6_total,2023,94.654
mex,sex_m,hht_aggregate_total,chl_aget6_total,2024,94.463
mex,sex_m,hht_aggregate_total,chl_aget6_total,2025,94.242
mex,sex_m,hht_aggregate_total,chl_aget6_yes,2005,94.901
mex,sex_m,hht_aggregate_total,chl_aget6_yes,2006,94.737
mex,sex_m,hht_aggregate_total,chl_aget6_yes,2007,94.421
mex,sex_m,hht_aggregate_total,chl_aget6_yes,2008,94.022
mex,sex_m,hht_aggregate_total,chl_aget6_yes,2009,92.388
mex,sex_m,hht_aggregate_total,chl_aget6_yes,2010,92.132
mex,sex_m,hht_aggregate_total,chl_aget6_yes,2011,92.488
mex,sex_m,hht_aggregate_total,chl_aget6_yes,2012,93.087
mex,sex_m,hht_aggregate_total,chl_aget6_yes,2013,92.897
mex,sex_m,hht_aggregate_total,chl_aget6_yes,2014,92.964
mex,sex_m,hht_aggregate_total,chl_aget6_yes,2015,93.397
mex,sex_m,hht_aggregate_total,chl_aget6_yes,2016,93.68
mex,sex_m,hht_aggregate_total,chl_aget6_yes,2017,93.921
mex,sex_m,hht_aggregate_total,chl_aget6_yes,2018,94.405
mex,sex_m,hht_aggregate_total,chl_aget6_yes,2019,93.626
mex,sex_m,hht_aggregate_total,chl_aget6_yes,2020,89.525
mex,sex_m,hht_aggregate_total,chl_aget6_yes,2021,94.114
mex,sex_m,hht_aggregate_total,chl_aget6_yes,2022,95.189
mex,sex_m,hht_aggregate_total,chl_aget6_yes,2023,95.808
mex,sex_m,hht_aggregate_total,chl_aget6_yes,2024,95.701
mex,sex_m,hht_aggregate_total,chl_aget6_yes,2025,95.675
mex,sex_m,hht_aggregate_total,chl_numlt6_0,2005,93.293
mex,sex_m,hht_aggregate_total,chl_numlt6_0,2006,93.246
mex,sex_m,hht_aggregate_total,chl_numlt6_0,2007,93.344
mex,sex_m,hht_aggregate_total,chl_numlt6_0,2008,92.64
mex,sex_m,hht_aggregate_total,chl_numlt6_0,2009,91.019
mex,sex_m,hht_aggregate_total,chl_numlt6_0,2010,90.523
mex,sex_m,hht_aggregate_total,chl_numlt6_0,2011,90.912
mex,sex_m,hht_aggregate_total,chl_numlt6_0,2012,91.241
mex,sex_m,hht_aggregate_total,chl_numlt6_0,2013,90.99
mex,sex_m,hht_aggregate_total,chl_numlt6_0,2014,90.974
mex,sex_m,hht_aggregate_total,chl_numlt6_0,2015,91.635
mex,sex_m,hht_aggregate_total,chl_numlt6_0,2016,91.966
mex,sex_m,hht_aggregate_total,chl_numlt6_0,2017,92.483
mex,sex_m,hht_aggregate_total,chl_numlt6_0,2018,92.582
mex,sex_m,hht_aggregate_total,chl_numlt6_0,2019,92.334
mex,sex_m,hht_aggregate_total,chl_numlt6_0,2020,86.76
mex,sex_m,hht_aggregate_total,chl_numlt6_0,2021,92.005
mex,sex_m,hht_aggregate_total,chl_numlt6_0,2022,93.489
mex,sex_m,hht_aggregate_total,chl_numlt6_0,2023,94.121
mex,sex_m,hht_aggregate_total,chl_numlt6_0,2024,93.923
mex,sex_m,hht_aggregate_total,chl_numlt6_0,2025,93.669
mex,sex_m,hht_aggregate_total,chl_numlt6_1,2005,94.817
mex,sex_m,hht_aggregate_total,chl_numlt6_1,2006,94.796
mex,sex_m,hht_aggregate_total,chl_numlt6_1,2007,94.486
mex,sex_m,hht_aggregate_total,chl_numlt6_1,2008,94.046
mex,sex_m,hht_aggregate_total,chl_numlt6_1,2009,92.565
mex,sex_m,hht_aggregate_total,chl_numlt6_1,2010,92.127
mex,sex_m,hht_aggregate_total,chl_numlt6_1,2011,92.463
mex,sex_m,hht_aggregate_total,chl_numlt6_1,2012,93.048
mex,sex_m,hht_aggregate_total,chl_numlt6_1,2013,93.027
mex,sex_m,hht_aggregate_total,chl_numlt6_1,2014,92.986
mex,sex_m,hht_aggregate_total,chl_numlt6_1,2015,93.247
mex,sex_m,hht_aggregate_total,chl_numlt6_1,2016,93.604
mex,sex_m,hht_aggregate_total,chl_numlt6_1,2017,93.918
mex,sex_m,hht_aggregate_total,chl_numlt6_1,2018,94.393
mex,sex_m,hht_aggregate_total,chl_numlt6_1,2019,93.571
mex,sex_m,hht_aggregate_total,chl_numlt6_1,2020,89.538
mex,sex_m,hht_aggregate_total,chl_numlt6_1,2021,94.11
mex,sex_m,hht_aggregate_total,chl_numlt6_1,2022,95.268
mex,sex_m,hht_aggregate_total,chl_numlt6_1,2023,95.748
mex,sex_m,hht_aggregate_total,chl_numlt6_1,2024,95.707
mex,sex_m,hht_aggregate_total,chl_numlt6_1,2025,95.704
mex,sex_m,hht_aggregate_total,chl_numlt6_2,2005,95.286
mex,sex_m,hht_aggregate_total,chl_numlt6_2,2006,94.89
mex,sex_m,hht_aggregate_total,chl_numlt6_2,2007,94.382
mex,sex_m,hht_aggregate_total,chl_numlt6_2,2008,94.208
mex,sex_m,hht_aggregate_total,chl_numlt6_2,2009,92.073
mex,sex_m,hht_aggregate_total,chl_numlt6_2,2010,92.594
mex,sex_m,hht_aggregate_total,chl_numlt6_2,2011,92.799
mex,sex_m,hht_aggregate_total,chl_numlt6_2,2012,93.422
mex,sex_m,hht_aggregate_total,chl_numlt6_2,2013,92.694
mex,sex_m,hht_aggregate_total,chl_numlt6_2,2014,93.356
mex,sex_m,hht_aggregate_total,chl_numlt6_2,2015,93.865
mex,sex_m,hht_aggregate_total,chl_numlt6_2,2016,94.127
mex,sex_m,hht_aggregate_total,chl_numlt6_2,2017,94.011
mex,sex_m,hht_aggregate_total,chl_numlt6_2,2018,94.626
mex,sex_m,hht_aggregate_total,chl_numlt6_2,2019,94.071
mex,sex_m,hht_aggregate_total,chl_numlt6_2,2020,89.741
mex,sex_m,hht_aggregate_total,chl_numlt6_2,2021,94.408
mex,sex_m,hht_aggregate_total,chl_numlt6_2,2022,94.838
mex,sex_m,hht_aggregate_total,chl_numlt6_2,2023,95.947
mex,sex_m,hht_aggregate_total,chl_numlt6_2,2024,95.72
mex,sex_m,hht_aggregate_total,chl_numlt6_2,2025,95.542
mex,sex_m,hht_aggregate_total,chl_numlt6_ge3,2005,94.24
mex,sex_m,hht_aggregate_total,chl_numlt6_ge3,2006,93.35
mex,sex_m,hht_aggregate_total,chl_numlt6_ge3,2007,93.795
mex,sex_m,hht_aggregate_total,chl_numlt6_ge3,2008,92.976
mex,sex_m,hht_aggregate_total,chl_numlt6_ge3,2009,91.494
mex,sex_m,hht_aggregate_total,chl_numlt6_ge3,2010,89.98
mex,sex_m,hht_aggregate_total,chl_numlt6_ge3,2011,91.29
mex,sex_m,hht_aggregate_total,chl_numlt6_ge3,2012,91.931
mex,sex_m,hht_aggregate_total,chl_numlt6_ge3,2013,91.847
mex,sex_m,hht_aggregate_total,chl_numlt6_ge3,2014,90.492
mex,sex_m,hht_aggregate_total,chl_numlt6_ge3,2015,93.433
mex,sex_m,hht_aggregate_total,chl_numlt6_ge3,2016,92.629
mex,sex_m,hht_aggregate_total,chl_numlt6_ge3,2017,93.452
mex,sex_m,hht_aggregate_total,chl_numlt6_ge3,2018,93.265
mex,sex_m,hht_aggregate_total,chl_numlt6_ge3,2019,92.141
mex,sex_m,hht_aggregate_total,chl_numlt6_ge3,2020,88.135
mex,sex_m,hht_aggregate_total,chl_numlt6_ge3,2021,92.407
mex,sex_m,hht_aggregate_total,chl_numlt6_ge3,2022,95.444
mex,sex_m,hht_aggregate_total,chl_numlt6_ge3,2023,96.561
mex,sex_m,hht_aggregate_total,chl_numlt6_ge3,2024,95.373
mex,sex_m,hht_aggregate_total,chl_numlt6_ge3,2025,95.673
mex,sex_m,hht_aggregate_total,chl_numlt6_total,2005,94.019
mex,sex_m,hht_aggregate_total,chl_numlt6_total,2006,93.908
mex,sex_m,hht_aggregate_total,chl_numlt6_total,2007,93.812
mex,sex_m,hht_aggregate_total,chl_numlt6_total,2008,93.233
mex,sex_m,hht_aggregate_total,chl_numlt6_total,2009,91.591
mex,sex_m,hht_aggregate_total,chl_numlt6_total,2010,91.2
mex,sex_m,hht_aggregate_total,chl_numlt6_total,2011,91.566
mex,sex_m,hht_aggregate_total,chl_numlt6_total,2012,92
mex,sex_m,hht_aggregate_total,chl_numlt6_total,2013,91.767
mex,sex_m,hht_aggregate_total,chl_numlt6_total,2014,91.772
mex,sex_m,hht_aggregate_total,chl_numlt6_total,2015,92.342
mex,sex_m,hht_aggregate_total,chl_numlt6_total,2016,92.64
mex,sex_m,hht_aggregate_total,chl_numlt6_total,2017,93.037
mex,sex_m,hht_aggregate_total,chl_numlt6_total,2018,93.263
mex,sex_m,hht_aggregate_total,chl_numlt6_total,2019,92.812
mex,sex_m,hht_aggregate_total,chl_numlt6_total,2020,87.696
mex,sex_m,hht_aggregate_total,chl_numlt6_total,2021,92.698
mex,sex_m,hht_aggregate_total,chl_numlt6_total,2022,94.041
mex,sex_m,hht_aggregate_total,chl_numlt6_total,2023,94.654
mex,sex_m,hht_aggregate_total,chl_numlt6_total,2024,94.463
mex,sex_m,hht_aggregate_total,chl_numlt6_total,2025,94.242
mex,sex_t,hht_aggregate_c,chl_aget6_no,2005,69.199
mex,sex_t,hht_aggregate_c,chl_aget6_no,2006,70.508
mex,sex_t,hht_aggregate_c,chl_aget6_no,2007,70.805
mex,sex_t,hht_aggregate_c,chl_aget6_no,2008,70.092
mex,sex_t,hht_aggregate_c,chl_aget6_no,2009,70.87
mex,sex_t,hht_aggregate_c,chl_aget6_no,2010,69.898
mex,sex_t,hht_aggregate_c,chl_aget6_no,2011,70.9
mex,sex_t,hht_aggregate_c,chl_aget6_no,2012,70.904
mex,sex_t,hht_aggregate_c,chl_aget6_no,2013,71.958
mex,sex_t,hht_aggregate_c,chl_aget6_no,2014,70.689
mex,sex_t,hht_aggregate_c,chl_aget6_no,2015,71.973
mex,sex_t,hht_aggregate_c,chl_aget6_no,2016,71.789
mex,sex_t,hht_aggregate_c,chl_aget6_no,2017,71.632
mex,sex_t,hht_aggregate_c,chl_aget6_no,2018,73.076
mex,sex_t,hht_aggregate_c,chl_aget6_no,2019,72.834
mex,sex_t,hht_aggregate_c,chl_aget6_no,2020,68.629
mex,sex_t,hht_aggregate_c,chl_aget6_no,2021,75.149
mex,sex_t,hht_aggregate_c,chl_aget6_no,2022,76.158
mex,sex_t,hht_aggregate_c,chl_aget6_no,2023,77.613
mex,sex_t,hht_aggregate_c,chl_aget6_no,2024,78.696
mex,sex_t,hht_aggregate_c,chl_aget6_no,2025,78.619
mex,sex_t,hht_aggregate_c,chl_aget6_total,2005,69.199
mex,sex_t,hht_aggregate_c,chl_aget6_total,2006,70.508
mex,sex_t,hht_aggregate_c,chl_aget6_total,2007,70.805
mex,sex_t,hht_aggregate_c,chl_aget6_total,2008,70.092
mex,sex_t,hht_aggregate_c,chl_aget6_total,2009,70.87
mex,sex_t,hht_aggregate_c,chl_aget6_total,2010,69.898
mex,sex_t,hht_aggregate_c,chl_aget6_total,2011,70.9
mex,sex_t,hht_aggregate_c,chl_aget6_total,2012,70.904
mex,sex_t,hht_aggregate_c,chl_aget6_total,2013,71.958
mex,sex_t,hht_aggregate_c,chl_aget6_total,2014,70.689
mex,sex_t,hht_aggregate_c,chl_aget6_total,2015,71.973
mex,sex_t,hht_aggregate_c,chl_aget6_total,2016,71.789
mex,sex_t,hht_aggregate_c,chl_aget6_total,2017,71.632
mex,sex_t,hht_aggregate_c,chl_aget6_total,2018,73.076
mex,sex_t,hht_aggregate_c,chl_aget6_total,2019,72.834
mex,sex_t,hht_aggregate_c,chl_aget6_total,2020,68.629
mex,sex_t,hht_aggregate_c,chl_aget6_total,2021,75.149
mex,sex_t,hht_aggregate_c,chl_aget6_total,2022,76.158
mex,sex_t,hht_aggregate_c,chl_aget6_total,2023,77.613
mex,sex_t,hht_aggregate_c,chl_aget6_total,2024,78.696
mex,sex_t,hht_aggregate_c,chl_aget6_total,2025,78.619
mex,sex_t,hht_aggregate_c,chl_numlt6_0,2005,69.199
mex,sex_t,hht_aggregate_c,chl_numlt6_0,2006,70.508
mex,sex_t,hht_aggregate_c,chl_numlt6_0,2007,70.805
mex,sex_t,hht_aggregate_c,chl_numlt6_0,2008,70.092
mex,sex_t,hht_aggregate_c,chl_numlt6_0,2009,70.87
mex,sex_t,hht_aggregate_c,chl_numlt6_0,2010,69.898
mex,sex_t,hht_aggregate_c,chl_numlt6_0,2011,70.9
mex,sex_t,hht_aggregate_c,chl_numlt6_0,2012,70.904
mex,sex_t,hht_aggregate_c,chl_numlt6_0,2013,71.958
mex,sex_t,hht_aggregate_c,chl_numlt6_0,2014,70.689
mex,sex_t,hht_aggregate_c,chl_numlt6_0,2015,71.973
mex,sex_t,hht_aggregate_c,chl_numlt6_0,2016,71.789
mex,sex_t,hht_aggregate_c,chl_numlt6_0,2017,71.632
mex,sex_t,hht_aggregate_c,chl_numlt6_0,2018,73.076
mex,sex_t,hht_aggregate_c,chl_numlt6_0,2019,72.834
mex,sex_t,hht_aggregate_c,chl_numlt6_0,2020,68.629
mex,sex_t,hht_aggregate_c,chl_numlt6_0,2021,75.149
mex,sex_t,hht_aggregate_c,chl_numlt6_0,2022,76.158
mex,sex_t,hht_aggregate_c,chl_numlt6_0,2023,77.613
mex,sex_t,hht_aggregate_c,chl_numlt6_0,2024,78.696
mex,sex_t,hht_aggregate_c,chl_numlt6_0,2025,78.619
mex,sex_t,hht_aggregate_c,chl_numlt6_total,2005,69.199
mex,sex_t,hht_aggregate_c,chl_numlt6_total,2006,70.508
mex,sex_t,hht_aggregate_c,chl_numlt6_total,2007,70.805
mex,sex_t,hht_aggregate_c,chl_numlt6_total,2008,70.092
mex,sex_t,hht_aggregate_c,chl_numlt6_total,2009,70.87
mex,sex_t,hht_aggregate_c,chl_numlt6_total,2010,69.898
mex,sex_t,hht_aggregate_c,chl_numlt6_total,2011,70.9
mex,sex_t,hht_aggregate_c,chl_numlt6_total,2012,70.904
mex,sex_t,hht_aggregate_c,chl_numlt6_total,2013,71.958
mex,sex_t,hht_aggregate_c,chl_numlt6_total,2014,70.689
mex,sex_t,hht_aggregate_c,chl_numlt6_total,2015,71.973
mex,sex_t,hht_aggregate_c,chl_numlt6_total,2016,71.789
mex,sex_t,hht_aggregate_c,chl_numlt6_total,2017,71.632
mex,sex_t,hht_aggregate_c,chl_numlt6_total,2018,73.076
mex,sex_t,hht_aggregate_c,chl_numlt6_total,2019,72.834
mex,sex_t,hht_aggregate_c,chl_numlt6_total,2020,68.629
mex,sex_t,hht_aggregate_c,chl_numlt6_total,2021,75.149
mex,sex_t,hht_aggregate_c,chl_numlt6_total,2022,76.158
mex,sex_t,hht_aggregate_c,chl_numlt6_total,2023,77.613
mex,sex_t,hht_aggregate_c,chl_numlt6_total,2024,78.696
mex,sex_t,hht_aggregate_c,chl_numlt6_total,2025,78.619
mex,sex_t,hht_aggregate_e,chl_aget6_no,2005,72.102
mex,sex_t,hht_aggregate_e,chl_aget6_no,2006,72.548
mex,sex_t,hht_aggregate_e,chl_aget6_no,2007,72.363
mex,sex_t,hht_aggregate_e,chl_aget6_no,2008,72.573
mex,sex_t,hht_aggregate_e,chl_aget6_no,2009,71.483
mex,sex_t,hht_aggregate_e,chl_aget6_no,2010,70.997
mex,sex_t,hht_aggregate_e,chl_aget6_no,2011,71.077
mex,sex_t,hht_aggregate_e,chl_aget6_no,2012,72.674
mex,sex_t,hht_aggregate_e,chl_aget6_no,2013,71.752
mex,sex_t,hht_aggregate_e,chl_aget6_no,2014,71.254
mex,sex_t,hht_aggregate_e,chl_aget6_no,2015,72.488
mex,sex_t,hht_aggregate_e,chl_aget6_no,2016,73.406
mex,sex_t,hht_aggregate_e,chl_aget6_no,2017,73.418
mex,sex_t,hht_aggregate_e,chl_aget6_no,2018,73.265
mex,sex_t,hht_aggregate_e,chl_aget6_no,2019,74.3
mex,sex_t,hht_aggregate_e,chl_aget6_no,2020,69.378
mex,sex_t,hht_aggregate_e,chl_aget6_no,2021,73.533
mex,sex_t,hht_aggregate_e,chl_aget6_no,2022,75.482
mex,sex_t,hht_aggregate_e,chl_aget6_no,2023,76.474
mex,sex_t,hht_aggregate_e,chl_aget6_no,2024,76.737
mex,sex_t,hht_aggregate_e,chl_aget6_no,2025,76.363
mex,sex_t,hht_aggregate_e,chl_aget6_total,2005,68.952
mex,sex_t,hht_aggregate_e,chl_aget6_total,2006,69.737
mex,sex_t,hht_aggregate_e,chl_aget6_total,2007,69.359
mex,sex_t,hht_aggregate_e,chl_aget6_total,2008,69.565
mex,sex_t,hht_aggregate_e,chl_aget6_total,2009,68.836
mex,sex_t,hht_aggregate_e,chl_aget6_total,2010,68.642
mex,sex_t,hht_aggregate_e,chl_aget6_total,2011,69.006
mex,sex_t,hht_aggregate_e,chl_aget6_total,2012,70.404
mex,sex_t,hht_aggregate_e,chl_aget6_total,2013,70.1
mex,sex_t,hht_aggregate_e,chl_aget6_total,2014,69.582
mex,sex_t,hht_aggregate_e,chl_aget6_total,2015,70.671
mex,sex_t,hht_aggregate_e,chl_aget6_total,2016,71.13
mex,sex_t,hht_aggregate_e,chl_aget6_total,2017,71.254
mex,sex_t,hht_aggregate_e,chl_aget6_total,2018,71.306
mex,sex_t,hht_aggregate_e,chl_aget6_total,2019,71.975
mex,sex_t,hht_aggregate_e,chl_aget6_total,2020,67.16
mex,sex_t,hht_aggregate_e,chl_aget6_total,2021,71.111
mex,sex_t,hht_aggregate_e,chl_aget6_total,2022,73.129
mex,sex_t,hht_aggregate_e,chl_aget6_total,2023,74.348
mex,sex_t,hht_aggregate_e,chl_aget6_total,2024,74.64
mex,sex_t,hht_aggregate_e,chl_aget6_total,2025,74.243
mex,sex_t,hht_aggregate_e,chl_aget6_yes,2005,66.518
mex,sex_t,hht_aggregate_e,chl_aget6_yes,2006,67.517
mex,sex_t,hht_aggregate_e,chl_aget6_yes,2007,66.916
mex,sex_t,hht_aggregate_e,chl_aget6_yes,2008,67.059
mex,sex_t,hht_aggregate_e,chl_aget6_yes,2009,66.567
mex,sex_t,hht_aggregate_e,chl_aget6_yes,2010,66.571
mex,sex_t,hht_aggregate_e,chl_aget6_yes,2011,67.144
mex,sex_t,hht_aggregate_e,chl_aget6_yes,2012,68.417
mex,sex_t,hht_aggregate_e,chl_aget6_yes,2013,68.609
mex,sex_t,hht_aggregate_e,chl_aget6_yes,2014,68.044
mex,sex_t,hht_aggregate_e,chl_aget6_yes,2015,69.001
mex,sex_t,hht_aggregate_e,chl_aget6_yes,2016,68.945
mex,sex_t,hht_aggregate_e,chl_aget6_yes,2017,69.203
mex,sex_t,hht_aggregate_e,chl_aget6_yes,2018,69.28
mex,sex_t,hht_aggregate_e,chl_aget6_yes,2019,69.597
mex,sex_t,hht_aggregate_e,chl_aget6_yes,2020,64.676
mex,sex_t,hht_aggregate_e,chl_aget6_yes,2021,68.192
mex,sex_t,hht_aggregate_e,chl_aget6_yes,2022,70.131
mex,sex_t,hht_aggregate_e,chl_aget6_yes,2023,71.487
mex,sex_t,hht_aggregate_e,chl_aget6_yes,2024,71.601
mex,sex_t,hht_aggregate_e,chl_aget6_yes,2025,70.789
mex,sex_t,hht_aggregate_e,chl_numlt6_0,2005,72.102
mex,sex_t,hht_aggregate_e,chl_numlt6_0,2006,72.548
mex,sex_t,hht_aggregate_e,chl_numlt6_0,2007,72.363
mex,sex_t,hht_aggregate_e,chl_numlt6_0,2008,72.573
mex,sex_t,hht_aggregate_e,chl_numlt6_0,2009,71.483
mex,sex_t,hht_aggregate_e,chl_numlt6_0,2010,70.997
mex,sex_t,hht_aggregate_e,chl_numlt6_0,2011,71.077
mex,sex_t,hht_aggregate_e,chl_numlt6_0,2012,72.674
mex,sex_t,hht_aggregate_e,chl_numlt6_0,2013,71.752
mex,sex_t,hht_aggregate_e,chl_numlt6_0,2014,71.254
mex,sex_t,hht_aggregate_e,chl_numlt6_0,2015,72.488
mex,sex_t,hht_aggregate_e,chl_numlt6_0,2016,73.406
mex,sex_t,hht_aggregate_e,chl_numlt6_0,2017,73.418
mex,sex_t,hht_aggregate_e,chl_numlt6_0,2018,73.265
mex,sex_t,hht_aggregate_e,chl_numlt6_0,2019,74.3
mex,sex_t,hht_aggregate_e,chl_numlt6_0,2020,69.378
mex,sex_t,hht_aggregate_e,chl_numlt6_0,2021,73.533
mex,sex_t,hht_aggregate_e,chl_numlt6_0,2022,75.482
mex,sex_t,hht_aggregate_e,chl_numlt6_0,2023,76.474
mex,sex_t,hht_aggregate_e,chl_numlt6_0,2024,76.737
mex,sex_t,hht_aggregate_e,chl_numlt6_0,2025,76.363
mex,sex_t,hht_aggregate_e,chl_numlt6_1,2005,67.111
mex,sex_t,hht_aggregate_e,chl_numlt6_1,2006,68.607
mex,sex_t,hht_aggregate_e,chl_numlt6_1,2007,67.696
mex,sex_t,hht_aggregate_e,chl_numlt6_1,2008,68.13
mex,sex_t,hht_aggregate_e,chl_numlt6_1,2009,67.529
mex,sex_t,hht_aggregate_e,chl_numlt6_1,2010,67.414
mex,sex_t,hht_aggregate_e,chl_numlt6_1,2011,67.779
mex,sex_t,hht_aggregate_e,chl_numlt6_1,2012,68.702
mex,sex_t,hht_aggregate_e,chl_numlt6_1,2013,69.318
mex,sex_t,hht_aggregate_e,chl_numlt6_1,2014,68.558
mex,sex_t,hht_aggregate_e,chl_numlt6_1,2015,69.511
mex,sex_t,hht_aggregate_e,chl_numlt6_1,2016,69.495
mex,sex_t,hht_aggregate_e,chl_numlt6_1,2017,69.84
mex,sex_t,hht_aggregate_e,chl_numlt6_1,2018,69.752
mex,sex_t,hht_aggregate_e,chl_numlt6_1,2019,70.292
mex,sex_t,hht_aggregate_e,chl_numlt6_1,2020,65.722
mex,sex_t,hht_aggregate_e,chl_numlt6_1,2021,68.865
mex,sex_t,hht_aggregate_e,chl_numlt6_1,2022,70.829
mex,sex_t,hht_aggregate_e,chl_numlt6_1,2023,72.226
mex,sex_t,hht_aggregate_e,chl_numlt6_1,2024,72.281
mex,sex_t,hht_aggregate_e,chl_numlt6_1,2025,71.706
mex,sex_t,hht_aggregate_e,chl_numlt6_2,2005,65.888
mex,sex_t,hht_aggregate_e,chl_numlt6_2,2006,66.64
mex,sex_t,hht_aggregate_e,chl_numlt6_2,2007,65.811
mex,sex_t,hht_aggregate_e,chl_numlt6_2,2008,65.508
mex,sex_t,hht_aggregate_e,chl_numlt6_2,2009,64.898
mex,sex_t,hht_aggregate_e,chl_numlt6_2,2010,65.848
mex,sex_t,hht_aggregate_e,chl_numlt6_2,2011,66.327
mex,sex_t,hht_aggregate_e,chl_numlt6_2,2012,68.243
mex,sex_t,hht_aggregate_e,chl_numlt6_2,2013,66.928
mex,sex_t,hht_aggregate_e,chl_numlt6_2,2014,67.04
mex,sex_t,hht_aggregate_e,chl_numlt6_2,2015,67.887
mex,sex_t,hht_aggregate_e,chl_numlt6_2,2016,68.209
mex,sex_t,hht_aggregate_e,chl_numlt6_2,2017,67.636
mex,sex_t,hht_aggregate_e,chl_numlt6_2,2018,68.557
mex,sex_t,hht_aggregate_e,chl_numlt6_2,2019,67.858
mex,sex_t,hht_aggregate_e,chl_numlt6_2,2020,63.617
mex,sex_t,hht_aggregate_e,chl_numlt6_2,2021,66.708
mex,sex_t,hht_aggregate_e,chl_numlt6_2,2022,68.619
mex,sex_t,hht_aggregate_e,chl_numlt6_2,2023,69.367
mex,sex_t,hht_aggregate_e,chl_numlt6_2,2024,69.114
mex,sex_t,hht_aggregate_e,chl_numlt6_2,2025,67.552
mex,sex_t,hht_aggregate_e,chl_numlt6_ge3,2005,63.679
mex,sex_t,hht_aggregate_e,chl_numlt6_ge3,2006,61.603
mex,sex_t,hht_aggregate_e,chl_numlt6_ge3,2007,63.881
mex,sex_t,hht_aggregate_e,chl_numlt6_ge3,2008,62.763
mex,sex_t,hht_aggregate_e,chl_numlt6_ge3,2009,63.612
mex,sex_t,hht_aggregate_e,chl_numlt6_ge3,2010,61.005
mex,sex_t,hht_aggregate_e,chl_numlt6_ge3,2011,63.837
mex,sex_t,hht_aggregate_e,chl_numlt6_ge3,2012,66.004
mex,sex_t,hht_aggregate_e,chl_numlt6_ge3,2013,67.195
mex,sex_t,hht_aggregate_e,chl_numlt6_ge3,2014,66.048
mex,sex_t,hht_aggregate_e,chl_numlt6_ge3,2015,67.27
mex,sex_t,hht_aggregate_e,chl_numlt6_ge3,2016,65.68
mex,sex_t,hht_aggregate_e,chl_numlt6_ge3,2017,67.272
mex,sex_t,hht_aggregate_e,chl_numlt6_ge3,2018,65.883
mex,sex_t,hht_aggregate_e,chl_numlt6_ge3,2019,67.226
mex,sex_t,hht_aggregate_e,chl_numlt6_ge3,2020,56.492
mex,sex_t,hht_aggregate_e,chl_numlt6_ge3,2021,64.188
mex,sex_t,hht_aggregate_e,chl_numlt6_ge3,2022,65.888
mex,sex_t,hht_aggregate_e,chl_numlt6_ge3,2023,68.018
mex,sex_t,hht_aggregate_e,chl_numlt6_ge3,2024,71.146
mex,sex_t,hht_aggregate_e,chl_numlt6_ge3,2025,65.967
mex,sex_t,hht_aggregate_e,chl_numlt6_total,2005,68.952
mex,sex_t,hht_aggregate_e,chl_numlt6_total,2006,69.737
mex,sex_t,hht_aggregate_e,chl_numlt6_total,2007,69.359
mex,sex_t,hht_aggregate_e,chl_numlt6_total,2008,69.565
mex,sex_t,hht_aggregate_e,chl_numlt6_total,2009,68.836
mex,sex_t,hht_aggregate_e,chl_numlt6_total,2010,68.642
mex,sex_t,hht_aggregate_e,chl_numlt6_total,2011,69.006
mex,sex_t,hht_aggregate_e,chl_numlt6_total,2012,70.404
mex,sex_t,hht_aggregate_e,chl_numlt6_total,2013,70.1
mex,sex_t,hht_aggregate_e,chl_numlt6_total,2014,69.582
mex,sex_t,hht_aggregate_e,chl_numlt6_total,2015,70.671
mex,sex_t,hht_aggregate_e,chl_numlt6_total,2016,71.13
mex,sex_t,hht_aggregate_e,chl_numlt6_total,2017,71.254
mex,sex_t,hht_aggregate_e,chl_numlt6_total,2018,71.306
mex,sex_t,hht_aggregate_e,chl_numlt6_total,2019,71.975
mex,sex_t,hht_aggregate_e,chl_numlt6_total,2020,67.16
mex,sex_t,hht_aggregate_e,chl_numlt6_total,2021,71.111
mex,sex_t,hht_aggregate_e,chl_numlt6_total,2022,73.129
mex,sex_t,hht_aggregate_e,chl_numlt6_total,2023,74.348
mex,sex_t,hht_aggregate_e,chl_numlt6_total,2024,74.64
mex,sex_t,hht_aggregate_e,chl_numlt6_total,2025,74.243
mex,sex_t,hht_aggregate_k,chl_aget6_no,2005,67.291
mex,sex_t,hht_aggregate_k,chl_aget6_no,2006,67.813
mex,sex_t,hht_aggregate_k,chl_aget6_no,2007,68.516
mex,sex_t,hht_aggregate_k,chl_aget6_no,2008,68.268
mex,sex_t,hht_aggregate_k,chl_aget6_no,2009,67.843
mex,sex_t,hht_aggregate_k,chl_aget6_no,2010,67.481
mex,sex_t,hht_aggregate_k,chl_aget6_no,2011,67.985
mex,sex_t,hht_aggregate_k,chl_aget6_no,2012,68.471
mex,sex_t,hht_aggregate_k,chl_aget6_no,2013,68.687
mex,sex_t,hht_aggregate_k,chl_aget6_no,2014,68.555
mex,sex_t,hht_aggregate_k,chl_aget6_no,2015,68.806
mex,sex_t,hht_aggregate_k,chl_aget6_no,2016,69.05
mex,sex_t,hht_aggregate_k,chl_aget6_no,2017,69.285
mex,sex_t,hht_aggregate_k,chl_aget6_no,2018,69.794
mex,sex_t,hht_aggregate_k,chl_aget6_no,2019,70.402
mex,sex_t,hht_aggregate_k,chl_aget6_no,2020,66.304
mex,sex_t,hht_aggregate_k,chl_aget6_no,2021,69.912
mex,sex_t,hht_aggregate_k,chl_aget6_no,2022,71.895
mex,sex_t,hht_aggregate_k,chl_aget6_no,2023,72.907
mex,sex_t,hht_aggregate_k,chl_aget6_no,2024,72.985
mex,sex_t,hht_aggregate_k,chl_aget6_no,2025,72.535
mex,sex_t,hht_aggregate_k,chl_aget6_total,2005,66.936
mex,sex_t,hht_aggregate_k,chl_aget6_total,2006,67.668
mex,sex_t,hht_aggregate_k,chl_aget6_total,2007,68.156
mex,sex_t,hht_aggregate_k,chl_aget6_total,2008,67.784
mex,sex_t,hht_aggregate_k,chl_aget6_total,2009,67.315
mex,sex_t,hht_aggregate_k,chl_aget6_total,2010,66.956
mex,sex_t,hht_aggregate_k,chl_aget6_total,2011,67.525
mex,sex_t,hht_aggregate_k,chl_aget6_total,2012,68.321
mex,sex_t,hht_aggregate_k,chl_aget6_total,2013,68.468
mex,sex_t,hht_aggregate_k,chl_aget6_total,2014,68.131
mex,sex_t,hht_aggregate_k,chl_aget6_total,2015,68.466
mex,sex_t,hht_aggregate_k,chl_aget6_total,2016,68.798
mex,sex_t,hht_aggregate_k,chl_aget6_total,2017,68.833
mex,sex_t,hht_aggregate_k,chl_aget6_total,2018,69.35
mex,sex_t,hht_aggregate_k,chl_aget6_total,2019,69.911
mex,sex_t,hht_aggregate_k,chl_aget6_total,2020,66.014
mex,sex_t,hht_aggregate_k,chl_aget6_total,2021,69.774
mex,sex_t,hht_aggregate_k,chl_aget6_total,2022,71.5
mex,sex_t,hht_aggregate_k,chl_aget6_total,2023,72.435
mex,sex_t,hht_aggregate_k,chl_aget6_total,2024,72.335
mex,sex_t,hht_aggregate_k,chl_aget6_total,2025,71.983
mex,sex_t,hht_aggregate_k,chl_aget6_yes,2005,66.479
mex,sex_t,hht_aggregate_k,chl_aget6_yes,2006,67.479
mex,sex_t,hht_aggregate_k,chl_aget6_yes,2007,67.666
mex,sex_t,hht_aggregate_k,chl_aget6_yes,2008,67.106
mex,sex_t,hht_aggregate_k,chl_aget6_yes,2009,66.54
mex,sex_t,hht_aggregate_k,chl_aget6_yes,2010,66.209
mex,sex_t,hht_aggregate_k,chl_aget6_yes,2011,66.855
mex,sex_t,hht_aggregate_k,chl_aget6_yes,2012,68.091
mex,sex_t,hht_aggregate_k,chl_aget6_yes,2013,68.129
mex,sex_t,hht_aggregate_k,chl_aget6_yes,2014,67.462
mex,sex_t,hht_aggregate_k,chl_aget6_yes,2015,67.931
mex,sex_t,hht_aggregate_k,chl_aget6_yes,2016,68.395
mex,sex_t,hht_aggregate_k,chl_aget6_yes,2017,68.068
mex,sex_t,hht_aggregate_k,chl_aget6_yes,2018,68.578
mex,sex_t,hht_aggregate_k,chl_aget6_yes,2019,69.027
mex,sex_t,hht_aggregate_k,chl_aget6_yes,2020,65.467
mex,sex_t,hht_aggregate_k,chl_aget6_yes,2021,69.49
mex,sex_t,hht_aggregate_k,chl_aget6_yes,2022,70.679
mex,sex_t,hht_aggregate_k,chl_aget6_yes,2023,71.42
mex,sex_t,hht_aggregate_k,chl_aget6_yes,2024,70.902
mex,sex_t,hht_aggregate_k,chl_aget6_yes,2025,70.715
mex,sex_t,hht_aggregate_k,chl_numlt6_0,2005,67.291
mex,sex_t,hht_aggregate_k,chl_numlt6_0,2006,67.813
mex,sex_t,hht_aggregate_k,chl_numlt6_0,2007,68.516
mex,sex_t,hht_aggregate_k,chl_numlt6_0,2008,68.268
mex,sex_t,hht_aggregate_k,chl_numlt6_0,2009,67.843
mex,sex_t,hht_aggregate_k,chl_numlt6_0,2010,67.481
mex,sex_t,hht_aggregate_k,chl_numlt6_0,2011,67.985
mex,sex_t,hht_aggregate_k,chl_numlt6_0,2012,68.471
mex,sex_t,hht_aggregate_k,chl_numlt6_0,2013,68.687
mex,sex_t,hht_aggregate_k,chl_numlt6_0,2014,68.555
mex,sex_t,hht_aggregate_k,chl_numlt6_0,2015,68.806
mex,sex_t,hht_aggregate_k,chl_numlt6_0,2016,69.05
mex,sex_t,hht_aggregate_k,chl_numlt6_0,2017,69.285
mex,sex_t,hht_aggregate_k,chl_numlt6_0,2018,69.794
mex,sex_t,hht_aggregate_k,chl_numlt6_0,2019,70.402
mex,sex_t,hht_aggregate_k,chl_numlt6_0,2020,66.304
mex,sex_t,hht_aggregate_k,chl_numlt6_0,2021,69.912
mex,sex_t,hht_aggregate_k,chl_numlt6_0,2022,71.895
mex,sex_t,hht_aggregate_k,chl_numlt6_0,2023,72.907
mex,sex_t,hht_aggregate_k,chl_numlt6_0,2024,72.985
mex,sex_t,hht_aggregate_k,chl_numlt6_0,2025,72.535
mex,sex_t,hht_aggregate_k,chl_numlt6_1,2005,67.321
mex,sex_t,hht_aggregate_k,chl_numlt6_1,2006,68.297
mex,sex_t,hht_aggregate_k,chl_numlt6_1,2007,68.504
mex,sex_t,hht_aggregate_k,chl_numlt6_1,2008,68.033
mex,sex_t,hht_aggregate_k,chl_numlt6_1,2009,67.411
mex,sex_t,hht_aggregate_k,chl_numlt6_1,2010,67.047
mex,sex_t,hht_aggregate_k,chl_numlt6_1,2011,67.745
mex,sex_t,hht_aggregate_k,chl_numlt6_1,2012,68.936
mex,sex_t,hht_aggregate_k,chl_numlt6_1,2013,68.851
mex,sex_t,hht_aggregate_k,chl_numlt6_1,2014,68.071
mex,sex_t,hht_aggregate_k,chl_numlt6_1,2015,68.578
mex,sex_t,hht_aggregate_k,chl_numlt6_1,2016,69.113
mex,sex_t,hht_aggregate_k,chl_numlt6_1,2017,68.798
mex,sex_t,hht_aggregate_k,chl_numlt6_1,2018,69.059
mex,sex_t,hht_aggregate_k,chl_numlt6_1,2019,69.554
mex,sex_t,hht_aggregate_k,chl_numlt6_1,2020,65.502
mex,sex_t,hht_aggregate_k,chl_numlt6_1,2021,70.022
mex,sex_t,hht_aggregate_k,chl_numlt6_1,2022,71.379
mex,sex_t,hht_aggregate_k,chl_numlt6_1,2023,72.212
mex,sex_t,hht_aggregate_k,chl_numlt6_1,2024,71.601
mex,sex_t,hht_aggregate_k,chl_numlt6_1,2025,71.319
mex,sex_t,hht_aggregate_k,chl_numlt6_2,2005,64.645
mex,sex_t,hht_aggregate_k,chl_numlt6_2,2006,65.428
mex,sex_t,hht_aggregate_k,chl_numlt6_2,2007,65.983
mex,sex_t,hht_aggregate_k,chl_numlt6_2,2008,65.165
mex,sex_t,hht_aggregate_k,chl_numlt6_2,2009,64.144
mex,sex_t,hht_aggregate_k,chl_numlt6_2,2010,64.233
mex,sex_t,hht_aggregate_k,chl_numlt6_2,2011,64.84
mex,sex_t,hht_aggregate_k,chl_numlt6_2,2012,65.837
mex,sex_t,hht_aggregate_k,chl_numlt6_2,2013,66.136
mex,sex_t,hht_aggregate_k,chl_numlt6_2,2014,66.227
mex,sex_t,hht_aggregate_k,chl_numlt6_2,2015,66.398
mex,sex_t,hht_aggregate_k,chl_numlt6_2,2016,66.316
mex,sex_t,hht_aggregate_k,chl_numlt6_2,2017,65.944
mex,sex_t,hht_aggregate_k,chl_numlt6_2,2018,67.183
mex,sex_t,hht_aggregate_k,chl_numlt6_2,2019,67.308
mex,sex_t,hht_aggregate_k,chl_numlt6_2,2020,66.188
mex,sex_t,hht_aggregate_k,chl_numlt6_2,2021,67.618
mex,sex_t,hht_aggregate_k,chl_numlt6_2,2022,68.006
mex,sex_t,hht_aggregate_k,chl_numlt6_2,2023,68.272
mex,sex_t,hht_aggregate_k,chl_numlt6_2,2024,67.969
mex,sex_t,hht_aggregate_k,chl_numlt6_2,2025,67.819
mex,sex_t,hht_aggregate_k,chl_numlt6_ge3,2005,63.172
mex,sex_t,hht_aggregate_k,chl_numlt6_ge3,2006,65.473
mex,sex_t,hht_aggregate_k,chl_numlt6_ge3,2007,62.403
mex,sex_t,hht_aggregate_k,chl_numlt6_ge3,2008,61.976
mex,sex_t,hht_aggregate_k,chl_numlt6_ge3,2009,63.648
mex,sex_t,hht_aggregate_k,chl_numlt6_ge3,2010,61.61
mex,sex_t,hht_aggregate_k,chl_numlt6_ge3,2011,61.889
mex,sex_t,hht_aggregate_k,chl_numlt6_ge3,2012,64.899
mex,sex_t,hht_aggregate_k,chl_numlt6_ge3,2013,64.597
mex,sex_t,hht_aggregate_k,chl_numlt6_ge3,2014,60.787
mex,sex_t,hht_aggregate_k,chl_numlt6_ge3,2015,62.25
mex,sex_t,hht_aggregate_k,chl_numlt6_ge3,2016,63.613
mex,sex_t,hht_aggregate_k,chl_numlt6_ge3,2017,63.73
mex,sex_t,hht_aggregate_k,chl_numlt6_ge3,2018,64.081
mex,sex_t,hht_aggregate_k,chl_numlt6_ge3,2019,64.8
mex,sex_t,hht_aggregate_k,chl_numlt6_ge3,2020,57.969
mex,sex_t,hht_aggregate_k,chl_numlt6_ge3,2021,63.497
mex,sex_t,hht_aggregate_k,chl_numlt6_ge3,2022,65.735
mex,sex_t,hht_aggregate_k,chl_numlt6_ge3,2023,64.794
mex,sex_t,hht_aggregate_k,chl_numlt6_ge3,2024,64.588
mex,sex_t,hht_aggregate_k,chl_numlt6_ge3,2025,67.109
mex,sex_t,hht_aggregate_k,chl_numlt6_total,2005,66.936
mex,sex_t,hht_aggregate_k,chl_numlt6_total,2006,67.668
mex,sex_t,hht_aggregate_k,chl_numlt6_total,2007,68.156
mex,sex_t,hht_aggregate_k,chl_numlt6_total,2008,67.784
mex,sex_t,hht_aggregate_k,chl_numlt6_total,2009,67.315
mex,sex_t,hht_aggregate_k,chl_numlt6_total,2010,66.956
mex,sex_t,hht_aggregate_k,chl_numlt6_total,2011,67.525
mex,sex_t,hht_aggregate_k,chl_numlt6_total,2012,68.321
mex,sex_t,hht_aggregate_k,chl_numlt6_total,2013,68.468
mex,sex_t,hht_aggregate_k,chl_numlt6_total,2014,68.131
mex,sex_t,hht_aggregate_k,chl_numlt6_total,2015,68.466
mex,sex_t,hht_aggregate_k,chl_numlt6_total,2016,68.798
mex,sex_t,hht_aggregate_k,chl_numlt6_total,2017,68.833
mex,sex_t,hht_aggregate_k,chl_numlt6_total,2018,69.35
mex,sex_t,hht_aggregate_k,chl_numlt6_total,2019,69.911
mex,sex_t,hht_aggregate_k,chl_numlt6_total,2020,66.014
mex,sex_t,hht_aggregate_k,chl_numlt6_total,2021,69.774
mex,sex_t,hht_aggregate_k,chl_numlt6_total,2022,71.5
mex,sex_t,hht_aggregate_k,chl_numlt6_total,2023,72.435
mex,sex_t,hht_aggregate_k,chl_numlt6_total,2024,72.335
mex,sex_t,hht_aggregate_k,chl_numlt6_total,2025,71.983
mex,sex_t,hht_aggregate_l,chl_aget6_no,2005,74.215
mex,sex_t,hht_aggregate_l,chl_aget6_no,2006,73.716
mex,sex_t,hht_aggregate_l,chl_aget6_no,2007,73.852
mex,sex_t,hht_aggregate_l,chl_aget6_no,2008,75.583
mex,sex_t,hht_aggregate_l,chl_aget6_no,2009,74.777
mex,sex_t,hht_aggregate_l,chl_aget6_no,2010,75.469
mex,sex_t,hht_aggregate_l,chl_aget6_no,2011,76.649
mex,sex_t,hht_aggregate_l,chl_aget6_no,2012,77.248
mex,sex_t,hht_aggregate_l,chl_aget6_no,2013,76.796
mex,sex_t,hht_aggregate_l,chl_aget6_no,2014,75.374
mex,sex_t,hht_aggregate_l,chl_aget6_no,2015,76.866
mex,sex_t,hht_aggregate_l,chl_aget6_no,2016,77.868
mex,sex_t,hht_aggregate_l,chl_aget6_no,2017,77.657
mex,sex_t,hht_aggregate_l,chl_aget6_no,2018,78.368
mex,sex_t,hht_aggregate_l,chl_aget6_no,2019,79.682
mex,sex_t,hht_aggregate_l,chl_aget6_no,2020,72.077
mex,sex_t,hht_aggregate_l,chl_aget6_no,2021,79.355
mex,sex_t,hht_aggregate_l,chl_aget6_no,2022,80.913
mex,sex_t,hht_aggregate_l,chl_aget6_no,2023,82.313
mex,sex_t,hht_aggregate_l,chl_aget6_no,2024,81.47
mex,sex_t,hht_aggregate_l,chl_aget6_no,2025,81.235
mex,sex_t,hht_aggregate_l,chl_aget6_total,2005,70.78
mex,sex_t,hht_aggregate_l,chl_aget6_total,2006,70.688
mex,sex_t,hht_aggregate_l,chl_aget6_total,2007,71.223
mex,sex_t,hht_aggregate_l,chl_aget6_total,2008,72.848
mex,sex_t,hht_aggregate_l,chl_aget6_total,2009,71.967
mex,sex_t,hht_aggregate_l,chl_aget6_total,2010,73.365
mex,sex_t,hht_aggregate_l,chl_aget6_total,2011,74.898
mex,sex_t,hht_aggregate_l,chl_aget6_total,2012,75.508
mex,sex_t,hht_aggregate_l,chl_aget6_total,2013,75.446
mex,sex_t,hht_aggregate_l,chl_aget6_total,2014,74.055
mex,sex_t,hht_aggregate_l,chl_aget6_total,2015,75.279
mex,sex_t,hht_aggregate_l,chl_aget6_total,2016,75.905
mex,sex_t,hht_aggregate_l,chl_aget6_total,2017,75.593
mex,sex_t,hht_aggregate_l,chl_aget6_total,2018,76.102
mex,sex_t,hht_aggregate_l,chl_aget6_total,2019,77.675
mex,sex_t,hht_aggregate_l,chl_aget6_total,2020,72.127
mex,sex_t,hht_aggregate_l,chl_aget6_total,2021,77.586
mex,sex_t,hht_aggregate_l,chl_aget6_total,2022,78.634
mex,sex_t,hht_aggregate_l,chl_aget6_total,2023,79.45
mex,sex_t,hht_aggregate_l,chl_aget6_total,2024,78.57
mex,sex_t,hht_aggregate_l,chl_aget6_total,2025,78.743
mex,sex_t,hht_aggregate_l,chl_aget6_yes,2005,58.588
mex,sex_t,hht_aggregate_l,chl_aget6_yes,2006,60.087
mex,sex_t,hht_aggregate_l,chl_aget6_yes,2007,61.209
mex,sex_t,hht_aggregate_l,chl_aget6_yes,2008,62.203
mex,sex_t,hht_aggregate_l,chl_aget6_yes,2009,61.239
mex,sex_t,hht_aggregate_l,chl_aget6_yes,2010,64.972
mex,sex_t,hht_aggregate_l,chl_aget6_yes,2011,67.703
mex,sex_t,hht_aggregate_l,chl_aget6_yes,2012,67.217
mex,sex_t,hht_aggregate_l,chl_aget6_yes,2013,68.906
mex,sex_t,hht_aggregate_l,chl_aget6_yes,2014,67.93
mex,sex_t,hht_aggregate_l,chl_aget6_yes,2015,67.556
mex,sex_t,hht_aggregate_l,chl_aget6_yes,2016,66.78
mex,sex_t,hht_aggregate_l,chl_aget6_yes,2017,65.484
mex,sex_t,hht_aggregate_l,chl_aget6_yes,2018,64.013
mex,sex_t,hht_aggregate_l,chl_aget6_yes,2019,67.469
mex,sex_t,hht_aggregate_l,chl_aget6_yes,2020,72.345
mex,sex_t,hht_aggregate_l,chl_aget6_yes,2021,68.168
mex,sex_t,hht_aggregate_l,chl_aget6_yes,2022,66.427
mex,sex_t,hht_aggregate_l,chl_aget6_yes,2023,64.142
mex,sex_t,hht_aggregate_l,chl_aget6_yes,2024,62.764
mex,sex_t,hht_aggregate_l,chl_aget6_yes,2025,65.157
mex,sex_t,hht_aggregate_l,chl_numlt6_0,2005,74.215
mex,sex_t,hht_aggregate_l,chl_numlt6_0,2006,73.716
mex,sex_t,hht_aggregate_l,chl_numlt6_0,2007,73.852
mex,sex_t,hht_aggregate_l,chl_numlt6_0,2008,75.583
mex,sex_t,hht_aggregate_l,chl_numlt6_0,2009,74.777
mex,sex_t,hht_aggregate_l,chl_numlt6_0,2010,75.469
mex,sex_t,hht_aggregate_l,chl_numlt6_0,2011,76.649
mex,sex_t,hht_aggregate_l,chl_numlt6_0,2012,77.248
mex,sex_t,hht_aggregate_l,chl_numlt6_0,2013,76.796
mex,sex_t,hht_aggregate_l,chl_numlt6_0,2014,75.374
mex,sex_t,hht_aggregate_l,chl_numlt6_0,2015,76.866
mex,sex_t,hht_aggregate_l,chl_numlt6_0,2016,77.868
mex,sex_t,hht_aggregate_l,chl_numlt6_0,2017,77.657
mex,sex_t,hht_aggregate_l,chl_numlt6_0,2018,78.368
mex,sex_t,hht_aggregate_l,chl_numlt6_0,2019,79.682
mex,sex_t,hht_aggregate_l,chl_numlt6_0,2020,72.077
mex,sex_t,hht_aggregate_l,chl_numlt6_0,2021,79.355
mex,sex_t,hht_aggregate_l,chl_numlt6_0,2022,80.913
mex,sex_t,hht_aggregate_l,chl_numlt6_0,2023,82.313
mex,sex_t,hht_aggregate_l,chl_numlt6_0,2024,81.47
mex,sex_t,hht_aggregate_l,chl_numlt6_0,2025,81.235
mex,sex_t,hht_aggregate_l,chl_numlt6_1,2005,62.024
mex,sex_t,hht_aggregate_l,chl_numlt6_1,2006,64.44
mex,sex_t,hht_aggregate_l,chl_numlt6_1,2007,64.359
mex,sex_t,hht_aggregate_l,chl_numlt6_1,2008,65.146
mex,sex_t,hht_aggregate_l,chl_numlt6_1,2009,63.864
mex,sex_t,hht_aggregate_l,chl_numlt6_1,2010,67.294
mex,sex_t,hht_aggregate_l,chl_numlt6_1,2011,70.236
mex,sex_t,hht_aggregate_l,chl_numlt6_1,2012,68.674
mex,sex_t,hht_aggregate_l,chl_numlt6_1,2013,71.352
mex,sex_t,hht_aggregate_l,chl_numlt6_1,2014,70.913
mex,sex_t,hht_aggregate_l,chl_numlt6_1,2015,69.268
mex,sex_t,hht_aggregate_l,chl_numlt6_1,2016,69.648
mex,sex_t,hht_aggregate_l,chl_numlt6_1,2017,67.768
mex,sex_t,hht_aggregate_l,chl_numlt6_1,2018,66.375
mex,sex_t,hht_aggregate_l,chl_numlt6_1,2019,69.64
mex,sex_t,hht_aggregate_l,chl_numlt6_1,2020,72.453
mex,sex_t,hht_aggregate_l,chl_numlt6_1,2021,69.896
mex,sex_t,hht_aggregate_l,chl_numlt6_1,2022,68.607
mex,sex_t,hht_aggregate_l,chl_numlt6_1,2023,66.462
mex,sex_t,hht_aggregate_l,chl_numlt6_1,2024,64.642
mex,sex_t,hht_aggregate_l,chl_numlt6_1,2025,66.71
mex,sex_t,hht_aggregate_l,chl_numlt6_2,2005,48.496
mex,sex_t,hht_aggregate_l,chl_numlt6_2,2006,46.123
mex,sex_t,hht_aggregate_l,chl_numlt6_2,2007,50.945
mex,sex_t,hht_aggregate_l,chl_numlt6_2,2008,51.114
mex,sex_t,hht_aggregate_l,chl_numlt6_2,2009,53.114
mex,sex_t,hht_aggregate_l,chl_numlt6_2,2010,55.49
mex,sex_t,hht_aggregate_l,chl_numlt6_2,2011,57.164
mex,sex_t,hht_aggregate_l,chl_numlt6_2,2012,63.499
mex,sex_t,hht_aggregate_l,chl_numlt6_2,2013,59.542
mex,sex_t,hht_aggregate_l,chl_numlt6_2,2014,55.891
mex,sex_t,hht_aggregate_l,chl_numlt6_2,2015,60.975
mex,sex_t,hht_aggregate_l,chl_numlt6_2,2016,52.34
mex,sex_t,hht_aggregate_l,chl_numlt6_2,2017,54.914
mex,sex_t,hht_aggregate_l,chl_numlt6_2,2018,53.506
mex,sex_t,hht_aggregate_l,chl_numlt6_2,2019,58.58
mex,sex_t,hht_aggregate_l,chl_numlt6_2,2020,73.542
mex,sex_t,hht_aggregate_l,chl_numlt6_2,2021,56.944
mex,sex_t,hht_aggregate_l,chl_numlt6_2,2022,52.491
mex,sex_t,hht_aggregate_l,chl_numlt6_2,2023,52.448
mex,sex_t,hht_aggregate_l,chl_numlt6_2,2024,51.502
mex,sex_t,hht_aggregate_l,chl_numlt6_2,2025,57.36
mex,sex_t,hht_aggregate_l,chl_numlt6_ge3,2005,40.806
mex,sex_t,hht_aggregate_l,chl_numlt6_ge3,2006,32.213
mex,sex_t,hht_aggregate_l,chl_numlt6_ge3,2007,34.545
mex,sex_t,hht_aggregate_l,chl_numlt6_ge3,2008,48.574
mex,sex_t,hht_aggregate_l,chl_numlt6_ge3,2009,29.304
mex,sex_t,hht_aggregate_l,chl_numlt6_ge3,2010,48.303
mex,sex_t,hht_aggregate_l,chl_numlt6_ge3,2011,32.326
mex,sex_t,hht_aggregate_l,chl_numlt6_ge3,2012,41.485
mex,sex_t,hht_aggregate_l,chl_numlt6_ge3,2013,41.811
mex,sex_t,hht_aggregate_l,chl_numlt6_ge3,2014,52.998
mex,sex_t,hht_aggregate_l,chl_numlt6_ge3,2015,39.889
mex,sex_t,hht_aggregate_l,chl_numlt6_ge3,2016,41.244
mex,sex_t,hht_aggregate_l,chl_numlt6_ge3,2017,35.636
mex,sex_t,hht_aggregate_l,chl_numlt6_ge3,2018,35.445
mex,sex_t,hht_aggregate_l,chl_numlt6_ge3,2019,21.104
mex,sex_t,hht_aggregate_l,chl_numlt6_ge3,2020,36.385
mex,sex_t,hht_aggregate_l,chl_numlt6_ge3,2021,52.76
mex,sex_t,hht_aggregate_l,chl_numlt6_ge3,2022,45.748
mex,sex_t,hht_aggregate_l,chl_numlt6_ge3,2023,38.029
mex,sex_t,hht_aggregate_l,chl_numlt6_ge3,2024,35.405
mex,sex_t,hht_aggregate_l,chl_numlt6_ge3,2025,29.082
mex,sex_t,hht_aggregate_l,chl_numlt6_total,2005,70.78
mex,sex_t,hht_aggregate_l,chl_numlt6_total,2006,70.688
mex,sex_t,hht_aggregate_l,chl_numlt6_total,2007,71.223
mex,sex_t,hht_aggregate_l,chl_numlt6_total,2008,72.848
mex,sex_t,hht_aggregate_l,chl_numlt6_total,2009,71.967
mex,sex_t,hht_aggregate_l,chl_numlt6_total,2010,73.365
mex,sex_t,hht_aggregate_l,chl_numlt6_total,2011,74.898
mex,sex_t,hht_aggregate_l,chl_numlt6_total,2012,75.508
mex,sex_t,hht_aggregate_l,chl_numlt6_total,2013,75.446
mex,sex_t,hht_aggregate_l,chl_numlt6_total,2014,74.055
mex,sex_t,hht_aggregate_l,chl_numlt6_total,2015,75.279
mex,sex_t,hht_aggregate_l,chl_numlt6_total,2016,75.905
mex,sex_t,hht_aggregate_l,chl_numlt6_total,2017,75.593
mex,sex_t,hht_aggregate_l,chl_numlt6_total,2018,76.102
mex,sex_t,hht_aggregate_l,chl_numlt6_total,2019,77.675
mex,sex_t,hht_aggregate_l,chl_numlt6_total,2020,72.127
mex,sex_t,hht_aggregate_l,chl_numlt6_total,2021,77.586
mex,sex_t,hht_aggregate_l,chl_numlt6_total,2022,78.634
mex,sex_t,hht_aggregate_l,chl_numlt6_total,2023,79.45
mex,sex_t,hht_aggregate_l,chl_numlt6_total,2024,78.57
mex,sex_t,hht_aggregate_l,chl_numlt6_total,2025,78.743
mex,sex_t,hht_aggregate_o,chl_aget6_no,2005,85.674
mex,sex_t,hht_aggregate_o,chl_aget6_no,2006,87.694
mex,sex_t,hht_aggregate_o,chl_aget6_no,2007,87.066
mex,sex_t,hht_aggregate_o,chl_aget6_no,2008,86.977
mex,sex_t,hht_aggregate_o,chl_aget6_no,2009,85.298
mex,sex_t,hht_aggregate_o,chl_aget6_no,2010,83.736
mex,sex_t,hht_aggregate_o,chl_aget6_no,2011,83.481
mex,sex_t,hht_aggregate_o,chl_aget6_no,2012,84.781
mex,sex_t,hht_aggregate_o,chl_aget6_no,2013,85.662
mex,sex_t,hht_aggregate_o,chl_aget6_no,2014,84.799
mex,sex_t,hht_aggregate_o,chl_aget6_no,2015,86.08
mex,sex_t,hht_aggregate_o,chl_aget6_no,2016,86.814
mex,sex_t,hht_aggregate_o,chl_aget6_no,2017,86.162
mex,sex_t,hht_aggregate_o,chl_aget6_no,2018,87.086
mex,sex_t,hht_aggregate_o,chl_aget6_no,2019,87.335
mex,sex_t,hht_aggregate_o,chl_aget6_no,2020,80.112
mex,sex_t,hht_aggregate_o,chl_aget6_no,2021,86.071
mex,sex_t,hht_aggregate_o,chl_aget6_no,2022,88.853
mex,sex_t,hht_aggregate_o,chl_aget6_no,2023,89.836
mex,sex_t,hht_aggregate_o,chl_aget6_no,2024,89.313
mex,sex_t,hht_aggregate_o,chl_aget6_no,2025,89.446
mex,sex_t,hht_aggregate_o,chl_aget6_total,2005,85.674
mex,sex_t,hht_aggregate_o,chl_aget6_total,2006,87.694
mex,sex_t,hht_aggregate_o,chl_aget6_total,2007,87.066
mex,sex_t,hht_aggregate_o,chl_aget6_total,2008,86.977
mex,sex_t,hht_aggregate_o,chl_aget6_total,2009,85.298
mex,sex_t,hht_aggregate_o,chl_aget6_total,2010,83.736
mex,sex_t,hht_aggregate_o,chl_aget6_total,2011,83.481
mex,sex_t,hht_aggregate_o,chl_aget6_total,2012,84.781
mex,sex_t,hht_aggregate_o,chl_aget6_total,2013,85.662
mex,sex_t,hht_aggregate_o,chl_aget6_total,2014,84.799
mex,sex_t,hht_aggregate_o,chl_aget6_total,2015,86.08
mex,sex_t,hht_aggregate_o,chl_aget6_total,2016,86.814
mex,sex_t,hht_aggregate_o,chl_aget6_total,2017,86.162
mex,sex_t,hht_aggregate_o,chl_aget6_total,2018,87.086
mex,sex_t,hht_aggregate_o,chl_aget6_total,2019,87.335
mex,sex_t,hht_aggregate_o,chl_aget6_total,2020,80.112
mex,sex_t,hht_aggregate_o,chl_aget6_total,2021,86.071
mex,sex_t,hht_aggregate_o,chl_aget6_total,2022,88.853
mex,sex_t,hht_aggregate_o,chl_aget6_total,2023,89.836
mex,sex_t,hht_aggregate_o,chl_aget6_total,2024,89.313
mex,sex_t,hht_aggregate_o,chl_aget6_total,2025,89.446
mex,sex_t,hht_aggregate_o,chl_numlt6_0,2005,85.674
mex,sex_t,hht_aggregate_o,chl_numlt6_0,2006,87.694
mex,sex_t,hht_aggregate_o,chl_numlt6_0,2007,87.066
mex,sex_t,hht_aggregate_o,chl_numlt6_0,2008,86.977
mex,sex_t,hht_aggregate_o,chl_numlt6_0,2009,85.298
mex,sex_t,hht_aggregate_o,chl_numlt6_0,2010,83.736
mex,sex_t,hht_aggregate_o,chl_numlt6_0,2011,83.481
mex,sex_t,hht_aggregate_o,chl_numlt6_0,2012,84.781
mex,sex_t,hht_aggregate_o,chl_numlt6_0,2013,85.662
mex,sex_t,hht_aggregate_o,chl_numlt6_0,2014,84.799
mex,sex_t,hht_aggregate_o,chl_numlt6_0,2015,86.08
mex,sex_t,hht_aggregate_o,chl_numlt6_0,2016,86.814
mex,sex_t,hht_aggregate_o,chl_numlt6_0,2017,86.162
mex,sex_t,hht_aggregate_o,chl_numlt6_0,2018,87.086
mex,sex_t,hht_aggregate_o,chl_numlt6_0,2019,87.335
mex,sex_t,hht_aggregate_o,chl_numlt6_0,2020,80.112
mex,sex_t,hht_aggregate_o,chl_numlt6_0,2021,86.071
mex,sex_t,hht_aggregate_o,chl_numlt6_0,2022,88.853
mex,sex_t,hht_aggregate_o,chl_numlt6_0,2023,89.836
mex,sex_t,hht_aggregate_o,chl_numlt6_0,2024,89.313
mex,sex_t,hht_aggregate_o,chl_numlt6_0,2025,89.446
mex,sex_t,hht_aggregate_o,chl_numlt6_total,2005,85.674
mex,sex_t,hht_aggregate_o,chl_numlt6_total,2006,87.694
mex,sex_t,hht_aggregate_o,chl_numlt6_total,2007,87.066
mex,sex_t,hht_aggregate_o,chl_numlt6_total,2008,86.977
mex,sex_t,hht_aggregate_o,chl_numlt6_total,2009,85.298
mex,sex_t,hht_aggregate_o,chl_numlt6_total,2010,83.736
mex,sex_t,hht_aggregate_o,chl_numlt6_total,2011,83.481
mex,sex_t,hht_aggregate_o,chl_numlt6_total,2012,84.781
mex,sex_t,hht_aggregate_o,chl_numlt6_total,2013,85.662
mex,sex_t,hht_aggregate_o,chl_numlt6_total,2014,84.799
mex,sex_t,hht_aggregate_o,chl_numlt6_total,2015,86.08
mex,sex_t,hht_aggregate_o,chl_numlt6_total,2016,86.814
mex,sex_t,hht_aggregate_o,chl_numlt6_total,2017,86.162
mex,sex_t,hht_aggregate_o,chl_numlt6_total,2018,87.086
mex,sex_t,hht_aggregate_o,chl_numlt6_total,2019,87.335
mex,sex_t,hht_aggregate_o,chl_numlt6_total,2020,80.112
mex,sex_t,hht_aggregate_o,chl_numlt6_total,2021,86.071
mex,sex_t,hht_aggregate_o,chl_numlt6_total,2022,88.853
mex,sex_t,hht_aggregate_o,chl_numlt6_total,2023,89.836
mex,sex_t,hht_aggregate_o,chl_numlt6_total,2024,89.313
mex,sex_t,hht_aggregate_o,chl_numlt6_total,2025,89.446
mex,sex_t,hht_aggregate_total,chl_aget6_no,2005,69.717
mex,sex_t,hht_aggregate_total,chl_aget6_no,2006,70.329
mex,sex_t,hht_aggregate_total,chl_aget6_no,2007,70.748
mex,sex_t,hht_aggregate_total,chl_aget6_no,2008,70.738
mex,sex_t,hht_aggregate_total,chl_aget6_no,2009,70.248
mex,sex_t,hht_aggregate_total,chl_aget6_no,2010,69.888
mex,sex_t,hht_aggregate_total,chl_aget6_no,2011,70.363
mex,sex_t,hht_aggregate_total,chl_aget6_no,2012,71.128
mex,sex_t,hht_aggregate_total,chl_aget6_no,2013,71.078
mex,sex_t,hht_aggregate_total,chl_aget6_no,2014,70.61
mex,sex_t,hht_aggregate_total,chl_aget6_no,2015,71.389
mex,sex_t,hht_aggregate_total,chl_aget6_no,2016,71.926
mex,sex_t,hht_aggregate_total,chl_aget6_no,2017,71.985
mex,sex_t,hht_aggregate_total,chl_aget6_no,2018,72.472
mex,sex_t,hht_aggregate_total,chl_aget6_no,2019,73.199
mex,sex_t,hht_aggregate_total,chl_aget6_no,2020,68.77
mex,sex_t,hht_aggregate_total,chl_aget6_no,2021,73.02
mex,sex_t,hht_aggregate_total,chl_aget6_no,2022,74.975
mex,sex_t,hht_aggregate_total,chl_aget6_no,2023,76.107
mex,sex_t,hht_aggregate_total,chl_aget6_no,2024,76.326
mex,sex_t,hht_aggregate_total,chl_aget6_no,2025,76.043
mex,sex_t,hht_aggregate_total,chl_aget6_total,2005,68.233
mex,sex_t,hht_aggregate_total,chl_aget6_total,2006,69.03
mex,sex_t,hht_aggregate_total,chl_aget6_total,2007,69.26
mex,sex_t,hht_aggregate_total,chl_aget6_total,2008,69.174
mex,sex_t,hht_aggregate_total,chl_aget6_total,2009,68.693
mex,sex_t,hht_aggregate_total,chl_aget6_total,2010,68.438
mex,sex_t,hht_aggregate_total,chl_aget6_total,2011,69.014
mex,sex_t,hht_aggregate_total,chl_aget6_total,2012,69.974
mex,sex_t,hht_aggregate_total,chl_aget6_total,2013,70.006
mex,sex_t,hht_aggregate_total,chl_aget6_total,2014,69.488
mex,sex_t,hht_aggregate_total,chl_aget6_total,2015,70.228
mex,sex_t,hht_aggregate_total,chl_aget6_total,2016,70.66
mex,sex_t,hht_aggregate_total,chl_aget6_total,2017,70.691
mex,sex_t,hht_aggregate_total,chl_aget6_total,2018,71.137
mex,sex_t,hht_aggregate_total,chl_aget6_total,2019,71.775
mex,sex_t,hht_aggregate_total,chl_aget6_total,2020,67.627
mex,sex_t,hht_aggregate_total,chl_aget6_total,2021,71.654
mex,sex_t,hht_aggregate_total,chl_aget6_total,2022,73.47
mex,sex_t,hht_aggregate_total,chl_aget6_total,2023,74.587
mex,sex_t,hht_aggregate_total,chl_aget6_total,2024,74.723
mex,sex_t,hht_aggregate_total,chl_aget6_total,2025,74.483
mex,sex_t,hht_aggregate_total,chl_aget6_yes,2005,66.299
mex,sex_t,hht_aggregate_total,chl_aget6_yes,2006,67.3
mex,sex_t,hht_aggregate_total,chl_aget6_yes,2007,67.203
mex,sex_t,hht_aggregate_total,chl_aget6_yes,2008,66.965
mex,sex_t,hht_aggregate_total,chl_aget6_yes,2009,66.407
mex,sex_t,hht_aggregate_total,chl_aget6_yes,2010,66.328
mex,sex_t,hht_aggregate_total,chl_aget6_yes,2011,66.998
mex,sex_t,hht_aggregate_total,chl_aget6_yes,2012,68.213
mex,sex_t,hht_aggregate_total,chl_aget6_yes,2013,68.358
mex,sex_t,hht_aggregate_total,chl_aget6_yes,2014,67.732
mex,sex_t,hht_aggregate_total,chl_aget6_yes,2015,68.403
mex,sex_t,hht_aggregate_total,chl_aget6_yes,2016,68.605
mex,sex_t,hht_aggregate_total,chl_aget6_yes,2017,68.535
mex,sex_t,hht_aggregate_total,chl_aget6_yes,2018,68.802
mex,sex_t,hht_aggregate_total,chl_aget6_yes,2019,69.268
mex,sex_t,hht_aggregate_total,chl_aget6_yes,2020,65.357
mex,sex_t,hht_aggregate_total,chl_aget6_yes,2021,68.829
mex,sex_t,hht_aggregate_total,chl_aget6_yes,2022,70.285
mex,sex_t,hht_aggregate_total,chl_aget6_yes,2023,71.22
mex,sex_t,hht_aggregate_total,chl_aget6_yes,2024,70.966
mex,sex_t,hht_aggregate_total,chl_aget6_yes,2025,70.548
mex,sex_t,hht_aggregate_total,chl_numlt6_0,2005,69.717
mex,sex_t,hht_aggregate_total,chl_numlt6_0,2006,70.329
mex,sex_t,hht_aggregate_total,chl_numlt6_0,2007,70.748
mex,sex_t,hht_aggregate_total,chl_numlt6_0,2008,70.738
mex,sex_t,hht_aggregate_total,chl_numlt6_0,2009,70.248
mex,sex_t,hht_aggregate_total,chl_numlt6_0,2010,69.888
mex,sex_t,hht_aggregate_total,chl_numlt6_0,2011,70.363
mex,sex_t,hht_aggregate_total,chl_numlt6_0,2012,71.128
mex,sex_t,hht_aggregate_total,chl_numlt6_0,2013,71.078
mex,sex_t,hht_aggregate_total,chl_numlt6_0,2014,70.61
mex,sex_t,hht_aggregate_total,chl_numlt6_0,2015,71.389
mex,sex_t,hht_aggregate_total,chl_numlt6_0,2016,71.926
mex,sex_t,hht_aggregate_total,chl_numlt6_0,2017,71.985
mex,sex_t,hht_aggregate_total,chl_numlt6_0,2018,72.472
mex,sex_t,hht_aggregate_total,chl_numlt6_0,2019,73.199
mex,sex_t,hht_aggregate_total,chl_numlt6_0,2020,68.77
mex,sex_t,hht_aggregate_total,chl_numlt6_0,2021,73.02
mex,sex_t,hht_aggregate_total,chl_numlt6_0,2022,74.975
mex,sex_t,hht_aggregate_total,chl_numlt6_0,2023,76.107
mex,sex_t,hht_aggregate_total,chl_numlt6_0,2024,76.326
mex,sex_t,hht_aggregate_total,chl_numlt6_0,2025,76.043
mex,sex_t,hht_aggregate_total,chl_numlt6_1,2005,67.098
mex,sex_t,hht_aggregate_total,chl_numlt6_1,2006,68.296
mex,sex_t,hht_aggregate_total,chl_numlt6_1,2007,68.079
mex,sex_t,hht_aggregate_total,chl_numlt6_1,2008,67.99
mex,sex_t,hht_aggregate_total,chl_numlt6_1,2009,67.348
mex,sex_t,hht_aggregate_total,chl_numlt6_1,2010,67.202
mex,sex_t,hht_aggregate_total,chl_numlt6_1,2011,67.833
mex,sex_t,hht_aggregate_total,chl_numlt6_1,2012,68.83
mex,sex_t,hht_aggregate_total,chl_numlt6_1,2013,69.11
mex,sex_t,hht_aggregate_total,chl_numlt6_1,2014,68.352
mex,sex_t,hht_aggregate_total,chl_numlt6_1,2015,69
mex,sex_t,hht_aggregate_total,chl_numlt6_1,2016,69.292
mex,sex_t,hht_aggregate_total,chl_numlt6_1,2017,69.24
mex,sex_t,hht_aggregate_total,chl_numlt6_1,2018,69.303
mex,sex_t,hht_aggregate_total,chl_numlt6_1,2019,69.902
mex,sex_t,hht_aggregate_total,chl_numlt6_1,2020,65.889
mex,sex_t,hht_aggregate_total,chl_numlt6_1,2021,69.487
mex,sex_t,hht_aggregate_total,chl_numlt6_1,2022,71.029
mex,sex_t,hht_aggregate_total,chl_numlt6_1,2023,72.021
mex,sex_t,hht_aggregate_total,chl_numlt6_1,2024,71.66
mex,sex_t,hht_aggregate_total,chl_numlt6_1,2025,71.317
mex,sex_t,hht_aggregate_total,chl_numlt6_2,2005,64.822
mex,sex_t,hht_aggregate_total,chl_numlt6_2,2006,65.529
mex,sex_t,hht_aggregate_total,chl_numlt6_2,2007,65.62
mex,sex_t,hht_aggregate_total,chl_numlt6_2,2008,65.035
mex,sex_t,hht_aggregate_total,chl_numlt6_2,2009,64.27
mex,sex_t,hht_aggregate_total,chl_numlt6_2,2010,64.762
mex,sex_t,hht_aggregate_total,chl_numlt6_2,2011,65.361
mex,sex_t,hht_aggregate_total,chl_numlt6_2,2012,66.845
mex,sex_t,hht_aggregate_total,chl_numlt6_2,2013,66.4
mex,sex_t,hht_aggregate_total,chl_numlt6_2,2014,66.417
mex,sex_t,hht_aggregate_total,chl_numlt6_2,2015,67.011
mex,sex_t,hht_aggregate_total,chl_numlt6_2,2016,67.004
mex,sex_t,hht_aggregate_total,chl_numlt6_2,2017,66.586
mex,sex_t,hht_aggregate_total,chl_numlt6_2,2018,67.642
mex,sex_t,hht_aggregate_total,chl_numlt6_2,2019,67.458
mex,sex_t,hht_aggregate_total,chl_numlt6_2,2020,65.069
mex,sex_t,hht_aggregate_total,chl_numlt6_2,2021,66.946
mex,sex_t,hht_aggregate_total,chl_numlt6_2,2022,68.038
mex,sex_t,hht_aggregate_total,chl_numlt6_2,2023,68.47
mex,sex_t,hht_aggregate_total,chl_numlt6_2,2024,68.214
mex,sex_t,hht_aggregate_total,chl_numlt6_2,2025,67.412
mex,sex_t,hht_aggregate_total,chl_numlt6_ge3,2005,63.036
mex,sex_t,hht_aggregate_total,chl_numlt6_ge3,2006,62.83
mex,sex_t,hht_aggregate_total,chl_numlt6_ge3,2007,62.973
mex,sex_t,hht_aggregate_total,chl_numlt6_ge3,2008,62.31
mex,sex_t,hht_aggregate_total,chl_numlt6_ge3,2009,63.164
mex,sex_t,hht_aggregate_total,chl_numlt6_ge3,2010,61.087
mex,sex_t,hht_aggregate_total,chl_numlt6_ge3,2011,62.838
mex,sex_t,hht_aggregate_total,chl_numlt6_ge3,2012,65.308
mex,sex_t,hht_aggregate_total,chl_numlt6_ge3,2013,66.118
mex,sex_t,hht_aggregate_total,chl_numlt6_ge3,2014,64.075
mex,sex_t,hht_aggregate_total,chl_numlt6_ge3,2015,65.288
mex,sex_t,hht_aggregate_total,chl_numlt6_ge3,2016,64.887
mex,sex_t,hht_aggregate_total,chl_numlt6_ge3,2017,65.885
mex,sex_t,hht_aggregate_total,chl_numlt6_ge3,2018,65.074
mex,sex_t,hht_aggregate_total,chl_numlt6_ge3,2019,66.168
mex,sex_t,hht_aggregate_total,chl_numlt6_ge3,2020,56.759
mex,sex_t,hht_aggregate_total,chl_numlt6_ge3,2021,63.906
mex,sex_t,hht_aggregate_total,chl_numlt6_ge3,2022,65.669
mex,sex_t,hht_aggregate_total,chl_numlt6_ge3,2023,66.713
mex,sex_t,hht_aggregate_total,chl_numlt6_ge3,2024,68.916
mex,sex_t,hht_aggregate_total,chl_numlt6_ge3,2025,65.594
mex,sex_t,hht_aggregate_total,chl_numlt6_total,2005,68.233
mex,sex_t,hht_aggregate_total,chl_numlt6_total,2006,69.03
mex,sex_t,hht_aggregate_total,chl_numlt6_total,2007,69.26
mex,sex_t,hht_aggregate_total,chl_numlt6_total,2008,69.174
mex,sex_t,hht_aggregate_total,chl_numlt6_total,2009,68.693
mex,sex_t,hht_aggregate_total,chl_numlt6_total,2010,68.438
mex,sex_t,hht_aggregate_total,chl_numlt6_total,2011,69.014
mex,sex_t,hht_aggregate_total,chl_numlt6_total,2012,69.974
mex,sex_t,hht_aggregate_total,chl_numlt6_total,2013,70.006
mex,sex_t,hht_aggregate_total,chl_numlt6_total,2014,69.488
mex,sex_t,hht_aggregate_total,chl_numlt6_total,2015,70.228
mex,sex_t,hht_aggregate_total,chl_numlt6_total,2016,70.66
mex,sex_t,hht_aggregate_total,chl_numlt6_total,2017,70.691
mex,sex_t,hht_aggregate_total,chl_numlt6_total,2018,71.137
mex,sex_t,hht_aggregate_total,chl_numlt6_total,2019,71.775
mex,sex_t,hht_aggregate_total,chl_numlt6_total,2020,67.627
mex,sex_t,hht_aggregate_total,chl_numlt6_total,2021,71.654
mex,sex_t,hht_aggregate_total,chl_numlt6_total,2022,73.47
mex,sex_t,hht_aggregate_total,chl_numlt6_total,2023,74.587
mex,sex_t,hht_aggregate_total,chl_numlt6_total,2024,74.723
mex,sex_t,hht_aggregate_total,chl_numlt6_total,2025,74.483
