ref_area,sex,classif1,classif2,time,emp_pifl_sex_eco_edu_rt
irl,sex_f,eco_aggregate_agr,edu_aggregate_total,2007,15.196
irl,sex_f,eco_aggregate_agr,edu_aggregate_total,2008,18.637
irl,sex_f,eco_aggregate_agr,edu_aggregate_total,2015,11.209
irl,sex_f,eco_aggregate_agr,edu_aggregate_total,2017,17.544
irl,sex_f,eco_aggregate_man,edu_aggregate_total,2008,2.437
irl,sex_f,eco_aggregate_man,edu_aggregate_total,2014,3.974
irl,sex_f,eco_aggregate_mkt,edu_aggregate_adv,2008,1.855
irl,sex_f,eco_aggregate_mkt,edu_aggregate_adv,2012,2.359
irl,sex_f,eco_aggregate_mkt,edu_aggregate_adv,2013,1.335
irl,sex_f,eco_aggregate_mkt,edu_aggregate_adv,2014,1.835
irl,sex_f,eco_aggregate_mkt,edu_aggregate_adv,2016,0.678
irl,sex_f,eco_aggregate_mkt,edu_aggregate_adv,2021,1.476
irl,sex_f,eco_aggregate_mkt,edu_aggregate_bas,2007,2.006
irl,sex_f,eco_aggregate_mkt,edu_aggregate_bas,2008,2.052
irl,sex_f,eco_aggregate_mkt,edu_aggregate_bas,2009,1.348
irl,sex_f,eco_aggregate_mkt,edu_aggregate_int,2009,1.848
irl,sex_f,eco_aggregate_mkt,edu_aggregate_int,2010,2.015
irl,sex_f,eco_aggregate_mkt,edu_aggregate_int,2021,1.848
irl,sex_f,eco_aggregate_mkt,edu_aggregate_ltb,2022,0.807
irl,sex_f,eco_aggregate_mkt,edu_aggregate_ltb,2023,0.502
irl,sex_f,eco_aggregate_mkt,edu_aggregate_ltb,2024,1.1
irl,sex_f,eco_aggregate_mkt,edu_aggregate_total,2007,1.252
irl,sex_f,eco_aggregate_mkt,edu_aggregate_total,2008,1.359
irl,sex_f,eco_aggregate_mkt,edu_aggregate_total,2009,1.225
irl,sex_f,eco_aggregate_mkt,edu_aggregate_total,2010,2.116
irl,sex_f,eco_aggregate_mkt,edu_aggregate_total,2012,1.484
irl,sex_f,eco_aggregate_mkt,edu_aggregate_total,2013,0.914
irl,sex_f,eco_aggregate_mkt,edu_aggregate_total,2014,1.293
irl,sex_f,eco_aggregate_mkt,edu_aggregate_total,2015,0.525
irl,sex_f,eco_aggregate_mkt,edu_aggregate_total,2016,0.759
irl,sex_f,eco_aggregate_mkt,edu_aggregate_total,2018,0.764
irl,sex_f,eco_aggregate_mkt,edu_aggregate_total,2021,1.584
irl,sex_f,eco_aggregate_mkt,edu_aggregate_total,2022,0.802
irl,sex_f,eco_aggregate_mkt,edu_aggregate_total,2023,0.495
irl,sex_f,eco_aggregate_mkt,edu_aggregate_total,2024,1.082
irl,sex_f,eco_aggregate_pub,edu_aggregate_adv,2008,1.018
irl,sex_f,eco_aggregate_pub,edu_aggregate_adv,2009,2.748
irl,sex_f,eco_aggregate_pub,edu_aggregate_adv,2010,1.032
irl,sex_f,eco_aggregate_pub,edu_aggregate_adv,2011,4.224
irl,sex_f,eco_aggregate_pub,edu_aggregate_adv,2012,1.12
irl,sex_f,eco_aggregate_pub,edu_aggregate_adv,2013,1.166
irl,sex_f,eco_aggregate_pub,edu_aggregate_adv,2014,4.301
irl,sex_f,eco_aggregate_pub,edu_aggregate_adv,2015,4.531
irl,sex_f,eco_aggregate_pub,edu_aggregate_adv,2016,4.556
irl,sex_f,eco_aggregate_pub,edu_aggregate_adv,2017,5.209
irl,sex_f,eco_aggregate_pub,edu_aggregate_adv,2018,5.919
irl,sex_f,eco_aggregate_pub,edu_aggregate_adv,2019,2.164
irl,sex_f,eco_aggregate_pub,edu_aggregate_adv,2020,2.86
irl,sex_f,eco_aggregate_pub,edu_aggregate_adv,2021,1.201
irl,sex_f,eco_aggregate_pub,edu_aggregate_bas,2007,1.377
irl,sex_f,eco_aggregate_pub,edu_aggregate_bas,2009,4.276
irl,sex_f,eco_aggregate_pub,edu_aggregate_bas,2011,24.108
irl,sex_f,eco_aggregate_pub,edu_aggregate_bas,2012,5.877
irl,sex_f,eco_aggregate_pub,edu_aggregate_bas,2014,14.633
irl,sex_f,eco_aggregate_pub,edu_aggregate_bas,2015,18.82
irl,sex_f,eco_aggregate_pub,edu_aggregate_bas,2016,15.609
irl,sex_f,eco_aggregate_pub,edu_aggregate_bas,2017,13.291
irl,sex_f,eco_aggregate_pub,edu_aggregate_bas,2018,7.006
irl,sex_f,eco_aggregate_pub,edu_aggregate_bas,2019,17.247
irl,sex_f,eco_aggregate_pub,edu_aggregate_bas,2020,14.963
irl,sex_f,eco_aggregate_pub,edu_aggregate_int,2009,0.987
irl,sex_f,eco_aggregate_pub,edu_aggregate_int,2010,1.567
irl,sex_f,eco_aggregate_pub,edu_aggregate_int,2011,10.299
irl,sex_f,eco_aggregate_pub,edu_aggregate_int,2013,2.138
irl,sex_f,eco_aggregate_pub,edu_aggregate_int,2014,10.107
irl,sex_f,eco_aggregate_pub,edu_aggregate_int,2015,10.525
irl,sex_f,eco_aggregate_pub,edu_aggregate_int,2016,12.348
irl,sex_f,eco_aggregate_pub,edu_aggregate_int,2017,9.979
irl,sex_f,eco_aggregate_pub,edu_aggregate_int,2018,12.518
irl,sex_f,eco_aggregate_pub,edu_aggregate_int,2019,8.271
irl,sex_f,eco_aggregate_pub,edu_aggregate_int,2020,16.117
irl,sex_f,eco_aggregate_pub,edu_aggregate_int,2021,10.147
irl,sex_f,eco_aggregate_pub,edu_aggregate_ltb,2022,4.312
irl,sex_f,eco_aggregate_pub,edu_aggregate_ltb,2023,5.136
irl,sex_f,eco_aggregate_pub,edu_aggregate_ltb,2024,5.857
irl,sex_f,eco_aggregate_pub,edu_aggregate_total,2007,0.399
irl,sex_f,eco_aggregate_pub,edu_aggregate_total,2008,1.283
irl,sex_f,eco_aggregate_pub,edu_aggregate_total,2009,2.525
irl,sex_f,eco_aggregate_pub,edu_aggregate_total,2010,1.09
irl,sex_f,eco_aggregate_pub,edu_aggregate_total,2011,8.689
irl,sex_f,eco_aggregate_pub,edu_aggregate_total,2012,1.599
irl,sex_f,eco_aggregate_pub,edu_aggregate_total,2013,1.458
irl,sex_f,eco_aggregate_pub,edu_aggregate_total,2014,6.656
irl,sex_f,eco_aggregate_pub,edu_aggregate_total,2015,7.476
irl,sex_f,eco_aggregate_pub,edu_aggregate_total,2016,7.336
irl,sex_f,eco_aggregate_pub,edu_aggregate_total,2017,7.069
irl,sex_f,eco_aggregate_pub,edu_aggregate_total,2018,7.713
irl,sex_f,eco_aggregate_pub,edu_aggregate_total,2019,4.692
irl,sex_f,eco_aggregate_pub,edu_aggregate_total,2020,6.804
irl,sex_f,eco_aggregate_pub,edu_aggregate_total,2021,3.732
irl,sex_f,eco_aggregate_pub,edu_aggregate_total,2022,4.302
irl,sex_f,eco_aggregate_pub,edu_aggregate_total,2023,5.285
irl,sex_f,eco_aggregate_pub,edu_aggregate_total,2024,6.047
irl,sex_f,eco_aggregate_total,edu_aggregate_adv,2007,0.172
irl,sex_f,eco_aggregate_total,edu_aggregate_adv,2008,1.355
irl,sex_f,eco_aggregate_total,edu_aggregate_adv,2009,1.633
irl,sex_f,eco_aggregate_total,edu_aggregate_adv,2010,1.255
irl,sex_f,eco_aggregate_total,edu_aggregate_adv,2011,2.599
irl,sex_f,eco_aggregate_total,edu_aggregate_adv,2012,1.773
irl,sex_f,eco_aggregate_total,edu_aggregate_adv,2013,1.312
irl,sex_f,eco_aggregate_total,edu_aggregate_adv,2014,3.354
irl,sex_f,eco_aggregate_total,edu_aggregate_adv,2015,2.794
irl,sex_f,eco_aggregate_total,edu_aggregate_adv,2016,2.844
irl,sex_f,eco_aggregate_total,edu_aggregate_adv,2017,3.231
irl,sex_f,eco_aggregate_total,edu_aggregate_adv,2018,3.44
irl,sex_f,eco_aggregate_total,edu_aggregate_adv,2019,1.383
irl,sex_f,eco_aggregate_total,edu_aggregate_adv,2020,1.684
irl,sex_f,eco_aggregate_total,edu_aggregate_adv,2021,1.177
irl,sex_f,eco_aggregate_total,edu_aggregate_bas,2007,2.209
irl,sex_f,eco_aggregate_total,edu_aggregate_bas,2008,1.658
irl,sex_f,eco_aggregate_total,edu_aggregate_bas,2009,3.025
irl,sex_f,eco_aggregate_total,edu_aggregate_bas,2010,1.994
irl,sex_f,eco_aggregate_total,edu_aggregate_bas,2011,13.955
irl,sex_f,eco_aggregate_total,edu_aggregate_bas,2012,3.179
irl,sex_f,eco_aggregate_total,edu_aggregate_bas,2013,1.385
irl,sex_f,eco_aggregate_total,edu_aggregate_bas,2014,8.012
irl,sex_f,eco_aggregate_total,edu_aggregate_bas,2015,10.247
irl,sex_f,eco_aggregate_total,edu_aggregate_bas,2016,7.574
irl,sex_f,eco_aggregate_total,edu_aggregate_bas,2017,5.986
irl,sex_f,eco_aggregate_total,edu_aggregate_bas,2018,5.021
irl,sex_f,eco_aggregate_total,edu_aggregate_bas,2019,7.86
irl,sex_f,eco_aggregate_total,edu_aggregate_bas,2020,5.719
irl,sex_f,eco_aggregate_total,edu_aggregate_bas,2021,2.49
irl,sex_f,eco_aggregate_total,edu_aggregate_int,2007,1.034
irl,sex_f,eco_aggregate_total,edu_aggregate_int,2008,1.412
irl,sex_f,eco_aggregate_total,edu_aggregate_int,2009,1.921
irl,sex_f,eco_aggregate_total,edu_aggregate_int,2010,2.706
irl,sex_f,eco_aggregate_total,edu_aggregate_int,2011,4.226
irl,sex_f,eco_aggregate_total,edu_aggregate_int,2012,0.912
irl,sex_f,eco_aggregate_total,edu_aggregate_int,2013,1.79
irl,sex_f,eco_aggregate_total,edu_aggregate_int,2014,4.472
irl,sex_f,eco_aggregate_total,edu_aggregate_int,2015,4.419
irl,sex_f,eco_aggregate_total,edu_aggregate_int,2016,5.18
irl,sex_f,eco_aggregate_total,edu_aggregate_int,2017,4.682
irl,sex_f,eco_aggregate_total,edu_aggregate_int,2018,5.475
irl,sex_f,eco_aggregate_total,edu_aggregate_int,2019,4.07
irl,sex_f,eco_aggregate_total,edu_aggregate_int,2020,7.78
irl,sex_f,eco_aggregate_total,edu_aggregate_int,2021,5.264
irl,sex_f,eco_aggregate_total,edu_aggregate_ltb,2022,2.519
irl,sex_f,eco_aggregate_total,edu_aggregate_ltb,2023,2.836
irl,sex_f,eco_aggregate_total,edu_aggregate_ltb,2024,3.546
irl,sex_f,eco_aggregate_total,edu_aggregate_total,2007,1.083
irl,sex_f,eco_aggregate_total,edu_aggregate_total,2008,1.546
irl,sex_f,eco_aggregate_total,edu_aggregate_total,2009,2.079
irl,sex_f,eco_aggregate_total,edu_aggregate_total,2010,1.842
irl,sex_f,eco_aggregate_total,edu_aggregate_total,2011,4.831
irl,sex_f,eco_aggregate_total,edu_aggregate_total,2012,1.62
irl,sex_f,eco_aggregate_total,edu_aggregate_total,2013,1.444
irl,sex_f,eco_aggregate_total,edu_aggregate_total,2014,4.134
irl,sex_f,eco_aggregate_total,edu_aggregate_total,2015,4.074
irl,sex_f,eco_aggregate_total,edu_aggregate_total,2016,4.023
irl,sex_f,eco_aggregate_total,edu_aggregate_total,2017,4.006
irl,sex_f,eco_aggregate_total,edu_aggregate_total,2018,4.242
irl,sex_f,eco_aggregate_total,edu_aggregate_total,2019,2.645
irl,sex_f,eco_aggregate_total,edu_aggregate_total,2020,3.733
irl,sex_f,eco_aggregate_total,edu_aggregate_total,2021,2.58
irl,sex_f,eco_aggregate_total,edu_aggregate_total,2022,2.51
irl,sex_f,eco_aggregate_total,edu_aggregate_total,2023,2.892
irl,sex_f,eco_aggregate_total,edu_aggregate_total,2024,3.693
irl,sex_f,eco_isic4_a,edu_aggregate_total,2015,11.209
irl,sex_f,eco_isic4_a,edu_aggregate_total,2017,17.544
irl,sex_f,eco_isic4_c,edu_aggregate_total,2014,3.974
irl,sex_f,eco_isic4_g,edu_aggregate_int,2010,3.729
irl,sex_f,eco_isic4_g,edu_aggregate_ltb,2024,1.456
irl,sex_f,eco_isic4_g,edu_aggregate_total,2010,2.755
irl,sex_f,eco_isic4_g,edu_aggregate_total,2016,1.502
irl,sex_f,eco_isic4_g,edu_aggregate_total,2021,2.979
irl,sex_f,eco_isic4_g,edu_aggregate_total,2024,1.44
irl,sex_f,eco_isic4_i,edu_aggregate_total,2014,2.785
irl,sex_f,eco_isic4_l,edu_aggregate_ltb,2024,2.11
irl,sex_f,eco_isic4_l,edu_aggregate_total,2012,3.406
irl,sex_f,eco_isic4_l,edu_aggregate_total,2024,2.071
irl,sex_f,eco_isic4_p,edu_aggregate_total,2009,4.563
irl,sex_f,eco_isic4_q,edu_aggregate_adv,2014,0.929
irl,sex_f,eco_isic4_q,edu_aggregate_bas,2009,13.096
irl,sex_f,eco_isic4_q,edu_aggregate_int,2020,5.008
irl,sex_f,eco_isic4_q,edu_aggregate_ltb,2023,1.25
irl,sex_f,eco_isic4_q,edu_aggregate_ltb,2024,1.581
irl,sex_f,eco_isic4_q,edu_aggregate_total,2009,2.875
irl,sex_f,eco_isic4_q,edu_aggregate_total,2010,1.385
irl,sex_f,eco_isic4_q,edu_aggregate_total,2012,1.491
irl,sex_f,eco_isic4_q,edu_aggregate_total,2013,0.978
irl,sex_f,eco_isic4_q,edu_aggregate_total,2014,0.758
irl,sex_f,eco_isic4_q,edu_aggregate_total,2019,1.219
irl,sex_f,eco_isic4_q,edu_aggregate_total,2020,2.013
irl,sex_f,eco_isic4_q,edu_aggregate_total,2023,1.248
irl,sex_f,eco_isic4_q,edu_aggregate_total,2024,1.577
irl,sex_f,eco_isic4_s,edu_aggregate_adv,2011,31.784
irl,sex_f,eco_isic4_s,edu_aggregate_adv,2014,35.479
irl,sex_f,eco_isic4_s,edu_aggregate_adv,2015,34.453
irl,sex_f,eco_isic4_s,edu_aggregate_adv,2016,40.673
irl,sex_f,eco_isic4_s,edu_aggregate_adv,2017,46.859
irl,sex_f,eco_isic4_s,edu_aggregate_adv,2018,44.789
irl,sex_f,eco_isic4_s,edu_aggregate_adv,2019,19.474
irl,sex_f,eco_isic4_s,edu_aggregate_adv,2020,33.799
irl,sex_f,eco_isic4_s,edu_aggregate_adv,2021,14.168
irl,sex_f,eco_isic4_s,edu_aggregate_bas,2011,71.486
irl,sex_f,eco_isic4_s,edu_aggregate_bas,2012,15.246
irl,sex_f,eco_isic4_s,edu_aggregate_bas,2014,74.688
irl,sex_f,eco_isic4_s,edu_aggregate_bas,2015,73.278
irl,sex_f,eco_isic4_s,edu_aggregate_bas,2016,76.808
irl,sex_f,eco_isic4_s,edu_aggregate_bas,2017,56.554
irl,sex_f,eco_isic4_s,edu_aggregate_bas,2018,75.73
irl,sex_f,eco_isic4_s,edu_aggregate_bas,2019,70.265
irl,sex_f,eco_isic4_s,edu_aggregate_bas,2020,65.84
irl,sex_f,eco_isic4_s,edu_aggregate_int,2011,43.806
irl,sex_f,eco_isic4_s,edu_aggregate_int,2014,57.548
irl,sex_f,eco_isic4_s,edu_aggregate_int,2015,59.763
irl,sex_f,eco_isic4_s,edu_aggregate_int,2016,58.056
irl,sex_f,eco_isic4_s,edu_aggregate_int,2017,49.126
irl,sex_f,eco_isic4_s,edu_aggregate_int,2018,51.874
irl,sex_f,eco_isic4_s,edu_aggregate_int,2019,41.202
irl,sex_f,eco_isic4_s,edu_aggregate_int,2020,64.794
irl,sex_f,eco_isic4_s,edu_aggregate_int,2021,61.687
irl,sex_f,eco_isic4_s,edu_aggregate_ltb,2022,43.974
irl,sex_f,eco_isic4_s,edu_aggregate_ltb,2023,44.605
irl,sex_f,eco_isic4_s,edu_aggregate_ltb,2024,48.259
irl,sex_f,eco_isic4_s,edu_aggregate_total,2011,47.644
irl,sex_f,eco_isic4_s,edu_aggregate_total,2012,4.815
irl,sex_f,eco_isic4_s,edu_aggregate_total,2013,6.354
irl,sex_f,eco_isic4_s,edu_aggregate_total,2014,47.633
irl,sex_f,eco_isic4_s,edu_aggregate_total,2015,48.432
irl,sex_f,eco_isic4_s,edu_aggregate_total,2016,50.969
irl,sex_f,eco_isic4_s,edu_aggregate_total,2017,49.424
irl,sex_f,eco_isic4_s,edu_aggregate_total,2018,49.108
irl,sex_f,eco_isic4_s,edu_aggregate_total,2019,33.259
irl,sex_f,eco_isic4_s,edu_aggregate_total,2020,51.287
irl,sex_f,eco_isic4_s,edu_aggregate_total,2021,36.778
irl,sex_f,eco_isic4_s,edu_aggregate_total,2022,43.826
irl,sex_f,eco_isic4_s,edu_aggregate_total,2023,45.22
irl,sex_f,eco_isic4_s,edu_aggregate_total,2024,49.224
irl,sex_f,eco_isic4_total,edu_aggregate_adv,2009,1.633
irl,sex_f,eco_isic4_total,edu_aggregate_adv,2010,1.255
irl,sex_f,eco_isic4_total,edu_aggregate_adv,2011,2.599
irl,sex_f,eco_isic4_total,edu_aggregate_adv,2012,1.773
irl,sex_f,eco_isic4_total,edu_aggregate_adv,2013,1.312
irl,sex_f,eco_isic4_total,edu_aggregate_adv,2014,3.354
irl,sex_f,eco_isic4_total,edu_aggregate_adv,2015,2.794
irl,sex_f,eco_isic4_total,edu_aggregate_adv,2016,2.844
irl,sex_f,eco_isic4_total,edu_aggregate_adv,2017,3.231
irl,sex_f,eco_isic4_total,edu_aggregate_adv,2018,3.44
irl,sex_f,eco_isic4_total,edu_aggregate_adv,2019,1.383
irl,sex_f,eco_isic4_total,edu_aggregate_adv,2020,1.684
irl,sex_f,eco_isic4_total,edu_aggregate_adv,2021,1.177
irl,sex_f,eco_isic4_total,edu_aggregate_bas,2009,3.025
irl,sex_f,eco_isic4_total,edu_aggregate_bas,2010,1.994
irl,sex_f,eco_isic4_total,edu_aggregate_bas,2011,13.955
irl,sex_f,eco_isic4_total,edu_aggregate_bas,2012,3.179
irl,sex_f,eco_isic4_total,edu_aggregate_bas,2013,1.385
irl,sex_f,eco_isic4_total,edu_aggregate_bas,2014,8.012
irl,sex_f,eco_isic4_total,edu_aggregate_bas,2015,10.247
irl,sex_f,eco_isic4_total,edu_aggregate_bas,2016,7.574
irl,sex_f,eco_isic4_total,edu_aggregate_bas,2017,5.986
irl,sex_f,eco_isic4_total,edu_aggregate_bas,2018,5.021
irl,sex_f,eco_isic4_total,edu_aggregate_bas,2019,7.86
irl,sex_f,eco_isic4_total,edu_aggregate_bas,2020,5.719
irl,sex_f,eco_isic4_total,edu_aggregate_bas,2021,2.49
irl,sex_f,eco_isic4_total,edu_aggregate_int,2009,1.921
irl,sex_f,eco_isic4_total,edu_aggregate_int,2010,2.706
irl,sex_f,eco_isic4_total,edu_aggregate_int,2011,4.226
irl,sex_f,eco_isic4_total,edu_aggregate_int,2012,0.912
irl,sex_f,eco_isic4_total,edu_aggregate_int,2013,1.79
irl,sex_f,eco_isic4_total,edu_aggregate_int,2014,4.472
irl,sex_f,eco_isic4_total,edu_aggregate_int,2015,4.419
irl,sex_f,eco_isic4_total,edu_aggregate_int,2016,5.18
irl,sex_f,eco_isic4_total,edu_aggregate_int,2017,4.682
irl,sex_f,eco_isic4_total,edu_aggregate_int,2018,5.475
irl,sex_f,eco_isic4_total,edu_aggregate_int,2019,4.07
irl,sex_f,eco_isic4_total,edu_aggregate_int,2020,7.78
irl,sex_f,eco_isic4_total,edu_aggregate_int,2021,5.264
irl,sex_f,eco_isic4_total,edu_aggregate_ltb,2022,2.519
irl,sex_f,eco_isic4_total,edu_aggregate_ltb,2023,2.836
irl,sex_f,eco_isic4_total,edu_aggregate_ltb,2024,3.546
irl,sex_f,eco_isic4_total,edu_aggregate_total,2009,2.079
irl,sex_f,eco_isic4_total,edu_aggregate_total,2010,1.842
irl,sex_f,eco_isic4_total,edu_aggregate_total,2011,4.831
irl,sex_f,eco_isic4_total,edu_aggregate_total,2012,1.62
irl,sex_f,eco_isic4_total,edu_aggregate_total,2013,1.444
irl,sex_f,eco_isic4_total,edu_aggregate_total,2014,4.134
irl,sex_f,eco_isic4_total,edu_aggregate_total,2015,4.074
irl,sex_f,eco_isic4_total,edu_aggregate_total,2016,4.023
irl,sex_f,eco_isic4_total,edu_aggregate_total,2017,4.006
irl,sex_f,eco_isic4_total,edu_aggregate_total,2018,4.242
irl,sex_f,eco_isic4_total,edu_aggregate_total,2019,2.645
irl,sex_f,eco_isic4_total,edu_aggregate_total,2020,3.733
irl,sex_f,eco_isic4_total,edu_aggregate_total,2021,2.58
irl,sex_f,eco_isic4_total,edu_aggregate_total,2022,2.51
irl,sex_f,eco_isic4_total,edu_aggregate_total,2023,2.892
irl,sex_f,eco_isic4_total,edu_aggregate_total,2024,3.693
irl,sex_f,eco_sector_agr,edu_aggregate_total,2007,15.196
irl,sex_f,eco_sector_agr,edu_aggregate_total,2008,18.637
irl,sex_f,eco_sector_agr,edu_aggregate_total,2015,11.209
irl,sex_f,eco_sector_agr,edu_aggregate_total,2017,17.544
irl,sex_f,eco_sector_ind,edu_aggregate_total,2008,2.01
irl,sex_f,eco_sector_ind,edu_aggregate_total,2009,1.163
irl,sex_f,eco_sector_ind,edu_aggregate_total,2014,3.819
irl,sex_f,eco_sector_ind,edu_aggregate_total,2017,0.98
irl,sex_f,eco_sector_nag,edu_aggregate_adv,2007,0.174
irl,sex_f,eco_sector_nag,edu_aggregate_adv,2008,1.359
irl,sex_f,eco_sector_nag,edu_aggregate_adv,2009,1.635
irl,sex_f,eco_sector_nag,edu_aggregate_adv,2010,1.258
irl,sex_f,eco_sector_nag,edu_aggregate_adv,2011,2.613
irl,sex_f,eco_sector_nag,edu_aggregate_adv,2012,1.779
irl,sex_f,eco_sector_nag,edu_aggregate_adv,2013,1.318
irl,sex_f,eco_sector_nag,edu_aggregate_adv,2014,3.281
irl,sex_f,eco_sector_nag,edu_aggregate_adv,2015,2.724
irl,sex_f,eco_sector_nag,edu_aggregate_adv,2016,2.872
irl,sex_f,eco_sector_nag,edu_aggregate_adv,2017,3.13
irl,sex_f,eco_sector_nag,edu_aggregate_adv,2018,3.39
irl,sex_f,eco_sector_nag,edu_aggregate_adv,2019,1.366
irl,sex_f,eco_sector_nag,edu_aggregate_adv,2020,1.695
irl,sex_f,eco_sector_nag,edu_aggregate_adv,2021,1.18
irl,sex_f,eco_sector_nag,edu_aggregate_bas,2007,1.45
irl,sex_f,eco_sector_nag,edu_aggregate_bas,2008,1.499
irl,sex_f,eco_sector_nag,edu_aggregate_bas,2009,2.806
irl,sex_f,eco_sector_nag,edu_aggregate_bas,2010,1.886
irl,sex_f,eco_sector_nag,edu_aggregate_bas,2011,14.164
irl,sex_f,eco_sector_nag,edu_aggregate_bas,2012,3.209
irl,sex_f,eco_sector_nag,edu_aggregate_bas,2014,7.831
irl,sex_f,eco_sector_nag,edu_aggregate_bas,2015,9.53
irl,sex_f,eco_sector_nag,edu_aggregate_bas,2016,7.36
irl,sex_f,eco_sector_nag,edu_aggregate_bas,2017,5.718
irl,sex_f,eco_sector_nag,edu_aggregate_bas,2018,4.37
irl,sex_f,eco_sector_nag,edu_aggregate_bas,2019,7.733
irl,sex_f,eco_sector_nag,edu_aggregate_bas,2020,5.78
irl,sex_f,eco_sector_nag,edu_aggregate_bas,2021,2.161
irl,sex_f,eco_sector_nag,edu_aggregate_int,2007,0.668
irl,sex_f,eco_sector_nag,edu_aggregate_int,2008,1.02
irl,sex_f,eco_sector_nag,edu_aggregate_int,2009,1.482
irl,sex_f,eco_sector_nag,edu_aggregate_int,2010,1.838
irl,sex_f,eco_sector_nag,edu_aggregate_int,2011,4.257
irl,sex_f,eco_sector_nag,edu_aggregate_int,2012,0.684
irl,sex_f,eco_sector_nag,edu_aggregate_int,2013,1.323
irl,sex_f,eco_sector_nag,edu_aggregate_int,2014,4.553
irl,sex_f,eco_sector_nag,edu_aggregate_int,2015,4.497
irl,sex_f,eco_sector_nag,edu_aggregate_int,2016,5.267
irl,sex_f,eco_sector_nag,edu_aggregate_int,2017,4.296
irl,sex_f,eco_sector_nag,edu_aggregate_int,2018,5.55
irl,sex_f,eco_sector_nag,edu_aggregate_int,2019,4.17
irl,sex_f,eco_sector_nag,edu_aggregate_int,2020,7.873
irl,sex_f,eco_sector_nag,edu_aggregate_int,2021,5.246
irl,sex_f,eco_sector_nag,edu_aggregate_ltb,2022,2.463
irl,sex_f,eco_sector_nag,edu_aggregate_ltb,2023,2.866
irl,sex_f,eco_sector_nag,edu_aggregate_ltb,2024,3.532
irl,sex_f,eco_sector_nag,edu_aggregate_total,2007,0.755
irl,sex_f,eco_sector_nag,edu_aggregate_total,2008,1.376
irl,sex_f,eco_sector_nag,edu_aggregate_total,2009,1.875
irl,sex_f,eco_sector_nag,edu_aggregate_total,2010,1.535
irl,sex_f,eco_sector_nag,edu_aggregate_total,2011,4.589
irl,sex_f,eco_sector_nag,edu_aggregate_total,2012,1.551
irl,sex_f,eco_sector_nag,edu_aggregate_total,2013,1.26
irl,sex_f,eco_sector_nag,edu_aggregate_total,2014,4.094
irl,sex_f,eco_sector_nag,edu_aggregate_total,2015,3.994
irl,sex_f,eco_sector_nag,edu_aggregate_total,2016,4.042
irl,sex_f,eco_sector_nag,edu_aggregate_total,2017,3.801
irl,sex_f,eco_sector_nag,edu_aggregate_total,2018,4.19
irl,sex_f,eco_sector_nag,edu_aggregate_total,2019,2.645
irl,sex_f,eco_sector_nag,edu_aggregate_total,2020,3.764
irl,sex_f,eco_sector_nag,edu_aggregate_total,2021,2.548
irl,sex_f,eco_sector_nag,edu_aggregate_total,2022,2.454
irl,sex_f,eco_sector_nag,edu_aggregate_total,2023,2.922
irl,sex_f,eco_sector_nag,edu_aggregate_total,2024,3.681
irl,sex_f,eco_sector_ser,edu_aggregate_adv,2007,0.192
irl,sex_f,eco_sector_ser,edu_aggregate_adv,2008,1.331
irl,sex_f,eco_sector_ser,edu_aggregate_adv,2009,1.701
irl,sex_f,eco_sector_ser,edu_aggregate_adv,2010,1.359
irl,sex_f,eco_sector_ser,edu_aggregate_adv,2011,2.743
irl,sex_f,eco_sector_ser,edu_aggregate_adv,2012,1.631
irl,sex_f,eco_sector_ser,edu_aggregate_adv,2013,1.231
irl,sex_f,eco_sector_ser,edu_aggregate_adv,2014,3.345
irl,sex_f,eco_sector_ser,edu_aggregate_adv,2015,2.915
irl,sex_f,eco_sector_ser,edu_aggregate_adv,2016,3.079
irl,sex_f,eco_sector_ser,edu_aggregate_adv,2017,3.361
irl,sex_f,eco_sector_ser,edu_aggregate_adv,2018,3.685
irl,sex_f,eco_sector_ser,edu_aggregate_adv,2019,1.493
irl,sex_f,eco_sector_ser,edu_aggregate_adv,2020,1.848
irl,sex_f,eco_sector_ser,edu_aggregate_adv,2021,1.302
irl,sex_f,eco_sector_ser,edu_aggregate_bas,2007,1.669
irl,sex_f,eco_sector_ser,edu_aggregate_bas,2008,1.53
irl,sex_f,eco_sector_ser,edu_aggregate_bas,2009,2.764
irl,sex_f,eco_sector_ser,edu_aggregate_bas,2010,1.782
irl,sex_f,eco_sector_ser,edu_aggregate_bas,2011,15.667
irl,sex_f,eco_sector_ser,edu_aggregate_bas,2012,3.53
irl,sex_f,eco_sector_ser,edu_aggregate_bas,2014,7.756
irl,sex_f,eco_sector_ser,edu_aggregate_bas,2015,10.445
irl,sex_f,eco_sector_ser,edu_aggregate_bas,2016,7.45
irl,sex_f,eco_sector_ser,edu_aggregate_bas,2017,6.137
irl,sex_f,eco_sector_ser,edu_aggregate_bas,2018,4.895
irl,sex_f,eco_sector_ser,edu_aggregate_bas,2019,8.148
irl,sex_f,eco_sector_ser,edu_aggregate_bas,2020,6.274
irl,sex_f,eco_sector_ser,edu_aggregate_bas,2021,2.529
irl,sex_f,eco_sector_ser,edu_aggregate_int,2007,0.612
irl,sex_f,eco_sector_ser,edu_aggregate_int,2009,1.464
irl,sex_f,eco_sector_ser,edu_aggregate_int,2010,1.831
irl,sex_f,eco_sector_ser,edu_aggregate_int,2011,4.489
irl,sex_f,eco_sector_ser,edu_aggregate_int,2012,0.766
irl,sex_f,eco_sector_ser,edu_aggregate_int,2013,1.285
irl,sex_f,eco_sector_ser,edu_aggregate_int,2014,4.561
irl,sex_f,eco_sector_ser,edu_aggregate_int,2015,4.811
irl,sex_f,eco_sector_ser,edu_aggregate_int,2016,5.764
irl,sex_f,eco_sector_ser,edu_aggregate_int,2017,4.464
irl,sex_f,eco_sector_ser,edu_aggregate_int,2018,6.066
irl,sex_f,eco_sector_ser,edu_aggregate_int,2019,4.441
irl,sex_f,eco_sector_ser,edu_aggregate_int,2020,8.739
irl,sex_f,eco_sector_ser,edu_aggregate_int,2021,5.733
irl,sex_f,eco_sector_ser,edu_aggregate_ltb,2022,2.736
irl,sex_f,eco_sector_ser,edu_aggregate_ltb,2023,3.14
irl,sex_f,eco_sector_ser,edu_aggregate_ltb,2024,3.758
irl,sex_f,eco_sector_ser,edu_aggregate_total,2007,0.793
irl,sex_f,eco_sector_ser,edu_aggregate_total,2008,1.318
irl,sex_f,eco_sector_ser,edu_aggregate_total,2009,1.909
irl,sex_f,eco_sector_ser,edu_aggregate_total,2010,1.565
irl,sex_f,eco_sector_ser,edu_aggregate_total,2011,4.883
irl,sex_f,eco_sector_ser,edu_aggregate_total,2012,1.545
irl,sex_f,eco_sector_ser,edu_aggregate_total,2013,1.213
irl,sex_f,eco_sector_ser,edu_aggregate_total,2014,4.12
irl,sex_f,eco_sector_ser,edu_aggregate_total,2015,4.27
irl,sex_f,eco_sector_ser,edu_aggregate_total,2016,4.33
irl,sex_f,eco_sector_ser,edu_aggregate_total,2017,4.035
irl,sex_f,eco_sector_ser,edu_aggregate_total,2018,4.572
irl,sex_f,eco_sector_ser,edu_aggregate_total,2019,2.87
irl,sex_f,eco_sector_ser,edu_aggregate_total,2020,4.121
irl,sex_f,eco_sector_ser,edu_aggregate_total,2021,2.805
irl,sex_f,eco_sector_ser,edu_aggregate_total,2022,2.725
irl,sex_f,eco_sector_ser,edu_aggregate_total,2023,3.216
irl,sex_f,eco_sector_ser,edu_aggregate_total,2024,3.845
irl,sex_f,eco_sector_total,edu_aggregate_adv,2007,0.172
irl,sex_f,eco_sector_total,edu_aggregate_adv,2008,1.355
irl,sex_f,eco_sector_total,edu_aggregate_adv,2009,1.633
irl,sex_f,eco_sector_total,edu_aggregate_adv,2010,1.255
irl,sex_f,eco_sector_total,edu_aggregate_adv,2011,2.599
irl,sex_f,eco_sector_total,edu_aggregate_adv,2012,1.773
irl,sex_f,eco_sector_total,edu_aggregate_adv,2013,1.312
irl,sex_f,eco_sector_total,edu_aggregate_adv,2014,3.354
irl,sex_f,eco_sector_total,edu_aggregate_adv,2015,2.794
irl,sex_f,eco_sector_total,edu_aggregate_adv,2016,2.844
irl,sex_f,eco_sector_total,edu_aggregate_adv,2017,3.231
irl,sex_f,eco_sector_total,edu_aggregate_adv,2018,3.44
irl,sex_f,eco_sector_total,edu_aggregate_adv,2019,1.383
irl,sex_f,eco_sector_total,edu_aggregate_adv,2020,1.684
irl,sex_f,eco_sector_total,edu_aggregate_adv,2021,1.177
irl,sex_f,eco_sector_total,edu_aggregate_bas,2007,2.209
irl,sex_f,eco_sector_total,edu_aggregate_bas,2008,1.658
irl,sex_f,eco_sector_total,edu_aggregate_bas,2009,3.025
irl,sex_f,eco_sector_total,edu_aggregate_bas,2010,1.994
irl,sex_f,eco_sector_total,edu_aggregate_bas,2011,13.955
irl,sex_f,eco_sector_total,edu_aggregate_bas,2012,3.179
irl,sex_f,eco_sector_total,edu_aggregate_bas,2013,1.385
irl,sex_f,eco_sector_total,edu_aggregate_bas,2014,8.012
irl,sex_f,eco_sector_total,edu_aggregate_bas,2015,10.247
irl,sex_f,eco_sector_total,edu_aggregate_bas,2016,7.574
irl,sex_f,eco_sector_total,edu_aggregate_bas,2017,5.986
irl,sex_f,eco_sector_total,edu_aggregate_bas,2018,5.021
irl,sex_f,eco_sector_total,edu_aggregate_bas,2019,7.86
irl,sex_f,eco_sector_total,edu_aggregate_bas,2020,5.719
irl,sex_f,eco_sector_total,edu_aggregate_bas,2021,2.49
irl,sex_f,eco_sector_total,edu_aggregate_int,2007,1.034
irl,sex_f,eco_sector_total,edu_aggregate_int,2008,1.412
irl,sex_f,eco_sector_total,edu_aggregate_int,2009,1.921
irl,sex_f,eco_sector_total,edu_aggregate_int,2010,2.706
irl,sex_f,eco_sector_total,edu_aggregate_int,2011,4.226
irl,sex_f,eco_sector_total,edu_aggregate_int,2012,0.912
irl,sex_f,eco_sector_total,edu_aggregate_int,2013,1.79
irl,sex_f,eco_sector_total,edu_aggregate_int,2014,4.472
irl,sex_f,eco_sector_total,edu_aggregate_int,2015,4.419
irl,sex_f,eco_sector_total,edu_aggregate_int,2016,5.18
irl,sex_f,eco_sector_total,edu_aggregate_int,2017,4.682
irl,sex_f,eco_sector_total,edu_aggregate_int,2018,5.475
irl,sex_f,eco_sector_total,edu_aggregate_int,2019,4.07
irl,sex_f,eco_sector_total,edu_aggregate_int,2020,7.78
irl,sex_f,eco_sector_total,edu_aggregate_int,2021,5.264
irl,sex_f,eco_sector_total,edu_aggregate_ltb,2022,2.519
irl,sex_f,eco_sector_total,edu_aggregate_ltb,2023,2.836
irl,sex_f,eco_sector_total,edu_aggregate_ltb,2024,3.546
irl,sex_f,eco_sector_total,edu_aggregate_total,2007,1.083
irl,sex_f,eco_sector_total,edu_aggregate_total,2008,1.546
irl,sex_f,eco_sector_total,edu_aggregate_total,2009,2.079
irl,sex_f,eco_sector_total,edu_aggregate_total,2010,1.842
irl,sex_f,eco_sector_total,edu_aggregate_total,2011,4.831
irl,sex_f,eco_sector_total,edu_aggregate_total,2012,1.62
irl,sex_f,eco_sector_total,edu_aggregate_total,2013,1.444
irl,sex_f,eco_sector_total,edu_aggregate_total,2014,4.134
irl,sex_f,eco_sector_total,edu_aggregate_total,2015,4.074
irl,sex_f,eco_sector_total,edu_aggregate_total,2016,4.023
irl,sex_f,eco_sector_total,edu_aggregate_total,2017,4.006
irl,sex_f,eco_sector_total,edu_aggregate_total,2018,4.242
irl,sex_f,eco_sector_total,edu_aggregate_total,2019,2.645
irl,sex_f,eco_sector_total,edu_aggregate_total,2020,3.733
irl,sex_f,eco_sector_total,edu_aggregate_total,2021,2.58
irl,sex_f,eco_sector_total,edu_aggregate_total,2022,2.51
irl,sex_f,eco_sector_total,edu_aggregate_total,2023,2.892
irl,sex_f,eco_sector_total,edu_aggregate_total,2024,3.693
irl,sex_m,eco_aggregate_agr,edu_aggregate_adv,2010,21.312
irl,sex_m,eco_aggregate_agr,edu_aggregate_adv,2012,12.367
irl,sex_m,eco_aggregate_agr,edu_aggregate_adv,2013,10.029
irl,sex_m,eco_aggregate_agr,edu_aggregate_adv,2014,8.817
irl,sex_m,eco_aggregate_agr,edu_aggregate_adv,2016,4.858
irl,sex_m,eco_aggregate_agr,edu_aggregate_adv,2017,3.881
irl,sex_m,eco_aggregate_agr,edu_aggregate_bas,2007,4.132
irl,sex_m,eco_aggregate_agr,edu_aggregate_bas,2008,4.423
irl,sex_m,eco_aggregate_agr,edu_aggregate_bas,2009,9.041
irl,sex_m,eco_aggregate_agr,edu_aggregate_bas,2010,14.286
irl,sex_m,eco_aggregate_agr,edu_aggregate_bas,2011,4.086
irl,sex_m,eco_aggregate_agr,edu_aggregate_bas,2012,5.268
irl,sex_m,eco_aggregate_agr,edu_aggregate_bas,2013,6.446
irl,sex_m,eco_aggregate_agr,edu_aggregate_bas,2014,7.703
irl,sex_m,eco_aggregate_agr,edu_aggregate_bas,2015,3.369
irl,sex_m,eco_aggregate_agr,edu_aggregate_bas,2016,3.483
irl,sex_m,eco_aggregate_agr,edu_aggregate_bas,2017,3.971
irl,sex_m,eco_aggregate_agr,edu_aggregate_int,2019,13.569
irl,sex_m,eco_aggregate_agr,edu_aggregate_ltb,2022,3.513
irl,sex_m,eco_aggregate_agr,edu_aggregate_ltb,2023,4.99
irl,sex_m,eco_aggregate_agr,edu_aggregate_ltb,2024,3.885
irl,sex_m,eco_aggregate_agr,edu_aggregate_total,2007,4.658
irl,sex_m,eco_aggregate_agr,edu_aggregate_total,2008,4.852
irl,sex_m,eco_aggregate_agr,edu_aggregate_total,2009,6.272
irl,sex_m,eco_aggregate_agr,edu_aggregate_total,2010,14.626
irl,sex_m,eco_aggregate_agr,edu_aggregate_total,2011,4.359
irl,sex_m,eco_aggregate_agr,edu_aggregate_total,2012,6.159
irl,sex_m,eco_aggregate_agr,edu_aggregate_total,2013,6.374
irl,sex_m,eco_aggregate_agr,edu_aggregate_total,2014,7.152
irl,sex_m,eco_aggregate_agr,edu_aggregate_total,2015,3.803
irl,sex_m,eco_aggregate_agr,edu_aggregate_total,2016,3.22
irl,sex_m,eco_aggregate_agr,edu_aggregate_total,2017,3.309
irl,sex_m,eco_aggregate_agr,edu_aggregate_total,2018,1.795
irl,sex_m,eco_aggregate_agr,edu_aggregate_total,2019,5.262
irl,sex_m,eco_aggregate_agr,edu_aggregate_total,2020,3.403
irl,sex_m,eco_aggregate_agr,edu_aggregate_total,2021,3.708
irl,sex_m,eco_aggregate_agr,edu_aggregate_total,2022,3.459
irl,sex_m,eco_aggregate_agr,edu_aggregate_total,2023,5.527
irl,sex_m,eco_aggregate_agr,edu_aggregate_total,2024,4.224
irl,sex_m,eco_aggregate_con,edu_aggregate_bas,2012,4.78
irl,sex_m,eco_aggregate_con,edu_aggregate_bas,2014,7.941
irl,sex_m,eco_aggregate_con,edu_aggregate_total,2007,2.128
irl,sex_m,eco_aggregate_con,edu_aggregate_total,2009,2.26
irl,sex_m,eco_aggregate_con,edu_aggregate_total,2010,3.756
irl,sex_m,eco_aggregate_con,edu_aggregate_total,2012,4.128
irl,sex_m,eco_aggregate_con,edu_aggregate_total,2013,4.587
irl,sex_m,eco_aggregate_con,edu_aggregate_total,2014,5.591
irl,sex_m,eco_aggregate_man,edu_aggregate_total,2010,2.267
irl,sex_m,eco_aggregate_man,edu_aggregate_total,2014,2.789
irl,sex_m,eco_aggregate_mkt,edu_aggregate_adv,2009,1.171
irl,sex_m,eco_aggregate_mkt,edu_aggregate_adv,2010,5.164
irl,sex_m,eco_aggregate_mkt,edu_aggregate_adv,2012,1.04
irl,sex_m,eco_aggregate_mkt,edu_aggregate_adv,2013,1.652
irl,sex_m,eco_aggregate_mkt,edu_aggregate_adv,2014,1.788
irl,sex_m,eco_aggregate_mkt,edu_aggregate_adv,2016,0.747
irl,sex_m,eco_aggregate_mkt,edu_aggregate_adv,2018,0.609
irl,sex_m,eco_aggregate_mkt,edu_aggregate_adv,2019,0.916
irl,sex_m,eco_aggregate_mkt,edu_aggregate_bas,2007,2.6
irl,sex_m,eco_aggregate_mkt,edu_aggregate_bas,2012,2.84
irl,sex_m,eco_aggregate_mkt,edu_aggregate_bas,2013,4.894
irl,sex_m,eco_aggregate_mkt,edu_aggregate_bas,2014,5.843
irl,sex_m,eco_aggregate_mkt,edu_aggregate_bas,2021,2.124
irl,sex_m,eco_aggregate_mkt,edu_aggregate_int,2007,2.411
irl,sex_m,eco_aggregate_mkt,edu_aggregate_int,2008,1.991
irl,sex_m,eco_aggregate_mkt,edu_aggregate_int,2009,0.99
irl,sex_m,eco_aggregate_mkt,edu_aggregate_int,2010,1.66
irl,sex_m,eco_aggregate_mkt,edu_aggregate_int,2012,3.208
irl,sex_m,eco_aggregate_mkt,edu_aggregate_int,2014,3.737
irl,sex_m,eco_aggregate_mkt,edu_aggregate_int,2016,2.017
irl,sex_m,eco_aggregate_mkt,edu_aggregate_ltb,2022,0.955
irl,sex_m,eco_aggregate_mkt,edu_aggregate_ltb,2023,1.612
irl,sex_m,eco_aggregate_mkt,edu_aggregate_ltb,2024,0.626
irl,sex_m,eco_aggregate_mkt,edu_aggregate_total,2007,2.134
irl,sex_m,eco_aggregate_mkt,edu_aggregate_total,2008,1.332
irl,sex_m,eco_aggregate_mkt,edu_aggregate_total,2009,0.864
irl,sex_m,eco_aggregate_mkt,edu_aggregate_total,2010,3.138
irl,sex_m,eco_aggregate_mkt,edu_aggregate_total,2011,1.214
irl,sex_m,eco_aggregate_mkt,edu_aggregate_total,2012,2.102
irl,sex_m,eco_aggregate_mkt,edu_aggregate_total,2013,2.108
irl,sex_m,eco_aggregate_mkt,edu_aggregate_total,2014,3.018
irl,sex_m,eco_aggregate_mkt,edu_aggregate_total,2015,0.412
irl,sex_m,eco_aggregate_mkt,edu_aggregate_total,2016,1.566
irl,sex_m,eco_aggregate_mkt,edu_aggregate_total,2017,0.837
irl,sex_m,eco_aggregate_mkt,edu_aggregate_total,2018,0.664
irl,sex_m,eco_aggregate_mkt,edu_aggregate_total,2019,0.725
irl,sex_m,eco_aggregate_mkt,edu_aggregate_total,2020,0.78
irl,sex_m,eco_aggregate_mkt,edu_aggregate_total,2021,0.388
irl,sex_m,eco_aggregate_mkt,edu_aggregate_total,2022,0.948
irl,sex_m,eco_aggregate_mkt,edu_aggregate_total,2023,1.598
irl,sex_m,eco_aggregate_mkt,edu_aggregate_total,2024,0.62
irl,sex_m,eco_aggregate_pub,edu_aggregate_adv,2014,2.473
irl,sex_m,eco_aggregate_pub,edu_aggregate_adv,2015,2.455
irl,sex_m,eco_aggregate_pub,edu_aggregate_adv,2016,1.936
irl,sex_m,eco_aggregate_pub,edu_aggregate_bas,2009,2.887
irl,sex_m,eco_aggregate_pub,edu_aggregate_bas,2011,11.614
irl,sex_m,eco_aggregate_pub,edu_aggregate_bas,2014,10.835
irl,sex_m,eco_aggregate_pub,edu_aggregate_bas,2015,9.353
irl,sex_m,eco_aggregate_pub,edu_aggregate_bas,2016,9.769
irl,sex_m,eco_aggregate_pub,edu_aggregate_bas,2017,6.881
irl,sex_m,eco_aggregate_pub,edu_aggregate_bas,2018,12.847
irl,sex_m,eco_aggregate_pub,edu_aggregate_bas,2019,15.689
irl,sex_m,eco_aggregate_pub,edu_aggregate_bas,2020,20.566
irl,sex_m,eco_aggregate_pub,edu_aggregate_bas,2021,27.037
irl,sex_m,eco_aggregate_pub,edu_aggregate_int,2011,14.835
irl,sex_m,eco_aggregate_pub,edu_aggregate_int,2013,7.699
irl,sex_m,eco_aggregate_pub,edu_aggregate_int,2017,5.629
irl,sex_m,eco_aggregate_pub,edu_aggregate_int,2018,4.66
irl,sex_m,eco_aggregate_pub,edu_aggregate_int,2019,14.595
irl,sex_m,eco_aggregate_pub,edu_aggregate_int,2020,9.482
irl,sex_m,eco_aggregate_pub,edu_aggregate_int,2021,4.723
irl,sex_m,eco_aggregate_pub,edu_aggregate_ltb,2022,3.35
irl,sex_m,eco_aggregate_pub,edu_aggregate_ltb,2023,3.721
irl,sex_m,eco_aggregate_pub,edu_aggregate_ltb,2024,3.974
irl,sex_m,eco_aggregate_pub,edu_aggregate_total,2007,0.867
irl,sex_m,eco_aggregate_pub,edu_aggregate_total,2009,1.651
irl,sex_m,eco_aggregate_pub,edu_aggregate_total,2010,0.849
irl,sex_m,eco_aggregate_pub,edu_aggregate_total,2011,6.859
irl,sex_m,eco_aggregate_pub,edu_aggregate_total,2012,2.156
irl,sex_m,eco_aggregate_pub,edu_aggregate_total,2013,2.269
irl,sex_m,eco_aggregate_pub,edu_aggregate_total,2014,4.045
irl,sex_m,eco_aggregate_pub,edu_aggregate_total,2015,3.317
irl,sex_m,eco_aggregate_pub,edu_aggregate_total,2016,2.791
irl,sex_m,eco_aggregate_pub,edu_aggregate_total,2017,2.547
irl,sex_m,eco_aggregate_pub,edu_aggregate_total,2018,3.386
irl,sex_m,eco_aggregate_pub,edu_aggregate_total,2019,4.676
irl,sex_m,eco_aggregate_pub,edu_aggregate_total,2020,3.916
irl,sex_m,eco_aggregate_pub,edu_aggregate_total,2021,3.487
irl,sex_m,eco_aggregate_pub,edu_aggregate_total,2022,3.344
irl,sex_m,eco_aggregate_pub,edu_aggregate_total,2023,3.716
irl,sex_m,eco_aggregate_pub,edu_aggregate_total,2024,3.967
irl,sex_m,eco_aggregate_total,edu_aggregate_adv,2007,1.633
irl,sex_m,eco_aggregate_total,edu_aggregate_adv,2008,0.807
irl,sex_m,eco_aggregate_total,edu_aggregate_adv,2009,0.922
irl,sex_m,eco_aggregate_total,edu_aggregate_adv,2010,3.975
irl,sex_m,eco_aggregate_total,edu_aggregate_adv,2011,1.682
irl,sex_m,eco_aggregate_total,edu_aggregate_adv,2012,1.522
irl,sex_m,eco_aggregate_total,edu_aggregate_adv,2013,1.506
irl,sex_m,eco_aggregate_total,edu_aggregate_adv,2014,2.649
irl,sex_m,eco_aggregate_total,edu_aggregate_adv,2015,1.171
irl,sex_m,eco_aggregate_total,edu_aggregate_adv,2016,1.049
irl,sex_m,eco_aggregate_total,edu_aggregate_adv,2017,0.634
irl,sex_m,eco_aggregate_total,edu_aggregate_adv,2018,0.742
irl,sex_m,eco_aggregate_total,edu_aggregate_adv,2019,0.665
irl,sex_m,eco_aggregate_total,edu_aggregate_adv,2020,0.473
irl,sex_m,eco_aggregate_total,edu_aggregate_adv,2021,0.42
irl,sex_m,eco_aggregate_total,edu_aggregate_bas,2007,2.144
irl,sex_m,eco_aggregate_total,edu_aggregate_bas,2008,1.457
irl,sex_m,eco_aggregate_total,edu_aggregate_bas,2009,3.152
irl,sex_m,eco_aggregate_total,edu_aggregate_bas,2010,4.549
irl,sex_m,eco_aggregate_total,edu_aggregate_bas,2011,4.504
irl,sex_m,eco_aggregate_total,edu_aggregate_bas,2012,3.632
irl,sex_m,eco_aggregate_total,edu_aggregate_bas,2013,4.161
irl,sex_m,eco_aggregate_total,edu_aggregate_bas,2014,6.828
irl,sex_m,eco_aggregate_total,edu_aggregate_bas,2015,2.408
irl,sex_m,eco_aggregate_total,edu_aggregate_bas,2016,3.569
irl,sex_m,eco_aggregate_total,edu_aggregate_bas,2017,2.651
irl,sex_m,eco_aggregate_total,edu_aggregate_bas,2018,2.484
irl,sex_m,eco_aggregate_total,edu_aggregate_bas,2019,2.68
irl,sex_m,eco_aggregate_total,edu_aggregate_bas,2020,4.045
irl,sex_m,eco_aggregate_total,edu_aggregate_bas,2021,3.37
irl,sex_m,eco_aggregate_total,edu_aggregate_int,2007,2.046
irl,sex_m,eco_aggregate_total,edu_aggregate_int,2008,1.41
irl,sex_m,eco_aggregate_total,edu_aggregate_int,2009,1.652
irl,sex_m,eco_aggregate_total,edu_aggregate_int,2010,2.418
irl,sex_m,eco_aggregate_total,edu_aggregate_int,2011,3.739
irl,sex_m,eco_aggregate_total,edu_aggregate_int,2012,2.53
irl,sex_m,eco_aggregate_total,edu_aggregate_int,2013,3.3
irl,sex_m,eco_aggregate_total,edu_aggregate_int,2014,3.294
irl,sex_m,eco_aggregate_total,edu_aggregate_int,2015,0.582
irl,sex_m,eco_aggregate_total,edu_aggregate_int,2016,1.539
irl,sex_m,eco_aggregate_total,edu_aggregate_int,2017,1.381
irl,sex_m,eco_aggregate_total,edu_aggregate_int,2018,1.028
irl,sex_m,eco_aggregate_total,edu_aggregate_int,2019,3.205
irl,sex_m,eco_aggregate_total,edu_aggregate_int,2020,2.216
irl,sex_m,eco_aggregate_total,edu_aggregate_int,2021,1.113
irl,sex_m,eco_aggregate_total,edu_aggregate_ltb,2022,1.409
irl,sex_m,eco_aggregate_total,edu_aggregate_ltb,2023,1.9
irl,sex_m,eco_aggregate_total,edu_aggregate_ltb,2024,1.377
irl,sex_m,eco_aggregate_total,edu_aggregate_total,2007,1.919
irl,sex_m,eco_aggregate_total,edu_aggregate_total,2008,1.242
irl,sex_m,eco_aggregate_total,edu_aggregate_total,2009,1.762
irl,sex_m,eco_aggregate_total,edu_aggregate_total,2010,3.628
irl,sex_m,eco_aggregate_total,edu_aggregate_total,2011,2.893
irl,sex_m,eco_aggregate_total,edu_aggregate_total,2012,2.273
irl,sex_m,eco_aggregate_total,edu_aggregate_total,2013,2.508
irl,sex_m,eco_aggregate_total,edu_aggregate_total,2014,3.731
irl,sex_m,eco_aggregate_total,edu_aggregate_total,2015,1.234
irl,sex_m,eco_aggregate_total,edu_aggregate_total,2016,1.666
irl,sex_m,eco_aggregate_total,edu_aggregate_total,2017,1.22
irl,sex_m,eco_aggregate_total,edu_aggregate_total,2018,1.103
irl,sex_m,eco_aggregate_total,edu_aggregate_total,2019,1.713
irl,sex_m,eco_aggregate_total,edu_aggregate_total,2020,1.434
irl,sex_m,eco_aggregate_total,edu_aggregate_total,2021,1.133
irl,sex_m,eco_aggregate_total,edu_aggregate_total,2022,1.401
irl,sex_m,eco_aggregate_total,edu_aggregate_total,2023,1.922
irl,sex_m,eco_aggregate_total,edu_aggregate_total,2024,1.384
irl,sex_m,eco_isic4_a,edu_aggregate_adv,2010,21.312
irl,sex_m,eco_isic4_a,edu_aggregate_adv,2012,12.367
irl,sex_m,eco_isic4_a,edu_aggregate_adv,2013,10.029
irl,sex_m,eco_isic4_a,edu_aggregate_adv,2014,8.817
irl,sex_m,eco_isic4_a,edu_aggregate_adv,2016,4.858
irl,sex_m,eco_isic4_a,edu_aggregate_adv,2017,3.881
irl,sex_m,eco_isic4_a,edu_aggregate_bas,2009,9.041
irl,sex_m,eco_isic4_a,edu_aggregate_bas,2010,14.286
irl,sex_m,eco_isic4_a,edu_aggregate_bas,2011,4.086
irl,sex_m,eco_isic4_a,edu_aggregate_bas,2012,5.268
irl,sex_m,eco_isic4_a,edu_aggregate_bas,2013,6.446
irl,sex_m,eco_isic4_a,edu_aggregate_bas,2014,7.703
irl,sex_m,eco_isic4_a,edu_aggregate_bas,2015,3.369
irl,sex_m,eco_isic4_a,edu_aggregate_bas,2016,3.483
irl,sex_m,eco_isic4_a,edu_aggregate_bas,2017,3.971
irl,sex_m,eco_isic4_a,edu_aggregate_int,2019,13.569
irl,sex_m,eco_isic4_a,edu_aggregate_ltb,2022,3.513
irl,sex_m,eco_isic4_a,edu_aggregate_ltb,2023,4.99
irl,sex_m,eco_isic4_a,edu_aggregate_ltb,2024,3.885
irl,sex_m,eco_isic4_a,edu_aggregate_total,2009,6.272
irl,sex_m,eco_isic4_a,edu_aggregate_total,2010,14.626
irl,sex_m,eco_isic4_a,edu_aggregate_total,2011,4.359
irl,sex_m,eco_isic4_a,edu_aggregate_total,2012,6.159
irl,sex_m,eco_isic4_a,edu_aggregate_total,2013,6.374
irl,sex_m,eco_isic4_a,edu_aggregate_total,2014,7.152
irl,sex_m,eco_isic4_a,edu_aggregate_total,2015,3.803
irl,sex_m,eco_isic4_a,edu_aggregate_total,2016,3.22
irl,sex_m,eco_isic4_a,edu_aggregate_total,2017,3.309
irl,sex_m,eco_isic4_a,edu_aggregate_total,2018,1.795
irl,sex_m,eco_isic4_a,edu_aggregate_total,2019,5.262
irl,sex_m,eco_isic4_a,edu_aggregate_total,2020,3.403
irl,sex_m,eco_isic4_a,edu_aggregate_total,2021,3.708
irl,sex_m,eco_isic4_a,edu_aggregate_total,2022,3.459
irl,sex_m,eco_isic4_a,edu_aggregate_total,2023,5.527
irl,sex_m,eco_isic4_a,edu_aggregate_total,2024,4.224
irl,sex_m,eco_isic4_c,edu_aggregate_total,2010,2.267
irl,sex_m,eco_isic4_c,edu_aggregate_total,2014,2.789
irl,sex_m,eco_isic4_f,edu_aggregate_bas,2012,4.78
irl,sex_m,eco_isic4_f,edu_aggregate_bas,2014,7.941
irl,sex_m,eco_isic4_f,edu_aggregate_total,2009,2.26
irl,sex_m,eco_isic4_f,edu_aggregate_total,2010,3.756
irl,sex_m,eco_isic4_f,edu_aggregate_total,2012,4.128
irl,sex_m,eco_isic4_f,edu_aggregate_total,2013,4.587
irl,sex_m,eco_isic4_f,edu_aggregate_total,2014,5.591
irl,sex_m,eco_isic4_g,edu_aggregate_adv,2010,10.353
irl,sex_m,eco_isic4_g,edu_aggregate_int,2012,6.125
irl,sex_m,eco_isic4_g,edu_aggregate_total,2009,1.603
irl,sex_m,eco_isic4_g,edu_aggregate_total,2010,3.708
irl,sex_m,eco_isic4_g,edu_aggregate_total,2012,2.657
irl,sex_m,eco_isic4_g,edu_aggregate_total,2014,6.924
irl,sex_m,eco_isic4_g,edu_aggregate_total,2016,2.591
irl,sex_m,eco_isic4_g,edu_aggregate_total,2017,1.517
irl,sex_m,eco_isic4_h,edu_aggregate_bas,2013,12.337
irl,sex_m,eco_isic4_h,edu_aggregate_total,2012,3.667
irl,sex_m,eco_isic4_h,edu_aggregate_total,2013,4.95
irl,sex_m,eco_isic4_l,edu_aggregate_ltb,2022,1.885
irl,sex_m,eco_isic4_l,edu_aggregate_ltb,2023,5.165
irl,sex_m,eco_isic4_l,edu_aggregate_ltb,2024,0.956
irl,sex_m,eco_isic4_l,edu_aggregate_total,2010,5.404
irl,sex_m,eco_isic4_l,edu_aggregate_total,2013,3.315
irl,sex_m,eco_isic4_l,edu_aggregate_total,2016,2.28
irl,sex_m,eco_isic4_l,edu_aggregate_total,2020,2.55
irl,sex_m,eco_isic4_l,edu_aggregate_total,2022,1.885
irl,sex_m,eco_isic4_l,edu_aggregate_total,2023,5.165
irl,sex_m,eco_isic4_l,edu_aggregate_total,2024,0.953
irl,sex_m,eco_isic4_q,edu_aggregate_total,2021,3.205
irl,sex_m,eco_isic4_s,edu_aggregate_adv,2014,15.141
irl,sex_m,eco_isic4_s,edu_aggregate_adv,2015,12.323
irl,sex_m,eco_isic4_s,edu_aggregate_adv,2016,9.933
irl,sex_m,eco_isic4_s,edu_aggregate_bas,2011,47.334
irl,sex_m,eco_isic4_s,edu_aggregate_bas,2014,53.999
irl,sex_m,eco_isic4_s,edu_aggregate_bas,2015,38.046
irl,sex_m,eco_isic4_s,edu_aggregate_bas,2016,30.988
irl,sex_m,eco_isic4_s,edu_aggregate_bas,2017,25.768
irl,sex_m,eco_isic4_s,edu_aggregate_bas,2018,31.599
irl,sex_m,eco_isic4_s,edu_aggregate_bas,2019,34.417
irl,sex_m,eco_isic4_s,edu_aggregate_bas,2020,39.224
irl,sex_m,eco_isic4_s,edu_aggregate_bas,2021,54.85
irl,sex_m,eco_isic4_s,edu_aggregate_int,2011,53.764
irl,sex_m,eco_isic4_s,edu_aggregate_int,2013,30.262
irl,sex_m,eco_isic4_s,edu_aggregate_int,2017,25.177
irl,sex_m,eco_isic4_s,edu_aggregate_int,2018,15.513
irl,sex_m,eco_isic4_s,edu_aggregate_int,2019,37.693
irl,sex_m,eco_isic4_s,edu_aggregate_int,2020,26.978
irl,sex_m,eco_isic4_s,edu_aggregate_int,2021,11.924
irl,sex_m,eco_isic4_s,edu_aggregate_ltb,2022,14.998
irl,sex_m,eco_isic4_s,edu_aggregate_ltb,2023,26.042
irl,sex_m,eco_isic4_s,edu_aggregate_ltb,2024,25.381
irl,sex_m,eco_isic4_s,edu_aggregate_total,2011,39.554
irl,sex_m,eco_isic4_s,edu_aggregate_total,2012,12.864
irl,sex_m,eco_isic4_s,edu_aggregate_total,2013,11.965
irl,sex_m,eco_isic4_s,edu_aggregate_total,2014,22.54
irl,sex_m,eco_isic4_s,edu_aggregate_total,2015,15.443
irl,sex_m,eco_isic4_s,edu_aggregate_total,2016,13.002
irl,sex_m,eco_isic4_s,edu_aggregate_total,2017,11.944
irl,sex_m,eco_isic4_s,edu_aggregate_total,2018,14.351
irl,sex_m,eco_isic4_s,edu_aggregate_total,2019,19.854
irl,sex_m,eco_isic4_s,edu_aggregate_total,2020,16.719
irl,sex_m,eco_isic4_s,edu_aggregate_total,2021,13.477
irl,sex_m,eco_isic4_s,edu_aggregate_total,2022,14.998
irl,sex_m,eco_isic4_s,edu_aggregate_total,2023,26.042
irl,sex_m,eco_isic4_s,edu_aggregate_total,2024,25.381
irl,sex_m,eco_isic4_total,edu_aggregate_adv,2009,0.922
irl,sex_m,eco_isic4_total,edu_aggregate_adv,2010,3.975
irl,sex_m,eco_isic4_total,edu_aggregate_adv,2011,1.682
irl,sex_m,eco_isic4_total,edu_aggregate_adv,2012,1.522
irl,sex_m,eco_isic4_total,edu_aggregate_adv,2013,1.506
irl,sex_m,eco_isic4_total,edu_aggregate_adv,2014,2.649
irl,sex_m,eco_isic4_total,edu_aggregate_adv,2015,1.171
irl,sex_m,eco_isic4_total,edu_aggregate_adv,2016,1.049
irl,sex_m,eco_isic4_total,edu_aggregate_adv,2017,0.634
irl,sex_m,eco_isic4_total,edu_aggregate_adv,2018,0.742
irl,sex_m,eco_isic4_total,edu_aggregate_adv,2019,0.665
irl,sex_m,eco_isic4_total,edu_aggregate_adv,2020,0.473
irl,sex_m,eco_isic4_total,edu_aggregate_adv,2021,0.42
irl,sex_m,eco_isic4_total,edu_aggregate_bas,2009,3.152
irl,sex_m,eco_isic4_total,edu_aggregate_bas,2010,4.549
irl,sex_m,eco_isic4_total,edu_aggregate_bas,2011,4.504
irl,sex_m,eco_isic4_total,edu_aggregate_bas,2012,3.632
irl,sex_m,eco_isic4_total,edu_aggregate_bas,2013,4.161
irl,sex_m,eco_isic4_total,edu_aggregate_bas,2014,6.828
irl,sex_m,eco_isic4_total,edu_aggregate_bas,2015,2.408
irl,sex_m,eco_isic4_total,edu_aggregate_bas,2016,3.569
irl,sex_m,eco_isic4_total,edu_aggregate_bas,2017,2.651
irl,sex_m,eco_isic4_total,edu_aggregate_bas,2018,2.484
irl,sex_m,eco_isic4_total,edu_aggregate_bas,2019,2.68
irl,sex_m,eco_isic4_total,edu_aggregate_bas,2020,4.045
irl,sex_m,eco_isic4_total,edu_aggregate_bas,2021,3.37
irl,sex_m,eco_isic4_total,edu_aggregate_int,2009,1.652
irl,sex_m,eco_isic4_total,edu_aggregate_int,2010,2.418
irl,sex_m,eco_isic4_total,edu_aggregate_int,2011,3.739
irl,sex_m,eco_isic4_total,edu_aggregate_int,2012,2.53
irl,sex_m,eco_isic4_total,edu_aggregate_int,2013,3.3
irl,sex_m,eco_isic4_total,edu_aggregate_int,2014,3.294
irl,sex_m,eco_isic4_total,edu_aggregate_int,2015,0.582
irl,sex_m,eco_isic4_total,edu_aggregate_int,2016,1.539
irl,sex_m,eco_isic4_total,edu_aggregate_int,2017,1.381
irl,sex_m,eco_isic4_total,edu_aggregate_int,2018,1.028
irl,sex_m,eco_isic4_total,edu_aggregate_int,2019,3.205
irl,sex_m,eco_isic4_total,edu_aggregate_int,2020,2.216
irl,sex_m,eco_isic4_total,edu_aggregate_int,2021,1.113
irl,sex_m,eco_isic4_total,edu_aggregate_ltb,2022,1.409
irl,sex_m,eco_isic4_total,edu_aggregate_ltb,2023,1.9
irl,sex_m,eco_isic4_total,edu_aggregate_ltb,2024,1.377
irl,sex_m,eco_isic4_total,edu_aggregate_total,2009,1.762
irl,sex_m,eco_isic4_total,edu_aggregate_total,2010,3.628
irl,sex_m,eco_isic4_total,edu_aggregate_total,2011,2.893
irl,sex_m,eco_isic4_total,edu_aggregate_total,2012,2.273
irl,sex_m,eco_isic4_total,edu_aggregate_total,2013,2.508
irl,sex_m,eco_isic4_total,edu_aggregate_total,2014,3.731
irl,sex_m,eco_isic4_total,edu_aggregate_total,2015,1.234
irl,sex_m,eco_isic4_total,edu_aggregate_total,2016,1.666
irl,sex_m,eco_isic4_total,edu_aggregate_total,2017,1.22
irl,sex_m,eco_isic4_total,edu_aggregate_total,2018,1.103
irl,sex_m,eco_isic4_total,edu_aggregate_total,2019,1.713
irl,sex_m,eco_isic4_total,edu_aggregate_total,2020,1.434
irl,sex_m,eco_isic4_total,edu_aggregate_total,2021,1.133
irl,sex_m,eco_isic4_total,edu_aggregate_total,2022,1.401
irl,sex_m,eco_isic4_total,edu_aggregate_total,2023,1.922
irl,sex_m,eco_isic4_total,edu_aggregate_total,2024,1.384
irl,sex_m,eco_sector_agr,edu_aggregate_adv,2010,21.312
irl,sex_m,eco_sector_agr,edu_aggregate_adv,2012,12.367
irl,sex_m,eco_sector_agr,edu_aggregate_adv,2013,10.029
irl,sex_m,eco_sector_agr,edu_aggregate_adv,2014,8.817
irl,sex_m,eco_sector_agr,edu_aggregate_adv,2016,4.858
irl,sex_m,eco_sector_agr,edu_aggregate_adv,2017,3.881
irl,sex_m,eco_sector_agr,edu_aggregate_bas,2007,4.132
irl,sex_m,eco_sector_agr,edu_aggregate_bas,2008,4.423
irl,sex_m,eco_sector_agr,edu_aggregate_bas,2009,9.041
irl,sex_m,eco_sector_agr,edu_aggregate_bas,2010,14.286
irl,sex_m,eco_sector_agr,edu_aggregate_bas,2011,4.086
irl,sex_m,eco_sector_agr,edu_aggregate_bas,2012,5.268
irl,sex_m,eco_sector_agr,edu_aggregate_bas,2013,6.446
irl,sex_m,eco_sector_agr,edu_aggregate_bas,2014,7.703
irl,sex_m,eco_sector_agr,edu_aggregate_bas,2015,3.369
irl,sex_m,eco_sector_agr,edu_aggregate_bas,2016,3.483
irl,sex_m,eco_sector_agr,edu_aggregate_bas,2017,3.971
irl,sex_m,eco_sector_agr,edu_aggregate_int,2019,13.569
irl,sex_m,eco_sector_agr,edu_aggregate_ltb,2022,3.513
irl,sex_m,eco_sector_agr,edu_aggregate_ltb,2023,4.99
irl,sex_m,eco_sector_agr,edu_aggregate_ltb,2024,3.885
irl,sex_m,eco_sector_agr,edu_aggregate_total,2007,4.658
irl,sex_m,eco_sector_agr,edu_aggregate_total,2008,4.852
irl,sex_m,eco_sector_agr,edu_aggregate_total,2009,6.272
irl,sex_m,eco_sector_agr,edu_aggregate_total,2010,14.626
irl,sex_m,eco_sector_agr,edu_aggregate_total,2011,4.359
irl,sex_m,eco_sector_agr,edu_aggregate_total,2012,6.159
irl,sex_m,eco_sector_agr,edu_aggregate_total,2013,6.374
irl,sex_m,eco_sector_agr,edu_aggregate_total,2014,7.152
irl,sex_m,eco_sector_agr,edu_aggregate_total,2015,3.803
irl,sex_m,eco_sector_agr,edu_aggregate_total,2016,3.22
irl,sex_m,eco_sector_agr,edu_aggregate_total,2017,3.309
irl,sex_m,eco_sector_agr,edu_aggregate_total,2018,1.795
irl,sex_m,eco_sector_agr,edu_aggregate_total,2019,5.262
irl,sex_m,eco_sector_agr,edu_aggregate_total,2020,3.403
irl,sex_m,eco_sector_agr,edu_aggregate_total,2021,3.708
irl,sex_m,eco_sector_agr,edu_aggregate_total,2022,3.459
irl,sex_m,eco_sector_agr,edu_aggregate_total,2023,5.527
irl,sex_m,eco_sector_agr,edu_aggregate_total,2024,4.224
irl,sex_m,eco_sector_ind,edu_aggregate_adv,2013,1.287
irl,sex_m,eco_sector_ind,edu_aggregate_adv,2014,4.066
irl,sex_m,eco_sector_ind,edu_aggregate_bas,2010,2.798
irl,sex_m,eco_sector_ind,edu_aggregate_bas,2012,2.185
irl,sex_m,eco_sector_ind,edu_aggregate_bas,2014,5.176
irl,sex_m,eco_sector_ind,edu_aggregate_int,2010,4.595
irl,sex_m,eco_sector_ind,edu_aggregate_int,2013,4.828
irl,sex_m,eco_sector_ind,edu_aggregate_ltb,2024,0.345
irl,sex_m,eco_sector_ind,edu_aggregate_total,2007,1.399
irl,sex_m,eco_sector_ind,edu_aggregate_total,2008,0.797
irl,sex_m,eco_sector_ind,edu_aggregate_total,2009,1.743
irl,sex_m,eco_sector_ind,edu_aggregate_total,2010,2.931
irl,sex_m,eco_sector_ind,edu_aggregate_total,2011,2.069
irl,sex_m,eco_sector_ind,edu_aggregate_total,2012,1.543
irl,sex_m,eco_sector_ind,edu_aggregate_total,2013,2.264
irl,sex_m,eco_sector_ind,edu_aggregate_total,2014,3.683
irl,sex_m,eco_sector_ind,edu_aggregate_total,2016,0.44
irl,sex_m,eco_sector_ind,edu_aggregate_total,2017,0.3
irl,sex_m,eco_sector_ind,edu_aggregate_total,2024,0.342
irl,sex_m,eco_sector_nag,edu_aggregate_adv,2007,1.668
irl,sex_m,eco_sector_nag,edu_aggregate_adv,2009,0.966
irl,sex_m,eco_sector_nag,edu_aggregate_adv,2010,3.106
irl,sex_m,eco_sector_nag,edu_aggregate_adv,2011,1.555
irl,sex_m,eco_sector_nag,edu_aggregate_adv,2012,1.157
irl,sex_m,eco_sector_nag,edu_aggregate_adv,2013,1.254
irl,sex_m,eco_sector_nag,edu_aggregate_adv,2014,2.459
irl,sex_m,eco_sector_nag,edu_aggregate_adv,2015,0.959
irl,sex_m,eco_sector_nag,edu_aggregate_adv,2016,0.9
irl,sex_m,eco_sector_nag,edu_aggregate_adv,2017,0.476
irl,sex_m,eco_sector_nag,edu_aggregate_adv,2018,0.633
irl,sex_m,eco_sector_nag,edu_aggregate_adv,2019,0.66
irl,sex_m,eco_sector_nag,edu_aggregate_adv,2020,0.419
irl,sex_m,eco_sector_nag,edu_aggregate_adv,2021,0.385
irl,sex_m,eco_sector_nag,edu_aggregate_bas,2007,1.549
irl,sex_m,eco_sector_nag,edu_aggregate_bas,2008,0.701
irl,sex_m,eco_sector_nag,edu_aggregate_bas,2009,1.477
irl,sex_m,eco_sector_nag,edu_aggregate_bas,2010,2.109
irl,sex_m,eco_sector_nag,edu_aggregate_bas,2011,4.598
irl,sex_m,eco_sector_nag,edu_aggregate_bas,2012,3.237
irl,sex_m,eco_sector_nag,edu_aggregate_bas,2013,3.442
irl,sex_m,eco_sector_nag,edu_aggregate_bas,2014,6.56
irl,sex_m,eco_sector_nag,edu_aggregate_bas,2015,2.125
irl,sex_m,eco_sector_nag,edu_aggregate_bas,2016,3.596
irl,sex_m,eco_sector_nag,edu_aggregate_bas,2017,2.277
irl,sex_m,eco_sector_nag,edu_aggregate_bas,2018,2.939
irl,sex_m,eco_sector_nag,edu_aggregate_bas,2019,2.186
irl,sex_m,eco_sector_nag,edu_aggregate_bas,2020,3.799
irl,sex_m,eco_sector_nag,edu_aggregate_bas,2021,3.475
irl,sex_m,eco_sector_nag,edu_aggregate_int,2007,1.597
irl,sex_m,eco_sector_nag,edu_aggregate_int,2008,1.195
irl,sex_m,eco_sector_nag,edu_aggregate_int,2009,1.644
irl,sex_m,eco_sector_nag,edu_aggregate_int,2010,2.127
irl,sex_m,eco_sector_nag,edu_aggregate_int,2011,3.733
irl,sex_m,eco_sector_nag,edu_aggregate_int,2012,2.528
irl,sex_m,eco_sector_nag,edu_aggregate_int,2013,3.343
irl,sex_m,eco_sector_nag,edu_aggregate_int,2014,3.264
irl,sex_m,eco_sector_nag,edu_aggregate_int,2015,0.552
irl,sex_m,eco_sector_nag,edu_aggregate_int,2016,1.614
irl,sex_m,eco_sector_nag,edu_aggregate_int,2017,1.444
irl,sex_m,eco_sector_nag,edu_aggregate_int,2018,0.967
irl,sex_m,eco_sector_nag,edu_aggregate_int,2019,2.5
irl,sex_m,eco_sector_nag,edu_aggregate_int,2020,2.183
irl,sex_m,eco_sector_nag,edu_aggregate_int,2021,0.801
irl,sex_m,eco_sector_nag,edu_aggregate_ltb,2022,1.285
irl,sex_m,eco_sector_nag,edu_aggregate_ltb,2023,1.7
irl,sex_m,eco_sector_nag,edu_aggregate_ltb,2024,1.238
irl,sex_m,eco_sector_nag,edu_aggregate_total,2007,1.575
irl,sex_m,eco_sector_nag,edu_aggregate_total,2008,0.855
irl,sex_m,eco_sector_nag,edu_aggregate_total,2009,1.276
irl,sex_m,eco_sector_nag,edu_aggregate_total,2010,2.526
irl,sex_m,eco_sector_nag,edu_aggregate_total,2011,2.768
irl,sex_m,eco_sector_nag,edu_aggregate_total,2012,1.958
irl,sex_m,eco_sector_nag,edu_aggregate_total,2013,2.185
irl,sex_m,eco_sector_nag,edu_aggregate_total,2014,3.419
irl,sex_m,eco_sector_nag,edu_aggregate_total,2015,1.02
irl,sex_m,eco_sector_nag,edu_aggregate_total,2016,1.534
irl,sex_m,eco_sector_nag,edu_aggregate_total,2017,1.043
irl,sex_m,eco_sector_nag,edu_aggregate_total,2018,1.042
irl,sex_m,eco_sector_nag,edu_aggregate_total,2019,1.406
irl,sex_m,eco_sector_nag,edu_aggregate_total,2020,1.319
irl,sex_m,eco_sector_nag,edu_aggregate_total,2021,0.958
irl,sex_m,eco_sector_nag,edu_aggregate_total,2022,1.278
irl,sex_m,eco_sector_nag,edu_aggregate_total,2023,1.687
irl,sex_m,eco_sector_nag,edu_aggregate_total,2024,1.226
irl,sex_m,eco_sector_ser,edu_aggregate_adv,2009,0.877
irl,sex_m,eco_sector_ser,edu_aggregate_adv,2010,3.443
irl,sex_m,eco_sector_ser,edu_aggregate_adv,2011,1.345
irl,sex_m,eco_sector_ser,edu_aggregate_adv,2012,1.048
irl,sex_m,eco_sector_ser,edu_aggregate_adv,2013,1.243
irl,sex_m,eco_sector_ser,edu_aggregate_adv,2014,2.019
irl,sex_m,eco_sector_ser,edu_aggregate_adv,2015,1.095
irl,sex_m,eco_sector_ser,edu_aggregate_adv,2016,1.117
irl,sex_m,eco_sector_ser,edu_aggregate_adv,2017,0.571
irl,sex_m,eco_sector_ser,edu_aggregate_adv,2018,0.838
irl,sex_m,eco_sector_ser,edu_aggregate_adv,2019,0.715
irl,sex_m,eco_sector_ser,edu_aggregate_adv,2020,0.475
irl,sex_m,eco_sector_ser,edu_aggregate_adv,2021,0.486
irl,sex_m,eco_sector_ser,edu_aggregate_bas,2007,1.76
irl,sex_m,eco_sector_ser,edu_aggregate_bas,2009,1.23
irl,sex_m,eco_sector_ser,edu_aggregate_bas,2010,1.769
irl,sex_m,eco_sector_ser,edu_aggregate_bas,2011,6.023
irl,sex_m,eco_sector_ser,edu_aggregate_bas,2012,3.846
irl,sex_m,eco_sector_ser,edu_aggregate_bas,2013,4.461
irl,sex_m,eco_sector_ser,edu_aggregate_bas,2014,7.249
irl,sex_m,eco_sector_ser,edu_aggregate_bas,2015,3.495
irl,sex_m,eco_sector_ser,edu_aggregate_bas,2016,5.971
irl,sex_m,eco_sector_ser,edu_aggregate_bas,2017,3.424
irl,sex_m,eco_sector_ser,edu_aggregate_bas,2018,4.382
irl,sex_m,eco_sector_ser,edu_aggregate_bas,2019,3.635
irl,sex_m,eco_sector_ser,edu_aggregate_bas,2020,5.056
irl,sex_m,eco_sector_ser,edu_aggregate_bas,2021,6.064
irl,sex_m,eco_sector_ser,edu_aggregate_int,2007,2.145
irl,sex_m,eco_sector_ser,edu_aggregate_int,2008,1.5
irl,sex_m,eco_sector_ser,edu_aggregate_int,2009,1.459
irl,sex_m,eco_sector_ser,edu_aggregate_int,2010,1.261
irl,sex_m,eco_sector_ser,edu_aggregate_int,2011,4.262
irl,sex_m,eco_sector_ser,edu_aggregate_int,2012,3.046
irl,sex_m,eco_sector_ser,edu_aggregate_int,2013,2.792
irl,sex_m,eco_sector_ser,edu_aggregate_int,2014,3.759
irl,sex_m,eco_sector_ser,edu_aggregate_int,2016,1.769
irl,sex_m,eco_sector_ser,edu_aggregate_int,2017,1.901
irl,sex_m,eco_sector_ser,edu_aggregate_int,2018,1.293
irl,sex_m,eco_sector_ser,edu_aggregate_int,2019,3.413
irl,sex_m,eco_sector_ser,edu_aggregate_int,2020,3.288
irl,sex_m,eco_sector_ser,edu_aggregate_int,2021,1.076
irl,sex_m,eco_sector_ser,edu_aggregate_ltb,2022,1.666
irl,sex_m,eco_sector_ser,edu_aggregate_ltb,2023,2.239
irl,sex_m,eco_sector_ser,edu_aggregate_ltb,2024,1.624
irl,sex_m,eco_sector_ser,edu_aggregate_total,2007,1.674
irl,sex_m,eco_sector_ser,edu_aggregate_total,2008,0.885
irl,sex_m,eco_sector_ser,edu_aggregate_total,2009,1.12
irl,sex_m,eco_sector_ser,edu_aggregate_total,2010,2.402
irl,sex_m,eco_sector_ser,edu_aggregate_total,2011,3.023
irl,sex_m,eco_sector_ser,edu_aggregate_total,2012,2.118
irl,sex_m,eco_sector_ser,edu_aggregate_total,2013,2.157
irl,sex_m,eco_sector_ser,edu_aggregate_total,2014,3.327
irl,sex_m,eco_sector_ser,edu_aggregate_total,2015,1.254
irl,sex_m,eco_sector_ser,edu_aggregate_total,2016,1.923
irl,sex_m,eco_sector_ser,edu_aggregate_total,2017,1.331
irl,sex_m,eco_sector_ser,edu_aggregate_total,2018,1.365
irl,sex_m,eco_sector_ser,edu_aggregate_total,2019,1.856
irl,sex_m,eco_sector_ser,edu_aggregate_total,2020,1.692
irl,sex_m,eco_sector_ser,edu_aggregate_total,2021,1.297
irl,sex_m,eco_sector_ser,edu_aggregate_total,2022,1.657
irl,sex_m,eco_sector_ser,edu_aggregate_total,2023,2.224
irl,sex_m,eco_sector_ser,edu_aggregate_total,2024,1.612
irl,sex_m,eco_sector_total,edu_aggregate_adv,2007,1.633
irl,sex_m,eco_sector_total,edu_aggregate_adv,2008,0.807
irl,sex_m,eco_sector_total,edu_aggregate_adv,2009,0.922
irl,sex_m,eco_sector_total,edu_aggregate_adv,2010,3.975
irl,sex_m,eco_sector_total,edu_aggregate_adv,2011,1.682
irl,sex_m,eco_sector_total,edu_aggregate_adv,2012,1.522
irl,sex_m,eco_sector_total,edu_aggregate_adv,2013,1.506
irl,sex_m,eco_sector_total,edu_aggregate_adv,2014,2.649
irl,sex_m,eco_sector_total,edu_aggregate_adv,2015,1.171
irl,sex_m,eco_sector_total,edu_aggregate_adv,2016,1.049
irl,sex_m,eco_sector_total,edu_aggregate_adv,2017,0.634
irl,sex_m,eco_sector_total,edu_aggregate_adv,2018,0.742
irl,sex_m,eco_sector_total,edu_aggregate_adv,2019,0.665
irl,sex_m,eco_sector_total,edu_aggregate_adv,2020,0.473
irl,sex_m,eco_sector_total,edu_aggregate_adv,2021,0.42
irl,sex_m,eco_sector_total,edu_aggregate_bas,2007,2.144
irl,sex_m,eco_sector_total,edu_aggregate_bas,2008,1.457
irl,sex_m,eco_sector_total,edu_aggregate_bas,2009,3.152
irl,sex_m,eco_sector_total,edu_aggregate_bas,2010,4.549
irl,sex_m,eco_sector_total,edu_aggregate_bas,2011,4.504
irl,sex_m,eco_sector_total,edu_aggregate_bas,2012,3.632
irl,sex_m,eco_sector_total,edu_aggregate_bas,2013,4.161
irl,sex_m,eco_sector_total,edu_aggregate_bas,2014,6.828
irl,sex_m,eco_sector_total,edu_aggregate_bas,2015,2.408
irl,sex_m,eco_sector_total,edu_aggregate_bas,2016,3.569
irl,sex_m,eco_sector_total,edu_aggregate_bas,2017,2.651
irl,sex_m,eco_sector_total,edu_aggregate_bas,2018,2.484
irl,sex_m,eco_sector_total,edu_aggregate_bas,2019,2.68
irl,sex_m,eco_sector_total,edu_aggregate_bas,2020,4.045
irl,sex_m,eco_sector_total,edu_aggregate_bas,2021,3.37
irl,sex_m,eco_sector_total,edu_aggregate_int,2007,2.046
irl,sex_m,eco_sector_total,edu_aggregate_int,2008,1.41
irl,sex_m,eco_sector_total,edu_aggregate_int,2009,1.652
irl,sex_m,eco_sector_total,edu_aggregate_int,2010,2.418
irl,sex_m,eco_sector_total,edu_aggregate_int,2011,3.739
irl,sex_m,eco_sector_total,edu_aggregate_int,2012,2.53
irl,sex_m,eco_sector_total,edu_aggregate_int,2013,3.3
irl,sex_m,eco_sector_total,edu_aggregate_int,2014,3.294
irl,sex_m,eco_sector_total,edu_aggregate_int,2015,0.582
irl,sex_m,eco_sector_total,edu_aggregate_int,2016,1.539
irl,sex_m,eco_sector_total,edu_aggregate_int,2017,1.381
irl,sex_m,eco_sector_total,edu_aggregate_int,2018,1.028
irl,sex_m,eco_sector_total,edu_aggregate_int,2019,3.205
irl,sex_m,eco_sector_total,edu_aggregate_int,2020,2.216
irl,sex_m,eco_sector_total,edu_aggregate_int,2021,1.113
irl,sex_m,eco_sector_total,edu_aggregate_ltb,2022,1.409
irl,sex_m,eco_sector_total,edu_aggregate_ltb,2023,1.9
irl,sex_m,eco_sector_total,edu_aggregate_ltb,2024,1.377
irl,sex_m,eco_sector_total,edu_aggregate_total,2007,1.919
irl,sex_m,eco_sector_total,edu_aggregate_total,2008,1.242
irl,sex_m,eco_sector_total,edu_aggregate_total,2009,1.762
irl,sex_m,eco_sector_total,edu_aggregate_total,2010,3.628
irl,sex_m,eco_sector_total,edu_aggregate_total,2011,2.893
irl,sex_m,eco_sector_total,edu_aggregate_total,2012,2.273
irl,sex_m,eco_sector_total,edu_aggregate_total,2013,2.508
irl,sex_m,eco_sector_total,edu_aggregate_total,2014,3.731
irl,sex_m,eco_sector_total,edu_aggregate_total,2015,1.234
irl,sex_m,eco_sector_total,edu_aggregate_total,2016,1.666
irl,sex_m,eco_sector_total,edu_aggregate_total,2017,1.22
irl,sex_m,eco_sector_total,edu_aggregate_total,2018,1.103
irl,sex_m,eco_sector_total,edu_aggregate_total,2019,1.713
irl,sex_m,eco_sector_total,edu_aggregate_total,2020,1.434
irl,sex_m,eco_sector_total,edu_aggregate_total,2021,1.133
irl,sex_m,eco_sector_total,edu_aggregate_total,2022,1.401
irl,sex_m,eco_sector_total,edu_aggregate_total,2023,1.922
irl,sex_m,eco_sector_total,edu_aggregate_total,2024,1.384
irl,sex_t,eco_aggregate_agr,edu_aggregate_adv,2010,20.384
irl,sex_t,eco_aggregate_agr,edu_aggregate_adv,2012,11.177
irl,sex_t,eco_aggregate_agr,edu_aggregate_adv,2013,8.694
irl,sex_t,eco_aggregate_agr,edu_aggregate_adv,2014,9.863
irl,sex_t,eco_aggregate_agr,edu_aggregate_adv,2015,7.986
irl,sex_t,eco_aggregate_agr,edu_aggregate_adv,2016,3.851
irl,sex_t,eco_aggregate_agr,edu_aggregate_adv,2017,5.559
irl,sex_t,eco_aggregate_agr,edu_aggregate_adv,2018,3.585
irl,sex_t,eco_aggregate_agr,edu_aggregate_bas,2007,5.406
irl,sex_t,eco_aggregate_agr,edu_aggregate_bas,2008,4.692
irl,sex_t,eco_aggregate_agr,edu_aggregate_bas,2009,9.324
irl,sex_t,eco_aggregate_agr,edu_aggregate_bas,2010,14.11
irl,sex_t,eco_aggregate_agr,edu_aggregate_bas,2011,4.208
irl,sex_t,eco_aggregate_agr,edu_aggregate_bas,2012,5.151
irl,sex_t,eco_aggregate_agr,edu_aggregate_bas,2013,6.841
irl,sex_t,eco_aggregate_agr,edu_aggregate_bas,2014,8.009
irl,sex_t,eco_aggregate_agr,edu_aggregate_bas,2015,4.69
irl,sex_t,eco_aggregate_agr,edu_aggregate_bas,2016,3.95
irl,sex_t,eco_aggregate_agr,edu_aggregate_bas,2017,4.449
irl,sex_t,eco_aggregate_agr,edu_aggregate_bas,2019,5.017
irl,sex_t,eco_aggregate_agr,edu_aggregate_bas,2021,3.546
irl,sex_t,eco_aggregate_agr,edu_aggregate_int,2007,10.604
irl,sex_t,eco_aggregate_agr,edu_aggregate_int,2008,8.113
irl,sex_t,eco_aggregate_agr,edu_aggregate_int,2010,20.274
irl,sex_t,eco_aggregate_agr,edu_aggregate_int,2019,10.384
irl,sex_t,eco_aggregate_agr,edu_aggregate_ltb,2022,4.235
irl,sex_t,eco_aggregate_agr,edu_aggregate_ltb,2023,4.342
irl,sex_t,eco_aggregate_agr,edu_aggregate_ltb,2024,4.072
irl,sex_t,eco_aggregate_agr,edu_aggregate_total,2007,6.135
irl,sex_t,eco_aggregate_agr,edu_aggregate_total,2008,5.899
irl,sex_t,eco_aggregate_agr,edu_aggregate_total,2009,7.684
irl,sex_t,eco_aggregate_agr,edu_aggregate_total,2010,16.051
irl,sex_t,eco_aggregate_agr,edu_aggregate_total,2011,6.799
irl,sex_t,eco_aggregate_agr,edu_aggregate_total,2012,6.659
irl,sex_t,eco_aggregate_agr,edu_aggregate_total,2013,7.856
irl,sex_t,eco_aggregate_agr,edu_aggregate_total,2014,7.207
irl,sex_t,eco_aggregate_agr,edu_aggregate_total,2015,4.634
irl,sex_t,eco_aggregate_agr,edu_aggregate_total,2016,3.139
irl,sex_t,eco_aggregate_agr,edu_aggregate_total,2017,5.302
irl,sex_t,eco_aggregate_agr,edu_aggregate_total,2018,2.562
irl,sex_t,eco_aggregate_agr,edu_aggregate_total,2019,4.922
irl,sex_t,eco_aggregate_agr,edu_aggregate_total,2020,3.03
irl,sex_t,eco_aggregate_agr,edu_aggregate_total,2021,4.026
irl,sex_t,eco_aggregate_agr,edu_aggregate_total,2022,4.174
irl,sex_t,eco_aggregate_agr,edu_aggregate_total,2023,4.821
irl,sex_t,eco_aggregate_agr,edu_aggregate_total,2024,4.365
irl,sex_t,eco_aggregate_con,edu_aggregate_bas,2012,4.707
irl,sex_t,eco_aggregate_con,edu_aggregate_bas,2014,7.706
irl,sex_t,eco_aggregate_con,edu_aggregate_total,2007,1.947
irl,sex_t,eco_aggregate_con,edu_aggregate_total,2009,2.186
irl,sex_t,eco_aggregate_con,edu_aggregate_total,2010,3.442
irl,sex_t,eco_aggregate_con,edu_aggregate_total,2012,3.785
irl,sex_t,eco_aggregate_con,edu_aggregate_total,2013,5.022
irl,sex_t,eco_aggregate_con,edu_aggregate_total,2014,5.383
irl,sex_t,eco_aggregate_man,edu_aggregate_adv,2014,3.041
irl,sex_t,eco_aggregate_man,edu_aggregate_bas,2010,2.902
irl,sex_t,eco_aggregate_man,edu_aggregate_int,2010,2.342
irl,sex_t,eco_aggregate_man,edu_aggregate_total,2008,0.871
irl,sex_t,eco_aggregate_man,edu_aggregate_total,2009,1.138
irl,sex_t,eco_aggregate_man,edu_aggregate_total,2010,1.874
irl,sex_t,eco_aggregate_man,edu_aggregate_total,2011,0.69
irl,sex_t,eco_aggregate_man,edu_aggregate_total,2013,0.924
irl,sex_t,eco_aggregate_man,edu_aggregate_total,2014,3.154
irl,sex_t,eco_aggregate_man,edu_aggregate_total,2016,0.56
irl,sex_t,eco_aggregate_man,edu_aggregate_total,2017,0.371
irl,sex_t,eco_aggregate_mkt,edu_aggregate_adv,2007,0.963
irl,sex_t,eco_aggregate_mkt,edu_aggregate_adv,2008,1.101
irl,sex_t,eco_aggregate_mkt,edu_aggregate_adv,2009,0.722
irl,sex_t,eco_aggregate_mkt,edu_aggregate_adv,2010,3.871
irl,sex_t,eco_aggregate_mkt,edu_aggregate_adv,2011,0.456
irl,sex_t,eco_aggregate_mkt,edu_aggregate_adv,2012,1.622
irl,sex_t,eco_aggregate_mkt,edu_aggregate_adv,2013,1.517
irl,sex_t,eco_aggregate_mkt,edu_aggregate_adv,2014,1.807
irl,sex_t,eco_aggregate_mkt,edu_aggregate_adv,2015,0.362
irl,sex_t,eco_aggregate_mkt,edu_aggregate_adv,2016,0.72
irl,sex_t,eco_aggregate_mkt,edu_aggregate_adv,2017,0.398
irl,sex_t,eco_aggregate_mkt,edu_aggregate_adv,2018,0.42
irl,sex_t,eco_aggregate_mkt,edu_aggregate_adv,2019,0.712
irl,sex_t,eco_aggregate_mkt,edu_aggregate_adv,2020,0.253
irl,sex_t,eco_aggregate_mkt,edu_aggregate_adv,2021,0.746
irl,sex_t,eco_aggregate_mkt,edu_aggregate_bas,2007,2.361
irl,sex_t,eco_aggregate_mkt,edu_aggregate_bas,2008,1.859
irl,sex_t,eco_aggregate_mkt,edu_aggregate_bas,2009,0.66
irl,sex_t,eco_aggregate_mkt,edu_aggregate_bas,2010,1.763
irl,sex_t,eco_aggregate_mkt,edu_aggregate_bas,2012,2.008
irl,sex_t,eco_aggregate_mkt,edu_aggregate_bas,2013,3.455
irl,sex_t,eco_aggregate_mkt,edu_aggregate_bas,2014,4.124
irl,sex_t,eco_aggregate_mkt,edu_aggregate_bas,2016,3.141
irl,sex_t,eco_aggregate_mkt,edu_aggregate_bas,2018,1.944
irl,sex_t,eco_aggregate_mkt,edu_aggregate_bas,2021,1.811
irl,sex_t,eco_aggregate_mkt,edu_aggregate_int,2007,1.662
irl,sex_t,eco_aggregate_mkt,edu_aggregate_int,2008,1.354
irl,sex_t,eco_aggregate_mkt,edu_aggregate_int,2009,1.396
irl,sex_t,eco_aggregate_mkt,edu_aggregate_int,2010,1.843
irl,sex_t,eco_aggregate_mkt,edu_aggregate_int,2012,2.028
irl,sex_t,eco_aggregate_mkt,edu_aggregate_int,2013,0.995
irl,sex_t,eco_aggregate_mkt,edu_aggregate_int,2014,2.227
irl,sex_t,eco_aggregate_mkt,edu_aggregate_int,2016,1.423
irl,sex_t,eco_aggregate_mkt,edu_aggregate_int,2017,0.593
irl,sex_t,eco_aggregate_mkt,edu_aggregate_int,2018,0.827
irl,sex_t,eco_aggregate_mkt,edu_aggregate_int,2020,1.308
irl,sex_t,eco_aggregate_mkt,edu_aggregate_int,2021,0.845
irl,sex_t,eco_aggregate_mkt,edu_aggregate_ltb,2022,0.89
irl,sex_t,eco_aggregate_mkt,edu_aggregate_ltb,2023,1.141
irl,sex_t,eco_aggregate_mkt,edu_aggregate_ltb,2024,0.834
irl,sex_t,eco_aggregate_mkt,edu_aggregate_total,2007,1.721
irl,sex_t,eco_aggregate_mkt,edu_aggregate_total,2008,1.344
irl,sex_t,eco_aggregate_mkt,edu_aggregate_total,2009,1.022
irl,sex_t,eco_aggregate_mkt,edu_aggregate_total,2010,2.684
irl,sex_t,eco_aggregate_mkt,edu_aggregate_total,2011,0.771
irl,sex_t,eco_aggregate_mkt,edu_aggregate_total,2012,1.825
irl,sex_t,eco_aggregate_mkt,edu_aggregate_total,2013,1.584
irl,sex_t,eco_aggregate_mkt,edu_aggregate_total,2014,2.248
irl,sex_t,eco_aggregate_mkt,edu_aggregate_total,2015,0.461
irl,sex_t,eco_aggregate_mkt,edu_aggregate_total,2016,1.227
irl,sex_t,eco_aggregate_mkt,edu_aggregate_total,2017,0.574
irl,sex_t,eco_aggregate_mkt,edu_aggregate_total,2018,0.705
irl,sex_t,eco_aggregate_mkt,edu_aggregate_total,2019,0.63
irl,sex_t,eco_aggregate_mkt,edu_aggregate_total,2020,0.662
irl,sex_t,eco_aggregate_mkt,edu_aggregate_total,2021,0.882
irl,sex_t,eco_aggregate_mkt,edu_aggregate_total,2022,0.884
irl,sex_t,eco_aggregate_mkt,edu_aggregate_total,2023,1.129
irl,sex_t,eco_aggregate_mkt,edu_aggregate_total,2024,0.823
irl,sex_t,eco_aggregate_pub,edu_aggregate_adv,2007,0.425
irl,sex_t,eco_aggregate_pub,edu_aggregate_adv,2008,0.689
irl,sex_t,eco_aggregate_pub,edu_aggregate_adv,2009,1.934
irl,sex_t,eco_aggregate_pub,edu_aggregate_adv,2010,0.731
irl,sex_t,eco_aggregate_pub,edu_aggregate_adv,2011,3.775
irl,sex_t,eco_aggregate_pub,edu_aggregate_adv,2012,1.101
irl,sex_t,eco_aggregate_pub,edu_aggregate_adv,2013,0.961
irl,sex_t,eco_aggregate_pub,edu_aggregate_adv,2014,3.722
irl,sex_t,eco_aggregate_pub,edu_aggregate_adv,2015,3.908
irl,sex_t,eco_aggregate_pub,edu_aggregate_adv,2016,3.785
irl,sex_t,eco_aggregate_pub,edu_aggregate_adv,2017,3.854
irl,sex_t,eco_aggregate_pub,edu_aggregate_adv,2018,4.638
irl,sex_t,eco_aggregate_pub,edu_aggregate_adv,2019,1.615
irl,sex_t,eco_aggregate_pub,edu_aggregate_adv,2020,2.235
irl,sex_t,eco_aggregate_pub,edu_aggregate_adv,2021,1.115
irl,sex_t,eco_aggregate_pub,edu_aggregate_bas,2007,0.963
irl,sex_t,eco_aggregate_pub,edu_aggregate_bas,2009,3.59
irl,sex_t,eco_aggregate_pub,edu_aggregate_bas,2010,1.791
irl,sex_t,eco_aggregate_pub,edu_aggregate_bas,2011,19.12
irl,sex_t,eco_aggregate_pub,edu_aggregate_bas,2012,6.109
irl,sex_t,eco_aggregate_pub,edu_aggregate_bas,2013,2.21
irl,sex_t,eco_aggregate_pub,edu_aggregate_bas,2014,12.946
irl,sex_t,eco_aggregate_pub,edu_aggregate_bas,2015,14.422
irl,sex_t,eco_aggregate_pub,edu_aggregate_bas,2016,12.507
irl,sex_t,eco_aggregate_pub,edu_aggregate_bas,2017,9.882
irl,sex_t,eco_aggregate_pub,edu_aggregate_bas,2018,9.85
irl,sex_t,eco_aggregate_pub,edu_aggregate_bas,2019,16.592
irl,sex_t,eco_aggregate_pub,edu_aggregate_bas,2020,16.96
irl,sex_t,eco_aggregate_pub,edu_aggregate_bas,2021,12.615
irl,sex_t,eco_aggregate_pub,edu_aggregate_int,2007,0.505
irl,sex_t,eco_aggregate_pub,edu_aggregate_int,2009,1.584
irl,sex_t,eco_aggregate_pub,edu_aggregate_int,2010,1.097
irl,sex_t,eco_aggregate_pub,edu_aggregate_int,2011,11.453
irl,sex_t,eco_aggregate_pub,edu_aggregate_int,2013,3.631
irl,sex_t,eco_aggregate_pub,edu_aggregate_int,2014,8.347
irl,sex_t,eco_aggregate_pub,edu_aggregate_int,2015,8.029
irl,sex_t,eco_aggregate_pub,edu_aggregate_int,2016,8.61
irl,sex_t,eco_aggregate_pub,edu_aggregate_int,2017,8.697
irl,sex_t,eco_aggregate_pub,edu_aggregate_int,2018,10.408
irl,sex_t,eco_aggregate_pub,edu_aggregate_int,2019,9.949
irl,sex_t,eco_aggregate_pub,edu_aggregate_int,2020,14.202
irl,sex_t,eco_aggregate_pub,edu_aggregate_int,2021,8.602
irl,sex_t,eco_aggregate_pub,edu_aggregate_ltb,2022,4.014
irl,sex_t,eco_aggregate_pub,edu_aggregate_ltb,2023,4.707
irl,sex_t,eco_aggregate_pub,edu_aggregate_ltb,2024,5.289
irl,sex_t,eco_aggregate_pub,edu_aggregate_total,2007,0.566
irl,sex_t,eco_aggregate_pub,edu_aggregate_total,2008,0.851
irl,sex_t,eco_aggregate_pub,edu_aggregate_total,2009,2.212
irl,sex_t,eco_aggregate_pub,edu_aggregate_total,2010,1.008
irl,sex_t,eco_aggregate_pub,edu_aggregate_total,2011,8.093
irl,sex_t,eco_aggregate_pub,edu_aggregate_total,2012,1.774
irl,sex_t,eco_aggregate_pub,edu_aggregate_total,2013,1.715
irl,sex_t,eco_aggregate_pub,edu_aggregate_total,2014,5.81
irl,sex_t,eco_aggregate_pub,edu_aggregate_total,2015,6.168
irl,sex_t,eco_aggregate_pub,edu_aggregate_total,2016,5.862
irl,sex_t,eco_aggregate_pub,edu_aggregate_total,2017,5.664
irl,sex_t,eco_aggregate_pub,edu_aggregate_total,2018,6.446
irl,sex_t,eco_aggregate_pub,edu_aggregate_total,2019,4.687
irl,sex_t,eco_aggregate_pub,edu_aggregate_total,2020,5.921
irl,sex_t,eco_aggregate_pub,edu_aggregate_total,2021,3.656
irl,sex_t,eco_aggregate_pub,edu_aggregate_total,2022,4.006
irl,sex_t,eco_aggregate_pub,edu_aggregate_total,2023,4.812
irl,sex_t,eco_aggregate_pub,edu_aggregate_total,2024,5.423
irl,sex_t,eco_aggregate_total,edu_aggregate_adv,2007,0.874
irl,sex_t,eco_aggregate_total,edu_aggregate_adv,2008,1.097
irl,sex_t,eco_aggregate_total,edu_aggregate_adv,2009,1.271
irl,sex_t,eco_aggregate_total,edu_aggregate_adv,2010,2.631
irl,sex_t,eco_aggregate_total,edu_aggregate_adv,2011,2.139
irl,sex_t,eco_aggregate_total,edu_aggregate_adv,2012,1.649
irl,sex_t,eco_aggregate_total,edu_aggregate_adv,2013,1.411
irl,sex_t,eco_aggregate_total,edu_aggregate_adv,2014,2.999
irl,sex_t,eco_aggregate_total,edu_aggregate_adv,2015,1.975
irl,sex_t,eco_aggregate_total,edu_aggregate_adv,2016,1.939
irl,sex_t,eco_aggregate_total,edu_aggregate_adv,2017,1.932
irl,sex_t,eco_aggregate_total,edu_aggregate_adv,2018,2.072
irl,sex_t,eco_aggregate_total,edu_aggregate_adv,2019,1.029
irl,sex_t,eco_aggregate_total,edu_aggregate_adv,2020,1.072
irl,sex_t,eco_aggregate_total,edu_aggregate_adv,2021,0.804
irl,sex_t,eco_aggregate_total,edu_aggregate_bas,2007,2.165
irl,sex_t,eco_aggregate_total,edu_aggregate_bas,2008,1.525
irl,sex_t,eco_aggregate_total,edu_aggregate_bas,2009,3.112
irl,sex_t,eco_aggregate_total,edu_aggregate_bas,2010,3.694
irl,sex_t,eco_aggregate_total,edu_aggregate_bas,2011,7.455
irl,sex_t,eco_aggregate_total,edu_aggregate_bas,2012,3.485
irl,sex_t,eco_aggregate_total,edu_aggregate_bas,2013,3.252
irl,sex_t,eco_aggregate_total,edu_aggregate_bas,2014,7.168
irl,sex_t,eco_aggregate_total,edu_aggregate_bas,2015,4.594
irl,sex_t,eco_aggregate_total,edu_aggregate_bas,2016,4.621
irl,sex_t,eco_aggregate_total,edu_aggregate_bas,2017,3.491
irl,sex_t,eco_aggregate_total,edu_aggregate_bas,2018,3.129
irl,sex_t,eco_aggregate_total,edu_aggregate_bas,2019,4.026
irl,sex_t,eco_aggregate_total,edu_aggregate_bas,2020,4.576
irl,sex_t,eco_aggregate_total,edu_aggregate_bas,2021,3.128
irl,sex_t,eco_aggregate_total,edu_aggregate_int,2007,1.573
irl,sex_t,eco_aggregate_total,edu_aggregate_int,2008,1.411
irl,sex_t,eco_aggregate_total,edu_aggregate_int,2009,1.785
irl,sex_t,eco_aggregate_total,edu_aggregate_int,2010,2.567
irl,sex_t,eco_aggregate_total,edu_aggregate_int,2011,4.004
irl,sex_t,eco_aggregate_total,edu_aggregate_int,2012,1.66
irl,sex_t,eco_aggregate_total,edu_aggregate_int,2013,2.508
irl,sex_t,eco_aggregate_total,edu_aggregate_int,2014,3.914
irl,sex_t,eco_aggregate_total,edu_aggregate_int,2015,2.532
irl,sex_t,eco_aggregate_total,edu_aggregate_int,2016,3.275
irl,sex_t,eco_aggregate_total,edu_aggregate_int,2017,2.97
irl,sex_t,eco_aggregate_total,edu_aggregate_int,2018,3.104
irl,sex_t,eco_aggregate_total,edu_aggregate_int,2019,3.595
irl,sex_t,eco_aggregate_total,edu_aggregate_int,2020,4.598
irl,sex_t,eco_aggregate_total,edu_aggregate_int,2021,2.892
irl,sex_t,eco_aggregate_total,edu_aggregate_ltb,2022,1.924
irl,sex_t,eco_aggregate_total,edu_aggregate_ltb,2023,2.333
irl,sex_t,eco_aggregate_total,edu_aggregate_ltb,2024,2.409
irl,sex_t,eco_aggregate_total,edu_aggregate_total,2007,1.548
irl,sex_t,eco_aggregate_total,edu_aggregate_total,2008,1.378
irl,sex_t,eco_aggregate_total,edu_aggregate_total,2009,1.903
irl,sex_t,eco_aggregate_total,edu_aggregate_total,2010,2.805
irl,sex_t,eco_aggregate_total,edu_aggregate_total,2011,3.809
irl,sex_t,eco_aggregate_total,edu_aggregate_total,2012,1.96
irl,sex_t,eco_aggregate_total,edu_aggregate_total,2013,2.001
irl,sex_t,eco_aggregate_total,edu_aggregate_total,2014,3.922
irl,sex_t,eco_aggregate_total,edu_aggregate_total,2015,2.561
irl,sex_t,eco_aggregate_total,edu_aggregate_total,2016,2.744
irl,sex_t,eco_aggregate_total,edu_aggregate_total,2017,2.5
irl,sex_t,eco_aggregate_total,edu_aggregate_total,2018,2.535
irl,sex_t,eco_aggregate_total,edu_aggregate_total,2019,2.143
irl,sex_t,eco_aggregate_total,edu_aggregate_total,2020,2.488
irl,sex_t,eco_aggregate_total,edu_aggregate_total,2021,1.792
irl,sex_t,eco_aggregate_total,edu_aggregate_total,2022,1.914
irl,sex_t,eco_aggregate_total,edu_aggregate_total,2023,2.372
irl,sex_t,eco_aggregate_total,edu_aggregate_total,2024,2.484
irl,sex_t,eco_isic4_a,edu_aggregate_adv,2010,20.384
irl,sex_t,eco_isic4_a,edu_aggregate_adv,2012,11.177
irl,sex_t,eco_isic4_a,edu_aggregate_adv,2013,8.694
irl,sex_t,eco_isic4_a,edu_aggregate_adv,2014,9.863
irl,sex_t,eco_isic4_a,edu_aggregate_adv,2015,7.986
irl,sex_t,eco_isic4_a,edu_aggregate_adv,2016,3.851
irl,sex_t,eco_isic4_a,edu_aggregate_adv,2017,5.559
irl,sex_t,eco_isic4_a,edu_aggregate_adv,2018,3.585
irl,sex_t,eco_isic4_a,edu_aggregate_bas,2009,9.324
irl,sex_t,eco_isic4_a,edu_aggregate_bas,2010,14.11
irl,sex_t,eco_isic4_a,edu_aggregate_bas,2011,4.208
irl,sex_t,eco_isic4_a,edu_aggregate_bas,2012,5.151
irl,sex_t,eco_isic4_a,edu_aggregate_bas,2013,6.841
irl,sex_t,eco_isic4_a,edu_aggregate_bas,2014,8.009
irl,sex_t,eco_isic4_a,edu_aggregate_bas,2015,4.69
irl,sex_t,eco_isic4_a,edu_aggregate_bas,2016,3.95
irl,sex_t,eco_isic4_a,edu_aggregate_bas,2017,4.449
irl,sex_t,eco_isic4_a,edu_aggregate_bas,2019,5.017
irl,sex_t,eco_isic4_a,edu_aggregate_bas,2021,3.546
irl,sex_t,eco_isic4_a,edu_aggregate_int,2010,20.274
irl,sex_t,eco_isic4_a,edu_aggregate_int,2019,10.384
irl,sex_t,eco_isic4_a,edu_aggregate_ltb,2022,4.235
irl,sex_t,eco_isic4_a,edu_aggregate_ltb,2023,4.342
irl,sex_t,eco_isic4_a,edu_aggregate_ltb,2024,4.072
irl,sex_t,eco_isic4_a,edu_aggregate_total,2009,7.684
irl,sex_t,eco_isic4_a,edu_aggregate_total,2010,16.051
irl,sex_t,eco_isic4_a,edu_aggregate_total,2011,6.799
irl,sex_t,eco_isic4_a,edu_aggregate_total,2012,6.659
irl,sex_t,eco_isic4_a,edu_aggregate_total,2013,7.856
irl,sex_t,eco_isic4_a,edu_aggregate_total,2014,7.207
irl,sex_t,eco_isic4_a,edu_aggregate_total,2015,4.634
irl,sex_t,eco_isic4_a,edu_aggregate_total,2016,3.139
irl,sex_t,eco_isic4_a,edu_aggregate_total,2017,5.302
irl,sex_t,eco_isic4_a,edu_aggregate_total,2018,2.562
irl,sex_t,eco_isic4_a,edu_aggregate_total,2019,4.922
irl,sex_t,eco_isic4_a,edu_aggregate_total,2020,3.03
irl,sex_t,eco_isic4_a,edu_aggregate_total,2021,4.026
irl,sex_t,eco_isic4_a,edu_aggregate_total,2022,4.174
irl,sex_t,eco_isic4_a,edu_aggregate_total,2023,4.821
irl,sex_t,eco_isic4_a,edu_aggregate_total,2024,4.365
irl,sex_t,eco_isic4_c,edu_aggregate_adv,2014,3.041
irl,sex_t,eco_isic4_c,edu_aggregate_bas,2010,2.902
irl,sex_t,eco_isic4_c,edu_aggregate_int,2010,2.342
irl,sex_t,eco_isic4_c,edu_aggregate_total,2009,1.138
irl,sex_t,eco_isic4_c,edu_aggregate_total,2010,1.874
irl,sex_t,eco_isic4_c,edu_aggregate_total,2011,0.69
irl,sex_t,eco_isic4_c,edu_aggregate_total,2013,0.924
irl,sex_t,eco_isic4_c,edu_aggregate_total,2014,3.154
irl,sex_t,eco_isic4_c,edu_aggregate_total,2016,0.56
irl,sex_t,eco_isic4_c,edu_aggregate_total,2017,0.371
irl,sex_t,eco_isic4_f,edu_aggregate_bas,2012,4.707
irl,sex_t,eco_isic4_f,edu_aggregate_bas,2014,7.706
irl,sex_t,eco_isic4_f,edu_aggregate_total,2009,2.186
irl,sex_t,eco_isic4_f,edu_aggregate_total,2010,3.442
irl,sex_t,eco_isic4_f,edu_aggregate_total,2012,3.785
irl,sex_t,eco_isic4_f,edu_aggregate_total,2013,5.022
irl,sex_t,eco_isic4_f,edu_aggregate_total,2014,5.383
irl,sex_t,eco_isic4_g,edu_aggregate_adv,2010,4.853
irl,sex_t,eco_isic4_g,edu_aggregate_adv,2013,2.378
irl,sex_t,eco_isic4_g,edu_aggregate_adv,2014,2.221
irl,sex_t,eco_isic4_g,edu_aggregate_adv,2021,3.132
irl,sex_t,eco_isic4_g,edu_aggregate_int,2010,3.033
irl,sex_t,eco_isic4_g,edu_aggregate_int,2012,3.285
irl,sex_t,eco_isic4_g,edu_aggregate_int,2016,2.693
irl,sex_t,eco_isic4_g,edu_aggregate_int,2017,1.37
irl,sex_t,eco_isic4_g,edu_aggregate_int,2018,1.967
irl,sex_t,eco_isic4_g,edu_aggregate_ltb,2022,0.881
irl,sex_t,eco_isic4_g,edu_aggregate_ltb,2024,1.124
irl,sex_t,eco_isic4_g,edu_aggregate_total,2009,1.528
irl,sex_t,eco_isic4_g,edu_aggregate_total,2010,3.164
irl,sex_t,eco_isic4_g,edu_aggregate_total,2011,1.185
irl,sex_t,eco_isic4_g,edu_aggregate_total,2012,2.219
irl,sex_t,eco_isic4_g,edu_aggregate_total,2013,0.972
irl,sex_t,eco_isic4_g,edu_aggregate_total,2014,3.917
irl,sex_t,eco_isic4_g,edu_aggregate_total,2015,0.527
irl,sex_t,eco_isic4_g,edu_aggregate_total,2016,2.071
irl,sex_t,eco_isic4_g,edu_aggregate_total,2017,0.95
irl,sex_t,eco_isic4_g,edu_aggregate_total,2018,0.94
irl,sex_t,eco_isic4_g,edu_aggregate_total,2021,1.646
irl,sex_t,eco_isic4_g,edu_aggregate_total,2022,0.881
irl,sex_t,eco_isic4_g,edu_aggregate_total,2024,1.109
irl,sex_t,eco_isic4_h,edu_aggregate_bas,2013,11.824
irl,sex_t,eco_isic4_h,edu_aggregate_total,2009,2.166
irl,sex_t,eco_isic4_h,edu_aggregate_total,2010,3.032
irl,sex_t,eco_isic4_h,edu_aggregate_total,2012,3.309
irl,sex_t,eco_isic4_h,edu_aggregate_total,2013,4.23
irl,sex_t,eco_isic4_i,edu_aggregate_total,2010,2.027
irl,sex_t,eco_isic4_i,edu_aggregate_total,2012,1.282
irl,sex_t,eco_isic4_i,edu_aggregate_total,2014,1.834
irl,sex_t,eco_isic4_i,edu_aggregate_total,2018,1.201
irl,sex_t,eco_isic4_l,edu_aggregate_adv,2010,5.559
irl,sex_t,eco_isic4_l,edu_aggregate_adv,2012,2.487
irl,sex_t,eco_isic4_l,edu_aggregate_adv,2013,2.589
irl,sex_t,eco_isic4_l,edu_aggregate_adv,2014,1.859
irl,sex_t,eco_isic4_l,edu_aggregate_ltb,2022,1.056
irl,sex_t,eco_isic4_l,edu_aggregate_ltb,2023,3.136
irl,sex_t,eco_isic4_l,edu_aggregate_ltb,2024,1.482
irl,sex_t,eco_isic4_l,edu_aggregate_total,2010,4.174
irl,sex_t,eco_isic4_l,edu_aggregate_total,2011,1.751
irl,sex_t,eco_isic4_l,edu_aggregate_total,2012,1.962
irl,sex_t,eco_isic4_l,edu_aggregate_total,2013,2.272
irl,sex_t,eco_isic4_l,edu_aggregate_total,2014,1.317
irl,sex_t,eco_isic4_l,edu_aggregate_total,2016,1.573
irl,sex_t,eco_isic4_l,edu_aggregate_total,2017,0.565
irl,sex_t,eco_isic4_l,edu_aggregate_total,2020,1.595
irl,sex_t,eco_isic4_l,edu_aggregate_total,2021,1.142
irl,sex_t,eco_isic4_l,edu_aggregate_total,2022,1.055
irl,sex_t,eco_isic4_l,edu_aggregate_total,2023,3.114
irl,sex_t,eco_isic4_l,edu_aggregate_total,2024,1.466
irl,sex_t,eco_isic4_p,edu_aggregate_adv,2009,4.587
irl,sex_t,eco_isic4_p,edu_aggregate_total,2009,3.679
irl,sex_t,eco_isic4_q,edu_aggregate_adv,2014,0.721
irl,sex_t,eco_isic4_q,edu_aggregate_bas,2009,11.927
irl,sex_t,eco_isic4_q,edu_aggregate_int,2020,4.928
irl,sex_t,eco_isic4_q,edu_aggregate_ltb,2022,1.274
irl,sex_t,eco_isic4_q,edu_aggregate_ltb,2023,1.149
irl,sex_t,eco_isic4_q,edu_aggregate_ltb,2024,1.431
irl,sex_t,eco_isic4_q,edu_aggregate_total,2009,3.021
irl,sex_t,eco_isic4_q,edu_aggregate_total,2010,1.783
irl,sex_t,eco_isic4_q,edu_aggregate_total,2012,1.36
irl,sex_t,eco_isic4_q,edu_aggregate_total,2013,0.78
irl,sex_t,eco_isic4_q,edu_aggregate_total,2014,0.673
irl,sex_t,eco_isic4_q,edu_aggregate_total,2015,0.585
irl,sex_t,eco_isic4_q,edu_aggregate_total,2016,0.61
irl,sex_t,eco_isic4_q,edu_aggregate_total,2019,1.141
irl,sex_t,eco_isic4_q,edu_aggregate_total,2020,2.076
irl,sex_t,eco_isic4_q,edu_aggregate_total,2021,0.916
irl,sex_t,eco_isic4_q,edu_aggregate_total,2022,1.268
irl,sex_t,eco_isic4_q,edu_aggregate_total,2023,1.148
irl,sex_t,eco_isic4_q,edu_aggregate_total,2024,1.428
irl,sex_t,eco_isic4_s,edu_aggregate_adv,2011,28.861
irl,sex_t,eco_isic4_s,edu_aggregate_adv,2012,5.168
irl,sex_t,eco_isic4_s,edu_aggregate_adv,2013,5.267
irl,sex_t,eco_isic4_s,edu_aggregate_adv,2014,27.161
irl,sex_t,eco_isic4_s,edu_aggregate_adv,2015,25.424
irl,sex_t,eco_isic4_s,edu_aggregate_adv,2016,28.506
irl,sex_t,eco_isic4_s,edu_aggregate_adv,2017,27.535
irl,sex_t,eco_isic4_s,edu_aggregate_adv,2018,32.366
irl,sex_t,eco_isic4_s,edu_aggregate_adv,2019,12.078
irl,sex_t,eco_isic4_s,edu_aggregate_adv,2020,21.099
irl,sex_t,eco_isic4_s,edu_aggregate_adv,2021,8.789
irl,sex_t,eco_isic4_s,edu_aggregate_bas,2011,63.614
irl,sex_t,eco_isic4_s,edu_aggregate_bas,2012,18.981
irl,sex_t,eco_isic4_s,edu_aggregate_bas,2014,65.687
irl,sex_t,eco_isic4_s,edu_aggregate_bas,2015,57.876
irl,sex_t,eco_isic4_s,edu_aggregate_bas,2016,49.003
irl,sex_t,eco_isic4_s,edu_aggregate_bas,2017,39.204
irl,sex_t,eco_isic4_s,edu_aggregate_bas,2018,41.458
irl,sex_t,eco_isic4_s,edu_aggregate_bas,2019,46.76
irl,sex_t,eco_isic4_s,edu_aggregate_bas,2020,51.808
irl,sex_t,eco_isic4_s,edu_aggregate_bas,2021,46.85
irl,sex_t,eco_isic4_s,edu_aggregate_int,2011,46.772
irl,sex_t,eco_isic4_s,edu_aggregate_int,2013,15.843
irl,sex_t,eco_isic4_s,edu_aggregate_int,2014,44.301
irl,sex_t,eco_isic4_s,edu_aggregate_int,2015,43.44
irl,sex_t,eco_isic4_s,edu_aggregate_int,2016,41.592
irl,sex_t,eco_isic4_s,edu_aggregate_int,2017,41.477
irl,sex_t,eco_isic4_s,edu_aggregate_int,2018,40.469
irl,sex_t,eco_isic4_s,edu_aggregate_int,2019,39.818
irl,sex_t,eco_isic4_s,edu_aggregate_int,2020,51.012
irl,sex_t,eco_isic4_s,edu_aggregate_int,2021,42.228
irl,sex_t,eco_isic4_s,edu_aggregate_ltb,2022,29.407
irl,sex_t,eco_isic4_s,edu_aggregate_ltb,2023,37.564
irl,sex_t,eco_isic4_s,edu_aggregate_ltb,2024,39.648
irl,sex_t,eco_isic4_s,edu_aggregate_total,2009,3.184
irl,sex_t,eco_isic4_s,edu_aggregate_total,2010,2.37
irl,sex_t,eco_isic4_s,edu_aggregate_total,2011,44.945
irl,sex_t,eco_isic4_s,edu_aggregate_total,2012,7.001
irl,sex_t,eco_isic4_s,edu_aggregate_total,2013,8.353
irl,sex_t,eco_isic4_s,edu_aggregate_total,2014,37.785
irl,sex_t,eco_isic4_s,edu_aggregate_total,2015,35.706
irl,sex_t,eco_isic4_s,edu_aggregate_total,2016,35.902
irl,sex_t,eco_isic4_s,edu_aggregate_total,2017,33.985
irl,sex_t,eco_isic4_s,edu_aggregate_total,2018,36.507
irl,sex_t,eco_isic4_s,edu_aggregate_total,2019,27.56
irl,sex_t,eco_isic4_s,edu_aggregate_total,2020,37.311
irl,sex_t,eco_isic4_s,edu_aggregate_total,2021,26.312
irl,sex_t,eco_isic4_s,edu_aggregate_total,2022,29.358
irl,sex_t,eco_isic4_s,edu_aggregate_total,2023,38.089
irl,sex_t,eco_isic4_s,edu_aggregate_total,2024,40.392
irl,sex_t,eco_isic4_total,edu_aggregate_adv,2009,1.271
irl,sex_t,eco_isic4_total,edu_aggregate_adv,2010,2.631
irl,sex_t,eco_isic4_total,edu_aggregate_adv,2011,2.139
irl,sex_t,eco_isic4_total,edu_aggregate_adv,2012,1.649
irl,sex_t,eco_isic4_total,edu_aggregate_adv,2013,1.411
irl,sex_t,eco_isic4_total,edu_aggregate_adv,2014,2.999
irl,sex_t,eco_isic4_total,edu_aggregate_adv,2015,1.975
irl,sex_t,eco_isic4_total,edu_aggregate_adv,2016,1.939
irl,sex_t,eco_isic4_total,edu_aggregate_adv,2017,1.932
irl,sex_t,eco_isic4_total,edu_aggregate_adv,2018,2.072
irl,sex_t,eco_isic4_total,edu_aggregate_adv,2019,1.029
irl,sex_t,eco_isic4_total,edu_aggregate_adv,2020,1.072
irl,sex_t,eco_isic4_total,edu_aggregate_adv,2021,0.804
irl,sex_t,eco_isic4_total,edu_aggregate_bas,2009,3.112
irl,sex_t,eco_isic4_total,edu_aggregate_bas,2010,3.694
irl,sex_t,eco_isic4_total,edu_aggregate_bas,2011,7.455
irl,sex_t,eco_isic4_total,edu_aggregate_bas,2012,3.485
irl,sex_t,eco_isic4_total,edu_aggregate_bas,2013,3.252
irl,sex_t,eco_isic4_total,edu_aggregate_bas,2014,7.168
irl,sex_t,eco_isic4_total,edu_aggregate_bas,2015,4.594
irl,sex_t,eco_isic4_total,edu_aggregate_bas,2016,4.621
irl,sex_t,eco_isic4_total,edu_aggregate_bas,2017,3.491
irl,sex_t,eco_isic4_total,edu_aggregate_bas,2018,3.129
irl,sex_t,eco_isic4_total,edu_aggregate_bas,2019,4.026
irl,sex_t,eco_isic4_total,edu_aggregate_bas,2020,4.576
irl,sex_t,eco_isic4_total,edu_aggregate_bas,2021,3.128
irl,sex_t,eco_isic4_total,edu_aggregate_int,2009,1.785
irl,sex_t,eco_isic4_total,edu_aggregate_int,2010,2.567
irl,sex_t,eco_isic4_total,edu_aggregate_int,2011,4.004
irl,sex_t,eco_isic4_total,edu_aggregate_int,2012,1.66
irl,sex_t,eco_isic4_total,edu_aggregate_int,2013,2.508
irl,sex_t,eco_isic4_total,edu_aggregate_int,2014,3.914
irl,sex_t,eco_isic4_total,edu_aggregate_int,2015,2.532
irl,sex_t,eco_isic4_total,edu_aggregate_int,2016,3.275
irl,sex_t,eco_isic4_total,edu_aggregate_int,2017,2.97
irl,sex_t,eco_isic4_total,edu_aggregate_int,2018,3.104
irl,sex_t,eco_isic4_total,edu_aggregate_int,2019,3.595
irl,sex_t,eco_isic4_total,edu_aggregate_int,2020,4.598
irl,sex_t,eco_isic4_total,edu_aggregate_int,2021,2.892
irl,sex_t,eco_isic4_total,edu_aggregate_ltb,2022,1.924
irl,sex_t,eco_isic4_total,edu_aggregate_ltb,2023,2.333
irl,sex_t,eco_isic4_total,edu_aggregate_ltb,2024,2.409
irl,sex_t,eco_isic4_total,edu_aggregate_total,2009,1.903
irl,sex_t,eco_isic4_total,edu_aggregate_total,2010,2.805
irl,sex_t,eco_isic4_total,edu_aggregate_total,2011,3.809
irl,sex_t,eco_isic4_total,edu_aggregate_total,2012,1.96
irl,sex_t,eco_isic4_total,edu_aggregate_total,2013,2.001
irl,sex_t,eco_isic4_total,edu_aggregate_total,2014,3.922
irl,sex_t,eco_isic4_total,edu_aggregate_total,2015,2.561
irl,sex_t,eco_isic4_total,edu_aggregate_total,2016,2.744
irl,sex_t,eco_isic4_total,edu_aggregate_total,2017,2.5
irl,sex_t,eco_isic4_total,edu_aggregate_total,2018,2.535
irl,sex_t,eco_isic4_total,edu_aggregate_total,2019,2.143
irl,sex_t,eco_isic4_total,edu_aggregate_total,2020,2.488
irl,sex_t,eco_isic4_total,edu_aggregate_total,2021,1.792
irl,sex_t,eco_isic4_total,edu_aggregate_total,2022,1.914
irl,sex_t,eco_isic4_total,edu_aggregate_total,2023,2.372
irl,sex_t,eco_isic4_total,edu_aggregate_total,2024,2.484
irl,sex_t,eco_sector_agr,edu_aggregate_adv,2010,20.384
irl,sex_t,eco_sector_agr,edu_aggregate_adv,2012,11.177
irl,sex_t,eco_sector_agr,edu_aggregate_adv,2013,8.694
irl,sex_t,eco_sector_agr,edu_aggregate_adv,2014,9.863
irl,sex_t,eco_sector_agr,edu_aggregate_adv,2015,7.986
irl,sex_t,eco_sector_agr,edu_aggregate_adv,2016,3.851
irl,sex_t,eco_sector_agr,edu_aggregate_adv,2017,5.559
irl,sex_t,eco_sector_agr,edu_aggregate_adv,2018,3.585
irl,sex_t,eco_sector_agr,edu_aggregate_bas,2007,5.406
irl,sex_t,eco_sector_agr,edu_aggregate_bas,2008,4.692
irl,sex_t,eco_sector_agr,edu_aggregate_bas,2009,9.324
irl,sex_t,eco_sector_agr,edu_aggregate_bas,2010,14.11
irl,sex_t,eco_sector_agr,edu_aggregate_bas,2011,4.208
irl,sex_t,eco_sector_agr,edu_aggregate_bas,2012,5.151
irl,sex_t,eco_sector_agr,edu_aggregate_bas,2013,6.841
irl,sex_t,eco_sector_agr,edu_aggregate_bas,2014,8.009
irl,sex_t,eco_sector_agr,edu_aggregate_bas,2015,4.69
irl,sex_t,eco_sector_agr,edu_aggregate_bas,2016,3.95
irl,sex_t,eco_sector_agr,edu_aggregate_bas,2017,4.449
irl,sex_t,eco_sector_agr,edu_aggregate_bas,2019,5.017
irl,sex_t,eco_sector_agr,edu_aggregate_bas,2021,3.546
irl,sex_t,eco_sector_agr,edu_aggregate_int,2007,10.604
irl,sex_t,eco_sector_agr,edu_aggregate_int,2008,8.113
irl,sex_t,eco_sector_agr,edu_aggregate_int,2010,20.274
irl,sex_t,eco_sector_agr,edu_aggregate_int,2019,10.384
irl,sex_t,eco_sector_agr,edu_aggregate_ltb,2022,4.235
irl,sex_t,eco_sector_agr,edu_aggregate_ltb,2023,4.342
irl,sex_t,eco_sector_agr,edu_aggregate_ltb,2024,4.072
irl,sex_t,eco_sector_agr,edu_aggregate_total,2007,6.135
irl,sex_t,eco_sector_agr,edu_aggregate_total,2008,5.899
irl,sex_t,eco_sector_agr,edu_aggregate_total,2009,7.684
irl,sex_t,eco_sector_agr,edu_aggregate_total,2010,16.051
irl,sex_t,eco_sector_agr,edu_aggregate_total,2011,6.799
irl,sex_t,eco_sector_agr,edu_aggregate_total,2012,6.659
irl,sex_t,eco_sector_agr,edu_aggregate_total,2013,7.856
irl,sex_t,eco_sector_agr,edu_aggregate_total,2014,7.207
irl,sex_t,eco_sector_agr,edu_aggregate_total,2015,4.634
irl,sex_t,eco_sector_agr,edu_aggregate_total,2016,3.139
irl,sex_t,eco_sector_agr,edu_aggregate_total,2017,5.302
irl,sex_t,eco_sector_agr,edu_aggregate_total,2018,2.562
irl,sex_t,eco_sector_agr,edu_aggregate_total,2019,4.922
irl,sex_t,eco_sector_agr,edu_aggregate_total,2020,3.03
irl,sex_t,eco_sector_agr,edu_aggregate_total,2021,4.026
irl,sex_t,eco_sector_agr,edu_aggregate_total,2022,4.174
irl,sex_t,eco_sector_agr,edu_aggregate_total,2023,4.821
irl,sex_t,eco_sector_agr,edu_aggregate_total,2024,4.365
irl,sex_t,eco_sector_ind,edu_aggregate_adv,2012,2.232
irl,sex_t,eco_sector_ind,edu_aggregate_adv,2013,1.549
irl,sex_t,eco_sector_ind,edu_aggregate_adv,2014,3.649
irl,sex_t,eco_sector_ind,edu_aggregate_bas,2010,2.545
irl,sex_t,eco_sector_ind,edu_aggregate_bas,2012,1.903
irl,sex_t,eco_sector_ind,edu_aggregate_bas,2014,5.685
irl,sex_t,eco_sector_ind,edu_aggregate_bas,2017,0.887
irl,sex_t,eco_sector_ind,edu_aggregate_int,2009,1.999
irl,sex_t,eco_sector_ind,edu_aggregate_int,2010,3.91
irl,sex_t,eco_sector_ind,edu_aggregate_int,2013,3.868
irl,sex_t,eco_sector_ind,edu_aggregate_ltb,2023,0.536
irl,sex_t,eco_sector_ind,edu_aggregate_ltb,2024,0.405
irl,sex_t,eco_sector_ind,edu_aggregate_total,2007,1.199
irl,sex_t,eco_sector_ind,edu_aggregate_total,2008,1.029
irl,sex_t,eco_sector_ind,edu_aggregate_total,2009,1.613
irl,sex_t,eco_sector_ind,edu_aggregate_total,2010,2.478
irl,sex_t,eco_sector_ind,edu_aggregate_total,2011,1.832
irl,sex_t,eco_sector_ind,edu_aggregate_total,2012,1.583
irl,sex_t,eco_sector_ind,edu_aggregate_total,2013,2.138
irl,sex_t,eco_sector_ind,edu_aggregate_total,2014,3.716
irl,sex_t,eco_sector_ind,edu_aggregate_total,2015,0.508
irl,sex_t,eco_sector_ind,edu_aggregate_total,2016,0.562
irl,sex_t,eco_sector_ind,edu_aggregate_total,2017,0.449
irl,sex_t,eco_sector_ind,edu_aggregate_total,2023,0.526
irl,sex_t,eco_sector_ind,edu_aggregate_total,2024,0.401
irl,sex_t,eco_sector_nag,edu_aggregate_adv,2007,0.882
irl,sex_t,eco_sector_nag,edu_aggregate_adv,2008,1.02
irl,sex_t,eco_sector_nag,edu_aggregate_adv,2009,1.301
irl,sex_t,eco_sector_nag,edu_aggregate_adv,2010,2.171
irl,sex_t,eco_sector_nag,edu_aggregate_adv,2011,2.09
irl,sex_t,eco_sector_nag,edu_aggregate_adv,2012,1.476
irl,sex_t,eco_sector_nag,edu_aggregate_adv,2013,1.286
irl,sex_t,eco_sector_nag,edu_aggregate_adv,2014,2.873
irl,sex_t,eco_sector_nag,edu_aggregate_adv,2015,1.846
irl,sex_t,eco_sector_nag,edu_aggregate_adv,2016,1.892
irl,sex_t,eco_sector_nag,edu_aggregate_adv,2017,1.828
irl,sex_t,eco_sector_nag,edu_aggregate_adv,2018,2.022
irl,sex_t,eco_sector_nag,edu_aggregate_adv,2019,1.026
irl,sex_t,eco_sector_nag,edu_aggregate_adv,2020,1.058
irl,sex_t,eco_sector_nag,edu_aggregate_adv,2021,0.792
irl,sex_t,eco_sector_nag,edu_aggregate_bas,2007,1.511
irl,sex_t,eco_sector_nag,edu_aggregate_bas,2008,1.01
irl,sex_t,eco_sector_nag,edu_aggregate_bas,2009,1.968
irl,sex_t,eco_sector_nag,edu_aggregate_bas,2010,2.023
irl,sex_t,eco_sector_nag,edu_aggregate_bas,2011,7.962
irl,sex_t,eco_sector_nag,edu_aggregate_bas,2012,3.226
irl,sex_t,eco_sector_nag,edu_aggregate_bas,2013,2.525
irl,sex_t,eco_sector_nag,edu_aggregate_bas,2014,6.994
irl,sex_t,eco_sector_nag,edu_aggregate_bas,2015,4.574
irl,sex_t,eco_sector_nag,edu_aggregate_bas,2016,4.771
irl,sex_t,eco_sector_nag,edu_aggregate_bas,2017,3.289
irl,sex_t,eco_sector_nag,edu_aggregate_bas,2018,3.367
irl,sex_t,eco_sector_nag,edu_aggregate_bas,2019,3.851
irl,sex_t,eco_sector_nag,edu_aggregate_bas,2020,4.502
irl,sex_t,eco_sector_nag,edu_aggregate_bas,2021,3.052
irl,sex_t,eco_sector_nag,edu_aggregate_int,2007,1.152
irl,sex_t,eco_sector_nag,edu_aggregate_int,2008,1.114
irl,sex_t,eco_sector_nag,edu_aggregate_int,2009,1.562
irl,sex_t,eco_sector_nag,edu_aggregate_int,2010,1.976
irl,sex_t,eco_sector_nag,edu_aggregate_int,2011,4.023
irl,sex_t,eco_sector_nag,edu_aggregate_int,2012,1.516
irl,sex_t,eco_sector_nag,edu_aggregate_int,2013,2.268
irl,sex_t,eco_sector_nag,edu_aggregate_int,2014,3.956
irl,sex_t,eco_sector_nag,edu_aggregate_int,2015,2.592
irl,sex_t,eco_sector_nag,edu_aggregate_int,2016,3.384
irl,sex_t,eco_sector_nag,edu_aggregate_int,2017,2.834
irl,sex_t,eco_sector_nag,edu_aggregate_int,2018,3.15
irl,sex_t,eco_sector_nag,edu_aggregate_int,2019,3.269
irl,sex_t,eco_sector_nag,edu_aggregate_int,2020,4.682
irl,sex_t,eco_sector_nag,edu_aggregate_int,2021,2.775
irl,sex_t,eco_sector_nag,edu_aggregate_ltb,2022,1.847
irl,sex_t,eco_sector_nag,edu_aggregate_ltb,2023,2.255
irl,sex_t,eco_sector_nag,edu_aggregate_ltb,2024,2.357
irl,sex_t,eco_sector_nag,edu_aggregate_total,2007,1.191
irl,sex_t,eco_sector_nag,edu_aggregate_total,2008,1.1
irl,sex_t,eco_sector_nag,edu_aggregate_total,2009,1.556
irl,sex_t,eco_sector_nag,edu_aggregate_total,2010,2.049
irl,sex_t,eco_sector_nag,edu_aggregate_total,2011,3.661
irl,sex_t,eco_sector_nag,edu_aggregate_total,2012,1.755
irl,sex_t,eco_sector_nag,edu_aggregate_total,2013,1.728
irl,sex_t,eco_sector_nag,edu_aggregate_total,2014,3.751
irl,sex_t,eco_sector_nag,edu_aggregate_total,2015,2.461
irl,sex_t,eco_sector_nag,edu_aggregate_total,2016,2.724
irl,sex_t,eco_sector_nag,edu_aggregate_total,2017,2.355
irl,sex_t,eco_sector_nag,edu_aggregate_total,2018,2.533
irl,sex_t,eco_sector_nag,edu_aggregate_total,2019,1.998
irl,sex_t,eco_sector_nag,edu_aggregate_total,2020,2.469
irl,sex_t,eco_sector_nag,edu_aggregate_total,2021,1.706
irl,sex_t,eco_sector_nag,edu_aggregate_total,2022,1.838
irl,sex_t,eco_sector_nag,edu_aggregate_total,2023,2.276
irl,sex_t,eco_sector_nag,edu_aggregate_total,2024,2.426
irl,sex_t,eco_sector_ser,edu_aggregate_adv,2007,0.662
irl,sex_t,eco_sector_ser,edu_aggregate_adv,2008,0.884
irl,sex_t,eco_sector_ser,edu_aggregate_adv,2009,1.323
irl,sex_t,eco_sector_ser,edu_aggregate_adv,2010,2.304
irl,sex_t,eco_sector_ser,edu_aggregate_adv,2011,2.109
irl,sex_t,eco_sector_ser,edu_aggregate_adv,2012,1.369
irl,sex_t,eco_sector_ser,edu_aggregate_adv,2013,1.236
irl,sex_t,eco_sector_ser,edu_aggregate_adv,2014,2.738
irl,sex_t,eco_sector_ser,edu_aggregate_adv,2015,2.092
irl,sex_t,eco_sector_ser,edu_aggregate_adv,2016,2.189
irl,sex_t,eco_sector_ser,edu_aggregate_adv,2017,2.126
irl,sex_t,eco_sector_ser,edu_aggregate_adv,2018,2.41
irl,sex_t,eco_sector_ser,edu_aggregate_adv,2019,1.158
irl,sex_t,eco_sector_ser,edu_aggregate_adv,2020,1.226
irl,sex_t,eco_sector_ser,edu_aggregate_adv,2021,0.931
irl,sex_t,eco_sector_ser,edu_aggregate_bas,2007,1.717
irl,sex_t,eco_sector_ser,edu_aggregate_bas,2008,1.29
irl,sex_t,eco_sector_ser,edu_aggregate_bas,2009,1.919
irl,sex_t,eco_sector_ser,edu_aggregate_bas,2010,1.775
irl,sex_t,eco_sector_ser,edu_aggregate_bas,2011,10.179
irl,sex_t,eco_sector_ser,edu_aggregate_bas,2012,3.703
irl,sex_t,eco_sector_ser,edu_aggregate_bas,2013,2.99
irl,sex_t,eco_sector_ser,edu_aggregate_bas,2014,7.454
irl,sex_t,eco_sector_ser,edu_aggregate_bas,2015,6.346
irl,sex_t,eco_sector_ser,edu_aggregate_bas,2016,6.57
irl,sex_t,eco_sector_ser,edu_aggregate_bas,2017,4.484
irl,sex_t,eco_sector_ser,edu_aggregate_bas,2018,4.58
irl,sex_t,eco_sector_ser,edu_aggregate_bas,2019,5.456
irl,sex_t,eco_sector_ser,edu_aggregate_bas,2020,5.583
irl,sex_t,eco_sector_ser,edu_aggregate_bas,2021,4.6
irl,sex_t,eco_sector_ser,edu_aggregate_int,2007,1.257
irl,sex_t,eco_sector_ser,edu_aggregate_int,2008,1.132
irl,sex_t,eco_sector_ser,edu_aggregate_int,2009,1.461
irl,sex_t,eco_sector_ser,edu_aggregate_int,2010,1.59
irl,sex_t,eco_sector_ser,edu_aggregate_int,2011,4.399
irl,sex_t,eco_sector_ser,edu_aggregate_int,2012,1.683
irl,sex_t,eco_sector_ser,edu_aggregate_int,2013,1.914
irl,sex_t,eco_sector_ser,edu_aggregate_int,2014,4.244
irl,sex_t,eco_sector_ser,edu_aggregate_int,2015,2.992
irl,sex_t,eco_sector_ser,edu_aggregate_int,2016,3.895
irl,sex_t,eco_sector_ser,edu_aggregate_int,2017,3.288
irl,sex_t,eco_sector_ser,edu_aggregate_int,2018,3.847
irl,sex_t,eco_sector_ser,edu_aggregate_int,2019,3.95
irl,sex_t,eco_sector_ser,edu_aggregate_int,2020,6.187
irl,sex_t,eco_sector_ser,edu_aggregate_int,2021,3.637
irl,sex_t,eco_sector_ser,edu_aggregate_ltb,2022,2.251
irl,sex_t,eco_sector_ser,edu_aggregate_ltb,2023,2.73
irl,sex_t,eco_sector_ser,edu_aggregate_ltb,2024,2.804
irl,sex_t,eco_sector_ser,edu_aggregate_total,2007,1.191
irl,sex_t,eco_sector_ser,edu_aggregate_total,2008,1.121
irl,sex_t,eco_sector_ser,edu_aggregate_total,2009,1.534
irl,sex_t,eco_sector_ser,edu_aggregate_total,2010,1.951
irl,sex_t,eco_sector_ser,edu_aggregate_total,2011,4.039
irl,sex_t,eco_sector_ser,edu_aggregate_total,2012,1.804
irl,sex_t,eco_sector_ser,edu_aggregate_total,2013,1.641
irl,sex_t,eco_sector_ser,edu_aggregate_total,2014,3.758
irl,sex_t,eco_sector_ser,edu_aggregate_total,2015,2.882
irl,sex_t,eco_sector_ser,edu_aggregate_total,2016,3.195
irl,sex_t,eco_sector_ser,edu_aggregate_total,2017,2.777
irl,sex_t,eco_sector_ser,edu_aggregate_total,2018,3.07
irl,sex_t,eco_sector_ser,edu_aggregate_total,2019,2.403
irl,sex_t,eco_sector_ser,edu_aggregate_total,2020,2.99
irl,sex_t,eco_sector_ser,edu_aggregate_total,2021,2.104
irl,sex_t,eco_sector_ser,edu_aggregate_total,2022,2.24
irl,sex_t,eco_sector_ser,edu_aggregate_total,2023,2.767
irl,sex_t,eco_sector_ser,edu_aggregate_total,2024,2.849
irl,sex_t,eco_sector_total,edu_aggregate_adv,2007,0.874
irl,sex_t,eco_sector_total,edu_aggregate_adv,2008,1.097
irl,sex_t,eco_sector_total,edu_aggregate_adv,2009,1.271
irl,sex_t,eco_sector_total,edu_aggregate_adv,2010,2.631
irl,sex_t,eco_sector_total,edu_aggregate_adv,2011,2.139
irl,sex_t,eco_sector_total,edu_aggregate_adv,2012,1.649
irl,sex_t,eco_sector_total,edu_aggregate_adv,2013,1.411
irl,sex_t,eco_sector_total,edu_aggregate_adv,2014,2.999
irl,sex_t,eco_sector_total,edu_aggregate_adv,2015,1.975
irl,sex_t,eco_sector_total,edu_aggregate_adv,2016,1.939
irl,sex_t,eco_sector_total,edu_aggregate_adv,2017,1.932
irl,sex_t,eco_sector_total,edu_aggregate_adv,2018,2.072
irl,sex_t,eco_sector_total,edu_aggregate_adv,2019,1.029
irl,sex_t,eco_sector_total,edu_aggregate_adv,2020,1.072
irl,sex_t,eco_sector_total,edu_aggregate_adv,2021,0.804
irl,sex_t,eco_sector_total,edu_aggregate_bas,2007,2.165
irl,sex_t,eco_sector_total,edu_aggregate_bas,2008,1.525
irl,sex_t,eco_sector_total,edu_aggregate_bas,2009,3.112
irl,sex_t,eco_sector_total,edu_aggregate_bas,2010,3.694
irl,sex_t,eco_sector_total,edu_aggregate_bas,2011,7.455
irl,sex_t,eco_sector_total,edu_aggregate_bas,2012,3.485
irl,sex_t,eco_sector_total,edu_aggregate_bas,2013,3.252
irl,sex_t,eco_sector_total,edu_aggregate_bas,2014,7.168
irl,sex_t,eco_sector_total,edu_aggregate_bas,2015,4.594
irl,sex_t,eco_sector_total,edu_aggregate_bas,2016,4.621
irl,sex_t,eco_sector_total,edu_aggregate_bas,2017,3.491
irl,sex_t,eco_sector_total,edu_aggregate_bas,2018,3.129
irl,sex_t,eco_sector_total,edu_aggregate_bas,2019,4.026
irl,sex_t,eco_sector_total,edu_aggregate_bas,2020,4.576
irl,sex_t,eco_sector_total,edu_aggregate_bas,2021,3.128
irl,sex_t,eco_sector_total,edu_aggregate_int,2007,1.573
irl,sex_t,eco_sector_total,edu_aggregate_int,2008,1.411
irl,sex_t,eco_sector_total,edu_aggregate_int,2009,1.785
irl,sex_t,eco_sector_total,edu_aggregate_int,2010,2.567
irl,sex_t,eco_sector_total,edu_aggregate_int,2011,4.004
irl,sex_t,eco_sector_total,edu_aggregate_int,2012,1.66
irl,sex_t,eco_sector_total,edu_aggregate_int,2013,2.508
irl,sex_t,eco_sector_total,edu_aggregate_int,2014,3.914
irl,sex_t,eco_sector_total,edu_aggregate_int,2015,2.532
irl,sex_t,eco_sector_total,edu_aggregate_int,2016,3.275
irl,sex_t,eco_sector_total,edu_aggregate_int,2017,2.97
irl,sex_t,eco_sector_total,edu_aggregate_int,2018,3.104
irl,sex_t,eco_sector_total,edu_aggregate_int,2019,3.595
irl,sex_t,eco_sector_total,edu_aggregate_int,2020,4.598
irl,sex_t,eco_sector_total,edu_aggregate_int,2021,2.892
irl,sex_t,eco_sector_total,edu_aggregate_ltb,2022,1.924
irl,sex_t,eco_sector_total,edu_aggregate_ltb,2023,2.333
irl,sex_t,eco_sector_total,edu_aggregate_ltb,2024,2.409
irl,sex_t,eco_sector_total,edu_aggregate_total,2007,1.548
irl,sex_t,eco_sector_total,edu_aggregate_total,2008,1.378
irl,sex_t,eco_sector_total,edu_aggregate_total,2009,1.903
irl,sex_t,eco_sector_total,edu_aggregate_total,2010,2.805
irl,sex_t,eco_sector_total,edu_aggregate_total,2011,3.809
irl,sex_t,eco_sector_total,edu_aggregate_total,2012,1.96
irl,sex_t,eco_sector_total,edu_aggregate_total,2013,2.001
irl,sex_t,eco_sector_total,edu_aggregate_total,2014,3.922
irl,sex_t,eco_sector_total,edu_aggregate_total,2015,2.561
irl,sex_t,eco_sector_total,edu_aggregate_total,2016,2.744
irl,sex_t,eco_sector_total,edu_aggregate_total,2017,2.5
irl,sex_t,eco_sector_total,edu_aggregate_total,2018,2.535
irl,sex_t,eco_sector_total,edu_aggregate_total,2019,2.143
irl,sex_t,eco_sector_total,edu_aggregate_total,2020,2.488
irl,sex_t,eco_sector_total,edu_aggregate_total,2021,1.792
irl,sex_t,eco_sector_total,edu_aggregate_total,2022,1.914
irl,sex_t,eco_sector_total,edu_aggregate_total,2023,2.372
irl,sex_t,eco_sector_total,edu_aggregate_total,2024,2.484
