ref_area,sex,classif1,classif2,time,how_xees_sex_eco_mts_nb
syc,sex_f,eco_aggregate_agr,mts_aggregate_1,2014,40.25
syc,sex_f,eco_aggregate_agr,mts_aggregate_1,2015,38.56
syc,sex_f,eco_aggregate_agr,mts_aggregate_1,2016,52.55
syc,sex_f,eco_aggregate_agr,mts_aggregate_1,2018,40.66
syc,sex_f,eco_aggregate_agr,mts_aggregate_1,2019,34.9
syc,sex_f,eco_aggregate_agr,mts_aggregate_2,2014,42.4
syc,sex_f,eco_aggregate_agr,mts_aggregate_2,2015,44.5
syc,sex_f,eco_aggregate_agr,mts_aggregate_2,2016,47.7
syc,sex_f,eco_aggregate_agr,mts_aggregate_2,2017,38.53
syc,sex_f,eco_aggregate_agr,mts_aggregate_2,2018,33.8
syc,sex_f,eco_aggregate_agr,mts_aggregate_2,2019,39.22
syc,sex_f,eco_aggregate_agr,mts_aggregate_2,2020,33.35
syc,sex_f,eco_aggregate_agr,mts_aggregate_2,2023,36.27
syc,sex_f,eco_aggregate_agr,mts_aggregate_2,2024,42.03
syc,sex_f,eco_aggregate_agr,mts_aggregate_total,2014,41.41
syc,sex_f,eco_aggregate_agr,mts_aggregate_total,2015,42.16
syc,sex_f,eco_aggregate_agr,mts_aggregate_total,2016,50.6
syc,sex_f,eco_aggregate_agr,mts_aggregate_total,2017,38.09
syc,sex_f,eco_aggregate_agr,mts_aggregate_total,2018,35.31
syc,sex_f,eco_aggregate_agr,mts_aggregate_total,2019,37.3
syc,sex_f,eco_aggregate_agr,mts_aggregate_total,2020,34.21
syc,sex_f,eco_aggregate_agr,mts_aggregate_total,2023,39.35
syc,sex_f,eco_aggregate_agr,mts_aggregate_total,2024,43.15
syc,sex_f,eco_aggregate_agr,mts_details_mrd,2014,40.6
syc,sex_f,eco_aggregate_agr,mts_details_mrd,2015,45.15
syc,sex_f,eco_aggregate_agr,mts_details_mrd,2016,45.72
syc,sex_f,eco_aggregate_agr,mts_details_mrd,2017,35.57
syc,sex_f,eco_aggregate_agr,mts_details_mrd,2018,33.47
syc,sex_f,eco_aggregate_agr,mts_details_mrd,2020,40.18
syc,sex_f,eco_aggregate_agr,mts_details_mrd,2023,32.02
syc,sex_f,eco_aggregate_agr,mts_details_sgle,2014,43.71
syc,sex_f,eco_aggregate_agr,mts_details_sgle,2015,38.56
syc,sex_f,eco_aggregate_agr,mts_details_sgle,2016,58.48
syc,sex_f,eco_aggregate_agr,mts_details_sgle,2018,40.66
syc,sex_f,eco_aggregate_agr,mts_details_sgle,2019,34.9
syc,sex_f,eco_aggregate_agr,mts_details_total,2014,41.41
syc,sex_f,eco_aggregate_agr,mts_details_total,2015,42.16
syc,sex_f,eco_aggregate_agr,mts_details_total,2016,50.6
syc,sex_f,eco_aggregate_agr,mts_details_total,2017,38.09
syc,sex_f,eco_aggregate_agr,mts_details_total,2018,35.31
syc,sex_f,eco_aggregate_agr,mts_details_total,2019,37.3
syc,sex_f,eco_aggregate_agr,mts_details_total,2020,34.21
syc,sex_f,eco_aggregate_agr,mts_details_total,2023,39.35
syc,sex_f,eco_aggregate_agr,mts_details_total,2024,43.15
syc,sex_f,eco_aggregate_agr,mts_details_union,2015,43.67
syc,sex_f,eco_aggregate_agr,mts_details_union,2017,40.52
syc,sex_f,eco_aggregate_agr,mts_details_union,2018,34.15
syc,sex_f,eco_aggregate_agr,mts_details_union,2019,37.55
syc,sex_f,eco_aggregate_con,mts_aggregate_1,2015,31.9
syc,sex_f,eco_aggregate_con,mts_aggregate_1,2016,34.87
syc,sex_f,eco_aggregate_con,mts_aggregate_1,2017,34.83
syc,sex_f,eco_aggregate_con,mts_aggregate_1,2019,33.9
syc,sex_f,eco_aggregate_con,mts_aggregate_1,2020,40.19
syc,sex_f,eco_aggregate_con,mts_aggregate_2,2014,40.25
syc,sex_f,eco_aggregate_con,mts_aggregate_2,2015,37.87
syc,sex_f,eco_aggregate_con,mts_aggregate_2,2016,38.81
syc,sex_f,eco_aggregate_con,mts_aggregate_2,2017,39.37
syc,sex_f,eco_aggregate_con,mts_aggregate_2,2018,41.65
syc,sex_f,eco_aggregate_con,mts_aggregate_2,2019,26.48
syc,sex_f,eco_aggregate_con,mts_aggregate_2,2020,38.3
syc,sex_f,eco_aggregate_con,mts_aggregate_2,2023,43.27
syc,sex_f,eco_aggregate_con,mts_aggregate_total,2014,40.06
syc,sex_f,eco_aggregate_con,mts_aggregate_total,2015,35.67
syc,sex_f,eco_aggregate_con,mts_aggregate_total,2016,36.95
syc,sex_f,eco_aggregate_con,mts_aggregate_total,2017,37.14
syc,sex_f,eco_aggregate_con,mts_aggregate_total,2018,41.24
syc,sex_f,eco_aggregate_con,mts_aggregate_total,2019,29.57
syc,sex_f,eco_aggregate_con,mts_aggregate_total,2020,39.25
syc,sex_f,eco_aggregate_con,mts_aggregate_total,2023,42.41
syc,sex_f,eco_aggregate_con,mts_aggregate_total,2024,36.27
syc,sex_f,eco_aggregate_con,mts_details_mrd,2014,42.63
syc,sex_f,eco_aggregate_con,mts_details_mrd,2015,39.57
syc,sex_f,eco_aggregate_con,mts_details_mrd,2016,38.43
syc,sex_f,eco_aggregate_con,mts_details_mrd,2019,24.14
syc,sex_f,eco_aggregate_con,mts_details_sgle,2015,30.29
syc,sex_f,eco_aggregate_con,mts_details_sgle,2016,34.87
syc,sex_f,eco_aggregate_con,mts_details_sgle,2017,34.83
syc,sex_f,eco_aggregate_con,mts_details_total,2014,40.06
syc,sex_f,eco_aggregate_con,mts_details_total,2015,35.67
syc,sex_f,eco_aggregate_con,mts_details_total,2016,36.95
syc,sex_f,eco_aggregate_con,mts_details_total,2017,37.14
syc,sex_f,eco_aggregate_con,mts_details_total,2018,41.24
syc,sex_f,eco_aggregate_con,mts_details_total,2019,29.57
syc,sex_f,eco_aggregate_con,mts_details_total,2020,39.25
syc,sex_f,eco_aggregate_con,mts_details_total,2023,42.41
syc,sex_f,eco_aggregate_con,mts_details_total,2024,36.27
syc,sex_f,eco_aggregate_con,mts_details_union,2014,36.87
syc,sex_f,eco_aggregate_con,mts_details_union,2015,35
syc,sex_f,eco_aggregate_man,mts_aggregate_1,2014,40.12
syc,sex_f,eco_aggregate_man,mts_aggregate_1,2015,41.17
syc,sex_f,eco_aggregate_man,mts_aggregate_1,2016,39.22
syc,sex_f,eco_aggregate_man,mts_aggregate_1,2017,38.1
syc,sex_f,eco_aggregate_man,mts_aggregate_1,2018,39.79
syc,sex_f,eco_aggregate_man,mts_aggregate_1,2019,39.22
syc,sex_f,eco_aggregate_man,mts_aggregate_1,2020,39.24
syc,sex_f,eco_aggregate_man,mts_aggregate_1,2023,43.33
syc,sex_f,eco_aggregate_man,mts_aggregate_1,2024,39.43
syc,sex_f,eco_aggregate_man,mts_aggregate_2,2014,39.22
syc,sex_f,eco_aggregate_man,mts_aggregate_2,2015,40.61
syc,sex_f,eco_aggregate_man,mts_aggregate_2,2016,39.07
syc,sex_f,eco_aggregate_man,mts_aggregate_2,2017,38.09
syc,sex_f,eco_aggregate_man,mts_aggregate_2,2018,39.23
syc,sex_f,eco_aggregate_man,mts_aggregate_2,2019,36.3
syc,sex_f,eco_aggregate_man,mts_aggregate_2,2020,40.92
syc,sex_f,eco_aggregate_man,mts_aggregate_2,2023,40.46
syc,sex_f,eco_aggregate_man,mts_aggregate_2,2024,38.08
syc,sex_f,eco_aggregate_man,mts_aggregate_total,2014,39.62
syc,sex_f,eco_aggregate_man,mts_aggregate_total,2015,40.86
syc,sex_f,eco_aggregate_man,mts_aggregate_total,2016,39.15
syc,sex_f,eco_aggregate_man,mts_aggregate_total,2017,38.09
syc,sex_f,eco_aggregate_man,mts_aggregate_total,2018,39.5
syc,sex_f,eco_aggregate_man,mts_aggregate_total,2019,37.64
syc,sex_f,eco_aggregate_man,mts_aggregate_total,2020,40.1
syc,sex_f,eco_aggregate_man,mts_aggregate_total,2023,41.82
syc,sex_f,eco_aggregate_man,mts_aggregate_total,2024,38.7
syc,sex_f,eco_aggregate_man,mts_details_mrd,2014,38.54
syc,sex_f,eco_aggregate_man,mts_details_mrd,2015,40.71
syc,sex_f,eco_aggregate_man,mts_details_mrd,2016,40.35
syc,sex_f,eco_aggregate_man,mts_details_mrd,2017,37.38
syc,sex_f,eco_aggregate_man,mts_details_mrd,2018,38.84
syc,sex_f,eco_aggregate_man,mts_details_mrd,2019,36.51
syc,sex_f,eco_aggregate_man,mts_details_mrd,2020,42.86
syc,sex_f,eco_aggregate_man,mts_details_mrd,2023,37.84
syc,sex_f,eco_aggregate_man,mts_details_mrd,2024,34.3
syc,sex_f,eco_aggregate_man,mts_details_sep,2014,35.75
syc,sex_f,eco_aggregate_man,mts_details_sep,2015,36.8
syc,sex_f,eco_aggregate_man,mts_details_sep,2016,43.09
syc,sex_f,eco_aggregate_man,mts_details_sep,2017,36.67
syc,sex_f,eco_aggregate_man,mts_details_sep,2018,39.68
syc,sex_f,eco_aggregate_man,mts_details_sep,2019,36.27
syc,sex_f,eco_aggregate_man,mts_details_sep,2020,39.5
syc,sex_f,eco_aggregate_man,mts_details_sep,2023,43.49
syc,sex_f,eco_aggregate_man,mts_details_sgle,2014,40.64
syc,sex_f,eco_aggregate_man,mts_details_sgle,2015,41.97
syc,sex_f,eco_aggregate_man,mts_details_sgle,2016,38.98
syc,sex_f,eco_aggregate_man,mts_details_sgle,2017,38.47
syc,sex_f,eco_aggregate_man,mts_details_sgle,2018,39.8
syc,sex_f,eco_aggregate_man,mts_details_sgle,2019,39.32
syc,sex_f,eco_aggregate_man,mts_details_sgle,2020,39.21
syc,sex_f,eco_aggregate_man,mts_details_sgle,2023,43.63
syc,sex_f,eco_aggregate_man,mts_details_sgle,2024,39.89
syc,sex_f,eco_aggregate_man,mts_details_total,2014,39.62
syc,sex_f,eco_aggregate_man,mts_details_total,2015,40.86
syc,sex_f,eco_aggregate_man,mts_details_total,2016,39.15
syc,sex_f,eco_aggregate_man,mts_details_total,2017,38.09
syc,sex_f,eco_aggregate_man,mts_details_total,2018,39.5
syc,sex_f,eco_aggregate_man,mts_details_total,2019,37.64
syc,sex_f,eco_aggregate_man,mts_details_total,2020,40.1
syc,sex_f,eco_aggregate_man,mts_details_total,2023,41.82
syc,sex_f,eco_aggregate_man,mts_details_total,2024,38.7
syc,sex_f,eco_aggregate_man,mts_details_union,2014,39.88
syc,sex_f,eco_aggregate_man,mts_details_union,2015,40.53
syc,sex_f,eco_aggregate_man,mts_details_union,2016,37.84
syc,sex_f,eco_aggregate_man,mts_details_union,2017,38.79
syc,sex_f,eco_aggregate_man,mts_details_union,2018,39.67
syc,sex_f,eco_aggregate_man,mts_details_union,2019,36.03
syc,sex_f,eco_aggregate_man,mts_details_union,2020,39.01
syc,sex_f,eco_aggregate_man,mts_details_union,2023,42.32
syc,sex_f,eco_aggregate_man,mts_details_union,2024,41.81
syc,sex_f,eco_aggregate_man,mts_details_wid,2015,37.91
syc,sex_f,eco_aggregate_mel,mts_aggregate_1,2014,39.2
syc,sex_f,eco_aggregate_mel,mts_aggregate_1,2015,40.89
syc,sex_f,eco_aggregate_mel,mts_aggregate_1,2016,36.69
syc,sex_f,eco_aggregate_mel,mts_aggregate_1,2017,38.38
syc,sex_f,eco_aggregate_mel,mts_aggregate_1,2018,38.86
syc,sex_f,eco_aggregate_mel,mts_aggregate_1,2019,33.63
syc,sex_f,eco_aggregate_mel,mts_aggregate_1,2020,38.7
syc,sex_f,eco_aggregate_mel,mts_aggregate_1,2023,36.76
syc,sex_f,eco_aggregate_mel,mts_aggregate_1,2024,38.79
syc,sex_f,eco_aggregate_mel,mts_aggregate_2,2014,40.25
syc,sex_f,eco_aggregate_mel,mts_aggregate_2,2015,40.65
syc,sex_f,eco_aggregate_mel,mts_aggregate_2,2016,40.47
syc,sex_f,eco_aggregate_mel,mts_aggregate_2,2017,39.85
syc,sex_f,eco_aggregate_mel,mts_aggregate_2,2018,38.75
syc,sex_f,eco_aggregate_mel,mts_aggregate_2,2019,35.09
syc,sex_f,eco_aggregate_mel,mts_aggregate_2,2020,41.6
syc,sex_f,eco_aggregate_mel,mts_aggregate_2,2023,40.48
syc,sex_f,eco_aggregate_mel,mts_aggregate_total,2014,39.79
syc,sex_f,eco_aggregate_mel,mts_aggregate_total,2015,40.8
syc,sex_f,eco_aggregate_mel,mts_aggregate_total,2016,38.13
syc,sex_f,eco_aggregate_mel,mts_aggregate_total,2017,39.05
syc,sex_f,eco_aggregate_mel,mts_aggregate_total,2018,38.81
syc,sex_f,eco_aggregate_mel,mts_aggregate_total,2019,34.52
syc,sex_f,eco_aggregate_mel,mts_aggregate_total,2020,40.38
syc,sex_f,eco_aggregate_mel,mts_aggregate_total,2023,38.29
syc,sex_f,eco_aggregate_mel,mts_aggregate_total,2024,37.85
syc,sex_f,eco_aggregate_mel,mts_details_mrd,2014,37.34
syc,sex_f,eco_aggregate_mel,mts_details_mrd,2015,43.9
syc,sex_f,eco_aggregate_mel,mts_details_mrd,2016,40.13
syc,sex_f,eco_aggregate_mel,mts_details_mrd,2017,37.05
syc,sex_f,eco_aggregate_mel,mts_details_mrd,2018,37.62
syc,sex_f,eco_aggregate_mel,mts_details_mrd,2019,35.68
syc,sex_f,eco_aggregate_mel,mts_details_mrd,2020,43.23
syc,sex_f,eco_aggregate_mel,mts_details_mrd,2023,42.34
syc,sex_f,eco_aggregate_mel,mts_details_sgle,2014,39.1
syc,sex_f,eco_aggregate_mel,mts_details_sgle,2015,41.77
syc,sex_f,eco_aggregate_mel,mts_details_sgle,2016,37.15
syc,sex_f,eco_aggregate_mel,mts_details_sgle,2017,38.5
syc,sex_f,eco_aggregate_mel,mts_details_sgle,2018,39.04
syc,sex_f,eco_aggregate_mel,mts_details_sgle,2019,33.21
syc,sex_f,eco_aggregate_mel,mts_details_sgle,2020,37.71
syc,sex_f,eco_aggregate_mel,mts_details_sgle,2023,36.62
syc,sex_f,eco_aggregate_mel,mts_details_sgle,2024,37.97
syc,sex_f,eco_aggregate_mel,mts_details_total,2014,39.79
syc,sex_f,eco_aggregate_mel,mts_details_total,2015,40.8
syc,sex_f,eco_aggregate_mel,mts_details_total,2016,38.13
syc,sex_f,eco_aggregate_mel,mts_details_total,2017,39.05
syc,sex_f,eco_aggregate_mel,mts_details_total,2018,38.81
syc,sex_f,eco_aggregate_mel,mts_details_total,2019,34.52
syc,sex_f,eco_aggregate_mel,mts_details_total,2020,40.38
syc,sex_f,eco_aggregate_mel,mts_details_total,2023,38.29
syc,sex_f,eco_aggregate_mel,mts_details_total,2024,37.85
syc,sex_f,eco_aggregate_mel,mts_details_union,2014,41.71
syc,sex_f,eco_aggregate_mel,mts_details_union,2015,36.94
syc,sex_f,eco_aggregate_mel,mts_details_union,2016,40.91
syc,sex_f,eco_aggregate_mel,mts_details_union,2017,41.84
syc,sex_f,eco_aggregate_mel,mts_details_union,2018,40.89
syc,sex_f,eco_aggregate_mel,mts_details_union,2019,34.26
syc,sex_f,eco_aggregate_mel,mts_details_union,2020,39.64
syc,sex_f,eco_aggregate_mel,mts_details_union,2023,39.38
syc,sex_f,eco_aggregate_mkt,mts_aggregate_1,2014,42.29
syc,sex_f,eco_aggregate_mkt,mts_aggregate_1,2015,41.94
syc,sex_f,eco_aggregate_mkt,mts_aggregate_1,2016,42.58
syc,sex_f,eco_aggregate_mkt,mts_aggregate_1,2017,41.93
syc,sex_f,eco_aggregate_mkt,mts_aggregate_1,2018,41.47
syc,sex_f,eco_aggregate_mkt,mts_aggregate_1,2019,41.15
syc,sex_f,eco_aggregate_mkt,mts_aggregate_1,2020,40.1
syc,sex_f,eco_aggregate_mkt,mts_aggregate_1,2023,39.9
syc,sex_f,eco_aggregate_mkt,mts_aggregate_1,2024,40.65
syc,sex_f,eco_aggregate_mkt,mts_aggregate_2,2014,42.35
syc,sex_f,eco_aggregate_mkt,mts_aggregate_2,2015,42.22
syc,sex_f,eco_aggregate_mkt,mts_aggregate_2,2016,41.79
syc,sex_f,eco_aggregate_mkt,mts_aggregate_2,2017,40.05
syc,sex_f,eco_aggregate_mkt,mts_aggregate_2,2018,41.82
syc,sex_f,eco_aggregate_mkt,mts_aggregate_2,2019,40.71
syc,sex_f,eco_aggregate_mkt,mts_aggregate_2,2020,39.74
syc,sex_f,eco_aggregate_mkt,mts_aggregate_2,2023,39.26
syc,sex_f,eco_aggregate_mkt,mts_aggregate_2,2024,40.04
syc,sex_f,eco_aggregate_mkt,mts_aggregate_total,2014,42.29
syc,sex_f,eco_aggregate_mkt,mts_aggregate_total,2015,42.07
syc,sex_f,eco_aggregate_mkt,mts_aggregate_total,2016,42.19
syc,sex_f,eco_aggregate_mkt,mts_aggregate_total,2017,41.01
syc,sex_f,eco_aggregate_mkt,mts_aggregate_total,2018,41.63
syc,sex_f,eco_aggregate_mkt,mts_aggregate_total,2019,40.94
syc,sex_f,eco_aggregate_mkt,mts_aggregate_total,2020,39.92
syc,sex_f,eco_aggregate_mkt,mts_aggregate_total,2023,39.59
syc,sex_f,eco_aggregate_mkt,mts_aggregate_total,2024,40.36
syc,sex_f,eco_aggregate_mkt,mts_details_mrd,2014,43.24
syc,sex_f,eco_aggregate_mkt,mts_details_mrd,2015,42.56
syc,sex_f,eco_aggregate_mkt,mts_details_mrd,2016,42.07
syc,sex_f,eco_aggregate_mkt,mts_details_mrd,2017,39.59
syc,sex_f,eco_aggregate_mkt,mts_details_mrd,2018,42.81
syc,sex_f,eco_aggregate_mkt,mts_details_mrd,2019,40.58
syc,sex_f,eco_aggregate_mkt,mts_details_mrd,2020,39.43
syc,sex_f,eco_aggregate_mkt,mts_details_mrd,2023,37.83
syc,sex_f,eco_aggregate_mkt,mts_details_mrd,2024,39.82
syc,sex_f,eco_aggregate_mkt,mts_details_sep,2014,45.29
syc,sex_f,eco_aggregate_mkt,mts_details_sep,2015,44.25
syc,sex_f,eco_aggregate_mkt,mts_details_sep,2016,40.97
syc,sex_f,eco_aggregate_mkt,mts_details_sep,2017,42.14
syc,sex_f,eco_aggregate_mkt,mts_details_sep,2018,41.97
syc,sex_f,eco_aggregate_mkt,mts_details_sep,2019,42.45
syc,sex_f,eco_aggregate_mkt,mts_details_sep,2020,38.89
syc,sex_f,eco_aggregate_mkt,mts_details_sep,2023,42.67
syc,sex_f,eco_aggregate_mkt,mts_details_sep,2024,45.03
syc,sex_f,eco_aggregate_mkt,mts_details_sgle,2014,42.13
syc,sex_f,eco_aggregate_mkt,mts_details_sgle,2015,41.8
syc,sex_f,eco_aggregate_mkt,mts_details_sgle,2016,42.79
syc,sex_f,eco_aggregate_mkt,mts_details_sgle,2017,41.94
syc,sex_f,eco_aggregate_mkt,mts_details_sgle,2018,41.48
syc,sex_f,eco_aggregate_mkt,mts_details_sgle,2019,41.04
syc,sex_f,eco_aggregate_mkt,mts_details_sgle,2020,40.3
syc,sex_f,eco_aggregate_mkt,mts_details_sgle,2023,39.49
syc,sex_f,eco_aggregate_mkt,mts_details_sgle,2024,40.15
syc,sex_f,eco_aggregate_mkt,mts_details_total,2014,42.29
syc,sex_f,eco_aggregate_mkt,mts_details_total,2015,42.07
syc,sex_f,eco_aggregate_mkt,mts_details_total,2016,42.19
syc,sex_f,eco_aggregate_mkt,mts_details_total,2017,41.01
syc,sex_f,eco_aggregate_mkt,mts_details_total,2018,41.63
syc,sex_f,eco_aggregate_mkt,mts_details_total,2019,40.94
syc,sex_f,eco_aggregate_mkt,mts_details_total,2020,39.92
syc,sex_f,eco_aggregate_mkt,mts_details_total,2023,39.59
syc,sex_f,eco_aggregate_mkt,mts_details_total,2024,40.36
syc,sex_f,eco_aggregate_mkt,mts_details_union,2014,41.63
syc,sex_f,eco_aggregate_mkt,mts_details_union,2015,41.95
syc,sex_f,eco_aggregate_mkt,mts_details_union,2016,41.6
syc,sex_f,eco_aggregate_mkt,mts_details_union,2017,40.33
syc,sex_f,eco_aggregate_mkt,mts_details_union,2018,41.16
syc,sex_f,eco_aggregate_mkt,mts_details_union,2019,40.82
syc,sex_f,eco_aggregate_mkt,mts_details_union,2020,39.97
syc,sex_f,eco_aggregate_mkt,mts_details_union,2023,40.19
syc,sex_f,eco_aggregate_mkt,mts_details_union,2024,40.24
syc,sex_f,eco_aggregate_mkt,mts_details_wid,2014,38.57
syc,sex_f,eco_aggregate_mkt,mts_details_wid,2015,39.07
syc,sex_f,eco_aggregate_mkt,mts_details_wid,2016,39.04
syc,sex_f,eco_aggregate_mkt,mts_details_wid,2017,40.67
syc,sex_f,eco_aggregate_mkt,mts_details_wid,2018,37.27
syc,sex_f,eco_aggregate_mkt,mts_details_wid,2019,40.98
syc,sex_f,eco_aggregate_mkt,mts_details_wid,2020,36.03
syc,sex_f,eco_aggregate_mkt,mts_details_wid,2023,45.23
syc,sex_f,eco_aggregate_mkt,mts_details_wid,2024,50.2
syc,sex_f,eco_aggregate_pub,mts_aggregate_1,2014,38.05
syc,sex_f,eco_aggregate_pub,mts_aggregate_1,2015,39.33
syc,sex_f,eco_aggregate_pub,mts_aggregate_1,2016,39.01
syc,sex_f,eco_aggregate_pub,mts_aggregate_1,2017,37.49
syc,sex_f,eco_aggregate_pub,mts_aggregate_1,2018,38.99
syc,sex_f,eco_aggregate_pub,mts_aggregate_1,2019,38.66
syc,sex_f,eco_aggregate_pub,mts_aggregate_1,2020,38.41
syc,sex_f,eco_aggregate_pub,mts_aggregate_1,2023,37.95
syc,sex_f,eco_aggregate_pub,mts_aggregate_1,2024,37.3
syc,sex_f,eco_aggregate_pub,mts_aggregate_2,2014,37.85
syc,sex_f,eco_aggregate_pub,mts_aggregate_2,2015,37.92
syc,sex_f,eco_aggregate_pub,mts_aggregate_2,2016,38.03
syc,sex_f,eco_aggregate_pub,mts_aggregate_2,2017,35.84
syc,sex_f,eco_aggregate_pub,mts_aggregate_2,2018,37.83
syc,sex_f,eco_aggregate_pub,mts_aggregate_2,2019,37.79
syc,sex_f,eco_aggregate_pub,mts_aggregate_2,2020,37.33
syc,sex_f,eco_aggregate_pub,mts_aggregate_2,2023,37.44
syc,sex_f,eco_aggregate_pub,mts_aggregate_2,2024,37.84
syc,sex_f,eco_aggregate_pub,mts_aggregate_total,2014,37.96
syc,sex_f,eco_aggregate_pub,mts_aggregate_total,2015,38.59
syc,sex_f,eco_aggregate_pub,mts_aggregate_total,2016,38.49
syc,sex_f,eco_aggregate_pub,mts_aggregate_total,2017,36.55
syc,sex_f,eco_aggregate_pub,mts_aggregate_total,2018,38.37
syc,sex_f,eco_aggregate_pub,mts_aggregate_total,2019,38.22
syc,sex_f,eco_aggregate_pub,mts_aggregate_total,2020,37.84
syc,sex_f,eco_aggregate_pub,mts_aggregate_total,2023,37.73
syc,sex_f,eco_aggregate_pub,mts_aggregate_total,2024,37.54
syc,sex_f,eco_aggregate_pub,mts_details_mrd,2014,38.02
syc,sex_f,eco_aggregate_pub,mts_details_mrd,2015,38.12
syc,sex_f,eco_aggregate_pub,mts_details_mrd,2016,37.39
syc,sex_f,eco_aggregate_pub,mts_details_mrd,2017,35.67
syc,sex_f,eco_aggregate_pub,mts_details_mrd,2018,37.95
syc,sex_f,eco_aggregate_pub,mts_details_mrd,2019,37.96
syc,sex_f,eco_aggregate_pub,mts_details_mrd,2020,37.25
syc,sex_f,eco_aggregate_pub,mts_details_mrd,2023,37.12
syc,sex_f,eco_aggregate_pub,mts_details_mrd,2024,37.67
syc,sex_f,eco_aggregate_pub,mts_details_sep,2014,36.87
syc,sex_f,eco_aggregate_pub,mts_details_sep,2015,41.42
syc,sex_f,eco_aggregate_pub,mts_details_sep,2016,36.5
syc,sex_f,eco_aggregate_pub,mts_details_sep,2017,38.37
syc,sex_f,eco_aggregate_pub,mts_details_sep,2018,39.19
syc,sex_f,eco_aggregate_pub,mts_details_sep,2019,38.85
syc,sex_f,eco_aggregate_pub,mts_details_sep,2020,37.76
syc,sex_f,eco_aggregate_pub,mts_details_sep,2023,35.73
syc,sex_f,eco_aggregate_pub,mts_details_sep,2024,39.06
syc,sex_f,eco_aggregate_pub,mts_details_sgle,2014,38.58
syc,sex_f,eco_aggregate_pub,mts_details_sgle,2015,38.96
syc,sex_f,eco_aggregate_pub,mts_details_sgle,2016,39.15
syc,sex_f,eco_aggregate_pub,mts_details_sgle,2017,37.54
syc,sex_f,eco_aggregate_pub,mts_details_sgle,2018,38.92
syc,sex_f,eco_aggregate_pub,mts_details_sgle,2019,38.68
syc,sex_f,eco_aggregate_pub,mts_details_sgle,2020,38.41
syc,sex_f,eco_aggregate_pub,mts_details_sgle,2023,38.11
syc,sex_f,eco_aggregate_pub,mts_details_sgle,2024,37.13
syc,sex_f,eco_aggregate_pub,mts_details_total,2014,37.96
syc,sex_f,eco_aggregate_pub,mts_details_total,2015,38.59
syc,sex_f,eco_aggregate_pub,mts_details_total,2016,38.49
syc,sex_f,eco_aggregate_pub,mts_details_total,2017,36.55
syc,sex_f,eco_aggregate_pub,mts_details_total,2018,38.37
syc,sex_f,eco_aggregate_pub,mts_details_total,2019,38.22
syc,sex_f,eco_aggregate_pub,mts_details_total,2020,37.84
syc,sex_f,eco_aggregate_pub,mts_details_total,2023,37.73
syc,sex_f,eco_aggregate_pub,mts_details_total,2024,37.54
syc,sex_f,eco_aggregate_pub,mts_details_union,2014,37.66
syc,sex_f,eco_aggregate_pub,mts_details_union,2015,37.71
syc,sex_f,eco_aggregate_pub,mts_details_union,2016,38.67
syc,sex_f,eco_aggregate_pub,mts_details_union,2017,36.01
syc,sex_f,eco_aggregate_pub,mts_details_union,2018,37.72
syc,sex_f,eco_aggregate_pub,mts_details_union,2019,37.59
syc,sex_f,eco_aggregate_pub,mts_details_union,2020,37.41
syc,sex_f,eco_aggregate_pub,mts_details_union,2023,37.74
syc,sex_f,eco_aggregate_pub,mts_details_union,2024,38.01
syc,sex_f,eco_aggregate_pub,mts_details_wid,2014,32.82
syc,sex_f,eco_aggregate_pub,mts_details_wid,2015,40.87
syc,sex_f,eco_aggregate_pub,mts_details_wid,2016,41.56
syc,sex_f,eco_aggregate_pub,mts_details_wid,2017,33.6
syc,sex_f,eco_aggregate_pub,mts_details_wid,2018,40.45
syc,sex_f,eco_aggregate_pub,mts_details_wid,2019,37.8
syc,sex_f,eco_aggregate_pub,mts_details_wid,2020,40.08
syc,sex_f,eco_aggregate_pub,mts_details_wid,2023,38.97
syc,sex_f,eco_aggregate_pub,mts_details_wid,2024,38.62
syc,sex_f,eco_aggregate_total,mts_aggregate_1,2014,40.25
syc,sex_f,eco_aggregate_total,mts_aggregate_1,2015,40.66
syc,sex_f,eco_aggregate_total,mts_aggregate_1,2016,40.69
syc,sex_f,eco_aggregate_total,mts_aggregate_1,2017,39.68
syc,sex_f,eco_aggregate_total,mts_aggregate_1,2018,40.08
syc,sex_f,eco_aggregate_total,mts_aggregate_1,2019,39.7
syc,sex_f,eco_aggregate_total,mts_aggregate_1,2020,39.12
syc,sex_f,eco_aggregate_total,mts_aggregate_1,2023,38.94
syc,sex_f,eco_aggregate_total,mts_aggregate_1,2024,39.51
syc,sex_f,eco_aggregate_total,mts_aggregate_2,2014,40.02
syc,sex_f,eco_aggregate_total,mts_aggregate_2,2015,39.97
syc,sex_f,eco_aggregate_total,mts_aggregate_2,2016,39.78
syc,sex_f,eco_aggregate_total,mts_aggregate_2,2017,37.74
syc,sex_f,eco_aggregate_total,mts_aggregate_2,2018,39.38
syc,sex_f,eco_aggregate_total,mts_aggregate_2,2019,38.82
syc,sex_f,eco_aggregate_total,mts_aggregate_2,2020,38.41
syc,sex_f,eco_aggregate_total,mts_aggregate_2,2023,38.31
syc,sex_f,eco_aggregate_total,mts_aggregate_2,2024,39.24
syc,sex_f,eco_aggregate_total,mts_aggregate_total,2014,40.12
syc,sex_f,eco_aggregate_total,mts_aggregate_total,2015,40.32
syc,sex_f,eco_aggregate_total,mts_aggregate_total,2016,40.23
syc,sex_f,eco_aggregate_total,mts_aggregate_total,2017,38.64
syc,sex_f,eco_aggregate_total,mts_aggregate_total,2018,39.72
syc,sex_f,eco_aggregate_total,mts_aggregate_total,2019,39.26
syc,sex_f,eco_aggregate_total,mts_aggregate_total,2020,38.75
syc,sex_f,eco_aggregate_total,mts_aggregate_total,2023,38.65
syc,sex_f,eco_aggregate_total,mts_aggregate_total,2024,39.38
syc,sex_f,eco_aggregate_total,mts_aggregate_x,2023,45.56
syc,sex_f,eco_aggregate_total,mts_details_mrd,2014,40.29
syc,sex_f,eco_aggregate_total,mts_details_mrd,2015,40.17
syc,sex_f,eco_aggregate_total,mts_details_mrd,2016,39.4
syc,sex_f,eco_aggregate_total,mts_details_mrd,2017,37.13
syc,sex_f,eco_aggregate_total,mts_details_mrd,2018,39.57
syc,sex_f,eco_aggregate_total,mts_details_mrd,2019,38.71
syc,sex_f,eco_aggregate_total,mts_details_mrd,2020,38.45
syc,sex_f,eco_aggregate_total,mts_details_mrd,2023,37.39
syc,sex_f,eco_aggregate_total,mts_details_mrd,2024,38.94
syc,sex_f,eco_aggregate_total,mts_details_sep,2014,40.2
syc,sex_f,eco_aggregate_total,mts_details_sep,2015,42.03
syc,sex_f,eco_aggregate_total,mts_details_sep,2016,38.91
syc,sex_f,eco_aggregate_total,mts_details_sep,2017,40
syc,sex_f,eco_aggregate_total,mts_details_sep,2018,40.22
syc,sex_f,eco_aggregate_total,mts_details_sep,2019,39.85
syc,sex_f,eco_aggregate_total,mts_details_sep,2020,38.5
syc,sex_f,eco_aggregate_total,mts_details_sep,2023,38.82
syc,sex_f,eco_aggregate_total,mts_details_sep,2024,39.92
syc,sex_f,eco_aggregate_total,mts_details_sgle,2014,40.5
syc,sex_f,eco_aggregate_total,mts_details_sgle,2015,40.52
syc,sex_f,eco_aggregate_total,mts_details_sgle,2016,40.92
syc,sex_f,eco_aggregate_total,mts_details_sgle,2017,39.76
syc,sex_f,eco_aggregate_total,mts_details_sgle,2018,40.09
syc,sex_f,eco_aggregate_total,mts_details_sgle,2019,39.72
syc,sex_f,eco_aggregate_total,mts_details_sgle,2020,39.21
syc,sex_f,eco_aggregate_total,mts_details_sgle,2023,38.84
syc,sex_f,eco_aggregate_total,mts_details_sgle,2024,39.39
syc,sex_f,eco_aggregate_total,mts_details_total,2014,40.12
syc,sex_f,eco_aggregate_total,mts_details_total,2015,40.32
syc,sex_f,eco_aggregate_total,mts_details_total,2016,40.23
syc,sex_f,eco_aggregate_total,mts_details_total,2017,38.64
syc,sex_f,eco_aggregate_total,mts_details_total,2018,39.72
syc,sex_f,eco_aggregate_total,mts_details_total,2019,39.26
syc,sex_f,eco_aggregate_total,mts_details_total,2020,38.75
syc,sex_f,eco_aggregate_total,mts_details_total,2023,38.65
syc,sex_f,eco_aggregate_total,mts_details_total,2024,39.38
syc,sex_f,eco_aggregate_total,mts_details_union,2014,39.77
syc,sex_f,eco_aggregate_total,mts_details_union,2015,39.79
syc,sex_f,eco_aggregate_total,mts_details_union,2016,40.11
syc,sex_f,eco_aggregate_total,mts_details_union,2017,38.24
syc,sex_f,eco_aggregate_total,mts_details_union,2018,39.22
syc,sex_f,eco_aggregate_total,mts_details_union,2019,38.94
syc,sex_f,eco_aggregate_total,mts_details_union,2020,38.38
syc,sex_f,eco_aggregate_total,mts_details_union,2023,39.06
syc,sex_f,eco_aggregate_total,mts_details_union,2024,39.5
syc,sex_f,eco_aggregate_total,mts_details_wid,2014,34.89
syc,sex_f,eco_aggregate_total,mts_details_wid,2015,39.92
syc,sex_f,eco_aggregate_total,mts_details_wid,2016,40.17
syc,sex_f,eco_aggregate_total,mts_details_wid,2017,35.8
syc,sex_f,eco_aggregate_total,mts_details_wid,2018,39
syc,sex_f,eco_aggregate_total,mts_details_wid,2019,38.65
syc,sex_f,eco_aggregate_total,mts_details_wid,2020,38.86
syc,sex_f,eco_aggregate_total,mts_details_wid,2023,42.05
syc,sex_f,eco_aggregate_total,mts_details_wid,2024,42.25
syc,sex_f,eco_aggregate_total,mts_details_x,2023,45.56
syc,sex_f,eco_aggregate_x,mts_aggregate_1,2018,38.33
syc,sex_f,eco_aggregate_x,mts_aggregate_1,2023,38.54
syc,sex_f,eco_aggregate_x,mts_aggregate_1,2024,40.27
syc,sex_f,eco_aggregate_x,mts_aggregate_2,2018,38.02
syc,sex_f,eco_aggregate_x,mts_aggregate_2,2023,34.28
syc,sex_f,eco_aggregate_x,mts_aggregate_2,2024,39.59
syc,sex_f,eco_aggregate_x,mts_aggregate_total,2018,38.18
syc,sex_f,eco_aggregate_x,mts_aggregate_total,2023,36.63
syc,sex_f,eco_aggregate_x,mts_aggregate_total,2024,39.93
syc,sex_f,eco_aggregate_x,mts_details_mrd,2018,36.47
syc,sex_f,eco_aggregate_x,mts_details_mrd,2023,35.49
syc,sex_f,eco_aggregate_x,mts_details_mrd,2024,39.43
syc,sex_f,eco_aggregate_x,mts_details_sep,2018,36.82
syc,sex_f,eco_aggregate_x,mts_details_sep,2024,38.36
syc,sex_f,eco_aggregate_x,mts_details_sgle,2018,39.18
syc,sex_f,eco_aggregate_x,mts_details_sgle,2023,38.54
syc,sex_f,eco_aggregate_x,mts_details_sgle,2024,40.32
syc,sex_f,eco_aggregate_x,mts_details_total,2018,38.18
syc,sex_f,eco_aggregate_x,mts_details_total,2023,36.63
syc,sex_f,eco_aggregate_x,mts_details_total,2024,39.93
syc,sex_f,eco_aggregate_x,mts_details_union,2018,39.06
syc,sex_f,eco_aggregate_x,mts_details_union,2024,39.74
syc,sex_f,eco_aggregate_x,mts_details_wid,2024,42.34
syc,sex_f,eco_sector_agr,mts_aggregate_1,2014,40.25
syc,sex_f,eco_sector_agr,mts_aggregate_1,2015,38.56
syc,sex_f,eco_sector_agr,mts_aggregate_1,2016,52.55
syc,sex_f,eco_sector_agr,mts_aggregate_1,2018,40.66
syc,sex_f,eco_sector_agr,mts_aggregate_1,2019,34.9
syc,sex_f,eco_sector_agr,mts_aggregate_2,2014,42.4
syc,sex_f,eco_sector_agr,mts_aggregate_2,2015,44.5
syc,sex_f,eco_sector_agr,mts_aggregate_2,2016,47.7
syc,sex_f,eco_sector_agr,mts_aggregate_2,2017,38.53
syc,sex_f,eco_sector_agr,mts_aggregate_2,2018,33.8
syc,sex_f,eco_sector_agr,mts_aggregate_2,2019,39.22
syc,sex_f,eco_sector_agr,mts_aggregate_2,2020,33.35
syc,sex_f,eco_sector_agr,mts_aggregate_2,2023,36.27
syc,sex_f,eco_sector_agr,mts_aggregate_2,2024,42.03
syc,sex_f,eco_sector_agr,mts_aggregate_total,2014,41.41
syc,sex_f,eco_sector_agr,mts_aggregate_total,2015,42.16
syc,sex_f,eco_sector_agr,mts_aggregate_total,2016,50.6
syc,sex_f,eco_sector_agr,mts_aggregate_total,2017,38.09
syc,sex_f,eco_sector_agr,mts_aggregate_total,2018,35.31
syc,sex_f,eco_sector_agr,mts_aggregate_total,2019,37.3
syc,sex_f,eco_sector_agr,mts_aggregate_total,2020,34.21
syc,sex_f,eco_sector_agr,mts_aggregate_total,2023,39.35
syc,sex_f,eco_sector_agr,mts_aggregate_total,2024,43.15
syc,sex_f,eco_sector_agr,mts_details_mrd,2014,40.6
syc,sex_f,eco_sector_agr,mts_details_mrd,2015,45.15
syc,sex_f,eco_sector_agr,mts_details_mrd,2016,45.72
syc,sex_f,eco_sector_agr,mts_details_mrd,2017,35.57
syc,sex_f,eco_sector_agr,mts_details_mrd,2018,33.47
syc,sex_f,eco_sector_agr,mts_details_mrd,2020,40.18
syc,sex_f,eco_sector_agr,mts_details_mrd,2023,32.02
syc,sex_f,eco_sector_agr,mts_details_sgle,2014,43.71
syc,sex_f,eco_sector_agr,mts_details_sgle,2015,38.56
syc,sex_f,eco_sector_agr,mts_details_sgle,2016,58.48
syc,sex_f,eco_sector_agr,mts_details_sgle,2018,40.66
syc,sex_f,eco_sector_agr,mts_details_sgle,2019,34.9
syc,sex_f,eco_sector_agr,mts_details_total,2014,41.41
syc,sex_f,eco_sector_agr,mts_details_total,2015,42.16
syc,sex_f,eco_sector_agr,mts_details_total,2016,50.6
syc,sex_f,eco_sector_agr,mts_details_total,2017,38.09
syc,sex_f,eco_sector_agr,mts_details_total,2018,35.31
syc,sex_f,eco_sector_agr,mts_details_total,2019,37.3
syc,sex_f,eco_sector_agr,mts_details_total,2020,34.21
syc,sex_f,eco_sector_agr,mts_details_total,2023,39.35
syc,sex_f,eco_sector_agr,mts_details_total,2024,43.15
syc,sex_f,eco_sector_agr,mts_details_union,2015,43.67
syc,sex_f,eco_sector_agr,mts_details_union,2017,40.52
syc,sex_f,eco_sector_agr,mts_details_union,2018,34.15
syc,sex_f,eco_sector_agr,mts_details_union,2019,37.55
syc,sex_f,eco_sector_ind,mts_aggregate_1,2014,39.91
syc,sex_f,eco_sector_ind,mts_aggregate_1,2015,40.48
syc,sex_f,eco_sector_ind,mts_aggregate_1,2016,38.5
syc,sex_f,eco_sector_ind,mts_aggregate_1,2017,37.95
syc,sex_f,eco_sector_ind,mts_aggregate_1,2018,39.54
syc,sex_f,eco_sector_ind,mts_aggregate_1,2019,37.87
syc,sex_f,eco_sector_ind,mts_aggregate_1,2020,39.23
syc,sex_f,eco_sector_ind,mts_aggregate_1,2023,41.49
syc,sex_f,eco_sector_ind,mts_aggregate_1,2024,38.95
syc,sex_f,eco_sector_ind,mts_aggregate_2,2014,39.52
syc,sex_f,eco_sector_ind,mts_aggregate_2,2015,40.35
syc,sex_f,eco_sector_ind,mts_aggregate_2,2016,39.2
syc,sex_f,eco_sector_ind,mts_aggregate_2,2017,38.4
syc,sex_f,eco_sector_ind,mts_aggregate_2,2018,39.33
syc,sex_f,eco_sector_ind,mts_aggregate_2,2019,35.03
syc,sex_f,eco_sector_ind,mts_aggregate_2,2020,40.86
syc,sex_f,eco_sector_ind,mts_aggregate_2,2023,40.67
syc,sex_f,eco_sector_ind,mts_aggregate_2,2024,37.62
syc,sex_f,eco_sector_ind,mts_aggregate_total,2014,39.69
syc,sex_f,eco_sector_ind,mts_aggregate_total,2015,40.41
syc,sex_f,eco_sector_ind,mts_aggregate_total,2016,38.83
syc,sex_f,eco_sector_ind,mts_aggregate_total,2017,38.21
syc,sex_f,eco_sector_ind,mts_aggregate_total,2018,39.43
syc,sex_f,eco_sector_ind,mts_aggregate_total,2019,36.29
syc,sex_f,eco_sector_ind,mts_aggregate_total,2020,40.08
syc,sex_f,eco_sector_ind,mts_aggregate_total,2023,41.08
syc,sex_f,eco_sector_ind,mts_aggregate_total,2024,38.28
syc,sex_f,eco_sector_ind,mts_details_mrd,2014,38.85
syc,sex_f,eco_sector_ind,mts_details_mrd,2015,40.91
syc,sex_f,eco_sector_ind,mts_details_mrd,2016,40.06
syc,sex_f,eco_sector_ind,mts_details_mrd,2017,37.58
syc,sex_f,eco_sector_ind,mts_details_mrd,2018,38.48
syc,sex_f,eco_sector_ind,mts_details_mrd,2019,34.53
syc,sex_f,eco_sector_ind,mts_details_mrd,2020,42.97
syc,sex_f,eco_sector_ind,mts_details_mrd,2023,38.97
syc,sex_f,eco_sector_ind,mts_details_mrd,2024,34.34
syc,sex_f,eco_sector_ind,mts_details_sep,2014,36.58
syc,sex_f,eco_sector_ind,mts_details_sep,2015,36.52
syc,sex_f,eco_sector_ind,mts_details_sep,2016,43.09
syc,sex_f,eco_sector_ind,mts_details_sep,2017,36.79
syc,sex_f,eco_sector_ind,mts_details_sep,2018,38.98
syc,sex_f,eco_sector_ind,mts_details_sep,2019,34.01
syc,sex_f,eco_sector_ind,mts_details_sep,2020,39.84
syc,sex_f,eco_sector_ind,mts_details_sep,2023,42.42
syc,sex_f,eco_sector_ind,mts_details_sgle,2014,40.28
syc,sex_f,eco_sector_ind,mts_details_sgle,2015,41.11
syc,sex_f,eco_sector_ind,mts_details_sgle,2016,38.3
syc,sex_f,eco_sector_ind,mts_details_sgle,2017,38.21
syc,sex_f,eco_sector_ind,mts_details_sgle,2018,39.58
syc,sex_f,eco_sector_ind,mts_details_sgle,2019,38.3
syc,sex_f,eco_sector_ind,mts_details_sgle,2020,39.1
syc,sex_f,eco_sector_ind,mts_details_sgle,2023,41.45
syc,sex_f,eco_sector_ind,mts_details_sgle,2024,39.09
syc,sex_f,eco_sector_ind,mts_details_total,2014,39.69
syc,sex_f,eco_sector_ind,mts_details_total,2015,40.41
syc,sex_f,eco_sector_ind,mts_details_total,2016,38.83
syc,sex_f,eco_sector_ind,mts_details_total,2017,38.21
syc,sex_f,eco_sector_ind,mts_details_total,2018,39.43
syc,sex_f,eco_sector_ind,mts_details_total,2019,36.29
syc,sex_f,eco_sector_ind,mts_details_total,2020,40.08
syc,sex_f,eco_sector_ind,mts_details_total,2023,41.08
syc,sex_f,eco_sector_ind,mts_details_total,2024,38.28
syc,sex_f,eco_sector_ind,mts_details_union,2014,40.11
syc,sex_f,eco_sector_ind,mts_details_union,2015,39.83
syc,sex_f,eco_sector_ind,mts_details_union,2016,38.25
syc,sex_f,eco_sector_ind,mts_details_union,2017,39.18
syc,sex_f,eco_sector_ind,mts_details_union,2018,40.4
syc,sex_f,eco_sector_ind,mts_details_union,2019,35.73
syc,sex_f,eco_sector_ind,mts_details_union,2020,38.57
syc,sex_f,eco_sector_ind,mts_details_union,2023,41.85
syc,sex_f,eco_sector_ind,mts_details_union,2024,40.05
syc,sex_f,eco_sector_ind,mts_details_wid,2015,37.91
syc,sex_f,eco_sector_ind,mts_details_wid,2016,34.8
syc,sex_f,eco_sector_ind,mts_details_wid,2019,39.53
syc,sex_f,eco_sector_nag,mts_aggregate_1,2014,40.25
syc,sex_f,eco_sector_nag,mts_aggregate_1,2015,40.67
syc,sex_f,eco_sector_nag,mts_aggregate_1,2016,40.63
syc,sex_f,eco_sector_nag,mts_aggregate_1,2017,39.69
syc,sex_f,eco_sector_nag,mts_aggregate_1,2018,40.07
syc,sex_f,eco_sector_nag,mts_aggregate_1,2019,39.72
syc,sex_f,eco_sector_nag,mts_aggregate_1,2020,39.12
syc,sex_f,eco_sector_nag,mts_aggregate_1,2023,38.91
syc,sex_f,eco_sector_nag,mts_aggregate_1,2024,39.5
syc,sex_f,eco_sector_nag,mts_aggregate_2,2014,40
syc,sex_f,eco_sector_nag,mts_aggregate_2,2015,39.91
syc,sex_f,eco_sector_nag,mts_aggregate_2,2016,39.75
syc,sex_f,eco_sector_nag,mts_aggregate_2,2017,37.73
syc,sex_f,eco_sector_nag,mts_aggregate_2,2018,39.44
syc,sex_f,eco_sector_nag,mts_aggregate_2,2019,38.82
syc,sex_f,eco_sector_nag,mts_aggregate_2,2020,38.48
syc,sex_f,eco_sector_nag,mts_aggregate_2,2023,38.33
syc,sex_f,eco_sector_nag,mts_aggregate_2,2024,39.22
syc,sex_f,eco_sector_nag,mts_aggregate_total,2014,40.12
syc,sex_f,eco_sector_nag,mts_aggregate_total,2015,40.3
syc,sex_f,eco_sector_nag,mts_aggregate_total,2016,40.18
syc,sex_f,eco_sector_nag,mts_aggregate_total,2017,38.65
syc,sex_f,eco_sector_nag,mts_aggregate_total,2018,39.75
syc,sex_f,eco_sector_nag,mts_aggregate_total,2019,39.27
syc,sex_f,eco_sector_nag,mts_aggregate_total,2020,38.79
syc,sex_f,eco_sector_nag,mts_aggregate_total,2023,38.64
syc,sex_f,eco_sector_nag,mts_aggregate_total,2024,39.37
syc,sex_f,eco_sector_nag,mts_aggregate_x,2023,45.56
syc,sex_f,eco_sector_nag,mts_details_mrd,2014,40.28
syc,sex_f,eco_sector_nag,mts_details_mrd,2015,40.09
syc,sex_f,eco_sector_nag,mts_details_mrd,2016,39.36
syc,sex_f,eco_sector_nag,mts_details_mrd,2017,37.14
syc,sex_f,eco_sector_nag,mts_details_mrd,2018,39.66
syc,sex_f,eco_sector_nag,mts_details_mrd,2019,38.7
syc,sex_f,eco_sector_nag,mts_details_mrd,2020,38.43
syc,sex_f,eco_sector_nag,mts_details_mrd,2023,37.45
syc,sex_f,eco_sector_nag,mts_details_mrd,2024,38.97
syc,sex_f,eco_sector_nag,mts_details_sep,2014,40.18
syc,sex_f,eco_sector_nag,mts_details_sep,2015,42.03
syc,sex_f,eco_sector_nag,mts_details_sep,2016,38.97
syc,sex_f,eco_sector_nag,mts_details_sep,2017,40
syc,sex_f,eco_sector_nag,mts_details_sep,2018,40.22
syc,sex_f,eco_sector_nag,mts_details_sep,2019,39.85
syc,sex_f,eco_sector_nag,mts_details_sep,2020,38.43
syc,sex_f,eco_sector_nag,mts_details_sep,2023,38.82
syc,sex_f,eco_sector_nag,mts_details_sep,2024,39.92
syc,sex_f,eco_sector_nag,mts_details_sgle,2014,40.49
syc,sex_f,eco_sector_nag,mts_details_sgle,2015,40.54
syc,sex_f,eco_sector_nag,mts_details_sgle,2016,40.84
syc,sex_f,eco_sector_nag,mts_details_sgle,2017,39.77
syc,sex_f,eco_sector_nag,mts_details_sgle,2018,40.09
syc,sex_f,eco_sector_nag,mts_details_sgle,2019,39.75
syc,sex_f,eco_sector_nag,mts_details_sgle,2020,39.21
syc,sex_f,eco_sector_nag,mts_details_sgle,2023,38.82
syc,sex_f,eco_sector_nag,mts_details_sgle,2024,39.38
syc,sex_f,eco_sector_nag,mts_details_total,2014,40.12
syc,sex_f,eco_sector_nag,mts_details_total,2015,40.3
syc,sex_f,eco_sector_nag,mts_details_total,2016,40.18
syc,sex_f,eco_sector_nag,mts_details_total,2017,38.65
syc,sex_f,eco_sector_nag,mts_details_total,2018,39.75
syc,sex_f,eco_sector_nag,mts_details_total,2019,39.27
syc,sex_f,eco_sector_nag,mts_details_total,2020,38.79
syc,sex_f,eco_sector_nag,mts_details_total,2023,38.64
syc,sex_f,eco_sector_nag,mts_details_total,2024,39.37
syc,sex_f,eco_sector_nag,mts_details_union,2014,39.75
syc,sex_f,eco_sector_nag,mts_details_union,2015,39.75
syc,sex_f,eco_sector_nag,mts_details_union,2016,40.08
syc,sex_f,eco_sector_nag,mts_details_union,2017,38.23
syc,sex_f,eco_sector_nag,mts_details_union,2018,39.27
syc,sex_f,eco_sector_nag,mts_details_union,2019,38.95
syc,sex_f,eco_sector_nag,mts_details_union,2020,38.52
syc,sex_f,eco_sector_nag,mts_details_union,2023,39.04
syc,sex_f,eco_sector_nag,mts_details_union,2024,39.45
syc,sex_f,eco_sector_nag,mts_details_wid,2014,35.13
syc,sex_f,eco_sector_nag,mts_details_wid,2015,39.92
syc,sex_f,eco_sector_nag,mts_details_wid,2016,40.17
syc,sex_f,eco_sector_nag,mts_details_wid,2017,35.8
syc,sex_f,eco_sector_nag,mts_details_wid,2018,39
syc,sex_f,eco_sector_nag,mts_details_wid,2019,38.65
syc,sex_f,eco_sector_nag,mts_details_wid,2020,38.86
syc,sex_f,eco_sector_nag,mts_details_wid,2023,42.05
syc,sex_f,eco_sector_nag,mts_details_wid,2024,42.25
syc,sex_f,eco_sector_nag,mts_details_x,2023,45.56
syc,sex_f,eco_sector_ser,mts_aggregate_1,2014,40.27
syc,sex_f,eco_sector_ser,mts_aggregate_1,2015,40.68
syc,sex_f,eco_sector_ser,mts_aggregate_1,2016,40.8
syc,sex_f,eco_sector_ser,mts_aggregate_1,2017,39.79
syc,sex_f,eco_sector_ser,mts_aggregate_1,2018,40.15
syc,sex_f,eco_sector_ser,mts_aggregate_1,2019,39.81
syc,sex_f,eco_sector_ser,mts_aggregate_1,2020,39.16
syc,sex_f,eco_sector_ser,mts_aggregate_1,2023,38.77
syc,sex_f,eco_sector_ser,mts_aggregate_1,2024,38.77
syc,sex_f,eco_sector_ser,mts_aggregate_2,2014,40.04
syc,sex_f,eco_sector_ser,mts_aggregate_2,2015,39.87
syc,sex_f,eco_sector_ser,mts_aggregate_2,2016,39.79
syc,sex_f,eco_sector_ser,mts_aggregate_2,2017,37.68
syc,sex_f,eco_sector_ser,mts_aggregate_2,2018,39.48
syc,sex_f,eco_sector_ser,mts_aggregate_2,2019,39.05
syc,sex_f,eco_sector_ser,mts_aggregate_2,2020,38.31
syc,sex_f,eco_sector_ser,mts_aggregate_2,2023,38.23
syc,sex_f,eco_sector_ser,mts_aggregate_2,2024,38.88
syc,sex_f,eco_sector_ser,mts_aggregate_total,2014,40.15
syc,sex_f,eco_sector_ser,mts_aggregate_total,2015,40.29
syc,sex_f,eco_sector_ser,mts_aggregate_total,2016,40.28
syc,sex_f,eco_sector_ser,mts_aggregate_total,2017,38.67
syc,sex_f,eco_sector_ser,mts_aggregate_total,2018,39.81
syc,sex_f,eco_sector_ser,mts_aggregate_total,2019,39.43
syc,sex_f,eco_sector_ser,mts_aggregate_total,2020,38.72
syc,sex_f,eco_sector_ser,mts_aggregate_total,2023,38.52
syc,sex_f,eco_sector_ser,mts_aggregate_total,2024,38.82
syc,sex_f,eco_sector_ser,mts_aggregate_x,2023,45.56
syc,sex_f,eco_sector_ser,mts_details_mrd,2014,40.39
syc,sex_f,eco_sector_ser,mts_details_mrd,2015,40.02
syc,sex_f,eco_sector_ser,mts_details_mrd,2016,39.31
syc,sex_f,eco_sector_ser,mts_details_mrd,2017,37.1
syc,sex_f,eco_sector_ser,mts_details_mrd,2018,39.81
syc,sex_f,eco_sector_ser,mts_details_mrd,2019,38.99
syc,sex_f,eco_sector_ser,mts_details_mrd,2020,38.08
syc,sex_f,eco_sector_ser,mts_details_mrd,2023,37.39
syc,sex_f,eco_sector_ser,mts_details_mrd,2024,38.66
syc,sex_f,eco_sector_ser,mts_details_sep,2014,40.4
syc,sex_f,eco_sector_ser,mts_details_sep,2015,42.48
syc,sex_f,eco_sector_ser,mts_details_sep,2016,38.64
syc,sex_f,eco_sector_ser,mts_details_sep,2017,40.15
syc,sex_f,eco_sector_ser,mts_details_sep,2018,40.43
syc,sex_f,eco_sector_ser,mts_details_sep,2019,40.19
syc,sex_f,eco_sector_ser,mts_details_sep,2020,38.21
syc,sex_f,eco_sector_ser,mts_details_sep,2023,38.33
syc,sex_f,eco_sector_ser,mts_details_sep,2024,41.65
syc,sex_f,eco_sector_ser,mts_details_sgle,2014,40.5
syc,sex_f,eco_sector_ser,mts_details_sgle,2015,40.49
syc,sex_f,eco_sector_ser,mts_details_sgle,2016,41.03
syc,sex_f,eco_sector_ser,mts_details_sgle,2017,39.86
syc,sex_f,eco_sector_ser,mts_details_sgle,2018,40.14
syc,sex_f,eco_sector_ser,mts_details_sgle,2019,39.81
syc,sex_f,eco_sector_ser,mts_details_sgle,2020,39.27
syc,sex_f,eco_sector_ser,mts_details_sgle,2023,38.69
syc,sex_f,eco_sector_ser,mts_details_sgle,2024,38.47
syc,sex_f,eco_sector_ser,mts_details_total,2014,40.15
syc,sex_f,eco_sector_ser,mts_details_total,2015,40.29
syc,sex_f,eco_sector_ser,mts_details_total,2016,40.28
syc,sex_f,eco_sector_ser,mts_details_total,2017,38.67
syc,sex_f,eco_sector_ser,mts_details_total,2018,39.81
syc,sex_f,eco_sector_ser,mts_details_total,2019,39.43
syc,sex_f,eco_sector_ser,mts_details_total,2020,38.72
syc,sex_f,eco_sector_ser,mts_details_total,2023,38.52
syc,sex_f,eco_sector_ser,mts_details_total,2024,38.82
syc,sex_f,eco_sector_ser,mts_details_union,2014,39.72
syc,sex_f,eco_sector_ser,mts_details_union,2015,39.74
syc,sex_f,eco_sector_ser,mts_details_union,2016,40.19
syc,sex_f,eco_sector_ser,mts_details_union,2017,38.16
syc,sex_f,eco_sector_ser,mts_details_union,2018,39.23
syc,sex_f,eco_sector_ser,mts_details_union,2019,39.1
syc,sex_f,eco_sector_ser,mts_details_union,2020,38.51
syc,sex_f,eco_sector_ser,mts_details_union,2023,38.9
syc,sex_f,eco_sector_ser,mts_details_union,2024,39.08
syc,sex_f,eco_sector_ser,mts_details_wid,2014,34.82
syc,sex_f,eco_sector_ser,mts_details_wid,2015,40.21
syc,sex_f,eco_sector_ser,mts_details_wid,2016,41.19
syc,sex_f,eco_sector_ser,mts_details_wid,2017,35.98
syc,sex_f,eco_sector_ser,mts_details_wid,2018,39.57
syc,sex_f,eco_sector_ser,mts_details_wid,2019,38.57
syc,sex_f,eco_sector_ser,mts_details_wid,2020,38.9
syc,sex_f,eco_sector_ser,mts_details_wid,2023,42.33
syc,sex_f,eco_sector_ser,mts_details_wid,2024,42.3
syc,sex_f,eco_sector_ser,mts_details_x,2023,45.56
syc,sex_f,eco_sector_total,mts_aggregate_1,2014,40.25
syc,sex_f,eco_sector_total,mts_aggregate_1,2015,40.66
syc,sex_f,eco_sector_total,mts_aggregate_1,2016,40.69
syc,sex_f,eco_sector_total,mts_aggregate_1,2017,39.68
syc,sex_f,eco_sector_total,mts_aggregate_1,2018,40.08
syc,sex_f,eco_sector_total,mts_aggregate_1,2019,39.7
syc,sex_f,eco_sector_total,mts_aggregate_1,2020,39.12
syc,sex_f,eco_sector_total,mts_aggregate_1,2023,38.94
syc,sex_f,eco_sector_total,mts_aggregate_1,2024,39.51
syc,sex_f,eco_sector_total,mts_aggregate_2,2014,40.02
syc,sex_f,eco_sector_total,mts_aggregate_2,2015,39.97
syc,sex_f,eco_sector_total,mts_aggregate_2,2016,39.78
syc,sex_f,eco_sector_total,mts_aggregate_2,2017,37.74
syc,sex_f,eco_sector_total,mts_aggregate_2,2018,39.38
syc,sex_f,eco_sector_total,mts_aggregate_2,2019,38.82
syc,sex_f,eco_sector_total,mts_aggregate_2,2020,38.41
syc,sex_f,eco_sector_total,mts_aggregate_2,2023,38.31
syc,sex_f,eco_sector_total,mts_aggregate_2,2024,39.24
syc,sex_f,eco_sector_total,mts_aggregate_total,2014,40.12
syc,sex_f,eco_sector_total,mts_aggregate_total,2015,40.32
syc,sex_f,eco_sector_total,mts_aggregate_total,2016,40.23
syc,sex_f,eco_sector_total,mts_aggregate_total,2017,38.64
syc,sex_f,eco_sector_total,mts_aggregate_total,2018,39.72
syc,sex_f,eco_sector_total,mts_aggregate_total,2019,39.26
syc,sex_f,eco_sector_total,mts_aggregate_total,2020,38.75
syc,sex_f,eco_sector_total,mts_aggregate_total,2023,38.65
syc,sex_f,eco_sector_total,mts_aggregate_total,2024,39.38
syc,sex_f,eco_sector_total,mts_aggregate_x,2023,45.56
syc,sex_f,eco_sector_total,mts_details_mrd,2014,40.29
syc,sex_f,eco_sector_total,mts_details_mrd,2015,40.17
syc,sex_f,eco_sector_total,mts_details_mrd,2016,39.4
syc,sex_f,eco_sector_total,mts_details_mrd,2017,37.13
syc,sex_f,eco_sector_total,mts_details_mrd,2018,39.57
syc,sex_f,eco_sector_total,mts_details_mrd,2019,38.71
syc,sex_f,eco_sector_total,mts_details_mrd,2020,38.45
syc,sex_f,eco_sector_total,mts_details_mrd,2023,37.39
syc,sex_f,eco_sector_total,mts_details_mrd,2024,38.94
syc,sex_f,eco_sector_total,mts_details_sep,2014,40.2
syc,sex_f,eco_sector_total,mts_details_sep,2015,42.03
syc,sex_f,eco_sector_total,mts_details_sep,2016,38.91
syc,sex_f,eco_sector_total,mts_details_sep,2017,40
syc,sex_f,eco_sector_total,mts_details_sep,2018,40.22
syc,sex_f,eco_sector_total,mts_details_sep,2019,39.85
syc,sex_f,eco_sector_total,mts_details_sep,2020,38.5
syc,sex_f,eco_sector_total,mts_details_sep,2023,38.82
syc,sex_f,eco_sector_total,mts_details_sep,2024,39.92
syc,sex_f,eco_sector_total,mts_details_sgle,2014,40.5
syc,sex_f,eco_sector_total,mts_details_sgle,2015,40.52
syc,sex_f,eco_sector_total,mts_details_sgle,2016,40.92
syc,sex_f,eco_sector_total,mts_details_sgle,2017,39.76
syc,sex_f,eco_sector_total,mts_details_sgle,2018,40.09
syc,sex_f,eco_sector_total,mts_details_sgle,2019,39.72
syc,sex_f,eco_sector_total,mts_details_sgle,2020,39.21
syc,sex_f,eco_sector_total,mts_details_sgle,2023,38.84
syc,sex_f,eco_sector_total,mts_details_sgle,2024,39.39
syc,sex_f,eco_sector_total,mts_details_total,2014,40.12
syc,sex_f,eco_sector_total,mts_details_total,2015,40.32
syc,sex_f,eco_sector_total,mts_details_total,2016,40.23
syc,sex_f,eco_sector_total,mts_details_total,2017,38.64
syc,sex_f,eco_sector_total,mts_details_total,2018,39.72
syc,sex_f,eco_sector_total,mts_details_total,2019,39.26
syc,sex_f,eco_sector_total,mts_details_total,2020,38.75
syc,sex_f,eco_sector_total,mts_details_total,2023,38.65
syc,sex_f,eco_sector_total,mts_details_total,2024,39.38
syc,sex_f,eco_sector_total,mts_details_union,2014,39.77
syc,sex_f,eco_sector_total,mts_details_union,2015,39.79
syc,sex_f,eco_sector_total,mts_details_union,2016,40.11
syc,sex_f,eco_sector_total,mts_details_union,2017,38.24
syc,sex_f,eco_sector_total,mts_details_union,2018,39.22
syc,sex_f,eco_sector_total,mts_details_union,2019,38.94
syc,sex_f,eco_sector_total,mts_details_union,2020,38.38
syc,sex_f,eco_sector_total,mts_details_union,2023,39.06
syc,sex_f,eco_sector_total,mts_details_union,2024,39.5
syc,sex_f,eco_sector_total,mts_details_wid,2014,34.89
syc,sex_f,eco_sector_total,mts_details_wid,2015,39.92
syc,sex_f,eco_sector_total,mts_details_wid,2016,40.17
syc,sex_f,eco_sector_total,mts_details_wid,2017,35.8
syc,sex_f,eco_sector_total,mts_details_wid,2018,39
syc,sex_f,eco_sector_total,mts_details_wid,2019,38.65
syc,sex_f,eco_sector_total,mts_details_wid,2020,38.86
syc,sex_f,eco_sector_total,mts_details_wid,2023,42.05
syc,sex_f,eco_sector_total,mts_details_wid,2024,42.25
syc,sex_f,eco_sector_total,mts_details_x,2023,45.56
syc,sex_f,eco_sector_x,mts_aggregate_1,2018,38.33
syc,sex_f,eco_sector_x,mts_aggregate_1,2023,38.54
syc,sex_f,eco_sector_x,mts_aggregate_1,2024,40.27
syc,sex_f,eco_sector_x,mts_aggregate_2,2018,38.02
syc,sex_f,eco_sector_x,mts_aggregate_2,2023,34.28
syc,sex_f,eco_sector_x,mts_aggregate_2,2024,39.59
syc,sex_f,eco_sector_x,mts_aggregate_total,2018,38.18
syc,sex_f,eco_sector_x,mts_aggregate_total,2023,36.63
syc,sex_f,eco_sector_x,mts_aggregate_total,2024,39.93
syc,sex_f,eco_sector_x,mts_details_mrd,2018,36.47
syc,sex_f,eco_sector_x,mts_details_mrd,2023,35.49
syc,sex_f,eco_sector_x,mts_details_mrd,2024,39.43
syc,sex_f,eco_sector_x,mts_details_sep,2018,36.82
syc,sex_f,eco_sector_x,mts_details_sep,2024,38.36
syc,sex_f,eco_sector_x,mts_details_sgle,2018,39.18
syc,sex_f,eco_sector_x,mts_details_sgle,2023,38.54
syc,sex_f,eco_sector_x,mts_details_sgle,2024,40.32
syc,sex_f,eco_sector_x,mts_details_total,2018,38.18
syc,sex_f,eco_sector_x,mts_details_total,2023,36.63
syc,sex_f,eco_sector_x,mts_details_total,2024,39.93
syc,sex_f,eco_sector_x,mts_details_union,2018,39.06
syc,sex_f,eco_sector_x,mts_details_union,2024,39.74
syc,sex_f,eco_sector_x,mts_details_wid,2024,42.34
syc,sex_m,eco_aggregate_agr,mts_aggregate_1,2014,46.62
syc,sex_m,eco_aggregate_agr,mts_aggregate_1,2015,49.36
syc,sex_m,eco_aggregate_agr,mts_aggregate_1,2016,50.04
syc,sex_m,eco_aggregate_agr,mts_aggregate_1,2017,54.26
syc,sex_m,eco_aggregate_agr,mts_aggregate_1,2018,45.66
syc,sex_m,eco_aggregate_agr,mts_aggregate_1,2019,44.25
syc,sex_m,eco_aggregate_agr,mts_aggregate_1,2020,47.31
syc,sex_m,eco_aggregate_agr,mts_aggregate_1,2023,43.7
syc,sex_m,eco_aggregate_agr,mts_aggregate_1,2024,42.67
syc,sex_m,eco_aggregate_agr,mts_aggregate_2,2014,46.73
syc,sex_m,eco_aggregate_agr,mts_aggregate_2,2015,53.74
syc,sex_m,eco_aggregate_agr,mts_aggregate_2,2016,50.04
syc,sex_m,eco_aggregate_agr,mts_aggregate_2,2017,57.1
syc,sex_m,eco_aggregate_agr,mts_aggregate_2,2018,45.71
syc,sex_m,eco_aggregate_agr,mts_aggregate_2,2019,49.9
syc,sex_m,eco_aggregate_agr,mts_aggregate_2,2020,43.62
syc,sex_m,eco_aggregate_agr,mts_aggregate_2,2023,41.11
syc,sex_m,eco_aggregate_agr,mts_aggregate_2,2024,42.29
syc,sex_m,eco_aggregate_agr,mts_aggregate_total,2014,46.68
syc,sex_m,eco_aggregate_agr,mts_aggregate_total,2015,51.09
syc,sex_m,eco_aggregate_agr,mts_aggregate_total,2016,50.49
syc,sex_m,eco_aggregate_agr,mts_aggregate_total,2017,55.75
syc,sex_m,eco_aggregate_agr,mts_aggregate_total,2018,45.69
syc,sex_m,eco_aggregate_agr,mts_aggregate_total,2019,47.72
syc,sex_m,eco_aggregate_agr,mts_aggregate_total,2020,45.25
syc,sex_m,eco_aggregate_agr,mts_aggregate_total,2023,42.47
syc,sex_m,eco_aggregate_agr,mts_aggregate_total,2024,42.55
syc,sex_m,eco_aggregate_agr,mts_details_mrd,2014,52.1
syc,sex_m,eco_aggregate_agr,mts_details_mrd,2015,65.11
syc,sex_m,eco_aggregate_agr,mts_details_mrd,2016,49.83
syc,sex_m,eco_aggregate_agr,mts_details_mrd,2017,62.3
syc,sex_m,eco_aggregate_agr,mts_details_mrd,2018,40.94
syc,sex_m,eco_aggregate_agr,mts_details_mrd,2019,50.95
syc,sex_m,eco_aggregate_agr,mts_details_mrd,2020,45.81
syc,sex_m,eco_aggregate_agr,mts_details_mrd,2023,32.25
syc,sex_m,eco_aggregate_agr,mts_details_mrd,2024,42.29
syc,sex_m,eco_aggregate_agr,mts_details_sgle,2014,46.52
syc,sex_m,eco_aggregate_agr,mts_details_sgle,2015,49.8
syc,sex_m,eco_aggregate_agr,mts_details_sgle,2016,48.67
syc,sex_m,eco_aggregate_agr,mts_details_sgle,2017,54.26
syc,sex_m,eco_aggregate_agr,mts_details_sgle,2018,45.66
syc,sex_m,eco_aggregate_agr,mts_details_sgle,2019,44.35
syc,sex_m,eco_aggregate_agr,mts_details_sgle,2020,46.42
syc,sex_m,eco_aggregate_agr,mts_details_sgle,2023,43.7
syc,sex_m,eco_aggregate_agr,mts_details_sgle,2024,42.67
syc,sex_m,eco_aggregate_agr,mts_details_total,2014,46.68
syc,sex_m,eco_aggregate_agr,mts_details_total,2015,51.09
syc,sex_m,eco_aggregate_agr,mts_details_total,2016,50.49
syc,sex_m,eco_aggregate_agr,mts_details_total,2017,55.75
syc,sex_m,eco_aggregate_agr,mts_details_total,2018,45.69
syc,sex_m,eco_aggregate_agr,mts_details_total,2019,47.72
syc,sex_m,eco_aggregate_agr,mts_details_total,2020,45.25
syc,sex_m,eco_aggregate_agr,mts_details_total,2023,42.47
syc,sex_m,eco_aggregate_agr,mts_details_total,2024,42.55
syc,sex_m,eco_aggregate_agr,mts_details_union,2014,42.34
syc,sex_m,eco_aggregate_agr,mts_details_union,2015,50.45
syc,sex_m,eco_aggregate_agr,mts_details_union,2016,50.17
syc,sex_m,eco_aggregate_agr,mts_details_union,2017,53.08
syc,sex_m,eco_aggregate_agr,mts_details_union,2018,47.63
syc,sex_m,eco_aggregate_agr,mts_details_union,2019,48.48
syc,sex_m,eco_aggregate_agr,mts_details_union,2020,41.55
syc,sex_m,eco_aggregate_agr,mts_details_union,2023,50.64
syc,sex_m,eco_aggregate_con,mts_aggregate_1,2014,41.78
syc,sex_m,eco_aggregate_con,mts_aggregate_1,2015,42.6
syc,sex_m,eco_aggregate_con,mts_aggregate_1,2016,42.95
syc,sex_m,eco_aggregate_con,mts_aggregate_1,2017,41.59
syc,sex_m,eco_aggregate_con,mts_aggregate_1,2018,42.56
syc,sex_m,eco_aggregate_con,mts_aggregate_1,2019,40.85
syc,sex_m,eco_aggregate_con,mts_aggregate_1,2020,37.71
syc,sex_m,eco_aggregate_con,mts_aggregate_1,2023,39.03
syc,sex_m,eco_aggregate_con,mts_aggregate_1,2024,41.68
syc,sex_m,eco_aggregate_con,mts_aggregate_2,2014,46.24
syc,sex_m,eco_aggregate_con,mts_aggregate_2,2015,46.67
syc,sex_m,eco_aggregate_con,mts_aggregate_2,2016,46.16
syc,sex_m,eco_aggregate_con,mts_aggregate_2,2017,44.46
syc,sex_m,eco_aggregate_con,mts_aggregate_2,2018,43.65
syc,sex_m,eco_aggregate_con,mts_aggregate_2,2019,44.42
syc,sex_m,eco_aggregate_con,mts_aggregate_2,2020,43.94
syc,sex_m,eco_aggregate_con,mts_aggregate_2,2023,41.85
syc,sex_m,eco_aggregate_con,mts_aggregate_2,2024,43.74
syc,sex_m,eco_aggregate_con,mts_aggregate_total,2014,44.16
syc,sex_m,eco_aggregate_con,mts_aggregate_total,2015,45.12
syc,sex_m,eco_aggregate_con,mts_aggregate_total,2016,44.34
syc,sex_m,eco_aggregate_con,mts_aggregate_total,2017,43.15
syc,sex_m,eco_aggregate_con,mts_aggregate_total,2018,43.13
syc,sex_m,eco_aggregate_con,mts_aggregate_total,2019,42.87
syc,sex_m,eco_aggregate_con,mts_aggregate_total,2020,41.59
syc,sex_m,eco_aggregate_con,mts_aggregate_total,2023,40.61
syc,sex_m,eco_aggregate_con,mts_aggregate_total,2024,42.91
syc,sex_m,eco_aggregate_con,mts_details_mrd,2014,48.36
syc,sex_m,eco_aggregate_con,mts_details_mrd,2015,47.76
syc,sex_m,eco_aggregate_con,mts_details_mrd,2016,45.78
syc,sex_m,eco_aggregate_con,mts_details_mrd,2017,43.68
syc,sex_m,eco_aggregate_con,mts_details_mrd,2018,43.77
syc,sex_m,eco_aggregate_con,mts_details_mrd,2019,46.14
syc,sex_m,eco_aggregate_con,mts_details_mrd,2020,45.38
syc,sex_m,eco_aggregate_con,mts_details_mrd,2023,42.57
syc,sex_m,eco_aggregate_con,mts_details_mrd,2024,43.35
syc,sex_m,eco_aggregate_con,mts_details_sep,2018,46.42
syc,sex_m,eco_aggregate_con,mts_details_sep,2019,32.72
syc,sex_m,eco_aggregate_con,mts_details_sep,2020,45.83
syc,sex_m,eco_aggregate_con,mts_details_sgle,2014,41.86
syc,sex_m,eco_aggregate_con,mts_details_sgle,2015,42.82
syc,sex_m,eco_aggregate_con,mts_details_sgle,2016,42.95
syc,sex_m,eco_aggregate_con,mts_details_sgle,2017,41.38
syc,sex_m,eco_aggregate_con,mts_details_sgle,2018,42.39
syc,sex_m,eco_aggregate_con,mts_details_sgle,2019,41.43
syc,sex_m,eco_aggregate_con,mts_details_sgle,2020,36.92
syc,sex_m,eco_aggregate_con,mts_details_sgle,2023,38.9
syc,sex_m,eco_aggregate_con,mts_details_sgle,2024,41.68
syc,sex_m,eco_aggregate_con,mts_details_total,2014,44.16
syc,sex_m,eco_aggregate_con,mts_details_total,2015,45.12
syc,sex_m,eco_aggregate_con,mts_details_total,2016,44.34
syc,sex_m,eco_aggregate_con,mts_details_total,2017,43.15
syc,sex_m,eco_aggregate_con,mts_details_total,2018,43.13
syc,sex_m,eco_aggregate_con,mts_details_total,2019,42.87
syc,sex_m,eco_aggregate_con,mts_details_total,2020,41.59
syc,sex_m,eco_aggregate_con,mts_details_total,2023,40.61
syc,sex_m,eco_aggregate_con,mts_details_total,2024,42.91
syc,sex_m,eco_aggregate_con,mts_details_union,2014,42
syc,sex_m,eco_aggregate_con,mts_details_union,2015,44.91
syc,sex_m,eco_aggregate_con,mts_details_union,2016,46.65
syc,sex_m,eco_aggregate_con,mts_details_union,2017,45.77
syc,sex_m,eco_aggregate_con,mts_details_union,2018,43.47
syc,sex_m,eco_aggregate_con,mts_details_union,2019,42.06
syc,sex_m,eco_aggregate_con,mts_details_union,2020,41.57
syc,sex_m,eco_aggregate_con,mts_details_union,2023,38.5
syc,sex_m,eco_aggregate_con,mts_details_union,2024,44.27
syc,sex_m,eco_aggregate_man,mts_aggregate_1,2014,42.21
syc,sex_m,eco_aggregate_man,mts_aggregate_1,2015,43.7
syc,sex_m,eco_aggregate_man,mts_aggregate_1,2016,41.5
syc,sex_m,eco_aggregate_man,mts_aggregate_1,2017,41.87
syc,sex_m,eco_aggregate_man,mts_aggregate_1,2018,42.05
syc,sex_m,eco_aggregate_man,mts_aggregate_1,2019,40.29
syc,sex_m,eco_aggregate_man,mts_aggregate_1,2020,39.25
syc,sex_m,eco_aggregate_man,mts_aggregate_1,2023,40.76
syc,sex_m,eco_aggregate_man,mts_aggregate_1,2024,41.77
syc,sex_m,eco_aggregate_man,mts_aggregate_2,2014,45.61
syc,sex_m,eco_aggregate_man,mts_aggregate_2,2015,44.98
syc,sex_m,eco_aggregate_man,mts_aggregate_2,2016,44.47
syc,sex_m,eco_aggregate_man,mts_aggregate_2,2017,42.97
syc,sex_m,eco_aggregate_man,mts_aggregate_2,2018,43.37
syc,sex_m,eco_aggregate_man,mts_aggregate_2,2019,42.98
syc,sex_m,eco_aggregate_man,mts_aggregate_2,2020,41.94
syc,sex_m,eco_aggregate_man,mts_aggregate_2,2023,42.57
syc,sex_m,eco_aggregate_man,mts_aggregate_2,2024,45.37
syc,sex_m,eco_aggregate_man,mts_aggregate_total,2014,43.7
syc,sex_m,eco_aggregate_man,mts_aggregate_total,2015,44.38
syc,sex_m,eco_aggregate_man,mts_aggregate_total,2016,43.04
syc,sex_m,eco_aggregate_man,mts_aggregate_total,2017,42.42
syc,sex_m,eco_aggregate_man,mts_aggregate_total,2018,42.78
syc,sex_m,eco_aggregate_man,mts_aggregate_total,2019,41.41
syc,sex_m,eco_aggregate_man,mts_aggregate_total,2020,40.78
syc,sex_m,eco_aggregate_man,mts_aggregate_total,2023,41.77
syc,sex_m,eco_aggregate_man,mts_aggregate_total,2024,43.42
syc,sex_m,eco_aggregate_man,mts_details_mrd,2014,46.88
syc,sex_m,eco_aggregate_man,mts_details_mrd,2015,45.85
syc,sex_m,eco_aggregate_man,mts_details_mrd,2016,46.97
syc,sex_m,eco_aggregate_man,mts_details_mrd,2017,41.16
syc,sex_m,eco_aggregate_man,mts_details_mrd,2018,42.05
syc,sex_m,eco_aggregate_man,mts_details_mrd,2019,41.17
syc,sex_m,eco_aggregate_man,mts_details_mrd,2020,41.98
syc,sex_m,eco_aggregate_man,mts_details_mrd,2023,43.32
syc,sex_m,eco_aggregate_man,mts_details_mrd,2024,43.61
syc,sex_m,eco_aggregate_man,mts_details_sgle,2014,42.17
syc,sex_m,eco_aggregate_man,mts_details_sgle,2015,43.63
syc,sex_m,eco_aggregate_man,mts_details_sgle,2016,41.54
syc,sex_m,eco_aggregate_man,mts_details_sgle,2017,41.96
syc,sex_m,eco_aggregate_man,mts_details_sgle,2018,42.09
syc,sex_m,eco_aggregate_man,mts_details_sgle,2019,39.86
syc,sex_m,eco_aggregate_man,mts_details_sgle,2020,39.28
syc,sex_m,eco_aggregate_man,mts_details_sgle,2023,40.76
syc,sex_m,eco_aggregate_man,mts_details_sgle,2024,41.87
syc,sex_m,eco_aggregate_man,mts_details_total,2014,43.7
syc,sex_m,eco_aggregate_man,mts_details_total,2015,44.38
syc,sex_m,eco_aggregate_man,mts_details_total,2016,43.04
syc,sex_m,eco_aggregate_man,mts_details_total,2017,42.42
syc,sex_m,eco_aggregate_man,mts_details_total,2018,42.78
syc,sex_m,eco_aggregate_man,mts_details_total,2019,41.41
syc,sex_m,eco_aggregate_man,mts_details_total,2020,40.78
syc,sex_m,eco_aggregate_man,mts_details_total,2023,41.77
syc,sex_m,eco_aggregate_man,mts_details_total,2024,43.42
syc,sex_m,eco_aggregate_man,mts_details_union,2014,43.99
syc,sex_m,eco_aggregate_man,mts_details_union,2015,43.53
syc,sex_m,eco_aggregate_man,mts_details_union,2016,42.86
syc,sex_m,eco_aggregate_man,mts_details_union,2017,45.34
syc,sex_m,eco_aggregate_man,mts_details_union,2018,44.36
syc,sex_m,eco_aggregate_man,mts_details_union,2019,45.09
syc,sex_m,eco_aggregate_man,mts_details_union,2020,41.9
syc,sex_m,eco_aggregate_man,mts_details_union,2023,40.37
syc,sex_m,eco_aggregate_man,mts_details_union,2024,46.2
syc,sex_m,eco_aggregate_mel,mts_aggregate_1,2014,44.73
syc,sex_m,eco_aggregate_mel,mts_aggregate_1,2015,42.36
syc,sex_m,eco_aggregate_mel,mts_aggregate_1,2016,42.77
syc,sex_m,eco_aggregate_mel,mts_aggregate_1,2017,40.81
syc,sex_m,eco_aggregate_mel,mts_aggregate_1,2018,40.33
syc,sex_m,eco_aggregate_mel,mts_aggregate_1,2019,41.47
syc,sex_m,eco_aggregate_mel,mts_aggregate_1,2020,41.16
syc,sex_m,eco_aggregate_mel,mts_aggregate_1,2023,40.44
syc,sex_m,eco_aggregate_mel,mts_aggregate_1,2024,45
syc,sex_m,eco_aggregate_mel,mts_aggregate_2,2014,48.03
syc,sex_m,eco_aggregate_mel,mts_aggregate_2,2015,44.56
syc,sex_m,eco_aggregate_mel,mts_aggregate_2,2016,44.51
syc,sex_m,eco_aggregate_mel,mts_aggregate_2,2017,45.43
syc,sex_m,eco_aggregate_mel,mts_aggregate_2,2018,42.84
syc,sex_m,eco_aggregate_mel,mts_aggregate_2,2019,41.92
syc,sex_m,eco_aggregate_mel,mts_aggregate_2,2020,40.86
syc,sex_m,eco_aggregate_mel,mts_aggregate_2,2023,41.53
syc,sex_m,eco_aggregate_mel,mts_aggregate_2,2024,44.48
syc,sex_m,eco_aggregate_mel,mts_aggregate_total,2014,46.59
syc,sex_m,eco_aggregate_mel,mts_aggregate_total,2015,43.57
syc,sex_m,eco_aggregate_mel,mts_aggregate_total,2016,43.75
syc,sex_m,eco_aggregate_mel,mts_aggregate_total,2017,43.26
syc,sex_m,eco_aggregate_mel,mts_aggregate_total,2018,41.65
syc,sex_m,eco_aggregate_mel,mts_aggregate_total,2019,41.8
syc,sex_m,eco_aggregate_mel,mts_aggregate_total,2020,40.98
syc,sex_m,eco_aggregate_mel,mts_aggregate_total,2023,41.04
syc,sex_m,eco_aggregate_mel,mts_aggregate_total,2024,44.73
syc,sex_m,eco_aggregate_mel,mts_details_mrd,2014,48.04
syc,sex_m,eco_aggregate_mel,mts_details_mrd,2015,43.38
syc,sex_m,eco_aggregate_mel,mts_details_mrd,2016,43.68
syc,sex_m,eco_aggregate_mel,mts_details_mrd,2017,48.06
syc,sex_m,eco_aggregate_mel,mts_details_mrd,2018,43.45
syc,sex_m,eco_aggregate_mel,mts_details_mrd,2019,42.9
syc,sex_m,eco_aggregate_mel,mts_details_mrd,2020,40.83
syc,sex_m,eco_aggregate_mel,mts_details_mrd,2023,40.61
syc,sex_m,eco_aggregate_mel,mts_details_mrd,2024,48.74
syc,sex_m,eco_aggregate_mel,mts_details_sgle,2014,44.65
syc,sex_m,eco_aggregate_mel,mts_details_sgle,2015,42.61
syc,sex_m,eco_aggregate_mel,mts_details_sgle,2016,42.77
syc,sex_m,eco_aggregate_mel,mts_details_sgle,2017,40.81
syc,sex_m,eco_aggregate_mel,mts_details_sgle,2018,40.05
syc,sex_m,eco_aggregate_mel,mts_details_sgle,2019,41.47
syc,sex_m,eco_aggregate_mel,mts_details_sgle,2020,41.17
syc,sex_m,eco_aggregate_mel,mts_details_sgle,2023,40.41
syc,sex_m,eco_aggregate_mel,mts_details_sgle,2024,45
syc,sex_m,eco_aggregate_mel,mts_details_total,2014,46.59
syc,sex_m,eco_aggregate_mel,mts_details_total,2015,43.57
syc,sex_m,eco_aggregate_mel,mts_details_total,2016,43.75
syc,sex_m,eco_aggregate_mel,mts_details_total,2017,43.26
syc,sex_m,eco_aggregate_mel,mts_details_total,2018,41.65
syc,sex_m,eco_aggregate_mel,mts_details_total,2019,41.8
syc,sex_m,eco_aggregate_mel,mts_details_total,2020,40.98
syc,sex_m,eco_aggregate_mel,mts_details_total,2023,41.04
syc,sex_m,eco_aggregate_mel,mts_details_total,2024,44.73
syc,sex_m,eco_aggregate_mel,mts_details_union,2014,48.02
syc,sex_m,eco_aggregate_mel,mts_details_union,2015,45.34
syc,sex_m,eco_aggregate_mel,mts_details_union,2016,45.23
syc,sex_m,eco_aggregate_mel,mts_details_union,2017,43.12
syc,sex_m,eco_aggregate_mel,mts_details_union,2018,42.1
syc,sex_m,eco_aggregate_mel,mts_details_union,2019,41
syc,sex_m,eco_aggregate_mel,mts_details_union,2020,40.87
syc,sex_m,eco_aggregate_mel,mts_details_union,2023,41.98
syc,sex_m,eco_aggregate_mel,mts_details_union,2024,40.44
syc,sex_m,eco_aggregate_mkt,mts_aggregate_1,2014,45.6
syc,sex_m,eco_aggregate_mkt,mts_aggregate_1,2015,46.22
syc,sex_m,eco_aggregate_mkt,mts_aggregate_1,2016,45.61
syc,sex_m,eco_aggregate_mkt,mts_aggregate_1,2017,44.8
syc,sex_m,eco_aggregate_mkt,mts_aggregate_1,2018,44.58
syc,sex_m,eco_aggregate_mkt,mts_aggregate_1,2019,43.58
syc,sex_m,eco_aggregate_mkt,mts_aggregate_1,2020,41.79
syc,sex_m,eco_aggregate_mkt,mts_aggregate_1,2023,43.78
syc,sex_m,eco_aggregate_mkt,mts_aggregate_1,2024,43.47
syc,sex_m,eco_aggregate_mkt,mts_aggregate_2,2014,47.17
syc,sex_m,eco_aggregate_mkt,mts_aggregate_2,2015,47.47
syc,sex_m,eco_aggregate_mkt,mts_aggregate_2,2016,47.61
syc,sex_m,eco_aggregate_mkt,mts_aggregate_2,2017,46.61
syc,sex_m,eco_aggregate_mkt,mts_aggregate_2,2018,45.1
syc,sex_m,eco_aggregate_mkt,mts_aggregate_2,2019,45.86
syc,sex_m,eco_aggregate_mkt,mts_aggregate_2,2020,44.4
syc,sex_m,eco_aggregate_mkt,mts_aggregate_2,2023,43.79
syc,sex_m,eco_aggregate_mkt,mts_aggregate_2,2024,44.91
syc,sex_m,eco_aggregate_mkt,mts_aggregate_total,2014,46.44
syc,sex_m,eco_aggregate_mkt,mts_aggregate_total,2015,46.83
syc,sex_m,eco_aggregate_mkt,mts_aggregate_total,2016,46.65
syc,sex_m,eco_aggregate_mkt,mts_aggregate_total,2017,45.74
syc,sex_m,eco_aggregate_mkt,mts_aggregate_total,2018,44.85
syc,sex_m,eco_aggregate_mkt,mts_aggregate_total,2019,44.79
syc,sex_m,eco_aggregate_mkt,mts_aggregate_total,2020,43.24
syc,sex_m,eco_aggregate_mkt,mts_aggregate_total,2023,43.78
syc,sex_m,eco_aggregate_mkt,mts_aggregate_total,2024,44.22
syc,sex_m,eco_aggregate_mkt,mts_details_mrd,2014,47.87
syc,sex_m,eco_aggregate_mkt,mts_details_mrd,2015,47.56
syc,sex_m,eco_aggregate_mkt,mts_details_mrd,2016,48.49
syc,sex_m,eco_aggregate_mkt,mts_details_mrd,2017,46.75
syc,sex_m,eco_aggregate_mkt,mts_details_mrd,2018,45.9
syc,sex_m,eco_aggregate_mkt,mts_details_mrd,2019,45.61
syc,sex_m,eco_aggregate_mkt,mts_details_mrd,2020,45.09
syc,sex_m,eco_aggregate_mkt,mts_details_mrd,2023,44.04
syc,sex_m,eco_aggregate_mkt,mts_details_mrd,2024,46.4
syc,sex_m,eco_aggregate_mkt,mts_details_sep,2014,43.54
syc,sex_m,eco_aggregate_mkt,mts_details_sep,2015,51.24
syc,sex_m,eco_aggregate_mkt,mts_details_sep,2016,45.05
syc,sex_m,eco_aggregate_mkt,mts_details_sep,2017,47.04
syc,sex_m,eco_aggregate_mkt,mts_details_sep,2018,41.13
syc,sex_m,eco_aggregate_mkt,mts_details_sep,2019,44.07
syc,sex_m,eco_aggregate_mkt,mts_details_sep,2020,47.77
syc,sex_m,eco_aggregate_mkt,mts_details_sep,2023,47.88
syc,sex_m,eco_aggregate_mkt,mts_details_sep,2024,40.91
syc,sex_m,eco_aggregate_mkt,mts_details_sgle,2014,45.63
syc,sex_m,eco_aggregate_mkt,mts_details_sgle,2015,46.07
syc,sex_m,eco_aggregate_mkt,mts_details_sgle,2016,45.61
syc,sex_m,eco_aggregate_mkt,mts_details_sgle,2017,44.75
syc,sex_m,eco_aggregate_mkt,mts_details_sgle,2018,44.64
syc,sex_m,eco_aggregate_mkt,mts_details_sgle,2019,43.49
syc,sex_m,eco_aggregate_mkt,mts_details_sgle,2020,41.57
syc,sex_m,eco_aggregate_mkt,mts_details_sgle,2023,43.53
syc,sex_m,eco_aggregate_mkt,mts_details_sgle,2024,43.63
syc,sex_m,eco_aggregate_mkt,mts_details_total,2014,46.44
syc,sex_m,eco_aggregate_mkt,mts_details_total,2015,46.83
syc,sex_m,eco_aggregate_mkt,mts_details_total,2016,46.65
syc,sex_m,eco_aggregate_mkt,mts_details_total,2017,45.74
syc,sex_m,eco_aggregate_mkt,mts_details_total,2018,44.85
syc,sex_m,eco_aggregate_mkt,mts_details_total,2019,44.79
syc,sex_m,eco_aggregate_mkt,mts_details_total,2020,43.24
syc,sex_m,eco_aggregate_mkt,mts_details_total,2023,43.78
syc,sex_m,eco_aggregate_mkt,mts_details_total,2024,44.22
syc,sex_m,eco_aggregate_mkt,mts_details_union,2014,46.52
syc,sex_m,eco_aggregate_mkt,mts_details_union,2015,47.39
syc,sex_m,eco_aggregate_mkt,mts_details_union,2016,46.9
syc,sex_m,eco_aggregate_mkt,mts_details_union,2017,46.5
syc,sex_m,eco_aggregate_mkt,mts_details_union,2018,44.38
syc,sex_m,eco_aggregate_mkt,mts_details_union,2019,46.11
syc,sex_m,eco_aggregate_mkt,mts_details_union,2020,43.78
syc,sex_m,eco_aggregate_mkt,mts_details_union,2023,43.54
syc,sex_m,eco_aggregate_mkt,mts_details_union,2024,43.38
syc,sex_m,eco_aggregate_mkt,mts_details_wid,2014,48.11
syc,sex_m,eco_aggregate_mkt,mts_details_wid,2019,49.88
syc,sex_m,eco_aggregate_pub,mts_aggregate_1,2014,44.95
syc,sex_m,eco_aggregate_pub,mts_aggregate_1,2015,43.2
syc,sex_m,eco_aggregate_pub,mts_aggregate_1,2016,43.63
syc,sex_m,eco_aggregate_pub,mts_aggregate_1,2017,41.21
syc,sex_m,eco_aggregate_pub,mts_aggregate_1,2018,43.26
syc,sex_m,eco_aggregate_pub,mts_aggregate_1,2019,40.82
syc,sex_m,eco_aggregate_pub,mts_aggregate_1,2020,41.23
syc,sex_m,eco_aggregate_pub,mts_aggregate_1,2023,41.63
syc,sex_m,eco_aggregate_pub,mts_aggregate_1,2024,38.7
syc,sex_m,eco_aggregate_pub,mts_aggregate_2,2014,44.21
syc,sex_m,eco_aggregate_pub,mts_aggregate_2,2015,46.18
syc,sex_m,eco_aggregate_pub,mts_aggregate_2,2016,44.97
syc,sex_m,eco_aggregate_pub,mts_aggregate_2,2017,42.53
syc,sex_m,eco_aggregate_pub,mts_aggregate_2,2018,46.14
syc,sex_m,eco_aggregate_pub,mts_aggregate_2,2019,42.46
syc,sex_m,eco_aggregate_pub,mts_aggregate_2,2020,41.22
syc,sex_m,eco_aggregate_pub,mts_aggregate_2,2023,40.08
syc,sex_m,eco_aggregate_pub,mts_aggregate_2,2024,40.65
syc,sex_m,eco_aggregate_pub,mts_aggregate_total,2014,44.55
syc,sex_m,eco_aggregate_pub,mts_aggregate_total,2015,44.95
syc,sex_m,eco_aggregate_pub,mts_aggregate_total,2016,44.38
syc,sex_m,eco_aggregate_pub,mts_aggregate_total,2017,41.96
syc,sex_m,eco_aggregate_pub,mts_aggregate_total,2018,45.09
syc,sex_m,eco_aggregate_pub,mts_aggregate_total,2019,41.79
syc,sex_m,eco_aggregate_pub,mts_aggregate_total,2020,41.23
syc,sex_m,eco_aggregate_pub,mts_aggregate_total,2023,40.75
syc,sex_m,eco_aggregate_pub,mts_aggregate_total,2024,39.53
syc,sex_m,eco_aggregate_pub,mts_details_mrd,2014,43.75
syc,sex_m,eco_aggregate_pub,mts_details_mrd,2015,45.6
syc,sex_m,eco_aggregate_pub,mts_details_mrd,2016,43.78
syc,sex_m,eco_aggregate_pub,mts_details_mrd,2017,41.85
syc,sex_m,eco_aggregate_pub,mts_details_mrd,2018,42.68
syc,sex_m,eco_aggregate_pub,mts_details_mrd,2019,42.28
syc,sex_m,eco_aggregate_pub,mts_details_mrd,2020,40.43
syc,sex_m,eco_aggregate_pub,mts_details_mrd,2023,39.29
syc,sex_m,eco_aggregate_pub,mts_details_mrd,2024,39.08
syc,sex_m,eco_aggregate_pub,mts_details_sep,2014,56.44
syc,sex_m,eco_aggregate_pub,mts_details_sep,2015,40.37
syc,sex_m,eco_aggregate_pub,mts_details_sep,2016,45.31
syc,sex_m,eco_aggregate_pub,mts_details_sep,2017,37.71
syc,sex_m,eco_aggregate_pub,mts_details_sep,2018,46.96
syc,sex_m,eco_aggregate_pub,mts_details_sep,2019,43.05
syc,sex_m,eco_aggregate_pub,mts_details_sep,2020,36.16
syc,sex_m,eco_aggregate_pub,mts_details_sep,2023,42.26
syc,sex_m,eco_aggregate_pub,mts_details_sep,2024,37.52
syc,sex_m,eco_aggregate_pub,mts_details_sgle,2014,44.45
syc,sex_m,eco_aggregate_pub,mts_details_sgle,2015,43.36
syc,sex_m,eco_aggregate_pub,mts_details_sgle,2016,43.52
syc,sex_m,eco_aggregate_pub,mts_details_sgle,2017,41.44
syc,sex_m,eco_aggregate_pub,mts_details_sgle,2018,43.17
syc,sex_m,eco_aggregate_pub,mts_details_sgle,2019,40.59
syc,sex_m,eco_aggregate_pub,mts_details_sgle,2020,41.45
syc,sex_m,eco_aggregate_pub,mts_details_sgle,2023,41.62
syc,sex_m,eco_aggregate_pub,mts_details_sgle,2024,38.75
syc,sex_m,eco_aggregate_pub,mts_details_total,2014,44.55
syc,sex_m,eco_aggregate_pub,mts_details_total,2015,44.95
syc,sex_m,eco_aggregate_pub,mts_details_total,2016,44.38
syc,sex_m,eco_aggregate_pub,mts_details_total,2017,41.96
syc,sex_m,eco_aggregate_pub,mts_details_total,2018,45.09
syc,sex_m,eco_aggregate_pub,mts_details_total,2019,41.79
syc,sex_m,eco_aggregate_pub,mts_details_total,2020,41.23
syc,sex_m,eco_aggregate_pub,mts_details_total,2023,40.75
syc,sex_m,eco_aggregate_pub,mts_details_total,2024,39.53
syc,sex_m,eco_aggregate_pub,mts_details_union,2014,44.81
syc,sex_m,eco_aggregate_pub,mts_details_union,2015,46.88
syc,sex_m,eco_aggregate_pub,mts_details_union,2016,46.3
syc,sex_m,eco_aggregate_pub,mts_details_union,2017,43.28
syc,sex_m,eco_aggregate_pub,mts_details_union,2018,49.43
syc,sex_m,eco_aggregate_pub,mts_details_union,2019,42.69
syc,sex_m,eco_aggregate_pub,mts_details_union,2020,42.14
syc,sex_m,eco_aggregate_pub,mts_details_union,2023,41.11
syc,sex_m,eco_aggregate_pub,mts_details_union,2024,43.32
syc,sex_m,eco_aggregate_pub,mts_details_wid,2014,38.14
syc,sex_m,eco_aggregate_pub,mts_details_wid,2016,42.98
syc,sex_m,eco_aggregate_pub,mts_details_wid,2023,41.69
syc,sex_m,eco_aggregate_total,mts_aggregate_1,2014,44.82
syc,sex_m,eco_aggregate_total,mts_aggregate_1,2015,45.19
syc,sex_m,eco_aggregate_total,mts_aggregate_1,2016,44.65
syc,sex_m,eco_aggregate_total,mts_aggregate_1,2017,43.63
syc,sex_m,eco_aggregate_total,mts_aggregate_1,2018,43.73
syc,sex_m,eco_aggregate_total,mts_aggregate_1,2019,42.23
syc,sex_m,eco_aggregate_total,mts_aggregate_1,2020,41.43
syc,sex_m,eco_aggregate_total,mts_aggregate_1,2023,42.52
syc,sex_m,eco_aggregate_total,mts_aggregate_1,2024,42.41
syc,sex_m,eco_aggregate_total,mts_aggregate_2,2014,46.29
syc,sex_m,eco_aggregate_total,mts_aggregate_2,2015,46.87
syc,sex_m,eco_aggregate_total,mts_aggregate_2,2016,46.46
syc,sex_m,eco_aggregate_total,mts_aggregate_2,2017,45.35
syc,sex_m,eco_aggregate_total,mts_aggregate_2,2018,45.12
syc,sex_m,eco_aggregate_total,mts_aggregate_2,2019,44.51
syc,sex_m,eco_aggregate_total,mts_aggregate_2,2020,43.14
syc,sex_m,eco_aggregate_total,mts_aggregate_2,2023,42.26
syc,sex_m,eco_aggregate_total,mts_aggregate_2,2024,44.13
syc,sex_m,eco_aggregate_total,mts_aggregate_total,2014,45.6
syc,sex_m,eco_aggregate_total,mts_aggregate_total,2015,46.06
syc,sex_m,eco_aggregate_total,mts_aggregate_total,2016,45.62
syc,sex_m,eco_aggregate_total,mts_aggregate_total,2017,44.55
syc,sex_m,eco_aggregate_total,mts_aggregate_total,2018,44.51
syc,sex_m,eco_aggregate_total,mts_aggregate_total,2019,43.5
syc,sex_m,eco_aggregate_total,mts_aggregate_total,2020,42.41
syc,sex_m,eco_aggregate_total,mts_aggregate_total,2023,42.38
syc,sex_m,eco_aggregate_total,mts_aggregate_total,2024,43.3
syc,sex_m,eco_aggregate_total,mts_details_mrd,2014,46.9
syc,sex_m,eco_aggregate_total,mts_details_mrd,2015,46.86
syc,sex_m,eco_aggregate_total,mts_details_mrd,2016,46.48
syc,sex_m,eco_aggregate_total,mts_details_mrd,2017,45.08
syc,sex_m,eco_aggregate_total,mts_details_mrd,2018,44.27
syc,sex_m,eco_aggregate_total,mts_details_mrd,2019,44.52
syc,sex_m,eco_aggregate_total,mts_details_mrd,2020,43.45
syc,sex_m,eco_aggregate_total,mts_details_mrd,2023,42.03
syc,sex_m,eco_aggregate_total,mts_details_mrd,2024,44.6
syc,sex_m,eco_aggregate_total,mts_details_sep,2014,49.36
syc,sex_m,eco_aggregate_total,mts_details_sep,2015,45.94
syc,sex_m,eco_aggregate_total,mts_details_sep,2016,46.34
syc,sex_m,eco_aggregate_total,mts_details_sep,2017,43.49
syc,sex_m,eco_aggregate_total,mts_details_sep,2018,43.39
syc,sex_m,eco_aggregate_total,mts_details_sep,2019,42.75
syc,sex_m,eco_aggregate_total,mts_details_sep,2020,44.84
syc,sex_m,eco_aggregate_total,mts_details_sep,2023,46.05
syc,sex_m,eco_aggregate_total,mts_details_sep,2024,40.95
syc,sex_m,eco_aggregate_total,mts_details_sgle,2014,44.71
syc,sex_m,eco_aggregate_total,mts_details_sgle,2015,45.19
syc,sex_m,eco_aggregate_total,mts_details_sgle,2016,44.58
syc,sex_m,eco_aggregate_total,mts_details_sgle,2017,43.67
syc,sex_m,eco_aggregate_total,mts_details_sgle,2018,43.73
syc,sex_m,eco_aggregate_total,mts_details_sgle,2019,42.16
syc,sex_m,eco_aggregate_total,mts_details_sgle,2020,41.29
syc,sex_m,eco_aggregate_total,mts_details_sgle,2023,42.37
syc,sex_m,eco_aggregate_total,mts_details_sgle,2024,42.46
syc,sex_m,eco_aggregate_total,mts_details_total,2014,45.6
syc,sex_m,eco_aggregate_total,mts_details_total,2015,46.06
syc,sex_m,eco_aggregate_total,mts_details_total,2016,45.62
syc,sex_m,eco_aggregate_total,mts_details_total,2017,44.55
syc,sex_m,eco_aggregate_total,mts_details_total,2018,44.51
syc,sex_m,eco_aggregate_total,mts_details_total,2019,43.5
syc,sex_m,eco_aggregate_total,mts_details_total,2020,42.41
syc,sex_m,eco_aggregate_total,mts_details_total,2023,42.38
syc,sex_m,eco_aggregate_total,mts_details_total,2024,43.3
syc,sex_m,eco_aggregate_total,mts_details_union,2014,45.62
syc,sex_m,eco_aggregate_total,mts_details_union,2015,46.87
syc,sex_m,eco_aggregate_total,mts_details_union,2016,46.43
syc,sex_m,eco_aggregate_total,mts_details_union,2017,45.61
syc,sex_m,eco_aggregate_total,mts_details_union,2018,45.92
syc,sex_m,eco_aggregate_total,mts_details_union,2019,44.5
syc,sex_m,eco_aggregate_total,mts_details_union,2020,42.84
syc,sex_m,eco_aggregate_total,mts_details_union,2023,42.53
syc,sex_m,eco_aggregate_total,mts_details_union,2024,43.59
syc,sex_m,eco_aggregate_total,mts_details_wid,2014,42.48
syc,sex_m,eco_aggregate_total,mts_details_wid,2015,36.97
syc,sex_m,eco_aggregate_total,mts_details_wid,2016,44.64
syc,sex_m,eco_aggregate_total,mts_details_wid,2017,37.5
syc,sex_m,eco_aggregate_total,mts_details_wid,2018,47.07
syc,sex_m,eco_aggregate_total,mts_details_wid,2019,49.38
syc,sex_m,eco_aggregate_total,mts_details_wid,2023,45.14
syc,sex_m,eco_aggregate_total,mts_details_wid,2024,41.41
syc,sex_m,eco_aggregate_x,mts_aggregate_1,2018,42.19
syc,sex_m,eco_aggregate_x,mts_aggregate_1,2019,32.77
syc,sex_m,eco_aggregate_x,mts_aggregate_1,2023,36.85
syc,sex_m,eco_aggregate_x,mts_aggregate_1,2024,42.83
syc,sex_m,eco_aggregate_x,mts_aggregate_2,2018,45.85
syc,sex_m,eco_aggregate_x,mts_aggregate_2,2019,38.9
syc,sex_m,eco_aggregate_x,mts_aggregate_2,2023,44.07
syc,sex_m,eco_aggregate_x,mts_aggregate_2,2024,44.42
syc,sex_m,eco_aggregate_x,mts_aggregate_total,2018,44.17
syc,sex_m,eco_aggregate_x,mts_aggregate_total,2019,34.95
syc,sex_m,eco_aggregate_x,mts_aggregate_total,2020,40.22
syc,sex_m,eco_aggregate_x,mts_aggregate_total,2023,41.07
syc,sex_m,eco_aggregate_x,mts_aggregate_total,2024,43.69
syc,sex_m,eco_aggregate_x,mts_details_mrd,2018,44.31
syc,sex_m,eco_aggregate_x,mts_details_mrd,2019,45.85
syc,sex_m,eco_aggregate_x,mts_details_mrd,2023,61.14
syc,sex_m,eco_aggregate_x,mts_details_mrd,2024,45.13
syc,sex_m,eco_aggregate_x,mts_details_sep,2024,44.04
syc,sex_m,eco_aggregate_x,mts_details_sgle,2018,42.29
syc,sex_m,eco_aggregate_x,mts_details_sgle,2019,31.73
syc,sex_m,eco_aggregate_x,mts_details_sgle,2023,36.44
syc,sex_m,eco_aggregate_x,mts_details_sgle,2024,42.78
syc,sex_m,eco_aggregate_x,mts_details_total,2018,44.17
syc,sex_m,eco_aggregate_x,mts_details_total,2019,34.95
syc,sex_m,eco_aggregate_x,mts_details_total,2020,40.22
syc,sex_m,eco_aggregate_x,mts_details_total,2023,41.07
syc,sex_m,eco_aggregate_x,mts_details_total,2024,43.69
syc,sex_m,eco_aggregate_x,mts_details_union,2018,47.69
syc,sex_m,eco_aggregate_x,mts_details_union,2023,38.24
syc,sex_m,eco_aggregate_x,mts_details_union,2024,43.62
syc,sex_m,eco_sector_agr,mts_aggregate_1,2014,46.62
syc,sex_m,eco_sector_agr,mts_aggregate_1,2015,49.36
syc,sex_m,eco_sector_agr,mts_aggregate_1,2016,50.04
syc,sex_m,eco_sector_agr,mts_aggregate_1,2017,54.26
syc,sex_m,eco_sector_agr,mts_aggregate_1,2018,45.66
syc,sex_m,eco_sector_agr,mts_aggregate_1,2019,44.25
syc,sex_m,eco_sector_agr,mts_aggregate_1,2020,47.31
syc,sex_m,eco_sector_agr,mts_aggregate_1,2023,43.7
syc,sex_m,eco_sector_agr,mts_aggregate_1,2024,42.67
syc,sex_m,eco_sector_agr,mts_aggregate_2,2014,46.73
syc,sex_m,eco_sector_agr,mts_aggregate_2,2015,53.74
syc,sex_m,eco_sector_agr,mts_aggregate_2,2016,50.04
syc,sex_m,eco_sector_agr,mts_aggregate_2,2017,57.1
syc,sex_m,eco_sector_agr,mts_aggregate_2,2018,45.71
syc,sex_m,eco_sector_agr,mts_aggregate_2,2019,49.9
syc,sex_m,eco_sector_agr,mts_aggregate_2,2020,43.62
syc,sex_m,eco_sector_agr,mts_aggregate_2,2023,41.11
syc,sex_m,eco_sector_agr,mts_aggregate_2,2024,42.29
syc,sex_m,eco_sector_agr,mts_aggregate_total,2014,46.68
syc,sex_m,eco_sector_agr,mts_aggregate_total,2015,51.09
syc,sex_m,eco_sector_agr,mts_aggregate_total,2016,50.49
syc,sex_m,eco_sector_agr,mts_aggregate_total,2017,55.75
syc,sex_m,eco_sector_agr,mts_aggregate_total,2018,45.69
syc,sex_m,eco_sector_agr,mts_aggregate_total,2019,47.72
syc,sex_m,eco_sector_agr,mts_aggregate_total,2020,45.25
syc,sex_m,eco_sector_agr,mts_aggregate_total,2023,42.47
syc,sex_m,eco_sector_agr,mts_aggregate_total,2024,42.55
syc,sex_m,eco_sector_agr,mts_details_mrd,2014,52.1
syc,sex_m,eco_sector_agr,mts_details_mrd,2015,65.11
syc,sex_m,eco_sector_agr,mts_details_mrd,2016,49.83
syc,sex_m,eco_sector_agr,mts_details_mrd,2017,62.3
syc,sex_m,eco_sector_agr,mts_details_mrd,2018,40.94
syc,sex_m,eco_sector_agr,mts_details_mrd,2019,50.95
syc,sex_m,eco_sector_agr,mts_details_mrd,2020,45.81
syc,sex_m,eco_sector_agr,mts_details_mrd,2023,32.25
syc,sex_m,eco_sector_agr,mts_details_mrd,2024,42.29
syc,sex_m,eco_sector_agr,mts_details_sgle,2014,46.52
syc,sex_m,eco_sector_agr,mts_details_sgle,2015,49.8
syc,sex_m,eco_sector_agr,mts_details_sgle,2016,48.67
syc,sex_m,eco_sector_agr,mts_details_sgle,2017,54.26
syc,sex_m,eco_sector_agr,mts_details_sgle,2018,45.66
syc,sex_m,eco_sector_agr,mts_details_sgle,2019,44.35
syc,sex_m,eco_sector_agr,mts_details_sgle,2020,46.42
syc,sex_m,eco_sector_agr,mts_details_sgle,2023,43.7
syc,sex_m,eco_sector_agr,mts_details_sgle,2024,42.67
syc,sex_m,eco_sector_agr,mts_details_total,2014,46.68
syc,sex_m,eco_sector_agr,mts_details_total,2015,51.09
syc,sex_m,eco_sector_agr,mts_details_total,2016,50.49
syc,sex_m,eco_sector_agr,mts_details_total,2017,55.75
syc,sex_m,eco_sector_agr,mts_details_total,2018,45.69
syc,sex_m,eco_sector_agr,mts_details_total,2019,47.72
syc,sex_m,eco_sector_agr,mts_details_total,2020,45.25
syc,sex_m,eco_sector_agr,mts_details_total,2023,42.47
syc,sex_m,eco_sector_agr,mts_details_total,2024,42.55
syc,sex_m,eco_sector_agr,mts_details_union,2014,42.34
syc,sex_m,eco_sector_agr,mts_details_union,2015,50.45
syc,sex_m,eco_sector_agr,mts_details_union,2016,50.17
syc,sex_m,eco_sector_agr,mts_details_union,2017,53.08
syc,sex_m,eco_sector_agr,mts_details_union,2018,47.63
syc,sex_m,eco_sector_agr,mts_details_union,2019,48.48
syc,sex_m,eco_sector_agr,mts_details_union,2020,41.55
syc,sex_m,eco_sector_agr,mts_details_union,2023,50.64
syc,sex_m,eco_sector_ind,mts_aggregate_1,2014,42.54
syc,sex_m,eco_sector_ind,mts_aggregate_1,2015,43.02
syc,sex_m,eco_sector_ind,mts_aggregate_1,2016,42.38
syc,sex_m,eco_sector_ind,mts_aggregate_1,2017,41.51
syc,sex_m,eco_sector_ind,mts_aggregate_1,2018,41.82
syc,sex_m,eco_sector_ind,mts_aggregate_1,2019,40.71
syc,sex_m,eco_sector_ind,mts_aggregate_1,2020,39.22
syc,sex_m,eco_sector_ind,mts_aggregate_1,2023,40.03
syc,sex_m,eco_sector_ind,mts_aggregate_1,2024,42.45
syc,sex_m,eco_sector_ind,mts_aggregate_2,2014,46.48
syc,sex_m,eco_sector_ind,mts_aggregate_2,2015,45.51
syc,sex_m,eco_sector_ind,mts_aggregate_2,2016,44.99
syc,sex_m,eco_sector_ind,mts_aggregate_2,2017,44.13
syc,sex_m,eco_sector_ind,mts_aggregate_2,2018,43.35
syc,sex_m,eco_sector_ind,mts_aggregate_2,2019,43.18
syc,sex_m,eco_sector_ind,mts_aggregate_2,2020,42.42
syc,sex_m,eco_sector_ind,mts_aggregate_2,2023,42.03
syc,sex_m,eco_sector_ind,mts_aggregate_2,2024,44.36
syc,sex_m,eco_sector_ind,mts_aggregate_total,2014,44.53
syc,sex_m,eco_sector_ind,mts_aggregate_total,2015,44.43
syc,sex_m,eco_sector_ind,mts_aggregate_total,2016,43.69
syc,sex_m,eco_sector_ind,mts_aggregate_total,2017,42.88
syc,sex_m,eco_sector_ind,mts_aggregate_total,2018,42.64
syc,sex_m,eco_sector_ind,mts_aggregate_total,2019,42.09
syc,sex_m,eco_sector_ind,mts_aggregate_total,2020,41.12
syc,sex_m,eco_sector_ind,mts_aggregate_total,2023,41.15
syc,sex_m,eco_sector_ind,mts_aggregate_total,2024,43.47
syc,sex_m,eco_sector_ind,mts_details_mrd,2014,47.85
syc,sex_m,eco_sector_ind,mts_details_mrd,2015,46.2
syc,sex_m,eco_sector_ind,mts_details_mrd,2016,45.51
syc,sex_m,eco_sector_ind,mts_details_mrd,2017,43.64
syc,sex_m,eco_sector_ind,mts_details_mrd,2018,43.17
syc,sex_m,eco_sector_ind,mts_details_mrd,2019,43.86
syc,sex_m,eco_sector_ind,mts_details_mrd,2020,43.41
syc,sex_m,eco_sector_ind,mts_details_mrd,2023,42.62
syc,sex_m,eco_sector_ind,mts_details_mrd,2024,44.53
syc,sex_m,eco_sector_ind,mts_details_sep,2014,45.96
syc,sex_m,eco_sector_ind,mts_details_sep,2015,43.13
syc,sex_m,eco_sector_ind,mts_details_sep,2017,41.89
syc,sex_m,eco_sector_ind,mts_details_sep,2018,45.09
syc,sex_m,eco_sector_ind,mts_details_sep,2019,39.95
syc,sex_m,eco_sector_ind,mts_details_sep,2020,43.06
syc,sex_m,eco_sector_ind,mts_details_sgle,2014,42.53
syc,sex_m,eco_sector_ind,mts_details_sgle,2015,43.13
syc,sex_m,eco_sector_ind,mts_details_sgle,2016,42.4
syc,sex_m,eco_sector_ind,mts_details_sgle,2017,41.48
syc,sex_m,eco_sector_ind,mts_details_sgle,2018,41.69
syc,sex_m,eco_sector_ind,mts_details_sgle,2019,40.75
syc,sex_m,eco_sector_ind,mts_details_sgle,2020,38.97
syc,sex_m,eco_sector_ind,mts_details_sgle,2023,39.99
syc,sex_m,eco_sector_ind,mts_details_sgle,2024,42.49
syc,sex_m,eco_sector_ind,mts_details_total,2014,44.53
syc,sex_m,eco_sector_ind,mts_details_total,2015,44.43
syc,sex_m,eco_sector_ind,mts_details_total,2016,43.69
syc,sex_m,eco_sector_ind,mts_details_total,2017,42.88
syc,sex_m,eco_sector_ind,mts_details_total,2018,42.64
syc,sex_m,eco_sector_ind,mts_details_total,2019,42.09
syc,sex_m,eco_sector_ind,mts_details_total,2020,41.12
syc,sex_m,eco_sector_ind,mts_details_total,2023,41.15
syc,sex_m,eco_sector_ind,mts_details_total,2024,43.47
syc,sex_m,eco_sector_ind,mts_details_union,2014,44.51
syc,sex_m,eco_sector_ind,mts_details_union,2015,44.62
syc,sex_m,eco_sector_ind,mts_details_union,2016,44.53
syc,sex_m,eco_sector_ind,mts_details_union,2017,44.77
syc,sex_m,eco_sector_ind,mts_details_union,2018,43.54
syc,sex_m,eco_sector_ind,mts_details_union,2019,42.4
syc,sex_m,eco_sector_ind,mts_details_union,2020,41.45
syc,sex_m,eco_sector_ind,mts_details_union,2023,40.88
syc,sex_m,eco_sector_ind,mts_details_union,2024,44.21
syc,sex_m,eco_sector_nag,mts_aggregate_1,2014,44.75
syc,sex_m,eco_sector_nag,mts_aggregate_1,2015,45.01
syc,sex_m,eco_sector_nag,mts_aggregate_1,2016,44.43
syc,sex_m,eco_sector_nag,mts_aggregate_1,2017,43.24
syc,sex_m,eco_sector_nag,mts_aggregate_1,2018,43.66
syc,sex_m,eco_sector_nag,mts_aggregate_1,2019,42.16
syc,sex_m,eco_sector_nag,mts_aggregate_1,2020,41.13
syc,sex_m,eco_sector_nag,mts_aggregate_1,2023,42.48
syc,sex_m,eco_sector_nag,mts_aggregate_1,2024,42.41
syc,sex_m,eco_sector_nag,mts_aggregate_2,2014,46.27
syc,sex_m,eco_sector_nag,mts_aggregate_2,2015,46.69
syc,sex_m,eco_sector_nag,mts_aggregate_2,2016,46.34
syc,sex_m,eco_sector_nag,mts_aggregate_2,2017,44.94
syc,sex_m,eco_sector_nag,mts_aggregate_2,2018,45.1
syc,sex_m,eco_sector_nag,mts_aggregate_2,2019,44.24
syc,sex_m,eco_sector_nag,mts_aggregate_2,2020,43.12
syc,sex_m,eco_sector_nag,mts_aggregate_2,2023,42.29
syc,sex_m,eco_sector_nag,mts_aggregate_2,2024,44.14
syc,sex_m,eco_sector_nag,mts_aggregate_total,2014,45.56
syc,sex_m,eco_sector_nag,mts_aggregate_total,2015,45.89
syc,sex_m,eco_sector_nag,mts_aggregate_total,2016,45.44
syc,sex_m,eco_sector_nag,mts_aggregate_total,2017,44.15
syc,sex_m,eco_sector_nag,mts_aggregate_total,2018,44.47
syc,sex_m,eco_sector_nag,mts_aggregate_total,2019,43.31
syc,sex_m,eco_sector_nag,mts_aggregate_total,2020,42.26
syc,sex_m,eco_sector_nag,mts_aggregate_total,2023,42.38
syc,sex_m,eco_sector_nag,mts_aggregate_total,2024,43.31
syc,sex_m,eco_sector_nag,mts_details_mrd,2014,46.75
syc,sex_m,eco_sector_nag,mts_details_mrd,2015,46.65
syc,sex_m,eco_sector_nag,mts_details_mrd,2016,46.4
syc,sex_m,eco_sector_nag,mts_details_mrd,2017,44.55
syc,sex_m,eco_sector_nag,mts_details_mrd,2018,44.33
syc,sex_m,eco_sector_nag,mts_details_mrd,2019,44.17
syc,sex_m,eco_sector_nag,mts_details_mrd,2020,43.34
syc,sex_m,eco_sector_nag,mts_details_mrd,2023,42.28
syc,sex_m,eco_sector_nag,mts_details_mrd,2024,44.63
syc,sex_m,eco_sector_nag,mts_details_sep,2014,49.29
syc,sex_m,eco_sector_nag,mts_details_sep,2015,46.18
syc,sex_m,eco_sector_nag,mts_details_sep,2016,44.92
syc,sex_m,eco_sector_nag,mts_details_sep,2017,43.49
syc,sex_m,eco_sector_nag,mts_details_sep,2018,43.39
syc,sex_m,eco_sector_nag,mts_details_sep,2019,42.75
syc,sex_m,eco_sector_nag,mts_details_sep,2020,43.66
syc,sex_m,eco_sector_nag,mts_details_sep,2023,46.05
syc,sex_m,eco_sector_nag,mts_details_sep,2024,40.95
syc,sex_m,eco_sector_nag,mts_details_sgle,2014,44.64
syc,sex_m,eco_sector_nag,mts_details_sgle,2015,44.99
syc,sex_m,eco_sector_nag,mts_details_sgle,2016,44.4
syc,sex_m,eco_sector_nag,mts_details_sgle,2017,43.27
syc,sex_m,eco_sector_nag,mts_details_sgle,2018,43.66
syc,sex_m,eco_sector_nag,mts_details_sgle,2019,42.08
syc,sex_m,eco_sector_nag,mts_details_sgle,2020,41.03
syc,sex_m,eco_sector_nag,mts_details_sgle,2023,42.32
syc,sex_m,eco_sector_nag,mts_details_sgle,2024,42.45
syc,sex_m,eco_sector_nag,mts_details_total,2014,45.56
syc,sex_m,eco_sector_nag,mts_details_total,2015,45.89
syc,sex_m,eco_sector_nag,mts_details_total,2016,45.44
syc,sex_m,eco_sector_nag,mts_details_total,2017,44.15
syc,sex_m,eco_sector_nag,mts_details_total,2018,44.47
syc,sex_m,eco_sector_nag,mts_details_total,2019,43.31
syc,sex_m,eco_sector_nag,mts_details_total,2020,42.26
syc,sex_m,eco_sector_nag,mts_details_total,2023,42.38
syc,sex_m,eco_sector_nag,mts_details_total,2024,43.31
syc,sex_m,eco_sector_nag,mts_details_union,2014,45.75
syc,sex_m,eco_sector_nag,mts_details_union,2015,46.73
syc,sex_m,eco_sector_nag,mts_details_union,2016,46.3
syc,sex_m,eco_sector_nag,mts_details_union,2017,45.32
syc,sex_m,eco_sector_nag,mts_details_union,2018,45.84
syc,sex_m,eco_sector_nag,mts_details_union,2019,44.33
syc,sex_m,eco_sector_nag,mts_details_union,2020,42.91
syc,sex_m,eco_sector_nag,mts_details_union,2023,42.31
syc,sex_m,eco_sector_nag,mts_details_union,2024,43.59
syc,sex_m,eco_sector_nag,mts_details_wid,2014,42.48
syc,sex_m,eco_sector_nag,mts_details_wid,2015,36.97
syc,sex_m,eco_sector_nag,mts_details_wid,2016,44.64
syc,sex_m,eco_sector_nag,mts_details_wid,2017,37.5
syc,sex_m,eco_sector_nag,mts_details_wid,2018,47.07
syc,sex_m,eco_sector_nag,mts_details_wid,2019,49.38
syc,sex_m,eco_sector_nag,mts_details_wid,2023,45.14
syc,sex_m,eco_sector_nag,mts_details_wid,2024,41.41
syc,sex_m,eco_sector_ser,mts_aggregate_1,2014,45.4
syc,sex_m,eco_sector_ser,mts_aggregate_1,2015,45.42
syc,sex_m,eco_sector_ser,mts_aggregate_1,2016,44.97
syc,sex_m,eco_sector_ser,mts_aggregate_1,2017,43.65
syc,sex_m,eco_sector_ser,mts_aggregate_1,2018,44.2
syc,sex_m,eco_sector_ser,mts_aggregate_1,2019,42.65
syc,sex_m,eco_sector_ser,mts_aggregate_1,2020,41.61
syc,sex_m,eco_sector_ser,mts_aggregate_1,2023,43.07
syc,sex_m,eco_sector_ser,mts_aggregate_1,2024,41.86
syc,sex_m,eco_sector_ser,mts_aggregate_2,2014,46.22
syc,sex_m,eco_sector_ser,mts_aggregate_2,2015,47.02
syc,sex_m,eco_sector_ser,mts_aggregate_2,2016,46.66
syc,sex_m,eco_sector_ser,mts_aggregate_2,2017,45.12
syc,sex_m,eco_sector_ser,mts_aggregate_2,2018,45.5
syc,sex_m,eco_sector_ser,mts_aggregate_2,2019,44.54
syc,sex_m,eco_sector_ser,mts_aggregate_2,2020,43.29
syc,sex_m,eco_sector_ser,mts_aggregate_2,2023,42.32
syc,sex_m,eco_sector_ser,mts_aggregate_2,2024,43.68
syc,sex_m,eco_sector_ser,mts_aggregate_total,2014,45.84
syc,sex_m,eco_sector_ser,mts_aggregate_total,2015,46.25
syc,sex_m,eco_sector_ser,mts_aggregate_total,2016,45.87
syc,sex_m,eco_sector_ser,mts_aggregate_total,2017,44.44
syc,sex_m,eco_sector_ser,mts_aggregate_total,2018,44.93
syc,sex_m,eco_sector_ser,mts_aggregate_total,2019,43.7
syc,sex_m,eco_sector_ser,mts_aggregate_total,2020,42.55
syc,sex_m,eco_sector_ser,mts_aggregate_total,2023,42.67
syc,sex_m,eco_sector_ser,mts_aggregate_total,2024,42.75
syc,sex_m,eco_sector_ser,mts_details_mrd,2014,46.41
syc,sex_m,eco_sector_ser,mts_details_mrd,2015,46.79
syc,sex_m,eco_sector_ser,mts_details_mrd,2016,46.6
syc,sex_m,eco_sector_ser,mts_details_mrd,2017,44.79
syc,sex_m,eco_sector_ser,mts_details_mrd,2018,44.63
syc,sex_m,eco_sector_ser,mts_details_mrd,2019,44.24
syc,sex_m,eco_sector_ser,mts_details_mrd,2020,43.32
syc,sex_m,eco_sector_ser,mts_details_mrd,2023,41.99
syc,sex_m,eco_sector_ser,mts_details_mrd,2024,43.95
syc,sex_m,eco_sector_ser,mts_details_sep,2014,49.69
syc,sex_m,eco_sector_ser,mts_details_sep,2015,47.17
syc,sex_m,eco_sector_ser,mts_details_sep,2016,45.17
syc,sex_m,eco_sector_ser,mts_details_sep,2017,43.67
syc,sex_m,eco_sector_ser,mts_details_sep,2018,43.36
syc,sex_m,eco_sector_ser,mts_details_sep,2019,43.41
syc,sex_m,eco_sector_ser,mts_details_sep,2020,43.9
syc,sex_m,eco_sector_ser,mts_details_sep,2023,46.69
syc,sex_m,eco_sector_ser,mts_details_sep,2024,39.36
syc,sex_m,eco_sector_ser,mts_details_sgle,2014,45.28
syc,sex_m,eco_sector_ser,mts_details_sgle,2015,45.36
syc,sex_m,eco_sector_ser,mts_details_sgle,2016,44.96
syc,sex_m,eco_sector_ser,mts_details_sgle,2017,43.7
syc,sex_m,eco_sector_ser,mts_details_sgle,2018,44.22
syc,sex_m,eco_sector_ser,mts_details_sgle,2019,42.56
syc,sex_m,eco_sector_ser,mts_details_sgle,2020,41.53
syc,sex_m,eco_sector_ser,mts_details_sgle,2023,42.9
syc,sex_m,eco_sector_ser,mts_details_sgle,2024,42
syc,sex_m,eco_sector_ser,mts_details_total,2014,45.84
syc,sex_m,eco_sector_ser,mts_details_total,2015,46.25
syc,sex_m,eco_sector_ser,mts_details_total,2016,45.87
syc,sex_m,eco_sector_ser,mts_details_total,2017,44.44
syc,sex_m,eco_sector_ser,mts_details_total,2018,44.93
syc,sex_m,eco_sector_ser,mts_details_total,2019,43.7
syc,sex_m,eco_sector_ser,mts_details_total,2020,42.55
syc,sex_m,eco_sector_ser,mts_details_total,2023,42.67
syc,sex_m,eco_sector_ser,mts_details_total,2024,42.75
syc,sex_m,eco_sector_ser,mts_details_union,2014,46.03
syc,sex_m,eco_sector_ser,mts_details_union,2015,47.23
syc,sex_m,eco_sector_ser,mts_details_union,2016,46.71
syc,sex_m,eco_sector_ser,mts_details_union,2017,45.42
syc,sex_m,eco_sector_ser,mts_details_union,2018,46.3
syc,sex_m,eco_sector_ser,mts_details_union,2019,44.88
syc,sex_m,eco_sector_ser,mts_details_union,2020,43.25
syc,sex_m,eco_sector_ser,mts_details_union,2023,42.67
syc,sex_m,eco_sector_ser,mts_details_union,2024,43.37
syc,sex_m,eco_sector_ser,mts_details_wid,2014,43.36
syc,sex_m,eco_sector_ser,mts_details_wid,2016,44.64
syc,sex_m,eco_sector_ser,mts_details_wid,2019,49.38
syc,sex_m,eco_sector_ser,mts_details_wid,2023,45.14
syc,sex_m,eco_sector_total,mts_aggregate_1,2014,44.82
syc,sex_m,eco_sector_total,mts_aggregate_1,2015,45.19
syc,sex_m,eco_sector_total,mts_aggregate_1,2016,44.65
syc,sex_m,eco_sector_total,mts_aggregate_1,2017,43.63
syc,sex_m,eco_sector_total,mts_aggregate_1,2018,43.73
syc,sex_m,eco_sector_total,mts_aggregate_1,2019,42.23
syc,sex_m,eco_sector_total,mts_aggregate_1,2020,41.43
syc,sex_m,eco_sector_total,mts_aggregate_1,2023,42.52
syc,sex_m,eco_sector_total,mts_aggregate_1,2024,42.41
syc,sex_m,eco_sector_total,mts_aggregate_2,2014,46.29
syc,sex_m,eco_sector_total,mts_aggregate_2,2015,46.87
syc,sex_m,eco_sector_total,mts_aggregate_2,2016,46.46
syc,sex_m,eco_sector_total,mts_aggregate_2,2017,45.35
syc,sex_m,eco_sector_total,mts_aggregate_2,2018,45.12
syc,sex_m,eco_sector_total,mts_aggregate_2,2019,44.51
syc,sex_m,eco_sector_total,mts_aggregate_2,2020,43.14
syc,sex_m,eco_sector_total,mts_aggregate_2,2023,42.26
syc,sex_m,eco_sector_total,mts_aggregate_2,2024,44.13
syc,sex_m,eco_sector_total,mts_aggregate_total,2014,45.6
syc,sex_m,eco_sector_total,mts_aggregate_total,2015,46.06
syc,sex_m,eco_sector_total,mts_aggregate_total,2016,45.62
syc,sex_m,eco_sector_total,mts_aggregate_total,2017,44.55
syc,sex_m,eco_sector_total,mts_aggregate_total,2018,44.51
syc,sex_m,eco_sector_total,mts_aggregate_total,2019,43.5
syc,sex_m,eco_sector_total,mts_aggregate_total,2020,42.41
syc,sex_m,eco_sector_total,mts_aggregate_total,2023,42.38
syc,sex_m,eco_sector_total,mts_aggregate_total,2024,43.3
syc,sex_m,eco_sector_total,mts_details_mrd,2014,46.9
syc,sex_m,eco_sector_total,mts_details_mrd,2015,46.86
syc,sex_m,eco_sector_total,mts_details_mrd,2016,46.48
syc,sex_m,eco_sector_total,mts_details_mrd,2017,45.08
syc,sex_m,eco_sector_total,mts_details_mrd,2018,44.27
syc,sex_m,eco_sector_total,mts_details_mrd,2019,44.52
syc,sex_m,eco_sector_total,mts_details_mrd,2020,43.45
syc,sex_m,eco_sector_total,mts_details_mrd,2023,42.03
syc,sex_m,eco_sector_total,mts_details_mrd,2024,44.6
syc,sex_m,eco_sector_total,mts_details_sep,2014,49.36
syc,sex_m,eco_sector_total,mts_details_sep,2015,45.94
syc,sex_m,eco_sector_total,mts_details_sep,2016,46.34
syc,sex_m,eco_sector_total,mts_details_sep,2017,43.49
syc,sex_m,eco_sector_total,mts_details_sep,2018,43.39
syc,sex_m,eco_sector_total,mts_details_sep,2019,42.75
syc,sex_m,eco_sector_total,mts_details_sep,2020,44.84
syc,sex_m,eco_sector_total,mts_details_sep,2023,46.05
syc,sex_m,eco_sector_total,mts_details_sep,2024,40.95
syc,sex_m,eco_sector_total,mts_details_sgle,2014,44.71
syc,sex_m,eco_sector_total,mts_details_sgle,2015,45.19
syc,sex_m,eco_sector_total,mts_details_sgle,2016,44.58
syc,sex_m,eco_sector_total,mts_details_sgle,2017,43.67
syc,sex_m,eco_sector_total,mts_details_sgle,2018,43.73
syc,sex_m,eco_sector_total,mts_details_sgle,2019,42.16
syc,sex_m,eco_sector_total,mts_details_sgle,2020,41.29
syc,sex_m,eco_sector_total,mts_details_sgle,2023,42.37
syc,sex_m,eco_sector_total,mts_details_sgle,2024,42.46
syc,sex_m,eco_sector_total,mts_details_total,2014,45.6
syc,sex_m,eco_sector_total,mts_details_total,2015,46.06
syc,sex_m,eco_sector_total,mts_details_total,2016,45.62
syc,sex_m,eco_sector_total,mts_details_total,2017,44.55
syc,sex_m,eco_sector_total,mts_details_total,2018,44.51
syc,sex_m,eco_sector_total,mts_details_total,2019,43.5
syc,sex_m,eco_sector_total,mts_details_total,2020,42.41
syc,sex_m,eco_sector_total,mts_details_total,2023,42.38
syc,sex_m,eco_sector_total,mts_details_total,2024,43.3
syc,sex_m,eco_sector_total,mts_details_union,2014,45.62
syc,sex_m,eco_sector_total,mts_details_union,2015,46.87
syc,sex_m,eco_sector_total,mts_details_union,2016,46.43
syc,sex_m,eco_sector_total,mts_details_union,2017,45.61
syc,sex_m,eco_sector_total,mts_details_union,2018,45.92
syc,sex_m,eco_sector_total,mts_details_union,2019,44.5
syc,sex_m,eco_sector_total,mts_details_union,2020,42.84
syc,sex_m,eco_sector_total,mts_details_union,2023,42.53
syc,sex_m,eco_sector_total,mts_details_union,2024,43.59
syc,sex_m,eco_sector_total,mts_details_wid,2014,42.48
syc,sex_m,eco_sector_total,mts_details_wid,2015,36.97
syc,sex_m,eco_sector_total,mts_details_wid,2016,44.64
syc,sex_m,eco_sector_total,mts_details_wid,2017,37.5
syc,sex_m,eco_sector_total,mts_details_wid,2018,47.07
syc,sex_m,eco_sector_total,mts_details_wid,2019,49.38
syc,sex_m,eco_sector_total,mts_details_wid,2023,45.14
syc,sex_m,eco_sector_total,mts_details_wid,2024,41.41
syc,sex_m,eco_sector_x,mts_aggregate_1,2018,42.19
syc,sex_m,eco_sector_x,mts_aggregate_1,2019,32.77
syc,sex_m,eco_sector_x,mts_aggregate_1,2023,36.85
syc,sex_m,eco_sector_x,mts_aggregate_1,2024,42.83
syc,sex_m,eco_sector_x,mts_aggregate_2,2018,45.85
syc,sex_m,eco_sector_x,mts_aggregate_2,2019,38.9
syc,sex_m,eco_sector_x,mts_aggregate_2,2023,44.07
syc,sex_m,eco_sector_x,mts_aggregate_2,2024,44.42
syc,sex_m,eco_sector_x,mts_aggregate_total,2018,44.17
syc,sex_m,eco_sector_x,mts_aggregate_total,2019,34.95
syc,sex_m,eco_sector_x,mts_aggregate_total,2020,40.22
syc,sex_m,eco_sector_x,mts_aggregate_total,2023,41.07
syc,sex_m,eco_sector_x,mts_aggregate_total,2024,43.69
syc,sex_m,eco_sector_x,mts_details_mrd,2018,44.31
syc,sex_m,eco_sector_x,mts_details_mrd,2019,45.85
syc,sex_m,eco_sector_x,mts_details_mrd,2023,61.14
syc,sex_m,eco_sector_x,mts_details_mrd,2024,45.13
syc,sex_m,eco_sector_x,mts_details_sep,2024,44.04
syc,sex_m,eco_sector_x,mts_details_sgle,2018,42.29
syc,sex_m,eco_sector_x,mts_details_sgle,2019,31.73
syc,sex_m,eco_sector_x,mts_details_sgle,2023,36.44
syc,sex_m,eco_sector_x,mts_details_sgle,2024,42.78
syc,sex_m,eco_sector_x,mts_details_total,2018,44.17
syc,sex_m,eco_sector_x,mts_details_total,2019,34.95
syc,sex_m,eco_sector_x,mts_details_total,2020,40.22
syc,sex_m,eco_sector_x,mts_details_total,2023,41.07
syc,sex_m,eco_sector_x,mts_details_total,2024,43.69
syc,sex_m,eco_sector_x,mts_details_union,2018,47.69
syc,sex_m,eco_sector_x,mts_details_union,2023,38.24
syc,sex_m,eco_sector_x,mts_details_union,2024,43.62
syc,sex_t,eco_aggregate_agr,mts_aggregate_1,2014,45.83
syc,sex_t,eco_aggregate_agr,mts_aggregate_1,2015,47.11
syc,sex_t,eco_aggregate_agr,mts_aggregate_1,2016,50.38
syc,sex_t,eco_aggregate_agr,mts_aggregate_1,2017,53.24
syc,sex_t,eco_aggregate_agr,mts_aggregate_1,2018,45.05
syc,sex_t,eco_aggregate_agr,mts_aggregate_1,2019,42.8
syc,sex_t,eco_aggregate_agr,mts_aggregate_1,2020,46.85
syc,sex_t,eco_aggregate_agr,mts_aggregate_1,2023,44.1
syc,sex_t,eco_aggregate_agr,mts_aggregate_1,2024,43.01
syc,sex_t,eco_aggregate_agr,mts_aggregate_2,2014,46.08
syc,sex_t,eco_aggregate_agr,mts_aggregate_2,2015,50.21
syc,sex_t,eco_aggregate_agr,mts_aggregate_2,2016,49.77
syc,sex_t,eco_aggregate_agr,mts_aggregate_2,2017,54.63
syc,sex_t,eco_aggregate_agr,mts_aggregate_2,2018,42.1
syc,sex_t,eco_aggregate_agr,mts_aggregate_2,2019,48.55
syc,sex_t,eco_aggregate_agr,mts_aggregate_2,2020,41.13
syc,sex_t,eco_aggregate_agr,mts_aggregate_2,2023,39.87
syc,sex_t,eco_aggregate_agr,mts_aggregate_2,2024,42.18
syc,sex_t,eco_aggregate_agr,mts_aggregate_total,2014,45.95
syc,sex_t,eco_aggregate_agr,mts_aggregate_total,2015,48.53
syc,sex_t,eco_aggregate_agr,mts_aggregate_total,2016,50.5
syc,sex_t,eco_aggregate_agr,mts_aggregate_total,2017,54
syc,sex_t,eco_aggregate_agr,mts_aggregate_total,2018,43.32
syc,sex_t,eco_aggregate_agr,mts_aggregate_total,2019,46.29
syc,sex_t,eco_aggregate_agr,mts_aggregate_total,2020,43.37
syc,sex_t,eco_aggregate_agr,mts_aggregate_total,2023,41.89
syc,sex_t,eco_aggregate_agr,mts_aggregate_total,2024,42.66
syc,sex_t,eco_aggregate_agr,mts_details_mrd,2014,49.81
syc,sex_t,eco_aggregate_agr,mts_details_mrd,2015,53
syc,sex_t,eco_aggregate_agr,mts_details_mrd,2016,49.02
syc,sex_t,eco_aggregate_agr,mts_details_mrd,2017,58.99
syc,sex_t,eco_aggregate_agr,mts_details_mrd,2018,37.65
syc,sex_t,eco_aggregate_agr,mts_details_mrd,2019,50.01
syc,sex_t,eco_aggregate_agr,mts_details_mrd,2020,44.73
syc,sex_t,eco_aggregate_agr,mts_details_mrd,2023,32.18
syc,sex_t,eco_aggregate_agr,mts_details_mrd,2024,40.07
syc,sex_t,eco_aggregate_agr,mts_details_sgle,2014,46.24
syc,sex_t,eco_aggregate_agr,mts_details_sgle,2015,47.35
syc,sex_t,eco_aggregate_agr,mts_details_sgle,2016,49.74
syc,sex_t,eco_aggregate_agr,mts_details_sgle,2017,53.24
syc,sex_t,eco_aggregate_agr,mts_details_sgle,2018,45.05
syc,sex_t,eco_aggregate_agr,mts_details_sgle,2019,42.8
syc,sex_t,eco_aggregate_agr,mts_details_sgle,2020,46.03
syc,sex_t,eco_aggregate_agr,mts_details_sgle,2023,44.1
syc,sex_t,eco_aggregate_agr,mts_details_sgle,2024,43.01
syc,sex_t,eco_aggregate_agr,mts_details_total,2014,45.95
syc,sex_t,eco_aggregate_agr,mts_details_total,2015,48.53
syc,sex_t,eco_aggregate_agr,mts_details_total,2016,50.5
syc,sex_t,eco_aggregate_agr,mts_details_total,2017,54
syc,sex_t,eco_aggregate_agr,mts_details_total,2018,43.32
syc,sex_t,eco_aggregate_agr,mts_details_total,2019,46.29
syc,sex_t,eco_aggregate_agr,mts_details_total,2020,43.37
syc,sex_t,eco_aggregate_agr,mts_details_total,2023,41.89
syc,sex_t,eco_aggregate_agr,mts_details_total,2024,42.66
syc,sex_t,eco_aggregate_agr,mts_details_union,2014,42.67
syc,sex_t,eco_aggregate_agr,mts_details_union,2015,48.7
syc,sex_t,eco_aggregate_agr,mts_details_union,2016,50.32
syc,sex_t,eco_aggregate_agr,mts_details_union,2017,51.33
syc,sex_t,eco_aggregate_agr,mts_details_union,2018,44.57
syc,sex_t,eco_aggregate_agr,mts_details_union,2019,46.71
syc,sex_t,eco_aggregate_agr,mts_details_union,2020,38.13
syc,sex_t,eco_aggregate_agr,mts_details_union,2023,48.94
syc,sex_t,eco_aggregate_con,mts_aggregate_1,2014,41.73
syc,sex_t,eco_aggregate_con,mts_aggregate_1,2015,41.56
syc,sex_t,eco_aggregate_con,mts_aggregate_1,2016,42.31
syc,sex_t,eco_aggregate_con,mts_aggregate_1,2017,41.13
syc,sex_t,eco_aggregate_con,mts_aggregate_1,2018,42.51
syc,sex_t,eco_aggregate_con,mts_aggregate_1,2019,40.34
syc,sex_t,eco_aggregate_con,mts_aggregate_1,2020,37.97
syc,sex_t,eco_aggregate_con,mts_aggregate_1,2023,39.23
syc,sex_t,eco_aggregate_con,mts_aggregate_1,2024,41.18
syc,sex_t,eco_aggregate_con,mts_aggregate_2,2014,45.79
syc,sex_t,eco_aggregate_con,mts_aggregate_2,2015,45.77
syc,sex_t,eco_aggregate_con,mts_aggregate_2,2016,45.33
syc,sex_t,eco_aggregate_con,mts_aggregate_2,2017,44.16
syc,sex_t,eco_aggregate_con,mts_aggregate_2,2018,43.53
syc,sex_t,eco_aggregate_con,mts_aggregate_2,2019,43.02
syc,sex_t,eco_aggregate_con,mts_aggregate_2,2020,43.57
syc,sex_t,eco_aggregate_con,mts_aggregate_2,2023,41.95
syc,sex_t,eco_aggregate_con,mts_aggregate_2,2024,43.18
syc,sex_t,eco_aggregate_con,mts_aggregate_total,2014,43.95
syc,sex_t,eco_aggregate_con,mts_aggregate_total,2015,44.17
syc,sex_t,eco_aggregate_con,mts_aggregate_total,2016,43.64
syc,sex_t,eco_aggregate_con,mts_aggregate_total,2017,42.77
syc,sex_t,eco_aggregate_con,mts_aggregate_total,2018,43.06
syc,sex_t,eco_aggregate_con,mts_aggregate_total,2019,41.86
syc,sex_t,eco_aggregate_con,mts_aggregate_total,2020,41.39
syc,sex_t,eco_aggregate_con,mts_aggregate_total,2023,40.74
syc,sex_t,eco_aggregate_con,mts_aggregate_total,2024,42.37
syc,sex_t,eco_aggregate_con,mts_details_mrd,2014,47.97
syc,sex_t,eco_aggregate_con,mts_details_mrd,2015,46.91
syc,sex_t,eco_aggregate_con,mts_details_mrd,2016,44.72
syc,sex_t,eco_aggregate_con,mts_details_mrd,2017,43.6
syc,sex_t,eco_aggregate_con,mts_details_mrd,2018,43.41
syc,sex_t,eco_aggregate_con,mts_details_mrd,2019,43.79
syc,sex_t,eco_aggregate_con,mts_details_mrd,2020,45.22
syc,sex_t,eco_aggregate_con,mts_details_mrd,2023,42.58
syc,sex_t,eco_aggregate_con,mts_details_mrd,2024,43.35
syc,sex_t,eco_aggregate_con,mts_details_sep,2015,42.74
syc,sex_t,eco_aggregate_con,mts_details_sep,2018,46.42
syc,sex_t,eco_aggregate_con,mts_details_sep,2019,31.79
syc,sex_t,eco_aggregate_con,mts_details_sep,2020,44.86
syc,sex_t,eco_aggregate_con,mts_details_sgle,2014,41.8
syc,sex_t,eco_aggregate_con,mts_details_sgle,2015,41.58
syc,sex_t,eco_aggregate_con,mts_details_sgle,2016,42.31
syc,sex_t,eco_aggregate_con,mts_details_sgle,2017,40.91
syc,sex_t,eco_aggregate_con,mts_details_sgle,2018,42.36
syc,sex_t,eco_aggregate_con,mts_details_sgle,2019,41.24
syc,sex_t,eco_aggregate_con,mts_details_sgle,2020,37.31
syc,sex_t,eco_aggregate_con,mts_details_sgle,2023,38.87
syc,sex_t,eco_aggregate_con,mts_details_sgle,2024,41.18
syc,sex_t,eco_aggregate_con,mts_details_total,2014,43.95
syc,sex_t,eco_aggregate_con,mts_details_total,2015,44.17
syc,sex_t,eco_aggregate_con,mts_details_total,2016,43.64
syc,sex_t,eco_aggregate_con,mts_details_total,2017,42.77
syc,sex_t,eco_aggregate_con,mts_details_total,2018,43.06
syc,sex_t,eco_aggregate_con,mts_details_total,2019,41.86
syc,sex_t,eco_aggregate_con,mts_details_total,2020,41.39
syc,sex_t,eco_aggregate_con,mts_details_total,2023,40.74
syc,sex_t,eco_aggregate_con,mts_details_total,2024,42.37
syc,sex_t,eco_aggregate_con,mts_details_union,2014,41.53
syc,sex_t,eco_aggregate_con,mts_details_union,2015,43.92
syc,sex_t,eco_aggregate_con,mts_details_union,2016,46.21
syc,sex_t,eco_aggregate_con,mts_details_union,2017,45.07
syc,sex_t,eco_aggregate_con,mts_details_union,2018,43.71
syc,sex_t,eco_aggregate_con,mts_details_union,2019,41.87
syc,sex_t,eco_aggregate_con,mts_details_union,2020,40.79
syc,sex_t,eco_aggregate_con,mts_details_union,2023,39.48
syc,sex_t,eco_aggregate_con,mts_details_union,2024,43
syc,sex_t,eco_aggregate_man,mts_aggregate_1,2014,41.44
syc,sex_t,eco_aggregate_man,mts_aggregate_1,2015,42.55
syc,sex_t,eco_aggregate_man,mts_aggregate_1,2016,40.38
syc,sex_t,eco_aggregate_man,mts_aggregate_1,2017,40.49
syc,sex_t,eco_aggregate_man,mts_aggregate_1,2018,41.13
syc,sex_t,eco_aggregate_man,mts_aggregate_1,2019,39.91
syc,sex_t,eco_aggregate_man,mts_aggregate_1,2020,39.25
syc,sex_t,eco_aggregate_man,mts_aggregate_1,2023,41.92
syc,sex_t,eco_aggregate_man,mts_aggregate_1,2024,40.9
syc,sex_t,eco_aggregate_man,mts_aggregate_2,2014,42.59
syc,sex_t,eco_aggregate_man,mts_aggregate_2,2015,42.84
syc,sex_t,eco_aggregate_man,mts_aggregate_2,2016,42.09
syc,sex_t,eco_aggregate_man,mts_aggregate_2,2017,40.6
syc,sex_t,eco_aggregate_man,mts_aggregate_2,2018,41.81
syc,sex_t,eco_aggregate_man,mts_aggregate_2,2019,39.8
syc,sex_t,eco_aggregate_man,mts_aggregate_2,2020,41.53
syc,sex_t,eco_aggregate_man,mts_aggregate_2,2023,41.69
syc,sex_t,eco_aggregate_man,mts_aggregate_2,2024,42.09
syc,sex_t,eco_aggregate_man,mts_aggregate_total,2014,42
syc,sex_t,eco_aggregate_man,mts_aggregate_total,2015,42.71
syc,sex_t,eco_aggregate_man,mts_aggregate_total,2016,41.23
syc,sex_t,eco_aggregate_man,mts_aggregate_total,2017,40.55
syc,sex_t,eco_aggregate_man,mts_aggregate_total,2018,41.5
syc,sex_t,eco_aggregate_man,mts_aggregate_total,2019,39.86
syc,sex_t,eco_aggregate_man,mts_aggregate_total,2020,40.49
syc,sex_t,eco_aggregate_man,mts_aggregate_total,2023,41.8
syc,sex_t,eco_aggregate_man,mts_aggregate_total,2024,41.49
syc,sex_t,eco_aggregate_man,mts_details_mrd,2014,43.21
syc,sex_t,eco_aggregate_man,mts_details_mrd,2015,43.74
syc,sex_t,eco_aggregate_man,mts_details_mrd,2016,43.68
syc,sex_t,eco_aggregate_man,mts_details_mrd,2017,39.44
syc,sex_t,eco_aggregate_man,mts_details_mrd,2018,40.69
syc,sex_t,eco_aggregate_man,mts_details_mrd,2019,38.92
syc,sex_t,eco_aggregate_man,mts_details_mrd,2020,42.34
syc,sex_t,eco_aggregate_man,mts_details_mrd,2023,41.76
syc,sex_t,eco_aggregate_man,mts_details_mrd,2024,38.4
syc,sex_t,eco_aggregate_man,mts_details_sep,2014,37.44
syc,sex_t,eco_aggregate_man,mts_details_sep,2015,38.99
syc,sex_t,eco_aggregate_man,mts_details_sep,2016,42.55
syc,sex_t,eco_aggregate_man,mts_details_sep,2017,36.73
syc,sex_t,eco_aggregate_man,mts_details_sep,2018,39.44
syc,sex_t,eco_aggregate_man,mts_details_sep,2019,42.76
syc,sex_t,eco_aggregate_man,mts_details_sep,2020,39.32
syc,sex_t,eco_aggregate_man,mts_details_sep,2023,43.49
syc,sex_t,eco_aggregate_man,mts_details_sgle,2014,41.67
syc,sex_t,eco_aggregate_man,mts_details_sgle,2015,42.94
syc,sex_t,eco_aggregate_man,mts_details_sgle,2016,40.42
syc,sex_t,eco_aggregate_man,mts_details_sgle,2017,40.76
syc,sex_t,eco_aggregate_man,mts_details_sgle,2018,41.22
syc,sex_t,eco_aggregate_man,mts_details_sgle,2019,39.68
syc,sex_t,eco_aggregate_man,mts_details_sgle,2020,39.26
syc,sex_t,eco_aggregate_man,mts_details_sgle,2023,41.92
syc,sex_t,eco_aggregate_man,mts_details_sgle,2024,41.17
syc,sex_t,eco_aggregate_man,mts_details_total,2014,42
syc,sex_t,eco_aggregate_man,mts_details_total,2015,42.71
syc,sex_t,eco_aggregate_man,mts_details_total,2016,41.23
syc,sex_t,eco_aggregate_man,mts_details_total,2017,40.55
syc,sex_t,eco_aggregate_man,mts_details_total,2018,41.5
syc,sex_t,eco_aggregate_man,mts_details_total,2019,39.86
syc,sex_t,eco_aggregate_man,mts_details_total,2020,40.49
syc,sex_t,eco_aggregate_man,mts_details_total,2023,41.8
syc,sex_t,eco_aggregate_man,mts_details_total,2024,41.49
syc,sex_t,eco_aggregate_man,mts_details_union,2014,41.9
syc,sex_t,eco_aggregate_man,mts_details_union,2015,41.78
syc,sex_t,eco_aggregate_man,mts_details_union,2016,40.86
syc,sex_t,eco_aggregate_man,mts_details_union,2017,41.92
syc,sex_t,eco_aggregate_man,mts_details_union,2018,42.79
syc,sex_t,eco_aggregate_man,mts_details_union,2019,40.84
syc,sex_t,eco_aggregate_man,mts_details_union,2020,40.74
syc,sex_t,eco_aggregate_man,mts_details_union,2023,41.59
syc,sex_t,eco_aggregate_man,mts_details_union,2024,44.54
syc,sex_t,eco_aggregate_man,mts_details_wid,2015,37.91
syc,sex_t,eco_aggregate_man,mts_details_wid,2017,35.66
syc,sex_t,eco_aggregate_mel,mts_aggregate_1,2014,43.43
syc,sex_t,eco_aggregate_mel,mts_aggregate_1,2015,41.99
syc,sex_t,eco_aggregate_mel,mts_aggregate_1,2016,41.44
syc,sex_t,eco_aggregate_mel,mts_aggregate_1,2017,40.21
syc,sex_t,eco_aggregate_mel,mts_aggregate_1,2018,39.96
syc,sex_t,eco_aggregate_mel,mts_aggregate_1,2019,39.71
syc,sex_t,eco_aggregate_mel,mts_aggregate_1,2020,40.59
syc,sex_t,eco_aggregate_mel,mts_aggregate_1,2023,39.34
syc,sex_t,eco_aggregate_mel,mts_aggregate_1,2024,43.69
syc,sex_t,eco_aggregate_mel,mts_aggregate_2,2014,46.21
syc,sex_t,eco_aggregate_mel,mts_aggregate_2,2015,44
syc,sex_t,eco_aggregate_mel,mts_aggregate_2,2016,44.03
syc,sex_t,eco_aggregate_mel,mts_aggregate_2,2017,44.33
syc,sex_t,eco_aggregate_mel,mts_aggregate_2,2018,42.04
syc,sex_t,eco_aggregate_mel,mts_aggregate_2,2019,40.94
syc,sex_t,eco_aggregate_mel,mts_aggregate_2,2020,41.02
syc,sex_t,eco_aggregate_mel,mts_aggregate_2,2023,41.33
syc,sex_t,eco_aggregate_mel,mts_aggregate_2,2024,43.76
syc,sex_t,eco_aggregate_mel,mts_aggregate_total,2014,44.99
syc,sex_t,eco_aggregate_mel,mts_aggregate_total,2015,43.03
syc,sex_t,eco_aggregate_mel,mts_aggregate_total,2016,42.82
syc,sex_t,eco_aggregate_mel,mts_aggregate_total,2017,42.32
syc,sex_t,eco_aggregate_mel,mts_aggregate_total,2018,41.01
syc,sex_t,eco_aggregate_mel,mts_aggregate_total,2019,40.58
syc,sex_t,eco_aggregate_mel,mts_aggregate_total,2020,40.85
syc,sex_t,eco_aggregate_mel,mts_aggregate_total,2023,40.37
syc,sex_t,eco_aggregate_mel,mts_aggregate_total,2024,43.72
syc,sex_t,eco_aggregate_mel,mts_details_mrd,2014,46.19
syc,sex_t,eco_aggregate_mel,mts_details_mrd,2015,43.48
syc,sex_t,eco_aggregate_mel,mts_details_mrd,2016,43.18
syc,sex_t,eco_aggregate_mel,mts_details_mrd,2017,46.08
syc,sex_t,eco_aggregate_mel,mts_details_mrd,2018,42.15
syc,sex_t,eco_aggregate_mel,mts_details_mrd,2019,41.69
syc,sex_t,eco_aggregate_mel,mts_details_mrd,2020,41.63
syc,sex_t,eco_aggregate_mel,mts_details_mrd,2023,40.99
syc,sex_t,eco_aggregate_mel,mts_details_mrd,2024,47.84
syc,sex_t,eco_aggregate_mel,mts_details_sep,2014,43.65
syc,sex_t,eco_aggregate_mel,mts_details_sep,2020,41.66
syc,sex_t,eco_aggregate_mel,mts_details_sgle,2014,43.42
syc,sex_t,eco_aggregate_mel,mts_details_sgle,2015,42.4
syc,sex_t,eco_aggregate_mel,mts_details_sgle,2016,41.65
syc,sex_t,eco_aggregate_mel,mts_details_sgle,2017,40.28
syc,sex_t,eco_aggregate_mel,mts_details_sgle,2018,39.8
syc,sex_t,eco_aggregate_mel,mts_details_sgle,2019,39.97
syc,sex_t,eco_aggregate_mel,mts_details_sgle,2020,40.44
syc,sex_t,eco_aggregate_mel,mts_details_sgle,2023,39.38
syc,sex_t,eco_aggregate_mel,mts_details_sgle,2024,43.61
syc,sex_t,eco_aggregate_mel,mts_details_total,2014,44.99
syc,sex_t,eco_aggregate_mel,mts_details_total,2015,43.03
syc,sex_t,eco_aggregate_mel,mts_details_total,2016,42.82
syc,sex_t,eco_aggregate_mel,mts_details_total,2017,42.32
syc,sex_t,eco_aggregate_mel,mts_details_total,2018,41.01
syc,sex_t,eco_aggregate_mel,mts_details_total,2019,40.58
syc,sex_t,eco_aggregate_mel,mts_details_total,2020,40.85
syc,sex_t,eco_aggregate_mel,mts_details_total,2023,40.37
syc,sex_t,eco_aggregate_mel,mts_details_total,2024,43.72
syc,sex_t,eco_aggregate_mel,mts_details_union,2014,46.22
syc,sex_t,eco_aggregate_mel,mts_details_union,2015,44.38
syc,sex_t,eco_aggregate_mel,mts_details_union,2016,44.81
syc,sex_t,eco_aggregate_mel,mts_details_union,2017,42.85
syc,sex_t,eco_aggregate_mel,mts_details_union,2018,41.91
syc,sex_t,eco_aggregate_mel,mts_details_union,2019,40.18
syc,sex_t,eco_aggregate_mel,mts_details_union,2020,40.68
syc,sex_t,eco_aggregate_mel,mts_details_union,2023,41.5
syc,sex_t,eco_aggregate_mel,mts_details_union,2024,39.98
syc,sex_t,eco_aggregate_mkt,mts_aggregate_1,2014,43.79
syc,sex_t,eco_aggregate_mkt,mts_aggregate_1,2015,44.02
syc,sex_t,eco_aggregate_mkt,mts_aggregate_1,2016,44.03
syc,sex_t,eco_aggregate_mkt,mts_aggregate_1,2017,43.32
syc,sex_t,eco_aggregate_mkt,mts_aggregate_1,2018,42.91
syc,sex_t,eco_aggregate_mkt,mts_aggregate_1,2019,42.28
syc,sex_t,eco_aggregate_mkt,mts_aggregate_1,2020,40.91
syc,sex_t,eco_aggregate_mkt,mts_aggregate_1,2023,41.83
syc,sex_t,eco_aggregate_mkt,mts_aggregate_1,2024,41.96
syc,sex_t,eco_aggregate_mkt,mts_aggregate_2,2014,44.77
syc,sex_t,eco_aggregate_mkt,mts_aggregate_2,2015,44.93
syc,sex_t,eco_aggregate_mkt,mts_aggregate_2,2016,44.74
syc,sex_t,eco_aggregate_mkt,mts_aggregate_2,2017,43.44
syc,sex_t,eco_aggregate_mkt,mts_aggregate_2,2018,43.5
syc,sex_t,eco_aggregate_mkt,mts_aggregate_2,2019,43.4
syc,sex_t,eco_aggregate_mkt,mts_aggregate_2,2020,42.25
syc,sex_t,eco_aggregate_mkt,mts_aggregate_2,2023,41.56
syc,sex_t,eco_aggregate_mkt,mts_aggregate_2,2024,42.54
syc,sex_t,eco_aggregate_mkt,mts_aggregate_total,2014,44.28
syc,sex_t,eco_aggregate_mkt,mts_aggregate_total,2015,44.45
syc,sex_t,eco_aggregate_mkt,mts_aggregate_total,2016,44.39
syc,sex_t,eco_aggregate_mkt,mts_aggregate_total,2017,43.38
syc,sex_t,eco_aggregate_mkt,mts_aggregate_total,2018,43.2
syc,sex_t,eco_aggregate_mkt,mts_aggregate_total,2019,42.85
syc,sex_t,eco_aggregate_mkt,mts_aggregate_total,2020,41.62
syc,sex_t,eco_aggregate_mkt,mts_aggregate_total,2023,41.69
syc,sex_t,eco_aggregate_mkt,mts_aggregate_total,2024,42.25
syc,sex_t,eco_aggregate_mkt,mts_details_mrd,2014,45.66
syc,sex_t,eco_aggregate_mkt,mts_details_mrd,2015,45.18
syc,sex_t,eco_aggregate_mkt,mts_details_mrd,2016,45.5
syc,sex_t,eco_aggregate_mkt,mts_details_mrd,2017,43.6
syc,sex_t,eco_aggregate_mkt,mts_details_mrd,2018,44.51
syc,sex_t,eco_aggregate_mkt,mts_details_mrd,2019,43.33
syc,sex_t,eco_aggregate_mkt,mts_details_mrd,2020,42.61
syc,sex_t,eco_aggregate_mkt,mts_details_mrd,2023,41.32
syc,sex_t,eco_aggregate_mkt,mts_details_mrd,2024,43.31
syc,sex_t,eco_aggregate_mkt,mts_details_sep,2014,44.93
syc,sex_t,eco_aggregate_mkt,mts_details_sep,2015,46.33
syc,sex_t,eco_aggregate_mkt,mts_details_sep,2016,42.1
syc,sex_t,eco_aggregate_mkt,mts_details_sep,2017,43.54
syc,sex_t,eco_aggregate_mkt,mts_details_sep,2018,41.81
syc,sex_t,eco_aggregate_mkt,mts_details_sep,2019,42.78
syc,sex_t,eco_aggregate_mkt,mts_details_sep,2020,41.43
syc,sex_t,eco_aggregate_mkt,mts_details_sep,2023,44.77
syc,sex_t,eco_aggregate_mkt,mts_details_sep,2024,43.76
syc,sex_t,eco_aggregate_mkt,mts_details_sgle,2014,43.79
syc,sex_t,eco_aggregate_mkt,mts_details_sgle,2015,43.93
syc,sex_t,eco_aggregate_mkt,mts_details_sgle,2016,44.19
syc,sex_t,eco_aggregate_mkt,mts_details_sgle,2017,43.34
syc,sex_t,eco_aggregate_mkt,mts_details_sgle,2018,43
syc,sex_t,eco_aggregate_mkt,mts_details_sgle,2019,42.22
syc,sex_t,eco_aggregate_mkt,mts_details_sgle,2020,40.93
syc,sex_t,eco_aggregate_mkt,mts_details_sgle,2023,41.55
syc,sex_t,eco_aggregate_mkt,mts_details_sgle,2024,41.8
syc,sex_t,eco_aggregate_mkt,mts_details_total,2014,44.28
syc,sex_t,eco_aggregate_mkt,mts_details_total,2015,44.45
syc,sex_t,eco_aggregate_mkt,mts_details_total,2016,44.39
syc,sex_t,eco_aggregate_mkt,mts_details_total,2017,43.38
syc,sex_t,eco_aggregate_mkt,mts_details_total,2018,43.2
syc,sex_t,eco_aggregate_mkt,mts_details_total,2019,42.85
syc,sex_t,eco_aggregate_mkt,mts_details_total,2020,41.62
syc,sex_t,eco_aggregate_mkt,mts_details_total,2023,41.69
syc,sex_t,eco_aggregate_mkt,mts_details_total,2024,42.25
syc,sex_t,eco_aggregate_mkt,mts_details_union,2014,44
syc,sex_t,eco_aggregate_mkt,mts_details_union,2015,44.72
syc,sex_t,eco_aggregate_mkt,mts_details_union,2016,44.19
syc,sex_t,eco_aggregate_mkt,mts_details_union,2017,43.33
syc,sex_t,eco_aggregate_mkt,mts_details_union,2018,42.71
syc,sex_t,eco_aggregate_mkt,mts_details_union,2019,43.47
syc,sex_t,eco_aggregate_mkt,mts_details_union,2020,41.95
syc,sex_t,eco_aggregate_mkt,mts_details_union,2023,41.74
syc,sex_t,eco_aggregate_mkt,mts_details_union,2024,41.81
syc,sex_t,eco_aggregate_mkt,mts_details_wid,2014,40.54
syc,sex_t,eco_aggregate_mkt,mts_details_wid,2015,39.27
syc,sex_t,eco_aggregate_mkt,mts_details_wid,2016,42.14
syc,sex_t,eco_aggregate_mkt,mts_details_wid,2017,39.85
syc,sex_t,eco_aggregate_mkt,mts_details_wid,2018,39.68
syc,sex_t,eco_aggregate_mkt,mts_details_wid,2019,44.17
syc,sex_t,eco_aggregate_mkt,mts_details_wid,2020,37.11
syc,sex_t,eco_aggregate_mkt,mts_details_wid,2023,46.67
syc,sex_t,eco_aggregate_mkt,mts_details_wid,2024,46.25
syc,sex_t,eco_aggregate_pub,mts_aggregate_1,2014,40.04
syc,sex_t,eco_aggregate_pub,mts_aggregate_1,2015,40.37
syc,sex_t,eco_aggregate_pub,mts_aggregate_1,2016,40.42
syc,sex_t,eco_aggregate_pub,mts_aggregate_1,2017,38.7
syc,sex_t,eco_aggregate_pub,mts_aggregate_1,2018,40
syc,sex_t,eco_aggregate_pub,mts_aggregate_1,2019,39.25
syc,sex_t,eco_aggregate_pub,mts_aggregate_1,2020,39.15
syc,sex_t,eco_aggregate_pub,mts_aggregate_1,2023,38.92
syc,sex_t,eco_aggregate_pub,mts_aggregate_1,2024,37.65
syc,sex_t,eco_aggregate_pub,mts_aggregate_2,2014,39.84
syc,sex_t,eco_aggregate_pub,mts_aggregate_2,2015,40.59
syc,sex_t,eco_aggregate_pub,mts_aggregate_2,2016,40.37
syc,sex_t,eco_aggregate_pub,mts_aggregate_2,2017,38.01
syc,sex_t,eco_aggregate_pub,mts_aggregate_2,2018,40.48
syc,sex_t,eco_aggregate_pub,mts_aggregate_2,2019,39.39
syc,sex_t,eco_aggregate_pub,mts_aggregate_2,2020,38.51
syc,sex_t,eco_aggregate_pub,mts_aggregate_2,2023,38.34
syc,sex_t,eco_aggregate_pub,mts_aggregate_2,2024,38.62
syc,sex_t,eco_aggregate_pub,mts_aggregate_total,2014,39.94
syc,sex_t,eco_aggregate_pub,mts_aggregate_total,2015,40.49
syc,sex_t,eco_aggregate_pub,mts_aggregate_total,2016,40.39
syc,sex_t,eco_aggregate_pub,mts_aggregate_total,2017,38.3
syc,sex_t,eco_aggregate_pub,mts_aggregate_total,2018,40.26
syc,sex_t,eco_aggregate_pub,mts_aggregate_total,2019,39.33
syc,sex_t,eco_aggregate_pub,mts_aggregate_total,2020,38.8
syc,sex_t,eco_aggregate_pub,mts_aggregate_total,2023,38.64
syc,sex_t,eco_aggregate_pub,mts_aggregate_total,2024,38.07
syc,sex_t,eco_aggregate_pub,mts_details_mrd,2014,39.94
syc,sex_t,eco_aggregate_pub,mts_details_mrd,2015,40.69
syc,sex_t,eco_aggregate_pub,mts_details_mrd,2016,39.62
syc,sex_t,eco_aggregate_pub,mts_details_mrd,2017,37.69
syc,sex_t,eco_aggregate_pub,mts_details_mrd,2018,39.52
syc,sex_t,eco_aggregate_pub,mts_details_mrd,2019,39.49
syc,sex_t,eco_aggregate_pub,mts_details_mrd,2020,38.29
syc,sex_t,eco_aggregate_pub,mts_details_mrd,2023,37.93
syc,sex_t,eco_aggregate_pub,mts_details_mrd,2024,38.13
syc,sex_t,eco_aggregate_pub,mts_details_sep,2014,39.67
syc,sex_t,eco_aggregate_pub,mts_details_sep,2015,41.29
syc,sex_t,eco_aggregate_pub,mts_details_sep,2016,38.51
syc,sex_t,eco_aggregate_pub,mts_details_sep,2017,38.26
syc,sex_t,eco_aggregate_pub,mts_details_sep,2018,40.01
syc,sex_t,eco_aggregate_pub,mts_details_sep,2019,39.78
syc,sex_t,eco_aggregate_pub,mts_details_sep,2020,37.58
syc,sex_t,eco_aggregate_pub,mts_details_sep,2023,36.37
syc,sex_t,eco_aggregate_pub,mts_details_sep,2024,38.71
syc,sex_t,eco_aggregate_pub,mts_details_sgle,2014,40.42
syc,sex_t,eco_aggregate_pub,mts_details_sgle,2015,40.25
syc,sex_t,eco_aggregate_pub,mts_details_sgle,2016,40.55
syc,sex_t,eco_aggregate_pub,mts_details_sgle,2017,38.88
syc,sex_t,eco_aggregate_pub,mts_details_sgle,2018,39.99
syc,sex_t,eco_aggregate_pub,mts_details_sgle,2019,39.24
syc,sex_t,eco_aggregate_pub,mts_details_sgle,2020,39.28
syc,sex_t,eco_aggregate_pub,mts_details_sgle,2023,39.06
syc,sex_t,eco_aggregate_pub,mts_details_sgle,2024,37.56
syc,sex_t,eco_aggregate_pub,mts_details_total,2014,39.94
syc,sex_t,eco_aggregate_pub,mts_details_total,2015,40.49
syc,sex_t,eco_aggregate_pub,mts_details_total,2016,40.39
syc,sex_t,eco_aggregate_pub,mts_details_total,2017,38.3
syc,sex_t,eco_aggregate_pub,mts_details_total,2018,40.26
syc,sex_t,eco_aggregate_pub,mts_details_total,2019,39.33
syc,sex_t,eco_aggregate_pub,mts_details_total,2020,38.8
syc,sex_t,eco_aggregate_pub,mts_details_total,2023,38.64
syc,sex_t,eco_aggregate_pub,mts_details_total,2024,38.07
syc,sex_t,eco_aggregate_pub,mts_details_union,2014,39.74
syc,sex_t,eco_aggregate_pub,mts_details_union,2015,40.49
syc,sex_t,eco_aggregate_pub,mts_details_union,2016,41.16
syc,sex_t,eco_aggregate_pub,mts_details_union,2017,38.34
syc,sex_t,eco_aggregate_pub,mts_details_union,2018,41.34
syc,sex_t,eco_aggregate_pub,mts_details_union,2019,39.28
syc,sex_t,eco_aggregate_pub,mts_details_union,2020,38.73
syc,sex_t,eco_aggregate_pub,mts_details_union,2023,38.76
syc,sex_t,eco_aggregate_pub,mts_details_union,2024,39.16
syc,sex_t,eco_aggregate_pub,mts_details_wid,2014,33.42
syc,sex_t,eco_aggregate_pub,mts_details_wid,2015,40.87
syc,sex_t,eco_aggregate_pub,mts_details_wid,2016,41.8
syc,sex_t,eco_aggregate_pub,mts_details_wid,2017,33.84
syc,sex_t,eco_aggregate_pub,mts_details_wid,2018,40.25
syc,sex_t,eco_aggregate_pub,mts_details_wid,2019,38.01
syc,sex_t,eco_aggregate_pub,mts_details_wid,2020,39.94
syc,sex_t,eco_aggregate_pub,mts_details_wid,2023,39.91
syc,sex_t,eco_aggregate_pub,mts_details_wid,2024,38.7
syc,sex_t,eco_aggregate_total,mts_aggregate_1,2014,42.28
syc,sex_t,eco_aggregate_total,mts_aggregate_1,2015,42.66
syc,sex_t,eco_aggregate_total,mts_aggregate_1,2016,42.48
syc,sex_t,eco_aggregate_total,mts_aggregate_1,2017,41.51
syc,sex_t,eco_aggregate_total,mts_aggregate_1,2018,41.59
syc,sex_t,eco_aggregate_total,mts_aggregate_1,2019,40.78
syc,sex_t,eco_aggregate_total,mts_aggregate_1,2020,40.1
syc,sex_t,eco_aggregate_total,mts_aggregate_1,2023,40.45
syc,sex_t,eco_aggregate_total,mts_aggregate_1,2024,40.73
syc,sex_t,eco_aggregate_total,mts_aggregate_2,2014,42.95
syc,sex_t,eco_aggregate_total,mts_aggregate_2,2015,43.21
syc,sex_t,eco_aggregate_total,mts_aggregate_2,2016,42.93
syc,sex_t,eco_aggregate_total,mts_aggregate_2,2017,41.26
syc,sex_t,eco_aggregate_total,mts_aggregate_2,2018,42.03
syc,sex_t,eco_aggregate_total,mts_aggregate_2,2019,41.59
syc,sex_t,eco_aggregate_total,mts_aggregate_2,2020,40.65
syc,sex_t,eco_aggregate_total,mts_aggregate_2,2023,40.16
syc,sex_t,eco_aggregate_total,mts_aggregate_2,2024,41.49
syc,sex_t,eco_aggregate_total,mts_aggregate_total,2014,42.62
syc,sex_t,eco_aggregate_total,mts_aggregate_total,2015,42.94
syc,sex_t,eco_aggregate_total,mts_aggregate_total,2016,42.72
syc,sex_t,eco_aggregate_total,mts_aggregate_total,2017,41.38
syc,sex_t,eco_aggregate_total,mts_aggregate_total,2018,41.82
syc,sex_t,eco_aggregate_total,mts_aggregate_total,2019,41.21
syc,sex_t,eco_aggregate_total,mts_aggregate_total,2020,40.4
syc,sex_t,eco_aggregate_total,mts_aggregate_total,2023,40.31
syc,sex_t,eco_aggregate_total,mts_aggregate_total,2024,41.11
syc,sex_t,eco_aggregate_total,mts_aggregate_x,2014,39.14
syc,sex_t,eco_aggregate_total,mts_aggregate_x,2023,45.92
syc,sex_t,eco_aggregate_total,mts_details_mrd,2014,43.53
syc,sex_t,eco_aggregate_total,mts_details_mrd,2015,43.39
syc,sex_t,eco_aggregate_total,mts_details_mrd,2016,42.79
syc,sex_t,eco_aggregate_total,mts_details_mrd,2017,40.96
syc,sex_t,eco_aggregate_total,mts_details_mrd,2018,41.83
syc,sex_t,eco_aggregate_total,mts_details_mrd,2019,41.61
syc,sex_t,eco_aggregate_total,mts_details_mrd,2020,40.9
syc,sex_t,eco_aggregate_total,mts_details_mrd,2023,39.78
syc,sex_t,eco_aggregate_total,mts_details_mrd,2024,41.72
syc,sex_t,eco_aggregate_total,mts_details_sep,2014,41.85
syc,sex_t,eco_aggregate_total,mts_details_sep,2015,42.99
syc,sex_t,eco_aggregate_total,mts_details_sep,2016,40.76
syc,sex_t,eco_aggregate_total,mts_details_sep,2017,40.84
syc,sex_t,eco_aggregate_total,mts_details_sep,2018,40.78
syc,sex_t,eco_aggregate_total,mts_details_sep,2019,40.61
syc,sex_t,eco_aggregate_total,mts_details_sep,2020,39.94
syc,sex_t,eco_aggregate_total,mts_details_sep,2023,40.6
syc,sex_t,eco_aggregate_total,mts_details_sep,2024,40.14
syc,sex_t,eco_aggregate_total,mts_details_sgle,2014,42.49
syc,sex_t,eco_aggregate_total,mts_details_sgle,2015,42.68
syc,sex_t,eco_aggregate_total,mts_details_sgle,2016,42.66
syc,sex_t,eco_aggregate_total,mts_details_sgle,2017,41.65
syc,sex_t,eco_aggregate_total,mts_details_sgle,2018,41.67
syc,sex_t,eco_aggregate_total,mts_details_sgle,2019,40.82
syc,sex_t,eco_aggregate_total,mts_details_sgle,2020,40.14
syc,sex_t,eco_aggregate_total,mts_details_sgle,2023,40.39
syc,sex_t,eco_aggregate_total,mts_details_sgle,2024,40.72
syc,sex_t,eco_aggregate_total,mts_details_total,2014,42.62
syc,sex_t,eco_aggregate_total,mts_details_total,2015,42.94
syc,sex_t,eco_aggregate_total,mts_details_total,2016,42.72
syc,sex_t,eco_aggregate_total,mts_details_total,2017,41.38
syc,sex_t,eco_aggregate_total,mts_details_total,2018,41.82
syc,sex_t,eco_aggregate_total,mts_details_total,2019,41.21
syc,sex_t,eco_aggregate_total,mts_details_total,2020,40.4
syc,sex_t,eco_aggregate_total,mts_details_total,2023,40.31
syc,sex_t,eco_aggregate_total,mts_details_total,2024,41.11
syc,sex_t,eco_aggregate_total,mts_details_union,2014,42.38
syc,sex_t,eco_aggregate_total,mts_details_union,2015,43.04
syc,sex_t,eco_aggregate_total,mts_details_union,2016,43.06
syc,sex_t,eco_aggregate_total,mts_details_union,2017,41.54
syc,sex_t,eco_aggregate_total,mts_details_union,2018,42.2
syc,sex_t,eco_aggregate_total,mts_details_union,2019,41.57
syc,sex_t,eco_aggregate_total,mts_details_union,2020,40.42
syc,sex_t,eco_aggregate_total,mts_details_union,2023,40.52
syc,sex_t,eco_aggregate_total,mts_details_union,2024,41.26
syc,sex_t,eco_aggregate_total,mts_details_wid,2014,36.03
syc,sex_t,eco_aggregate_total,mts_details_wid,2015,39.52
syc,sex_t,eco_aggregate_total,mts_details_wid,2016,40.93
syc,sex_t,eco_aggregate_total,mts_details_wid,2017,36.09
syc,sex_t,eco_aggregate_total,mts_details_wid,2018,39.91
syc,sex_t,eco_aggregate_total,mts_details_wid,2019,39.99
syc,sex_t,eco_aggregate_total,mts_details_wid,2020,38.94
syc,sex_t,eco_aggregate_total,mts_details_wid,2023,42.72
syc,sex_t,eco_aggregate_total,mts_details_wid,2024,42.13
syc,sex_t,eco_aggregate_total,mts_details_x,2014,39.14
syc,sex_t,eco_aggregate_total,mts_details_x,2023,45.92
syc,sex_t,eco_aggregate_x,mts_aggregate_1,2018,40.02
syc,sex_t,eco_aggregate_x,mts_aggregate_1,2019,32.88
syc,sex_t,eco_aggregate_x,mts_aggregate_1,2023,37.77
syc,sex_t,eco_aggregate_x,mts_aggregate_1,2024,41.36
syc,sex_t,eco_aggregate_x,mts_aggregate_2,2018,41.88
syc,sex_t,eco_aggregate_x,mts_aggregate_2,2019,39.17
syc,sex_t,eco_aggregate_x,mts_aggregate_2,2023,40.09
syc,sex_t,eco_aggregate_x,mts_aggregate_2,2024,41.85
syc,sex_t,eco_aggregate_x,mts_aggregate_total,2018,40.97
syc,sex_t,eco_aggregate_x,mts_aggregate_total,2019,35.18
syc,sex_t,eco_aggregate_x,mts_aggregate_total,2020,35.18
syc,sex_t,eco_aggregate_x,mts_aggregate_total,2023,38.98
syc,sex_t,eco_aggregate_x,mts_aggregate_total,2024,41.61
syc,sex_t,eco_aggregate_x,mts_details_mrd,2018,40.93
syc,sex_t,eco_aggregate_x,mts_details_mrd,2019,45.85
syc,sex_t,eco_aggregate_x,mts_details_mrd,2023,45.2
syc,sex_t,eco_aggregate_x,mts_details_mrd,2024,42.28
syc,sex_t,eco_aggregate_x,mts_details_sep,2018,38.54
syc,sex_t,eco_aggregate_x,mts_details_sep,2024,39.31
syc,sex_t,eco_aggregate_x,mts_details_sgle,2018,40.59
syc,sex_t,eco_aggregate_x,mts_details_sgle,2019,31.9
syc,sex_t,eco_aggregate_x,mts_details_sgle,2023,37.63
syc,sex_t,eco_aggregate_x,mts_details_sgle,2024,41.42
syc,sex_t,eco_aggregate_x,mts_details_total,2018,40.97
syc,sex_t,eco_aggregate_x,mts_details_total,2019,35.18
syc,sex_t,eco_aggregate_x,mts_details_total,2020,35.18
syc,sex_t,eco_aggregate_x,mts_details_total,2023,38.98
syc,sex_t,eco_aggregate_x,mts_details_total,2024,41.61
syc,sex_t,eco_aggregate_x,mts_details_union,2018,42.73
syc,sex_t,eco_aggregate_x,mts_details_union,2019,32.72
syc,sex_t,eco_aggregate_x,mts_details_union,2023,36.69
syc,sex_t,eco_aggregate_x,mts_details_union,2024,41.42
syc,sex_t,eco_aggregate_x,mts_details_wid,2024,42.84
syc,sex_t,eco_sector_agr,mts_aggregate_1,2014,45.83
syc,sex_t,eco_sector_agr,mts_aggregate_1,2015,47.11
syc,sex_t,eco_sector_agr,mts_aggregate_1,2016,50.38
syc,sex_t,eco_sector_agr,mts_aggregate_1,2017,53.24
syc,sex_t,eco_sector_agr,mts_aggregate_1,2018,45.05
syc,sex_t,eco_sector_agr,mts_aggregate_1,2019,42.8
syc,sex_t,eco_sector_agr,mts_aggregate_1,2020,46.85
syc,sex_t,eco_sector_agr,mts_aggregate_1,2023,44.1
syc,sex_t,eco_sector_agr,mts_aggregate_1,2024,43.01
syc,sex_t,eco_sector_agr,mts_aggregate_2,2014,46.08
syc,sex_t,eco_sector_agr,mts_aggregate_2,2015,50.21
syc,sex_t,eco_sector_agr,mts_aggregate_2,2016,49.77
syc,sex_t,eco_sector_agr,mts_aggregate_2,2017,54.63
syc,sex_t,eco_sector_agr,mts_aggregate_2,2018,42.1
syc,sex_t,eco_sector_agr,mts_aggregate_2,2019,48.55
syc,sex_t,eco_sector_agr,mts_aggregate_2,2020,41.13
syc,sex_t,eco_sector_agr,mts_aggregate_2,2023,39.87
syc,sex_t,eco_sector_agr,mts_aggregate_2,2024,42.18
syc,sex_t,eco_sector_agr,mts_aggregate_total,2014,45.95
syc,sex_t,eco_sector_agr,mts_aggregate_total,2015,48.53
syc,sex_t,eco_sector_agr,mts_aggregate_total,2016,50.5
syc,sex_t,eco_sector_agr,mts_aggregate_total,2017,54
syc,sex_t,eco_sector_agr,mts_aggregate_total,2018,43.32
syc,sex_t,eco_sector_agr,mts_aggregate_total,2019,46.29
syc,sex_t,eco_sector_agr,mts_aggregate_total,2020,43.37
syc,sex_t,eco_sector_agr,mts_aggregate_total,2023,41.89
syc,sex_t,eco_sector_agr,mts_aggregate_total,2024,42.66
syc,sex_t,eco_sector_agr,mts_details_mrd,2014,49.81
syc,sex_t,eco_sector_agr,mts_details_mrd,2015,53
syc,sex_t,eco_sector_agr,mts_details_mrd,2016,49.02
syc,sex_t,eco_sector_agr,mts_details_mrd,2017,58.99
syc,sex_t,eco_sector_agr,mts_details_mrd,2018,37.65
syc,sex_t,eco_sector_agr,mts_details_mrd,2019,50.01
syc,sex_t,eco_sector_agr,mts_details_mrd,2020,44.73
syc,sex_t,eco_sector_agr,mts_details_mrd,2023,32.18
syc,sex_t,eco_sector_agr,mts_details_mrd,2024,40.07
syc,sex_t,eco_sector_agr,mts_details_sgle,2014,46.24
syc,sex_t,eco_sector_agr,mts_details_sgle,2015,47.35
syc,sex_t,eco_sector_agr,mts_details_sgle,2016,49.74
syc,sex_t,eco_sector_agr,mts_details_sgle,2017,53.24
syc,sex_t,eco_sector_agr,mts_details_sgle,2018,45.05
syc,sex_t,eco_sector_agr,mts_details_sgle,2019,42.8
syc,sex_t,eco_sector_agr,mts_details_sgle,2020,46.03
syc,sex_t,eco_sector_agr,mts_details_sgle,2023,44.1
syc,sex_t,eco_sector_agr,mts_details_sgle,2024,43.01
syc,sex_t,eco_sector_agr,mts_details_total,2014,45.95
syc,sex_t,eco_sector_agr,mts_details_total,2015,48.53
syc,sex_t,eco_sector_agr,mts_details_total,2016,50.5
syc,sex_t,eco_sector_agr,mts_details_total,2017,54
syc,sex_t,eco_sector_agr,mts_details_total,2018,43.32
syc,sex_t,eco_sector_agr,mts_details_total,2019,46.29
syc,sex_t,eco_sector_agr,mts_details_total,2020,43.37
syc,sex_t,eco_sector_agr,mts_details_total,2023,41.89
syc,sex_t,eco_sector_agr,mts_details_total,2024,42.66
syc,sex_t,eco_sector_agr,mts_details_union,2014,42.67
syc,sex_t,eco_sector_agr,mts_details_union,2015,48.7
syc,sex_t,eco_sector_agr,mts_details_union,2016,50.32
syc,sex_t,eco_sector_agr,mts_details_union,2017,51.33
syc,sex_t,eco_sector_agr,mts_details_union,2018,44.57
syc,sex_t,eco_sector_agr,mts_details_union,2019,46.71
syc,sex_t,eco_sector_agr,mts_details_union,2020,38.13
syc,sex_t,eco_sector_agr,mts_details_union,2023,48.94
syc,sex_t,eco_sector_ind,mts_aggregate_1,2014,41.92
syc,sex_t,eco_sector_ind,mts_aggregate_1,2015,42.19
syc,sex_t,eco_sector_ind,mts_aggregate_1,2016,41.18
syc,sex_t,eco_sector_ind,mts_aggregate_1,2017,40.58
syc,sex_t,eco_sector_ind,mts_aggregate_1,2018,41.25
syc,sex_t,eco_sector_ind,mts_aggregate_1,2019,40.01
syc,sex_t,eco_sector_ind,mts_aggregate_1,2020,39.23
syc,sex_t,eco_sector_ind,mts_aggregate_1,2023,40.48
syc,sex_t,eco_sector_ind,mts_aggregate_1,2024,41.58
syc,sex_t,eco_sector_ind,mts_aggregate_2,2014,44.52
syc,sex_t,eco_sector_ind,mts_aggregate_2,2015,43.93
syc,sex_t,eco_sector_ind,mts_aggregate_2,2016,43.37
syc,sex_t,eco_sector_ind,mts_aggregate_2,2017,42.35
syc,sex_t,eco_sector_ind,mts_aggregate_2,2018,42.41
syc,sex_t,eco_sector_ind,mts_aggregate_2,2019,41.21
syc,sex_t,eco_sector_ind,mts_aggregate_2,2020,42.01
syc,sex_t,eco_sector_ind,mts_aggregate_2,2023,41.67
syc,sex_t,eco_sector_ind,mts_aggregate_2,2024,42.84
syc,sex_t,eco_sector_ind,mts_aggregate_total,2014,43.28
syc,sex_t,eco_sector_ind,mts_aggregate_total,2015,43.17
syc,sex_t,eco_sector_ind,mts_aggregate_total,2016,42.26
syc,sex_t,eco_sector_ind,mts_aggregate_total,2017,41.53
syc,sex_t,eco_sector_ind,mts_aggregate_total,2018,41.87
syc,sex_t,eco_sector_ind,mts_aggregate_total,2019,40.68
syc,sex_t,eco_sector_ind,mts_aggregate_total,2020,40.82
syc,sex_t,eco_sector_ind,mts_aggregate_total,2023,41.13
syc,sex_t,eco_sector_ind,mts_aggregate_total,2024,42.24
syc,sex_t,eco_sector_ind,mts_details_mrd,2014,45.7
syc,sex_t,eco_sector_ind,mts_details_mrd,2015,44.76
syc,sex_t,eco_sector_ind,mts_details_mrd,2016,43.86
syc,sex_t,eco_sector_ind,mts_details_mrd,2017,41.93
syc,sex_t,eco_sector_ind,mts_details_mrd,2018,42.02
syc,sex_t,eco_sector_ind,mts_details_mrd,2019,41.45
syc,sex_t,eco_sector_ind,mts_details_mrd,2020,43.29
syc,sex_t,eco_sector_ind,mts_details_mrd,2023,41.96
syc,sex_t,eco_sector_ind,mts_details_mrd,2024,42.44
syc,sex_t,eco_sector_ind,mts_details_sep,2014,39.24
syc,sex_t,eco_sector_ind,mts_details_sep,2015,39.83
syc,sex_t,eco_sector_ind,mts_details_sep,2016,42.55
syc,sex_t,eco_sector_ind,mts_details_sep,2017,38.93
syc,sex_t,eco_sector_ind,mts_details_sep,2018,41.54
syc,sex_t,eco_sector_ind,mts_details_sep,2019,37.44
syc,sex_t,eco_sector_ind,mts_details_sep,2020,41.03
syc,sex_t,eco_sector_ind,mts_details_sep,2023,42.38
syc,sex_t,eco_sector_ind,mts_details_sgle,2014,42.05
syc,sex_t,eco_sector_ind,mts_details_sgle,2015,42.52
syc,sex_t,eco_sector_ind,mts_details_sgle,2016,41.29
syc,sex_t,eco_sector_ind,mts_details_sgle,2017,40.67
syc,sex_t,eco_sector_ind,mts_details_sgle,2018,41.2
syc,sex_t,eco_sector_ind,mts_details_sgle,2019,40.22
syc,sex_t,eco_sector_ind,mts_details_sgle,2020,39.01
syc,sex_t,eco_sector_ind,mts_details_sgle,2023,40.38
syc,sex_t,eco_sector_ind,mts_details_sgle,2024,41.69
syc,sex_t,eco_sector_ind,mts_details_total,2014,43.28
syc,sex_t,eco_sector_ind,mts_details_total,2015,43.17
syc,sex_t,eco_sector_ind,mts_details_total,2016,42.26
syc,sex_t,eco_sector_ind,mts_details_total,2017,41.53
syc,sex_t,eco_sector_ind,mts_details_total,2018,41.87
syc,sex_t,eco_sector_ind,mts_details_total,2019,40.68
syc,sex_t,eco_sector_ind,mts_details_total,2020,40.82
syc,sex_t,eco_sector_ind,mts_details_total,2023,41.13
syc,sex_t,eco_sector_ind,mts_details_total,2024,42.24
syc,sex_t,eco_sector_ind,mts_details_union,2014,43.03
syc,sex_t,eco_sector_ind,mts_details_union,2015,42.97
syc,sex_t,eco_sector_ind,mts_details_union,2016,42.92
syc,sex_t,eco_sector_ind,mts_details_union,2017,42.83
syc,sex_t,eco_sector_ind,mts_details_union,2018,42.86
syc,sex_t,eco_sector_ind,mts_details_union,2019,40.92
syc,sex_t,eco_sector_ind,mts_details_union,2020,40.73
syc,sex_t,eco_sector_ind,mts_details_union,2023,41.25
syc,sex_t,eco_sector_ind,mts_details_union,2024,43.19
syc,sex_t,eco_sector_ind,mts_details_wid,2014,39.36
syc,sex_t,eco_sector_ind,mts_details_wid,2015,36.52
syc,sex_t,eco_sector_ind,mts_details_wid,2016,34.8
syc,sex_t,eco_sector_ind,mts_details_wid,2017,38.53
syc,sex_t,eco_sector_ind,mts_details_wid,2019,39.53
syc,sex_t,eco_sector_nag,mts_aggregate_1,2014,42.2
syc,sex_t,eco_sector_nag,mts_aggregate_1,2015,42.55
syc,sex_t,eco_sector_nag,mts_aggregate_1,2016,42.31
syc,sex_t,eco_sector_nag,mts_aggregate_1,2017,41.31
syc,sex_t,eco_sector_nag,mts_aggregate_1,2018,41.53
syc,sex_t,eco_sector_nag,mts_aggregate_1,2019,40.74
syc,sex_t,eco_sector_nag,mts_aggregate_1,2020,39.95
syc,sex_t,eco_sector_nag,mts_aggregate_1,2023,40.4
syc,sex_t,eco_sector_nag,mts_aggregate_1,2024,40.71
syc,sex_t,eco_sector_nag,mts_aggregate_2,2014,42.89
syc,sex_t,eco_sector_nag,mts_aggregate_2,2015,43.07
syc,sex_t,eco_sector_nag,mts_aggregate_2,2016,42.82
syc,sex_t,eco_sector_nag,mts_aggregate_2,2017,41.02
syc,sex_t,eco_sector_nag,mts_aggregate_2,2018,42.03
syc,sex_t,eco_sector_nag,mts_aggregate_2,2019,41.4
syc,sex_t,eco_sector_nag,mts_aggregate_2,2020,40.63
syc,sex_t,eco_sector_nag,mts_aggregate_2,2023,40.16
syc,sex_t,eco_sector_nag,mts_aggregate_2,2024,41.49
syc,sex_t,eco_sector_nag,mts_aggregate_total,2014,42.55
syc,sex_t,eco_sector_nag,mts_aggregate_total,2015,42.82
syc,sex_t,eco_sector_nag,mts_aggregate_total,2016,42.57
syc,sex_t,eco_sector_nag,mts_aggregate_total,2017,41.15
syc,sex_t,eco_sector_nag,mts_aggregate_total,2018,41.79
syc,sex_t,eco_sector_nag,mts_aggregate_total,2019,41.09
syc,sex_t,eco_sector_nag,mts_aggregate_total,2020,40.32
syc,sex_t,eco_sector_nag,mts_aggregate_total,2023,40.28
syc,sex_t,eco_sector_nag,mts_aggregate_total,2024,41.09
syc,sex_t,eco_sector_nag,mts_aggregate_x,2014,39.14
syc,sex_t,eco_sector_nag,mts_aggregate_x,2023,45.92
syc,sex_t,eco_sector_nag,mts_details_mrd,2014,43.41
syc,sex_t,eco_sector_nag,mts_details_mrd,2015,43.25
syc,sex_t,eco_sector_nag,mts_details_mrd,2016,42.69
syc,sex_t,eco_sector_nag,mts_details_mrd,2017,40.66
syc,sex_t,eco_sector_nag,mts_details_mrd,2018,41.91
syc,sex_t,eco_sector_nag,mts_details_mrd,2019,41.36
syc,sex_t,eco_sector_nag,mts_details_mrd,2020,40.79
syc,sex_t,eco_sector_nag,mts_details_mrd,2023,39.92
syc,sex_t,eco_sector_nag,mts_details_mrd,2024,41.74
syc,sex_t,eco_sector_nag,mts_details_sep,2014,41.79
syc,sex_t,eco_sector_nag,mts_details_sep,2015,43.01
syc,sex_t,eco_sector_nag,mts_details_sep,2016,40.44
syc,sex_t,eco_sector_nag,mts_details_sep,2017,40.84
syc,sex_t,eco_sector_nag,mts_details_sep,2018,40.78
syc,sex_t,eco_sector_nag,mts_details_sep,2019,40.58
syc,sex_t,eco_sector_nag,mts_details_sep,2020,39.59
syc,sex_t,eco_sector_nag,mts_details_sep,2023,40.6
syc,sex_t,eco_sector_nag,mts_details_sep,2024,40.14
syc,sex_t,eco_sector_nag,mts_details_sgle,2014,42.41
syc,sex_t,eco_sector_nag,mts_details_sgle,2015,42.56
syc,sex_t,eco_sector_nag,mts_details_sgle,2016,42.5
syc,sex_t,eco_sector_nag,mts_details_sgle,2017,41.43
syc,sex_t,eco_sector_nag,mts_details_sgle,2018,41.61
syc,sex_t,eco_sector_nag,mts_details_sgle,2019,40.78
syc,sex_t,eco_sector_nag,mts_details_sgle,2020,40
syc,sex_t,eco_sector_nag,mts_details_sgle,2023,40.33
syc,sex_t,eco_sector_nag,mts_details_sgle,2024,40.7
syc,sex_t,eco_sector_nag,mts_details_total,2014,42.55
syc,sex_t,eco_sector_nag,mts_details_total,2015,42.82
syc,sex_t,eco_sector_nag,mts_details_total,2016,42.57
syc,sex_t,eco_sector_nag,mts_details_total,2017,41.15
syc,sex_t,eco_sector_nag,mts_details_total,2018,41.79
syc,sex_t,eco_sector_nag,mts_details_total,2019,41.09
syc,sex_t,eco_sector_nag,mts_details_total,2020,40.32
syc,sex_t,eco_sector_nag,mts_details_total,2023,40.28
syc,sex_t,eco_sector_nag,mts_details_total,2024,41.09
syc,sex_t,eco_sector_nag,mts_details_union,2014,42.37
syc,sex_t,eco_sector_nag,mts_details_union,2015,42.9
syc,sex_t,eco_sector_nag,mts_details_union,2016,42.93
syc,sex_t,eco_sector_nag,mts_details_union,2017,41.34
syc,sex_t,eco_sector_nag,mts_details_union,2018,42.13
syc,sex_t,eco_sector_nag,mts_details_union,2019,41.44
syc,sex_t,eco_sector_nag,mts_details_union,2020,40.49
syc,sex_t,eco_sector_nag,mts_details_union,2023,40.39
syc,sex_t,eco_sector_nag,mts_details_union,2024,41.24
syc,sex_t,eco_sector_nag,mts_details_wid,2014,36.25
syc,sex_t,eco_sector_nag,mts_details_wid,2015,39.52
syc,sex_t,eco_sector_nag,mts_details_wid,2016,40.93
syc,sex_t,eco_sector_nag,mts_details_wid,2017,36.09
syc,sex_t,eco_sector_nag,mts_details_wid,2018,39.91
syc,sex_t,eco_sector_nag,mts_details_wid,2019,39.99
syc,sex_t,eco_sector_nag,mts_details_wid,2020,38.94
syc,sex_t,eco_sector_nag,mts_details_wid,2023,42.72
syc,sex_t,eco_sector_nag,mts_details_wid,2024,42.13
syc,sex_t,eco_sector_nag,mts_details_x,2014,39.14
syc,sex_t,eco_sector_nag,mts_details_x,2023,45.92
syc,sex_t,eco_sector_ser,mts_aggregate_1,2014,42.24
syc,sex_t,eco_sector_ser,mts_aggregate_1,2015,42.58
syc,sex_t,eco_sector_ser,mts_aggregate_1,2016,42.48
syc,sex_t,eco_sector_ser,mts_aggregate_1,2017,41.4
syc,sex_t,eco_sector_ser,mts_aggregate_1,2018,41.61
syc,sex_t,eco_sector_ser,mts_aggregate_1,2019,40.88
syc,sex_t,eco_sector_ser,mts_aggregate_1,2020,40.08
syc,sex_t,eco_sector_ser,mts_aggregate_1,2023,40.42
syc,sex_t,eco_sector_ser,mts_aggregate_1,2024,39.89
syc,sex_t,eco_sector_ser,mts_aggregate_2,2014,42.64
syc,sex_t,eco_sector_ser,mts_aggregate_2,2015,42.93
syc,sex_t,eco_sector_ser,mts_aggregate_2,2016,42.74
syc,sex_t,eco_sector_ser,mts_aggregate_2,2017,40.84
syc,sex_t,eco_sector_ser,mts_aggregate_2,2018,41.98
syc,sex_t,eco_sector_ser,mts_aggregate_2,2019,41.43
syc,sex_t,eco_sector_ser,mts_aggregate_2,2020,40.42
syc,sex_t,eco_sector_ser,mts_aggregate_2,2023,39.96
syc,sex_t,eco_sector_ser,mts_aggregate_2,2024,40.85
syc,sex_t,eco_sector_ser,mts_aggregate_total,2014,42.44
syc,sex_t,eco_sector_ser,mts_aggregate_total,2015,42.75
syc,sex_t,eco_sector_ser,mts_aggregate_total,2016,42.62
syc,sex_t,eco_sector_ser,mts_aggregate_total,2017,41.1
syc,sex_t,eco_sector_ser,mts_aggregate_total,2018,41.8
syc,sex_t,eco_sector_ser,mts_aggregate_total,2019,41.17
syc,sex_t,eco_sector_ser,mts_aggregate_total,2020,40.26
syc,sex_t,eco_sector_ser,mts_aggregate_total,2023,40.2
syc,sex_t,eco_sector_ser,mts_aggregate_total,2024,40.34
syc,sex_t,eco_sector_ser,mts_aggregate_x,2014,38.61
syc,sex_t,eco_sector_ser,mts_aggregate_x,2023,45.56
syc,sex_t,eco_sector_ser,mts_details_mrd,2014,43.01
syc,sex_t,eco_sector_ser,mts_details_mrd,2015,42.96
syc,sex_t,eco_sector_ser,mts_details_mrd,2016,42.53
syc,sex_t,eco_sector_ser,mts_details_mrd,2017,40.45
syc,sex_t,eco_sector_ser,mts_details_mrd,2018,41.92
syc,sex_t,eco_sector_ser,mts_details_mrd,2019,41.33
syc,sex_t,eco_sector_ser,mts_details_mrd,2020,40.4
syc,sex_t,eco_sector_ser,mts_details_mrd,2023,39.52
syc,sex_t,eco_sector_ser,mts_details_mrd,2024,40.98
syc,sex_t,eco_sector_ser,mts_details_sep,2014,41.97
syc,sex_t,eco_sector_ser,mts_details_sep,2015,43.42
syc,sex_t,eco_sector_ser,mts_details_sep,2016,40.29
syc,sex_t,eco_sector_ser,mts_details_sep,2017,40.95
syc,sex_t,eco_sector_ser,mts_details_sep,2018,40.86
syc,sex_t,eco_sector_ser,mts_details_sep,2019,40.88
syc,sex_t,eco_sector_ser,mts_details_sep,2020,39.3
syc,sex_t,eco_sector_ser,mts_details_sep,2023,40.37
syc,sex_t,eco_sector_ser,mts_details_sep,2024,41.04
syc,sex_t,eco_sector_ser,mts_details_sgle,2014,42.47
syc,sex_t,eco_sector_ser,mts_details_sgle,2015,42.54
syc,sex_t,eco_sector_ser,mts_details_sgle,2016,42.69
syc,sex_t,eco_sector_ser,mts_details_sgle,2017,41.54
syc,sex_t,eco_sector_ser,mts_details_sgle,2018,41.69
syc,sex_t,eco_sector_ser,mts_details_sgle,2019,40.91
syc,sex_t,eco_sector_ser,mts_details_sgle,2020,40.17
syc,sex_t,eco_sector_ser,mts_details_sgle,2023,40.36
syc,sex_t,eco_sector_ser,mts_details_sgle,2024,39.79
syc,sex_t,eco_sector_ser,mts_details_total,2014,42.44
syc,sex_t,eco_sector_ser,mts_details_total,2015,42.75
syc,sex_t,eco_sector_ser,mts_details_total,2016,42.62
syc,sex_t,eco_sector_ser,mts_details_total,2017,41.1
syc,sex_t,eco_sector_ser,mts_details_total,2018,41.8
syc,sex_t,eco_sector_ser,mts_details_total,2019,41.17
syc,sex_t,eco_sector_ser,mts_details_total,2020,40.26
syc,sex_t,eco_sector_ser,mts_details_total,2023,40.2
syc,sex_t,eco_sector_ser,mts_details_total,2024,40.34
syc,sex_t,eco_sector_ser,mts_details_union,2014,42.28
syc,sex_t,eco_sector_ser,mts_details_union,2015,42.89
syc,sex_t,eco_sector_ser,mts_details_union,2016,42.93
syc,sex_t,eco_sector_ser,mts_details_union,2017,41.17
syc,sex_t,eco_sector_ser,mts_details_union,2018,42.04
syc,sex_t,eco_sector_ser,mts_details_union,2019,41.54
syc,sex_t,eco_sector_ser,mts_details_union,2020,40.44
syc,sex_t,eco_sector_ser,mts_details_union,2023,40.37
syc,sex_t,eco_sector_ser,mts_details_union,2024,40.72
syc,sex_t,eco_sector_ser,mts_details_wid,2014,36.08
syc,sex_t,eco_sector_ser,mts_details_wid,2015,40.22
syc,sex_t,eco_sector_ser,mts_details_wid,2016,41.86
syc,sex_t,eco_sector_ser,mts_details_wid,2017,35.74
syc,sex_t,eco_sector_ser,mts_details_wid,2018,40.07
syc,sex_t,eco_sector_ser,mts_details_wid,2019,40.03
syc,sex_t,eco_sector_ser,mts_details_wid,2020,38.98
syc,sex_t,eco_sector_ser,mts_details_wid,2023,42.96
syc,sex_t,eco_sector_ser,mts_details_wid,2024,41.51
syc,sex_t,eco_sector_ser,mts_details_x,2014,38.61
syc,sex_t,eco_sector_ser,mts_details_x,2023,45.56
syc,sex_t,eco_sector_total,mts_aggregate_1,2014,42.28
syc,sex_t,eco_sector_total,mts_aggregate_1,2015,42.66
syc,sex_t,eco_sector_total,mts_aggregate_1,2016,42.48
syc,sex_t,eco_sector_total,mts_aggregate_1,2017,41.51
syc,sex_t,eco_sector_total,mts_aggregate_1,2018,41.59
syc,sex_t,eco_sector_total,mts_aggregate_1,2019,40.78
syc,sex_t,eco_sector_total,mts_aggregate_1,2020,40.1
syc,sex_t,eco_sector_total,mts_aggregate_1,2023,40.45
syc,sex_t,eco_sector_total,mts_aggregate_1,2024,40.73
syc,sex_t,eco_sector_total,mts_aggregate_2,2014,42.95
syc,sex_t,eco_sector_total,mts_aggregate_2,2015,43.21
syc,sex_t,eco_sector_total,mts_aggregate_2,2016,42.93
syc,sex_t,eco_sector_total,mts_aggregate_2,2017,41.26
syc,sex_t,eco_sector_total,mts_aggregate_2,2018,42.03
syc,sex_t,eco_sector_total,mts_aggregate_2,2019,41.59
syc,sex_t,eco_sector_total,mts_aggregate_2,2020,40.65
syc,sex_t,eco_sector_total,mts_aggregate_2,2023,40.16
syc,sex_t,eco_sector_total,mts_aggregate_2,2024,41.49
syc,sex_t,eco_sector_total,mts_aggregate_total,2014,42.62
syc,sex_t,eco_sector_total,mts_aggregate_total,2015,42.94
syc,sex_t,eco_sector_total,mts_aggregate_total,2016,42.72
syc,sex_t,eco_sector_total,mts_aggregate_total,2017,41.38
syc,sex_t,eco_sector_total,mts_aggregate_total,2018,41.82
syc,sex_t,eco_sector_total,mts_aggregate_total,2019,41.21
syc,sex_t,eco_sector_total,mts_aggregate_total,2020,40.4
syc,sex_t,eco_sector_total,mts_aggregate_total,2023,40.31
syc,sex_t,eco_sector_total,mts_aggregate_total,2024,41.11
syc,sex_t,eco_sector_total,mts_aggregate_x,2014,39.14
syc,sex_t,eco_sector_total,mts_aggregate_x,2023,45.92
syc,sex_t,eco_sector_total,mts_details_mrd,2014,43.53
syc,sex_t,eco_sector_total,mts_details_mrd,2015,43.39
syc,sex_t,eco_sector_total,mts_details_mrd,2016,42.79
syc,sex_t,eco_sector_total,mts_details_mrd,2017,40.96
syc,sex_t,eco_sector_total,mts_details_mrd,2018,41.83
syc,sex_t,eco_sector_total,mts_details_mrd,2019,41.61
syc,sex_t,eco_sector_total,mts_details_mrd,2020,40.9
syc,sex_t,eco_sector_total,mts_details_mrd,2023,39.78
syc,sex_t,eco_sector_total,mts_details_mrd,2024,41.72
syc,sex_t,eco_sector_total,mts_details_sep,2014,41.85
syc,sex_t,eco_sector_total,mts_details_sep,2015,42.99
syc,sex_t,eco_sector_total,mts_details_sep,2016,40.76
syc,sex_t,eco_sector_total,mts_details_sep,2017,40.84
syc,sex_t,eco_sector_total,mts_details_sep,2018,40.78
syc,sex_t,eco_sector_total,mts_details_sep,2019,40.61
syc,sex_t,eco_sector_total,mts_details_sep,2020,39.94
syc,sex_t,eco_sector_total,mts_details_sep,2023,40.6
syc,sex_t,eco_sector_total,mts_details_sep,2024,40.14
syc,sex_t,eco_sector_total,mts_details_sgle,2014,42.49
syc,sex_t,eco_sector_total,mts_details_sgle,2015,42.68
syc,sex_t,eco_sector_total,mts_details_sgle,2016,42.66
syc,sex_t,eco_sector_total,mts_details_sgle,2017,41.65
syc,sex_t,eco_sector_total,mts_details_sgle,2018,41.67
syc,sex_t,eco_sector_total,mts_details_sgle,2019,40.82
syc,sex_t,eco_sector_total,mts_details_sgle,2020,40.14
syc,sex_t,eco_sector_total,mts_details_sgle,2023,40.39
syc,sex_t,eco_sector_total,mts_details_sgle,2024,40.72
syc,sex_t,eco_sector_total,mts_details_total,2014,42.62
syc,sex_t,eco_sector_total,mts_details_total,2015,42.94
syc,sex_t,eco_sector_total,mts_details_total,2016,42.72
syc,sex_t,eco_sector_total,mts_details_total,2017,41.38
syc,sex_t,eco_sector_total,mts_details_total,2018,41.82
syc,sex_t,eco_sector_total,mts_details_total,2019,41.21
syc,sex_t,eco_sector_total,mts_details_total,2020,40.4
syc,sex_t,eco_sector_total,mts_details_total,2023,40.31
syc,sex_t,eco_sector_total,mts_details_total,2024,41.11
syc,sex_t,eco_sector_total,mts_details_union,2014,42.38
syc,sex_t,eco_sector_total,mts_details_union,2015,43.04
syc,sex_t,eco_sector_total,mts_details_union,2016,43.06
syc,sex_t,eco_sector_total,mts_details_union,2017,41.54
syc,sex_t,eco_sector_total,mts_details_union,2018,42.2
syc,sex_t,eco_sector_total,mts_details_union,2019,41.57
syc,sex_t,eco_sector_total,mts_details_union,2020,40.42
syc,sex_t,eco_sector_total,mts_details_union,2023,40.52
syc,sex_t,eco_sector_total,mts_details_union,2024,41.26
syc,sex_t,eco_sector_total,mts_details_wid,2014,36.03
syc,sex_t,eco_sector_total,mts_details_wid,2015,39.52
syc,sex_t,eco_sector_total,mts_details_wid,2016,40.93
syc,sex_t,eco_sector_total,mts_details_wid,2017,36.09
syc,sex_t,eco_sector_total,mts_details_wid,2018,39.91
syc,sex_t,eco_sector_total,mts_details_wid,2019,39.99
syc,sex_t,eco_sector_total,mts_details_wid,2020,38.94
syc,sex_t,eco_sector_total,mts_details_wid,2023,42.72
syc,sex_t,eco_sector_total,mts_details_wid,2024,42.13
syc,sex_t,eco_sector_total,mts_details_x,2014,39.14
syc,sex_t,eco_sector_total,mts_details_x,2023,45.92
syc,sex_t,eco_sector_x,mts_aggregate_1,2018,40.02
syc,sex_t,eco_sector_x,mts_aggregate_1,2019,32.88
syc,sex_t,eco_sector_x,mts_aggregate_1,2023,37.77
syc,sex_t,eco_sector_x,mts_aggregate_1,2024,41.36
syc,sex_t,eco_sector_x,mts_aggregate_2,2018,41.88
syc,sex_t,eco_sector_x,mts_aggregate_2,2019,39.17
syc,sex_t,eco_sector_x,mts_aggregate_2,2023,40.09
syc,sex_t,eco_sector_x,mts_aggregate_2,2024,41.85
syc,sex_t,eco_sector_x,mts_aggregate_total,2018,40.97
syc,sex_t,eco_sector_x,mts_aggregate_total,2019,35.18
syc,sex_t,eco_sector_x,mts_aggregate_total,2020,35.18
syc,sex_t,eco_sector_x,mts_aggregate_total,2023,38.98
syc,sex_t,eco_sector_x,mts_aggregate_total,2024,41.61
syc,sex_t,eco_sector_x,mts_details_mrd,2018,40.93
syc,sex_t,eco_sector_x,mts_details_mrd,2019,45.85
syc,sex_t,eco_sector_x,mts_details_mrd,2023,45.2
syc,sex_t,eco_sector_x,mts_details_mrd,2024,42.28
syc,sex_t,eco_sector_x,mts_details_sep,2018,38.54
syc,sex_t,eco_sector_x,mts_details_sep,2024,39.31
syc,sex_t,eco_sector_x,mts_details_sgle,2018,40.59
syc,sex_t,eco_sector_x,mts_details_sgle,2019,31.9
syc,sex_t,eco_sector_x,mts_details_sgle,2023,37.63
syc,sex_t,eco_sector_x,mts_details_sgle,2024,41.42
syc,sex_t,eco_sector_x,mts_details_total,2018,40.97
syc,sex_t,eco_sector_x,mts_details_total,2019,35.18
syc,sex_t,eco_sector_x,mts_details_total,2020,35.18
syc,sex_t,eco_sector_x,mts_details_total,2023,38.98
syc,sex_t,eco_sector_x,mts_details_total,2024,41.61
syc,sex_t,eco_sector_x,mts_details_union,2018,42.73
syc,sex_t,eco_sector_x,mts_details_union,2019,32.72
syc,sex_t,eco_sector_x,mts_details_union,2023,36.69
syc,sex_t,eco_sector_x,mts_details_union,2024,41.42
syc,sex_t,eco_sector_x,mts_details_wid,2024,42.84
