ref_area,sex,classif1,classif2,time,une_tune_sex_age_edu_nb
blr,sex_f,age_10yrbands_total,edu_aggregate_adv,1999,15.64
blr,sex_f,age_10yrbands_total,edu_aggregate_adv,2009,18.35
blr,sex_f,age_10yrbands_total,edu_aggregate_adv,2015,5.826
blr,sex_f,age_10yrbands_total,edu_aggregate_adv,2016,24.243
blr,sex_f,age_10yrbands_total,edu_aggregate_adv,2017,26.333
blr,sex_f,age_10yrbands_total,edu_aggregate_adv,2018,23.477
blr,sex_f,age_10yrbands_total,edu_aggregate_adv,2019,18.1
blr,sex_f,age_10yrbands_total,edu_aggregate_adv,2020,27.778
blr,sex_f,age_10yrbands_total,edu_aggregate_adv,2021,21.717
blr,sex_f,age_10yrbands_total,edu_aggregate_adv,2022,21.808
blr,sex_f,age_10yrbands_total,edu_aggregate_adv,2023,20.303
blr,sex_f,age_10yrbands_total,edu_aggregate_adv,2024,19.842
blr,sex_f,age_10yrbands_total,edu_aggregate_bas,1999,11.64
blr,sex_f,age_10yrbands_total,edu_aggregate_bas,2009,5.51
blr,sex_f,age_10yrbands_total,edu_aggregate_bas,2015,1.336
blr,sex_f,age_10yrbands_total,edu_aggregate_bas,2016,1.697
blr,sex_f,age_10yrbands_total,edu_aggregate_bas,2017,3.337
blr,sex_f,age_10yrbands_total,edu_aggregate_bas,2018,2.999
blr,sex_f,age_10yrbands_total,edu_aggregate_bas,2019,2.617
blr,sex_f,age_10yrbands_total,edu_aggregate_bas,2020,2.501
blr,sex_f,age_10yrbands_total,edu_aggregate_bas,2021,2.324
blr,sex_f,age_10yrbands_total,edu_aggregate_bas,2022,3.197
blr,sex_f,age_10yrbands_total,edu_aggregate_bas,2023,3.103
blr,sex_f,age_10yrbands_total,edu_aggregate_bas,2024,2.179
blr,sex_f,age_10yrbands_total,edu_aggregate_int,1999,121.33
blr,sex_f,age_10yrbands_total,edu_aggregate_int,2009,84.45
blr,sex_f,age_10yrbands_total,edu_aggregate_int,2015,8.02
blr,sex_f,age_10yrbands_total,edu_aggregate_int,2016,81.861
blr,sex_f,age_10yrbands_total,edu_aggregate_int,2017,74.617
blr,sex_f,age_10yrbands_total,edu_aggregate_int,2018,63.597
blr,sex_f,age_10yrbands_total,edu_aggregate_int,2019,60.361
blr,sex_f,age_10yrbands_total,edu_aggregate_int,2020,52.479
blr,sex_f,age_10yrbands_total,edu_aggregate_int,2021,53.354
blr,sex_f,age_10yrbands_total,edu_aggregate_int,2022,47.974
blr,sex_f,age_10yrbands_total,edu_aggregate_int,2023,45.497
blr,sex_f,age_10yrbands_total,edu_aggregate_int,2024,44.505
blr,sex_f,age_10yrbands_total,edu_aggregate_ltb,2009,0.12
blr,sex_f,age_10yrbands_total,edu_aggregate_total,1999,148.65
blr,sex_f,age_10yrbands_total,edu_aggregate_total,2009,108.56
blr,sex_f,age_10yrbands_total,edu_aggregate_total,2015,15.182
blr,sex_f,age_10yrbands_total,edu_aggregate_total,2016,107.8
blr,sex_f,age_10yrbands_total,edu_aggregate_total,2017,104.287
blr,sex_f,age_10yrbands_total,edu_aggregate_total,2018,90.073
blr,sex_f,age_10yrbands_total,edu_aggregate_total,2019,81.079
blr,sex_f,age_10yrbands_total,edu_aggregate_total,2020,82.758
blr,sex_f,age_10yrbands_total,edu_aggregate_total,2021,77.495
blr,sex_f,age_10yrbands_total,edu_aggregate_total,2022,72.979
blr,sex_f,age_10yrbands_total,edu_aggregate_total,2023,69.033
blr,sex_f,age_10yrbands_total,edu_aggregate_total,2024,66.526
blr,sex_f,age_10yrbands_total,edu_aggregate_x,2009,0.13
blr,sex_f,age_10yrbands_total,edu_isced97_2,2015,1.336
blr,sex_f,age_10yrbands_total,edu_isced97_3,2015,4.106
blr,sex_f,age_10yrbands_total,edu_isced97_4,2015,3.914
blr,sex_f,age_10yrbands_total,edu_isced97_5,2015,5.826
blr,sex_f,age_10yrbands_total,edu_isced97_total,2015,15.182
blr,sex_f,age_10yrbands_y15_24,edu_aggregate_adv,1999,1.27
blr,sex_f,age_10yrbands_y15_24,edu_aggregate_adv,2009,4.01
blr,sex_f,age_10yrbands_y15_24,edu_aggregate_adv,2016,4.091
blr,sex_f,age_10yrbands_y15_24,edu_aggregate_adv,2017,3.078
blr,sex_f,age_10yrbands_y15_24,edu_aggregate_adv,2018,2.348
blr,sex_f,age_10yrbands_y15_24,edu_aggregate_adv,2019,3.212
blr,sex_f,age_10yrbands_y15_24,edu_aggregate_adv,2020,5.833
blr,sex_f,age_10yrbands_y15_24,edu_aggregate_adv,2021,2.386
blr,sex_f,age_10yrbands_y15_24,edu_aggregate_adv,2022,3.285
blr,sex_f,age_10yrbands_y15_24,edu_aggregate_adv,2023,2.398
blr,sex_f,age_10yrbands_y15_24,edu_aggregate_adv,2024,2.666
blr,sex_f,age_10yrbands_y15_24,edu_aggregate_bas,1999,5.96
blr,sex_f,age_10yrbands_y15_24,edu_aggregate_bas,2009,2.39
blr,sex_f,age_10yrbands_y15_24,edu_aggregate_bas,2017,0.996
blr,sex_f,age_10yrbands_y15_24,edu_aggregate_bas,2021,0.826
blr,sex_f,age_10yrbands_y15_24,edu_aggregate_bas,2022,1.819
blr,sex_f,age_10yrbands_y15_24,edu_aggregate_bas,2023,1.762
blr,sex_f,age_10yrbands_y15_24,edu_aggregate_bas,2024,1.36
blr,sex_f,age_10yrbands_y15_24,edu_aggregate_int,1999,36.23
blr,sex_f,age_10yrbands_y15_24,edu_aggregate_int,2009,30.14
blr,sex_f,age_10yrbands_y15_24,edu_aggregate_int,2016,15.375
blr,sex_f,age_10yrbands_y15_24,edu_aggregate_int,2017,13.592
blr,sex_f,age_10yrbands_y15_24,edu_aggregate_int,2018,14.545
blr,sex_f,age_10yrbands_y15_24,edu_aggregate_int,2019,11.041
blr,sex_f,age_10yrbands_y15_24,edu_aggregate_int,2020,12.857
blr,sex_f,age_10yrbands_y15_24,edu_aggregate_int,2021,14.555
blr,sex_f,age_10yrbands_y15_24,edu_aggregate_int,2022,12.547
blr,sex_f,age_10yrbands_y15_24,edu_aggregate_int,2023,10.951
blr,sex_f,age_10yrbands_y15_24,edu_aggregate_int,2024,11.645
blr,sex_f,age_10yrbands_y15_24,edu_aggregate_total,1999,43.47
blr,sex_f,age_10yrbands_y15_24,edu_aggregate_total,2009,36.61
blr,sex_f,age_10yrbands_y15_24,edu_aggregate_total,2015,2.433
blr,sex_f,age_10yrbands_y15_24,edu_aggregate_total,2016,19.857
blr,sex_f,age_10yrbands_y15_24,edu_aggregate_total,2017,17.666
blr,sex_f,age_10yrbands_y15_24,edu_aggregate_total,2018,17.45
blr,sex_f,age_10yrbands_y15_24,edu_aggregate_total,2019,14.939
blr,sex_f,age_10yrbands_y15_24,edu_aggregate_total,2020,19.594
blr,sex_f,age_10yrbands_y15_24,edu_aggregate_total,2021,17.767
blr,sex_f,age_10yrbands_y15_24,edu_aggregate_total,2022,17.651
blr,sex_f,age_10yrbands_y15_24,edu_aggregate_total,2023,15.111
blr,sex_f,age_10yrbands_y15_24,edu_aggregate_total,2024,15.671
blr,sex_f,age_10yrbands_y15_24,edu_isced97_total,2015,2.433
blr,sex_f,age_10yrbands_y25_34,edu_aggregate_adv,1999,4.96
blr,sex_f,age_10yrbands_y25_34,edu_aggregate_adv,2009,6.19
blr,sex_f,age_10yrbands_y25_34,edu_aggregate_adv,2016,9.199
blr,sex_f,age_10yrbands_y25_34,edu_aggregate_adv,2017,11.243
blr,sex_f,age_10yrbands_y25_34,edu_aggregate_adv,2018,8.948
blr,sex_f,age_10yrbands_y25_34,edu_aggregate_adv,2019,6.338
blr,sex_f,age_10yrbands_y25_34,edu_aggregate_adv,2020,10.701
blr,sex_f,age_10yrbands_y25_34,edu_aggregate_adv,2021,7.895
blr,sex_f,age_10yrbands_y25_34,edu_aggregate_adv,2022,7.162
blr,sex_f,age_10yrbands_y25_34,edu_aggregate_adv,2023,6.914
blr,sex_f,age_10yrbands_y25_34,edu_aggregate_adv,2024,6.772
blr,sex_f,age_10yrbands_y25_34,edu_aggregate_bas,1999,1.23
blr,sex_f,age_10yrbands_y25_34,edu_aggregate_bas,2009,1.32
blr,sex_f,age_10yrbands_y25_34,edu_aggregate_bas,2018,1.222
blr,sex_f,age_10yrbands_y25_34,edu_aggregate_int,1999,35.58
blr,sex_f,age_10yrbands_y25_34,edu_aggregate_int,2009,18.61
blr,sex_f,age_10yrbands_y25_34,edu_aggregate_int,2016,19.428
blr,sex_f,age_10yrbands_y25_34,edu_aggregate_int,2017,18.828
blr,sex_f,age_10yrbands_y25_34,edu_aggregate_int,2018,11.656
blr,sex_f,age_10yrbands_y25_34,edu_aggregate_int,2019,13.848
blr,sex_f,age_10yrbands_y25_34,edu_aggregate_int,2020,10.759
blr,sex_f,age_10yrbands_y25_34,edu_aggregate_int,2021,8.874
blr,sex_f,age_10yrbands_y25_34,edu_aggregate_int,2022,8.155
blr,sex_f,age_10yrbands_y25_34,edu_aggregate_int,2023,7.065
blr,sex_f,age_10yrbands_y25_34,edu_aggregate_int,2024,8.667
blr,sex_f,age_10yrbands_y25_34,edu_aggregate_ltb,2009,0.06
blr,sex_f,age_10yrbands_y25_34,edu_aggregate_total,1999,41.78
blr,sex_f,age_10yrbands_y25_34,edu_aggregate_total,2009,26.21
blr,sex_f,age_10yrbands_y25_34,edu_aggregate_total,2015,3.502
blr,sex_f,age_10yrbands_y25_34,edu_aggregate_total,2016,29.109
blr,sex_f,age_10yrbands_y25_34,edu_aggregate_total,2017,30.777
blr,sex_f,age_10yrbands_y25_34,edu_aggregate_total,2018,21.826
blr,sex_f,age_10yrbands_y25_34,edu_aggregate_total,2019,20.452
blr,sex_f,age_10yrbands_y25_34,edu_aggregate_total,2020,21.819
blr,sex_f,age_10yrbands_y25_34,edu_aggregate_total,2021,16.965
blr,sex_f,age_10yrbands_y25_34,edu_aggregate_total,2022,15.704
blr,sex_f,age_10yrbands_y25_34,edu_aggregate_total,2023,14.428
blr,sex_f,age_10yrbands_y25_34,edu_aggregate_total,2024,15.589
blr,sex_f,age_10yrbands_y25_34,edu_isced97_total,2015,3.502
blr,sex_f,age_10yrbands_y35_44,edu_aggregate_adv,1999,5.68
blr,sex_f,age_10yrbands_y35_44,edu_aggregate_adv,2009,3.49
blr,sex_f,age_10yrbands_y35_44,edu_aggregate_adv,2016,5.284
blr,sex_f,age_10yrbands_y35_44,edu_aggregate_adv,2017,4.994
blr,sex_f,age_10yrbands_y35_44,edu_aggregate_adv,2018,5.293
blr,sex_f,age_10yrbands_y35_44,edu_aggregate_adv,2019,5.327
blr,sex_f,age_10yrbands_y35_44,edu_aggregate_adv,2020,6.471
blr,sex_f,age_10yrbands_y35_44,edu_aggregate_adv,2021,5.738
blr,sex_f,age_10yrbands_y35_44,edu_aggregate_adv,2022,6.328
blr,sex_f,age_10yrbands_y35_44,edu_aggregate_adv,2023,6.64
blr,sex_f,age_10yrbands_y35_44,edu_aggregate_adv,2024,5.766
blr,sex_f,age_10yrbands_y35_44,edu_aggregate_bas,1999,1.22
blr,sex_f,age_10yrbands_y35_44,edu_aggregate_bas,2009,0.78
blr,sex_f,age_10yrbands_y35_44,edu_aggregate_bas,2017,1.024
blr,sex_f,age_10yrbands_y35_44,edu_aggregate_bas,2018,0.765
blr,sex_f,age_10yrbands_y35_44,edu_aggregate_bas,2019,1.008
blr,sex_f,age_10yrbands_y35_44,edu_aggregate_bas,2020,0.703
blr,sex_f,age_10yrbands_y35_44,edu_aggregate_bas,2021,0.825
blr,sex_f,age_10yrbands_y35_44,edu_aggregate_int,1999,31.37
blr,sex_f,age_10yrbands_y35_44,edu_aggregate_int,2009,15.97
blr,sex_f,age_10yrbands_y35_44,edu_aggregate_int,2016,16.021
blr,sex_f,age_10yrbands_y35_44,edu_aggregate_int,2017,14.447
blr,sex_f,age_10yrbands_y35_44,edu_aggregate_int,2018,12.701
blr,sex_f,age_10yrbands_y35_44,edu_aggregate_int,2019,13.665
blr,sex_f,age_10yrbands_y35_44,edu_aggregate_int,2020,11.092
blr,sex_f,age_10yrbands_y35_44,edu_aggregate_int,2021,10.273
blr,sex_f,age_10yrbands_y35_44,edu_aggregate_int,2022,9.858
blr,sex_f,age_10yrbands_y35_44,edu_aggregate_int,2023,8.828
blr,sex_f,age_10yrbands_y35_44,edu_aggregate_int,2024,8.908
blr,sex_f,age_10yrbands_y35_44,edu_aggregate_total,1999,38.28
blr,sex_f,age_10yrbands_y35_44,edu_aggregate_total,2009,20.26
blr,sex_f,age_10yrbands_y35_44,edu_aggregate_total,2015,3.849
blr,sex_f,age_10yrbands_y35_44,edu_aggregate_total,2016,21.849
blr,sex_f,age_10yrbands_y35_44,edu_aggregate_total,2017,20.465
blr,sex_f,age_10yrbands_y35_44,edu_aggregate_total,2018,18.759
blr,sex_f,age_10yrbands_y35_44,edu_aggregate_total,2019,19.999
blr,sex_f,age_10yrbands_y35_44,edu_aggregate_total,2020,18.266
blr,sex_f,age_10yrbands_y35_44,edu_aggregate_total,2021,16.836
blr,sex_f,age_10yrbands_y35_44,edu_aggregate_total,2022,16.55
blr,sex_f,age_10yrbands_y35_44,edu_aggregate_total,2023,15.772
blr,sex_f,age_10yrbands_y35_44,edu_aggregate_total,2024,15.082
blr,sex_f,age_10yrbands_y35_44,edu_isced97_total,2015,3.849
blr,sex_f,age_10yrbands_y45_54,edu_aggregate_adv,1999,2.87
blr,sex_f,age_10yrbands_y45_54,edu_aggregate_adv,2009,3.11
blr,sex_f,age_10yrbands_y45_54,edu_aggregate_adv,2016,2.717
blr,sex_f,age_10yrbands_y45_54,edu_aggregate_adv,2017,3.312
blr,sex_f,age_10yrbands_y45_54,edu_aggregate_adv,2018,3.474
blr,sex_f,age_10yrbands_y45_54,edu_aggregate_adv,2019,1.384
blr,sex_f,age_10yrbands_y45_54,edu_aggregate_adv,2020,2.425
blr,sex_f,age_10yrbands_y45_54,edu_aggregate_adv,2021,3.392
blr,sex_f,age_10yrbands_y45_54,edu_aggregate_adv,2022,2.786
blr,sex_f,age_10yrbands_y45_54,edu_aggregate_adv,2023,2.304
blr,sex_f,age_10yrbands_y45_54,edu_aggregate_adv,2024,3.292
blr,sex_f,age_10yrbands_y45_54,edu_aggregate_bas,1999,2.1
blr,sex_f,age_10yrbands_y45_54,edu_aggregate_bas,2009,0.7
blr,sex_f,age_10yrbands_y45_54,edu_aggregate_bas,2023,0.652
blr,sex_f,age_10yrbands_y45_54,edu_aggregate_int,1999,15.5
blr,sex_f,age_10yrbands_y45_54,edu_aggregate_int,2009,16.47
blr,sex_f,age_10yrbands_y45_54,edu_aggregate_int,2016,19.956
blr,sex_f,age_10yrbands_y45_54,edu_aggregate_int,2017,17.856
blr,sex_f,age_10yrbands_y45_54,edu_aggregate_int,2018,13.144
blr,sex_f,age_10yrbands_y45_54,edu_aggregate_int,2019,12.268
blr,sex_f,age_10yrbands_y45_54,edu_aggregate_int,2020,9.034
blr,sex_f,age_10yrbands_y45_54,edu_aggregate_int,2021,8.415
blr,sex_f,age_10yrbands_y45_54,edu_aggregate_int,2022,9.201
blr,sex_f,age_10yrbands_y45_54,edu_aggregate_int,2023,11.008
blr,sex_f,age_10yrbands_y45_54,edu_aggregate_int,2024,8.138
blr,sex_f,age_10yrbands_y45_54,edu_aggregate_total,1999,20.48
blr,sex_f,age_10yrbands_y45_54,edu_aggregate_total,2009,20.31
blr,sex_f,age_10yrbands_y45_54,edu_aggregate_total,2015,5.346
blr,sex_f,age_10yrbands_y45_54,edu_aggregate_total,2016,22.952
blr,sex_f,age_10yrbands_y45_54,edu_aggregate_total,2017,21.667
blr,sex_f,age_10yrbands_y45_54,edu_aggregate_total,2018,16.995
blr,sex_f,age_10yrbands_y45_54,edu_aggregate_total,2019,14.199
blr,sex_f,age_10yrbands_y45_54,edu_aggregate_total,2020,11.995
blr,sex_f,age_10yrbands_y45_54,edu_aggregate_total,2021,12.112
blr,sex_f,age_10yrbands_y45_54,edu_aggregate_total,2022,12.328
blr,sex_f,age_10yrbands_y45_54,edu_aggregate_total,2023,13.964
blr,sex_f,age_10yrbands_y45_54,edu_aggregate_total,2024,11.626
blr,sex_f,age_10yrbands_y45_54,edu_isced97_total,2015,5.346
blr,sex_f,age_10yrbands_y55_64,edu_aggregate_adv,1999,0.86
blr,sex_f,age_10yrbands_y55_64,edu_aggregate_adv,2009,1.35
blr,sex_f,age_10yrbands_y55_64,edu_aggregate_adv,2016,2.375
blr,sex_f,age_10yrbands_y55_64,edu_aggregate_adv,2017,3.227
blr,sex_f,age_10yrbands_y55_64,edu_aggregate_adv,2018,2.619
blr,sex_f,age_10yrbands_y55_64,edu_aggregate_adv,2019,1.452
blr,sex_f,age_10yrbands_y55_64,edu_aggregate_adv,2020,1.528
blr,sex_f,age_10yrbands_y55_64,edu_aggregate_adv,2021,1.985
blr,sex_f,age_10yrbands_y55_64,edu_aggregate_adv,2022,1.867
blr,sex_f,age_10yrbands_y55_64,edu_aggregate_adv,2023,1.925
blr,sex_f,age_10yrbands_y55_64,edu_aggregate_adv,2024,1.124
blr,sex_f,age_10yrbands_y55_64,edu_aggregate_bas,1999,1.06
blr,sex_f,age_10yrbands_y55_64,edu_aggregate_bas,2009,0.15
blr,sex_f,age_10yrbands_y55_64,edu_aggregate_int,1999,2.63
blr,sex_f,age_10yrbands_y55_64,edu_aggregate_int,2009,2.95
blr,sex_f,age_10yrbands_y55_64,edu_aggregate_int,2016,10.793
blr,sex_f,age_10yrbands_y55_64,edu_aggregate_int,2017,8.869
blr,sex_f,age_10yrbands_y55_64,edu_aggregate_int,2018,10.547
blr,sex_f,age_10yrbands_y55_64,edu_aggregate_int,2019,7.215
blr,sex_f,age_10yrbands_y55_64,edu_aggregate_int,2020,7.558
blr,sex_f,age_10yrbands_y55_64,edu_aggregate_int,2021,10.049
blr,sex_f,age_10yrbands_y55_64,edu_aggregate_int,2022,7.39
blr,sex_f,age_10yrbands_y55_64,edu_aggregate_int,2023,5.95
blr,sex_f,age_10yrbands_y55_64,edu_aggregate_int,2024,6.381
blr,sex_f,age_10yrbands_y55_64,edu_aggregate_total,1999,4.55
blr,sex_f,age_10yrbands_y55_64,edu_aggregate_total,2009,4.48
blr,sex_f,age_10yrbands_y55_64,edu_aggregate_total,2015,0.052
blr,sex_f,age_10yrbands_y55_64,edu_aggregate_total,2016,13.168
blr,sex_f,age_10yrbands_y55_64,edu_aggregate_total,2017,12.208
blr,sex_f,age_10yrbands_y55_64,edu_aggregate_total,2018,13.243
blr,sex_f,age_10yrbands_y55_64,edu_aggregate_total,2019,8.666
blr,sex_f,age_10yrbands_y55_64,edu_aggregate_total,2020,9.087
blr,sex_f,age_10yrbands_y55_64,edu_aggregate_total,2021,12.305
blr,sex_f,age_10yrbands_y55_64,edu_aggregate_total,2022,9.377
blr,sex_f,age_10yrbands_y55_64,edu_aggregate_total,2023,7.941
blr,sex_f,age_10yrbands_y55_64,edu_aggregate_total,2024,7.57
blr,sex_f,age_10yrbands_y55_64,edu_isced97_total,2015,0.052
blr,sex_f,age_10yrbands_yge65,edu_aggregate_adv,2009,0.2
blr,sex_f,age_10yrbands_yge65,edu_aggregate_adv,2018,0.796
blr,sex_f,age_10yrbands_yge65,edu_aggregate_adv,2020,0.818
blr,sex_f,age_10yrbands_yge65,edu_aggregate_bas,1999,0.07
blr,sex_f,age_10yrbands_yge65,edu_aggregate_bas,2009,0.17
blr,sex_f,age_10yrbands_yge65,edu_aggregate_int,2009,0.31
blr,sex_f,age_10yrbands_yge65,edu_aggregate_int,2017,1.025
blr,sex_f,age_10yrbands_yge65,edu_aggregate_int,2018,1.004
blr,sex_f,age_10yrbands_yge65,edu_aggregate_int,2019,2.325
blr,sex_f,age_10yrbands_yge65,edu_aggregate_int,2020,1.179
blr,sex_f,age_10yrbands_yge65,edu_aggregate_int,2021,1.189
blr,sex_f,age_10yrbands_yge65,edu_aggregate_int,2022,0.823
blr,sex_f,age_10yrbands_yge65,edu_aggregate_int,2023,1.694
blr,sex_f,age_10yrbands_yge65,edu_aggregate_int,2024,0.767
blr,sex_f,age_10yrbands_yge65,edu_aggregate_total,1999,0.09
blr,sex_f,age_10yrbands_yge65,edu_aggregate_total,2009,0.69
blr,sex_f,age_10yrbands_yge65,edu_aggregate_total,2016,0.866
blr,sex_f,age_10yrbands_yge65,edu_aggregate_total,2017,1.503
blr,sex_f,age_10yrbands_yge65,edu_aggregate_total,2018,1.8
blr,sex_f,age_10yrbands_yge65,edu_aggregate_total,2019,2.823
blr,sex_f,age_10yrbands_yge65,edu_aggregate_total,2020,1.997
blr,sex_f,age_10yrbands_yge65,edu_aggregate_total,2021,1.509
blr,sex_f,age_10yrbands_yge65,edu_aggregate_total,2022,1.369
blr,sex_f,age_10yrbands_yge65,edu_aggregate_total,2023,1.817
blr,sex_f,age_10yrbands_yge65,edu_aggregate_total,2024,0.989
blr,sex_f,age_aggregate_total,edu_aggregate_adv,1993,24.8
blr,sex_f,age_aggregate_total,edu_aggregate_adv,1994,40.3
blr,sex_f,age_aggregate_total,edu_aggregate_adv,1995,55.9
blr,sex_f,age_aggregate_total,edu_aggregate_adv,1996,79.6
blr,sex_f,age_aggregate_total,edu_aggregate_adv,1997,58.6
blr,sex_f,age_aggregate_total,edu_aggregate_adv,1998,51
blr,sex_f,age_aggregate_total,edu_aggregate_adv,1999,15.64
blr,sex_f,age_aggregate_total,edu_aggregate_adv,2000,43.3
blr,sex_f,age_aggregate_total,edu_aggregate_adv,2001,45
blr,sex_f,age_aggregate_total,edu_aggregate_adv,2002,57.4
blr,sex_f,age_aggregate_total,edu_aggregate_adv,2003,62.5
blr,sex_f,age_aggregate_total,edu_aggregate_adv,2004,26.7
blr,sex_f,age_aggregate_total,edu_aggregate_adv,2005,22
blr,sex_f,age_aggregate_total,edu_aggregate_adv,2006,15.9
blr,sex_f,age_aggregate_total,edu_aggregate_adv,2007,13.9
blr,sex_f,age_aggregate_total,edu_aggregate_adv,2008,10.8
blr,sex_f,age_aggregate_total,edu_aggregate_adv,2009,18.35
blr,sex_f,age_aggregate_total,edu_aggregate_adv,2015,5.826
blr,sex_f,age_aggregate_total,edu_aggregate_adv,2016,24.243
blr,sex_f,age_aggregate_total,edu_aggregate_adv,2017,26.333
blr,sex_f,age_aggregate_total,edu_aggregate_adv,2018,23.477
blr,sex_f,age_aggregate_total,edu_aggregate_adv,2019,18.1
blr,sex_f,age_aggregate_total,edu_aggregate_adv,2020,27.778
blr,sex_f,age_aggregate_total,edu_aggregate_adv,2021,21.717
blr,sex_f,age_aggregate_total,edu_aggregate_adv,2022,21.808
blr,sex_f,age_aggregate_total,edu_aggregate_adv,2023,20.303
blr,sex_f,age_aggregate_total,edu_aggregate_adv,2024,19.842
blr,sex_f,age_aggregate_total,edu_aggregate_bas,1993,8.1
blr,sex_f,age_aggregate_total,edu_aggregate_bas,1994,8.7
blr,sex_f,age_aggregate_total,edu_aggregate_bas,1995,8.9
blr,sex_f,age_aggregate_total,edu_aggregate_bas,1996,11
blr,sex_f,age_aggregate_total,edu_aggregate_bas,1997,7.4
blr,sex_f,age_aggregate_total,edu_aggregate_bas,1998,5.7
blr,sex_f,age_aggregate_total,edu_aggregate_bas,1999,11.64
blr,sex_f,age_aggregate_total,edu_aggregate_bas,2000,4.9
blr,sex_f,age_aggregate_total,edu_aggregate_bas,2001,5.3
blr,sex_f,age_aggregate_total,edu_aggregate_bas,2002,7.9
blr,sex_f,age_aggregate_total,edu_aggregate_bas,2003,8.3
blr,sex_f,age_aggregate_total,edu_aggregate_bas,2004,5.7
blr,sex_f,age_aggregate_total,edu_aggregate_bas,2005,4.8
blr,sex_f,age_aggregate_total,edu_aggregate_bas,2006,3.5
blr,sex_f,age_aggregate_total,edu_aggregate_bas,2007,2.8
blr,sex_f,age_aggregate_total,edu_aggregate_bas,2008,2.4
blr,sex_f,age_aggregate_total,edu_aggregate_bas,2009,5.51
blr,sex_f,age_aggregate_total,edu_aggregate_bas,2015,1.336
blr,sex_f,age_aggregate_total,edu_aggregate_bas,2016,1.697
blr,sex_f,age_aggregate_total,edu_aggregate_bas,2017,3.337
blr,sex_f,age_aggregate_total,edu_aggregate_bas,2018,2.999
blr,sex_f,age_aggregate_total,edu_aggregate_bas,2019,2.617
blr,sex_f,age_aggregate_total,edu_aggregate_bas,2020,2.501
blr,sex_f,age_aggregate_total,edu_aggregate_bas,2021,2.324
blr,sex_f,age_aggregate_total,edu_aggregate_bas,2022,3.197
blr,sex_f,age_aggregate_total,edu_aggregate_bas,2023,3.103
blr,sex_f,age_aggregate_total,edu_aggregate_bas,2024,2.179
blr,sex_f,age_aggregate_total,edu_aggregate_int,1993,11.1
blr,sex_f,age_aggregate_total,edu_aggregate_int,1994,15.5
blr,sex_f,age_aggregate_total,edu_aggregate_int,1995,19.5
blr,sex_f,age_aggregate_total,edu_aggregate_int,1996,25.8
blr,sex_f,age_aggregate_total,edu_aggregate_int,1997,18.1
blr,sex_f,age_aggregate_total,edu_aggregate_int,1998,13.9
blr,sex_f,age_aggregate_total,edu_aggregate_int,1999,121.33
blr,sex_f,age_aggregate_total,edu_aggregate_int,2000,10
blr,sex_f,age_aggregate_total,edu_aggregate_int,2001,11.7
blr,sex_f,age_aggregate_total,edu_aggregate_int,2002,17.4
blr,sex_f,age_aggregate_total,edu_aggregate_int,2003,19.2
blr,sex_f,age_aggregate_total,edu_aggregate_int,2004,25.1
blr,sex_f,age_aggregate_total,edu_aggregate_int,2005,20
blr,sex_f,age_aggregate_total,edu_aggregate_int,2006,14.9
blr,sex_f,age_aggregate_total,edu_aggregate_int,2007,12.2
blr,sex_f,age_aggregate_total,edu_aggregate_int,2008,9.4
blr,sex_f,age_aggregate_total,edu_aggregate_int,2009,84.45
blr,sex_f,age_aggregate_total,edu_aggregate_int,2015,8.02
blr,sex_f,age_aggregate_total,edu_aggregate_int,2016,81.861
blr,sex_f,age_aggregate_total,edu_aggregate_int,2017,74.617
blr,sex_f,age_aggregate_total,edu_aggregate_int,2018,63.597
blr,sex_f,age_aggregate_total,edu_aggregate_int,2019,60.361
blr,sex_f,age_aggregate_total,edu_aggregate_int,2020,52.479
blr,sex_f,age_aggregate_total,edu_aggregate_int,2021,53.354
blr,sex_f,age_aggregate_total,edu_aggregate_int,2022,47.974
blr,sex_f,age_aggregate_total,edu_aggregate_int,2023,45.497
blr,sex_f,age_aggregate_total,edu_aggregate_int,2024,44.505
blr,sex_f,age_aggregate_total,edu_aggregate_ltb,2009,0.12
blr,sex_f,age_aggregate_total,edu_aggregate_total,1993,44
blr,sex_f,age_aggregate_total,edu_aggregate_total,1994,64.5
blr,sex_f,age_aggregate_total,edu_aggregate_total,1995,84.3
blr,sex_f,age_aggregate_total,edu_aggregate_total,1996,116.4
blr,sex_f,age_aggregate_total,edu_aggregate_total,1997,84.1
blr,sex_f,age_aggregate_total,edu_aggregate_total,1998,70.6
blr,sex_f,age_aggregate_total,edu_aggregate_total,1999,148.65
blr,sex_f,age_aggregate_total,edu_aggregate_total,2000,58.2
blr,sex_f,age_aggregate_total,edu_aggregate_total,2001,62
blr,sex_f,age_aggregate_total,edu_aggregate_total,2002,82.7
blr,sex_f,age_aggregate_total,edu_aggregate_total,2003,90
blr,sex_f,age_aggregate_total,edu_aggregate_total,2004,57.5
blr,sex_f,age_aggregate_total,edu_aggregate_total,2005,46.8
blr,sex_f,age_aggregate_total,edu_aggregate_total,2006,34.3
blr,sex_f,age_aggregate_total,edu_aggregate_total,2007,28.9
blr,sex_f,age_aggregate_total,edu_aggregate_total,2008,22.6
blr,sex_f,age_aggregate_total,edu_aggregate_total,2009,108.56
blr,sex_f,age_aggregate_total,edu_aggregate_total,2015,15.182
blr,sex_f,age_aggregate_total,edu_aggregate_total,2016,107.8
blr,sex_f,age_aggregate_total,edu_aggregate_total,2017,104.287
blr,sex_f,age_aggregate_total,edu_aggregate_total,2018,90.073
blr,sex_f,age_aggregate_total,edu_aggregate_total,2019,81.079
blr,sex_f,age_aggregate_total,edu_aggregate_total,2020,82.758
blr,sex_f,age_aggregate_total,edu_aggregate_total,2021,77.495
blr,sex_f,age_aggregate_total,edu_aggregate_total,2022,72.979
blr,sex_f,age_aggregate_total,edu_aggregate_total,2023,69.033
blr,sex_f,age_aggregate_total,edu_aggregate_total,2024,66.526
blr,sex_f,age_aggregate_total,edu_aggregate_x,2009,0.13
blr,sex_f,age_aggregate_total,edu_isced97_2,2015,1.336
blr,sex_f,age_aggregate_total,edu_isced97_3,2015,4.106
blr,sex_f,age_aggregate_total,edu_isced97_4,2015,3.914
blr,sex_f,age_aggregate_total,edu_isced97_5,2015,5.826
blr,sex_f,age_aggregate_total,edu_isced97_total,2015,15.182
blr,sex_f,age_aggregate_y15_24,edu_aggregate_adv,1999,1.27
blr,sex_f,age_aggregate_y15_24,edu_aggregate_adv,2009,4.01
blr,sex_f,age_aggregate_y15_24,edu_aggregate_adv,2016,4.091
blr,sex_f,age_aggregate_y15_24,edu_aggregate_adv,2017,3.078
blr,sex_f,age_aggregate_y15_24,edu_aggregate_adv,2018,2.348
blr,sex_f,age_aggregate_y15_24,edu_aggregate_adv,2019,3.212
blr,sex_f,age_aggregate_y15_24,edu_aggregate_adv,2020,5.833
blr,sex_f,age_aggregate_y15_24,edu_aggregate_adv,2021,2.386
blr,sex_f,age_aggregate_y15_24,edu_aggregate_adv,2022,3.285
blr,sex_f,age_aggregate_y15_24,edu_aggregate_adv,2023,2.398
blr,sex_f,age_aggregate_y15_24,edu_aggregate_adv,2024,2.666
blr,sex_f,age_aggregate_y15_24,edu_aggregate_bas,1999,5.96
blr,sex_f,age_aggregate_y15_24,edu_aggregate_bas,2009,2.39
blr,sex_f,age_aggregate_y15_24,edu_aggregate_bas,2017,0.996
blr,sex_f,age_aggregate_y15_24,edu_aggregate_bas,2021,0.826
blr,sex_f,age_aggregate_y15_24,edu_aggregate_bas,2022,1.819
blr,sex_f,age_aggregate_y15_24,edu_aggregate_bas,2023,1.762
blr,sex_f,age_aggregate_y15_24,edu_aggregate_bas,2024,1.36
blr,sex_f,age_aggregate_y15_24,edu_aggregate_int,1999,36.23
blr,sex_f,age_aggregate_y15_24,edu_aggregate_int,2009,30.14
blr,sex_f,age_aggregate_y15_24,edu_aggregate_int,2016,15.375
blr,sex_f,age_aggregate_y15_24,edu_aggregate_int,2017,13.592
blr,sex_f,age_aggregate_y15_24,edu_aggregate_int,2018,14.545
blr,sex_f,age_aggregate_y15_24,edu_aggregate_int,2019,11.041
blr,sex_f,age_aggregate_y15_24,edu_aggregate_int,2020,12.857
blr,sex_f,age_aggregate_y15_24,edu_aggregate_int,2021,14.555
blr,sex_f,age_aggregate_y15_24,edu_aggregate_int,2022,12.547
blr,sex_f,age_aggregate_y15_24,edu_aggregate_int,2023,10.951
blr,sex_f,age_aggregate_y15_24,edu_aggregate_int,2024,11.645
blr,sex_f,age_aggregate_y15_24,edu_aggregate_total,1999,43.47
blr,sex_f,age_aggregate_y15_24,edu_aggregate_total,2009,36.61
blr,sex_f,age_aggregate_y15_24,edu_aggregate_total,2015,2.433
blr,sex_f,age_aggregate_y15_24,edu_aggregate_total,2016,19.857
blr,sex_f,age_aggregate_y15_24,edu_aggregate_total,2017,17.666
blr,sex_f,age_aggregate_y15_24,edu_aggregate_total,2018,17.45
blr,sex_f,age_aggregate_y15_24,edu_aggregate_total,2019,14.939
blr,sex_f,age_aggregate_y15_24,edu_aggregate_total,2020,19.594
blr,sex_f,age_aggregate_y15_24,edu_aggregate_total,2021,17.767
blr,sex_f,age_aggregate_y15_24,edu_aggregate_total,2022,17.651
blr,sex_f,age_aggregate_y15_24,edu_aggregate_total,2023,15.111
blr,sex_f,age_aggregate_y15_24,edu_aggregate_total,2024,15.671
blr,sex_f,age_aggregate_y15_24,edu_isced97_total,2015,2.433
blr,sex_f,age_aggregate_y25_54,edu_aggregate_adv,1999,13.51
blr,sex_f,age_aggregate_y25_54,edu_aggregate_adv,2009,12.79
blr,sex_f,age_aggregate_y25_54,edu_aggregate_adv,2016,17.199
blr,sex_f,age_aggregate_y25_54,edu_aggregate_adv,2017,19.549
blr,sex_f,age_aggregate_y25_54,edu_aggregate_adv,2018,17.715
blr,sex_f,age_aggregate_y25_54,edu_aggregate_adv,2019,13.049
blr,sex_f,age_aggregate_y25_54,edu_aggregate_adv,2020,19.598
blr,sex_f,age_aggregate_y25_54,edu_aggregate_adv,2021,17.026
blr,sex_f,age_aggregate_y25_54,edu_aggregate_adv,2022,16.276
blr,sex_f,age_aggregate_y25_54,edu_aggregate_adv,2023,15.858
blr,sex_f,age_aggregate_y25_54,edu_aggregate_adv,2024,15.83
blr,sex_f,age_aggregate_y25_54,edu_aggregate_bas,1999,4.55
blr,sex_f,age_aggregate_y25_54,edu_aggregate_bas,2009,2.8
blr,sex_f,age_aggregate_y25_54,edu_aggregate_bas,2016,1.306
blr,sex_f,age_aggregate_y25_54,edu_aggregate_bas,2017,2.228
blr,sex_f,age_aggregate_y25_54,edu_aggregate_bas,2018,2.364
blr,sex_f,age_aggregate_y25_54,edu_aggregate_bas,2019,1.82
blr,sex_f,age_aggregate_y25_54,edu_aggregate_bas,2020,1.597
blr,sex_f,age_aggregate_y25_54,edu_aggregate_bas,2021,1.326
blr,sex_f,age_aggregate_y25_54,edu_aggregate_bas,2022,1.092
blr,sex_f,age_aggregate_y25_54,edu_aggregate_bas,2023,1.275
blr,sex_f,age_aggregate_y25_54,edu_aggregate_bas,2024,0.752
blr,sex_f,age_aggregate_y25_54,edu_aggregate_int,1999,82.45
blr,sex_f,age_aggregate_y25_54,edu_aggregate_int,2009,51.05
blr,sex_f,age_aggregate_y25_54,edu_aggregate_int,2016,55.406
blr,sex_f,age_aggregate_y25_54,edu_aggregate_int,2017,51.131
blr,sex_f,age_aggregate_y25_54,edu_aggregate_int,2018,37.501
blr,sex_f,age_aggregate_y25_54,edu_aggregate_int,2019,39.781
blr,sex_f,age_aggregate_y25_54,edu_aggregate_int,2020,30.884
blr,sex_f,age_aggregate_y25_54,edu_aggregate_int,2021,27.561
blr,sex_f,age_aggregate_y25_54,edu_aggregate_int,2022,27.214
blr,sex_f,age_aggregate_y25_54,edu_aggregate_int,2023,26.902
blr,sex_f,age_aggregate_y25_54,edu_aggregate_int,2024,25.714
blr,sex_f,age_aggregate_y25_54,edu_aggregate_ltb,2009,0.07
blr,sex_f,age_aggregate_y25_54,edu_aggregate_total,1999,100.54
blr,sex_f,age_aggregate_y25_54,edu_aggregate_total,2009,66.78
blr,sex_f,age_aggregate_y25_54,edu_aggregate_total,2015,12.697
blr,sex_f,age_aggregate_y25_54,edu_aggregate_total,2016,73.91
blr,sex_f,age_aggregate_y25_54,edu_aggregate_total,2017,72.909
blr,sex_f,age_aggregate_y25_54,edu_aggregate_total,2018,57.58
blr,sex_f,age_aggregate_y25_54,edu_aggregate_total,2019,54.65
blr,sex_f,age_aggregate_y25_54,edu_aggregate_total,2020,52.08
blr,sex_f,age_aggregate_y25_54,edu_aggregate_total,2021,45.913
blr,sex_f,age_aggregate_y25_54,edu_aggregate_total,2022,44.582
blr,sex_f,age_aggregate_y25_54,edu_aggregate_total,2023,44.165
blr,sex_f,age_aggregate_y25_54,edu_aggregate_total,2024,42.296
blr,sex_f,age_aggregate_y25_54,edu_aggregate_x,2009,0.07
blr,sex_f,age_aggregate_y25_54,edu_isced97_total,2015,12.697
blr,sex_f,age_aggregate_y55_64,edu_aggregate_adv,1999,0.86
blr,sex_f,age_aggregate_y55_64,edu_aggregate_adv,2009,1.35
blr,sex_f,age_aggregate_y55_64,edu_aggregate_adv,2016,2.375
blr,sex_f,age_aggregate_y55_64,edu_aggregate_adv,2017,3.227
blr,sex_f,age_aggregate_y55_64,edu_aggregate_adv,2018,2.619
blr,sex_f,age_aggregate_y55_64,edu_aggregate_adv,2019,1.452
blr,sex_f,age_aggregate_y55_64,edu_aggregate_adv,2020,1.528
blr,sex_f,age_aggregate_y55_64,edu_aggregate_adv,2021,1.985
blr,sex_f,age_aggregate_y55_64,edu_aggregate_adv,2022,1.867
blr,sex_f,age_aggregate_y55_64,edu_aggregate_adv,2023,1.925
blr,sex_f,age_aggregate_y55_64,edu_aggregate_adv,2024,1.124
blr,sex_f,age_aggregate_y55_64,edu_aggregate_bas,1999,1.06
blr,sex_f,age_aggregate_y55_64,edu_aggregate_bas,2009,0.15
blr,sex_f,age_aggregate_y55_64,edu_aggregate_int,1999,2.63
blr,sex_f,age_aggregate_y55_64,edu_aggregate_int,2009,2.95
blr,sex_f,age_aggregate_y55_64,edu_aggregate_int,2016,10.793
blr,sex_f,age_aggregate_y55_64,edu_aggregate_int,2017,8.869
blr,sex_f,age_aggregate_y55_64,edu_aggregate_int,2018,10.547
blr,sex_f,age_aggregate_y55_64,edu_aggregate_int,2019,7.215
blr,sex_f,age_aggregate_y55_64,edu_aggregate_int,2020,7.558
blr,sex_f,age_aggregate_y55_64,edu_aggregate_int,2021,10.049
blr,sex_f,age_aggregate_y55_64,edu_aggregate_int,2022,7.39
blr,sex_f,age_aggregate_y55_64,edu_aggregate_int,2023,5.95
blr,sex_f,age_aggregate_y55_64,edu_aggregate_int,2024,6.381
blr,sex_f,age_aggregate_y55_64,edu_aggregate_total,1999,4.55
blr,sex_f,age_aggregate_y55_64,edu_aggregate_total,2009,4.48
blr,sex_f,age_aggregate_y55_64,edu_aggregate_total,2015,0.052
blr,sex_f,age_aggregate_y55_64,edu_aggregate_total,2016,13.168
blr,sex_f,age_aggregate_y55_64,edu_aggregate_total,2017,12.208
blr,sex_f,age_aggregate_y55_64,edu_aggregate_total,2018,13.243
blr,sex_f,age_aggregate_y55_64,edu_aggregate_total,2019,8.666
blr,sex_f,age_aggregate_y55_64,edu_aggregate_total,2020,9.087
blr,sex_f,age_aggregate_y55_64,edu_aggregate_total,2021,12.305
blr,sex_f,age_aggregate_y55_64,edu_aggregate_total,2022,9.377
blr,sex_f,age_aggregate_y55_64,edu_aggregate_total,2023,7.941
blr,sex_f,age_aggregate_y55_64,edu_aggregate_total,2024,7.57
blr,sex_f,age_aggregate_y55_64,edu_isced97_total,2015,0.052
blr,sex_f,age_aggregate_yge65,edu_aggregate_adv,2009,0.2
blr,sex_f,age_aggregate_yge65,edu_aggregate_adv,2018,0.796
blr,sex_f,age_aggregate_yge65,edu_aggregate_adv,2020,0.818
blr,sex_f,age_aggregate_yge65,edu_aggregate_bas,1999,0.07
blr,sex_f,age_aggregate_yge65,edu_aggregate_bas,2009,0.17
blr,sex_f,age_aggregate_yge65,edu_aggregate_int,2009,0.31
blr,sex_f,age_aggregate_yge65,edu_aggregate_int,2017,1.025
blr,sex_f,age_aggregate_yge65,edu_aggregate_int,2018,1.004
blr,sex_f,age_aggregate_yge65,edu_aggregate_int,2019,2.325
blr,sex_f,age_aggregate_yge65,edu_aggregate_int,2020,1.179
blr,sex_f,age_aggregate_yge65,edu_aggregate_int,2021,1.189
blr,sex_f,age_aggregate_yge65,edu_aggregate_int,2022,0.823
blr,sex_f,age_aggregate_yge65,edu_aggregate_int,2023,1.694
blr,sex_f,age_aggregate_yge65,edu_aggregate_int,2024,0.767
blr,sex_f,age_aggregate_yge65,edu_aggregate_total,1999,0.09
blr,sex_f,age_aggregate_yge65,edu_aggregate_total,2009,0.69
blr,sex_f,age_aggregate_yge65,edu_aggregate_total,2016,0.866
blr,sex_f,age_aggregate_yge65,edu_aggregate_total,2017,1.503
blr,sex_f,age_aggregate_yge65,edu_aggregate_total,2018,1.8
blr,sex_f,age_aggregate_yge65,edu_aggregate_total,2019,2.823
blr,sex_f,age_aggregate_yge65,edu_aggregate_total,2020,1.997
blr,sex_f,age_aggregate_yge65,edu_aggregate_total,2021,1.509
blr,sex_f,age_aggregate_yge65,edu_aggregate_total,2022,1.369
blr,sex_f,age_aggregate_yge65,edu_aggregate_total,2023,1.817
blr,sex_f,age_aggregate_yge65,edu_aggregate_total,2024,0.989
blr,sex_f,age_ythadult_y15_24,edu_aggregate_adv,1999,1.27
blr,sex_f,age_ythadult_y15_24,edu_aggregate_adv,2009,4.01
blr,sex_f,age_ythadult_y15_24,edu_aggregate_adv,2016,4.091
blr,sex_f,age_ythadult_y15_24,edu_aggregate_adv,2017,3.078
blr,sex_f,age_ythadult_y15_24,edu_aggregate_adv,2018,2.348
blr,sex_f,age_ythadult_y15_24,edu_aggregate_adv,2019,3.212
blr,sex_f,age_ythadult_y15_24,edu_aggregate_adv,2020,5.833
blr,sex_f,age_ythadult_y15_24,edu_aggregate_adv,2021,2.386
blr,sex_f,age_ythadult_y15_24,edu_aggregate_adv,2022,3.285
blr,sex_f,age_ythadult_y15_24,edu_aggregate_adv,2023,2.398
blr,sex_f,age_ythadult_y15_24,edu_aggregate_adv,2024,2.666
blr,sex_f,age_ythadult_y15_24,edu_aggregate_bas,1999,5.96
blr,sex_f,age_ythadult_y15_24,edu_aggregate_bas,2009,2.39
blr,sex_f,age_ythadult_y15_24,edu_aggregate_bas,2017,0.996
blr,sex_f,age_ythadult_y15_24,edu_aggregate_bas,2021,0.826
blr,sex_f,age_ythadult_y15_24,edu_aggregate_bas,2022,1.819
blr,sex_f,age_ythadult_y15_24,edu_aggregate_bas,2023,1.762
blr,sex_f,age_ythadult_y15_24,edu_aggregate_bas,2024,1.36
blr,sex_f,age_ythadult_y15_24,edu_aggregate_int,1999,36.23
blr,sex_f,age_ythadult_y15_24,edu_aggregate_int,2009,30.14
blr,sex_f,age_ythadult_y15_24,edu_aggregate_int,2016,15.375
blr,sex_f,age_ythadult_y15_24,edu_aggregate_int,2017,13.592
blr,sex_f,age_ythadult_y15_24,edu_aggregate_int,2018,14.545
blr,sex_f,age_ythadult_y15_24,edu_aggregate_int,2019,11.041
blr,sex_f,age_ythadult_y15_24,edu_aggregate_int,2020,12.857
blr,sex_f,age_ythadult_y15_24,edu_aggregate_int,2021,14.555
blr,sex_f,age_ythadult_y15_24,edu_aggregate_int,2022,12.547
blr,sex_f,age_ythadult_y15_24,edu_aggregate_int,2023,10.951
blr,sex_f,age_ythadult_y15_24,edu_aggregate_int,2024,11.645
blr,sex_f,age_ythadult_y15_24,edu_aggregate_total,1999,43.47
blr,sex_f,age_ythadult_y15_24,edu_aggregate_total,2009,36.61
blr,sex_f,age_ythadult_y15_24,edu_aggregate_total,2015,2.433
blr,sex_f,age_ythadult_y15_24,edu_aggregate_total,2016,19.857
blr,sex_f,age_ythadult_y15_24,edu_aggregate_total,2017,17.666
blr,sex_f,age_ythadult_y15_24,edu_aggregate_total,2018,17.45
blr,sex_f,age_ythadult_y15_24,edu_aggregate_total,2019,14.939
blr,sex_f,age_ythadult_y15_24,edu_aggregate_total,2020,19.594
blr,sex_f,age_ythadult_y15_24,edu_aggregate_total,2021,17.767
blr,sex_f,age_ythadult_y15_24,edu_aggregate_total,2022,17.651
blr,sex_f,age_ythadult_y15_24,edu_aggregate_total,2023,15.111
blr,sex_f,age_ythadult_y15_24,edu_aggregate_total,2024,15.671
blr,sex_f,age_ythadult_y15_24,edu_isced97_total,2015,2.433
blr,sex_f,age_ythadult_y15_64,edu_aggregate_adv,1999,15.64
blr,sex_f,age_ythadult_y15_64,edu_aggregate_adv,2009,18.15
blr,sex_f,age_ythadult_y15_64,edu_aggregate_adv,2016,23.665
blr,sex_f,age_ythadult_y15_64,edu_aggregate_adv,2017,25.855
blr,sex_f,age_ythadult_y15_64,edu_aggregate_adv,2018,22.681
blr,sex_f,age_ythadult_y15_64,edu_aggregate_adv,2019,17.712
blr,sex_f,age_ythadult_y15_64,edu_aggregate_adv,2020,26.96
blr,sex_f,age_ythadult_y15_64,edu_aggregate_adv,2021,21.396
blr,sex_f,age_ythadult_y15_64,edu_aggregate_adv,2022,21.428
blr,sex_f,age_ythadult_y15_64,edu_aggregate_adv,2023,20.181
blr,sex_f,age_ythadult_y15_64,edu_aggregate_adv,2024,19.62
blr,sex_f,age_ythadult_y15_64,edu_aggregate_bas,1999,11.57
blr,sex_f,age_ythadult_y15_64,edu_aggregate_bas,2009,5.34
blr,sex_f,age_ythadult_y15_64,edu_aggregate_bas,2016,1.697
blr,sex_f,age_ythadult_y15_64,edu_aggregate_bas,2017,3.337
blr,sex_f,age_ythadult_y15_64,edu_aggregate_bas,2018,2.999
blr,sex_f,age_ythadult_y15_64,edu_aggregate_bas,2019,2.507
blr,sex_f,age_ythadult_y15_64,edu_aggregate_bas,2020,2.501
blr,sex_f,age_ythadult_y15_64,edu_aggregate_bas,2021,2.324
blr,sex_f,age_ythadult_y15_64,edu_aggregate_bas,2022,3.03
blr,sex_f,age_ythadult_y15_64,edu_aggregate_bas,2023,3.103
blr,sex_f,age_ythadult_y15_64,edu_aggregate_bas,2024,2.179
blr,sex_f,age_ythadult_y15_64,edu_aggregate_int,1999,121.31
blr,sex_f,age_ythadult_y15_64,edu_aggregate_int,2009,84.14
blr,sex_f,age_ythadult_y15_64,edu_aggregate_int,2016,81.573
blr,sex_f,age_ythadult_y15_64,edu_aggregate_int,2017,73.592
blr,sex_f,age_ythadult_y15_64,edu_aggregate_int,2018,62.592
blr,sex_f,age_ythadult_y15_64,edu_aggregate_int,2019,58.036
blr,sex_f,age_ythadult_y15_64,edu_aggregate_int,2020,51.3
blr,sex_f,age_ythadult_y15_64,edu_aggregate_int,2021,52.166
blr,sex_f,age_ythadult_y15_64,edu_aggregate_int,2022,47.151
blr,sex_f,age_ythadult_y15_64,edu_aggregate_int,2023,43.803
blr,sex_f,age_ythadult_y15_64,edu_aggregate_int,2024,43.739
blr,sex_f,age_ythadult_y15_64,edu_aggregate_total,1999,148.56
blr,sex_f,age_ythadult_y15_64,edu_aggregate_total,2009,107.87
blr,sex_f,age_ythadult_y15_64,edu_aggregate_total,2015,15.182
blr,sex_f,age_ythadult_y15_64,edu_aggregate_total,2016,106.934
blr,sex_f,age_ythadult_y15_64,edu_aggregate_total,2017,102.783
blr,sex_f,age_ythadult_y15_64,edu_aggregate_total,2018,88.273
blr,sex_f,age_ythadult_y15_64,edu_aggregate_total,2019,78.256
blr,sex_f,age_ythadult_y15_64,edu_aggregate_total,2020,80.761
blr,sex_f,age_ythadult_y15_64,edu_aggregate_total,2021,75.986
blr,sex_f,age_ythadult_y15_64,edu_aggregate_total,2022,71.609
blr,sex_f,age_ythadult_y15_64,edu_aggregate_total,2023,67.216
blr,sex_f,age_ythadult_y15_64,edu_aggregate_total,2024,65.537
blr,sex_f,age_ythadult_y15_64,edu_aggregate_x,2009,0.13
blr,sex_f,age_ythadult_y15_64,edu_isced97_total,2015,15.182
blr,sex_f,age_ythadult_yge15,edu_aggregate_adv,1993,24.8
blr,sex_f,age_ythadult_yge15,edu_aggregate_adv,1994,40.3
blr,sex_f,age_ythadult_yge15,edu_aggregate_adv,1995,55.9
blr,sex_f,age_ythadult_yge15,edu_aggregate_adv,1996,79.6
blr,sex_f,age_ythadult_yge15,edu_aggregate_adv,1997,58.6
blr,sex_f,age_ythadult_yge15,edu_aggregate_adv,1998,51
blr,sex_f,age_ythadult_yge15,edu_aggregate_adv,1999,15.64
blr,sex_f,age_ythadult_yge15,edu_aggregate_adv,2000,43.3
blr,sex_f,age_ythadult_yge15,edu_aggregate_adv,2001,45
blr,sex_f,age_ythadult_yge15,edu_aggregate_adv,2002,57.4
blr,sex_f,age_ythadult_yge15,edu_aggregate_adv,2003,62.5
blr,sex_f,age_ythadult_yge15,edu_aggregate_adv,2004,26.7
blr,sex_f,age_ythadult_yge15,edu_aggregate_adv,2005,22
blr,sex_f,age_ythadult_yge15,edu_aggregate_adv,2006,15.9
blr,sex_f,age_ythadult_yge15,edu_aggregate_adv,2007,13.9
blr,sex_f,age_ythadult_yge15,edu_aggregate_adv,2008,10.8
blr,sex_f,age_ythadult_yge15,edu_aggregate_adv,2009,18.35
blr,sex_f,age_ythadult_yge15,edu_aggregate_adv,2015,5.826
blr,sex_f,age_ythadult_yge15,edu_aggregate_adv,2016,24.243
blr,sex_f,age_ythadult_yge15,edu_aggregate_adv,2017,26.333
blr,sex_f,age_ythadult_yge15,edu_aggregate_adv,2018,23.477
blr,sex_f,age_ythadult_yge15,edu_aggregate_adv,2019,18.1
blr,sex_f,age_ythadult_yge15,edu_aggregate_adv,2020,27.778
blr,sex_f,age_ythadult_yge15,edu_aggregate_adv,2021,21.717
blr,sex_f,age_ythadult_yge15,edu_aggregate_adv,2022,21.808
blr,sex_f,age_ythadult_yge15,edu_aggregate_adv,2023,20.303
blr,sex_f,age_ythadult_yge15,edu_aggregate_adv,2024,19.842
blr,sex_f,age_ythadult_yge15,edu_aggregate_bas,1993,8.1
blr,sex_f,age_ythadult_yge15,edu_aggregate_bas,1994,8.7
blr,sex_f,age_ythadult_yge15,edu_aggregate_bas,1995,8.9
blr,sex_f,age_ythadult_yge15,edu_aggregate_bas,1996,11
blr,sex_f,age_ythadult_yge15,edu_aggregate_bas,1997,7.4
blr,sex_f,age_ythadult_yge15,edu_aggregate_bas,1998,5.7
blr,sex_f,age_ythadult_yge15,edu_aggregate_bas,1999,11.64
blr,sex_f,age_ythadult_yge15,edu_aggregate_bas,2000,4.9
blr,sex_f,age_ythadult_yge15,edu_aggregate_bas,2001,5.3
blr,sex_f,age_ythadult_yge15,edu_aggregate_bas,2002,7.9
blr,sex_f,age_ythadult_yge15,edu_aggregate_bas,2003,8.3
blr,sex_f,age_ythadult_yge15,edu_aggregate_bas,2004,5.7
blr,sex_f,age_ythadult_yge15,edu_aggregate_bas,2005,4.8
blr,sex_f,age_ythadult_yge15,edu_aggregate_bas,2006,3.5
blr,sex_f,age_ythadult_yge15,edu_aggregate_bas,2007,2.8
blr,sex_f,age_ythadult_yge15,edu_aggregate_bas,2008,2.4
blr,sex_f,age_ythadult_yge15,edu_aggregate_bas,2009,5.51
blr,sex_f,age_ythadult_yge15,edu_aggregate_bas,2015,1.336
blr,sex_f,age_ythadult_yge15,edu_aggregate_bas,2016,1.697
blr,sex_f,age_ythadult_yge15,edu_aggregate_bas,2017,3.337
blr,sex_f,age_ythadult_yge15,edu_aggregate_bas,2018,2.999
blr,sex_f,age_ythadult_yge15,edu_aggregate_bas,2019,2.617
blr,sex_f,age_ythadult_yge15,edu_aggregate_bas,2020,2.501
blr,sex_f,age_ythadult_yge15,edu_aggregate_bas,2021,2.324
blr,sex_f,age_ythadult_yge15,edu_aggregate_bas,2022,3.197
blr,sex_f,age_ythadult_yge15,edu_aggregate_bas,2023,3.103
blr,sex_f,age_ythadult_yge15,edu_aggregate_bas,2024,2.179
blr,sex_f,age_ythadult_yge15,edu_aggregate_int,1993,11.1
blr,sex_f,age_ythadult_yge15,edu_aggregate_int,1994,15.5
blr,sex_f,age_ythadult_yge15,edu_aggregate_int,1995,19.5
blr,sex_f,age_ythadult_yge15,edu_aggregate_int,1996,25.8
blr,sex_f,age_ythadult_yge15,edu_aggregate_int,1997,18.1
blr,sex_f,age_ythadult_yge15,edu_aggregate_int,1998,13.9
blr,sex_f,age_ythadult_yge15,edu_aggregate_int,1999,121.33
blr,sex_f,age_ythadult_yge15,edu_aggregate_int,2000,10
blr,sex_f,age_ythadult_yge15,edu_aggregate_int,2001,11.7
blr,sex_f,age_ythadult_yge15,edu_aggregate_int,2002,17.4
blr,sex_f,age_ythadult_yge15,edu_aggregate_int,2003,19.2
blr,sex_f,age_ythadult_yge15,edu_aggregate_int,2004,25.1
blr,sex_f,age_ythadult_yge15,edu_aggregate_int,2005,20
blr,sex_f,age_ythadult_yge15,edu_aggregate_int,2006,14.9
blr,sex_f,age_ythadult_yge15,edu_aggregate_int,2007,12.2
blr,sex_f,age_ythadult_yge15,edu_aggregate_int,2008,9.4
blr,sex_f,age_ythadult_yge15,edu_aggregate_int,2009,84.45
blr,sex_f,age_ythadult_yge15,edu_aggregate_int,2015,8.02
blr,sex_f,age_ythadult_yge15,edu_aggregate_int,2016,81.861
blr,sex_f,age_ythadult_yge15,edu_aggregate_int,2017,74.617
blr,sex_f,age_ythadult_yge15,edu_aggregate_int,2018,63.597
blr,sex_f,age_ythadult_yge15,edu_aggregate_int,2019,60.361
blr,sex_f,age_ythadult_yge15,edu_aggregate_int,2020,52.479
blr,sex_f,age_ythadult_yge15,edu_aggregate_int,2021,53.354
blr,sex_f,age_ythadult_yge15,edu_aggregate_int,2022,47.974
blr,sex_f,age_ythadult_yge15,edu_aggregate_int,2023,45.497
blr,sex_f,age_ythadult_yge15,edu_aggregate_int,2024,44.505
blr,sex_f,age_ythadult_yge15,edu_aggregate_ltb,2009,0.12
blr,sex_f,age_ythadult_yge15,edu_aggregate_total,1993,44
blr,sex_f,age_ythadult_yge15,edu_aggregate_total,1994,64.5
blr,sex_f,age_ythadult_yge15,edu_aggregate_total,1995,84.3
blr,sex_f,age_ythadult_yge15,edu_aggregate_total,1996,116.4
blr,sex_f,age_ythadult_yge15,edu_aggregate_total,1997,84.1
blr,sex_f,age_ythadult_yge15,edu_aggregate_total,1998,70.6
blr,sex_f,age_ythadult_yge15,edu_aggregate_total,1999,148.65
blr,sex_f,age_ythadult_yge15,edu_aggregate_total,2000,58.2
blr,sex_f,age_ythadult_yge15,edu_aggregate_total,2001,62
blr,sex_f,age_ythadult_yge15,edu_aggregate_total,2002,82.7
blr,sex_f,age_ythadult_yge15,edu_aggregate_total,2003,90
blr,sex_f,age_ythadult_yge15,edu_aggregate_total,2004,57.5
blr,sex_f,age_ythadult_yge15,edu_aggregate_total,2005,46.8
blr,sex_f,age_ythadult_yge15,edu_aggregate_total,2006,34.3
blr,sex_f,age_ythadult_yge15,edu_aggregate_total,2007,28.9
blr,sex_f,age_ythadult_yge15,edu_aggregate_total,2008,22.6
blr,sex_f,age_ythadult_yge15,edu_aggregate_total,2009,108.56
blr,sex_f,age_ythadult_yge15,edu_aggregate_total,2015,15.182
blr,sex_f,age_ythadult_yge15,edu_aggregate_total,2016,107.8
blr,sex_f,age_ythadult_yge15,edu_aggregate_total,2017,104.287
blr,sex_f,age_ythadult_yge15,edu_aggregate_total,2018,90.073
blr,sex_f,age_ythadult_yge15,edu_aggregate_total,2019,81.079
blr,sex_f,age_ythadult_yge15,edu_aggregate_total,2020,82.758
blr,sex_f,age_ythadult_yge15,edu_aggregate_total,2021,77.495
blr,sex_f,age_ythadult_yge15,edu_aggregate_total,2022,72.979
blr,sex_f,age_ythadult_yge15,edu_aggregate_total,2023,69.033
blr,sex_f,age_ythadult_yge15,edu_aggregate_total,2024,66.526
blr,sex_f,age_ythadult_yge15,edu_aggregate_x,2009,0.13
blr,sex_f,age_ythadult_yge15,edu_isced97_2,2015,1.336
blr,sex_f,age_ythadult_yge15,edu_isced97_3,2015,4.106
blr,sex_f,age_ythadult_yge15,edu_isced97_4,2015,3.914
blr,sex_f,age_ythadult_yge15,edu_isced97_5,2015,5.826
blr,sex_f,age_ythadult_yge15,edu_isced97_total,2015,15.182
blr,sex_f,age_ythadult_yge25,edu_aggregate_adv,1999,14.37
blr,sex_f,age_ythadult_yge25,edu_aggregate_adv,2009,14.34
blr,sex_f,age_ythadult_yge25,edu_aggregate_adv,2016,20.152
blr,sex_f,age_ythadult_yge25,edu_aggregate_adv,2017,23.255
blr,sex_f,age_ythadult_yge25,edu_aggregate_adv,2018,21.129
blr,sex_f,age_ythadult_yge25,edu_aggregate_adv,2019,14.889
blr,sex_f,age_ythadult_yge25,edu_aggregate_adv,2020,21.945
blr,sex_f,age_ythadult_yge25,edu_aggregate_adv,2021,19.331
blr,sex_f,age_ythadult_yge25,edu_aggregate_adv,2022,18.523
blr,sex_f,age_ythadult_yge25,edu_aggregate_adv,2023,17.906
blr,sex_f,age_ythadult_yge25,edu_aggregate_adv,2024,17.176
blr,sex_f,age_ythadult_yge25,edu_aggregate_bas,1999,5.68
blr,sex_f,age_ythadult_yge25,edu_aggregate_bas,2009,3.12
blr,sex_f,age_ythadult_yge25,edu_aggregate_bas,2016,1.306
blr,sex_f,age_ythadult_yge25,edu_aggregate_bas,2017,2.341
blr,sex_f,age_ythadult_yge25,edu_aggregate_bas,2018,2.442
blr,sex_f,age_ythadult_yge25,edu_aggregate_bas,2019,1.93
blr,sex_f,age_ythadult_yge25,edu_aggregate_bas,2020,1.597
blr,sex_f,age_ythadult_yge25,edu_aggregate_bas,2021,1.497
blr,sex_f,age_ythadult_yge25,edu_aggregate_bas,2022,1.378
blr,sex_f,age_ythadult_yge25,edu_aggregate_bas,2023,1.341
blr,sex_f,age_ythadult_yge25,edu_aggregate_bas,2024,0.818
blr,sex_f,age_ythadult_yge25,edu_aggregate_int,1999,85.1
blr,sex_f,age_ythadult_yge25,edu_aggregate_int,2009,54.31
blr,sex_f,age_ythadult_yge25,edu_aggregate_int,2016,66.486
blr,sex_f,age_ythadult_yge25,edu_aggregate_int,2017,61.025
blr,sex_f,age_ythadult_yge25,edu_aggregate_int,2018,49.052
blr,sex_f,age_ythadult_yge25,edu_aggregate_int,2019,49.321
blr,sex_f,age_ythadult_yge25,edu_aggregate_int,2020,39.622
blr,sex_f,age_ythadult_yge25,edu_aggregate_int,2021,38.799
blr,sex_f,age_ythadult_yge25,edu_aggregate_int,2022,35.428
blr,sex_f,age_ythadult_yge25,edu_aggregate_int,2023,34.546
blr,sex_f,age_ythadult_yge25,edu_aggregate_int,2024,32.861
blr,sex_f,age_ythadult_yge25,edu_aggregate_ltb,2009,0.08
blr,sex_f,age_ythadult_yge25,edu_aggregate_total,1999,105.18
blr,sex_f,age_ythadult_yge25,edu_aggregate_total,2009,71.95
blr,sex_f,age_ythadult_yge25,edu_aggregate_total,2015,12.749
blr,sex_f,age_ythadult_yge25,edu_aggregate_total,2016,87.944
blr,sex_f,age_ythadult_yge25,edu_aggregate_total,2017,86.621
blr,sex_f,age_ythadult_yge25,edu_aggregate_total,2018,72.623
blr,sex_f,age_ythadult_yge25,edu_aggregate_total,2019,66.139
blr,sex_f,age_ythadult_yge25,edu_aggregate_total,2020,63.164
blr,sex_f,age_ythadult_yge25,edu_aggregate_total,2021,59.727
blr,sex_f,age_ythadult_yge25,edu_aggregate_total,2022,55.328
blr,sex_f,age_ythadult_yge25,edu_aggregate_total,2023,53.922
blr,sex_f,age_ythadult_yge25,edu_aggregate_total,2024,50.856
blr,sex_f,age_ythadult_yge25,edu_aggregate_x,2009,0.1
blr,sex_f,age_ythadult_yge25,edu_isced97_total,2015,12.749
blr,sex_m,age_10yrbands_total,edu_aggregate_adv,1999,17.42
blr,sex_m,age_10yrbands_total,edu_aggregate_adv,2009,19.52
blr,sex_m,age_10yrbands_total,edu_aggregate_adv,2015,6.829
blr,sex_m,age_10yrbands_total,edu_aggregate_adv,2016,22.125
blr,sex_m,age_10yrbands_total,edu_aggregate_adv,2017,24.036
blr,sex_m,age_10yrbands_total,edu_aggregate_adv,2018,21.794
blr,sex_m,age_10yrbands_total,edu_aggregate_adv,2019,17.989
blr,sex_m,age_10yrbands_total,edu_aggregate_adv,2020,18.887
blr,sex_m,age_10yrbands_total,edu_aggregate_adv,2021,16.69
blr,sex_m,age_10yrbands_total,edu_aggregate_adv,2022,19.187
blr,sex_m,age_10yrbands_total,edu_aggregate_adv,2023,18.433
blr,sex_m,age_10yrbands_total,edu_aggregate_adv,2024,16.997
blr,sex_m,age_10yrbands_total,edu_aggregate_bas,1999,18.93
blr,sex_m,age_10yrbands_total,edu_aggregate_bas,2009,15
blr,sex_m,age_10yrbands_total,edu_aggregate_bas,2015,2.844
blr,sex_m,age_10yrbands_total,edu_aggregate_bas,2016,7.51
blr,sex_m,age_10yrbands_total,edu_aggregate_bas,2017,6.864
blr,sex_m,age_10yrbands_total,edu_aggregate_bas,2018,5.033
blr,sex_m,age_10yrbands_total,edu_aggregate_bas,2019,4.088
blr,sex_m,age_10yrbands_total,edu_aggregate_bas,2020,5.495
blr,sex_m,age_10yrbands_total,edu_aggregate_bas,2021,6.325
blr,sex_m,age_10yrbands_total,edu_aggregate_bas,2022,4.158
blr,sex_m,age_10yrbands_total,edu_aggregate_bas,2023,4.359
blr,sex_m,age_10yrbands_total,edu_aggregate_bas,2024,2.674
blr,sex_m,age_10yrbands_total,edu_aggregate_int,1999,125.58
blr,sex_m,age_10yrbands_total,edu_aggregate_int,2009,139.98
blr,sex_m,age_10yrbands_total,edu_aggregate_int,2015,18.477
blr,sex_m,age_10yrbands_total,edu_aggregate_int,2016,164.328
blr,sex_m,age_10yrbands_total,edu_aggregate_int,2017,158.234
blr,sex_m,age_10yrbands_total,edu_aggregate_int,2018,128.006
blr,sex_m,age_10yrbands_total,edu_aggregate_int,2019,110.181
blr,sex_m,age_10yrbands_total,edu_aggregate_int,2020,99.017
blr,sex_m,age_10yrbands_total,edu_aggregate_int,2021,96.35
blr,sex_m,age_10yrbands_total,edu_aggregate_int,2022,83.334
blr,sex_m,age_10yrbands_total,edu_aggregate_int,2023,80.231
blr,sex_m,age_10yrbands_total,edu_aggregate_int,2024,64.217
blr,sex_m,age_10yrbands_total,edu_aggregate_ltb,2009,0.11
blr,sex_m,age_10yrbands_total,edu_aggregate_total,1999,162.02
blr,sex_m,age_10yrbands_total,edu_aggregate_total,2009,174.84
blr,sex_m,age_10yrbands_total,edu_aggregate_total,2015,28.15
blr,sex_m,age_10yrbands_total,edu_aggregate_total,2016,193.963
blr,sex_m,age_10yrbands_total,edu_aggregate_total,2017,189.135
blr,sex_m,age_10yrbands_total,edu_aggregate_total,2018,154.833
blr,sex_m,age_10yrbands_total,edu_aggregate_total,2019,132.258
blr,sex_m,age_10yrbands_total,edu_aggregate_total,2020,123.399
blr,sex_m,age_10yrbands_total,edu_aggregate_total,2021,119.366
blr,sex_m,age_10yrbands_total,edu_aggregate_total,2022,106.679
blr,sex_m,age_10yrbands_total,edu_aggregate_total,2023,103.023
blr,sex_m,age_10yrbands_total,edu_aggregate_total,2024,83.888
blr,sex_m,age_10yrbands_total,edu_aggregate_x,1999,0.06
blr,sex_m,age_10yrbands_total,edu_aggregate_x,2009,0.23
blr,sex_m,age_10yrbands_total,edu_isced97_2,2015,2.844
blr,sex_m,age_10yrbands_total,edu_isced97_3,2015,8.758
blr,sex_m,age_10yrbands_total,edu_isced97_4,2015,9.719
blr,sex_m,age_10yrbands_total,edu_isced97_5,2015,6.829
blr,sex_m,age_10yrbands_total,edu_isced97_total,2015,28.15
blr,sex_m,age_10yrbands_y15_24,edu_aggregate_adv,1999,1.67
blr,sex_m,age_10yrbands_y15_24,edu_aggregate_adv,2009,2.3
blr,sex_m,age_10yrbands_y15_24,edu_aggregate_adv,2016,1.612
blr,sex_m,age_10yrbands_y15_24,edu_aggregate_adv,2017,3.435
blr,sex_m,age_10yrbands_y15_24,edu_aggregate_adv,2018,2.858
blr,sex_m,age_10yrbands_y15_24,edu_aggregate_adv,2019,3.597
blr,sex_m,age_10yrbands_y15_24,edu_aggregate_adv,2020,2.2
blr,sex_m,age_10yrbands_y15_24,edu_aggregate_adv,2021,1.239
blr,sex_m,age_10yrbands_y15_24,edu_aggregate_adv,2022,2.448
blr,sex_m,age_10yrbands_y15_24,edu_aggregate_adv,2023,3.857
blr,sex_m,age_10yrbands_y15_24,edu_aggregate_adv,2024,3.432
blr,sex_m,age_10yrbands_y15_24,edu_aggregate_bas,1999,8.4
blr,sex_m,age_10yrbands_y15_24,edu_aggregate_bas,2009,5.09
blr,sex_m,age_10yrbands_y15_24,edu_aggregate_bas,2016,2.785
blr,sex_m,age_10yrbands_y15_24,edu_aggregate_bas,2018,1.386
blr,sex_m,age_10yrbands_y15_24,edu_aggregate_bas,2019,1.216
blr,sex_m,age_10yrbands_y15_24,edu_aggregate_bas,2020,2.093
blr,sex_m,age_10yrbands_y15_24,edu_aggregate_bas,2021,3.164
blr,sex_m,age_10yrbands_y15_24,edu_aggregate_bas,2022,1.498
blr,sex_m,age_10yrbands_y15_24,edu_aggregate_bas,2023,2.401
blr,sex_m,age_10yrbands_y15_24,edu_aggregate_bas,2024,1.441
blr,sex_m,age_10yrbands_y15_24,edu_aggregate_int,1999,37.02
blr,sex_m,age_10yrbands_y15_24,edu_aggregate_int,2009,38.13
blr,sex_m,age_10yrbands_y15_24,edu_aggregate_int,2016,29.636
blr,sex_m,age_10yrbands_y15_24,edu_aggregate_int,2017,25.542
blr,sex_m,age_10yrbands_y15_24,edu_aggregate_int,2018,25.602
blr,sex_m,age_10yrbands_y15_24,edu_aggregate_int,2019,23.248
blr,sex_m,age_10yrbands_y15_24,edu_aggregate_int,2020,25.784
blr,sex_m,age_10yrbands_y15_24,edu_aggregate_int,2021,18.063
blr,sex_m,age_10yrbands_y15_24,edu_aggregate_int,2022,17.692
blr,sex_m,age_10yrbands_y15_24,edu_aggregate_int,2023,17.128
blr,sex_m,age_10yrbands_y15_24,edu_aggregate_int,2024,15.959
blr,sex_m,age_10yrbands_y15_24,edu_aggregate_total,1999,47.09
blr,sex_m,age_10yrbands_y15_24,edu_aggregate_total,2009,45.59
blr,sex_m,age_10yrbands_y15_24,edu_aggregate_total,2015,3.789
blr,sex_m,age_10yrbands_y15_24,edu_aggregate_total,2016,34.034
blr,sex_m,age_10yrbands_y15_24,edu_aggregate_total,2017,29.698
blr,sex_m,age_10yrbands_y15_24,edu_aggregate_total,2018,29.845
blr,sex_m,age_10yrbands_y15_24,edu_aggregate_total,2019,28.061
blr,sex_m,age_10yrbands_y15_24,edu_aggregate_total,2020,30.077
blr,sex_m,age_10yrbands_y15_24,edu_aggregate_total,2021,22.465
blr,sex_m,age_10yrbands_y15_24,edu_aggregate_total,2022,21.639
blr,sex_m,age_10yrbands_y15_24,edu_aggregate_total,2023,23.386
blr,sex_m,age_10yrbands_y15_24,edu_aggregate_total,2024,20.832
blr,sex_m,age_10yrbands_y15_24,edu_aggregate_x,2009,0.06
blr,sex_m,age_10yrbands_y15_24,edu_isced97_total,2015,3.789
blr,sex_m,age_10yrbands_y25_34,edu_aggregate_adv,1999,5.24
blr,sex_m,age_10yrbands_y25_34,edu_aggregate_adv,2009,6.43
blr,sex_m,age_10yrbands_y25_34,edu_aggregate_adv,2016,6.887
blr,sex_m,age_10yrbands_y25_34,edu_aggregate_adv,2017,6.679
blr,sex_m,age_10yrbands_y25_34,edu_aggregate_adv,2018,7.591
blr,sex_m,age_10yrbands_y25_34,edu_aggregate_adv,2019,6.694
blr,sex_m,age_10yrbands_y25_34,edu_aggregate_adv,2020,4.966
blr,sex_m,age_10yrbands_y25_34,edu_aggregate_adv,2021,3.1
blr,sex_m,age_10yrbands_y25_34,edu_aggregate_adv,2022,5.507
blr,sex_m,age_10yrbands_y25_34,edu_aggregate_adv,2023,4.192
blr,sex_m,age_10yrbands_y25_34,edu_aggregate_adv,2024,4.276
blr,sex_m,age_10yrbands_y25_34,edu_aggregate_bas,1999,2.82
blr,sex_m,age_10yrbands_y25_34,edu_aggregate_bas,2009,4.52
blr,sex_m,age_10yrbands_y25_34,edu_aggregate_bas,2016,1.728
blr,sex_m,age_10yrbands_y25_34,edu_aggregate_bas,2017,2.817
blr,sex_m,age_10yrbands_y25_34,edu_aggregate_bas,2018,1.221
blr,sex_m,age_10yrbands_y25_34,edu_aggregate_bas,2019,1.012
blr,sex_m,age_10yrbands_y25_34,edu_aggregate_bas,2020,1.176
blr,sex_m,age_10yrbands_y25_34,edu_aggregate_int,1999,39.64
blr,sex_m,age_10yrbands_y25_34,edu_aggregate_int,2009,36.05
blr,sex_m,age_10yrbands_y25_34,edu_aggregate_int,2016,49.196
blr,sex_m,age_10yrbands_y25_34,edu_aggregate_int,2017,40.31
blr,sex_m,age_10yrbands_y25_34,edu_aggregate_int,2018,30.719
blr,sex_m,age_10yrbands_y25_34,edu_aggregate_int,2019,23.639
blr,sex_m,age_10yrbands_y25_34,edu_aggregate_int,2020,18.22
blr,sex_m,age_10yrbands_y25_34,edu_aggregate_int,2021,23.748
blr,sex_m,age_10yrbands_y25_34,edu_aggregate_int,2022,17.758
blr,sex_m,age_10yrbands_y25_34,edu_aggregate_int,2023,14.106
blr,sex_m,age_10yrbands_y25_34,edu_aggregate_int,2024,10.827
blr,sex_m,age_10yrbands_y25_34,edu_aggregate_total,1999,47.75
blr,sex_m,age_10yrbands_y25_34,edu_aggregate_total,2009,47.1
blr,sex_m,age_10yrbands_y25_34,edu_aggregate_total,2015,5.771
blr,sex_m,age_10yrbands_y25_34,edu_aggregate_total,2016,57.81
blr,sex_m,age_10yrbands_y25_34,edu_aggregate_total,2017,49.807
blr,sex_m,age_10yrbands_y25_34,edu_aggregate_total,2018,39.532
blr,sex_m,age_10yrbands_y25_34,edu_aggregate_total,2019,31.345
blr,sex_m,age_10yrbands_y25_34,edu_aggregate_total,2020,24.363
blr,sex_m,age_10yrbands_y25_34,edu_aggregate_total,2021,27.085
blr,sex_m,age_10yrbands_y25_34,edu_aggregate_total,2022,23.676
blr,sex_m,age_10yrbands_y25_34,edu_aggregate_total,2023,18.785
blr,sex_m,age_10yrbands_y25_34,edu_aggregate_total,2024,15.103
blr,sex_m,age_10yrbands_y25_34,edu_aggregate_x,2009,0.07
blr,sex_m,age_10yrbands_y25_34,edu_isced97_total,2015,5.771
blr,sex_m,age_10yrbands_y35_44,edu_aggregate_adv,1999,5.74
blr,sex_m,age_10yrbands_y35_44,edu_aggregate_adv,2009,4.05
blr,sex_m,age_10yrbands_y35_44,edu_aggregate_adv,2016,4.448
blr,sex_m,age_10yrbands_y35_44,edu_aggregate_adv,2017,3.55
blr,sex_m,age_10yrbands_y35_44,edu_aggregate_adv,2018,3.347
blr,sex_m,age_10yrbands_y35_44,edu_aggregate_adv,2019,2.905
blr,sex_m,age_10yrbands_y35_44,edu_aggregate_adv,2020,5.166
blr,sex_m,age_10yrbands_y35_44,edu_aggregate_adv,2021,4.646
blr,sex_m,age_10yrbands_y35_44,edu_aggregate_adv,2022,4.032
blr,sex_m,age_10yrbands_y35_44,edu_aggregate_adv,2023,3.057
blr,sex_m,age_10yrbands_y35_44,edu_aggregate_adv,2024,4.3
blr,sex_m,age_10yrbands_y35_44,edu_aggregate_bas,1999,2.41
blr,sex_m,age_10yrbands_y35_44,edu_aggregate_bas,2009,1.88
blr,sex_m,age_10yrbands_y35_44,edu_aggregate_bas,2016,2.625
blr,sex_m,age_10yrbands_y35_44,edu_aggregate_bas,2017,2.605
blr,sex_m,age_10yrbands_y35_44,edu_aggregate_bas,2018,1.914
blr,sex_m,age_10yrbands_y35_44,edu_aggregate_bas,2019,0.978
blr,sex_m,age_10yrbands_y35_44,edu_aggregate_bas,2020,1.337
blr,sex_m,age_10yrbands_y35_44,edu_aggregate_bas,2021,1.507
blr,sex_m,age_10yrbands_y35_44,edu_aggregate_bas,2022,1.37
blr,sex_m,age_10yrbands_y35_44,edu_aggregate_bas,2023,0.888
blr,sex_m,age_10yrbands_y35_44,edu_aggregate_bas,2024,0.602
blr,sex_m,age_10yrbands_y35_44,edu_aggregate_int,1999,32.06
blr,sex_m,age_10yrbands_y35_44,edu_aggregate_int,2009,30.7
blr,sex_m,age_10yrbands_y35_44,edu_aggregate_int,2016,36.112
blr,sex_m,age_10yrbands_y35_44,edu_aggregate_int,2017,38.609
blr,sex_m,age_10yrbands_y35_44,edu_aggregate_int,2018,30.217
blr,sex_m,age_10yrbands_y35_44,edu_aggregate_int,2019,26.453
blr,sex_m,age_10yrbands_y35_44,edu_aggregate_int,2020,20.906
blr,sex_m,age_10yrbands_y35_44,edu_aggregate_int,2021,23.675
blr,sex_m,age_10yrbands_y35_44,edu_aggregate_int,2022,17.271
blr,sex_m,age_10yrbands_y35_44,edu_aggregate_int,2023,18.285
blr,sex_m,age_10yrbands_y35_44,edu_aggregate_int,2024,13.618
blr,sex_m,age_10yrbands_y35_44,edu_aggregate_total,1999,40.22
blr,sex_m,age_10yrbands_y35_44,edu_aggregate_total,2009,36.7
blr,sex_m,age_10yrbands_y35_44,edu_aggregate_total,2015,6.669
blr,sex_m,age_10yrbands_y35_44,edu_aggregate_total,2016,43.185
blr,sex_m,age_10yrbands_y35_44,edu_aggregate_total,2017,44.764
blr,sex_m,age_10yrbands_y35_44,edu_aggregate_total,2018,35.477
blr,sex_m,age_10yrbands_y35_44,edu_aggregate_total,2019,30.336
blr,sex_m,age_10yrbands_y35_44,edu_aggregate_total,2020,27.409
blr,sex_m,age_10yrbands_y35_44,edu_aggregate_total,2021,29.828
blr,sex_m,age_10yrbands_y35_44,edu_aggregate_total,2022,22.674
blr,sex_m,age_10yrbands_y35_44,edu_aggregate_total,2023,22.23
blr,sex_m,age_10yrbands_y35_44,edu_aggregate_total,2024,18.52
blr,sex_m,age_10yrbands_y35_44,edu_isced97_total,2015,6.669
blr,sex_m,age_10yrbands_y45_54,edu_aggregate_adv,1999,3.24
blr,sex_m,age_10yrbands_y45_54,edu_aggregate_adv,2009,4.61
blr,sex_m,age_10yrbands_y45_54,edu_aggregate_adv,2016,6.487
blr,sex_m,age_10yrbands_y45_54,edu_aggregate_adv,2017,4.592
blr,sex_m,age_10yrbands_y45_54,edu_aggregate_adv,2018,4.377
blr,sex_m,age_10yrbands_y45_54,edu_aggregate_adv,2019,2.747
blr,sex_m,age_10yrbands_y45_54,edu_aggregate_adv,2020,3.241
blr,sex_m,age_10yrbands_y45_54,edu_aggregate_adv,2021,3.883
blr,sex_m,age_10yrbands_y45_54,edu_aggregate_adv,2022,3.433
blr,sex_m,age_10yrbands_y45_54,edu_aggregate_adv,2023,4.054
blr,sex_m,age_10yrbands_y45_54,edu_aggregate_adv,2024,2.803
blr,sex_m,age_10yrbands_y45_54,edu_aggregate_bas,1999,3.12
blr,sex_m,age_10yrbands_y45_54,edu_aggregate_bas,2009,2.2
blr,sex_m,age_10yrbands_y45_54,edu_aggregate_bas,2019,0.554
blr,sex_m,age_10yrbands_y45_54,edu_aggregate_bas,2021,1.119
blr,sex_m,age_10yrbands_y45_54,edu_aggregate_bas,2023,0.583
blr,sex_m,age_10yrbands_y45_54,edu_aggregate_bas,2024,0.565
blr,sex_m,age_10yrbands_y45_54,edu_aggregate_int,1999,13.96
blr,sex_m,age_10yrbands_y45_54,edu_aggregate_int,2009,27.73
blr,sex_m,age_10yrbands_y45_54,edu_aggregate_int,2016,30.934
blr,sex_m,age_10yrbands_y45_54,edu_aggregate_int,2017,32.064
blr,sex_m,age_10yrbands_y45_54,edu_aggregate_int,2018,22.844
blr,sex_m,age_10yrbands_y45_54,edu_aggregate_int,2019,21.571
blr,sex_m,age_10yrbands_y45_54,edu_aggregate_int,2020,19.824
blr,sex_m,age_10yrbands_y45_54,edu_aggregate_int,2021,17.012
blr,sex_m,age_10yrbands_y45_54,edu_aggregate_int,2022,16.662
blr,sex_m,age_10yrbands_y45_54,edu_aggregate_int,2023,16.971
blr,sex_m,age_10yrbands_y45_54,edu_aggregate_int,2024,12.802
blr,sex_m,age_10yrbands_y45_54,edu_aggregate_total,1999,20.33
blr,sex_m,age_10yrbands_y45_54,edu_aggregate_total,2009,34.62
blr,sex_m,age_10yrbands_y45_54,edu_aggregate_total,2015,7.663
blr,sex_m,age_10yrbands_y45_54,edu_aggregate_total,2016,37.536
blr,sex_m,age_10yrbands_y45_54,edu_aggregate_total,2017,36.811
blr,sex_m,age_10yrbands_y45_54,edu_aggregate_total,2018,27.589
blr,sex_m,age_10yrbands_y45_54,edu_aggregate_total,2019,24.872
blr,sex_m,age_10yrbands_y45_54,edu_aggregate_total,2020,23.571
blr,sex_m,age_10yrbands_y45_54,edu_aggregate_total,2021,22.014
blr,sex_m,age_10yrbands_y45_54,edu_aggregate_total,2022,20.486
blr,sex_m,age_10yrbands_y45_54,edu_aggregate_total,2023,21.607
blr,sex_m,age_10yrbands_y45_54,edu_aggregate_total,2024,16.17
blr,sex_m,age_10yrbands_y45_54,edu_aggregate_x,2009,0.05
blr,sex_m,age_10yrbands_y45_54,edu_isced97_total,2015,7.663
blr,sex_m,age_10yrbands_y55_64,edu_aggregate_adv,1999,1.49
blr,sex_m,age_10yrbands_y55_64,edu_aggregate_adv,2009,1.86
blr,sex_m,age_10yrbands_y55_64,edu_aggregate_adv,2016,2.179
blr,sex_m,age_10yrbands_y55_64,edu_aggregate_adv,2017,5.021
blr,sex_m,age_10yrbands_y55_64,edu_aggregate_adv,2018,2.925
blr,sex_m,age_10yrbands_y55_64,edu_aggregate_adv,2019,1.356
blr,sex_m,age_10yrbands_y55_64,edu_aggregate_adv,2020,2.583
blr,sex_m,age_10yrbands_y55_64,edu_aggregate_adv,2021,2.891
blr,sex_m,age_10yrbands_y55_64,edu_aggregate_adv,2022,3.142
blr,sex_m,age_10yrbands_y55_64,edu_aggregate_adv,2023,2.702
blr,sex_m,age_10yrbands_y55_64,edu_aggregate_adv,2024,1.751
blr,sex_m,age_10yrbands_y55_64,edu_aggregate_bas,1999,2.14
blr,sex_m,age_10yrbands_y55_64,edu_aggregate_bas,2009,1.19
blr,sex_m,age_10yrbands_y55_64,edu_aggregate_bas,2022,0.487
blr,sex_m,age_10yrbands_y55_64,edu_aggregate_int,1999,2.87
blr,sex_m,age_10yrbands_y55_64,edu_aggregate_int,2009,7.03
blr,sex_m,age_10yrbands_y55_64,edu_aggregate_int,2016,17.805
blr,sex_m,age_10yrbands_y55_64,edu_aggregate_int,2017,19.431
blr,sex_m,age_10yrbands_y55_64,edu_aggregate_int,2018,17.673
blr,sex_m,age_10yrbands_y55_64,edu_aggregate_int,2019,13.296
blr,sex_m,age_10yrbands_y55_64,edu_aggregate_int,2020,13.137
blr,sex_m,age_10yrbands_y55_64,edu_aggregate_int,2021,12.11
blr,sex_m,age_10yrbands_y55_64,edu_aggregate_int,2022,12.408
blr,sex_m,age_10yrbands_y55_64,edu_aggregate_int,2023,12.986
blr,sex_m,age_10yrbands_y55_64,edu_aggregate_int,2024,10.058
blr,sex_m,age_10yrbands_y55_64,edu_aggregate_total,1999,6.52
blr,sex_m,age_10yrbands_y55_64,edu_aggregate_total,2009,10.1
blr,sex_m,age_10yrbands_y55_64,edu_aggregate_total,2015,4.258
blr,sex_m,age_10yrbands_y55_64,edu_aggregate_total,2016,20.242
blr,sex_m,age_10yrbands_y55_64,edu_aggregate_total,2017,24.938
blr,sex_m,age_10yrbands_y55_64,edu_aggregate_total,2018,20.744
blr,sex_m,age_10yrbands_y55_64,edu_aggregate_total,2019,14.981
blr,sex_m,age_10yrbands_y55_64,edu_aggregate_total,2020,16.103
blr,sex_m,age_10yrbands_y55_64,edu_aggregate_total,2021,15.114
blr,sex_m,age_10yrbands_y55_64,edu_aggregate_total,2022,16.037
blr,sex_m,age_10yrbands_y55_64,edu_aggregate_total,2023,15.688
blr,sex_m,age_10yrbands_y55_64,edu_aggregate_total,2024,11.876
blr,sex_m,age_10yrbands_y55_64,edu_isced97_total,2015,4.258
blr,sex_m,age_10yrbands_yge65,edu_aggregate_adv,2009,0.27
blr,sex_m,age_10yrbands_yge65,edu_aggregate_adv,2017,0.758
blr,sex_m,age_10yrbands_yge65,edu_aggregate_adv,2018,0.696
blr,sex_m,age_10yrbands_yge65,edu_aggregate_adv,2019,0.689
blr,sex_m,age_10yrbands_yge65,edu_aggregate_adv,2020,0.73
blr,sex_m,age_10yrbands_yge65,edu_aggregate_adv,2021,0.931
blr,sex_m,age_10yrbands_yge65,edu_aggregate_adv,2022,0.625
blr,sex_m,age_10yrbands_yge65,edu_aggregate_adv,2023,0.571
blr,sex_m,age_10yrbands_yge65,edu_aggregate_bas,2009,0.12
blr,sex_m,age_10yrbands_yge65,edu_aggregate_int,2009,0.34
blr,sex_m,age_10yrbands_yge65,edu_aggregate_int,2016,0.645
blr,sex_m,age_10yrbands_yge65,edu_aggregate_int,2017,2.277
blr,sex_m,age_10yrbands_yge65,edu_aggregate_int,2018,0.951
blr,sex_m,age_10yrbands_yge65,edu_aggregate_int,2019,1.975
blr,sex_m,age_10yrbands_yge65,edu_aggregate_int,2020,1.146
blr,sex_m,age_10yrbands_yge65,edu_aggregate_int,2021,1.742
blr,sex_m,age_10yrbands_yge65,edu_aggregate_int,2022,1.542
blr,sex_m,age_10yrbands_yge65,edu_aggregate_int,2023,0.755
blr,sex_m,age_10yrbands_yge65,edu_aggregate_int,2024,0.952
blr,sex_m,age_10yrbands_yge65,edu_aggregate_total,1999,0.11
blr,sex_m,age_10yrbands_yge65,edu_aggregate_total,2009,0.73
blr,sex_m,age_10yrbands_yge65,edu_aggregate_total,2016,1.156
blr,sex_m,age_10yrbands_yge65,edu_aggregate_total,2017,3.117
blr,sex_m,age_10yrbands_yge65,edu_aggregate_total,2018,1.647
blr,sex_m,age_10yrbands_yge65,edu_aggregate_total,2019,2.664
blr,sex_m,age_10yrbands_yge65,edu_aggregate_total,2020,1.876
blr,sex_m,age_10yrbands_yge65,edu_aggregate_total,2021,2.858
blr,sex_m,age_10yrbands_yge65,edu_aggregate_total,2022,2.167
blr,sex_m,age_10yrbands_yge65,edu_aggregate_total,2023,1.326
blr,sex_m,age_10yrbands_yge65,edu_aggregate_total,2024,1.388
blr,sex_m,age_aggregate_total,edu_aggregate_adv,1993,15.6
blr,sex_m,age_aggregate_total,edu_aggregate_adv,1994,28.1
blr,sex_m,age_aggregate_total,edu_aggregate_adv,1995,36.6
blr,sex_m,age_aggregate_total,edu_aggregate_adv,1996,51.9
blr,sex_m,age_aggregate_total,edu_aggregate_adv,1997,33.7
blr,sex_m,age_aggregate_total,edu_aggregate_adv,1998,28.6
blr,sex_m,age_aggregate_total,edu_aggregate_adv,1999,17.42
blr,sex_m,age_aggregate_total,edu_aggregate_adv,2000,31.3
blr,sex_m,age_aggregate_total,edu_aggregate_adv,2001,34.1
blr,sex_m,age_aggregate_total,edu_aggregate_adv,2002,38.3
blr,sex_m,age_aggregate_total,edu_aggregate_adv,2003,36.6
blr,sex_m,age_aggregate_total,edu_aggregate_adv,2004,14.1
blr,sex_m,age_aggregate_total,edu_aggregate_adv,2005,12.1
blr,sex_m,age_aggregate_total,edu_aggregate_adv,2006,10
blr,sex_m,age_aggregate_total,edu_aggregate_adv,2007,8.6
blr,sex_m,age_aggregate_total,edu_aggregate_adv,2008,8.3
blr,sex_m,age_aggregate_total,edu_aggregate_adv,2009,19.52
blr,sex_m,age_aggregate_total,edu_aggregate_adv,2015,6.829
blr,sex_m,age_aggregate_total,edu_aggregate_adv,2016,22.125
blr,sex_m,age_aggregate_total,edu_aggregate_adv,2017,24.036
blr,sex_m,age_aggregate_total,edu_aggregate_adv,2018,21.794
blr,sex_m,age_aggregate_total,edu_aggregate_adv,2019,17.989
blr,sex_m,age_aggregate_total,edu_aggregate_adv,2020,18.887
blr,sex_m,age_aggregate_total,edu_aggregate_adv,2021,16.69
blr,sex_m,age_aggregate_total,edu_aggregate_adv,2022,19.187
blr,sex_m,age_aggregate_total,edu_aggregate_adv,2023,18.433
blr,sex_m,age_aggregate_total,edu_aggregate_adv,2024,16.997
blr,sex_m,age_aggregate_total,edu_aggregate_bas,1993,3.2
blr,sex_m,age_aggregate_total,edu_aggregate_bas,1994,3.3
blr,sex_m,age_aggregate_total,edu_aggregate_bas,1995,3.7
blr,sex_m,age_aggregate_total,edu_aggregate_bas,1996,5.2
blr,sex_m,age_aggregate_total,edu_aggregate_bas,1997,3.4
blr,sex_m,age_aggregate_total,edu_aggregate_bas,1998,2.8
blr,sex_m,age_aggregate_total,edu_aggregate_bas,1999,18.93
blr,sex_m,age_aggregate_total,edu_aggregate_bas,2000,2.3
blr,sex_m,age_aggregate_total,edu_aggregate_bas,2001,2.8
blr,sex_m,age_aggregate_total,edu_aggregate_bas,2002,4.2
blr,sex_m,age_aggregate_total,edu_aggregate_bas,2003,4.1
blr,sex_m,age_aggregate_total,edu_aggregate_bas,2004,3
blr,sex_m,age_aggregate_total,edu_aggregate_bas,2005,2.2
blr,sex_m,age_aggregate_total,edu_aggregate_bas,2006,1.8
blr,sex_m,age_aggregate_total,edu_aggregate_bas,2007,1.6
blr,sex_m,age_aggregate_total,edu_aggregate_bas,2008,1.4
blr,sex_m,age_aggregate_total,edu_aggregate_bas,2009,15
blr,sex_m,age_aggregate_total,edu_aggregate_bas,2015,2.844
blr,sex_m,age_aggregate_total,edu_aggregate_bas,2016,7.51
blr,sex_m,age_aggregate_total,edu_aggregate_bas,2017,6.864
blr,sex_m,age_aggregate_total,edu_aggregate_bas,2018,5.033
blr,sex_m,age_aggregate_total,edu_aggregate_bas,2019,4.088
blr,sex_m,age_aggregate_total,edu_aggregate_bas,2020,5.495
blr,sex_m,age_aggregate_total,edu_aggregate_bas,2021,6.325
blr,sex_m,age_aggregate_total,edu_aggregate_bas,2022,4.158
blr,sex_m,age_aggregate_total,edu_aggregate_bas,2023,4.359
blr,sex_m,age_aggregate_total,edu_aggregate_bas,2024,2.674
blr,sex_m,age_aggregate_total,edu_aggregate_int,1993,3.5
blr,sex_m,age_aggregate_total,edu_aggregate_int,1994,5.3
blr,sex_m,age_aggregate_total,edu_aggregate_int,1995,6.4
blr,sex_m,age_aggregate_total,edu_aggregate_int,1996,9
blr,sex_m,age_aggregate_total,edu_aggregate_int,1997,5
blr,sex_m,age_aggregate_total,edu_aggregate_int,1998,3.9
blr,sex_m,age_aggregate_total,edu_aggregate_int,1999,125.58
blr,sex_m,age_aggregate_total,edu_aggregate_int,2000,4
blr,sex_m,age_aggregate_total,edu_aggregate_int,2001,4
blr,sex_m,age_aggregate_total,edu_aggregate_int,2002,5.3
blr,sex_m,age_aggregate_total,edu_aggregate_int,2003,5.4
blr,sex_m,age_aggregate_total,edu_aggregate_int,2004,8.6
blr,sex_m,age_aggregate_total,edu_aggregate_int,2005,6.8
blr,sex_m,age_aggregate_total,edu_aggregate_int,2006,5.9
blr,sex_m,age_aggregate_total,edu_aggregate_int,2007,5
blr,sex_m,age_aggregate_total,edu_aggregate_int,2008,5
blr,sex_m,age_aggregate_total,edu_aggregate_int,2009,139.98
blr,sex_m,age_aggregate_total,edu_aggregate_int,2015,18.477
blr,sex_m,age_aggregate_total,edu_aggregate_int,2016,164.328
blr,sex_m,age_aggregate_total,edu_aggregate_int,2017,158.234
blr,sex_m,age_aggregate_total,edu_aggregate_int,2018,128.006
blr,sex_m,age_aggregate_total,edu_aggregate_int,2019,110.181
blr,sex_m,age_aggregate_total,edu_aggregate_int,2020,99.017
blr,sex_m,age_aggregate_total,edu_aggregate_int,2021,96.35
blr,sex_m,age_aggregate_total,edu_aggregate_int,2022,83.334
blr,sex_m,age_aggregate_total,edu_aggregate_int,2023,80.231
blr,sex_m,age_aggregate_total,edu_aggregate_int,2024,64.217
blr,sex_m,age_aggregate_total,edu_aggregate_ltb,2009,0.11
blr,sex_m,age_aggregate_total,edu_aggregate_total,1993,22.3
blr,sex_m,age_aggregate_total,edu_aggregate_total,1994,36.7
blr,sex_m,age_aggregate_total,edu_aggregate_total,1995,46.7
blr,sex_m,age_aggregate_total,edu_aggregate_total,1996,66.1
blr,sex_m,age_aggregate_total,edu_aggregate_total,1997,42.1
blr,sex_m,age_aggregate_total,edu_aggregate_total,1998,35.3
blr,sex_m,age_aggregate_total,edu_aggregate_total,1999,162.02
blr,sex_m,age_aggregate_total,edu_aggregate_total,2000,37.6
blr,sex_m,age_aggregate_total,edu_aggregate_total,2001,40.9
blr,sex_m,age_aggregate_total,edu_aggregate_total,2002,47.8
blr,sex_m,age_aggregate_total,edu_aggregate_total,2003,46.1
blr,sex_m,age_aggregate_total,edu_aggregate_total,2004,25.5
blr,sex_m,age_aggregate_total,edu_aggregate_total,2005,21.1
blr,sex_m,age_aggregate_total,edu_aggregate_total,2006,17.7
blr,sex_m,age_aggregate_total,edu_aggregate_total,2007,15.2
blr,sex_m,age_aggregate_total,edu_aggregate_total,2008,14.7
blr,sex_m,age_aggregate_total,edu_aggregate_total,2009,174.84
blr,sex_m,age_aggregate_total,edu_aggregate_total,2015,28.15
blr,sex_m,age_aggregate_total,edu_aggregate_total,2016,193.963
blr,sex_m,age_aggregate_total,edu_aggregate_total,2017,189.135
blr,sex_m,age_aggregate_total,edu_aggregate_total,2018,154.833
blr,sex_m,age_aggregate_total,edu_aggregate_total,2019,132.258
blr,sex_m,age_aggregate_total,edu_aggregate_total,2020,123.399
blr,sex_m,age_aggregate_total,edu_aggregate_total,2021,119.366
blr,sex_m,age_aggregate_total,edu_aggregate_total,2022,106.679
blr,sex_m,age_aggregate_total,edu_aggregate_total,2023,103.023
blr,sex_m,age_aggregate_total,edu_aggregate_total,2024,83.888
blr,sex_m,age_aggregate_total,edu_aggregate_x,1999,0.06
blr,sex_m,age_aggregate_total,edu_aggregate_x,2009,0.23
blr,sex_m,age_aggregate_total,edu_isced97_2,2015,2.844
blr,sex_m,age_aggregate_total,edu_isced97_3,2015,8.758
blr,sex_m,age_aggregate_total,edu_isced97_4,2015,9.719
blr,sex_m,age_aggregate_total,edu_isced97_5,2015,6.829
blr,sex_m,age_aggregate_total,edu_isced97_total,2015,28.15
blr,sex_m,age_aggregate_y15_24,edu_aggregate_adv,1999,1.67
blr,sex_m,age_aggregate_y15_24,edu_aggregate_adv,2009,2.3
blr,sex_m,age_aggregate_y15_24,edu_aggregate_adv,2016,1.612
blr,sex_m,age_aggregate_y15_24,edu_aggregate_adv,2017,3.435
blr,sex_m,age_aggregate_y15_24,edu_aggregate_adv,2018,2.858
blr,sex_m,age_aggregate_y15_24,edu_aggregate_adv,2019,3.597
blr,sex_m,age_aggregate_y15_24,edu_aggregate_adv,2020,2.2
blr,sex_m,age_aggregate_y15_24,edu_aggregate_adv,2021,1.239
blr,sex_m,age_aggregate_y15_24,edu_aggregate_adv,2022,2.448
blr,sex_m,age_aggregate_y15_24,edu_aggregate_adv,2023,3.857
blr,sex_m,age_aggregate_y15_24,edu_aggregate_adv,2024,3.432
blr,sex_m,age_aggregate_y15_24,edu_aggregate_bas,1999,8.4
blr,sex_m,age_aggregate_y15_24,edu_aggregate_bas,2009,5.09
blr,sex_m,age_aggregate_y15_24,edu_aggregate_bas,2016,2.785
blr,sex_m,age_aggregate_y15_24,edu_aggregate_bas,2018,1.386
blr,sex_m,age_aggregate_y15_24,edu_aggregate_bas,2019,1.216
blr,sex_m,age_aggregate_y15_24,edu_aggregate_bas,2020,2.093
blr,sex_m,age_aggregate_y15_24,edu_aggregate_bas,2021,3.164
blr,sex_m,age_aggregate_y15_24,edu_aggregate_bas,2022,1.498
blr,sex_m,age_aggregate_y15_24,edu_aggregate_bas,2023,2.401
blr,sex_m,age_aggregate_y15_24,edu_aggregate_bas,2024,1.441
blr,sex_m,age_aggregate_y15_24,edu_aggregate_int,1999,37.02
blr,sex_m,age_aggregate_y15_24,edu_aggregate_int,2009,38.13
blr,sex_m,age_aggregate_y15_24,edu_aggregate_int,2016,29.636
blr,sex_m,age_aggregate_y15_24,edu_aggregate_int,2017,25.542
blr,sex_m,age_aggregate_y15_24,edu_aggregate_int,2018,25.602
blr,sex_m,age_aggregate_y15_24,edu_aggregate_int,2019,23.248
blr,sex_m,age_aggregate_y15_24,edu_aggregate_int,2020,25.784
blr,sex_m,age_aggregate_y15_24,edu_aggregate_int,2021,18.063
blr,sex_m,age_aggregate_y15_24,edu_aggregate_int,2022,17.692
blr,sex_m,age_aggregate_y15_24,edu_aggregate_int,2023,17.128
blr,sex_m,age_aggregate_y15_24,edu_aggregate_int,2024,15.959
blr,sex_m,age_aggregate_y15_24,edu_aggregate_total,1999,47.09
blr,sex_m,age_aggregate_y15_24,edu_aggregate_total,2009,45.59
blr,sex_m,age_aggregate_y15_24,edu_aggregate_total,2015,3.789
blr,sex_m,age_aggregate_y15_24,edu_aggregate_total,2016,34.034
blr,sex_m,age_aggregate_y15_24,edu_aggregate_total,2017,29.698
blr,sex_m,age_aggregate_y15_24,edu_aggregate_total,2018,29.845
blr,sex_m,age_aggregate_y15_24,edu_aggregate_total,2019,28.061
blr,sex_m,age_aggregate_y15_24,edu_aggregate_total,2020,30.077
blr,sex_m,age_aggregate_y15_24,edu_aggregate_total,2021,22.465
blr,sex_m,age_aggregate_y15_24,edu_aggregate_total,2022,21.639
blr,sex_m,age_aggregate_y15_24,edu_aggregate_total,2023,23.386
blr,sex_m,age_aggregate_y15_24,edu_aggregate_total,2024,20.832
blr,sex_m,age_aggregate_y15_24,edu_aggregate_x,2009,0.06
blr,sex_m,age_aggregate_y15_24,edu_isced97_total,2015,3.789
blr,sex_m,age_aggregate_y25_54,edu_aggregate_adv,1999,14.22
blr,sex_m,age_aggregate_y25_54,edu_aggregate_adv,2009,15.09
blr,sex_m,age_aggregate_y25_54,edu_aggregate_adv,2016,17.823
blr,sex_m,age_aggregate_y25_54,edu_aggregate_adv,2017,14.821
blr,sex_m,age_aggregate_y25_54,edu_aggregate_adv,2018,15.315
blr,sex_m,age_aggregate_y25_54,edu_aggregate_adv,2019,12.347
blr,sex_m,age_aggregate_y25_54,edu_aggregate_adv,2020,13.374
blr,sex_m,age_aggregate_y25_54,edu_aggregate_adv,2021,11.63
blr,sex_m,age_aggregate_y25_54,edu_aggregate_adv,2022,12.972
blr,sex_m,age_aggregate_y25_54,edu_aggregate_adv,2023,11.304
blr,sex_m,age_aggregate_y25_54,edu_aggregate_adv,2024,11.379
blr,sex_m,age_aggregate_y25_54,edu_aggregate_bas,1999,8.35
blr,sex_m,age_aggregate_y25_54,edu_aggregate_bas,2009,8.6
blr,sex_m,age_aggregate_y25_54,edu_aggregate_bas,2016,4.466
blr,sex_m,age_aggregate_y25_54,edu_aggregate_bas,2017,5.576
blr,sex_m,age_aggregate_y25_54,edu_aggregate_bas,2018,3.503
blr,sex_m,age_aggregate_y25_54,edu_aggregate_bas,2019,2.543
blr,sex_m,age_aggregate_y25_54,edu_aggregate_bas,2020,3.019
blr,sex_m,age_aggregate_y25_54,edu_aggregate_bas,2021,2.863
blr,sex_m,age_aggregate_y25_54,edu_aggregate_bas,2022,2.172
blr,sex_m,age_aggregate_y25_54,edu_aggregate_bas,2023,1.958
blr,sex_m,age_aggregate_y25_54,edu_aggregate_bas,2024,1.166
blr,sex_m,age_aggregate_y25_54,edu_aggregate_int,1999,85.66
blr,sex_m,age_aggregate_y25_54,edu_aggregate_int,2009,94.48
blr,sex_m,age_aggregate_y25_54,edu_aggregate_int,2016,116.242
blr,sex_m,age_aggregate_y25_54,edu_aggregate_int,2017,110.984
blr,sex_m,age_aggregate_y25_54,edu_aggregate_int,2018,83.78
blr,sex_m,age_aggregate_y25_54,edu_aggregate_int,2019,71.662
blr,sex_m,age_aggregate_y25_54,edu_aggregate_int,2020,58.95
blr,sex_m,age_aggregate_y25_54,edu_aggregate_int,2021,64.434
blr,sex_m,age_aggregate_y25_54,edu_aggregate_int,2022,51.691
blr,sex_m,age_aggregate_y25_54,edu_aggregate_int,2023,49.361
blr,sex_m,age_aggregate_y25_54,edu_aggregate_int,2024,37.247
blr,sex_m,age_aggregate_y25_54,edu_aggregate_ltb,2009,0.1
blr,sex_m,age_aggregate_y25_54,edu_aggregate_total,1999,108.3
blr,sex_m,age_aggregate_y25_54,edu_aggregate_total,2009,118.42
blr,sex_m,age_aggregate_y25_54,edu_aggregate_total,2015,20.103
blr,sex_m,age_aggregate_y25_54,edu_aggregate_total,2016,138.531
blr,sex_m,age_aggregate_y25_54,edu_aggregate_total,2017,131.381
blr,sex_m,age_aggregate_y25_54,edu_aggregate_total,2018,102.598
blr,sex_m,age_aggregate_y25_54,edu_aggregate_total,2019,86.552
blr,sex_m,age_aggregate_y25_54,edu_aggregate_total,2020,75.343
blr,sex_m,age_aggregate_y25_54,edu_aggregate_total,2021,78.927
blr,sex_m,age_aggregate_y25_54,edu_aggregate_total,2022,66.836
blr,sex_m,age_aggregate_y25_54,edu_aggregate_total,2023,62.623
blr,sex_m,age_aggregate_y25_54,edu_aggregate_total,2024,49.792
blr,sex_m,age_aggregate_y25_54,edu_aggregate_x,1999,0.05
blr,sex_m,age_aggregate_y25_54,edu_aggregate_x,2009,0.15
blr,sex_m,age_aggregate_y25_54,edu_isced97_total,2015,20.103
blr,sex_m,age_aggregate_y55_64,edu_aggregate_adv,1999,1.49
blr,sex_m,age_aggregate_y55_64,edu_aggregate_adv,2009,1.86
blr,sex_m,age_aggregate_y55_64,edu_aggregate_adv,2016,2.179
blr,sex_m,age_aggregate_y55_64,edu_aggregate_adv,2017,5.021
blr,sex_m,age_aggregate_y55_64,edu_aggregate_adv,2018,2.925
blr,sex_m,age_aggregate_y55_64,edu_aggregate_adv,2019,1.356
blr,sex_m,age_aggregate_y55_64,edu_aggregate_adv,2020,2.583
blr,sex_m,age_aggregate_y55_64,edu_aggregate_adv,2021,2.891
blr,sex_m,age_aggregate_y55_64,edu_aggregate_adv,2022,3.142
blr,sex_m,age_aggregate_y55_64,edu_aggregate_adv,2023,2.702
blr,sex_m,age_aggregate_y55_64,edu_aggregate_adv,2024,1.751
blr,sex_m,age_aggregate_y55_64,edu_aggregate_bas,1999,2.14
blr,sex_m,age_aggregate_y55_64,edu_aggregate_bas,2009,1.19
blr,sex_m,age_aggregate_y55_64,edu_aggregate_bas,2022,0.487
blr,sex_m,age_aggregate_y55_64,edu_aggregate_int,1999,2.87
blr,sex_m,age_aggregate_y55_64,edu_aggregate_int,2009,7.03
blr,sex_m,age_aggregate_y55_64,edu_aggregate_int,2016,17.805
blr,sex_m,age_aggregate_y55_64,edu_aggregate_int,2017,19.431
blr,sex_m,age_aggregate_y55_64,edu_aggregate_int,2018,17.673
blr,sex_m,age_aggregate_y55_64,edu_aggregate_int,2019,13.296
blr,sex_m,age_aggregate_y55_64,edu_aggregate_int,2020,13.137
blr,sex_m,age_aggregate_y55_64,edu_aggregate_int,2021,12.11
blr,sex_m,age_aggregate_y55_64,edu_aggregate_int,2022,12.408
blr,sex_m,age_aggregate_y55_64,edu_aggregate_int,2023,12.986
blr,sex_m,age_aggregate_y55_64,edu_aggregate_int,2024,10.058
blr,sex_m,age_aggregate_y55_64,edu_aggregate_total,1999,6.52
blr,sex_m,age_aggregate_y55_64,edu_aggregate_total,2009,10.1
blr,sex_m,age_aggregate_y55_64,edu_aggregate_total,2015,4.258
blr,sex_m,age_aggregate_y55_64,edu_aggregate_total,2016,20.242
blr,sex_m,age_aggregate_y55_64,edu_aggregate_total,2017,24.938
blr,sex_m,age_aggregate_y55_64,edu_aggregate_total,2018,20.744
blr,sex_m,age_aggregate_y55_64,edu_aggregate_total,2019,14.981
blr,sex_m,age_aggregate_y55_64,edu_aggregate_total,2020,16.103
blr,sex_m,age_aggregate_y55_64,edu_aggregate_total,2021,15.114
blr,sex_m,age_aggregate_y55_64,edu_aggregate_total,2022,16.037
blr,sex_m,age_aggregate_y55_64,edu_aggregate_total,2023,15.688
blr,sex_m,age_aggregate_y55_64,edu_aggregate_total,2024,11.876
blr,sex_m,age_aggregate_y55_64,edu_isced97_total,2015,4.258
blr,sex_m,age_aggregate_yge65,edu_aggregate_adv,2009,0.27
blr,sex_m,age_aggregate_yge65,edu_aggregate_adv,2017,0.758
blr,sex_m,age_aggregate_yge65,edu_aggregate_adv,2018,0.696
blr,sex_m,age_aggregate_yge65,edu_aggregate_adv,2019,0.689
blr,sex_m,age_aggregate_yge65,edu_aggregate_adv,2020,0.73
blr,sex_m,age_aggregate_yge65,edu_aggregate_adv,2021,0.931
blr,sex_m,age_aggregate_yge65,edu_aggregate_adv,2022,0.625
blr,sex_m,age_aggregate_yge65,edu_aggregate_adv,2023,0.571
blr,sex_m,age_aggregate_yge65,edu_aggregate_bas,2009,0.12
blr,sex_m,age_aggregate_yge65,edu_aggregate_int,2009,0.34
blr,sex_m,age_aggregate_yge65,edu_aggregate_int,2016,0.645
blr,sex_m,age_aggregate_yge65,edu_aggregate_int,2017,2.277
blr,sex_m,age_aggregate_yge65,edu_aggregate_int,2018,0.951
blr,sex_m,age_aggregate_yge65,edu_aggregate_int,2019,1.975
blr,sex_m,age_aggregate_yge65,edu_aggregate_int,2020,1.146
blr,sex_m,age_aggregate_yge65,edu_aggregate_int,2021,1.742
blr,sex_m,age_aggregate_yge65,edu_aggregate_int,2022,1.542
blr,sex_m,age_aggregate_yge65,edu_aggregate_int,2023,0.755
blr,sex_m,age_aggregate_yge65,edu_aggregate_int,2024,0.952
blr,sex_m,age_aggregate_yge65,edu_aggregate_total,1999,0.11
blr,sex_m,age_aggregate_yge65,edu_aggregate_total,2009,0.73
blr,sex_m,age_aggregate_yge65,edu_aggregate_total,2016,1.156
blr,sex_m,age_aggregate_yge65,edu_aggregate_total,2017,3.117
blr,sex_m,age_aggregate_yge65,edu_aggregate_total,2018,1.647
blr,sex_m,age_aggregate_yge65,edu_aggregate_total,2019,2.664
blr,sex_m,age_aggregate_yge65,edu_aggregate_total,2020,1.876
blr,sex_m,age_aggregate_yge65,edu_aggregate_total,2021,2.858
blr,sex_m,age_aggregate_yge65,edu_aggregate_total,2022,2.167
blr,sex_m,age_aggregate_yge65,edu_aggregate_total,2023,1.326
blr,sex_m,age_aggregate_yge65,edu_aggregate_total,2024,1.388
blr,sex_m,age_ythadult_y15_24,edu_aggregate_adv,1999,1.67
blr,sex_m,age_ythadult_y15_24,edu_aggregate_adv,2009,2.3
blr,sex_m,age_ythadult_y15_24,edu_aggregate_adv,2016,1.612
blr,sex_m,age_ythadult_y15_24,edu_aggregate_adv,2017,3.435
blr,sex_m,age_ythadult_y15_24,edu_aggregate_adv,2018,2.858
blr,sex_m,age_ythadult_y15_24,edu_aggregate_adv,2019,3.597
blr,sex_m,age_ythadult_y15_24,edu_aggregate_adv,2020,2.2
blr,sex_m,age_ythadult_y15_24,edu_aggregate_adv,2021,1.239
blr,sex_m,age_ythadult_y15_24,edu_aggregate_adv,2022,2.448
blr,sex_m,age_ythadult_y15_24,edu_aggregate_adv,2023,3.857
blr,sex_m,age_ythadult_y15_24,edu_aggregate_adv,2024,3.432
blr,sex_m,age_ythadult_y15_24,edu_aggregate_bas,1999,8.4
blr,sex_m,age_ythadult_y15_24,edu_aggregate_bas,2009,5.09
blr,sex_m,age_ythadult_y15_24,edu_aggregate_bas,2016,2.785
blr,sex_m,age_ythadult_y15_24,edu_aggregate_bas,2018,1.386
blr,sex_m,age_ythadult_y15_24,edu_aggregate_bas,2019,1.216
blr,sex_m,age_ythadult_y15_24,edu_aggregate_bas,2020,2.093
blr,sex_m,age_ythadult_y15_24,edu_aggregate_bas,2021,3.164
blr,sex_m,age_ythadult_y15_24,edu_aggregate_bas,2022,1.498
blr,sex_m,age_ythadult_y15_24,edu_aggregate_bas,2023,2.401
blr,sex_m,age_ythadult_y15_24,edu_aggregate_bas,2024,1.441
blr,sex_m,age_ythadult_y15_24,edu_aggregate_int,1999,37.02
blr,sex_m,age_ythadult_y15_24,edu_aggregate_int,2009,38.13
blr,sex_m,age_ythadult_y15_24,edu_aggregate_int,2016,29.636
blr,sex_m,age_ythadult_y15_24,edu_aggregate_int,2017,25.542
blr,sex_m,age_ythadult_y15_24,edu_aggregate_int,2018,25.602
blr,sex_m,age_ythadult_y15_24,edu_aggregate_int,2019,23.248
blr,sex_m,age_ythadult_y15_24,edu_aggregate_int,2020,25.784
blr,sex_m,age_ythadult_y15_24,edu_aggregate_int,2021,18.063
blr,sex_m,age_ythadult_y15_24,edu_aggregate_int,2022,17.692
blr,sex_m,age_ythadult_y15_24,edu_aggregate_int,2023,17.128
blr,sex_m,age_ythadult_y15_24,edu_aggregate_int,2024,15.959
blr,sex_m,age_ythadult_y15_24,edu_aggregate_total,1999,47.09
blr,sex_m,age_ythadult_y15_24,edu_aggregate_total,2009,45.59
blr,sex_m,age_ythadult_y15_24,edu_aggregate_total,2015,3.789
blr,sex_m,age_ythadult_y15_24,edu_aggregate_total,2016,34.034
blr,sex_m,age_ythadult_y15_24,edu_aggregate_total,2017,29.698
blr,sex_m,age_ythadult_y15_24,edu_aggregate_total,2018,29.845
blr,sex_m,age_ythadult_y15_24,edu_aggregate_total,2019,28.061
blr,sex_m,age_ythadult_y15_24,edu_aggregate_total,2020,30.077
blr,sex_m,age_ythadult_y15_24,edu_aggregate_total,2021,22.465
blr,sex_m,age_ythadult_y15_24,edu_aggregate_total,2022,21.639
blr,sex_m,age_ythadult_y15_24,edu_aggregate_total,2023,23.386
blr,sex_m,age_ythadult_y15_24,edu_aggregate_total,2024,20.832
blr,sex_m,age_ythadult_y15_24,edu_aggregate_x,2009,0.06
blr,sex_m,age_ythadult_y15_24,edu_isced97_total,2015,3.789
blr,sex_m,age_ythadult_y15_64,edu_aggregate_adv,1999,17.38
blr,sex_m,age_ythadult_y15_64,edu_aggregate_adv,2009,19.25
blr,sex_m,age_ythadult_y15_64,edu_aggregate_adv,2016,21.615
blr,sex_m,age_ythadult_y15_64,edu_aggregate_adv,2017,23.278
blr,sex_m,age_ythadult_y15_64,edu_aggregate_adv,2018,21.099
blr,sex_m,age_ythadult_y15_64,edu_aggregate_adv,2019,17.3
blr,sex_m,age_ythadult_y15_64,edu_aggregate_adv,2020,18.157
blr,sex_m,age_ythadult_y15_64,edu_aggregate_adv,2021,15.759
blr,sex_m,age_ythadult_y15_64,edu_aggregate_adv,2022,18.562
blr,sex_m,age_ythadult_y15_64,edu_aggregate_adv,2023,17.863
blr,sex_m,age_ythadult_y15_64,edu_aggregate_adv,2024,16.562
blr,sex_m,age_ythadult_y15_64,edu_aggregate_bas,1999,18.89
blr,sex_m,age_ythadult_y15_64,edu_aggregate_bas,2009,14.88
blr,sex_m,age_ythadult_y15_64,edu_aggregate_bas,2016,7.51
blr,sex_m,age_ythadult_y15_64,edu_aggregate_bas,2017,6.783
blr,sex_m,age_ythadult_y15_64,edu_aggregate_bas,2018,5.033
blr,sex_m,age_ythadult_y15_64,edu_aggregate_bas,2019,4.088
blr,sex_m,age_ythadult_y15_64,edu_aggregate_bas,2020,5.495
blr,sex_m,age_ythadult_y15_64,edu_aggregate_bas,2021,6.14
blr,sex_m,age_ythadult_y15_64,edu_aggregate_bas,2022,4.158
blr,sex_m,age_ythadult_y15_64,edu_aggregate_bas,2023,4.359
blr,sex_m,age_ythadult_y15_64,edu_aggregate_bas,2024,2.674
blr,sex_m,age_ythadult_y15_64,edu_aggregate_int,1999,125.55
blr,sex_m,age_ythadult_y15_64,edu_aggregate_int,2009,139.64
blr,sex_m,age_ythadult_y15_64,edu_aggregate_int,2016,163.683
blr,sex_m,age_ythadult_y15_64,edu_aggregate_int,2017,155.957
blr,sex_m,age_ythadult_y15_64,edu_aggregate_int,2018,127.055
blr,sex_m,age_ythadult_y15_64,edu_aggregate_int,2019,108.206
blr,sex_m,age_ythadult_y15_64,edu_aggregate_int,2020,97.871
blr,sex_m,age_ythadult_y15_64,edu_aggregate_int,2021,94.608
blr,sex_m,age_ythadult_y15_64,edu_aggregate_int,2022,81.792
blr,sex_m,age_ythadult_y15_64,edu_aggregate_int,2023,79.476
blr,sex_m,age_ythadult_y15_64,edu_aggregate_int,2024,63.265
blr,sex_m,age_ythadult_y15_64,edu_aggregate_total,1999,161.91
blr,sex_m,age_ythadult_y15_64,edu_aggregate_total,2009,174.11
blr,sex_m,age_ythadult_y15_64,edu_aggregate_total,2015,28.15
blr,sex_m,age_ythadult_y15_64,edu_aggregate_total,2016,192.807
blr,sex_m,age_ythadult_y15_64,edu_aggregate_total,2017,186.017
blr,sex_m,age_ythadult_y15_64,edu_aggregate_total,2018,153.187
blr,sex_m,age_ythadult_y15_64,edu_aggregate_total,2019,129.594
blr,sex_m,age_ythadult_y15_64,edu_aggregate_total,2020,121.523
blr,sex_m,age_ythadult_y15_64,edu_aggregate_total,2021,116.507
blr,sex_m,age_ythadult_y15_64,edu_aggregate_total,2022,104.512
blr,sex_m,age_ythadult_y15_64,edu_aggregate_total,2023,101.697
blr,sex_m,age_ythadult_y15_64,edu_aggregate_total,2024,82.5
blr,sex_m,age_ythadult_y15_64,edu_aggregate_x,2009,0.23
blr,sex_m,age_ythadult_y15_64,edu_isced97_total,2015,28.15
blr,sex_m,age_ythadult_yge15,edu_aggregate_adv,1993,15.6
blr,sex_m,age_ythadult_yge15,edu_aggregate_adv,1994,28.1
blr,sex_m,age_ythadult_yge15,edu_aggregate_adv,1995,36.6
blr,sex_m,age_ythadult_yge15,edu_aggregate_adv,1996,51.9
blr,sex_m,age_ythadult_yge15,edu_aggregate_adv,1997,33.7
blr,sex_m,age_ythadult_yge15,edu_aggregate_adv,1998,28.6
blr,sex_m,age_ythadult_yge15,edu_aggregate_adv,1999,17.42
blr,sex_m,age_ythadult_yge15,edu_aggregate_adv,2000,31.3
blr,sex_m,age_ythadult_yge15,edu_aggregate_adv,2001,34.1
blr,sex_m,age_ythadult_yge15,edu_aggregate_adv,2002,38.3
blr,sex_m,age_ythadult_yge15,edu_aggregate_adv,2003,36.6
blr,sex_m,age_ythadult_yge15,edu_aggregate_adv,2004,14.1
blr,sex_m,age_ythadult_yge15,edu_aggregate_adv,2005,12.1
blr,sex_m,age_ythadult_yge15,edu_aggregate_adv,2006,10
blr,sex_m,age_ythadult_yge15,edu_aggregate_adv,2007,8.6
blr,sex_m,age_ythadult_yge15,edu_aggregate_adv,2008,8.3
blr,sex_m,age_ythadult_yge15,edu_aggregate_adv,2009,19.52
blr,sex_m,age_ythadult_yge15,edu_aggregate_adv,2015,6.829
blr,sex_m,age_ythadult_yge15,edu_aggregate_adv,2016,22.125
blr,sex_m,age_ythadult_yge15,edu_aggregate_adv,2017,24.036
blr,sex_m,age_ythadult_yge15,edu_aggregate_adv,2018,21.794
blr,sex_m,age_ythadult_yge15,edu_aggregate_adv,2019,17.989
blr,sex_m,age_ythadult_yge15,edu_aggregate_adv,2020,18.887
blr,sex_m,age_ythadult_yge15,edu_aggregate_adv,2021,16.69
blr,sex_m,age_ythadult_yge15,edu_aggregate_adv,2022,19.187
blr,sex_m,age_ythadult_yge15,edu_aggregate_adv,2023,18.433
blr,sex_m,age_ythadult_yge15,edu_aggregate_adv,2024,16.997
blr,sex_m,age_ythadult_yge15,edu_aggregate_bas,1993,3.2
blr,sex_m,age_ythadult_yge15,edu_aggregate_bas,1994,3.3
blr,sex_m,age_ythadult_yge15,edu_aggregate_bas,1995,3.7
blr,sex_m,age_ythadult_yge15,edu_aggregate_bas,1996,5.2
blr,sex_m,age_ythadult_yge15,edu_aggregate_bas,1997,3.4
blr,sex_m,age_ythadult_yge15,edu_aggregate_bas,1998,2.8
blr,sex_m,age_ythadult_yge15,edu_aggregate_bas,1999,18.93
blr,sex_m,age_ythadult_yge15,edu_aggregate_bas,2000,2.3
blr,sex_m,age_ythadult_yge15,edu_aggregate_bas,2001,2.8
blr,sex_m,age_ythadult_yge15,edu_aggregate_bas,2002,4.2
blr,sex_m,age_ythadult_yge15,edu_aggregate_bas,2003,4.1
blr,sex_m,age_ythadult_yge15,edu_aggregate_bas,2004,3
blr,sex_m,age_ythadult_yge15,edu_aggregate_bas,2005,2.2
blr,sex_m,age_ythadult_yge15,edu_aggregate_bas,2006,1.8
blr,sex_m,age_ythadult_yge15,edu_aggregate_bas,2007,1.6
blr,sex_m,age_ythadult_yge15,edu_aggregate_bas,2008,1.4
blr,sex_m,age_ythadult_yge15,edu_aggregate_bas,2009,15
blr,sex_m,age_ythadult_yge15,edu_aggregate_bas,2015,2.844
blr,sex_m,age_ythadult_yge15,edu_aggregate_bas,2016,7.51
blr,sex_m,age_ythadult_yge15,edu_aggregate_bas,2017,6.864
blr,sex_m,age_ythadult_yge15,edu_aggregate_bas,2018,5.033
blr,sex_m,age_ythadult_yge15,edu_aggregate_bas,2019,4.088
blr,sex_m,age_ythadult_yge15,edu_aggregate_bas,2020,5.495
blr,sex_m,age_ythadult_yge15,edu_aggregate_bas,2021,6.325
blr,sex_m,age_ythadult_yge15,edu_aggregate_bas,2022,4.158
blr,sex_m,age_ythadult_yge15,edu_aggregate_bas,2023,4.359
blr,sex_m,age_ythadult_yge15,edu_aggregate_bas,2024,2.674
blr,sex_m,age_ythadult_yge15,edu_aggregate_int,1993,3.5
blr,sex_m,age_ythadult_yge15,edu_aggregate_int,1994,5.3
blr,sex_m,age_ythadult_yge15,edu_aggregate_int,1995,6.4
blr,sex_m,age_ythadult_yge15,edu_aggregate_int,1996,9
blr,sex_m,age_ythadult_yge15,edu_aggregate_int,1997,5
blr,sex_m,age_ythadult_yge15,edu_aggregate_int,1998,3.9
blr,sex_m,age_ythadult_yge15,edu_aggregate_int,1999,125.58
blr,sex_m,age_ythadult_yge15,edu_aggregate_int,2000,4
blr,sex_m,age_ythadult_yge15,edu_aggregate_int,2001,4
blr,sex_m,age_ythadult_yge15,edu_aggregate_int,2002,5.3
blr,sex_m,age_ythadult_yge15,edu_aggregate_int,2003,5.4
blr,sex_m,age_ythadult_yge15,edu_aggregate_int,2004,8.6
blr,sex_m,age_ythadult_yge15,edu_aggregate_int,2005,6.8
blr,sex_m,age_ythadult_yge15,edu_aggregate_int,2006,5.9
blr,sex_m,age_ythadult_yge15,edu_aggregate_int,2007,5
blr,sex_m,age_ythadult_yge15,edu_aggregate_int,2008,5
blr,sex_m,age_ythadult_yge15,edu_aggregate_int,2009,139.98
blr,sex_m,age_ythadult_yge15,edu_aggregate_int,2015,18.477
blr,sex_m,age_ythadult_yge15,edu_aggregate_int,2016,164.328
blr,sex_m,age_ythadult_yge15,edu_aggregate_int,2017,158.234
blr,sex_m,age_ythadult_yge15,edu_aggregate_int,2018,128.006
blr,sex_m,age_ythadult_yge15,edu_aggregate_int,2019,110.181
blr,sex_m,age_ythadult_yge15,edu_aggregate_int,2020,99.017
blr,sex_m,age_ythadult_yge15,edu_aggregate_int,2021,96.35
blr,sex_m,age_ythadult_yge15,edu_aggregate_int,2022,83.334
blr,sex_m,age_ythadult_yge15,edu_aggregate_int,2023,80.231
blr,sex_m,age_ythadult_yge15,edu_aggregate_int,2024,64.217
blr,sex_m,age_ythadult_yge15,edu_aggregate_ltb,2009,0.11
blr,sex_m,age_ythadult_yge15,edu_aggregate_total,1993,22.3
blr,sex_m,age_ythadult_yge15,edu_aggregate_total,1994,36.7
blr,sex_m,age_ythadult_yge15,edu_aggregate_total,1995,46.7
blr,sex_m,age_ythadult_yge15,edu_aggregate_total,1996,66.1
blr,sex_m,age_ythadult_yge15,edu_aggregate_total,1997,42.1
blr,sex_m,age_ythadult_yge15,edu_aggregate_total,1998,35.3
blr,sex_m,age_ythadult_yge15,edu_aggregate_total,1999,162.02
blr,sex_m,age_ythadult_yge15,edu_aggregate_total,2000,37.6
blr,sex_m,age_ythadult_yge15,edu_aggregate_total,2001,40.9
blr,sex_m,age_ythadult_yge15,edu_aggregate_total,2002,47.8
blr,sex_m,age_ythadult_yge15,edu_aggregate_total,2003,46.1
blr,sex_m,age_ythadult_yge15,edu_aggregate_total,2004,25.5
blr,sex_m,age_ythadult_yge15,edu_aggregate_total,2005,21.1
blr,sex_m,age_ythadult_yge15,edu_aggregate_total,2006,17.7
blr,sex_m,age_ythadult_yge15,edu_aggregate_total,2007,15.2
blr,sex_m,age_ythadult_yge15,edu_aggregate_total,2008,14.7
blr,sex_m,age_ythadult_yge15,edu_aggregate_total,2009,174.84
blr,sex_m,age_ythadult_yge15,edu_aggregate_total,2015,28.15
blr,sex_m,age_ythadult_yge15,edu_aggregate_total,2016,193.963
blr,sex_m,age_ythadult_yge15,edu_aggregate_total,2017,189.135
blr,sex_m,age_ythadult_yge15,edu_aggregate_total,2018,154.833
blr,sex_m,age_ythadult_yge15,edu_aggregate_total,2019,132.258
blr,sex_m,age_ythadult_yge15,edu_aggregate_total,2020,123.399
blr,sex_m,age_ythadult_yge15,edu_aggregate_total,2021,119.366
blr,sex_m,age_ythadult_yge15,edu_aggregate_total,2022,106.679
blr,sex_m,age_ythadult_yge15,edu_aggregate_total,2023,103.023
blr,sex_m,age_ythadult_yge15,edu_aggregate_total,2024,83.888
blr,sex_m,age_ythadult_yge15,edu_aggregate_x,1999,0.06
blr,sex_m,age_ythadult_yge15,edu_aggregate_x,2009,0.23
blr,sex_m,age_ythadult_yge15,edu_isced97_2,2015,2.844
blr,sex_m,age_ythadult_yge15,edu_isced97_3,2015,8.758
blr,sex_m,age_ythadult_yge15,edu_isced97_4,2015,9.719
blr,sex_m,age_ythadult_yge15,edu_isced97_5,2015,6.829
blr,sex_m,age_ythadult_yge15,edu_isced97_total,2015,28.15
blr,sex_m,age_ythadult_yge25,edu_aggregate_adv,1999,15.75
blr,sex_m,age_ythadult_yge25,edu_aggregate_adv,2009,17.22
blr,sex_m,age_ythadult_yge25,edu_aggregate_adv,2016,20.513
blr,sex_m,age_ythadult_yge25,edu_aggregate_adv,2017,20.6
blr,sex_m,age_ythadult_yge25,edu_aggregate_adv,2018,18.936
blr,sex_m,age_ythadult_yge25,edu_aggregate_adv,2019,14.392
blr,sex_m,age_ythadult_yge25,edu_aggregate_adv,2020,16.687
blr,sex_m,age_ythadult_yge25,edu_aggregate_adv,2021,15.451
blr,sex_m,age_ythadult_yge25,edu_aggregate_adv,2022,16.738
blr,sex_m,age_ythadult_yge25,edu_aggregate_adv,2023,14.577
blr,sex_m,age_ythadult_yge25,edu_aggregate_adv,2024,13.566
blr,sex_m,age_ythadult_yge25,edu_aggregate_bas,1999,10.53
blr,sex_m,age_ythadult_yge25,edu_aggregate_bas,2009,9.91
blr,sex_m,age_ythadult_yge25,edu_aggregate_bas,2016,4.724
blr,sex_m,age_ythadult_yge25,edu_aggregate_bas,2017,6.143
blr,sex_m,age_ythadult_yge25,edu_aggregate_bas,2018,3.648
blr,sex_m,age_ythadult_yge25,edu_aggregate_bas,2019,2.873
blr,sex_m,age_ythadult_yge25,edu_aggregate_bas,2020,3.402
blr,sex_m,age_ythadult_yge25,edu_aggregate_bas,2021,3.162
blr,sex_m,age_ythadult_yge25,edu_aggregate_bas,2022,2.659
blr,sex_m,age_ythadult_yge25,edu_aggregate_bas,2023,1.958
blr,sex_m,age_ythadult_yge25,edu_aggregate_bas,2024,1.233
blr,sex_m,age_ythadult_yge25,edu_aggregate_int,1999,88.56
blr,sex_m,age_ythadult_yge25,edu_aggregate_int,2009,101.85
blr,sex_m,age_ythadult_yge25,edu_aggregate_int,2016,134.691
blr,sex_m,age_ythadult_yge25,edu_aggregate_int,2017,132.693
blr,sex_m,age_ythadult_yge25,edu_aggregate_int,2018,102.404
blr,sex_m,age_ythadult_yge25,edu_aggregate_int,2019,86.933
blr,sex_m,age_ythadult_yge25,edu_aggregate_int,2020,73.233
blr,sex_m,age_ythadult_yge25,edu_aggregate_int,2021,78.287
blr,sex_m,age_ythadult_yge25,edu_aggregate_int,2022,65.642
blr,sex_m,age_ythadult_yge25,edu_aggregate_int,2023,63.103
blr,sex_m,age_ythadult_yge25,edu_aggregate_int,2024,48.257
blr,sex_m,age_ythadult_yge25,edu_aggregate_ltb,2009,0.1
blr,sex_m,age_ythadult_yge25,edu_aggregate_total,1999,114.93
blr,sex_m,age_ythadult_yge25,edu_aggregate_total,2009,129.25
blr,sex_m,age_ythadult_yge25,edu_aggregate_total,2015,24.361
blr,sex_m,age_ythadult_yge25,edu_aggregate_total,2016,159.929
blr,sex_m,age_ythadult_yge25,edu_aggregate_total,2017,159.436
blr,sex_m,age_ythadult_yge25,edu_aggregate_total,2018,124.988
blr,sex_m,age_ythadult_yge25,edu_aggregate_total,2019,104.197
blr,sex_m,age_ythadult_yge25,edu_aggregate_total,2020,93.322
blr,sex_m,age_ythadult_yge25,edu_aggregate_total,2021,96.9
blr,sex_m,age_ythadult_yge25,edu_aggregate_total,2022,85.04
blr,sex_m,age_ythadult_yge25,edu_aggregate_total,2023,79.637
blr,sex_m,age_ythadult_yge25,edu_aggregate_total,2024,63.057
blr,sex_m,age_ythadult_yge25,edu_aggregate_x,1999,0.06
blr,sex_m,age_ythadult_yge25,edu_aggregate_x,2009,0.17
blr,sex_m,age_ythadult_yge25,edu_isced97_total,2015,24.361
blr,sex_t,age_10yrbands_total,edu_aggregate_adv,1999,33.06
blr,sex_t,age_10yrbands_total,edu_aggregate_adv,2009,37.87
blr,sex_t,age_10yrbands_total,edu_aggregate_adv,2015,12.655
blr,sex_t,age_10yrbands_total,edu_aggregate_adv,2016,46.368
blr,sex_t,age_10yrbands_total,edu_aggregate_adv,2017,50.369
blr,sex_t,age_10yrbands_total,edu_aggregate_adv,2018,45.271
blr,sex_t,age_10yrbands_total,edu_aggregate_adv,2019,36.089
blr,sex_t,age_10yrbands_total,edu_aggregate_adv,2020,46.665
blr,sex_t,age_10yrbands_total,edu_aggregate_adv,2021,38.407
blr,sex_t,age_10yrbands_total,edu_aggregate_adv,2022,40.994
blr,sex_t,age_10yrbands_total,edu_aggregate_adv,2023,38.737
blr,sex_t,age_10yrbands_total,edu_aggregate_adv,2024,36.84
blr,sex_t,age_10yrbands_total,edu_aggregate_bas,1999,30.57
blr,sex_t,age_10yrbands_total,edu_aggregate_bas,2009,20.51
blr,sex_t,age_10yrbands_total,edu_aggregate_bas,2015,4.18
blr,sex_t,age_10yrbands_total,edu_aggregate_bas,2016,9.206
blr,sex_t,age_10yrbands_total,edu_aggregate_bas,2017,10.201
blr,sex_t,age_10yrbands_total,edu_aggregate_bas,2018,8.033
blr,sex_t,age_10yrbands_total,edu_aggregate_bas,2019,6.705
blr,sex_t,age_10yrbands_total,edu_aggregate_bas,2020,7.996
blr,sex_t,age_10yrbands_total,edu_aggregate_bas,2021,8.649
blr,sex_t,age_10yrbands_total,edu_aggregate_bas,2022,7.355
blr,sex_t,age_10yrbands_total,edu_aggregate_bas,2023,7.462
blr,sex_t,age_10yrbands_total,edu_aggregate_bas,2024,4.853
blr,sex_t,age_10yrbands_total,edu_aggregate_int,1999,246.91
blr,sex_t,age_10yrbands_total,edu_aggregate_int,2009,224.43
blr,sex_t,age_10yrbands_total,edu_aggregate_int,2015,26.497
blr,sex_t,age_10yrbands_total,edu_aggregate_int,2016,246.188
blr,sex_t,age_10yrbands_total,edu_aggregate_int,2017,232.851
blr,sex_t,age_10yrbands_total,edu_aggregate_int,2018,191.603
blr,sex_t,age_10yrbands_total,edu_aggregate_int,2019,170.542
blr,sex_t,age_10yrbands_total,edu_aggregate_int,2020,151.496
blr,sex_t,age_10yrbands_total,edu_aggregate_int,2021,149.705
blr,sex_t,age_10yrbands_total,edu_aggregate_int,2022,131.308
blr,sex_t,age_10yrbands_total,edu_aggregate_int,2023,125.728
blr,sex_t,age_10yrbands_total,edu_aggregate_int,2024,108.722
blr,sex_t,age_10yrbands_total,edu_aggregate_ltb,2009,0.23
blr,sex_t,age_10yrbands_total,edu_aggregate_total,1999,310.67
blr,sex_t,age_10yrbands_total,edu_aggregate_total,2009,283.4
blr,sex_t,age_10yrbands_total,edu_aggregate_total,2015,43.332
blr,sex_t,age_10yrbands_total,edu_aggregate_total,2016,301.763
blr,sex_t,age_10yrbands_total,edu_aggregate_total,2017,293.421
blr,sex_t,age_10yrbands_total,edu_aggregate_total,2018,244.907
blr,sex_t,age_10yrbands_total,edu_aggregate_total,2019,213.337
blr,sex_t,age_10yrbands_total,edu_aggregate_total,2020,206.157
blr,sex_t,age_10yrbands_total,edu_aggregate_total,2021,196.86
blr,sex_t,age_10yrbands_total,edu_aggregate_total,2022,179.658
blr,sex_t,age_10yrbands_total,edu_aggregate_total,2023,172.056
blr,sex_t,age_10yrbands_total,edu_aggregate_total,2024,150.415
blr,sex_t,age_10yrbands_total,edu_aggregate_x,1999,0.1
blr,sex_t,age_10yrbands_total,edu_aggregate_x,2009,0.36
blr,sex_t,age_10yrbands_total,edu_isced97_2,2015,4.18
blr,sex_t,age_10yrbands_total,edu_isced97_3,2015,12.864
blr,sex_t,age_10yrbands_total,edu_isced97_4,2015,13.633
blr,sex_t,age_10yrbands_total,edu_isced97_5,2015,12.655
blr,sex_t,age_10yrbands_total,edu_isced97_total,2015,43.332
blr,sex_t,age_10yrbands_y15_24,edu_aggregate_adv,1999,2.94
blr,sex_t,age_10yrbands_y15_24,edu_aggregate_adv,2009,6.31
blr,sex_t,age_10yrbands_y15_24,edu_aggregate_adv,2016,5.703
blr,sex_t,age_10yrbands_y15_24,edu_aggregate_adv,2017,6.513
blr,sex_t,age_10yrbands_y15_24,edu_aggregate_adv,2018,5.206
blr,sex_t,age_10yrbands_y15_24,edu_aggregate_adv,2019,6.809
blr,sex_t,age_10yrbands_y15_24,edu_aggregate_adv,2020,8.033
blr,sex_t,age_10yrbands_y15_24,edu_aggregate_adv,2021,3.624
blr,sex_t,age_10yrbands_y15_24,edu_aggregate_adv,2022,5.733
blr,sex_t,age_10yrbands_y15_24,edu_aggregate_adv,2023,6.254
blr,sex_t,age_10yrbands_y15_24,edu_aggregate_adv,2024,6.098
blr,sex_t,age_10yrbands_y15_24,edu_aggregate_bas,1999,14.36
blr,sex_t,age_10yrbands_y15_24,edu_aggregate_bas,2009,7.48
blr,sex_t,age_10yrbands_y15_24,edu_aggregate_bas,2016,3.176
blr,sex_t,age_10yrbands_y15_24,edu_aggregate_bas,2017,1.717
blr,sex_t,age_10yrbands_y15_24,edu_aggregate_bas,2018,1.943
blr,sex_t,age_10yrbands_y15_24,edu_aggregate_bas,2019,1.902
blr,sex_t,age_10yrbands_y15_24,edu_aggregate_bas,2020,2.997
blr,sex_t,age_10yrbands_y15_24,edu_aggregate_bas,2021,3.99
blr,sex_t,age_10yrbands_y15_24,edu_aggregate_bas,2022,3.317
blr,sex_t,age_10yrbands_y15_24,edu_aggregate_bas,2023,4.163
blr,sex_t,age_10yrbands_y15_24,edu_aggregate_bas,2024,2.801
blr,sex_t,age_10yrbands_y15_24,edu_aggregate_int,1999,73.25
blr,sex_t,age_10yrbands_y15_24,edu_aggregate_int,2009,68.27
blr,sex_t,age_10yrbands_y15_24,edu_aggregate_int,2016,45.011
blr,sex_t,age_10yrbands_y15_24,edu_aggregate_int,2017,39.133
blr,sex_t,age_10yrbands_y15_24,edu_aggregate_int,2018,40.147
blr,sex_t,age_10yrbands_y15_24,edu_aggregate_int,2019,34.289
blr,sex_t,age_10yrbands_y15_24,edu_aggregate_int,2020,38.641
blr,sex_t,age_10yrbands_y15_24,edu_aggregate_int,2021,32.618
blr,sex_t,age_10yrbands_y15_24,edu_aggregate_int,2022,30.239
blr,sex_t,age_10yrbands_y15_24,edu_aggregate_int,2023,28.079
blr,sex_t,age_10yrbands_y15_24,edu_aggregate_int,2024,27.604
blr,sex_t,age_10yrbands_y15_24,edu_aggregate_ltb,2009,0.05
blr,sex_t,age_10yrbands_y15_24,edu_aggregate_total,1999,90.56
blr,sex_t,age_10yrbands_y15_24,edu_aggregate_total,2009,82.2
blr,sex_t,age_10yrbands_y15_24,edu_aggregate_total,2015,6.222
blr,sex_t,age_10yrbands_y15_24,edu_aggregate_total,2016,53.891
blr,sex_t,age_10yrbands_y15_24,edu_aggregate_total,2017,47.364
blr,sex_t,age_10yrbands_y15_24,edu_aggregate_total,2018,47.295
blr,sex_t,age_10yrbands_y15_24,edu_aggregate_total,2019,43
blr,sex_t,age_10yrbands_y15_24,edu_aggregate_total,2020,49.671
blr,sex_t,age_10yrbands_y15_24,edu_aggregate_total,2021,40.233
blr,sex_t,age_10yrbands_y15_24,edu_aggregate_total,2022,39.29
blr,sex_t,age_10yrbands_y15_24,edu_aggregate_total,2023,38.497
blr,sex_t,age_10yrbands_y15_24,edu_aggregate_total,2024,36.503
blr,sex_t,age_10yrbands_y15_24,edu_aggregate_x,2009,0.09
blr,sex_t,age_10yrbands_y15_24,edu_isced97_total,2015,6.222
blr,sex_t,age_10yrbands_y25_34,edu_aggregate_adv,1999,10.2
blr,sex_t,age_10yrbands_y25_34,edu_aggregate_adv,2009,12.62
blr,sex_t,age_10yrbands_y25_34,edu_aggregate_adv,2016,16.086
blr,sex_t,age_10yrbands_y25_34,edu_aggregate_adv,2017,17.922
blr,sex_t,age_10yrbands_y25_34,edu_aggregate_adv,2018,16.539
blr,sex_t,age_10yrbands_y25_34,edu_aggregate_adv,2019,13.032
blr,sex_t,age_10yrbands_y25_34,edu_aggregate_adv,2020,15.668
blr,sex_t,age_10yrbands_y25_34,edu_aggregate_adv,2021,10.995
blr,sex_t,age_10yrbands_y25_34,edu_aggregate_adv,2022,12.669
blr,sex_t,age_10yrbands_y25_34,edu_aggregate_adv,2023,11.106
blr,sex_t,age_10yrbands_y25_34,edu_aggregate_adv,2024,11.047
blr,sex_t,age_10yrbands_y25_34,edu_aggregate_bas,1999,4.05
blr,sex_t,age_10yrbands_y25_34,edu_aggregate_bas,2009,5.84
blr,sex_t,age_10yrbands_y25_34,edu_aggregate_bas,2016,2.21
blr,sex_t,age_10yrbands_y25_34,edu_aggregate_bas,2017,3.524
blr,sex_t,age_10yrbands_y25_34,edu_aggregate_bas,2018,2.444
blr,sex_t,age_10yrbands_y25_34,edu_aggregate_bas,2019,1.277
blr,sex_t,age_10yrbands_y25_34,edu_aggregate_bas,2020,1.535
blr,sex_t,age_10yrbands_y25_34,edu_aggregate_int,1999,75.22
blr,sex_t,age_10yrbands_y25_34,edu_aggregate_int,2009,54.66
blr,sex_t,age_10yrbands_y25_34,edu_aggregate_int,2016,68.623
blr,sex_t,age_10yrbands_y25_34,edu_aggregate_int,2017,59.138
blr,sex_t,age_10yrbands_y25_34,edu_aggregate_int,2018,42.375
blr,sex_t,age_10yrbands_y25_34,edu_aggregate_int,2019,37.487
blr,sex_t,age_10yrbands_y25_34,edu_aggregate_int,2020,28.979
blr,sex_t,age_10yrbands_y25_34,edu_aggregate_int,2021,32.622
blr,sex_t,age_10yrbands_y25_34,edu_aggregate_int,2022,25.914
blr,sex_t,age_10yrbands_y25_34,edu_aggregate_int,2023,21.171
blr,sex_t,age_10yrbands_y25_34,edu_aggregate_int,2024,19.494
blr,sex_t,age_10yrbands_y25_34,edu_aggregate_ltb,2009,0.09
blr,sex_t,age_10yrbands_y25_34,edu_aggregate_total,1999,89.53
blr,sex_t,age_10yrbands_y25_34,edu_aggregate_total,2009,73.31
blr,sex_t,age_10yrbands_y25_34,edu_aggregate_total,2015,9.273
blr,sex_t,age_10yrbands_y25_34,edu_aggregate_total,2016,86.919
blr,sex_t,age_10yrbands_y25_34,edu_aggregate_total,2017,80.584
blr,sex_t,age_10yrbands_y25_34,edu_aggregate_total,2018,61.358
blr,sex_t,age_10yrbands_y25_34,edu_aggregate_total,2019,51.796
blr,sex_t,age_10yrbands_y25_34,edu_aggregate_total,2020,46.182
blr,sex_t,age_10yrbands_y25_34,edu_aggregate_total,2021,44.05
blr,sex_t,age_10yrbands_y25_34,edu_aggregate_total,2022,39.38
blr,sex_t,age_10yrbands_y25_34,edu_aggregate_total,2023,33.214
blr,sex_t,age_10yrbands_y25_34,edu_aggregate_total,2024,30.691
blr,sex_t,age_10yrbands_y25_34,edu_aggregate_x,1999,0.05
blr,sex_t,age_10yrbands_y25_34,edu_aggregate_x,2009,0.1
blr,sex_t,age_10yrbands_y25_34,edu_isced97_total,2015,9.273
blr,sex_t,age_10yrbands_y35_44,edu_aggregate_adv,1999,11.42
blr,sex_t,age_10yrbands_y35_44,edu_aggregate_adv,2009,7.54
blr,sex_t,age_10yrbands_y35_44,edu_aggregate_adv,2016,9.732
blr,sex_t,age_10yrbands_y35_44,edu_aggregate_adv,2017,8.544
blr,sex_t,age_10yrbands_y35_44,edu_aggregate_adv,2018,8.64
blr,sex_t,age_10yrbands_y35_44,edu_aggregate_adv,2019,8.232
blr,sex_t,age_10yrbands_y35_44,edu_aggregate_adv,2020,11.637
blr,sex_t,age_10yrbands_y35_44,edu_aggregate_adv,2021,10.385
blr,sex_t,age_10yrbands_y35_44,edu_aggregate_adv,2022,10.36
blr,sex_t,age_10yrbands_y35_44,edu_aggregate_adv,2023,9.697
blr,sex_t,age_10yrbands_y35_44,edu_aggregate_adv,2024,10.066
blr,sex_t,age_10yrbands_y35_44,edu_aggregate_bas,1999,3.63
blr,sex_t,age_10yrbands_y35_44,edu_aggregate_bas,2009,2.66
blr,sex_t,age_10yrbands_y35_44,edu_aggregate_bas,2016,3.169
blr,sex_t,age_10yrbands_y35_44,edu_aggregate_bas,2017,3.629
blr,sex_t,age_10yrbands_y35_44,edu_aggregate_bas,2018,2.679
blr,sex_t,age_10yrbands_y35_44,edu_aggregate_bas,2019,1.986
blr,sex_t,age_10yrbands_y35_44,edu_aggregate_bas,2020,2.04
blr,sex_t,age_10yrbands_y35_44,edu_aggregate_bas,2021,2.332
blr,sex_t,age_10yrbands_y35_44,edu_aggregate_bas,2022,1.735
blr,sex_t,age_10yrbands_y35_44,edu_aggregate_bas,2023,1.191
blr,sex_t,age_10yrbands_y35_44,edu_aggregate_bas,2024,1.009
blr,sex_t,age_10yrbands_y35_44,edu_aggregate_int,1999,63.43
blr,sex_t,age_10yrbands_y35_44,edu_aggregate_int,2009,46.67
blr,sex_t,age_10yrbands_y35_44,edu_aggregate_int,2016,52.133
blr,sex_t,age_10yrbands_y35_44,edu_aggregate_int,2017,53.056
blr,sex_t,age_10yrbands_y35_44,edu_aggregate_int,2018,42.918
blr,sex_t,age_10yrbands_y35_44,edu_aggregate_int,2019,40.117
blr,sex_t,age_10yrbands_y35_44,edu_aggregate_int,2020,31.998
blr,sex_t,age_10yrbands_y35_44,edu_aggregate_int,2021,33.947
blr,sex_t,age_10yrbands_y35_44,edu_aggregate_int,2022,27.129
blr,sex_t,age_10yrbands_y35_44,edu_aggregate_int,2023,27.113
blr,sex_t,age_10yrbands_y35_44,edu_aggregate_int,2024,22.526
blr,sex_t,age_10yrbands_y35_44,edu_aggregate_ltb,2009,0.05
blr,sex_t,age_10yrbands_y35_44,edu_aggregate_total,1999,78.5
blr,sex_t,age_10yrbands_y35_44,edu_aggregate_total,2009,56.96
blr,sex_t,age_10yrbands_y35_44,edu_aggregate_total,2015,10.518
blr,sex_t,age_10yrbands_y35_44,edu_aggregate_total,2016,65.034
blr,sex_t,age_10yrbands_y35_44,edu_aggregate_total,2017,65.229
blr,sex_t,age_10yrbands_y35_44,edu_aggregate_total,2018,54.237
blr,sex_t,age_10yrbands_y35_44,edu_aggregate_total,2019,50.335
blr,sex_t,age_10yrbands_y35_44,edu_aggregate_total,2020,45.675
blr,sex_t,age_10yrbands_y35_44,edu_aggregate_total,2021,46.664
blr,sex_t,age_10yrbands_y35_44,edu_aggregate_total,2022,39.224
blr,sex_t,age_10yrbands_y35_44,edu_aggregate_total,2023,38.002
blr,sex_t,age_10yrbands_y35_44,edu_aggregate_total,2024,33.601
blr,sex_t,age_10yrbands_y35_44,edu_isced97_total,2015,10.518
blr,sex_t,age_10yrbands_y45_54,edu_aggregate_adv,1999,6.11
blr,sex_t,age_10yrbands_y45_54,edu_aggregate_adv,2009,7.72
blr,sex_t,age_10yrbands_y45_54,edu_aggregate_adv,2016,9.204
blr,sex_t,age_10yrbands_y45_54,edu_aggregate_adv,2017,7.905
blr,sex_t,age_10yrbands_y45_54,edu_aggregate_adv,2018,7.851
blr,sex_t,age_10yrbands_y45_54,edu_aggregate_adv,2019,4.131
blr,sex_t,age_10yrbands_y45_54,edu_aggregate_adv,2020,5.667
blr,sex_t,age_10yrbands_y45_54,edu_aggregate_adv,2021,7.275
blr,sex_t,age_10yrbands_y45_54,edu_aggregate_adv,2022,6.219
blr,sex_t,age_10yrbands_y45_54,edu_aggregate_adv,2023,6.358
blr,sex_t,age_10yrbands_y45_54,edu_aggregate_adv,2024,6.095
blr,sex_t,age_10yrbands_y45_54,edu_aggregate_bas,1999,5.22
blr,sex_t,age_10yrbands_y45_54,edu_aggregate_bas,2009,2.9
blr,sex_t,age_10yrbands_y45_54,edu_aggregate_bas,2017,0.652
blr,sex_t,age_10yrbands_y45_54,edu_aggregate_bas,2018,0.745
blr,sex_t,age_10yrbands_y45_54,edu_aggregate_bas,2019,1.101
blr,sex_t,age_10yrbands_y45_54,edu_aggregate_bas,2020,1.041
blr,sex_t,age_10yrbands_y45_54,edu_aggregate_bas,2021,1.424
blr,sex_t,age_10yrbands_y45_54,edu_aggregate_bas,2022,0.732
blr,sex_t,age_10yrbands_y45_54,edu_aggregate_bas,2023,1.235
blr,sex_t,age_10yrbands_y45_54,edu_aggregate_bas,2024,0.76
blr,sex_t,age_10yrbands_y45_54,edu_aggregate_int,1999,29.46
blr,sex_t,age_10yrbands_y45_54,edu_aggregate_int,2009,44.2
blr,sex_t,age_10yrbands_y45_54,edu_aggregate_int,2016,50.891
blr,sex_t,age_10yrbands_y45_54,edu_aggregate_int,2017,49.921
blr,sex_t,age_10yrbands_y45_54,edu_aggregate_int,2018,35.988
blr,sex_t,age_10yrbands_y45_54,edu_aggregate_int,2019,33.838
blr,sex_t,age_10yrbands_y45_54,edu_aggregate_int,2020,28.858
blr,sex_t,age_10yrbands_y45_54,edu_aggregate_int,2021,25.427
blr,sex_t,age_10yrbands_y45_54,edu_aggregate_int,2022,25.863
blr,sex_t,age_10yrbands_y45_54,edu_aggregate_int,2023,27.979
blr,sex_t,age_10yrbands_y45_54,edu_aggregate_int,2024,20.94
blr,sex_t,age_10yrbands_y45_54,edu_aggregate_total,1999,40.81
blr,sex_t,age_10yrbands_y45_54,edu_aggregate_total,2009,54.93
blr,sex_t,age_10yrbands_y45_54,edu_aggregate_total,2015,13.009
blr,sex_t,age_10yrbands_y45_54,edu_aggregate_total,2016,60.488
blr,sex_t,age_10yrbands_y45_54,edu_aggregate_total,2017,58.478
blr,sex_t,age_10yrbands_y45_54,edu_aggregate_total,2018,44.584
blr,sex_t,age_10yrbands_y45_54,edu_aggregate_total,2019,39.071
blr,sex_t,age_10yrbands_y45_54,edu_aggregate_total,2020,35.566
blr,sex_t,age_10yrbands_y45_54,edu_aggregate_total,2021,34.126
blr,sex_t,age_10yrbands_y45_54,edu_aggregate_total,2022,32.814
blr,sex_t,age_10yrbands_y45_54,edu_aggregate_total,2023,35.572
blr,sex_t,age_10yrbands_y45_54,edu_aggregate_total,2024,27.796
blr,sex_t,age_10yrbands_y45_54,edu_aggregate_x,2009,0.08
blr,sex_t,age_10yrbands_y45_54,edu_isced97_total,2015,13.009
blr,sex_t,age_10yrbands_y55_64,edu_aggregate_adv,1999,2.35
blr,sex_t,age_10yrbands_y55_64,edu_aggregate_adv,2009,3.21
blr,sex_t,age_10yrbands_y55_64,edu_aggregate_adv,2016,4.554
blr,sex_t,age_10yrbands_y55_64,edu_aggregate_adv,2017,8.248
blr,sex_t,age_10yrbands_y55_64,edu_aggregate_adv,2018,5.544
blr,sex_t,age_10yrbands_y55_64,edu_aggregate_adv,2019,2.808
blr,sex_t,age_10yrbands_y55_64,edu_aggregate_adv,2020,4.112
blr,sex_t,age_10yrbands_y55_64,edu_aggregate_adv,2021,4.876
blr,sex_t,age_10yrbands_y55_64,edu_aggregate_adv,2022,5.009
blr,sex_t,age_10yrbands_y55_64,edu_aggregate_adv,2023,4.628
blr,sex_t,age_10yrbands_y55_64,edu_aggregate_adv,2024,2.875
blr,sex_t,age_10yrbands_y55_64,edu_aggregate_bas,1999,3.2
blr,sex_t,age_10yrbands_y55_64,edu_aggregate_bas,2009,1.34
blr,sex_t,age_10yrbands_y55_64,edu_aggregate_bas,2017,0.598
blr,sex_t,age_10yrbands_y55_64,edu_aggregate_bas,2022,0.606
blr,sex_t,age_10yrbands_y55_64,edu_aggregate_int,1999,5.5
blr,sex_t,age_10yrbands_y55_64,edu_aggregate_int,2009,9.98
blr,sex_t,age_10yrbands_y55_64,edu_aggregate_int,2016,28.597
blr,sex_t,age_10yrbands_y55_64,edu_aggregate_int,2017,28.3
blr,sex_t,age_10yrbands_y55_64,edu_aggregate_int,2018,28.22
blr,sex_t,age_10yrbands_y55_64,edu_aggregate_int,2019,20.511
blr,sex_t,age_10yrbands_y55_64,edu_aggregate_int,2020,20.695
blr,sex_t,age_10yrbands_y55_64,edu_aggregate_int,2021,22.16
blr,sex_t,age_10yrbands_y55_64,edu_aggregate_int,2022,19.799
blr,sex_t,age_10yrbands_y55_64,edu_aggregate_int,2023,18.936
blr,sex_t,age_10yrbands_y55_64,edu_aggregate_int,2024,16.439
blr,sex_t,age_10yrbands_y55_64,edu_aggregate_total,1999,11.07
blr,sex_t,age_10yrbands_y55_64,edu_aggregate_total,2009,14.58
blr,sex_t,age_10yrbands_y55_64,edu_aggregate_total,2015,4.31
blr,sex_t,age_10yrbands_y55_64,edu_aggregate_total,2016,33.41
blr,sex_t,age_10yrbands_y55_64,edu_aggregate_total,2017,37.146
blr,sex_t,age_10yrbands_y55_64,edu_aggregate_total,2018,33.987
blr,sex_t,age_10yrbands_y55_64,edu_aggregate_total,2019,23.648
blr,sex_t,age_10yrbands_y55_64,edu_aggregate_total,2020,25.19
blr,sex_t,age_10yrbands_y55_64,edu_aggregate_total,2021,27.42
blr,sex_t,age_10yrbands_y55_64,edu_aggregate_total,2022,25.414
blr,sex_t,age_10yrbands_y55_64,edu_aggregate_total,2023,23.629
blr,sex_t,age_10yrbands_y55_64,edu_aggregate_total,2024,19.446
blr,sex_t,age_10yrbands_y55_64,edu_aggregate_x,2009,0.05
blr,sex_t,age_10yrbands_y55_64,edu_isced97_total,2015,4.31
blr,sex_t,age_10yrbands_yge65,edu_aggregate_adv,2009,0.47
blr,sex_t,age_10yrbands_yge65,edu_aggregate_adv,2016,1.089
blr,sex_t,age_10yrbands_yge65,edu_aggregate_adv,2017,1.237
blr,sex_t,age_10yrbands_yge65,edu_aggregate_adv,2018,1.492
blr,sex_t,age_10yrbands_yge65,edu_aggregate_adv,2019,1.077
blr,sex_t,age_10yrbands_yge65,edu_aggregate_adv,2020,1.548
blr,sex_t,age_10yrbands_yge65,edu_aggregate_adv,2021,1.251
blr,sex_t,age_10yrbands_yge65,edu_aggregate_adv,2022,1.004
blr,sex_t,age_10yrbands_yge65,edu_aggregate_adv,2023,0.693
blr,sex_t,age_10yrbands_yge65,edu_aggregate_adv,2024,0.658
blr,sex_t,age_10yrbands_yge65,edu_aggregate_bas,1999,0.11
blr,sex_t,age_10yrbands_yge65,edu_aggregate_bas,2009,0.29
blr,sex_t,age_10yrbands_yge65,edu_aggregate_int,1999,0.05
blr,sex_t,age_10yrbands_yge65,edu_aggregate_int,2009,0.65
blr,sex_t,age_10yrbands_yge65,edu_aggregate_int,2016,0.933
blr,sex_t,age_10yrbands_yge65,edu_aggregate_int,2017,3.302
blr,sex_t,age_10yrbands_yge65,edu_aggregate_int,2018,1.955
blr,sex_t,age_10yrbands_yge65,edu_aggregate_int,2019,4.3
blr,sex_t,age_10yrbands_yge65,edu_aggregate_int,2020,2.325
blr,sex_t,age_10yrbands_yge65,edu_aggregate_int,2021,2.931
blr,sex_t,age_10yrbands_yge65,edu_aggregate_int,2022,2.365
blr,sex_t,age_10yrbands_yge65,edu_aggregate_int,2023,2.45
blr,sex_t,age_10yrbands_yge65,edu_aggregate_int,2024,1.719
blr,sex_t,age_10yrbands_yge65,edu_aggregate_total,1999,0.2
blr,sex_t,age_10yrbands_yge65,edu_aggregate_total,2009,1.42
blr,sex_t,age_10yrbands_yge65,edu_aggregate_total,2016,2.021
blr,sex_t,age_10yrbands_yge65,edu_aggregate_total,2017,4.621
blr,sex_t,age_10yrbands_yge65,edu_aggregate_total,2018,3.447
blr,sex_t,age_10yrbands_yge65,edu_aggregate_total,2019,5.487
blr,sex_t,age_10yrbands_yge65,edu_aggregate_total,2020,3.873
blr,sex_t,age_10yrbands_yge65,edu_aggregate_total,2021,4.367
blr,sex_t,age_10yrbands_yge65,edu_aggregate_total,2022,3.536
blr,sex_t,age_10yrbands_yge65,edu_aggregate_total,2023,3.143
blr,sex_t,age_10yrbands_yge65,edu_aggregate_total,2024,2.377
blr,sex_t,age_aggregate_total,edu_aggregate_adv,1993,40.4
blr,sex_t,age_aggregate_total,edu_aggregate_adv,1994,68.4
blr,sex_t,age_aggregate_total,edu_aggregate_adv,1995,92.5
blr,sex_t,age_aggregate_total,edu_aggregate_adv,1996,131.5
blr,sex_t,age_aggregate_total,edu_aggregate_adv,1997,92.3
blr,sex_t,age_aggregate_total,edu_aggregate_adv,1998,79.6
blr,sex_t,age_aggregate_total,edu_aggregate_adv,1999,33.06
blr,sex_t,age_aggregate_total,edu_aggregate_adv,2000,74.6
blr,sex_t,age_aggregate_total,edu_aggregate_adv,2001,79.1
blr,sex_t,age_aggregate_total,edu_aggregate_adv,2002,95.7
blr,sex_t,age_aggregate_total,edu_aggregate_adv,2003,99.1
blr,sex_t,age_aggregate_total,edu_aggregate_adv,2004,40.8
blr,sex_t,age_aggregate_total,edu_aggregate_adv,2005,34.1
blr,sex_t,age_aggregate_total,edu_aggregate_adv,2006,25.9
blr,sex_t,age_aggregate_total,edu_aggregate_adv,2007,22.5
blr,sex_t,age_aggregate_total,edu_aggregate_adv,2008,19.1
blr,sex_t,age_aggregate_total,edu_aggregate_adv,2009,37.87
blr,sex_t,age_aggregate_total,edu_aggregate_adv,2015,12.655
blr,sex_t,age_aggregate_total,edu_aggregate_adv,2016,46.368
blr,sex_t,age_aggregate_total,edu_aggregate_adv,2017,50.369
blr,sex_t,age_aggregate_total,edu_aggregate_adv,2018,45.271
blr,sex_t,age_aggregate_total,edu_aggregate_adv,2019,36.089
blr,sex_t,age_aggregate_total,edu_aggregate_adv,2020,46.665
blr,sex_t,age_aggregate_total,edu_aggregate_adv,2021,38.407
blr,sex_t,age_aggregate_total,edu_aggregate_adv,2022,40.994
blr,sex_t,age_aggregate_total,edu_aggregate_adv,2023,38.737
blr,sex_t,age_aggregate_total,edu_aggregate_adv,2024,36.84
blr,sex_t,age_aggregate_total,edu_aggregate_bas,1993,11.3
blr,sex_t,age_aggregate_total,edu_aggregate_bas,1994,12
blr,sex_t,age_aggregate_total,edu_aggregate_bas,1995,12.6
blr,sex_t,age_aggregate_total,edu_aggregate_bas,1996,16.2
blr,sex_t,age_aggregate_total,edu_aggregate_bas,1997,10.8
blr,sex_t,age_aggregate_total,edu_aggregate_bas,1998,8.5
blr,sex_t,age_aggregate_total,edu_aggregate_bas,1999,30.57
blr,sex_t,age_aggregate_total,edu_aggregate_bas,2000,7.2
blr,sex_t,age_aggregate_total,edu_aggregate_bas,2001,8.1
blr,sex_t,age_aggregate_total,edu_aggregate_bas,2002,12.1
blr,sex_t,age_aggregate_total,edu_aggregate_bas,2003,12.4
blr,sex_t,age_aggregate_total,edu_aggregate_bas,2004,8.5
blr,sex_t,age_aggregate_total,edu_aggregate_bas,2005,7
blr,sex_t,age_aggregate_total,edu_aggregate_bas,2006,5.3
blr,sex_t,age_aggregate_total,edu_aggregate_bas,2007,4.4
blr,sex_t,age_aggregate_total,edu_aggregate_bas,2008,3.8
blr,sex_t,age_aggregate_total,edu_aggregate_bas,2009,20.51
blr,sex_t,age_aggregate_total,edu_aggregate_bas,2015,4.18
blr,sex_t,age_aggregate_total,edu_aggregate_bas,2016,9.206
blr,sex_t,age_aggregate_total,edu_aggregate_bas,2017,10.201
blr,sex_t,age_aggregate_total,edu_aggregate_bas,2018,8.033
blr,sex_t,age_aggregate_total,edu_aggregate_bas,2019,6.705
blr,sex_t,age_aggregate_total,edu_aggregate_bas,2020,7.996
blr,sex_t,age_aggregate_total,edu_aggregate_bas,2021,8.649
blr,sex_t,age_aggregate_total,edu_aggregate_bas,2022,7.355
blr,sex_t,age_aggregate_total,edu_aggregate_bas,2023,7.462
blr,sex_t,age_aggregate_total,edu_aggregate_bas,2024,4.853
blr,sex_t,age_aggregate_total,edu_aggregate_int,1993,14.6
blr,sex_t,age_aggregate_total,edu_aggregate_int,1994,20.8
blr,sex_t,age_aggregate_total,edu_aggregate_int,1995,25.9
blr,sex_t,age_aggregate_total,edu_aggregate_int,1996,34.8
blr,sex_t,age_aggregate_total,edu_aggregate_int,1997,23.1
blr,sex_t,age_aggregate_total,edu_aggregate_int,1998,17.8
blr,sex_t,age_aggregate_total,edu_aggregate_int,1999,246.91
blr,sex_t,age_aggregate_total,edu_aggregate_int,2000,14
blr,sex_t,age_aggregate_total,edu_aggregate_int,2001,15.7
blr,sex_t,age_aggregate_total,edu_aggregate_int,2002,22.7
blr,sex_t,age_aggregate_total,edu_aggregate_int,2003,24.6
blr,sex_t,age_aggregate_total,edu_aggregate_int,2004,33.7
blr,sex_t,age_aggregate_total,edu_aggregate_int,2005,26.8
blr,sex_t,age_aggregate_total,edu_aggregate_int,2006,20.8
blr,sex_t,age_aggregate_total,edu_aggregate_int,2007,17.2
blr,sex_t,age_aggregate_total,edu_aggregate_int,2008,14.4
blr,sex_t,age_aggregate_total,edu_aggregate_int,2009,224.43
blr,sex_t,age_aggregate_total,edu_aggregate_int,2015,26.497
blr,sex_t,age_aggregate_total,edu_aggregate_int,2016,246.188
blr,sex_t,age_aggregate_total,edu_aggregate_int,2017,232.851
blr,sex_t,age_aggregate_total,edu_aggregate_int,2018,191.603
blr,sex_t,age_aggregate_total,edu_aggregate_int,2019,170.542
blr,sex_t,age_aggregate_total,edu_aggregate_int,2020,151.496
blr,sex_t,age_aggregate_total,edu_aggregate_int,2021,149.705
blr,sex_t,age_aggregate_total,edu_aggregate_int,2022,131.308
blr,sex_t,age_aggregate_total,edu_aggregate_int,2023,125.728
blr,sex_t,age_aggregate_total,edu_aggregate_int,2024,108.722
blr,sex_t,age_aggregate_total,edu_aggregate_ltb,2009,0.23
blr,sex_t,age_aggregate_total,edu_aggregate_total,1993,66.3
blr,sex_t,age_aggregate_total,edu_aggregate_total,1994,101.2
blr,sex_t,age_aggregate_total,edu_aggregate_total,1995,131
blr,sex_t,age_aggregate_total,edu_aggregate_total,1996,182.5
blr,sex_t,age_aggregate_total,edu_aggregate_total,1997,126.2
blr,sex_t,age_aggregate_total,edu_aggregate_total,1998,105.9
blr,sex_t,age_aggregate_total,edu_aggregate_total,1999,310.67
blr,sex_t,age_aggregate_total,edu_aggregate_total,2000,95.8
blr,sex_t,age_aggregate_total,edu_aggregate_total,2001,102.9
blr,sex_t,age_aggregate_total,edu_aggregate_total,2002,130.5
blr,sex_t,age_aggregate_total,edu_aggregate_total,2003,136.1
blr,sex_t,age_aggregate_total,edu_aggregate_total,2004,83
blr,sex_t,age_aggregate_total,edu_aggregate_total,2005,67.9
blr,sex_t,age_aggregate_total,edu_aggregate_total,2006,52
blr,sex_t,age_aggregate_total,edu_aggregate_total,2007,44.1
blr,sex_t,age_aggregate_total,edu_aggregate_total,2008,37.3
blr,sex_t,age_aggregate_total,edu_aggregate_total,2009,283.4
blr,sex_t,age_aggregate_total,edu_aggregate_total,2015,43.332
blr,sex_t,age_aggregate_total,edu_aggregate_total,2016,301.763
blr,sex_t,age_aggregate_total,edu_aggregate_total,2017,293.421
blr,sex_t,age_aggregate_total,edu_aggregate_total,2018,244.907
blr,sex_t,age_aggregate_total,edu_aggregate_total,2019,213.337
blr,sex_t,age_aggregate_total,edu_aggregate_total,2020,206.157
blr,sex_t,age_aggregate_total,edu_aggregate_total,2021,196.86
blr,sex_t,age_aggregate_total,edu_aggregate_total,2022,179.658
blr,sex_t,age_aggregate_total,edu_aggregate_total,2023,172.056
blr,sex_t,age_aggregate_total,edu_aggregate_total,2024,150.415
blr,sex_t,age_aggregate_total,edu_aggregate_x,1999,0.1
blr,sex_t,age_aggregate_total,edu_aggregate_x,2009,0.36
blr,sex_t,age_aggregate_total,edu_isced97_2,2015,4.18
blr,sex_t,age_aggregate_total,edu_isced97_3,2015,12.864
blr,sex_t,age_aggregate_total,edu_isced97_4,2015,13.633
blr,sex_t,age_aggregate_total,edu_isced97_5,2015,12.655
blr,sex_t,age_aggregate_total,edu_isced97_total,2015,43.332
blr,sex_t,age_aggregate_y15_24,edu_aggregate_adv,1999,2.94
blr,sex_t,age_aggregate_y15_24,edu_aggregate_adv,2009,6.31
blr,sex_t,age_aggregate_y15_24,edu_aggregate_adv,2016,5.703
blr,sex_t,age_aggregate_y15_24,edu_aggregate_adv,2017,6.513
blr,sex_t,age_aggregate_y15_24,edu_aggregate_adv,2018,5.206
blr,sex_t,age_aggregate_y15_24,edu_aggregate_adv,2019,6.809
blr,sex_t,age_aggregate_y15_24,edu_aggregate_adv,2020,8.033
blr,sex_t,age_aggregate_y15_24,edu_aggregate_adv,2021,3.624
blr,sex_t,age_aggregate_y15_24,edu_aggregate_adv,2022,5.733
blr,sex_t,age_aggregate_y15_24,edu_aggregate_adv,2023,6.254
blr,sex_t,age_aggregate_y15_24,edu_aggregate_adv,2024,6.098
blr,sex_t,age_aggregate_y15_24,edu_aggregate_bas,1999,14.36
blr,sex_t,age_aggregate_y15_24,edu_aggregate_bas,2009,7.48
blr,sex_t,age_aggregate_y15_24,edu_aggregate_bas,2016,3.176
blr,sex_t,age_aggregate_y15_24,edu_aggregate_bas,2017,1.717
blr,sex_t,age_aggregate_y15_24,edu_aggregate_bas,2018,1.943
blr,sex_t,age_aggregate_y15_24,edu_aggregate_bas,2019,1.902
blr,sex_t,age_aggregate_y15_24,edu_aggregate_bas,2020,2.997
blr,sex_t,age_aggregate_y15_24,edu_aggregate_bas,2021,3.99
blr,sex_t,age_aggregate_y15_24,edu_aggregate_bas,2022,3.317
blr,sex_t,age_aggregate_y15_24,edu_aggregate_bas,2023,4.163
blr,sex_t,age_aggregate_y15_24,edu_aggregate_bas,2024,2.801
blr,sex_t,age_aggregate_y15_24,edu_aggregate_int,1999,73.25
blr,sex_t,age_aggregate_y15_24,edu_aggregate_int,2009,68.27
blr,sex_t,age_aggregate_y15_24,edu_aggregate_int,2016,45.011
blr,sex_t,age_aggregate_y15_24,edu_aggregate_int,2017,39.133
blr,sex_t,age_aggregate_y15_24,edu_aggregate_int,2018,40.147
blr,sex_t,age_aggregate_y15_24,edu_aggregate_int,2019,34.289
blr,sex_t,age_aggregate_y15_24,edu_aggregate_int,2020,38.641
blr,sex_t,age_aggregate_y15_24,edu_aggregate_int,2021,32.618
blr,sex_t,age_aggregate_y15_24,edu_aggregate_int,2022,30.239
blr,sex_t,age_aggregate_y15_24,edu_aggregate_int,2023,28.079
blr,sex_t,age_aggregate_y15_24,edu_aggregate_int,2024,27.604
blr,sex_t,age_aggregate_y15_24,edu_aggregate_ltb,2009,0.05
blr,sex_t,age_aggregate_y15_24,edu_aggregate_total,1999,90.56
blr,sex_t,age_aggregate_y15_24,edu_aggregate_total,2009,82.2
blr,sex_t,age_aggregate_y15_24,edu_aggregate_total,2015,6.222
blr,sex_t,age_aggregate_y15_24,edu_aggregate_total,2016,53.891
blr,sex_t,age_aggregate_y15_24,edu_aggregate_total,2017,47.364
blr,sex_t,age_aggregate_y15_24,edu_aggregate_total,2018,47.295
blr,sex_t,age_aggregate_y15_24,edu_aggregate_total,2019,43
blr,sex_t,age_aggregate_y15_24,edu_aggregate_total,2020,49.671
blr,sex_t,age_aggregate_y15_24,edu_aggregate_total,2021,40.233
blr,sex_t,age_aggregate_y15_24,edu_aggregate_total,2022,39.29
blr,sex_t,age_aggregate_y15_24,edu_aggregate_total,2023,38.497
blr,sex_t,age_aggregate_y15_24,edu_aggregate_total,2024,36.503
blr,sex_t,age_aggregate_y15_24,edu_aggregate_x,2009,0.09
blr,sex_t,age_aggregate_y15_24,edu_isced97_total,2015,6.222
blr,sex_t,age_aggregate_y25_54,edu_aggregate_adv,1999,27.73
blr,sex_t,age_aggregate_y25_54,edu_aggregate_adv,2009,27.88
blr,sex_t,age_aggregate_y25_54,edu_aggregate_adv,2016,35.022
blr,sex_t,age_aggregate_y25_54,edu_aggregate_adv,2017,34.37
blr,sex_t,age_aggregate_y25_54,edu_aggregate_adv,2018,33.03
blr,sex_t,age_aggregate_y25_54,edu_aggregate_adv,2019,25.395
blr,sex_t,age_aggregate_y25_54,edu_aggregate_adv,2020,32.972
blr,sex_t,age_aggregate_y25_54,edu_aggregate_adv,2021,28.655
blr,sex_t,age_aggregate_y25_54,edu_aggregate_adv,2022,29.248
blr,sex_t,age_aggregate_y25_54,edu_aggregate_adv,2023,27.162
blr,sex_t,age_aggregate_y25_54,edu_aggregate_adv,2024,27.209
blr,sex_t,age_aggregate_y25_54,edu_aggregate_bas,1999,12.9
blr,sex_t,age_aggregate_y25_54,edu_aggregate_bas,2009,11.4
blr,sex_t,age_aggregate_y25_54,edu_aggregate_bas,2016,5.772
blr,sex_t,age_aggregate_y25_54,edu_aggregate_bas,2017,7.805
blr,sex_t,age_aggregate_y25_54,edu_aggregate_bas,2018,5.867
blr,sex_t,age_aggregate_y25_54,edu_aggregate_bas,2019,4.364
blr,sex_t,age_aggregate_y25_54,edu_aggregate_bas,2020,4.616
blr,sex_t,age_aggregate_y25_54,edu_aggregate_bas,2021,4.189
blr,sex_t,age_aggregate_y25_54,edu_aggregate_bas,2022,3.264
blr,sex_t,age_aggregate_y25_54,edu_aggregate_bas,2023,3.233
blr,sex_t,age_aggregate_y25_54,edu_aggregate_bas,2024,1.919
blr,sex_t,age_aggregate_y25_54,edu_aggregate_int,1999,168.11
blr,sex_t,age_aggregate_y25_54,edu_aggregate_int,2009,145.53
blr,sex_t,age_aggregate_y25_54,edu_aggregate_int,2016,171.648
blr,sex_t,age_aggregate_y25_54,edu_aggregate_int,2017,162.115
blr,sex_t,age_aggregate_y25_54,edu_aggregate_int,2018,121.281
blr,sex_t,age_aggregate_y25_54,edu_aggregate_int,2019,111.443
blr,sex_t,age_aggregate_y25_54,edu_aggregate_int,2020,89.835
blr,sex_t,age_aggregate_y25_54,edu_aggregate_int,2021,91.996
blr,sex_t,age_aggregate_y25_54,edu_aggregate_int,2022,78.906
blr,sex_t,age_aggregate_y25_54,edu_aggregate_int,2023,76.263
blr,sex_t,age_aggregate_y25_54,edu_aggregate_int,2024,62.961
blr,sex_t,age_aggregate_y25_54,edu_aggregate_ltb,2009,0.17
blr,sex_t,age_aggregate_y25_54,edu_aggregate_total,1999,208.84
blr,sex_t,age_aggregate_y25_54,edu_aggregate_total,2009,185.2
blr,sex_t,age_aggregate_y25_54,edu_aggregate_total,2015,32.8
blr,sex_t,age_aggregate_y25_54,edu_aggregate_total,2016,212.441
blr,sex_t,age_aggregate_y25_54,edu_aggregate_total,2017,204.29
blr,sex_t,age_aggregate_y25_54,edu_aggregate_total,2018,160.178
blr,sex_t,age_aggregate_y25_54,edu_aggregate_total,2019,141.202
blr,sex_t,age_aggregate_y25_54,edu_aggregate_total,2020,127.423
blr,sex_t,age_aggregate_y25_54,edu_aggregate_total,2021,124.841
blr,sex_t,age_aggregate_y25_54,edu_aggregate_total,2022,111.418
blr,sex_t,age_aggregate_y25_54,edu_aggregate_total,2023,106.787
blr,sex_t,age_aggregate_y25_54,edu_aggregate_total,2024,92.088
blr,sex_t,age_aggregate_y25_54,edu_aggregate_x,1999,0.08
blr,sex_t,age_aggregate_y25_54,edu_aggregate_x,2009,0.22
blr,sex_t,age_aggregate_y25_54,edu_isced97_total,2015,32.8
blr,sex_t,age_aggregate_y55_64,edu_aggregate_adv,1999,2.35
blr,sex_t,age_aggregate_y55_64,edu_aggregate_adv,2009,3.21
blr,sex_t,age_aggregate_y55_64,edu_aggregate_adv,2016,4.554
blr,sex_t,age_aggregate_y55_64,edu_aggregate_adv,2017,8.248
blr,sex_t,age_aggregate_y55_64,edu_aggregate_adv,2018,5.544
blr,sex_t,age_aggregate_y55_64,edu_aggregate_adv,2019,2.808
blr,sex_t,age_aggregate_y55_64,edu_aggregate_adv,2020,4.112
blr,sex_t,age_aggregate_y55_64,edu_aggregate_adv,2021,4.876
blr,sex_t,age_aggregate_y55_64,edu_aggregate_adv,2022,5.009
blr,sex_t,age_aggregate_y55_64,edu_aggregate_adv,2023,4.628
blr,sex_t,age_aggregate_y55_64,edu_aggregate_adv,2024,2.875
blr,sex_t,age_aggregate_y55_64,edu_aggregate_bas,1999,3.2
blr,sex_t,age_aggregate_y55_64,edu_aggregate_bas,2009,1.34
blr,sex_t,age_aggregate_y55_64,edu_aggregate_bas,2017,0.598
blr,sex_t,age_aggregate_y55_64,edu_aggregate_bas,2022,0.606
blr,sex_t,age_aggregate_y55_64,edu_aggregate_int,1999,5.5
blr,sex_t,age_aggregate_y55_64,edu_aggregate_int,2009,9.98
blr,sex_t,age_aggregate_y55_64,edu_aggregate_int,2016,28.597
blr,sex_t,age_aggregate_y55_64,edu_aggregate_int,2017,28.3
blr,sex_t,age_aggregate_y55_64,edu_aggregate_int,2018,28.22
blr,sex_t,age_aggregate_y55_64,edu_aggregate_int,2019,20.511
blr,sex_t,age_aggregate_y55_64,edu_aggregate_int,2020,20.695
blr,sex_t,age_aggregate_y55_64,edu_aggregate_int,2021,22.16
blr,sex_t,age_aggregate_y55_64,edu_aggregate_int,2022,19.799
blr,sex_t,age_aggregate_y55_64,edu_aggregate_int,2023,18.936
blr,sex_t,age_aggregate_y55_64,edu_aggregate_int,2024,16.439
blr,sex_t,age_aggregate_y55_64,edu_aggregate_total,1999,11.07
blr,sex_t,age_aggregate_y55_64,edu_aggregate_total,2009,14.58
blr,sex_t,age_aggregate_y55_64,edu_aggregate_total,2015,4.31
blr,sex_t,age_aggregate_y55_64,edu_aggregate_total,2016,33.41
blr,sex_t,age_aggregate_y55_64,edu_aggregate_total,2017,37.146
blr,sex_t,age_aggregate_y55_64,edu_aggregate_total,2018,33.987
blr,sex_t,age_aggregate_y55_64,edu_aggregate_total,2019,23.648
blr,sex_t,age_aggregate_y55_64,edu_aggregate_total,2020,25.19
blr,sex_t,age_aggregate_y55_64,edu_aggregate_total,2021,27.42
blr,sex_t,age_aggregate_y55_64,edu_aggregate_total,2022,25.414
blr,sex_t,age_aggregate_y55_64,edu_aggregate_total,2023,23.629
blr,sex_t,age_aggregate_y55_64,edu_aggregate_total,2024,19.446
blr,sex_t,age_aggregate_y55_64,edu_aggregate_x,2009,0.05
blr,sex_t,age_aggregate_y55_64,edu_isced97_total,2015,4.31
blr,sex_t,age_aggregate_yge65,edu_aggregate_adv,2009,0.47
blr,sex_t,age_aggregate_yge65,edu_aggregate_adv,2016,1.089
blr,sex_t,age_aggregate_yge65,edu_aggregate_adv,2017,1.237
blr,sex_t,age_aggregate_yge65,edu_aggregate_adv,2018,1.492
blr,sex_t,age_aggregate_yge65,edu_aggregate_adv,2019,1.077
blr,sex_t,age_aggregate_yge65,edu_aggregate_adv,2020,1.548
blr,sex_t,age_aggregate_yge65,edu_aggregate_adv,2021,1.251
blr,sex_t,age_aggregate_yge65,edu_aggregate_adv,2022,1.004
blr,sex_t,age_aggregate_yge65,edu_aggregate_adv,2023,0.693
blr,sex_t,age_aggregate_yge65,edu_aggregate_adv,2024,0.658
blr,sex_t,age_aggregate_yge65,edu_aggregate_bas,1999,0.11
blr,sex_t,age_aggregate_yge65,edu_aggregate_bas,2009,0.29
blr,sex_t,age_aggregate_yge65,edu_aggregate_int,1999,0.05
blr,sex_t,age_aggregate_yge65,edu_aggregate_int,2009,0.65
blr,sex_t,age_aggregate_yge65,edu_aggregate_int,2016,0.933
blr,sex_t,age_aggregate_yge65,edu_aggregate_int,2017,3.302
blr,sex_t,age_aggregate_yge65,edu_aggregate_int,2018,1.955
blr,sex_t,age_aggregate_yge65,edu_aggregate_int,2019,4.3
blr,sex_t,age_aggregate_yge65,edu_aggregate_int,2020,2.325
blr,sex_t,age_aggregate_yge65,edu_aggregate_int,2021,2.931
blr,sex_t,age_aggregate_yge65,edu_aggregate_int,2022,2.365
blr,sex_t,age_aggregate_yge65,edu_aggregate_int,2023,2.45
blr,sex_t,age_aggregate_yge65,edu_aggregate_int,2024,1.719
blr,sex_t,age_aggregate_yge65,edu_aggregate_total,1999,0.2
blr,sex_t,age_aggregate_yge65,edu_aggregate_total,2009,1.42
blr,sex_t,age_aggregate_yge65,edu_aggregate_total,2016,2.021
blr,sex_t,age_aggregate_yge65,edu_aggregate_total,2017,4.621
blr,sex_t,age_aggregate_yge65,edu_aggregate_total,2018,3.447
blr,sex_t,age_aggregate_yge65,edu_aggregate_total,2019,5.487
blr,sex_t,age_aggregate_yge65,edu_aggregate_total,2020,3.873
blr,sex_t,age_aggregate_yge65,edu_aggregate_total,2021,4.367
blr,sex_t,age_aggregate_yge65,edu_aggregate_total,2022,3.536
blr,sex_t,age_aggregate_yge65,edu_aggregate_total,2023,3.143
blr,sex_t,age_aggregate_yge65,edu_aggregate_total,2024,2.377
blr,sex_t,age_ythadult_y15_24,edu_aggregate_adv,1999,2.94
blr,sex_t,age_ythadult_y15_24,edu_aggregate_adv,2009,6.31
blr,sex_t,age_ythadult_y15_24,edu_aggregate_adv,2016,5.703
blr,sex_t,age_ythadult_y15_24,edu_aggregate_adv,2017,6.513
blr,sex_t,age_ythadult_y15_24,edu_aggregate_adv,2018,5.206
blr,sex_t,age_ythadult_y15_24,edu_aggregate_adv,2019,6.809
blr,sex_t,age_ythadult_y15_24,edu_aggregate_adv,2020,8.033
blr,sex_t,age_ythadult_y15_24,edu_aggregate_adv,2021,3.624
blr,sex_t,age_ythadult_y15_24,edu_aggregate_adv,2022,5.733
blr,sex_t,age_ythadult_y15_24,edu_aggregate_adv,2023,6.254
blr,sex_t,age_ythadult_y15_24,edu_aggregate_adv,2024,6.098
blr,sex_t,age_ythadult_y15_24,edu_aggregate_bas,1999,14.36
blr,sex_t,age_ythadult_y15_24,edu_aggregate_bas,2009,7.48
blr,sex_t,age_ythadult_y15_24,edu_aggregate_bas,2016,3.176
blr,sex_t,age_ythadult_y15_24,edu_aggregate_bas,2017,1.717
blr,sex_t,age_ythadult_y15_24,edu_aggregate_bas,2018,1.943
blr,sex_t,age_ythadult_y15_24,edu_aggregate_bas,2019,1.902
blr,sex_t,age_ythadult_y15_24,edu_aggregate_bas,2020,2.997
blr,sex_t,age_ythadult_y15_24,edu_aggregate_bas,2021,3.99
blr,sex_t,age_ythadult_y15_24,edu_aggregate_bas,2022,3.317
blr,sex_t,age_ythadult_y15_24,edu_aggregate_bas,2023,4.163
blr,sex_t,age_ythadult_y15_24,edu_aggregate_bas,2024,2.801
blr,sex_t,age_ythadult_y15_24,edu_aggregate_int,1999,73.25
blr,sex_t,age_ythadult_y15_24,edu_aggregate_int,2009,68.27
blr,sex_t,age_ythadult_y15_24,edu_aggregate_int,2016,45.011
blr,sex_t,age_ythadult_y15_24,edu_aggregate_int,2017,39.133
blr,sex_t,age_ythadult_y15_24,edu_aggregate_int,2018,40.147
blr,sex_t,age_ythadult_y15_24,edu_aggregate_int,2019,34.289
blr,sex_t,age_ythadult_y15_24,edu_aggregate_int,2020,38.641
blr,sex_t,age_ythadult_y15_24,edu_aggregate_int,2021,32.618
blr,sex_t,age_ythadult_y15_24,edu_aggregate_int,2022,30.239
blr,sex_t,age_ythadult_y15_24,edu_aggregate_int,2023,28.079
blr,sex_t,age_ythadult_y15_24,edu_aggregate_int,2024,27.604
blr,sex_t,age_ythadult_y15_24,edu_aggregate_ltb,2009,0.05
blr,sex_t,age_ythadult_y15_24,edu_aggregate_total,1999,90.56
blr,sex_t,age_ythadult_y15_24,edu_aggregate_total,2009,82.2
blr,sex_t,age_ythadult_y15_24,edu_aggregate_total,2015,6.222
blr,sex_t,age_ythadult_y15_24,edu_aggregate_total,2016,53.891
blr,sex_t,age_ythadult_y15_24,edu_aggregate_total,2017,47.364
blr,sex_t,age_ythadult_y15_24,edu_aggregate_total,2018,47.295
blr,sex_t,age_ythadult_y15_24,edu_aggregate_total,2019,43
blr,sex_t,age_ythadult_y15_24,edu_aggregate_total,2020,49.671
blr,sex_t,age_ythadult_y15_24,edu_aggregate_total,2021,40.233
blr,sex_t,age_ythadult_y15_24,edu_aggregate_total,2022,39.29
blr,sex_t,age_ythadult_y15_24,edu_aggregate_total,2023,38.497
blr,sex_t,age_ythadult_y15_24,edu_aggregate_total,2024,36.503
blr,sex_t,age_ythadult_y15_24,edu_aggregate_x,2009,0.09
blr,sex_t,age_ythadult_y15_24,edu_isced97_total,2015,6.222
blr,sex_t,age_ythadult_y15_64,edu_aggregate_adv,1999,33.02
blr,sex_t,age_ythadult_y15_64,edu_aggregate_adv,2009,37.4
blr,sex_t,age_ythadult_y15_64,edu_aggregate_adv,2016,45.279
blr,sex_t,age_ythadult_y15_64,edu_aggregate_adv,2017,49.132
blr,sex_t,age_ythadult_y15_64,edu_aggregate_adv,2018,43.78
blr,sex_t,age_ythadult_y15_64,edu_aggregate_adv,2019,35.012
blr,sex_t,age_ythadult_y15_64,edu_aggregate_adv,2020,45.117
blr,sex_t,age_ythadult_y15_64,edu_aggregate_adv,2021,37.156
blr,sex_t,age_ythadult_y15_64,edu_aggregate_adv,2022,39.99
blr,sex_t,age_ythadult_y15_64,edu_aggregate_adv,2023,38.044
blr,sex_t,age_ythadult_y15_64,edu_aggregate_adv,2024,36.181
blr,sex_t,age_ythadult_y15_64,edu_aggregate_bas,1999,30.46
blr,sex_t,age_ythadult_y15_64,edu_aggregate_bas,2009,20.22
blr,sex_t,age_ythadult_y15_64,edu_aggregate_bas,2016,9.206
blr,sex_t,age_ythadult_y15_64,edu_aggregate_bas,2017,10.12
blr,sex_t,age_ythadult_y15_64,edu_aggregate_bas,2018,8.033
blr,sex_t,age_ythadult_y15_64,edu_aggregate_bas,2019,6.595
blr,sex_t,age_ythadult_y15_64,edu_aggregate_bas,2020,7.996
blr,sex_t,age_ythadult_y15_64,edu_aggregate_bas,2021,8.464
blr,sex_t,age_ythadult_y15_64,edu_aggregate_bas,2022,7.188
blr,sex_t,age_ythadult_y15_64,edu_aggregate_bas,2023,7.462
blr,sex_t,age_ythadult_y15_64,edu_aggregate_bas,2024,4.853
blr,sex_t,age_ythadult_y15_64,edu_aggregate_int,1999,246.86
blr,sex_t,age_ythadult_y15_64,edu_aggregate_int,2009,223.78
blr,sex_t,age_ythadult_y15_64,edu_aggregate_int,2016,245.256
blr,sex_t,age_ythadult_y15_64,edu_aggregate_int,2017,229.549
blr,sex_t,age_ythadult_y15_64,edu_aggregate_int,2018,189.648
blr,sex_t,age_ythadult_y15_64,edu_aggregate_int,2019,166.242
blr,sex_t,age_ythadult_y15_64,edu_aggregate_int,2020,149.171
blr,sex_t,age_ythadult_y15_64,edu_aggregate_int,2021,146.774
blr,sex_t,age_ythadult_y15_64,edu_aggregate_int,2022,128.943
blr,sex_t,age_ythadult_y15_64,edu_aggregate_int,2023,123.278
blr,sex_t,age_ythadult_y15_64,edu_aggregate_int,2024,107.004
blr,sex_t,age_ythadult_y15_64,edu_aggregate_total,1999,310.47
blr,sex_t,age_ythadult_y15_64,edu_aggregate_total,2009,281.98
blr,sex_t,age_ythadult_y15_64,edu_aggregate_total,2015,43.332
blr,sex_t,age_ythadult_y15_64,edu_aggregate_total,2016,299.742
blr,sex_t,age_ythadult_y15_64,edu_aggregate_total,2017,288.801
blr,sex_t,age_ythadult_y15_64,edu_aggregate_total,2018,241.46
blr,sex_t,age_ythadult_y15_64,edu_aggregate_total,2019,207.85
blr,sex_t,age_ythadult_y15_64,edu_aggregate_total,2020,202.284
blr,sex_t,age_ythadult_y15_64,edu_aggregate_total,2021,192.493
blr,sex_t,age_ythadult_y15_64,edu_aggregate_total,2022,176.121
blr,sex_t,age_ythadult_y15_64,edu_aggregate_total,2023,168.914
blr,sex_t,age_ythadult_y15_64,edu_aggregate_total,2024,148.038
blr,sex_t,age_ythadult_y15_64,edu_aggregate_x,1999,0.1
blr,sex_t,age_ythadult_y15_64,edu_aggregate_x,2009,0.36
blr,sex_t,age_ythadult_y15_64,edu_isced97_total,2015,43.332
blr,sex_t,age_ythadult_yge15,edu_aggregate_adv,1993,40.4
blr,sex_t,age_ythadult_yge15,edu_aggregate_adv,1994,68.4
blr,sex_t,age_ythadult_yge15,edu_aggregate_adv,1995,92.5
blr,sex_t,age_ythadult_yge15,edu_aggregate_adv,1996,131.5
blr,sex_t,age_ythadult_yge15,edu_aggregate_adv,1997,92.3
blr,sex_t,age_ythadult_yge15,edu_aggregate_adv,1998,79.6
blr,sex_t,age_ythadult_yge15,edu_aggregate_adv,1999,33.06
blr,sex_t,age_ythadult_yge15,edu_aggregate_adv,2000,74.6
blr,sex_t,age_ythadult_yge15,edu_aggregate_adv,2001,79.1
blr,sex_t,age_ythadult_yge15,edu_aggregate_adv,2002,95.7
blr,sex_t,age_ythadult_yge15,edu_aggregate_adv,2003,99.1
blr,sex_t,age_ythadult_yge15,edu_aggregate_adv,2004,40.8
blr,sex_t,age_ythadult_yge15,edu_aggregate_adv,2005,34.1
blr,sex_t,age_ythadult_yge15,edu_aggregate_adv,2006,25.9
blr,sex_t,age_ythadult_yge15,edu_aggregate_adv,2007,22.5
blr,sex_t,age_ythadult_yge15,edu_aggregate_adv,2008,19.1
blr,sex_t,age_ythadult_yge15,edu_aggregate_adv,2009,37.87
blr,sex_t,age_ythadult_yge15,edu_aggregate_adv,2015,12.655
blr,sex_t,age_ythadult_yge15,edu_aggregate_adv,2016,46.368
blr,sex_t,age_ythadult_yge15,edu_aggregate_adv,2017,50.369
blr,sex_t,age_ythadult_yge15,edu_aggregate_adv,2018,45.271
blr,sex_t,age_ythadult_yge15,edu_aggregate_adv,2019,36.089
blr,sex_t,age_ythadult_yge15,edu_aggregate_adv,2020,46.665
blr,sex_t,age_ythadult_yge15,edu_aggregate_adv,2021,38.407
blr,sex_t,age_ythadult_yge15,edu_aggregate_adv,2022,40.994
blr,sex_t,age_ythadult_yge15,edu_aggregate_adv,2023,38.737
blr,sex_t,age_ythadult_yge15,edu_aggregate_adv,2024,36.84
blr,sex_t,age_ythadult_yge15,edu_aggregate_bas,1993,11.3
blr,sex_t,age_ythadult_yge15,edu_aggregate_bas,1994,12
blr,sex_t,age_ythadult_yge15,edu_aggregate_bas,1995,12.6
blr,sex_t,age_ythadult_yge15,edu_aggregate_bas,1996,16.2
blr,sex_t,age_ythadult_yge15,edu_aggregate_bas,1997,10.8
blr,sex_t,age_ythadult_yge15,edu_aggregate_bas,1998,8.5
blr,sex_t,age_ythadult_yge15,edu_aggregate_bas,1999,30.57
blr,sex_t,age_ythadult_yge15,edu_aggregate_bas,2000,7.2
blr,sex_t,age_ythadult_yge15,edu_aggregate_bas,2001,8.1
blr,sex_t,age_ythadult_yge15,edu_aggregate_bas,2002,12.1
blr,sex_t,age_ythadult_yge15,edu_aggregate_bas,2003,12.4
blr,sex_t,age_ythadult_yge15,edu_aggregate_bas,2004,8.5
blr,sex_t,age_ythadult_yge15,edu_aggregate_bas,2005,7
blr,sex_t,age_ythadult_yge15,edu_aggregate_bas,2006,5.3
blr,sex_t,age_ythadult_yge15,edu_aggregate_bas,2007,4.4
blr,sex_t,age_ythadult_yge15,edu_aggregate_bas,2008,3.8
blr,sex_t,age_ythadult_yge15,edu_aggregate_bas,2009,20.51
blr,sex_t,age_ythadult_yge15,edu_aggregate_bas,2015,4.18
blr,sex_t,age_ythadult_yge15,edu_aggregate_bas,2016,9.206
blr,sex_t,age_ythadult_yge15,edu_aggregate_bas,2017,10.201
blr,sex_t,age_ythadult_yge15,edu_aggregate_bas,2018,8.033
blr,sex_t,age_ythadult_yge15,edu_aggregate_bas,2019,6.705
blr,sex_t,age_ythadult_yge15,edu_aggregate_bas,2020,7.996
blr,sex_t,age_ythadult_yge15,edu_aggregate_bas,2021,8.649
blr,sex_t,age_ythadult_yge15,edu_aggregate_bas,2022,7.355
blr,sex_t,age_ythadult_yge15,edu_aggregate_bas,2023,7.462
blr,sex_t,age_ythadult_yge15,edu_aggregate_bas,2024,4.853
blr,sex_t,age_ythadult_yge15,edu_aggregate_int,1993,14.6
blr,sex_t,age_ythadult_yge15,edu_aggregate_int,1994,20.8
blr,sex_t,age_ythadult_yge15,edu_aggregate_int,1995,25.9
blr,sex_t,age_ythadult_yge15,edu_aggregate_int,1996,34.8
blr,sex_t,age_ythadult_yge15,edu_aggregate_int,1997,23.1
blr,sex_t,age_ythadult_yge15,edu_aggregate_int,1998,17.8
blr,sex_t,age_ythadult_yge15,edu_aggregate_int,1999,246.91
blr,sex_t,age_ythadult_yge15,edu_aggregate_int,2000,14
blr,sex_t,age_ythadult_yge15,edu_aggregate_int,2001,15.7
blr,sex_t,age_ythadult_yge15,edu_aggregate_int,2002,22.7
blr,sex_t,age_ythadult_yge15,edu_aggregate_int,2003,24.6
blr,sex_t,age_ythadult_yge15,edu_aggregate_int,2004,33.7
blr,sex_t,age_ythadult_yge15,edu_aggregate_int,2005,26.8
blr,sex_t,age_ythadult_yge15,edu_aggregate_int,2006,20.8
blr,sex_t,age_ythadult_yge15,edu_aggregate_int,2007,17.2
blr,sex_t,age_ythadult_yge15,edu_aggregate_int,2008,14.4
blr,sex_t,age_ythadult_yge15,edu_aggregate_int,2009,224.43
blr,sex_t,age_ythadult_yge15,edu_aggregate_int,2015,26.497
blr,sex_t,age_ythadult_yge15,edu_aggregate_int,2016,246.188
blr,sex_t,age_ythadult_yge15,edu_aggregate_int,2017,232.851
blr,sex_t,age_ythadult_yge15,edu_aggregate_int,2018,191.603
blr,sex_t,age_ythadult_yge15,edu_aggregate_int,2019,170.542
blr,sex_t,age_ythadult_yge15,edu_aggregate_int,2020,151.496
blr,sex_t,age_ythadult_yge15,edu_aggregate_int,2021,149.705
blr,sex_t,age_ythadult_yge15,edu_aggregate_int,2022,131.308
blr,sex_t,age_ythadult_yge15,edu_aggregate_int,2023,125.728
blr,sex_t,age_ythadult_yge15,edu_aggregate_int,2024,108.722
blr,sex_t,age_ythadult_yge15,edu_aggregate_ltb,2009,0.23
blr,sex_t,age_ythadult_yge15,edu_aggregate_total,1993,66.3
blr,sex_t,age_ythadult_yge15,edu_aggregate_total,1994,101.2
blr,sex_t,age_ythadult_yge15,edu_aggregate_total,1995,131
blr,sex_t,age_ythadult_yge15,edu_aggregate_total,1996,182.5
blr,sex_t,age_ythadult_yge15,edu_aggregate_total,1997,126.2
blr,sex_t,age_ythadult_yge15,edu_aggregate_total,1998,105.9
blr,sex_t,age_ythadult_yge15,edu_aggregate_total,1999,310.67
blr,sex_t,age_ythadult_yge15,edu_aggregate_total,2000,95.8
blr,sex_t,age_ythadult_yge15,edu_aggregate_total,2001,102.9
blr,sex_t,age_ythadult_yge15,edu_aggregate_total,2002,130.5
blr,sex_t,age_ythadult_yge15,edu_aggregate_total,2003,136.1
blr,sex_t,age_ythadult_yge15,edu_aggregate_total,2004,83
blr,sex_t,age_ythadult_yge15,edu_aggregate_total,2005,67.9
blr,sex_t,age_ythadult_yge15,edu_aggregate_total,2006,52
blr,sex_t,age_ythadult_yge15,edu_aggregate_total,2007,44.1
blr,sex_t,age_ythadult_yge15,edu_aggregate_total,2008,37.3
blr,sex_t,age_ythadult_yge15,edu_aggregate_total,2009,283.4
blr,sex_t,age_ythadult_yge15,edu_aggregate_total,2015,43.332
blr,sex_t,age_ythadult_yge15,edu_aggregate_total,2016,301.763
blr,sex_t,age_ythadult_yge15,edu_aggregate_total,2017,293.421
blr,sex_t,age_ythadult_yge15,edu_aggregate_total,2018,244.907
blr,sex_t,age_ythadult_yge15,edu_aggregate_total,2019,213.337
blr,sex_t,age_ythadult_yge15,edu_aggregate_total,2020,206.157
blr,sex_t,age_ythadult_yge15,edu_aggregate_total,2021,196.86
blr,sex_t,age_ythadult_yge15,edu_aggregate_total,2022,179.658
blr,sex_t,age_ythadult_yge15,edu_aggregate_total,2023,172.056
blr,sex_t,age_ythadult_yge15,edu_aggregate_total,2024,150.415
blr,sex_t,age_ythadult_yge15,edu_aggregate_x,1999,0.1
blr,sex_t,age_ythadult_yge15,edu_aggregate_x,2009,0.36
blr,sex_t,age_ythadult_yge15,edu_isced97_2,2015,4.18
blr,sex_t,age_ythadult_yge15,edu_isced97_3,2015,12.864
blr,sex_t,age_ythadult_yge15,edu_isced97_4,2015,13.633
blr,sex_t,age_ythadult_yge15,edu_isced97_5,2015,12.655
blr,sex_t,age_ythadult_yge15,edu_isced97_total,2015,43.332
blr,sex_t,age_ythadult_yge25,edu_aggregate_adv,1999,30.12
blr,sex_t,age_ythadult_yge25,edu_aggregate_adv,2009,31.56
blr,sex_t,age_ythadult_yge25,edu_aggregate_adv,2016,40.665
blr,sex_t,age_ythadult_yge25,edu_aggregate_adv,2017,43.855
blr,sex_t,age_ythadult_yge25,edu_aggregate_adv,2018,40.065
blr,sex_t,age_ythadult_yge25,edu_aggregate_adv,2019,29.28
blr,sex_t,age_ythadult_yge25,edu_aggregate_adv,2020,38.632
blr,sex_t,age_ythadult_yge25,edu_aggregate_adv,2021,34.783
blr,sex_t,age_ythadult_yge25,edu_aggregate_adv,2022,35.261
blr,sex_t,age_ythadult_yge25,edu_aggregate_adv,2023,32.482
blr,sex_t,age_ythadult_yge25,edu_aggregate_adv,2024,30.742
blr,sex_t,age_ythadult_yge25,edu_aggregate_bas,1999,16.21
blr,sex_t,age_ythadult_yge25,edu_aggregate_bas,2009,13.03
blr,sex_t,age_ythadult_yge25,edu_aggregate_bas,2016,6.03
blr,sex_t,age_ythadult_yge25,edu_aggregate_bas,2017,8.484
blr,sex_t,age_ythadult_yge25,edu_aggregate_bas,2018,6.09
blr,sex_t,age_ythadult_yge25,edu_aggregate_bas,2019,4.803
blr,sex_t,age_ythadult_yge25,edu_aggregate_bas,2020,4.999
blr,sex_t,age_ythadult_yge25,edu_aggregate_bas,2021,4.659
blr,sex_t,age_ythadult_yge25,edu_aggregate_bas,2022,4.037
blr,sex_t,age_ythadult_yge25,edu_aggregate_bas,2023,3.299
blr,sex_t,age_ythadult_yge25,edu_aggregate_bas,2024,2.052
blr,sex_t,age_ythadult_yge25,edu_aggregate_int,1999,173.66
blr,sex_t,age_ythadult_yge25,edu_aggregate_int,2009,156.16
blr,sex_t,age_ythadult_yge25,edu_aggregate_int,2016,201.178
blr,sex_t,age_ythadult_yge25,edu_aggregate_int,2017,193.718
blr,sex_t,age_ythadult_yge25,edu_aggregate_int,2018,151.456
blr,sex_t,age_ythadult_yge25,edu_aggregate_int,2019,136.253
blr,sex_t,age_ythadult_yge25,edu_aggregate_int,2020,112.855
blr,sex_t,age_ythadult_yge25,edu_aggregate_int,2021,117.086
blr,sex_t,age_ythadult_yge25,edu_aggregate_int,2022,101.069
blr,sex_t,age_ythadult_yge25,edu_aggregate_int,2023,97.649
blr,sex_t,age_ythadult_yge25,edu_aggregate_int,2024,81.118
blr,sex_t,age_ythadult_yge25,edu_aggregate_ltb,2009,0.18
blr,sex_t,age_ythadult_yge25,edu_aggregate_total,1999,220.11
blr,sex_t,age_ythadult_yge25,edu_aggregate_total,2009,201.2
blr,sex_t,age_ythadult_yge25,edu_aggregate_total,2015,37.11
blr,sex_t,age_ythadult_yge25,edu_aggregate_total,2016,247.872
blr,sex_t,age_ythadult_yge25,edu_aggregate_total,2017,246.057
blr,sex_t,age_ythadult_yge25,edu_aggregate_total,2018,197.612
blr,sex_t,age_ythadult_yge25,edu_aggregate_total,2019,170.336
blr,sex_t,age_ythadult_yge25,edu_aggregate_total,2020,156.486
blr,sex_t,age_ythadult_yge25,edu_aggregate_total,2021,156.628
blr,sex_t,age_ythadult_yge25,edu_aggregate_total,2022,140.368
blr,sex_t,age_ythadult_yge25,edu_aggregate_total,2023,133.559
blr,sex_t,age_ythadult_yge25,edu_aggregate_total,2024,113.912
blr,sex_t,age_ythadult_yge25,edu_aggregate_x,1999,0.09
blr,sex_t,age_ythadult_yge25,edu_aggregate_x,2009,0.27
blr,sex_t,age_ythadult_yge25,edu_isced97_total,2015,37.11
